TS,Tamb,Hamb,DirVento,VelVento,NivelAgua,NivelAguaC,radSolar,Ttanque1,Ttanque2,Ttanque3
1785207600,26.47402,86.69566,90,0,233,,1,27.08778,26.41106,22.9948
1785207601,26.44465,86.55375,90,0,233,,1,27.22325,26.41106,23.0962
1785207602,26.37522,86.2974,90,0,233,,1,27.15551,26.34333,22.96113
1785207602,26.41794,86.10208,90,0,233,,1,27.02005,26.41106,22.9948
1785207603,26.33249,85.75876,90,0,233,,1,27.22325,26.41106,23.02867
1785207604,26.30312,85.52071,90,0,234,,1,26.95252,26.41106,23.02867
1785207604,26.50072,85.35134,90,0,233,,1,27.12165,26.37719,22.96113
1785207605,26.40192,85.23994,90,0,234,,1,27.22325,26.41106,23.0962
1785207606,26.36187,85.05379,90,0,233,,1,27.18938,26.47879,22.9948
1785207606,26.4313,84.93782,90,0,233,,1,27.15551,26.34333,23.06253
1785207607,26.38857,84.79286,90,0,233,,1,27.15551,26.37719,22.9948
1785207608,26.44465,84.64179,90,0,233,,1,27.18938,26.47879,22.9948
1785207608,26.31914,84.57771,90,0,233,,1,27.12165,26.37719,23.02867
1785207609,26.41794,84.77913,90,0,233,,1,27.12165,26.41106,22.96113
1785207610,26.40192,84.86,90,0,233,,1,27.18938,26.51246,22.96113
1785207610,26.28977,84.80659,90,0,233,,1,27.18938,26.30946,23.02867
1785207611,26.38857,84.87526,90,0,233,,1,27.05412,26.27559,23.06253
1785207612,26.47402,84.98055,90,0,233,,1,27.08778,26.34333,23.06253
1785207612,26.40192,84.91951,90,0,233,,1,27.05412,26.41106,23.02867
1785207613,26.41794,84.86458,90,0,233,,1,27.02005,26.47879,23.0962
1785207614,26.33249,84.8188,90,0,234,,1,27.08778,26.41106,23.02867
1785207614,26.33249,84.80659,90,0,233,,1,27.12165,26.37719,22.9948
1785207615,26.40192,84.79591,90,0,233,,1,27.12165,26.61406,23.02867
1785207616,26.41794,84.62348,90,0,233,,1,27.05412,26.41106,22.9948
1785207616,26.40192,84.44495,90,0,233,,1,27.18938,26.37719,23.06253
1785207617,26.41794,84.47089,90,0,233,,1,27.25711,26.51246,23.06253
1785207618,26.31914,84.45258,90,0,233,,1,27.18938,26.44473,23.0962
1785207619,26.37522,84.32441,90,0,233,,1,27.15551,26.37719,23.0962
1785207619,26.36187,84.21606,90,0,233,,1,27.22325,26.41106,23.06253
1785207620,26.4313,84.12299,90,0,233,,1,27.12165,26.51246,23.06253
1785207621,26.4313,84.14587,90,0,233,,1,27.15551,26.34333,23.06253
1785207621,26.40192,83.99176,90,0,233,,1,27.15551,26.34333,22.9948
1785207622,26.41794,83.9765,90,0,233,,1,27.08778,26.41106,22.96113
1785207623,26.27642,83.90479,90,0,233,,1,27.18938,26.44473,23.06253
1785207623,26.31914,83.81323,90,0,233,,1,27.12165,26.51246,23.02867
1785207624,26.27642,83.7934,90,0,233,,1,27.12165,26.34333,23.06253
1785207625,26.28977,84.01007,90,0,233,,1,27.22325,26.47879,23.02867
1785207625,26.37522,83.79797,90,0,233,,1,27.12165,26.37719,22.9948
1785207626,26.4313,83.85443,90,0,233,,1,27.08778,26.27559,22.9948
1785207627,26.458,83.77966,90,0,233,,1,27.18938,26.54632,23.02867
1785207627,26.4313,83.7934,90,0,233,,1,27.15551,26.47879,23.02867
1785207628,26.36187,83.68963,90,0,233,,1,27.22325,26.47879,22.9948
1785207629,26.33249,83.69268,90,0,233,,1,27.05412,26.37719,23.02867
1785207629,26.37522,83.72472,90,0,233,,1,27.18938,26.41106,23.02867
1785207630,26.33249,83.84833,90,0,233,,1,27.12165,26.41106,22.9948
1785207631,26.41794,83.77966,90,0,233,,1,27.18938,26.41106,22.9948
1785207631,26.36187,83.68047,90,0,233,,1,27.12165,26.27559,23.02867
1785207632,26.31914,83.69878,90,0,233,,1,27.12165,26.30946,23.06253
1785207633,26.30312,83.67437,90,0,233,,1,27.12165,26.30946,22.9948
1785207633,26.41794,83.74761,90,0,234,,1,27.15551,26.47879,22.9948
1785207634,26.40192,83.68353,90,0,233,,1,27.08778,26.34333,22.96113
1785207635,26.4313,83.7522,90,0,233,,1,27.15551,26.47879,22.9948
1785207635,26.4313,83.65759,90,0,233,,1,27.15551,26.41106,23.06253
1785207636,26.44465,83.69421,90,0,233,,1,27.18938,26.44473,23.02867
1785207637,26.36187,83.68047,90,0,233,,1,27.08778,26.41106,23.06253
1785207638,26.36187,83.58739,90,0,233,,1,27.08778,26.44473,22.96113
1785207638,26.34585,83.6469,90,0,233,,1,27.15551,26.44473,22.9948
1785207639,26.41794,83.68505,90,0,233,,1,27.18938,26.41106,23.06253
1785207640,26.47402,83.55535,90,0,233,,1,27.08778,26.41106,23.02867
1785207640,26.33249,83.64233,90,0,233,,1,27.12165,26.37719,23.06253
1785207641,26.34585,83.57366,90,0,233,,1,27.12165,26.41106,22.9948
1785207642,26.33249,83.60113,90,0,233,,1,27.08778,26.41106,23.02867
1785207642,26.38857,83.5523,90,0,233,,1,27.02005,26.37719,22.9948
1785207643,26.37522,83.66521,90,0,233,,1,27.08778,26.44473,22.96113
1785207644,26.37522,83.65301,90,0,234,,1,27.12165,26.51246,23.06253
1785207644,26.4313,83.72015,90,0,233,,1,27.22325,26.58019,23.02867
1785207645,26.44465,83.67437,90,0,233,,1,27.05412,26.34333,22.9948
1785207646,26.36187,83.70184,90,0,233,,1,27.12165,26.27559,22.9948
1785207646,26.31914,83.68963,90,0,233,,1,27.12165,26.58019,22.9948
1785207647,26.4313,83.69878,90,0,233,,1,27.15551,26.47879,23.0962
1785207648,26.33249,83.68353,90,0,233,,1,27.15551,26.30946,22.9948
1785207648,26.38857,83.6469,90,0,233,,1,27.08778,26.41106,23.02867
1785207649,26.41794,83.72625,90,0,233,,1,27.15551,26.47879,22.92727
1785207650,26.4313,83.63775,90,0,233,,1,27.08778,26.51246,23.02867
1785207650,26.38857,83.67895,90,0,233,,1,27.18938,26.41106,23.06253
1785207651,26.47402,83.84528,90,0,233,,1,27.12165,26.34333,23.02867
1785207652,26.30312,83.78882,90,0,233,,1,27.08778,26.51246,22.9948
1785207653,26.41794,83.6759,90,0,233,,1,27.15551,26.41106,23.02867
1785207653,26.4313,83.7522,90,0,233,,1,27.12165,26.41106,23.02867
1785207654,26.54345,84.01923,90,0,233,,1,27.15551,26.37719,22.96113
1785207655,26.51675,84.26032,90,0,233,,1,27.18938,26.41106,22.96113
1785207655,26.38857,84.42207,90,0,233,,1,27.08778,26.44473,23.06253
1785207656,26.48737,84.63569,90,0,233,,1,27.22325,26.41106,22.9948
1785207657,26.5301,85.01717,90,0,233,,1,27.25711,26.34333,22.8934
1785207657,26.458,85.41085,90,0,233,,1,27.05412,26.34333,22.9948
1785207658,26.41794,85.64889,90,0,233,,1,27.15551,26.41106,22.92727
1785207659,26.458,85.90524,90,0,233,,1,27.18938,26.41106,23.02867
1785207659,26.38857,86.22873,90,0,233,,1,27.12165,26.47879,23.06253
1785207660,26.41794,86.26688,90,0,233,,1,27.02005,26.30946,22.9948
1785207661,26.47402,86.47135,90,0,233,,1,27.22325,26.51246,22.96113
1785207661,26.47402,86.36607,90,0,233,,1,27.22325,26.41106,23.06253
1785207662,26.50072,86.28977,90,0,233,,1,27.15551,26.41106,22.92727
1785207663,26.40192,86.03647,90,0,233,,1,27.25711,26.51246,23.0962
1785207663,26.37522,85.94644,90,0,234,,1,27.02005,26.34333,22.96113
1785207664,26.44465,85.69772,90,0,233,,1,27.18938,26.41106,23.16393
1785207665,26.5301,85.57565,90,0,233,,1,27.08778,26.47879,22.96113
1785207665,26.38857,85.51614,90,0,233,,1,27.08778,26.30946,22.9948
1785207666,26.4313,85.51919,90,0,233,,1,27.22325,26.44473,22.96113
1785207667,26.44465,85.54208,90,0,233,,1,27.22325,26.41106,22.96113
1785207667,26.48737,85.61532,90,0,233,,1,27.02005,26.51246,22.8934
1785207668,26.50072,85.76334,90,0,233,,1,27.18938,26.34333,22.96113
1785207669,26.458,85.92813,90,0,233,,1,27.08778,26.58019,23.02867
1785207669,26.50072,86.12497,90,0,233,,1,27.15551,26.30946,23.02867
1785207670,26.41794,86.38132,90,0,233,,1,27.15551,26.37719,23.02867
1785207671,26.44465,86.60563,90,0,233,,1,27.29098,26.41106,23.06253
1785207672,26.458,86.82536,90,0,233,,1,27.29098,26.37719,23.02867
1785207672,26.58618,86.99779,90,0,233,,1,27.15551,26.41106,22.96113
1785207673,26.41794,87.01152,90,0,233,,1,27.02005,26.44473,22.9948
1785207674,26.41794,87.24651,90,0,233,,1,27.08778,26.34333,23.02867
1785207674,26.38857,87.30145,90,0,233,,1,27.15551,26.30946,22.96113
1785207675,26.458,87.34264,90,0,233,,1,27.25711,26.30946,23.02867
1785207676,26.458,87.36401,90,0,233,,1,27.22325,26.34333,22.9948
1785207676,26.40192,87.31518,90,0,233,,1,27.08778,26.41106,23.06253
1785207677,26.40192,87.19157,90,0,233,,1,27.25711,26.37719,22.92727
1785207678,26.37522,87.24498,90,0,233,,1,27.05412,26.41106,23.06253
1785207678,26.48737,86.97948,90,0,233,,1,27.29098,26.37719,22.96113
1785207679,26.44465,86.86504,90,0,233,,1,27.05412,26.41106,22.9948
1785207680,26.41794,86.51408,90,0,233,,1,27.18938,26.44473,23.02867
1785207680,26.41794,86.52628,90,0,233,,1,27.15551,26.44473,23.02867
1785207681,26.40192,86.45762,90,0,233,,1,27.15551,26.44473,23.02867
1785207682,26.458,86.19669,90,0,233,,1,27.12165,26.37719,23.02867
1785207682,26.47402,86.1387,90,0,233,,1,27.18938,26.41106,23.06253
1785207683,26.48737,85.9678,90,0,233,,1,27.08778,26.44473,23.02867
1785207684,26.458,85.8259,90,0,234,,1,27.15551,26.34333,23.02867
1785207684,26.33249,85.71603,90,0,233,,1,27.15551,26.47879,23.06253
1785207685,26.458,85.68093,90,0,233,,1,27.12165,26.34333,23.02867
1785207686,26.31914,85.51614,90,0,233,,1,27.18938,26.37719,23.02867
1785207686,26.36187,85.66262,90,0,233,,1,27.08778,26.34333,22.9948
1785207687,26.38857,85.58785,90,0,233,,1,27.08778,26.44473,23.13006
1785207688,26.50072,85.54818,90,0,233,,1,27.08778,26.44473,23.06253
1785207689,26.47402,85.56039,90,0,233,,1,27.22325,26.41106,22.96113
1785207689,26.33249,85.57107,90,0,233,,1,27.15551,26.34333,22.9948
1785207690,26.41794,85.60616,90,0,233,,1,27.12165,26.41106,22.96113
1785207691,26.458,85.70229,90,0,233,,1,27.15551,26.34333,23.02867
1785207691,26.47402,85.70687,90,0,233,,1,27.15551,26.41106,23.02867
1785207692,26.4313,85.83963,90,0,233,,1,27.15551,26.44473,22.9948
1785207693,26.458,85.86404,90,0,233,,1,27.18938,26.37719,22.9948
1785207693,26.38857,85.90829,90,0,233,,1,27.15551,26.44473,22.9948
1785207694,26.37522,85.97696,90,0,233,,1,27.18938,26.47879,23.02867
1785207695,26.458,86.26994,90,0,233,,1,27.08778,26.37719,23.02867
1785207695,26.48737,86.3386,90,0,233,,1,27.15551,26.37719,23.0962
1785207696,26.458,86.63157,90,0,233,,1,27.15551,26.47879,23.02867
1785207697,26.37522,86.62699,90,0,233,,1,27.22325,26.37719,22.96113
1785207697,26.458,86.78416,90,0,233,,1,27.12165,26.41106,22.9948
1785207698,26.48737,86.96727,90,0,233,,1,27.15551,26.34333,23.0962
1785207699,26.34585,87.13512,90,0,233,,1,27.08778,26.44473,22.9948
1785207699,26.41794,87.27856,90,0,233,,1,27.08778,26.37719,22.9948
1785207700,26.4313,87.28313,90,0,233,,1,27.05412,26.41106,23.02867
1785207701,26.48737,87.27856,90,0,233,,1,27.18938,26.37719,22.96113
1785207701,26.48737,87.393,90,0,233,,1,27.12165,26.51246,23.02867
1785207702,26.34585,87.22667,90,0,233,,1,27.15551,26.30946,23.02867
1785207703,26.40192,87.11833,90,0,233,,1,27.29098,26.34333,22.96113
1785207704,26.40192,87.13054,90,0,233,,1,27.15551,26.34333,22.9948
1785207704,26.38857,86.89861,90,0,234,,1,27.18938,26.47879,23.02867
1785207705,26.36187,86.8101,90,0,233,,1,27.08778,26.27559,22.9948
1785207706,26.33249,86.73838,90,0,233,,1,27.12165,26.54632,23.0962
1785207706,26.47402,86.67429,90,0,233,,1,27.15551,26.54632,23.02867
1785207707,26.4313,86.41642,90,0,233,,1,27.25711,26.54632,23.06253
1785207708,26.40192,86.43931,90,0,233,,1,27.12165,26.44473,23.02867
1785207708,26.44465,86.37675,90,0,233,,1,27.32484,26.44473,22.96113
1785207709,26.38857,86.03189,90,0,233,,1,27.15551,26.30946,23.02867
1785207710,26.37522,85.84116,90,0,233,,1,27.18938,26.47879,22.9948
1785207710,26.38857,85.77249,90,0,233,,1,27.02005,26.27559,22.96113
1785207711,26.28977,85.39559,90,0,233,,1,27.15551,26.34333,22.92727
1785207712,26.38857,85.24605,90,0,233,,1,27.05412,26.47879,22.9948
1785207712,26.36187,84.97139,90,0,233,,1,27.08778,26.54632,22.96113
1785207713,26.36187,84.84779,90,0,233,,1,27.12165,26.37719,22.92727
1785207714,26.36187,84.60059,90,0,233,,1,27.25711,26.47879,22.96113
1785207714,26.40192,84.48615,90,0,233,,1,27.15551,26.34333,22.9948
1785207715,26.34585,84.56397,90,0,233,,1,27.29098,26.27559,23.06253
1785207716,26.31914,84.29847,90,0,233,,1,27.15551,26.34333,23.02867
1785207716,26.38857,84.40223,90,0,233,,1,27.12165,26.44473,22.96113
1785207717,26.37522,84.33509,90,0,233,,1,27.22325,26.30946,23.02867
1785207718,26.36187,84.36256,90,0,233,,1,27.18938,26.51246,23.0962
1785207718,26.51675,84.41596,90,0,233,,1,27.12165,26.44473,22.8934
1785207719,26.40192,84.33051,90,0,233,,1,27.05412,26.34333,22.9948
1785207720,26.33249,84.3534,90,0,233,,1,27.12165,26.47879,23.06253
1785207720,26.34585,84.1413,90,0,233,,1,27.15551,26.44473,22.9948
1785207721,26.4313,84.16418,90,0,233,,1,27.12165,26.27559,23.0962
1785207722,26.4313,84.22522,90,0,233,,1,27.12165,26.34333,22.9948
1785207723,26.4313,84.20538,90,0,233,,1,27.15551,26.37719,23.02867
1785207723,26.34585,84.15045,90,0,233,,1,27.05412,26.34333,23.06253
1785207724,26.41794,84.15961,90,0,233,,1,27.25711,26.41106,23.02867
1785207725,26.44465,84.16876,90,0,233,,1,27.22325,26.41106,22.96113
1785207725,26.36187,84.07263,90,0,233,,1,27.18938,26.30946,22.96113
1785207726,26.458,84.20233,90,0,233,,1,27.15551,26.37719,23.06253
1785207727,26.458,84.21149,90,0,233,,1,27.08778,26.41106,23.0962
1785207727,26.40192,84.41596,90,0,233,,1,27.12165,26.34333,23.02867
1785207728,26.38857,84.54566,90,0,233,,1,27.15551,26.44473,22.92727
1785207729,26.28977,84.63111,90,0,233,,1,27.12165,26.44473,23.02867
1785207729,26.37522,84.75013,90,0,233,,1,27.12165,26.27559,23.0962
1785207730,26.44465,84.76845,90,0,233,,1,27.15551,26.41106,22.9948
1785207731,26.41794,84.71809,90,0,233,,1,27.18938,26.37719,23.06253
1785207731,26.34585,84.61433,90,0,233,,1,27.12165,26.47879,22.96113
1785207732,26.37522,84.60365,90,0,233,,1,27.12165,26.44473,22.96113
1785207733,26.50072,84.53498,90,0,233,,1,27.05412,26.41106,22.9948
1785207733,26.34585,84.31525,90,0,233,,1,27.22325,26.44473,23.02867
1785207734,26.4313,84.44343,90,0,233,,1,27.12165,26.47879,23.06253
1785207735,26.38857,84.20538,90,0,233,,1,27.22325,26.41106,23.02867
1785207735,26.458,84.31678,90,0,233,,1,27.05412,26.37719,22.96113
1785207736,26.34585,83.9765,90,0,233,,1,27.12165,26.41106,23.02867
1785207737,26.41794,83.99634,90,0,233,,1,27.18938,26.41106,23.06253
1785207737,26.44465,83.88953,90,0,233,,1,27.12165,26.37719,23.02867
1785207738,26.41794,83.8407,90,0,233,,1,27.22325,26.37719,22.9948
1785207739,26.36187,83.79492,90,0,233,,1,27.18938,26.34333,23.06253
1785207739,26.38857,83.67895,90,0,233,,1,27.22325,26.41106,23.06253
1785207740,26.37522,83.78882,90,0,233,,1,27.29098,26.34333,23.13006
1785207741,26.31914,83.69878,90,0,233,,1,27.15551,26.34333,22.9948
1785207742,26.4313,83.65759,90,0,233,,1,27.12165,26.47879,23.0962
1785207742,26.34585,83.68505,90,0,234,,1,27.12165,26.41106,22.9948
1785207743,26.4313,83.88495,90,0,233,,1,27.08778,26.37719,22.9948
1785207744,26.458,83.8407,90,0,233,,1,27.25711,26.47879,22.96113
1785207744,26.36187,83.93988,90,0,233,,1,27.22325,26.44473,22.96113
1785207745,26.37522,84.15961,90,0,233,,1,27.05412,26.37719,23.02867
1785207746,26.4313,84.39307,90,0,233,,1,27.15551,26.30946,22.96113
1785207746,26.51675,84.7364,90,0,233,,1,27.02005,26.37719,23.02867
1785207747,26.4313,85.01106,90,0,233,,1,27.12165,26.34333,22.92727
1785207748,26.33249,85.23079,90,0,233,,1,27.25711,26.47879,22.9948
1785207748,26.38857,85.23537,90,0,233,,1,27.18938,26.41106,22.9948
1785207749,26.40192,85.272,90,0,233,,1,27.18938,26.37719,22.96113
1785207750,26.44465,85.24147,90,0,233,,1,27.22325,26.30946,23.06253
1785207750,26.458,85.33761,90,0,233,,1,27.18938,26.41106,22.96113
1785207751,26.30312,85.24452,90,0,233,,1,27.15551,26.41106,23.0962
1785207752,26.38857,84.97902,90,0,233,,1,27.22325,26.47879,22.9948
1785207752,26.36187,84.87831,90,0,234,,1,27.02005,26.47879,22.9948
1785207753,26.44465,84.8188,90,0,233,,1,27.15551,26.47879,22.8934
1785207754,26.4313,84.7013,90,0,233,,1,27.18938,26.41106,22.96113
1785207754,26.34585,84.50294,90,0,233,,1,27.18938,26.41106,23.0962
1785207755,26.38857,84.40223,90,0,233,,1,27.22325,26.34333,22.9948
1785207756,26.50072,84.22522,90,0,233,,1,27.12165,26.37719,22.92727
1785207756,26.458,84.23285,90,0,233,,1,27.29098,26.44473,23.02867
1785207757,26.27642,84.0177,90,0,233,,1,27.12165,26.47879,23.02867
1785207758,26.36187,83.89868,90,0,233,,1,27.18938,26.37719,23.02867
1785207759,26.458,83.9231,90,0,233,,1,27.12165,26.30946,23.0962
1785207759,26.41794,83.8407,90,0,233,,1,27.22325,26.41106,22.9948
1785207760,26.34585,83.77966,90,0,233,,1,27.08778,26.47879,22.9948
1785207761,26.36187,83.60723,90,0,233,,1,27.18938,26.54632,22.9948
1785207761,26.458,83.66674,90,0,233,,1,27.12165,26.61406,23.02867
1785207762,26.41794,83.52026,90,0,233,,1,27.22325,26.37719,23.02867
1785207763,26.4313,83.48363,90,0,233,,1,27.15551,26.44473,22.9948
1785207763,26.31914,83.47295,90,0,233,,1,27.18938,26.47879,23.02867
1785207764,26.36187,83.39056,90,0,233,,1,27.18938,26.41106,23.0962
1785207765,26.41794,83.43786,90,0,233,,1,27.15551,26.41106,23.02867
1785207765,26.4313,83.39056,90,0,233,,1,27.12165,26.44473,23.02867
1785207766,26.37522,83.28222,90,0,233,,1,27.08778,26.47879,22.9948
1785207767,26.36187,83.299,90,0,233,,1,27.25711,26.34333,22.9948
1785207767,26.36187,83.39056,90,0,233,,1,27.12165,26.47879,23.13006
1785207768,26.38857,83.30511,90,0,233,,1,27.15551,26.27559,22.96113
1785207769,26.40192,83.26849,90,0,233,,1,27.15551,26.51246,23.06253
1785207769,26.37522,83.23033,90,0,233,,1,27.18938,26.41106,23.06253
1785207770,26.38857,83.15251,90,0,233,,1,27.12165,26.37719,22.9948
1785207771,26.47402,83.31884,90,0,233,,1,27.15551,26.27559,22.9948
1785207771,26.41794,83.27306,90,0,233,,1,27.08778,26.44473,23.06253
1785207772,26.38857,83.17235,90,0,233,,1,27.15551,26.44473,22.96113
1785207773,26.44465,83.19829,90,0,233,,1,27.15551,26.37719,23.0962
1785207773,26.4313,83.23491,90,0,233,,1,27.18938,26.51246,23.02867
1785207774,26.4313,83.31731,90,0,233,,1,27.15551,26.37719,23.06253
1785207775,26.4313,83.328,90,0,233,,1,27.12165,26.44473,22.8934
1785207776,26.40192,83.31884,90,0,233,,1,27.12165,26.44473,22.9948
1785207776,26.40192,83.51568,90,0,233,,1,27.18938,26.41106,23.0962
1785207777,26.34585,83.6759,90,0,233,,1,27.22325,26.30946,23.02867
1785207778,26.50072,83.97803,90,0,233,,1,27.12165,26.41106,22.92727
1785207778,26.4313,84.12299,90,0,233,,1,27.15551,26.58019,22.9948
1785207779,26.44465,84.1886,90,0,233,,1,27.18938,26.47879,23.06253
1785207780,26.40192,84.54871,90,0,233,,1,27.08778,26.47879,23.02867
1785207780,26.4313,84.7425,90,0,233,,1,27.12165,26.47879,23.02867
1785207781,26.51675,84.9424,90,0,233,,1,27.05412,26.47879,22.9948
1785207782,26.40192,85.04463,90,0,233,,1,27.12165,26.47879,22.9948
1785207782,26.41794,85.07057,90,0,234,,1,27.15551,26.41106,22.96113
1785207783,26.37522,85.26437,90,0,233,,1,27.18938,26.37719,23.0962
1785207784,26.37522,85.18196,90,0,233,,1,27.15551,26.44473,23.02867
1785207784,26.4313,85.17738,90,0,233,,1,27.22325,26.30946,22.96113
1785207785,26.40192,84.9836,90,0,233,,1,27.08778,26.47879,22.9948
1785207786,26.41794,84.85237,90,0,233,,1,27.22325,26.47879,23.02867
1785207786,26.4313,84.7013,90,0,233,,1,27.18938,26.47879,23.02867
1785207787,26.4313,84.6601,90,0,233,,1,27.22325,26.37719,23.02867
1785207788,26.38857,84.45258,90,0,233,,1,27.08778,26.41106,22.96113
1785207788,26.36187,84.28931,90,0,233,,1,27.18938,26.41106,23.02867
1785207789,26.41794,84.19165,90,0,233,,1,27.12165,26.54632,23.06253
1785207790,26.37522,83.96429,90,0,233,,1,27.02005,26.44473,22.92727
1785207790,26.44465,83.90936,90,0,233,,1,27.15551,26.41106,23.02867
1785207791,26.36187,83.79492,90,0,233,,1,27.18938,26.37719,22.92727
1785207792,26.4313,83.73083,90,0,233,,1,27.22325,26.51246,22.9948
1785207793,26.40192,83.61028,90,0,234,,1,27.29098,26.30946,22.9948
1785207793,26.41794,83.58282,90,0,233,,1,27.12165,26.34333,22.9948
1785207794,26.48737,83.55993,90,0,233,,1,27.25711,26.37719,22.92727
1785207795,26.37522,83.52941,90,0,233,,1,27.15551,26.27559,23.06253
1785207795,26.38857,83.46075,90,0,233,,1,27.18938,26.34333,23.02867
1785207796,26.41794,83.47906,90,0,233,,1,27.22325,26.41106,22.96113
1785207797,26.38857,83.51415,90,0,233,,1,27.08778,26.37719,23.02867
1785207797,26.38857,83.47295,90,0,233,,1,27.08778,26.24193,23.0962
1785207798,26.40192,83.39208,90,0,233,,1,27.12165,26.44473,23.02867
1785207799,26.48737,83.48821,90,0,233,,1,27.08778,26.34333,22.96113
1785207799,26.36187,83.53399,90,0,233,,1,27.12165,26.37719,22.9948
1785207800,26.458,83.42718,90,0,233,,1,27.15551,26.37719,23.06253
1785207801,26.40192,83.50652,90,0,233,,1,27.08778,26.37719,23.06253
1785207801,26.4313,83.47295,90,0,233,,1,27.18938,26.41106,22.92727
1785207802,26.38857,83.60571,90,0,233,,1,27.05412,26.41106,23.0962
1785207803,26.4313,83.54314,90,0,233,,1,27.05412,26.44473,23.06253
1785207803,26.34585,83.49126,90,0,233,,1,27.15551,26.44473,23.02867
1785207804,26.44465,83.57824,90,0,233,,1,27.15551,26.47879,22.9948
1785207805,26.33249,83.57977,90,0,233,,1,27.05412,26.44473,23.06253
1785207805,26.37522,83.55077,90,0,233,,1,27.15551,26.44473,23.0962
1785207806,26.36187,83.45464,90,0,233,,1,27.15551,26.51246,23.06253
1785207807,26.36187,83.60723,90,0,233,,1,27.15551,26.44473,22.96113
1785207807,26.44465,83.54772,90,0,233,,1,27.12165,26.44473,22.9948
1785207808,26.40192,83.53704,90,0,233,,1,27.08778,26.54632,23.06253
1785207809,26.36187,83.71099,90,0,233,,1,27.15551,26.24193,22.96113
1785207809,26.38857,83.73998,90,0,233,,1,27.18938,26.44473,23.02867
1785207810,26.51675,83.95972,90,0,233,,1,27.12165,26.30946,23.16393
1785207811,26.36187,83.98108,90,0,233,,1,27.05412,26.34333,22.9948
1785207812,26.41794,84.03601,90,0,233,,1,27.15551,26.30946,23.06253
1785207812,26.41794,84.11993,90,0,234,,1,27.25711,26.37719,23.06253
1785207813,26.44465,84.271,90,0,233,,1,27.15551,26.30946,22.9948
1785207814,26.37522,84.52125,90,0,233,,1,27.18938,26.34333,22.92727
1785207814,26.47402,84.58991,90,0,233,,1,27.12165,26.47879,22.96113
1785207815,26.48737,84.69672,90,0,233,,1,27.18938,26.51246,23.06253
1785207816,26.47402,84.97139,90,0,233,,1,27.15551,26.47879,23.02867
1785207816,26.50072,85.2079,90,0,233,,1,27.15551,26.47879,22.92727
1785207817,26.48737,85.14076,90,0,233,,1,27.15551,26.44473,22.9948
1785207818,26.458,85.30862,90,0,233,,1,27.15551,26.30946,23.0962
1785207818,26.44465,85.13924,90,0,233,,1,27.18938,26.37719,23.02867
1785207819,26.4313,85.38338,90,0,233,,1,27.08778,26.44473,22.96113
1785207820,26.50072,85.22774,90,0,233,,1,27.08778,26.44473,23.06253
1785207820,26.41794,85.15297,90,0,233,,1,27.12165,26.37719,23.02867
1785207821,26.38857,84.91646,90,0,233,,1,27.12165,26.37719,22.9948
1785207822,26.4313,84.9073,90,0,233,,1,27.18938,26.41106,23.02867
1785207822,26.48737,84.72724,90,0,233,,1,27.25711,26.34333,23.02867
1785207823,26.48737,84.69672,90,0,233,,1,27.22325,26.34333,22.96113
1785207824,26.47402,84.69215,90,0,234,,1,27.12165,26.58019,22.9948
1785207824,26.33249,84.67384,90,0,233,,1,27.15551,26.34333,22.9948
1785207825,26.44465,84.68299,90,0,233,,1,27.18938,26.41106,23.06253
1785207826,26.40192,84.67231,90,0,233,,1,27.22325,26.24193,23.06253
1785207826,26.44465,84.71503,90,0,233,,1,27.15551,26.41106,23.0962
1785207827,26.458,84.77303,90,0,233,,1,27.22325,26.30946,22.9948
1785207828,26.41794,84.81117,90,0,233,,1,27.15551,26.37719,22.9948
1785207829,26.4313,84.89815,90,0,233,,1,27.08778,26.37719,23.02867
1785207829,26.4313,84.9897,90,0,233,,1,27.05412,26.37719,23.02867
1785207830,26.40192,84.95155,90,0,233,,1,27.05412,26.44473,22.9948
1785207831,26.41794,85.08888,90,0,233,,1,27.18938,26.47879,23.02867
1785207831,26.458,85.16365,90,0,233,,1,27.12165,26.30946,22.9948
1785207832,26.4313,85.13466,90,0,233,,1,27.08778,26.44473,22.9948
1785207833,26.51675,85.30404,90,0,233,,1,27.22325,26.37719,23.02867
1785207833,26.40192,85.10719,90,0,233,,1,27.08778,26.41106,22.9948
1785207834,26.51675,85.26284,90,0,233,,1,27.12165,26.37719,22.9948
1785207835,26.47402,85.21858,90,0,233,,1,27.15551,26.34333,22.9948
1785207835,26.458,85.31777,90,0,233,,1,27.25711,26.34333,23.02867
1785207836,26.38857,85.30862,90,0,233,,1,27.08778,26.34333,22.9948
1785207837,26.4313,85.2781,90,0,233,,1,27.12165,26.37719,23.06253
1785207837,26.47402,85.35439,90,0,233,,1,27.15551,26.34333,22.8934
1785207838,26.458,85.40017,90,0,233,,1,27.22325,26.51246,23.0962
1785207839,26.44465,85.39559,90,0,233,,1,27.18938,26.27559,22.92727
1785207839,26.36187,85.60159,90,0,233,,1,27.18938,26.41106,23.02867
1785207840,26.458,85.78165,90,0,233,,1,27.12165,26.41106,23.13006
1785207841,26.41794,85.99985,90,0,233,,1,27.15551,26.30946,23.06253
1785207841,26.51675,86.06851,90,0,233,,1,27.22325,26.44473,22.9948
1785207842,26.41794,86.0914,90,0,233,,1,27.15551,26.30946,23.06253
1785207843,26.47402,86.25163,90,0,233,,1,27.15551,26.51246,23.13006
1785207843,26.38857,86.13718,90,0,234,,1,27.18938,26.44473,23.0962
1785207844,26.37522,86.18295,90,0,233,,1,27.08778,26.51246,23.02867
1785207845,26.47402,86.1387,90,0,233,,1,27.22325,26.47879,22.9948
1785207846,26.41794,86.07004,90,0,233,,1,27.18938,26.44473,22.96113
1785207846,26.458,85.89609,90,0,233,,1,27.18938,26.41106,22.9948
1785207847,26.4313,85.88998,90,0,233,,1,27.15551,26.30946,23.02867
1785207848,26.41794,86.009,90,0,233,,1,27.08778,26.37719,22.96113
1785207848,26.37522,85.79996,90,0,233,,1,27.15551,26.37719,23.06253
1785207849,26.44465,85.85336,90,0,233,,1,27.08778,26.34333,23.06253
1785207850,26.40192,85.77707,90,0,233,,1,27.25711,26.41106,22.9948
1785207850,26.47402,85.92203,90,0,233,,1,27.15551,26.44473,23.06253
1785207851,26.50072,85.91898,90,0,233,,1,26.98638,26.41106,23.02867
1785207852,26.47402,86.0563,90,0,233,,1,27.15551,26.47879,22.92727
1785207852,26.38857,86.08377,90,0,233,,1,27.18938,26.34333,23.02867
1785207853,26.4313,86.08377,90,0,233,,1,27.08778,26.37719,23.02867
1785207854,26.38857,86.10513,90,0,233,,1,27.18938,26.47879,23.02867
1785207854,26.31914,86.01053,90,0,233,,1,27.12165,26.47879,23.13006
1785207855,26.47402,85.97391,90,0,233,,1,27.18938,26.37719,23.23146
1785207856,26.4313,85.87778,90,0,233,,1,27.05412,26.34333,22.9948
1785207856,26.458,85.69009,90,0,233,,1,27.18938,26.37719,22.9948
1785207857,26.44465,85.58327,90,0,233,,1,27.22325,26.44473,22.9948
1785207858,26.34585,85.4612,90,0,233,,1,27.12165,26.44473,23.0962
1785207858,26.4313,85.51919,90,0,233,,1,27.12165,26.51246,22.96113
1785207859,26.37522,85.37728,90,0,233,,1,27.08778,26.37719,22.9948
1785207860,26.47402,85.25979,90,0,233,,1,27.18938,26.37719,22.9948
1785207860,26.47402,85.04463,90,0,233,,1,27.15551,26.30946,23.0962
1785207861,26.36187,84.98055,90,0,233,,1,27.05412,26.27559,22.9948
1785207862,26.36187,84.78371,90,0,233,,1,27.08778,26.41106,22.9948
1785207863,26.40192,84.67231,90,0,233,,1,27.25711,26.47879,22.9948
1785207863,26.4313,84.60975,90,0,233,,1,27.15551,26.44473,22.96113
1785207864,26.44465,84.62348,90,0,233,,1,27.08778,26.54632,22.9948
1785207865,26.41794,84.65553,90,0,233,,1,27.22325,26.47879,22.96113
1785207865,26.458,84.72877,90,0,233,,1,27.05412,26.37719,23.02867
1785207866,26.37522,84.84169,90,0,233,,1,27.12165,26.37719,22.9948
1785207867,26.37522,84.87068,90,0,233,,1,27.12165,26.41106,23.02867
1785207867,26.37522,84.97444,90,0,233,,1,27.12165,26.51246,22.96113
1785207868,26.33249,85.08583,90,0,233,,1,27.12165,26.41106,22.9948
1785207869,26.48737,85.16212,90,0,233,,1,27.12165,26.30946,23.13006
1785207869,26.4313,85.18654,90,0,233,,1,27.22325,26.41106,23.02867
1785207870,26.458,85.26742,90,0,233,,1,27.05412,26.44473,22.96113
1785207871,26.37522,85.23232,90,0,233,,1,27.12165,26.34333,23.0962
1785207871,26.40192,85.43679,90,0,233,,1,27.18938,26.37719,22.96113
1785207872,26.34585,85.30862,90,0,233,,1,27.18938,26.37719,23.0962
1785207873,26.41794,85.42916,90,0,233,,1,27.18938,26.44473,22.92727
1785207873,26.48737,85.5024,90,0,234,,1,27.08778,26.27559,22.9948
1785207874,26.41794,85.57565,90,0,233,,1,27.05412,26.41106,23.06253
1785207875,26.37522,85.64736,90,0,233,,1,26.95252,26.41106,22.96113
1785207875,26.38857,85.72213,90,0,233,,1,27.12165,26.37719,22.9948
1785207876,26.41794,85.63821,90,0,233,,1,27.15551,26.37719,23.06253
1785207877,26.48737,85.73891,90,0,233,,1,27.08778,26.54632,22.96113
1785207877,26.458,85.83505,90,0,233,,1,27.22325,26.41106,23.06253
1785207878,26.34585,85.81369,90,0,233,,1,27.08778,26.41106,23.0962
1785207879,26.4313,85.78622,90,0,233,,1,27.12165,26.44473,22.9948
1785207879,26.4313,85.83963,90,0,233,,1,27.05412,26.41106,23.06253
1785207880,26.4313,85.73434,90,0,233,,1,27.15551,26.41106,23.06253
1785207881,26.4313,85.83963,90,0,233,,1,27.15551,26.47879,22.9948
1785207882,26.33249,85.71603,90,0,233,,1,27.12165,26.34333,22.96113
1785207882,26.31914,85.70229,90,0,233,,1,27.18938,26.37719,22.92727
1785207883,26.34585,85.64889,90,0,233,,1,27.18938,26.37719,22.9948
1785207884,26.37522,85.832,90,0,234,,1,27.15551,26.44473,23.0962
1785207884,26.38857,85.70229,90,0,233,,1,27.25711,26.34333,23.0962
1785207885,26.28977,85.66262,90,0,233,,1,27.08778,26.1742,23.06253
1785207886,26.458,85.73129,90,0,233,,1,27.15551,26.37719,22.96113
1785207886,26.41794,85.81369,90,0,233,,1,27.12165,26.41106,22.9948
1785207887,26.41794,85.80301,90,0,233,,1,27.22325,26.34333,22.9948
1785207888,26.41794,85.93729,90,0,233,,1,27.15551,26.44473,23.02867
1785207888,26.458,86.09293,90,0,233,,1,27.08778,26.41106,22.9948
1785207889,26.41794,86.1738,90,0,233,,1,27.08778,26.51246,22.96113
1785207890,26.41794,86.08224,90,0,233,,1,26.98638,26.41106,23.06253
1785207890,26.47402,86.2211,90,0,233,,1,27.18938,26.34333,22.9948
1785207891,26.41794,86.28825,90,0,233,,1,27.05412,26.34333,23.06253
1785207892,26.4313,86.41642,90,0,233,,1,27.22325,26.34333,22.96113
1785207892,26.44465,86.52171,90,0,233,,1,27.15551,26.34333,23.06253
1785207893,26.48737,86.57664,90,0,233,,1,27.22325,26.30946,22.9948
1785207894,26.40192,86.53086,90,0,233,,1,27.15551,26.41106,22.85974
1785207894,26.44465,86.61784,90,0,233,,1,27.12165,26.27559,22.9948
1785207895,26.28977,86.4683,90,0,233,,1,27.08778,26.41106,23.06253
1785207896,26.4313,86.43626,90,0,233,,1,27.15551,26.44473,23.06253
1785207896,26.458,86.53696,90,0,233,,1,27.22325,26.44473,22.8934
1785207897,26.41794,86.30808,90,0,233,,1,27.15551,26.34333,23.06253
1785207898,26.40192,86.3859,90,0,233,,1,27.18938,26.47879,23.06253
1785207899,26.4313,86.28062,90,0,233,,1,27.15551,26.41106,22.96113
1785207899,26.40192,86.20126,90,0,233,,1,27.18938,26.44473,22.96113
1785207900,26.4313,86.31266,90,0,233,,1,27.15551,26.41106,22.9948
1785207901,26.44465,86.27604,90,0,233,,1,27.18938,26.27559,23.0962
1785207901,26.44465,86.37675,90,0,233,,1,27.18938,26.37719,22.92727
1785207902,26.38857,86.24857,90,0,233,,1,27.12165,26.37719,23.02867
1785207903,26.44465,86.26536,90,0,233,,1,27.18938,26.34333,22.9948
1785207903,26.41794,86.18448,90,0,233,,1,27.05412,26.34333,23.06253
1785207904,26.38857,86.08377,90,0,233,,1,27.12165,26.37719,22.9948
1785207905,26.37522,85.9678,90,0,233,,1,27.15551,26.41106,23.06253
1785207905,26.31914,85.88693,90,0,233,,1,27.22325,26.37719,23.02867
1785207906,26.458,85.86404,90,0,233,,1,27.15551,26.41106,23.06253
1785207907,26.37522,85.59396,90,0,233,,1,27.12165,26.47879,23.06253
1785207907,26.36187,85.62142,90,0,233,,1,27.12165,26.51246,23.06253
1785207908,26.458,85.39101,90,0,233,,1,27.08778,26.47879,22.96113
1785207909,26.27642,85.18501,90,0,233,,1,27.15551,26.37719,22.9948
1785207909,26.4313,85.21858,90,0,233,,1,27.15551,26.34333,22.96113
1785207910,26.28977,84.93935,90,0,233,,1,27.12165,26.44473,22.96113
1785207911,26.33249,84.9424,90,0,233,,1,27.15551,26.34333,22.92727
1785207911,26.36187,84.84779,90,0,233,,1,27.15551,26.44473,23.16393
1785207912,26.34585,84.68757,90,0,233,,1,27.08778,26.34333,22.9948
1785207913,26.40192,84.72419,90,0,233,,1,27.12165,26.44473,23.06253
1785207914,26.4313,84.44343,90,0,233,,1,27.18938,26.34333,23.02867
1785207914,26.37522,84.4297,90,0,233,,1,27.08778,26.44473,23.02867
1785207915,26.44465,84.41596,90,0,233,,1,27.22325,26.34333,22.9948
1785207916,26.36187,84.28016,90,0,233,,1,27.12165,26.34333,22.9948
1785207916,26.33249,84.242,90,0,233,,1,27.15551,26.41106,22.96113
1785207917,26.30312,84.17944,90,0,233,,1,27.15551,26.47879,23.0962
1785207918,26.36187,84.20691,90,0,233,,1,27.12165,26.27559,23.06253
1785207918,26.31914,84.03143,90,0,233,,1,27.08778,26.44473,22.96113
1785207919,26.33249,84.05432,90,0,233,,1,27.08778,26.41106,22.96113
1785207920,26.47402,84.09247,90,0,233,,1,27.12165,26.37719,22.96113
1785207920,26.41794,84.04669,90,0,233,,1,27.22325,26.37719,22.9948
1785207921,26.40192,84.01007,90,0,233,,1,27.12165,26.27559,23.0962
1785207922,26.48737,83.99481,90,0,233,,1,27.15551,26.37719,23.06253
1785207922,26.41794,83.93225,90,0,234,,1,27.15551,26.41106,22.96113
1785207923,26.31914,83.90784,90,0,233,,1,27.15551,26.44473,22.96113
1785207924,26.40192,83.95056,90,0,233,,1,27.08778,26.37719,23.0962
1785207924,26.37522,83.92157,90,0,233,,1,27.12165,26.44473,22.9948
1785207925,26.34585,83.85291,90,0,233,,1,27.29098,26.30946,23.02867
1785207926,26.37522,83.94446,90,0,233,,1,27.18938,26.34333,22.96113
1785207926,26.41794,83.82086,90,0,233,,1,27.18938,26.44473,22.96113
1785207927,26.38857,83.83459,90,0,233,,1,27.15551,26.37719,22.9948
1785207928,26.38857,83.80255,90,0,233,,1,27.08778,26.51246,22.9948
1785207928,26.36187,83.92767,90,0,233,,1,27.08778,26.41106,23.02867
1785207929,26.30312,83.78882,90,0,233,,1,27.05412,26.41106,22.96113
1785207930,26.41794,83.70641,90,0,233,,1,27.08778,26.44473,22.96113
1785207930,26.33249,83.68353,90,0,233,,1,27.05412,26.34333,22.9948
1785207931,26.31914,83.66674,90,0,233,,1,27.15551,26.34333,22.9948
1785207932,26.33249,83.68353,90,0,233,,1,27.08778,26.37719,22.96113
1785207933,26.36187,83.74303,90,0,234,,1,27.22325,26.47879,22.92727
1785207933,26.4313,83.90479,90,0,233,,1,27.12165,26.51246,23.02867
1785207934,26.40192,83.63927,90,0,233,,1,27.15551,26.51246,23.06253
1785207935,26.30312,83.61486,90,0,233,,1,27.05412,26.44473,23.0962
1785207935,26.40192,83.74303,90,0,233,,1,27.12165,26.44473,22.96113
1785207936,26.40192,83.68353,90,0,233,,1,27.12165,26.47879,23.0962
1785207937,26.37522,83.67437,90,0,233,,1,27.29098,26.37719,22.92727
1785207937,26.40192,83.68353,90,0,233,,1,27.12165,26.37719,22.9948
1785207938,26.33249,83.72472,90,0,233,,1,27.08778,26.47879,22.96113
1785207939,26.34585,83.74914,90,0,233,,1,27.12165,26.37719,23.02867
1785207939,26.33249,83.63317,90,0,233,,1,27.12165,26.44473,22.9948
1785207940,26.34585,83.72625,90,0,233,,1,27.22325,26.37719,22.92727
1785207941,26.44465,83.73388,90,0,233,,1,27.15551,26.34333,23.06253
1785207941,26.26307,83.65301,90,0,233,,1,27.15551,26.44473,23.02867
1785207942,26.31914,83.72015,90,0,233,,1,27.05412,26.34333,22.9948
1785207943,26.4313,83.78119,90,0,233,,1,27.12165,26.37719,22.92727
1785207943,26.4313,83.77203,90,0,233,,1,27.12165,26.34333,23.02867
1785207944,26.36187,83.73083,90,0,233,,1,27.12165,26.34333,22.96113
1785207945,26.38857,83.80255,90,0,233,,1,27.18938,26.47879,23.0962
1785207945,26.41794,83.68505,90,0,233,,1,27.25711,26.41106,23.02867
1785207946,26.38857,83.83459,90,0,233,,1,27.08778,26.51246,22.92727
1785207947,26.33249,83.72472,90,0,233,,1,27.08778,26.37719,23.06253
1785207947,26.31914,83.80408,90,0,233,,1,27.18938,26.41106,23.02867
1785207948,26.40192,83.82697,90,0,233,,1,27.12165,26.34333,22.9948
1785207949,26.40192,83.75372,90,0,233,,1,27.12165,26.47879,23.02867
1785207949,26.37522,83.75677,90,0,233,,1,27.12165,26.30946,22.96113
1785207950,26.38857,83.79034,90,0,233,,1,27.18938,26.41106,23.0962
1785207951,26.37522,83.79797,90,0,233,,1,27.18938,26.41106,23.06253
1785207952,26.37522,83.97345,90,0,233,,1,27.15551,26.44473,22.96113
1785207952,26.41794,84.02686,90,0,234,,1,27.15551,26.54632,23.06253
1785207953,26.41794,84.03601,90,0,233,,1,27.15551,26.34333,23.0962
1785207954,26.54345,84.19318,90,0,233,,1,27.15551,26.47879,22.96113
1785207954,26.41794,84.22369,90,0,233,,1,27.05412,26.34333,23.02867
1785207955,26.44465,84.46784,90,0,233,,1,27.22325,26.47879,23.06253
1785207956,26.40192,84.42512,90,0,233,,1,27.05412,26.41106,22.96113
1785207956,26.4313,84.57771,90,0,233,,1,27.08778,26.41106,23.02867
1785207957,26.38857,84.64637,90,0,233,,1,27.12165,26.37719,22.96113
1785207958,26.37522,84.86153,90,0,233,,1,27.22325,26.44473,23.02867
1785207958,26.34585,85.04005,90,0,233,,1,27.15551,26.37719,22.96113
1785207959,26.47402,85.25979,90,0,233,,1,27.18938,26.37719,23.02867
1785207960,26.40192,85.37423,90,0,233,,1,27.15551,26.41106,22.92727
1785207960,26.41794,85.48257,90,0,233,,1,27.15551,26.30946,22.9948
1785207961,26.37522,85.59396,90,0,233,,1,27.05412,26.27559,23.02867
1785207962,26.458,85.77249,90,0,233,,1,27.25711,26.41106,22.9948
1785207962,26.38857,85.85489,90,0,233,,1,27.12165,26.51246,23.0962
1785207963,26.44465,85.90372,90,0,233,,1,27.15551,26.34333,23.02867
1785207964,26.50072,86.14633,90,0,233,,1,27.15551,26.30946,22.96113
1785207964,26.47402,86.20126,90,0,233,,1,27.12165,26.41106,22.92727
1785207965,26.458,86.15549,90,0,233,,1,27.18938,26.44473,22.9948
1785207966,26.38857,86.04257,90,0,233,,1,27.15551,26.41106,23.02867
1785207966,26.34585,86.06088,90,0,233,,1,27.15551,26.37719,23.02867
1785207967,26.40192,86.10971,90,0,233,,1,27.05412,26.37719,22.8934
1785207968,26.4313,85.73434,90,0,233,,1,27.05412,26.44473,22.9948
1785207969,26.36187,85.63363,90,0,233,,1,27.15551,26.34333,22.96113
1785207969,26.37522,85.42916,90,0,233,,1,27.18938,26.34333,22.96113
1785207970,26.41794,85.28573,90,0,233,,1,27.12165,26.41106,23.02867
1785207971,26.51675,85.26284,90,0,233,,1,27.18938,26.24193,23.02867
1785207971,26.38857,84.99886,90,0,233,,1,27.15551,26.41106,22.92727
1785207972,26.31914,84.85695,90,0,233,,1,27.08778,26.37719,23.02867
1785207973,26.41794,84.69672,90,0,233,,1,27.08778,26.30946,22.96113
1785207973,26.40192,84.48615,90,0,233,,1,27.15551,26.41106,23.02867
1785207974,26.4313,84.46632,90,0,233,,1,27.15551,26.34333,22.9948
1785207975,26.38857,84.23438,90,0,233,,1,27.15551,26.51246,22.96113
1785207975,26.36187,84.33051,90,0,233,,1,27.08778,26.34333,22.9948
1785207976,26.36187,84.22827,90,0,233,,1,27.15551,26.37719,22.96113
1785207977,26.34585,84.19165,90,0,233,,1,27.22325,26.27559,22.9948
1785207977,26.40192,84.20691,90,0,233,,1,27.18938,26.34333,22.96113
1785207978,26.30312,84.27406,90,0,233,,1,27.22325,26.37719,23.0962
1785207979,26.41794,84.36713,90,0,233,,1,27.18938,26.34333,23.06253
1785207979,26.34585,84.27558,90,0,233,,1,27.25711,26.34333,22.96113
1785207980,26.37522,84.41749,90,0,233,,1,27.05412,26.44473,22.92727
1785207981,26.33249,84.42664,90,0,233,,1,27.05412,26.37719,22.9948
1785207981,26.44465,84.62348,90,0,233,,1,27.18938,26.30946,23.02867
1785207982,26.50072,84.81422,90,0,234,,1,27.18938,26.58019,22.92727
1785207983,26.458,84.87373,90,0,233,,1,27.15551,26.41106,22.9948
1785207983,26.36187,85.04463,90,0,233,,1,27.22325,26.41106,22.9948
1785207984,26.4313,85.30099,90,0,233,,1,27.15551,26.47879,22.96113
1785207985,26.37522,85.32693,90,0,233,,1,27.15551,26.34333,23.02867
1785207986,26.34585,85.5436,90,0,233,,1,27.18938,26.41106,22.9948
1785207986,26.40192,85.70382,90,0,233,,1,27.15551,26.30946,23.06253
1785207987,26.48737,85.94644,90,0,233,,1,27.15551,26.34333,23.02867
1785207988,26.458,86.06088,90,0,233,,1,27.15551,26.41106,23.06253
1785207988,26.458,86.01053,90,0,233,,1,27.22325,26.37719,22.9948
1785207989,26.458,86.13412,90,0,233,,1,27.18938,26.41106,22.9948
1785207990,26.44465,86.10971,90,0,233,,1,27.25711,26.37719,23.06253
1785207990,26.40192,85.99527,90,0,233,,1,27.12165,26.41106,22.8934
1785207991,26.41794,85.95865,90,0,233,,1,27.15551,26.41106,22.9948
1785207992,26.458,85.86404,90,0,233,,1,27.18938,26.44473,23.0962
1785207992,26.4313,85.76639,90,0,234,,1,27.08778,26.44473,23.1978
1785207993,26.37522,85.70687,90,0,233,,1,27.18938,26.34333,22.96113
1785207994,26.38857,85.59853,90,0,233,,1,27.22325,26.41106,22.9948
1785207994,26.40192,85.47799,90,0,233,,1,27.22325,26.44473,23.02867
1785207995,26.458,85.39101,90,0,233,,1,27.12165,26.41106,23.1978
1785207996,26.40192,85.29183,90,0,233,,1,27.08778,26.30946,23.06253
1785207996,26.48737,85.06752,90,0,233,,1,27.22325,26.37719,23.06253
1785207997,26.47402,85.02174,90,0,233,,1,27.12165,26.47879,22.9948
1785207998,26.36187,84.76387,90,0,233,,1,27.18938,26.37719,22.96113
1785207998,26.31914,84.74097,90,0,233,,1,27.15551,26.44473,22.9948
1785207999,26.4313,84.53651,90,0,233,,1,27.15551,26.34333,22.9948
1785208000,26.31914,84.62806,90,0,233,,1,27.12165,26.44473,22.96113
1785208000,26.47402,84.42512,90,0,233,,1,27.15551,26.34333,23.0962
1785208001,26.44465,84.45869,90,0,233,,1,27.12165,26.41106,22.9948
1785208002,26.4313,84.38087,90,0,233,,1,27.15551,26.44473,22.9948
1785208003,26.47402,84.26032,90,0,233,,1,27.15551,26.37719,23.02867
1785208003,26.41794,84.2649,90,0,233,,1,27.15551,26.34333,23.02867
1785208004,26.41794,84.19165,90,0,233,,1,27.15551,26.47879,23.02867
1785208005,26.33249,83.99176,90,0,233,,1,27.12165,26.51246,22.96113
1785208005,26.33249,83.99176,90,0,233,,1,27.12165,26.34333,22.9948
1785208006,26.41794,83.89105,90,0,233,,1,27.18938,26.41106,23.06253
1785208007,26.37522,83.84833,90,0,233,,1,27.12165,26.37719,23.06253
1785208007,26.34585,84.03754,90,0,233,,1,27.08778,26.27559,23.02867
1785208008,26.37522,83.7354,90,0,233,,1,27.15551,26.41106,23.02867
1785208009,26.4313,83.73998,90,0,233,,1,27.22325,26.37719,23.06253
1785208009,26.41794,83.76746,90,0,233,,1,27.18938,26.37719,22.9948
1785208010,26.458,83.94446,90,0,233,,1,27.18938,26.41106,22.96113
1785208011,26.41794,83.86206,90,0,233,,1,27.18938,26.34333,22.9948
1785208011,26.38857,83.90479,90,0,233,,1,27.12165,26.37719,23.02867
1785208012,26.37522,83.91241,90,0,233,,1,27.12165,26.41106,22.92727
1785208013,26.33249,84.01312,90,0,233,,1,27.12165,26.54632,23.02867
1785208013,26.41794,83.95514,90,0,233,,1,27.08778,26.41106,22.9948
1785208014,26.33249,83.93073,90,0,233,,1,27.18938,26.47879,23.06253
1785208015,26.34585,83.85291,90,0,233,,1,27.18938,26.44473,22.96113
1785208015,26.50072,83.96735,90,0,233,,1,27.08778,26.41106,22.9948
1785208016,26.37522,83.7354,90,0,233,,1,27.12165,26.47879,22.96113
1785208017,26.47402,83.83612,90,0,233,,1,27.25711,26.37719,22.96113
1785208017,26.40192,83.79492,90,0,233,,1,27.22325,26.51246,23.02867
1785208018,26.36187,83.67132,90,0,233,,1,27.18938,26.51246,23.0962
1785208019,26.36187,83.83459,90,0,233,,1,27.15551,26.44473,23.06253
1785208020,26.33249,83.84833,90,0,233,,1,27.18938,26.44473,22.9948
1785208020,26.41794,83.91241,90,0,233,,1,27.08778,26.37719,22.96113
1785208021,26.38857,83.78119,90,0,233,,1,27.12165,26.44473,22.9948
1785208022,26.41794,83.72625,90,0,233,,1,27.15551,26.34333,22.96113
1785208022,26.458,83.7995,90,0,234,,1,27.12165,26.41106,22.92727
1785208023,26.38857,83.80255,90,0,233,,1,27.18938,26.37719,22.9948
1785208024,26.458,83.9231,90,0,233,,1,27.08778,26.51246,23.02867
1785208024,26.36187,83.77509,90,0,233,,1,27.02005,26.51246,23.02867
1785208025,26.5301,83.86206,90,0,234,,1,27.08778,26.47879,22.9948
1785208026,26.40192,83.74303,90,0,233,,1,27.02005,26.34333,22.96113
1785208026,26.4313,83.83459,90,0,233,,1,27.12165,26.34333,22.8934
1785208027,26.41794,83.84985,90,0,233,,1,27.22325,26.58019,22.96113
1785208028,26.37522,83.94446,90,0,232,,1,27.18938,26.41106,23.02867
1785208028,26.4313,83.95819,90,0,233,,1,27.12165,26.54632,22.9948
1785208029,26.40192,84.05432,90,0,233,,1,27.02005,26.34333,23.06253
1785208030,26.33249,84.05432,90,0,233,,1,27.05412,26.34333,22.9948
1785208030,26.41794,84.07874,90,0,233,,1,27.08778,26.37719,22.96113
1785208031,26.30312,84.05585,90,0,233,,1,27.18938,26.47879,22.9948
1785208032,26.41794,84.05585,90,0,233,,1,27.08778,26.41106,22.9948
1785208032,26.41794,84.17944,90,0,233,,1,27.15551,26.37719,22.9948
1785208033,26.38857,84.13214,90,0,233,,1,27.22325,26.41106,23.0962
1785208034,26.4313,84.15503,90,0,233,,1,27.12165,26.30946,22.96113
1785208034,26.31914,84.18402,90,0,233,,1,27.15551,26.44473,22.9948
1785208035,26.40192,84.24811,90,0,233,,1,27.12165,26.44473,22.92727
1785208036,26.44465,84.23895,90,0,233,,1,27.15551,26.44473,23.06253
1785208037,26.38857,84.27863,90,0,233,,1,27.22325,26.34333,23.02867
1785208037,26.36187,84.28016,90,0,233,,1,27.15551,26.41106,22.9948
1785208038,26.41794,84.40833,90,0,233,,1,27.15551,26.41106,23.0962
1785208039,26.50072,84.66926,90,0,232,,1,27.12165,26.41106,22.9948
1785208039,26.34585,84.52277,90,0,233,,1,27.12165,26.34333,23.02867
1785208040,26.54345,84.79591,90,0,233,,1,27.18938,26.44473,23.06253
1785208041,26.41794,84.82033,90,0,233,,1,27.15551,26.47879,22.8934
1785208041,26.36187,85.0248,90,0,233,,1,27.22325,26.34333,22.9948
1785208042,26.41794,85.18196,90,0,233,,1,27.18938,26.37719,23.02867
1785208043,26.37522,85.27352,90,0,233,,1,27.18938,26.41106,22.9948
1785208043,26.37522,85.25368,90,0,233,,1,27.15551,26.27559,22.92727
1785208044,26.41794,85.29641,90,0,233,,1,27.15551,26.37719,22.96113
1785208045,26.40192,85.32388,90,0,233,,1,27.22325,26.34333,22.92727
1785208045,26.36187,85.19875,90,0,233,,1,27.12165,26.44473,23.02867
1785208046,26.37522,85.25368,90,0,233,,1,27.22325,26.41106,22.96113
1785208047,26.37522,85.22163,90,0,233,,1,27.12165,26.37719,22.8934
1785208047,26.37522,85.20332,90,0,233,,1,27.12165,26.34333,23.02867
1785208048,26.47402,85.16823,90,0,233,,1,27.12165,26.41106,22.92727
1785208049,26.36187,85.04463,90,0,233,,1,27.08778,26.47879,23.06253
1785208049,26.31914,84.9897,90,0,233,,1,27.05412,26.41106,23.02867
1785208050,26.41794,84.87373,90,0,233,,1,27.18938,26.44473,22.9948
1785208051,26.48737,84.74708,90,0,233,,1,27.15551,26.37719,22.9948
1785208051,26.37522,84.85085,90,0,233,,1,27.12165,26.44473,23.13006
1785208052,26.40192,84.46632,90,0,234,,1,27.22325,26.30946,23.16393
1785208053,26.44465,84.33356,90,0,233,,1,27.18938,26.37719,22.9948
1785208054,26.41794,84.22369,90,0,233,,1,27.02005,26.41106,23.06253
1785208054,26.38857,84.26643,90,0,233,,1,26.95252,26.47879,22.9948
1785208055,26.33249,84.09705,90,0,233,,1,27.15551,26.41106,23.06253
1785208056,26.36187,84.08331,90,0,233,,1,27.08778,26.44473,22.96113
1785208056,26.36187,84.03143,90,0,233,,1,27.08778,26.51246,23.06253
1785208057,26.33249,83.85748,90,0,233,,1,27.25711,26.34333,22.96113
1785208058,26.31914,83.84375,90,0,233,,1,27.15551,26.41106,22.92727
1785208058,26.37522,83.83917,90,0,233,,1,27.18938,26.44473,23.0962
1785208059,26.38857,83.6881,90,0,233,,1,27.15551,26.44473,22.9948
1785208060,26.27642,83.72015,90,0,233,,1,27.15551,26.37719,22.9948
1785208060,26.41794,83.84985,90,0,233,,1,27.15551,26.41106,23.02867
1785208061,26.37522,83.85901,90,0,233,,1,27.08778,26.30946,22.9948
1785208062,26.33249,83.93073,90,0,233,,1,27.22325,26.37719,23.06253
1785208062,26.38857,84.10162,90,0,234,,1,27.22325,26.47879,23.02867
1785208063,26.37522,84.11841,90,0,233,,1,27.08778,26.34333,23.02867
1785208064,26.4313,84.20538,90,0,233,,1,27.08778,26.30946,23.06253
1785208064,26.34585,84.19165,90,0,233,,1,27.22325,26.44473,22.92727
1785208065,26.38857,84.25574,90,0,233,,1,27.22325,26.51246,23.0962
1785208066,26.458,84.13214,90,0,233,,1,27.05412,26.34333,23.02867
1785208066,26.38857,84.09094,90,0,233,,1,27.08778,26.44473,22.8934
1785208067,26.38857,84.10162,90,0,233,,1,27.25711,26.47879,22.96113
1785208068,26.40192,83.95972,90,0,233,,1,27.02005,26.30946,23.06253
1785208068,26.41794,83.99634,90,0,233,,1,27.18938,26.41106,22.85974
1785208069,26.41794,83.95514,90,0,233,,1,27.18938,26.37719,23.02867
1785208070,26.38857,83.96735,90,0,233,,1,27.12165,26.44473,23.0962
1785208070,26.4313,83.80408,90,0,233,,1,27.25711,26.34333,23.02867
1785208071,26.36187,83.81628,90,0,233,,1,27.12165,26.47879,22.92727
1785208072,26.37522,83.64385,90,0,233,,1,27.22325,26.47879,23.02867
1785208073,26.30312,83.72625,90,0,234,,1,27.15551,26.44473,23.02867
1785208073,26.36187,83.68963,90,0,233,,1,27.18938,26.27559,23.02867
1785208074,26.40192,83.67132,90,0,233,,1,27.18938,26.37719,22.9948
1785208075,26.40192,83.59808,90,0,233,,1,27.12165,26.34333,22.9948
1785208075,26.38857,83.5523,90,0,233,,1,27.15551,26.47879,22.9948
1785208076,26.33249,83.56908,90,0,233,,1,27.12165,26.41106,23.02867
1785208077,26.41794,83.71557,90,0,233,,1,27.12165,26.41106,22.92727
1785208077,26.28977,83.53704,90,0,233,,1,27.18938,26.34333,23.06253
1785208078,26.458,83.69726,90,0,233,,1,27.22325,26.37719,23.06253
1785208079,26.38857,83.5523,90,0,233,,1,27.18938,26.34333,22.8934
1785208079,26.40192,83.61944,90,0,233,,1,27.15551,26.41106,23.06253
1785208080,26.4313,83.54314,90,0,233,,1,27.18938,26.47879,22.96113
1785208081,26.40192,83.68353,90,0,233,,1,27.15551,26.34333,23.0962
1785208081,26.40192,83.74303,90,0,233,,1,27.15551,26.37719,22.9948
1785208082,26.33249,83.78577,90,0,233,,1,27.12165,26.41106,23.02867
1785208083,26.40192,83.85748,90,0,233,,1,27.08778,26.30946,23.06253
1785208083,26.4313,83.80408,90,0,233,,1,27.05412,26.41106,22.9948
1785208084,26.44465,83.88953,90,0,233,,1,27.15551,26.51246,22.9948
1785208085,26.44465,83.94141,90,0,233,,1,27.12165,26.37719,22.9948
1785208085,26.44465,84.04517,90,0,233,,1,27.08778,26.37719,23.02867
1785208086,26.37522,84.23285,90,0,233,,1,27.18938,26.41106,23.02867
1785208087,26.37522,84.1886,90,0,233,,1,27.18938,26.51246,22.9948
1785208087,26.4313,84.29847,90,0,233,,1,27.08778,26.41106,23.13006
1785208088,26.4313,84.47242,90,0,233,,1,27.08778,26.41106,22.9948
1785208089,26.36187,84.49531,90,0,233,,1,27.18938,26.34333,23.02867
1785208090,26.50072,84.60822,90,0,233,,1,27.22325,26.30946,22.9948
1785208090,26.47402,84.93935,90,0,233,,1,27.15551,26.41106,23.02867
1785208091,26.4313,84.84627,90,0,233,,1,27.05412,26.44473,23.02867
1785208092,26.48737,85.03853,90,0,233,,1,27.18938,26.44473,22.96113
1785208092,26.38857,85.14381,90,0,233,,1,27.25711,26.44473,22.92727
1785208093,26.37522,85.5024,90,0,233,,1,27.15551,26.44473,23.02867
1785208094,26.44465,85.71603,90,0,234,,1,27.12165,26.41106,22.96113
1785208094,26.458,85.79385,90,0,233,,1,27.18938,26.51246,23.02867
1785208095,26.48737,85.90372,90,0,233,,1,27.12165,26.47879,22.9948
1785208096,26.44465,86.04715,90,0,233,,1,27.18938,26.44473,22.96113
1785208096,26.44465,86.04715,90,0,233,,1,27.02005,26.47879,22.96113
1785208097,26.40192,85.90067,90,0,233,,1,27.15551,26.44473,22.9948
1785208098,26.40192,85.81827,90,0,233,,1,27.25711,26.51246,23.06253
1785208098,26.36187,85.65347,90,0,233,,1,27.12165,26.44473,22.92727
1785208099,26.36187,85.34219,90,0,233,,1,27.05412,26.41106,22.96113
1785208100,26.38857,85.41085,90,0,233,,1,27.05412,26.34333,22.96113
1785208100,26.47402,85.20943,90,0,233,,1,27.08778,26.47879,23.06253
1785208101,26.33249,85.06599,90,0,233,,1,27.12165,26.34333,23.06253
1785208102,26.33249,85.0248,90,0,233,,1,27.15551,26.44473,22.9948
1785208102,26.38857,84.93782,90,0,233,,1,27.18938,26.30946,23.06253
1785208103,26.36187,84.83711,90,0,233,,1,27.15551,26.44473,23.02867
1785208104,26.40192,84.7654,90,0,233,,1,27.08778,26.34333,23.06253
1785208104,26.38857,84.65858,90,0,233,,1,27.15551,26.58019,23.02867
1785208105,26.36187,84.58991,90,0,233,,1,27.15551,26.47879,22.9948
1785208106,26.38857,84.37934,90,0,233,,1,27.08778,26.41106,23.0962
1785208107,26.44465,84.3946,90,0,233,,1,27.15551,26.44473,23.02867
1785208107,26.38857,84.42207,90,0,233,,1,27.18938,26.44473,23.0962
1785208108,26.41794,84.4297,90,0,233,,1,27.12165,26.34333,23.06253
1785208109,26.4313,84.33967,90,0,233,,1,27.15551,26.30946,23.02867
1785208109,26.44465,84.30305,90,0,233,,1,27.18938,26.44473,22.9948
1785208110,26.4313,84.28931,90,0,233,,1,27.18938,26.47879,23.0962
1785208111,26.36187,84.31068,90,0,233,,1,27.18938,26.41106,22.9948
1785208111,26.40192,84.35188,90,0,233,,1,27.08778,26.51246,23.02867
1785208112,26.4313,84.40223,90,0,233,,1,27.22325,26.47879,22.96113
1785208113,26.47402,84.37171,90,0,233,,1,27.15551,26.47879,22.9948
1785208113,26.37522,84.35645,90,0,234,,1,27.15551,26.44473,22.9948
1785208114,26.38857,84.33814,90,0,233,,1,27.15551,26.41106,23.0962
1785208115,26.40192,84.271,90,0,233,,1,27.15551,26.20786,22.9948
1785208115,26.40192,84.34272,90,0,233,,1,27.08778,26.47879,23.02867
1785208116,26.36187,84.35188,90,0,233,,1,27.15551,26.54632,23.02867
1785208117,26.458,84.42054,90,0,233,,1,27.12165,26.41106,22.9948
1785208117,26.37522,84.32441,90,0,233,,1,27.15551,26.27559,23.02867
1785208118,26.41794,84.31525,90,0,233,,1,27.29098,26.41106,22.96113
1785208119,26.34585,84.41138,90,0,233,,1,27.18938,26.51246,23.02867
1785208119,26.41794,84.55329,90,0,233,,1,27.12165,26.44473,22.9948
1785208120,26.36187,84.45411,90,0,233,,1,27.02005,26.37719,22.9948
1785208121,26.37522,84.54108,90,0,233,,1,27.15551,26.47879,22.9948
1785208121,26.41794,84.58533,90,0,233,,1,27.08778,26.34333,22.92727
1785208122,26.37522,84.56245,90,0,233,,1,27.25711,26.47879,23.02867
1785208123,26.26307,84.63264,90,0,233,,1,27.02005,26.44473,23.02867
1785208124,26.4313,84.87831,90,0,234,,1,27.02005,26.30946,23.06253
1785208124,26.44465,84.9836,90,0,233,,1,27.05412,26.47879,23.06253
1785208125,26.4313,85.1545,90,0,233,,1,27.08778,26.41106,22.9948
1785208126,26.40192,85.30099,90,0,233,,1,27.22325,26.44473,23.02867
1785208126,26.44465,85.46883,90,0,233,,1,27.12165,26.51246,23.0962
1785208127,26.40192,85.60159,90,0,233,,1,27.05412,26.41106,22.96113
1785208128,26.458,85.64889,90,0,233,,1,27.22325,26.37719,23.0962
1785208128,26.47402,85.83963,90,0,233,,1,27.25711,26.41106,22.8934
1785208129,26.40192,86.01358,90,0,233,,1,27.18938,26.44473,22.92727
1785208130,26.4313,86.18753,90,0,233,,1,27.15551,26.41106,22.96113
1785208130,26.458,86.32029,90,0,233,,1,27.18938,26.44473,23.02867
1785208131,26.458,86.48508,90,0,233,,1,27.05412,26.44473,22.96113
1785208132,26.38857,86.56901,90,0,233,,1,27.12165,26.34333,22.82587
1785208132,26.44465,86.72923,90,0,233,,1,27.18938,26.41106,23.06253
1785208133,26.41794,86.71091,90,0,233,,1,27.15551,26.51246,22.9948
1785208134,26.37522,86.77043,90,0,233,,1,27.18938,26.41106,22.9948
1785208134,26.47402,86.92455,90,0,233,,1,27.08778,26.37719,22.9948
1785208135,26.5301,86.97032,90,0,233,,1,27.22325,26.37719,23.02867
1785208136,26.458,87.01152,90,0,233,,1,27.25711,26.44473,23.02867
1785208136,26.4313,87.15953,90,0,233,,1,27.22325,26.37719,23.0962
1785208137,26.48737,87.18547,90,0,233,,1,27.12165,26.44473,23.0962
1785208138,26.458,87.1992,90,0,233,,1,27.02005,26.30946,23.06253
1785208138,26.50072,87.19005,90,0,233,,1,27.18938,26.41106,22.9948
1785208139,26.58618,87.27703,90,0,233,,1,27.12165,26.37719,22.9948
1785208140,26.40192,87.36858,90,0,233,,1,27.12165,26.41106,23.0962
1785208140,26.458,87.42504,90,0,233,,1,27.12165,26.41106,22.92727
1785208141,26.4313,87.51049,90,0,233,,1,27.05412,26.37719,22.9948
1785208142,26.44465,87.51507,90,0,233,,1,27.08778,26.41106,23.06253
1785208143,26.458,87.72259,90,0,233,,1,27.15551,26.41106,22.9948
1785208143,26.47402,87.65697,90,0,233,,1,27.15551,26.44473,22.96113
1785208144,26.47402,87.75922,90,0,233,,1,27.05412,26.47879,23.06253
1785208145,26.40192,87.75005,90,0,233,,1,27.18938,26.58019,22.96113
1785208145,26.44465,87.88586,90,0,233,,1,27.08778,26.27559,22.9948
1785208146,26.458,87.84924,90,0,233,,1,27.08778,26.34333,23.0962
1785208147,26.458,88.02319,90,0,233,,1,27.12165,26.34333,22.9948
1785208147,26.51675,88.11475,90,0,233,,1,27.22325,26.47879,23.0962
1785208148,26.44465,88.10254,90,0,233,,1,27.08778,26.37719,23.06253
1785208149,26.38857,88.11932,90,0,233,,1,27.18938,26.51246,23.06253
1785208149,26.48737,88.34058,90,0,233,,1,27.12165,26.37719,23.0962
1785208150,26.48737,88.45808,90,0,233,,1,27.08778,26.34333,22.9948
1785208151,26.47402,88.48249,90,0,233,,1,27.18938,26.41106,23.02867
1785208151,26.44465,88.46418,90,0,233,,1,27.15551,26.37719,23.02867
1785208152,26.458,88.57252,90,0,233,,1,27.12165,26.30946,22.9948
1785208153,26.41794,88.56031,90,0,233,,1,27.25711,26.34333,23.02867
1785208153,26.41794,88.64118,90,0,233,,1,27.18938,26.37719,23.02867
1785208154,26.44465,88.65034,90,0,233,,1,27.18938,26.41106,23.02867
1785208155,26.458,88.67475,90,0,233,,1,27.15551,26.37719,23.02867
1785208155,26.4313,88.6244,90,0,233,,1,27.15551,26.44473,22.9948
1785208156,26.44465,88.40314,90,0,233,,1,27.22325,26.41106,22.9948
1785208157,26.44465,88.56794,90,0,233,,1,27.15551,26.37719,22.96113
1785208157,26.38857,88.40772,90,0,233,,1,27.12165,26.37719,22.9948
1785208158,26.40192,88.26582,90,0,233,,1,27.15551,26.47879,22.9948
1785208159,26.41794,88.30244,90,0,233,,1,27.08778,26.34333,23.0962
1785208160,26.458,88.19867,90,0,233,,1,27.18938,26.34333,22.8934
1785208160,26.47402,88.22461,90,0,233,,1,27.12165,26.41106,22.9948
1785208161,26.458,88.36347,90,0,233,,1,27.08778,26.37719,22.9948
1785208162,26.51675,88.39094,90,0,233,,1,27.12165,26.37719,22.9948
1785208162,26.44465,88.51453,90,0,234,,1,27.22325,26.41106,22.9948
1785208163,26.41794,88.29328,90,0,233,,1,27.22325,26.37719,23.02867
1785208164,26.44465,88.29939,90,0,233,,1,27.08778,26.41106,22.96113
1785208164,26.38857,88.05524,90,0,233,,1,27.15551,26.37719,22.9948
1785208165,26.458,87.89044,90,0,233,,1,27.12165,26.47879,23.06253
1785208166,26.41794,87.68139,90,0,233,,1,27.25711,26.41106,22.9948
1785208166,26.34585,87.39147,90,0,233,,1,27.15551,26.47879,23.02867
1785208167,26.34585,87.187,90,0,233,,1,27.12165,26.37719,22.9948
1785208168,26.36187,86.7277,90,0,233,,1,27.15551,26.44473,23.02867
1785208168,26.38857,86.55833,90,0,233,,1,27.15551,26.41106,22.96113
1785208169,26.24704,86.40421,90,0,233,,1,27.15551,26.37719,23.06253
1785208170,26.26307,86.0914,90,0,233,,1,27.18938,26.44473,23.02867
1785208170,26.27642,85.89609,90,0,233,,1,27.15551,26.47879,23.02867
1785208171,26.34585,85.73129,90,0,233,,1,27.12165,26.47879,22.96113
1785208172,26.34585,85.52377,90,0,233,,1,27.22325,26.37719,22.96113
1785208172,26.40192,85.52071,90,0,234,,1,27.08778,26.44473,22.9948
1785208173,26.26307,85.23232,90,0,233,,1,27.18938,26.44473,23.02867
1785208174,26.33249,85.26284,90,0,233,,1,27.08778,26.44473,22.92727
1785208174,26.36187,85.26894,90,0,233,,1,27.08778,26.34333,22.96113
1785208175,26.38857,85.12245,90,0,233,,1,27.05412,26.41106,23.02867
1785208176,26.36187,85.03395,90,0,233,,1,27.18938,26.51246,22.96113
1785208177,26.37522,84.98512,90,0,233,,1,27.05412,26.41106,22.9948
1785208177,26.34585,84.93477,90,0,233,,1,27.05412,26.34333,22.96113
1785208178,26.37522,84.92409,90,0,233,,1,27.15551,26.41106,22.96113
1785208179,26.38857,84.8661,90,0,233,,1,27.12165,26.47879,23.06253
1785208179,26.36187,84.78371,90,0,233,,1,27.15551,26.41106,23.02867
1785208180,26.31914,84.82491,90,0,233,,1,27.15551,26.41106,22.92727
1785208181,26.27642,84.69978,90,0,233,,1,27.25711,26.44473,22.9948
1785208181,26.4313,84.69062,90,0,233,,1,27.15551,26.41106,23.0962
1785208182,26.36187,84.56855,90,0,233,,1,27.18938,26.47879,22.9948
1785208183,26.37522,84.59449,90,0,233,,1,27.08778,26.30946,23.06253
1785208183,26.30312,84.49073,90,0,233,,1,27.05412,26.41106,23.02867
1785208184,26.34585,84.51209,90,0,233,,1,27.12165,26.41106,23.0962
1785208185,26.31914,84.36103,90,0,233,,1,27.15551,26.37719,23.06253
1785208185,26.31914,84.27863,90,0,233,,1,27.12165,26.37719,23.02867
1785208186,26.33249,84.28321,90,0,233,,1,27.15551,26.41106,23.06253
1785208187,26.36187,84.17487,90,0,233,,1,27.18938,26.34333,23.02867
1785208187,26.30312,84.19165,90,0,233,,1,27.02005,26.47879,22.92727
1785208188,26.28977,84.02228,90,0,233,,1,27.18938,26.44473,23.02867
1785208189,26.41794,84.01465,90,0,233,,1,27.18938,26.37719,23.0962
1785208189,26.40192,83.90784,90,0,233,,1,27.02005,26.24193,23.02867
1785208190,26.27642,83.98718,90,0,233,,1,27.15551,26.44473,23.06253
1785208191,26.4313,83.95819,90,0,233,,1,27.15551,26.34333,22.9948
1785208191,26.40192,83.89868,90,0,233,,1,27.18938,26.51246,23.02867
1785208192,26.33249,83.97345,90,0,233,,1,27.12165,26.37719,22.9948
1785208193,26.36187,83.94904,90,0,233,,1,27.12165,26.47879,22.9948
1785208194,26.36187,83.89868,90,0,233,,1,27.12165,26.37719,22.9948
1785208194,26.41794,83.98566,90,0,233,,1,27.25711,26.58019,22.9948
1785208195,26.38857,83.97803,90,0,233,,1,27.08778,26.34333,23.13006
1785208196,26.28977,83.88953,90,0,233,,1,27.22325,26.44473,22.9948
1785208196,26.458,84.1001,90,0,233,,1,27.15551,26.34333,22.9948
1785208197,26.30312,83.84985,90,0,233,,1,27.08778,26.37719,22.9948
1785208198,26.34585,83.83002,90,0,233,,1,27.08778,26.44473,23.06253
1785208198,26.44465,84.11536,90,0,233,,1,27.12165,26.44473,23.02867
1785208199,26.4313,83.96887,90,0,233,,1,27.08778,26.41106,22.9948
1785208200,26.27642,83.92615,90,0,233,,1,27.22325,26.41106,23.02867
1785208200,26.30312,83.94446,90,0,233,,1,27.12165,26.30946,22.96113
1785208201,26.33249,83.93073,90,0,233,,1,27.12165,26.27559,23.06253
1785208202,26.38857,84.02838,90,0,233,,1,27.08778,26.47879,23.0962
1785208202,26.37522,83.93225,90,0,234,,1,27.05412,26.37719,23.06253
1785208203,26.44465,83.95056,90,0,233,,1,27.15551,26.44473,23.06253
1785208204,26.36187,83.70184,90,0,233,,1,27.18938,26.44473,23.06253
1785208204,26.31914,83.82239,90,0,233,,1,27.22325,26.44473,22.9948
1785208205,26.34585,83.91394,90,0,233,,1,27.18938,26.41106,22.9948
1785208206,26.41794,83.89105,90,0,233,,1,27.15551,26.34333,22.96113
1785208206,26.36187,83.99939,90,0,233,,1,27.18938,26.41106,22.9948
1785208207,26.37522,83.95361,90,0,233,,1,27.15551,26.37719,22.96113
1785208208,26.31914,84.03143,90,0,233,,1,27.12165,26.41106,23.06253
1785208208,26.26307,83.94446,90,0,233,,1,27.12165,26.44473,22.9948
1785208209,26.41794,84.02686,90,0,233,,1,27.18938,26.41106,23.0962
1785208210,26.34585,83.9231,90,0,233,,1,27.08778,26.41106,23.0962
1785208210,26.37522,84.065,90,0,233,,1,27.12165,26.37719,23.02867
1785208211,26.36187,84.09552,90,0,233,,1,27.22325,26.37719,22.9948
1785208212,26.37522,84.16876,90,0,233,,1,27.15551,26.51246,23.0962
1785208213,26.38857,84.1825,90,0,233,,1,27.12165,26.30946,22.96113
1785208213,26.40192,84.20691,90,0,233,,1,27.29098,26.41106,23.02867
1785208214,26.37522,84.39765,90,0,233,,1,27.08778,26.41106,22.9948
1785208215,26.4313,84.50446,90,0,233,,1,27.25711,26.47879,23.02867
1785208215,26.37522,84.54108,90,0,233,,1,27.15551,26.51246,22.9948
1785208216,26.458,84.60517,90,0,233,,1,27.12165,26.37719,23.02867
1785208217,26.4313,85.01106,90,0,233,,1,27.08778,26.44473,22.9948
1785208217,26.36187,84.92867,90,0,233,,1,27.18938,26.34333,22.96113
1785208218,26.34585,84.89662,90,0,233,,1,27.05412,26.41106,22.92727
1785208219,26.34585,85.19417,90,0,233,,1,27.15551,26.54632,22.96113
1785208219,26.48737,85.25368,90,0,233,,1,27.22325,26.54632,23.06253
1785208220,26.47402,85.48867,90,0,233,,1,27.08778,26.34333,22.8934
1785208221,26.36187,85.38338,90,0,233,,1,27.12165,26.47879,22.9948
1785208221,26.34585,85.50546,90,0,233,,1,27.18938,26.34333,22.8934
1785208222,26.44465,85.46883,90,0,233,,1,27.18938,26.44473,22.96113
1785208223,26.38857,85.53445,90,0,233,,1,27.25711,26.61406,22.9948
1785208223,26.36187,85.60159,90,0,233,,1,27.02005,26.37719,22.96113
1785208224,26.40192,85.63363,90,0,233,,1,27.05412,26.41106,23.06253
1785208225,26.38857,85.56649,90,0,233,,1,27.18938,26.37719,23.06253
1785208225,26.41794,85.53445,90,0,233,,1,27.18938,26.51246,23.0962
1785208226,26.4313,85.64278,90,0,233,,1,27.08778,26.47879,23.02867
1785208227,26.38857,85.66109,90,0,233,,1,27.15551,26.51246,23.02867
1785208227,26.41794,85.67025,90,0,233,,1,27.08778,26.30946,22.96113
1785208228,26.458,85.68093,90,0,233,,1,27.22325,26.44473,23.02867
1785208229,26.458,85.79385,90,0,233,,1,27.08778,26.34333,22.9948
1785208230,26.40192,85.83963,90,0,233,,1,27.15551,26.41106,23.02867
1785208230,26.41794,85.9678,90,0,233,,1,27.15551,26.41106,23.02867
1785208231,26.458,86.17532,90,0,233,,1,27.15551,26.37719,23.02867
1785208232,26.50072,86.19669,90,0,233,,1,27.18938,26.44473,23.0962
1785208232,26.48737,86.53544,90,0,234,,1,27.15551,26.41106,22.92727
1785208233,26.38857,86.63157,90,0,233,,1,27.05412,26.37719,22.9948
1785208234,26.44465,86.74143,90,0,233,,1,27.12165,26.41106,23.06253
1785208234,26.44465,86.93523,90,0,233,,1,27.15551,26.37719,22.92727
1785208235,26.50072,87.04509,90,0,233,,1,27.08778,26.30946,22.96113
1785208236,26.458,87.30145,90,0,233,,1,27.08778,26.41106,22.9948
1785208236,26.47402,87.53338,90,0,233,,1,27.08778,26.47879,23.06253
1785208237,26.4313,87.74853,90,0,233,,1,27.15551,26.44473,23.02867
1785208238,26.40192,87.91486,90,0,233,,1,27.22325,26.34333,23.02867
1785208238,26.4313,88.03693,90,0,233,,1,27.22325,26.37719,22.96113
1785208239,26.458,88.18799,90,0,233,,1,27.18938,26.37719,23.02867
1785208240,26.458,88.31312,90,0,233,,1,27.05412,26.34333,22.9948
1785208240,26.51675,88.44434,90,0,233,,1,27.12165,26.34333,23.0962
1785208241,26.41794,88.45808,90,0,233,,1,27.12165,26.47879,22.96113
1785208242,26.458,88.48707,90,0,233,,1,27.08778,26.51246,23.02867
1785208242,26.44465,88.46418,90,0,233,,1,27.08778,26.37719,23.06253
1785208243,26.41794,88.63203,90,0,233,,1,27.12165,26.47879,22.96113
1785208244,26.47402,88.56489,90,0,233,,1,26.98638,26.34333,23.0962
1785208244,26.41794,88.56031,90,0,233,,1,27.15551,26.41106,23.06253
1785208245,26.4313,88.542,90,0,233,,1,27.12165,26.27559,23.02867
1785208246,26.37522,88.47334,90,0,233,,1,27.18938,26.37719,22.9948
1785208247,26.458,88.46876,90,0,233,,1,27.12165,26.41106,22.9948
1785208247,26.458,88.37568,90,0,233,,1,27.12165,26.41106,23.06253
1785208248,26.4313,88.23376,90,0,233,,1,27.18938,26.27559,22.92727
1785208249,26.33249,88.18341,90,0,233,,1,27.25711,26.47879,23.06253
1785208249,26.41794,87.86755,90,0,233,,1,27.12165,26.47879,23.02867
1785208250,26.38857,87.68444,90,0,233,,1,27.08778,26.37719,22.9948
1785208251,26.28977,87.49218,90,0,233,,1,27.18938,26.30946,23.06253
1785208251,26.38857,87.19005,90,0,233,,1,27.02005,26.30946,22.9948
1785208252,26.44465,86.87419,90,0,233,,1,27.22325,26.44473,23.02867
1785208253,26.30312,86.63767,90,0,233,,1,27.08778,26.34333,23.02867
1785208253,26.33249,86.43015,90,0,233,,1,27.08778,26.41106,23.0962
1785208254,26.24704,86.19821,90,0,233,,1,27.15551,26.51246,22.92727
1785208255,26.37522,86.07004,90,0,233,,1,27.22325,26.30946,22.96113
1785208255,26.40192,85.71603,90,0,233,,1,27.18938,26.44473,23.02867
1785208256,26.40192,85.63363,90,0,233,,1,27.12165,26.41106,23.02867
1785208257,26.31914,85.3727,90,0,233,,1,27.12165,26.44473,23.06253
1785208257,26.44465,85.22163,90,0,233,,1,27.12165,26.30946,22.96113
1785208258,26.34585,85.17281,90,0,233,,1,27.15551,26.44473,22.96113
1785208259,26.31914,84.93782,90,0,233,,1,27.25711,26.54632,23.0962
1785208259,26.36187,84.78371,90,0,233,,1,27.08778,26.44473,22.96113
1785208260,26.44465,84.71503,90,0,233,,1,27.08778,26.41106,22.9948
1785208261,26.36187,84.77455,90,0,233,,1,27.08778,26.34333,22.92727
1785208261,26.37522,84.62348,90,0,233,,1,27.22325,26.44473,23.02867
1785208262,26.37522,84.63264,90,0,234,,1,27.25711,26.41106,23.02867
1785208263,26.31914,84.73335,90,0,233,,1,27.22325,26.47879,22.96113
1785208264,26.44465,84.9424,90,0,233,,1,27.15551,26.47879,22.9948
1785208264,26.37522,84.93324,90,0,233,,1,27.18938,26.51246,23.02867
1785208265,26.41794,85.07057,90,0,233,,1,27.12165,26.37719,22.9948
1785208266,26.31914,85.1667,90,0,233,,1,26.98638,26.30946,22.96113
1785208266,26.37522,85.38796,90,0,233,,1,27.05412,26.41106,23.06253
1785208267,26.48737,85.71755,90,0,233,,1,27.15551,26.37719,23.06253
1785208268,26.37522,85.89456,90,0,233,,1,27.15551,26.37719,23.02867
1785208268,26.31914,85.98154,90,0,233,,1,27.08778,26.30946,22.9948
1785208269,26.41794,86.14328,90,0,233,,1,27.12165,26.34333,23.02867
1785208270,26.458,86.32944,90,0,233,,1,27.05412,26.37719,23.02867
1785208270,26.44465,86.56443,90,0,233,,1,27.15551,26.37719,23.06253
1785208271,26.4313,86.5507,90,0,233,,1,27.15551,26.44473,23.06253
1785208272,26.37522,86.72923,90,0,233,,1,27.18938,26.41106,22.9948
1785208272,26.4313,86.78722,90,0,233,,1,27.15551,26.58019,23.02867
1785208273,26.30312,86.95659,90,0,233,,1,27.18938,26.34333,22.96113
1785208274,26.4313,87.0573,90,0,233,,1,27.22325,26.41106,22.96113
1785208274,26.4313,87.02525,90,0,233,,1,27.15551,26.44473,23.06253
1785208275,26.33249,86.85283,90,0,233,,1,27.08778,26.27559,23.06253
1785208276,26.4313,86.86046,90,0,233,,1,27.02005,26.41106,23.06253
1785208276,26.38857,86.66056,90,0,233,,1,27.15551,26.41106,22.9948
1785208277,26.38857,86.61021,90,0,233,,1,27.08778,26.34333,23.02867
1785208278,26.4313,86.31266,90,0,233,,1,27.08778,26.34333,23.06253
1785208278,26.40192,86.02426,90,0,233,,1,27.29098,26.54632,23.06253
1785208279,26.33249,85.70687,90,0,233,,1,27.12165,26.41106,22.96113
1785208280,26.36187,85.56954,90,0,233,,1,27.15551,26.30946,22.9948
1785208281,26.40192,85.34524,90,0,233,,1,27.22325,26.44473,23.02867
1785208281,26.37522,85.09804,90,0,233,,1,27.12165,26.44473,22.96113
1785208282,26.37522,84.97444,90,0,233,,1,27.22325,26.44473,23.06253
1785208283,26.28977,84.80659,90,0,233,,1,27.25711,26.44473,22.92727
1785208283,26.37522,84.69672,90,0,233,,1,27.15551,26.44473,22.96113
1785208284,26.38857,84.59602,90,0,233,,1,27.15551,26.24193,22.9948
1785208285,26.34585,84.62653,90,0,233,,1,27.08778,26.44473,23.02867
1785208285,26.458,84.63569,90,0,233,,1,27.12165,26.41106,22.96113
1785208286,26.44465,84.74708,90,0,233,,1,27.12165,26.37719,23.0962
1785208287,26.30312,84.69672,90,0,233,,1,27.05412,26.47879,22.9948
1785208287,26.37522,84.85085,90,0,233,,1,27.22325,26.37719,23.02867
1785208288,26.38857,84.93782,90,0,233,,1,27.22325,26.41106,23.02867
1785208289,26.40192,85.10719,90,0,233,,1,27.15551,26.41106,22.92727
1785208289,26.36187,85.09499,90,0,233,,1,27.18938,26.47879,23.06253
1785208290,26.34585,85.214,90,0,233,,1,27.18938,26.30946,23.02867
1785208291,26.36187,85.38338,90,0,233,,1,27.12165,26.37719,22.96113
1785208291,26.41794,85.45205,90,0,233,,1,27.18938,26.41106,22.92727
1785208292,26.37522,85.54208,90,0,233,,1,27.12165,26.37719,23.0962
1785208293,26.50072,85.72213,90,0,233,,1,27.22325,26.44473,22.96113
1785208293,26.4313,86.00443,90,0,233,,1,27.22325,26.44473,23.02867
1785208294,26.41794,86.06088,90,0,233,,1,27.25711,26.54632,23.02867
1785208295,26.41794,86.16464,90,0,233,,1,27.15551,26.34333,23.06253
1785208295,26.44465,85.96475,90,0,233,,1,27.18938,26.37719,23.0962
1785208296,26.44465,86.15091,90,0,233,,1,27.18938,26.44473,22.9948
1785208297,26.37522,86.00595,90,0,233,,1,27.29098,26.37719,22.9948
1785208297,26.36187,85.72518,90,0,233,,1,27.12165,26.44473,23.06253
1785208298,26.36187,85.70382,90,0,233,,1,27.15551,26.47879,22.9948
1785208299,26.40192,85.57107,90,0,233,,1,27.02005,26.41106,22.9948
1785208300,26.31914,85.3605,90,0,233,,1,27.22325,26.24193,22.92727
1785208300,26.34585,85.19417,90,0,233,,1,27.22325,26.34333,22.9948
1785208301,26.37522,85.14992,90,0,233,,1,27.12165,26.37719,23.06253
1785208302,26.36187,84.92867,90,0,233,,1,27.25711,26.37719,22.96113
1785208302,26.37522,84.98512,90,0,234,,1,27.12165,26.34333,22.92727
1785208303,26.34585,84.75929,90,0,233,,1,27.05412,26.37719,22.96113
1785208304,26.30312,84.70893,90,0,233,,1,27.08778,26.44473,22.9948
1785208304,26.40192,84.68299,90,0,233,,1,27.12165,26.47879,22.96113
1785208305,26.38857,84.62653,90,0,233,,1,27.15551,26.44473,22.9948
1785208306,26.41794,84.62348,90,0,233,,1,27.05412,26.41106,22.96113
1785208306,26.34585,84.56397,90,0,233,,1,27.05412,26.44473,22.9948
1785208307,26.40192,84.83711,90,0,233,,1,27.18938,26.51246,22.96113
1785208308,26.37522,84.69672,90,0,233,,1,27.18938,26.41106,22.96113
1785208308,26.50072,84.85542,90,0,233,,1,27.18938,26.37719,23.02867
1785208309,26.40192,85.00343,90,0,233,,1,27.12165,26.44473,22.9948
1785208310,26.38857,85.11177,90,0,233,,1,27.18938,26.41106,22.9948
1785208310,26.44465,85.25063,90,0,233,,1,27.08778,26.37719,23.02867
1785208311,26.38857,85.2781,90,0,233,,1,27.05412,26.51246,23.02867
1785208312,26.34585,85.44137,90,0,233,,1,27.22325,26.41106,23.06253
1785208312,26.41794,85.44137,90,0,234,,1,27.08778,26.34333,23.02867
1785208313,26.41794,85.59701,90,0,233,,1,27.18938,26.47879,23.06253
1785208314,26.34585,85.69924,90,0,233,,1,27.12165,26.41106,22.9948
1785208314,26.458,85.88541,90,0,233,,1,27.18938,26.41106,22.9948
1785208315,26.47402,86.18906,90,0,233,,1,27.15551,26.41106,22.96113
1785208316,26.36187,86.28367,90,0,233,,1,27.18938,26.30946,22.9948
1785208317,26.44465,86.52171,90,0,233,,1,27.15551,26.34333,23.06253
1785208317,26.33249,86.6865,90,0,233,,1,27.02005,26.41106,22.9948
1785208318,26.458,86.91997,90,0,233,,1,27.05412,26.41106,23.02867
1785208319,26.40192,86.98558,90,0,232,,1,27.15551,26.44473,22.96113
1785208319,26.47402,87.30602,90,0,233,,1,27.15551,26.37719,23.02867
1785208320,26.5301,87.4876,90,0,233,,1,27.15551,26.41106,23.16393
1785208321,26.47402,87.71801,90,0,233,,1,27.02005,26.44473,23.06253
1785208321,26.5301,87.91943,90,0,233,,1,27.15551,26.51246,22.9948
1785208322,26.50072,88.08728,90,0,233,,1,27.18938,26.47879,23.0962
1785208323,26.48737,88.16663,90,0,233,,1,27.25711,26.51246,23.02867
1785208323,26.47402,88.25666,90,0,233,,1,27.15551,26.41106,23.02867
1785208324,26.458,88.38483,90,0,233,,1,26.98638,26.51246,23.02867
1785208325,26.48737,88.40467,90,0,233,,1,26.95252,26.47879,23.13006
1785208325,26.38857,88.32227,90,0,233,,1,27.29098,26.37719,23.0962
1785208326,26.40192,88.32685,90,0,233,,1,27.08778,26.44473,23.02867
1785208327,26.4313,88.20172,90,0,233,,1,27.18938,26.41106,23.0962
1785208327,26.4313,88.24292,90,0,233,,1,27.08778,26.37719,23.06253
1785208328,26.41794,87.99268,90,0,233,,1,26.98638,26.30946,23.0962
1785208329,26.48737,88.10559,90,0,233,,1,27.18938,26.37719,23.06253
1785208329,26.37522,87.96979,90,0,233,,1,27.18938,26.44473,23.06253
1785208330,26.36187,87.83246,90,0,233,,1,27.12165,26.44473,23.02867
1785208331,26.5301,87.89044,90,0,233,,1,27.18938,26.27559,23.06253
1785208331,26.4313,87.77753,90,0,233,,1,27.25711,26.37719,22.9948
1785208332,26.37522,87.6585,90,0,234,,1,27.25711,26.34333,22.96113
1785208333,26.4313,87.67681,90,0,233,,1,27.15551,26.44473,22.96113
1785208334,26.41794,87.70275,90,0,233,,1,27.12165,26.37719,23.02867
1785208334,26.37522,87.59747,90,0,233,,1,27.08778,26.44473,22.92727
1785208335,26.37522,87.6173,90,0,233,,1,27.12165,26.41106,23.06253
1785208336,26.44465,87.70885,90,0,233,,1,27.12165,26.51246,23.06253
1785208336,26.47402,87.61578,90,0,233,,1,27.08778,26.47879,22.9948
1785208337,26.36187,87.67681,90,0,233,,1,27.15551,26.41106,23.02867
1785208338,26.44465,87.76227,90,0,233,,1,27.15551,26.44473,22.9948
1785208338,26.44465,87.67986,90,0,233,,1,27.08778,26.44473,22.9948
1785208339,26.44465,87.63866,90,0,233,,1,27.15551,26.30946,22.92727
1785208340,26.458,87.82788,90,0,233,,1,27.15551,26.47879,22.9948
1785208340,26.48737,87.77295,90,0,233,,1,27.12165,26.37719,23.02867
1785208341,26.40192,87.72717,90,0,233,,1,27.15551,26.44473,23.02867
1785208342,26.4313,87.70428,90,0,233,,1,27.18938,26.44473,23.02867
1785208342,26.40192,87.53338,90,0,233,,1,27.25711,26.37719,23.06253
1785208343,26.44465,87.64935,90,0,233,,1,27.15551,26.41106,23.02867
1785208344,26.36187,87.46014,90,0,233,,1,27.15551,26.51246,22.96113
1785208344,26.40192,87.34722,90,0,233,,1,27.15551,26.47879,23.02867
1785208345,26.40192,87.13969,90,0,233,,1,27.18938,26.37719,22.92727
1785208346,26.38857,87.09544,90,0,233,,1,27.12165,26.34333,23.02867
1785208346,26.47402,87.06798,90,0,233,,1,27.15551,26.41106,22.96113
1785208347,26.40192,86.82994,90,0,233,,1,27.15551,26.41106,23.06253
1785208348,26.40192,86.74754,90,0,233,,1,27.12165,26.41106,23.06253
1785208348,26.37522,86.59647,90,0,233,,1,27.18938,26.44473,23.02867
1785208349,26.34585,86.44083,90,0,233,,1,27.05412,26.58019,23.02867
1785208350,26.33249,86.36759,90,0,233,,1,27.25711,26.41106,23.06253
1785208351,26.36187,86.30198,90,0,233,,1,27.02005,26.37719,23.06253
1785208351,26.36187,86.30198,90,0,233,,1,27.05412,26.44473,22.96113
1785208352,26.47402,86.03342,90,0,233,,1,27.12165,26.44473,22.92727
1785208353,26.31914,85.91898,90,0,233,,1,27.18938,26.37719,23.02867
1785208353,26.38857,85.7847,90,0,233,,1,27.15551,26.61406,22.96113
1785208354,26.33249,85.91287,90,0,233,,1,27.15551,26.44473,23.06253
1785208355,26.26307,85.54208,90,0,233,,1,27.12165,26.54632,22.9948
1785208355,26.31914,85.4551,90,0,233,,1,27.15551,26.51246,23.02867
1785208356,26.36187,85.44595,90,0,233,,1,27.15551,26.41106,23.0962
1785208357,26.34585,85.28725,90,0,233,,1,27.18938,26.41106,22.9948
1785208357,26.34585,85.23537,90,0,233,,1,27.02005,26.37719,23.02867
1785208358,26.40192,85.22163,90,0,233,,1,27.15551,26.54632,23.0962
1785208359,26.34585,85.214,90,0,233,,1,27.15551,26.54632,22.92727
1785208359,26.38857,85.19569,90,0,233,,1,27.12165,26.34333,23.02867
1785208360,26.36187,85.19875,90,0,233,,1,27.22325,26.41106,23.02867
1785208361,26.30312,85.22316,90,0,233,,1,27.18938,26.51246,23.06253
1785208361,26.40192,85.18044,90,0,233,,1,27.12165,26.41106,22.9948
1785208362,26.34585,84.96681,90,0,233,,1,27.08778,26.37719,22.96113
1785208363,26.34585,85.11177,90,0,233,,1,27.02005,26.37719,22.9948
1785208363,26.4313,84.82491,90,0,233,,1,27.02005,26.27559,22.96113
1785208364,26.37522,84.87068,90,0,233,,1,27.15551,26.37719,22.96113
1785208365,26.40192,84.74555,90,0,233,,1,27.08778,26.44473,22.9948
1785208365,26.47402,84.63111,90,0,233,,1,27.22325,26.37719,22.96113
1785208366,26.27642,84.52583,90,0,233,,1,27.22325,26.41106,22.92727
1785208367,26.37522,84.56245,90,0,233,,1,27.18938,26.30946,23.06253
1785208367,26.37522,84.4892,90,0,233,,1,27.22325,26.44473,23.06253
1785208368,26.34585,84.36713,90,0,233,,1,27.15551,26.44473,22.96113
1785208369,26.36187,84.4358,90,0,233,,1,27.22325,26.30946,23.06253
1785208370,26.26307,84.2649,90,0,233,,1,27.25711,26.47879,23.02867
1785208370,26.31914,84.17487,90,0,233,,1,27.22325,26.44473,23.06253
1785208371,26.40192,84.21912,90,0,233,,1,27.12165,26.37719,22.9948
1785208372,26.37522,84.10925,90,0,233,,1,27.08778,26.41106,22.96113
1785208372,26.34585,84.1001,90,0,234,,1,27.12165,26.27559,22.9948
1785208373,26.36187,84.01007,90,0,233,,1,27.08778,26.51246,22.96113
1785208374,26.38857,83.94598,90,0,233,,1,27.18938,26.41106,22.92727
1785208374,26.4313,84.04059,90,0,233,,1,27.18938,26.47879,22.9948
1785208375,26.27642,83.98718,90,0,233,,1,27.22325,26.37719,22.92727
1785208376,26.31914,83.98718,90,0,233,,1,27.12165,26.34333,22.8934
1785208376,26.30312,84.01465,90,0,233,,1,27.15551,26.41106,23.02867
1785208377,26.31914,83.82239,90,0,233,,1,27.15551,26.37719,23.02867
1785208378,26.41794,84.04669,90,0,233,,1,27.02005,26.34333,22.92727
1785208378,26.36187,83.99939,90,0,233,,1,27.18938,26.41106,22.96113
1785208379,26.30312,84.03601,90,0,233,,1,27.12165,26.44473,23.02867
1785208380,26.34585,84.06958,90,0,233,,1,27.12165,26.41106,23.02867
1785208380,26.37522,84.10925,90,0,233,,1,27.08778,26.34333,22.96113
1785208381,26.37522,84.12909,90,0,233,,1,27.12165,26.44473,23.02867
1785208382,26.34585,84.16113,90,0,233,,1,27.12165,26.34333,23.06253
1785208383,26.33249,84.08636,90,0,233,,1,27.15551,26.30946,23.0962
1785208383,26.31914,84.05127,90,0,233,,1,27.15551,26.47879,23.06253
1785208384,26.44465,84.42664,90,0,233,,1,27.05412,26.41106,23.0962
1785208384,26.38857,84.35798,90,0,233,,1,27.29098,26.34333,22.92727
1785208385,26.4313,84.56702,90,0,233,,1,27.12165,26.27559,23.06253
1785208386,26.31914,84.57771,90,0,233,,1,27.18938,26.1742,22.8934
1785208387,26.31914,84.96986,90,0,233,,1,27.15551,26.34333,22.9948
1785208387,26.34585,85.23537,90,0,233,,1,27.12165,26.37719,23.06253
1785208388,26.4313,85.4139,90,0,233,,1,27.15551,26.34333,23.02867
1785208389,26.5301,85.81369,90,0,233,,1,27.05412,26.47879,22.92727
1785208389,26.38857,86.01968,90,0,233,,1,27.12165,26.47879,22.96113
1785208390,26.50072,86.22873,90,0,233,,1,27.08778,26.44473,23.06253
1785208391,26.37522,86.52323,90,0,233,,1,27.15551,26.34333,22.9948
1785208391,26.34585,86.45304,90,0,233,,1,27.08778,26.44473,22.9948
1785208392,26.37522,86.47135,90,0,233,,1,27.12165,26.44473,23.02867
1785208393,26.41794,86.39048,90,0,233,,1,27.15551,26.44473,23.02867
1785208393,26.4313,86.23026,90,0,233,,1,27.22325,26.44473,22.92727
1785208394,26.47402,86.24246,90,0,233,,1,27.05412,26.44473,23.06253
1785208395,26.4313,86.05478,90,0,233,,1,27.12165,26.37719,23.06253
1785208395,26.41794,85.92661,90,0,233,,1,27.12165,26.44473,23.02867
1785208396,26.31914,85.8259,90,0,232,,1,27.08778,26.37719,22.9948
1785208397,26.28977,85.67178,90,0,233,,1,27.08778,26.44473,22.92727
1785208397,26.34585,85.49325,90,0,233,,1,27.18938,26.34333,22.96113
1785208398,26.31914,85.47494,90,0,233,,1,27.12165,26.41106,23.06253
1785208399,26.31914,85.39254,90,0,233,,1,27.12165,26.41106,22.92727
1785208399,26.38857,85.41085,90,0,233,,1,27.08778,26.41106,23.06253
1785208400,26.36187,85.3727,90,0,233,,1,27.25711,26.47879,22.9948
1785208401,26.38857,85.48409,90,0,233,,1,27.12165,26.51246,22.9948
1785208401,26.36187,85.40475,90,0,233,,1,27.18938,26.41106,22.9948
1785208402,26.38857,85.68093,90,0,234,,1,27.18938,26.44473,22.9948
1785208403,26.28977,85.48867,90,0,233,,1,27.15551,26.41106,23.06253
1785208404,26.31914,85.66262,90,0,233,,1,27.22325,26.41106,23.02867
1785208404,26.44465,85.72671,90,0,233,,1,27.12165,26.54632,22.9948
1785208405,26.37522,85.64736,90,0,233,,1,27.12165,26.41106,22.96113
1785208406,26.38857,85.69009,90,0,233,,1,27.08778,26.51246,22.92727
1785208406,26.4313,85.81674,90,0,233,,1,27.22325,26.51246,23.06253
1785208407,26.38857,85.92813,90,0,233,,1,27.15551,26.30946,23.02867
1785208408,26.458,86.01968,90,0,233,,1,27.15551,26.41106,23.06253
1785208408,26.458,86.09293,90,0,233,,1,27.15551,26.51246,22.9948
1785208409,26.38857,86.18753,90,0,233,,1,27.15551,26.34333,23.13006
1785208410,26.40192,86.11887,90,0,233,,1,27.22325,26.30946,22.96113
1785208410,26.36187,86.04562,90,0,233,,1,27.15551,26.30946,23.02867
1785208411,26.31914,86.13412,90,0,233,,1,27.08778,26.44473,23.13006
1785208412,26.41794,86.06088,90,0,233,,1,27.18938,26.44473,23.02867
1785208412,26.44465,85.98611,90,0,234,,1,27.08778,26.37719,23.02867
1785208413,26.5301,85.8671,90,0,233,,1,27.29098,26.51246,22.96113
1785208414,26.38857,85.75266,90,0,233,,1,27.08778,26.47879,22.9948
1785208414,26.31914,85.74349,90,0,233,,1,27.08778,26.41106,22.9948
1785208415,26.48737,85.57412,90,0,233,,1,27.25711,26.41106,22.96113
1785208416,26.33249,85.55123,90,0,233,,1,27.15551,26.27559,22.9948
1785208416,26.30312,85.49172,90,0,233,,1,27.22325,26.37719,22.9948
1785208417,26.31914,85.35134,90,0,233,,1,27.22325,26.44473,22.8934
1785208418,26.38857,85.30862,90,0,233,,1,27.22325,26.34333,22.96113
1785208418,26.38857,85.09041,90,0,233,,1,27.12165,26.44473,23.02867
1785208419,26.41794,85.20485,90,0,233,,1,27.12165,26.30946,22.96113
1785208420,26.40192,85.12703,90,0,233,,1,27.05412,26.41106,23.0962
1785208421,26.31914,85.13466,90,0,233,,1,27.18938,26.47879,22.9948
1785208421,26.30312,85.14076,90,0,233,,1,27.18938,26.37719,22.9948
1785208422,26.37522,85.28573,90,0,233,,1,27.12165,26.47879,22.96113
1785208423,26.37522,85.30556,90,0,233,,1,27.32484,26.47879,23.06253
1785208423,26.38857,85.28725,90,0,233,,1,27.12165,26.41106,23.02867
1785208424,26.36187,85.19875,90,0,233,,1,27.12165,26.37719,22.9948
1785208425,26.37522,85.30556,90,0,233,,1,27.25711,26.34333,22.96113
1785208425,26.38857,85.24605,90,0,233,,1,27.12165,26.37719,22.92727
1785208426,26.44465,85.11787,90,0,233,,1,27.18938,26.41106,22.9948
1785208427,26.38857,85.11177,90,0,233,,1,27.18938,26.34333,23.02867
1785208427,26.30312,85.14992,90,0,233,,1,27.12165,26.37719,22.9948
1785208428,26.33249,84.85085,90,0,233,,1,27.15551,26.24193,23.0962
1785208429,26.44465,84.79744,90,0,233,,1,27.18938,26.37719,22.9948
1785208429,26.37522,84.73792,90,0,233,,1,27.18938,26.41106,23.0962
1785208430,26.44465,84.86,90,0,233,,1,27.05412,26.37719,22.96113
1785208431,26.31914,84.73335,90,0,233,,1,27.15551,26.47879,22.92727
1785208431,26.4313,84.6601,90,0,233,,1,27.18938,26.54632,22.9948
1785208432,26.30312,84.55329,90,0,233,,1,27.25711,26.44473,22.96113
1785208433,26.40192,84.58076,90,0,233,,1,27.25711,26.34333,22.92727
1785208433,26.37522,84.52125,90,0,234,,1,27.18938,26.41106,22.92727
1785208434,26.4313,84.53651,90,0,233,,1,27.15551,26.27559,22.9948
1785208435,26.37522,84.44953,90,0,233,,1,27.15551,26.47879,23.0962
1785208435,26.37522,84.41749,90,0,233,,1,27.08778,26.44473,22.9948
1785208436,26.28977,84.26032,90,0,233,,1,27.12165,26.41106,22.9948
1785208437,26.44465,84.29237,90,0,233,,1,27.12165,26.34333,22.92727
1785208438,26.33249,84.28321,90,0,233,,1,27.12165,26.34333,23.06253
1785208438,26.4313,84.27863,90,0,233,,1,27.18938,26.51246,22.96113
1785208439,26.40192,84.17792,90,0,233,,1,27.25711,26.44473,22.96113
1785208440,26.36187,84.15503,90,0,233,,1,27.15551,26.41106,22.9948
1785208440,26.40192,84.11536,90,0,233,,1,27.15551,26.41106,23.0962
1785208441,26.27642,83.8941,90,0,233,,1,27.05412,26.47879,22.92727
1785208442,26.41794,83.94446,90,0,233,,1,27.08778,26.47879,23.02867
1785208442,26.31914,83.86359,90,0,233,,1,27.12165,26.30946,23.02867
1785208443,26.36187,83.93988,90,0,233,,1,26.98638,26.44473,23.06253
1785208444,26.28977,83.80713,90,0,233,,1,27.02005,26.44473,22.9948
1785208444,26.4313,83.87579,90,0,233,,1,27.12165,26.1742,22.9948
1785208445,26.34585,83.77966,90,0,233,,1,27.22325,26.41106,22.92727
1785208446,26.4313,83.77203,90,0,233,,1,27.02005,26.51246,23.02867
1785208446,26.33249,83.58892,90,0,233,,1,27.12165,26.44473,22.96113
1785208447,26.31914,83.64843,90,0,233,,1,27.15551,26.41106,23.06253
1785208448,26.36187,83.61944,90,0,233,,1,27.22325,26.41106,22.92727
1785208448,26.33249,83.57977,90,0,233,,1,27.08778,26.41106,22.9948
1785208449,26.38857,83.5523,90,0,233,,1,27.15551,26.37719,22.96113
1785208450,26.36187,83.53399,90,0,233,,1,27.15551,26.37719,23.02867
1785208450,26.40192,83.61028,90,0,233,,1,27.05412,26.47879,22.92727
1785208451,26.31914,83.41039,90,0,233,,1,27.18938,26.34333,23.13006
1785208452,26.27642,83.44091,90,0,233,,1,27.15551,26.37719,22.9948
1785208452,26.38857,83.50195,90,0,233,,1,27.15551,26.34333,22.9948
1785208453,26.36187,83.36919,90,0,233,,1,27.05412,26.37719,22.96113
1785208454,26.37522,83.45617,90,0,233,,1,27.15551,26.34333,22.85974
1785208454,26.4313,83.52483,90,0,233,,1,27.12165,26.27559,22.9948
1785208455,26.33249,83.43633,90,0,233,,1,27.12165,26.37719,22.96113
1785208456,26.41794,83.43786,90,0,233,,1,27.05412,26.47879,22.9948
1785208457,26.38857,83.49279,90,0,233,,1,27.02005,26.37719,22.96113
1785208457,26.4313,83.41955,90,0,233,,1,27.05412,26.47879,22.9948
1785208458,26.36187,83.51568,90,0,233,,1,27.18938,26.37719,22.9948
1785208459,26.37522,83.52941,90,0,233,,1,27.15551,26.37719,22.9948
1785208459,26.37522,83.7354,90,0,233,,1,27.15551,26.37719,23.06253
1785208460,26.41794,83.87122,90,0,233,,1,27.12165,26.54632,22.9948
1785208461,26.40192,84.1474,90,0,233,,1,27.15551,26.44473,23.0962
1785208461,26.31914,84.29847,90,0,233,,1,27.18938,26.44473,23.02867
1785208462,26.40192,84.29237,90,0,233,,1,27.12165,26.44473,22.96113
1785208463,26.458,84.35645,90,0,233,,1,27.05412,26.37719,23.06253
1785208463,26.4313,84.41291,90,0,233,,1,27.15551,26.41106,22.9948
1785208464,26.31914,84.31983,90,0,233,,1,27.22325,26.47879,23.0962
1785208465,26.36187,84.12451,90,0,233,,1,27.15551,26.37719,22.96113
1785208465,26.33249,84.04517,90,0,233,,1,27.15551,26.44473,22.9948
1785208466,26.38857,83.96735,90,0,233,,1,27.05412,26.51246,22.96113
1785208467,26.38857,83.99634,90,0,233,,1,27.12165,26.41106,22.9948
1785208467,26.40192,83.93988,90,0,233,,1,27.15551,26.47879,23.06253
1785208468,26.38857,83.78119,90,0,233,,1,27.29098,26.34333,23.02867
1785208469,26.47402,83.85748,90,0,233,,1,27.18938,26.30946,22.92727
1785208469,26.44465,83.62096,90,0,233,,1,27.12165,26.47879,23.06253
1785208470,26.27642,83.59655,90,0,233,,1,27.18938,26.34333,23.0962
1785208471,26.31914,83.55535,90,0,233,,1,27.18938,26.44473,22.9948
1785208471,26.31914,83.41039,90,0,233,,1,27.12165,26.44473,22.9948
1785208472,26.40192,83.43328,90,0,233,,1,27.18938,26.54632,22.96113
1785208473,26.37522,83.38293,90,0,233,,1,27.22325,26.41106,23.02867
1785208474,26.37522,83.36462,90,0,234,,1,27.15551,26.51246,22.9948
1785208474,26.41794,83.47906,90,0,233,,1,27.18938,26.37719,22.9948
1785208475,26.36187,83.4638,90,0,233,,1,27.12165,26.51246,22.96113
1785208476,26.33249,83.43633,90,0,233,,1,27.05412,26.34333,22.9948
1785208476,26.34585,83.45922,90,0,233,,1,27.22325,26.47879,23.02867
1785208477,26.40192,83.5462,90,0,233,,1,27.02005,26.47879,22.9948
1785208478,26.38857,83.5935,90,0,233,,1,27.05412,26.34333,22.92727
1785208478,26.41794,83.52026,90,0,233,,1,27.08778,26.41106,22.96113
1785208479,26.33249,83.65301,90,0,233,,1,27.05412,26.37719,22.96113
1785208480,26.37522,83.52941,90,0,233,,1,27.15551,26.41106,22.96113
1785208480,26.37522,83.61181,90,0,233,,1,27.02005,26.47879,23.06253
1785208481,26.37522,83.45617,90,0,233,,1,27.15551,26.37719,22.96113
1785208482,26.31914,83.4638,90,0,233,,1,27.02005,26.41106,22.96113
1785208482,26.38857,83.51415,90,0,234,,1,27.12165,26.30946,23.02867
1785208483,26.41794,83.56145,90,0,233,,1,27.08778,26.34333,23.02867
1785208484,26.38857,83.47295,90,0,233,,1,27.08778,26.47879,23.02867
1785208484,26.38857,83.46075,90,0,233,,1,27.22325,26.58019,22.96113
1785208485,26.458,83.65606,90,0,233,,1,27.02005,26.37719,22.96113
1785208486,26.37522,83.67437,90,0,233,,1,27.18938,26.47879,23.02867
1785208486,26.44465,83.68353,90,0,233,,1,26.98638,26.41106,22.9948
1785208487,26.458,83.99634,90,0,233,,1,27.22325,26.58019,23.02867
1785208488,26.48737,84.20081,90,0,233,,1,27.15551,26.44473,23.02867
1785208488,26.44465,84.46784,90,0,233,,1,27.12165,26.30946,23.02867
1785208489,26.44465,84.71503,90,0,233,,1,27.18938,26.44473,23.02867
1785208490,26.50072,84.91646,90,0,233,,1,27.18938,26.37719,22.96113
1785208491,26.44465,85.09804,90,0,233,,1,27.08778,26.37719,23.06253
1785208491,26.4313,85.30099,90,0,233,,1,27.18938,26.44473,22.96113
1785208492,26.41794,85.59701,90,0,233,,1,27.18938,26.41106,23.02867
1785208493,26.47402,85.70687,90,0,233,,1,27.12165,26.30946,23.16393
1785208493,26.38857,85.87625,90,0,233,,1,27.08778,26.41106,23.02867
1785208494,26.31914,85.68093,90,0,233,,1,27.08778,26.41106,23.06253
1785208495,26.4313,85.69314,90,0,233,,1,27.08778,26.24193,22.96113
1785208495,26.41794,85.59701,90,0,233,,1,27.12165,26.37719,23.02867
1785208496,26.38857,85.3727,90,0,233,,1,27.22325,26.27559,22.92727
1785208497,26.50072,85.25826,90,0,233,,1,27.18938,26.37719,23.06253
1785208497,26.37522,85.05836,90,0,233,,1,27.05412,26.30946,22.96113
1785208498,26.40192,85.0843,90,0,233,,1,27.22325,26.47879,22.9948
1785208499,26.36187,84.95155,90,0,233,,1,27.08778,26.30946,23.06253
1785208499,26.37522,84.91188,90,0,233,,1,27.12165,26.37719,23.06253
1785208500,26.41794,84.74097,90,0,233,,1,27.18938,26.41106,22.96113
1785208501,26.4313,84.7013,90,0,233,,1,27.15551,26.44473,22.96113
1785208501,26.40192,84.71503,90,0,233,,1,27.15551,26.41106,23.02867
1785208502,26.458,84.72877,90,0,233,,1,27.22325,26.41106,22.9948
1785208503,26.4313,84.75471,90,0,233,,1,27.05412,26.44473,23.06253
1785208503,26.37522,84.72724,90,0,233,,1,27.12165,26.24193,22.9948
1785208504,26.33249,84.86,90,0,233,,1,27.15551,26.41106,23.02867
1785208505,26.47402,84.91035,90,0,233,,1,27.02005,26.44473,23.02867
1785208505,26.36187,85.00191,90,0,233,,1,27.12165,26.37719,22.96113
1785208506,26.37522,85.10872,90,0,233,,1,26.98638,26.47879,22.9948
1785208507,26.458,85.33761,90,0,233,,1,27.18938,26.47879,23.02867
1785208508,26.38857,85.4017,90,0,233,,1,27.22325,26.41106,23.02867
1785208508,26.44465,85.42764,90,0,233,,1,27.08778,26.41106,23.06253
1785208509,26.47402,85.49783,90,0,233,,1,27.15551,26.34333,22.9948
1785208510,26.31914,85.52529,90,0,233,,1,27.12165,26.37719,22.9948
1785208510,26.41794,85.626,90,0,233,,1,27.08778,26.47879,22.9948
1785208511,26.41794,85.72976,90,0,233,,1,27.25711,26.37719,23.02867
1785208512,26.40192,85.62142,90,0,233,,1,27.05412,26.37719,22.92727
1785208512,26.38857,85.8259,90,0,234,,1,27.12165,26.44473,22.9948
1785208513,26.4313,85.87778,90,0,233,,1,27.12165,26.47879,22.9948
1785208514,26.40192,85.98611,90,0,233,,1,27.08778,26.37719,22.9948
1785208514,26.48737,86.15244,90,0,233,,1,27.15551,26.37719,23.06253
1785208515,26.36187,86.01358,90,0,233,,1,27.05412,26.44473,22.9948
1785208516,26.48737,85.99985,90,0,233,,1,27.08778,26.27559,22.96113
1785208516,26.4313,86.00443,90,0,233,,1,27.05412,26.37719,22.9948
1785208517,26.44465,85.91287,90,0,233,,1,27.15551,26.47879,23.06253
1785208518,26.40192,85.76791,90,0,233,,1,27.18938,26.34333,22.9948
1785208518,26.36187,85.64278,90,0,233,,1,27.22325,26.47879,22.9948
1785208519,26.31914,85.52529,90,0,233,,1,27.29098,26.34333,22.96113
1785208520,26.33249,85.272,90,0,233,,1,27.18938,26.37719,23.06253
1785208520,26.30312,85.12093,90,0,233,,1,27.12165,26.41106,22.96113
1785208521,26.44465,85.12703,90,0,233,,1,27.08778,26.30946,23.02867
1785208522,26.36187,84.81575,90,0,233,,1,27.15551,26.30946,22.96113
1785208522,26.41794,84.70893,90,0,234,,1,27.15551,26.30946,22.9948
1785208523,26.38857,84.69978,90,0,233,,1,27.12165,26.51246,23.02867
1785208524,26.4313,84.43427,90,0,233,,1,27.15551,26.37719,22.9948
1785208525,26.38857,84.34882,90,0,233,,1,27.22325,26.34333,23.02867
1785208525,26.31914,84.36103,90,0,233,,1,27.15551,26.44473,23.06253
1785208526,26.34585,84.16113,90,0,233,,1,27.18938,26.30946,23.06253
1785208527,26.458,84.1825,90,0,233,,1,27.15551,26.44473,22.9948
1785208527,26.38857,84.03754,90,0,233,,1,27.12165,26.41106,22.96113
1785208528,26.41794,83.9765,90,0,233,,1,27.05412,26.27559,23.0962
1785208529,26.44465,84.07416,90,0,233,,1,27.08778,26.41106,22.96113
1785208529,26.40192,83.95972,90,0,233,,1,27.18938,26.51246,23.02867
1785208530,26.4313,84.01923,90,0,233,,1,27.15551,26.41106,22.96113
1785208531,26.37522,83.94446,90,0,233,,1,27.08778,26.41106,22.9948
1785208531,26.44465,83.84833,90,0,233,,1,27.02005,26.44473,23.02867
1785208532,26.38857,83.86359,90,0,233,,1,27.25711,26.47879,22.92727
1785208533,26.38857,83.87274,90,0,233,,1,27.08778,26.37719,22.9948
1785208533,26.37522,83.82086,90,0,233,,1,27.18938,26.41106,22.96113
1785208534,26.36187,83.85443,90,0,233,,1,27.15551,26.37719,23.06253
1785208535,26.33249,83.88037,90,0,233,,1,27.22325,26.37719,23.02867
1785208535,26.40192,83.86664,90,0,233,,1,27.25711,26.51246,23.0962
1785208536,26.38857,83.96735,90,0,233,,1,27.18938,26.37719,22.92727
1785208537,26.41794,83.87122,90,0,233,,1,27.08778,26.37719,22.9948
1785208537,26.34585,83.72625,90,0,233,,1,27.05412,26.30946,22.9948
1785208538,26.458,83.87122,90,0,233,,1,27.25711,26.51246,23.06253
1785208539,26.37522,83.71557,90,0,233,,1,27.18938,26.44473,23.0962
1785208539,26.37522,83.78882,90,0,233,,1,27.12165,26.34333,23.06253
1785208540,26.33249,83.55993,90,0,233,,1,27.15551,26.37719,23.02867
1785208541,26.34585,83.56145,90,0,233,,1,27.12165,26.44473,22.96113
1785208541,26.41794,83.6759,90,0,233,,1,27.12165,26.44473,22.9948
1785208542,26.28977,83.56908,90,0,234,,1,27.15551,26.41106,22.9948
1785208543,26.36187,83.41039,90,0,233,,1,27.05412,26.54632,23.02867
1785208544,26.34585,83.4699,90,0,233,,1,27.05412,26.41106,23.02867
1785208544,26.458,83.64385,90,0,233,,1,27.15551,26.44473,23.02867
1785208545,26.36187,83.60723,90,0,233,,1,27.22325,26.27559,22.9948
1785208546,26.40192,83.68963,90,0,233,,1,27.12165,26.30946,22.92727
1785208546,26.30312,83.77966,90,0,233,,1,27.22325,26.37719,23.06253
1785208547,26.41794,83.66521,90,0,233,,1,27.12165,26.41106,23.13006
1785208548,26.41794,83.7583,90,0,233,,1,27.12165,26.34333,23.02867
1785208548,26.37522,83.89105,90,0,233,,1,27.18938,26.30946,23.02867
1785208549,26.44465,83.94141,90,0,233,,1,27.18938,26.47879,23.02867
1785208550,26.36187,83.94904,90,0,233,,1,27.15551,26.41106,22.96113
1785208550,26.36187,84.04211,90,0,233,,1,27.05412,26.34333,23.02867
1785208551,26.41794,84.00549,90,0,233,,1,27.12165,26.30946,23.06253
1785208552,26.44465,84.1062,90,0,233,,1,27.12165,26.37719,23.13006
1785208552,26.37522,84.10925,90,0,234,,1,27.29098,26.61406,22.96113
1785208553,26.41794,84.29694,90,0,233,,1,27.29098,26.27559,23.13006
1785208554,26.37522,84.3122,90,0,233,,1,27.08778,26.44473,23.02867
1785208554,26.44465,84.5182,90,0,233,,1,27.05412,26.44473,22.96113
1785208555,26.36187,84.73335,90,0,233,,1,27.12165,26.37719,22.96113
1785208556,26.36187,84.73335,90,0,233,,1,27.08778,26.47879,22.9948
1785208556,26.44465,84.97444,90,0,233,,1,27.08778,26.34333,22.9948
1785208557,26.458,85.07057,90,0,233,,1,27.18938,26.44473,23.02867
1785208558,26.48737,85.22316,90,0,233,,1,27.25711,26.34333,22.96113
1785208558,26.37522,85.23232,90,0,233,,1,27.08778,26.47879,22.9948
1785208559,26.33249,85.31472,90,0,233,,1,27.12165,26.41106,22.9948
1785208560,26.38857,85.34066,90,0,233,,1,27.22325,26.44473,23.02867
1785208561,26.458,85.61684,90,0,233,,1,27.25711,26.47879,23.02867
1785208561,26.4313,85.75418,90,0,233,,1,27.12165,26.34333,22.96113
1785208562,26.47402,85.74502,90,0,233,,1,27.08778,26.30946,23.02867
1785208563,26.51675,85.79996,90,0,233,,1,27.18938,26.54632,23.02867
1785208563,26.458,85.90524,90,0,233,,1,27.25711,26.54632,22.9948
1785208564,26.40192,86.03647,90,0,233,,1,27.15551,26.54632,22.96113
1785208565,26.34585,86.01968,90,0,233,,1,27.18938,26.30946,23.0962
1785208565,26.37522,86.23483,90,0,233,,1,27.15551,26.27559,23.06253
1785208566,26.37522,86.215,90,0,233,,1,27.22325,26.27559,22.8934
1785208567,26.36187,86.24246,90,0,233,,1,27.05412,26.44473,22.9948
1785208567,26.48737,86.22415,90,0,233,,1,27.18938,26.34333,22.9948
1785208568,26.51675,86.43015,90,0,233,,1,27.15551,26.58019,22.85974
1785208569,26.41794,86.44389,90,0,233,,1,27.22325,26.44473,22.96113
1785208569,26.458,86.53696,90,0,233,,1,27.15551,26.47879,23.0962
1785208570,26.37522,86.51255,90,0,233,,1,27.15551,26.61406,23.0962
1785208571,26.40192,86.52171,90,0,233,,1,27.25711,26.24193,23.02867
1785208571,26.38857,86.55833,90,0,233,,1,27.12165,26.51246,22.96113
1785208572,26.34585,86.68192,90,0,233,,1,27.25711,26.41106,23.02867
1785208573,26.41794,86.60868,90,0,233,,1,27.12165,26.44473,22.96113
1785208573,26.41794,86.64988,90,0,233,,1,27.18938,26.41106,22.92727
1785208574,26.40192,86.77806,90,0,233,,1,27.18938,26.41106,22.9948
1785208575,26.38857,86.86961,90,0,233,,1,27.22325,26.44473,22.96113
1785208575,26.50072,86.88945,90,0,233,,1,27.22325,26.44473,23.02867
1785208576,26.458,87.04356,90,0,233,,1,27.15551,26.34333,23.06253
1785208577,26.4313,87.11681,90,0,233,,1,27.25711,26.41106,22.92727
1785208578,26.4313,87.19005,90,0,233,,1,27.12165,26.37719,22.96113
1785208578,26.37522,87.22362,90,0,233,,1,27.12165,26.44473,23.0962
1785208579,26.4313,87.16869,90,0,233,,1,27.12165,26.27559,22.8934
1785208580,26.40192,87.04814,90,0,233,,1,27.15551,26.44473,22.85974
1785208580,26.40192,86.8925,90,0,233,,1,27.15551,26.51246,23.06253
1785208581,26.34585,86.74296,90,0,233,,1,27.12165,26.37719,22.9948
1785208582,26.37522,86.38895,90,0,233,,1,27.25711,26.37719,23.0962
1785208582,26.28977,86.18906,90,0,234,,1,27.08778,26.37719,22.96113
1785208583,26.40192,85.94186,90,0,233,,1,27.08778,26.44473,23.02867
1785208584,26.458,85.84573,90,0,233,,1,27.18938,26.44473,22.9948
1785208584,26.41794,85.57565,90,0,233,,1,27.08778,26.44473,22.9948
1785208585,26.41794,85.28573,90,0,233,,1,27.22325,26.41106,22.9948
1785208586,26.40192,85.18959,90,0,233,,1,27.12165,26.41106,22.9948
1785208586,26.40192,85.0843,90,0,233,,1,27.29098,26.34333,22.96113
1785208587,26.37522,84.95308,90,0,233,,1,27.05412,26.51246,22.9948
1785208588,26.41794,84.89357,90,0,233,,1,27.15551,26.34333,22.92727
1785208588,26.37522,84.82948,90,0,233,,1,27.22325,26.44473,23.06253
1785208589,26.41794,84.84169,90,0,233,,1,27.29098,26.41106,23.0962
1785208590,26.4313,84.66926,90,0,233,,1,27.15551,26.34333,22.9948
1785208590,26.38857,84.62653,90,0,233,,1,27.08778,26.34333,22.9948
1785208591,26.38857,84.53498,90,0,233,,1,27.32484,26.54632,23.02867
1785208592,26.36187,84.53651,90,0,233,,1,27.18938,26.27559,22.9948
1785208593,26.33249,84.44495,90,0,234,,1,27.15551,26.58019,22.9948
1785208593,26.31914,84.34882,90,0,233,,1,27.08778,26.44473,23.0962
1785208594,26.37522,84.34425,90,0,233,,1,27.25711,26.41106,22.9948
1785208595,26.36187,84.24811,90,0,233,,1,27.15551,26.41106,22.9948
1785208595,26.33249,84.19775,90,0,233,,1,27.12165,26.37719,22.96113
1785208596,26.40192,84.09552,90,0,233,,1,27.22325,26.47879,22.9948
1785208597,26.36187,84.20691,90,0,233,,1,27.18938,26.44473,23.06253
1785208597,26.38857,84.09094,90,0,233,,1,27.12165,26.34333,22.96113
1785208598,26.40192,83.99176,90,0,233,,1,27.12165,26.37719,23.06253
1785208599,26.40192,83.86664,90,0,233,,1,27.02005,26.34333,23.02867
1785208599,26.37522,83.92157,90,0,233,,1,26.95252,26.41106,22.9948
1785208600,26.4313,83.70794,90,0,233,,1,27.05412,26.37719,23.06253
1785208601,26.37522,83.79797,90,0,233,,1,27.25711,26.34333,22.96113
1785208601,26.41794,83.72625,90,0,233,,1,27.22325,26.34333,23.02867
1785208602,26.458,83.79034,90,0,233,,1,27.22325,26.37719,22.96113
1785208603,26.41794,83.58282,90,0,233,,1,27.18938,26.44473,23.06253
1785208603,26.37522,83.53857,90,0,233,,1,27.15551,26.41106,22.9948
1785208604,26.36187,83.48363,90,0,233,,1,27.18938,26.30946,22.9948
1785208605,26.4313,83.62859,90,0,233,,1,27.12165,26.37719,23.0962
1785208605,26.41794,83.36767,90,0,233,,1,27.18938,26.41106,22.9948
1785208606,26.36187,83.49584,90,0,233,,1,27.08778,26.30946,23.0962
1785208607,26.40192,83.44244,90,0,233,,1,27.15551,26.37719,22.96113
1785208607,26.30312,83.37377,90,0,233,,1,27.02005,26.47879,22.9948
1785208608,26.40192,83.43328,90,0,233,,1,27.12165,26.37719,22.92727
1785208609,26.4313,83.46075,90,0,233,,1,27.05412,26.34333,22.9948
1785208609,26.44465,83.38293,90,0,233,,1,27.05412,26.37719,22.96113
1785208610,26.458,83.4699,90,0,233,,1,27.12165,26.30946,23.02867
1785208611,26.37522,83.44701,90,0,233,,1,27.12165,26.44473,22.96113
1785208612,26.37522,83.40582,90,0,233,,1,27.22325,26.44473,22.92727
1785208612,26.36187,83.40124,90,0,234,,1,27.12165,26.41106,23.13006
1785208613,26.30312,83.59197,90,0,233,,1,27.08778,26.34333,23.06253
1785208614,26.4313,83.73083,90,0,233,,1,27.15551,26.47879,22.9948
1785208614,26.38857,83.86359,90,0,233,,1,27.12165,26.47879,23.02867
1785208615,26.37522,83.82086,90,0,233,,1,27.18938,26.61406,23.0962
1785208616,26.40192,83.98108,90,0,233,,1,27.15551,26.27559,23.06253
1785208616,26.37522,84.00397,90,0,233,,1,27.12165,26.44473,23.06253
1785208617,26.44465,84.271,90,0,233,,1,27.18938,26.47879,23.13006
1785208618,26.38857,84.24658,90,0,233,,1,27.05412,26.44473,22.96113
1785208618,26.41794,84.44953,90,0,233,,1,27.15551,26.34333,23.0962
1785208619,26.4313,84.69062,90,0,232,,1,27.02005,26.47879,22.96113
1785208620,26.38857,84.75166,90,0,233,,1,27.18938,26.41106,22.92727
1785208620,26.48737,85.02632,90,0,233,,1,27.08778,26.47879,23.06253
1785208621,26.44465,85.29488,90,0,233,,1,27.08778,26.44473,22.9948
1785208622,26.36187,85.30099,90,0,233,,1,27.12165,26.24193,23.06253
1785208622,26.38857,85.42306,90,0,233,,1,26.98638,26.37719,23.02867
1785208623,26.48737,85.41848,90,0,233,,1,27.08778,26.41106,23.02867
1785208624,26.37522,85.67635,90,0,233,,1,27.25711,26.37719,22.9948
1785208624,26.41794,85.86404,90,0,233,,1,27.15551,26.41106,22.96113
1785208625,26.48737,86.0502,90,0,233,,1,27.12165,26.41106,22.9948
1785208626,26.48737,86.2562,90,0,233,,1,27.12165,26.34333,23.02867
1785208626,26.4313,86.33097,90,0,233,,1,27.29098,26.37719,22.8934
1785208627,26.458,86.36149,90,0,233,,1,27.08778,26.44473,23.02867
1785208628,26.47402,86.40726,90,0,233,,1,27.18938,26.41106,22.96113
1785208629,26.44465,86.35691,90,0,233,,1,27.22325,26.34333,23.02867
1785208629,26.37522,86.24399,90,0,233,,1,27.25711,26.37719,23.06253
1785208630,26.4313,86.33097,90,0,233,,1,27.15551,26.44473,23.06253
1785208631,26.458,86.06088,90,0,233,,1,27.08778,26.47879,23.06253
1785208631,26.40192,85.90067,90,0,233,,1,27.15551,26.37719,23.02867
1785208632,26.36187,85.79843,90,0,233,,1,27.12165,26.41106,23.06253
1785208633,26.40192,85.63363,90,0,233,,1,27.25711,26.51246,23.13006
1785208633,26.5301,85.5024,90,0,233,,1,27.25711,26.37719,22.9948
1785208634,26.47402,85.45663,90,0,233,,1,27.22325,26.30946,22.92727
1785208635,26.38857,85.29946,90,0,233,,1,27.05412,26.44473,23.06253
1785208635,26.40192,85.07515,90,0,233,,1,26.95252,26.37719,23.02867
1785208636,26.40192,85.03395,90,0,233,,1,27.15551,26.47879,22.96113
1785208637,26.34585,84.93477,90,0,233,,1,27.15551,26.44473,23.13006
1785208637,26.50072,85.09346,90,0,233,,1,27.05412,26.44473,23.02867
1785208638,26.40192,84.97139,90,0,233,,1,27.18938,26.37719,23.06253
1785208639,26.31914,84.91646,90,0,233,,1,27.12165,26.41106,23.02867
1785208639,26.33249,84.7364,90,0,233,,1,27.12165,26.47879,22.9948
1785208640,26.31914,84.75166,90,0,233,,1,27.15551,26.34333,22.96113
1785208641,26.4313,84.64942,90,0,233,,1,27.15551,26.47879,23.02867
1785208641,26.34585,84.51209,90,0,233,,1,27.08778,26.41106,22.9948
1785208642,26.34585,84.49073,90,0,233,,1,27.08778,26.44473,22.9948
1785208643,26.47402,84.36103,90,0,233,,1,27.08778,26.44473,22.92727
1785208643,26.36187,84.29847,90,0,233,,1,27.12165,26.47879,23.02867
1785208644,26.34585,84.2649,90,0,233,,1,27.18938,26.44473,22.96113
1785208645,26.33249,84.26185,90,0,233,,1,27.12165,26.27559,23.06253
1785208645,26.33249,84.28321,90,0,233,,1,27.18938,26.37719,23.02867
1785208646,26.40192,84.24811,90,0,233,,1,27.05412,26.47879,23.06253
1785208647,26.41794,84.2649,90,0,233,,1,27.08778,26.41106,23.02867
1785208648,26.33249,84.12756,90,0,233,,1,27.22325,26.41106,22.85974
1785208648,26.41794,84.19165,90,0,233,,1,27.08778,26.51246,22.8934
1785208649,26.34585,84.17029,90,0,233,,1,27.12165,26.34333,22.9948
1785208650,26.34585,84.0589,90,0,233,,1,27.12165,26.37719,22.9948
1785208650,26.37522,84.0238,90,0,233,,1,27.15551,26.47879,22.8934
1785208651,26.33249,83.85748,90,0,233,,1,27.12165,26.34333,22.92727
1785208652,26.44465,83.9826,90,0,233,,1,27.15551,26.30946,23.06253
1785208652,26.40192,83.95056,90,0,234,,1,27.18938,26.47879,22.9948
1785208653,26.38857,83.90479,90,0,233,,1,27.15551,26.41106,23.02867
1785208654,26.458,83.98718,90,0,233,,1,27.25711,26.34333,22.96113
1785208654,26.33249,84.12756,90,0,233,,1,27.22325,26.34333,22.9948
1785208655,26.458,84.11993,90,0,233,,1,27.05412,26.41106,23.02867
1785208656,26.38857,84.1825,90,0,233,,1,27.15551,26.44473,23.06253
1785208656,26.37522,84.21149,90,0,233,,1,27.05412,26.44473,22.96113
1785208657,26.40192,84.01007,90,0,233,,1,27.18938,26.44473,22.96113
1785208658,26.36187,84.14587,90,0,233,,1,27.08778,26.41106,23.06253
1785208658,26.34585,84.0589,90,0,233,,1,27.08778,26.54632,22.92727
1785208659,26.34585,84.02686,90,0,233,,1,27.08778,26.34333,22.96113
1785208660,26.33249,84.01312,90,0,233,,1,27.15551,26.41106,22.9948
1785208660,26.44465,83.97192,90,0,233,,1,27.22325,26.41106,22.9948
1785208661,26.40192,83.82697,90,0,233,,1,27.05412,26.58019,22.96113
1785208662,26.41794,83.76746,90,0,233,,1,27.08778,26.37719,22.96113
1785208663,26.41794,83.66521,90,0,234,,1,27.15551,26.51246,22.92727
1785208663,26.47402,83.67132,90,0,233,,1,27.15551,26.51246,23.06253
1785208664,26.37522,83.69421,90,0,233,,1,27.15551,26.41106,22.96113
1785208665,26.23369,83.56451,90,0,233,,1,27.05412,26.37719,22.96113
1785208665,26.34585,83.57366,90,0,233,,1,27.05412,26.30946,23.02867
1785208666,26.34585,83.5523,90,0,233,,1,27.18938,26.44473,23.06253
1785208667,26.31914,83.49279,90,0,233,,1,27.22325,26.37719,23.0962
1785208667,26.31914,83.41955,90,0,233,,1,27.12165,26.30946,22.9948
1785208668,26.38857,83.5523,90,0,233,,1,27.05412,26.34333,23.02867
1785208669,26.33249,83.43633,90,0,233,,1,27.12165,26.27559,23.06253
1785208669,26.37522,83.43633,90,0,233,,1,27.18938,26.37719,23.0962
1785208670,26.36187,83.44244,90,0,233,,1,27.12165,26.41106,23.06253
1785208671,26.4313,83.36004,90,0,233,,1,27.12165,26.37719,22.9948
1785208671,26.37522,83.42718,90,0,233,,1,27.18938,26.34333,22.9948
1785208672,26.44465,83.38293,90,0,233,,1,27.18938,26.47879,23.0962
1785208673,26.30312,83.31426,90,0,233,,1,27.08778,26.47879,23.0962
1785208673,26.37522,83.30358,90,0,233,,1,27.12165,26.47879,23.02867
1785208674,26.34585,83.35851,90,0,233,,1,27.18938,26.47879,23.02867
1785208675,26.40192,83.34173,90,0,233,,1,27.22325,26.34333,23.02867
1785208675,26.40192,83.41344,90,0,233,,1,27.12165,26.41106,23.02867
1785208676,26.458,83.2227,90,0,233,,1,27.22325,26.54632,22.92727
1785208677,26.4313,83.25475,90,0,233,,1,27.08778,26.37719,23.0962
1785208677,26.4313,83.26696,90,0,233,,1,27.12165,26.44473,23.02867
1785208678,26.4313,83.21355,90,0,233,,1,27.22325,26.51246,22.9948
1785208679,26.40192,83.35088,90,0,233,,1,27.15551,26.44473,22.9948
1785208679,26.34585,83.28527,90,0,233,,1,27.25711,26.54632,22.9948
1785208680,26.40192,83.37225,90,0,233,,1,27.18938,26.37719,23.06253
1785208681,26.38857,83.44091,90,0,233,,1,27.15551,26.37719,22.96113
1785208682,26.40192,83.48669,90,0,233,,1,27.25711,26.34333,23.06253
1785208682,26.4313,83.73083,90,0,234,,1,27.05412,26.34333,22.9948
1785208683,26.44465,83.99481,90,0,233,,1,27.15551,26.34333,22.96113
1785208684,26.458,84.24353,90,0,233,,1,27.05412,26.47879,22.9948
1785208684,26.4313,84.77303,90,0,233,,1,27.18938,26.41106,23.02867
1785208685,26.47402,84.96071,90,0,233,,1,27.12165,26.51246,22.96113
1785208686,26.38857,85.02022,90,0,233,,1,27.08778,26.30946,23.06253
1785208686,26.37522,85.02632,90,0,233,,1,27.12165,26.41106,23.02867
1785208687,26.458,85.06142,90,0,233,,1,27.12165,26.44473,23.02867
1785208688,26.44465,85.03548,90,0,233,,1,27.15551,26.37719,23.02867
1785208688,26.4313,84.7425,90,0,233,,1,27.15551,26.41106,22.96113
1785208689,26.36187,84.68147,90,0,233,,1,27.15551,26.34333,23.0962
1785208690,26.44465,84.55939,90,0,233,,1,27.25711,26.37719,22.9948
1785208690,26.4313,84.49378,90,0,233,,1,27.15551,26.34333,22.9948
1785208691,26.458,84.22369,90,0,233,,1,27.22325,26.44473,23.06253
1785208692,26.37522,84.26185,90,0,233,,1,27.25711,26.37719,23.06253
1785208692,26.458,84.16113,90,0,234,,1,27.29098,26.37719,23.0962
1785208693,26.37522,84.08789,90,0,233,,1,27.12165,26.37719,22.96113
1785208694,26.41794,83.81171,90,0,233,,1,27.12165,26.37719,22.9948
1785208694,26.40192,83.82697,90,0,233,,1,27.05412,26.44473,22.96113
1785208695,26.40192,83.61944,90,0,233,,1,27.12165,26.30946,23.06253
1785208696,26.37522,83.59197,90,0,233,,1,27.08778,26.44473,23.0962
1785208696,26.41794,83.46838,90,0,233,,1,27.08778,26.47879,23.02867
1785208697,26.41794,83.38598,90,0,233,,1,27.15551,26.41106,22.85974
1785208698,26.38857,83.48211,90,0,233,,1,27.15551,26.44473,23.02867
1785208699,26.37522,83.32342,90,0,233,,1,27.25711,26.27559,23.02867
1785208699,26.40192,83.33105,90,0,233,,1,27.12165,26.37719,22.96113
1785208700,26.34585,83.31426,90,0,233,,1,27.02005,26.37719,22.9948
1785208701,26.26307,83.27154,90,0,233,,1,27.25711,26.58019,22.9948
1785208701,26.44465,83.30053,90,0,233,,1,27.22325,26.34333,23.02867
1785208702,26.41794,83.24101,90,0,233,,1,27.22325,26.34333,23.06253
1785208703,26.37522,83.20897,90,0,233,,1,27.22325,26.34333,23.0962
1785208703,26.37522,83.23949,90,0,233,,1,27.05412,26.54632,22.9948
1785208704,26.41794,83.14946,90,0,233,,1,27.15551,26.30946,23.02867
1785208705,26.48737,83.18913,90,0,233,,1,27.08778,26.44473,23.02867
1785208705,26.40192,83.11284,90,0,233,,1,27.22325,26.37719,22.9948
1785208706,26.40192,83.20744,90,0,233,,1,27.22325,26.47879,22.9948
1785208707,26.41794,83.06706,90,0,233,,1,27.15551,26.44473,23.02867
1785208707,26.37522,83.05638,90,0,233,,1,27.12165,26.34333,23.0962
1785208708,26.36187,83.0808,90,0,233,,1,27.25711,26.41106,22.9948
1785208709,26.47402,83.20439,90,0,233,,1,27.08778,26.27559,22.96113
1785208709,26.36187,83.10216,90,0,233,,1,27.18938,26.41106,22.9948
1785208710,26.34585,83.19066,90,0,233,,1,27.15551,26.47879,22.9948
1785208711,26.4313,83.2868,90,0,233,,1,27.18938,26.44473,23.02867
1785208711,26.41794,83.12657,90,0,233,,1,27.12165,26.34333,22.96113
1785208712,26.37522,83.09453,90,0,233,,1,27.02005,26.47879,23.06253
1785208713,26.40192,83.22575,90,0,233,,1,27.29098,26.54632,23.06253
1785208713,26.44465,83.093,90,0,233,,1,27.15551,26.37719,23.02867
1785208714,26.38857,83.1403,90,0,233,,1,27.12165,26.47879,23.0962
1785208715,26.38857,83.09911,90,0,233,,1,27.12165,26.34333,23.02867
1785208716,26.38857,83.25323,90,0,233,,1,27.12165,26.58019,23.02867
1785208716,26.33249,83.18913,90,0,233,,1,27.22325,26.34333,22.96113
1785208717,26.4313,83.23491,90,0,233,,1,27.12165,26.41106,23.02867
1785208718,26.31914,83.10216,90,0,232,,1,27.25711,26.47879,22.9948
1785208718,26.40192,83.21812,90,0,233,,1,27.15551,26.37719,22.96113
1785208719,26.38857,83.2227,90,0,233,,1,27.22325,26.37719,22.96113
1785208720,26.41794,83.17082,90,0,233,,1,27.18938,26.47879,23.02867
1785208720,26.40192,83.24559,90,0,233,,1,27.05412,26.44473,23.0962
1785208721,26.38857,83.20287,90,0,233,,1,27.12165,26.37719,22.96113
1785208722,26.4313,83.22575,90,0,233,,1,27.18938,26.30946,22.96113
1785208722,26.41794,83.24101,90,0,234,,1,27.15551,26.47879,22.8934
1785208723,26.37522,83.27154,90,0,233,,1,27.12165,26.44473,22.96113
1785208724,26.50072,83.29443,90,0,233,,1,27.05412,26.51246,23.02867
1785208724,26.41794,83.38598,90,0,233,,1,27.18938,26.51246,22.9948
1785208725,26.4313,83.34936,90,0,233,,1,27.12165,26.34333,22.96113
1785208726,26.51675,83.46532,90,0,233,,1,27.12165,26.44473,22.9948
1785208726,26.38857,83.49279,90,0,233,,1,27.12165,26.51246,22.96113
1785208727,26.27642,83.39971,90,0,233,,1,27.12165,26.44473,23.06253
1785208728,26.37522,83.46838,90,0,233,,1,27.05412,26.41106,22.9948
1785208728,26.4313,83.41955,90,0,233,,1,27.05412,26.47879,23.0962
1785208729,26.33249,83.44549,90,0,233,,1,27.22325,26.37719,23.02867
1785208730,26.38857,83.41955,90,0,233,,1,27.22325,26.51246,22.9948
1785208730,26.48737,83.62096,90,0,233,,1,27.12165,26.30946,23.02867
1785208731,26.38857,83.53246,90,0,233,,1,27.18938,26.41106,23.06253
1785208732,26.44465,83.50652,90,0,233,,1,27.18938,26.37719,22.96113
1785208733,26.48737,83.60113,90,0,234,,1,27.18938,26.37719,23.02867
1785208733,26.458,83.6347,90,0,233,,1,27.08778,26.41106,22.9948
1785208734,26.38857,83.57366,90,0,233,,1,27.15551,26.34333,23.02867
1785208735,26.458,83.57061,90,0,233,,1,27.18938,26.30946,23.02867
1785208735,26.36187,83.5462,90,0,233,,1,27.12165,26.47879,22.9948
1785208736,26.40192,83.57824,90,0,233,,1,27.08778,26.47879,23.06253
1785208737,26.44465,83.65148,90,0,233,,1,27.18938,26.51246,22.9948
1785208737,26.48737,83.69421,90,0,233,,1,27.12165,26.51246,22.9948
1785208738,26.41794,83.62402,90,0,233,,1,27.12165,26.30946,23.02867
1785208739,26.31914,83.64843,90,0,233,,1,27.15551,26.34333,22.9948
1785208739,26.458,83.60265,90,0,233,,1,27.15551,26.44473,22.96113
1785208740,26.36187,83.71099,90,0,233,,1,27.18938,26.41106,22.9948
1785208741,26.38857,83.6881,90,0,233,,1,27.12165,26.47879,22.96113
1785208741,26.50072,83.67895,90,0,233,,1,27.05412,26.41106,23.02867
1785208742,26.40192,83.76288,90,0,233,,1,27.15551,26.34333,22.96113
1785208743,26.48737,83.62096,90,0,233,,1,27.05412,26.41106,22.8934
1785208743,26.458,83.54314,90,0,233,,1,27.05412,26.41106,23.06253
1785208744,26.38857,83.51415,90,0,233,,1,27.08778,26.47879,23.06253
1785208745,26.40192,83.49584,90,0,233,,1,27.08778,26.44473,23.0962
1785208745,26.4313,83.54314,90,0,233,,1,27.12165,26.54632,23.02867
1785208746,26.40192,83.44244,90,0,233,,1,27.18938,26.41106,23.02867
1785208747,26.40192,83.45464,90,0,233,,1,27.22325,26.37719,22.8934
1785208747,26.37522,83.40582,90,0,233,,1,27.12165,26.41106,23.02867
1785208748,26.38857,83.3875,90,0,233,,1,27.12165,26.37719,22.9948
1785208749,26.40192,83.43328,90,0,233,,1,27.15551,26.47879,22.9948
1785208749,26.47402,83.4638,90,0,233,,1,27.12165,26.37719,23.02867
1785208750,26.4313,83.41955,90,0,233,,1,27.18938,26.54632,22.9948
1785208751,26.44465,83.44549,90,0,233,,1,27.08778,26.44473,23.02867
1785208752,26.47402,83.39208,90,0,233,,1,27.12165,26.37719,22.8934
1785208752,26.36187,83.30968,90,0,234,,1,27.05412,26.37719,22.92727
1785208753,26.54345,83.49279,90,0,233,,1,27.12165,26.51246,22.9948
1785208754,26.4313,83.3814,90,0,233,,1,27.22325,26.37719,22.92727
1785208754,26.44465,83.40429,90,0,233,,1,27.12165,26.44473,23.06253
1785208755,26.41794,83.33562,90,0,233,,1,27.22325,26.30946,22.96113
1785208756,26.37522,83.38293,90,0,233,,1,27.29098,26.41106,23.06253
1785208756,26.31914,83.4638,90,0,233,,1,27.08778,26.37719,22.96113
1785208757,26.37522,83.30358,90,0,233,,1,27.29098,26.41106,22.96113
1785208758,26.40192,83.36309,90,0,233,,1,27.12165,26.41106,22.9948
1785208758,26.4313,83.2868,90,0,233,,1,27.22325,26.58019,23.02867
1785208759,26.38857,83.46075,90,0,233,,1,27.08778,26.34333,23.02867
1785208760,26.47402,83.4638,90,0,233,,1,27.15551,26.41106,23.06253
1785208760,26.4313,83.43176,90,0,233,,1,27.15551,26.37719,23.0962
1785208761,26.47402,83.56603,90,0,233,,1,27.15551,26.44473,23.02867
1785208762,26.30312,83.46838,90,0,233,,1,27.22325,26.44473,23.02867
1785208762,26.41794,83.58282,90,0,233,,1,27.15551,26.30946,23.0962
1785208763,26.48737,83.66521,90,0,233,,1,27.05412,26.30946,22.96113
1785208764,26.38857,83.73998,90,0,233,,1,27.25711,26.30946,22.92727
1785208764,26.37522,83.96429,90,0,233,,1,27.15551,26.34333,23.02867
1785208765,26.48737,83.90021,90,0,233,,1,27.12165,26.47879,23.02867
1785208766,26.48737,84.00549,90,0,233,,1,27.05412,26.30946,23.06253
1785208766,26.44465,84.08636,90,0,233,,1,27.08778,26.34333,22.92727
1785208767,26.38857,83.95819,90,0,233,,1,27.12165,26.51246,23.02867
1785208768,26.34585,83.99634,90,0,233,,1,27.22325,26.34333,22.9948
1785208769,26.30312,83.96429,90,0,233,,1,27.12165,26.51246,22.92727
1785208769,26.37522,84.0238,90,0,233,,1,27.18938,26.41106,22.9948
1785208770,26.4313,84.08179,90,0,233,,1,27.12165,26.54632,23.06253
1785208771,26.48737,84.22064,90,0,233,,1,27.08778,26.41106,23.06253
1785208771,26.48737,84.34425,90,0,233,,1,27.08778,26.47879,23.02867
1785208772,26.40192,84.40376,90,0,233,,1,27.15551,26.34333,22.8934
1785208773,26.48737,84.52125,90,0,233,,1,27.05412,26.54632,23.02867
1785208774,26.37522,84.64484,90,0,233,,1,27.22325,26.30946,23.0962
1785208774,26.36187,84.77455,90,0,233,,1,27.25711,26.37719,23.0962
1785208775,26.4313,84.9485,90,0,233,,1,27.18938,26.47879,22.9948
1785208775,26.51675,85.10719,90,0,233,,1,27.18938,26.34333,23.06253
1785208776,26.38857,85.02022,90,0,233,,1,27.22325,26.34333,22.96113
1785208777,26.36187,85.26894,90,0,233,,1,27.25711,26.51246,22.92727
1785208777,26.4313,85.35134,90,0,233,,1,27.18938,26.41106,23.06253
1785208778,26.44465,85.50088,90,0,233,,1,27.12165,26.44473,23.02867
1785208779,26.458,85.49325,90,0,233,,1,27.08778,26.41106,23.06253
1785208779,26.51675,85.66567,90,0,233,,1,27.18938,26.41106,23.02867
1785208780,26.41794,85.60616,90,0,233,,1,27.05412,26.30946,22.9948
1785208781,26.37522,85.67635,90,0,233,,1,27.12165,26.41106,23.0962
1785208781,26.458,85.7084,90,0,233,,1,27.12165,26.47879,22.96113
1785208782,26.34585,85.5848,90,0,233,,1,27.02005,26.41106,22.96113
1785208783,26.48737,85.60616,90,0,233,,1,27.12165,26.37719,23.02867
1785208783,26.41794,85.26437,90,0,233,,1,27.12165,26.37719,23.06253
1785208784,26.36187,85.31319,90,0,233,,1,27.22325,26.51246,22.96113
1785208785,26.4313,85.22774,90,0,233,,1,27.22325,26.30946,22.9948
1785208786,26.458,85.02937,90,0,233,,1,27.05412,26.41106,22.9948
1785208786,26.4313,84.92867,90,0,233,,1,27.08778,26.37719,22.9948
1785208787,26.41794,84.69672,90,0,233,,1,27.18938,26.44473,23.02867
1785208788,26.34585,84.55482,90,0,233,,1,27.12165,26.34333,22.8934
1785208788,26.4313,84.56702,90,0,233,,1,27.12165,26.54632,23.02867
1785208789,26.4313,84.43427,90,0,233,,1,27.29098,26.44473,23.0962
1785208790,26.34585,84.36713,90,0,233,,1,27.15551,26.44473,22.96113
1785208790,26.37522,84.12909,90,0,233,,1,27.12165,26.41106,22.96113
1785208791,26.44465,84.13824,90,0,233,,1,27.18938,26.51246,23.02867
1785208792,26.44465,84.12756,90,0,233,,1,27.18938,26.37719,22.92727
1785208792,26.41794,83.9765,90,0,233,,1,27.15551,26.61406,23.02867
1785208793,26.458,83.9231,90,0,233,,1,27.25711,26.44473,22.9948
1785208794,26.37522,83.82086,90,0,233,,1,27.22325,26.54632,23.0962
1785208794,26.33249,83.90936,90,0,233,,1,27.08778,26.44473,23.06253
1785208795,26.47402,83.74303,90,0,233,,1,27.18938,26.37719,23.02867
1785208796,26.44465,83.80713,90,0,233,,1,27.15551,26.51246,23.02867
1785208796,26.38857,83.77051,90,0,232,,1,27.18938,26.34333,22.9948
1785208797,26.38857,83.65759,90,0,233,,1,27.05412,26.51246,23.02867
1785208798,26.36187,83.72167,90,0,233,,1,27.12165,26.37719,23.06253
1785208798,26.33249,83.49737,90,0,233,,1,27.15551,26.34333,22.92727
1785208799,26.33249,83.56908,90,0,233,,1,27.02005,26.41106,23.06253
1785208800,26.4313,83.65759,90,0,233,,1,27.05412,26.44473,22.9948
1785208800,26.40192,83.59808,90,0,233,,1,27.08778,26.47879,23.0962
1785208801,26.4313,83.61639,90,0,233,,1,27.05412,26.44473,23.0962
1785208802,26.37522,83.62402,90,0,233,,1,27.12165,26.44473,23.02867
1785208803,26.44465,83.64233,90,0,233,,1,27.25711,26.44473,22.9948
1785208803,26.40192,83.43328,90,0,233,,1,27.05412,26.51246,22.96113
1785208804,26.40192,83.55688,90,0,233,,1,27.18938,26.34333,23.02867
1785208805,26.41794,83.59197,90,0,233,,1,27.25711,26.47879,23.06253
1785208805,26.36187,83.50652,90,0,233,,1,27.15551,26.37719,22.9948
1785208806,26.47402,83.51568,90,0,233,,1,27.08778,26.37719,22.9948
1785208807,26.458,83.5935,90,0,233,,1,27.25711,26.37719,22.9948
1785208807,26.44465,83.58892,90,0,233,,1,27.15551,26.37719,22.9948
1785208808,26.30312,83.42718,90,0,233,,1,27.15551,26.54632,22.9948
1785208809,26.41794,83.6347,90,0,233,,1,27.12165,26.44473,22.9948
1785208809,26.38857,83.5935,90,0,233,,1,27.15551,26.37719,23.02867
1785208810,26.27642,83.56451,90,0,233,,1,27.22325,26.30946,22.8934
1785208811,26.38857,83.53246,90,0,233,,1,27.15551,26.34333,23.06253
1785208811,26.40192,83.72167,90,0,233,,1,27.12165,26.47879,23.02867
1785208812,26.37522,83.72472,90,0,233,,1,27.12165,26.51246,23.02867
1785208813,26.40192,83.65148,90,0,233,,1,27.18938,26.44473,22.96113
1785208813,26.40192,83.63927,90,0,233,,1,27.12165,26.34333,22.96113
1785208814,26.36187,83.56603,90,0,233,,1,27.12165,26.41106,22.96113
1785208815,26.4313,83.60723,90,0,233,,1,27.12165,26.37719,23.0962
1785208815,26.41794,83.69421,90,0,233,,1,27.02005,26.30946,23.0962
1785208816,26.4313,83.73083,90,0,233,,1,27.22325,26.34333,22.96113
1785208817,26.44465,83.71252,90,0,233,,1,27.18938,26.34333,22.96113
1785208817,26.34585,83.66674,90,0,233,,1,27.12165,26.37719,22.8934
1785208818,26.37522,83.85901,90,0,233,,1,27.12165,26.44473,23.02867
1785208819,26.31914,83.7522,90,0,233,,1,27.18938,26.41106,23.02867
1785208819,26.40192,83.80713,90,0,233,,1,27.08778,26.27559,22.92727
1785208820,26.41794,83.8819,90,0,233,,1,27.12165,26.54632,23.02867
1785208821,26.37522,83.80865,90,0,233,,1,27.12165,26.44473,22.96113
1785208822,26.458,83.76746,90,0,233,,1,27.12165,26.47879,23.0962
1785208822,26.41794,83.83154,90,0,234,,1,27.08778,26.34333,23.06253
1785208823,26.30312,83.93225,90,0,233,,1,27.18938,26.41106,22.9948
1785208824,26.44465,83.9826,90,0,233,,1,27.22325,26.27559,23.06253
1785208824,26.40192,83.99176,90,0,233,,1,27.12165,26.37719,22.9948
1785208825,26.40192,83.87732,90,0,233,,1,27.12165,26.44473,22.92727
1785208826,26.33249,83.93073,90,0,233,,1,27.15551,26.37719,22.96113
1785208826,26.36187,84.02228,90,0,233,,1,27.08778,26.41106,23.02867
1785208827,26.4313,84.14587,90,0,233,,1,27.22325,26.44473,23.02867
1785208828,26.38857,84.12299,90,0,233,,1,27.12165,26.44473,22.96113
1785208828,26.38857,84.12299,90,0,233,,1,27.15551,26.34333,22.96113
1785208829,26.38857,84.12299,90,0,233,,1,27.22325,26.37719,22.9948
1785208830,26.38857,84.10162,90,0,233,,1,27.22325,26.51246,22.92727
1785208830,26.41794,84.28474,90,0,233,,1,27.12165,26.34333,22.96113
1785208831,26.33249,84.30152,90,0,233,,1,27.22325,26.44473,23.0962
1785208832,26.41794,84.29694,90,0,233,,1,27.18938,26.44473,23.02867
1785208832,26.37522,84.40681,90,0,233,,1,27.15551,26.41106,23.02867
1785208833,26.41794,84.44038,90,0,233,,1,27.08778,26.44473,22.9948
1785208834,26.4313,84.45411,90,0,233,,1,27.15551,26.44473,22.8934
1785208834,26.36187,84.49531,90,0,233,,1,27.18938,26.37719,22.9948
1785208835,26.44465,84.5182,90,0,233,,1,27.22325,26.44473,22.9948
1785208836,26.41794,84.55329,90,0,233,,1,27.15551,26.44473,23.02867
1785208836,26.38857,84.60822,90,0,233,,1,27.12165,26.44473,23.02867
1785208837,26.4313,84.64027,90,0,233,,1,27.12165,26.44473,23.02867
1785208838,26.47402,84.80507,90,0,233,,1,26.98638,26.34333,22.8934
1785208839,26.44465,85.00343,90,0,233,,1,27.02005,26.44473,23.0962
1785208839,26.38857,85.07057,90,0,233,,1,27.18938,26.34333,23.02867
1785208840,26.37522,85.11787,90,0,233,,1,27.12165,26.47879,23.02867
1785208841,26.38857,85.2079,90,0,233,,1,27.08778,26.47879,22.96113
1785208841,26.28977,85.18959,90,0,233,,1,27.05412,26.47879,23.02867
1785208842,26.40192,85.04463,90,0,233,,1,27.12165,26.34333,23.06253
1785208843,26.4313,84.79286,90,0,233,,1,27.15551,26.30946,22.96113
1785208843,26.28977,84.69215,90,0,233,,1,27.08778,26.30946,22.96113
1785208844,26.4313,84.57771,90,0,233,,1,27.12165,26.37719,22.96113
1785208845,26.38857,84.29847,90,0,233,,1,27.15551,26.47879,22.9948
1785208845,26.4313,84.36103,90,0,233,,1,27.18938,26.47879,22.9948
1785208846,26.4313,84.25727,90,0,233,,1,27.12165,26.37719,22.96113
1785208847,26.40192,84.09552,90,0,233,,1,27.15551,26.44473,22.9948
1785208847,26.41794,84.01465,90,0,233,,1,27.18938,26.41106,22.96113
1785208848,26.33249,84.0238,90,0,233,,1,27.08778,26.30946,23.02867
1785208849,26.38857,84.03754,90,0,233,,1,27.15551,26.44473,22.96113
1785208849,26.38857,83.71709,90,0,233,,1,27.18938,26.41106,23.0962
1785208850,26.34585,83.72625,90,0,233,,1,27.15551,26.37719,22.92727
1785208851,26.34585,83.77051,90,0,233,,1,27.22325,26.44473,22.96113
1785208851,26.4313,83.73083,90,0,233,,1,27.18938,26.44473,22.9948
1785208852,26.37522,83.66521,90,0,234,,1,27.08778,26.47879,23.02867
1785208853,26.38857,83.6881,90,0,233,,1,27.18938,26.47879,22.8934
1785208853,26.40192,83.61944,90,0,233,,1,27.18938,26.44473,23.06253
1785208854,26.38857,83.48211,90,0,233,,1,27.15551,26.54632,23.16393
1785208855,26.37522,83.62402,90,0,233,,1,27.22325,26.27559,22.96113
1785208856,26.36187,83.65148,90,0,233,,1,27.08778,26.41106,23.02867
1785208856,26.40192,83.56603,90,0,233,,1,27.02005,26.41106,22.96113
1785208857,26.50072,83.57366,90,0,233,,1,27.15551,26.54632,23.02867
1785208858,26.48737,83.60113,90,0,233,,1,27.12165,26.37719,23.02867
1785208858,26.37522,83.57977,90,0,233,,1,27.08778,26.37719,22.9948
1785208859,26.34585,83.52026,90,0,233,,1,27.12165,26.37719,23.06253
1785208860,26.4313,83.51415,90,0,233,,1,27.05412,26.41106,23.06253
1785208860,26.31914,83.54314,90,0,233,,1,27.12165,26.27559,22.96113
1785208861,26.38857,83.56451,90,0,233,,1,27.22325,26.41106,23.02867
1785208862,26.4313,83.54314,90,0,233,,1,27.12165,26.34333,23.02867
1785208862,26.31914,83.47295,90,0,234,,1,27.02005,26.34333,23.13006
1785208863,26.40192,83.52789,90,0,233,,1,27.22325,26.41106,23.06253
1785208864,26.36187,83.55688,90,0,233,,1,27.12165,26.41106,22.96113
1785208864,26.4313,83.62859,90,0,233,,1,27.18938,26.37719,23.06253
1785208865,26.37522,83.62402,90,0,233,,1,27.18938,26.34333,23.02867
1785208866,26.41794,83.7995,90,0,233,,1,27.08778,26.41106,23.02867
1785208866,26.458,83.9353,90,0,233,,1,27.15551,26.37719,22.96113
1785208867,26.4313,84.04059,90,0,233,,1,27.12165,26.37719,23.06253
1785208868,26.44465,84.1474,90,0,233,,1,27.15551,26.44473,23.06253
1785208868,26.40192,84.26032,90,0,233,,1,27.12165,26.37719,23.06253
1785208869,26.36187,84.31983,90,0,233,,1,27.29098,26.34333,22.92727
1785208870,26.36187,84.28016,90,0,233,,1,27.08778,26.41106,23.02867
1785208870,26.37522,84.35645,90,0,233,,1,27.22325,26.34333,22.9948
1785208871,26.36187,84.36256,90,0,233,,1,27.05412,26.41106,23.06253
1785208872,26.47402,84.23743,90,0,233,,1,27.15551,26.44473,22.9948
1785208873,26.30312,84.3473,90,0,234,,1,27.18938,26.34333,22.9948
1785208873,26.38857,84.25574,90,0,233,,1,27.05412,26.37719,22.9948
1785208874,26.4313,84.18402,90,0,233,,1,27.15551,26.41106,23.02867
1785208875,26.33249,84.15656,90,0,233,,1,27.18938,26.44473,23.06253
1785208875,26.44465,84.12756,90,0,233,,1,27.15551,26.37719,22.96113
1785208876,26.4313,84.23743,90,0,233,,1,27.12165,26.51246,22.9948
1785208877,26.40192,84.271,90,0,233,,1,27.18938,26.34333,22.96113
1785208877,26.40192,84.31068,90,0,233,,1,27.05412,26.44473,23.13006
1785208878,26.458,84.17029,90,0,233,,1,27.12165,26.37719,22.92727
1785208879,26.48737,84.23285,90,0,233,,1,27.25711,26.41106,22.9948
1785208879,26.458,84.21149,90,0,233,,1,27.15551,26.37719,22.92727
1785208880,26.38857,84.22522,90,0,233,,1,27.15551,26.51246,22.96113
1785208881,26.40192,84.12451,90,0,233,,1,27.08778,26.41106,22.9948
1785208881,26.40192,84.02228,90,0,233,,1,27.15551,26.41106,22.92727
1785208882,26.4313,84.05127,90,0,233,,1,27.12165,26.41106,22.9948
1785208883,26.4313,84.01923,90,0,233,,1,27.25711,26.41106,22.8934
1785208883,26.38857,83.91394,90,0,233,,1,27.12165,26.44473,23.02867
1785208884,26.458,84.1001,90,0,233,,1,27.15551,26.44473,23.02867
1785208885,26.47402,84.13672,90,0,233,,1,27.15551,26.37719,23.06253
1785208885,26.37522,84.05585,90,0,233,,1,27.02005,26.41106,23.02867
1785208886,26.51675,84.16876,90,0,233,,1,27.32484,26.37719,23.0962
1785208887,26.33249,84.065,90,0,233,,1,27.12165,26.47879,22.9948
1785208887,26.38857,84.16113,90,0,233,,1,27.02005,26.37719,23.06253
1785208888,26.4313,84.13367,90,0,233,,1,27.15551,26.37719,22.92727
1785208889,26.40192,84.30152,90,0,233,,1,27.15551,26.44473,22.92727
1785208889,26.38857,84.06958,90,0,233,,1,27.02005,26.34333,23.0962
1785208890,26.33249,84.19775,90,0,233,,1,27.25711,26.30946,22.96113
1785208891,26.40192,84.1474,90,0,233,,1,27.08778,26.37719,23.0962
1785208892,26.4313,84.20538,90,0,233,,1,27.08778,26.54632,23.0962
1785208892,26.44465,84.21912,90,0,234,,1,27.08778,26.58019,23.02867
1785208893,26.41794,84.08789,90,0,233,,1,27.15551,26.44473,23.0962
1785208894,26.41794,84.15198,90,0,233,,1,27.32484,26.51246,22.96113
1785208894,26.41794,83.96429,90,0,233,,1,27.05412,26.41106,23.0962
1785208895,26.458,83.9231,90,0,233,,1,27.29098,26.41106,23.02867
1785208896,26.41794,84.07874,90,0,233,,1,27.08778,26.41106,23.02867
1785208896,26.41794,83.99634,90,0,233,,1,27.22325,26.37719,23.0962
1785208897,26.458,83.90326,90,0,233,,1,27.05412,26.44473,22.9948
1785208898,26.34585,83.96735,90,0,233,,1,27.02005,26.41106,23.06253
1785208898,26.4313,83.76135,90,0,233,,1,27.08778,26.51246,22.9948
1785208899,26.38857,83.81323,90,0,233,,1,27.18938,26.44473,23.13006
1785208900,26.458,83.83154,90,0,233,,1,27.18938,26.44473,22.9948
1785208900,26.41794,83.94446,90,0,233,,1,27.05412,26.44473,22.9948
1785208901,26.38857,83.77051,90,0,233,,1,27.12165,26.34333,23.06253
1785208902,26.38857,83.71709,90,0,233,,1,27.08778,26.41106,22.96113
1785208902,26.50072,83.80255,90,0,233,,1,27.02005,26.47879,23.0962
1785208903,26.40192,83.81628,90,0,233,,1,27.12165,26.47879,23.02867
1785208904,26.34585,83.77051,90,0,233,,1,27.15551,26.30946,22.8934
1785208904,26.34585,83.71709,90,0,233,,1,27.22325,26.37719,23.06253
1785208905,26.40192,83.70184,90,0,233,,1,27.12165,26.44473,22.96113
1785208906,26.38857,83.74914,90,0,233,,1,27.22325,26.37719,23.06253
1785208906,26.38857,83.87274,90,0,233,,1,27.08778,26.44473,22.8934
1785208907,26.4313,83.7522,90,0,233,,1,27.29098,26.30946,22.8934
1785208908,26.36187,83.76288,90,0,233,,1,26.95252,26.37719,22.92727
1785208909,26.36187,83.60723,90,0,233,,1,27.29098,26.44473,23.02867
1785208909,26.36187,83.58739,90,0,233,,1,27.29098,26.47879,23.02867
1785208910,26.4313,83.72015,90,0,233,,1,27.18938,26.44473,23.06253
1785208911,26.38857,83.71709,90,0,232,,1,27.02005,26.41106,22.96113
1785208911,26.37522,83.70336,90,0,233,,1,27.18938,26.47879,22.92727
1785208912,26.30312,83.67437,90,0,233,,1,27.02005,26.41106,23.0962
1785208913,26.33249,83.60113,90,0,233,,1,27.15551,26.44473,22.9948
1785208913,26.47402,83.53704,90,0,233,,1,27.15551,26.34333,22.8934
1785208914,26.40192,83.68353,90,0,233,,1,27.22325,26.34333,22.92727
1785208915,26.41794,83.50042,90,0,233,,1,27.08778,26.47879,23.02867
1785208915,26.40192,83.49584,90,0,233,,1,27.05412,26.34333,22.96113
1785208916,26.41794,83.46838,90,0,233,,1,27.12165,26.44473,22.9948
1785208917,26.37522,83.42718,90,0,233,,1,27.05412,26.41106,22.8934
1785208917,26.458,83.41802,90,0,233,,1,27.15551,26.47879,23.06253
1785208918,26.38857,83.4287,90,0,233,,1,27.15551,26.34333,23.02867
1785208919,26.38857,83.29595,90,0,233,,1,27.25711,26.14033,23.02867
1785208919,26.38857,83.27612,90,0,233,,1,27.08778,26.47879,22.85974
1785208920,26.36187,83.35088,90,0,233,,1,27.15551,26.44473,22.96113
1785208921,26.41794,83.31426,90,0,233,,1,27.05412,26.41106,22.9948
1785208921,26.36187,83.18608,90,0,233,,1,27.15551,26.30946,23.13006
1785208922,26.40192,83.18608,90,0,234,,1,27.08778,26.30946,22.96113
1785208923,26.40192,83.28985,90,0,233,,1,27.02005,26.44473,23.0962
1785208923,26.41794,83.27306,90,0,233,,1,27.08778,26.51246,23.02867
1785208924,26.38857,83.26391,90,0,233,,1,27.15551,26.41106,22.92727
1785208925,26.37522,83.29137,90,0,233,,1,27.05412,26.30946,22.8934
1785208926,26.27642,83.19066,90,0,233,,1,27.18938,26.34333,22.9948
1785208926,26.47402,83.2166,90,0,233,,1,27.15551,26.41106,23.06253
1785208927,26.33249,83.11589,90,0,233,,1,27.18938,26.37719,22.96113
1785208928,26.34585,83.21202,90,0,233,,1,27.12165,26.34333,22.9948
1785208928,26.4313,83.36004,90,0,233,,1,27.08778,26.41106,23.02867
1785208929,26.40192,83.19524,90,0,233,,1,27.05412,26.44473,22.9948
1785208930,26.37522,83.14793,90,0,233,,1,27.22325,26.37719,22.92727
1785208930,26.44465,83.26849,90,0,233,,1,27.22325,26.44473,22.9948
1785208931,26.47402,83.25475,90,0,233,,1,27.25711,26.44473,23.06253
1785208932,26.47402,83.16319,90,0,233,,1,27.12165,26.51246,22.9948
1785208932,26.48737,83.28069,90,0,234,,1,27.18938,26.41106,22.9948
1785208933,26.30312,83.13878,90,0,233,,1,27.15551,26.41106,23.06253
1785208934,26.44465,83.12505,90,0,233,,1,27.12165,26.41106,23.06253
1785208934,26.458,83.19066,90,0,233,,1,27.15551,26.41106,22.96113
1785208935,26.38857,83.34936,90,0,233,,1,27.08778,26.34333,23.06253
1785208936,26.41794,83.29443,90,0,233,,1,27.12165,26.41106,23.02867
1785208936,26.36187,83.19524,90,0,233,,1,27.12165,26.37719,23.02867
1785208937,26.31914,83.48363,90,0,233,,1,27.32484,26.47879,23.06253
1785208938,26.44465,83.28069,90,0,233,,1,27.15551,26.41106,22.92727
1785208938,26.33249,83.28069,90,0,233,,1,27.15551,26.51246,22.9948
1785208939,26.48737,83.44549,90,0,233,,1,27.25711,26.44473,22.9948
1785208940,26.40192,83.37225,90,0,233,,1,27.18938,26.44473,23.02867
1785208940,26.458,83.5111,90,0,233,,1,27.22325,26.51246,22.9948
1785208941,26.33249,83.41497,90,0,233,,1,27.15551,26.37719,22.9948
1785208942,26.4313,83.52483,90,0,233,,1,27.15551,26.41106,23.02867
1785208943,26.28977,83.39208,90,0,233,,1,27.18938,26.51246,23.02867
1785208943,26.26307,83.51873,90,0,233,,1,27.05412,26.37719,22.96113
1785208944,26.30312,83.54162,90,0,233,,1,27.08778,26.44473,22.9948
1785208945,26.36187,83.65148,90,0,233,,1,27.15551,26.27559,23.06253
1785208945,26.38857,83.69726,90,0,233,,1,27.12165,26.37719,23.02867
1785208946,26.4313,83.69878,90,0,233,,1,27.18938,26.41106,23.02867
1785208947,26.36187,83.82544,90,0,233,,1,27.18938,26.37719,22.9948
1785208947,26.41794,83.95514,90,0,233,,1,27.08778,26.30946,22.9948
1785208948,26.33249,83.99176,90,0,233,,1,27.12165,26.37719,23.06253
1785208949,26.37522,83.90021,90,0,233,,1,27.15551,26.54632,23.02867
1785208949,26.4313,83.92767,90,0,233,,1,27.08778,26.41106,22.96113
1785208950,26.458,83.99634,90,0,233,,1,27.12165,26.51246,23.02867
1785208951,26.40192,83.99176,90,0,233,,1,27.15551,26.41106,23.0962
1785208951,26.37522,83.90021,90,0,233,,1,27.12165,26.34333,22.8934
1785208952,26.41794,83.91241,90,0,233,,1,27.05412,26.34333,22.9948
1785208953,26.30312,83.76746,90,0,233,,1,26.98638,26.37719,22.8934
1785208953,26.41794,83.83154,90,0,233,,1,27.25711,26.30946,23.02867
1785208954,26.38857,83.6881,90,0,233,,1,27.08778,26.47879,23.02867
1785208955,26.41794,83.82086,90,0,233,,1,27.15551,26.44473,22.96113
1785208955,26.44465,83.74456,90,0,233,,1,27.08778,26.41106,23.06253
1785208956,26.26307,83.70641,90,0,233,,1,27.02005,26.34333,22.9948
1785208957,26.36187,83.63927,90,0,233,,1,27.15551,26.30946,23.02867
1785208957,26.30312,83.66521,90,0,233,,1,27.15551,26.34333,23.02867
1785208958,26.38857,83.70794,90,0,233,,1,27.08778,26.58019,22.9948
1785208959,26.38857,83.65759,90,0,233,,1,27.18938,26.30946,23.06253
1785208960,26.38857,83.69726,90,0,233,,1,27.15551,26.37719,22.9948
1785208960,26.44465,83.85748,90,0,233,,1,27.12165,26.37719,23.02867
1785208961,26.47402,83.92767,90,0,233,,1,27.08778,26.34333,23.02867
1785208962,26.40192,84.07416,90,0,233,,1,27.12165,26.41106,23.02867
1785208962,26.51675,84.12756,90,0,234,,1,27.12165,26.37719,23.06253
1785208963,26.40192,84.22827,90,0,233,,1,27.15551,26.44473,23.06253
1785208964,26.44465,84.26185,90,0,233,,1,27.12165,26.37719,23.06253
1785208964,26.44465,84.5304,90,0,233,,1,27.22325,26.47879,23.02867
1785208965,26.5301,84.57313,90,0,233,,1,27.08778,26.41106,22.92727
1785208966,26.4313,84.88747,90,0,233,,1,27.08778,26.41106,22.92727
1785208966,26.36187,84.86916,90,0,233,,1,27.18938,26.47879,23.06253
1785208967,26.41794,84.99733,90,0,233,,1,27.08778,26.51246,22.96113
1785208968,26.47402,85.24147,90,0,233,,1,27.15551,26.37719,23.02867
1785208968,26.37522,85.23232,90,0,233,,1,27.12165,26.44473,22.96113
1785208969,26.48737,85.30556,90,0,233,,1,27.15551,26.41106,22.8934
1785208970,26.40192,85.18959,90,0,233,,1,27.18938,26.37719,23.02867
1785208970,26.41794,85.13161,90,0,233,,1,27.12165,26.37719,22.96113
1785208971,26.47402,85.19875,90,0,233,,1,27.15551,26.41106,23.02867
1785208972,26.37522,85.19112,90,0,233,,1,27.25711,26.47879,23.02867
1785208972,26.38857,85.16365,90,0,234,,1,27.22325,26.47879,22.96113
1785208973,26.37522,85.09804,90,0,233,,1,27.18938,26.41106,22.96113
1785208974,26.40192,85.06599,90,0,233,,1,27.12165,26.47879,23.06253
1785208974,26.41794,85.04921,90,0,233,,1,27.15551,26.34333,23.02867
1785208975,26.50072,85.12245,90,0,233,,1,27.12165,26.37719,22.96113
1785208976,26.51675,85.20027,90,0,233,,1,27.05412,26.30946,22.9948
1785208976,26.37522,85.06752,90,0,233,,1,27.25711,26.41106,23.06253
1785208977,26.34585,85.04005,90,0,233,,1,27.15551,26.41106,22.92727
1785208978,26.37522,84.98512,90,0,233,,1,27.08778,26.51246,22.9948
1785208979,26.37522,85.02632,90,0,233,,1,27.15551,26.44473,22.96113
1785208979,26.37522,85.01717,90,0,233,,1,27.12165,26.44473,22.9948
1785208980,26.41794,85.02937,90,0,233,,1,27.08778,26.58019,23.02867
1785208981,26.4313,85.0309,90,0,233,,1,27.05412,26.34333,23.06253
1785208981,26.37522,84.97444,90,0,233,,1,27.15551,26.47879,23.02867
1785208982,26.37522,84.88289,90,0,233,,1,26.91865,26.44473,22.9948
1785208983,26.40192,84.67231,90,0,233,,1,27.22325,26.30946,22.96113
1785208983,26.40192,84.7364,90,0,233,,1,27.02005,26.41106,22.9948
1785208984,26.38857,84.63721,90,0,233,,1,27.18938,26.34333,22.8934
1785208985,26.37522,84.45716,90,0,233,,1,27.12165,26.44473,23.0962
1785208985,26.38857,84.44343,90,0,233,,1,27.18938,26.34333,22.96113
1785208986,26.47402,84.23743,90,0,233,,1,27.12165,26.51246,22.96113
1785208987,26.40192,84.16571,90,0,233,,1,27.15551,26.37719,23.06253
1785208987,26.38857,84.10162,90,0,233,,1,27.02005,26.41106,22.96113
1785208988,26.38857,84.02838,90,0,233,,1,27.12165,26.30946,22.96113
1785208989,26.34585,83.74914,90,0,233,,1,27.12165,26.47879,22.96113
1785208989,26.38857,83.8407,90,0,233,,1,27.18938,26.34333,22.9948
1785208990,26.4313,83.69878,90,0,233,,1,27.12165,26.47879,22.9948
1785208991,26.38857,83.71709,90,0,233,,1,27.22325,26.41106,22.9948
1785208991,26.4313,83.63775,90,0,233,,1,27.05412,26.41106,23.02867
1785208992,26.37522,83.64385,90,0,234,,1,27.15551,26.41106,23.02867
1785208993,26.38857,83.48211,90,0,233,,1,27.22325,26.37719,23.0962
1785208993,26.4313,83.505,90,0,233,,1,27.18938,26.44473,22.92727
1785208994,26.38857,83.45007,90,0,233,,1,27.12165,26.37719,22.96113
1785208995,26.40192,83.37225,90,0,233,,1,27.15551,26.37719,22.9948
1785208996,26.41794,83.44701,90,0,233,,1,27.08778,26.47879,23.02867
1785208996,26.31914,83.45159,90,0,233,,1,27.15551,26.34333,23.02867
1785208997,26.30312,83.26238,90,0,233,,1,27.15551,26.44473,23.02867
1785208998,26.41794,83.31426,90,0,233,,1,27.18938,26.47879,22.92727
1785208998,26.33249,83.36309,90,0,233,,1,27.12165,26.44473,22.9948
1785208999,26.458,83.17082,90,0,233,,1,27.12165,26.30946,22.8934
1785209000,26.34585,83.43786,90,0,233,,1,27.15551,26.44473,22.96113
1785209000,26.4313,83.27612,90,0,233,,1,27.18938,26.37719,23.06253
1785209001,26.37522,83.31274,90,0,233,,1,27.18938,26.44473,22.9948
1785209002,26.36187,83.2578,90,0,232,,1,27.05412,26.54632,22.92727
1785209002,26.36187,83.24559,90,0,234,,1,27.05412,26.37719,23.06253
1785209003,26.4313,83.47295,90,0,233,,1,27.18938,26.44473,22.8934
1785209004,26.47402,83.36004,90,0,233,,1,27.02005,26.51246,22.96113
1785209004,26.31914,83.45159,90,0,233,,1,27.12165,26.34333,22.9948
1785209005,26.40192,83.30968,90,0,233,,1,27.08778,26.41106,23.06253
1785209006,26.33249,83.43633,90,0,233,,1,27.18938,26.47879,23.02867
1785209006,26.34585,83.48211,90,0,233,,1,27.12165,26.37719,23.02867
1785209007,26.4313,83.73083,90,0,233,,1,27.22325,26.30946,23.06253
1785209008,26.44465,83.81781,90,0,233,,1,27.12165,26.34333,22.9948
1785209008,26.44465,83.84833,90,0,233,,1,27.12165,26.34333,22.96113
1785209009,26.41794,83.98566,90,0,233,,1,27.12165,26.44473,23.02867
1785209010,26.33249,84.12756,90,0,233,,1,27.15551,26.34333,23.02867
1785209010,26.47402,84.32136,90,0,233,,1,27.12165,26.51246,23.02867
1785209011,26.4313,84.39307,90,0,233,,1,27.12165,26.47879,22.92727
1785209012,26.4313,84.41291,90,0,233,,1,26.98638,26.34333,22.9948
1785209013,26.41794,84.31525,90,0,234,,1,27.15551,26.51246,23.0962
1785209013,26.33249,84.477,90,0,233,,1,27.02005,26.41106,22.9948
1785209014,26.28977,84.36256,90,0,233,,1,27.22325,26.37719,22.9948
1785209015,26.41794,84.42054,90,0,233,,1,27.12165,26.27559,22.96113
1785209015,26.34585,84.39918,90,0,233,,1,27.08778,26.30946,22.96113
1785209016,26.41794,84.28474,90,0,233,,1,27.05412,26.37719,22.9948
1785209017,26.34585,84.1825,90,0,233,,1,27.25711,26.30946,23.0962
1785209017,26.37522,84.25269,90,0,232,,1,27.08778,26.41106,22.92727
1785209018,26.36187,84.01007,90,0,233,,1,27.29098,26.41106,23.06253
1785209019,26.47402,83.96887,90,0,233,,1,27.12165,26.44473,23.06253
1785209019,26.37522,83.93225,90,0,233,,1,27.05412,26.30946,23.02867
1785209020,26.33249,83.86816,90,0,233,,1,27.15551,26.34333,23.0962
1785209021,26.38857,83.67895,90,0,233,,1,27.22325,26.30946,23.06253
1785209021,26.36187,83.67132,90,0,233,,1,27.12165,26.37719,22.9948
1785209022,26.37522,83.69421,90,0,233,,1,27.22325,26.44473,22.92727
1785209023,26.36187,83.5462,90,0,233,,1,27.25711,26.30946,23.02867
1785209023,26.40192,83.61944,90,0,233,,1,27.18938,26.47879,22.96113
1785209024,26.44465,83.50652,90,0,233,,1,27.05412,26.34333,22.96113
1785209025,26.458,83.71709,90,0,233,,1,27.15551,26.30946,22.92727
1785209025,26.40192,83.52789,90,0,233,,1,27.05412,26.37719,23.06253
1785209026,26.47402,83.53704,90,0,233,,1,27.18938,26.34333,22.9948
1785209027,26.38857,83.41955,90,0,233,,1,27.08778,26.34333,22.9948
1785209027,26.4313,83.49279,90,0,233,,1,27.15551,26.34333,22.96113
1785209028,26.36187,83.5462,90,0,233,,1,27.12165,26.41106,22.9948
1785209029,26.36187,83.43328,90,0,233,,1,27.18938,26.30946,23.06253
1785209030,26.37522,83.55077,90,0,233,,1,27.02005,26.37719,22.9948
1785209030,26.36187,83.60723,90,0,233,,1,27.18938,26.34333,22.96113
1785209031,26.41794,83.58282,90,0,233,,1,27.22325,26.54632,22.9948
1785209032,26.33249,83.61181,90,0,233,,1,27.05412,26.37719,22.92727
1785209032,26.47402,83.62859,90,0,234,,1,27.08778,26.47879,22.9948
1785209033,26.36187,83.59808,90,0,233,,1,27.12165,26.44473,23.02867
1785209034,26.28977,83.58892,90,0,233,,1,27.15551,26.37719,23.02867
1785209034,26.36187,83.70184,90,0,233,,1,27.25711,26.37719,23.06253
1785209035,26.4313,83.7522,90,0,233,,1,27.18938,26.51246,23.06253
1785209036,26.38857,83.82239,90,0,233,,1,27.22325,26.47879,23.06253
1785209036,26.36187,83.80408,90,0,233,,1,27.15551,26.37719,22.96113
1785209037,26.47402,83.84528,90,0,233,,1,27.29098,26.30946,22.96113
1785209038,26.4313,83.88495,90,0,233,,1,27.12165,26.44473,22.92727
1785209038,26.41794,83.94446,90,0,233,,1,27.08778,26.44473,22.96113
1785209039,26.51675,84.00397,90,0,233,,1,27.18938,26.34333,22.9948
1785209040,26.44465,83.9826,90,0,233,,1,27.05412,26.44473,22.9948
1785209040,26.41794,83.98566,90,0,233,,1,27.15551,26.34333,22.9948
1785209041,26.36187,84.05127,90,0,233,,1,27.25711,26.30946,23.0962
1785209042,26.37522,83.99481,90,0,233,,1,27.22325,26.47879,23.02867
1785209042,26.31914,84.06042,90,0,234,,1,27.29098,26.34333,22.92727
1785209043,26.36187,84.11536,90,0,233,,1,27.15551,26.41106,23.13006
1785209044,26.38857,84.22522,90,0,233,,1,27.08778,26.34333,22.9948
1785209044,26.4313,84.08179,90,0,233,,1,27.15551,26.34333,23.1978
1785209045,26.37522,84.28474,90,0,233,,1,27.22325,26.37719,23.02867
1785209046,26.458,84.52277,90,0,233,,1,27.12165,26.44473,22.96113
1785209047,26.38857,84.48158,90,0,233,,1,27.12165,26.58019,22.92727
1785209047,26.44465,84.66315,90,0,233,,1,27.12165,26.34333,22.9948
1785209048,26.40192,84.81575,90,0,233,,1,27.05412,26.51246,22.96113
1785209049,26.44465,84.99428,90,0,233,,1,27.05412,26.41106,22.9948
1785209049,26.44465,85.19112,90,0,233,,1,27.08778,26.41106,22.9948
1785209050,26.54345,85.22774,90,0,233,,1,27.18938,26.37719,22.96113
1785209051,26.50072,85.62905,90,0,233,,1,27.15551,26.34333,22.96113
1785209051,26.40192,85.45663,90,0,233,,1,27.05412,26.37719,22.9948
1785209052,26.44465,85.64431,90,0,233,,1,27.18938,26.41106,22.92727
1785209053,26.40192,85.69466,90,0,233,,1,27.18938,26.30946,22.96113
1785209053,26.40192,85.74502,90,0,233,,1,27.08778,26.37719,23.06253
1785209054,26.50072,85.96017,90,0,233,,1,27.12165,26.44473,23.02867
1785209055,26.44465,85.90372,90,0,233,,1,27.12165,26.41106,23.06253
1785209055,26.41794,85.90524,90,0,233,,1,27.15551,26.44473,22.9948
1785209056,26.44465,85.9556,90,0,233,,1,27.22325,26.47879,22.96113
1785209057,26.458,85.93729,90,0,233,,1,27.15551,26.44473,22.92727
1785209057,26.44465,85.832,90,0,233,,1,27.08778,26.41106,22.92727
1785209058,26.41794,85.86404,90,0,233,,1,27.15551,26.41106,22.9948
1785209059,26.41794,85.79385,90,0,233,,1,27.05412,26.47879,23.02867
1785209059,26.40192,85.52071,90,0,233,,1,27.08778,26.27559,23.02867
1785209060,26.38857,85.56649,90,0,233,,1,27.18938,26.44473,23.02867
1785209061,26.30312,85.29641,90,0,233,,1,27.12165,26.34333,22.92727
1785209061,26.458,85.18501,90,0,233,,1,27.12165,26.34333,22.92727
1785209062,26.37522,84.99428,90,0,234,,1,27.08778,26.47879,22.9948
1785209063,26.47402,84.93935,90,0,233,,1,27.15551,26.37719,22.9948
1785209063,26.36187,84.79591,90,0,233,,1,27.18938,26.34333,22.96113
1785209064,26.36187,84.74555,90,0,233,,1,27.18938,26.51246,22.96113
1785209065,26.4313,84.78371,90,0,233,,1,27.18938,26.30946,22.9948
1785209066,26.47402,84.6601,90,0,233,,1,27.12165,26.41106,23.02867
1785209066,26.40192,84.56855,90,0,233,,1,27.18938,26.41106,22.9948
1785209067,26.4313,84.48463,90,0,233,,1,27.18938,26.34333,22.96113
1785209068,26.34585,84.41138,90,0,233,,1,27.12165,26.51246,23.02867
1785209068,26.458,84.33509,90,0,233,,1,27.29098,26.47879,23.02867
1785209069,26.34585,84.37934,90,0,233,,1,27.22325,26.37719,23.06253
1785209070,26.30312,84.08789,90,0,233,,1,27.05412,26.41106,22.85974
1785209070,26.40192,84.23895,90,0,233,,1,27.15551,26.37719,22.9948
1785209071,26.40192,84.11536,90,0,233,,1,27.18938,26.47879,22.92727
1785209072,26.38857,83.99634,90,0,233,,1,27.15551,26.47879,22.96113
1785209072,26.4313,83.82544,90,0,234,,1,27.08778,26.41106,22.9948
1785209073,26.34585,83.7995,90,0,233,,1,27.12165,26.27559,23.02867
1785209074,26.51675,83.78577,90,0,233,,1,27.12165,26.30946,22.8934
1785209074,26.34585,83.62554,90,0,233,,1,27.15551,26.41106,22.9948
1785209075,26.36187,83.63012,90,0,233,,1,27.15551,26.44473,23.06253
1785209076,26.40192,83.61944,90,0,233,,1,27.15551,26.47879,23.02867
1785209076,26.38857,83.6469,90,0,233,,1,27.05412,26.41106,22.96113
1785209077,26.4313,83.61639,90,0,233,,1,27.05412,26.41106,22.92727
1785209078,26.41794,83.53246,90,0,233,,1,27.18938,26.44473,23.06253
1785209078,26.40192,83.48669,90,0,233,,1,27.02005,26.27559,23.02867
1785209079,26.41794,83.43786,90,0,233,,1,27.15551,26.47879,23.02867
1785209080,26.47402,83.57519,90,0,233,,1,27.12165,26.41106,22.96113
1785209080,26.44465,83.42413,90,0,233,,1,27.12165,26.51246,23.02867
1785209081,26.36187,83.57824,90,0,233,,1,27.18938,26.37719,23.02867
1785209082,26.30312,83.56145,90,0,233,,1,27.12165,26.41106,22.96113
1785209083,26.48737,83.72472,90,0,233,,1,27.12165,26.37719,23.06253
1785209083,26.4313,83.60723,90,0,233,,1,27.02005,26.34333,22.96113
1785209084,26.36187,83.73083,90,0,233,,1,27.15551,26.41106,23.06253
1785209085,26.38857,83.73998,90,0,233,,1,27.08778,26.41106,23.02867
1785209085,26.458,83.6347,90,0,233,,1,27.18938,26.34333,23.0962
1785209086,26.4313,83.73083,90,0,233,,1,27.12165,26.41106,22.96113
1785209087,26.36187,83.79492,90,0,233,,1,27.29098,26.37719,22.96113
1785209087,26.40192,83.79492,90,0,233,,1,27.12165,26.34333,22.92727
1785209088,26.41794,83.7583,90,0,233,,1,27.12165,26.37719,22.96113
1785209089,26.41794,83.9231,90,0,233,,1,27.08778,26.41106,22.96113
1785209089,26.34585,84.02686,90,0,233,,1,27.08778,26.37719,23.02867
1785209090,26.458,84.01465,90,0,233,,1,27.12165,26.41106,22.96113
1785209091,26.44465,84.01312,90,0,233,,1,27.12165,26.51246,22.92727
1785209091,26.36187,84.19623,90,0,233,,1,27.12165,26.37719,22.9948
1785209092,26.40192,84.28016,90,0,233,,1,27.02005,26.44473,22.96113
1785209093,26.48737,84.38544,90,0,233,,1,27.15551,26.44473,23.0962
1785209093,26.51675,84.49836,90,0,233,,1,27.18938,26.47879,23.02867
1785209094,26.40192,84.42512,90,0,233,,1,27.12165,26.41106,22.9948
1785209095,26.44465,84.49836,90,0,233,,1,27.15551,26.41106,22.9948
1785209095,26.34585,84.44953,90,0,233,,1,27.08778,26.44473,23.02867
1785209096,26.44465,84.32136,90,0,233,,1,27.22325,26.51246,22.96113
1785209097,26.44465,84.53956,90,0,233,,1,27.05412,26.44473,22.96113
1785209097,26.4313,84.47242,90,0,233,,1,27.22325,26.41106,22.96113
1785209098,26.41794,84.47089,90,0,233,,1,27.15551,26.51246,22.9948
1785209099,26.40192,84.41596,90,0,233,,1,27.05412,26.41106,22.96113
1785209100,26.41794,84.42054,90,0,233,,1,27.15551,26.41106,22.96113
1785209100,26.34585,84.41138,90,0,233,,1,27.12165,26.51246,23.02867
1785209101,26.38857,84.54566,90,0,233,,1,27.18938,26.44473,22.9948
1785209102,26.458,84.58533,90,0,233,,1,27.15551,26.44473,22.92727
1785209102,26.36187,84.48615,90,0,234,,1,27.29098,26.41106,22.9948
1785209103,26.47402,84.64027,90,0,233,,1,27.18938,26.34333,23.06253
1785209104,26.54345,84.79591,90,0,233,,1,27.12165,26.51246,22.96113
1785209104,26.4313,84.93782,90,0,233,,1,27.08778,26.51246,23.02867
1785209105,26.4313,84.96986,90,0,233,,1,27.32484,26.41106,22.9948
1785209106,26.47402,85.02174,90,0,233,,1,27.15551,26.44473,22.96113
1785209106,26.41794,85.15297,90,0,233,,1,27.25711,26.41106,23.02867
1785209107,26.38857,85.30862,90,0,233,,1,27.22325,26.44473,23.02867
1785209108,26.37522,85.34676,90,0,233,,1,27.12165,26.37719,22.96113
1785209108,26.40192,85.51003,90,0,233,,1,27.25711,26.37719,22.9948
1785209109,26.41794,85.44137,90,0,233,,1,27.18938,26.54632,23.0962
1785209110,26.36187,85.49783,90,0,233,,1,27.18938,26.34333,22.9948
1785209110,26.33249,85.56191,90,0,233,,1,27.12165,26.44473,22.96113
1785209111,26.37522,85.63515,90,0,233,,1,26.98638,26.41106,22.9948
1785209112,26.4313,85.69314,90,0,233,,1,27.02005,26.34333,22.9948
1785209112,26.41794,85.72976,90,0,233,,1,27.02005,26.34333,23.02867
1785209113,26.41794,85.81369,90,0,233,,1,27.15551,26.44473,22.8934
1785209114,26.50072,85.98154,90,0,233,,1,27.12165,26.37719,23.02867
1785209114,26.4313,85.95102,90,0,233,,1,27.18938,26.47879,22.85974
1785209115,26.44465,86.08835,90,0,233,,1,27.05412,26.41106,22.8934
1785209116,26.50072,86.28977,90,0,233,,1,27.18938,26.41106,23.02867
1785209117,26.4313,86.32182,90,0,233,,1,27.15551,26.41106,22.9948
1785209117,26.54345,86.39506,90,0,233,,1,27.18938,26.37719,22.9948
1785209118,26.48737,86.43168,90,0,233,,1,27.15551,26.30946,23.02867
1785209119,26.44465,86.28519,90,0,233,,1,27.22325,26.34333,22.96113
1785209119,26.38857,86.32029,90,0,233,,1,27.08778,26.37719,23.06253
1785209120,26.458,86.37064,90,0,233,,1,27.12165,26.51246,22.9948
1785209121,26.458,86.27909,90,0,233,,1,27.12165,26.37719,22.96113
1785209121,26.4313,86.21957,90,0,233,,1,27.22325,26.41106,23.02867
1785209122,26.36187,85.96323,90,0,233,,1,27.18938,26.54632,22.9948
1785209123,26.41794,86.04105,90,0,233,,1,27.05412,26.41106,23.02867
1785209123,26.34585,85.76181,90,0,233,,1,27.08778,26.37719,23.06253
1785209124,26.47402,85.56039,90,0,233,,1,27.22325,26.47879,22.96113
1785209125,26.38857,85.55581,90,0,233,,1,27.12165,26.37719,22.9948
1785209125,26.40192,85.42764,90,0,233,,1,27.25711,26.41106,23.02867
1785209126,26.44465,85.31472,90,0,233,,1,27.15551,26.41106,23.02867
1785209127,26.4313,85.4139,90,0,233,,1,27.15551,26.34333,22.96113
1785209127,26.4313,85.4963,90,0,233,,1,27.18938,26.41106,23.06253
1785209128,26.41794,85.49325,90,0,233,,1,27.15551,26.37719,22.8934
1785209129,26.57282,85.54665,90,0,233,,1,27.05412,26.34333,22.96113
1785209129,26.458,85.63821,90,0,233,,1,27.05412,26.37719,22.96113
1785209130,26.41794,85.74044,90,0,233,,1,27.08778,26.41106,22.9948
1785209131,26.44465,85.64431,90,0,233,,1,27.12165,26.34333,22.9948
1785209131,26.47402,85.68551,90,0,233,,1,26.98638,26.44473,23.02867
1785209132,26.44465,85.58327,90,0,233,,1,27.22325,26.41106,22.96113
1785209133,26.28977,85.60159,90,0,233,,1,27.05412,26.47879,23.02867
1785209134,26.4313,85.53902,90,0,233,,1,26.98638,26.41106,22.9948
1785209134,26.4313,85.36355,90,0,233,,1,27.08778,26.44473,23.0962
1785209135,26.4313,85.42458,90,0,233,,1,27.12165,26.54632,23.06253
1785209136,26.41794,85.20485,90,0,233,,1,26.98638,26.41106,23.02867
1785209136,26.40192,85.12703,90,0,233,,1,27.22325,26.41106,23.13006
1785209137,26.458,84.89357,90,0,233,,1,27.18938,26.47879,23.02867
1785209138,26.41794,85.00801,90,0,233,,1,27.22325,26.37719,22.9948
1785209138,26.4313,84.76387,90,0,233,,1,27.25711,26.34333,22.96113
1785209139,26.40192,84.70435,90,0,233,,1,27.15551,26.54632,22.9948
1785209140,26.41794,84.57313,90,0,233,,1,27.08778,26.37719,23.02867
1785209140,26.44465,84.42664,90,0,233,,1,27.15551,26.34333,23.02867
1785209141,26.458,84.36713,90,0,233,,1,27.02005,26.44473,22.96113
1785209142,26.34585,84.36713,90,0,233,,1,27.25711,26.51246,22.9948
1785209142,26.33249,84.30152,90,0,233,,1,27.15551,26.34333,22.9948
1785209143,26.31914,84.26948,90,0,233,,1,27.15551,26.34333,22.96113
1785209144,26.34585,84.16113,90,0,233,,1,27.18938,26.51246,23.02867
1785209144,26.38857,84.32899,90,0,233,,1,26.98638,26.41106,23.02867
1785209145,26.36187,84.44495,90,0,233,,1,27.25711,26.37719,22.96113
1785209146,26.38857,84.44343,90,0,233,,1,27.15551,26.47879,22.96113
1785209146,26.4313,84.57771,90,0,233,,1,27.18938,26.37719,23.02867
1785209147,26.41794,84.61738,90,0,232,,1,27.22325,26.34333,23.13006
1785209148,26.458,84.61738,90,0,233,,1,27.08778,26.44473,23.06253
1785209148,26.4313,84.80507,90,0,233,,1,27.15551,26.51246,23.0962
1785209149,26.38857,84.64637,90,0,233,,1,27.02005,26.47879,23.02867
1785209150,26.37522,84.85085,90,0,233,,1,27.02005,26.47879,23.02867
1785209150,26.40192,84.82796,90,0,233,,1,27.25711,26.37719,22.9948
1785209151,26.36187,84.92867,90,0,233,,1,27.08778,26.44473,23.02867
1785209152,26.4313,84.93782,90,0,233,,1,27.12165,26.44473,23.06253
1785209153,26.458,84.77913,90,0,233,,1,27.05412,26.44473,23.02867
1785209153,26.458,84.75013,90,0,233,,1,27.05412,26.41106,22.9948
1785209154,26.38857,84.89662,90,0,233,,1,27.08778,26.41106,22.96113
1785209155,26.41794,84.72877,90,0,233,,1,27.22325,26.30946,22.96113
1785209155,26.33249,84.86,90,0,233,,1,27.12165,26.51246,22.9948
1785209156,26.40192,84.7654,90,0,233,,1,27.12165,26.34333,23.0962
1785209157,26.38857,84.54566,90,0,233,,1,26.88478,26.47879,23.02867
1785209157,26.38857,84.8661,90,0,233,,1,27.22325,26.44473,23.06253
1785209158,26.34585,84.70893,90,0,233,,1,27.18938,26.44473,23.02867
1785209159,26.4313,84.64942,90,0,233,,1,27.08778,26.37719,23.02867
1785209159,26.40192,84.48615,90,0,233,,1,27.15551,26.37719,23.02867
1785209160,26.40192,84.42512,90,0,233,,1,27.18938,26.37719,23.02867
1785209161,26.40192,84.47547,90,0,233,,1,27.22325,26.37719,23.06253
1785209161,26.34585,84.3473,90,0,233,,1,27.25711,26.27559,23.02867
1785209162,26.38857,84.30762,90,0,233,,1,27.05412,26.51246,22.96113
1785209163,26.34585,84.23438,90,0,233,,1,27.25711,26.51246,23.06253
1785209163,26.4313,84.22522,90,0,234,,1,27.05412,26.41106,22.96113
1785209164,26.30312,84.21149,90,0,233,,1,27.15551,26.44473,22.9948
1785209165,26.41794,84.39918,90,0,233,,1,27.25711,26.47879,23.0962
1785209165,26.4313,84.24658,90,0,233,,1,27.15551,26.47879,22.9948
1785209166,26.38857,84.03754,90,0,233,,1,27.22325,26.47879,22.96113
1785209167,26.38857,84.21454,90,0,233,,1,27.15551,26.41106,23.06253
1785209167,26.34585,84.04669,90,0,233,,1,27.22325,26.47879,23.06253
1785209168,26.4313,84.07263,90,0,233,,1,27.12165,26.47879,22.96113
1785209169,26.36187,83.95972,90,0,233,,1,27.15551,26.27559,23.02867
1785209170,26.38857,83.96735,90,0,233,,1,27.22325,26.44473,23.06253
1785209170,26.30312,83.83917,90,0,233,,1,27.18938,26.44473,23.02867
1785209171,26.36187,83.84528,90,0,233,,1,27.12165,26.44473,22.9948
1785209172,26.38857,83.82239,90,0,233,,1,27.12165,26.34333,23.02867
1785209172,26.38857,83.71709,90,0,233,,1,27.15551,26.37719,23.0962
1785209173,26.37522,83.60113,90,0,233,,1,27.05412,26.24193,22.92727
1785209174,26.41794,83.65606,90,0,234,,1,27.02005,26.47879,23.0962
1785209174,26.27642,83.60571,90,0,233,,1,27.12165,26.41106,23.0962
1785209175,26.38857,83.57366,90,0,233,,1,27.12165,26.37719,22.96113
1785209176,26.31914,83.59655,90,0,233,,1,27.12165,26.41106,22.9948
1785209176,26.36187,83.45464,90,0,233,,1,27.22325,26.58019,22.96113
1785209177,26.4313,83.52483,90,0,233,,1,27.18938,26.54632,22.96113
1785209178,26.34585,83.48211,90,0,233,,1,27.05412,26.37719,23.02867
1785209178,26.33249,83.40429,90,0,233,,1,27.12165,26.27559,22.92727
1785209179,26.37522,83.45617,90,0,233,,1,27.12165,26.54632,23.06253
1785209180,26.40192,83.48669,90,0,233,,1,27.08778,26.41106,23.02867
1785209180,26.34585,83.40887,90,0,233,,1,27.05412,26.37719,22.9948
1785209181,26.40192,83.41344,90,0,233,,1,27.08778,26.37719,22.96113
1785209182,26.4313,83.41039,90,0,233,,1,27.12165,26.47879,22.96113
1785209182,26.37522,83.52941,90,0,234,,1,27.15551,26.47879,22.9948
1785209183,26.38857,83.40887,90,0,233,,1,27.25711,26.37719,22.9948
1785209184,26.40192,83.34173,90,0,233,,1,27.15551,26.51246,23.06253
1785209184,26.38857,83.32647,90,0,233,,1,27.15551,26.47879,22.9948
1785209185,26.31914,83.30816,90,0,233,,1,27.22325,26.47879,22.96113
1785209186,26.36187,83.3402,90,0,233,,1,27.25711,26.41106,23.02867
1785209187,26.36187,83.27764,90,0,233,,1,27.15551,26.41106,23.02867
1785209187,26.44465,83.36309,90,0,233,,1,27.15551,26.44473,22.9948
1785209188,26.41794,83.21202,90,0,233,,1,27.15551,26.41106,23.06253
1785209189,26.37522,83.28222,90,0,233,,1,27.18938,26.51246,22.9948
1785209189,26.31914,83.27612,90,0,233,,1,27.08778,26.41106,22.96113
1785209190,26.38857,83.23186,90,0,233,,1,27.15551,26.47879,23.02867
1785209191,26.38857,83.26391,90,0,233,,1,27.15551,26.41106,22.8934
1785209191,26.36187,83.24559,90,0,233,,1,27.08778,26.34333,23.06253
1785209192,26.4313,83.328,90,0,233,,1,27.08778,26.47879,22.8934
1785209193,26.40192,83.39208,90,0,233,,1,27.05412,26.41106,22.9948
1785209193,26.4313,83.26696,90,0,233,,1,27.12165,26.37719,23.06253
1785209194,26.36187,83.3402,90,0,233,,1,27.12165,26.44473,23.13006
1785209195,26.44465,83.32189,90,0,233,,1,27.15551,26.44473,23.02867
1785209195,26.33249,83.43633,90,0,233,,1,27.08778,26.37719,23.02867
1785209196,26.26307,83.30358,90,0,233,,1,27.02005,26.34333,23.02867
1785209197,26.4313,83.36919,90,0,233,,1,27.29098,26.47879,23.02867
1785209197,26.48737,83.60113,90,0,233,,1,27.15551,26.44473,22.92727
1785209198,26.458,83.55077,90,0,233,,1,27.18938,26.37719,22.92727
1785209199,26.41794,83.73846,90,0,233,,1,27.12165,26.34333,22.92727
1785209199,26.47402,83.76288,90,0,233,,1,27.08778,26.41106,22.9948
1785209200,26.37522,83.80865,90,0,233,,1,27.12165,26.51246,22.96113
1785209201,26.458,83.87122,90,0,233,,1,27.12165,26.34333,23.02867
1785209201,26.38857,84.04974,90,0,233,,1,27.22325,26.47879,22.96113
1785209202,26.38857,84.13214,90,0,234,,1,27.15551,26.37719,23.06253
1785209203,26.31914,84.00854,90,0,233,,1,27.18938,26.34333,23.02867
1785209204,26.458,84.27558,90,0,233,,1,27.15551,26.37719,22.9948
1785209204,26.38857,84.08179,90,0,233,,1,27.08778,26.37719,23.06253
1785209205,26.44465,84.08636,90,0,233,,1,27.18938,26.41106,23.06253
1785209206,26.38857,84.09094,90,0,233,,1,27.12165,26.37719,23.02867
1785209206,26.40192,83.88647,90,0,233,,1,27.18938,26.44473,22.9948
1785209207,26.41794,84.01465,90,0,233,,1,27.18938,26.37719,22.96113
1785209208,26.40192,83.89868,90,0,233,,1,27.05412,26.37719,23.02867
1785209208,26.44465,83.94141,90,0,233,,1,27.12165,26.34333,23.02867
1785209209,26.40192,83.84528,90,0,233,,1,27.12165,26.54632,22.96113
1785209210,26.28977,83.82544,90,0,233,,1,27.22325,26.44473,22.96113
1785209210,26.4313,83.68963,90,0,233,,1,27.08778,26.41106,22.96113
1785209211,26.38857,83.5523,90,0,233,,1,27.08778,26.41106,23.02867
1785209212,26.41794,83.70641,90,0,233,,1,27.15551,26.47879,23.06253
1785209212,26.37522,83.55077,90,0,234,,1,27.22325,26.37719,22.9948
1785209213,26.41794,83.6759,90,0,233,,1,27.15551,26.41106,22.9948
1785209214,26.37522,83.69421,90,0,233,,1,27.15551,26.41106,22.9948
1785209214,26.37522,83.60113,90,0,233,,1,27.12165,26.34333,23.02867
1785209215,26.36187,83.49584,90,0,233,,1,27.15551,26.47879,22.92727
1785209216,26.34585,83.70641,90,0,233,,1,27.12165,26.47879,23.02867
1785209216,26.37522,83.7354,90,0,233,,1,27.08778,26.51246,23.02867
1785209217,26.40192,83.74303,90,0,233,,1,27.18938,26.54632,22.96113
1785209218,26.458,83.81171,90,0,233,,1,27.12165,26.34333,22.96113
1785209218,26.37522,83.90021,90,0,233,,1,27.22325,26.44473,23.02867
1785209219,26.47402,84.01923,90,0,233,,1,27.18938,26.37719,23.06253
1785209220,26.37522,84.08789,90,0,233,,1,27.15551,26.51246,22.9948
1785209220,26.37522,84.26185,90,0,233,,1,27.08778,26.41106,23.02867
1785209221,26.47402,84.42512,90,0,233,,1,27.18938,26.44473,23.02867
1785209222,26.38857,84.55482,90,0,233,,1,27.08778,26.44473,22.96113
1785209223,26.31914,84.50446,90,0,233,,1,27.12165,26.37719,22.92727
1785209223,26.50072,84.64637,90,0,233,,1,27.05412,26.41106,23.02867
1785209224,26.458,84.68757,90,0,233,,1,27.05412,26.37719,23.02867
1785209225,26.31914,84.59602,90,0,233,,1,27.18938,26.30946,23.02867
1785209225,26.38857,84.59602,90,0,233,,1,27.12165,26.37719,22.96113
1785209226,26.37522,84.49989,90,0,233,,1,27.08778,26.37719,23.02867
1785209227,26.34585,84.41138,90,0,233,,1,27.15551,26.37719,23.0962
1785209227,26.38857,84.37934,90,0,233,,1,27.05412,26.34333,23.0962
1785209228,26.37522,84.25269,90,0,233,,1,27.08778,26.47879,22.96113
1785209229,26.4313,84.20538,90,0,233,,1,27.18938,26.41106,23.02867
1785209229,26.4313,84.08179,90,0,233,,1,27.22325,26.44473,22.9948
1785209230,26.36187,83.99023,90,0,233,,1,27.08778,26.41106,22.96113
1785209231,26.40192,84.00092,90,0,233,,1,27.29098,26.44473,22.85974
1785209231,26.37522,83.83917,90,0,233,,1,27.08778,26.30946,22.96113
1785209232,26.47402,83.90784,90,0,233,,1,27.15551,26.41106,23.13006
1785209233,26.38857,83.5935,90,0,233,,1,27.15551,26.34333,22.96113
1785209233,26.40192,83.79492,90,0,233,,1,27.18938,26.37719,23.02867
1785209234,26.47402,83.68047,90,0,233,,1,27.05412,26.41106,22.9948
1785209235,26.34585,83.6469,90,0,233,,1,27.12165,26.41106,23.02867
1785209235,26.44465,83.44549,90,0,233,,1,27.18938,26.34333,23.06253
1785209236,26.41794,83.46838,90,0,233,,1,27.08778,26.37719,23.06253
1785209237,26.38857,83.51415,90,0,233,,1,27.08778,26.37719,23.06253
1785209237,26.4313,83.56451,90,0,233,,1,27.12165,26.44473,22.9948
1785209238,26.38857,83.50195,90,0,233,,1,27.15551,26.44473,22.9948
1785209239,26.38857,83.6469,90,0,233,,1,27.08778,26.44473,22.96113
1785209240,26.44465,83.50652,90,0,233,,1,27.18938,26.54632,23.02867
1785209240,26.37522,83.59197,90,0,233,,1,27.15551,26.41106,22.96113
1785209241,26.38857,83.57366,90,0,233,,1,27.22325,26.47879,23.06253
1785209242,26.36187,83.63012,90,0,233,,1,27.15551,26.47879,23.02867
1785209242,26.36187,83.71099,90,0,234,,1,27.12165,26.44473,23.02867
1785209243,26.28977,83.81628,90,0,233,,1,27.15551,26.44473,22.96113
1785209244,26.36187,83.90784,90,0,233,,1,27.12165,26.51246,23.06253
1785209244,26.38857,84.02838,90,0,233,,1,26.98638,26.47879,23.0962
1785209245,26.41794,84.08789,90,0,233,,1,27.08778,26.44473,23.06253
1785209246,26.41794,84.07874,90,0,233,,1,27.02005,26.34333,22.9948
1785209246,26.40192,84.28016,90,0,233,,1,27.15551,26.44473,22.96113
1785209247,26.458,84.37934,90,0,233,,1,27.08778,26.30946,22.9948
1785209248,26.41794,84.58533,90,0,233,,1,27.08778,26.27559,23.0962
1785209248,26.48737,84.77913,90,0,233,,1,27.12165,26.37719,22.9948
1785209249,26.44465,84.91188,90,0,233,,1,27.22325,26.30946,22.96113
1785209250,26.44465,84.96223,90,0,233,,1,27.08778,26.34333,22.96113
1785209250,26.36187,84.99275,90,0,233,,1,27.18938,26.44473,22.96113
1785209251,26.47402,85.05379,90,0,233,,1,27.15551,26.37719,23.02867
1785209252,26.36187,84.84779,90,0,233,,1,27.15551,26.41106,23.02867
1785209252,26.4313,84.77303,90,0,233,,1,27.15551,26.51246,23.06253
1785209253,26.38857,84.67841,90,0,233,,1,27.02005,26.47879,23.06253
1785209254,26.36187,84.70435,90,0,233,,1,27.12165,26.27559,22.92727
1785209254,26.34585,84.44953,90,0,233,,1,27.15551,26.47879,23.02867
1785209255,26.50072,84.41138,90,0,233,,1,27.18938,26.37719,22.92727
1785209256,26.4313,84.32899,90,0,233,,1,27.22325,26.30946,22.9948
1785209257,26.40192,84.33051,90,0,233,,1,27.12165,26.47879,22.9948
1785209257,26.38857,84.20538,90,0,233,,1,27.15551,26.30946,22.9948
1785209258,26.40192,84.16571,90,0,233,,1,27.12165,26.47879,22.96113
1785209259,26.34585,84.06958,90,0,233,,1,27.08778,26.34333,22.92727
1785209259,26.37522,84.03601,90,0,233,,1,27.22325,26.44473,23.02867
1785209260,26.38857,83.97803,90,0,233,,1,27.15551,26.24193,23.0962
1785209261,26.41794,83.91241,90,0,233,,1,27.02005,26.34333,22.96113
1785209261,26.41794,84.03601,90,0,233,,1,27.22325,26.41106,23.0962
1785209262,26.34585,84.09094,90,0,233,,1,27.02005,26.47879,22.9948
1785209263,26.44465,84.08636,90,0,233,,1,27.05412,26.47879,23.0962
1785209263,26.4313,84.17487,90,0,233,,1,27.22325,26.47879,23.02867
1785209264,26.4313,84.31068,90,0,233,,1,27.25711,26.47879,22.96113
1785209265,26.38857,84.19318,90,0,233,,1,27.15551,26.20786,23.02867
1785209265,26.38857,84.54566,90,0,233,,1,27.15551,26.41106,22.9948
1785209266,26.40192,84.67231,90,0,233,,1,27.18938,26.54632,23.02867
1785209267,26.41794,84.76845,90,0,233,,1,27.15551,26.37719,23.06253
1785209267,26.458,84.93477,90,0,233,,1,27.22325,26.41106,23.06253
1785209268,26.47402,85.23079,90,0,233,,1,27.08778,26.44473,23.02867
1785209269,26.4313,85.4139,90,0,233,,1,27.12165,26.37719,23.06253
1785209269,26.458,85.50546,90,0,233,,1,27.08778,26.41106,22.9948
1785209270,26.36187,85.56039,90,0,233,,1,27.08778,26.47879,23.02867
1785209271,26.40192,85.72518,90,0,233,,1,27.25711,26.41106,23.06253
1785209271,26.37522,85.60616,90,0,233,,1,27.12165,26.51246,22.96113
1785209272,26.37522,85.39712,90,0,234,,1,27.02005,26.41106,22.96113
1785209273,26.34585,85.42001,90,0,233,,1,27.05412,26.34333,22.9948
1785209274,26.37522,85.19112,90,0,233,,1,27.12165,26.44473,23.0962
1785209274,26.48737,85.29488,90,0,233,,1,27.08778,26.30946,23.0962
1785209275,26.38857,85.19569,90,0,233,,1,27.15551,26.44473,23.0962
1785209276,26.41794,85.03853,90,0,233,,1,27.18938,26.47879,22.96113
1785209276,26.37522,84.92409,90,0,233,,1,27.25711,26.37719,23.02867
1785209277,26.44465,84.74708,90,0,233,,1,27.12165,26.44473,23.02867
1785209278,26.38857,84.76082,90,0,233,,1,27.15551,26.34333,22.96113
1785209278,26.41794,84.59449,90,0,233,,1,27.08778,26.37719,22.96113
1785209279,26.47402,84.70435,90,0,233,,1,27.12165,26.44473,23.02867
1785209280,26.4313,84.51667,90,0,233,,1,27.18938,26.41106,23.02867
1785209280,26.36187,84.54871,90,0,233,,1,27.15551,26.44473,22.9948
1785209281,26.40192,84.42512,90,0,233,,1,27.15551,26.41106,23.02867
1785209282,26.36187,84.35188,90,0,233,,1,27.15551,26.37719,22.9948
1785209282,26.48737,84.35645,90,0,234,,1,27.12165,26.44473,22.85974
1785209283,26.41794,84.23285,90,0,233,,1,27.12165,26.41106,22.9948
1785209284,26.33249,84.2298,90,0,233,,1,27.12165,26.27559,22.9948
1785209284,26.41794,84.12909,90,0,233,,1,27.05412,26.47879,22.96113
1785209285,26.37522,84.09705,90,0,233,,1,27.15551,26.41106,23.0962
1785209286,26.36187,84.07263,90,0,233,,1,27.22325,26.41106,22.9948
1785209286,26.41794,83.91241,90,0,233,,1,27.15551,26.37719,22.8934
1785209287,26.4313,83.85443,90,0,233,,1,27.12165,26.44473,22.9948
1785209288,26.34585,83.74914,90,0,233,,1,27.15551,26.41106,23.02867
1785209288,26.41794,83.70641,90,0,233,,1,27.18938,26.41106,22.9948
1785209289,26.41794,83.76746,90,0,233,,1,27.22325,26.24193,23.02867
1785209290,26.37522,83.50957,90,0,233,,1,27.08778,26.27559,22.9948
1785209291,26.37522,83.53857,90,0,233,,1,27.08778,26.37719,23.02867
1785209291,26.4313,83.48363,90,0,233,,1,27.08778,26.37719,22.9948
1785209292,26.30312,83.34478,90,0,233,,1,27.12165,26.44473,23.02867
1785209293,26.40192,83.31884,90,0,233,,1,27.12165,26.41106,23.02867
1785209293,26.41794,83.35546,90,0,233,,1,27.15551,26.58019,22.9948
1785209294,26.4313,83.30816,90,0,233,,1,27.15551,26.37719,22.9948
1785209295,26.30312,83.35394,90,0,233,,1,27.15551,26.44473,22.9948
1785209295,26.4313,83.3402,90,0,233,,1,27.12165,26.37719,22.92727
1785209296,26.36187,83.35088,90,0,233,,1,27.12165,26.51246,22.92727
1785209297,26.37522,83.14793,90,0,233,,1,27.08778,26.51246,22.96113
1785209297,26.40192,83.27764,90,0,233,,1,27.12165,26.30946,22.96113
1785209298,26.458,83.31426,90,0,233,,1,27.12165,26.37719,23.06253
1785209299,26.36187,83.23643,90,0,233,,1,27.05412,26.44473,22.9948
1785209299,26.40192,83.33105,90,0,233,,1,27.22325,26.41106,22.96113
1785209300,26.34585,83.30511,90,0,233,,1,27.18938,26.27559,22.8934
1785209301,26.4313,83.44091,90,0,233,,1,27.08778,26.41106,22.96113
1785209301,26.38857,83.37682,90,0,233,,1,27.08778,26.51246,23.02867
1785209302,26.38857,83.3875,90,0,233,,1,27.12165,26.44473,23.02867
1785209303,26.41794,83.50042,90,0,233,,1,27.12165,26.34333,22.9948
1785209303,26.40192,83.5462,90,0,233,,1,27.08778,26.44473,22.96113
1785209304,26.36187,83.51568,90,0,233,,1,27.12165,26.44473,22.9948
1785209305,26.31914,83.57519,90,0,233,,1,27.15551,26.34333,23.06253
1785209305,26.41794,83.70641,90,0,233,,1,27.08778,26.34333,23.02867
1785209306,26.38857,83.76135,90,0,233,,1,27.15551,26.41106,22.92727
1785209307,26.458,83.9353,90,0,233,,1,27.22325,26.41106,23.02867
1785209307,26.37522,83.90021,90,0,233,,1,27.08778,26.47879,23.06253
1785209308,26.37522,83.90021,90,0,233,,1,27.22325,26.47879,22.9948
1785209309,26.38857,84.0589,90,0,233,,1,27.29098,26.44473,22.9948
1785209310,26.36187,84.04211,90,0,233,,1,27.15551,26.34333,23.02867
1785209310,26.40192,84.29237,90,0,233,,1,27.12165,26.41106,22.9948
1785209311,26.50072,84.39002,90,0,233,,1,27.15551,26.41106,23.0962
1785209312,26.37522,84.50904,90,0,233,,1,27.12165,26.37719,23.06253
1785209312,26.458,84.60517,90,0,234,,1,27.12165,26.47879,23.0962
1785209313,26.44465,84.5716,90,0,233,,1,27.05412,26.37719,23.02867
1785209314,26.38857,84.66926,90,0,233,,1,27.29098,26.41106,23.06253
1785209314,26.36187,84.55787,90,0,233,,1,27.15551,26.37719,23.0962
1785209315,26.37522,84.72724,90,0,233,,1,27.22325,26.41106,23.06253
1785209316,26.40192,84.75624,90,0,233,,1,27.18938,26.44473,22.96113
1785209316,26.38857,84.78218,90,0,233,,1,27.02005,26.47879,23.02867
1785209317,26.41794,84.75013,90,0,233,,1,27.22325,26.44473,23.06253
1785209318,26.37522,84.82948,90,0,233,,1,27.08778,26.34333,23.02867
1785209318,26.44465,84.70588,90,0,233,,1,27.18938,26.41106,23.02867
1785209319,26.48737,84.78828,90,0,233,,1,27.05412,26.44473,22.96113
1785209320,26.47402,84.82796,90,0,233,,1,27.15551,26.37719,23.06253
1785209320,26.40192,84.69215,90,0,233,,1,27.12165,26.37719,22.96113
1785209321,26.38857,84.71961,90,0,233,,1,27.08778,26.41106,23.0962
1785209322,26.36187,84.79591,90,0,233,,1,27.08778,26.47879,23.06253
1785209322,26.47402,84.71351,90,0,234,,1,27.05412,26.47879,22.92727
1785209323,26.44465,84.70588,90,0,233,,1,27.15551,26.41106,22.9948
1785209324,26.41794,84.69672,90,0,233,,1,27.12165,26.34333,22.92727
1785209324,26.34585,84.71961,90,0,233,,1,27.15551,26.34333,23.06253
1785209325,26.40192,84.64179,90,0,233,,1,27.12165,26.37719,22.92727
1785209326,26.27642,84.81422,90,0,233,,1,27.12165,26.47879,23.02867
1785209327,26.38857,84.88747,90,0,233,,1,27.05412,26.41106,23.02867
1785209327,26.34585,84.86458,90,0,233,,1,27.15551,26.34333,22.96113
1785209328,26.33249,84.9012,90,0,233,,1,27.18938,26.44473,23.02867
1785209329,26.41794,84.90578,90,0,233,,1,27.22325,26.30946,23.06253
1785209329,26.34585,84.83253,90,0,233,,1,27.15551,26.44473,23.02867
1785209330,26.37522,84.90273,90,0,233,,1,27.12165,26.27559,22.9948
1785209331,26.37522,84.95308,90,0,233,,1,27.18938,26.51246,22.9948
1785209331,26.34585,84.88441,90,0,233,,1,27.18938,26.41106,23.06253
1785209332,26.36187,84.77455,90,0,233,,1,27.08778,26.37719,22.9948
1785209333,26.48737,84.95308,90,0,233,,1,27.15551,26.37719,22.92727
1785209333,26.38857,84.96681,90,0,233,,1,27.25711,26.37719,22.96113
1785209334,26.40192,85.0843,90,0,233,,1,27.25711,26.47879,22.9948
1785209335,26.458,85.17281,90,0,233,,1,27.08778,26.41106,23.02867
1785209335,26.40192,85.51003,90,0,233,,1,27.15551,26.34333,23.06253
1785209336,26.34585,85.55581,90,0,233,,1,27.08778,26.44473,23.02867
1785209337,26.41794,85.67941,90,0,233,,1,27.05412,26.41106,22.9948
1785209337,26.51675,85.85031,90,0,233,,1,27.12165,26.37719,23.0962
1785209338,26.37522,86.04715,90,0,233,,1,27.25711,26.34333,23.06253
1785209339,26.4313,86.27146,90,0,233,,1,27.12165,26.51246,23.02867
1785209339,26.48737,86.24704,90,0,233,,1,27.15551,26.44473,22.9948
1785209340,26.44465,86.34776,90,0,233,,1,27.05412,26.44473,22.9948
1785209341,26.38857,86.36149,90,0,233,,1,27.15551,26.54632,22.9948
1785209341,26.4313,86.40421,90,0,233,,1,27.22325,26.27559,22.9948
1785209342,26.47402,86.47135,90,0,234,,1,27.02005,26.41106,23.02867
1785209343,26.458,86.53696,90,0,233,,1,27.12165,26.30946,22.96113
1785209344,26.33249,86.28519,90,0,233,,1,27.12165,26.34333,23.02867
1785209344,26.41794,86.32944,90,0,233,,1,27.15551,26.37719,23.0962
1785209345,26.36187,86.16922,90,0,233,,1,27.15551,26.37719,23.13006
1785209346,26.40192,86.31266,90,0,233,,1,27.15551,26.41106,23.02867
1785209346,26.41794,86.18448,90,0,233,,1,27.12165,26.44473,22.9948
1785209347,26.4313,85.94034,90,0,233,,1,27.18938,26.41106,22.9948
1785209348,26.36187,85.86862,90,0,233,,1,27.22325,26.47879,22.9948
1785209348,26.37522,85.84116,90,0,233,,1,27.22325,26.37719,22.9948
1785209349,26.40192,85.67483,90,0,233,,1,27.12165,26.34333,22.9948
1785209350,26.44465,85.832,90,0,233,,1,27.15551,26.41106,23.02867
1785209350,26.38857,85.71145,90,0,233,,1,27.18938,26.37719,22.9948
1785209351,26.41794,85.81369,90,0,233,,1,27.05412,26.47879,23.02867
1785209352,26.36187,85.71297,90,0,233,,1,27.12165,26.44473,23.02867
1785209352,26.458,85.7084,90,0,233,,1,27.25711,26.47879,23.06253
1785209353,26.40192,85.83047,90,0,233,,1,27.15551,26.34333,23.0962
1785209354,26.44465,85.90372,90,0,233,,1,27.05412,26.41106,23.02867
1785209354,26.4313,86.01358,90,0,233,,1,27.12165,26.47879,22.96113
1785209355,26.37522,86.01816,90,0,233,,1,26.95252,26.47879,23.0962
1785209356,26.51675,86.24399,90,0,233,,1,27.02005,26.37719,23.02867
1785209356,26.458,86.34013,90,0,233,,1,27.18938,26.54632,23.0962
1785209357,26.34585,86.32944,90,0,233,,1,27.15551,26.44473,23.02867
1785209358,26.47402,86.43931,90,0,233,,1,27.08778,26.34333,23.02867
1785209358,26.458,86.43473,90,0,233,,1,27.05412,26.47879,22.9948
1785209359,26.36187,86.41642,90,0,233,,1,27.18938,26.44473,23.02867
1785209360,26.41794,86.39048,90,0,233,,1,27.18938,26.30946,22.92727
1785209361,26.38857,86.35233,90,0,233,,1,27.12165,26.41106,22.9948
1785209361,26.4313,86.28062,90,0,233,,1,27.15551,26.41106,23.02867
1785209362,26.31914,86.19821,90,0,233,,1,27.15551,26.44473,23.02867
1785209363,26.33249,86.1387,90,0,233,,1,27.08778,26.44473,22.9948
1785209363,26.4313,85.94034,90,0,233,,1,27.12165,26.37719,22.96113
1785209364,26.4313,85.83963,90,0,233,,1,27.29098,26.44473,22.96113
1785209365,26.37522,85.72976,90,0,233,,1,27.22325,26.47879,23.02867
1785209365,26.4313,85.77554,90,0,232,,1,26.98638,26.27559,22.92727
1785209366,26.33249,85.58327,90,0,233,,1,27.25711,26.47879,23.02867
1785209367,26.31914,85.35134,90,0,233,,1,27.18938,26.34333,22.9948
1785209367,26.41794,85.37881,90,0,233,,1,27.05412,26.37719,22.8934
1785209368,26.44465,85.13924,90,0,233,,1,27.15551,26.37719,22.9948
1785209369,26.4313,85.1255,90,0,233,,1,27.02005,26.27559,22.9948
1785209369,26.37522,85.14076,90,0,233,,1,27.08778,26.37719,23.06253
1785209370,26.41794,85.18196,90,0,233,,1,27.18938,26.34333,23.06253
1785209371,26.38857,85.14381,90,0,233,,1,27.15551,26.44473,22.9948
1785209371,26.44465,85.272,90,0,233,,1,27.08778,26.34333,22.96113
1785209372,26.36187,85.15755,90,0,233,,1,27.32484,26.47879,22.96113
1785209373,26.37522,85.19112,90,0,233,,1,27.08778,26.54632,22.92727
1785209373,26.37522,85.18196,90,0,234,,1,27.15551,26.54632,23.06253
1785209374,26.37522,85.09804,90,0,233,,1,27.08778,26.44473,22.9948
1785209375,26.37522,85.01717,90,0,233,,1,27.05412,26.37719,23.13006
1785209375,26.33249,84.82948,90,0,233,,1,27.08778,26.41106,22.9948
1785209376,26.37522,84.72724,90,0,233,,1,27.22325,26.37719,22.9948
1785209377,26.36187,84.51667,90,0,233,,1,27.18938,26.37719,22.9948
1785209378,26.37522,84.4892,90,0,233,,1,27.08778,26.37719,22.9948
1785209378,26.40192,84.19775,90,0,233,,1,27.12165,26.47879,23.0962
1785209379,26.40192,84.08331,90,0,233,,1,27.22325,26.41106,22.9948
1785209380,26.458,84.02686,90,0,233,,1,27.18938,26.34333,22.92727
1785209380,26.4313,83.97803,90,0,233,,1,27.15551,26.44473,23.02867
1785209381,26.36187,83.81628,90,0,233,,1,27.15551,26.34333,22.96113
1785209382,26.41794,83.8819,90,0,233,,1,27.15551,26.47879,23.02867
1785209382,26.41794,83.90326,90,0,233,,1,27.08778,26.37719,22.96113
1785209383,26.37522,83.84833,90,0,233,,1,27.15551,26.27559,22.96113
1785209384,26.34585,83.8407,90,0,234,,1,27.12165,26.34333,23.02867
1785209384,26.4313,83.84528,90,0,233,,1,27.12165,26.34333,23.06253
1785209385,26.4313,83.81323,90,0,233,,1,27.22325,26.41106,23.02867
1785209386,26.38857,83.88495,90,0,233,,1,27.12165,26.37719,23.02867
1785209386,26.4313,84.00854,90,0,233,,1,27.08778,26.44473,22.9948
1785209387,26.31914,84.11383,90,0,233,,1,27.08778,26.44473,23.06253
1785209388,26.40192,84.17792,90,0,233,,1,27.25711,26.30946,22.96113
1785209388,26.37522,84.20081,90,0,233,,1,27.08778,26.34333,23.02867
1785209389,26.37522,84.3122,90,0,233,,1,27.15551,26.51246,23.02867
1785209390,26.4313,84.53651,90,0,233,,1,27.15551,26.51246,23.02867
1785209390,26.4313,84.56702,90,0,233,,1,27.05412,26.44473,23.06253
1785209391,26.458,84.70893,90,0,233,,1,27.22325,26.37719,23.13006
1785209392,26.4313,84.9073,90,0,233,,1,27.25711,26.41106,22.96113
1785209392,26.4313,84.93782,90,0,233,,1,27.18938,26.61406,23.0962
1785209393,26.37522,85.05836,90,0,233,,1,27.15551,26.41106,22.9948
1785209394,26.4313,85.19875,90,0,233,,1,27.05412,26.51246,22.9948
1785209394,26.40192,85.33303,90,0,233,,1,27.25711,26.41106,22.9948
1785209395,26.47402,85.44595,90,0,233,,1,27.15551,26.34333,23.06253
1785209396,26.38857,85.35134,90,0,233,,1,27.22325,26.51246,23.06253
1785209397,26.4313,85.52834,90,0,233,,1,27.15551,26.44473,23.02867
1785209397,26.48737,85.36813,90,0,233,,1,27.18938,26.30946,22.8934
1785209398,26.30312,85.28573,90,0,233,,1,27.08778,26.47879,23.02867
1785209399,26.48737,85.31472,90,0,233,,1,27.22325,26.34333,22.92727
1785209399,26.41794,85.11177,90,0,233,,1,27.12165,26.34333,23.02867
1785209400,26.34585,84.96681,90,0,233,,1,27.15551,26.37719,22.96113
1785209401,26.41794,84.76845,90,0,233,,1,27.15551,26.34333,22.96113
1785209401,26.36187,84.73335,90,0,233,,1,27.18938,26.41106,22.9948
1785209402,26.33249,84.44495,90,0,233,,1,27.15551,26.44473,22.96113
1785209403,26.37522,84.29389,90,0,233,,1,27.08778,26.34333,22.8934
1785209403,26.4313,84.25727,90,0,233,,1,27.18938,26.44473,23.02867
1785209404,26.31914,84.13214,90,0,233,,1,27.12165,26.37719,23.0962
1785209405,26.31914,84.01923,90,0,233,,1,27.12165,26.47879,23.0962
1785209405,26.38857,83.91394,90,0,233,,1,27.08778,26.34333,23.02867
1785209406,26.37522,83.90021,90,0,233,,1,27.12165,26.44473,23.02867
1785209407,26.33249,83.88953,90,0,233,,1,27.15551,26.37719,22.9948
1785209407,26.40192,83.72167,90,0,233,,1,27.12165,26.37719,23.13006
1785209408,26.41794,83.68505,90,0,233,,1,27.18938,26.37719,22.9948
1785209409,26.47402,83.53704,90,0,233,,1,27.05412,26.27559,22.9948
1785209409,26.34585,83.45922,90,0,233,,1,27.15551,26.44473,22.9948
1785209410,26.34585,83.6759,90,0,233,,1,27.25711,26.47879,22.96113
1785209411,26.51675,83.52789,90,0,233,,1,27.08778,26.41106,23.06253
1785209411,26.41794,83.55077,90,0,233,,1,27.08778,26.20786,22.9948
1785209412,26.458,83.40582,90,0,234,,1,27.15551,26.34333,23.06253
1785209413,26.37522,83.27154,90,0,233,,1,27.15551,26.34333,22.9948
1785209414,26.33249,83.34173,90,0,233,,1,27.12165,26.27559,23.02867
1785209414,26.40192,83.30968,90,0,233,,1,27.15551,26.44473,23.02867
1785209415,26.40192,83.27764,90,0,233,,1,27.25711,26.47879,23.06253
1785209416,26.4313,83.328,90,0,233,,1,27.05412,26.47879,23.02867
1785209416,26.36187,83.2578,90,0,233,,1,27.18938,26.34333,23.02867
1785209417,26.37522,83.32342,90,0,233,,1,27.22325,26.30946,22.9948
1785209418,26.40192,83.14488,90,0,233,,1,27.18938,26.34333,22.96113
1785209418,26.458,83.2227,90,0,233,,1,27.29098,26.41106,22.9948
1785209419,26.44465,83.17693,90,0,233,,1,27.15551,26.34333,23.06253
1785209420,26.38857,83.1403,90,0,233,,1,27.18938,26.30946,22.96113
1785209420,26.41794,83.17082,90,0,233,,1,27.08778,26.30946,23.06253
1785209421,26.4313,83.26696,90,0,233,,1,27.15551,26.34333,23.02867
1785209422,26.36187,83.11284,90,0,233,,1,27.15551,26.44473,23.02867
1785209422,26.47402,83.0808,90,0,234,,1,27.15551,26.47879,23.02867
1785209423,26.36187,83.0106,90,0,233,,1,27.12165,26.41106,22.96113
1785209424,26.36187,83.11284,90,0,233,,1,27.22325,26.37719,22.96113
1785209424,26.34585,83.06706,90,0,233,,1,27.08778,26.44473,22.9948
1785209425,26.33249,83.02434,90,0,233,,1,27.12165,26.41106,22.96113
1785209426,26.36187,83.0808,90,0,233,,1,27.18938,26.44473,23.02867
1785209426,26.38857,83.10826,90,0,233,,1,27.02005,26.54632,22.92727
1785209427,26.34585,83.10826,90,0,233,,1,27.25711,26.44473,22.96113
1785209428,26.38857,83.17235,90,0,233,,1,27.22325,26.44473,22.96113
1785209428,26.37522,83.20897,90,0,233,,1,27.18938,26.37719,23.02867
1785209429,26.41794,83.37682,90,0,233,,1,27.15551,26.41106,22.8934
1785209430,26.44465,83.38293,90,0,233,,1,27.08778,26.30946,23.02867
1785209431,26.40192,83.45464,90,0,233,,1,27.22325,26.30946,23.02867
1785209431,26.31914,83.66064,90,0,233,,1,27.12165,26.41106,22.9948
1785209432,26.40192,83.91852,90,0,233,,1,27.12165,26.41106,22.8934
1785209433,26.47402,84.30152,90,0,233,,1,27.18938,26.34333,22.8934
1785209433,26.47402,84.51667,90,0,233,,1,27.08778,26.37719,22.96113
1785209434,26.47402,84.82796,90,0,233,,1,27.18938,26.44473,22.8934
1785209435,26.5301,85.05836,90,0,233,,1,27.02005,26.27559,22.9948
1785209435,26.458,85.39101,90,0,233,,1,27.08778,26.34333,23.06253
1785209436,26.41794,85.48257,90,0,233,,1,27.12165,26.30946,22.9948
1785209437,26.34585,85.76181,90,0,233,,1,27.15551,26.41106,22.9948
1785209437,26.41794,86.12344,90,0,233,,1,27.18938,26.51246,22.9948
1785209438,26.41794,86.26688,90,0,233,,1,27.12165,26.41106,23.06253
1785209439,26.38857,86.47593,90,0,233,,1,27.12165,26.34333,22.9948
1785209439,26.47402,86.65446,90,0,233,,1,27.12165,26.44473,22.9948
1785209440,26.33249,86.67735,90,0,233,,1,27.12165,26.37719,23.0962
1785209441,26.4313,86.61326,90,0,233,,1,27.25711,26.58019,22.9948
1785209441,26.30312,86.47135,90,0,233,,1,27.15551,26.47879,23.06253
1785209442,26.27642,86.37217,90,0,233,,1,27.32484,26.41106,23.02867
1785209443,26.40192,86.1387,90,0,233,,1,27.18938,26.51246,22.9948
1785209443,26.41794,85.99985,90,0,233,,1,27.15551,26.44473,22.9948
1785209444,26.36187,85.58938,90,0,233,,1,27.12165,26.41106,22.9948
1785209445,26.41794,85.48257,90,0,233,,1,27.22325,26.64792,22.96113
1785209445,26.41794,85.35897,90,0,233,,1,27.15551,26.34333,22.96113
1785209446,26.40192,85.13618,90,0,233,,1,27.12165,26.47879,22.96113
1785209447,26.44465,85.03548,90,0,233,,1,27.12165,26.44473,22.9948
1785209448,26.4313,84.78371,90,0,233,,1,27.08778,26.41106,22.96113
1785209448,26.44465,84.66315,90,0,233,,1,27.05412,26.30946,23.02867
1785209449,26.36187,84.64027,90,0,233,,1,27.15551,26.41106,22.96113
1785209450,26.38857,84.56702,90,0,233,,1,27.18938,26.47879,22.9948
1785209450,26.38857,84.60822,90,0,233,,1,27.18938,26.37719,23.02867
1785209451,26.41794,84.69672,90,0,233,,1,27.12165,26.44473,23.02867
1785209452,26.44465,84.91188,90,0,233,,1,27.05412,26.41106,22.92727
1785209452,26.44465,84.89204,90,0,234,,1,27.18938,26.47879,22.9948
1785209453,26.458,85.04921,90,0,233,,1,27.12165,26.47879,22.96113
1785209454,26.47402,85.14534,90,0,233,,1,27.12165,26.41106,22.96113
1785209454,26.458,85.34982,90,0,233,,1,27.12165,26.44473,22.9948
1785209455,26.44465,85.41848,90,0,233,,1,27.18938,26.34333,23.02867
1785209456,26.40192,85.53902,90,0,233,,1,27.12165,26.37719,22.96113
1785209456,26.44465,85.51156,90,0,233,,1,27.12165,26.34333,22.9948
1785209457,26.44465,85.62447,90,0,233,,1,27.15551,26.44473,23.02867
1785209458,26.38857,85.72213,90,0,233,,1,27.22325,26.44473,22.92727
1785209458,26.40192,85.61227,90,0,233,,1,27.02005,26.58019,22.9948
1785209459,26.40192,85.53902,90,0,233,,1,27.15551,26.47879,23.02867
1785209460,26.48737,85.60616,90,0,233,,1,27.25711,26.37719,22.85974
1785209460,26.44465,85.51156,90,0,233,,1,27.15551,26.47879,22.96113
1785209461,26.47402,85.45663,90,0,233,,1,27.12165,26.37719,23.06253
1785209462,26.37522,85.35897,90,0,233,,1,27.18938,26.47879,23.02867
1785209462,26.34585,85.32845,90,0,233,,1,27.25711,26.37719,22.96113
1785209463,26.36187,85.10414,90,0,233,,1,27.15551,26.37719,22.96113
1785209464,26.34585,85.214,90,0,233,,1,27.15551,26.41106,23.0962
1785209464,26.44465,85.17128,90,0,233,,1,27.12165,26.34333,22.9948
1785209465,26.458,85.11177,90,0,233,,1,27.15551,26.37719,23.06253
1785209466,26.47402,85.13618,90,0,233,,1,27.18938,26.41106,22.96113
1785209467,26.4313,85.06294,90,0,233,,1,27.18938,26.47879,23.02867
1785209467,26.38857,84.91646,90,0,233,,1,27.08778,26.27559,23.02867
1785209468,26.38857,85.02022,90,0,233,,1,27.15551,26.27559,22.8934
1785209469,26.4313,84.96986,90,0,233,,1,27.15551,26.27559,22.9948
1785209469,26.458,85.00801,90,0,233,,1,27.12165,26.37719,23.0962
1785209470,26.36187,84.86916,90,0,233,,1,27.15551,26.41106,23.06253
1785209471,26.40192,84.9836,90,0,233,,1,27.12165,26.44473,23.06253
1785209471,26.4313,84.95766,90,0,233,,1,27.08778,26.44473,22.9948
1785209472,26.31914,84.95766,90,0,233,,1,27.29098,26.30946,22.9948
1785209473,26.36187,84.97139,90,0,233,,1,27.08778,26.44473,23.02867
1785209473,26.36187,84.99275,90,0,233,,1,27.08778,26.44473,22.92727
1785209474,26.48737,85.11787,90,0,233,,1,27.12165,26.44473,22.9948
1785209475,26.458,85.33761,90,0,233,,1,27.12165,26.47879,22.9948
1785209475,26.37522,85.54208,90,0,233,,1,27.15551,26.54632,23.06253
1785209476,26.44465,85.70687,90,0,233,,1,27.05412,26.47879,22.9948
1785209477,26.40192,85.83963,90,0,233,,1,27.08778,26.34333,23.02867
1785209477,26.38857,86.06393,90,0,233,,1,27.15551,26.51246,22.9948
1785209478,26.47402,86.28367,90,0,233,,1,27.18938,26.34333,22.9948
1785209479,26.458,86.47288,90,0,233,,1,27.15551,26.51246,22.96113
1785209479,26.41794,86.4622,90,0,233,,1,27.15551,26.30946,22.92727
1785209480,26.5301,86.38132,90,0,233,,1,27.22325,26.47879,22.96113
1785209481,26.40192,86.53086,90,0,233,,1,27.08778,26.37719,22.9948
1785209481,26.41794,86.24704,90,0,233,,1,27.22325,26.37719,23.02867
1785209482,26.458,85.99985,90,0,234,,1,27.08778,26.34333,22.9948
1785209483,26.40192,85.83047,90,0,233,,1,27.05412,26.44473,22.9948
1785209484,26.36187,85.69314,90,0,233,,1,27.12165,26.44473,22.96113
1785209484,26.44465,85.42764,90,0,233,,1,27.12165,26.34333,22.9948
1785209485,26.41794,85.15297,90,0,233,,1,27.18938,26.47879,22.9948
1785209486,26.51675,84.99275,90,0,233,,1,27.08778,26.44473,22.96113
1785209486,26.41794,84.70893,90,0,233,,1,27.08778,26.47879,22.96113
1785209487,26.40192,84.5182,90,0,233,,1,27.05412,26.41106,23.02867
1785209488,26.40192,84.37171,90,0,233,,1,27.12165,26.34333,22.96113
1785209488,26.37522,84.29389,90,0,233,,1,27.18938,26.34333,23.02867
1785209489,26.40192,84.18707,90,0,233,,1,27.12165,26.44473,23.02867
1785209490,26.48737,84.05585,90,0,233,,1,27.12165,26.34333,22.8934
1785209490,26.33249,83.98108,90,0,233,,1,27.08778,26.34333,23.06253
1785209491,26.36187,83.94904,90,0,233,,1,27.08778,26.37719,23.02867
1785209492,26.41794,83.96429,90,0,233,,1,27.15551,26.37719,23.06253
1785209492,26.27642,84.02838,90,0,234,,1,27.22325,26.54632,22.9948
1785209493,26.37522,83.94446,90,0,233,,1,27.12165,26.44473,23.06253
1785209494,26.34585,83.98566,90,0,233,,1,27.05412,26.54632,23.02867
1785209494,26.36187,83.95972,90,0,233,,1,27.12165,26.44473,23.0962
1785209495,26.38857,84.08179,90,0,233,,1,27.12165,26.27559,23.0962
1785209496,26.31914,84.12451,90,0,233,,1,27.15551,26.44473,22.96113
1785209496,26.4313,84.08179,90,0,233,,1,27.18938,26.37719,22.96113
1785209497,26.44465,84.065,90,0,233,,1,27.18938,26.47879,22.9948
1785209498,26.37522,84.17944,90,0,233,,1,27.02005,26.37719,22.96113
1785209498,26.38857,84.20538,90,0,233,,1,27.08778,26.37719,23.06253
1785209499,26.36187,84.31983,90,0,233,,1,27.05412,26.41106,23.0962
1785209500,26.458,84.36713,90,0,233,,1,27.08778,26.47879,23.02867
1785209501,26.37522,84.32441,90,0,233,,1,27.15551,26.47879,22.9948
1785209501,26.38857,84.41138,90,0,233,,1,27.12165,26.44473,23.0962
1785209502,26.30312,84.39765,90,0,233,,1,27.15551,26.37719,22.9948
1785209503,26.37522,84.37629,90,0,233,,1,26.98638,26.44473,23.02867
1785209503,26.40192,84.36256,90,0,233,,1,27.29098,26.47879,22.92727
1785209504,26.30312,84.2649,90,0,233,,1,27.12165,26.34333,22.9948
1785209505,26.458,84.27558,90,0,233,,1,27.22325,26.41106,23.0962
1785209505,26.41794,84.24353,90,0,233,,1,27.05412,26.34333,22.9948
1785209506,26.44465,84.29237,90,0,233,,1,27.32484,26.47879,22.82587
1785209507,26.36187,84.04211,90,0,233,,1,27.12165,26.41106,23.06253
1785209507,26.34585,84.03754,90,0,233,,1,27.15551,26.41106,22.9948
1785209508,26.36187,84.06348,90,0,233,,1,27.25711,26.34333,23.06253
1785209509,26.34585,84.00549,90,0,233,,1,27.18938,26.51246,22.9948
1785209509,26.458,84.11078,90,0,233,,1,27.15551,26.44473,23.02867
1785209510,26.34585,84.1001,90,0,233,,1,27.08778,26.44473,23.06253
1785209511,26.36187,84.11536,90,0,233,,1,27.05412,26.51246,23.06253
1785209511,26.38857,83.99634,90,0,233,,1,27.02005,26.37719,23.02867
1785209512,26.48737,84.08636,90,0,233,,1,27.18938,26.51246,22.9948
1785209513,26.44465,84.05432,90,0,233,,1,27.12165,26.27559,22.9948
1785209513,26.4313,84.17487,90,0,233,,1,27.18938,26.51246,23.06253
1785209514,26.28977,84.14587,90,0,233,,1,27.05412,26.34333,22.9948
1785209515,26.40192,84.20691,90,0,233,,1,27.15551,26.47879,23.02867
1785209515,26.458,84.3885,90,0,233,,1,27.15551,26.37719,22.96113
1785209516,26.40192,84.34272,90,0,233,,1,27.18938,26.51246,22.9948
1785209517,26.4313,84.39307,90,0,233,,1,27.22325,26.37719,22.92727
1785209518,26.37522,84.4892,90,0,233,,1,27.22325,26.44473,23.0962
1785209518,26.458,84.55329,90,0,233,,1,27.22325,26.47879,22.9948
1785209519,26.40192,84.63111,90,0,233,,1,27.12165,26.30946,22.96113
1785209520,26.38857,84.63721,90,0,233,,1,27.05412,26.37719,23.06253
1785209520,26.37522,84.70588,90,0,233,,1,27.18938,26.44473,23.02867
1785209521,26.41794,84.69672,90,0,233,,1,27.08778,26.27559,22.8934
1785209522,26.36187,84.58076,90,0,233,,1,27.15551,26.41106,22.9948
1785209522,26.37522,84.54108,90,0,233,,1,27.22325,26.44473,22.8934
1785209523,26.44465,84.64179,90,0,233,,1,27.18938,26.37719,23.13006
1785209524,26.41794,84.62348,90,0,233,,1,27.08778,26.37719,22.9948
1785209524,26.44465,84.66315,90,0,233,,1,27.25711,26.30946,22.96113
1785209525,26.50072,84.77303,90,0,233,,1,27.22325,26.44473,23.02867
1785209526,26.37522,84.57313,90,0,233,,1,27.15551,26.41106,22.96113
1785209526,26.44465,84.71503,90,0,233,,1,27.22325,26.44473,22.8934
1785209527,26.40192,84.69215,90,0,233,,1,27.15551,26.47879,22.96113
1785209528,26.40192,84.77455,90,0,233,,1,27.18938,26.58019,23.06253
1785209528,26.44465,84.66315,90,0,233,,1,27.22325,26.47879,22.96113
1785209529,26.458,84.80049,90,0,233,,1,27.22325,26.51246,23.06253
1785209530,26.36187,84.71351,90,0,233,,1,27.15551,26.34333,23.06253
1785209530,26.40192,84.69215,90,0,233,,1,27.15551,26.51246,22.96113
1785209531,26.4313,84.78371,90,0,233,,1,27.08778,26.47879,22.9948
1785209532,26.37522,84.90273,90,0,233,,1,26.98638,26.51246,22.96113
1785209532,26.4313,84.92867,90,0,234,,1,27.18938,26.54632,23.06253
1785209533,26.34585,84.74097,90,0,233,,1,27.15551,26.44473,22.9948
1785209534,26.41794,84.87373,90,0,233,,1,27.05412,26.47879,22.9948
1785209535,26.37522,84.93324,90,0,233,,1,27.05412,26.30946,22.92727
1785209535,26.36187,84.95155,90,0,233,,1,27.12165,26.44473,22.9948
1785209536,26.41794,85.15297,90,0,233,,1,27.12165,26.30946,23.06253
1785209537,26.40192,84.97139,90,0,233,,1,27.18938,26.34333,23.02867
1785209537,26.31914,85.02174,90,0,233,,1,27.12165,26.37719,23.06253
1785209538,26.41794,85.03853,90,0,233,,1,27.08778,26.37719,22.9948
1785209539,26.38857,85.06142,90,0,233,,1,27.25711,26.37719,23.02867
1785209539,26.458,85.02937,90,0,233,,1,27.18938,26.44473,22.9948
1785209540,26.38857,85.10262,90,0,233,,1,27.12165,26.37719,23.0962
1785209541,26.40192,85.23079,90,0,233,,1,27.18938,26.30946,22.92727
1785209541,26.31914,85.14534,90,0,233,,1,27.02005,26.41106,22.9948
1785209542,26.47402,85.15755,90,0,233,,1,27.22325,26.41106,23.02867
1785209543,26.40192,85.16823,90,0,233,,1,27.22325,26.27559,22.92727
1785209543,26.38857,85.24605,90,0,233,,1,27.12165,26.37719,23.02867
1785209544,26.41794,85.40932,90,0,233,,1,27.15551,26.51246,22.96113
1785209545,26.38857,85.39101,90,0,233,,1,27.08778,26.30946,22.9948
1785209545,26.34585,85.26437,90,0,233,,1,27.18938,26.44473,23.02867
1785209546,26.37522,85.51156,90,0,233,,1,27.08778,26.30946,23.02867
1785209547,26.44465,85.47952,90,0,233,,1,27.08778,26.24193,22.92727
1785209547,26.33249,85.55123,90,0,233,,1,27.08778,26.34333,22.92727
1785209548,26.38857,85.47494,90,0,233,,1,27.12165,26.41106,23.06253
1785209549,26.37522,85.53292,90,0,233,,1,27.22325,26.41106,22.9948
1785209549,26.40192,85.62142,90,0,233,,1,27.22325,26.34333,22.92727
1785209550,26.4313,85.58938,90,0,233,,1,27.08778,26.47879,22.9948
1785209551,26.34585,85.64889,90,0,233,,1,27.18938,26.47879,23.02867
1785209551,26.41794,85.77097,90,0,233,,1,27.15551,26.34333,23.02867
1785209552,26.36187,85.77707,90,0,234,,1,27.12165,26.41106,22.9948
1785209553,26.40192,85.78928,90,0,233,,1,27.05412,26.34333,22.9948
1785209554,26.44465,85.79996,90,0,233,,1,27.22325,26.41106,22.96113
1785209554,26.28977,85.82742,90,0,233,,1,27.12165,26.34333,23.06253
1785209555,26.40192,85.95407,90,0,233,,1,27.12165,26.37719,22.96113
1785209556,26.36187,86.06546,90,0,233,,1,27.02005,26.41106,22.9948
1785209556,26.4313,86.14786,90,0,233,,1,27.12165,26.30946,23.06253
1785209557,26.40192,86.27451,90,0,233,,1,27.18938,26.37719,22.9948
1785209558,26.458,86.41337,90,0,233,,1,27.22325,26.27559,23.06253
1785209558,26.4313,86.51865,90,0,233,,1,27.15551,26.41106,23.02867
1785209559,26.458,86.72312,90,0,233,,1,27.12165,26.44473,23.02867
1785209560,26.41794,86.62852,90,0,233,,1,27.15551,26.34333,22.96113
1785209560,26.36187,86.78722,90,0,233,,1,27.02005,26.44473,22.96113
1785209561,26.33249,86.75059,90,0,233,,1,27.22325,26.44473,23.13006
1785209562,26.44465,86.95659,90,0,233,,1,27.12165,26.37719,22.96113
1785209562,26.44465,87.08934,90,0,234,,1,27.22325,26.37719,22.8934
1785209563,26.37522,87.08018,90,0,233,,1,27.05412,26.51246,22.92727
1785209564,26.47402,87.13054,90,0,233,,1,27.18938,26.41106,22.9948
1785209564,26.47402,87.20378,90,0,233,,1,27.15551,26.44473,22.96113
1785209565,26.50072,87.24193,90,0,233,,1,27.12165,26.44473,22.92727
1785209566,26.40192,87.2633,90,0,233,,1,27.12165,26.34333,22.9948
1785209566,26.458,87.4342,90,0,233,,1,27.02005,26.34333,23.02867
1785209567,26.41794,87.39147,90,0,233,,1,27.18938,26.51246,22.9948
1785209568,26.44465,87.39147,90,0,233,,1,27.08778,26.41106,22.96113
1785209568,26.4313,87.32433,90,0,233,,1,27.12165,26.41106,22.96113
1785209569,26.4313,87.3457,90,0,233,,1,27.18938,26.44473,22.8934
1785209570,26.38857,87.30145,90,0,233,,1,27.29098,26.44473,22.96113
1785209571,26.28977,87.0573,90,0,232,,1,27.08778,26.41106,22.92727
1785209571,26.41794,87.0634,90,0,233,,1,27.29098,26.47879,23.02867
1785209572,26.4313,86.94286,90,0,233,,1,27.18938,26.54632,22.96113
1785209573,26.36187,86.81926,90,0,233,,1,27.15551,26.37719,23.06253
1785209573,26.4313,86.67429,90,0,233,,1,27.05412,26.41106,23.02867
1785209574,26.48737,86.51408,90,0,233,,1,27.25711,26.41106,23.0962
1785209575,26.30312,86.4622,90,0,233,,1,27.18938,26.41106,22.96113
1785209575,26.31914,86.16617,90,0,233,,1,27.15551,26.41106,23.0962
1785209576,26.38857,86.03189,90,0,233,,1,27.05412,26.41106,22.96113
1785209577,26.38857,86.09293,90,0,233,,1,27.02005,26.41106,22.9948
1785209577,26.28977,85.85947,90,0,233,,1,27.05412,26.37719,22.9948
1785209578,26.33249,85.78012,90,0,233,,1,27.15551,26.44473,23.06253
1785209579,26.40192,85.69466,90,0,233,,1,27.15551,26.44473,22.9948
1785209579,26.40192,85.47799,90,0,233,,1,27.18938,26.44473,23.06253
1785209580,26.36187,85.31319,90,0,233,,1,27.15551,26.37719,23.0962
1785209581,26.31914,85.2491,90,0,233,,1,27.12165,26.44473,22.96113
1785209581,26.30312,85.06752,90,0,233,,1,27.12165,26.37719,23.06253
1785209582,26.41794,84.98817,90,0,233,,1,27.12165,26.47879,23.02867
1785209583,26.41794,84.86458,90,0,233,,1,27.05412,26.30946,22.9948
1785209583,26.33249,84.71503,90,0,233,,1,27.25711,26.54632,22.9948
1785209584,26.37522,84.66468,90,0,233,,1,27.12165,26.41106,22.9948
1785209585,26.33249,84.62196,90,0,233,,1,27.15551,26.20786,22.92727
1785209585,26.36187,84.56855,90,0,233,,1,27.08778,26.37719,22.92727
1785209586,26.33249,84.50904,90,0,233,,1,27.08778,26.44473,22.96113
1785209587,26.41794,84.36713,90,0,233,,1,27.02005,26.37719,23.06253
1785209588,26.34585,84.25574,90,0,233,,1,27.15551,26.44473,22.9948
1785209588,26.4313,84.15503,90,0,233,,1,27.18938,26.34333,23.02867
1785209589,26.33249,84.09705,90,0,233,,1,27.15551,26.47879,23.02867
1785209590,26.30312,84.00549,90,0,233,,1,27.08778,26.44473,23.02867
1785209590,26.37522,83.94446,90,0,233,,1,27.22325,26.37719,22.9948
1785209591,26.40192,84.00092,90,0,233,,1,27.02005,26.30946,23.06253
1785209592,26.31914,83.84375,90,0,233,,1,27.12165,26.47879,23.02867
1785209592,26.34585,83.90326,90,0,234,,1,27.22325,26.37719,23.02867
1785209593,26.33249,83.90021,90,0,233,,1,27.15551,26.44473,23.02867
1785209594,26.40192,83.90784,90,0,233,,1,27.15551,26.41106,22.96113
1785209594,26.34585,83.83002,90,0,233,,1,27.18938,26.44473,22.9948
1785209595,26.33249,83.74456,90,0,233,,1,27.05412,26.37719,23.06253
1785209596,26.31914,83.7934,90,0,233,,1,27.02005,26.37719,23.02867
1785209596,26.34585,83.95514,90,0,233,,1,27.18938,26.51246,22.96113
1785209597,26.31914,83.80408,90,0,233,,1,27.22325,26.37719,23.02867
1785209598,26.33249,83.73388,90,0,233,,1,27.22325,26.51246,23.13006
1785209598,26.33249,83.71252,90,0,233,,1,27.02005,26.37719,22.9948
1785209599,26.38857,83.62554,90,0,233,,1,27.08778,26.34333,22.92727
1785209600,26.40192,83.53704,90,0,233,,1,27.08778,26.37719,22.9948
1785209600,26.37522,83.57061,90,0,233,,1,27.12165,26.41106,22.9948
1785209601,26.40192,83.43328,90,0,233,,1,27.15551,26.41106,22.92727
1785209602,26.31914,83.3402,90,0,233,,1,27.15551,26.37719,23.06253
1785209602,26.36187,83.40124,90,0,234,,1,27.02005,26.27559,22.9948
1785209603,26.34585,83.31426,90,0,233,,1,27.15551,26.41106,22.9948
1785209604,26.458,83.3875,90,0,233,,1,27.12165,26.34333,23.02867
1785209605,26.33249,83.41497,90,0,233,,1,27.22325,26.34333,22.96113
1785209605,26.38857,83.37682,90,0,233,,1,27.12165,26.30946,22.9948
1785209606,26.40192,83.43328,90,0,233,,1,27.02005,26.44473,23.06253
1785209607,26.34585,83.48211,90,0,233,,1,27.18938,26.44473,22.9948
1785209607,26.41794,83.59197,90,0,233,,1,27.12165,26.41106,23.06253
1785209608,26.44465,83.66216,90,0,233,,1,27.25711,26.41106,22.9948
1785209609,26.38857,83.66674,90,0,233,,1,26.98638,26.47879,22.96113
1785209609,26.41794,83.60265,90,0,233,,1,27.22325,26.41106,22.96113
1785209610,26.4313,83.77203,90,0,233,,1,27.25711,26.44473,23.06253
1785209611,26.37522,83.65301,90,0,233,,1,27.18938,26.34333,22.8934
1785209611,26.4313,83.58434,90,0,233,,1,27.12165,26.37719,22.9948
1785209612,26.37522,83.50957,90,0,233,,1,27.15551,26.47879,22.92727
1785209613,26.34585,83.39666,90,0,233,,1,27.12165,26.44473,22.9948
1785209613,26.44465,83.34173,90,0,233,,1,27.08778,26.44473,23.0962
1785209614,26.40192,83.3814,90,0,233,,1,27.05412,26.37719,23.02867
1785209615,26.41794,83.35546,90,0,233,,1,27.08778,26.37719,22.96113
1785209615,26.30312,83.14946,90,0,233,,1,27.15551,26.34333,22.96113
1785209616,26.41794,83.09758,90,0,233,,1,27.15551,26.34333,23.02867
1785209617,26.44465,83.30053,90,0,233,,1,27.12165,26.34333,22.9948
1785209617,26.40192,83.24559,90,0,233,,1,27.15551,26.41106,22.9948
1785209618,26.36187,83.2166,90,0,233,,1,27.15551,26.41106,22.96113
1785209619,26.38857,83.23186,90,0,233,,1,27.29098,26.44473,23.02867
1785209619,26.40192,83.21812,90,0,233,,1,27.15551,26.41106,23.0962
1785209620,26.38857,83.32647,90,0,233,,1,27.12165,26.41106,22.9948
1785209621,26.34585,83.38598,90,0,233,,1,27.15551,26.41106,23.02867
1785209621,26.33249,83.31274,90,0,233,,1,27.15551,26.41106,22.96113
1785209622,26.40192,83.52789,90,0,234,,1,27.05412,26.30946,23.06253
1785209623,26.40192,83.66064,90,0,233,,1,27.08778,26.41106,23.02867
1785209624,26.41794,83.83154,90,0,233,,1,27.12165,26.34333,23.0962
1785209624,26.41794,83.93225,90,0,233,,1,27.12165,26.37719,23.02867
1785209625,26.38857,84.23438,90,0,233,,1,27.12165,26.34333,23.02867
1785209626,26.33249,84.34272,90,0,233,,1,27.18938,26.44473,22.9948
1785209626,26.41794,84.54414,90,0,233,,1,27.18938,26.34333,22.96113
1785209627,26.40192,84.9012,90,0,233,,1,27.18938,26.27559,22.9948
1785209628,26.38857,85.07057,90,0,233,,1,27.18938,26.41106,23.02867
1785209628,26.47402,85.42458,90,0,233,,1,27.02005,26.47879,23.06253
1785209629,26.44465,85.49172,90,0,233,,1,27.02005,26.37719,22.9948
1785209630,26.36187,85.62142,90,0,233,,1,27.12165,26.37719,22.8934
1785209630,26.34585,85.7084,90,0,233,,1,27.12165,26.30946,22.96113
1785209631,26.37522,85.65652,90,0,232,,1,27.18938,26.51246,23.02867
1785209632,26.44465,85.85336,90,0,233,,1,27.15551,26.41106,23.02867
1785209632,26.38857,85.60769,90,0,234,,1,27.18938,26.41106,22.9948
1785209633,26.458,85.86404,90,0,233,,1,27.15551,26.44473,23.0962
1785209634,26.37522,85.68551,90,0,233,,1,27.22325,26.30946,22.96113
1785209634,26.38857,85.73129,90,0,233,,1,27.22325,26.37719,22.96113
1785209635,26.34585,85.85336,90,0,233,,1,27.15551,26.47879,23.02867
1785209636,26.41794,86.0502,90,0,233,,1,27.02005,26.44473,22.9948
1785209636,26.4313,86.00443,90,0,233,,1,27.12165,26.37719,22.9948
1785209637,26.38857,86.10513,90,0,233,,1,27.05412,26.30946,22.9948
1785209638,26.41794,86.14328,90,0,233,,1,27.05412,26.30946,22.9948
1785209638,26.34585,86.15244,90,0,233,,1,27.15551,26.44473,23.02867
1785209639,26.4313,86.08377,90,0,233,,1,27.15551,26.41106,22.9948
1785209640,26.37522,86.18295,90,0,233,,1,27.05412,26.24193,22.96113
1785209641,26.458,85.88541,90,0,233,,1,27.15551,26.44473,22.96113
1785209641,26.34585,85.78165,90,0,233,,1,27.18938,26.44473,22.8934
1785209642,26.37522,85.59396,90,0,233,,1,27.08778,26.30946,22.96113
1785209643,26.28977,85.32388,90,0,233,,1,27.05412,26.34333,23.26533
1785209643,26.36187,85.21858,90,0,233,,1,27.12165,26.47879,23.06253
1785209644,26.40192,85.0843,90,0,233,,1,27.12165,26.41106,23.06253
1785209645,26.37522,84.87068,90,0,233,,1,27.15551,26.37719,23.02867
1785209645,26.41794,84.75013,90,0,233,,1,27.22325,26.37719,23.02867
1785209646,26.41794,84.61738,90,0,233,,1,27.18938,26.34333,23.02867
1785209647,26.38857,84.33814,90,0,232,,1,27.12165,26.41106,22.96113
1785209647,26.38857,84.28779,90,0,233,,1,27.05412,26.54632,23.13006
1785209648,26.38857,84.14282,90,0,233,,1,27.08778,26.41106,23.0962
1785209649,26.34585,84.29389,90,0,233,,1,27.22325,26.41106,22.9948
1785209649,26.47402,84.51667,90,0,233,,1,26.98638,26.41106,23.06253
1785209650,26.33249,84.2298,90,0,233,,1,27.15551,26.34333,23.02867
1785209651,26.37522,84.4297,90,0,233,,1,26.98638,26.44473,22.96113
1785209651,26.41794,84.71809,90,0,233,,1,27.02005,26.34333,22.92727
1785209652,26.33249,84.9012,90,0,233,,1,27.15551,26.37719,22.8934
1785209653,26.41794,85.03853,90,0,233,,1,27.18938,26.27559,23.06253
1785209653,26.458,85.40017,90,0,233,,1,27.15551,26.54632,22.9948
1785209654,26.36187,85.46578,90,0,233,,1,27.18938,26.37719,22.92727
1785209655,26.458,85.67025,90,0,233,,1,27.12165,26.44473,23.02867
1785209655,26.4313,85.76639,90,0,233,,1,27.08778,26.37719,22.9948
1785209656,26.38857,85.79538,90,0,233,,1,27.22325,26.34333,23.0962
1785209657,26.4313,85.94034,90,0,233,,1,27.08778,26.51246,23.0962
1785209658,26.40192,85.78928,90,0,233,,1,27.18938,26.54632,23.0962
1785209658,26.41794,85.85336,90,0,233,,1,27.15551,26.37719,23.02867
1785209659,26.4313,85.84879,90,0,233,,1,27.22325,26.34333,23.06253
1785209660,26.48737,85.89456,90,0,232,,1,27.12165,26.44473,22.96113
1785209660,26.40192,85.94186,90,0,233,,1,27.29098,26.58019,22.9948
1785209661,26.40192,86.16006,90,0,233,,1,27.18938,26.37719,23.02867
1785209662,26.41794,86.26688,90,0,233,,1,27.29098,26.44473,22.96113
1785209662,26.5301,86.47593,90,0,233,,1,27.12165,26.30946,22.96113
1785209663,26.37522,86.67887,90,0,233,,1,27.18938,26.41106,22.9948
1785209664,26.38857,86.72465,90,0,233,,1,27.22325,26.41106,23.0962
1785209664,26.458,87.05424,90,0,233,,1,27.15551,26.41106,22.92727
1785209665,26.44465,87.12138,90,0,233,,1,27.15551,26.37719,22.9948
1785209666,26.458,87.15495,90,0,233,,1,27.18938,26.30946,22.96113
1785209666,26.31914,87.17784,90,0,233,,1,27.18938,26.34333,22.9948
1785209667,26.47402,87.17174,90,0,233,,1,27.18938,26.44473,23.0962
1785209668,26.36187,87.03593,90,0,233,,1,27.15551,26.34333,23.0962
1785209668,26.37522,86.91692,90,0,233,,1,27.12165,26.34333,23.02867
1785209669,26.37522,86.65903,90,0,233,,1,27.12165,26.41106,23.02867
1785209670,26.36187,86.54002,90,0,233,,1,27.18938,26.47879,22.92727
1785209670,26.38857,86.42558,90,0,233,,1,27.12165,26.27559,23.02867
1785209671,26.36187,86.15701,90,0,233,,1,27.08778,26.47879,23.02867
1785209672,26.4313,86.11581,90,0,233,,1,27.05412,26.34333,23.02867
1785209672,26.37522,85.89456,90,0,233,,1,27.15551,26.34333,23.06253
1785209673,26.4313,85.64278,90,0,233,,1,27.12165,26.24193,23.02867
1785209674,26.31914,85.54665,90,0,233,,1,27.15551,26.44473,22.9948
1785209675,26.41794,85.40017,90,0,233,,1,27.12165,26.30946,23.02867
1785209675,26.31914,85.23689,90,0,233,,1,27.25711,26.47879,23.06253
1785209676,26.31914,85.14534,90,0,233,,1,27.15551,26.47879,23.06253
1785209677,26.38857,85.04005,90,0,233,,1,27.12165,26.44473,22.96113
1785209677,26.4313,85.10414,90,0,233,,1,27.18938,26.41106,23.0962
1785209678,26.36187,85.31319,90,0,233,,1,27.18938,26.41106,22.9948
1785209679,26.38857,85.3315,90,0,233,,1,27.05412,26.47879,22.9948
1785209679,26.41794,85.27657,90,0,233,,1,27.22325,26.37719,22.9948
1785209680,26.38857,85.42306,90,0,233,,1,27.08778,26.47879,23.06253
1785209681,26.40192,85.30099,90,0,233,,1,27.18938,26.37719,22.96113
1785209681,26.37522,85.37728,90,0,233,,1,27.12165,26.34333,22.92727
1785209682,26.33249,85.19112,90,0,233,,1,27.12165,26.37719,23.02867
1785209683,26.4313,85.2491,90,0,233,,1,27.08778,26.34333,22.96113
1785209683,26.34585,85.17281,90,0,233,,1,27.15551,26.51246,22.92727
1785209684,26.37522,85.08888,90,0,233,,1,27.12165,26.37719,22.96113
1785209685,26.37522,84.95308,90,0,233,,1,27.05412,26.34333,23.02867
1785209685,26.458,84.82338,90,0,233,,1,27.18938,26.41106,22.9948
1785209686,26.31914,84.8661,90,0,233,,1,27.05412,26.41106,22.96113
1785209687,26.36187,84.48615,90,0,233,,1,27.18938,26.44473,23.02867
1785209687,26.34585,84.3885,90,0,233,,1,27.15551,26.34333,22.96113
1785209688,26.36187,84.31068,90,0,233,,1,27.08778,26.44473,22.8934
1785209689,26.30312,84.22369,90,0,233,,1,27.12165,26.47879,22.92727
1785209689,26.28977,84.16571,90,0,233,,1,27.08778,26.51246,23.0962
1785209690,26.41794,84.11993,90,0,233,,1,27.12165,26.27559,22.96113
1785209691,26.33249,84.03296,90,0,233,,1,27.15551,26.41106,22.9948
1785209691,26.37522,83.91241,90,0,233,,1,27.22325,26.41106,23.02867
1785209692,26.37522,83.82086,90,0,234,,1,27.15551,26.37719,23.0962
1785209693,26.38857,83.85291,90,0,233,,1,27.05412,26.41106,22.9948
1785209694,26.38857,83.73998,90,0,233,,1,27.15551,26.44473,23.02867
1785209694,26.40192,83.77509,90,0,233,,1,27.12165,26.41106,22.9948
1785209695,26.37522,83.75677,90,0,233,,1,27.02005,26.37719,23.02867
1785209696,26.458,83.6881,90,0,233,,1,27.22325,26.47879,23.06253
1785209696,26.38857,83.63775,90,0,233,,1,27.22325,26.37719,22.9948
1785209697,26.40192,83.81628,90,0,233,,1,27.12165,26.30946,22.85974
1785209698,26.33249,83.88037,90,0,233,,1,27.15551,26.37719,22.96113
1785209698,26.38857,84.06958,90,0,233,,1,27.08778,26.54632,23.02867
1785209699,26.40192,84.16571,90,0,233,,1,27.15551,26.30946,22.9948
1785209700,26.458,84.52277,90,0,233,,1,27.22325,26.37719,23.02867
1785209700,26.36187,84.53651,90,0,233,,1,27.12165,26.30946,22.9948
1785209701,26.36187,84.64027,90,0,233,,1,27.18938,26.41106,22.96113
1785209702,26.36187,84.52735,90,0,233,,1,27.08778,26.37719,22.92727
1785209702,26.33249,84.477,90,0,234,,1,27.08778,26.37719,22.9948
1785209703,26.36187,84.48615,90,0,233,,1,27.18938,26.44473,22.96113
1785209704,26.28977,84.31068,90,0,233,,1,27.15551,26.51246,22.96113
1785209704,26.28977,84.28931,90,0,233,,1,26.95252,26.44473,23.02867
1785209705,26.37522,84.12909,90,0,233,,1,27.12165,26.41106,22.96113
1785209706,26.33249,84.03296,90,0,233,,1,27.12165,26.37719,23.06253
1785209706,26.26307,83.91241,90,0,233,,1,27.12165,26.47879,23.02867
1785209707,26.44465,84.00397,90,0,233,,1,27.12165,26.34333,23.02867
1785209708,26.33249,83.90021,90,0,233,,1,27.18938,26.47879,22.9948
1785209708,26.40192,84.03143,90,0,233,,1,27.15551,26.47879,22.96113
1785209709,26.31914,83.96887,90,0,233,,1,27.22325,26.34333,23.06253
1785209710,26.40192,84.04211,90,0,233,,1,27.22325,26.37719,23.06253
1785209711,26.38857,84.15198,90,0,233,,1,27.15551,26.41106,22.9948
1785209711,26.41794,84.39918,90,0,233,,1,27.12165,26.37719,23.06253
1785209712,26.34585,84.51209,90,0,233,,1,27.05412,26.27559,23.13006
1785209713,26.40192,84.87984,90,0,233,,1,27.12165,26.41106,22.9948
1785209713,26.37522,84.92409,90,0,233,,1,27.12165,26.37719,22.9948
1785209714,26.30312,85.19417,90,0,233,,1,27.18938,26.54632,22.96113
1785209715,26.38857,85.3605,90,0,233,,1,27.05412,26.44473,22.8934
1785209715,26.38857,85.38186,90,0,233,,1,27.25711,26.34333,23.02867
1785209716,26.41794,85.42916,90,0,233,,1,27.15551,26.44473,22.8934
1785209717,26.40192,85.43679,90,0,233,,1,27.08778,26.34333,22.9948
1785209717,26.4313,85.44595,90,0,233,,1,27.05412,26.47879,22.9948
1785209718,26.38857,85.29946,90,0,233,,1,27.15551,26.37719,22.9948
1785209719,26.30312,84.96529,90,0,233,,1,27.18938,26.34333,22.9948
1785209719,26.40192,85.03395,90,0,233,,1,27.22325,26.34333,23.0962
1785209720,26.34585,84.86458,90,0,233,,1,27.25711,26.34333,22.9948
1785209721,26.34585,84.77913,90,0,233,,1,27.15551,26.27559,23.02867
1785209721,26.36187,84.65095,90,0,233,,1,27.08778,26.41106,23.02867
1785209722,26.37522,84.64484,90,0,233,,1,27.05412,26.34333,23.02867
1785209723,26.37522,84.60365,90,0,233,,1,27.12165,26.34333,23.02867
1785209723,26.40192,84.5182,90,0,233,,1,27.12165,26.51246,22.96113
1785209724,26.31914,84.32899,90,0,233,,1,27.18938,26.34333,23.0962
1785209725,26.4313,84.32899,90,0,233,,1,27.12165,26.37719,22.9948
1785209725,26.33249,84.21912,90,0,232,,1,27.02005,26.51246,23.02867
1785209726,26.34585,84.13214,90,0,233,,1,27.15551,26.37719,22.9948
1785209727,26.40192,84.16571,90,0,233,,1,27.15551,26.51246,22.9948
1785209728,26.36187,84.04211,90,0,233,,1,27.08778,26.37719,22.96113
1785209728,26.33249,83.95056,90,0,233,,1,27.08778,26.41106,22.9948
1785209729,26.37522,83.94446,90,0,233,,1,27.15551,26.47879,23.02867
1785209730,26.31914,83.80408,90,0,233,,1,27.05412,26.30946,23.0962
1785209730,26.458,83.79034,90,0,233,,1,27.02005,26.41106,22.9948
1785209731,26.38857,83.69726,90,0,233,,1,27.15551,26.44473,23.06253
1785209732,26.38857,83.63775,90,0,232,,1,27.15551,26.41106,22.9948
1785209732,26.33249,83.73388,90,0,234,,1,27.22325,26.34333,22.9948
1785209733,26.34585,83.57366,90,0,233,,1,27.18938,26.34333,23.02867
1785209734,26.36187,83.59808,90,0,233,,1,27.12165,26.44473,22.92727
1785209734,26.41794,83.40582,90,0,233,,1,27.08778,26.41106,22.9948
1785209735,26.4313,83.47295,90,0,233,,1,27.08778,26.41106,23.02867
1785209736,26.4313,83.56451,90,0,233,,1,27.08778,26.34333,23.0962
1785209736,26.30312,83.47906,90,0,233,,1,27.15551,26.44473,22.9948
1785209737,26.40192,83.53704,90,0,233,,1,27.18938,26.41106,22.96113
1785209738,26.30312,83.46838,90,0,233,,1,27.12165,26.34333,22.9948
1785209738,26.33249,83.68353,90,0,233,,1,27.05412,26.41106,22.9948
1785209739,26.41794,83.6347,90,0,233,,1,27.12165,26.41106,22.9948
1785209740,26.44465,83.90936,90,0,233,,1,27.08778,26.41106,23.06253
1785209740,26.38857,84.0589,90,0,233,,1,27.18938,26.44473,23.13006
1785209741,26.34585,84.11993,90,0,233,,1,27.08778,26.47879,23.02867
1785209742,26.34585,84.16113,90,0,233,,1,27.22325,26.47879,22.8934
1785209742,26.40192,84.44495,90,0,233,,1,27.08778,26.41106,22.92727
1785209743,26.28977,84.47547,90,0,233,,1,27.12165,26.34333,22.96113
1785209744,26.44465,84.50904,90,0,233,,1,27.12165,26.41106,22.9948
1785209745,26.31914,84.51667,90,0,233,,1,27.02005,26.30946,22.9948
1785209745,26.27642,84.52583,90,0,233,,1,27.12165,26.41106,22.92727
1785209746,26.40192,84.54871,90,0,233,,1,27.05412,26.51246,23.0962
1785209747,26.38857,84.42207,90,0,233,,1,27.08778,26.47879,23.13006
1785209747,26.33249,84.43885,90,0,233,,1,27.05412,26.37719,23.02867
1785209748,26.41794,84.39918,90,0,233,,1,27.05412,26.44473,22.9948
1785209749,26.36187,84.38392,90,0,233,,1,27.15551,26.30946,23.02867
1785209749,26.36187,84.49531,90,0,233,,1,27.08778,26.44473,22.92727
1785209750,26.34585,84.28779,90,0,233,,1,27.12165,26.37719,23.02867
1785209751,26.4313,84.28931,90,0,233,,1,27.12165,26.44473,22.9948
1785209751,26.36187,84.26948,90,0,233,,1,27.05412,26.44473,22.9948
1785209752,26.38857,84.17334,90,0,233,,1,27.15551,26.37719,22.96113
1785209753,26.34585,84.07874,90,0,233,,1,27.02005,26.44473,22.9948
1785209753,26.37522,84.10925,90,0,233,,1,27.12165,26.30946,22.96113
1785209754,26.34585,83.95514,90,0,233,,1,27.15551,26.37719,22.9948
1785209755,26.36187,84.09552,90,0,233,,1,27.22325,26.27559,22.96113
1785209755,26.27642,83.99634,90,0,233,,1,27.15551,26.58019,22.9948
1785209756,26.37522,83.87122,90,0,233,,1,27.12165,26.41106,22.96113
1785209757,26.38857,83.94598,90,0,233,,1,27.05412,26.41106,23.0962
1785209757,26.33249,83.95056,90,0,233,,1,27.18938,26.41106,22.96113
1785209758,26.47402,84.01923,90,0,233,,1,27.15551,26.47879,22.9948
1785209759,26.4313,83.95819,90,0,233,,1,27.22325,26.44473,23.02867
1785209759,26.36187,83.94904,90,0,233,,1,27.12165,26.34333,22.9948
1785209760,26.47402,84.07263,90,0,233,,1,27.18938,26.41106,23.02867
1785209761,26.41794,83.89105,90,0,233,,1,27.22325,26.37719,22.9948
1785209762,26.40192,84.10468,90,0,233,,1,27.02005,26.44473,22.92727
1785209762,26.41794,83.8819,90,0,233,,1,27.22325,26.51246,22.9948
1785209763,26.34585,83.94598,90,0,233,,1,27.12165,26.44473,22.96113
1785209764,26.47402,83.94904,90,0,234,,1,27.18938,26.34333,22.9948
1785209764,26.4313,84.05127,90,0,233,,1,27.08778,26.41106,23.02867
1785209765,26.458,83.86206,90,0,233,,1,27.08778,26.44473,23.06253
1785209766,26.458,84.00854,90,0,233,,1,27.05412,26.30946,22.96113
1785209766,26.40192,84.15503,90,0,233,,1,27.15551,26.47879,22.92727
1785209767,26.48737,84.17944,90,0,233,,1,27.18938,26.37719,22.96113
1785209768,26.37522,84.04517,90,0,233,,1,27.15551,26.41106,22.96113
1785209768,26.37522,83.98566,90,0,233,,1,27.25711,26.58019,23.06253
1785209769,26.44465,84.05432,90,0,233,,1,27.12165,26.44473,23.02867
1785209770,26.37522,84.10925,90,0,233,,1,27.05412,26.41106,22.9948
1785209770,26.38857,83.86359,90,0,233,,1,27.12165,26.37719,22.9948
1785209771,26.28977,83.98108,90,0,233,,1,26.98638,26.34333,23.02867
1785209772,26.38857,83.92615,90,0,233,,1,27.29098,26.34333,22.9948
1785209772,26.41794,83.83154,90,0,233,,1,27.18938,26.30946,23.06253
1785209773,26.4313,83.97803,90,0,233,,1,26.98638,26.27559,23.06253
1785209774,26.38857,83.70794,90,0,234,,1,27.12165,26.58019,23.06253
1785209774,26.4313,83.84528,90,0,233,,1,27.08778,26.30946,23.02867
1785209775,26.44465,83.70184,90,0,233,,1,27.08778,26.44473,22.96113
1785209776,26.30312,83.62402,90,0,233,,1,27.12165,26.44473,23.02867
1785209776,26.36187,83.77509,90,0,233,,1,27.18938,26.34333,23.02867
1785209777,26.33249,83.69268,90,0,233,,1,27.02005,26.30946,22.96113
1785209778,26.36187,83.68963,90,0,233,,1,27.25711,26.34333,22.9948
1785209778,26.36187,83.77509,90,0,233,,1,27.22325,26.37719,22.96113
1785209779,26.44465,83.73388,90,0,233,,1,27.15551,26.30946,23.02867
1785209780,26.44465,83.81781,90,0,233,,1,27.15551,26.41106,22.9948
1785209781,26.37522,83.59197,90,0,233,,1,27.15551,26.37719,23.0962
1785209781,26.36187,83.48363,90,0,233,,1,27.08778,26.47879,23.02867
1785209782,26.40192,83.56603,90,0,233,,1,27.12165,26.24193,23.02867
1785209783,26.38857,83.60571,90,0,233,,1,27.18938,26.30946,22.96113
1785209783,26.40192,83.44244,90,0,233,,1,27.05412,26.54632,22.96113
1785209784,26.44465,83.52789,90,0,233,,1,27.18938,26.51246,22.96113
1785209785,26.40192,83.41344,90,0,233,,1,27.25711,26.30946,22.8934
1785209785,26.4313,83.36004,90,0,233,,1,27.18938,26.41106,22.9948
1785209786,26.38857,83.26391,90,0,233,,1,26.98638,26.41106,22.96113
1785209787,26.38857,83.27612,90,0,233,,1,27.12165,26.30946,22.96113
1785209787,26.38857,83.29595,90,0,233,,1,27.08778,26.34333,22.9948
1785209788,26.30312,83.24101,90,0,233,,1,27.08778,26.41106,22.92727
1785209789,26.37522,83.23949,90,0,233,,1,27.15551,26.51246,23.02867
1785209789,26.40192,83.27764,90,0,233,,1,27.05412,26.47879,23.0962
1785209790,26.36187,83.1342,90,0,233,,1,27.02005,26.51246,23.06253
1785209791,26.37522,83.11589,90,0,233,,1,27.12165,26.37719,22.92727
1785209791,26.40192,83.15404,90,0,233,,1,27.22325,26.41106,23.02867
1785209792,26.44465,83.093,90,0,233,,1,27.15551,26.47879,23.02867
1785209793,26.37522,83.15862,90,0,233,,1,27.15551,26.37719,22.92727
1785209793,26.40192,83.19524,90,0,234,,1,27.18938,26.41106,23.02867
1785209794,26.41794,83.23033,90,0,233,,1,27.15551,26.41106,22.9948
1785209795,26.33249,83.14793,90,0,233,,1,27.12165,26.30946,23.02867
1785209795,26.47402,83.18456,90,0,233,,1,27.05412,26.34333,23.13006
1785209796,26.36187,83.2166,90,0,233,,1,27.12165,26.34333,22.9948
1785209797,26.40192,83.24559,90,0,233,,1,27.12165,26.44473,23.0962
1785209798,26.38857,83.2227,90,0,233,,1,27.02005,26.34333,23.02867
1785209798,26.27642,83.26391,90,0,233,,1,27.18938,26.37719,22.9948
1785209799,26.458,83.33562,90,0,233,,1,27.22325,26.47879,23.06253
1785209800,26.33249,83.39208,90,0,233,,1,27.25711,26.47879,22.96113
1785209800,26.40192,83.4638,90,0,233,,1,27.18938,26.34333,22.9948
1785209801,26.30312,83.7354,90,0,233,,1,27.25711,26.41106,23.02867
1785209802,26.37522,83.67437,90,0,233,,1,27.05412,26.41106,23.02867
1785209802,26.33249,83.69268,90,0,234,,1,27.18938,26.54632,23.0962
1785209803,26.34585,83.54162,90,0,233,,1,27.08778,26.41106,22.96113
1785209804,26.37522,83.55077,90,0,233,,1,27.08778,26.41106,23.02867
1785209804,26.458,83.69726,90,0,233,,1,27.15551,26.37719,22.96113
1785209805,26.37522,83.61181,90,0,233,,1,27.15551,26.41106,23.02867
1785209806,26.33249,83.55993,90,0,233,,1,27.12165,26.41106,22.96113
1785209806,26.34585,83.61486,90,0,233,,1,27.05412,26.37719,23.02867
1785209807,26.33249,83.40429,90,0,233,,1,27.08778,26.37719,22.96113
1785209808,26.31914,83.44244,90,0,233,,1,27.12165,26.34333,23.0962
1785209808,26.40192,83.39208,90,0,233,,1,27.12165,26.37719,23.0962
1785209809,26.47402,83.49584,90,0,233,,1,27.08778,26.51246,22.9948
1785209810,26.37522,83.48821,90,0,233,,1,27.08778,26.41106,23.06253
1785209810,26.4313,83.54314,90,0,233,,1,27.12165,26.34333,22.96113
1785209811,26.41794,83.52026,90,0,233,,1,27.15551,26.47879,23.02867
1785209812,26.30312,83.66521,90,0,233,,1,27.15551,26.47879,23.13006
1785209812,26.44465,83.77509,90,0,234,,1,26.98638,26.41106,22.96113
1785209813,26.41794,83.62402,90,0,233,,1,27.22325,26.44473,22.96113
1785209814,26.36187,83.66064,90,0,233,,1,27.15551,26.44473,23.02867
1785209815,26.36187,83.56603,90,0,233,,1,27.08778,26.41106,23.06253
1785209815,26.458,83.7583,90,0,233,,1,27.05412,26.34333,22.9948
1785209816,26.34585,83.53246,90,0,233,,1,27.15551,26.41106,23.0962
1785209817,26.37522,83.55077,90,0,233,,1,27.22325,26.34333,23.06253
1785209817,26.4313,83.55535,90,0,233,,1,27.12165,26.34333,22.96113
1785209818,26.34585,83.41802,90,0,233,,1,27.18938,26.37719,23.02867
1785209819,26.31914,83.39971,90,0,233,,1,27.25711,26.41106,23.02867
1785209819,26.40192,83.39208,90,0,233,,1,27.22325,26.44473,22.92727
1785209820,26.33249,83.30053,90,0,233,,1,27.12165,26.41106,23.02867
1785209821,26.38857,83.31731,90,0,233,,1,27.15551,26.37719,22.96113
1785209821,26.40192,83.27764,90,0,233,,1,27.29098,26.41106,23.02867
1785209822,26.44465,83.24864,90,0,233,,1,27.15551,26.41106,22.96113
1785209823,26.40192,83.19524,90,0,233,,1,27.02005,26.44473,22.9948
1785209823,26.4313,83.21355,90,0,233,,1,27.18938,26.51246,23.02867
1785209824,26.40192,83.15404,90,0,233,,1,27.08778,26.51246,23.02867
1785209825,26.38857,83.19371,90,0,233,,1,27.05412,26.47879,22.96113
1785209825,26.458,83.20287,90,0,233,,1,27.08778,26.37719,23.06253
1785209826,26.38857,83.15251,90,0,233,,1,27.08778,26.44473,22.9948
1785209827,26.41794,83.00298,90,0,233,,1,27.08778,26.44473,23.06253
1785209827,26.41794,83.08537,90,0,232,,1,27.18938,26.51246,22.9948
1785209828,26.37522,83.17998,90,0,233,,1,27.02005,26.37719,22.8934
1785209829,26.40192,83.093,90,0,233,,1,27.12165,26.41106,22.92727
1785209829,26.4313,83.06096,90,0,233,,1,27.05412,26.44473,23.02867
1785209830,26.36187,83.0106,90,0,233,,1,27.29098,26.30946,23.06253
1785209831,26.36187,83.20744,90,0,233,,1,27.08778,26.41106,23.06253
1785209832,26.31914,83.0808,90,0,233,,1,27.18938,26.44473,22.85974
1785209832,26.36187,83.1754,90,0,233,,1,27.15551,26.41106,23.02867
1785209833,26.50072,83.1815,90,0,233,,1,27.15551,26.30946,22.96113
1785209834,26.44465,83.21812,90,0,233,,1,27.15551,26.41106,23.0962
1785209834,26.37522,83.19981,90,0,233,,1,27.08778,26.41106,22.9948
1785209835,26.28977,83.14488,90,0,233,,1,27.08778,26.34333,23.02867
1785209836,26.37522,83.32342,90,0,233,,1,27.08778,26.41106,23.0962
1785209836,26.30312,83.34478,90,0,233,,1,27.12165,26.37719,22.96113
1785209837,26.38857,83.4287,90,0,233,,1,27.08778,26.37719,23.02867
1785209838,26.33249,83.41497,90,0,233,,1,27.18938,26.54632,23.06253
1785209838,26.4313,83.52483,90,0,233,,1,27.12165,26.44473,23.06253
1785209839,26.38857,83.57366,90,0,233,,1,27.15551,26.44473,23.02867
1785209840,26.40192,83.51568,90,0,233,,1,27.12165,26.37719,23.02867
1785209840,26.30312,83.55077,90,0,233,,1,27.15551,26.37719,22.96113
1785209841,26.34585,83.68505,90,0,233,,1,27.18938,26.34333,22.96113
1785209842,26.40192,83.63012,90,0,233,,1,27.22325,26.47879,23.06253
1785209842,26.40192,83.61028,90,0,234,,1,27.08778,26.30946,22.9948
1785209843,26.4313,83.7522,90,0,233,,1,27.05412,26.47879,22.9948
1785209844,26.40192,83.68353,90,0,233,,1,27.15551,26.34333,22.9948
1785209844,26.44465,83.63012,90,0,233,,1,27.18938,26.30946,22.9948
1785209845,26.40192,83.59808,90,0,233,,1,27.18938,26.34333,22.9948
1785209846,26.40192,83.63927,90,0,233,,1,27.25711,26.37719,23.06253
1785209846,26.50072,83.77051,90,0,233,,1,27.15551,26.44473,23.02867
1785209847,26.38857,83.73998,90,0,233,,1,27.22325,26.37719,22.92727
1785209848,26.36187,83.67132,90,0,233,,1,27.02005,26.44473,22.96113
1785209849,26.41794,83.66521,90,0,233,,1,27.15551,26.37719,22.9948
1785209849,26.41794,83.74761,90,0,233,,1,27.15551,26.37719,22.9948
1785209850,26.38857,83.8407,90,0,233,,1,26.95252,26.30946,23.02867
1785209851,26.36187,83.76288,90,0,233,,1,27.18938,26.47879,22.9948
1785209851,26.41794,83.81171,90,0,233,,1,27.22325,26.44473,23.06253
1785209852,26.40192,83.75372,90,0,233,,1,27.18938,26.47879,22.96113
1785209853,26.47402,83.77203,90,0,234,,1,27.05412,26.27559,22.9948
1785209853,26.44465,83.79797,90,0,233,,1,27.12165,26.41106,23.02867
1785209854,26.4313,83.81323,90,0,233,,1,27.12165,26.37719,22.96113
1785209855,26.37522,83.92157,90,0,233,,1,27.15551,26.41106,22.92727
1785209855,26.36187,83.99939,90,0,233,,1,27.08778,26.41106,22.9948
1785209856,26.33249,84.13672,90,0,233,,1,27.12165,26.37719,23.02867
1785209857,26.40192,84.20691,90,0,233,,1,27.15551,26.41106,22.9948
1785209857,26.40192,84.35188,90,0,233,,1,27.08778,26.47879,22.9948
1785209858,26.41794,84.55329,90,0,233,,1,27.22325,26.41106,23.06253
1785209859,26.4313,84.7013,90,0,233,,1,27.12165,26.44473,22.92727
1785209859,26.36187,84.82796,90,0,233,,1,27.08778,26.44473,23.13006
1785209860,26.4313,85.08125,90,0,233,,1,27.08778,26.37719,22.96113
1785209861,26.4313,85.1255,90,0,233,,1,27.15551,26.47879,22.9948
1785209861,26.38857,85.25826,90,0,233,,1,27.22325,26.41106,22.96113
1785209862,26.41794,85.40017,90,0,233,,1,27.15551,26.41106,23.13006
1785209863,26.41794,85.64889,90,0,233,,1,27.08778,26.54632,22.9948
1785209863,26.40192,85.53902,90,0,233,,1,27.12165,26.44473,22.9948
1785209864,26.37522,85.60616,90,0,233,,1,27.12165,26.37719,22.9948
1785209865,26.36187,85.65347,90,0,233,,1,27.08778,26.44473,22.96113
1785209865,26.33249,85.61227,90,0,233,,1,27.22325,26.41106,23.0962
1785209866,26.36187,85.51003,90,0,233,,1,27.08778,26.37719,23.06253
1785209867,26.40192,85.56039,90,0,233,,1,27.12165,26.41106,22.8934
1785209868,26.37522,85.42916,90,0,233,,1,27.12165,26.44473,23.02867
1785209868,26.37522,85.30556,90,0,233,,1,27.15551,26.41106,22.96113
1785209869,26.40192,85.40475,90,0,233,,1,27.12165,26.30946,22.9948
1785209870,26.36187,85.28115,90,0,233,,1,27.18938,26.44473,23.06253
1785209870,26.34585,85.16365,90,0,233,,1,27.08778,26.47879,23.06253
1785209871,26.4313,85.10414,90,0,233,,1,27.05412,26.41106,22.9948
1785209872,26.47402,84.96071,90,0,233,,1,27.22325,26.41106,22.9948
1785209872,26.44465,84.89204,90,0,234,,1,27.08778,26.37719,23.06253
1785209873,26.44465,84.75624,90,0,233,,1,27.12165,26.41106,22.9948
1785209874,26.48737,84.71809,90,0,233,,1,27.12165,26.44473,22.9948
1785209874,26.47402,84.65095,90,0,233,,1,27.15551,26.54632,22.96113
1785209875,26.34585,84.62653,90,0,233,,1,27.15551,26.51246,23.06253
1785209876,26.38857,84.47242,90,0,233,,1,27.08778,26.27559,22.9948
1785209876,26.38857,84.41138,90,0,233,,1,27.08778,26.37719,22.92727
1785209877,26.4313,84.42207,90,0,233,,1,27.18938,26.47879,23.06253
1785209878,26.24704,84.51667,90,0,233,,1,27.18938,26.37719,22.8934
1785209878,26.51675,84.44801,90,0,233,,1,27.15551,26.34333,23.02867
1785209879,26.37522,84.37629,90,0,233,,1,27.12165,26.34333,22.9948
1785209880,26.36187,84.31068,90,0,233,,1,27.08778,26.37719,22.8934
1785209880,26.30312,84.37629,90,0,233,,1,27.12165,26.37719,23.02867
1785209881,26.38857,84.60822,90,0,233,,1,27.18938,26.47879,22.9948
1785209882,26.30312,84.61433,90,0,233,,1,27.05412,26.41106,23.06253
1785209883,26.47402,84.74555,90,0,234,,1,27.15551,26.41106,22.92727
1785209883,26.34585,84.69978,90,0,233,,1,27.18938,26.37719,23.06253
1785209884,26.38857,84.89662,90,0,233,,1,27.12165,26.51246,22.9948
1785209885,26.36187,85.00191,90,0,233,,1,27.12165,26.41106,22.9948
1785209885,26.37522,85.14992,90,0,233,,1,27.25711,26.30946,23.02867
1785209886,26.36187,85.31319,90,0,233,,1,27.15551,26.54632,23.02867
1785209887,26.44465,85.32388,90,0,233,,1,27.08778,26.44473,22.9948
1785209887,26.47402,85.53902,90,0,233,,1,27.22325,26.41106,22.9948
1785209888,26.458,85.79385,90,0,233,,1,27.22325,26.44473,23.02867
1785209889,26.4313,86.03342,90,0,233,,1,27.18938,26.54632,22.8934
1785209889,26.44465,86.10056,90,0,233,,1,27.18938,26.34333,22.9948
1785209890,26.38857,86.28977,90,0,233,,1,27.05412,26.34333,22.9948
1785209891,26.37522,86.3386,90,0,233,,1,27.18938,26.47879,22.9948
1785209891,26.41794,86.52628,90,0,233,,1,27.12165,26.37719,22.92727
1785209892,26.40192,86.54154,90,0,233,,1,27.12165,26.37719,23.02867
1785209893,26.458,86.53696,90,0,233,,1,27.02005,26.44473,22.9948
1785209893,26.51675,86.52171,90,0,233,,1,27.15551,26.47879,23.0962
1785209894,26.34585,86.23788,90,0,233,,1,27.15551,26.37719,22.9948
1785209895,26.40192,86.1799,90,0,233,,1,27.18938,26.37719,22.96113
1785209895,26.34585,86.34013,90,0,233,,1,27.05412,26.41106,23.06253
1785209896,26.30312,86.00595,90,0,233,,1,27.08778,26.37719,23.02867
1785209897,26.44465,85.84116,90,0,233,,1,27.05412,26.41106,22.9948
1785209897,26.38857,85.73129,90,0,233,,1,26.98638,26.44473,22.92727
1785209898,26.47402,85.79843,90,0,233,,1,27.15551,26.47879,23.02867
1785209899,26.31914,85.63973,90,0,233,,1,27.15551,26.30946,22.96113
1785209899,26.40192,85.78928,90,0,233,,1,27.18938,26.37719,23.02867
1785209900,26.4313,85.71297,90,0,233,,1,27.15551,26.30946,23.06253
1785209901,26.4313,85.66262,90,0,233,,1,27.25711,26.34333,22.8934
1785209902,26.37522,85.65652,90,0,233,,1,27.12165,26.27559,22.9948
1785209902,26.44465,85.78012,90,0,234,,1,27.12165,26.37719,22.8934
1785209903,26.41794,85.74044,90,0,233,,1,27.08778,26.41106,23.06253
1785209904,26.458,85.8259,90,0,233,,1,27.18938,26.37719,23.13006
1785209904,26.38857,85.88693,90,0,233,,1,27.18938,26.51246,23.02867
1785209905,26.37522,85.93576,90,0,233,,1,27.18938,26.41106,23.02867
1785209906,26.48737,85.9144,90,0,233,,1,27.08778,26.44473,23.06253
1785209906,26.33249,85.80911,90,0,233,,1,27.08778,26.34333,22.96113
1785209907,26.37522,85.73891,90,0,233,,1,27.15551,26.44473,23.02867
1785209908,26.44465,85.56191,90,0,233,,1,27.08778,26.51246,23.02867
1785209908,26.36187,85.3727,90,0,233,,1,27.08778,26.41106,22.9948
1785209909,26.34585,85.29641,90,0,233,,1,27.08778,26.34333,22.9948
1785209910,26.38857,85.13466,90,0,233,,1,27.15551,26.41106,22.9948
1785209910,26.28977,85.03395,90,0,233,,1,27.08778,26.44473,23.06253
1785209911,26.36187,84.91951,90,0,233,,1,27.18938,26.37719,22.9948
1785209912,26.33249,84.78676,90,0,233,,1,27.08778,26.47879,23.02867
1785209912,26.41794,84.75013,90,0,233,,1,27.05412,26.30946,23.06253
1785209913,26.458,84.65553,90,0,233,,1,27.25711,26.44473,23.02867
1785209914,26.31914,84.52583,90,0,233,,1,27.02005,26.41106,23.02867
1785209914,26.4313,84.49378,90,0,233,,1,27.18938,26.30946,22.96113
1785209915,26.30312,84.2649,90,0,233,,1,27.08778,26.41106,22.96113
1785209916,26.37522,84.4297,90,0,233,,1,27.25711,26.41106,23.02867
1785209916,26.36187,84.41291,90,0,233,,1,27.08778,26.37719,22.9948
1785209917,26.28977,84.3946,90,0,233,,1,27.12165,26.51246,22.96113
1785209918,26.30312,84.33509,90,0,233,,1,27.18938,26.47879,22.9948
1785209919,26.36187,84.47547,90,0,233,,1,27.22325,26.44473,22.9948
1785209919,26.40192,84.30152,90,0,233,,1,27.08778,26.41106,23.06253
1785209920,26.38857,84.52583,90,0,233,,1,27.18938,26.44473,22.96113
1785209921,26.31914,84.53651,90,0,233,,1,27.15551,26.44473,22.9948
1785209921,26.37522,84.654,90,0,233,,1,27.15551,26.37719,22.92727
1785209922,26.40192,84.80659,90,0,233,,1,27.12165,26.51246,23.02867
1785209923,26.37522,84.76845,90,0,233,,1,27.15551,26.47879,23.0962
1785209923,26.38857,84.94698,90,0,233,,1,27.25711,26.34333,23.0962
1785209924,26.458,84.76082,90,0,233,,1,27.22325,26.34333,23.02867
1785209925,26.38857,84.85542,90,0,233,,1,27.12165,26.41106,23.02867
1785209925,26.34585,84.95613,90,0,233,,1,27.05412,26.44473,23.06253
1785209926,26.38857,84.93782,90,0,233,,1,27.12165,26.44473,23.06253
1785209927,26.30312,84.94392,90,0,233,,1,27.12165,26.41106,23.0962
1785209927,26.47402,84.92104,90,0,233,,1,27.12165,26.44473,22.92727
1785209928,26.33249,85.04768,90,0,233,,1,27.08778,26.41106,22.9948
1785209929,26.458,84.88441,90,0,233,,1,27.18938,26.37719,22.9948
1785209929,26.44465,84.85085,90,0,233,,1,27.25711,26.44473,23.0962
1785209930,26.33249,84.7364,90,0,233,,1,27.05412,26.34333,23.06253
1785209931,26.4313,84.73335,90,0,233,,1,27.15551,26.41106,23.0962
1785209931,26.33249,84.79744,90,0,233,,1,27.15551,26.54632,22.9948
1785209932,26.37522,84.75013,90,0,233,,1,27.25711,26.34333,23.0962
1785209933,26.36187,84.71351,90,0,233,,1,27.29098,26.44473,23.06253
1785209933,26.37522,84.68604,90,0,233,,1,27.15551,26.37719,22.96113
1785209934,26.37522,84.73792,90,0,233,,1,27.05412,26.41106,23.02867
1785209935,26.38857,84.61738,90,0,233,,1,27.08778,26.30946,23.02867
1785209936,26.36187,84.9012,90,0,233,,1,27.15551,26.37719,23.06253
1785209936,26.47402,84.93019,90,0,233,,1,27.15551,26.44473,22.96113
1785209937,26.34585,85.04921,90,0,233,,1,27.18938,26.30946,23.02867
1785209938,26.47402,85.00191,90,0,233,,1,27.08778,26.30946,22.96113
1785209938,26.36187,84.92867,90,0,233,,1,27.05412,26.41106,22.96113
1785209939,26.36187,85.05379,90,0,233,,1,27.12165,26.51246,23.02867
1785209940,26.36187,84.97139,90,0,233,,1,27.15551,26.44473,23.0962
1785209940,26.48737,84.75929,90,0,233,,1,27.12165,26.47879,23.06253
1785209941,26.36187,84.6189,90,0,233,,1,27.08778,26.41106,23.02867
1785209942,26.4313,84.68147,90,0,233,,1,27.05412,26.37719,22.96113
1785209942,26.37522,84.48005,90,0,234,,1,27.18938,26.44473,23.0962
1785209943,26.41794,84.3473,90,0,233,,1,27.02005,26.51246,22.9948
1785209944,26.27642,84.32899,90,0,233,,1,27.05412,26.51246,22.92727
1785209944,26.38857,84.12299,90,0,233,,1,27.12165,26.34333,22.9948
1785209945,26.40192,84.11536,90,0,233,,1,27.08778,26.27559,22.92727
1785209946,26.37522,83.90021,90,0,233,,1,27.25711,26.34333,23.02867
1785209946,26.28977,83.86664,90,0,233,,1,27.15551,26.44473,22.92727
1785209947,26.36187,83.84528,90,0,233,,1,27.15551,26.20786,23.02867
1785209948,26.38857,83.69726,90,0,233,,1,27.12165,26.44473,22.96113
1785209948,26.40192,83.66064,90,0,233,,1,27.15551,26.44473,22.96113
1785209949,26.4313,83.70794,90,0,233,,1,27.22325,26.41106,23.02867
1785209950,26.34585,83.6469,90,0,233,,1,27.08778,26.41106,22.9948
1785209950,26.26307,83.55993,90,0,233,,1,27.08778,26.41106,22.9948
1785209951,26.47402,83.63927,90,0,233,,1,26.98638,26.47879,22.9948
1785209952,26.37522,83.46838,90,0,233,,1,27.12165,26.51246,23.02867
1785209953,26.41794,83.40582,90,0,234,,1,27.12165,26.37719,22.96113
1785209953,26.34585,83.43786,90,0,233,,1,27.25711,26.34333,22.92727
1785209954,26.36187,83.36004,90,0,233,,1,27.12165,26.37719,22.96113
1785209955,26.44465,83.48669,90,0,233,,1,27.05412,26.41106,23.02867
1785209955,26.28977,83.30968,90,0,233,,1,27.18938,26.41106,23.02867
1785209956,26.41794,83.26238,90,0,233,,1,27.18938,26.37719,22.96113
1785209957,26.31914,83.37835,90,0,233,,1,27.22325,26.34333,22.96113
1785209957,26.4313,83.24406,90,0,233,,1,27.08778,26.47879,22.9948
1785209958,26.34585,83.30511,90,0,233,,1,27.12165,26.37719,22.9948
1785209959,26.38857,83.19371,90,0,233,,1,27.18938,26.44473,23.06253
1785209959,26.37522,83.27154,90,0,233,,1,27.18938,26.47879,22.92727
1785209960,26.37522,83.20897,90,0,233,,1,27.18938,26.34333,23.02867
1785209961,26.37522,83.17998,90,0,233,,1,27.12165,26.37719,22.96113
1785209961,26.37522,83.14793,90,0,233,,1,27.12165,26.41106,22.9948
1785209962,26.44465,83.24864,90,0,233,,1,27.15551,26.37719,23.06253
1785209963,26.47402,83.2868,90,0,233,,1,27.25711,26.44473,23.06253
1785209963,26.28977,83.22728,90,0,233,,1,27.12165,26.37719,22.92727
1785209964,26.4313,83.20439,90,0,233,,1,27.25711,26.37719,22.9948
1785209965,26.34585,83.19066,90,0,233,,1,27.12165,26.30946,22.9948
1785209965,26.33249,83.19829,90,0,233,,1,27.08778,26.34333,23.06253
1785209966,26.34585,83.17082,90,0,233,,1,27.12165,26.30946,22.96113
1785209967,26.36187,83.48363,90,0,233,,1,27.02005,26.30946,22.9948
1785209967,26.28977,83.22728,90,0,233,,1,27.15551,26.37719,22.96113
1785209968,26.34585,83.21202,90,0,233,,1,27.08778,26.47879,22.9948
1785209969,26.37522,83.36462,90,0,233,,1,27.15551,26.47879,22.9948
1785209969,26.34585,83.32647,90,0,233,,1,27.05412,26.34333,22.92727
1785209970,26.40192,83.28985,90,0,233,,1,27.12165,26.41106,22.9948
1785209971,26.34585,83.31426,90,0,233,,1,27.18938,26.47879,23.06253
1785209972,26.4313,83.39971,90,0,233,,1,27.12165,26.37719,23.02867
1785209972,26.44465,83.56908,90,0,234,,1,27.29098,26.37719,22.9948
1785209973,26.47402,83.72167,90,0,233,,1,27.12165,26.34333,23.02867
1785209974,26.44465,83.92157,90,0,233,,1,27.22325,26.44473,23.06253
1785209974,26.41794,84.07874,90,0,233,,1,27.15551,26.41106,23.02867
1785209975,26.34585,84.28779,90,0,233,,1,27.08778,26.34333,22.92727
1785209976,26.37522,84.35645,90,0,233,,1,27.12165,26.41106,22.96113
1785209976,26.458,84.53193,90,0,233,,1,27.18938,26.41106,22.96113
1785209977,26.40192,84.44495,90,0,233,,1,27.22325,26.61406,22.9948
1785209978,26.28977,84.49836,90,0,233,,1,26.98638,26.51246,23.02867
1785209978,26.41794,84.63569,90,0,233,,1,27.08778,26.37719,22.9948
1785209979,26.38857,84.8661,90,0,233,,1,27.15551,26.37719,23.02867
1785209980,26.40192,84.97139,90,0,233,,1,27.05412,26.34333,22.9948
1785209980,26.34585,85.04921,90,0,233,,1,27.18938,26.41106,22.96113
1785209981,26.37522,85.34676,90,0,233,,1,27.25711,26.44473,22.9948
1785209982,26.4313,85.63058,90,0,233,,1,27.08778,26.37719,22.9948
1785209982,26.4313,85.80759,90,0,233,,1,27.29098,26.37719,22.9948
1785209983,26.41794,86.07004,90,0,233,,1,27.12165,26.47879,23.02867
1785209984,26.458,86.28977,90,0,233,,1,27.29098,26.34333,22.96113
1785209984,26.41794,86.41184,90,0,233,,1,27.12165,26.34333,22.96113
1785209985,26.36187,86.53086,90,0,233,,1,27.15551,26.51246,23.02867
1785209986,26.40192,86.62394,90,0,233,,1,27.08778,26.41106,22.92727
1785209986,26.33249,86.52171,90,0,233,,1,27.22325,26.47879,23.06253
1785209987,26.48737,86.52323,90,0,233,,1,27.12165,26.41106,23.0962
1785209988,26.40192,86.43931,90,0,233,,1,27.18938,26.37719,22.9948
1785209989,26.47402,86.3035,90,0,233,,1,27.08778,26.34333,22.92727
1785209989,26.36187,86.04562,90,0,233,,1,27.08778,26.37719,22.9948
1785209990,26.38857,85.7847,90,0,233,,1,27.08778,26.37719,22.96113
1785209991,26.38857,85.53445,90,0,233,,1,27.02005,26.37719,23.0962
1785209991,26.36187,85.28115,90,0,233,,1,27.08778,26.41106,22.9948
1785209992,26.34585,85.07057,90,0,233,,1,27.15551,26.44473,22.9948
1785209993,26.44465,84.92409,90,0,233,,1,27.12165,26.30946,22.92727
1785209993,26.34585,84.59602,90,0,233,,1,27.08778,26.51246,22.92727
1785209994,26.37522,84.45716,90,0,233,,1,27.08778,26.41106,22.9948
1785209995,26.41794,84.53193,90,0,233,,1,27.18938,26.41106,22.9948
1785209995,26.36187,84.21606,90,0,233,,1,27.15551,26.41106,23.02867
1785209996,26.40192,84.12451,90,0,233,,1,27.12165,26.41106,23.0962
1785209997,26.44465,84.07416,90,0,233,,1,27.05412,26.44473,22.96113
1785209997,26.37522,83.91241,90,0,234,,1,27.08778,26.47879,23.13006
1785209998,26.37522,84.00397,90,0,233,,1,27.22325,26.44473,22.9948
1785209999,26.34585,83.95514,90,0,233,,1,27.18938,26.34333,23.13006
1785209999,26.36187,83.82544,90,0,233,,1,27.08778,26.44473,23.02867
1785210000,26.37522,83.82086,90,0,233,,1,27.15551,26.44473,22.8934
1785210001,26.37522,83.68353,90,0,233,,1,27.22325,26.44473,22.9948
1785210001,26.37522,83.64385,90,0,233,,1,27.22325,26.51246,22.9948
1785210002,26.38857,83.5935,90,0,233,,1,27.18938,26.41106,22.9948
1785210003,26.48737,83.65301,90,0,233,,1,27.08778,26.41106,23.02867
1785210003,26.34585,83.57366,90,0,233,,1,27.12165,26.44473,23.06253
1785210004,26.38857,83.5935,90,0,233,,1,27.25711,26.44473,22.9948
1785210005,26.40192,83.63012,90,0,233,,1,27.22325,26.44473,23.16393
1785210006,26.36187,83.74303,90,0,233,,1,27.12165,26.30946,22.9948
1785210006,26.36187,83.75372,90,0,233,,1,27.08778,26.44473,23.02867
1785210007,26.28977,83.46532,90,0,233,,1,27.08778,26.27559,22.9948
1785210008,26.28977,83.74303,90,0,233,,1,27.02005,26.41106,22.9948
1785210008,26.36187,83.82544,90,0,233,,1,27.08778,26.41106,22.9948
1785210009,26.47402,83.68047,90,0,233,,1,27.12165,26.41106,23.02867
1785210010,26.33249,83.76593,90,0,233,,1,27.18938,26.47879,23.02867
1785210010,26.36187,83.90784,90,0,233,,1,27.18938,26.41106,22.96113
1785210011,26.40192,84.02228,90,0,233,,1,27.08778,26.30946,22.96113
1785210012,26.37522,83.85901,90,0,233,,1,27.22325,26.41106,22.9948
1785210012,26.37522,83.92157,90,0,234,,1,27.15551,26.54632,22.9948
1785210013,26.38857,84.0177,90,0,233,,1,27.18938,26.37719,23.02867
1785210014,26.41794,84.12909,90,0,233,,1,27.15551,26.41106,23.0962
1785210014,26.38857,84.08179,90,0,233,,1,27.05412,26.30946,23.06253
1785210015,26.31914,84.07263,90,0,233,,1,27.15551,26.37719,22.9948
1785210016,26.458,84.04669,90,0,233,,1,27.02005,26.41106,22.96113
1785210016,26.38857,84.10162,90,0,233,,1,27.15551,26.37719,22.96113
1785210017,26.31914,84.09247,90,0,233,,1,27.15551,26.37719,22.9948
1785210018,26.44465,84.05432,90,0,233,,1,27.15551,26.37719,22.9948
1785210018,26.41794,83.90326,90,0,233,,1,27.22325,26.54632,22.96113
1785210019,26.34585,83.90326,90,0,233,,1,27.08778,26.47879,22.96113
1785210020,26.36187,83.97192,90,0,233,,1,27.15551,26.41106,22.9948
1785210020,26.37522,83.83002,90,0,233,,1,27.02005,26.47879,22.9948
1785210021,26.33249,83.81781,90,0,233,,1,27.05412,26.34333,23.02867
1785210022,26.38857,83.74914,90,0,233,,1,27.12165,26.20786,23.02867
1785210023,26.37522,83.71557,90,0,234,,1,27.05412,26.54632,22.96113
1785210023,26.37522,83.63317,90,0,233,,1,27.05412,26.37719,22.9948
1785210024,26.41794,83.69421,90,0,233,,1,27.18938,26.51246,23.02867
1785210025,26.36187,83.75372,90,0,233,,1,27.08778,26.44473,23.02867
1785210025,26.36187,83.68963,90,0,233,,1,27.12165,26.44473,23.02867
1785210026,26.33249,83.66216,90,0,233,,1,27.02005,26.44473,23.02867
1785210027,26.4313,83.73083,90,0,233,,1,27.08778,26.44473,23.0962
1785210027,26.4313,83.76135,90,0,233,,1,27.12165,26.37719,22.96113
1785210028,26.31914,83.61639,90,0,233,,1,27.15551,26.37719,23.02867
1785210029,26.37522,83.67437,90,0,233,,1,27.08778,26.44473,23.06253
1785210029,26.36187,83.67132,90,0,233,,1,27.15551,26.47879,22.96113
1785210030,26.41794,83.76746,90,0,233,,1,27.18938,26.41106,23.06253
1785210031,26.4313,83.76135,90,0,233,,1,27.25711,26.30946,23.06253
1785210031,26.40192,83.79492,90,0,233,,1,27.15551,26.44473,23.06253
1785210032,26.38857,83.5523,90,0,233,,1,27.18938,26.41106,23.02867
1785210033,26.41794,83.71557,90,0,233,,1,27.08778,26.37719,23.0962
1785210033,26.38857,83.57366,90,0,233,,1,27.22325,26.30946,22.96113
1785210034,26.37522,83.79797,90,0,233,,1,27.08778,26.44473,22.8934
1785210035,26.30312,83.43786,90,0,233,,1,27.12165,26.54632,22.92727
1785210035,26.4313,83.58434,90,0,233,,1,27.08778,26.51246,23.06253
1785210036,26.40192,83.4638,90,0,233,,1,27.15551,26.47879,22.96113
1785210037,26.38857,83.47295,90,0,233,,1,27.15551,26.41106,23.02867
1785210037,26.38857,83.5935,90,0,233,,1,27.18938,26.44473,23.02867
1785210038,26.34585,83.5935,90,0,233,,1,27.12165,26.41106,23.02867
1785210039,26.38857,83.48211,90,0,233,,1,27.15551,26.44473,23.02867
1785210039,26.31914,83.36919,90,0,233,,1,27.05412,26.27559,23.02867
1785210040,26.34585,83.53246,90,0,233,,1,27.18938,26.37719,22.96113
1785210041,26.36187,83.4226,90,0,233,,1,27.25711,26.41106,23.02867
1785210042,26.38857,83.4287,90,0,233,,1,27.08778,26.37719,22.96113
1785210042,26.37522,83.42718,90,0,234,,1,27.15551,26.37719,22.92727
1785210043,26.30312,83.39666,90,0,233,,1,27.22325,26.44473,22.9948
1785210044,26.36187,83.48363,90,0,233,,1,27.08778,26.30946,23.02867
1785210044,26.38857,83.47295,90,0,233,,1,27.12165,26.41106,22.9948
1785210045,26.38857,83.44091,90,0,233,,1,27.22325,26.44473,22.9948
1785210046,26.41794,83.47906,90,0,233,,1,27.18938,26.41106,23.02867
1785210046,26.36187,83.33105,90,0,233,,1,27.15551,26.41106,22.9948
1785210047,26.31914,83.48363,90,0,233,,1,27.05412,26.37719,22.96113
1785210048,26.37522,83.57061,90,0,233,,1,27.12165,26.37719,23.0962
1785210048,26.31914,83.61639,90,0,233,,1,27.12165,26.41106,23.06253
1785210049,26.44465,83.63012,90,0,233,,1,27.12165,26.37719,22.92727
1785210050,26.41794,83.72625,90,0,233,,1,26.95252,26.34333,22.9948
1785210050,26.458,83.7995,90,0,233,,1,27.22325,26.41106,22.9948
1785210051,26.37522,83.85901,90,0,233,,1,27.15551,26.41106,22.96113
1785210052,26.4313,83.99023,90,0,233,,1,27.22325,26.47879,22.9948
1785210052,26.41794,84.08789,90,0,233,,1,27.02005,26.41106,22.85974
1785210053,26.36187,84.15503,90,0,233,,1,27.15551,26.41106,22.9948
1785210054,26.33249,84.15656,90,0,233,,1,27.12165,26.30946,22.9948
1785210054,26.44465,84.20996,90,0,233,,1,27.08778,26.37719,22.92727
1785210055,26.37522,84.20081,90,0,233,,1,27.25711,26.41106,23.06253
1785210056,26.4313,84.32899,90,0,233,,1,27.15551,26.37719,23.02867
1785210056,26.38857,84.23438,90,0,233,,1,27.05412,26.34333,22.96113
1785210057,26.458,84.39918,90,0,233,,1,27.18938,26.51246,23.02867
1785210058,26.38857,84.32899,90,0,233,,1,27.02005,26.34333,23.02867
1785210059,26.30312,84.31525,90,0,233,,1,27.15551,26.47879,22.92727
1785210059,26.51675,84.32441,90,0,233,,1,27.15551,26.41106,22.96113
1785210060,26.38857,84.23438,90,0,233,,1,27.15551,26.37719,22.96113
1785210061,26.47402,84.26948,90,0,233,,1,27.15551,26.47879,22.9948
1785210061,26.36187,84.31983,90,0,233,,1,27.15551,26.30946,23.06253
1785210062,26.41794,84.3885,90,0,233,,1,27.12165,26.44473,22.9948
1785210063,26.37522,84.43885,90,0,233,,1,27.22325,26.44473,23.06253
1785210063,26.4313,84.59907,90,0,233,,1,27.22325,26.44473,22.9948
1785210064,26.4313,84.56702,90,0,233,,1,27.12165,26.41106,22.9948
1785210065,26.4313,84.55787,90,0,233,,1,27.15551,26.44473,22.96113
1785210065,26.34585,84.70893,90,0,232,,1,27.22325,26.41106,22.9948
1785210066,26.4313,84.85695,90,0,233,,1,27.02005,26.34333,22.9948
1785210067,26.38857,85.02022,90,0,233,,1,27.18938,26.44473,22.96113
1785210067,26.41794,85.23537,90,0,233,,1,27.18938,26.47879,22.9948
1785210068,26.34585,85.34982,90,0,233,,1,27.15551,26.44473,22.96113
1785210069,26.47402,85.18959,90,0,233,,1,27.18938,26.44473,23.02867
1785210069,26.38857,85.22621,90,0,233,,1,27.15551,26.47879,22.9948
1785210070,26.4313,85.21858,90,0,233,,1,27.12165,26.34333,22.9948
1785210071,26.44465,84.95308,90,0,233,,1,27.15551,26.41106,22.96113
1785210071,26.31914,84.89662,90,0,233,,1,27.08778,26.54632,23.06253
1785210072,26.4313,84.72266,90,0,233,,1,27.15551,26.41106,23.02867
1785210073,26.48737,84.67384,90,0,233,,1,27.15551,26.47879,22.9948
1785210073,26.38857,84.56702,90,0,233,,1,27.08778,26.47879,22.9948
1785210074,26.5301,84.39765,90,0,233,,1,27.08778,26.44473,22.92727
1785210075,26.36187,84.36256,90,0,233,,1,27.15551,26.54632,22.96113
1785210076,26.458,84.3061,90,0,233,,1,27.12165,26.41106,23.13006
1785210076,26.40192,84.33051,90,0,233,,1,27.08778,26.30946,23.06253
1785210077,26.41794,84.47089,90,0,233,,1,27.08778,26.41106,22.9948
1785210078,26.44465,84.477,90,0,233,,1,27.15551,26.41106,22.96113
1785210078,26.458,84.75013,90,0,233,,1,27.05412,26.47879,23.02867
1785210079,26.4313,84.89815,90,0,233,,1,27.15551,26.41106,23.02867
1785210080,26.48737,85.10872,90,0,233,,1,27.22325,26.34333,23.02867
1785210080,26.44465,85.18044,90,0,233,,1,27.18938,26.41106,23.02867
1785210081,26.44465,85.33608,90,0,233,,1,27.08778,26.54632,22.92727
1785210082,26.458,85.45205,90,0,233,,1,27.12165,26.30946,23.02867
1785210082,26.40192,85.41543,90,0,233,,1,27.18938,26.44473,23.06253
1785210083,26.31914,85.46578,90,0,233,,1,27.22325,26.41106,22.9948
1785210084,26.40192,85.49783,90,0,234,,1,27.08778,26.34333,22.9948
1785210084,26.38857,85.50546,90,0,233,,1,27.05412,26.37719,22.9948
1785210085,26.458,85.27657,90,0,233,,1,27.08778,26.30946,23.02867
1785210086,26.47402,85.31319,90,0,233,,1,27.22325,26.37719,22.9948
1785210086,26.36187,85.25979,90,0,233,,1,27.02005,26.41106,22.8934
1785210087,26.36187,85.14534,90,0,233,,1,27.15551,26.44473,22.8934
1785210088,26.5301,84.93477,90,0,233,,1,27.05412,26.51246,22.92727
1785210088,26.31914,84.72266,90,0,233,,1,27.22325,26.30946,23.02867
1785210089,26.41794,84.72877,90,0,233,,1,27.25711,26.54632,23.02867
1785210090,26.44465,84.66315,90,0,233,,1,27.18938,26.44473,22.9948
1785210090,26.41794,84.49073,90,0,233,,1,27.15551,26.34333,22.92727
1785210091,26.36187,84.45411,90,0,233,,1,27.15551,26.44473,23.06253
1785210092,26.37522,84.38544,90,0,233,,1,27.15551,26.37719,23.02867
1785210093,26.41794,84.22369,90,0,233,,1,27.12165,26.44473,22.9948
1785210093,26.41794,84.15198,90,0,233,,1,27.32484,26.30946,23.0962
1785210094,26.34585,84.17029,90,0,233,,1,27.05412,26.34333,22.9948
1785210095,26.37522,84.1474,90,0,233,,1,27.08778,26.37719,23.0962
1785210095,26.50072,84.34882,90,0,233,,1,27.05412,26.51246,23.0962
1785210096,26.34585,84.31525,90,0,233,,1,27.12165,26.37719,22.96113
1785210097,26.44465,84.67384,90,0,233,,1,27.18938,26.41106,23.02867
1785210097,26.44465,84.87068,90,0,233,,1,27.02005,26.34333,22.9948
1785210098,26.48737,84.97444,90,0,233,,1,27.22325,26.37719,22.9948
1785210099,26.48737,85.14076,90,0,233,,1,27.12165,26.44473,23.02867
1785210099,26.47402,85.44595,90,0,233,,1,27.15551,26.44473,23.06253
1785210100,26.41794,85.7496,90,0,233,,1,27.15551,26.37719,22.96113
1785210101,26.50072,85.84573,90,0,233,,1,27.05412,26.30946,23.02867
1785210101,26.47402,85.88998,90,0,233,,1,27.22325,26.34333,22.9948
1785210102,26.458,86.25773,90,0,233,,1,27.18938,26.44473,22.96113
1785210103,26.44465,86.10971,90,0,233,,1,27.18938,26.34333,23.0962
1785210103,26.40192,86.28367,90,0,234,,1,27.25711,26.47879,22.9948
1785210104,26.4313,86.39506,90,0,233,,1,27.15551,26.44473,23.02867
1785210105,26.44465,86.31724,90,0,233,,1,27.08778,26.51246,23.02867
1785210105,26.37522,86.34776,90,0,233,,1,27.15551,26.30946,22.92727
1785210106,26.44465,86.2974,90,0,233,,1,27.29098,26.37719,22.92727
1785210107,26.40192,86.2211,90,0,233,,1,27.18938,26.37719,22.9948
1785210107,26.44465,86.10971,90,0,233,,1,27.05412,26.30946,23.02867
1785210108,26.458,86.05173,90,0,233,,1,27.15551,26.51246,23.0962
1785210109,26.37522,85.49172,90,0,233,,1,26.98638,26.47879,22.9948
1785210109,26.41794,85.52529,90,0,233,,1,27.02005,26.41106,23.02867
1785210110,26.41794,85.25521,90,0,233,,1,27.22325,26.37719,22.92727
1785210111,26.36187,85.15755,90,0,233,,1,27.22325,26.47879,22.9948
1785210112,26.36187,85.0248,90,0,233,,1,27.05412,26.44473,23.13006
1785210112,26.458,85.06142,90,0,233,,1,27.15551,26.37719,23.02867
1785210113,26.44465,85.01564,90,0,233,,1,27.08778,26.47879,23.0962
1785210114,26.31914,84.92867,90,0,234,,1,27.12165,26.51246,23.02867
1785210114,26.40192,84.87984,90,0,233,,1,27.15551,26.41106,22.96113
1785210115,26.38857,84.80202,90,0,233,,1,27.25711,26.27559,23.02867
1785210116,26.44465,84.86,90,0,233,,1,27.08778,26.51246,22.96113
1785210116,26.41794,85.00801,90,0,233,,1,27.18938,26.41106,23.02867
1785210117,26.38857,84.9897,90,0,233,,1,27.12165,26.47879,22.9948
1785210118,26.40192,84.77455,90,0,233,,1,27.05412,26.47879,22.9948
1785210118,26.4313,84.88747,90,0,233,,1,27.08778,26.37719,22.92727
1785210119,26.38857,84.82338,90,0,233,,1,27.18938,26.37719,23.02867
1785210120,26.4313,84.64027,90,0,233,,1,27.08778,26.34333,23.02867
1785210120,26.41794,84.47089,90,0,233,,1,27.08778,26.44473,22.8934
1785210121,26.38857,84.25574,90,0,233,,1,27.12165,26.34333,23.06253
1785210122,26.34585,84.17029,90,0,233,,1,27.18938,26.37719,23.06253
1785210122,26.38857,84.10162,90,0,233,,1,27.22325,26.41106,22.92727
1785210123,26.4313,83.97803,90,0,233,,1,27.15551,26.37719,23.02867
1785210124,26.31914,83.91699,90,0,234,,1,27.15551,26.30946,23.02867
1785210124,26.41794,83.83154,90,0,233,,1,27.15551,26.54632,22.96113
1785210125,26.34585,83.90326,90,0,233,,1,27.12165,26.41106,22.9948
1785210126,26.44465,83.81781,90,0,233,,1,27.18938,26.34333,22.9948
1785210126,26.38857,83.77051,90,0,233,,1,27.12165,26.47879,22.9948
1785210127,26.38857,83.82239,90,0,233,,1,27.12165,26.47879,23.02867
1785210128,26.41794,83.78882,90,0,233,,1,27.08778,26.34333,22.9948
1785210129,26.41794,83.90326,90,0,233,,1,27.12165,26.47879,23.0962
1785210129,26.44465,84.04517,90,0,233,,1,27.15551,26.41106,22.92727
1785210130,26.36187,84.33967,90,0,233,,1,27.12165,26.37719,22.96113
1785210131,26.38857,84.50294,90,0,233,,1,27.25711,26.44473,23.02867
1785210131,26.40192,84.68299,90,0,233,,1,27.15551,26.27559,23.02867
1785210132,26.38857,84.79286,90,0,233,,1,27.08778,26.41106,22.9948
1785210133,26.4313,84.91951,90,0,233,,1,27.15551,26.44473,22.9948
1785210133,26.41794,84.76845,90,0,233,,1,27.15551,26.54632,22.9948
1785210134,26.458,84.88441,90,0,233,,1,27.22325,26.47879,23.02867
1785210135,26.38857,84.89662,90,0,233,,1,27.15551,26.41106,23.06253
1785210135,26.4313,84.8661,90,0,233,,1,27.29098,26.34333,23.06253
1785210136,26.34585,84.74097,90,0,233,,1,27.22325,26.54632,22.96113
1785210137,26.38857,84.73182,90,0,233,,1,27.25711,26.44473,23.02867
1785210137,26.458,84.76082,90,0,233,,1,27.22325,26.51246,23.02867
1785210138,26.34585,84.74097,90,0,233,,1,27.15551,26.41106,23.02867
1785210139,26.38857,84.85542,90,0,233,,1,26.98638,26.34333,22.96113
1785210139,26.48737,84.93477,90,0,233,,1,27.08778,26.34333,22.96113
1785210140,26.41794,84.87373,90,0,233,,1,27.15551,26.41106,22.9948
1785210141,26.41794,84.83253,90,0,233,,1,27.08778,26.37719,23.02867
1785210141,26.38857,84.80202,90,0,233,,1,27.22325,26.44473,22.92727
1785210142,26.36187,84.71351,90,0,233,,1,27.05412,26.41106,23.13006
1785210143,26.37522,84.7776,90,0,233,,1,27.12165,26.34333,22.92727
1785210143,26.41794,84.63569,90,0,234,,1,27.12165,26.44473,22.96113
1785210144,26.38857,84.64637,90,0,233,,1,27.15551,26.44473,23.02867
1785210145,26.36187,84.55787,90,0,233,,1,27.18938,26.44473,23.02867
1785210146,26.38857,84.59602,90,0,233,,1,27.05412,26.34333,22.92727
1785210146,26.41794,84.64484,90,0,233,,1,27.18938,26.54632,22.96113
1785210147,26.44465,84.8188,90,0,233,,1,27.08778,26.34333,23.02867
1785210148,26.37522,84.98512,90,0,233,,1,27.02005,26.47879,22.9948
1785210148,26.44465,85.09804,90,0,233,,1,27.15551,26.34333,22.92727
1785210149,26.34585,85.09041,90,0,233,,1,27.22325,26.44473,23.06253
1785210150,26.41794,85.13161,90,0,233,,1,27.18938,26.44473,23.0962
1785210150,26.458,85.12093,90,0,233,,1,27.12165,26.51246,22.9948
1785210151,26.31914,85.02174,90,0,233,,1,27.12165,26.47879,22.96113
1785210152,26.41794,84.99733,90,0,233,,1,27.18938,26.37719,23.02867
1785210152,26.37522,84.67689,90,0,233,,1,27.12165,26.47879,23.06253
1785210153,26.34585,84.80202,90,0,233,,1,27.08778,26.44473,23.0962
1785210154,26.37522,84.60365,90,0,233,,1,27.12165,26.44473,22.96113
1785210154,26.458,84.40833,90,0,233,,1,27.22325,26.37719,22.9948
1785210155,26.36187,84.28016,90,0,233,,1,27.02005,26.30946,23.06253
1785210156,26.44465,84.15961,90,0,233,,1,27.15551,26.41106,23.02867
1785210156,26.40192,84.05432,90,0,233,,1,27.15551,26.51246,23.06253
1785210157,26.40192,83.93988,90,0,233,,1,27.15551,26.37719,23.06253
1785210158,26.36187,83.91852,90,0,233,,1,27.12165,26.41106,23.06253
1785210158,26.44465,83.86816,90,0,233,,1,27.15551,26.44473,23.02867
1785210159,26.44465,83.74456,90,0,233,,1,27.12165,26.44473,22.96113
1785210160,26.41794,83.7583,90,0,233,,1,27.02005,26.30946,22.96113
1785210160,26.33249,83.62096,90,0,233,,1,27.12165,26.41106,22.9948
1785210161,26.4313,83.63775,90,0,233,,1,27.15551,26.30946,23.02867
1785210162,26.44465,83.56908,90,0,233,,1,27.15551,26.44473,22.9948
1785210163,26.36187,83.60723,90,0,233,,1,27.18938,26.37719,22.96113
1785210163,26.36187,83.56603,90,0,233,,1,27.12165,26.47879,22.9948
1785210164,26.37522,83.47753,90,0,233,,1,27.05412,26.44473,22.9948
1785210165,26.44465,83.44549,90,0,233,,1,27.08778,26.27559,22.9948
1785210165,26.458,83.50042,90,0,233,,1,27.15551,26.41106,23.06253
1785210166,26.30312,83.50042,90,0,233,,1,27.15551,26.30946,23.02867
1785210167,26.36187,83.4638,90,0,233,,1,27.12165,26.44473,22.92727
1785210167,26.36187,83.47448,90,0,233,,1,27.25711,26.51246,23.02867
1785210168,26.37522,83.63317,90,0,233,,1,27.15551,26.51246,22.9948
1785210169,26.47402,83.54772,90,0,233,,1,27.22325,26.47879,23.02867
1785210169,26.41794,83.5111,90,0,233,,1,27.12165,26.27559,22.96113
1785210170,26.4313,83.68047,90,0,233,,1,27.15551,26.41106,23.02867
1785210171,26.31914,83.52331,90,0,233,,1,27.15551,26.37719,22.9948
1785210171,26.40192,83.56603,90,0,233,,1,27.08778,26.34333,22.9948
1785210172,26.4313,83.64843,90,0,233,,1,27.08778,26.24193,22.9948
1785210173,26.44465,83.68353,90,0,233,,1,27.05412,26.44473,23.0962
1785210173,26.40192,83.75372,90,0,233,,1,27.18938,26.41106,22.96113
1785210174,26.36187,83.65148,90,0,233,,1,27.12165,26.41106,23.02867
1785210175,26.44465,83.71252,90,0,233,,1,27.15551,26.41106,23.06253
1785210175,26.28977,83.80713,90,0,233,,1,27.08778,26.30946,23.02867
1785210176,26.36187,83.95972,90,0,233,,1,27.22325,26.37719,22.96113
1785210177,26.36187,84.03143,90,0,233,,1,27.12165,26.54632,22.96113
1785210177,26.50072,84.00854,90,0,233,,1,27.12165,26.44473,22.96113
1785210178,26.33249,84.19775,90,0,233,,1,27.18938,26.44473,22.96113
1785210179,26.47402,84.19623,90,0,233,,1,27.22325,26.37719,22.92727
1785210180,26.458,84.11993,90,0,233,,1,27.25711,26.41106,23.02867
1785210180,26.40192,84.36256,90,0,233,,1,27.15551,26.37719,22.92727
1785210181,26.38857,84.37934,90,0,233,,1,27.18938,26.41106,22.96113
1785210182,26.33249,84.3946,90,0,233,,1,27.08778,26.41106,23.02867
1785210182,26.31914,84.43427,90,0,233,,1,27.08778,26.30946,22.9948
1785210183,26.38857,84.43122,90,0,233,,1,27.15551,26.41106,23.06253
1785210184,26.33249,84.46632,90,0,234,,1,27.05412,26.47879,22.9948
1785210184,26.41794,84.53193,90,0,233,,1,27.18938,26.34333,23.02867
1785210185,26.48737,84.56245,90,0,233,,1,27.18938,26.51246,23.02867
1785210186,26.34585,84.55482,90,0,233,,1,27.12165,26.20786,23.02867
1785210186,26.36187,84.46326,90,0,233,,1,27.02005,26.41106,23.0962
1785210187,26.41794,84.52277,90,0,233,,1,26.95252,26.41106,22.9948
1785210188,26.30312,84.49989,90,0,233,,1,27.12165,26.37719,22.9948
1785210188,26.41794,84.40833,90,0,233,,1,27.15551,26.34333,22.96113
1785210189,26.41794,84.36713,90,0,233,,1,27.08778,26.44473,23.02867
1785210190,26.31914,84.42207,90,0,233,,1,27.18938,26.41106,23.02867
1785210190,26.37522,84.49989,90,0,233,,1,27.15551,26.34333,22.96113
1785210191,26.37522,84.50904,90,0,233,,1,27.15551,26.30946,22.92727
1785210192,26.4313,84.51667,90,0,233,,1,27.12165,26.41106,22.9948
1785210192,26.38857,84.40223,90,0,234,,1,27.05412,26.47879,22.96113
1785210193,26.38857,84.40223,90,0,233,,1,27.18938,26.34333,22.96113
1785210194,26.38857,84.37019,90,0,233,,1,27.15551,26.44473,22.9948
1785210194,26.41794,84.36713,90,0,233,,1,27.18938,26.44473,23.02867
1785210195,26.36187,84.35188,90,0,233,,1,27.25711,26.51246,22.96113
1785210196,26.38857,84.31678,90,0,233,,1,27.15551,26.37719,22.92727
1785210196,26.38857,84.35798,90,0,233,,1,27.22325,26.47879,22.9948
1785210197,26.37522,84.41749,90,0,233,,1,27.25711,26.47879,23.06253
1785210198,26.36187,84.49531,90,0,233,,1,27.15551,26.30946,22.96113
1785210199,26.36187,84.69215,90,0,233,,1,27.22325,26.44473,22.9948
1785210199,26.44465,84.87068,90,0,233,,1,27.08778,26.34333,23.06253
1785210200,26.48737,84.88289,90,0,233,,1,27.12165,26.34333,22.9948
1785210201,26.44465,85.18044,90,0,233,,1,27.15551,26.51246,23.06253
1785210201,26.41794,85.25521,90,0,233,,1,27.18938,26.37719,22.9948
1785210202,26.44465,85.32388,90,0,233,,1,27.15551,26.34333,23.06253
1785210203,26.37522,85.45052,90,0,233,,1,27.12165,26.47879,23.02867
1785210203,26.30312,85.36813,90,0,233,,1,27.18938,26.30946,23.02867
1785210204,26.47402,85.49783,90,0,233,,1,27.12165,26.51246,23.06253
1785210205,26.41794,85.38796,90,0,233,,1,27.12165,26.34333,22.96113
1785210205,26.37522,85.24147,90,0,233,,1,27.18938,26.41106,22.9948
1785210206,26.4313,85.38338,90,0,233,,1,27.25711,26.34333,23.02867
1785210207,26.38857,85.26742,90,0,233,,1,27.18938,26.47879,22.9948
1785210207,26.30312,85.27352,90,0,233,,1,27.22325,26.37719,22.9948
1785210208,26.41794,85.37881,90,0,233,,1,27.12165,26.37719,23.02867
1785210209,26.4313,85.38338,90,0,233,,1,27.15551,26.41106,22.96113
1785210209,26.41794,85.25521,90,0,233,,1,27.12165,26.37719,22.9948
1785210210,26.37522,85.34676,90,0,233,,1,27.05412,26.51246,23.02867
1785210211,26.44465,85.43832,90,0,233,,1,27.18938,26.47879,23.02867
1785210211,26.40192,85.58022,90,0,233,,1,27.18938,26.41106,23.02867
1785210212,26.4313,85.6199,90,0,234,,1,27.15551,26.34333,22.96113
1785210213,26.47402,85.72518,90,0,233,,1,27.08778,26.34333,22.96113
1785210213,26.36187,85.79843,90,0,233,,1,27.29098,26.47879,23.02867
1785210214,26.37522,85.82285,90,0,233,,1,27.15551,26.34333,22.96113
1785210215,26.34585,85.79385,90,0,233,,1,27.05412,26.41106,22.9948
1785210216,26.4313,85.76639,90,0,233,,1,27.08778,26.34333,22.9948
1785210216,26.4313,85.78622,90,0,233,,1,27.08778,26.34333,23.02867
1785210217,26.40192,85.57107,90,0,233,,1,27.22325,26.30946,22.9948
1785210218,26.40192,85.73586,90,0,233,,1,27.08778,26.37719,22.92727
1785210218,26.41794,85.626,90,0,233,,1,27.18938,26.37719,23.02867
1785210219,26.40192,85.76791,90,0,233,,1,27.22325,26.37719,22.92727
1785210220,26.50072,85.76334,90,0,233,,1,27.12165,26.37719,23.02867
1785210220,26.41794,85.76181,90,0,233,,1,27.22325,26.34333,22.96113
1785210221,26.38857,85.85489,90,0,233,,1,27.18938,26.34333,22.9948
1785210222,26.40192,85.84879,90,0,233,,1,27.08778,26.51246,22.9948
1785210222,26.41794,86.06088,90,0,233,,1,27.15551,26.41106,22.96113
1785210223,26.458,86.11429,90,0,233,,1,27.08778,26.47879,23.0962
1785210224,26.458,86.29893,90,0,234,,1,27.08778,26.41106,23.02867
1785210224,26.38857,86.38438,90,0,233,,1,27.12165,26.44473,23.0962
1785210225,26.28977,86.45762,90,0,233,,1,27.18938,26.41106,22.9948
1785210226,26.38857,86.6926,90,0,233,,1,27.22325,26.34333,22.9948
1785210226,26.33249,86.63615,90,0,233,,1,27.15551,26.41106,22.96113
1785210227,26.458,86.77501,90,0,233,,1,27.15551,26.51246,23.0962
1785210228,26.458,86.81468,90,0,233,,1,27.22325,26.44473,22.96113
1785210228,26.40192,86.71854,90,0,233,,1,27.25711,26.37719,22.9948
1785210229,26.40192,86.77806,90,0,233,,1,27.22325,26.44473,22.9948
1785210230,26.40192,86.75975,90,0,233,,1,27.25711,26.47879,22.96113
1785210230,26.44465,86.67735,90,0,233,,1,27.18938,26.51246,23.06253
1785210231,26.41794,86.56748,90,0,233,,1,27.18938,26.41106,22.9948
1785210232,26.36187,86.39506,90,0,233,,1,27.12165,26.37719,23.02867
1785210233,26.4313,86.36301,90,0,233,,1,27.12165,26.41106,22.9948
1785210233,26.458,86.27909,90,0,233,,1,27.22325,26.41106,22.9948
1785210234,26.38857,86.21652,90,0,233,,1,27.08778,26.44473,22.9948
1785210235,26.36187,85.98306,90,0,233,,1,27.08778,26.47879,22.92727
1785210235,26.36187,85.72518,90,0,233,,1,27.25711,26.44473,22.9948
1785210236,26.44465,85.68551,90,0,233,,1,27.12165,26.34333,22.96113
1785210237,26.41794,85.35897,90,0,233,,1,27.05412,26.37719,22.96113
1785210237,26.44465,85.30404,90,0,233,,1,27.25711,26.37719,22.9948
1785210238,26.33249,85.23079,90,0,233,,1,27.12165,26.44473,22.96113
1785210239,26.458,85.18501,90,0,233,,1,27.08778,26.34333,23.02867
1785210239,26.40192,85.13618,90,0,233,,1,27.18938,26.47879,22.9948
1785210240,26.36187,84.92867,90,0,233,,1,27.12165,26.37719,22.9948
1785210241,26.40192,84.79591,90,0,233,,1,27.25711,26.41106,23.02867
1785210241,26.41794,84.94392,90,0,233,,1,27.15551,26.47879,22.96113
1785210242,26.41794,84.84169,90,0,233,,1,27.15551,26.30946,22.9948
1785210243,26.4313,84.83406,90,0,233,,1,27.08778,26.44473,22.96113
1785210243,26.4313,84.81422,90,0,233,,1,27.22325,26.37719,23.02867
1785210244,26.36187,84.82796,90,0,233,,1,27.12165,26.47879,23.06253
1785210245,26.38857,84.83406,90,0,233,,1,27.25711,26.47879,22.9948
1785210245,26.40192,84.7364,90,0,233,,1,27.05412,26.41106,22.92727
1785210246,26.34585,84.79134,90,0,233,,1,27.22325,26.24193,22.96113
1785210247,26.4313,84.9073,90,0,233,,1,27.08778,26.41106,23.06253
1785210247,26.44465,84.93019,90,0,233,,1,27.18938,26.37719,22.9948
1785210248,26.34585,85.02937,90,0,233,,1,27.29098,26.41106,23.02867
1785210249,26.34585,84.91493,90,0,233,,1,27.18938,26.44473,22.96113
1785210250,26.36187,85.0248,90,0,233,,1,27.15551,26.34333,22.9948
1785210250,26.34585,84.86458,90,0,233,,1,27.05412,26.41106,22.96113
1785210251,26.48737,84.88289,90,0,233,,1,27.05412,26.47879,22.96113
1785210252,26.44465,84.85085,90,0,233,,1,27.15551,26.37719,23.02867
1785210252,26.41794,84.85237,90,0,233,,1,27.15551,26.41106,23.02867
1785210253,26.4313,84.64027,90,0,233,,1,27.15551,26.41106,22.96113
1785210254,26.34585,84.53193,90,0,234,,1,27.05412,26.30946,22.96113
1785210254,26.36187,84.46326,90,0,233,,1,27.15551,26.41106,23.02867
1785210255,26.44465,84.41596,90,0,233,,1,27.08778,26.47879,22.9948
1785210256,26.40192,84.32136,90,0,233,,1,27.05412,26.41106,22.92727
1785210256,26.41794,84.19165,90,0,233,,1,27.08778,26.34333,23.02867
1785210257,26.34585,84.1001,90,0,233,,1,27.25711,26.44473,22.9948
1785210258,26.34585,84.0589,90,0,233,,1,27.08778,26.47879,22.92727
1785210258,26.4313,83.99939,90,0,233,,1,27.12165,26.44473,23.06253
1785210259,26.31914,83.93683,90,0,233,,1,27.05412,26.44473,22.9948
1785210260,26.37522,83.93225,90,0,233,,1,27.18938,26.44473,23.02867
1785210260,26.47402,83.93988,90,0,233,,1,27.18938,26.51246,23.02867
1785210261,26.41794,83.76746,90,0,233,,1,27.18938,26.30946,22.9948
1785210262,26.34585,83.77051,90,0,233,,1,27.25711,26.41106,22.92727
1785210262,26.4313,83.76135,90,0,233,,1,27.15551,26.47879,22.92727
1785210263,26.4313,83.83459,90,0,233,,1,27.12165,26.20786,23.02867
1785210264,26.40192,83.87732,90,0,233,,1,27.18938,26.54632,22.9948
1785210264,26.28977,83.72167,90,0,233,,1,27.12165,26.37719,22.92727
1785210265,26.48737,83.68505,90,0,233,,1,27.18938,26.44473,22.92727
1785210266,26.41794,83.69421,90,0,233,,1,27.12165,26.47879,22.9948
1785210267,26.30312,83.54162,90,0,233,,1,27.02005,26.41106,23.02867
1785210267,26.458,83.61486,90,0,233,,1,27.08778,26.41106,22.96113
1785210268,26.4313,83.505,90,0,233,,1,27.05412,26.30946,22.9948
1785210269,26.44465,83.61028,90,0,233,,1,27.22325,26.41106,22.96113
1785210269,26.36187,83.67132,90,0,233,,1,27.22325,26.41106,23.06253
1785210270,26.36187,83.59808,90,0,233,,1,27.12165,26.34333,22.92727
1785210271,26.34585,83.71709,90,0,233,,1,27.12165,26.30946,23.02867
1785210271,26.36187,83.58739,90,0,233,,1,27.15551,26.54632,22.9948
1785210272,26.26307,83.75677,90,0,233,,1,27.05412,26.47879,22.9948
1785210273,26.41794,83.57061,90,0,233,,1,27.15551,26.30946,23.02867
1785210273,26.31914,83.63927,90,0,233,,1,27.22325,26.54632,22.9948
1785210274,26.37522,83.80865,90,0,233,,1,27.22325,26.37719,22.9948
1785210275,26.4313,83.83459,90,0,233,,1,27.08778,26.44473,23.02867
1785210275,26.40192,83.93073,90,0,233,,1,27.12165,26.30946,23.06253
1785210276,26.4313,83.96887,90,0,233,,1,27.15551,26.47879,23.02867
1785210277,26.4313,84.07263,90,0,233,,1,27.12165,26.34333,23.06253
1785210277,26.36187,84.18707,90,0,233,,1,27.12165,26.44473,22.96113
1785210278,26.40192,84.32136,90,0,233,,1,27.22325,26.41106,23.06253
1785210279,26.40192,84.46632,90,0,233,,1,27.15551,26.41106,23.06253
1785210279,26.4313,84.56702,90,0,233,,1,27.08778,26.37719,22.8934
1785210280,26.33249,84.654,90,0,233,,1,27.22325,26.37719,23.0962
1785210281,26.50072,84.76387,90,0,233,,1,27.22325,26.41106,22.9948
1785210281,26.40192,84.83711,90,0,233,,1,27.05412,26.47879,22.9948
1785210282,26.41794,84.91493,90,0,233,,1,27.12165,26.41106,22.92727
1785210283,26.31914,84.89662,90,0,233,,1,27.08778,26.37719,22.96113
1785210283,26.36187,84.96071,90,0,234,,1,27.22325,26.41106,23.06253
1785210284,26.50072,85.13466,90,0,233,,1,27.05412,26.44473,22.92727
1785210285,26.40192,85.00343,90,0,233,,1,27.05412,26.47879,23.02867
1785210286,26.4313,85.04311,90,0,233,,1,27.15551,26.54632,22.92727
1785210286,26.4313,85.07515,90,0,233,,1,27.08778,26.34333,23.06253
1785210287,26.41794,85.07057,90,0,233,,1,27.22325,26.34333,22.8934
1785210288,26.33249,85.12703,90,0,233,,1,27.12165,26.41106,23.02867
1785210288,26.38857,85.18501,90,0,233,,1,27.05412,26.34333,23.06253
1785210289,26.33249,85.20943,90,0,233,,1,27.05412,26.37719,23.06253
1785210290,26.36187,85.44595,90,0,233,,1,27.18938,26.41106,23.02867
1785210290,26.40192,85.37423,90,0,233,,1,27.05412,26.20786,23.06253
1785210291,26.44465,85.54208,90,0,233,,1,27.18938,26.37719,23.02867
1785210292,26.27642,85.3193,90,0,233,,1,27.15551,26.44473,22.96113
1785210292,26.36187,85.20943,90,0,233,,1,27.15551,26.44473,22.96113
1785210293,26.47402,85.19875,90,0,233,,1,27.18938,26.34333,22.8934
1785210294,26.30312,85.10872,90,0,234,,1,27.22325,26.41106,23.06253
1785210294,26.36187,84.96071,90,0,233,,1,27.05412,26.54632,22.96113
1785210295,26.37522,84.84169,90,0,233,,1,27.08778,26.34333,23.02867
1785210296,26.41794,84.80049,90,0,233,,1,27.12165,26.37719,22.96113
1785210296,26.41794,84.67689,90,0,233,,1,27.22325,26.37719,23.06253
1785210297,26.27642,84.47242,90,0,233,,1,27.15551,26.54632,22.9948
1785210298,26.36187,84.53651,90,0,233,,1,27.22325,26.47879,23.02867
1785210298,26.28977,84.43427,90,0,233,,1,27.05412,26.37719,22.96113
1785210299,26.38857,84.37934,90,0,233,,1,27.18938,26.51246,23.02867
1785210300,26.40192,84.36256,90,0,233,,1,27.12165,26.44473,22.96113
1785210300,26.38857,84.39002,90,0,233,,1,27.12165,26.30946,22.96113
1785210301,26.4313,84.24658,90,0,233,,1,27.12165,26.34333,22.96113
1785210302,26.37522,84.26185,90,0,233,,1,27.15551,26.34333,22.96113
1785210303,26.38857,84.08179,90,0,233,,1,27.25711,26.34333,22.9948
1785210303,26.38857,84.16113,90,0,233,,1,27.15551,26.44473,22.9948
1785210304,26.34585,84.1825,90,0,233,,1,27.12165,26.44473,22.96113
1785210305,26.37522,84.26185,90,0,233,,1,27.08778,26.44473,23.02867
1785210305,26.37522,84.1474,90,0,233,,1,27.12165,26.34333,22.9948
1785210306,26.44465,84.26185,90,0,233,,1,27.32484,26.37719,22.96113
1785210307,26.36187,84.08331,90,0,233,,1,27.15551,26.44473,23.0962
1785210307,26.40192,84.20691,90,0,233,,1,27.08778,26.27559,22.96113
1785210308,26.38857,84.17334,90,0,233,,1,27.12165,26.37719,22.96113
1785210309,26.38857,84.25574,90,0,233,,1,27.08778,26.37719,23.02867
1785210309,26.28977,84.11536,90,0,233,,1,27.18938,26.34333,22.9948
1785210310,26.38857,84.13214,90,0,233,,1,27.08778,26.44473,22.96113
1785210311,26.41794,84.10925,90,0,233,,1,27.08778,26.47879,23.02867
1785210311,26.38857,84.00854,90,0,233,,1,27.18938,26.41106,22.9948
1785210312,26.41794,84.15961,90,0,233,,1,27.12165,26.54632,22.96113
1785210313,26.4313,84.12299,90,0,233,,1,27.05412,26.30946,22.9948
1785210313,26.37522,84.03601,90,0,233,,1,27.18938,26.24193,22.96113
1785210314,26.44465,84.04517,90,0,234,,1,27.12165,26.44473,23.06253
1785210315,26.28977,84.05432,90,0,233,,1,27.22325,26.44473,22.96113
1785210315,26.38857,84.20538,90,0,233,,1,27.08778,26.47879,22.9948
1785210316,26.34585,84.09094,90,0,233,,1,27.08778,26.44473,22.9948
1785210317,26.34585,84.02686,90,0,233,,1,27.05412,26.44473,23.02867
1785210317,26.31914,84.17487,90,0,233,,1,27.25711,26.44473,22.96113
1785210318,26.36187,83.93988,90,0,233,,1,27.22325,26.37719,22.9948
1785210319,26.38857,84.03754,90,0,233,,1,27.05412,26.44473,23.06253
1785210320,26.37522,84.04517,90,0,233,,1,27.15551,26.41106,22.9948
1785210320,26.44465,84.13824,90,0,233,,1,27.08778,26.37719,22.9948
1785210321,26.23369,84.0589,90,0,233,,1,27.15551,26.37719,22.9948
1785210322,26.40192,84.13672,90,0,233,,1,27.08778,26.41106,22.96113
1785210322,26.37522,84.1886,90,0,233,,1,27.15551,26.54632,23.02867
1785210323,26.37522,84.32441,90,0,233,,1,27.08778,26.34333,23.02867
1785210324,26.38857,84.27863,90,0,234,,1,27.12165,26.34333,22.96113
1785210324,26.47402,84.52735,90,0,233,,1,27.22325,26.41106,23.06253
1785210325,26.37522,84.57313,90,0,233,,1,27.02005,26.41106,22.9948
1785210326,26.36187,84.60059,90,0,233,,1,27.12165,26.27559,23.02867
1785210326,26.4313,84.6189,90,0,233,,1,27.08778,26.37719,23.13006
1785210327,26.37522,84.66468,90,0,233,,1,27.08778,26.27559,23.0962
1785210328,26.34585,84.74097,90,0,233,,1,27.22325,26.54632,22.9948
1785210328,26.50072,84.88747,90,0,233,,1,27.12165,26.41106,23.06253
1785210329,26.33249,84.63264,90,0,233,,1,27.18938,26.41106,22.9948
1785210330,26.38857,84.73182,90,0,233,,1,27.15551,26.41106,23.06253
1785210330,26.33249,84.654,90,0,233,,1,27.12165,26.44473,23.0962
1785210331,26.33249,84.66315,90,0,233,,1,27.18938,26.37719,22.9948
1785210332,26.33249,84.58228,90,0,233,,1,27.15551,26.24193,23.06253
1785210332,26.33249,84.58228,90,0,233,,1,27.15551,26.54632,22.85974
1785210333,26.44465,84.53956,90,0,233,,1,27.12165,26.27559,22.96113
1785210334,26.37522,84.57313,90,0,233,,1,27.22325,26.44473,22.92727
1785210334,26.38857,84.47242,90,0,233,,1,27.15551,26.30946,23.06253
1785210335,26.36187,84.46326,90,0,233,,1,27.08778,26.44473,22.96113
1785210336,26.36187,84.28931,90,0,233,,1,27.12165,26.34333,22.9948
1785210337,26.44465,84.29237,90,0,233,,1,27.18938,26.37719,22.96113
1785210337,26.36187,84.26948,90,0,233,,1,27.25711,26.47879,22.9948
1785210338,26.37522,84.20081,90,0,233,,1,27.18938,26.34333,23.06253
1785210339,26.33249,84.05432,90,0,233,,1,27.15551,26.34333,22.9948
1785210339,26.33249,84.1886,90,0,233,,1,27.15551,26.47879,23.0962
1785210340,26.4313,84.02838,90,0,233,,1,27.12165,26.37719,22.96113
1785210341,26.34585,83.9765,90,0,233,,1,27.12165,26.34333,23.06253
1785210341,26.31914,83.98718,90,0,233,,1,27.12165,26.37719,22.92727
1785210342,26.38857,83.98718,90,0,233,,1,27.29098,26.51246,22.96113
1785210343,26.41794,83.89105,90,0,233,,1,27.08778,26.30946,22.9948
1785210343,26.28977,83.99023,90,0,233,,1,27.15551,26.41106,22.96113
1785210344,26.36187,83.98108,90,0,233,,1,27.18938,26.44473,22.9948
1785210345,26.36187,84.01007,90,0,233,,1,27.12165,26.47879,22.92727
1785210345,26.44465,84.05432,90,0,233,,1,27.15551,26.41106,23.02867
1785210346,26.47402,84.08331,90,0,233,,1,27.22325,26.47879,22.92727
1785210347,26.41794,84.17029,90,0,233,,1,27.08778,26.44473,23.06253
1785210347,26.37522,84.25269,90,0,233,,1,27.05412,26.44473,23.0962
1785210348,26.38857,84.32899,90,0,233,,1,27.08778,26.34333,22.96113
1785210349,26.38857,84.44343,90,0,233,,1,27.18938,26.44473,22.9948
1785210349,26.33249,84.41596,90,0,233,,1,27.25711,26.30946,23.06253
1785210350,26.30312,84.63569,90,0,233,,1,27.18938,26.34333,22.9948
1785210351,26.40192,84.5182,90,0,233,,1,27.12165,26.47879,22.9948
1785210351,26.4313,84.59907,90,0,233,,1,27.25711,26.41106,22.9948
1785210352,26.33249,84.477,90,0,233,,1,27.12165,26.37719,22.8934
1785210353,26.28977,84.37476,90,0,233,,1,27.18938,26.37719,22.92727
1785210354,26.34585,84.29389,90,0,234,,1,27.22325,26.41106,23.13006
1785210354,26.36187,84.22827,90,0,233,,1,27.22325,26.47879,23.06253
1785210355,26.47402,84.07263,90,0,233,,1,27.02005,26.47879,22.96113
1785210356,26.41794,84.02686,90,0,233,,1,27.12165,26.41106,23.02867
1785210356,26.27642,83.81171,90,0,233,,1,27.22325,26.51246,22.9948
1785210357,26.30312,83.84985,90,0,233,,1,27.18938,26.34333,22.92727
1785210358,26.44465,83.85748,90,0,233,,1,27.22325,26.37719,23.02867
1785210358,26.37522,83.77661,90,0,233,,1,27.15551,26.47879,22.9948
1785210359,26.31914,83.49279,90,0,233,,1,27.05412,26.34333,23.06253
1785210360,26.40192,83.59808,90,0,233,,1,27.05412,26.37719,23.02867
1785210360,26.40192,83.63012,90,0,233,,1,27.18938,26.44473,23.06253
1785210361,26.458,83.57061,90,0,233,,1,27.35871,26.34333,22.9948
1785210362,26.34585,83.52026,90,0,233,,1,27.18938,26.37719,22.92727
1785210362,26.36187,83.49584,90,0,233,,1,27.15551,26.44473,22.96113
1785210363,26.44465,83.56908,90,0,233,,1,27.12165,26.34333,22.96113
1785210364,26.36187,83.5462,90,0,233,,1,27.15551,26.37719,23.06253
1785210364,26.37522,83.53857,90,0,233,,1,27.18938,26.37719,23.02867
1785210365,26.40192,83.57824,90,0,233,,1,27.15551,26.41106,23.02867
1785210366,26.38857,83.63775,90,0,233,,1,27.18938,26.41106,22.9948
1785210366,26.4313,83.52483,90,0,233,,1,27.02005,26.41106,23.0962
1785210367,26.40192,83.51568,90,0,233,,1,27.18938,26.51246,22.9948
1785210368,26.38857,83.62554,90,0,233,,1,27.22325,26.41106,22.92727
1785210368,26.37522,83.59197,90,0,233,,1,27.18938,26.37719,22.92727
1785210369,26.41794,83.68505,90,0,233,,1,27.12165,26.41106,23.02867
1785210370,26.36187,83.71099,90,0,233,,1,27.25711,26.44473,23.02867
1785210370,26.34585,83.6759,90,0,233,,1,27.12165,26.34333,23.02867
1785210371,26.47402,83.90784,90,0,233,,1,27.08778,26.41106,22.96113
1785210372,26.31914,83.91699,90,0,233,,1,27.08778,26.47879,23.06253
1785210373,26.36187,84.05127,90,0,233,,1,27.15551,26.51246,22.96113
1785210373,26.34585,84.04669,90,0,233,,1,27.15551,26.34333,23.02867
1785210374,26.38857,83.98718,90,0,233,,1,27.22325,26.34333,22.96113
1785210375,26.38857,84.09094,90,0,233,,1,27.15551,26.20786,23.02867
1785210375,26.38857,84.04974,90,0,233,,1,27.18938,26.44473,22.96113
1785210376,26.36187,84.18707,90,0,233,,1,27.15551,26.27559,22.96113
1785210377,26.4313,84.08179,90,0,233,,1,27.18938,26.34333,22.92727
1785210377,26.38857,84.03754,90,0,233,,1,27.08778,26.41106,23.06253
1785210378,26.31914,83.94904,90,0,233,,1,27.12165,26.41106,22.96113
1785210379,26.36187,84.10468,90,0,233,,1,27.29098,26.41106,22.96113
1785210379,26.38857,83.94598,90,0,233,,1,27.15551,26.51246,22.9948
1785210380,26.38857,84.03754,90,0,233,,1,27.22325,26.47879,23.02867
1785210381,26.4313,84.17487,90,0,233,,1,27.12165,26.30946,22.96113
1785210381,26.41794,84.10925,90,0,233,,1,27.25711,26.27559,22.92727
1785210382,26.38857,84.0589,90,0,233,,1,27.15551,26.37719,22.9948
1785210383,26.44465,84.07416,90,0,233,,1,27.22325,26.41106,22.96113
1785210383,26.40192,84.04211,90,0,234,,1,27.12165,26.41106,23.0962
1785210384,26.4313,84.08179,90,0,233,,1,27.08778,26.34333,23.06253
1785210385,26.31914,84.18402,90,0,233,,1,27.18938,26.37719,23.02867
1785210385,26.40192,84.17792,90,0,233,,1,27.18938,26.51246,23.02867
1785210386,26.36187,84.37171,90,0,233,,1,27.29098,26.47879,22.92727
1785210387,26.37522,84.46784,90,0,233,,1,27.15551,26.37719,22.96113
1785210387,26.4313,84.54566,90,0,233,,1,27.25711,26.44473,23.0962
1785210388,26.38857,84.81422,90,0,233,,1,27.12165,26.30946,23.02867
1785210389,26.458,84.96681,90,0,233,,1,27.18938,26.37719,22.9948
1785210390,26.47402,85.1255,90,0,232,,1,27.15551,26.47879,22.96113
1785210390,26.38857,85.22621,90,0,233,,1,27.12165,26.27559,22.9948
1785210391,26.44465,85.44747,90,0,233,,1,27.15551,26.34333,23.0962
1785210392,26.4313,85.48714,90,0,233,,1,27.08778,26.44473,22.9948
1785210392,26.458,85.68093,90,0,233,,1,27.25711,26.41106,23.06253
1785210393,26.38857,85.62905,90,0,233,,1,26.98638,26.41106,23.02867
1785210394,26.41794,85.7496,90,0,234,,1,27.18938,26.34333,23.06253
1785210394,26.38857,86.03189,90,0,233,,1,27.05412,26.44473,23.06253
1785210395,26.40192,86.11887,90,0,233,,1,27.15551,26.34333,22.8934
1785210396,26.40192,86.18906,90,0,233,,1,27.05412,26.37719,23.02867
1785210396,26.40192,86.1799,90,0,233,,1,27.05412,26.47879,22.9948
1785210397,26.458,86.37064,90,0,233,,1,27.08778,26.47879,22.92727
1785210398,26.44465,86.31724,90,0,233,,1,27.12165,26.41106,22.9948
1785210398,26.41794,86.49424,90,0,233,,1,27.15551,26.41106,23.06253
1785210399,26.40192,86.53086,90,0,233,,1,27.15551,26.30946,23.06253
1785210400,26.36187,86.61326,90,0,233,,1,27.18938,26.30946,23.06253
1785210400,26.458,86.75517,90,0,233,,1,27.05412,26.54632,23.02867
1785210401,26.48737,86.63767,90,0,233,,1,27.05412,26.37719,22.9948
1785210402,26.458,86.83757,90,0,233,,1,27.08778,26.51246,23.06253
1785210402,26.47402,86.93523,90,0,234,,1,27.15551,26.41106,23.0962
1785210403,26.4313,87.04509,90,0,233,,1,27.12165,26.44473,23.02867
1785210404,26.37522,87.20531,90,0,233,,1,27.08778,26.41106,23.02867
1785210404,26.44465,87.28619,90,0,233,,1,27.08778,26.44473,22.9948
1785210405,26.41794,87.5288,90,0,233,,1,27.12165,26.41106,23.02867
1785210406,26.47402,87.65697,90,0,233,,1,27.15551,26.41106,22.92727
1785210407,26.458,87.74548,90,0,233,,1,26.98638,26.44473,22.96113
1785210407,26.5568,88.11475,90,0,233,,1,27.08778,26.30946,23.06253
1785210408,26.48737,88.06439,90,0,233,,1,27.15551,26.47879,22.9948
1785210409,26.458,88.48707,90,0,233,,1,27.18938,26.51246,23.06253
1785210409,26.47402,88.50385,90,0,233,,1,27.05412,26.37719,23.02867
1785210410,26.44465,88.71137,90,0,233,,1,27.08778,26.51246,22.96113
1785210411,26.48737,88.73426,90,0,233,,1,27.18938,26.44473,23.06253
1785210411,26.5301,88.9662,90,0,233,,1,27.15551,26.37719,22.96113
1785210412,26.57282,89.0486,90,0,233,,1,27.22325,26.27559,23.06253
1785210413,26.50072,89.03944,90,0,233,,1,27.08778,26.41106,23.06253
1785210413,26.41794,89.16914,90,0,233,,1,27.15551,26.41106,23.06253
1785210414,26.5301,89.24239,90,0,233,,1,27.15551,26.34333,22.9948
1785210415,26.5301,89.34615,90,0,233,,1,27.18938,26.44473,22.9948
1785210415,26.30312,89.15541,90,0,233,,1,27.12165,26.37719,22.9948
1785210416,26.48737,89.1371,90,0,233,,1,27.15551,26.34333,23.0962
1785210417,26.4313,89.0898,90,0,233,,1,27.12165,26.37719,22.8934
1785210417,26.41794,88.81667,90,0,233,,1,27.12165,26.44473,23.06253
1785210418,26.34585,88.63203,90,0,233,,1,27.18938,26.37719,22.96113
1785210419,26.458,88.39552,90,0,233,,1,27.22325,26.58019,23.0962
1785210419,26.44465,88.18494,90,0,233,,1,27.15551,26.44473,23.06253
1785210420,26.4313,87.97437,90,0,233,,1,27.15551,26.37719,22.9948
1785210421,26.38857,87.74548,90,0,233,,1,27.15551,26.34333,23.02867
1785210421,26.38857,87.43725,90,0,233,,1,27.15551,26.41106,22.9948
1785210422,26.36187,87.27398,90,0,234,,1,27.05412,26.30946,22.9948
1785210423,26.44465,86.98863,90,0,233,,1,27.15551,26.41106,22.9948
1785210424,26.40192,86.78874,90,0,233,,1,27.18938,26.44473,22.9948
1785210424,26.33249,86.6865,90,0,233,,1,27.12165,26.30946,23.02867
1785210425,26.40192,86.54154,90,0,233,,1,27.12165,26.37719,22.9948
1785210426,26.36187,86.37522,90,0,233,,1,27.15551,26.47879,22.96113
1785210426,26.36187,86.27146,90,0,233,,1,27.25711,26.37719,22.92727
1785210427,26.27642,86.16464,90,0,233,,1,27.12165,26.44473,23.02867
1785210428,26.31914,86.10513,90,0,233,,1,27.12165,26.47879,22.9948
1785210428,26.34585,86.06088,90,0,233,,1,27.25711,26.47879,23.06253
1785210429,26.31914,86.03189,90,0,233,,1,27.22325,26.37719,23.02867
1785210430,26.33249,85.95407,90,0,233,,1,27.12165,26.41106,23.02867
1785210430,26.38857,85.94949,90,0,233,,1,27.22325,26.37719,23.06253
1785210431,26.27642,85.83505,90,0,233,,1,27.05412,26.44473,22.92727
1785210432,26.40192,85.90067,90,0,233,,1,27.22325,26.41106,22.96113
1785210432,26.30312,85.81216,90,0,234,,1,27.12165,26.44473,22.92727
1785210433,26.31914,85.80759,90,0,233,,1,27.15551,26.41106,23.02867
1785210434,26.44465,85.69772,90,0,233,,1,27.22325,26.34333,22.92727
1785210434,26.33249,85.62447,90,0,233,,1,27.12165,26.20786,22.9948
1785210435,26.40192,85.73586,90,0,233,,1,27.08778,26.41106,23.06253
1785210436,26.36187,85.63363,90,0,233,,1,27.29098,26.41106,22.9948
1785210436,26.34585,85.60616,90,0,233,,1,27.05412,26.37719,22.96113
1785210437,26.40192,85.51003,90,0,233,,1,27.12165,26.37719,22.96113
1785210438,26.37522,85.60616,90,0,233,,1,27.18938,26.34333,23.02867
1785210438,26.33249,85.64431,90,0,233,,1,27.12165,26.44473,23.02867
1785210439,26.34585,85.7084,90,0,233,,1,27.15551,26.44473,23.06253
1785210440,26.31914,85.69314,90,0,233,,1,27.15551,26.34333,23.02867
1785210440,26.34585,85.74044,90,0,233,,1,27.15551,26.44473,23.02867
1785210441,26.30312,85.86252,90,0,233,,1,27.18938,26.34333,22.96113
1785210442,26.44465,86.04715,90,0,233,,1,27.08778,26.51246,22.92727
1785210443,26.44465,86.17075,90,0,233,,1,27.15551,26.30946,23.13006
1785210443,26.34585,86.25773,90,0,233,,1,27.08778,26.34333,23.06253
1785210444,26.37522,86.3798,90,0,233,,1,27.18938,26.24193,22.96113
1785210445,26.47402,86.53086,90,0,233,,1,27.05412,26.20786,23.02867
1785210445,26.34585,86.45304,90,0,233,,1,27.08778,26.37719,22.9948
1785210446,26.44465,86.61784,90,0,233,,1,27.05412,26.37719,22.92727
1785210447,26.34585,86.59953,90,0,233,,1,27.18938,26.44473,23.06253
1785210447,26.4313,86.69566,90,0,233,,1,27.15551,26.47879,22.9948
1785210448,26.27642,86.64988,90,0,233,,1,27.15551,26.47879,23.02867
1785210449,26.26307,86.58274,90,0,233,,1,27.08778,26.44473,22.92727
1785210449,26.36187,86.43931,90,0,233,,1,27.22325,26.44473,23.02867
1785210450,26.31914,86.26078,90,0,233,,1,27.15551,26.37719,22.9948
1785210451,26.36187,85.98306,90,0,233,,1,27.15551,26.37719,22.96113
1785210451,26.34585,85.88541,90,0,233,,1,27.22325,26.41106,22.92727
1785210452,26.37522,85.69772,90,0,233,,1,27.18938,26.34333,23.06253
1785210453,26.38857,85.47494,90,0,233,,1,27.22325,26.54632,22.9948
1785210453,26.30312,85.22316,90,0,233,,1,27.15551,26.41106,23.02867
1785210454,26.33249,85.17128,90,0,233,,1,27.08778,26.44473,23.02867
1785210455,26.37522,84.98512,90,0,233,,1,27.08778,26.37719,22.92727
1785210455,26.37522,84.72724,90,0,233,,1,27.08778,26.37719,23.0962
1785210456,26.41794,84.71809,90,0,233,,1,27.18938,26.30946,22.96113
1785210457,26.44465,84.71503,90,0,233,,1,27.12165,26.47879,23.0962
1785210457,26.37522,84.46784,90,0,233,,1,27.15551,26.41106,22.9948
1785210458,26.37522,84.46784,90,0,233,,1,27.05412,26.24193,22.96113
1785210459,26.36187,84.23895,90,0,233,,1,27.12165,26.51246,23.06253
1785210460,26.28977,84.18707,90,0,233,,1,27.12165,26.34333,22.9948
1785210460,26.4313,84.02838,90,0,233,,1,27.05412,26.44473,23.06253
1785210461,26.33249,84.07416,90,0,233,,1,27.22325,26.37719,22.9948
1785210462,26.33249,83.88953,90,0,233,,1,27.12165,26.34333,23.06253
1785210462,26.34585,83.86206,90,0,233,,1,27.12165,26.41106,23.06253
1785210463,26.22034,83.70336,90,0,233,,1,27.08778,26.41106,22.9948
1785210464,26.28977,83.80713,90,0,233,,1,27.15551,26.41106,23.06253
1785210464,26.4313,83.80408,90,0,233,,1,27.08778,26.37719,22.9948
1785210465,26.36187,83.71099,90,0,233,,1,27.12165,26.37719,23.06253
1785210466,26.28977,83.56908,90,0,233,,1,27.12165,26.47879,22.9948
1785210466,26.41794,83.71557,90,0,233,,1,27.05412,26.34333,23.02867
1785210467,26.41794,83.60265,90,0,233,,1,27.15551,26.44473,22.96113
1785210468,26.31914,83.49279,90,0,233,,1,27.15551,26.30946,23.02867
1785210468,26.36187,83.59808,90,0,233,,1,27.12165,26.41106,22.92727
1785210469,26.34585,83.52026,90,0,233,,1,27.08778,26.47879,22.96113
1785210470,26.37522,83.55993,90,0,233,,1,27.29098,26.44473,23.02867
1785210470,26.38857,83.67895,90,0,233,,1,27.08778,26.47879,23.0962
1785210471,26.33249,83.72472,90,0,233,,1,26.95252,26.44473,22.9948
1785210472,26.30312,83.77966,90,0,233,,1,27.15551,26.51246,22.9948
1785210472,26.28977,83.67132,90,0,234,,1,27.22325,26.37719,23.02867
1785210473,26.30312,83.7995,90,0,233,,1,27.15551,26.34333,23.02867
1785210474,26.38857,83.82239,90,0,233,,1,27.08778,26.41106,23.06253
1785210474,26.34585,83.69726,90,0,233,,1,27.18938,26.47879,22.9948
1785210475,26.38857,83.70794,90,0,233,,1,27.18938,26.37719,22.96113
1785210476,26.38857,83.57366,90,0,233,,1,27.15551,26.44473,23.02867
1785210477,26.34585,83.6759,90,0,233,,1,27.12165,26.58019,23.02867
1785210477,26.38857,83.57366,90,0,233,,1,27.12165,26.41106,22.92727
1785210478,26.34585,83.57366,90,0,233,,1,27.08778,26.51246,23.0962
1785210479,26.34585,83.61486,90,0,233,,1,27.05412,26.41106,23.02867
1785210479,26.37522,83.55077,90,0,233,,1,27.12165,26.44473,22.9948
1785210480,26.33249,83.55993,90,0,233,,1,27.08778,26.34333,22.9948
1785210481,26.41794,83.68505,90,0,233,,1,27.15551,26.34333,23.02867
1785210481,26.34585,83.48211,90,0,233,,1,26.98638,26.24193,23.02867
1785210482,26.38857,83.34936,90,0,233,,1,27.15551,26.44473,22.96113
1785210483,26.37522,83.41497,90,0,233,,1,27.29098,26.51246,23.02867
1785210483,26.37522,83.43633,90,0,233,,1,27.05412,26.41106,23.06253
1785210484,26.34585,83.45007,90,0,233,,1,27.12165,26.51246,22.96113
1785210485,26.41794,83.34478,90,0,233,,1,27.22325,26.37719,22.9948
1785210485,26.37522,83.38293,90,0,233,,1,27.15551,26.34333,23.02867
1785210486,26.36187,83.3402,90,0,233,,1,27.18938,26.37719,23.13006
1785210487,26.47402,83.3402,90,0,233,,1,27.18938,26.34333,22.9948
1785210487,26.28977,83.37225,90,0,233,,1,27.32484,26.51246,22.9948
1785210488,26.37522,83.27154,90,0,233,,1,27.18938,26.44473,23.0962
1785210489,26.41794,83.35546,90,0,233,,1,27.15551,26.34333,22.8934
1785210489,26.36187,83.3814,90,0,233,,1,27.08778,26.54632,23.06253
1785210490,26.36187,83.36919,90,0,233,,1,27.25711,26.27559,23.02867
1785210491,26.4313,83.39971,90,0,233,,1,27.02005,26.47879,23.02867
1785210491,26.40192,83.33105,90,0,232,,1,27.22325,26.54632,23.0962
1785210492,26.34585,83.40887,90,0,234,,1,27.15551,26.34333,23.1978
1785210493,26.34585,83.45007,90,0,233,,1,27.12165,26.30946,22.9948
1785210494,26.34585,83.45007,90,0,233,,1,27.12165,26.41106,23.02867
1785210494,26.38857,83.3875,90,0,233,,1,27.22325,26.51246,23.02867
1785210495,26.40192,83.49584,90,0,233,,1,27.22325,26.47879,22.9948
1785210496,26.33249,83.65301,90,0,233,,1,27.02005,26.41106,23.06253
1785210496,26.33249,83.83612,90,0,233,,1,27.25711,26.54632,22.96113
1785210497,26.37522,84.09705,90,0,233,,1,27.22325,26.44473,23.06253
1785210498,26.31914,83.92767,90,0,233,,1,27.18938,26.41106,22.96113
1785210498,26.33249,84.16876,90,0,233,,1,27.15551,26.34333,23.06253
1785210499,26.38857,84.00854,90,0,233,,1,27.12165,26.37719,23.06253
1785210500,26.37522,84.03601,90,0,233,,1,27.15551,26.37719,23.06253
1785210500,26.37522,83.99481,90,0,233,,1,27.25711,26.34333,23.0962
1785210501,26.38857,83.94598,90,0,233,,1,27.12165,26.37719,23.06253
1785210502,26.40192,84.16571,90,0,233,,1,27.25711,26.44473,23.02867
1785210502,26.41794,84.15961,90,0,233,,1,27.12165,26.44473,23.06253
1785210503,26.40192,84.1474,90,0,233,,1,27.15551,26.47879,22.92727
1785210504,26.40192,84.10468,90,0,233,,1,27.12165,26.58019,22.9948
1785210504,26.40192,84.30152,90,0,233,,1,27.12165,26.47879,23.06253
1785210505,26.51675,84.37476,90,0,233,,1,27.12165,26.51246,22.9948
1785210506,26.33249,84.3122,90,0,233,,1,27.05412,26.27559,23.02867
1785210506,26.37522,84.08789,90,0,233,,1,27.12165,26.54632,23.06253
1785210507,26.36187,84.07263,90,0,233,,1,27.12165,26.41106,23.02867
1785210508,26.40192,83.99176,90,0,233,,1,27.05412,26.44473,23.02867
1785210508,26.36187,83.98108,90,0,233,,1,27.08778,26.47879,23.02867
1785210509,26.44465,83.78577,90,0,233,,1,27.08778,26.41106,22.9948
1785210510,26.40192,83.78424,90,0,233,,1,27.18938,26.51246,22.9948
1785210511,26.4313,83.64843,90,0,233,,1,27.12165,26.41106,23.02867
1785210511,26.37522,83.52026,90,0,233,,1,27.12165,26.34333,23.02867
1785210512,26.36187,83.47448,90,0,233,,1,27.22325,26.44473,23.06253
1785210513,26.4313,83.39056,90,0,233,,1,27.15551,26.51246,23.06253
1785210513,26.36187,83.4226,90,0,233,,1,27.12165,26.41106,23.02867
1785210514,26.40192,83.34173,90,0,233,,1,27.12165,26.37719,23.02867
1785210515,26.30312,83.37377,90,0,233,,1,27.12165,26.37719,22.9948
1785210515,26.30312,83.27306,90,0,233,,1,27.25711,26.44473,22.9948
1785210516,26.34585,83.16167,90,0,233,,1,27.02005,26.34333,23.02867
1785210517,26.4313,83.19371,90,0,233,,1,27.12165,26.51246,22.92727
1785210517,26.36187,82.98924,90,0,233,,1,27.12165,26.27559,23.02867
1785210518,26.36187,83.1754,90,0,233,,1,27.22325,26.41106,22.96113
1785210519,26.44465,83.15709,90,0,233,,1,27.15551,26.41106,23.02867
1785210519,26.41794,83.21202,90,0,233,,1,27.15551,26.37719,23.06253
1785210520,26.33249,83.18913,90,0,233,,1,27.15551,26.41106,22.9948
1785210521,26.33249,83.07469,90,0,233,,1,27.05412,26.41106,22.96113
1785210521,26.40192,83.18608,90,0,233,,1,27.15551,26.44473,23.06253
1785210522,26.41794,83.19066,90,0,233,,1,27.18938,26.47879,22.9948
1785210523,26.41794,83.23033,90,0,233,,1,27.02005,26.27559,22.92727
1785210523,26.31914,83.328,90,0,234,,1,27.05412,26.44473,23.02867
1785210524,26.40192,83.66064,90,0,233,,1,27.05412,26.41106,22.9948
1785210525,26.38857,83.7293,90,0,233,,1,27.18938,26.34333,22.96113
1785210525,26.458,83.9765,90,0,233,,1,27.18938,26.30946,22.9948
1785210526,26.36187,84.19623,90,0,233,,1,27.22325,26.37719,22.96113
1785210527,26.36187,84.28931,90,0,233,,1,27.15551,26.54632,22.96113
1785210527,26.40192,84.60059,90,0,233,,1,27.22325,26.44473,22.9948
1785210528,26.34585,84.71961,90,0,233,,1,27.15551,26.47879,22.96113
1785210529,26.40192,84.69215,90,0,233,,1,27.18938,26.37719,22.9948
1785210530,26.458,84.84322,90,0,233,,1,27.25711,26.30946,22.96113
1785210530,26.40192,84.81575,90,0,233,,1,27.08778,26.41106,23.02867
1785210531,26.4313,84.85695,90,0,233,,1,27.15551,26.37719,23.06253
1785210532,26.41794,84.90578,90,0,233,,1,27.12165,26.37719,22.96113
1785210532,26.4313,85.1133,90,0,233,,1,27.12165,26.41106,22.8934
1785210533,26.40192,84.91035,90,0,233,,1,27.05412,26.44473,23.0962
1785210534,26.30312,84.68757,90,0,234,,1,27.18938,26.54632,23.06253
1785210534,26.4313,84.8661,90,0,233,,1,27.12165,26.51246,23.06253
1785210535,26.38857,84.76997,90,0,233,,1,27.15551,26.47879,23.02867
1785210536,26.4313,84.84627,90,0,233,,1,27.18938,26.51246,22.9948
1785210536,26.44465,84.91188,90,0,233,,1,27.18938,26.37719,22.96113
1785210537,26.37522,85.08888,90,0,233,,1,27.08778,26.44473,22.9948
1785210538,26.38857,84.89662,90,0,233,,1,27.02005,26.47879,22.96113
1785210538,26.36187,85.01259,90,0,233,,1,27.18938,26.24193,22.9948
1785210539,26.33249,84.8188,90,0,233,,1,27.08778,26.44473,22.9948
1785210540,26.41794,84.80049,90,0,233,,1,27.22325,26.41106,23.06253
1785210540,26.37522,84.70588,90,0,233,,1,27.25711,26.41106,23.06253
1785210541,26.41794,84.59449,90,0,233,,1,27.22325,26.44473,22.9948
1785210542,26.37522,84.55329,90,0,233,,1,27.18938,26.51246,23.02867
1785210542,26.34585,84.39918,90,0,233,,1,27.15551,26.47879,22.9948
1785210543,26.38857,84.22522,90,0,233,,1,27.05412,26.41106,23.06253
1785210544,26.458,84.15198,90,0,233,,1,27.25711,26.47879,23.0962
1785210544,26.36187,84.01007,90,0,233,,1,27.18938,26.44473,22.96113
1785210545,26.38857,84.06958,90,0,233,,1,27.18938,26.30946,22.9948
1785210546,26.37522,83.87122,90,0,233,,1,27.22325,26.30946,22.9948
1785210547,26.38857,83.83459,90,0,233,,1,27.18938,26.44473,23.0962
1785210547,26.33249,83.72472,90,0,233,,1,27.12165,26.37719,22.92727
1785210548,26.30312,83.64385,90,0,233,,1,27.05412,26.34333,22.9948
1785210549,26.36187,83.63927,90,0,233,,1,27.15551,26.44473,22.96113
1785210549,26.28977,83.46532,90,0,233,,1,27.05412,26.44473,22.9948
1785210550,26.33249,83.43633,90,0,233,,1,27.22325,26.47879,23.0962
1785210551,26.36187,83.49584,90,0,233,,1,27.15551,26.37719,23.06253
1785210551,26.44465,83.36309,90,0,233,,1,27.08778,26.37719,23.13006
1785210552,26.458,83.34631,90,0,233,,1,27.08778,26.30946,22.9948
1785210553,26.41794,83.40582,90,0,233,,1,27.12165,26.51246,23.06253
1785210553,26.27642,83.35851,90,0,233,,1,27.18938,26.41106,23.0962
1785210554,26.41794,83.40582,90,0,233,,1,27.12165,26.44473,23.02867
1785210555,26.33249,83.38293,90,0,233,,1,27.08778,26.44473,23.0962
1785210555,26.33249,83.49737,90,0,233,,1,27.32484,26.37719,23.02867
1785210556,26.38857,83.69726,90,0,233,,1,27.15551,26.41106,23.06253
1785210557,26.31914,83.84375,90,0,233,,1,27.22325,26.51246,22.96113
1785210557,26.33249,84.09705,90,0,233,,1,27.22325,26.37719,23.02867
1785210558,26.4313,84.25727,90,0,233,,1,27.15551,26.27559,22.96113
1785210559,26.38857,84.44343,90,0,233,,1,27.18938,26.41106,22.96113
1785210559,26.4313,84.51667,90,0,233,,1,27.05412,26.51246,22.9948
1785210560,26.31914,84.52583,90,0,233,,1,27.12165,26.47879,22.9948
1785210561,26.36187,84.69215,90,0,233,,1,27.15551,26.54632,22.96113
1785210561,26.44465,84.70588,90,0,233,,1,27.08778,26.47879,22.9948
1785210562,26.34585,84.96681,90,0,233,,1,26.95252,26.37719,22.96113
1785210563,26.4313,84.85695,90,0,233,,1,27.08778,26.34333,23.06253
1785210564,26.31914,84.78371,90,0,234,,1,27.08778,26.41106,23.02867
1785210564,26.36187,84.65095,90,0,233,,1,27.02005,26.34333,23.02867
1785210565,26.38857,84.58686,90,0,233,,1,27.18938,26.34333,22.96113
1785210566,26.40192,84.55939,90,0,233,,1,27.05412,26.51246,22.96113
1785210566,26.4313,84.53651,90,0,233,,1,27.02005,26.51246,23.06253
1785210567,26.38857,84.43122,90,0,233,,1,27.12165,26.44473,23.02867
1785210568,26.38857,84.33814,90,0,233,,1,27.08778,26.41106,23.02867
1785210568,26.37522,84.29389,90,0,233,,1,27.12165,26.34333,22.9948
1785210569,26.37522,84.16876,90,0,233,,1,27.05412,26.41106,23.02867
1785210570,26.40192,84.15503,90,0,233,,1,27.08778,26.37719,23.02867
1785210570,26.31914,84.15503,90,0,233,,1,27.15551,26.44473,22.96113
1785210571,26.34585,84.11078,90,0,233,,1,27.15551,26.41106,23.0962
1785210572,26.41794,84.17944,90,0,233,,1,27.18938,26.34333,23.02867
1785210572,26.33249,84.19775,90,0,233,,1,27.18938,26.41106,22.9948
1785210573,26.37522,84.08789,90,0,233,,1,27.12165,26.58019,22.92727
1785210574,26.36187,84.07263,90,0,234,,1,27.25711,26.47879,22.92727
1785210574,26.40192,83.95056,90,0,233,,1,27.08778,26.44473,23.06253
1785210575,26.34585,83.9765,90,0,233,,1,27.15551,26.37719,23.06253
1785210576,26.4313,84.15503,90,0,233,,1,27.25711,26.44473,23.1978
1785210576,26.38857,83.96735,90,0,233,,1,27.15551,26.34333,22.96113
1785210577,26.34585,83.9353,90,0,233,,1,27.08778,26.27559,22.96113
1785210578,26.38857,83.97803,90,0,233,,1,27.15551,26.51246,22.9948
1785210578,26.40192,83.90784,90,0,233,,1,27.08778,26.44473,22.96113
1785210579,26.27642,83.83154,90,0,233,,1,27.22325,26.44473,23.06253
1785210580,26.40192,83.86664,90,0,233,,1,27.12165,26.37719,22.9948
1785210581,26.31914,83.68963,90,0,233,,1,27.05412,26.41106,22.9948
1785210581,26.4313,83.77203,90,0,233,,1,26.98638,26.27559,23.06253
1785210582,26.40192,83.75372,90,0,233,,1,27.08778,26.41106,23.0962
1785210583,26.37522,83.82086,90,0,233,,1,27.22325,26.37719,23.02867
1785210583,26.33249,83.70336,90,0,233,,1,27.15551,26.37719,22.9948
1785210584,26.36187,83.81628,90,0,233,,1,27.15551,26.30946,23.06253
1785210585,26.31914,83.92767,90,0,233,,1,27.12165,26.37719,23.0962
1785210585,26.40192,83.86664,90,0,233,,1,27.15551,26.41106,22.9948
1785210586,26.31914,83.87579,90,0,233,,1,27.12165,26.37719,23.06253
1785210587,26.41794,83.86206,90,0,233,,1,27.12165,26.37719,22.9948
1785210587,26.34585,83.9353,90,0,233,,1,27.05412,26.30946,23.02867
1785210588,26.33249,83.81781,90,0,233,,1,27.18938,26.41106,22.92727
1785210589,26.47402,84.00092,90,0,233,,1,27.22325,26.44473,23.06253
1785210589,26.34585,84.22369,90,0,233,,1,27.12165,26.51246,22.96113
1785210590,26.458,84.35645,90,0,233,,1,27.02005,26.47879,23.13006
1785210591,26.40192,84.49531,90,0,233,,1,27.18938,26.44473,23.13006
1785210591,26.37522,84.69672,90,0,233,,1,27.25711,26.44473,22.9948
1785210592,26.44465,84.55939,90,0,233,,1,27.08778,26.20786,23.06253
1785210593,26.4313,84.6601,90,0,233,,1,27.25711,26.34333,23.02867
1785210593,26.40192,84.7364,90,0,234,,1,27.12165,26.44473,22.96113
1785210594,26.38857,84.50294,90,0,233,,1,27.12165,26.34333,22.9948
1785210595,26.38857,84.52583,90,0,233,,1,27.15551,26.58019,22.9948
1785210595,26.44465,84.40681,90,0,233,,1,27.18938,26.47879,23.02867
1785210596,26.30312,84.30305,90,0,233,,1,27.15551,26.37719,23.02867
1785210597,26.36187,84.16571,90,0,233,,1,27.08778,26.51246,23.02867
1785210598,26.41794,84.07874,90,0,233,,1,27.25711,26.37719,22.9948
1785210598,26.40192,83.95056,90,0,233,,1,27.12165,26.34333,23.02867
1785210599,26.44465,83.93073,90,0,233,,1,27.12165,26.37719,22.92727
1785210600,26.40192,83.90784,90,0,233,,1,27.18938,26.37719,22.96113
1785210600,26.44465,83.81781,90,0,233,,1,27.15551,26.47879,22.9948
1785210601,26.40192,83.63012,90,0,233,,1,27.08778,26.44473,22.9948
1785210602,26.36187,83.60723,90,0,233,,1,27.12165,26.27559,23.0962
1785210602,26.40192,83.63927,90,0,233,,1,27.02005,26.37719,23.02867
1785210603,26.41794,83.56145,90,0,233,,1,27.15551,26.34333,22.8934
1785210604,26.41794,83.40582,90,0,234,,1,27.29098,26.44473,23.06253
1785210604,26.28977,83.41344,90,0,233,,1,27.15551,26.51246,22.92727
1785210605,26.41794,83.47906,90,0,233,,1,27.08778,26.34333,22.9948
1785210606,26.37522,83.50042,90,0,233,,1,27.05412,26.37719,22.8934
1785210606,26.31914,83.3402,90,0,233,,1,27.15551,26.34333,23.02867
1785210607,26.38857,83.23186,90,0,233,,1,27.15551,26.34333,23.0962
1785210608,26.38857,83.32647,90,0,233,,1,27.18938,26.41106,22.96113
1785210608,26.26307,83.22118,90,0,233,,1,27.12165,26.37719,23.02867
1785210609,26.31914,83.19524,90,0,233,,1,27.25711,26.51246,23.02867
1785210610,26.36187,83.27764,90,0,233,,1,27.18938,26.34333,23.02867
1785210610,26.30312,83.15862,90,0,233,,1,27.22325,26.41106,23.0962
1785210611,26.38857,83.10826,90,0,233,,1,27.25711,26.41106,23.06253
1785210612,26.37522,83.04417,90,0,233,,1,27.12165,26.37719,23.02867
1785210612,26.38857,83.05791,90,0,233,,1,27.15551,26.41106,22.9948
1785210613,26.34585,83.16167,90,0,233,,1,27.18938,26.41106,22.8934
1785210614,26.37522,83.19981,90,0,233,,1,27.08778,26.34333,22.9948
1785210615,26.38857,83.16167,90,0,233,,1,27.18938,26.47879,23.16393
1785210615,26.36187,83.04265,90,0,233,,1,27.12165,26.51246,22.96113
1785210616,26.27642,82.97551,90,0,233,,1,27.18938,26.34333,23.02867
1785210617,26.38857,83.04875,90,0,233,,1,27.02005,26.51246,23.02867
1785210617,26.34585,83.04723,90,0,233,,1,27.18938,26.34333,23.02867
1785210618,26.30312,83.06554,90,0,233,,1,27.15551,26.44473,23.06253
1785210619,26.36187,82.9572,90,0,233,,1,27.08778,26.27559,22.9948
1785210619,26.41794,83.04723,90,0,233,,1,27.08778,26.41106,23.02867
1785210620,26.38857,83.03807,90,0,233,,1,27.25711,26.37719,23.02867
1785210621,26.34585,83.06706,90,0,233,,1,27.18938,26.44473,22.9948
1785210621,26.47402,83.12199,90,0,233,,1,27.12165,26.37719,23.02867
1785210622,26.44465,83.00145,90,0,233,,1,27.29098,26.44473,22.82587
1785210623,26.41794,83.12657,90,0,233,,1,27.12165,26.41106,22.96113
1785210623,26.47402,83.37225,90,0,234,,1,27.25711,26.47879,22.92727
1785210624,26.38857,83.1815,90,0,233,,1,27.12165,26.30946,22.96113
1785210625,26.38857,83.1403,90,0,233,,1,27.22325,26.47879,22.9948
1785210625,26.41794,83.21202,90,0,233,,1,27.15551,26.34333,23.02867
1785210626,26.40192,83.27764,90,0,233,,1,27.18938,26.34333,22.9948
1785210627,26.40192,83.28985,90,0,233,,1,27.25711,26.41106,22.96113
1785210627,26.37522,83.18913,90,0,233,,1,27.15551,26.30946,22.9948
1785210628,26.38857,83.20287,90,0,233,,1,27.12165,26.37719,22.92727
1785210629,26.36187,83.2578,90,0,233,,1,27.08778,26.51246,22.96113
1785210629,26.28977,83.15709,90,0,233,,1,27.18938,26.34333,22.92727
1785210630,26.34585,83.17082,90,0,233,,1,27.12165,26.37719,22.9948
1785210631,26.44465,83.11284,90,0,233,,1,27.25711,26.41106,22.96113
1785210631,26.4313,83.18456,90,0,233,,1,27.22325,26.44473,22.9948
1785210632,26.41794,83.31426,90,0,233,,1,27.22325,26.30946,23.06253
1785210633,26.31914,83.24559,90,0,233,,1,27.12165,26.37719,22.92727
1785210634,26.458,83.2227,90,0,234,,1,27.12165,26.34333,23.02867
1785210634,26.44465,83.26849,90,0,233,,1,27.29098,26.47879,22.9948
1785210635,26.36187,83.15404,90,0,233,,1,27.18938,26.37719,22.96113
1785210636,26.33249,83.31274,90,0,233,,1,27.15551,26.37719,22.9948
1785210636,26.40192,83.22575,90,0,233,,1,27.08778,26.37719,23.02867
1785210637,26.34585,83.30511,90,0,233,,1,27.12165,26.44473,22.9948
1785210638,26.37522,83.52026,90,0,233,,1,27.12165,26.37719,22.9948
1785210638,26.458,83.47906,90,0,233,,1,27.22325,26.41106,23.02867
1785210639,26.34585,83.57366,90,0,233,,1,27.32484,26.30946,22.96113
1785210640,26.44465,83.53857,90,0,233,,1,27.22325,26.41106,23.02867
1785210640,26.33249,83.54772,90,0,233,,1,27.15551,26.37719,22.9948
1785210641,26.41794,83.74761,90,0,233,,1,27.18938,26.41106,23.02867
1785210642,26.34585,83.83002,90,0,233,,1,27.25711,26.41106,22.9948
1785210642,26.38857,83.78119,90,0,233,,1,27.12165,26.34333,22.9948
1785210643,26.37522,83.88037,90,0,233,,1,27.05412,26.37719,23.02867
1785210644,26.37522,83.88037,90,0,234,,1,27.18938,26.47879,23.0962
1785210644,26.41794,83.89105,90,0,233,,1,27.25711,26.37719,22.9948
1785210645,26.41794,83.84985,90,0,233,,1,27.02005,26.44473,23.13006
1785210646,26.36187,83.68963,90,0,233,,1,27.08778,26.44473,22.9948
1785210646,26.36187,83.68963,90,0,233,,1,27.12165,26.34333,23.02867
1785210647,26.44465,83.69421,90,0,233,,1,27.25711,26.34333,23.06253
1785210648,26.36187,83.57824,90,0,233,,1,27.18938,26.44473,22.92727
1785210648,26.36187,83.70184,90,0,233,,1,27.18938,26.41106,23.06253
1785210649,26.44465,83.64233,90,0,233,,1,27.05412,26.41106,22.9948
1785210650,26.50072,83.7583,90,0,233,,1,27.18938,26.41106,23.02867
1785210651,26.47402,83.61944,90,0,233,,1,27.15551,26.20786,23.13006
1785210651,26.36187,83.59808,90,0,233,,1,27.12165,26.54632,23.02867
1785210652,26.41794,83.6347,90,0,233,,1,27.15551,26.41106,23.0962
1785210653,26.36187,83.60723,90,0,234,,1,27.25711,26.54632,23.02867
1785210653,26.36187,83.73083,90,0,233,,1,27.12165,26.34333,22.9948
1785210654,26.40192,83.68353,90,0,233,,1,27.25711,26.44473,23.06253
1785210655,26.4313,83.70794,90,0,233,,1,27.08778,26.51246,23.02867
1785210655,26.37522,83.52941,90,0,233,,1,27.08778,26.34333,22.8934
1785210656,26.40192,83.55688,90,0,233,,1,27.15551,26.41106,23.02867
1785210657,26.38857,83.48211,90,0,233,,1,27.15551,26.47879,22.9948
1785210657,26.34585,83.54162,90,0,233,,1,27.08778,26.41106,23.06253
1785210658,26.33249,83.47753,90,0,233,,1,27.08778,26.47879,22.9948
1785210659,26.38857,83.49279,90,0,233,,1,27.08778,26.34333,23.02867
1785210659,26.40192,83.4226,90,0,233,,1,27.15551,26.47879,23.02867
1785210660,26.34585,83.33562,90,0,233,,1,27.15551,26.51246,22.96113
1785210661,26.36187,83.2578,90,0,233,,1,27.22325,26.47879,22.96113
1785210661,26.41794,83.41802,90,0,233,,1,27.18938,26.41106,23.06253
1785210662,26.4313,83.31731,90,0,233,,1,27.15551,26.41106,23.02867
1785210663,26.37522,83.37377,90,0,233,,1,27.12165,26.44473,22.96113
1785210663,26.34585,83.38598,90,0,233,,1,27.15551,26.41106,22.9948
1785210664,26.27642,83.45159,90,0,233,,1,27.29098,26.51246,22.92727
1785210665,26.40192,83.50652,90,0,233,,1,27.15551,26.47879,22.9948
1785210665,26.47402,83.61944,90,0,233,,1,27.15551,26.30946,22.92727
1785210666,26.40192,83.63927,90,0,233,,1,27.18938,26.30946,23.02867
1785210667,26.4313,83.64843,90,0,233,,1,27.22325,26.37719,22.92727
1785210668,26.40192,83.74303,90,0,233,,1,27.15551,26.41106,22.9948
1785210668,26.38857,83.71709,90,0,233,,1,27.18938,26.44473,22.9948
1785210669,26.36187,83.79492,90,0,233,,1,27.15551,26.58019,22.96113
1785210670,26.38857,83.83459,90,0,233,,1,27.15551,26.44473,23.06253
1785210670,26.27642,83.83154,90,0,233,,1,27.12165,26.44473,23.0962
1785210671,26.41794,83.90326,90,0,233,,1,27.02005,26.47879,22.96113
1785210672,26.44465,83.89868,90,0,233,,1,27.15551,26.41106,22.9948
1785210672,26.4313,83.90479,90,0,234,,1,27.18938,26.30946,22.96113
1785210673,26.33249,83.74456,90,0,233,,1,27.15551,26.47879,22.96113
1785210674,26.36187,83.83459,90,0,233,,1,27.15551,26.41106,22.8934
1785210674,26.36187,83.85443,90,0,233,,1,27.08778,26.27559,23.02867
1785210675,26.38857,83.90479,90,0,233,,1,27.08778,26.34333,23.02867
1785210676,26.37522,83.83002,90,0,233,,1,27.18938,26.30946,23.13006
1785210676,26.40192,83.93073,90,0,233,,1,27.08778,26.37719,22.9948
1785210677,26.44465,83.90936,90,0,233,,1,27.12165,26.44473,23.0962
1785210678,26.37522,83.78882,90,0,233,,1,27.08778,26.37719,23.02867
1785210678,26.40192,83.84528,90,0,233,,1,27.22325,26.41106,23.06253
1785210679,26.40192,83.82697,90,0,233,,1,27.15551,26.34333,22.96113
1785210680,26.27642,83.84375,90,0,233,,1,27.15551,26.34333,22.96113
1785210680,26.38857,83.73998,90,0,233,,1,27.22325,26.64792,23.02867
1785210681,26.37522,83.77661,90,0,233,,1,27.25711,26.30946,22.92727
1785210682,26.31914,83.76135,90,0,233,,1,27.25711,26.47879,22.92727
1785210682,26.38857,83.6881,90,0,234,,1,27.18938,26.34333,22.9948
1785210683,26.31914,83.60723,90,0,233,,1,27.12165,26.44473,23.02867
1785210684,26.41794,83.66521,90,0,233,,1,27.15551,26.54632,23.06253
1785210685,26.31914,83.51415,90,0,233,,1,27.12165,26.47879,22.9948
1785210685,26.33249,83.57977,90,0,233,,1,27.15551,26.44473,23.06253
1785210686,26.44465,83.55688,90,0,233,,1,27.02005,26.34333,23.06253
1785210687,26.44465,83.56908,90,0,233,,1,27.15551,26.30946,22.9948
1785210687,26.37522,83.55077,90,0,233,,1,27.22325,26.51246,23.06253
1785210688,26.4313,83.70794,90,0,233,,1,27.12165,26.30946,23.06253
1785210689,26.36187,83.61944,90,0,233,,1,27.08778,26.30946,22.9948
1785210689,26.36187,83.59808,90,0,233,,1,27.18938,26.37719,22.96113
1785210690,26.37522,83.65301,90,0,233,,1,27.22325,26.30946,22.96113
1785210691,26.40192,83.70184,90,0,233,,1,27.02005,26.41106,23.02867
1785210691,26.4313,83.68963,90,0,233,,1,27.08778,26.47879,23.02867
1785210692,26.38857,83.69726,90,0,233,,1,27.02005,26.30946,23.06253
1785210693,26.41794,83.66521,90,0,233,,1,27.22325,26.34333,23.02867
1785210693,26.31914,83.72015,90,0,233,,1,27.18938,26.34333,23.13006
1785210694,26.458,83.70641,90,0,233,,1,27.18938,26.37719,22.96113
1785210695,26.458,83.76746,90,0,233,,1,27.15551,26.37719,23.02867
1785210695,26.51675,83.73388,90,0,233,,1,27.18938,26.34333,22.92727
1785210696,26.37522,83.71557,90,0,233,,1,27.08778,26.34333,23.02867
1785210697,26.41794,83.65606,90,0,233,,1,27.12165,26.34333,22.9948
1785210697,26.41794,83.73846,90,0,233,,1,27.08778,26.47879,22.9948
1785210698,26.41794,83.7583,90,0,233,,1,27.18938,26.47879,22.96113
1785210699,26.40192,83.75372,90,0,233,,1,27.12165,26.44473,22.9948
1785210699,26.37522,83.82086,90,0,233,,1,27.08778,26.41106,23.06253
1785210700,26.36187,83.73083,90,0,233,,1,27.15551,26.47879,22.96113
1785210701,26.44465,83.73388,90,0,233,,1,27.12165,26.51246,23.02867
1785210701,26.41794,83.74761,90,0,233,,1,27.25711,26.37719,22.9948
1785210702,26.31914,83.66674,90,0,234,,1,27.12165,26.47879,22.96113
1785210703,26.4313,83.66979,90,0,233,,1,26.98638,26.44473,22.96113
1785210704,26.36187,83.5462,90,0,233,,1,27.05412,26.41106,23.06253
1785210704,26.31914,83.69878,90,0,233,,1,27.02005,26.30946,23.06253
1785210705,26.458,83.61486,90,0,233,,1,27.08778,26.30946,22.9948
1785210706,26.36187,83.55688,90,0,233,,1,27.22325,26.41106,23.02867
1785210706,26.38857,83.50195,90,0,233,,1,27.15551,26.41106,23.0962
1785210707,26.38857,83.61639,90,0,233,,1,27.18938,26.30946,22.9948
1785210708,26.47402,83.55535,90,0,233,,1,27.18938,26.44473,23.06253
1785210708,26.38857,83.53246,90,0,233,,1,27.18938,26.41106,23.02867
1785210709,26.44465,83.55688,90,0,233,,1,27.22325,26.24193,22.9948
1785210710,26.36187,83.47448,90,0,233,,1,27.15551,26.47879,23.02867
1785210710,26.34585,83.56145,90,0,233,,1,27.25711,26.47879,23.02867
1785210711,26.40192,83.50652,90,0,233,,1,27.08778,26.44473,23.02867
1785210712,26.38857,83.56451,90,0,233,,1,27.25711,26.47879,23.02867
1785210712,26.44465,83.63012,90,0,234,,1,27.12165,26.58019,22.9948
1785210713,26.37522,83.65301,90,0,233,,1,27.12165,26.34333,23.02867
1785210714,26.40192,83.74303,90,0,233,,1,27.15551,26.24193,22.9948
1785210714,26.40192,83.68963,90,0,233,,1,27.25711,26.47879,23.02867
1785210715,26.44465,83.68353,90,0,233,,1,27.12165,26.44473,23.06253
1785210716,26.30312,83.87122,90,0,233,,1,27.05412,26.47879,23.02867
1785210716,26.458,83.70641,90,0,233,,1,27.15551,26.44473,22.8934
1785210717,26.38857,83.83459,90,0,233,,1,27.18938,26.27559,23.0962
1785210718,26.40192,83.87732,90,0,233,,1,27.15551,26.34333,22.92727
1785210718,26.36187,83.82544,90,0,233,,1,27.12165,26.30946,22.92727
1785210719,26.34585,83.90326,90,0,233,,1,27.12165,26.41106,22.9948
1785210720,26.36187,83.89868,90,0,233,,1,27.02005,26.44473,23.02867
1785210721,26.37522,83.80865,90,0,233,,1,27.18938,26.30946,23.02867
1785210721,26.38857,83.79034,90,0,233,,1,27.12165,26.47879,22.9948
1785210722,26.40192,83.86664,90,0,233,,1,27.08778,26.41106,23.02867
1785210723,26.36187,83.91852,90,0,233,,1,27.25711,26.44473,22.96113
1785210723,26.4313,84.05127,90,0,233,,1,27.15551,26.47879,22.96113
1785210724,26.40192,83.98108,90,0,233,,1,27.22325,26.41106,23.06253
1785210725,26.38857,84.14282,90,0,233,,1,27.22325,26.34333,22.92727
1785210725,26.44465,84.28321,90,0,233,,1,27.12165,26.34333,23.06253
1785210726,26.4313,84.36103,90,0,233,,1,27.25711,26.30946,23.02867
1785210727,26.37522,84.37629,90,0,233,,1,27.08778,26.41106,23.02867
1785210727,26.44465,84.46784,90,0,233,,1,27.18938,26.34333,23.06253
1785210728,26.4313,84.48463,90,0,233,,1,27.12165,26.34333,23.06253
1785210729,26.27642,84.43122,90,0,233,,1,27.08778,26.44473,22.9948
1785210729,26.4313,84.46632,90,0,233,,1,27.08778,26.37719,22.96113
1785210730,26.30312,84.54108,90,0,233,,1,27.22325,26.37719,22.96113
1785210731,26.458,84.55329,90,0,233,,1,27.18938,26.37719,22.96113
1785210731,26.37522,84.29389,90,0,233,,1,27.22325,26.30946,23.02867
1785210732,26.40192,84.48615,90,0,233,,1,27.25711,26.47879,23.02867
1785210733,26.38857,84.42207,90,0,233,,1,27.05412,26.47879,23.0962
1785210733,26.36187,84.23895,90,0,233,,1,27.15551,26.30946,23.06253
1785210734,26.4313,84.28931,90,0,233,,1,27.05412,26.41106,23.02867
1785210735,26.38857,84.37934,90,0,233,,1,27.25711,26.34333,23.02867
1785210735,26.36187,84.24811,90,0,233,,1,27.25711,26.51246,22.9948
1785210736,26.30312,84.23285,90,0,233,,1,27.18938,26.37719,22.9948
1785210737,26.40192,84.24811,90,0,233,,1,27.12165,26.37719,23.02867
1785210738,26.41794,84.15198,90,0,233,,1,27.12165,26.44473,23.13006
1785210738,26.4313,83.96887,90,0,233,,1,27.15551,26.41106,22.9948
1785210739,26.458,84.07874,90,0,233,,1,27.15551,26.37719,23.02867
1785210740,26.40192,84.09552,90,0,233,,1,27.18938,26.51246,23.0962
1785210740,26.4313,84.10162,90,0,233,,1,27.15551,26.34333,23.02867
1785210741,26.36187,83.99023,90,0,233,,1,27.05412,26.41106,22.96113
1785210742,26.47402,84.10468,90,0,233,,1,27.12165,26.54632,22.96113
1785210742,26.34585,84.11993,90,0,234,,1,27.18938,26.44473,23.06253
1785210743,26.38857,84.00854,90,0,233,,1,27.22325,26.47879,22.96113
1785210744,26.37522,83.94446,90,0,233,,1,27.05412,26.37719,23.0962
1785210744,26.34585,84.15045,90,0,233,,1,27.18938,26.41106,23.13006
1785210745,26.4313,84.05127,90,0,233,,1,27.18938,26.41106,22.9948
1785210746,26.47402,84.01923,90,0,233,,1,27.15551,26.34333,22.9948
1785210746,26.41794,84.07874,90,0,233,,1,27.02005,26.27559,23.02867
1785210747,26.4313,83.99939,90,0,233,,1,27.22325,26.44473,22.9948
1785210748,26.34585,84.0589,90,0,233,,1,27.12165,26.41106,22.8934
1785210748,26.38857,84.12299,90,0,233,,1,27.25711,26.51246,22.9948
1785210749,26.36187,83.91852,90,0,233,,1,27.15551,26.37719,23.13006
1785210750,26.37522,83.97345,90,0,233,,1,27.08778,26.34333,22.96113
1785210750,26.40192,83.89868,90,0,233,,1,27.05412,26.37719,23.06253
1785210751,26.41794,83.9765,90,0,233,,1,27.05412,26.34333,23.06253
1785210752,26.40192,83.83612,90,0,233,,1,27.05412,26.44473,22.92727
1785210752,26.48737,83.86816,90,0,234,,1,27.18938,26.41106,23.02867
1785210753,26.37522,83.89105,90,0,233,,1,27.22325,26.41106,22.92727
1785210754,26.44465,83.96277,90,0,233,,1,27.25711,26.44473,22.96113
1785210755,26.34585,83.90326,90,0,233,,1,27.22325,26.37719,23.06253
1785210755,26.4313,83.73083,90,0,233,,1,27.22325,26.30946,22.9948
1785210756,26.34585,83.56145,90,0,233,,1,27.22325,26.37719,23.02867
1785210757,26.36187,83.67132,90,0,233,,1,27.05412,26.44473,22.96113
1785210757,26.36187,83.67132,90,0,233,,1,27.15551,26.44473,22.9948
1785210758,26.34585,83.65606,90,0,233,,1,27.08778,26.34333,23.13006
1785210759,26.44465,83.64233,90,0,233,,1,27.12165,26.34333,23.06253
1785210759,26.41794,83.83154,90,0,233,,1,27.15551,26.41106,23.02867
1785210760,26.41794,83.82086,90,0,233,,1,27.15551,26.37719,22.96113
1785210761,26.36187,83.86664,90,0,233,,1,27.15551,26.37719,23.02867
1785210761,26.38857,83.85291,90,0,233,,1,27.15551,26.41106,22.92727
1785210762,26.40192,84.00092,90,0,233,,1,27.12165,26.47879,23.02867
1785210763,26.458,83.94446,90,0,233,,1,27.18938,26.30946,22.96113
1785210763,26.33249,83.99176,90,0,233,,1,27.12165,26.34333,22.92727
1785210764,26.38857,83.93683,90,0,233,,1,27.22325,26.34333,22.96113
1785210765,26.31914,84.03143,90,0,233,,1,27.12165,26.41106,23.06253
1785210765,26.40192,84.1474,90,0,233,,1,27.08778,26.41106,23.0962
1785210766,26.41794,84.15198,90,0,233,,1,27.15551,26.41106,23.06253
1785210767,26.36187,84.24811,90,0,233,,1,27.15551,26.41106,22.96113
1785210767,26.48737,84.31525,90,0,233,,1,27.15551,26.41106,23.0962
1785210768,26.4313,84.41291,90,0,233,,1,27.05412,26.34333,22.9948
1785210769,26.40192,84.40376,90,0,233,,1,27.12165,26.27559,22.9948
1785210769,26.27642,84.55482,90,0,233,,1,27.15551,26.51246,22.9948
1785210770,26.41794,84.59449,90,0,233,,1,27.08778,26.47879,23.0962
1785210771,26.458,84.72877,90,0,233,,1,27.18938,26.44473,23.02867
1785210771,26.36187,84.74555,90,0,233,,1,27.12165,26.34333,22.9948
1785210772,26.37522,84.68604,90,0,234,,1,27.08778,26.37719,22.96113
1785210773,26.47402,84.89815,90,0,233,,1,27.08778,26.44473,22.96113
1785210774,26.458,85.02022,90,0,233,,1,27.08778,26.27559,22.9948
1785210774,26.38857,85.02022,90,0,233,,1,27.05412,26.34333,22.96113
1785210775,26.36187,85.05379,90,0,233,,1,27.18938,26.44473,22.96113
1785210776,26.40192,85.12703,90,0,233,,1,27.18938,26.37719,23.0962
1785210776,26.458,85.14381,90,0,233,,1,27.18938,26.51246,22.9948
1785210777,26.4313,85.38338,90,0,233,,1,27.15551,26.44473,23.02867
1785210778,26.458,85.33761,90,0,233,,1,27.15551,26.37719,22.9948
1785210778,26.40192,85.45663,90,0,233,,1,27.12165,26.44473,22.96113
1785210779,26.48737,85.48257,90,0,233,,1,27.12165,26.34333,22.92727
1785210780,26.36187,85.51919,90,0,233,,1,27.18938,26.41106,23.06253
1785210780,26.44465,85.62447,90,0,233,,1,27.15551,26.41106,22.9948
1785210781,26.40192,85.62142,90,0,233,,1,27.18938,26.44473,22.96113
1785210782,26.40192,85.70382,90,0,233,,1,27.18938,26.41106,23.06253
1785210782,26.41794,85.60616,90,0,233,,1,27.12165,26.41106,22.9948
1785210783,26.41794,85.72976,90,0,233,,1,27.05412,26.47879,22.9948
1785210784,26.41794,85.57565,90,0,234,,1,27.22325,26.47879,23.0962
1785210784,26.40192,85.61227,90,0,233,,1,27.12165,26.41106,23.02867
1785210785,26.41794,85.63821,90,0,233,,1,27.15551,26.41106,23.06253
1785210786,26.34585,85.67941,90,0,233,,1,27.12165,26.47879,23.02867
1785210786,26.36187,85.66262,90,0,233,,1,27.12165,26.44473,23.06253
1785210787,26.40192,85.58022,90,0,233,,1,27.12165,26.41106,23.02867
1785210788,26.41794,85.7206,90,0,233,,1,27.25711,26.44473,22.96113
1785210788,26.40192,85.67483,90,0,233,,1,27.12165,26.47879,23.02867
1785210789,26.44465,85.74807,90,0,233,,1,27.25711,26.44473,23.06253
1785210790,26.31914,85.68093,90,0,233,,1,27.15551,26.44473,22.9948
1785210791,26.4313,85.72213,90,0,233,,1,27.22325,26.34333,23.02867
1785210791,26.50072,85.70229,90,0,233,,1,27.12165,26.30946,22.96113
1785210792,26.4313,85.80759,90,0,233,,1,27.15551,26.44473,22.96113
1785210793,26.40192,85.89151,90,0,233,,1,27.18938,26.51246,22.96113
1785210793,26.47402,85.92203,90,0,233,,1,27.25711,26.24193,22.96113
1785210794,26.40192,86.04562,90,0,233,,1,27.15551,26.44473,22.9948
1785210795,26.41794,85.92661,90,0,233,,1,27.15551,26.34333,22.92727
1785210795,26.41794,86.07004,90,0,233,,1,27.15551,26.44473,22.9948
1785210796,26.47402,86.15091,90,0,233,,1,27.18938,26.47879,22.9948
1785210797,26.41794,86.14328,90,0,233,,1,27.12165,26.44473,23.02867
1785210797,26.48737,86.14328,90,0,233,,1,27.05412,26.34333,23.02867
1785210798,26.38857,86.11429,90,0,233,,1,27.15551,26.30946,22.96113
1785210799,26.41794,86.31724,90,0,233,,1,27.22325,26.44473,22.92727
1785210799,26.44465,86.27604,90,0,233,,1,27.08778,26.41106,22.9948
1785210800,26.41794,86.24704,90,0,233,,1,27.05412,26.37719,22.9948
1785210801,26.40192,86.44999,90,0,233,,1,27.18938,26.41106,22.9948
1785210801,26.41794,86.65903,90,0,233,,1,27.05412,26.37719,22.9948
1785210802,26.50072,86.67277,90,0,233,,1,27.12165,26.37719,22.9948
1785210803,26.41794,86.79332,90,0,233,,1,27.12165,26.51246,22.9948
1785210803,26.37522,87.02068,90,0,234,,1,27.29098,26.27559,22.96113
1785210804,26.38857,87.09544,90,0,233,,1,27.18938,26.34333,22.92727
1785210805,26.458,87.24956,90,0,233,,1,27.08778,26.37719,22.9948
1785210805,26.48737,87.44335,90,0,233,,1,27.12165,26.34333,23.02867
1785210806,26.48737,87.54711,90,0,233,,1,27.15551,26.37719,23.13006
1785210807,26.48737,87.77295,90,0,233,,1,27.12165,26.47879,22.92727
1785210808,26.458,87.6112,90,0,233,,1,27.12165,26.47879,23.02867
1785210808,26.4313,87.64477,90,0,233,,1,27.12165,26.47879,22.9948
1785210809,26.38857,87.78668,90,0,233,,1,27.15551,26.30946,23.02867
1785210810,26.40192,87.78058,90,0,233,,1,26.98638,26.44473,22.9948
1785210810,26.47402,87.75922,90,0,233,,1,27.15551,26.34333,22.96113
1785210811,26.37522,87.94995,90,0,233,,1,27.12165,26.37719,23.13006
1785210812,26.458,87.78668,90,0,233,,1,27.12165,26.30946,22.96113
1785210812,26.40192,87.68902,90,0,233,,1,27.15551,26.34333,22.9948
1785210813,26.40192,87.65697,90,0,233,,1,27.18938,26.34333,22.9948
1785210814,26.40192,87.81262,90,0,233,,1,27.22325,26.41106,22.9948
1785210814,26.34585,87.4876,90,0,233,,1,27.18938,26.44473,23.02867
1785210815,26.44465,87.40063,90,0,233,,1,27.15551,26.51246,23.02867
1785210816,26.36187,87.35638,90,0,233,,1,27.18938,26.34333,23.02867
1785210816,26.37522,87.20531,90,0,233,,1,27.12165,26.41106,22.9948
1785210817,26.36187,87.2633,90,0,233,,1,26.98638,26.34333,22.9948
1785210818,26.36187,87.08629,90,0,233,,1,27.08778,26.41106,22.96113
1785210818,26.34585,87.13512,90,0,233,,1,27.22325,26.44473,23.06253
1785210819,26.38857,87.0222,90,0,233,,1,27.22325,26.44473,22.9948
1785210820,26.30312,86.90623,90,0,233,,1,27.12165,26.30946,23.06253
1785210820,26.37522,86.92607,90,0,233,,1,27.08778,26.34333,23.02867
1785210821,26.36187,86.76585,90,0,233,,1,27.15551,26.41106,23.02867
1785210822,26.37522,86.60868,90,0,233,,1,27.22325,26.51246,22.9948
1785210822,26.34585,86.51408,90,0,233,,1,27.12165,26.34333,22.96113
1785210823,26.36187,86.37522,90,0,233,,1,27.02005,26.37719,22.9948
1785210824,26.37522,86.17075,90,0,233,,1,27.15551,26.47879,23.13006
1785210825,26.34585,85.92661,90,0,233,,1,27.05412,26.47879,22.9948
1785210825,26.31914,85.72213,90,0,233,,1,27.08778,26.37719,23.02867
1785210826,26.37522,85.86252,90,0,233,,1,27.15551,26.47879,22.9948
1785210827,26.50072,85.76334,90,0,233,,1,27.08778,26.47879,23.02867
1785210827,26.34585,85.93729,90,0,233,,1,27.08778,26.34333,22.92727
1785210828,26.37522,85.75876,90,0,233,,1,27.25711,26.37719,23.06253
1785210829,26.37522,85.79996,90,0,233,,1,27.12165,26.41106,22.96113
1785210829,26.41794,85.8732,90,0,233,,1,27.15551,26.51246,22.96113
1785210830,26.34585,85.86404,90,0,233,,1,27.12165,26.44473,23.02867
1785210831,26.44465,85.93271,90,0,233,,1,27.22325,26.54632,22.92727
1785210831,26.37522,85.81216,90,0,233,,1,27.08778,26.41106,22.92727
1785210832,26.40192,85.68551,90,0,233,,1,27.08778,26.41106,22.96113
1785210833,26.44465,85.78012,90,0,233,,1,27.18938,26.51246,23.02867
1785210833,26.40192,85.48867,90,0,234,,1,27.15551,26.44473,23.0962
1785210834,26.37522,85.43832,90,0,233,,1,27.05412,26.41106,23.02867
1785210835,26.44465,85.35592,90,0,233,,1,27.22325,26.41106,22.9948
1785210835,26.38857,85.12245,90,0,233,,1,26.98638,26.27559,22.96113
1785210836,26.34585,85.04921,90,0,233,,1,27.05412,26.44473,22.9948
1785210837,26.34585,84.88441,90,0,233,,1,27.15551,26.34333,23.0962
1785210837,26.27642,84.74097,90,0,233,,1,27.18938,26.44473,23.02867
1785210838,26.4313,84.68147,90,0,233,,1,27.15551,26.41106,23.06253
1785210839,26.36187,84.56855,90,0,233,,1,27.22325,26.30946,22.9948
1785210839,26.36187,84.63111,90,0,233,,1,27.15551,26.51246,23.02867
1785210840,26.41794,84.70893,90,0,233,,1,27.25711,26.34333,22.92727
1785210841,26.34585,84.70893,90,0,233,,1,26.98638,26.34333,23.02867
1785210841,26.40192,84.66315,90,0,233,,1,27.25711,26.44473,22.9948
1785210842,26.36187,84.72419,90,0,233,,1,27.18938,26.34333,22.9948
1785210843,26.40192,84.77455,90,0,233,,1,27.22325,26.37719,22.96113
1785210844,26.47402,84.74555,90,0,233,,1,27.25711,26.37719,23.06253
1785210844,26.41794,84.71809,90,0,233,,1,27.12165,26.51246,23.02867
1785210845,26.33249,84.71503,90,0,233,,1,27.12165,26.47879,22.96113
1785210846,26.40192,84.6128,90,0,233,,1,27.12165,26.34333,23.02867
1785210846,26.28977,84.53956,90,0,233,,1,27.18938,26.37719,22.96113
1785210847,26.28977,84.43427,90,0,233,,1,27.05412,26.37719,23.06253
1785210848,26.38857,84.45258,90,0,233,,1,27.25711,26.34333,22.9948
1785210848,26.28977,84.34272,90,0,233,,1,27.12165,26.51246,23.06253
1785210849,26.40192,84.3946,90,0,233,,1,26.98638,26.41106,22.9948
1785210850,26.40192,84.44495,90,0,233,,1,27.12165,26.37719,22.9948
1785210850,26.40192,84.34272,90,0,233,,1,27.15551,26.34333,23.0962
1785210851,26.37522,84.34425,90,0,233,,1,27.12165,26.41106,22.96113
1785210852,26.37522,84.50904,90,0,233,,1,27.12165,26.30946,23.06253
1785210852,26.50072,84.73182,90,0,234,,1,27.15551,26.51246,22.9948
1785210853,26.40192,84.84779,90,0,233,,1,27.12165,26.41106,22.92727
1785210854,26.41794,84.96529,90,0,233,,1,27.15551,26.41106,23.02867
1785210854,26.41794,85.16212,90,0,233,,1,27.08778,26.27559,23.0962
1785210855,26.48737,85.52377,90,0,233,,1,27.18938,26.37719,22.8934
1785210856,26.44465,85.68551,90,0,233,,1,27.15551,26.24193,22.92727
1785210856,26.33249,85.75876,90,0,233,,1,27.15551,26.34333,23.02867
1785210857,26.44465,86.04715,90,0,233,,1,27.05412,26.44473,22.9948
1785210858,26.47402,86.11887,90,0,233,,1,27.05412,26.34333,22.9948
1785210858,26.34585,86.22568,90,0,233,,1,27.15551,26.30946,22.9948
1785210859,26.37522,86.38895,90,0,233,,1,27.05412,26.41106,22.92727
1785210860,26.48737,86.5034,90,0,233,,1,27.12165,26.34333,22.92727
1785210861,26.40192,86.5507,90,0,233,,1,27.08778,26.30946,22.9948
1785210861,26.40192,86.6453,90,0,233,,1,27.15551,26.41106,23.06253
1785210862,26.41794,86.74296,90,0,233,,1,27.18938,26.51246,23.02867
1785210863,26.40192,86.6865,90,0,233,,1,27.25711,26.51246,23.02867
1785210863,26.4313,86.68345,90,0,233,,1,27.15551,26.41106,23.02867
1785210864,26.44465,86.67735,90,0,233,,1,27.18938,26.41106,22.9948
1785210865,26.34585,86.68192,90,0,233,,1,27.22325,26.37719,22.8934
1785210865,26.34585,86.46372,90,0,233,,1,27.15551,26.41106,22.96113
1785210866,26.41794,86.26688,90,0,233,,1,27.18938,26.41106,23.06253
1785210867,26.38857,86.09293,90,0,233,,1,27.25711,26.44473,22.96113
1785210867,26.51675,86.00595,90,0,233,,1,27.15551,26.27559,22.96113
1785210868,26.40192,85.73586,90,0,233,,1,27.12165,26.27559,22.92727
1785210869,26.40192,85.62142,90,0,233,,1,27.22325,26.44473,22.96113
1785210869,26.4313,85.56954,90,0,233,,1,27.08778,26.41106,23.0962
1785210870,26.36187,85.43679,90,0,233,,1,27.22325,26.41106,23.0962
1785210871,26.50072,85.23689,90,0,233,,1,27.15551,26.37719,23.06253
1785210871,26.34585,85.25521,90,0,233,,1,27.15551,26.30946,22.9948
1785210872,26.37522,85.23232,90,0,233,,1,27.22325,26.37719,23.02867
1785210873,26.4313,85.2491,90,0,233,,1,27.22325,26.41106,22.96113
1785210873,26.47402,85.18959,90,0,233,,1,27.25711,26.41106,23.02867
1785210874,26.33249,85.17128,90,0,233,,1,27.15551,26.34333,23.02867
1785210875,26.4313,85.2781,90,0,233,,1,27.12165,26.47879,23.02867
1785210875,26.38857,85.24605,90,0,233,,1,27.12165,26.44473,22.96113
1785210876,26.40192,85.37423,90,0,233,,1,27.15551,26.47879,23.0962
1785210877,26.458,85.4612,90,0,233,,1,27.15551,26.41106,22.92727
1785210878,26.41794,85.55276,90,0,233,,1,27.05412,26.44473,23.06253
1785210878,26.34585,85.61684,90,0,233,,1,27.18938,26.47879,22.96113
1785210879,26.41794,85.77097,90,0,233,,1,27.12165,26.41106,22.96113
1785210880,26.33249,85.90372,90,0,233,,1,27.15551,26.37719,23.02867
1785210880,26.44465,86.02731,90,0,233,,1,27.18938,26.47879,23.02867
1785210881,26.36187,85.98306,90,0,233,,1,27.25711,26.54632,23.02867
1785210882,26.38857,86.28062,90,0,233,,1,27.12165,26.41106,23.06253
1785210882,26.34585,86.23788,90,0,234,,1,27.15551,26.44473,23.02867
1785210883,26.36187,86.26231,90,0,233,,1,27.05412,26.41106,23.0962
1785210884,26.36187,86.32182,90,0,233,,1,27.15551,26.27559,23.0962
1785210884,26.34585,86.30808,90,0,233,,1,27.22325,26.37719,22.96113
1785210885,26.47402,86.31571,90,0,233,,1,27.22325,26.34333,22.9948
1785210886,26.4313,86.31266,90,0,233,,1,27.22325,26.44473,22.82587
1785210886,26.38857,86.38438,90,0,233,,1,27.22325,26.44473,23.06253
1785210887,26.38857,86.42558,90,0,233,,1,27.22325,26.37719,22.9948
1785210888,26.4313,86.27146,90,0,233,,1,27.18938,26.37719,23.06253
1785210888,26.34585,86.12344,90,0,233,,1,27.22325,26.37719,23.02867
1785210889,26.47402,86.0563,90,0,233,,1,27.15551,26.41106,23.06253
1785210890,26.44465,86.00595,90,0,233,,1,27.05412,26.41106,23.02867
1785210890,26.41794,85.90524,90,0,233,,1,27.12165,26.34333,23.02867
1785210891,26.40192,85.90067,90,0,233,,1,27.22325,26.37719,23.02867
1785210892,26.37522,85.8732,90,0,233,,1,27.12165,26.44473,22.9948
1785210893,26.38857,85.85489,90,0,234,,1,27.22325,26.47879,22.9948
1785210893,26.458,85.80453,90,0,233,,1,27.08778,26.34333,23.02867
1785210894,26.44465,85.85336,90,0,233,,1,27.05412,26.41106,22.96113
1785210895,26.37522,85.67635,90,0,233,,1,27.15551,26.34333,22.96113
1785210895,26.38857,85.75266,90,0,233,,1,27.15551,26.47879,23.02867
1785210896,26.40192,85.73586,90,0,233,,1,27.08778,26.34333,22.9948
1785210897,26.47402,85.77707,90,0,233,,1,27.15551,26.44473,22.96113
1785210897,26.38857,85.70229,90,0,233,,1,27.05412,26.34333,22.9948
1785210898,26.37522,85.86252,90,0,233,,1,27.18938,26.34333,23.06253
1785210899,26.34585,86.0502,90,0,233,,1,27.22325,26.41106,23.02867
1785210899,26.44465,86.10056,90,0,233,,1,27.08778,26.30946,22.9948
1785210900,26.44465,86.26536,90,0,233,,1,27.12165,26.41106,23.06253
1785210901,26.44465,86.43015,90,0,233,,1,27.08778,26.24193,23.0962
1785210901,26.44465,86.50034,90,0,233,,1,27.18938,26.41106,23.0962
1785210902,26.4313,86.60105,90,0,233,,1,27.08778,26.51246,23.13006
1785210903,26.38857,86.75517,90,0,233,,1,27.15551,26.30946,23.02867
1785210903,26.41794,86.91997,90,0,233,,1,27.15551,26.34333,23.02867
1785210904,26.44465,86.97643,90,0,233,,1,27.18938,26.41106,22.92727
1785210905,26.41794,87.12291,90,0,233,,1,27.08778,26.47879,23.06253
1785210905,26.34585,87.19615,90,0,233,,1,27.02005,26.27559,23.06253
1785210906,26.41794,87.14427,90,0,233,,1,27.08778,26.41106,23.06253
1785210907,26.4313,87.36553,90,0,233,,1,27.08778,26.34333,22.9948
1785210907,26.4313,87.22209,90,0,233,,1,27.08778,26.37719,22.9948
1785210908,26.41794,87.33196,90,0,233,,1,27.08778,26.37719,23.02867
1785210909,26.36187,87.3045,90,0,233,,1,27.15551,26.41106,23.06253
1785210909,26.37522,87.16411,90,0,233,,1,27.22325,26.37719,23.02867
1785210910,26.37522,87.14427,90,0,233,,1,27.22325,26.37719,22.9948
1785210911,26.37522,87.14427,90,0,233,,1,27.18938,26.34333,23.02867
1785210912,26.34585,87.0222,90,0,233,,1,27.22325,26.47879,22.96113
1785210912,26.36187,87.06645,90,0,233,,1,27.22325,26.37719,22.9948
1785210913,26.47402,86.94438,90,0,233,,1,27.18938,26.24193,23.02867
1785210914,26.40192,86.82994,90,0,234,,1,27.05412,26.47879,23.02867
1785210914,26.44465,86.6453,90,0,233,,1,27.12165,26.34333,23.0962
1785210915,26.4313,86.64225,90,0,233,,1,27.22325,26.41106,22.9948
1785210916,26.27642,86.43168,90,0,233,,1,27.22325,26.44473,22.8934
1785210916,26.36187,86.32182,90,0,233,,1,27.29098,26.47879,23.06253
1785210917,26.31914,86.28062,90,0,233,,1,27.08778,26.37719,23.06253
1785210918,26.41794,86.20584,90,0,233,,1,27.05412,26.34333,23.02867
1785210918,26.44465,86.2974,90,0,232,,1,27.05412,26.41106,23.02867
1785210919,26.37522,85.9556,90,0,233,,1,27.25711,26.37719,22.9948
1785210920,26.38857,85.83658,90,0,233,,1,27.15551,26.37719,23.06253
1785210920,26.37522,85.68551,90,0,233,,1,27.05412,26.44473,23.02867
1785210921,26.41794,85.82285,90,0,233,,1,27.22325,26.27559,23.02867
1785210922,26.34585,85.67941,90,0,233,,1,27.12165,26.44473,22.96113
1785210922,26.40192,85.78928,90,0,233,,1,27.22325,26.44473,23.06253
1785210923,26.4313,85.73434,90,0,233,,1,27.08778,26.41106,23.02867
1785210924,26.40192,85.65347,90,0,234,,1,26.95252,26.41106,23.0962
1785210924,26.34585,85.75266,90,0,233,,1,27.15551,26.47879,22.96113
1785210925,26.33249,85.65652,90,0,233,,1,27.18938,26.41106,22.9948
1785210926,26.36187,85.63363,90,0,233,,1,27.18938,26.41106,22.9948
1785210926,26.37522,85.59396,90,0,233,,1,27.08778,26.41106,23.06253
1785210927,26.34585,85.48409,90,0,233,,1,27.18938,26.30946,22.92727
1785210928,26.4313,85.54665,90,0,233,,1,27.25711,26.44473,22.9948
1785210928,26.36187,85.32235,90,0,233,,1,27.15551,26.44473,22.92727
1785210929,26.41794,85.31777,90,0,233,,1,27.15551,26.34333,23.06253
1785210930,26.37522,85.28573,90,0,233,,1,27.15551,26.44473,22.9948
1785210931,26.36187,85.11635,90,0,233,,1,27.12165,26.41106,22.92727
1785210931,26.30312,85.03853,90,0,233,,1,27.18938,26.27559,22.96113
1785210932,26.44465,85.07668,90,0,233,,1,27.15551,26.41106,23.02867
1785210933,26.37522,84.82948,90,0,233,,1,27.08778,26.41106,23.06253
1785210933,26.36187,84.78371,90,0,233,,1,27.08778,26.47879,23.02867
1785210934,26.36187,84.54871,90,0,233,,1,27.08778,26.37719,23.06253
1785210935,26.30312,84.53193,90,0,233,,1,27.25711,26.41106,23.06253
1785210935,26.37522,84.56245,90,0,233,,1,27.12165,26.44473,22.96113
1785210936,26.34585,84.44953,90,0,233,,1,27.15551,26.44473,23.02867
1785210937,26.38857,84.35798,90,0,233,,1,27.18938,26.37719,23.02867
1785210937,26.38857,84.40223,90,0,233,,1,27.18938,26.34333,23.16393
1785210938,26.37522,84.35645,90,0,233,,1,27.08778,26.24193,22.96113
1785210939,26.33249,84.53956,90,0,233,,1,27.18938,26.37719,22.96113
1785210939,26.26307,84.67689,90,0,233,,1,27.08778,26.47879,23.02867
1785210940,26.36187,85.0843,90,0,233,,1,27.12165,26.47879,23.02867
1785210941,26.50072,85.4963,90,0,233,,1,27.18938,26.44473,23.02867
1785210941,26.38857,85.72213,90,0,233,,1,27.02005,26.47879,22.9948
1785210942,26.458,85.92813,90,0,233,,1,27.08778,26.41106,22.9948
1785210943,26.4313,86.26078,90,0,233,,1,27.18938,26.44473,22.96113
1785210943,26.40192,86.44999,90,0,233,,1,27.18938,26.30946,22.96113
1785210944,26.4313,86.5919,90,0,233,,1,27.15551,26.44473,23.06253
1785210945,26.36187,86.64225,90,0,233,,1,27.18938,26.44473,22.85974
1785210945,26.37522,86.38895,90,0,233,,1,26.98638,26.30946,22.9948
1785210946,26.37522,86.4622,90,0,233,,1,27.12165,26.27559,22.96113
1785210947,26.36187,86.28367,90,0,233,,1,27.22325,26.47879,23.02867
1785210948,26.34585,86.12344,90,0,233,,1,27.18938,26.37719,22.96113
1785210948,26.41794,86.04105,90,0,233,,1,27.15551,26.34333,22.8934
1785210949,26.26307,85.7496,90,0,233,,1,27.18938,26.44473,23.0962
1785210950,26.38857,85.7847,90,0,233,,1,27.18938,26.37719,22.9948
1785210950,26.26307,85.45052,90,0,233,,1,27.15551,26.37719,22.96113
1785210951,26.31914,85.38186,90,0,233,,1,27.12165,26.37719,23.13006
1785210952,26.44465,85.34524,90,0,233,,1,27.22325,26.34333,22.9948
1785210952,26.40192,85.23994,90,0,233,,1,27.18938,26.41106,23.02867
1785210953,26.458,85.16365,90,0,233,,1,27.08778,26.41106,22.9948
1785210954,26.34585,85.23537,90,0,233,,1,27.08778,26.41106,23.06253
1785210954,26.37522,85.05836,90,0,233,,1,27.05412,26.30946,22.92727
1785210955,26.33249,84.9424,90,0,233,,1,27.12165,26.34333,23.02867
1785210956,26.41794,84.92409,90,0,233,,1,27.08778,26.44473,22.9948
1785210956,26.38857,84.96681,90,0,233,,1,27.22325,26.37719,23.02867
1785210957,26.37522,84.89357,90,0,233,,1,27.08778,26.44473,22.9948
1785210958,26.41794,84.76082,90,0,233,,1,27.25711,26.34333,22.92727
1785210958,26.37522,84.80049,90,0,233,,1,27.18938,26.37719,22.96113
1785210959,26.37522,84.59449,90,0,233,,1,27.18938,26.37719,23.13006
1785210960,26.38857,84.55482,90,0,233,,1,27.12165,26.37719,22.92727
1785210960,26.38857,84.53498,90,0,233,,1,27.22325,26.34333,23.02867
1785210961,26.30312,84.43885,90,0,233,,1,27.08778,26.51246,23.06253
1785210962,26.4313,84.38087,90,0,233,,1,27.18938,26.51246,23.06253
1785210963,26.31914,84.26948,90,0,233,,1,27.15551,26.41106,22.96113
1785210963,26.37522,84.27406,90,0,233,,1,27.15551,26.37719,22.96113
1785210964,26.37522,84.05585,90,0,233,,1,27.12165,26.34333,22.9948
1785210965,26.44465,84.1886,90,0,233,,1,27.15551,26.44473,23.06253
1785210965,26.44465,84.02228,90,0,233,,1,27.05412,26.27559,23.02867
1785210966,26.26307,83.84985,90,0,233,,1,27.05412,26.41106,23.06253
1785210967,26.37522,83.85901,90,0,233,,1,27.08778,26.47879,22.92727
1785210967,26.36187,83.85443,90,0,233,,1,27.18938,26.37719,23.06253
1785210968,26.4313,83.85443,90,0,233,,1,27.22325,26.37719,22.9948
1785210969,26.37522,83.74761,90,0,233,,1,27.12165,26.41106,22.9948
1785210969,26.36187,83.76288,90,0,233,,1,27.22325,26.58019,23.02867
1785210970,26.48737,83.77661,90,0,233,,1,27.22325,26.44473,22.9948
1785210971,26.37522,83.71557,90,0,233,,1,27.12165,26.47879,23.06253
1785210971,26.34585,83.8407,90,0,233,,1,27.08778,26.44473,23.02867
1785210972,26.37522,83.77661,90,0,233,,1,27.18938,26.41106,22.9948
1785210973,26.4313,83.77203,90,0,233,,1,27.22325,26.34333,22.96113
1785210973,26.27642,83.77203,90,0,234,,1,27.15551,26.37719,22.9948
1785210974,26.38857,83.83459,90,0,233,,1,27.05412,26.34333,22.96113
1785210975,26.38857,83.74914,90,0,233,,1,27.25711,26.37719,22.96113
1785210975,26.36187,83.78424,90,0,233,,1,27.12165,26.44473,23.06253
1785210976,26.40192,83.78424,90,0,233,,1,27.08778,26.30946,22.96113
1785210977,26.40192,83.80713,90,0,233,,1,27.15551,26.37719,22.92727
1785210977,26.34585,83.72625,90,0,233,,1,27.05412,26.41106,22.96113
1785210978,26.34585,83.83002,90,0,233,,1,27.08778,26.47879,23.02867
1785210979,26.4313,83.70794,90,0,233,,1,27.12165,26.34333,22.96113
1785210979,26.40192,83.66064,90,0,233,,1,27.18938,26.41106,23.06253
1785210980,26.458,83.79034,90,0,233,,1,27.02005,26.44473,22.92727
1785210981,26.36187,83.67132,90,0,233,,1,27.08778,26.41106,23.06253
1785210982,26.38857,83.56451,90,0,233,,1,27.12165,26.27559,22.96113
1785210982,26.37522,83.62402,90,0,233,,1,27.22325,26.47879,23.0962
1785210983,26.34585,83.65606,90,0,233,,1,27.15551,26.41106,22.9948
1785210984,26.40192,83.57824,90,0,234,,1,27.05412,26.37719,23.06253
1785210984,26.34585,83.61486,90,0,233,,1,27.05412,26.34333,22.92727
1785210985,26.48737,83.60113,90,0,233,,1,27.08778,26.41106,22.96113
1785210986,26.44465,83.48669,90,0,233,,1,27.12165,26.30946,22.96113
1785210986,26.34585,83.53246,90,0,233,,1,27.08778,26.34333,22.9948
1785210987,26.40192,83.40124,90,0,233,,1,27.12165,26.41106,22.9948
1785210988,26.34585,83.37682,90,0,233,,1,27.08778,26.34333,23.02867
1785210988,26.40192,83.39208,90,0,233,,1,27.22325,26.37719,22.9948
1785210989,26.36187,83.45464,90,0,233,,1,27.29098,26.44473,23.02867
1785210990,26.37522,83.45617,90,0,233,,1,27.12165,26.41106,22.96113
1785210990,26.37522,83.52941,90,0,233,,1,27.12165,26.27559,22.96113
1785210991,26.40192,83.61028,90,0,233,,1,27.18938,26.30946,22.9948
1785210992,26.41794,83.66521,90,0,233,,1,27.08778,26.44473,22.9948
1785210992,26.44465,83.68353,90,0,234,,1,27.18938,26.54632,23.02867
1785210993,26.4313,83.90479,90,0,233,,1,27.08778,26.47879,22.9948
1785210994,26.41794,84.04669,90,0,233,,1,27.15551,26.44473,23.06253
1785210994,26.458,84.31678,90,0,233,,1,27.12165,26.44473,23.02867
1785210995,26.44465,84.67384,90,0,233,,1,27.08778,26.37719,22.92727
1785210996,26.44465,84.95308,90,0,233,,1,27.18938,26.44473,22.9948
1785210996,26.458,85.16365,90,0,233,,1,27.08778,26.44473,23.06253
1785210997,26.40192,85.18959,90,0,233,,1,27.02005,26.30946,22.9948
1785210998,26.38857,85.29946,90,0,233,,1,27.15551,26.27559,23.02867
1785210999,26.40192,85.29183,90,0,233,,1,27.08778,26.30946,23.0962
1785210999,26.30312,85.10872,90,0,233,,1,27.05412,26.37719,23.02867
1785211000,26.38857,85.24605,90,0,233,,1,27.12165,26.34333,23.02867
1785211001,26.37522,85.16212,90,0,233,,1,27.15551,26.30946,22.96113
1785211001,26.40192,85.00343,90,0,233,,1,27.15551,26.51246,23.06253
1785211002,26.30312,84.93324,90,0,233,,1,27.15551,26.47879,22.8934
1785211003,26.34585,84.81117,90,0,233,,1,27.22325,26.37719,22.8934
1785211003,26.38857,84.87526,90,0,233,,1,27.18938,26.34333,23.02867
1785211004,26.33249,84.92104,90,0,233,,1,27.15551,26.37719,23.02867
1785211005,26.4313,85.07515,90,0,233,,1,27.18938,26.34333,22.9948
1785211005,26.47402,85.01259,90,0,233,,1,27.05412,26.34333,23.02867
1785211006,26.44465,85.25063,90,0,233,,1,27.12165,26.54632,23.06253
1785211007,26.30312,85.40932,90,0,233,,1,27.08778,26.44473,23.06253
1785211007,26.41794,85.37881,90,0,233,,1,27.22325,26.47879,22.8934
1785211008,26.41794,85.51461,90,0,233,,1,27.15551,26.24193,23.0962
1785211009,26.44465,85.43832,90,0,233,,1,27.05412,26.44473,23.06253
1785211009,26.44465,85.46883,90,0,233,,1,27.18938,26.41106,22.9948
1785211010,26.38857,85.42306,90,0,233,,1,27.15551,26.44473,22.9948
1785211011,26.40192,85.34524,90,0,233,,1,27.08778,26.37719,23.0962
1785211011,26.44465,85.33608,90,0,233,,1,27.08778,26.44473,22.9948
1785211012,26.40192,85.48867,90,0,233,,1,27.12165,26.41106,22.9948
1785211013,26.40192,85.31319,90,0,233,,1,27.08778,26.37719,23.06253
1785211013,26.458,85.34982,90,0,233,,1,27.12165,26.34333,22.82587
1785211014,26.38857,85.44289,90,0,233,,1,27.08778,26.34333,23.02867
1785211015,26.47402,85.47799,90,0,233,,1,27.12165,26.37719,22.96113
1785211015,26.44465,85.56191,90,0,233,,1,27.08778,26.41106,23.02867
1785211016,26.44465,85.61532,90,0,233,,1,27.15551,26.41106,22.9948
1785211017,26.37522,85.45968,90,0,233,,1,27.22325,26.34333,22.96113
1785211018,26.34585,85.5436,90,0,233,,1,27.08778,26.44473,22.85974
1785211018,26.33249,85.50088,90,0,233,,1,27.18938,26.34333,22.96113
1785211019,26.34585,85.51461,90,0,233,,1,27.18938,26.37719,23.13006
1785211020,26.41794,85.32845,90,0,233,,1,27.12165,26.41106,22.9948
1785211020,26.458,85.25521,90,0,233,,1,27.12165,26.41106,23.06253
1785211021,26.34585,85.13161,90,0,233,,1,27.12165,26.37719,23.02867
1785211022,26.26307,85.05684,90,0,233,,1,27.18938,26.51246,23.02867
1785211022,26.27642,84.88441,90,0,234,,1,27.02005,26.44473,23.02867
1785211023,26.28977,84.72419,90,0,233,,1,27.08778,26.37719,22.9948
1785211024,26.38857,84.66926,90,0,233,,1,27.15551,26.37719,23.13006
1785211024,26.30312,84.39765,90,0,233,,1,27.08778,26.34333,23.0962
1785211025,26.36187,84.39307,90,0,233,,1,27.08778,26.47879,23.02867
1785211026,26.31914,84.34882,90,0,233,,1,27.15551,26.34333,23.02867
1785211026,26.36187,84.19623,90,0,233,,1,27.08778,26.51246,23.0962
1785211027,26.37522,84.09705,90,0,233,,1,27.15551,26.37719,23.13006
1785211028,26.38857,84.04974,90,0,233,,1,27.22325,26.37719,22.9948
1785211028,26.28977,83.88953,90,0,233,,1,27.15551,26.37719,23.02867
1785211029,26.34585,83.69726,90,0,233,,1,27.15551,26.30946,22.96113
1785211030,26.458,83.86206,90,0,233,,1,27.22325,26.44473,23.02867
1785211030,26.44465,83.77509,90,0,233,,1,27.02005,26.47879,23.13006
1785211031,26.37522,83.82086,90,0,233,,1,27.02005,26.30946,23.02867
1785211032,26.34585,83.77051,90,0,233,,1,27.12165,26.30946,22.96113
1785211033,26.36187,83.68963,90,0,234,,1,27.12165,26.41106,22.9948
1785211033,26.36187,83.70184,90,0,233,,1,27.15551,26.47879,22.9948
1785211034,26.33249,83.69268,90,0,233,,1,27.18938,26.34333,22.96113
1785211035,26.40192,83.63012,90,0,233,,1,27.08778,26.41106,23.02867
1785211035,26.36187,83.57824,90,0,233,,1,27.18938,26.37719,23.02867
1785211036,26.34585,83.61486,90,0,233,,1,27.08778,26.37719,22.9948
1785211037,26.34585,83.60571,90,0,233,,1,27.15551,26.37719,23.06253
1785211037,26.37522,83.61181,90,0,233,,1,27.25711,26.34333,23.02867
1785211038,26.34585,83.58282,90,0,233,,1,27.05412,26.44473,23.06253
1785211039,26.47402,83.68047,90,0,233,,1,27.02005,26.44473,22.9948
1785211039,26.36187,83.57824,90,0,233,,1,27.15551,26.30946,23.02867
1785211040,26.40192,83.63012,90,0,233,,1,27.08778,26.34333,23.02867
1785211041,26.38857,83.88495,90,0,233,,1,27.22325,26.41106,23.06253
1785211041,26.37522,83.93225,90,0,233,,1,27.12165,26.51246,23.0962
1785211042,26.34585,84.02686,90,0,233,,1,27.25711,26.41106,22.92727
1785211043,26.36187,84.26948,90,0,233,,1,27.12165,26.41106,22.8934
1785211043,26.41794,84.47089,90,0,234,,1,27.08778,26.41106,22.9948
1785211044,26.47402,84.68147,90,0,233,,1,27.22325,26.51246,23.02867
1785211045,26.458,84.88441,90,0,233,,1,27.18938,26.34333,22.96113
1785211045,26.47402,85.18959,90,0,233,,1,27.08778,26.51246,22.9948
1785211046,26.41794,85.19417,90,0,233,,1,27.15551,26.47879,22.9948
1785211047,26.38857,85.35134,90,0,233,,1,27.15551,26.34333,22.96113
1785211047,26.40192,85.42764,90,0,233,,1,27.12165,26.37719,23.02867
1785211048,26.40192,85.41543,90,0,233,,1,27.02005,26.27559,22.9948
1785211049,26.34585,85.40017,90,0,233,,1,27.12165,26.47879,23.02867
1785211049,26.31914,85.42306,90,0,233,,1,27.25711,26.47879,23.06253
1785211050,26.41794,85.32845,90,0,233,,1,27.08778,26.41106,22.96113
1785211051,26.36187,85.28115,90,0,233,,1,27.12165,26.30946,22.92727
1785211052,26.44465,85.14839,90,0,233,,1,27.18938,26.34333,23.02867
1785211052,26.44465,85.31472,90,0,233,,1,27.12165,26.34333,23.02867
1785211053,26.34585,85.15297,90,0,233,,1,27.15551,26.34333,22.92727
1785211054,26.44465,85.0248,90,0,234,,1,27.18938,26.44473,22.9948
1785211054,26.37522,85.02632,90,0,233,,1,27.08778,26.47879,23.02867
1785211055,26.37522,85.11787,90,0,233,,1,27.12165,26.37719,22.96113
1785211056,26.44465,85.12703,90,0,233,,1,27.18938,26.37719,22.9948
1785211056,26.34585,85.07057,90,0,233,,1,27.12165,26.41106,23.02867
1785211057,26.40192,84.97139,90,0,233,,1,27.22325,26.30946,22.9948
1785211058,26.37522,84.88289,90,0,233,,1,27.15551,26.41106,22.96113
1785211058,26.38857,84.89662,90,0,233,,1,27.25711,26.37719,22.96113
1785211059,26.40192,84.86,90,0,233,,1,27.15551,26.44473,22.9948
1785211060,26.44465,84.7776,90,0,233,,1,26.95252,26.51246,22.92727
1785211060,26.37522,84.68604,90,0,233,,1,27.15551,26.41106,22.9948
1785211061,26.38857,84.60822,90,0,233,,1,27.12165,26.37719,22.92727
1785211062,26.38857,84.63721,90,0,233,,1,27.18938,26.37719,22.96113
1785211062,26.4313,84.53651,90,0,233,,1,27.25711,26.37719,23.02867
1785211063,26.41794,84.37629,90,0,233,,1,27.05412,26.44473,22.9948
1785211064,26.30312,84.32441,90,0,234,,1,27.18938,26.44473,22.9948
1785211064,26.38857,84.31678,90,0,233,,1,27.12165,26.37719,22.96113
1785211065,26.37522,84.33509,90,0,233,,1,27.22325,26.34333,22.92727
1785211066,26.37522,84.20081,90,0,233,,1,27.15551,26.41106,22.9948
1785211066,26.33249,84.25116,90,0,233,,1,27.12165,26.44473,22.9948
1785211067,26.38857,84.35798,90,0,233,,1,27.08778,26.44473,22.9948
1785211068,26.30312,84.21149,90,0,233,,1,27.15551,26.47879,22.96113
1785211069,26.30312,84.12756,90,0,233,,1,27.18938,26.47879,23.02867
1785211069,26.34585,84.27558,90,0,233,,1,27.08778,26.51246,22.92727
1785211070,26.34585,84.24353,90,0,233,,1,27.22325,26.34333,23.06253
1785211071,26.36187,84.18707,90,0,233,,1,27.18938,26.44473,22.96113
1785211071,26.27642,84.1413,90,0,233,,1,27.08778,26.30946,22.9948
1785211072,26.37522,84.13824,90,0,233,,1,27.15551,26.44473,22.85974
1785211073,26.4313,84.10162,90,0,233,,1,27.05412,26.34333,22.9948
1785211073,26.44465,84.1062,90,0,233,,1,27.15551,26.44473,22.96113
1785211074,26.40192,84.08331,90,0,233,,1,27.18938,26.44473,22.96113
1785211075,26.33249,83.99176,90,0,233,,1,27.18938,26.41106,23.02867
1785211075,26.34585,83.98566,90,0,233,,1,26.98638,26.37719,22.96113
1785211076,26.37522,84.07721,90,0,233,,1,27.15551,26.41106,22.9948
1785211077,26.28977,84.20691,90,0,233,,1,27.05412,26.41106,23.06253
1785211077,26.40192,84.271,90,0,233,,1,27.18938,26.34333,22.9948
1785211078,26.40192,84.34272,90,0,233,,1,27.12165,26.41106,23.13006
1785211079,26.34585,84.31525,90,0,233,,1,27.22325,26.24193,22.96113
1785211079,26.4313,84.38087,90,0,233,,1,27.22325,26.44473,22.96113
1785211080,26.5301,84.54414,90,0,233,,1,27.12165,26.41106,23.0962
1785211081,26.37522,84.48005,90,0,233,,1,27.15551,26.51246,23.06253
1785211081,26.44465,84.67384,90,0,233,,1,27.22325,26.37719,23.06253
1785211082,26.38857,84.65858,90,0,233,,1,27.22325,26.30946,22.92727
1785211083,26.41794,84.83253,90,0,233,,1,27.12165,26.37719,23.06253
1785211083,26.40192,84.80659,90,0,234,,1,27.15551,26.37719,22.9948
1785211084,26.30312,84.88289,90,0,233,,1,27.12165,26.47879,23.02867
1785211085,26.37522,84.88289,90,0,233,,1,27.08778,26.34333,23.06253
1785211086,26.28977,85.05379,90,0,233,,1,27.15551,26.41106,22.9948
1785211086,26.41794,85.08888,90,0,233,,1,27.12165,26.30946,22.9948
1785211087,26.44465,85.28268,90,0,233,,1,27.12165,26.44473,22.9948
1785211088,26.4313,85.52834,90,0,233,,1,27.15551,26.44473,22.92727
1785211088,26.37522,85.43832,90,0,233,,1,27.15551,26.37719,22.96113
1785211089,26.40192,85.51003,90,0,233,,1,27.08778,26.47879,22.9948
1785211090,26.37522,85.32693,90,0,233,,1,27.12165,26.34333,22.8934
1785211090,26.38857,85.2781,90,0,233,,1,27.18938,26.37719,22.85974
1785211091,26.4313,84.92867,90,0,233,,1,27.18938,26.51246,23.02867
1785211092,26.38857,84.92561,90,0,233,,1,27.08778,26.37719,23.02867
1785211092,26.34585,84.75929,90,0,233,,1,27.15551,26.41106,22.9948
1785211093,26.4313,84.64027,90,0,233,,1,27.12165,26.30946,22.96113
1785211094,26.40192,84.49531,90,0,233,,1,27.15551,26.34333,22.9948
1785211094,26.33249,84.30152,90,0,233,,1,27.08778,26.41106,22.92727
1785211095,26.30312,84.31525,90,0,233,,1,27.05412,26.47879,22.9948
1785211096,26.33249,84.19775,90,0,233,,1,27.18938,26.37719,22.96113
1785211096,26.26307,84.15961,90,0,233,,1,27.08778,26.37719,23.06253
1785211097,26.36187,84.18707,90,0,233,,1,27.12165,26.47879,23.02867
1785211098,26.34585,84.0589,90,0,233,,1,27.08778,26.30946,22.9948
1785211098,26.37522,84.07721,90,0,233,,1,27.22325,26.41106,22.96113
1785211099,26.34585,84.04669,90,0,233,,1,27.18938,26.44473,23.06253
1785211100,26.40192,83.93073,90,0,233,,1,27.05412,26.27559,22.8934
1785211100,26.40192,83.95972,90,0,233,,1,27.05412,26.47879,23.06253
1785211101,26.36187,83.80408,90,0,233,,1,27.18938,26.41106,22.96113
1785211102,26.30312,83.78882,90,0,233,,1,27.18938,26.30946,23.02867
1785211103,26.38857,83.83459,90,0,233,,1,27.25711,26.47879,23.06253
1785211103,26.38857,83.69726,90,0,233,,1,27.15551,26.37719,22.92727
1785211104,26.33249,83.62096,90,0,234,,1,27.12165,26.41106,22.92727
1785211105,26.26307,83.62402,90,0,233,,1,27.15551,26.30946,23.06253
1785211105,26.27642,83.56451,90,0,233,,1,27.18938,26.37719,22.8934
1785211106,26.34585,83.65606,90,0,233,,1,27.22325,26.51246,22.96113
1785211107,26.37522,83.53857,90,0,233,,1,27.29098,26.41106,22.96113
1785211107,26.34585,83.6469,90,0,233,,1,27.22325,26.34333,22.96113
1785211108,26.37522,83.48821,90,0,233,,1,27.08778,26.37719,22.9948
1785211109,26.40192,83.49584,90,0,233,,1,27.12165,26.47879,22.9948
1785211109,26.33249,83.45617,90,0,233,,1,27.18938,26.41106,23.02867
1785211110,26.37522,83.35546,90,0,233,,1,27.02005,26.51246,23.02867
1785211111,26.30312,83.36462,90,0,233,,1,27.15551,26.51246,22.9948
1785211111,26.40192,83.33105,90,0,233,,1,27.12165,26.41106,22.9948
1785211112,26.37522,83.42718,90,0,233,,1,27.22325,26.37719,22.9948
1785211113,26.41794,83.33562,90,0,233,,1,27.15551,26.37719,22.9948
1785211113,26.458,83.30358,90,0,234,,1,27.05412,26.37719,22.92727
1785211114,26.36187,83.24559,90,0,233,,1,27.18938,26.47879,22.9948
1785211115,26.36187,83.19524,90,0,233,,1,27.15551,26.41106,22.96113
1785211115,26.458,83.24101,90,0,233,,1,27.08778,26.44473,23.02867
1785211116,26.33249,83.25933,90,0,233,,1,27.18938,26.37719,22.96113
1785211117,26.38857,83.1403,90,0,233,,1,27.08778,26.37719,22.96113
1785211117,26.31914,83.18456,90,0,233,,1,27.22325,26.47879,22.96113
1785211118,26.40192,83.33105,90,0,233,,1,27.15551,26.41106,22.92727
1785211119,26.30312,83.19066,90,0,233,,1,27.15551,26.37719,22.9948
1785211119,26.36187,83.093,90,0,233,,1,27.22325,26.34333,23.0962
1785211120,26.37522,83.08537,90,0,233,,1,27.15551,26.41106,22.92727
1785211121,26.38857,83.12962,90,0,233,,1,27.25711,26.30946,23.06253
1785211122,26.31914,83.05791,90,0,233,,1,27.22325,26.51246,22.96113
1785211122,26.33249,83.13573,90,0,234,,1,27.08778,26.34333,23.02867
1785211123,26.44465,83.12505,90,0,233,,1,27.12165,26.37719,23.06253
1785211124,26.40192,82.9572,90,0,233,,1,27.15551,26.37719,22.96113
1785211124,26.31914,83.0808,90,0,233,,1,27.12165,26.30946,23.0962
1785211125,26.34585,82.99382,90,0,234,,1,27.08778,26.37719,22.9948
1785211126,26.37522,82.98314,90,0,233,,1,27.15551,26.44473,23.02867
1785211126,26.36187,82.97856,90,0,233,,1,27.08778,26.24193,22.96113
1785211127,26.34585,83.12962,90,0,233,,1,27.18938,26.37719,22.9948
1785211128,26.47402,83.08995,90,0,233,,1,27.08778,26.44473,22.8934
1785211128,26.34585,82.98466,90,0,233,,1,27.12165,26.37719,23.02867
1785211129,26.4313,83.08995,90,0,233,,1,27.05412,26.27559,23.02867
1785211130,26.4313,83.21355,90,0,233,,1,27.15551,26.37719,22.9948
1785211130,26.38857,83.32647,90,0,233,,1,27.18938,26.37719,23.0962
1785211131,26.38857,83.32647,90,0,233,,1,27.15551,26.44473,22.92727
1785211132,26.38857,83.51415,90,0,233,,1,27.22325,26.41106,22.9948
1785211132,26.34585,83.70641,90,0,233,,1,27.08778,26.37719,22.9948
1785211133,26.38857,83.86359,90,0,233,,1,27.15551,26.44473,23.02867
1785211134,26.4313,84.14587,90,0,233,,1,27.05412,26.41106,22.92727
1785211134,26.458,84.29694,90,0,233,,1,27.05412,26.30946,23.02867
1785211135,26.37522,84.48005,90,0,233,,1,27.22325,26.51246,23.06253
1785211136,26.40192,84.6128,90,0,233,,1,27.15551,26.44473,23.0962
1785211136,26.41794,84.92409,90,0,233,,1,27.08778,26.34333,23.02867
1785211137,26.4313,84.92867,90,0,233,,1,27.15551,26.34333,22.9948
1785211138,26.34585,85.09041,90,0,233,,1,27.25711,26.47879,23.06253
1785211139,26.36187,85.13618,90,0,233,,1,27.02005,26.41106,23.02867
1785211139,26.41794,85.29641,90,0,233,,1,27.15551,26.37719,23.06253
1785211140,26.36187,85.32235,90,0,233,,1,27.05412,26.41106,22.9948
1785211141,26.458,85.38186,90,0,233,,1,27.15551,26.34333,22.96113
1785211141,26.36187,85.25979,90,0,233,,1,27.18938,26.37719,23.02867
1785211142,26.37522,85.42916,90,0,233,,1,27.08778,26.47879,23.0962
1785211143,26.31914,85.1545,90,0,233,,1,27.18938,26.34333,22.85974
1785211143,26.4313,85.18654,90,0,233,,1,27.18938,26.41106,22.9948
1785211144,26.36187,85.03395,90,0,233,,1,27.15551,26.51246,23.0962
1785211145,26.33249,84.85085,90,0,233,,1,27.18938,26.44473,22.9948
1785211145,26.36187,84.78371,90,0,233,,1,27.08778,26.41106,23.13006
1785211146,26.41794,84.67689,90,0,233,,1,27.05412,26.37719,22.9948
1785211147,26.47402,84.60975,90,0,233,,1,27.02005,26.44473,22.96113
1785211147,26.37522,84.48005,90,0,233,,1,27.18938,26.44473,23.02867
1785211148,26.26307,84.4358,90,0,233,,1,27.12165,26.37719,22.9948
1785211149,26.36187,84.28016,90,0,233,,1,27.15551,26.30946,22.8934
1785211149,26.44465,84.2298,90,0,233,,1,27.12165,26.37719,23.02867
1785211150,26.458,84.2649,90,0,233,,1,27.12165,26.41106,23.02867
1785211151,26.37522,84.16876,90,0,233,,1,27.15551,26.30946,22.92727
1785211151,26.41794,84.27558,90,0,233,,1,27.12165,26.34333,22.9948
1785211152,26.33249,84.11841,90,0,233,,1,27.18938,26.34333,22.9948
1785211153,26.40192,84.05432,90,0,233,,1,27.25711,26.47879,22.96113
1785211153,26.28977,84.03296,90,0,233,,1,27.08778,26.20786,22.96113
1785211154,26.458,84.06805,90,0,233,,1,27.08778,26.44473,22.96113
1785211155,26.37522,84.00397,90,0,233,,1,27.18938,26.34333,22.96113
1785211156,26.40192,83.93988,90,0,233,,1,27.08778,26.47879,22.9948
1785211156,26.4313,83.92767,90,0,233,,1,27.05412,26.44473,23.06253
1785211157,26.33249,83.82697,90,0,233,,1,27.15551,26.41106,23.06253
1785211158,26.458,83.76746,90,0,233,,1,27.08778,26.44473,23.0962
1785211158,26.37522,83.79797,90,0,233,,1,27.08778,26.37719,22.96113
1785211159,26.34585,83.81171,90,0,233,,1,27.22325,26.41106,22.9948
1785211160,26.4313,83.82544,90,0,233,,1,27.05412,26.37719,22.9948
1785211160,26.28977,83.63012,90,0,233,,1,27.18938,26.41106,22.9948
1785211161,26.458,83.77966,90,0,233,,1,27.12165,26.37719,22.96113
1785211162,26.33249,83.63317,90,0,233,,1,27.15551,26.30946,23.02867
1785211162,26.41794,83.60265,90,0,234,,1,27.08778,26.47879,22.92727
1785211163,26.34585,83.57366,90,0,233,,1,27.18938,26.47879,22.9948
1785211164,26.34585,83.72625,90,0,233,,1,27.12165,26.37719,23.06253
1785211164,26.36187,83.57824,90,0,233,,1,27.25711,26.34333,22.96113
1785211165,26.50072,83.70794,90,0,233,,1,27.15551,26.41106,22.9948
1785211166,26.31914,83.58739,90,0,233,,1,27.08778,26.34333,23.02867
1785211166,26.33249,83.68353,90,0,233,,1,27.15551,26.47879,22.9948
1785211167,26.40192,83.77509,90,0,233,,1,27.08778,26.34333,22.96113
1785211168,26.33249,83.67132,90,0,233,,1,27.25711,26.47879,23.02867
1785211168,26.36187,83.87579,90,0,233,,1,27.12165,26.37719,23.06253
1785211169,26.41794,84.02686,90,0,233,,1,27.08778,26.27559,22.92727
1785211170,26.458,84.27558,90,0,233,,1,27.05412,26.41106,23.16393
1785211170,26.4313,84.25727,90,0,233,,1,27.22325,26.41106,23.02867
1785211171,26.4313,84.46632,90,0,233,,1,27.12165,26.44473,23.06253
1785211172,26.31914,84.33967,90,0,233,,1,27.15551,26.34333,23.0962
1785211173,26.36187,84.46326,90,0,234,,1,27.05412,26.34333,23.13006
1785211173,26.34585,84.43122,90,0,233,,1,27.15551,26.34333,23.02867
1785211174,26.31914,84.37171,90,0,233,,1,27.22325,26.34333,23.02867
1785211175,26.458,84.33509,90,0,233,,1,27.18938,26.41106,23.02867
1785211175,26.36187,84.31068,90,0,233,,1,27.22325,26.54632,23.02867
1785211176,26.37522,84.12909,90,0,233,,1,27.12165,26.37719,23.02867
1785211177,26.44465,84.34272,90,0,233,,1,27.12165,26.41106,22.9948
1785211177,26.41794,84.48005,90,0,233,,1,27.15551,26.37719,22.9948
1785211178,26.37522,84.66468,90,0,233,,1,27.02005,26.37719,23.02867
1785211179,26.40192,84.63111,90,0,233,,1,27.05412,26.41106,22.9948
1785211179,26.40192,84.56855,90,0,233,,1,27.12165,26.44473,22.9948
1785211180,26.37522,84.52125,90,0,233,,1,27.12165,26.37719,23.02867
1785211181,26.27642,84.54566,90,0,233,,1,27.12165,26.41106,23.06253
1785211181,26.34585,84.58533,90,0,233,,1,27.08778,26.37719,23.02867
1785211182,26.44465,84.53956,90,0,233,,1,27.12165,26.41106,23.06253
1785211183,26.40192,84.53956,90,0,233,,1,27.05412,26.44473,22.9948
1785211183,26.47402,84.65095,90,0,233,,1,27.15551,26.37719,22.8934
1785211184,26.28977,84.50751,90,0,233,,1,27.15551,26.41106,22.92727
1785211185,26.36187,84.50751,90,0,233,,1,27.15551,26.37719,22.9948
1785211185,26.41794,84.42054,90,0,233,,1,27.15551,26.44473,23.0962
1785211186,26.38857,84.45258,90,0,233,,1,26.98638,26.27559,23.06253
1785211187,26.44465,84.3534,90,0,233,,1,27.15551,26.54632,23.02867
1785211187,26.40192,84.3946,90,0,233,,1,27.18938,26.47879,23.06253
1785211188,26.38857,84.26643,90,0,233,,1,27.05412,26.58019,23.02867
1785211189,26.38857,84.28779,90,0,233,,1,27.22325,26.30946,22.9948
1785211189,26.44465,84.1886,90,0,233,,1,27.18938,26.34333,23.06253
1785211190,26.41794,84.15198,90,0,233,,1,27.22325,26.24193,22.9948
1785211191,26.40192,84.07416,90,0,233,,1,27.08778,26.37719,22.9948
1785211192,26.30312,84.1001,90,0,233,,1,27.22325,26.44473,22.96113
1785211192,26.36187,84.04211,90,0,234,,1,27.25711,26.27559,23.06253
1785211193,26.458,84.04669,90,0,233,,1,27.12165,26.44473,23.02867
1785211194,26.40192,84.07416,90,0,233,,1,27.32484,26.37719,23.02867
1785211194,26.31914,84.09247,90,0,233,,1,27.02005,26.41106,23.02867
1785211195,26.50072,84.20233,90,0,233,,1,27.22325,26.54632,23.06253
1785211196,26.31914,84.07263,90,0,233,,1,27.08778,26.47879,22.9948
1785211196,26.41794,84.15961,90,0,233,,1,27.15551,26.27559,23.0962
1785211197,26.37522,84.1886,90,0,233,,1,27.08778,26.37719,22.9948
1785211198,26.38857,84.27863,90,0,233,,1,27.08778,26.44473,22.92727
1785211198,26.41794,84.15961,90,0,233,,1,27.08778,26.41106,22.9948
1785211199,26.4313,84.26948,90,0,233,,1,27.08778,26.44473,22.96113
1785211200,26.4313,84.23743,90,0,233,,1,27.08778,26.41106,22.9948
1785211200,26.28977,84.21912,90,0,233,,1,27.15551,26.47879,22.9948
1785211201,26.38857,83.97803,90,0,233,,1,27.15551,26.44473,22.9948
1785211202,26.38857,84.13214,90,0,233,,1,27.15551,26.37719,22.96113
1785211202,26.31914,84.06042,90,0,234,,1,27.02005,26.47879,23.0962
