TS,Tamb,Hamb,DirVento,VelVento,NivelAgua,NivelAguaC,radSolar,Ttanque1,Ttanque2,Ttanque3
1787194800,27.76379,76.41413,295,0,,,,29.18709,29.76281,25.02375
1787194800,27.76379,76.38209,295,0,,,,29.32255,29.93214,25.15922
1787194801,27.81987,76.26002,295,0,,,,29.22095,29.93214,24.99009
1787194802,27.81987,76.36378,295,0,,,,29.22095,29.96601,25.02375
1787194802,27.83322,76.45075,295,0,,,,29.32255,29.86441,25.12535
1787194803,27.74777,76.33631,295,0,,,,29.18709,29.83055,25.22675
1787194804,27.94537,76.32258,295,0,,,,29.25482,29.86441,25.15922
1787194804,27.81987,76.29206,296,0,,,,29.18709,29.89848,25.15922
1787194805,27.83322,76.34547,295,0,,,,29.22095,29.89848,25.12535
1787194806,27.8893,76.33784,296,0,,,,29.22095,29.83055,24.99009
1787194806,27.86259,76.31342,295,0,,,,29.25482,29.79668,24.92235
1787194807,27.87594,76.3653,297,0,,,,29.28868,29.86441,25.05762
1787194808,27.84657,76.26765,295,0,,,,29.18709,29.79668,25.15922
1787194808,27.79049,76.13947,295,0,,,,29.22095,29.86441,24.99009
1787194809,27.87594,76.29511,295,0,,,,29.18709,29.79668,25.02375
1787194810,27.81987,76.28138,295,0,,,,29.18709,29.96601,25.12535
1787194810,27.86259,76.33173,295,0,,,,29.25482,29.79668,25.05762
1787194811,27.79049,76.33631,295,0,,,,29.25482,29.93214,25.02375
1787194812,27.81987,76.42786,295,0,,,,29.25482,29.76281,25.09148
1787194812,27.87594,76.56519,295,0,,,,29.22095,29.72895,25.19288
1787194813,27.86259,76.51942,295,0,,,,29.18709,29.96601,25.05762
1787194814,27.8893,76.73457,295,0,,,,29.22095,29.99988,25.19288
1787194814,27.79049,76.67048,295,0,,,,29.25482,29.93214,25.02375
1787194815,27.86259,76.6247,296,0,,,,29.25482,29.99988,25.09148
1787194816,27.86259,76.72999,295,0,,,,29.22095,29.83055,25.15922
1787194816,27.83322,76.79408,296,0,,,,29.28868,29.96601,25.02375
1787194817,27.90532,76.89479,295,0,,,,29.25482,29.69508,25.22675
1787194818,27.97475,76.83681,295,0,,,,29.25482,29.79668,25.19288
1787194818,27.97475,76.88106,295,0,,,,29.25482,29.86441,25.09148
1787194819,27.79049,76.88716,295,0,,,,29.28868,29.79668,24.92235
1787194820,27.87594,76.94972,295,0,,,,29.18709,29.93214,25.05762
1787194820,27.87594,76.88716,295,0,,,,29.11935,29.99988,25.05762
1787194821,27.83322,76.9192,295,0,,,,29.28868,29.93214,25.02375
1787194822,27.86259,77.00008,295,0,,,,29.25482,29.86441,25.09148
1787194822,27.87594,76.83528,295,0,,,,29.18709,29.93214,25.12535
1787194823,27.93202,76.78645,295,0,,,,29.32255,29.86441,25.09148
1787194824,27.84657,76.66132,295,0,,,,29.25482,29.86441,24.99009
1787194824,27.90532,76.67506,295,0,,,,29.25482,29.96601,24.99009
1787194825,27.83322,76.59724,296,0,,,,29.25482,30.03395,25.12535
1787194826,27.8893,76.55756,295,0,,,,29.25482,29.72895,25.02375
1787194826,27.83322,76.3653,295,0,,,,29.22095,29.72895,25.02375
1787194827,27.93202,76.44312,296,0,,,,29.28868,29.79668,25.09148
1787194827,27.86259,76.53925,295,0,,,,29.28868,29.93214,25.02375
1787194828,27.86259,76.38361,295,0,,,,29.32255,29.86441,25.09148
1787194829,27.81987,76.4889,296,0,,,,29.28868,29.93214,25.02375
1787194829,27.83322,76.46143,295,0,,,,29.22095,29.89848,24.99009
1787194830,27.87594,76.45075,295,0,,,,29.28868,29.86441,25.05762
1787194831,27.86259,76.41566,295,0,,,,29.18709,29.69508,25.12535
1787194831,27.83322,76.47059,295,0,,,,29.25482,29.83055,24.88849
1787194832,27.76379,76.38209,295,0,,,,29.25482,29.89848,25.29448
1787194833,27.8893,76.37904,295,0,,,,29.22095,29.66121,25.12535
1787194833,27.80651,76.28748,295,0,,,,29.22095,29.86441,25.15922
1787194834,27.80651,76.36073,295,0,,,,29.22095,29.83055,25.09148
1787194835,27.81987,76.28138,296,0,,,,29.22095,29.79668,25.15922
1787194835,27.84657,76.36988,296,0,,,,29.32255,29.93214,24.99009
1787194836,27.77714,76.22797,296,0,,,,29.28868,29.93214,25.02375
1787194837,27.81987,76.31037,296,0,,,,29.18709,29.96601,25.05762
1787194837,27.74777,76.18066,295,0,,,,29.28868,29.79668,25.09148
1787194838,27.79049,76.30427,295,0,,,,29.22095,29.83055,25.19288
1787194839,27.8893,76.28748,295,0,,,,29.22095,29.86441,25.02375
1787194839,27.87594,76.35615,295,0,,,,29.22095,29.96601,25.09148
1787194840,27.79049,76.31495,295,0,,,,29.25482,29.86441,25.02375
1787194841,27.80651,76.27833,295,0,,,,29.22095,29.79668,25.12535
1787194841,27.93202,76.28748,295,0,,,,29.25482,29.93214,25.05762
1787194842,27.83322,76.33631,295,0,,,,29.22095,29.83055,25.09148
1787194843,27.76379,76.24628,295,0,,,,29.18709,29.89848,25.26061
1787194843,27.79049,76.18982,295,0,,,,29.22095,29.89848,24.95622
1787194844,27.81987,76.26002,295,0,,,,29.32255,29.83055,25.09148
1787194845,27.87594,76.11658,296,0,,,,29.28868,29.89848,25.15922
1787194845,27.83322,76.29511,296,0,,,,29.32255,29.86441,25.12535
1787194846,27.90532,76.37293,296,0,,,,29.22095,29.93214,25.19288
1787194847,27.83322,76.20966,295,0,,,,29.15322,29.83055,25.09148
1787194847,27.8893,76.32716,295,0,,,,29.22095,29.76281,25.05762
1787194848,27.8893,76.56672,295,0,,,,29.22095,29.79668,25.02375
1787194849,27.81987,76.74982,295,0,,,,29.28868,29.83055,25.02375
1787194849,27.94537,77.04128,295,0,,,,29.18709,30.03395,25.19288
1787194850,27.83322,77.02296,295,0,,,,29.32255,29.79668,25.05762
1787194851,27.79049,77.02296,295,0,,,,29.22095,29.86441,25.12535
1787194851,27.80651,77.14198,295,0,,,,29.15322,29.93214,25.02375
1787194852,27.86259,77.00008,295,0,,,,29.25482,29.79668,25.12535
1787194853,27.8893,76.98329,295,0,,,,29.18709,29.89848,25.19288
1787194853,27.79049,77.01381,295,0,,,,29.22095,29.93214,24.88849
1787194854,27.84657,76.84901,295,0,,,,29.28868,29.93214,24.85462
1787194855,27.84657,76.89174,295,0,,,,29.25482,29.96601,24.95622
1787194855,27.83322,76.82613,296,0,,,,29.25482,29.89848,25.09148
1787194856,27.87594,76.85512,296,0,,,,29.25482,29.96601,25.09148
1787194857,27.97475,76.67048,296,0,,,,29.22095,29.96601,25.05762
1787194857,27.81987,76.71778,296,0,,,,29.22095,29.96601,25.09148
1787194858,27.83322,76.67963,295,0,,,,29.18709,29.79668,25.22675
1787194859,27.81987,76.60334,295,0,,,,29.25482,29.96601,25.15922
1787194859,27.74777,76.59724,296,0,,,,29.18709,29.83055,25.05762
1787194860,27.74777,76.58808,295,0,,,,29.22095,29.96601,24.99009
1787194861,27.90532,76.75899,295,0,,,,29.25482,29.93214,25.02375
1787194861,27.90532,76.6659,295,0,,,,29.32255,30.03395,25.26061
1787194862,27.83322,76.57587,295,0,,,,29.25482,29.83055,25.26061
1787194863,27.91867,76.63844,295,0,,,,29.18709,29.96601,24.95622
1787194863,27.86259,76.45686,295,0,,,,29.18709,29.86441,24.92235
1787194864,27.83322,76.55604,295,0,,,,29.22095,29.79668,25.15922
1787194865,27.84657,76.44312,295,0,,,,29.18709,29.93214,25.05762
1787194865,27.90532,76.40498,296,0,,,,29.22095,29.86441,25.15922
1787194866,27.79049,76.42939,295,0,,,,29.22095,29.93214,25.09148
1787194867,27.79049,76.4416,296,0,,,,29.28868,29.86441,25.05762
1787194867,27.83322,76.40955,295,0,,,,29.22095,29.86441,25.05762
1787194868,27.81987,76.35157,295,0,,,,29.22095,29.93214,25.09148
1787194868,27.90532,76.53925,295,0,,,,29.25482,29.79668,25.05762
1787194869,27.86259,76.32258,295,0,,,,29.22095,29.89848,25.02375
1787194870,27.80651,76.40192,295,0,,,,29.22095,29.89848,25.12535
1787194870,27.83322,76.3241,295,0,,,,29.15322,29.89848,25.09148
1787194871,27.87594,76.38819,295,0,,,,29.25482,29.83055,24.99009
1787194872,27.84657,76.40192,295,0,,,,29.18709,29.79668,25.09148
1787194872,27.83322,76.37751,295,0,,,,29.25482,29.99988,25.05762
1787194873,27.84657,76.39124,295,0,,,,29.22095,29.76281,25.02375
1787194874,27.73175,76.31037,295,0,,,,29.22095,29.93214,25.05762
1787194874,27.91867,76.39735,295,0,,,,29.18709,29.93214,24.99009
1787194875,27.83322,76.2005,295,0,,,,29.25482,29.83055,25.05762
1787194876,27.80651,76.27833,295,0,,,,29.28868,29.86441,25.12535
1787194876,27.93202,76.43244,296,0,,,,29.22095,29.83055,25.02375
1787194877,27.80651,76.30885,296,0,,,,29.28868,29.83055,24.99009
1787194878,27.81987,76.35157,295,0,,,,29.28868,29.76281,25.09148
1787194878,27.90532,76.47822,295,0,,,,29.22095,29.79668,25.19288
1787194879,27.86259,76.36378,295,0,,,,29.25482,29.93214,25.02375
1787194880,27.84657,76.30885,295,0,,,,29.18709,30.03395,25.05762
1787194880,27.77714,76.30122,295,0,,,,29.22095,29.76281,25.12535
1787194881,27.81987,76.37446,295,0,,,,29.22095,29.83055,24.99009
1787194882,27.83322,76.28291,295,0,,,,29.22095,29.83055,25.05762
1787194882,27.86259,76.32258,295,0,,,,29.28868,29.76281,25.15922
1787194883,27.84657,76.36988,295,0,,,,29.25482,29.79668,25.22675
1787194884,27.79049,76.16846,295,0,,,,29.25482,29.79668,25.15922
1787194884,27.81987,76.20813,295,0,,,,29.32255,29.86441,24.92235
1787194885,27.80651,76.24628,296,0,,,,29.25482,29.93214,25.02375
1787194886,27.80651,76.32868,296,0,,,,29.32255,29.96601,25.19288
1787194886,27.90532,76.33173,297,0,,,,29.32255,29.93214,25.09148
1787194887,27.87594,76.46143,296,0,,,,29.28868,29.83055,25.09148
1787194888,27.87594,76.30427,295,0,,,,29.28868,29.76281,24.99009
1787194888,27.94537,76.39277,295,0,,,,29.22095,29.83055,25.15922
1787194889,27.84657,76.26765,295,0,,,,29.25482,29.79668,25.05762
1787194890,27.83322,76.29511,295,0,,,,29.25482,29.93214,25.05762
1787194890,27.8893,76.3592,295,0,,,,29.18709,29.72895,25.12535
1787194891,27.84657,76.36988,295,0,,,,29.18709,29.89848,24.95622
1787194892,27.84657,76.19135,295,0,,,,29.25482,29.86441,25.09148
1787194892,27.87594,76.14862,295,0,,,,29.28868,29.96601,25.09148
1787194893,27.8893,76.21423,295,0,,,,29.28868,29.93214,25.12535
1787194894,27.86259,76.23712,295,0,,,,29.25482,29.86441,25.09148
1787194894,27.77714,76.20813,295,0,,,,29.25482,29.86441,25.02375
1787194895,27.80651,76.14404,295,0,,,,29.32255,29.89848,25.09148
1787194896,27.91867,76.28291,296,0,,,,29.22095,29.86441,24.99009
1787194896,27.83322,76.3241,296,0,,,,29.25482,29.79668,25.09148
1787194897,27.87594,76.4416,296,0,,,,29.22095,29.86441,25.05762
1787194898,27.81987,76.34241,295,0,,,,29.22095,29.86441,25.09148
1787194898,27.91867,76.42939,295,0,,,,29.22095,29.76281,25.22675
1787194899,27.87594,76.45075,295,0,,,,29.28868,29.99988,25.05762
1787194900,27.86259,76.40498,295,0,,,,29.25482,29.72895,25.02375
1787194900,27.93202,76.46449,295,0,,,,29.18709,29.89848,25.12535
1787194901,27.87594,76.50111,295,0,,,,29.25482,29.72895,25.12535
1787194902,27.90532,76.4477,295,0,,,,29.25482,29.99988,25.02375
1787194902,27.91867,76.41871,295,0,,,,29.25482,29.86441,25.09148
1787194903,27.8893,76.36988,295,0,,,,29.25482,29.89848,25.12535
1787194904,27.91867,76.51179,295,0,,,,29.18709,29.86441,24.95622
1787194904,27.84657,76.32716,295,0,,,,29.28868,29.99988,25.02375
1787194905,27.87594,76.28291,295,0,,,,29.25482,29.76281,25.05762
1787194906,27.81987,76.36378,296,0,,,,29.25482,29.76281,25.22675
1787194906,27.83322,76.23102,296,0,,,,29.22095,29.86441,24.99009
1787194907,27.90532,76.29053,295,0,,,,29.25482,29.96601,25.15922
1787194908,27.8893,76.28748,295,0,,,,29.18709,29.86441,25.02375
1787194908,28.01747,76.42023,295,0,,,,29.25482,29.89848,25.09148
1787194909,27.94537,76.36073,295,0,,,,29.15322,29.72895,25.12535
1787194910,27.83322,76.25391,295,0,,,,29.18709,29.79668,25.09148
1787194910,27.93202,76.33784,295,0,,,,29.18709,29.83055,25.22675
1787194911,27.8893,76.35004,295,0,,,,29.22095,29.86441,25.02375
1787194912,27.81987,76.33173,295,0,,,,29.28868,29.93214,25.05762
1787194912,27.91867,76.30427,295,0,,,,29.25482,29.83055,25.09148
1787194913,27.83322,76.2417,295,0,,,,29.18709,29.99988,25.09148
1787194913,27.86259,76.22797,295,0,,,,29.18709,29.72895,25.15922
1787194914,27.86259,76.13489,295,0,,,,29.25482,29.83055,24.99009
1787194915,27.80651,76.18219,295,0,,,,29.22095,29.79668,25.02375
1787194915,27.87594,76.17761,295,0,,,,29.18709,29.83055,25.09148
1787194916,27.8893,76.2768,295,0,,,,29.15322,29.83055,25.19288
1787194917,27.84657,76.09979,295,0,,,,29.22095,29.93214,25.05762
1787194917,27.80651,76.1944,295,0,,,,29.18709,29.66121,25.19288
1787194918,27.87594,76.07538,295,0,,,,29.25482,29.89848,25.12535
1787194919,27.90532,76.17609,295,0,,,,29.25482,29.83055,24.95622
1787194919,27.73175,76.17609,295,0,,,,29.22095,29.72895,25.19288
1787194920,27.87594,76.1593,295,0,,,,29.18709,29.86441,24.92235
1787194921,27.91867,76.19897,295,0,,,,29.25482,30.03395,25.29448
1787194921,27.84657,76.14099,296,0,,,,29.25482,29.89848,25.09148
1787194922,27.87594,76.10742,295,0,,,,29.18709,29.93214,25.15922
1787194923,27.83322,76.2417,295,0,,,,29.25482,29.86441,25.02375
1787194923,27.97475,76.29664,295,0,,,,29.22095,29.83055,25.15922
1787194924,27.79049,76.4416,295,0,,,,29.22095,29.96601,25.15922
1787194925,27.87594,76.33631,295,0,,,,29.22095,29.79668,25.05762
1787194925,27.76379,76.46449,295,0,,,,29.25482,29.79668,24.99009
1787194926,27.87594,76.47059,296,0,,,,29.25482,29.89848,25.29448
1787194927,27.84657,76.35004,295,0,,,,29.25482,29.72895,25.22675
1787194927,27.97475,76.49653,295,0,,,,29.28868,29.79668,25.12535
1787194928,27.86259,76.35157,295,0,,,,29.25482,29.76281,25.02375
1787194929,27.84657,76.30885,296,0,,,,29.28868,29.96601,25.05762
1787194929,27.81987,76.21729,295,0,,,,29.15322,29.79668,25.12535
1787194930,27.84657,76.2768,295,0,,,,29.22095,29.86441,25.05762
1787194931,27.84657,76.20355,295,0,,,,29.22095,29.72895,25.05762
1787194931,27.80651,76.29969,295,0,,,,29.18709,29.76281,24.99009
1787194932,27.87594,76.2417,295,0,,,,29.25482,29.96601,25.12535
1787194933,27.93202,76.21271,295,0,,,,29.22095,29.83055,25.15922
1787194933,27.87594,76.1593,295,0,,,,29.25482,29.79668,25.05762
1787194934,27.87594,76.3241,295,0,,,,29.28868,29.76281,25.05762
1787194935,27.87594,76.31495,296,0,,,,29.22095,29.72895,25.19288
1787194935,27.83322,76.2005,295,0,,,,29.22095,29.93214,25.05762
1787194936,27.90532,76.20813,297,0,,,,29.22095,29.89848,25.05762
1787194937,27.87594,76.04333,295,0,,,,29.15322,29.86441,25.12535
1787194937,27.77714,76.05249,295,0,,,,29.25482,29.79668,25.15922
1787194938,27.87594,76.16846,295,0,,,,29.22095,29.76281,25.19288
1787194939,27.91867,76.1593,295,0,,,,29.22095,29.72895,25.12535
1787194939,27.8893,76.14099,295,0,,,,29.25482,29.83055,24.99009
1787194940,27.8893,76.08911,295,0,,,,29.22095,29.86441,25.19288
1787194941,27.83322,76.2005,295,0,,,,29.28868,29.83055,24.95622
1787194941,27.84657,76.1532,295,0,,,,29.25482,29.86441,24.92235
1787194942,27.81987,76.28138,295,0,,,,29.15322,29.83055,24.95622
1787194943,27.84657,76.22339,295,0,,,,29.22095,29.96601,25.09148
1787194943,27.87594,76.18982,295,0,,,,29.15322,29.96601,25.02375
1787194944,27.94537,76.24933,295,0,,,,29.25482,29.72895,25.02375
1787194945,27.90532,76.34241,296,0,,,,29.32255,29.89848,25.05762
1787194945,27.84657,76.19135,295,0,,,,29.28868,29.86441,25.02375
1787194946,27.90532,76.17609,296,0,,,,29.28868,29.79668,25.15922
1787194947,27.84657,76.13184,296,0,,,,29.11935,29.93214,25.09148
1787194947,27.8893,76.12115,296,0,,,,29.28868,29.86441,25.09148
1787194948,27.80651,76.26765,295,0,,,,29.25482,29.83055,25.32835
1787194949,27.84657,76.22339,295,0,,,,29.28868,29.83055,24.99009
1787194949,27.84657,76.318,295,0,,,,29.18709,29.89848,25.12535
1787194950,27.83322,76.07538,295,0,,,,29.25482,29.93214,25.12535
1787194951,27.8893,76.2768,295,0,,,,29.22095,29.72895,25.05762
1787194951,27.90532,76.31342,295,0,,,,29.15322,29.89848,25.05762
1787194952,27.91867,76.23102,295,0,,,,29.25482,29.86441,25.12535
1787194953,27.81987,76.19592,295,0,,,,29.25482,29.86441,25.19288
1787194953,27.91867,76.27375,295,0,,,,29.18709,29.86441,24.99009
1787194954,27.84657,76.24475,295,0,,,,29.35642,29.79668,24.99009
1787194955,27.90532,76.30122,295,0,,,,29.28868,29.79668,25.19288
1787194955,27.83322,76.26307,296,0,,,,29.18709,29.86441,25.05762
1787194956,27.80651,76.1944,296,0,,,,29.22095,29.86441,24.95622
1787194956,27.87594,76.09521,295,0,,,,29.25482,29.89848,25.05762
1787194957,27.90532,76.23712,295,0,,,,29.28868,29.86441,24.95622
1787194958,27.90532,76.20813,295,0,,,,29.25482,29.89848,25.22675
1787194958,27.94537,76.31037,295,0,,,,29.28868,29.86441,24.95622
1787194959,27.90532,76.18524,295,0,,,,29.18709,29.83055,25.19288
1787194960,27.81987,76.21729,295,0,,,,29.18709,29.83055,25.02375
1787194960,27.91867,76.25085,295,0,,,,29.18709,29.83055,25.12535
1787194961,27.9614,76.15778,295,0,,,,29.25482,29.93214,25.05762
1787194962,27.84657,76.18219,295,0,,,,29.28868,29.99988,25.15922
1787194962,27.84657,76.09979,295,0,,,,29.25482,29.69508,25.22675
1787194963,27.94537,76.10284,295,0,,,,29.25482,29.79668,25.19288
1787194964,27.97475,76.24475,295,0,,,,29.25482,29.99988,25.02375
1787194964,27.93202,76.08911,295,0,,,,29.25482,29.83055,25.09148
1787194965,27.81987,76.20813,295,0,,,,29.11935,29.89848,25.15922
1787194966,27.87594,76.16846,296,0,,,,29.18709,29.79668,25.22675
1787194966,27.90532,76.18524,295,0,,,,29.25482,29.69508,25.19288
1787194967,27.91867,76.09521,295,0,,,,29.25482,29.86441,25.05762
1787194968,27.90532,76.17609,295,0,,,,29.22095,29.93214,24.99009
1787194968,27.91867,76.19897,295,0,,,,29.25482,29.86441,25.15922
1787194969,27.86259,76.13489,295,0,,,,29.25482,29.93214,25.09148
1787194970,27.90532,76.21729,295,0,,,,29.22095,29.83055,25.09148
1787194970,27.87594,76.20966,295,0,,,,29.15322,29.93214,25.15922
1787194971,27.8893,76.05707,295,0,,,,29.28868,29.93214,25.15922
1787194972,27.84657,76.43244,295,0,,,,29.28868,29.86441,24.92235
1787194972,27.81987,76.39582,295,0,,,,29.18709,29.79668,25.09148
1787194973,27.86259,76.4477,295,0,,,,29.25482,29.76281,24.99009
1787194974,27.81987,76.56214,295,0,,,,29.15322,29.79668,25.09148
1787194974,27.91867,76.46143,295,0,,,,29.15322,29.86441,25.09148
1787194975,27.8893,76.48432,295,0,,,,29.25482,29.69508,25.19288
1787194976,27.8893,76.35004,295,0,,,,29.25482,29.89848,25.19288
1787194976,27.97475,76.49653,295,0,,,,29.28868,29.93214,25.19288
1787194977,27.83322,76.30579,296,0,,,,29.28868,29.86441,25.12535
1787194978,27.91867,76.38667,295,0,,,,29.18709,29.69508,25.29448
1787194978,27.91867,76.16846,295,0,,,,29.22095,29.79668,24.95622
1787194979,27.80651,76.21423,296,0,,,,29.22095,29.86441,24.95622
1787194980,27.90532,76.37293,295,0,,,,29.25482,29.86441,25.15922
1787194980,27.87594,76.33631,295,0,,,,29.28868,29.69508,24.99009
1787194981,27.84657,76.20355,295,0,,,,29.22095,29.76281,25.09148
1787194982,27.87594,76.30427,295,0,,,,29.22095,29.89848,25.05762
1787194982,27.84657,76.2768,295,0,,,,29.25482,29.89848,24.99009
1787194983,27.86259,76.26917,295,0,,,,29.32255,29.76281,25.12535
1787194984,27.8893,76.32716,295,0,,,,29.28868,29.89848,25.12535
1787194984,27.86259,76.20813,295,0,,,,29.25482,29.96601,25.09148
1787194985,27.87594,76.19897,296,0,,,,29.25482,29.89848,25.12535
1787194986,27.87594,76.23102,295,0,,,,29.22095,29.83055,25.12535
1787194986,27.86259,76.22797,296,0,,,,29.32255,29.83055,25.26061
1787194987,27.84657,76.24475,296,0,,,,29.18709,29.89848,25.05762
1787194988,27.81987,76.34241,295,0,,,,29.22095,29.96601,25.19288
1787194988,27.90532,76.15472,295,0,,,,29.22095,29.76281,24.92235
1787194989,27.86259,76.24933,295,0,,,,29.18709,29.86441,25.12535
1787194990,27.84657,76.28748,295,0,,,,29.18709,29.79668,25.22675
1787194990,27.90532,76.4477,295,0,,,,29.22095,29.93214,25.05762
1787194991,27.80651,76.42329,295,0,,,,29.25482,29.93214,25.09148
1787194992,27.87594,76.41871,295,0,,,,29.22095,29.79668,25.15922
1787194992,27.97475,76.39124,295,0,,,,29.22095,29.86441,25.05762
1787194993,27.90532,76.29053,295,0,,,,29.25482,29.79668,24.95622
1787194994,27.87594,76.14862,295,0,,,,29.25482,29.99988,24.99009
1787194994,27.93202,76.29664,295,0,,,,29.22095,29.76281,25.12535
1787194995,27.81987,76.30122,296,0,,,,29.22095,29.89848,24.88849
1787194996,27.87594,76.3241,295,0,,,,29.22095,29.76281,24.88849
1787194996,27.90532,76.26917,296,0,,,,29.28868,29.93214,25.09148
1787194997,27.91867,76.49195,296,0,,,,29.25482,29.89848,25.26061
1787194997,27.86259,76.43702,295,0,,,,29.22095,29.99988,25.05762
1787194998,27.86259,76.30122,295,0,,,,29.25482,29.96601,25.09148
1787194999,27.86259,76.42786,295,0,,,,29.25482,29.83055,25.05762
1787194999,27.83322,76.33631,295,0,,,,29.15322,29.83055,24.85462
1787195000,27.8893,76.43244,295,0,,,,29.22095,29.89848,25.15922
1787195001,27.91867,76.71168,295,0,,,,29.22095,29.89848,25.05762
1787195001,27.91867,76.88716,295,0,,,,29.25482,29.89848,25.12535
1787195002,28.04417,77.05196,295,0,,,,29.18709,29.72895,24.95622
1787195003,27.87594,77.12825,295,0,,,,29.22095,29.83055,25.05762
1787195003,27.8893,77.14198,295,0,,,,29.22095,29.86441,24.95622
1787195004,27.84657,77.33883,295,0,,,,29.28868,29.89848,25.02375
1787195005,27.84657,77.26559,295,0,,,,29.25482,29.89848,24.99009
1787195005,27.79049,77.06569,295,0,,,,29.22095,30.03395,25.05762
1787195006,27.79049,77.06569,295,0,,,,29.22095,29.86441,25.02375
1787195007,27.91867,76.96956,296,0,,,,29.22095,29.89848,25.15922
1787195007,27.8893,76.96346,295,0,,,,29.28868,29.93214,25.19288
1787195008,27.86259,76.90547,295,0,,,,29.18709,29.86441,25.15922
1787195009,27.73175,76.84444,295,0,,,,29.15322,29.86441,25.09148
1787195009,27.76379,76.71626,295,0,,,,29.18709,29.93214,25.05762
1787195010,27.84657,76.76662,295,0,,,,29.25482,29.93214,25.02375
1787195011,27.80651,76.54841,295,0,,,,29.22095,29.76281,24.95622
1787195011,27.8893,76.62165,295,0,,,,29.22095,29.83055,25.05762
1787195012,27.91867,76.54383,295,0,,,,29.22095,29.89848,25.19288
1787195013,27.83322,76.53315,295,0,,,,29.25482,29.76281,25.09148
1787195013,27.87594,76.56519,295,0,,,,29.25482,29.76281,25.02375
1787195014,27.79049,76.45991,295,0,,,,29.22095,29.96601,25.12535
1787195015,27.84657,76.70405,296,0,,,,29.25482,29.93214,24.88849
1787195015,27.83322,76.54383,296,0,,,,29.28868,29.83055,25.05762
1787195016,27.8893,76.61097,297,0,,,,29.25482,29.83055,25.05762
1787195017,27.93202,76.86885,296,0,,,,29.39028,29.89848,25.02375
1787195017,27.87594,76.90852,295,0,,,,29.25482,29.83055,24.99009
1787195018,27.83322,77.01381,295,0,,,,29.22095,29.83055,25.05762
1787195019,27.86259,77.06111,296,0,,,,29.25482,29.89848,25.02375
1787195019,27.79049,77.24269,295,0,,,,29.22095,29.83055,25.09148
1787195020,27.86259,77.14351,295,0,,,,29.35642,29.96601,25.12535
1787195021,27.86259,77.06111,295,0,,,,29.25482,29.79668,25.12535
1787195021,27.87594,77.0428,295,0,,,,29.22095,29.99988,24.99009
1787195022,27.87594,77.09621,295,0,,,,29.22095,29.96601,25.02375
1787195023,27.87594,77.0016,295,0,,,,29.18709,29.96601,24.99009
1787195023,27.8893,76.95125,295,0,,,,29.28868,29.83055,24.92235
1787195024,27.86259,76.97719,295,0,,,,29.22095,29.79668,25.19288
1787195025,27.83322,76.87801,296,0,,,,29.18709,29.86441,25.05762
1787195025,27.90532,76.84138,296,0,,,,29.25482,29.96601,24.99009
1787195026,27.9881,76.94667,296,0,,,,29.32255,29.62735,25.15922
1787195027,27.84657,76.98329,295,0,,,,29.11935,29.93214,25.02375
1787195027,27.87594,76.94057,296,0,,,,29.18709,29.76281,25.12535
1787195028,27.80651,76.74525,295,0,,,,29.22095,29.96601,25.05762
1787195029,27.77714,76.80019,295,0,,,,29.22095,29.83055,24.99009
1787195029,27.8893,76.81697,295,0,,,,29.22095,29.83055,25.15922
1787195030,27.81987,76.67658,295,0,,,,29.25482,29.66121,24.95622
1787195031,27.8893,76.70405,295,0,,,,29.28868,29.76281,25.09148
1787195031,27.90532,76.5713,295,0,,,,29.08549,29.89848,25.15922
1787195032,27.73175,76.56214,295,0,,,,29.22095,29.72895,25.09148
1787195033,27.90532,76.50721,295,0,,,,29.18709,29.83055,24.85462
1787195033,27.79049,76.52399,295,0,,,,29.25482,29.99988,24.99009
1787195034,27.84657,76.50568,295,0,,,,29.25482,29.93214,25.02375
1787195035,27.86259,76.45686,295,0,,,,29.15322,29.79668,25.15922
1787195035,27.94537,76.41413,295,0,,,,29.22095,29.72895,25.02375
1787195036,27.86259,76.41566,295,0,,,,29.25482,29.89848,25.09148
1787195037,27.83322,76.53315,296,0,,,,29.25482,29.86441,24.92235
1787195037,27.83322,76.37751,295,0,,,,29.22095,29.83055,24.88849
1787195038,27.86259,76.4477,295,0,,,,29.15322,29.89848,25.09148
1787195039,27.90532,76.5301,295,0,,,,29.18709,29.93214,24.85462
1787195039,27.87594,76.47974,295,0,,,,29.22095,29.96601,25.09148
1787195040,27.8893,76.49348,295,0,,,,29.28868,29.79668,24.92235
1787195040,27.94537,76.56062,295,0,,,,29.28868,29.86441,25.12535
1787195041,27.83322,76.57587,295,0,,,,29.22095,29.79668,25.09148
1787195042,27.86259,76.47822,295,0,,,,29.05162,29.79668,25.12535
1787195042,27.90532,76.48737,295,0,,,,29.25482,29.86441,25.15922
1787195043,27.94537,76.55146,295,0,,,,29.28868,29.83055,25.12535
1787195044,27.90532,76.50721,295,0,,,,29.25482,29.89848,25.09148
1787195044,27.84657,76.55756,295,0,,,,29.25482,29.89848,24.99009
1787195045,27.81987,76.5713,296,0,,,,29.25482,29.89848,24.99009
1787195046,27.79049,76.67963,296,0,,,,29.22095,29.79668,24.99009
1787195046,27.90532,76.82155,295,0,,,,29.25482,29.93214,24.95622
1787195047,27.91867,76.82307,295,0,,,,29.18709,29.93214,25.02375
1787195048,27.86259,76.95583,295,0,,,,29.18709,29.76281,25.02375
1787195048,27.91867,76.99092,295,0,,,,29.22095,29.96601,25.09148
1787195049,27.76379,76.97414,295,0,,,,29.22095,29.79668,25.19288
1787195050,27.83322,76.96956,295,0,,,,29.18709,29.86441,25.15922
1787195050,27.86259,76.83223,295,0,,,,29.22095,29.83055,24.92235
1787195051,27.86259,76.63386,295,0,,,,29.22095,29.83055,24.99009
1787195052,27.81987,76.71778,295,0,,,,29.25482,29.79668,24.95622
1787195052,27.90532,76.55146,295,0,,,,29.28868,29.99988,24.95622
1787195053,27.8893,76.70405,295,0,,,,29.25482,29.86441,25.22675
1787195054,27.80651,76.68421,295,0,,,,29.25482,29.89848,25.02375
1787195054,27.80651,76.672,295,0,,,,29.18709,29.83055,24.95622
1787195055,27.84657,76.73457,295,0,,,,29.25482,29.93214,24.92235
1787195056,27.86259,76.72999,296,0,,,,29.08549,29.89848,24.95622
1787195056,27.83322,76.64759,296,0,,,,29.22095,29.79668,25.39588
1787195057,27.81987,76.51942,296,0,,,,29.11935,29.89848,25.02375
1787195058,27.8893,76.57893,295,0,,,,29.18709,29.76281,25.05762
1787195058,27.79049,76.56519,295,0,,,,29.18709,29.79668,25.05762
1787195059,27.79049,76.62623,295,0,,,,29.18709,29.93214,25.12535
1787195060,27.94537,76.60334,295,0,,,,29.18709,29.93214,24.95622
1787195060,27.81987,76.61555,295,0,,,,29.15322,30.03395,25.15922
1787195061,27.84657,76.56977,295,0,,,,29.18709,29.89848,25.05762
1787195062,27.8893,76.65217,295,0,,,,29.18709,29.72895,25.29448
1787195062,27.83322,76.72083,295,0,,,,29.25482,29.83055,25.09148
1787195063,27.86259,76.80019,295,0,,,,29.18709,29.96601,25.12535
1787195064,27.79049,76.71168,295,0,,,,29.18709,29.83055,25.12535
1787195064,27.84657,76.68116,295,0,,,,29.18709,29.79668,25.02375
1787195066,27.90532,76.6247,295,0,,,,29.28868,29.96601,25.26061
1787195066,27.84657,76.53773,295,0,,,,29.08549,29.99988,25.02375
1787195066,27.83322,76.57587,296,0,,,,29.22095,29.86441,25.12535
1787195067,27.8893,76.68116,296,0,,,,29.18709,29.89848,25.22675
1787195068,27.83322,76.69032,296,0,,,,29.18709,29.93214,25.12535
1787195068,27.84657,76.9955,295,0,,,,29.15322,29.96601,25.19288
1787195069,27.81987,77.13435,295,0,,,,29.15322,29.93214,25.05762
1787195070,27.84657,77.31747,296,0,,,,29.22095,29.79668,25.05762
1787195070,27.84657,77.38155,295,0,,,,29.22095,30.03395,25.12535
1787195071,27.97475,77.47311,295,0,,,,29.22095,29.79668,25.09148
1787195072,27.79049,77.40749,295,0,,,,29.15322,29.83055,25.15922
1787195072,27.80651,77.45327,295,0,,,,29.25482,29.93214,25.09148
1787195073,27.90532,77.56313,295,0,,,,29.18709,29.89848,25.12535
1787195074,27.83322,77.81491,295,0,,,,29.22095,29.89848,24.82096
1787195074,27.9614,77.9614,295,0,,,,29.15322,29.93214,24.99009
1787195075,27.93202,77.93393,295,0,,,,29.22095,30.06781,25.09148
1787195076,27.83322,77.90799,295,0,,,,29.11935,29.79668,25.15922
1787195076,27.86259,77.83322,296,0,,,,29.28868,29.76281,25.19288
1787195077,27.80651,77.69588,296,0,,,,29.18709,30.03395,25.19288
1787195078,27.91867,77.47158,295,0,,,,29.28868,29.89848,25.02375
1787195078,27.90532,77.53109,295,0,,,,29.25482,29.96601,25.05762
1787195079,27.77714,77.24879,295,0,,,,29.22095,29.99988,24.85462
1787195080,27.81987,77.11452,296,0,,,,29.15322,29.86441,24.99009
1787195080,27.83322,77.12825,295,0,,,,29.18709,29.86441,25.09148
1787195081,27.81987,76.97871,295,0,,,,29.25482,30.03395,25.12535
1787195082,27.76379,76.96498,295,0,,,,29.15322,29.86441,25.12535
1787195082,27.86259,77.08247,295,0,,,,29.18709,29.86441,25.12535
1787195083,27.83322,77.15724,295,0,,,,29.22095,29.79668,25.05762
1787195083,27.83322,77.2839,295,0,,,,29.25482,29.99988,25.12535
1787195084,27.84657,77.41207,295,0,,,,29.22095,29.93214,24.99009
1787195085,27.84657,77.56771,295,0,,,,29.18709,29.86441,24.99009
1787195086,27.76379,77.59975,295,0,,,,29.18709,29.93214,25.12535
1787195086,27.83322,77.80576,296,0,,,,29.22095,29.83055,25.05762
1787195087,27.86259,77.9675,296,0,,,,29.32255,29.76281,25.05762
1787195087,27.79049,78.02243,295,0,,,,29.11935,29.89848,25.09148
1787195088,27.8893,78.00717,295,0,,,,29.22095,29.86441,25.19288
1787195089,27.86259,78.08194,295,0,,,,29.15322,29.83055,24.88849
1787195089,27.87594,77.89731,295,0,,,,29.22095,29.83055,25.09148
1787195090,27.93202,77.87137,295,0,,,,29.22095,30.20328,24.95622
1787195091,27.8893,77.99496,295,0,,,,29.25482,29.76281,25.09148
1787195091,27.87594,77.78287,295,0,,,,29.18709,29.83055,25.05762
1787195092,27.84657,77.673,295,0,,,,29.22095,29.83055,25.12535
1787195093,27.86259,77.53109,295,0,,,,29.18709,29.83055,25.09148
1787195093,27.91867,77.43954,295,0,,,,29.22095,29.96601,25.02375
1787195094,27.80651,77.40292,295,0,,,,29.15322,29.89848,25.02375
1787195095,27.83322,77.25185,296,0,,,,29.22095,29.76281,25.05762
1787195095,27.84657,77.37087,296,0,,,,29.22095,29.86441,24.88849
1787195096,27.91867,77.45022,296,0,,,,29.18709,29.86441,25.19288
1787195097,27.84657,77.45327,295,0,,,,29.22095,29.96601,25.12535
1787195097,27.87594,77.48074,295,0,,,,29.11935,29.79668,24.99009
1787195098,27.81987,77.27016,295,0,,,,29.28868,29.83055,25.02375
1787195099,27.93202,77.37087,295,0,,,,29.28868,29.96601,25.09148
1787195099,27.80651,77.15266,295,0,,,,29.25482,29.83055,25.15922
1787195100,27.91867,77.30373,295,0,,,,29.25482,29.83055,25.12535
1787195101,27.94537,77.36324,295,0,,,,29.15322,29.93214,24.99009
1787195101,27.86259,77.44564,295,0,,,,29.32255,29.89848,25.26061
1787195102,27.83322,77.57381,295,0,,,,29.25482,29.76281,25.02375
1787195103,27.81987,77.55093,295,0,,,,29.15322,29.79668,25.05762
1787195103,27.91867,77.56466,295,0,,,,29.25482,29.79668,25.15922
1787195104,27.86259,77.69741,295,0,,,,29.15322,29.89848,25.19288
1787195105,27.86259,77.62417,296,0,,,,29.18709,29.76281,24.99009
1787195105,27.83322,77.48226,295,0,,,,29.25482,29.86441,24.95622
1787195106,27.90532,77.48989,295,0,,,,29.22095,29.79668,24.99009
1787195107,27.81987,77.35409,296,0,,,,29.25482,29.96601,25.15922
1787195107,27.87594,77.21065,295,0,,,,29.22095,29.96601,24.99009
1787195108,27.86259,77.11147,295,0,,,,29.18709,29.96601,25.19288
1787195109,27.87594,77.13741,295,0,,,,29.18709,29.86441,25.09148
1787195109,27.81987,76.98787,295,0,,,,29.22095,29.83055,24.88849
1787195110,27.83322,77.01381,295,0,,,,29.28868,29.83055,25.09148
1787195111,27.84657,76.93294,295,0,,,,29.25482,29.86441,25.05762
1787195111,27.84657,76.83986,295,0,,,,29.22095,29.69508,25.12535
1787195112,27.91867,76.85512,295,0,,,,29.22095,29.76281,25.15922
1787195113,27.81987,76.7071,295,0,,,,29.22095,29.86441,25.09148
1787195113,27.80651,76.69337,295,0,,,,29.18709,29.79668,25.12535
1787195114,27.90532,76.78035,295,0,,,,29.22095,30.16941,25.05762
1787195115,27.84657,76.62928,296,0,,,,29.22095,29.79668,25.09148
1787195115,27.9614,76.65675,296,0,,,,29.18709,29.86441,24.99009
1787195116,27.87594,76.62928,296,0,,,,29.32255,29.76281,25.12535
1787195117,27.94537,76.51942,295,0,,,,29.15322,29.86441,25.09148
1787195117,27.90532,76.49805,296,0,,,,29.22095,29.83055,25.05762
1787195118,27.86259,76.56214,295,0,,,,29.11935,29.96601,24.99009
1787195119,27.86259,76.51026,295,0,,,,29.22095,29.96601,25.29448
1787195119,27.80651,76.44312,295,0,,,,29.25482,29.89848,25.29448
1787195120,27.84657,76.52552,295,0,,,,29.18709,29.96601,25.19288
1787195121,27.91867,76.46143,295,0,,,,29.18709,29.89848,24.99009
1787195121,27.74777,76.37904,295,0,,,,29.18709,29.86441,24.99009
1787195122,27.79049,76.42023,295,0,,,,29.22095,29.93214,24.95622
1787195123,27.8893,76.52552,295,0,,,,29.28868,29.99988,25.22675
1787195123,27.74777,76.37904,295,0,,,,29.18709,30.03395,25.02375
1787195124,27.84657,76.36988,295,0,,,,29.22095,29.76281,25.02375
1787195125,27.9881,76.50721,295,0,,,,29.18709,29.96601,24.92235
1787195125,27.77714,76.4065,295,0,,,,29.18709,29.83055,25.09148
1787195126,27.83322,76.27375,295,0,,,,29.15322,29.89848,25.15922
1787195126,27.93202,76.49348,297,0,,,,29.22095,29.89848,25.02375
1787195127,27.81987,76.56214,295,0,,,,29.22095,29.86441,25.05762
1787195128,27.86259,76.45686,295,0,,,,29.22095,29.83055,25.02375
1787195128,27.84657,76.41108,295,0,,,,29.22095,29.72895,25.09148
1787195129,27.87594,76.60639,295,0,,,,29.11935,29.89848,24.95622
1787195130,27.86259,76.5835,295,0,,,,29.28868,29.96601,25.12535
1787195130,27.87594,76.57587,295,0,,,,29.22095,29.89848,25.05762
1787195131,27.76379,76.50568,295,0,,,,29.15322,29.93214,25.19288
1787195132,27.79049,76.55604,295,0,,,,29.22095,29.83055,24.95622
1787195132,27.86259,76.51942,295,0,,,,29.22095,29.83055,24.92235
1787195133,27.83322,76.47974,295,0,,,,29.28868,29.93214,25.15922
1787195134,27.93202,76.49348,295,0,,,,29.18709,29.83055,25.05762
1787195134,27.79049,76.52399,295,0,,,,29.22095,29.89848,25.05762
1787195135,27.74777,76.45075,295,0,,,,29.15322,29.96601,25.05762
1787195136,27.90532,76.43702,296,0,,,,29.25482,29.83055,25.05762
1787195136,27.84657,76.44312,296,0,,,,29.22095,29.89848,25.12535
1787195137,27.90532,76.48737,296,0,,,,29.18709,29.93214,25.05762
1787195138,27.94537,76.6125,295,0,,,,29.18709,29.83055,25.05762
1787195138,27.79049,76.72236,295,0,,,,29.18709,29.93214,24.99009
1787195139,27.84657,76.80782,295,0,,,,29.22095,29.79668,25.09148
1787195140,27.84657,76.90089,295,0,,,,29.18709,29.76281,25.09148
1787195140,27.83322,76.9604,295,0,,,,29.28868,29.96601,25.05762
1787195141,27.80651,76.8719,295,0,,,,29.25482,29.86441,24.99009
1787195142,27.86259,76.81239,295,0,,,,29.18709,29.86441,25.02375
1787195142,27.86259,76.85359,295,0,,,,29.22095,29.89848,25.22675
1787195143,27.84657,76.62928,295,0,,,,29.15322,29.89848,24.88849
1787195144,27.86259,76.7071,295,0,,,,29.18709,29.89848,25.15922
1787195144,27.90532,76.69794,295,0,,,,29.25482,29.96601,25.05762
1787195145,27.80651,76.54841,295,0,,,,29.28868,29.96601,25.22675
1787195146,27.76379,76.47517,296,0,,,,29.15322,29.86441,24.95622
1787195146,27.8893,76.48432,296,0,,,,29.28868,29.72895,24.99009
1787195147,27.80651,76.52857,296,0,,,,29.25482,29.86441,25.19288
1787195148,27.86259,76.41566,295,0,,,,29.22095,29.89848,25.02375
1787195148,27.8893,76.49348,295,0,,,,29.15322,29.79668,24.88849
1787195149,27.83322,76.4416,295,0,,,,29.15322,29.86441,24.95622
1787195150,27.80651,76.54841,295,0,,,,29.18709,29.99988,24.95622
1787195150,27.80651,76.38209,295,0,,,,29.11935,29.76281,24.95622
1787195151,27.86259,76.51026,295,0,,,,29.25482,29.79668,25.09148
1787195152,27.84657,76.44312,295,0,,,,29.15322,29.93214,25.26061
1787195152,27.94537,76.41413,295,0,,,,29.11935,29.96601,25.02375
1787195153,27.87594,76.40955,295,0,,,,29.28868,29.83055,24.88849
1787195154,27.86259,76.40498,295,0,,,,29.18709,29.83055,25.02375
1787195154,27.84657,76.43244,295,0,,,,29.28868,29.76281,25.19288
1787195155,27.84657,76.52552,296,0,,,,29.22095,29.86441,25.12535
1787195156,27.81987,76.78035,295,0,,,,29.25482,29.96601,25.15922
1787195156,27.97475,76.65217,296,0,,,,29.11935,29.66121,25.12535
1787195157,27.87594,76.66743,296,0,,,,29.18709,29.83055,24.92235
1787195158,27.79049,76.67048,295,0,,,,29.22095,29.83055,25.09148
1787195158,27.79049,76.58503,295,0,,,,29.18709,29.89848,24.99009
1787195159,27.86259,76.56214,295,0,,,,29.25482,29.79668,25.12535
1787195160,27.83322,76.54383,295,0,,,,29.15322,29.93214,25.05762
1787195160,27.83322,76.53315,295,0,,,,29.28868,29.93214,25.22675
1787195161,27.80651,76.52857,295,0,,,,29.18709,29.83055,25.05762
1787195162,27.80651,76.44312,295,0,,,,29.25482,29.79668,25.09148
1787195162,27.86259,76.55146,295,0,,,,29.22095,29.83055,25.09148
1787195163,27.90532,76.46906,295,0,,,,29.22095,29.83055,25.02375
1787195164,27.83322,76.35615,295,0,,,,29.25482,29.83055,25.02375
1787195164,27.87594,76.4416,295,0,,,,29.18709,29.89848,25.22675
1787195165,27.79049,76.39735,295,0,,,,29.22095,29.76281,25.02375
1787195166,27.76379,76.39277,295,0,,,,29.28868,29.93214,24.99009
1787195166,27.81987,76.43702,295,0,,,,29.18709,29.72895,25.15922
1787195167,27.79049,76.27375,296,0,,,,29.22095,29.96601,25.12535
1787195168,27.87594,76.37751,295,0,,,,29.28868,29.86441,25.02375
1787195168,27.91867,76.43855,295,0,,,,29.18709,29.79668,25.02375
1787195169,27.87594,76.38819,295,0,,,,29.18709,29.93214,25.05762
1787195169,27.86259,76.39582,295,0,,,,29.18709,29.86441,25.05762
1787195170,27.86259,76.61555,295,0,,,,29.22095,29.79668,25.02375
1787195171,27.8893,76.90089,295,0,,,,29.22095,29.89848,25.05762
1787195171,27.94537,77.18471,295,0,,,,29.22095,29.96601,24.99009
1787195172,27.93202,77.39071,295,0,,,,29.22095,29.72895,25.15922
1787195173,27.87594,77.39834,295,0,,,,29.22095,29.79668,25.05762
1787195173,27.8893,77.50515,295,0,,,,29.22095,29.86441,24.88849
1787195174,27.83322,77.43038,295,0,,,,29.15322,29.83055,24.99009
1787195175,27.81987,77.35409,295,0,,,,29.18709,29.76281,25.05762
1787195175,27.84657,77.30679,296,0,,,,29.28868,29.83055,25.09148
1787195176,27.84657,77.22438,295,0,,,,29.25482,29.83055,25.19288
1787195177,27.80651,77.41207,295,0,,,,29.28868,29.99988,24.92235
1787195177,27.87594,77.20149,295,0,,,,29.28868,29.83055,25.12535
1787195178,27.83322,77.10536,295,0,,,,29.11935,29.83055,24.99009
1787195179,27.83322,76.94057,295,0,,,,29.22095,29.83055,25.05762
1787195179,27.83322,77.0016,295,0,,,,29.28868,29.69508,25.15922
1787195180,27.80651,76.90395,295,0,,,,29.25482,29.83055,25.05762
1787195181,27.84657,76.89174,295,0,,,,29.22095,29.93214,25.02375
1787195181,27.81987,76.83223,295,0,,,,29.08549,29.59348,25.02375
1787195182,27.79049,76.67048,295,0,,,,29.15322,29.86441,25.12535
1787195183,27.81987,76.74982,295,0,,,,29.28868,29.86441,25.12535
1787195183,27.90532,76.69794,295,0,,,,29.22095,29.89848,25.15922
1787195184,27.86259,76.61555,295,0,,,,29.28868,29.96601,25.12535
1787195185,27.80651,76.48432,295,0,,,,29.22095,29.99988,25.19288
1787195185,27.84657,76.65217,295,0,,,,29.15322,29.83055,24.82096
1787195186,27.8893,76.672,296,0,,,,29.22095,29.83055,25.05762
1787195187,27.8893,76.63996,295,0,,,,29.18709,29.72895,25.19288
1787195187,27.84657,76.47364,295,0,,,,29.25482,29.89848,25.12535
1787195188,27.90532,76.5301,295,0,,,,29.18709,29.89848,25.15922
1787195189,27.84657,76.49348,295,0,,,,29.25482,29.93214,25.05762
1787195189,27.80651,76.48432,295,0,,,,29.08549,29.79668,25.09148
1787195190,27.93202,76.57893,295,0,,,,29.25482,29.86441,25.19288
1787195191,27.86259,76.53925,295,0,,,,29.18709,29.79668,25.09148
1787195191,27.83322,76.54383,295,0,,,,29.22095,29.89848,24.99009
1787195192,27.81987,76.45686,295,0,,,,29.18709,29.89848,25.05762
1787195193,27.91867,76.41871,295,0,,,,29.28868,29.83055,25.05762
1787195193,27.84657,76.39124,295,0,,,,29.32255,29.69508,25.12535
1787195194,27.90532,76.65369,295,0,,,,29.22095,29.89848,25.12535
1787195195,27.87594,76.73151,296,0,,,,29.28868,29.79668,25.15922
1787195195,27.90532,76.6659,296,0,,,,29.22095,29.83055,25.02375
1787195196,27.93202,76.82765,296,0,,,,29.18709,29.79668,25.02375
1787195197,27.84657,76.66132,295,0,,,,29.15322,29.86441,24.95622
1787195197,27.84657,76.66132,295,0,,,,29.25482,29.79668,25.09148
1787195198,27.86259,76.64454,295,0,,,,29.18709,29.69508,25.05762
1787195199,27.86259,76.6247,295,0,,,,29.22095,29.79668,25.02375
1787195199,27.83322,76.53315,295,0,,,,29.22095,29.76281,25.02375
1787195200,27.84657,76.57893,295,0,,,,29.15322,29.93214,24.99009
1787195201,27.86259,76.38361,295,0,,,,29.18709,30.06781,25.15922
1787195201,27.81987,76.34241,295,0,,,,29.11935,29.79668,24.85462
1787195202,27.83322,76.42939,295,0,,,,29.28868,29.76281,25.09148
1787195203,27.93202,76.44312,295,0,,,,29.18709,29.72895,24.99009
1787195203,27.84657,76.42329,295,0,,,,29.15322,29.83055,25.02375
1787195204,27.84657,76.32716,295,0,,,,29.22095,29.79668,25.02375
1787195205,27.87594,76.33631,296,0,,,,29.22095,30.03395,25.15922
1787195205,27.84657,76.3592,295,0,,,,29.22095,29.83055,24.88849
1787195206,27.94537,76.37293,297,0,,,,29.25482,29.83055,25.09148
1787195207,27.8893,76.37904,296,0,,,,29.18709,29.76281,25.29448
1787195207,27.76379,76.14099,296,0,,,,29.22095,29.99988,25.02375
1787195208,27.83322,76.31342,295,0,,,,29.18709,29.76281,25.05762
1787195209,27.87594,76.26307,295,0,,,,29.28868,29.83055,25.05762
1787195209,27.94537,76.1944,295,0,,,,29.22095,29.76281,25.12535
1787195210,27.87594,76.25085,295,0,,,,29.32255,29.72895,25.15922
1787195211,27.87594,76.2417,295,0,,,,29.18709,29.79668,25.09148
1787195211,27.81987,76.30122,295,0,,,,29.22095,29.86441,25.05762
1787195212,27.77714,76.28138,295,0,,,,29.28868,29.79668,24.99009
1787195212,27.97475,76.34699,295,0,,,,29.11935,29.69508,25.05762
1787195213,27.86259,76.26917,295,0,,,,29.18709,29.83055,24.95622
1787195214,27.87594,76.41871,295,0,,,,29.28868,29.99988,25.09148
1787195214,27.84657,76.3592,295,0,,,,29.18709,29.89848,25.05762
1787195215,27.79049,76.30427,295,0,,,,29.25482,29.89848,24.95622
1787195216,27.83322,76.27375,296,0,,,,29.11935,29.99988,25.19288
1787195216,27.81987,76.46601,297,0,,,,29.28868,29.89848,25.09148
1787195217,27.86259,76.47822,296,0,,,,29.18709,29.83055,25.05762
1787195218,27.86259,76.43702,295,0,,,,29.25482,29.96601,25.09148
1787195218,27.84657,76.51637,295,0,,,,29.15322,29.89848,25.09148
1787195219,27.87594,76.47974,295,0,,,,29.25482,29.83055,25.02375
1787195220,27.86259,76.42786,295,0,,,,29.15322,29.86441,25.02375
1787195220,27.87594,76.41871,295,0,,,,29.18709,29.86441,25.09148
1787195221,27.84657,76.40192,296,0,,,,29.25482,29.89848,25.02375
1787195222,27.87594,76.50111,296,0,,,,29.15322,29.72895,25.12535
1787195222,27.86259,76.41566,295,0,,,,29.11935,29.79668,25.02375
1787195223,27.83322,76.40955,295,0,,,,29.15322,29.83055,24.99009
1787195224,27.87594,76.42939,295,0,,,,29.22095,29.83055,25.02375
1787195224,27.86259,76.42786,295,0,,,,29.22095,29.89848,25.19288
1787195225,27.86259,76.42786,296,0,,,,29.25482,29.89848,25.02375
1787195226,27.83322,76.3241,296,0,,,,29.01776,29.66121,25.15922
1787195226,27.83322,76.38819,296,0,,,,29.11935,30.06781,25.09148
1787195227,27.83322,76.39735,295,0,,,,29.25482,29.86441,25.02375
1787195228,27.91867,76.40955,295,0,,,,29.25482,29.79668,25.05762
1787195228,27.91867,76.30427,295,0,,,,29.35642,29.86441,25.09148
1787195229,27.81987,76.31037,295,0,,,,29.25482,29.86441,25.02375
1787195230,27.77714,76.32258,295,0,,,,29.11935,29.66121,24.99009
1787195230,27.90532,76.36378,295,0,,,,29.22095,29.86441,25.09148
1787195231,27.90532,76.41566,295,0,,,,29.18709,29.79668,25.09148
1787195232,27.94537,76.39277,295,0,,,,29.28868,29.83055,25.09148
1787195232,27.84657,76.318,295,0,,,,29.22095,29.79668,25.15922
1787195233,27.8893,76.45533,295,0,,,,29.18709,29.89848,25.19288
1787195234,27.86259,76.24933,295,0,,,,29.22095,29.89848,25.12535
1787195234,27.90532,76.31342,295,0,,,,29.18709,29.83055,25.15922
1787195235,27.86259,76.35157,295,0,,,,29.18709,29.86441,25.02375
1787195236,27.86259,76.43702,295,0,,,,29.25482,29.96601,25.09148
1787195236,27.83322,76.28291,296,0,,,,29.18709,29.89848,25.12535
1787195237,27.94537,76.27833,296,0,,,,29.22095,29.86441,25.02375
1787195238,27.94537,76.44617,295,0,,,,29.25482,29.99988,25.02375
1787195238,27.86259,76.34241,295,0,,,,29.18709,29.83055,25.05762
1787195239,27.94537,76.35157,295,0,,,,29.18709,29.93214,25.09148
1787195240,27.76379,76.44617,295,0,,,,29.25482,29.83055,25.12535
1787195240,27.83322,76.38819,295,0,,,,29.18709,29.86441,25.12535
1787195241,27.81987,76.36378,295,0,,,,29.22095,29.83055,25.12535
1787195242,27.8893,76.40192,295,0,,,,29.22095,29.86441,24.99009
1787195242,27.90532,76.26002,295,0,,,,29.11935,29.62735,24.99009
1787195243,27.86259,76.37446,295,0,,,,29.18709,29.83055,25.12535
1787195244,27.91867,76.38667,295,0,,,,29.18709,29.83055,24.92235
1787195244,27.84657,76.41108,295,0,,,,29.18709,29.79668,24.92235
1787195245,27.84657,76.28748,296,0,,,,29.25482,29.79668,25.05762
1787195246,27.8893,76.40192,295,0,,,,29.25482,30.03395,25.09148
1787195246,27.80651,76.45533,295,0,,,,29.28868,29.86441,25.19288
1787195247,27.83322,76.38819,296,0,,,,29.18709,29.89848,25.15922
1787195248,27.86259,76.51942,295,0,,,,29.18709,29.89848,25.05762
1787195248,27.93202,76.672,295,0,,,,29.22095,29.79668,24.95622
1787195249,27.83322,76.74372,295,0,,,,29.22095,29.69508,25.19288
1787195250,27.91867,76.76357,295,0,,,,29.18709,29.83055,25.05762
1787195250,27.81987,76.87343,295,0,,,,29.22095,29.89848,25.09148
1787195251,27.79049,76.92836,295,0,,,,29.11935,29.86441,24.99009
1787195252,27.87594,76.85512,295,0,,,,29.22095,29.79668,24.95622
1787195252,27.80651,76.75746,295,0,,,,29.22095,29.83055,25.26061
1787195253,27.83322,76.79408,295,0,,,,29.15322,29.96601,25.05762
1787195254,27.84657,76.83986,295,0,,,,29.25482,29.93214,25.09148
1787195254,27.86259,76.85359,295,0,,,,29.15322,29.93214,25.02375
1787195255,27.8893,76.80782,295,0,,,,29.22095,29.62735,24.95622
1787195256,27.84657,76.672,295,0,,,,29.11935,29.89848,25.02375
1787195256,27.84657,76.55756,295,0,,,,29.15322,29.89848,25.09148
1787195257,27.84657,76.63996,295,0,,,,29.15322,29.86441,25.09148
1787195257,27.77714,76.63386,295,0,,,,29.15322,29.93214,25.05762
1787195258,27.93202,76.64301,295,0,,,,29.11935,29.79668,25.09148
1787195259,27.80651,76.52857,295,0,,,,29.25482,29.96601,25.09148
1787195259,27.84657,76.52552,295,0,,,,29.18709,29.89848,25.15922
1787195260,27.86259,76.43702,295,0,,,,29.18709,29.96601,24.99009
1787195261,27.84657,76.46449,295,0,,,,29.11935,29.86441,24.92235
1787195261,27.81987,76.51942,295,0,,,,29.15322,29.72895,24.99009
1787195262,27.8893,76.40192,295,0,,,,29.11935,29.93214,25.05762
1787195263,27.87594,76.47974,295,0,,,,29.25482,29.79668,25.02375
1787195263,27.87594,76.37751,295,0,,,,29.28868,29.86441,25.26061
1787195264,27.77714,76.31037,295,0,,,,29.25482,29.76281,24.85462
1787195265,27.76379,76.43397,296,0,,,,29.15322,29.89848,25.15922
1787195265,27.83322,76.33631,296,0,,,,29.22095,29.83055,25.05762
1787195266,27.93202,76.45228,296,0,,,,29.22095,29.86441,25.02375
1787195267,27.81987,76.43702,296,0,,,,29.25482,30.03395,25.12535
1787195267,27.86259,76.29206,295,0,,,,29.22095,29.76281,25.09148
1787195268,27.87594,76.31495,295,0,,,,29.25482,29.83055,25.15922
1787195269,27.84657,76.24475,295,0,,,,29.18709,29.89848,24.99009
1787195269,27.77714,76.28138,295,0,,,,29.11935,29.72895,24.92235
1787195270,27.86259,76.34241,295,0,,,,29.22095,29.83055,25.15922
1787195271,27.84657,76.22339,295,0,,,,29.18709,29.79668,25.09148
1787195271,27.81987,76.19592,295,0,,,,29.22095,29.76281,25.22675
1787195272,27.94537,76.29053,295,0,,,,29.22095,29.79668,25.02375
1787195273,27.84657,76.29664,295,0,,,,29.15322,29.83055,25.05762
1787195273,27.86259,76.24933,295,0,,,,29.18709,29.89848,25.05762
1787195274,27.86259,76.13489,295,0,,,,29.18709,29.89848,25.02375
1787195275,27.8893,76.33784,295,0,,,,29.15322,29.76281,25.09148
1787195275,27.86259,76.18524,296,0,,,,29.15322,29.79668,25.09148
1787195276,27.8893,76.21423,296,0,,,,29.18709,29.69508,25.22675
1787195277,27.79049,76.31495,296,0,,,,29.22095,29.83055,25.19288
1787195277,27.94537,76.39277,295,0,,,,29.25482,29.79668,24.95622
1787195278,27.84657,76.29664,295,0,,,,29.08549,29.83055,25.09148
1787195279,27.83322,76.30579,295,0,,,,29.15322,29.96601,25.09148
1787195279,27.86259,76.37446,295,0,,,,29.15322,29.86441,24.92235
1787195280,27.76379,76.39277,295,0,,,,29.18709,29.96601,25.12535
1787195281,27.94537,76.49653,295,0,,,,29.18709,29.69508,24.99009
1787195281,27.84657,76.62928,295,0,,,,29.25482,29.79668,24.95622
1787195282,27.86259,76.60334,295,0,,,,29.15322,29.93214,25.09148
1787195283,27.87594,76.61707,295,0,,,,29.22095,29.72895,25.02375
1787195283,27.83322,76.62623,295,0,,,,29.22095,29.83055,25.02375
1787195284,27.86259,76.64454,295,0,,,,29.15322,29.86441,24.99009
1787195285,27.80651,76.63996,296,0,,,,29.11935,29.93214,25.22675
1787195285,27.84657,76.74525,295,0,,,,29.28868,29.69508,25.26061
1787195286,27.83322,76.76357,296,0,,,,29.15322,29.93214,25.12535
1787195287,27.8893,76.73457,296,0,,,,29.18709,29.89848,24.92235
1787195287,27.84657,76.79561,295,0,,,,29.22095,29.79668,25.05762
1787195288,27.81987,76.78951,295,0,,,,29.15322,29.89848,25.02375
1787195289,27.9614,76.9192,295,0,,,,29.22095,29.86441,25.02375
1787195289,27.80651,76.82765,295,0,,,,29.11935,29.76281,25.09148
1787195290,27.87594,77.09621,295,0,,,,29.28868,29.89848,25.05762
1787195291,27.8893,77.12978,295,0,,,,29.11935,29.76281,24.95622
1787195291,27.87594,77.08705,295,0,,,,29.18709,29.76281,25.02375
1787195292,27.83322,76.96956,295,0,,,,29.15322,29.83055,24.99009
1787195293,27.8893,76.9131,295,0,,,,29.18709,29.79668,25.12535
1787195293,27.80651,76.8185,295,0,,,,29.18709,29.96601,25.12535
1787195294,27.84657,76.83986,295,0,,,,29.11935,29.89848,25.05762
1787195295,27.87594,76.73151,296,0,,,,29.28868,29.79668,25.02375
1787195295,27.83322,76.69032,296,0,,,,29.28868,29.79668,24.92235
1787195296,27.86259,76.6659,296,0,,,,29.11935,29.83055,25.19288
1787195297,27.87594,76.55299,295,0,,,,29.18709,29.76281,25.19288
1787195297,27.83322,76.51179,295,0,,,,29.11935,29.83055,25.05762
1787195298,27.79049,76.45075,295,0,,,,29.15322,29.86441,25.19288
1787195298,27.94537,76.53925,295,0,,,,29.18709,29.86441,24.99009
1787195299,27.80651,76.47517,295,0,,,,29.11935,29.89848,24.88849
1787195300,27.91867,76.49195,295,0,,,,29.15322,29.83055,25.09148
1787195300,27.8893,76.46449,295,0,,,,29.32255,29.79668,25.05762
1787195301,27.8893,76.2768,295,0,,,,29.15322,29.79668,24.92235
1787195302,27.76379,76.26765,295,0,,,,29.18709,29.86441,24.99009
1787195302,27.83322,76.2417,295,0,,,,29.08549,29.86441,25.09148
1787195303,27.87594,76.52399,295,0,,,,29.22095,29.93214,25.02375
1787195304,27.8893,76.84901,295,0,,,,29.08549,29.93214,25.12535
1787195304,27.87594,77.0428,295,0,,,,29.15322,29.72895,24.82096
1787195305,27.81987,77.06111,295,0,,,,29.15322,29.79668,24.95622
1787195306,27.93202,77.23506,296,0,,,,29.18709,29.89848,25.05762
1787195306,27.81987,77.38461,295,0,,,,29.18709,29.76281,24.99009
1787195307,27.77714,77.13435,296,0,,,,29.18709,29.79668,25.12535
1787195308,27.79049,77.10536,295,0,,,,29.15322,29.69508,25.05762
1787195308,27.91867,77.0016,295,0,,,,29.15322,29.83055,24.95622
1787195309,27.83322,76.9604,295,0,,,,29.22095,29.66121,25.12535
1787195310,27.90532,76.92683,295,0,,,,29.15322,29.86441,25.02375
1787195310,27.8893,76.82765,295,0,,,,29.22095,29.66121,25.05762
1787195311,27.8893,76.90089,295,0,,,,29.25482,29.89848,24.88849
1787195312,27.87594,76.78493,295,0,,,,29.11935,30.03395,25.15922
1787195312,27.97475,77.08858,295,0,,,,29.22095,29.83055,25.12535
1787195313,27.77714,77.2198,295,0,,,,29.22095,29.86441,25.02375
1787195314,27.86259,77.2198,295,0,,,,29.08549,29.86441,25.02375
1787195314,27.77714,77.3312,295,0,,,,29.18709,29.83055,25.19288
1787195315,27.94537,77.26711,295,0,,,,29.11935,29.83055,24.99009
1787195316,27.86259,77.12367,296,0,,,,29.15322,29.93214,25.02375
1787195316,27.80651,77.16182,296,0,,,,29.25482,29.93214,25.29448
1787195317,27.83322,76.98177,296,0,,,,29.11935,29.96601,25.05762
1787195318,27.87594,76.94972,295,0,,,,29.18709,29.79668,25.05762
1787195318,27.76379,76.9543,295,0,,,,29.22095,29.86441,24.99009
1787195319,27.87594,76.9192,295,0,,,,29.15322,29.86441,25.05762
1787195320,27.86259,76.75899,295,0,,,,29.18709,29.83055,24.99009
1787195320,27.81987,76.73914,295,0,,,,29.11935,29.89848,24.99009
1787195321,27.83322,76.67963,295,0,,,,29.08549,29.89848,24.99009
1787195322,27.80651,76.73609,295,0,,,,29.18709,29.86441,25.05762
1787195322,27.93202,76.64912,295,0,,,,29.18709,29.79668,25.15922
1787195323,27.90532,76.60334,295,0,,,,29.18709,29.66121,25.09148
1787195324,27.87594,76.72083,295,0,,,,29.22095,29.83055,25.12535
1787195324,27.84657,76.57893,295,0,,,,29.22095,29.79668,25.19288
1787195325,27.87594,76.65827,295,0,,,,29.25482,29.76281,25.22675
1787195326,27.81987,76.73914,296,0,,,,29.25482,29.83055,24.88849
1787195326,27.83322,76.60792,296,0,,,,29.11935,29.76281,25.05762
1787195327,27.87594,76.53315,295,0,,,,29.08549,29.83055,24.99009
1787195328,27.81987,76.59418,295,0,,,,29.18709,29.62735,25.09148
1787195328,27.86259,76.72999,295,0,,,,29.18709,29.93214,25.09148
1787195329,27.8893,76.82765,295,0,,,,29.25482,29.72895,25.02375
1787195330,27.8893,77.17097,295,0,,,,29.15322,29.89848,25.22675
1787195330,27.90532,77.25796,295,0,,,,29.15322,29.89848,25.02375
1787195331,27.79049,77.15724,295,0,,,,29.08549,29.93214,25.02375
1787195332,27.83322,77.18929,295,0,,,,29.18709,29.62735,25.15922
1787195332,27.86259,77.1664,295,0,,,,29.15322,29.86441,25.05762
1787195333,27.90532,77.13435,295,0,,,,29.18709,29.86441,25.15922
1787195334,27.93202,77.13893,295,0,,,,29.15322,29.93214,25.09148
1787195334,27.80651,77.12978,295,0,,,,29.18709,29.83055,25.02375
1787195335,27.87594,77.03365,295,0,,,,29.22095,29.83055,24.95622
1787195336,27.84657,77.01534,295,0,,,,29.25482,29.89848,25.09148
1787195336,27.79049,76.92836,296,0,,,,29.11935,29.83055,25.12535
1787195337,27.93202,76.89174,295,0,,,,29.15322,29.93214,25.19288
1787195338,27.83322,76.82613,295,0,,,,29.25482,29.83055,25.05762
1787195338,27.8893,76.79561,295,0,,,,29.15322,29.79668,25.05762
1787195339,27.83322,76.76357,295,0,,,,29.18709,29.76281,25.05762
1787195340,27.83322,76.72083,295,0,,,,29.15322,29.72895,25.02375
1787195340,27.84657,76.73457,295,0,,,,29.11935,29.86441,24.99009
1787195341,27.91867,76.79408,295,0,,,,29.05162,29.83055,25.09148
1787195342,27.87594,76.67963,295,0,,,,29.18709,29.79668,25.09148
1787195342,27.86259,76.71778,295,0,,,,29.15322,29.89848,25.05762
1787195343,27.87594,76.69947,296,0,,,,29.15322,29.79668,25.02375
1787195343,27.76379,76.62012,296,0,,,,29.28868,29.79668,25.02375
1787195344,27.86259,76.59266,295,0,,,,29.11935,29.79668,25.05762
1787195345,27.9614,76.61707,296,0,,,,29.18709,29.93214,25.09148
1787195345,27.79049,76.45991,296,0,,,,29.25482,29.86441,25.05762
1787195346,27.84657,76.49348,296,0,,,,29.15322,29.89848,24.92235
1787195347,27.74777,76.4828,295,0,,,,29.11935,29.86441,25.19288
1787195347,27.83322,76.47059,295,0,,,,29.18709,29.86441,24.95622
1787195348,27.84657,76.47364,295,0,,,,29.25482,29.69508,25.05762
1787195349,27.8893,76.47517,295,0,,,,29.15322,29.83055,24.92235
1787195349,27.81987,76.40498,295,0,,,,29.11935,29.79668,25.09148
1787195350,27.86259,76.49805,295,0,,,,29.22095,29.89848,25.12535
1787195351,27.81987,76.34241,295,0,,,,29.15322,29.76281,25.09148
1787195351,27.91867,76.23102,295,0,,,,29.18709,29.83055,24.95622
1787195352,27.87594,76.3241,295,0,,,,29.28868,29.79668,25.09148
1787195353,27.76379,76.43397,295,0,,,,29.15322,29.69508,25.05762
1787195353,27.83322,76.34547,295,0,,,,29.08549,29.89848,24.95622
1787195354,27.81987,76.17609,295,0,,,,28.98389,29.93214,25.12535
1787195355,27.80651,76.21423,296,0,,,,29.18709,29.83055,25.02375
1787195355,27.90532,76.31342,296,0,,,,29.28868,29.83055,25.09148
1787195356,27.84657,76.25544,296,0,,,,29.18709,29.83055,25.05762
1787195357,27.8893,76.31953,295,0,,,,29.18709,29.89848,25.09148
1787195357,27.83322,76.3653,295,0,,,,29.15322,29.76281,25.12535
1787195358,27.76379,76.39277,295,0,,,,29.28868,29.89848,25.09148
1787195359,27.87594,76.38819,296,0,,,,29.18709,29.86441,25.02375
1787195359,27.79049,76.36835,295,0,,,,29.18709,29.83055,24.95622
1787195360,27.81987,76.34241,295,0,,,,29.11935,29.83055,25.09148
1787195361,27.86259,76.38361,295,0,,,,29.15322,29.76281,25.09148
1787195361,27.84657,76.28748,295,0,,,,29.11935,29.83055,25.02375
1787195362,27.87594,76.35615,295,0,,,,29.18709,29.93214,25.02375
1787195363,27.90532,76.39582,295,0,,,,29.15322,29.76281,25.05762
1787195363,27.86259,76.42786,295,0,,,,29.15322,29.89848,24.99009
1787195364,27.73175,76.24933,295,0,,,,29.18709,29.93214,24.99009
1787195365,27.84657,76.25544,296,0,,,,29.22095,29.79668,24.99009
1787195365,27.8893,76.41108,296,0,,,,29.15322,29.79668,25.09148
1787195366,27.8893,76.29664,295,0,,,,29.18709,29.72895,25.12535
1787195367,27.80651,76.42329,296,0,,,,29.22095,29.89848,25.02375
1787195367,27.84657,76.33784,295,0,,,,29.18709,29.83055,25.19288
1787195368,27.83322,76.30579,295,0,,,,29.22095,29.89848,24.99009
1787195369,27.91867,76.38667,295,0,,,,29.18709,29.86441,24.99009
1787195369,27.86259,76.40498,295,0,,,,29.25482,29.79668,24.95622
1787195370,27.83322,76.28291,295,0,,,,29.22095,29.86441,25.02375
1787195371,27.81987,76.28138,295,0,,,,29.28868,29.79668,25.09148
1787195371,27.81987,76.36378,295,0,,,,29.18709,29.76281,25.15922
1787195372,27.79049,76.26307,295,0,,,,29.15322,29.83055,24.92235
1787195373,27.83322,76.29511,295,0,,,,29.25482,29.86441,25.12535
1787195373,27.80651,76.27833,295,0,,,,29.15322,29.72895,25.02375
1787195374,27.86259,76.47822,295,0,,,,29.15322,29.72895,25.05762
1787195375,27.87594,76.33631,296,0,,,,29.22095,29.76281,24.95622
1787195375,27.90532,76.23712,295,0,,,,29.22095,29.83055,25.05762
1787195376,27.87594,76.28291,295,0,,,,29.25482,29.72895,25.09148
1787195377,27.80651,76.29969,296,0,,,,29.11935,29.96601,25.05762
1787195377,27.80651,76.40192,295,0,,,,29.11935,29.76281,24.99009
1787195378,27.83322,76.73151,295,0,,,,29.15322,29.86441,24.95622
1787195379,27.8893,76.82765,295,0,,,,29.25482,29.72895,25.02375
1787195379,27.93202,77.01534,295,0,,,,29.15322,29.83055,24.92235
1787195380,27.87594,77.02296,295,0,,,,29.05162,29.69508,25.12535
1787195381,27.83322,77.16945,295,0,,,,29.11935,29.96601,25.15922
1787195381,27.87594,77.30373,295,0,,,,29.18709,29.79668,25.12535
1787195382,27.8893,77.48531,295,0,,,,29.32255,29.86441,25.12535
1787195383,27.8893,77.69283,295,0,,,,29.15322,29.93214,25.12535
1787195383,27.8893,77.72335,295,0,,,,29.18709,29.72895,25.12535
1787195384,27.81987,77.71572,295,0,,,,29.32255,29.93214,25.05762
1787195385,27.8893,77.69283,296,0,,,,29.32255,29.83055,24.85462
1787195385,27.87594,77.65926,295,0,,,,29.08549,29.89848,25.15922
1787195386,27.83322,77.37698,296,0,,,,29.11935,29.86441,25.05762
1787195386,27.84657,77.30679,295,0,,,,29.28868,29.89848,25.09148
1787195387,27.77714,77.23811,296,0,,,,29.15322,29.86441,24.92235
1787195388,27.84657,77.08858,295,0,,,,29.22095,29.83055,24.92235
1787195388,27.81987,76.94667,295,0,,,,29.32255,30.10148,25.12535
1787195389,27.86259,77.00008,295,0,,,,29.05162,29.93214,24.99009
1787195390,27.83322,76.80324,295,0,,,,29.22095,29.62735,25.05762
1787195390,27.81987,76.88564,295,0,,,,29.32255,29.86441,25.15922
1787195391,27.84657,76.75746,295,0,,,,29.22095,29.89848,24.95622
1787195392,27.86259,76.68574,295,0,,,,29.18709,29.93214,25.09148
1787195392,27.80651,76.672,295,0,,,,29.15322,29.83055,25.09148
1787195393,27.9614,76.59724,295,0,,,,29.18709,29.76281,25.09148
1787195394,27.81987,76.55146,295,0,,,,29.15322,29.93214,25.09148
1787195394,27.91867,76.63844,295,0,,,,29.25482,29.93214,25.12535
1787195395,27.8893,76.63996,296,0,,,,29.18709,29.86441,24.99009
1787195396,27.8893,76.56672,296,0,,,,29.25482,29.96601,25.02375
1787195396,27.9614,76.63844,296,0,,,,29.15322,29.69508,25.09148
1787195397,27.90532,76.55146,296,0,,,,29.22095,29.83055,25.02375
1787195398,27.91867,76.73151,295,0,,,,29.22095,29.86441,25.05762
1787195398,27.83322,76.50263,295,0,,,,29.22095,29.79668,25.12535
1787195399,27.84657,76.45533,295,0,,,,29.25482,29.83055,25.02375
1787195400,27.83322,76.46143,295,0,,,,29.32255,29.79668,25.12535
1787195400,27.84657,76.57893,295,0,,,,29.22095,29.83055,25.09148
1787195401,27.84657,76.55756,295,0,,,,29.11935,29.96601,24.99009
1787195402,27.86259,76.45686,295,0,,,,29.22095,29.79668,25.02375
1787195402,27.8893,76.44312,295,0,,,,29.25482,29.83055,25.26061
1787195403,27.81987,76.4477,295,0,,,,29.15322,29.89848,25.02375
1787195404,27.86259,76.49805,295,0,,,,29.15322,29.83055,25.22675
1787195404,27.79049,76.45075,295,0,,,,29.22095,29.83055,25.09148
1787195405,27.84657,76.43244,295,0,,,,29.22095,29.83055,25.05762
1787195406,27.87594,76.35615,296,0,,,,29.25482,29.76281,25.02375
1787195406,27.8893,76.24475,296,0,,,,29.11935,29.76281,25.05762
1787195407,27.79049,76.3241,296,0,,,,29.25482,29.86441,25.26061
1787195408,27.84657,76.26765,295,0,,,,29.15322,29.93214,25.02375
1787195408,27.91867,76.30427,295,0,,,,29.11935,29.69508,25.26061
1787195409,27.86259,76.39582,295,0,,,,29.32255,29.86441,25.19288
1787195410,27.86259,76.24933,295,0,,,,29.15322,29.99988,25.19288
1787195410,27.90532,76.36378,295,0,,,,29.32255,29.86441,25.02375
1787195411,27.93202,76.2768,295,0,,,,29.25482,29.86441,24.99009
1787195412,27.86259,76.26917,295,0,,,,29.28868,29.93214,25.02375
1787195412,27.86259,76.28138,295,0,,,,29.25482,29.83055,25.05762
1787195413,27.80651,76.29969,295,0,,,,29.08549,29.79668,25.02375
1787195414,27.8893,76.2356,295,0,,,,29.18709,29.93214,24.92235
1787195414,27.76379,76.14099,295,0,,,,29.18709,29.86441,25.05762
1787195415,27.90532,76.24933,296,0,,,,29.28868,29.89848,25.09148
1787195416,27.9614,76.20966,295,0,,,,29.22095,29.83055,25.05762
1787195416,27.84657,76.06775,296,0,,,,29.25482,29.79668,25.22675
1787195417,27.90532,76.23712,295,0,,,,29.18709,29.86441,24.92235
1787195418,27.80651,76.27833,295,0,,,,29.18709,29.72895,25.02375
1787195418,27.91867,76.25085,295,0,,,,29.22095,29.86441,25.09148
1787195419,27.90532,76.24933,295,0,,,,29.22095,29.76281,25.09148
1787195420,27.79049,76.27375,295,0,,,,29.28868,29.72895,24.99009
1787195420,27.8893,76.2768,295,0,,,,29.18709,29.86441,25.12535
1787195421,27.84657,76.26765,295,0,,,,29.25482,29.66121,25.05762
1787195422,27.86259,76.22797,295,0,,,,29.18709,29.86441,25.12535
1787195422,27.84657,76.3592,295,0,,,,29.22095,30.03395,25.12535
1787195423,27.90532,76.35157,295,0,,,,29.28868,29.99988,24.92235
1787195424,27.81987,76.22797,295,0,,,,29.28868,29.89848,25.15922
1787195424,27.8893,76.40192,295,0,,,,29.18709,29.93214,24.99009
1787195425,27.86259,76.39582,296,0,,,,29.11935,29.76281,24.99009
1787195426,27.76379,76.41413,295,0,,,,29.11935,29.93214,25.09148
1787195426,27.86259,76.4477,296,0,,,,29.15322,29.89848,25.15922
1787195427,27.90532,76.39582,295,0,,,,29.11935,29.93214,25.05762
1787195428,27.77714,76.35462,295,0,,,,29.18709,29.83055,25.09148
1787195428,27.87594,76.46143,295,0,,,,29.18709,29.89848,25.09148
1787195429,27.74777,76.34699,295,0,,,,29.22095,29.89848,25.12535
1787195430,27.77714,76.4065,295,0,,,,29.35642,29.89848,25.02375
1787195430,27.84657,76.52552,295,0,,,,29.15322,29.79668,25.15922
1787195431,27.80651,76.33784,295,0,,,,29.25482,29.86441,25.05762
1787195431,27.79049,76.31495,295,0,,,,29.25482,29.76281,25.15922
1787195432,27.86259,76.23712,295,0,,,,29.22095,29.89848,24.99009
1787195433,27.86259,76.39582,295,0,,,,29.22095,29.93214,24.99009
1787195433,27.83322,76.25391,295,0,,,,29.11935,29.86441,24.99009
1787195434,27.84657,76.36988,295,0,,,,29.18709,29.89848,24.88849
1787195435,27.8893,76.40192,295,0,,,,29.18709,29.72895,24.95622
1787195435,27.84657,76.21423,295,0,,,,29.22095,29.89848,25.02375
1787195436,27.8893,76.2356,296,0,,,,29.25482,29.86441,25.15922
1787195437,27.87594,76.35615,296,0,,,,29.22095,29.86441,24.95622
1787195437,27.90532,76.30122,295,0,,,,29.32255,29.72895,24.99009
1787195438,27.84657,76.2768,295,0,,,,29.11935,29.89848,25.02375
1787195439,27.90532,76.33173,295,0,,,,29.22095,29.83055,24.99009
1787195439,27.86259,76.33173,295,0,,,,29.18709,29.79668,24.92235
1787195440,27.87594,76.28291,295,0,,,,29.15322,29.66121,24.95622
1787195441,27.86259,76.26002,295,0,,,,29.18709,29.66121,25.09148
1787195441,27.87594,76.37751,295,0,,,,29.18709,29.76281,25.12535
1787195442,27.83322,76.37751,295,0,,,,29.22095,29.72895,24.99009
1787195443,27.76379,76.2356,295,0,,,,29.22095,29.89848,25.05762
1787195443,27.87594,76.27375,295,0,,,,29.18709,29.83055,24.99009
1787195444,27.80651,76.318,295,0,,,,29.22095,29.93214,24.99009
1787195445,27.83322,76.30579,296,0,,,,29.15322,29.86441,25.09148
1787195445,27.80651,76.25544,295,0,,,,29.18709,29.72895,25.09148
1787195446,27.86259,76.20813,296,0,,,,29.25482,29.89848,24.95622
1787195447,27.79049,76.29511,296,0,,,,29.11935,29.79668,25.12535
1787195447,27.86259,76.26917,296,0,,,,29.22095,29.79668,25.09148
1787195448,27.84657,76.29664,295,0,,,,29.22095,29.72895,25.09148
1787195449,27.8893,76.24475,295,0,,,,29.18709,29.79668,25.09148
1787195449,27.81987,76.35157,295,0,,,,29.18709,29.79668,25.09148
1787195450,27.83322,76.30579,295,0,,,,29.22095,29.86441,24.95622
1787195451,27.80651,76.21423,295,0,,,,29.05162,29.86441,25.12535
1787195451,27.91867,76.32716,295,0,,,,29.22095,29.79668,25.12535
1787195452,27.86259,76.31342,295,0,,,,29.15322,29.66121,24.95622
1787195453,27.81987,76.29206,295,0,,,,29.11935,29.96601,24.99009
1787195453,27.90532,76.23712,295,0,,,,29.18709,29.96601,25.12535
1787195454,27.83322,76.35615,295,0,,,,29.22095,29.86441,25.12535
1787195455,27.8893,76.37904,295,0,,,,29.22095,30.06781,24.99009
1787195455,27.87594,76.3653,296,0,,,,29.25482,29.89848,25.12535
1787195456,27.8893,76.31953,296,0,,,,29.15322,29.99988,25.15922
1787195457,27.90532,76.28138,295,0,,,,29.22095,29.76281,25.09148
1787195457,27.90532,76.14557,296,0,,,,29.15322,29.69508,25.09148
1787195458,27.80651,76.33784,295,0,,,,29.18709,29.83055,25.22675
1787195459,27.83322,76.29511,295,0,,,,29.18709,29.83055,24.99009
1787195459,27.8893,76.2646,295,0,,,,29.18709,29.79668,25.05762
1787195460,27.83322,76.27375,295,0,,,,29.22095,29.72895,25.02375
1787195461,27.86259,76.38361,295,0,,,,29.25482,29.69508,24.92235
1787195461,27.93202,76.45228,295,0,,,,29.25482,29.93214,25.05762
1787195462,27.79049,76.29511,295,0,,,,29.22095,29.83055,25.02375
1787195463,27.87594,76.1593,295,0,,,,29.11935,29.72895,25.05762
1787195463,27.84657,76.42329,295,0,,,,29.15322,29.96601,25.09148
1787195464,27.79049,76.29511,295,0,,,,29.22095,29.86441,24.95622
1787195465,27.90532,76.19592,296,0,,,,29.18709,29.76281,25.09148
1787195465,27.8893,76.30885,296,0,,,,29.25482,29.89848,24.82096
1787195466,27.87594,76.20966,296,0,,,,29.22095,29.89848,25.09148
1787195467,27.76379,76.28748,296,0,,,,29.11935,29.86441,24.92235
1787195467,27.87594,76.27375,296,0,,,,29.22095,29.83055,25.02375
1787195468,27.87594,76.17761,295,0,,,,29.22095,29.86441,25.02375
1787195469,27.7184,76.2356,295,0,,,,29.18709,29.89848,25.02375
1787195469,27.86259,76.33173,295,0,,,,29.18709,29.83055,25.15922
1787195470,27.79049,76.26307,295,0,,,,29.15322,29.66121,24.99009
1787195471,27.86259,76.32258,295,0,,,,29.25482,29.86441,25.02375
1787195471,27.8893,76.25544,295,0,,,,29.18709,29.76281,25.09148
1787195472,27.83322,76.29511,295,0,,,,29.22095,29.79668,25.02375
1787195473,27.84657,76.18219,295,0,,,,29.22095,29.83055,25.12535
1787195473,27.81987,76.24017,295,0,,,,29.28868,29.86441,25.09148
1787195474,27.87594,76.22186,295,0,,,,29.18709,29.86441,25.22675
1787195474,27.9614,76.29511,295,0,,,,29.22095,29.83055,25.09148
1787195475,27.90532,76.20813,295,0,,,,29.18709,29.86441,24.99009
1787195476,27.90532,76.22797,295,0,,,,29.18709,29.76281,24.99009
1787195476,27.84657,76.22339,296,0,,,,29.15322,29.79668,25.05762
1787195477,27.86259,76.35157,295,0,,,,29.11935,29.86441,25.12535
1787195478,27.86259,76.29206,295,0,,,,29.22095,29.83055,25.12535
1787195478,27.86259,76.31342,295,0,,,,29.22095,29.72895,24.99009
1787195479,27.8893,76.19135,295,0,,,,29.15322,29.96601,25.15922
1787195480,27.84657,76.16235,295,0,,,,29.22095,29.76281,24.99009
1787195480,27.84657,76.21423,295,0,,,,29.18709,29.83055,25.12535
1787195481,27.79049,76.22186,295,0,,,,29.25482,29.72895,25.05762
1787195482,27.79049,76.15778,295,0,,,,29.22095,29.89848,24.95622
1787195482,27.94537,76.33173,295,0,,,,29.22095,29.76281,25.15922
1787195483,27.76379,76.20508,295,0,,,,29.18709,29.76281,24.82096
1787195484,27.86259,76.24933,295,0,,,,29.22095,29.86441,25.05762
1787195484,27.74777,76.13947,295,0,,,,29.18709,29.76281,25.02375
1787195485,27.90532,76.15472,295,0,,,,29.28868,29.96601,24.95622
1787195486,27.84657,76.26765,297,0,,,,29.22095,29.69508,25.05762
1787195486,27.8893,76.19135,296,0,,,,29.08549,29.96601,25.09148
1787195487,27.83322,76.15778,296,0,,,,29.25482,29.89848,24.99009
1787195488,27.81987,76.26917,295,0,,,,29.22095,29.86441,25.09148
1787195488,27.80651,76.21423,295,0,,,,29.18709,29.83055,25.09148
1787195489,27.90532,76.21729,295,0,,,,29.18709,29.83055,24.99009
1787195490,27.90532,76.28138,295,0,,,,29.25482,29.86441,25.09148
1787195490,27.91867,76.42939,295,0,,,,29.25482,29.69508,25.05762
1787195491,27.74777,76.35615,295,0,,,,29.25482,29.79668,25.02375
1787195492,27.8893,76.47517,295,0,,,,29.25482,29.93214,25.12535
1787195492,27.94537,76.44617,295,0,,,,29.22095,29.86441,24.95622
1787195493,27.90532,76.5301,295,0,,,,29.22095,29.72895,25.05762
1787195494,27.79049,76.50263,295,0,,,,29.22095,29.76281,24.99009
1787195494,27.84657,76.56977,295,0,,,,29.11935,29.89848,24.95622
1787195495,27.87594,76.60639,295,0,,,,29.22095,29.83055,25.12535
1787195496,27.87594,76.52399,296,0,,,,29.18709,29.79668,25.05762
1787195496,27.87594,76.50111,297,0,,,,29.18709,29.86441,25.02375
1787195497,27.73175,76.39582,295,0,,,,29.15322,29.83055,24.99009
1787195498,27.8893,76.41108,295,0,,,,29.15322,29.79668,25.09148
1787195498,27.84657,76.42329,295,0,,,,29.15322,29.79668,24.99009
1787195499,27.79049,76.37751,295,0,,,,29.25482,29.89848,25.15922
1787195500,27.83322,76.42939,295,0,,,,29.18709,29.86441,24.88849
1787195500,27.83322,76.3241,295,0,,,,29.22095,29.93214,25.12535
1787195501,27.86259,76.37446,295,0,,,,29.18709,29.83055,25.05762
1787195502,27.84657,76.36988,295,0,,,,29.32255,29.83055,25.02375
1787195502,27.84657,76.30885,295,0,,,,29.25482,29.79668,25.15922
1787195503,27.90532,76.42481,295,0,,,,29.22095,29.96601,25.05762
1787195504,27.80651,76.1944,295,0,,,,29.32255,29.86441,25.12535
1787195504,27.83322,76.34547,295,0,,,,29.18709,29.86441,25.12535
1787195505,27.86259,76.26002,296,0,,,,29.28868,29.83055,25.12535
1787195506,27.76379,76.2356,295,0,,,,29.22095,29.86441,25.12535
1787195506,27.8893,76.3592,295,0,,,,29.15322,29.93214,24.99009
1787195507,27.84657,76.30885,296,0,,,,29.25482,29.93214,25.09148
1787195508,27.90532,76.24933,295,0,,,,29.25482,29.86441,24.92235
1787195508,27.81987,76.40498,295,0,,,,29.15322,29.62735,24.95622
1787195509,27.81987,76.30122,295,0,,,,29.28868,29.89848,25.15922
1787195510,27.91867,76.30427,295,0,,,,29.32255,29.76281,25.09148
1787195510,27.84657,76.21423,295,0,,,,29.22095,29.89848,25.02375
1787195511,27.81987,76.20813,295,0,,,,29.18709,29.93214,25.02375
1787195512,27.87594,76.26307,295,0,,,,29.11935,29.96601,24.99009
1787195512,27.84657,76.2768,295,0,,,,29.22095,29.86441,25.05762
1787195513,27.80651,76.36988,295,0,,,,29.18709,29.79668,25.05762
1787195514,27.81987,76.37446,295,0,,,,29.22095,29.86441,24.95622
1787195514,27.81987,76.33173,295,0,,,,29.18709,29.89848,25.09148
1787195515,27.81987,76.40498,296,0,,,,29.18709,29.72895,24.92235
1787195516,27.86259,76.34241,295,0,,,,29.08549,29.89848,24.95622
1787195516,27.87594,76.41871,296,0,,,,29.15322,29.79668,25.05762
1787195517,27.87594,76.41871,296,0,,,,29.22095,29.89848,25.26061
1787195517,27.93202,76.33784,295,0,,,,29.22095,29.83055,24.95622
1787195518,27.91867,76.53315,295,0,,,,29.22095,29.72895,24.92235
1787195519,27.87594,76.42939,295,0,,,,29.22095,29.69508,25.02375
1787195519,27.90532,76.43702,295,0,,,,29.25482,29.76281,24.99009
1787195520,27.93202,76.36988,295,0,,,,29.25482,29.79668,25.02375
1787195521,27.90532,76.47822,295,0,,,,29.22095,29.89848,25.05762
1787195521,27.86259,76.46906,295,0,,,,29.25482,29.76281,25.05762
1787195522,27.91867,76.38667,295,0,,,,29.22095,29.89848,24.99009
1787195523,27.9614,76.38667,295,0,,,,29.28868,29.79668,24.95622
1787195523,27.84657,76.32716,295,0,,,,29.28868,29.79668,25.02375
1787195524,27.90532,76.36378,295,0,,,,29.18709,29.96601,24.99009
1787195525,27.81987,76.24933,296,0,,,,29.18709,29.83055,25.02375
1787195525,27.76379,76.24628,296,0,,,,29.18709,30.03395,24.95622
1787195526,27.84657,76.32716,295,0,,,,29.15322,29.83055,25.15922
1787195527,27.94537,76.32258,295,0,,,,29.25482,29.83055,24.92235
1787195527,27.86259,76.32258,295,0,,,,29.22095,29.79668,24.95622
1787195528,27.76379,76.39277,295,0,,,,29.22095,29.89848,24.92235
1787195529,27.83322,76.26307,295,0,,,,29.25482,29.86441,24.95622
1787195529,27.87594,76.22186,295,0,,,,29.18709,29.83055,25.05762
1787195530,27.86259,76.47822,295,0,,,,29.22095,29.96601,25.05762
1787195531,27.83322,76.22186,295,0,,,,29.15322,29.99988,24.92235
1787195531,27.81987,76.26002,295,0,,,,29.25482,29.66121,25.05762
1787195532,27.79049,76.38819,295,0,,,,29.22095,29.76281,25.02375
1787195533,27.86259,76.32258,295,0,,,,29.32255,29.99988,24.92235
1787195533,27.91867,76.34547,295,0,,,,29.18709,29.72895,24.95622
1787195534,27.8893,76.2356,295,0,,,,29.15322,29.83055,24.95622
1787195535,27.86259,76.34241,296,0,,,,29.28868,29.83055,24.95622
1787195535,27.87594,76.35615,295,0,,,,29.25482,29.83055,25.05762
1787195536,27.87594,76.26307,295,0,,,,29.18709,29.86441,25.19288
1787195537,27.91867,76.28291,295,0,,,,29.22095,29.89848,24.99009
1787195537,27.87594,76.3241,295,0,,,,29.25482,29.83055,25.09148
1787195538,27.90532,76.28138,295,0,,,,29.18709,29.76281,25.09148
1787195539,27.74777,76.23254,295,0,,,,29.18709,29.72895,25.09148
1787195539,27.84657,76.18219,295,0,,,,29.22095,29.83055,25.05762
1787195540,27.77714,76.32258,295,0,,,,29.18709,29.69508,24.99009
1787195541,27.87594,76.35615,295,0,,,,29.18709,29.93214,25.15922
1787195541,27.90532,76.26917,295,0,,,,29.22095,29.83055,25.05762
1787195542,27.77714,76.33173,295,0,,,,29.28868,29.83055,24.95622
1787195543,27.76379,76.34089,295,0,,,,29.18709,29.69508,25.12535
1787195543,27.8893,76.2768,295,0,,,,29.35642,29.93214,24.95622
1787195544,27.84657,76.36988,295,0,,,,29.22095,29.89848,24.99009
1787195545,27.81987,76.43702,296,0,,,,29.15322,29.93214,25.12535
1787195545,27.90532,76.50721,296,0,,,,29.25482,29.89848,25.12535
1787195546,27.83322,76.53315,296,0,,,,29.15322,29.83055,24.99009
1787195547,27.8893,76.59876,296,0,,,,29.18709,29.79668,25.19288
1787195547,27.87594,76.69032,296,0,,,,29.25482,29.86441,24.85462
1787195548,27.91867,76.81392,295,0,,,,29.15322,29.93214,24.92235
1787195549,27.90532,76.94667,295,0,,,,29.25482,29.79668,25.09148
1787195549,27.84657,77.07942,295,0,,,,29.18709,29.93214,25.09148
1787195550,27.83322,77.09621,295,0,,,,29.18709,29.89848,24.99009
1787195551,27.83322,77.23354,295,0,,,,29.22095,29.86441,25.15922
1787195551,27.86259,77.01991,296,0,,,,29.08549,29.76281,25.02375
1787195552,27.86259,77.00008,295,0,,,,29.18709,29.72895,25.02375
1787195553,27.86259,76.93752,295,0,,,,29.18709,29.76281,25.12535
1787195553,27.84657,76.97414,295,0,,,,29.11935,29.86441,25.12535
1787195554,27.9614,76.77272,295,0,,,,29.22095,29.89848,25.05762
1787195555,27.81987,76.73914,296,0,,,,29.15322,29.69508,25.29448
1787195555,27.87594,76.72083,296,0,,,,29.15322,29.83055,25.29448
1787195556,27.77714,76.5713,295,0,,,,29.15322,29.89848,25.09148
1787195557,27.86259,76.68574,296,0,,,,29.22095,29.76281,25.19288
1787195557,27.8893,76.55756,295,0,,,,29.05162,29.76281,25.02375
1787195558,27.91867,76.56519,295,0,,,,29.25482,29.83055,25.05762
1787195559,27.80651,76.63081,295,0,,,,29.22095,29.79668,25.12535
1787195559,27.84657,76.62928,295,0,,,,29.15322,29.86441,25.09148
1787195560,27.8893,76.49348,295,0,,,,29.15322,29.93214,25.09148
1787195560,27.91867,76.55299,295,0,,,,29.25482,29.99988,25.19288
1787195561,27.80651,76.55756,295,0,,,,29.22095,29.89848,24.95622
1787195562,27.80651,76.54841,295,0,,,,29.11935,29.79668,25.15922
1787195562,27.86259,76.6247,295,0,,,,29.22095,29.76281,25.02375
1787195563,27.79049,76.59724,295,0,,,,29.11935,29.83055,24.88849
1787195564,27.86259,76.91768,295,0,,,,29.22095,29.69508,24.99009
1787195564,27.81987,76.93599,295,0,,,,29.15322,29.93214,25.05762
1787195565,27.90532,77.13435,296,0,,,,29.18709,29.96601,25.02375
1787195566,27.83322,77.25185,296,0,,,,29.28868,29.86441,24.95622
1787195566,27.87594,77.54482,296,0,,,,29.18709,29.96601,24.88849
1787195567,27.90532,77.94766,296,0,,,,29.18709,29.66121,24.88849
1787195568,27.84657,78.00717,295,0,,,,29.15322,29.86441,24.95622
1787195568,27.76379,78.02548,295,0,,,,29.18709,29.79668,25.05762
1787195569,27.79049,77.98123,295,0,,,,29.18709,29.76281,24.92235
1787195570,27.84657,77.80728,295,0,,,,29.25482,29.89848,25.15922
1787195570,27.90532,77.8439,295,0,,,,29.18709,29.86441,25.05762
1787195571,27.76379,77.57839,295,0,,,,29.15322,29.96601,25.19288
1787195572,27.83322,77.69131,295,0,,,,29.15322,29.83055,24.95622
1787195572,27.83322,77.52346,295,0,,,,29.15322,29.66121,25.12535
1787195573,27.83322,77.43954,295,0,,,,29.08549,29.96601,24.99009
1787195574,27.80651,77.38155,295,0,,,,29.22095,29.72895,25.09148
1787195574,27.83322,77.12825,295,0,,,,29.15322,29.86441,24.99009
1787195575,27.86259,77.15572,295,0,,,,29.11935,29.83055,24.95622
1787195576,27.86259,77.00008,295,0,,,,29.18709,29.76281,25.02375
1787195576,27.91867,77.0016,296,0,,,,29.18709,29.83055,25.19288
1787195577,27.87594,77.15724,296,0,,,,29.05162,29.72895,24.92235
1787195578,27.81987,77.50973,295,0,,,,29.25482,29.69508,25.12535
1787195578,27.79049,77.75235,295,0,,,,29.22095,29.83055,25.12535
1787195579,27.83322,77.80576,295,0,,,,29.15322,29.93214,24.99009
1787195580,27.8893,77.86069,295,0,,,,29.15322,29.89848,24.99009
1787195580,27.80651,77.66384,295,0,,,,29.11935,29.86441,24.95622
1787195581,27.80651,77.66384,295,0,,,,29.22095,29.89848,25.05762
1787195582,27.84657,77.57839,295,0,,,,29.25482,29.79668,25.09148
1787195582,27.86259,77.56008,295,0,,,,29.25482,29.79668,25.02375
1787195583,27.90532,77.4258,295,0,,,,29.28868,29.86441,24.95622
1787195584,27.86259,77.3312,295,0,,,,29.22095,29.93214,25.09148
1787195584,27.83322,77.18929,295,0,,,,29.18709,29.72895,24.99009
1787195585,27.83322,77.11604,295,0,,,,29.35642,29.86441,25.05762
1787195586,27.77714,76.97871,295,0,,,,29.18709,29.79668,25.19288
1787195586,27.81987,76.95583,296,0,,,,29.22095,29.72895,25.15922
1787195587,27.86259,77.04128,296,0,,,,29.15322,29.69508,24.92235
1787195588,27.77714,76.91768,295,0,,,,29.22095,29.83055,25.22675
1787195588,27.83322,76.82613,295,0,,,,29.18709,29.79668,24.99009
1787195589,27.97475,76.7773,295,0,,,,29.18709,29.89848,24.92235
1787195590,27.90532,76.81239,295,0,,,,29.25482,29.79668,25.02375
1787195590,27.79049,76.78188,295,0,,,,29.18709,29.89848,25.15922
1787195591,27.84657,76.69337,295,0,,,,29.15322,29.83055,25.12535
1787195592,27.93202,76.93294,295,0,,,,29.18709,29.89848,25.02375
1787195592,27.84657,76.70405,295,0,,,,29.18709,29.72895,25.19288
1787195593,27.79049,76.69032,295,0,,,,29.18709,29.83055,24.99009
1787195594,27.81987,76.68574,295,0,,,,29.11935,29.83055,24.99009
1787195594,27.81987,76.60334,295,0,,,,29.32255,29.72895,25.12535
1787195595,27.79049,76.67963,296,0,,,,29.15322,29.86441,25.02375
1787195597,27.83322,76.64759,296,0,,,,29.11935,29.89848,24.95622
1787195597,27.76379,76.66285,296,0,,,,29.25482,29.83055,25.02375
1787195597,27.84657,76.62165,296,0,,,,29.18709,29.83055,25.15922
1787195598,27.79049,76.71168,296,0,,,,29.18709,29.93214,25.15922
1787195598,27.86259,76.61555,295,0,,,,29.25482,29.86441,24.99009
1787195599,27.90532,76.61555,295,0,,,,29.15322,29.89848,24.95622
1787195600,27.86259,76.68574,295,0,,,,29.22095,29.86441,24.95622
1787195600,27.76379,76.62012,295,0,,,,29.18709,29.79668,24.88849
1787195601,27.74777,76.57587,295,0,,,,29.25482,29.83055,24.99009
1787195602,27.74777,76.63844,295,0,,,,29.15322,29.79668,24.88849
1787195602,27.86259,76.59266,295,0,,,,29.22095,29.83055,25.05762
1787195603,27.93202,76.54688,295,0,,,,29.32255,29.93214,24.99009
1787195604,27.77714,76.6247,295,0,,,,29.25482,29.76281,25.15922
1787195604,27.81987,76.49805,295,0,,,,29.18709,29.86441,25.09148
1787195605,27.87594,76.59724,296,0,,,,29.22095,29.76281,25.26061
1787195606,27.8893,76.53773,295,0,,,,29.22095,29.86441,25.02375
1787195606,27.83322,76.55604,295,0,,,,29.15322,29.72895,25.09148
1787195607,27.87594,76.62928,296,0,,,,29.18709,29.99988,25.05762
1787195607,27.83322,76.55604,295,0,,,,29.15322,29.83055,24.92235
1787195608,27.86259,76.47822,295,0,,,,29.15322,29.99988,24.95622
1787195609,27.80651,76.50568,295,0,,,,29.22095,29.86441,25.05762
1787195609,27.80651,76.43397,295,0,,,,29.18709,29.89848,25.15922
1787195610,27.81987,76.42786,295,0,,,,29.18709,29.83055,24.92235
1787195611,27.93202,76.53773,295,0,,,,29.15322,29.66121,25.26061
1787195611,27.90532,76.50721,295,0,,,,29.25482,29.76281,25.05762
1787195612,27.84657,76.50568,295,0,,,,29.22095,29.76281,24.95622
1787195613,27.86259,76.40498,295,0,,,,29.18709,29.72895,25.09148
1787195613,27.83322,76.35615,295,0,,,,29.11935,29.86441,25.02375
1787195614,27.81987,76.38361,295,0,,,,29.11935,29.69508,24.92235
1787195615,27.80651,76.45533,296,0,,,,29.15322,29.79668,25.05762
1787195615,27.87594,76.46143,295,0,,,,29.11935,29.79668,25.02375
1787195616,27.83322,76.50263,296,0,,,,29.22095,29.79668,25.15922
1787195617,27.86259,76.40498,296,0,,,,29.15322,29.79668,25.02375
1787195617,27.81987,76.61555,295,0,,,,29.28868,29.89848,25.09148
1787195618,27.81987,76.69794,295,0,,,,29.18709,29.79668,24.92235
1787195619,27.8893,76.72541,295,0,,,,29.25482,29.79668,24.99009
1787195619,27.79049,76.71168,295,0,,,,29.22095,29.76281,25.15922
1787195620,27.79049,76.62623,295,0,,,,29.18709,29.79668,25.22675
1787195621,27.86259,76.71778,295,0,,,,29.15322,29.86441,24.92235
1787195621,27.8893,76.65217,295,0,,,,29.08549,29.89848,25.15922
1787195622,27.81987,76.69794,295,0,,,,29.28868,29.79668,25.12535
1787195623,27.90532,76.65369,295,0,,,,29.15322,29.86441,25.02375
1787195623,27.8893,76.53773,295,0,,,,29.15322,29.83055,25.05762
1787195624,27.79049,76.56519,295,0,,,,29.18709,29.69508,24.92235
1787195625,27.87594,76.53315,295,0,,,,29.08549,29.69508,25.09148
1787195625,27.77714,76.51026,295,0,,,,29.25482,29.76281,25.09148
1787195626,27.94537,76.42481,295,0,,,,29.28868,29.93214,25.09148
1787195627,27.84657,76.39124,296,0,,,,29.25482,29.89848,25.09148
1787195627,27.83322,76.67963,295,0,,,,29.11935,29.76281,25.09148
1787195628,27.80651,76.71626,295,0,,,,29.08549,29.76281,25.12535
1787195629,27.79049,76.77272,295,0,,,,29.18709,29.76281,25.02375
1787195629,27.83322,77.084,295,0,,,,29.18709,29.93214,25.19288
1787195630,27.81987,77.05196,295,0,,,,29.18709,29.96601,25.02375
1787195631,27.84657,76.98329,295,0,,,,29.22095,29.76281,25.05762
1787195631,27.77714,77.01991,295,0,,,,29.11935,29.79668,24.95622
1787195632,27.83322,76.98177,295,0,,,,29.22095,29.89848,25.02375
1787195633,27.84657,76.78645,295,0,,,,29.15322,29.86441,24.99009
1787195633,27.80651,76.80782,295,0,,,,29.18709,29.66121,24.99009
1787195634,27.80651,76.672,295,0,,,,29.11935,29.89848,24.95622
1787195635,27.87594,76.62928,296,0,,,,29.22095,29.96601,24.95622
1787195635,27.80651,76.62012,296,0,,,,29.18709,29.89848,24.92235
1787195636,27.90532,76.6247,296,0,,,,29.15322,29.79668,24.95622
1787195637,27.86259,76.69794,296,0,,,,29.25482,29.93214,24.88849
1787195637,27.80651,76.50568,296,0,,,,29.18709,29.86441,24.95622
1787195638,27.8893,76.61097,295,0,,,,29.22095,29.93214,25.15922
1787195639,27.80651,76.62012,295,0,,,,29.18709,29.76281,25.05762
1787195639,27.77714,76.64454,295,0,,,,29.18709,29.69508,25.12535
1787195640,27.79049,76.69947,295,0,,,,29.15322,29.76281,25.09148
1787195641,27.81987,76.78035,295,0,,,,29.22095,29.89848,24.99009
1787195641,27.80651,76.9131,295,0,,,,29.22095,29.79668,25.02375
1787195642,27.87594,76.86732,295,0,,,,29.15322,29.79668,25.09148
1787195643,27.8893,76.89174,295,0,,,,29.15322,30.03395,24.95622
1787195643,27.86259,76.78188,295,0,,,,29.22095,29.76281,25.32835
1787195644,27.84657,77.02754,295,0,,,,29.22095,29.89848,24.95622
1787195645,27.86259,77.04128,296,0,,,,29.11935,29.86441,25.12535
1787195645,27.87594,77.11604,296,0,,,,29.15322,29.93214,25.19288
1787195646,27.86259,77.18776,296,0,,,,29.11935,29.86441,25.02375
1787195647,27.80651,77.17403,296,0,,,,29.18709,29.83055,24.92235
1787195647,27.79049,77.084,296,0,,,,29.15322,29.89848,25.05762
1787195648,27.93202,77.24727,295,0,,,,29.25482,29.89848,25.15922
1787195648,27.76379,77.12062,295,0,,,,29.18709,29.79668,25.02375
1787195649,27.79049,77.05501,295,0,,,,29.08549,29.93214,25.05762
1787195650,27.86259,77.00923,295,0,,,,29.15322,29.89848,25.09148
1787195650,27.81987,76.89479,295,0,,,,29.18709,29.86441,24.95622
1787195651,27.91867,76.93141,295,0,,,,29.28868,29.76281,25.05762
1787195652,27.80651,76.8719,295,0,,,,29.25482,29.79668,24.99009
1787195652,27.80651,76.73609,295,0,,,,29.18709,29.96601,24.88849
1787195653,27.79049,76.80476,295,0,,,,29.28868,29.89848,25.09148
1787195654,27.77714,76.70863,295,0,,,,29.11935,29.72895,24.95622
1787195654,27.76379,76.70405,295,0,,,,29.25482,29.79668,24.92235
1787195655,27.86259,76.6247,296,0,,,,29.22095,29.96601,25.05762
1787195656,27.79049,76.60792,296,0,,,,29.18709,29.93214,25.05762
1787195656,27.77714,76.51026,296,0,,,,29.15322,29.89848,25.12535
1787195657,27.81987,76.49805,296,0,,,,29.15322,29.93214,25.02375
1787195658,27.79049,76.47974,295,0,,,,29.15322,29.86441,25.02375
1787195658,27.84657,76.52552,295,0,,,,29.18709,29.76281,25.02375
1787195659,27.80651,76.52857,295,0,,,,29.15322,29.93214,25.15922
1787195660,27.86259,76.53925,295,0,,,,29.22095,29.79668,25.02375
1787195660,27.84657,76.41108,295,0,,,,29.22095,29.93214,24.99009
1787195661,27.84657,76.42329,295,0,,,,29.15322,29.72895,25.22675
1787195662,27.86259,76.34241,295,0,,,,29.22095,29.79668,24.95622
1787195662,27.90532,76.33173,295,0,,,,29.15322,29.86441,25.05762
1787195663,27.87594,76.33631,295,0,,,,29.11935,29.79668,24.92235
1787195664,27.81987,76.45686,295,0,,,,29.18709,30.03395,25.22675
1787195664,27.81987,76.40498,295,0,,,,29.15322,29.89848,25.19288
1787195665,27.8893,76.42329,296,0,,,,29.25482,29.83055,25.15922
1787195666,27.80651,76.39124,296,0,,,,29.18709,29.69508,25.02375
1787195666,27.7184,76.50721,295,0,,,,29.18709,29.93214,25.09148
1787195667,27.86259,76.48737,296,0,,,,29.18709,29.86441,25.02375
1787195668,27.76379,76.39277,295,0,,,,29.15322,29.83055,25.12535
1787195668,27.93202,76.56672,295,0,,,,29.22095,29.83055,25.19288
1787195669,27.87594,76.50111,295,0,,,,29.15322,29.86441,25.15922
1787195670,27.8893,76.49348,295,0,,,,29.22095,29.93214,25.02375
1787195670,27.90532,76.5301,295,0,,,,29.22095,29.79668,25.05762
1787195671,27.87594,76.50111,295,0,,,,29.22095,29.86441,25.19288
1787195672,27.79049,76.63844,295,0,,,,29.18709,29.79668,24.92235
1787195672,27.80651,76.61097,295,0,,,,29.15322,29.79668,25.09148
1787195673,27.73175,76.55146,295,0,,,,29.22095,29.86441,25.05762
1787195674,27.87594,76.64759,295,0,,,,29.15322,29.72895,25.22675
1787195674,27.90532,76.56214,295,0,,,,29.18709,29.69508,25.02375
1787195675,27.87594,76.50111,296,0,,,,29.11935,29.79668,25.12535
1787195676,27.80651,76.44312,295,0,,,,29.25482,29.83055,24.95622
1787195676,27.83322,76.4416,297,0,,,,29.15322,29.76281,25.05762
1787195677,27.73175,76.38667,296,0,,,,29.15322,29.89848,24.95622
1787195678,27.84657,76.46449,295,0,,,,29.18709,29.93214,24.99009
1787195678,27.80651,76.42329,295,0,,,,29.15322,29.79668,24.95622
1787195679,27.77714,76.39582,295,0,,,,29.18709,29.93214,25.02375
1787195680,27.86259,76.31342,295,0,,,,29.25482,29.89848,24.95622
1787195680,27.83322,76.3241,295,0,,,,29.15322,29.93214,25.05762
1787195681,27.73175,76.30122,295,0,,,,29.18709,29.79668,25.09148
1787195682,27.80651,76.24628,295,0,,,,29.22095,29.89848,25.09148
1787195682,27.87594,76.56519,295,0,,,,29.22095,29.76281,24.99009
1787195683,27.80651,76.35004,295,0,,,,29.22095,29.76281,25.02375
1787195684,27.83322,76.56519,295,0,,,,29.18709,29.72895,24.95622
1787195684,27.74777,76.53468,295,0,,,,29.15322,29.66121,24.92235
1787195685,27.90532,76.5713,296,0,,,,29.25482,29.83055,25.29448
1787195686,27.86259,76.56214,296,0,,,,29.18709,29.76281,24.92235
1787195686,27.8893,76.68116,296,0,,,,29.15322,29.96601,25.12535
1787195687,27.86259,76.5301,296,0,,,,29.25482,29.96601,25.02375
1787195688,27.84657,76.62928,295,0,,,,29.25482,29.89848,25.12535
1787195688,27.83322,76.53315,295,0,,,,29.18709,29.66121,25.02375
1787195689,27.77714,76.59418,295,0,,,,29.22095,29.72895,24.99009
1787195690,27.84657,76.52552,295,0,,,,29.18709,29.72895,25.12535
1787195690,27.86259,76.59266,295,0,,,,29.18709,29.89848,25.05762
1787195691,27.80651,76.43397,295,0,,,,29.15322,29.83055,25.15922
1787195691,27.84657,76.45533,295,0,,,,29.22095,29.99988,25.02375
1787195692,27.86259,76.48737,295,0,,,,29.22095,29.89848,25.02375
1787195693,27.87594,76.49195,295,0,,,,29.22095,29.76281,25.09148
1787195693,27.79049,76.53315,295,0,,,,29.18709,29.89848,24.95622
1787195694,27.83322,76.47059,295,0,,,,29.22095,29.93214,24.92235
1787195695,27.86259,76.41566,295,0,,,,29.18709,29.86441,25.15922
1787195695,27.80651,76.35004,295,0,,,,29.18709,29.79668,25.09148
1787195696,27.79049,76.3241,296,0,,,,29.25482,29.89848,25.02375
1787195697,27.87594,76.34547,295,0,,,,29.18709,29.76281,24.95622
1787195697,27.83322,76.3653,295,0,,,,29.15322,29.69508,25.02375
1787195698,27.80651,76.36988,295,0,,,,29.22095,29.69508,25.05762
1787195699,27.86259,76.48737,295,0,,,,29.15322,29.89848,25.05762
1787195699,27.77714,76.49805,295,0,,,,29.25482,29.79668,25.05762
1787195700,27.79049,76.54383,295,0,,,,29.22095,30.03395,25.15922
1787195701,27.87594,76.52399,295,0,,,,29.11935,29.86441,25.02375
1787195701,27.83322,76.64759,295,0,,,,29.22095,29.89848,25.02375
1787195702,27.81987,76.55146,295,0,,,,29.18709,29.83055,25.05762
1787195703,27.79049,76.47974,295,0,,,,29.22095,29.86441,24.92235
1787195703,27.80651,76.51637,295,0,,,,29.15322,29.86441,24.88849
1787195704,27.83322,76.57587,295,0,,,,29.15322,29.76281,24.99009
1787195705,27.84657,76.50568,295,0,,,,29.18709,29.86441,24.92235
1787195705,27.79049,76.64759,295,0,,,,29.22095,29.76281,25.15922
1787195706,27.80651,76.46449,296,0,,,,29.22095,29.72895,25.09148
1787195707,27.86259,76.42786,295,0,,,,29.15322,29.86441,25.12535
1787195707,27.81987,76.5423,295,0,,,,29.08549,29.79668,25.19288
1787195708,27.84657,76.50568,295,0,,,,29.08549,29.79668,25.02375
1787195709,27.81987,76.35157,296,0,,,,29.11935,29.79668,25.09148
1787195709,27.94537,76.4889,296,0,,,,29.22095,29.79668,25.02375
1787195710,27.68902,76.35462,296,0,,,,29.15322,29.79668,25.09148
1787195711,27.86259,76.37446,295,0,,,,29.08549,29.89848,25.02375
1787195711,27.8893,76.30885,295,0,,,,29.15322,29.86441,25.05762
1787195712,27.86259,76.35157,295,0,,,,29.22095,29.76281,24.99009
1787195713,27.8893,76.33784,295,0,,,,29.25482,29.96601,24.99009
1787195713,27.79049,76.31495,295,0,,,,29.28868,29.89848,25.09148
1787195714,27.87594,76.41871,295,0,,,,29.28868,29.83055,24.99009
1787195715,27.8893,76.29664,296,0,,,,29.18709,29.93214,24.92235
1787195715,27.90532,76.32258,296,0,,,,29.18709,29.89848,24.95622
1787195716,27.80651,76.2356,296,0,,,,29.22095,29.79668,25.09148
1787195717,27.91867,76.35615,295,0,,,,29.25482,29.83055,25.09148
1787195717,27.81987,76.33173,295,0,,,,29.15322,29.76281,25.02375
1787195718,27.83322,76.3241,295,0,,,,29.22095,29.72895,25.19288
1787195719,27.91867,76.33326,295,0,,,,29.15322,29.79668,24.92235
1787195719,27.81987,76.26917,295,0,,,,29.15322,29.86441,25.15922
1787195720,27.76379,76.35004,295,0,,,,29.22095,30.03395,25.09148
1787195721,27.8893,76.3592,295,0,,,,29.15322,29.86441,24.95622
1787195721,27.76379,76.25849,295,0,,,,29.15322,29.66121,25.12535
1787195722,27.91867,76.3653,295,0,,,,29.18709,29.96601,25.02375
1787195723,27.80651,76.318,295,0,,,,29.15322,29.69508,25.19288
1787195723,27.80651,76.43397,295,0,,,,29.15322,29.79668,25.15922
1787195724,27.87594,76.30427,295,0,,,,29.25482,29.89848,25.05762
1787195725,27.86259,76.43702,296,0,,,,29.25482,29.72895,24.95622
1787195725,27.86259,76.30122,295,0,,,,29.18709,29.69508,24.95622
1787195726,27.81987,76.39582,295,0,,,,29.15322,29.99988,25.05762
1787195727,27.83322,76.35615,295,0,,,,29.18709,29.89848,24.99009
1787195727,27.8893,76.40192,296,0,,,,29.22095,29.83055,25.19288
1787195728,27.87594,76.42939,295,0,,,,29.15322,29.89848,25.05762
1787195729,27.84657,76.52552,295,0,,,,29.25482,29.79668,25.02375
1787195729,27.86259,76.56214,295,0,,,,29.18709,29.93214,25.02375
1787195730,27.80651,76.51637,295,0,,,,29.11935,29.83055,24.92235
1787195731,27.80651,76.54841,295,0,,,,29.18709,29.86441,24.95622
1787195731,27.86259,76.5301,295,0,,,,29.18709,29.93214,24.92235
1787195732,27.86259,76.53925,295,0,,,,29.15322,29.83055,25.09148
1787195733,27.87594,76.65827,295,0,,,,29.18709,29.83055,25.05762
1787195733,27.90532,76.82155,295,0,,,,29.22095,29.89848,25.02375
1787195734,27.76379,76.672,295,0,,,,29.18709,29.66121,25.05762
1787195735,27.77714,76.72999,295,0,,,,29.18709,29.79668,25.05762
1787195735,27.93202,76.82765,295,0,,,,29.25482,29.83055,25.15922
1787195736,27.81987,76.75899,296,0,,,,29.22095,29.79668,24.88849
1787195736,27.91867,76.81392,296,0,,,,29.18709,29.86441,25.09148
1787195737,27.80651,76.8597,296,0,,,,29.22095,29.83055,25.05762
1787195738,27.84657,76.73457,295,0,,,,29.15322,29.72895,24.95622
1787195738,27.8893,76.82765,295,0,,,,29.08549,29.79668,25.22675
1787195739,27.91867,76.75288,295,0,,,,29.18709,29.72895,24.99009
1787195740,27.8893,76.69337,295,0,,,,29.11935,29.86441,24.92235
1787195740,27.90532,76.67506,295,0,,,,29.25482,29.93214,25.05762
1787195741,27.86259,76.46906,295,0,,,,29.18709,29.79668,24.99009
1787195742,27.94537,76.52857,295,0,,,,29.15322,29.83055,25.05762
1787195742,27.74777,76.58808,295,0,,,,29.18709,29.83055,25.19288
1787195743,27.87594,76.52399,295,0,,,,29.18709,29.69508,24.92235
1787195744,27.8893,76.46449,295,0,,,,29.11935,29.89848,25.05762
1787195744,27.83322,76.3653,295,0,,,,29.08549,29.89848,25.12535
1787195745,27.79049,76.38819,296,0,,,,29.08549,29.79668,25.02375
1787195746,27.84657,76.35004,296,0,,,,29.18709,29.79668,25.02375
1787195746,27.7184,76.34089,296,0,,,,29.18709,29.93214,25.09148
1787195747,27.79049,76.35615,296,0,,,,29.18709,29.89848,24.92235
1787195748,27.83322,76.45075,295,0,,,,29.32255,29.72895,25.19288
1787195748,27.87594,76.4416,295,0,,,,29.25482,29.69508,24.95622
1787195749,27.87594,76.38819,295,0,,,,29.18709,29.86441,25.09148
1787195750,27.94537,76.29053,295,0,,,,29.25482,29.86441,25.02375
1787195750,27.80651,76.29969,295,0,,,,29.15322,29.83055,24.99009
1787195751,27.87594,76.41871,295,0,,,,29.11935,29.69508,25.02375
1787195752,27.8893,76.41108,295,0,,,,29.22095,29.83055,24.99009
1787195752,27.80651,76.60181,295,0,,,,29.15322,29.79668,24.99009
1787195753,27.86259,76.59266,295,0,,,,29.15322,29.66121,25.12535
1787195754,27.86259,76.72999,295,0,,,,29.18709,29.79668,25.05762
1787195754,27.81987,76.6247,295,0,,,,29.18709,29.72895,24.95622
1787195755,27.83322,76.80324,295,0,,,,29.11935,29.99988,25.19288
1787195756,27.86259,76.96803,295,0,,,,29.15322,29.79668,24.99009
1787195756,27.77714,76.92683,295,0,,,,29.22095,29.79668,24.99009
1787195757,27.84657,76.98329,296,0,,,,29.28868,29.69508,25.09148
1787195758,27.8893,76.98329,295,0,,,,29.22095,29.79668,25.15922
1787195758,27.84657,77.18318,295,0,,,,29.25482,29.79668,24.95622
1787195759,27.84657,77.01534,295,0,,,,29.18709,29.79668,25.12535
1787195760,27.83322,77.03365,295,0,,,,29.18709,29.83055,25.12535
1787195760,27.94537,77.04128,295,0,,,,29.11935,29.93214,25.02375
1787195761,27.81987,76.93599,295,0,,,,29.18709,29.86441,25.02375
1787195762,27.84657,76.9543,295,0,,,,29.25482,29.96601,24.95622
1787195762,27.86259,76.82155,295,0,,,,29.25482,29.89848,25.09148
1787195763,27.84657,76.88106,295,0,,,,29.15322,29.89848,24.99009
1787195764,27.79049,76.71168,295,0,,,,29.25482,29.59348,25.05762
1787195764,27.81987,76.77119,295,0,,,,29.18709,29.66121,25.12535
1787195765,27.90532,76.55146,295,0,,,,29.18709,29.93214,25.05762
1787195766,27.87594,76.60639,295,0,,,,29.22095,29.89848,25.02375
1787195766,27.81987,76.68574,297,0,,,,29.25482,29.79668,25.09148
1787195767,27.74777,76.55604,296,0,,,,29.18709,29.69508,25.12535
1787195768,27.93202,76.64301,295,0,,,,29.22095,29.72895,25.05762
1787195768,27.84657,76.55756,295,0,,,,29.15322,29.86441,25.09148
1787195769,27.86259,76.49805,295,0,,,,29.28868,29.69508,25.02375
1787195770,27.90532,76.65369,295,0,,,,29.22095,29.89848,24.95622
1787195770,27.84657,76.72541,295,0,,,,29.22095,29.72895,25.02375
1787195771,27.80651,76.9543,295,0,,,,29.22095,29.79668,25.09148
1787195772,27.77714,77.05196,295,0,,,,29.15322,29.69508,25.09148
1787195772,27.80651,77.04738,295,0,,,,29.18709,29.96601,25.02375
1787195773,27.97475,77.15114,295,0,,,,29.22095,29.83055,25.12535
1787195774,27.84657,77.01534,295,0,,,,29.22095,29.93214,24.95622
1787195774,27.86259,77.04128,295,0,,,,29.11935,29.79668,25.02375
1787195775,27.79049,76.92836,295,0,,,,29.22095,29.83055,25.02375
1787195776,27.87594,76.87801,295,0,,,,29.11935,29.89848,25.02375
1787195776,27.86259,76.85359,296,0,,,,29.25482,29.83055,24.99009
1787195777,27.86259,76.7071,295,0,,,,29.25482,29.89848,25.19288
1787195778,27.86259,76.7071,295,0,,,,29.25482,29.79668,25.12535
1787195778,27.90532,76.67506,295,0,,,,29.15322,29.86441,24.99009
1787195779,27.79049,76.62623,295,0,,,,29.08549,29.72895,25.05762
1787195779,27.80651,76.55756,295,0,,,,29.11935,29.72895,24.99009
1787195780,27.83322,76.45075,295,0,,,,29.25482,29.79668,24.99009
1787195781,27.8893,76.43244,295,0,,,,29.18709,29.69508,24.95622
1787195781,27.86259,76.42786,295,0,,,,29.15322,29.66121,25.12535
1787195782,27.83322,76.38819,295,0,,,,29.22095,29.86441,25.19288
1787195783,27.79049,76.39735,295,0,,,,29.18709,29.89848,25.09148
1787195783,27.8893,76.32716,295,0,,,,29.22095,29.89848,25.02375
1787195784,27.8893,76.42329,295,0,,,,29.28868,29.79668,25.05762
1787195785,27.86259,76.31342,296,0,,,,29.15322,29.86441,25.05762
1787195785,27.76379,76.35004,296,0,,,,29.18709,29.72895,25.29448
1787195786,27.80651,76.29969,296,0,,,,29.25482,29.86441,25.09148
1787195787,27.83322,76.20966,296,0,,,,29.11935,29.99988,24.95622
1787195787,27.84657,76.29664,295,0,,,,29.15322,29.76281,25.19288
1787195788,27.8893,76.24475,295,0,,,,29.22095,29.86441,24.95622
1787195789,27.8893,76.37904,295,0,,,,29.25482,29.83055,25.12535
1787195789,27.77714,76.32258,295,0,,,,29.22095,29.86441,24.95622
1787195790,27.8893,76.41108,295,0,,,,29.22095,29.69508,25.05762
1787195791,27.79049,76.3241,295,0,,,,29.18709,29.93214,25.05762
1787195791,27.79049,76.31495,295,0,,,,29.25482,29.83055,25.12535
1787195792,27.83322,76.28291,295,0,,,,29.22095,29.72895,24.99009
1787195793,27.87594,76.23102,295,0,,,,29.22095,29.86441,25.22675
1787195793,27.83322,76.22186,295,0,,,,29.22095,29.96601,24.88849
1787195794,27.76379,76.34089,295,0,,,,29.22095,29.89848,25.12535
1787195795,27.83322,76.33631,296,0,,,,29.08549,29.86441,25.02375
1787195795,27.8893,76.37904,295,0,,,,29.18709,29.89848,24.99009
1787195796,27.84657,76.39124,296,0,,,,29.18709,29.72895,24.92235
1787195797,27.87594,76.33631,295,0,,,,29.15322,29.79668,25.05762
1787195797,27.87594,76.29511,295,0,,,,29.08549,29.83055,25.15922
1787195798,27.8893,76.31953,295,0,,,,29.11935,29.89848,24.92235
1787195799,27.81987,76.36378,295,0,,,,29.25482,29.83055,24.92235
1787195799,27.9881,76.43702,295,0,,,,29.18709,29.72895,24.95622
1787195800,27.97475,76.48432,295,0,,,,29.15322,29.83055,25.02375
1787195801,27.84657,76.47364,295,0,,,,29.18709,29.86441,25.05762
1787195801,27.77714,76.55146,295,0,,,,29.18709,29.83055,24.95622
1787195802,27.8893,76.54688,295,0,,,,29.25482,29.86441,25.05762
1787195803,27.80651,76.40192,295,0,,,,29.18709,29.83055,25.02375
1787195803,27.86259,76.47822,295,0,,,,29.11935,29.89848,25.22675
1787195804,27.87594,76.42939,295,0,,,,29.11935,29.76281,25.12535
1787195805,27.87594,76.49195,296,0,,,,29.15322,29.72895,25.12535
1787195805,27.83322,76.31342,296,0,,,,29.11935,29.79668,25.12535
1787195806,27.84657,76.47364,296,0,,,,29.18709,29.79668,25.19288
1787195807,27.87594,76.38819,296,0,,,,29.28868,29.76281,25.05762
1787195807,27.87594,76.46143,296,0,,,,29.05162,29.72895,25.02375
1787195808,27.84657,76.49348,295,0,,,,29.18709,29.86441,24.99009
1787195809,27.93202,76.30885,295,0,,,,29.25482,29.83055,25.15922
1787195809,27.83322,76.3653,295,0,,,,29.25482,29.86441,25.15922
1787195810,27.81987,76.30122,295,0,,,,29.25482,29.69508,25.15922
1787195811,27.81987,76.34241,295,0,,,,29.18709,29.72895,25.09148
1787195811,27.81987,76.45686,295,0,,,,29.28868,29.83055,25.02375
1787195812,27.81987,76.29206,295,0,,,,29.22095,29.76281,25.02375
1787195813,27.79049,76.31495,295,0,,,,29.15322,29.89848,25.02375
1787195813,27.79049,76.4416,295,0,,,,29.28868,29.62735,25.05762
1787195814,27.86259,76.34241,295,0,,,,29.11935,29.93214,25.09148
1787195815,27.80651,76.36988,296,0,,,,29.18709,29.89848,25.12535
1787195815,27.80651,76.33784,295,0,,,,29.11935,29.89848,24.88849
1787195816,27.79049,76.29511,296,0,,,,29.15322,29.86441,25.15922
1787195817,27.87594,76.39735,295,0,,,,29.18709,29.93214,25.19288
1787195817,27.81987,76.4889,295,0,,,,29.18709,29.83055,25.02375
1787195818,27.79049,76.27375,295,0,,,,29.18709,29.79668,24.95622
1787195819,27.79049,76.33631,295,0,,,,29.11935,29.96601,25.12535
1787195819,27.81987,76.24017,295,0,,,,29.18709,29.96601,25.15922
1787195820,27.79049,76.27375,295,0,,,,29.18709,29.86441,24.99009
1787195821,27.83322,76.35615,295,0,,,,29.11935,29.79668,25.02375
1787195821,27.81987,76.40498,295,0,,,,29.11935,29.83055,25.05762
1787195822,27.83322,76.33631,296,0,,,,29.22095,29.89848,24.92235
1787195822,27.83322,76.1181,295,0,,,,29.25482,29.89848,24.82096
1787195823,27.94537,76.30122,295,0,,,,29.22095,29.83055,25.05762
1787195824,27.81987,76.29206,295,0,,,,29.15322,29.79668,25.15922
1787195824,27.80651,76.27833,295,0,,,,29.18709,29.69508,25.02375
1787195825,27.91867,76.2417,295,0,,,,29.18709,29.86441,25.19288
1787195826,27.84657,76.22339,296,0,,,,29.18709,29.76281,24.95622
1787195826,27.87594,76.39735,296,0,,,,29.18709,29.76281,24.95622
1787195827,27.76379,76.12115,296,0,,,,29.15322,29.96601,25.09148
1787195828,27.83322,76.08606,295,0,,,,29.05162,29.72895,24.99009
1787195828,27.84657,75.93347,295,0,,,,29.18709,29.83055,25.12535
1787195829,27.80651,76.16235,295,0,,,,29.11935,29.79668,25.02375
1787195830,27.83322,76.05402,295,0,,,,29.15322,29.83055,24.99009
1787195830,27.80651,76.18219,295,0,,,,29.28868,29.83055,25.05762
1787195831,27.83322,76.07538,296,0,,,,29.25482,29.76281,25.02375
1787195832,27.86259,76.15472,295,0,,,,29.25482,29.96601,24.92235
1787195832,27.91867,76.18982,295,0,,,,29.18709,29.86441,24.92235
1787195833,27.86259,76.18524,295,0,,,,29.25482,29.79668,24.99009
1787195834,27.79049,76.12726,295,0,,,,29.22095,29.79668,24.85462
1787195834,27.94537,76.15472,295,0,,,,29.22095,29.83055,25.05762
1787195835,27.8893,76.12115,296,0,,,,29.08549,29.96601,24.99009
1787195836,27.76379,76.13184,296,0,,,,29.22095,29.89848,24.92235
1787195836,27.77714,76.06165,297,0,,,,29.25482,29.93214,24.95622
1787195837,27.91867,76.16846,295,0,,,,29.22095,29.79668,25.19288
1787195838,27.84657,76.12115,295,0,,,,29.18709,29.83055,24.88849
1787195838,27.77714,76.05249,295,0,,,,29.18709,29.79668,25.09148
1787195839,27.84657,76.10895,295,0,,,,29.22095,29.96601,24.99009
1787195840,27.84657,76.03571,295,0,,,,29.22095,29.79668,25.09148
1787195840,27.80651,76.04791,295,0,,,,29.15322,29.89848,25.02375
1787195841,27.86259,76.09369,295,0,,,,29.22095,29.72895,25.05762
1787195842,27.93202,76.16235,295,0,,,,29.18709,29.76281,25.05762
1787195842,27.81987,76.17609,295,0,,,,29.28868,29.79668,25.09148
1787195843,27.91867,76.11658,295,0,,,,29.25482,29.86441,25.05762
1787195844,27.87594,76.1593,295,0,,,,29.25482,29.76281,25.02375
1787195844,27.83322,76.16846,295,0,,,,29.11935,29.69508,24.95622
1787195845,27.83322,76.31342,296,0,,,,29.18709,29.86441,25.15922
1787195846,27.94537,76.20508,296,0,,,,29.18709,29.86441,25.09148
1787195846,27.84657,76.19135,296,0,,,,29.25482,29.79668,25.09148
1787195847,27.8893,76.13031,295,0,,,,29.25482,29.83055,25.09148
1787195848,27.87594,76.18982,295,0,,,,29.28868,29.86441,24.88849
1787195848,27.86259,76.24933,295,0,,,,29.22095,29.79668,24.95622
1787195849,27.90532,76.22797,295,0,,,,29.15322,29.86441,25.05762
1787195850,27.79049,76.18066,295,0,,,,29.18709,29.99988,25.12535
1787195850,27.91867,76.20966,295,0,,,,29.15322,29.93214,25.05762
1787195851,27.86259,76.22797,295,0,,,,29.22095,29.93214,24.88849
1787195852,27.8893,76.2356,295,0,,,,29.25482,29.79668,25.02375
1787195852,27.87594,76.22186,295,0,,,,29.15322,29.72895,24.92235
1787195853,27.81987,76.26002,295,0,,,,29.25482,29.62735,25.12535
1787195854,27.83322,76.27375,295,0,,,,29.15322,29.76281,24.99009
1787195854,27.83322,76.23102,295,0,,,,29.15322,29.89848,24.99009
1787195855,27.91867,76.26307,296,0,,,,29.22095,29.59348,25.15922
1787195856,27.86259,76.26917,295,0,,,,29.11935,29.86441,24.92235
1787195856,27.84657,76.3592,296,0,,,,29.22095,29.86441,24.95622
1787195857,27.83322,76.22186,296,0,,,,29.15322,29.76281,24.95622
1787195858,27.86259,76.32258,295,0,,,,29.18709,29.89848,24.95622
1787195858,27.83322,76.25391,295,0,,,,29.15322,29.76281,25.05762
1787195859,27.91867,76.22186,295,0,,,,29.28868,29.79668,25.05762
1787195860,27.8893,76.1532,295,0,,,,29.22095,29.89848,24.95622
1787195860,27.80651,76.2356,295,0,,,,29.18709,29.79668,25.15922
1787195861,27.80651,76.17303,295,0,,,,29.11935,29.89848,24.95622
1787195862,27.84657,76.18219,295,0,,,,29.25482,29.76281,25.19288
1787195862,27.76379,76.17303,295,0,,,,29.18709,29.83055,24.92235
1787195863,27.84657,76.16235,295,0,,,,29.18709,29.76281,25.02375
1787195864,27.91867,76.38667,295,0,,,,29.22095,29.79668,25.05762
1787195864,27.84657,76.28748,295,0,,,,29.22095,29.69508,25.02375
1787195865,27.80651,76.21423,296,0,,,,29.28868,30.10148,25.05762
1787195866,27.83322,76.18982,295,0,,,,29.11935,29.86441,25.15922
1787195866,27.90532,76.19592,295,0,,,,29.15322,29.86441,25.02375
1787195867,27.87594,76.17761,295,0,,,,29.28868,29.83055,25.15922
1787195867,27.8893,76.22339,295,0,,,,29.18709,29.89848,24.95622
1787195868,27.84657,76.16235,295,0,,,,29.15322,29.83055,24.95622
1787195869,27.80651,76.15015,295,0,,,,29.18709,29.76281,25.15922
1787195869,27.81987,76.13489,295,0,,,,29.15322,29.86441,25.02375
1787195870,27.74777,76.27375,295,0,,,,29.22095,29.83055,25.05762
1787195871,27.91867,76.29511,295,0,,,,29.25482,29.79668,24.99009
1787195871,27.83322,76.22186,295,0,,,,29.22095,29.83055,24.88849
1787195872,27.83322,76.18982,295,0,,,,29.15322,29.86441,25.12535
1787195873,27.77714,76.21881,295,0,,,,29.18709,29.72895,24.95622
1787195873,27.83322,76.26307,295,0,,,,29.25482,29.86441,25.15922
1787195874,27.74777,76.25391,295,0,,,,29.18709,29.86441,25.05762
1787195875,27.90532,76.26917,296,0,,,,29.18709,29.89848,24.88849
1787195875,27.93202,76.318,295,0,,,,29.28868,29.76281,25.12535
1787195876,27.8893,76.2356,295,0,,,,29.22095,29.89848,24.99009
1787195877,27.79049,76.18982,295,0,,,,29.28868,29.83055,25.02375
1787195877,27.80651,76.17303,295,0,,,,29.15322,29.76281,25.09148
1787195878,27.86259,76.11353,295,0,,,,29.25482,29.55962,25.12535
1787195879,27.90532,76.29053,295,0,,,,29.15322,29.89848,24.99009
1787195879,27.80651,76.112,295,0,,,,29.18709,29.79668,24.85462
1787195880,27.77714,76.15472,295,0,,,,29.11935,29.86441,25.12535
1787195881,27.87594,76.26307,295,0,,,,29.15322,29.83055,25.02375
1787195881,27.83322,76.29511,295,0,,,,29.15322,29.76281,24.99009
1787195882,27.91867,76.2417,295,0,,,,29.15322,29.72895,25.09148
1787195883,27.84657,76.19135,295,0,,,,29.11935,29.93214,25.05762
1787195883,27.84657,76.2356,295,0,,,,29.22095,29.83055,24.99009
1787195884,27.79049,76.14862,295,0,,,,29.28868,29.86441,24.88849
1787195885,27.84657,76.20355,296,0,,,,29.22095,29.83055,24.88849
1787195885,27.80651,76.22644,295,0,,,,29.15322,29.83055,25.02375
1787195886,27.81987,76.09369,296,0,,,,29.11935,29.89848,25.02375
1787195887,27.83322,76.22186,295,0,,,,29.25482,29.79668,24.95622
1787195887,27.87594,76.03418,295,0,,,,29.22095,29.76281,25.05762
1787195888,27.86259,76.10284,295,0,,,,29.15322,29.86441,25.02375
1787195889,27.77714,76.09369,295,0,,,,29.18709,29.79668,25.05762
1787195889,27.91867,76.18982,295,0,,,,29.22095,30.03395,25.09148
1787195890,27.87594,76.12726,295,0,,,,29.22095,29.86441,25.05762
1787195891,27.81987,76.38361,295,0,,,,29.18709,29.72895,24.99009
1787195891,27.87594,76.39735,295,0,,,,29.11935,29.79668,24.95622
1787195892,27.84657,76.41108,295,0,,,,29.25482,29.96601,25.12535
1787195893,27.84657,76.43244,295,0,,,,29.18709,29.89848,25.19288
1787195893,27.84657,76.43244,295,0,,,,29.15322,29.83055,25.02375
1787195894,27.83322,76.34547,295,0,,,,29.18709,29.79668,25.02375
1787195895,27.84657,76.25544,296,0,,,,29.15322,29.86441,25.19288
1787195895,27.83322,76.35615,296,0,,,,29.18709,29.79668,25.09148
1787195896,27.87594,76.31495,295,0,,,,29.15322,29.83055,24.88849
1787195897,27.80651,76.318,295,0,,,,29.18709,29.83055,25.02375
1787195897,27.83322,76.33631,296,0,,,,29.15322,29.69508,25.12535
1787195898,27.80651,76.24628,295,0,,,,29.22095,29.86441,24.99009
1787195899,27.79049,76.27375,295,0,,,,29.18709,29.79668,25.15922
1787195899,27.80651,76.24628,295,0,,,,29.15322,29.86441,25.02375
1787195900,27.76379,76.1944,295,0,,,,29.15322,29.86441,24.95622
1787195901,27.84657,76.2768,295,0,,,,29.15322,29.89848,24.99009
1787195901,27.81987,76.21729,295,0,,,,29.15322,29.62735,25.05762
1787195902,27.81987,76.26917,295,0,,,,29.15322,29.72895,25.02375
1787195903,27.80651,76.20355,295,0,,,,29.18709,29.86441,24.82096
1787195903,27.77714,76.18677,295,0,,,,29.15322,29.76281,25.12535
1787195904,27.81987,76.15472,295,0,,,,29.18709,29.69508,24.99009
1787195905,27.86259,76.18524,296,0,,,,29.25482,29.72895,25.05762
1787195905,27.84657,76.17151,295,0,,,,29.15322,29.62735,25.02375
1787195906,27.76379,76.24628,295,0,,,,29.15322,29.79668,24.99009
1787195907,27.83322,76.10742,296,0,,,,29.15322,29.89848,24.99009
1787195907,27.7184,76.0708,295,0,,,,29.25482,29.83055,24.95622
1787195908,27.87594,76.30427,295,0,,,,29.15322,29.79668,25.12535
1787195909,27.80651,76.29969,295,0,,,,29.18709,29.72895,24.99009
1787195909,27.83322,76.29511,295,0,,,,29.15322,29.72895,25.09148
1787195910,27.86259,76.51942,295,0,,,,29.11935,29.83055,24.99009
1787195910,27.87594,76.56519,295,0,,,,29.08549,29.79668,25.05762
1787195911,27.83322,76.65827,295,0,,,,29.11935,29.96601,25.02375
1787195912,27.84657,76.57893,295,0,,,,29.18709,29.86441,24.99009
1787195912,27.87594,76.63844,296,0,,,,29.11935,29.89848,25.15922
1787195913,27.87594,76.58503,295,0,,,,29.18709,29.76281,25.02375
1787195914,27.8893,76.52552,295,0,,,,29.15322,29.79668,25.12535
1787195914,27.8893,76.50568,295,0,,,,29.11935,29.76281,24.92235
1787195915,27.8893,76.39124,296,0,,,,29.22095,29.83055,25.09148
1787195916,27.84657,76.49348,297,0,,,,29.15322,29.79668,24.99009
1787195916,27.91867,76.42939,296,0,,,,29.22095,29.79668,24.88849
1787195917,27.83322,76.3241,295,0,,,,29.25482,29.83055,25.02375
1787195918,27.94537,76.38361,295,0,,,,29.18709,29.86441,25.12535
1787195918,27.81987,76.33173,295,0,,,,29.08549,30.03395,25.05762
1787195919,27.81987,76.29206,295,0,,,,29.18709,29.86441,25.02375
1787195920,27.81987,76.31037,295,0,,,,29.18709,29.89848,25.19288
1787195920,27.86259,76.29206,295,0,,,,29.11935,29.86441,25.02375
1787195921,27.86259,76.23712,295,0,,,,29.18709,29.79668,25.02375
1787195922,27.80651,76.28748,295,0,,,,29.22095,29.83055,25.02375
1787195922,27.79049,76.2005,295,0,,,,29.18709,29.83055,25.09148
1787195923,27.81987,76.29206,295,0,,,,29.28868,29.76281,24.99009
1787195924,27.80651,76.2356,295,0,,,,29.08549,29.79668,24.95622
1787195924,27.90532,76.23712,295,0,,,,29.18709,29.76281,25.02375
1787195925,27.81987,76.22797,295,0,,,,29.22095,29.86441,25.05762
1787195926,27.84657,76.26765,295,0,,,,29.15322,29.72895,25.15922
1787195926,27.79049,76.18066,296,0,,,,29.11935,29.93214,24.99009
1787195927,27.77714,76.14404,295,0,,,,29.11935,29.72895,25.05762
1787195928,27.84657,76.18219,295,0,,,,29.25482,29.69508,24.95622
1787195928,27.83322,76.29511,295,0,,,,29.11935,29.79668,25.12535
1787195929,27.83322,76.26307,295,0,,,,29.15322,29.83055,24.95622
1787195930,27.81987,76.24017,295,0,,,,29.18709,29.79668,25.15922
1787195930,27.86259,76.18524,295,0,,,,29.15322,29.86441,24.99009
1787195931,27.87594,76.22186,295,0,,,,29.22095,29.86441,25.05762
1787195932,27.8893,76.44312,295,0,,,,29.15322,29.86441,25.05762
1787195932,27.83322,76.45075,296,0,,,,29.11935,29.86441,24.99009
1787195933,27.86259,76.29206,295,0,,,,29.15322,29.72895,25.15922
1787195934,27.87594,76.45075,295,0,,,,29.11935,29.83055,25.05762
1787195934,27.83322,76.38819,295,0,,,,29.15322,29.96601,24.99009
1787195935,27.91867,76.23102,296,0,,,,29.25482,29.83055,24.85462
1787195936,27.84657,76.37904,296,0,,,,29.11935,29.86441,25.09148
1787195936,27.86259,76.34241,296,0,,,,29.15322,29.89848,25.05762
1787195937,27.73175,76.31037,295,0,,,,29.11935,29.89848,24.99009
1787195938,27.83322,76.30579,295,0,,,,29.15322,29.83055,25.02375
1787195938,27.81987,76.20813,295,0,,,,29.01776,29.79668,25.05762
1787195939,27.91867,76.25085,295,0,,,,29.32255,29.96601,25.05762
1787195940,27.86259,76.29206,295,0,,,,29.15322,29.93214,25.09148
1787195940,27.86259,76.35157,295,0,,,,29.15322,29.79668,25.02375
1787195941,27.76379,76.22644,295,0,,,,29.22095,29.72895,24.99009
1787195942,27.81987,76.24933,295,0,,,,29.18709,29.83055,25.02375
1787195942,27.80651,76.27833,295,0,,,,29.28868,29.72895,24.88849
1787195943,27.83322,76.20966,295,0,,,,29.22095,29.79668,25.02375
1787195944,27.81987,76.24017,295,0,,,,29.15322,29.83055,24.92235
1787195944,27.81987,76.17609,295,0,,,,29.08549,29.86441,25.09148
1787195945,27.80651,76.26765,296,0,,,,29.11935,29.89848,24.85462
1787195946,27.83322,76.2417,295,0,,,,29.18709,29.72895,25.02375
1787195946,27.79049,76.27375,296,0,,,,29.18709,29.83055,25.09148
1787195947,27.80651,76.20355,295,0,,,,29.11935,29.69508,25.02375
1787195948,27.83322,76.28291,295,0,,,,29.22095,29.89848,24.92235
1787195948,27.80651,76.112,295,0,,,,29.05162,29.89848,24.99009
1787195949,27.83322,76.23102,295,0,,,,29.22095,29.83055,25.12535
1787195950,27.86259,76.21729,296,0,,,,29.18709,29.83055,25.26061
1787195950,27.90532,76.26917,295,0,,,,29.11935,29.86441,25.02375
1787195951,27.8893,76.17151,295,0,,,,29.15322,29.83055,24.92235
1787195952,27.81987,76.18677,295,0,,,,29.22095,29.62735,25.12535
1787195952,27.87594,76.27375,295,0,,,,29.22095,29.79668,25.05762
1787195953,27.86259,76.22797,295,0,,,,29.18709,29.76281,24.92235
1787195954,27.79049,76.23254,295,0,,,,29.15322,29.83055,24.99009
1787195954,27.80651,76.2356,295,0,,,,29.15322,29.89848,25.05762
1787195955,27.87594,76.31495,296,0,,,,29.18709,29.72895,25.02375
1787195956,27.79049,76.15778,295,0,,,,29.22095,29.79668,24.92235
1787195956,27.81987,76.32258,295,0,,,,29.22095,29.72895,25.09148
1787195957,27.74777,76.10895,295,0,,,,29.15322,29.69508,25.15922
1787195957,27.80651,76.25544,295,0,,,,29.22095,29.76281,24.99009
1787195958,27.84657,76.26765,295,0,,,,29.11935,29.83055,25.02375
1787195959,27.8893,76.32716,295,0,,,,29.15322,29.72895,25.05762
1787195959,27.83322,76.17761,295,0,,,,29.18709,29.76281,24.99009
1787195960,27.9614,76.19897,295,0,,,,29.25482,29.93214,25.12535
1787195961,27.91867,76.2417,295,0,,,,29.22095,29.86441,24.88849
1787195961,27.76379,76.18219,295,0,,,,29.18709,29.83055,25.05762
1787195962,27.81987,76.28138,295,0,,,,29.15322,29.76281,24.95622
1787195963,27.81987,76.04028,295,0,,,,29.28868,29.76281,25.15922
1787195963,27.84657,76.2768,295,0,,,,29.22095,29.76281,24.99009
1787195964,27.86259,76.26917,295,0,,,,29.18709,29.59348,24.88849
1787195965,27.79049,76.2417,296,0,,,,29.22095,29.83055,25.09148
1787195965,27.86259,76.22797,296,0,,,,29.18709,29.93214,24.95622
1787195966,27.86259,76.35157,296,0,,,,29.11935,29.86441,24.95622
1787195967,27.87594,76.29511,296,0,,,,29.08549,29.76281,24.88849
1787195967,27.87594,76.3241,295,0,,,,29.08549,29.72895,25.09148
1787195968,27.8893,76.35004,295,0,,,,29.15322,29.66121,25.05762
1787195969,27.8893,76.22339,295,0,,,,29.25482,29.83055,24.99009
1787195969,27.90532,76.26917,295,0,,,,29.15322,29.86441,24.88849
1787195970,27.90532,76.33173,295,0,,,,29.15322,29.66121,25.09148
1787195971,27.76379,76.32868,295,0,,,,29.05162,29.89848,25.02375
1787195971,27.79049,76.30427,295,0,,,,29.15322,29.83055,25.02375
1787195972,27.80651,76.27833,295,0,,,,29.18709,29.76281,24.99009
1787195973,27.83322,76.20966,295,0,,,,29.11935,29.76281,25.09148
1787195973,27.90532,76.22797,295,0,,,,29.22095,29.72895,25.02375
1787195974,27.83322,76.20966,295,0,,,,29.15322,29.83055,24.92235
1787195975,27.79049,76.27375,296,0,,,,29.18709,29.83055,24.85462
1787195975,27.79049,76.29511,296,0,,,,29.15322,29.93214,25.09148
1787195976,27.87594,76.29511,297,0,,,,29.18709,29.79668,25.09148
1787195977,27.83322,76.3241,296,0,,,,29.22095,29.76281,24.95622
1787195977,27.94537,76.44617,295,0,,,,29.22095,29.79668,24.95622
1787195978,27.90532,76.36378,295,0,,,,29.22095,29.83055,24.92235
1787195979,27.87594,76.39735,295,0,,,,29.15322,29.66121,25.02375
1787195979,27.79049,76.58503,295,0,,,,29.15322,29.76281,25.02375
1787195980,27.86259,76.31342,295,0,,,,29.25482,29.93214,24.95622
1787195981,27.76379,76.21423,295,0,,,,29.15322,29.83055,25.09148
1787195981,27.86259,76.33173,295,0,,,,29.15322,29.86441,25.02375
1787195982,27.86259,76.5301,295,0,,,,29.18709,29.66121,25.05762
1787195983,27.9614,76.80476,295,0,,,,29.15322,29.76281,24.85462
1787195983,27.8893,76.83986,295,0,,,,29.22095,29.86441,25.15922
1787195984,27.8893,76.84901,295,0,,,,29.15322,29.83055,25.02375
1787195985,27.8893,76.89174,297,0,,,,29.18709,29.72895,25.05762
1787195985,27.87594,76.85512,295,0,,,,29.22095,29.93214,25.29448
1787195986,27.80651,76.69337,296,0,,,,29.18709,29.96601,25.19288
1787195987,27.80651,76.72541,296,0,,,,29.18709,29.89848,25.05762
1787195987,27.86259,76.74982,296,0,,,,29.11935,29.83055,24.99009
1787195988,27.81987,76.82155,295,0,,,,29.18709,29.72895,24.99009
1787195989,27.90532,76.78035,295,0,,,,29.18709,29.72895,24.99009
1787195989,27.8893,76.74525,295,0,,,,29.15322,29.86441,25.02375
1787195990,27.81987,76.69794,295,0,,,,29.22095,29.72895,24.95622
1787195991,27.80651,76.68421,295,0,,,,29.18709,29.86441,25.05762
1787195991,27.83322,76.57587,295,0,,,,29.22095,29.83055,24.88849
1787195992,27.74777,76.56672,295,0,,,,29.18709,29.76281,25.02375
1787195993,27.81987,76.4889,295,0,,,,29.18709,29.86441,24.99009
1787195993,27.94537,76.53925,296,0,,,,29.32255,29.79668,25.05762
1787195994,27.74777,76.57587,295,0,,,,29.18709,29.72895,25.02375
1787195995,27.90532,76.39582,296,0,,,,29.22095,29.86441,25.09148
1787195995,27.80651,76.36073,295,0,,,,29.18709,29.83055,24.99009
1787195996,27.86259,76.5713,296,0,,,,29.18709,29.79668,25.09148
1787195997,27.87594,76.51179,296,0,,,,29.18709,29.76281,25.19288
1787195997,27.87594,76.66743,295,0,,,,29.22095,29.86441,25.09148
1787195998,27.86259,76.56214,295,0,,,,29.25482,29.79668,24.99009
1787195998,27.84657,76.66132,295,0,,,,29.18709,29.86441,25.05762
1787195999,27.90532,76.7071,295,0,,,,29.18709,29.83055,25.09148
1787196000,27.80651,76.58045,295,0,,,,29.15322,29.79668,25.05762
1787196000,27.76379,76.65217,295,0,,,,29.18709,29.93214,25.02375
1787196001,27.87594,76.63844,295,0,,,,29.25482,29.89848,24.92235
1787196002,27.81987,76.56214,295,0,,,,29.18709,29.79668,25.02375
1787196002,27.77714,76.43702,295,0,,,,29.18709,29.83055,25.02375
1787196003,27.83322,76.55604,295,0,,,,29.22095,29.76281,25.02375
1787196004,27.84657,76.49348,295,0,,,,29.22095,29.83055,25.05762
1787196004,27.76379,76.48432,295,0,,,,29.15322,29.83055,25.12535
1787196005,27.86259,76.42786,296,0,,,,29.18709,29.66121,25.09148
1787196006,27.8893,76.50568,297,0,,,,29.18709,29.76281,25.05762
1787196006,27.80651,76.50568,296,0,,,,29.18709,29.76281,25.12535
1787196007,27.81987,76.43702,296,0,,,,29.11935,29.72895,25.02375
1787196008,27.91867,76.43855,295,0,,,,29.22095,29.76281,25.09148
1787196008,27.87594,76.40955,295,0,,,,29.15322,29.89848,24.95622
1787196009,27.81987,76.34241,295,0,,,,29.22095,29.72895,25.05762
1787196010,27.87594,76.47974,295,0,,,,29.25482,29.96601,25.02375
1787196010,27.84657,76.36988,295,0,,,,29.18709,29.83055,25.09148
1787196011,27.84657,76.48432,295,0,,,,29.25482,29.72895,25.02375
1787196012,27.79049,76.36835,295,0,,,,29.18709,29.86441,25.12535
1787196012,27.84657,76.32716,295,0,,,,29.15322,29.69508,25.09148
1787196013,27.83322,76.34547,295,0,,,,29.11935,29.69508,24.99009
1787196014,27.84657,76.36988,295,0,,,,29.22095,29.86441,25.05762
1787196014,27.86259,76.38361,295,0,,,,29.22095,29.83055,25.05762
1787196015,27.84657,76.32716,296,0,,,,29.11935,29.83055,25.09148
1787196016,27.86259,76.49805,296,0,,,,29.22095,29.93214,25.02375
1787196016,27.86259,76.33173,297,0,,,,29.11935,29.72895,24.99009
1787196017,27.87594,76.4416,295,0,,,,29.22095,29.76281,25.05762
1787196018,27.86259,76.41566,295,0,,,,29.08549,29.93214,24.99009
1787196018,27.80651,76.46449,295,0,,,,29.15322,29.69508,25.09148
1787196019,27.68902,76.47822,295,0,,,,29.11935,29.83055,24.99009
1787196020,27.87594,76.49195,295,0,,,,29.11935,29.86441,25.05762
1787196020,27.74777,76.36835,295,0,,,,29.08549,29.89848,24.99009
1787196021,27.83322,76.38819,295,0,,,,29.15322,29.89848,25.05762
1787196022,27.81987,76.45686,295,0,,,,29.11935,29.83055,24.99009
1787196022,27.87594,76.42939,295,0,,,,29.22095,29.69508,25.05762
1787196023,27.79049,76.42023,295,0,,,,29.15322,29.86441,25.05762
1787196024,27.81987,76.4477,295,0,,,,29.18709,29.79668,24.92235
1787196024,27.83322,76.34547,295,0,,,,29.15322,29.83055,25.05762
1787196025,27.8893,76.3592,296,0,,,,29.11935,29.86441,24.85462
1787196026,27.79049,76.36835,296,0,,,,29.18709,29.83055,25.09148
1787196026,27.80651,76.20355,295,0,,,,29.15322,29.72895,25.15922
1787196027,27.73175,76.34241,295,0,,,,29.11935,29.96601,25.15922
1787196028,27.84657,76.33784,295,0,,,,29.08549,29.86441,25.02375
1787196028,27.81987,76.24017,295,0,,,,29.15322,29.79668,25.12535
1787196029,27.87594,76.56519,295,0,,,,29.22095,29.89848,25.12535
1787196030,27.81987,76.26917,295,0,,,,29.15322,29.83055,24.95622
1787196030,27.87594,76.35615,295,0,,,,29.18709,29.99988,24.95622
1787196031,27.87594,76.3653,295,0,,,,29.18709,29.96601,25.09148
1787196032,27.73175,76.22797,295,0,,,,29.18709,29.72895,25.15922
1787196032,27.86259,76.28138,295,0,,,,29.18709,29.69508,25.05762
1787196033,27.8893,76.44312,295,0,,,,29.18709,29.83055,25.05762
1787196034,27.87594,76.30427,295,0,,,,29.18709,30.03395,24.92235
1787196034,27.90532,76.38361,295,0,,,,29.08549,29.89848,24.99009
1787196035,27.84657,76.318,297,0,,,,29.11935,29.86441,24.95622
1787196036,27.8893,76.35004,295,0,,,,29.11935,29.76281,24.95622
1787196036,27.76379,76.39277,295,0,,,,29.11935,29.86441,24.92235
1787196037,27.86259,76.4477,295,0,,,,29.11935,29.79668,25.09148
1787196038,27.87594,76.41871,295,0,,,,29.08549,29.76281,24.99009
1787196038,27.81987,76.36378,295,0,,,,29.18709,29.79668,25.05762
1787196039,27.79049,76.28596,295,0,,,,29.18709,29.79668,25.05762
1787196040,27.77714,76.34241,295,0,,,,29.18709,29.93214,24.99009
1787196040,27.83322,76.31342,295,0,,,,29.15322,29.76281,25.05762
1787196041,27.83322,76.3653,295,0,,,,29.18709,29.79668,25.02375
1787196041,27.83322,76.34547,295,0,,,,29.15322,29.69508,24.82096
1787196042,27.80651,76.41413,295,0,,,,29.18709,29.96601,25.22675
1787196043,27.8893,76.42329,295,0,,,,29.15322,29.99988,25.12535
1787196043,27.86259,76.48737,295,0,,,,29.18709,29.79668,25.05762
1787196044,27.8893,76.41108,295,0,,,,29.18709,29.76281,25.19288
1787196045,27.84657,76.42329,295,0,,,,29.15322,29.86441,25.09148
1787196045,27.83322,76.25391,295,0,,,,29.22095,29.83055,25.05762
1787196046,27.87594,76.40955,295,0,,,,29.11935,29.79668,25.12535
1787196047,27.83322,76.54383,295,0,,,,29.18709,29.66121,24.88849
1787196047,27.73175,76.35462,295,0,,,,29.11935,29.86441,25.22675
1787196048,27.81987,76.42786,295,0,,,,29.11935,29.76281,24.85462
1787196049,27.86259,76.53925,295,0,,,,29.11935,29.79668,24.95622
1787196049,27.87594,76.63844,295,0,,,,29.15322,29.83055,25.05762
1787196050,27.84657,76.36988,295,0,,,,29.18709,29.83055,25.19288
1787196051,27.80651,76.33784,295,0,,,,29.11935,29.89848,25.02375
1787196051,27.87594,76.40955,295,0,,,,29.18709,29.86441,24.95622
1787196052,27.80651,76.36988,295,0,,,,29.11935,29.79668,25.15922
1787196053,27.87594,76.31495,295,0,,,,29.15322,29.86441,24.92235
1787196053,27.80651,76.40192,295,0,,,,29.22095,29.86441,25.09148
1787196054,27.76379,76.318,295,0,,,,29.15322,29.72895,25.09148
1787196055,27.83322,76.34547,296,0,,,,29.11935,29.72895,24.95622
1787196055,27.81987,76.34241,295,0,,,,29.15322,29.93214,24.85462
1787196056,27.81987,76.32258,295,0,,,,29.22095,29.76281,25.02375
1787196057,27.81987,76.29206,296,0,,,,29.22095,29.79668,25.02375
1787196057,27.74777,76.22186,295,0,,,,29.18709,29.72895,25.12535
1787196058,27.91867,76.30427,295,0,,,,29.11935,29.79668,24.88849
1787196059,27.76379,76.24628,296,0,,,,29.18709,29.76281,25.12535
1787196059,27.83322,76.26307,295,0,,,,29.11935,29.79668,25.19288
1787196060,27.83322,76.30579,295,0,,,,29.15322,29.86441,25.05762
1787196061,27.86259,76.37446,295,0,,,,29.15322,29.86441,24.95622
1787196061,27.79049,76.27375,295,0,,,,29.08549,29.79668,24.92235
1787196062,27.81987,76.26002,295,0,,,,29.15322,29.86441,24.92235
1787196063,27.80651,76.30885,295,0,,,,29.05162,29.76281,25.02375
1787196063,27.84657,76.32716,295,0,,,,29.11935,29.62735,24.99009
1787196064,27.84657,76.21423,295,0,,,,29.15322,29.76281,25.05762
1787196065,27.7184,76.26765,296,0,,,,29.11935,29.89848,25.09148
1787196065,27.77714,76.19592,295,0,,,,29.15322,29.72895,25.02375
1787196066,27.76379,76.18219,295,0,,,,29.11935,29.72895,24.92235
1787196067,27.8893,76.28748,296,0,,,,29.25482,29.83055,24.99009
1787196067,27.86259,76.23712,296,0,,,,29.08549,29.89848,25.05762
1787196068,27.84657,76.2356,295,0,,,,29.15322,29.83055,25.05762
1787196069,27.76379,76.25849,295,0,,,,29.15322,29.69508,25.02375
1787196069,27.87594,76.22186,295,0,,,,29.15322,29.62735,25.05762
1787196070,27.8893,76.2356,295,0,,,,29.11935,29.83055,24.95622
1787196071,27.81987,76.15472,295,0,,,,29.25482,29.89848,24.95622
1787196071,27.83322,76.17761,295,0,,,,29.15322,29.69508,24.92235
1787196072,27.93202,76.18219,295,0,,,,29.22095,29.72895,24.95622
1787196073,27.8893,76.30885,295,0,,,,29.11935,29.83055,25.12535
1787196073,27.77714,76.24933,295,0,,,,29.05162,29.83055,25.05762
1787196074,27.81987,76.28138,295,0,,,,29.15322,29.72895,24.92235
1787196075,27.90532,76.21729,296,0,,,,29.11935,29.79668,25.05762
1787196075,27.8893,76.32716,296,0,,,,29.15322,29.76281,24.95622
1787196076,27.86259,76.35157,296,0,,,,29.15322,29.69508,24.95622
1787196077,27.87594,76.39735,297,0,,,,29.22095,29.83055,24.95622
1787196077,27.90532,76.33173,296,0,,,,29.15322,29.69508,25.02375
1787196078,27.84657,76.18219,295,0,,,,29.15322,29.72895,24.95622
1787196079,27.91867,76.3653,295,0,,,,29.18709,29.76281,25.12535
1787196079,27.81987,76.21729,295,0,,,,29.22095,29.86441,24.88849
1787196080,27.80651,76.16235,295,0,,,,29.22095,29.83055,25.05762
1787196081,27.90532,76.26002,295,0,,,,29.15322,29.83055,24.95622
1787196081,27.79049,76.23254,295,0,,,,29.15322,29.79668,25.12535
1787196082,27.91867,76.20966,295,0,,,,29.08549,29.76281,24.99009
1787196083,27.84657,76.35004,295,0,,,,29.11935,29.86441,25.02375
1787196083,27.81987,76.29206,295,0,,,,29.11935,29.59348,24.99009
1787196084,27.81987,76.34241,295,0,,,,29.18709,29.79668,25.12535
1787196085,27.83322,76.28291,295,0,,,,29.15322,29.69508,24.95622
1787196085,27.84657,76.40192,295,0,,,,29.08549,29.93214,24.99009
1787196086,27.8893,76.47517,296,0,,,,29.18709,29.76281,24.82096
1787196086,27.87594,76.35615,295,0,,,,29.22095,29.72895,25.05762
1787196087,27.74777,76.38819,296,0,,,,29.15322,29.96601,24.95622
1787196088,27.90532,76.42481,295,0,,,,29.11935,29.86441,25.09148
1787196088,27.81987,76.29206,295,0,,,,29.11935,29.79668,24.92235
1787196089,27.87594,76.40955,295,0,,,,29.18709,29.76281,25.02375
1787196090,27.83322,76.40955,295,0,,,,29.18709,29.66121,25.05762
1787196090,27.77714,76.36378,295,0,,,,29.28868,29.79668,24.92235
1787196091,27.90532,76.31342,295,0,,,,29.18709,29.69508,24.95622
1787196092,27.80651,76.44312,295,0,,,,29.15322,29.76281,25.09148
1787196092,27.79049,76.33631,295,0,,,,29.18709,29.72895,24.95622
1787196093,27.81987,76.45686,295,0,,,,29.08549,29.83055,25.05762
1787196094,27.81987,76.39582,295,0,,,,29.15322,29.89848,25.05762
1787196094,27.80651,76.43397,295,0,,,,29.05162,29.76281,24.92235
1787196095,27.81987,76.49805,295,0,,,,29.22095,29.66121,24.95622
1787196096,27.8893,76.52552,295,0,,,,29.18709,29.79668,25.09148
1787196096,27.83322,76.49195,295,0,,,,29.15322,29.86441,24.99009
1787196097,27.83322,76.53315,295,0,,,,29.15322,29.86441,24.92235
1787196098,27.86259,76.35157,295,0,,,,29.22095,29.66121,25.02375
1787196098,27.80651,76.42329,295,0,,,,29.15322,29.83055,25.02375
1787196099,27.87594,76.50111,295,0,,,,29.11935,29.86441,24.99009
1787196100,27.77714,76.49805,295,0,,,,29.15322,29.86441,24.92235
1787196100,27.77714,76.47822,295,0,,,,29.08549,29.96601,25.15922
1787196101,27.81987,76.5423,295,0,,,,29.15322,29.72895,25.15922
1787196102,27.8893,76.43244,295,0,,,,29.18709,29.86441,24.99009
1787196102,27.84657,76.51637,295,0,,,,29.15322,29.83055,24.99009
1787196103,27.79049,76.37751,295,0,,,,29.15322,29.86441,25.05762
1787196104,27.81987,76.40498,295,0,,,,29.15322,29.76281,25.19288
1787196104,27.83322,76.3653,295,0,,,,29.11935,29.96601,24.95622
1787196105,27.86259,76.28138,296,0,,,,29.18709,29.66121,25.02375
1787196106,27.76379,76.34089,296,0,,,,29.15322,29.76281,25.02375
1787196106,27.83322,76.28291,296,0,,,,29.08549,29.93214,25.09148
1787196107,27.87594,76.33631,295,0,,,,29.18709,29.83055,24.85462
1787196108,27.80651,76.26765,295,0,,,,29.11935,29.83055,25.02375
1787196108,27.84657,76.2768,295,0,,,,29.18709,29.83055,25.05762
1787196109,27.84657,76.37904,295,0,,,,29.11935,29.76281,25.09148
1787196110,27.87594,76.37751,295,0,,,,29.22095,29.79668,25.15922
1787196110,27.79049,76.26307,295,0,,,,29.08549,29.76281,25.02375
1787196111,27.84657,76.35004,295,0,,,,29.18709,29.89848,25.05762
1787196112,27.80651,76.38209,295,0,,,,29.15322,29.93214,24.95622
1787196112,27.81987,76.42786,295,0,,,,29.18709,29.76281,25.22675
1787196113,27.91867,76.47059,295,0,,,,29.15322,29.72895,24.92235
1787196114,27.86259,76.37446,295,0,,,,29.01776,29.72895,24.92235
1787196114,27.77714,76.41566,295,0,,,,29.18709,29.72895,25.15922
1787196115,27.87594,76.42939,295,0,,,,29.25482,29.86441,25.05762
1787196116,27.87594,76.53315,295,0,,,,29.18709,29.86441,24.88849
1787196116,27.87594,76.63844,295,0,,,,29.05162,29.76281,25.15922
1787196117,27.80651,76.48432,295,0,,,,29.11935,29.86441,24.82096
1787196118,27.77714,76.43702,295,0,,,,29.22095,29.66121,24.95622
1787196118,27.87594,76.54383,295,0,,,,29.22095,29.76281,25.02375
1787196119,27.8893,76.37904,295,0,,,,29.08549,29.76281,25.05762
1787196120,27.84657,76.46449,295,0,,,,29.15322,29.69508,25.12535
1787196120,27.86259,76.5713,295,0,,,,29.15322,29.86441,24.85462
1787196121,27.80651,76.53773,295,0,,,,29.18709,29.76281,24.85462
1787196122,27.90532,76.67506,295,0,,,,29.18709,29.96601,25.12535
1787196122,27.84657,76.69337,295,0,,,,29.11935,29.79668,24.99009
1787196123,27.80651,76.9131,295,0,,,,29.15322,29.79668,24.99009
1787196124,27.81987,77.09163,295,0,,,,29.05162,29.89848,24.95622
1787196124,27.80651,77.31747,295,0,,,,29.11935,29.83055,25.02375
1787196125,27.8893,77.41207,296,0,,,,29.18709,29.69508,24.95622
1787196126,27.80651,77.43191,295,0,,,,29.15322,29.93214,24.82096
1787196126,27.8893,77.5494,296,0,,,,29.15322,29.89848,24.99009
1787196127,27.90532,77.60433,295,0,,,,29.18709,29.72895,25.09148
1787196128,27.8893,77.60891,295,0,,,,29.15322,29.89848,25.02375
1787196128,27.87594,77.58602,295,0,,,,29.22095,29.72895,24.88849
1787196129,27.81987,77.58144,295,0,,,,29.11935,29.76281,24.99009
1787196129,27.84657,77.58755,295,0,,,,29.18709,29.86441,24.99009
1787196130,27.86259,77.66537,295,0,,,,29.15322,29.66121,25.02375
1787196131,27.84657,77.58755,295,0,,,,29.22095,29.89848,24.92235
1787196131,27.83322,77.47158,295,0,,,,29.15322,29.83055,25.09148
1787196132,27.90532,77.32204,295,0,,,,29.18709,29.86441,25.02375
1787196133,27.83322,77.23964,295,0,,,,29.11935,29.72895,25.02375
1787196133,27.84657,77.02754,295,0,,,,29.18709,29.93214,24.95622
1787196134,27.87594,76.98177,295,0,,,,29.22095,29.76281,25.12535
1787196135,27.83322,76.78188,296,0,,,,29.08549,29.69508,24.95622
1787196135,27.86259,76.72999,295,0,,,,29.08549,29.69508,25.09148
1787196136,27.84657,76.86885,296,0,,,,29.11935,29.79668,24.85462
1787196137,27.81987,76.73914,296,0,,,,29.11935,29.83055,24.85462
1787196137,27.90532,76.61555,295,0,,,,29.15322,29.76281,24.88849
1787196138,27.81987,76.65369,295,0,,,,29.11935,29.76281,25.09148
1787196139,27.83322,76.58503,295,0,,,,29.15322,29.69508,24.92235
1787196139,27.83322,76.58503,295,0,,,,29.18709,29.89848,24.95622
1787196140,27.84657,76.44312,295,0,,,,29.15322,29.86441,25.05762
1787196141,27.84657,76.51637,295,0,,,,29.22095,29.79668,25.02375
1787196141,27.91867,76.51179,295,0,,,,29.18709,29.93214,25.05762
1787196142,27.76379,76.40192,295,0,,,,29.05162,29.79668,24.92235
1787196143,27.81987,76.5301,295,0,,,,29.28868,29.86441,25.09148
1787196143,27.8893,76.51484,295,0,,,,29.11935,29.79668,25.02375
1787196144,27.8893,76.57893,295,0,,,,29.22095,29.83055,25.12535
1787196145,27.8893,76.53773,295,0,,,,29.15322,29.79668,25.02375
1787196145,27.87594,76.54383,295,0,,,,29.18709,29.79668,25.02375
1787196146,27.90532,76.53925,295,0,,,,29.18709,29.79668,25.02375
1787196147,27.94537,76.68574,296,0,,,,29.18709,29.76281,24.82096
1787196147,27.80651,76.74525,295,0,,,,29.15322,29.69508,24.99009
1787196148,27.84657,76.90089,295,0,,,,29.22095,29.79668,24.92235
1787196149,27.90532,76.80019,295,0,,,,29.15322,29.93214,25.02375
1787196149,27.83322,76.98177,295,0,,,,28.98389,29.76281,24.95622
1787196150,27.79049,76.9192,295,0,,,,29.18709,29.93214,25.05762
1787196151,27.86259,76.93752,295,0,,,,29.15322,29.86441,25.05762
1787196151,27.87594,76.87801,295,0,,,,29.15322,29.76281,24.88849
1787196152,27.90532,76.83223,295,0,,,,29.11935,29.86441,24.99009
1787196153,27.83322,76.9192,295,0,,,,29.18709,29.83055,24.95622
1787196153,27.81987,76.86427,296,0,,,,29.11935,29.86441,24.99009
1787196154,27.90532,76.85359,295,0,,,,29.11935,29.86441,25.09148
1787196155,27.86259,76.73914,297,0,,,,29.22095,29.76281,25.12535
1787196155,27.8893,76.75746,296,0,,,,29.08549,29.83055,24.88849
1787196156,27.8893,76.68116,296,0,,,,29.11935,29.86441,25.05762
1787196157,27.86259,76.64454,296,0,,,,29.15322,29.83055,24.92235
1787196157,27.90532,76.5713,295,0,,,,29.15322,29.79668,24.92235
1787196158,27.81987,76.56214,295,0,,,,29.15322,29.72895,24.95622
1787196159,27.86259,76.6247,295,0,,,,29.15322,29.76281,24.99009
1787196159,27.81987,76.5713,295,0,,,,29.28868,29.83055,24.99009
1787196160,27.80651,76.52857,295,0,,,,29.15322,29.66121,24.99009
1787196161,27.87594,76.52399,295,0,,,,29.08549,29.72895,25.12535
1787196161,27.80651,76.51637,295,0,,,,29.15322,29.79668,25.05762
1787196162,27.79049,76.65827,295,0,,,,29.08549,29.69508,24.99009
1787196163,27.91867,76.50111,295,0,,,,29.15322,29.83055,25.09148
1787196163,27.86259,76.6247,295,0,,,,29.18709,29.72895,24.92235
1787196164,27.83322,76.53315,295,0,,,,29.22095,29.83055,25.05762
1787196165,27.77714,76.51942,296,0,,,,29.15322,29.83055,24.99009
1787196165,27.83322,76.50263,295,0,,,,29.22095,29.69508,25.05762
1787196166,27.81987,76.4477,295,0,,,,29.22095,29.79668,25.09148
1787196167,27.77714,76.36378,296,0,,,,29.11935,29.76281,24.99009
1787196167,27.77714,76.27222,295,0,,,,29.15322,29.83055,24.99009
1787196168,27.7184,76.47517,295,0,,,,29.22095,29.76281,24.95622
1787196169,27.8893,76.40192,295,0,,,,29.15322,29.76281,24.95622
1787196169,27.79049,76.42939,295,0,,,,29.22095,29.83055,25.05762
1787196170,27.79049,76.45075,295,0,,,,29.22095,29.62735,25.09148
1787196171,27.9614,76.45075,295,0,,,,29.05162,29.62735,25.12535
1787196171,27.86259,76.35157,295,0,,,,29.18709,29.72895,25.05762
1787196172,27.8893,76.44312,295,0,,,,29.11935,29.79668,25.02375
1787196173,27.87594,76.37751,295,0,,,,29.11935,29.89848,24.88849
1787196173,27.87594,76.4416,295,0,,,,29.18709,29.79668,24.88849
1787196174,27.83322,76.34547,295,0,,,,29.18709,29.79668,24.99009
1787196174,27.81987,76.46601,295,0,,,,29.18709,29.79668,25.02375
1787196175,27.87594,76.37751,295,0,,,,29.15322,29.86441,24.95622
1787196176,27.80651,76.30885,296,0,,,,29.08549,29.86441,25.02375
1787196176,27.76379,76.26765,296,0,,,,29.11935,29.62735,25.15922
1787196177,27.83322,76.3241,296,0,,,,29.22095,29.79668,25.09148
1787196178,27.81987,76.40498,295,0,,,,29.08549,29.62735,24.92235
1787196178,27.84657,76.37904,295,0,,,,29.15322,29.86441,25.02375
1787196179,27.77714,76.30122,295,0,,,,29.15322,29.72895,25.05762
1787196180,27.83322,76.31342,295,0,,,,29.05162,29.83055,25.12535
1787196180,27.91867,76.35615,295,0,,,,29.08549,29.62735,25.02375
1787196181,27.83322,76.2417,295,0,,,,29.11935,29.79668,25.02375
1787196182,27.83322,76.34547,295,0,,,,29.22095,29.79668,25.12535
1787196182,27.77714,76.29206,295,0,,,,29.18709,29.72895,25.02375
1787196183,27.80651,76.18219,295,0,,,,29.08549,29.79668,24.99009
1787196184,27.91867,76.32716,295,0,,,,29.11935,29.89848,25.15922
1787196184,27.87594,76.3653,295,0,,,,29.11935,29.89848,25.19288
1787196185,27.84657,76.2768,295,0,,,,29.11935,29.79668,25.02375
1787196186,27.83322,76.2005,296,0,,,,29.11935,29.86441,25.12535
1787196186,27.81987,76.16388,296,0,,,,29.08549,29.76281,25.05762
1787196187,27.84657,76.22339,295,0,,,,29.15322,29.83055,25.02375
1787196188,27.86259,76.22797,295,0,,,,29.22095,29.69508,25.09148
1787196188,27.87594,76.26307,295,0,,,,29.11935,29.72895,24.95622
1787196189,27.8893,76.2768,295,0,,,,29.18709,29.79668,25.09148
1787196190,27.90532,76.17609,295,0,,,,29.18709,29.89848,25.02375
1787196190,27.80651,76.39124,295,0,,,,29.25482,29.89848,25.05762
1787196191,27.84657,76.22339,295,0,,,,29.11935,29.69508,24.95622
1787196192,27.83322,76.26307,295,0,,,,29.15322,29.69508,25.02375
1787196192,27.76379,76.26765,295,0,,,,29.11935,29.86441,24.95622
1787196193,27.83322,76.17761,295,0,,,,29.18709,29.76281,25.05762
1787196194,27.79049,76.16846,295,0,,,,29.18709,29.72895,25.02375
1787196194,27.79049,76.31495,295,0,,,,29.18709,29.72895,25.05762
1787196195,27.86259,76.41566,296,0,,,,29.18709,29.69508,25.05762
1787196196,27.80651,76.36073,296,0,,,,29.11935,29.76281,24.92235
1787196196,27.84657,76.51637,296,0,,,,29.11935,29.72895,24.99009
1787196197,27.8893,76.40192,296,0,,,,29.05162,29.76281,24.99009
1787196198,27.91867,76.34547,295,0,,,,29.15322,29.62735,25.12535
1787196198,27.73175,76.36378,295,0,,,,29.11935,29.69508,25.12535
1787196199,27.8893,76.40192,295,0,,,,29.11935,29.72895,25.09148
1787196200,27.84657,76.46449,295,0,,,,29.15322,29.76281,24.95622
1787196200,27.80651,76.49653,295,0,,,,29.15322,29.66121,24.82096
1787196201,27.80651,76.51637,295,0,,,,29.18709,29.62735,25.09148
1787196202,27.83322,76.63844,295,0,,,,29.15322,29.76281,25.12535
1787196202,27.83322,76.55604,295,0,,,,29.15322,29.76281,25.19288
1787196203,27.77714,76.5423,295,0,,,,29.11935,29.69508,24.92235
1787196204,27.84657,76.54688,295,0,,,,29.15322,29.72895,25.12535
1787196204,27.77714,76.5835,295,0,,,,29.15322,29.76281,25.02375
1787196205,27.84657,76.46449,296,0,,,,29.22095,29.93214,25.15922
1787196206,27.81987,76.46601,295,0,,,,29.08549,29.79668,24.85462
1787196206,27.8893,76.50568,295,0,,,,29.25482,29.89848,25.09148
1787196207,27.90532,76.68574,296,0,,,,29.22095,29.83055,24.99009
1787196208,27.83322,76.59724,295,0,,,,29.22095,29.79668,25.05762
1787196208,27.87594,76.60639,295,0,,,,29.22095,29.79668,24.99009
1787196209,27.86259,76.45686,295,0,,,,29.15322,29.89848,25.09148
1787196210,27.87594,76.59724,295,0,,,,29.15322,29.72895,25.12535
1787196210,27.8893,76.59876,295,0,,,,29.32255,29.96601,25.19288
1787196211,27.84657,76.47364,295,0,,,,29.15322,29.96601,25.02375
1787196212,27.86259,76.61555,295,0,,,,29.18709,29.89848,24.92235
1787196212,27.73175,76.44617,295,0,,,,29.18709,29.76281,24.95622
1787196213,27.80651,76.48432,295,0,,,,29.15322,29.79668,25.12535
1787196214,27.87594,76.4416,295,0,,,,29.15322,29.76281,25.19288
1787196214,27.90532,76.47822,295,0,,,,29.15322,29.83055,24.99009
1787196215,27.91867,76.59724,295,0,,,,29.22095,29.76281,25.02375
1787196216,27.79049,76.38819,295,0,,,,29.05162,29.89848,25.09148
1787196216,27.86259,76.36378,296,0,,,,29.25482,29.72895,25.02375
1787196217,27.8893,76.29664,296,0,,,,29.15322,29.76281,24.95622
1787196217,27.84657,76.42329,295,0,,,,29.15322,29.86441,24.92235
1787196218,27.90532,76.35157,295,0,,,,29.08549,29.79668,25.02375
1787196219,27.76379,76.53773,295,0,,,,29.22095,29.76281,25.02375
1787196219,27.86259,76.34241,295,0,,,,29.11935,29.76281,24.95622
1787196220,27.80651,76.24628,295,0,,,,29.18709,29.83055,24.92235
1787196221,27.83322,76.30579,295,0,,,,29.08549,29.93214,24.95622
1787196221,27.8893,76.29664,295,0,,,,29.15322,29.96601,25.12535
1787196222,27.80651,76.318,295,0,,,,29.11935,29.79668,24.95622
1787196223,27.91867,76.42939,295,0,,,,28.98389,29.59348,24.95622
1787196223,27.83322,76.33631,295,0,,,,29.15322,29.69508,24.88849
1787196224,27.80651,76.21423,295,0,,,,29.11935,29.76281,25.15922
1787196225,27.86259,76.26002,296,0,,,,29.15322,29.79668,24.88849
1787196225,27.84657,76.26765,296,0,,,,29.11935,29.72895,24.88849
1787196226,27.81987,76.21729,295,0,,,,29.11935,29.99988,25.02375
1787196227,27.81987,76.37446,296,0,,,,29.01776,29.72895,25.09148
1787196227,27.84657,76.2768,295,0,,,,29.15322,29.89848,24.99009
1787196228,27.80651,76.27833,295,0,,,,29.08549,29.86441,24.95622
1787196229,27.86259,76.29206,295,0,,,,29.08549,29.89848,25.12535
1787196229,27.84657,76.29664,295,0,,,,29.05162,29.79668,25.05762
1787196230,27.80651,76.25544,295,0,,,,29.15322,29.76281,24.95622
1787196231,27.8893,76.40192,295,0,,,,29.08549,29.86441,24.99009
1787196231,27.81987,76.32258,295,0,,,,29.11935,29.66121,25.05762
1787196232,27.8893,76.44312,295,0,,,,29.18709,29.69508,25.05762
1787196233,27.93202,76.59876,295,0,,,,29.08549,29.62735,24.99009
1787196233,27.84657,76.62928,295,0,,,,29.08549,29.86441,25.09148
1787196234,27.79049,76.62623,295,0,,,,29.25482,29.93214,24.92235
1787196235,27.94537,76.71626,296,0,,,,29.08549,29.76281,24.99009
1787196235,27.8893,76.73457,295,0,,,,29.11935,29.79668,24.92235
1787196236,27.90532,76.81239,295,0,,,,29.22095,29.89848,24.99009
1787196237,27.76379,76.69489,296,0,,,,29.18709,29.83055,24.99009
1787196237,27.79049,76.72236,295,0,,,,29.15322,29.76281,24.99009
1787196238,27.84657,76.73457,295,0,,,,29.08549,29.69508,25.05762
1787196239,27.80651,76.68421,295,0,,,,29.11935,29.76281,25.05762
1787196239,27.81987,76.71778,295,0,,,,29.22095,29.93214,25.02375
1787196240,27.84657,76.70405,295,0,,,,29.18709,29.62735,25.09148
1787196241,27.83322,76.63844,295,0,,,,29.08549,29.86441,25.05762
1787196241,27.84657,76.68116,295,0,,,,29.15322,29.93214,24.92235
1787196242,27.84657,76.62165,295,0,,,,29.15322,29.79668,25.02375
1787196243,27.83322,76.56519,295,0,,,,29.18709,29.66121,25.12535
1787196243,27.81987,76.64454,295,0,,,,29.25482,29.86441,25.02375
1787196244,27.74777,76.50263,295,0,,,,29.15322,29.83055,25.02375
1787196245,27.79049,76.47059,296,0,,,,29.15322,29.69508,24.85462
1787196245,27.80651,76.40192,295,0,,,,29.25482,29.59348,24.95622
1787196246,27.81987,76.45686,296,0,,,,29.25482,29.62735,25.02375
1787196247,27.80651,76.47517,296,0,,,,29.15322,29.66121,25.02375
1787196247,27.83322,76.45075,296,0,,,,29.15322,29.69508,25.19288
1787196248,27.8893,76.50568,295,0,,,,29.22095,29.79668,24.95622
1787196249,27.77714,76.60334,295,0,,,,29.15322,29.89848,25.05762
1787196249,27.8893,76.69337,295,0,,,,29.15322,29.76281,24.88849
1787196250,27.79049,76.60792,295,0,,,,29.22095,29.83055,24.95622
1787196251,27.86259,76.67658,295,0,,,,29.15322,29.76281,24.85462
1787196251,27.84657,76.672,295,0,,,,29.25482,29.79668,25.05762
1787196252,27.79049,76.67048,295,0,,,,29.08549,29.86441,25.02375
1787196253,27.93202,76.7773,295,0,,,,29.22095,29.69508,24.92235
1787196253,27.84657,76.63996,295,0,,,,29.11935,29.69508,25.02375
1787196254,27.79049,76.58503,295,0,,,,29.18709,29.72895,25.02375
1787196255,27.90532,76.67506,295,0,,,,29.08549,29.86441,24.99009
1787196255,27.76379,76.56977,296,0,,,,29.18709,29.62735,25.02375
1787196256,27.79049,76.67963,295,0,,,,29.15322,29.59348,24.82096
1787196257,27.79049,76.63844,296,0,,,,29.11935,29.69508,24.92235
1787196257,27.83322,76.60792,296,0,,,,29.11935,29.66121,24.99009
1787196258,27.81987,76.68574,295,0,,,,29.25482,29.72895,25.02375
1787196259,27.80651,76.79866,295,0,,,,29.18709,29.62735,25.05762
1787196259,27.84657,76.82765,295,0,,,,29.25482,29.76281,25.05762
1787196260,27.76379,76.89174,295,0,,,,29.15322,29.76281,25.19288
1787196261,27.84657,76.82765,295,0,,,,29.15322,29.76281,24.99009
1787196261,27.86259,76.78188,295,0,,,,29.05162,29.86441,24.95622
1787196262,27.8893,76.72541,295,0,,,,29.15322,29.66121,25.12535
1787196262,27.81987,76.85359,295,0,,,,29.15322,29.59348,25.09148
1787196263,27.80651,76.88106,295,0,,,,29.18709,29.62735,24.88849
1787196264,27.83322,76.82613,295,0,,,,29.11935,29.79668,25.05762
1787196264,27.83322,77.05501,295,0,,,,29.22095,29.86441,25.12535
1787196265,27.81987,77.2076,296,0,,,,29.11935,29.72895,25.12535
1787196266,27.81987,77.38461,295,0,,,,29.11935,29.79668,25.15922
1787196266,27.80651,77.61959,295,0,,,,29.18709,29.69508,24.99009
1787196267,27.90532,77.62417,295,0,,,,29.18709,29.79668,25.05762
1787196268,27.83322,77.65926,295,0,,,,29.11935,29.76281,24.88849
1787196268,27.90532,77.77982,295,0,,,,29.18709,29.83055,24.92235
1787196269,27.86259,77.65621,295,0,,,,29.18709,29.79668,25.09148
1787196270,27.84657,77.52651,295,0,,,,29.22095,29.79668,25.12535
1787196270,27.81987,77.32204,295,0,,,,29.18709,29.72895,24.88849
1787196271,27.86259,77.2198,295,0,,,,29.15322,29.69508,24.92235
1787196272,27.81987,77.2076,295,0,,,,29.11935,29.66121,25.19288
1787196272,27.86259,76.94667,295,0,,,,29.08549,29.79668,24.99009
1787196273,27.76379,77.0779,295,0,,,,29.18709,29.89848,24.95622
1787196274,27.83322,76.96956,295,0,,,,29.22095,30.06781,25.02375
1787196274,27.73175,76.88564,295,0,,,,29.11935,29.83055,24.95622
1787196275,27.80651,76.8597,296,0,,,,29.18709,29.69508,24.92235
1787196276,27.81987,76.80019,296,0,,,,29.15322,29.72895,24.92235
1787196276,27.87594,76.85512,296,0,,,,29.15322,29.89848,24.95622
1787196277,27.8893,76.79561,296,0,,,,29.15322,29.62735,25.02375
1787196278,27.80651,76.71626,295,0,,,,29.15322,29.89848,24.95622
1787196278,27.81987,76.63386,295,0,,,,29.22095,29.83055,25.02375
1787196279,27.86259,76.74982,295,0,,,,29.11935,29.69508,24.95622
1787196280,27.8893,76.73457,295,0,,,,29.18709,29.72895,24.95622
1787196280,27.76379,76.70405,295,0,,,,29.11935,29.86441,24.99009
1787196281,27.83322,76.65827,295,0,,,,29.11935,29.72895,25.02375
1787196282,27.83322,76.67963,295,0,,,,29.15322,29.79668,24.88849
1787196282,27.83322,76.67963,295,0,,,,29.18709,29.79668,25.09148
1787196283,27.94537,76.64454,295,0,,,,29.22095,29.69508,24.95622
1787196284,27.81987,76.6659,295,0,,,,29.11935,29.93214,25.02375
1787196284,27.83322,76.54383,295,0,,,,29.15322,29.72895,25.02375
1787196285,27.84657,76.56977,295,0,,,,29.15322,29.83055,25.05762
1787196286,27.83322,76.51179,295,0,,,,29.18709,29.79668,24.82096
1787196286,27.90532,76.46906,295,0,,,,29.22095,29.76281,25.09148
1787196287,27.77714,76.42786,295,0,,,,29.11935,29.83055,24.88849
1787196288,27.79049,76.45991,295,0,,,,29.15322,29.69508,24.85462
1787196288,27.79049,76.42939,295,0,,,,29.18709,29.83055,24.88849
1787196289,27.80651,76.48432,295,0,,,,29.15322,29.69508,24.99009
1787196290,27.77714,76.51026,295,0,,,,29.11935,29.69508,25.05762
1787196290,27.86259,76.48737,295,0,,,,29.15322,29.76281,25.15922
1787196291,27.90532,76.6247,295,0,,,,29.18709,29.76281,25.05762
1787196292,27.81987,76.63386,295,0,,,,29.15322,29.79668,24.88849
1787196292,27.74777,76.52399,295,0,,,,29.08549,29.69508,24.88849
1787196293,27.81987,76.4889,295,0,,,,29.22095,29.55962,25.02375
1787196294,27.84657,76.58961,295,0,,,,29.18709,29.83055,24.88849
1787196294,27.81987,76.59418,295,0,,,,29.22095,29.89848,24.92235
1787196295,27.8893,76.54688,296,0,,,,29.11935,29.76281,24.85462
1787196296,27.79049,76.73151,295,0,,,,29.11935,29.72895,24.99009
1787196296,27.8893,76.55756,296,0,,,,29.15322,29.79668,24.85462
1787196297,27.87594,76.59724,296,0,,,,29.15322,29.86441,25.02375
1787196298,27.83322,76.47059,295,0,,,,29.08549,29.86441,24.92235
1787196298,27.77714,76.5423,295,0,,,,29.11935,29.72895,25.05762
1787196299,27.8893,76.40192,295,0,,,,29.11935,29.69508,24.99009
1787196300,27.93202,76.43244,295,0,,,,29.25482,29.72895,25.05762
1787196300,27.93202,76.37904,295,0,,,,29.18709,29.83055,25.15922
1787196301,27.79049,76.42939,295,0,,,,29.15322,29.72895,24.95622
1787196302,27.77714,76.38361,295,0,,,,29.11935,29.76281,25.19288
1787196302,27.81987,76.43702,295,0,,,,29.08549,29.83055,25.19288
1787196303,27.90532,76.48737,295,0,,,,29.18709,29.83055,25.09148
1787196304,27.80651,76.33784,295,0,,,,29.18709,29.72895,25.09148
1787196304,27.83322,76.34547,295,0,,,,29.15322,29.83055,25.05762
1787196305,27.81987,76.40498,296,0,,,,29.11935,29.79668,24.99009
1787196306,27.86259,76.36378,295,0,,,,29.15322,29.79668,24.78709
1787196306,27.8893,76.31953,295,0,,,,29.08549,29.76281,24.99009
1787196307,27.83322,76.27375,295,0,,,,29.11935,29.79668,25.05762
1787196307,27.79049,76.38819,295,0,,,,29.18709,29.89848,24.92235
1787196308,27.93202,76.25544,295,0,,,,29.18709,29.89848,24.99009
1787196309,27.76379,76.35004,295,0,,,,29.01776,29.66121,24.85462
1787196309,27.86259,76.26002,295,0,,,,29.11935,29.72895,24.92235
1787196310,27.81987,76.32258,295,0,,,,29.18709,29.72895,24.99009
1787196311,27.9614,76.23102,295,0,,,,29.15322,29.83055,24.99009
1787196311,27.81987,76.24017,295,0,,,,29.18709,29.76281,25.09148
1787196312,27.86259,76.32258,295,0,,,,29.18709,29.76281,25.05762
1787196313,27.77714,76.30122,295,0,,,,29.15322,29.86441,24.78709
1787196313,27.90532,76.22797,295,0,,,,29.22095,29.83055,24.95622
1787196314,27.83322,76.31342,295,0,,,,29.11935,29.89848,24.92235
1787196315,27.80651,76.26765,296,0,,,,29.05162,29.69508,25.19288
1787196315,27.84657,76.2356,295,0,,,,29.05162,29.93214,25.12535
1787196316,27.84657,76.3592,295,0,,,,29.18709,29.76281,25.09148
1787196317,27.79049,76.23254,296,0,,,,29.15322,29.79668,24.85462
1787196317,27.81987,76.34241,295,0,,,,29.08549,29.69508,25.15922
1787196318,27.87594,76.3653,295,0,,,,29.15322,29.86441,24.92235
1787196319,27.87594,76.52399,296,0,,,,29.11935,29.83055,25.12535
1787196319,27.76379,76.39277,295,0,,,,29.18709,29.69508,25.19288
1787196320,27.74777,76.42023,295,0,,,,29.18709,29.83055,25.05762
1787196321,27.81987,76.46601,295,0,,,,29.15322,29.86441,24.95622
1787196321,27.76379,76.42329,295,0,,,,29.15322,29.79668,25.12535
1787196322,27.91867,76.43855,295,0,,,,29.22095,29.76281,25.15922
1787196323,27.8893,76.43244,295,0,,,,29.15322,29.79668,25.12535
1787196323,27.86259,76.39582,295,0,,,,29.22095,29.72895,25.12535
1787196324,27.87594,76.33631,295,0,,,,29.15322,29.89848,24.95622
1787196325,27.74777,76.43244,295,0,,,,29.15322,29.79668,25.02375
1787196325,27.80651,76.318,296,0,,,,29.05162,29.62735,25.02375
1787196326,27.87594,76.40955,295,0,,,,29.05162,29.72895,25.02375
1787196327,27.81987,76.35157,296,0,,,,29.11935,29.76281,24.95622
1787196327,27.84657,76.3592,295,0,,,,29.18709,29.76281,25.12535
1787196328,27.83322,76.39735,295,0,,,,29.11935,29.79668,25.05762
1787196329,27.86259,76.36378,295,0,,,,29.11935,29.89848,25.09148
1787196329,27.86259,76.51942,295,0,,,,29.11935,29.76281,25.05762
1787196330,27.80651,76.49653,295,0,,,,29.18709,29.76281,24.99009
1787196331,27.94537,76.80019,295,0,,,,29.08549,29.69508,25.02375
1787196331,27.80651,76.8185,295,0,,,,29.11935,29.69508,24.99009
1787196332,27.79049,76.79408,295,0,,,,29.11935,29.79668,25.09148
1787196333,27.91867,76.79408,295,0,,,,29.25482,29.83055,25.09148
1787196333,27.74777,76.72236,295,0,,,,29.11935,29.93214,25.05762
1787196334,27.93202,76.83986,295,0,,,,29.11935,29.66121,25.15922
1787196335,27.90532,77.07332,296,0,,,,29.11935,29.93214,24.95622
1787196335,27.8893,76.98329,296,0,,,,29.08549,29.72895,25.02375
1787196336,27.87594,77.07484,296,0,,,,29.15322,29.52575,25.12535
1787196337,27.83322,77.10536,296,0,,,,29.01776,29.72895,25.09148
1787196337,27.81987,77.00923,296,0,,,,29.18709,29.83055,25.12535
1787196338,27.83322,77.04585,295,0,,,,29.08549,29.86441,24.88849
1787196339,27.87594,77.0016,295,0,,,,29.08549,29.72895,24.95622
1787196339,27.87594,76.83528,295,0,,,,29.08549,29.72895,25.02375
1787196340,27.80651,76.75746,295,0,,,,29.11935,29.79668,25.09148
1787196341,27.73175,76.67658,295,0,,,,29.08549,29.93214,24.92235
1787196341,27.84657,76.68116,295,0,,,,29.15322,29.96601,24.99009
1787196342,27.77714,76.5713,295,0,,,,29.11935,29.86441,24.92235
1787196343,27.77714,76.59418,295,0,,,,29.08549,29.79668,25.02375
1787196343,27.74777,76.51484,295,0,,,,29.15322,29.69508,25.02375
1787196344,27.81987,76.4889,295,0,,,,29.18709,29.66121,25.02375
1787196345,27.77714,76.51942,295,0,,,,29.01776,29.72895,24.95622
1787196345,27.80651,76.41413,295,0,,,,29.25482,29.96601,24.99009
1787196346,27.90532,76.60334,296,0,,,,29.05162,29.83055,25.19288
1787196347,27.80651,76.48432,296,0,,,,29.22095,29.83055,25.15922
1787196347,27.90532,76.4477,295,0,,,,29.11935,29.86441,24.99009
1787196348,27.77714,76.43702,295,0,,,,29.08549,29.72895,24.95622
1787196348,27.90532,76.4477,295,0,,,,29.08549,29.83055,25.02375
1787196349,27.79049,76.4416,295,0,,,,29.08549,29.83055,24.88849
1787196350,27.94537,76.47822,296,0,,,,29.01776,29.76281,25.09148
1787196350,27.87594,76.37751,295,0,,,,29.18709,29.86441,24.99009
1787196351,27.74777,76.4004,295,0,,,,29.22095,29.89848,25.05762
1787196352,27.84657,76.41108,295,0,,,,29.08549,29.79668,25.09148
1787196352,27.77714,76.36378,295,0,,,,29.15322,29.96601,25.12535
1787196353,27.77714,76.29206,295,0,,,,29.15322,29.79668,24.92235
1787196354,27.81987,76.35157,295,0,,,,29.22095,29.83055,24.92235
1787196354,27.77714,76.32258,295,0,,,,29.11935,29.69508,25.05762
1787196355,27.79049,76.25391,296,0,,,,29.22095,29.76281,25.09148
1787196356,27.80651,76.27833,296,0,,,,29.15322,29.83055,24.95622
1787196356,27.87594,76.35615,295,0,,,,29.18709,29.86441,24.95622
1787196357,27.80651,76.42329,295,0,,,,29.18709,29.66121,25.09148
1787196358,27.79049,76.28596,295,0,,,,29.18709,29.76281,25.02375
1787196358,27.80651,76.38209,295,0,,,,29.11935,29.69508,25.05762
1787196359,27.81987,76.30122,295,0,,,,29.11935,29.79668,25.05762
1787196360,27.77714,76.37446,295,0,,,,29.08549,29.86441,24.99009
1787196360,27.83322,76.4416,295,0,,,,29.08549,29.86441,25.12535
1787196361,27.91867,76.37751,295,0,,,,29.08549,29.72895,25.05762
1787196362,27.8893,76.30885,295,0,,,,29.15322,29.76281,25.02375
1787196362,27.86259,76.32258,295,0,,,,29.18709,29.83055,24.92235
1787196363,27.86259,76.40498,295,0,,,,29.22095,29.66121,24.92235
1787196364,27.84657,76.33784,295,0,,,,29.15322,29.66121,25.02375
1787196364,27.81987,76.5713,295,0,,,,29.18709,29.69508,25.02375
1787196365,27.87594,76.46143,295,0,,,,29.22095,29.86441,24.85462
1787196366,27.94537,76.47822,295,0,,,,29.08549,29.66121,25.05762
1787196366,27.81987,76.47822,296,0,,,,29.15322,29.96601,25.05762
1787196367,27.80651,76.40192,296,0,,,,29.15322,29.79668,25.09148
1787196368,27.83322,76.38819,295,0,,,,29.15322,29.83055,24.92235
1787196368,27.90532,76.35157,295,0,,,,29.08549,29.79668,24.92235
1787196369,27.73175,76.4065,295,0,,,,29.11935,29.79668,24.95622
1787196370,27.90532,76.38361,295,0,,,,29.05162,29.76281,24.88849
1787196370,27.80651,76.318,295,0,,,,29.15322,29.79668,24.99009
1787196371,27.81987,76.35157,295,0,,,,29.15322,29.69508,24.99009
1787196372,27.84657,76.33784,295,0,,,,29.18709,29.83055,25.05762
1787196372,27.8893,76.31953,295,0,,,,29.08549,29.86441,24.95622
1787196373,27.9614,76.29511,295,0,,,,29.08549,29.79668,24.82096
1787196374,27.81987,76.32258,295,0,,,,29.15322,29.83055,24.99009
1787196374,27.77714,76.38361,295,0,,,,29.08549,29.76281,24.99009
1787196375,27.79049,76.29511,296,0,,,,29.08549,29.72895,25.15922
1787196376,27.80651,76.24628,296,0,,,,29.25482,29.69508,25.02375
1787196376,27.79049,76.38819,295,0,,,,29.18709,29.96601,24.85462
1787196377,27.77714,76.32258,296,0,,,,29.22095,29.89848,24.99009
1787196378,27.83322,76.30579,295,0,,,,29.11935,29.76281,25.02375
1787196378,27.91867,76.3653,295,0,,,,29.15322,29.79668,25.05762
1787196379,27.86259,76.38361,295,0,,,,29.08549,29.89848,25.12535
1787196380,27.86259,76.33173,295,0,,,,29.11935,29.86441,24.92235
1787196380,27.80651,76.22644,295,0,,,,29.11935,29.93214,24.99009
1787196381,27.86259,76.28138,295,0,,,,29.15322,29.86441,25.05762
1787196382,27.8893,76.31953,295,0,,,,29.18709,29.79668,25.02375
1787196382,27.90532,76.18524,295,0,,,,29.11935,29.83055,24.95622
1787196383,27.77714,76.33173,295,0,,,,29.11935,29.76281,25.09148
1787196384,27.81987,76.26917,295,0,,,,29.22095,29.76281,25.15922
1787196384,27.94537,76.36073,295,0,,,,29.15322,29.89848,24.95622
1787196385,27.81987,76.33173,295,0,,,,29.11935,29.76281,24.88849
1787196386,27.91867,76.27375,295,0,,,,29.18709,29.69508,24.99009
1787196386,27.79049,76.22186,296,0,,,,29.11935,29.76281,25.05762
1787196387,27.77714,76.20813,295,0,,,,29.18709,29.86441,25.02375
1787196388,27.84657,76.20355,295,0,,,,29.22095,29.76281,25.05762
1787196388,27.8893,76.2768,295,0,,,,29.15322,29.69508,24.95622
1787196389,27.91867,76.27375,295,0,,,,29.08549,29.89848,25.12535
1787196390,27.87594,76.22186,295,0,,,,29.01776,29.86441,25.09148
1787196390,27.79049,76.2005,295,0,,,,29.08549,29.96601,24.99009
1787196391,27.83322,76.2005,295,0,,,,29.11935,29.62735,25.05762
1787196392,27.86259,76.20813,295,0,,,,29.15322,29.89848,24.88849
1787196392,27.84657,76.09979,295,0,,,,29.08549,29.79668,24.95622
1787196393,27.83322,76.2417,295,0,,,,29.11935,29.66121,25.15922
1787196393,27.91867,76.1593,295,0,,,,29.08549,29.66121,25.09148
1787196394,27.77714,76.18677,295,0,,,,29.08549,29.79668,25.12535
1787196395,27.86259,76.17609,296,0,,,,29.18709,29.89848,25.02375
1787196396,27.81987,76.18677,295,0,,,,29.05162,29.76281,25.02375
1787196396,27.84657,76.12115,296,0,,,,29.11935,29.83055,24.88849
1787196397,27.94537,76.21729,296,0,,,,29.05162,29.66121,25.05762
1787196397,27.84657,76.2768,295,0,,,,29.18709,29.72895,24.92235
1787196398,27.81987,76.36378,295,0,,,,29.15322,29.72895,24.92235
1787196399,27.81987,76.49805,295,0,,,,29.18709,29.79668,24.99009
1787196399,27.87594,76.3653,295,0,,,,29.22095,29.76281,24.99009
1787196400,27.79049,76.3241,295,0,,,,29.18709,29.79668,25.12535
1787196401,27.9614,76.55299,295,0,,,,29.08549,29.76281,24.99009
1787196401,27.87594,76.37751,295,0,,,,29.11935,29.93214,24.95622
1787196402,27.79049,76.39735,295,0,,,,29.15322,29.83055,24.95622
1787196403,27.81987,76.46601,295,0,,,,29.15322,29.79668,24.95622
1787196403,27.8893,76.63996,295,0,,,,29.11935,29.72895,25.12535
1787196404,27.87594,76.79408,295,0,,,,29.05162,29.62735,24.92235
1787196405,27.83322,77.01381,296,0,,,,29.11935,29.79668,25.05762
1787196405,27.8893,77.35867,295,0,,,,29.05162,29.83055,25.02375
1787196406,27.77714,77.53109,296,0,,,,29.11935,29.66121,24.88849
1787196407,27.83322,77.49142,296,0,,,,29.05162,29.76281,24.95622
1787196407,27.81987,77.58144,295,0,,,,29.08549,29.86441,24.88849
1787196408,27.86259,77.34341,295,0,,,,29.18709,29.83055,25.02375
1787196409,27.87594,77.2839,296,0,,,,29.15322,29.69508,25.02375
1787196409,27.84657,77.20302,295,0,,,,28.98389,29.66121,25.05762
1787196410,27.83322,77.11604,295,0,,,,29.18709,29.62735,24.95622
1787196411,27.80651,77.16182,295,0,,,,29.18709,29.69508,24.92235
1787196411,27.81987,77.17555,295,0,,,,29.18709,29.79668,24.82096
1787196412,27.84657,77.31747,295,0,,,,29.18709,29.66121,25.02375
1787196413,27.84657,77.37087,295,0,,,,29.15322,29.76281,24.95622
1787196413,27.87594,77.3251,295,0,,,,29.08549,29.83055,25.02375
1787196414,27.93202,77.44106,295,0,,,,29.08549,29.86441,24.92235
1787196415,27.73175,77.65621,296,0,,,,29.05162,29.69508,25.05762
1787196415,27.87594,77.98123,296,0,,,,29.11935,29.59348,25.02375
1787196416,27.91867,78.07584,297,0,,,,29.08549,29.59348,25.05762
1787196417,27.80651,78.13229,296,0,,,,29.08549,29.79668,24.99009
1787196417,27.90532,78.13535,296,0,,,,29.05162,29.89848,25.12535
1787196418,27.81987,77.99954,295,0,,,,29.11935,29.76281,24.92235
1787196419,27.8893,78.05753,295,0,,,,29.11935,29.69508,24.82096
1787196419,27.86259,77.95834,295,0,,,,29.15322,29.72895,25.09148
1787196420,27.91867,77.83475,295,0,,,,28.98389,29.76281,24.95622
1787196421,27.86259,77.68673,295,0,,,,29.08549,29.72895,25.05762
1787196421,27.8893,77.673,295,0,,,,29.15322,29.93214,24.95622
1787196422,27.81987,77.45785,295,0,,,,29.05162,29.72895,24.99009
1787196423,27.87594,77.45937,295,0,,,,29.11935,29.79668,24.92235
1787196423,27.90532,77.37545,295,0,,,,29.05162,29.86441,25.05762
1787196424,27.84657,77.29763,295,0,,,,29.01776,29.86441,24.85462
1787196425,27.80651,77.12062,296,0,,,,29.11935,29.76281,25.02375
1787196425,27.86259,77.1664,295,0,,,,29.15322,29.72895,25.22675
1787196426,27.86259,77.06111,295,0,,,,29.11935,29.59348,24.88849
1787196427,27.86259,76.88564,296,0,,,,29.05162,29.83055,24.99009
1787196427,27.87594,76.81392,296,0,,,,29.18709,29.79668,24.99009
1787196428,27.84657,76.82765,295,0,,,,29.18709,29.79668,24.95622
1787196429,27.80651,76.69337,295,0,,,,29.08549,29.96601,25.12535
1787196429,27.81987,76.72999,295,0,,,,29.11935,29.72895,25.05762
1787196430,27.84657,76.55756,295,0,,,,29.05162,29.69508,24.95622
1787196431,27.86259,76.59266,295,0,,,,29.15322,29.76281,25.09148
1787196431,27.87594,76.58503,295,0,,,,29.15322,29.72895,25.02375
1787196432,27.79049,76.58503,295,0,,,,29.11935,29.89848,25.09148
1787196433,27.81987,76.41566,295,0,,,,29.05162,29.83055,25.09148
1787196433,27.86259,76.43702,295,0,,,,29.08549,29.83055,24.95622
1787196434,27.93202,76.50568,295,0,,,,29.11935,29.76281,24.92235
1787196435,27.81987,76.43702,295,0,,,,29.08549,29.79668,25.02375
1787196435,27.84657,76.45533,295,0,,,,29.05162,29.76281,24.88849
1787196436,27.90532,76.50721,296,0,,,,29.08549,29.96601,24.95622
1787196436,27.80651,76.41413,295,0,,,,29.08549,29.72895,25.15922
1787196437,27.79049,76.47974,296,0,,,,29.22095,29.72895,25.02375
1787196438,27.83322,76.74372,295,0,,,,29.01776,29.69508,24.95622
1787196438,27.87594,76.98177,295,0,,,,29.11935,29.79668,24.95622
1787196439,27.84657,77.11909,295,0,,,,29.05162,29.69508,25.05762
1787196440,27.8893,77.0367,296,0,,,,29.11935,29.76281,25.09148
1787196440,27.84657,77.05959,296,0,,,,29.05162,29.62735,24.99009
1787196441,27.81987,77.05196,295,0,,,,29.11935,29.72895,25.02375
1787196442,27.86259,77.12367,295,0,,,,29.05162,29.52575,25.09148
1787196442,27.86259,76.94667,295,0,,,,29.15322,29.79668,25.02375
1787196443,27.79049,76.98177,295,0,,,,29.18709,29.79668,24.95622
1787196444,27.91867,76.88716,295,0,,,,29.18709,29.62735,25.02375
1787196444,27.83322,76.88716,295,0,,,,29.11935,29.72895,25.05762
1787196445,27.83322,76.78188,295,0,,,,29.18709,29.83055,24.95622
1787196446,27.86259,76.78188,297,0,,,,29.05162,29.83055,24.99009
1787196446,27.87594,76.71168,296,0,,,,29.01776,29.69508,25.02375
1787196447,27.84657,76.83986,295,0,,,,29.08549,29.62735,25.12535
1787196448,27.84657,76.89174,295,0,,,,29.01776,29.69508,24.95622
1787196448,27.83322,77.01381,295,0,,,,29.08549,29.83055,25.05762
1787196449,27.84657,76.81697,295,0,,,,29.11935,29.89848,25.05762
1787196450,27.81987,76.81239,295,0,,,,29.15322,29.79668,24.99009
1787196450,27.87594,76.74372,295,0,,,,29.08549,29.59348,24.95622
1787196451,27.84657,76.63996,295,0,,,,29.18709,29.69508,25.02375
1787196452,27.81987,76.59418,295,0,,,,29.11935,29.69508,24.85462
1787196452,27.80651,76.47517,295,0,,,,29.15322,29.62735,24.85462
1787196453,27.90532,76.64454,295,0,,,,29.18709,29.66121,24.99009
1787196454,27.80651,76.56977,295,0,,,,29.15322,29.62735,25.02375
1787196454,27.83322,76.57587,295,0,,,,29.18709,29.76281,24.99009
1787196455,27.8893,76.43244,295,0,,,,29.08549,29.79668,24.99009
1787196456,27.77714,76.51026,295,0,,,,29.11935,29.69508,25.05762
1787196456,27.80651,76.47517,296,0,,,,29.25482,29.76281,24.99009
1787196457,27.80651,76.48432,295,0,,,,29.15322,29.79668,25.05762
1787196458,27.86259,76.33173,295,0,,,,29.15322,29.96601,25.09148
1787196458,27.86259,76.43702,295,0,,,,29.08549,29.62735,25.12535
1787196459,27.90532,76.47822,295,0,,,,29.18709,29.72895,25.09148
1787196460,27.79049,76.42023,295,0,,,,29.18709,29.76281,24.95622
1787196460,27.80651,76.58961,295,0,,,,29.15322,29.83055,24.85462
1787196461,27.94537,76.84138,295,0,,,,29.08549,29.76281,25.02375
1787196462,27.8893,76.70405,295,0,,,,29.18709,29.69508,25.02375
1787196462,27.86259,76.75899,295,0,,,,29.05162,29.89848,24.99009
1787196463,27.80651,76.89174,295,0,,,,29.15322,29.66121,25.02375
1787196464,27.86259,76.83223,295,0,,,,29.15322,29.83055,24.88849
1787196464,27.90532,76.79103,295,0,,,,29.18709,29.76281,24.95622
1787196465,27.79049,76.77272,296,0,,,,29.11935,29.72895,25.09148
1787196466,27.84657,76.65217,295,0,,,,29.18709,29.62735,25.15922
1787196466,27.84657,76.66132,295,0,,,,29.15322,29.86441,24.99009
1787196467,27.81987,76.68574,296,0,,,,29.05162,29.66121,24.99009
1787196468,27.77714,76.60334,295,0,,,,29.01776,29.83055,25.09148
1787196468,27.84657,76.43244,295,0,,,,29.08549,29.62735,25.02375
1787196469,27.87594,76.50111,295,0,,,,28.95002,29.89848,25.09148
1787196470,27.91867,76.52399,295,0,,,,29.18709,29.93214,25.02375
1787196470,27.80651,76.52857,295,0,,,,29.05162,29.79668,25.05762
1787196471,27.83322,76.57587,295,0,,,,29.15322,29.86441,25.15922
1787196472,27.80651,76.38209,295,0,,,,29.11935,29.86441,25.05762
1787196472,27.80651,76.42329,295,0,,,,29.11935,29.72895,24.88849
1787196473,27.90532,76.60334,295,0,,,,29.11935,29.76281,24.92235
1787196474,27.77714,76.41566,295,0,,,,29.11935,29.72895,25.02375
1787196474,27.83322,76.47059,295,0,,,,29.05162,29.83055,24.99009
1787196475,27.87594,76.38819,295,0,,,,29.05162,29.69508,25.12535
1787196476,27.81987,76.34241,295,0,,,,29.08549,29.72895,25.02375
1787196476,27.79049,76.27375,296,0,,,,29.15322,29.89848,25.09148
1787196477,27.7184,76.54841,295,0,,,,29.11935,29.86441,25.02375
1787196478,27.76379,76.38209,295,0,,,,29.18709,29.72895,25.22675
1787196478,27.83322,76.31342,295,0,,,,29.08549,29.93214,25.12535
1787196479,27.8893,76.40192,295,0,,,,29.22095,29.86441,25.09148
1787196480,27.86259,76.40498,295,0,,,,29.08549,29.96601,25.05762
1787196480,27.84657,76.41108,295,0,,,,29.11935,29.96601,24.99009
1787196481,27.80651,76.42329,295,0,,,,29.15322,29.96601,25.02375
1787196481,27.76379,76.40192,295,0,,,,29.08549,29.66121,25.09148
1787196482,27.84657,76.39124,295,0,,,,29.18709,29.69508,25.02375
1787196483,27.81987,76.51942,295,0,,,,29.11935,29.83055,24.99009
1787196483,27.87594,76.47059,295,0,,,,29.08549,29.66121,25.05762
1787196484,27.81987,76.67658,295,0,,,,29.15322,29.79668,24.99009
1787196485,27.8893,76.73457,295,0,,,,29.08549,29.89848,25.05762
1787196485,27.86259,76.97719,295,0,,,,29.11935,29.83055,25.05762
1787196486,27.81987,76.78035,295,0,,,,29.08549,29.96601,24.95622
1787196487,27.83322,76.90852,296,0,,,,29.11935,29.66121,24.85462
1787196487,27.76379,76.83986,295,0,,,,29.25482,29.76281,24.95622
1787196488,27.81987,76.75899,295,0,,,,29.18709,29.69508,25.09148
1787196489,27.80651,76.77577,295,0,,,,29.08549,29.93214,24.99009
1787196489,27.84657,76.672,295,0,,,,29.05162,29.79668,25.05762
1787196490,27.93202,76.64912,295,0,,,,29.15322,29.69508,25.05762
1787196491,27.94537,76.68574,295,0,,,,29.18709,29.76281,24.95622
1787196491,27.81987,76.5301,295,0,,,,29.11935,29.86441,24.95622
1787196492,27.91867,76.62928,295,0,,,,29.22095,29.66121,25.12535
1787196493,27.79049,76.50263,295,0,,,,29.18709,29.72895,24.95622
1787196493,27.80651,76.54841,295,0,,,,29.08549,29.66121,25.15922
1787196494,27.79049,76.4416,295,0,,,,29.18709,30.03395,25.05762
1787196495,27.83322,76.45075,296,0,,,,29.11935,29.66121,24.92235
1787196495,27.74777,76.43244,296,0,,,,29.08549,29.86441,25.09148
1787196496,27.77714,76.49805,296,0,,,,29.11935,29.83055,25.05762
1787196497,27.79049,76.37751,295,0,,,,29.15322,29.69508,24.99009
1787196497,27.80651,76.38209,295,0,,,,29.15322,29.93214,25.05762
1787196498,27.84657,76.47364,295,0,,,,29.15322,29.79668,24.99009
1787196499,27.91867,76.50111,296,0,,,,29.18709,29.79668,24.92235
1787196499,27.77714,76.35462,295,0,,,,29.11935,29.86441,24.92235
1787196500,27.84657,76.59876,295,0,,,,29.18709,29.93214,24.88849
1787196501,27.8893,77.16182,295,0,,,,29.08549,29.76281,25.05762
1787196501,27.86259,77.3312,295,0,,,,29.15322,29.79668,24.99009
1787196502,27.90532,77.70962,295,0,,,,29.11935,29.76281,24.95622
1787196503,27.83322,77.78287,295,0,,,,29.18709,29.76281,25.02375
1787196503,27.86259,77.97971,295,0,,,,29.11935,29.76281,25.19288
1787196504,27.81987,77.9263,295,0,,,,29.18709,29.69508,24.95622
1787196505,27.84657,77.95377,296,0,,,,29.08549,29.89848,25.02375
1787196505,27.90532,77.85306,295,0,,,,29.11935,29.72895,24.78709
1787196506,27.87594,77.92935,295,0,,,,29.08549,29.72895,25.12535
1787196507,27.81987,78.01175,296,0,,,,29.08549,29.79668,25.02375
1787196507,27.83322,77.84695,296,0,,,,29.08549,29.76281,25.15922
1787196508,27.80651,77.77829,295,0,,,,29.08549,29.89848,24.88849
1787196509,27.86259,77.62417,295,0,,,,29.08549,29.76281,24.99009
1787196509,27.86259,77.58144,295,0,,,,29.11935,29.89848,25.05762
1787196510,27.86259,77.47768,295,0,,,,29.15322,29.79668,24.85462
1787196511,27.90532,77.44564,295,0,,,,29.08549,29.83055,25.05762
1787196511,27.80651,77.30831,295,0,,,,29.15322,29.69508,25.12535
1787196512,27.81987,77.07332,295,0,,,,29.18709,29.69508,25.09148
1787196513,27.90532,77.12367,295,0,,,,29.08549,29.79668,25.09148
1787196513,27.8893,77.0367,295,0,,,,29.05162,29.79668,24.88849
1787196514,27.81987,76.87343,295,0,,,,29.05162,29.72895,24.92235
1787196515,27.74777,76.78493,296,0,,,,29.08549,29.76281,24.99009
1787196515,27.91867,76.82307,295,0,,,,29.25482,29.83055,25.19288
1787196516,27.83322,76.75288,295,0,,,,29.18709,29.89848,25.05762
1787196517,27.84657,76.79561,296,0,,,,29.22095,29.79668,25.09148
1787196517,27.87594,76.87801,295,0,,,,29.22095,29.79668,25.09148
1787196518,27.76379,76.85054,295,0,,,,29.15322,29.66121,25.02375
1787196519,27.86259,76.74982,295,0,,,,29.05162,29.86441,24.99009
1787196519,27.77714,76.68574,295,0,,,,29.18709,29.79668,25.09148
1787196520,27.83322,76.71168,295,0,,,,29.22095,29.83055,25.15922
1787196521,27.86259,76.67658,295,0,,,,29.15322,29.96601,25.09148
1787196521,27.77714,76.6659,295,0,,,,29.08549,29.79668,25.02375
1787196522,27.83322,76.76357,295,0,,,,29.28868,29.83055,24.92235
1787196523,27.94537,76.72694,295,0,,,,29.22095,29.89848,24.99009
1787196523,27.83322,76.63844,295,0,,,,29.08549,29.59348,24.95622
1787196524,27.83322,76.59724,295,0,,,,29.08549,29.76281,24.95622
1787196524,27.87594,76.67963,295,0,,,,29.18709,29.76281,24.99009
1787196525,27.81987,76.5301,295,0,,,,29.08549,29.62735,25.05762
1787196526,27.83322,76.56519,296,0,,,,29.11935,29.72895,24.92235
1787196526,27.87594,76.53315,295,0,,,,29.18709,29.72895,25.22675
1787196527,27.76379,76.46449,295,0,,,,29.15322,29.79668,25.05762
1787196528,27.84657,76.51637,295,0,,,,29.18709,29.79668,24.99009
1787196528,27.90532,76.41566,295,0,,,,29.11935,29.79668,25.02375
1787196529,27.76379,76.35004,295,0,,,,29.15322,29.69508,25.15922
1787196530,27.90532,76.42481,295,0,,,,29.18709,29.86441,25.02375
1787196530,27.79049,76.42939,295,0,,,,29.11935,29.72895,25.12535
1787196531,27.80651,76.39124,295,0,,,,29.18709,29.83055,24.95622
1787196532,27.83322,76.53315,295,0,,,,29.15322,29.83055,24.95622
1787196532,27.86259,76.38361,295,0,,,,29.22095,29.83055,25.05762
1787196533,27.79049,76.36835,295,0,,,,29.15322,29.69508,24.95622
1787196534,27.83322,76.35615,295,0,,,,29.11935,29.62735,24.92235
1787196534,27.70504,76.28291,295,0,,,,29.08549,29.79668,24.99009
1787196535,27.87594,76.41871,296,0,,,,29.11935,29.89848,24.88849
1787196536,27.83322,76.27375,296,0,,,,29.18709,29.83055,25.15922
1787196536,27.87594,76.52399,297,0,,,,29.08549,29.66121,25.02375
1787196537,27.80651,76.41413,296,0,,,,29.15322,29.83055,24.95622
1787196538,27.87594,76.47974,295,0,,,,29.11935,29.86441,24.95622
1787196538,27.77714,76.45686,295,0,,,,29.11935,29.89848,24.99009
1787196539,27.80651,76.45533,295,0,,,,29.15322,29.76281,25.05762
1787196540,27.80651,76.46449,295,0,,,,29.18709,29.76281,25.05762
1787196540,27.73175,76.34241,295,0,,,,29.11935,29.72895,25.15922
1787196541,27.83322,76.35615,295,0,,,,29.15322,29.83055,24.95622
1787196542,27.86259,76.41566,295,0,,,,29.01776,29.72895,25.02375
1787196542,27.81987,76.28138,295,0,,,,29.25482,29.76281,24.95622
1787196543,27.81987,76.39582,295,0,,,,29.15322,29.72895,25.02375
1787196544,27.7184,76.51637,295,0,,,,29.08549,29.62735,25.02375
1787196544,27.79049,76.91005,295,0,,,,29.11935,29.66121,25.19288
1787196545,27.81987,76.77119,295,0,,,,29.25482,29.72895,25.19288
1787196546,27.86259,77.2076,295,0,,,,29.22095,29.72895,24.99009
1787196546,27.8893,77.46395,296,0,,,,29.22095,29.69508,24.95622
1787196547,27.81987,77.82101,296,0,,,,29.11935,29.89848,25.02375
1787196548,27.79049,77.84695,295,0,,,,29.15322,29.86441,25.02375
1787196548,27.81987,77.91562,295,0,,,,29.08549,29.59348,24.99009
1787196549,27.86259,77.95834,295,0,,,,29.22095,29.93214,24.92235
1787196550,27.80651,77.86069,295,0,,,,29.01776,29.69508,25.09148
1787196550,27.87594,77.72945,295,0,,,,29.18709,29.76281,24.99009
1787196551,27.80651,77.65163,295,0,,,,29.18709,29.83055,24.95622
1787196552,27.77714,77.44564,295,0,,,,29.18709,29.72895,25.05762
1787196552,27.87594,77.47158,295,0,,,,29.15322,29.76281,25.05762
1787196553,27.94537,77.3724,295,0,,,,29.08549,29.79668,24.95622
1787196554,27.86259,77.2076,295,0,,,,29.08549,29.72895,25.09148
1787196554,27.84657,77.06874,295,0,,,,29.18709,29.86441,24.99009
1787196555,27.86259,77.00008,296,0,,,,29.08549,29.79668,24.95622
1787196556,27.8893,77.0367,295,0,,,,29.15322,29.76281,24.92235
1787196556,27.80651,76.83986,296,0,,,,29.18709,29.72895,24.88849
1787196557,27.83322,76.86732,295,0,,,,29.15322,29.72895,25.05762
1787196558,27.84657,76.74525,295,0,,,,29.05162,29.83055,24.99009
1787196558,27.80651,76.69337,295,0,,,,29.11935,29.83055,24.95622
1787196559,27.8893,76.65217,295,0,,,,29.08549,29.69508,24.88849
1787196560,27.84657,76.55756,295,0,,,,29.15322,29.83055,24.92235
1787196560,27.79049,76.58503,295,0,,,,29.15322,29.79668,25.09148
1787196561,27.79049,76.52399,295,0,,,,29.18709,29.86441,25.02375
1787196562,27.83322,76.59724,296,0,,,,29.11935,29.76281,25.05762
1787196562,27.84657,76.47364,296,0,,,,29.18709,29.93214,25.02375
1787196563,27.79049,76.4416,295,0,,,,29.15322,29.83055,25.09148
1787196564,27.83322,76.46143,295,0,,,,29.15322,29.79668,24.99009
1787196564,27.94537,76.4889,295,0,,,,29.05162,29.83055,24.82096
1787196565,27.74777,76.40955,296,0,,,,29.11935,29.83055,25.02375
1787196566,27.80651,76.46449,296,0,,,,29.18709,29.66121,25.02375
1787196566,27.79049,76.52399,295,0,,,,29.08549,29.72895,24.95622
1787196567,27.84657,76.72541,296,0,,,,29.15322,29.66121,25.19288
1787196568,27.79049,76.89937,295,0,,,,29.15322,29.72895,24.95622
1787196568,27.87594,77.05501,295,0,,,,29.11935,29.76281,24.92235
1787196569,27.86259,77.09163,295,0,,,,29.01776,29.72895,25.02375
1787196569,27.83322,77.05501,295,0,,,,29.08549,29.59348,25.02375
1787196570,27.79049,77.02296,295,0,,,,29.15322,29.76281,24.92235
1787196571,27.81987,76.93599,295,0,,,,29.15322,29.86441,25.09148
1787196571,27.93202,77.00465,295,0,,,,29.08549,29.76281,24.88849
1787196572,27.83322,76.94057,295,0,,,,29.08549,29.93214,25.02375
1787196573,27.8893,76.97414,295,0,,,,29.18709,29.69508,25.05762
1787196573,27.87594,77.03365,295,0,,,,29.11935,29.93214,24.95622
1787196574,27.86259,77.35409,295,0,,,,29.15322,29.66121,24.99009
1787196575,27.84657,77.53719,295,0,,,,29.11935,29.83055,25.02375
1787196575,27.81987,77.57229,295,0,,,,29.15322,29.66121,25.09148
1787196576,27.83322,77.57381,295,0,,,,29.11935,29.86441,25.09148
1787196577,27.81987,77.59212,295,0,,,,29.22095,29.86441,25.02375
1787196577,27.86259,77.53109,295,0,,,,29.15322,29.86441,25.02375
1787196578,27.83322,77.49142,295,0,,,,29.11935,29.83055,24.92235
1787196579,27.80651,77.29763,295,0,,,,29.15322,29.66121,25.02375
1787196579,27.84657,77.23506,295,0,,,,29.08549,29.79668,24.78709
1787196580,27.86259,77.15572,295,0,,,,29.08549,29.76281,25.09148
1787196581,27.81987,77.08247,295,0,,,,29.11935,29.69508,25.05762
1787196581,27.76379,76.8597,295,0,,,,29.15322,29.86441,25.02375
1787196582,27.84657,76.86885,295,0,,,,29.01776,29.76281,24.99009
1787196583,27.90532,76.75899,295,0,,,,29.15322,29.86441,24.95622
1787196583,27.80651,76.77577,295,0,,,,29.15322,29.79668,24.88849
1787196584,27.84657,76.76662,295,0,,,,29.08549,29.72895,25.05762
1787196585,27.84657,76.68116,296,0,,,,29.11935,29.86441,24.88849
1787196585,27.81987,76.5423,295,0,,,,29.15322,29.83055,25.02375
1787196586,27.86259,76.61555,295,0,,,,29.15322,29.69508,25.05762
1787196587,27.86259,76.51942,295,0,,,,29.15322,29.83055,25.02375
1787196587,27.84657,76.63996,295,0,,,,29.18709,29.62735,25.02375
1787196588,27.76379,76.43397,295,0,,,,29.11935,29.89848,24.99009
1787196589,27.77714,76.39582,295,0,,,,29.18709,29.76281,24.95622
1787196589,27.76379,76.35004,295,0,,,,29.11935,29.69508,24.85462
1787196590,27.80651,76.45533,295,0,,,,29.15322,29.79668,25.09148
1787196591,27.76379,76.41413,295,0,,,,29.11935,29.66121,24.99009
1787196591,27.81987,76.41566,295,0,,,,29.11935,29.93214,25.12535
1787196592,27.80651,76.52857,295,0,,,,29.11935,29.79668,25.02375
1787196593,27.86259,76.69794,295,0,,,,29.18709,29.83055,25.12535
1787196593,27.83322,76.69947,295,0,,,,29.11935,29.86441,25.02375
1787196594,27.90532,76.96803,295,0,,,,29.08549,29.79668,25.05762
1787196595,27.83322,76.86732,295,0,,,,29.11935,29.96601,25.02375
1787196595,27.91867,76.93141,295,0,,,,29.18709,29.55962,25.05762
1787196596,27.68902,76.85359,296,0,,,,29.15322,29.66121,24.99009
1787196597,27.81987,76.83223,296,0,,,,29.11935,29.86441,25.02375
1787196597,27.90532,76.89479,296,0,,,,29.18709,29.79668,25.02375
1787196598,27.8893,76.81697,295,0,,,,29.15322,29.79668,24.95622
1787196599,27.80651,76.74525,295,0,,,,29.15322,29.79668,25.02375
1787196599,27.87594,76.64759,295,0,,,,29.15322,29.76281,24.92235
1787196600,27.87594,76.62928,295,0,,,,29.11935,29.86441,25.05762
1787196601,27.87594,76.49195,295,0,,,,29.18709,29.89848,24.99009
1787196601,27.83322,76.47059,295,0,,,,29.15322,29.69508,24.99009
1787196602,27.83322,76.54383,295,0,,,,29.08549,29.86441,25.02375
1787196603,27.77714,76.49805,295,0,,,,29.11935,29.72895,25.09148
1787196603,27.76379,76.48432,295,0,,,,29.11935,29.83055,25.05762
1787196604,27.77714,76.51026,295,0,,,,29.18709,29.72895,25.05762
1787196605,27.76379,76.43397,296,0,,,,29.18709,29.76281,25.15922
1787196605,27.83322,76.49195,296,0,,,,29.01776,29.59348,24.95622
1787196606,27.86259,76.46906,296,0,,,,29.08549,29.83055,24.92235
1787196607,27.76379,76.47517,296,0,,,,29.05162,29.76281,25.05762
1787196607,27.83322,76.50263,295,0,,,,29.15322,29.83055,24.88849
1787196608,27.80651,76.44312,295,0,,,,29.11935,29.76281,24.99009
1787196609,27.86259,76.42786,295,0,,,,29.15322,29.86441,25.09148
1787196609,27.77714,76.4065,295,0,,,,29.18709,29.86441,25.02375
1787196610,27.83322,76.49195,295,0,,,,29.05162,29.76281,24.88849
1787196611,27.90532,76.45686,295,0,,,,29.11935,29.76281,25.02375
1787196611,27.84657,76.45533,295,0,,,,29.11935,29.79668,24.95622
1787196612,27.86259,76.40498,295,0,,,,29.11935,29.79668,25.02375
1787196612,27.87594,76.35615,295,0,,,,29.18709,29.79668,25.15922
1787196613,27.90532,76.47822,295,0,,,,29.15322,29.79668,25.02375
1787196614,27.79049,76.4416,295,0,,,,29.15322,29.72895,24.99009
1787196614,27.83322,76.41871,295,0,,,,29.25482,29.83055,24.92235
1787196615,27.81987,76.40498,296,0,,,,29.15322,29.72895,24.95622
1787196616,27.79049,76.31495,296,0,,,,29.18709,29.76281,24.95622
1787196616,27.76379,76.36073,296,0,,,,29.15322,29.93214,25.05762
1787196617,27.86259,76.30122,295,0,,,,29.08549,29.83055,25.09148
1787196618,27.81987,76.31037,295,0,,,,29.18709,29.79668,24.95622
1787196618,27.79049,76.47974,295,0,,,,29.05162,29.76281,25.09148
1787196619,27.81987,76.35157,295,0,,,,29.08549,29.83055,25.05762
1787196620,27.81987,76.26917,295,0,,,,29.11935,29.79668,24.92235
1787196620,27.90532,76.34241,295,0,,,,29.15322,29.96601,25.12535
1787196621,27.84657,76.35004,295,0,,,,29.15322,29.79668,24.99009
1787196622,27.84657,76.30885,295,0,,,,29.11935,29.93214,24.92235
1787196622,27.79049,76.25391,295,0,,,,29.22095,29.69508,24.99009
1787196623,27.81987,76.33173,295,0,,,,29.18709,29.89848,25.02375
1787196624,27.84657,76.29664,295,0,,,,29.05162,29.86441,25.05762
1787196624,27.80651,76.39124,295,0,,,,29.05162,29.93214,25.05762
1787196625,27.93202,76.54688,296,0,,,,29.22095,29.69508,24.92235
1787196626,27.79049,76.65827,296,0,,,,29.18709,29.62735,24.92235
1787196626,27.77714,76.6247,297,0,,,,29.05162,29.62735,24.99009
1787196627,27.91867,76.64759,295,0,,,,29.18709,29.62735,25.02375
1787196628,27.86259,76.61555,295,0,,,,29.18709,29.86441,24.95622
1787196628,27.86259,76.51942,295,0,,,,29.15322,29.86441,25.19288
1787196629,27.87594,76.49195,295,0,,,,29.18709,29.72895,24.95622
1787196630,27.87594,76.56519,295,0,,,,29.11935,29.79668,24.99009
1787196630,27.8893,76.54688,295,0,,,,29.15322,29.76281,25.02375
1787196631,27.83322,76.59724,295,0,,,,29.08549,29.76281,24.95622
1787196632,27.90532,76.5713,295,0,,,,29.18709,29.72895,24.95622
1787196632,27.86259,76.61555,295,0,,,,29.08549,29.76281,24.92235
1787196633,27.83322,76.52399,295,0,,,,29.11935,29.72895,24.92235
1787196634,27.86259,76.51942,295,0,,,,29.11935,29.79668,24.95622
1787196634,27.80651,76.54841,295,0,,,,29.22095,29.76281,25.02375
1787196635,27.81987,76.51026,295,0,,,,29.11935,29.69508,24.95622
1787196636,27.76379,76.40192,295,0,,,,29.22095,29.76281,24.95622
1787196636,27.87594,76.47974,296,0,,,,29.11935,29.69508,24.92235
1787196637,27.84657,76.41108,295,0,,,,29.11935,29.86441,25.02375
1787196638,27.90532,76.51942,295,0,,,,29.08549,29.79668,24.95622
1787196638,27.80651,76.41413,295,0,,,,29.11935,29.83055,25.05762
1787196639,27.84657,76.40192,295,0,,,,29.15322,29.79668,25.05762
1787196640,27.8893,76.59876,295,0,,,,29.08549,29.72895,24.92235
1787196640,27.80651,76.36073,295,0,,,,29.18709,29.79668,25.02375
1787196641,27.79049,76.39735,295,0,,,,29.11935,29.59348,24.99009
1787196642,27.83322,76.37751,295,0,,,,29.01776,29.96601,25.12535
1787196642,27.80651,76.28748,295,0,,,,29.11935,29.69508,24.99009
1787196643,27.79049,76.33631,295,0,,,,29.08549,29.83055,25.15922
1787196644,27.80651,76.29969,295,0,,,,29.15322,29.79668,25.02375
1787196644,27.86259,76.18524,295,0,,,,29.11935,29.72895,25.09148
1787196645,27.86259,76.38361,295,0,,,,29.11935,29.86441,24.99009
1787196646,27.79049,76.13947,295,0,,,,29.08549,29.79668,24.95622
1787196646,27.84657,76.33784,295,0,,,,29.22095,29.69508,24.82096
1787196647,27.83322,76.25391,296,0,,,,29.11935,29.69508,24.92235
1787196648,27.81987,76.21729,295,0,,,,29.01776,29.79668,25.05762
1787196648,27.84657,76.2768,295,0,,,,29.11935,29.79668,25.05762
1787196649,27.87594,76.12726,295,0,,,,29.11935,29.89848,24.99009
1787196650,27.67567,76.1944,295,0,,,,29.11935,29.79668,24.95622
1787196650,27.81987,76.30122,295,0,,,,29.15322,29.89848,24.92235
1787196651,27.84657,76.24475,295,0,,,,29.08549,29.83055,24.88849
1787196652,27.94537,76.20508,295,0,,,,29.15322,29.86441,24.92235
1787196652,27.81987,76.32258,295,0,,,,29.05162,29.86441,24.88849
1787196653,27.77714,76.20813,295,0,,,,29.18709,29.79668,25.05762
1787196654,27.83322,76.23102,295,0,,,,29.15322,29.83055,24.88849
1787196654,27.86259,76.24933,295,0,,,,29.15322,29.79668,25.12535
1787196655,27.86259,76.33173,295,0,,,,29.15322,29.72895,24.92235
1787196656,27.83322,76.28291,296,0,,,,29.15322,29.89848,24.85462
1787196656,27.86259,76.29206,295,0,,,,29.25482,29.76281,24.99009
1787196657,27.83322,76.31342,295,0,,,,29.08549,29.93214,24.95622
1787196657,27.81987,76.28138,295,0,,,,29.11935,29.72895,25.12535
1787196658,27.76379,76.22644,295,0,,,,29.18709,29.66121,25.15922
1787196659,27.84657,76.25544,295,0,,,,29.18709,29.83055,25.05762
1787196659,27.86259,76.30122,295,0,,,,29.15322,29.79668,24.99009
1787196660,27.87594,76.27375,295,0,,,,29.15322,29.72895,25.09148
1787196661,27.97475,76.2768,295,0,,,,29.18709,29.83055,25.05762
1787196661,27.84657,76.2768,295,0,,,,29.15322,29.86441,24.99009
1787196662,27.81987,76.37446,295,0,,,,29.15322,29.83055,25.05762
1787196663,27.81987,76.28138,295,0,,,,29.01776,29.89848,24.99009
1787196663,27.8893,76.2356,295,0,,,,29.15322,29.86441,24.95622
1787196664,27.86259,76.16388,295,0,,,,29.15322,29.72895,25.05762
1787196665,27.91867,76.38667,296,0,,,,29.11935,29.79668,24.95622
1787196665,27.86259,76.41566,296,0,,,,29.08549,29.66121,25.02375
1787196666,27.87594,76.49195,295,0,,,,29.18709,29.69508,24.95622
1787196667,27.91867,76.38667,296,0,,,,29.05162,29.86441,25.09148
1787196667,27.81987,76.4477,295,0,,,,29.18709,29.79668,24.82096
1787196668,27.87594,76.47974,295,0,,,,29.22095,29.72895,25.12535
1787196669,27.86259,76.47822,295,0,,,,29.11935,29.93214,24.92235
1787196669,27.84657,76.47364,295,0,,,,29.15322,29.89848,24.95622
1787196670,27.83322,76.64759,295,0,,,,29.11935,29.93214,25.09148
1787196671,27.87594,76.41871,295,0,,,,29.08549,29.72895,25.02375
1787196671,27.84657,76.45533,295,0,,,,29.11935,29.86441,24.88849
1787196672,27.83322,76.45075,295,0,,,,29.15322,29.83055,24.92235
1787196673,27.87594,76.41871,295,0,,,,29.18709,29.79668,25.09148
1787196673,27.83322,76.38819,295,0,,,,29.15322,29.66121,25.09148
1787196674,27.81987,76.32258,295,0,,,,29.11935,29.69508,24.92235
1787196675,27.87594,76.34547,296,0,,,,29.08549,29.72895,24.92235
1787196675,27.83322,76.31342,295,0,,,,29.18709,29.79668,25.02375
1787196676,27.83322,76.3653,295,0,,,,29.08549,29.83055,25.02375
1787196677,27.86259,76.37446,296,0,,,,29.22095,29.69508,24.85462
1787196677,27.83322,76.28291,295,0,,,,29.08549,29.69508,25.12535
1787196678,27.8893,76.41108,295,0,,,,29.22095,29.69508,24.95622
1787196679,27.86259,76.22797,295,0,,,,29.18709,29.86441,24.95622
1787196679,27.80651,76.20355,295,0,,,,29.08549,29.69508,24.82096
1787196680,27.91867,76.28291,295,0,,,,29.18709,29.79668,24.95622
1787196681,27.83322,76.29511,295,0,,,,29.08549,29.69508,24.85462
1787196681,27.87594,76.39735,295,0,,,,29.11935,29.89848,25.12535
1787196682,27.87594,76.30427,295,0,,,,29.15322,29.76281,25.15922
1787196683,27.83322,76.23102,295,0,,,,29.08549,29.89848,24.88849
1787196683,27.86259,76.30122,296,0,,,,29.11935,29.83055,24.95622
1787196684,27.74777,76.25391,296,0,,,,29.15322,29.76281,25.02375
1787196685,27.81987,76.30122,295,0,,,,29.11935,29.83055,25.09148
1787196685,27.77714,76.28138,296,0,,,,29.15322,29.66121,25.09148
1787196686,27.86259,76.31342,296,0,,,,29.11935,29.86441,25.02375
1787196687,27.80651,76.32868,296,0,,,,29.11935,29.89848,25.09148
1787196687,27.70504,76.2005,296,0,,,,29.18709,29.79668,25.05762
1787196688,27.84657,76.2768,295,0,,,,29.11935,29.79668,25.09148
1787196689,27.84657,76.3592,295,0,,,,29.08549,29.72895,25.02375
1787196689,27.83322,76.57587,295,0,,,,29.22095,29.62735,25.09148
1787196690,27.84657,76.47364,295,0,,,,29.15322,29.72895,24.99009
1787196691,27.87594,76.60639,295,0,,,,29.05162,29.76281,24.95622
1787196691,27.83322,76.69947,295,0,,,,29.18709,29.66121,24.85462
1787196692,27.94537,76.6125,295,0,,,,29.11935,29.76281,25.02375
1787196693,27.83322,76.65827,295,0,,,,29.15322,29.76281,25.05762
1787196693,27.87594,76.81392,295,0,,,,29.11935,29.76281,24.92235
1787196694,27.86259,76.67658,295,0,,,,29.11935,29.72895,24.95622
1787196695,27.83322,76.69032,296,0,,,,29.22095,29.72895,25.12535
1787196695,27.86259,76.60334,296,0,,,,29.22095,29.83055,24.99009
1787196696,27.87594,76.58503,296,0,,,,29.18709,29.72895,25.19288
1787196697,27.81987,76.65369,295,0,,,,29.05162,29.86441,25.02375
1787196697,27.79049,76.67048,295,0,,,,29.15322,29.66121,24.99009
1787196698,27.77714,76.4477,295,0,,,,29.08549,29.76281,24.95622
1787196699,27.80651,76.41413,295,0,,,,29.18709,29.76281,24.95622
1787196699,27.74777,76.4828,295,0,,,,29.11935,29.66121,24.95622
1787196700,27.83322,76.47974,295,0,,,,29.08549,29.69508,25.09148
1787196700,27.8893,76.49348,295,0,,,,29.08549,29.76281,24.99009
1787196701,27.79049,76.47059,295,0,,,,29.18709,29.86441,25.02375
1787196702,27.86259,76.49805,295,0,,,,29.08549,29.69508,25.05762
1787196702,27.74777,76.45075,295,0,,,,29.11935,29.76281,24.85462
1787196703,27.83322,76.47974,295,0,,,,29.15322,29.69508,25.02375
1787196704,27.84657,76.41108,295,0,,,,29.18709,29.72895,24.78709
1787196704,27.79049,76.42023,295,0,,,,29.18709,29.79668,24.95622
1787196705,27.81987,76.38361,296,0,,,,29.18709,29.66121,24.92235
1787196706,27.84657,76.39124,296,0,,,,29.15322,29.83055,24.92235
1787196706,27.79049,76.34547,295,0,,,,29.11935,29.83055,25.02375
1787196707,27.84657,76.2768,295,0,,,,29.18709,29.83055,24.85462
1787196708,27.86259,76.40498,295,0,,,,29.11935,29.76281,25.12535
1787196708,27.7184,76.37293,295,0,,,,29.11935,29.79668,24.95622
1787196709,27.83322,76.33631,295,0,,,,29.15322,29.93214,24.99009
1787196710,27.81987,76.31037,295,0,,,,29.11935,29.72895,24.92235
1787196710,27.83322,76.50263,295,0,,,,29.22095,29.76281,24.88849
1787196711,27.81987,76.46601,295,0,,,,29.11935,29.83055,24.95622
1787196712,27.81987,76.4889,295,0,,,,29.15322,29.79668,24.95622
1787196712,27.84657,76.59876,295,0,,,,29.15322,29.66121,25.02375
1787196713,27.84657,76.50568,295,0,,,,29.18709,29.89848,24.88849
1787196714,27.79049,76.4416,295,0,,,,29.22095,29.69508,24.92235
1787196714,27.8893,76.39124,295,0,,,,29.11935,29.76281,25.09148
1787196715,27.94537,76.50721,295,0,,,,29.22095,29.72895,25.02375
1787196716,27.83322,76.42939,295,0,,,,29.22095,29.76281,24.99009
1787196716,27.84657,76.45533,295,0,,,,29.25482,29.76281,24.99009
1787196717,27.80651,76.318,296,0,,,,29.15322,29.76281,25.02375
1787196718,27.83322,76.39735,296,0,,,,29.18709,29.86441,24.92235
1787196718,27.81987,76.5301,295,0,,,,29.15322,29.89848,24.88849
1787196719,27.86259,76.37446,295,0,,,,29.08549,29.76281,25.05762
1787196720,27.84657,76.35004,295,0,,,,29.18709,29.83055,24.95622
1787196720,27.84657,76.29664,295,0,,,,29.11935,29.89848,24.82096
1787196721,27.8893,76.29664,295,0,,,,29.11935,29.76281,25.09148
1787196722,27.74777,76.2646,295,0,,,,29.11935,29.66121,25.02375
1787196722,27.79049,76.29511,296,0,,,,29.08549,29.83055,24.99009
1787196723,27.79049,76.20966,295,0,,,,29.18709,29.72895,24.99009
1787196724,27.80651,76.2356,295,0,,,,29.11935,29.79668,24.92235
1787196724,27.80651,76.21423,295,0,,,,29.15322,29.83055,24.99009
1787196725,27.84657,76.16235,295,0,,,,29.15322,29.79668,24.95622
1787196726,27.87594,76.29511,295,0,,,,29.15322,29.79668,24.92235
1787196726,27.87594,76.28291,296,0,,,,29.05162,29.69508,25.02375
1787196727,27.83322,76.25391,296,0,,,,29.22095,29.79668,25.09148
1787196728,27.90532,76.20813,295,0,,,,29.11935,29.79668,25.05762
1787196728,27.86259,76.17609,295,0,,,,29.15322,29.76281,24.92235
1787196729,27.81987,76.19592,295,0,,,,29.15322,29.83055,24.99009
1787196730,27.90532,76.26002,295,0,,,,29.08549,29.69508,24.85462
1787196730,27.76379,76.20508,295,0,,,,29.05162,29.76281,24.95622
1787196731,27.86259,76.21729,295,0,,,,29.22095,29.72895,24.88849
1787196732,27.81987,76.22797,295,0,,,,29.08549,29.83055,25.02375
1787196732,27.74777,76.27375,295,0,,,,29.08549,29.69508,25.05762
1787196733,27.83322,76.20966,295,0,,,,29.11935,29.86441,25.12535
1787196734,27.77714,76.13641,295,0,,,,29.01776,29.86441,24.99009
1787196734,27.86259,76.20813,295,0,,,,29.11935,29.83055,24.75323
1787196735,27.83322,76.29511,296,0,,,,29.11935,29.66121,25.02375
1787196736,27.86259,76.18524,295,0,,,,29.15322,29.76281,24.99009
1787196736,27.80651,76.30885,295,0,,,,29.01776,29.83055,25.09148
1787196737,27.79049,76.20966,295,0,,,,29.18709,29.66121,24.95622
1787196738,27.84657,76.14099,295,0,,,,29.08549,29.76281,25.02375
1787196738,27.77714,76.18677,295,0,,,,29.18709,29.89848,25.05762
1787196739,27.73175,76.03113,295,0,,,,29.11935,29.76281,24.85462
1787196740,27.83322,76.13947,295,0,,,,29.08549,29.76281,24.99009
1787196740,27.80651,76.16235,295,0,,,,29.22095,29.83055,24.95622
1787196741,27.91867,76.19897,295,0,,,,29.08549,29.79668,24.99009
1787196742,27.86259,76.16388,295,0,,,,29.18709,29.83055,24.99009
1787196742,27.83322,76.09521,295,0,,,,29.11935,29.96601,24.95622
1787196743,27.8893,76.08911,295,0,,,,29.08549,29.72895,24.99009
1787196744,27.86259,76.16388,295,0,,,,29.15322,29.83055,24.99009
1787196744,27.90532,76.26917,295,0,,,,29.08549,29.79668,25.02375
1787196745,27.81987,76.26002,296,0,,,,29.15322,29.76281,24.99009
1787196746,27.79049,76.25391,295,0,,,,29.15322,29.72895,24.82096
1787196746,27.76379,76.18219,295,0,,,,29.18709,29.79668,25.05762
1787196747,27.83322,76.23102,295,0,,,,29.22095,29.79668,24.92235
1787196747,27.90532,76.43702,295,0,,,,29.11935,29.93214,25.05762
1787196748,27.84657,76.28748,295,0,,,,29.15322,29.72895,24.88849
1787196749,27.87594,76.3653,295,0,,,,29.11935,29.72895,24.99009
1787196749,27.86259,76.36378,295,0,,,,29.18709,29.62735,24.95622
1787196750,27.80651,76.35004,295,0,,,,29.18709,29.83055,25.02375
1787196751,27.80651,76.25544,295,0,,,,29.08549,29.79668,25.02375
1787196751,27.81987,76.31037,295,0,,,,29.18709,29.59348,24.95622
1787196752,27.7184,76.22644,295,0,,,,29.11935,29.69508,25.02375
1787196753,27.83322,76.30579,295,0,,,,29.18709,29.69508,24.85462
1787196753,27.83322,76.22186,295,0,,,,29.15322,29.86441,24.82096
1787196754,27.84657,76.19135,295,0,,,,29.25482,29.83055,24.92235
1787196755,27.84657,76.32716,296,0,,,,29.15322,29.96601,25.12535
1787196755,27.79049,76.33631,295,0,,,,29.18709,29.99988,25.02375
1787196756,27.84657,76.20355,295,0,,,,29.11935,29.83055,24.92235
1787196757,27.76379,76.16235,296,0,,,,29.11935,30.03395,24.99009
1787196757,27.83322,76.20966,295,0,,,,29.11935,29.86441,24.95622
1787196758,27.90532,76.17609,295,0,,,,29.11935,29.76281,24.95622
1787196759,27.84657,76.12115,296,0,,,,29.15322,29.79668,24.82096
1787196759,27.76379,76.04791,295,0,,,,29.15322,29.66121,25.05762
1787196760,27.90532,76.15472,295,0,,,,29.11935,29.76281,24.95622
1787196761,27.80651,76.112,295,0,,,,29.15322,29.89848,25.05762
1787196761,27.77714,76.18677,295,0,,,,29.22095,29.86441,24.99009
1787196762,27.81987,76.06165,295,0,,,,29.11935,29.89848,25.09148
1787196763,27.73175,75.97009,295,0,,,,29.18709,29.62735,24.95622
1787196763,27.83322,76.08606,295,0,,,,29.15322,29.79668,24.92235
1787196764,27.84657,76.2356,295,0,,,,29.22095,29.83055,24.92235
1787196765,27.86259,76.16388,295,0,,,,29.22095,29.79668,24.99009
1787196765,27.84657,76.12115,295,0,,,,29.18709,29.72895,24.78709
1787196766,27.79049,76.10742,296,0,,,,29.18709,29.89848,25.09148
1787196767,27.83322,76.05402,296,0,,,,29.18709,29.83055,25.02375
1787196767,27.86259,76.18524,295,0,,,,29.15322,29.72895,24.92235
1787196768,27.83322,76.1181,295,0,,,,29.01776,29.55962,24.92235
1787196769,27.81987,76.15472,295,0,,,,29.25482,29.89848,25.02375
1787196769,27.80651,76.17303,295,0,,,,29.05162,29.76281,24.88849
1787196770,27.81987,76.24017,295,0,,,,29.11935,29.79668,24.92235
1787196771,27.90532,76.22797,295,0,,,,29.15322,29.72895,24.82096
1787196771,27.80651,76.18219,295,0,,,,29.15322,29.69508,25.09148
1787196772,27.83322,76.17761,295,0,,,,29.08549,29.72895,24.99009
1787196773,27.76379,76.20508,295,0,,,,29.15322,29.83055,24.85462
1787196773,27.84657,76.26765,295,0,,,,29.18709,29.83055,24.95622
1787196774,27.84657,76.37904,295,0,,,,29.22095,29.62735,25.02375
1787196775,27.87594,76.50111,296,0,,,,29.11935,29.59348,24.95622
1787196775,27.77714,76.74982,295,0,,,,29.15322,29.86441,25.15922
1787196776,27.81987,76.74982,295,0,,,,29.22095,29.72895,25.02375
1787196777,27.79049,76.63844,296,0,,,,29.22095,29.86441,24.85462
1787196777,27.76379,76.73609,296,0,,,,29.11935,29.86441,25.02375
1787196778,27.79049,76.75288,295,0,,,,29.08549,29.69508,24.92235
1787196779,27.80651,76.72541,295,0,,,,29.11935,29.55962,24.88849
1787196779,27.83322,76.63844,295,0,,,,29.18709,29.76281,25.09148
1787196780,27.79049,76.60792,295,0,,,,29.18709,29.62735,24.99009
1787196781,27.83322,76.56519,295,0,,,,29.15322,29.69508,24.95622
1787196781,27.77714,76.5835,295,0,,,,29.11935,29.89848,24.92235
1787196782,27.83322,76.47059,295,0,,,,29.18709,29.66121,25.22675
1787196783,27.87594,76.41871,295,0,,,,29.11935,29.79668,24.85462
1787196783,27.77714,76.51942,295,0,,,,29.15322,29.96601,24.95622
1787196784,27.76379,76.42329,295,0,,,,29.15322,29.76281,25.09148
1787196785,27.84657,76.32716,296,0,,,,29.11935,29.59348,24.88849
1787196785,27.81987,76.39582,296,0,,,,29.15322,29.76281,25.02375
1787196786,27.80651,76.52857,296,0,,,,29.15322,29.86441,25.05762
1787196787,27.87594,76.37751,295,0,,,,29.18709,29.76281,24.99009
1787196787,27.79049,76.42939,295,0,,,,29.18709,29.86441,24.85462
1787196788,27.74777,76.34699,295,0,,,,29.11935,29.86441,24.99009
1787196788,27.84657,76.26765,295,0,,,,29.08549,29.76281,24.92235
1787196789,27.80651,76.26765,295,0,,,,29.05162,29.49188,25.09148
1787196790,27.80651,76.38209,295,0,,,,29.25482,29.86441,24.92235
1787196790,27.77714,76.26002,295,0,,,,29.22095,29.76281,24.95622
1787196791,27.86259,76.35157,295,0,,,,29.08549,29.72895,24.95622
1787196792,27.77714,76.22797,295,0,,,,29.15322,29.86441,24.85462
1787196792,27.79049,76.29511,295,0,,,,29.11935,29.89848,25.02375
1787196793,27.86259,76.18524,295,0,,,,29.15322,29.76281,24.99009
1787196794,27.77714,76.24933,295,0,,,,29.15322,29.76281,24.92235
1787196794,27.87594,76.27375,295,0,,,,29.18709,29.86441,24.92235
1787196795,27.79049,76.1181,295,0,,,,29.18709,29.72895,24.95622
1787196796,27.83322,76.2005,297,0,,,,29.22095,29.66121,25.12535
1787196796,27.8893,76.2356,296,0,,,,29.15322,29.99988,24.95622
1787196797,27.83322,76.35615,295,0,,,,29.15322,29.79668,25.09148
1787196798,27.87594,76.3241,295,0,,,,29.11935,29.86441,24.99009
1787196798,27.84657,76.10895,295,0,,,,29.15322,29.89848,24.99009
1787196799,27.80651,76.24628,295,0,,,,29.18709,29.93214,25.05762
1787196800,27.83322,76.15778,295,0,,,,29.15322,29.86441,24.95622
1787196800,27.79049,76.30427,295,0,,,,29.18709,29.76281,25.05762
1787196801,27.93202,76.33784,295,0,,,,29.08549,29.79668,25.02375
1787196802,27.79049,76.52399,295,0,,,,29.11935,29.86441,24.88849
1787196802,27.76379,76.36073,295,0,,,,29.08549,29.86441,24.99009
1787196803,27.84657,76.42329,295,0,,,,29.22095,29.69508,25.09148
1787196804,27.81987,76.34241,295,0,,,,29.22095,29.72895,24.92235
1787196804,27.81987,76.30122,295,0,,,,29.15322,29.86441,24.95622
1787196805,27.87594,76.3241,296,0,,,,29.05162,29.89848,25.05762
1787196806,27.84657,76.42329,296,0,,,,29.18709,29.49188,24.92235
1787196806,27.77714,76.46601,296,0,,,,29.08549,29.93214,24.99009
1787196807,27.8893,76.41108,296,0,,,,29.11935,29.66121,25.02375
1787196808,27.86259,76.47822,295,0,,,,29.11935,29.93214,24.92235
1787196808,27.80651,76.42329,295,0,,,,29.08549,29.86441,24.92235
1787196809,27.77714,76.55146,295,0,,,,29.05162,29.62735,25.02375
1787196810,27.8893,76.52552,295,0,,,,29.05162,29.86441,24.92235
1787196810,27.90532,76.4477,295,0,,,,29.05162,29.69508,25.02375
1787196811,27.81987,76.47822,295,0,,,,29.05162,29.83055,25.19288
1787196812,27.79049,76.45991,295,0,,,,29.15322,29.83055,24.99009
1787196812,27.8893,76.3592,295,0,,,,29.25482,29.76281,24.88849
1787196813,27.76379,76.44617,295,0,,,,29.08549,29.76281,24.99009
1787196814,27.79049,76.40955,295,0,,,,29.11935,29.69508,25.15922
1787196814,27.81987,76.34241,295,0,,,,29.22095,29.79668,25.12535
1787196815,27.81987,76.43702,295,0,,,,29.08549,29.66121,25.05762
1787196816,27.9614,76.57435,295,0,,,,29.08549,29.59348,25.05762
1787196816,27.73175,76.32258,295,0,,,,29.11935,29.89848,24.88849
1787196817,27.80651,76.27833,295,0,,,,29.11935,29.76281,24.99009
1787196818,27.79049,76.4416,295,0,,,,29.05162,29.79668,24.85462
1787196818,27.81987,76.32258,295,0,,,,29.15322,29.93214,25.12535
1787196819,27.83322,76.3241,295,0,,,,29.08549,29.72895,25.15922
1787196820,27.81987,76.36378,295,0,,,,29.11935,29.83055,24.92235
1787196820,27.83322,76.38819,295,0,,,,29.15322,29.86441,25.02375
1787196821,27.80651,76.318,295,0,,,,29.22095,29.79668,24.99009
1787196822,27.83322,76.26307,295,0,,,,29.15322,29.79668,24.85462
1787196822,27.73175,76.29053,295,0,,,,29.22095,29.79668,24.95622
1787196823,27.8893,76.37904,295,0,,,,29.08549,29.86441,24.88849
1787196824,27.76379,76.318,295,0,,,,29.22095,29.76281,24.92235
1787196824,27.83322,76.3241,295,0,,,,29.15322,29.72895,24.95622
1787196825,27.84657,76.36988,296,0,,,,29.15322,29.83055,25.05762
1787196826,27.80651,76.39124,295,0,,,,29.05162,29.69508,24.99009
1787196826,27.81987,76.5301,295,0,,,,29.15322,29.66121,25.05762
1787196827,27.87594,76.40955,296,0,,,,29.11935,29.72895,24.85462
1787196828,27.77714,76.36378,295,0,,,,29.15322,29.86441,25.05762
1787196828,27.80651,76.36988,295,0,,,,29.11935,29.66121,25.02375
1787196829,27.84657,76.28748,295,0,,,,29.05162,29.89848,24.95622
1787196830,27.94537,76.41413,295,0,,,,29.05162,29.79668,24.92235
1787196830,27.8893,76.31953,295,0,,,,29.15322,29.66121,25.05762
1787196831,27.77714,76.18677,295,0,,,,29.08549,29.66121,24.95622
1787196832,27.81987,76.28138,295,0,,,,29.18709,29.76281,25.02375
1787196832,27.86259,76.26917,295,0,,,,29.05162,29.76281,24.82096
1787196833,27.83322,76.27375,295,0,,,,29.18709,29.62735,25.02375
1787196833,27.86259,76.20813,295,0,,,,29.08549,29.93214,24.85462
1787196834,27.80651,76.27833,295,0,,,,29.18709,29.66121,24.92235
1787196835,27.81987,76.24933,295,0,,,,29.22095,29.93214,24.99009
1787196835,27.84657,76.20355,295,0,,,,29.08549,29.93214,24.99009
1787196836,27.81987,76.17609,295,0,,,,29.15322,29.66121,24.95622
1787196837,27.84657,76.17151,295,0,,,,29.22095,29.72895,25.09148
1787196837,27.87594,76.1593,295,0,,,,29.08549,29.62735,24.99009
1787196838,27.74777,76.19135,295,0,,,,29.05162,29.79668,24.99009
1787196839,27.83322,76.17761,295,0,,,,29.11935,29.69508,24.99009
1787196839,27.81987,76.21729,295,0,,,,29.11935,29.79668,24.95622
1787196840,27.86259,76.12573,295,0,,,,29.11935,29.86441,25.02375
1787196841,27.80651,76.09979,295,0,,,,29.15322,29.86441,25.09148
1787196841,27.86259,76.10284,295,0,,,,29.11935,29.93214,25.09148
1787196842,27.77714,76.10437,295,0,,,,29.05162,29.83055,24.95622
1787196843,27.84657,76.07996,295,0,,,,29.15322,29.79668,25.12535
1787196843,27.74777,76.03418,295,0,,,,29.11935,29.69508,24.85462
1787196844,27.77714,76.07233,295,0,,,,29.08549,29.69508,24.88849
1787196845,27.84657,76.10895,296,0,,,,29.18709,29.79668,24.92235
1787196845,27.8893,76.17151,295,0,,,,29.18709,29.86441,25.02375
1787196846,27.79049,76.27375,296,0,,,,29.08549,29.76281,24.82096
1787196847,27.80651,76.2356,296,0,,,,29.15322,29.89848,24.95622
1787196847,27.79049,76.22186,295,0,,,,29.11935,29.83055,25.02375
1787196848,27.83322,76.20966,295,0,,,,29.11935,29.69508,24.92235
1787196849,27.80651,76.1944,296,0,,,,29.11935,29.72895,25.05762
1787196849,27.80651,76.112,295,0,,,,29.11935,29.86441,24.99009
1787196850,27.80651,76.33784,295,0,,,,29.11935,29.79668,25.15922
1787196851,27.73175,76.17609,295,0,,,,29.15322,29.89848,25.02375
1787196851,27.77714,76.18677,295,0,,,,29.11935,29.83055,25.12535
1787196852,27.79049,76.31495,295,0,,,,29.18709,29.76281,24.95622
1787196853,27.79049,76.15778,295,0,,,,29.11935,29.69508,25.02375
1787196853,27.80651,76.05859,295,0,,,,29.08549,29.79668,25.05762
1787196854,27.86259,76.19592,295,0,,,,29.15322,29.72895,24.92235
1787196855,27.74777,76.1181,296,0,,,,29.18709,29.76281,24.99009
1787196855,27.83322,76.17761,295,0,,,,29.15322,29.86441,24.95622
1787196856,27.76379,76.24628,297,0,,,,29.11935,29.79668,25.19288
1787196857,27.83322,76.17761,296,0,,,,29.11935,29.72895,24.95622
1787196857,27.83322,76.09521,296,0,,,,29.18709,29.72895,24.92235
1787196858,27.81987,76.06165,295,0,,,,29.08549,29.86441,24.88849
1787196859,27.91867,76.1593,295,0,,,,29.11935,29.83055,25.02375
1787196859,27.87594,76.14862,295,0,,,,29.11935,29.69508,24.92235
1787196860,27.86259,76.19592,295,0,,,,29.15322,29.72895,25.05762
1787196861,27.81987,76.41566,295,0,,,,29.18709,29.79668,24.92235
1787196861,27.79049,76.69947,295,0,,,,29.18709,29.69508,25.09148
1787196862,27.70504,76.80476,295,0,,,,29.08549,29.79668,24.95622
1787196863,27.79049,76.89937,295,0,,,,29.15322,29.59348,24.99009
1787196863,27.84657,76.81697,295,0,,,,29.18709,29.76281,25.12535
1787196864,27.91867,76.87801,295,0,,,,29.18709,29.83055,24.88849
1787196865,27.84657,76.72541,296,0,,,,29.18709,29.72895,24.95622
1787196865,27.90532,76.72694,295,0,,,,29.15322,29.66121,24.99009
1787196866,27.86259,76.63386,296,0,,,,29.08549,29.89848,25.02375
1787196867,27.81987,76.67658,296,0,,,,29.15322,29.72895,24.85462
1787196867,27.80651,76.8597,296,0,,,,29.08549,29.89848,24.85462
1787196868,27.84657,76.66132,295,0,,,,29.22095,29.89848,24.92235
1787196869,27.81987,76.72999,295,0,,,,29.05162,29.79668,24.95622
1787196869,27.77714,76.67658,295,0,,,,29.15322,29.62735,24.95622
1787196870,27.81987,76.72999,295,0,,,,29.11935,29.79668,24.95622
1787196871,27.84657,76.78645,295,0,,,,29.15322,29.86441,25.02375
1787196871,27.94537,76.76814,295,0,,,,29.18709,29.76281,24.92235
1787196872,27.84657,76.72541,295,0,,,,29.18709,29.79668,25.02375
1787196873,27.73175,76.90547,295,0,,,,29.15322,29.69508,24.92235
1787196873,27.86259,76.87343,295,0,,,,29.11935,29.69508,24.95622
1787196874,27.81987,76.84444,295,0,,,,29.18709,29.69508,25.02375
1787196875,27.8893,76.83986,295,0,,,,29.08549,29.79668,25.02375
1787196875,27.84657,76.84901,295,0,,,,29.18709,29.83055,25.09148
1787196876,27.87594,76.75288,296,0,,,,29.05162,29.79668,24.99009
1787196876,27.83322,76.9604,296,0,,,,29.08549,29.86441,24.99009
1787196877,27.84657,76.97414,295,0,,,,29.18709,29.89848,24.99009
1787196878,27.80651,77.07027,295,0,,,,29.11935,29.72895,24.95622
1787196878,27.87594,77.10536,295,0,,,,29.15322,29.86441,24.95622
1787196879,27.81987,77.14351,295,0,,,,29.22095,29.76281,25.02375
1787196880,27.81987,77.07332,295,0,,,,29.15322,29.76281,24.92235
1787196880,27.81987,76.87343,295,0,,,,29.11935,29.83055,24.99009
1787196881,27.83322,76.94057,295,0,,,,29.15322,29.76281,24.88849
1787196882,27.81987,76.90547,295,0,,,,29.11935,29.76281,25.12535
1787196882,27.83322,76.78188,295,0,,,,29.18709,29.76281,24.88849
1787196883,27.77714,76.79103,295,0,,,,29.15322,29.69508,24.88849
1787196884,27.79049,76.60792,295,0,,,,29.08549,29.79668,25.15922
1787196884,27.79049,76.80476,295,0,,,,29.15322,29.89848,24.99009
1787196885,27.83322,76.66743,295,0,,,,29.08549,29.83055,24.88849
1787196886,27.84657,76.53773,296,0,,,,29.18709,29.79668,25.02375
1787196886,27.80651,76.54841,295,0,,,,29.01776,29.86441,24.92235
1787196887,27.84657,76.54688,296,0,,,,29.11935,29.83055,24.88849
1787196888,27.76379,76.47517,295,0,,,,29.11935,29.79668,25.05762
1787196888,27.81987,76.37446,295,0,,,,29.08549,29.72895,24.95622
1787196889,27.77714,76.49805,295,0,,,,29.11935,29.79668,25.05762
1787196890,27.76379,76.45228,295,0,,,,29.11935,29.76281,24.85462
1787196890,27.84657,76.43244,295,0,,,,29.11935,29.79668,25.05762
1787196891,27.74777,76.50263,295,0,,,,29.15322,29.76281,25.02375
1787196892,27.80651,76.50568,295,0,,,,29.08549,29.83055,24.99009
1787196892,27.79049,76.39735,295,0,,,,29.11935,29.83055,24.82096
1787196893,27.83322,76.49195,295,0,,,,29.08549,29.66121,24.95622
1787196894,27.80651,76.69337,295,0,,,,29.05162,29.72895,25.09148
1787196894,27.80651,76.8719,295,0,,,,29.01776,29.76281,25.09148
1787196895,27.79049,77.03365,295,0,,,,29.01776,29.79668,24.92235
1787196896,27.81987,77.15572,296,0,,,,29.08549,29.76281,25.05762
1787196896,27.79049,76.96956,296,0,,,,29.05162,29.69508,25.19288
1787196897,27.87594,77.03365,296,0,,,,29.05162,29.83055,24.99009
1787196898,27.84657,77.0367,295,0,,,,29.05162,29.83055,25.02375
1787196898,27.8893,77.06874,295,0,,,,29.22095,29.89848,25.09148
1787196899,27.73175,76.97871,295,0,,,,29.08549,29.76281,24.99009
1787196900,27.80651,76.8185,295,0,,,,29.11935,29.72895,24.95622
1787196900,27.80651,76.88106,295,0,,,,29.11935,29.79668,24.99009
1787196901,27.8893,76.76662,295,0,,,,29.08549,29.79668,24.99009
1787196902,27.74777,76.80476,295,0,,,,29.08549,29.69508,24.95622
1787196902,27.83322,76.77272,295,0,,,,29.08549,29.72895,25.05762
1787196903,27.76379,76.71626,295,0,,,,29.15322,29.83055,24.95622
1787196904,27.73175,76.6125,295,0,,,,29.15322,29.79668,25.09148
1787196904,27.77714,76.51942,295,0,,,,29.11935,29.69508,24.95622
1787196905,27.80651,76.66285,296,0,,,,29.15322,29.69508,25.05762
1787196906,27.77714,76.4889,295,0,,,,29.11935,29.72895,24.92235
1787196906,27.84657,76.52552,296,0,,,,29.11935,29.76281,24.88849
1787196907,27.8893,76.52552,295,0,,,,28.98389,29.76281,24.99009
1787196908,27.76379,76.52857,295,0,,,,29.01776,29.76281,25.09148
1787196908,27.83322,76.45075,295,0,,,,29.15322,29.76281,24.99009
1787196909,27.87594,76.42939,295,0,,,,29.18709,29.72895,25.15922
1787196910,27.81987,76.40498,295,0,,,,29.05162,29.69508,25.05762
1787196910,27.80651,76.48432,295,0,,,,29.08549,29.69508,24.99009
1787196911,27.77714,76.33173,295,0,,,,29.05162,29.76281,24.88849
1787196912,27.77714,76.18677,295,0,,,,29.15322,29.86441,24.95622
1787196912,27.74777,76.36835,295,0,,,,29.11935,29.86441,24.99009
1787196913,27.91867,76.3653,295,0,,,,29.15322,29.76281,24.95622
1787196914,27.74777,76.37904,295,0,,,,29.08549,29.86441,25.12535
1787196914,27.74777,76.29511,295,0,,,,29.11935,29.72895,24.99009
1787196915,27.83322,76.38819,295,0,,,,29.15322,29.89848,25.09148
1787196916,27.81987,76.31037,296,0,,,,28.98389,29.89848,25.05762
1787196916,27.79049,76.37751,295,0,,,,29.01776,29.89848,24.95622
1787196917,27.8893,76.41108,295,0,,,,29.08549,29.69508,24.88849
1787196918,27.81987,76.28138,295,0,,,,29.11935,29.89848,24.88849
1787196918,27.70504,76.4004,295,0,,,,29.15322,29.83055,24.95622
1787196919,27.83322,76.33631,295,0,,,,28.98389,29.69508,24.99009
1787196920,27.79049,76.33631,295,0,,,,29.08549,29.72895,24.88849
1787196920,27.79049,76.33631,295,0,,,,29.18709,29.83055,25.05762
1787196921,27.81987,76.4477,295,0,,,,29.15322,29.79668,24.95622
1787196921,27.73175,76.28138,295,0,,,,29.01776,29.79668,25.02375
1787196922,27.77714,76.24017,295,0,,,,29.05162,29.72895,24.85462
1787196923,27.80651,76.25544,295,0,,,,29.22095,29.96601,25.05762
1787196923,27.77714,76.17609,295,0,,,,29.08549,29.89848,24.99009
1787196924,27.90532,76.36378,295,0,,,,29.11935,29.83055,25.09148
1787196925,27.83322,76.28291,296,0,,,,29.11935,29.76281,25.02375
1787196925,27.80651,76.36073,295,0,,,,29.05162,29.69508,24.99009
1787196926,27.84657,76.28748,296,0,,,,29.15322,29.72895,24.99009
1787196927,27.8893,76.33784,296,0,,,,29.05162,29.79668,25.05762
1787196927,27.84657,76.35004,296,0,,,,29.11935,29.72895,25.12535
1787196928,27.84657,76.30885,295,0,,,,29.11935,29.72895,24.85462
1787196929,27.86259,76.33173,295,0,,,,29.11935,29.79668,25.05762
1787196929,27.77714,76.41566,295,0,,,,29.11935,29.79668,25.05762
1787196930,27.86259,76.48737,295,0,,,,29.15322,29.72895,24.95622
1787196931,27.83322,76.4416,295,0,,,,29.11935,29.79668,24.99009
1787196931,27.70504,76.37904,295,0,,,,29.18709,29.83055,25.02375
1787196932,27.77714,76.4065,295,0,,,,29.08549,29.45802,24.99009
1787196933,27.77714,76.35462,295,0,,,,29.05162,29.66121,25.12535
1787196933,27.79049,76.30427,295,0,,,,29.11935,29.83055,25.05762
1787196934,27.81987,76.43702,295,0,,,,29.15322,29.83055,25.02375
1787196935,27.80651,76.38209,296,0,,,,29.15322,29.76281,25.05762
1787196935,27.80651,76.36073,295,0,,,,29.11935,29.72895,25.05762
1787196936,27.77714,76.33173,295,0,,,,29.05162,29.86441,25.02375
1787196937,27.76379,76.38209,296,0,,,,29.11935,29.66121,25.09148
1787196937,27.80651,76.33784,295,0,,,,29.08549,29.66121,25.05762
1787196938,27.80651,76.29969,295,0,,,,29.05162,29.93214,25.09148
1787196939,27.81987,76.26002,295,0,,,,29.08549,29.83055,24.99009
1787196939,27.7184,76.35004,295,0,,,,29.22095,29.86441,25.05762
1787196940,27.76379,76.34089,295,0,,,,29.08549,29.66121,25.02375
1787196941,27.76379,76.50568,295,0,,,,29.11935,29.86441,25.05762
1787196941,27.77714,76.47822,295,0,,,,29.08549,29.72895,25.05762
1787196942,27.84657,76.43244,295,0,,,,29.08549,29.89848,25.09148
1787196943,27.79049,76.52399,295,0,,,,29.11935,29.76281,24.95622
1787196943,27.86259,76.4477,295,0,,,,29.15322,29.76281,25.02375
1787196944,27.74777,76.54383,295,0,,,,29.11935,29.72895,25.05762
1787196945,27.74777,76.50263,295,0,,,,29.15322,29.76281,24.99009
1787196945,27.81987,76.55146,295,0,,,,29.11935,29.83055,24.92235
1787196946,27.76379,76.49653,295,0,,,,29.11935,29.79668,25.09148
1787196947,27.83322,76.58503,296,0,,,,29.15322,29.72895,24.88849
1787196947,27.83322,76.84596,296,0,,,,29.11935,29.69508,25.09148
1787196948,27.86259,76.92683,295,0,,,,29.15322,29.89848,24.88849
1787196949,27.86259,77.13435,295,0,,,,29.08549,29.66121,25.09148
1787196949,27.81987,77.03212,295,0,,,,29.18709,29.83055,24.95622
1787196950,27.77714,77.07027,295,0,,,,29.08549,29.83055,25.02375
1787196951,27.77714,77.06111,295,0,,,,29.01776,29.83055,24.95622
1787196951,27.77714,77.08247,295,0,,,,29.11935,29.72895,25.02375
1787196952,27.81987,77.03212,295,0,,,,29.08549,29.89848,25.02375
1787196953,27.84657,76.8597,295,0,,,,29.05162,29.69508,24.88849
1787196953,27.84657,76.72541,296,0,,,,29.08549,29.72895,24.92235
1787196954,27.86259,76.77119,295,0,,,,29.01776,29.62735,25.05762
1787196955,27.83322,76.65827,296,0,,,,29.11935,29.66121,24.95622
1787196955,27.84657,76.57893,296,0,,,,29.15322,29.66121,25.02375
1787196956,27.74777,76.61707,296,0,,,,29.01776,29.93214,25.05762
1787196957,27.68902,76.64454,296,0,,,,29.15322,29.59348,24.99009
1787196957,27.67567,76.54841,296,0,,,,29.08549,29.79668,24.92235
1787196958,27.79049,76.63844,295,0,,,,29.11935,29.83055,25.02375
1787196959,27.74777,76.64912,295,0,,,,29.11935,29.79668,24.99009
1787196959,27.87594,76.35615,295,0,,,,29.08549,29.76281,24.99009
1787196960,27.84657,76.51637,295,0,,,,29.15322,29.86441,24.95622
1787196961,27.81987,76.56214,295,0,,,,29.15322,29.66121,25.02375
1787196961,27.80651,76.61097,295,0,,,,29.15322,29.62735,24.99009
1787196962,27.81987,76.65369,295,0,,,,29.05162,29.72895,25.02375
1787196963,27.79049,76.72236,295,0,,,,29.08549,29.69508,25.02375
1787196963,27.77714,76.60334,295,0,,,,29.08549,29.72895,25.02375
1787196964,27.79049,76.76357,295,0,,,,29.11935,29.69508,25.15922
1787196964,27.83322,76.83528,295,0,,,,29.08549,29.83055,24.85462
1787196965,27.73175,76.73914,295,0,,,,29.08549,29.69508,25.12535
1787196966,27.80651,76.66285,295,0,,,,29.08549,29.89848,24.88849
1787196966,27.79049,76.63844,295,0,,,,28.98389,30.03395,25.02375
1787196967,27.83322,76.65827,296,0,,,,29.11935,29.72895,24.95622
1787196968,27.86259,76.60334,295,0,,,,29.15322,29.69508,24.88849
1787196968,27.80651,76.55756,295,0,,,,29.11935,29.72895,24.99009
1787196969,27.77714,76.51026,295,0,,,,29.08549,29.79668,24.99009
1787196970,27.74777,76.43244,295,0,,,,29.08549,29.76281,25.02375
1787196970,27.83322,76.53315,295,0,,,,29.11935,29.79668,24.85462
1787196971,27.81987,76.5301,295,0,,,,29.15322,29.72895,24.99009
1787196972,27.84657,76.32716,295,0,,,,29.08549,29.55962,25.09148
1787196972,27.86259,76.45686,295,0,,,,29.22095,29.59348,25.02375
1787196973,27.80651,76.42329,295,0,,,,29.08549,29.62735,24.99009
1787196974,27.7184,76.37293,295,0,,,,29.08549,29.89848,25.05762
1787196974,27.81987,76.37446,295,0,,,,29.11935,29.83055,25.05762
1787196975,27.8893,76.36988,296,0,,,,29.11935,29.69508,25.05762
1787196976,27.83322,76.28291,296,0,,,,29.08549,29.89848,25.02375
1787196976,27.90532,76.28138,295,0,,,,29.08549,29.62735,24.92235
1787196977,27.86259,76.33173,296,0,,,,29.11935,29.86441,25.02375
1787196978,27.87594,76.17761,295,0,,,,29.08549,29.79668,24.99009
1787196978,27.86259,76.32258,295,0,,,,29.11935,29.83055,25.09148
1787196979,27.87594,76.25085,296,0,,,,29.11935,29.83055,24.92235
1787196980,27.84657,76.30885,296,0,,,,29.11935,29.79668,25.05762
1787196980,27.77714,76.16693,295,0,,,,29.05162,29.69508,24.95622
1787196981,27.90532,76.34241,295,0,,,,29.11935,29.72895,25.09148
1787196982,27.80651,76.40192,295,0,,,,29.05162,29.79668,24.85462
1787196982,27.81987,76.56214,295,0,,,,29.15322,29.86441,24.85462
1787196983,27.77714,76.76814,295,0,,,,29.11935,29.86441,25.09148
1787196984,27.86259,76.87343,295,0,,,,29.08549,29.76281,25.02375
1787196984,27.77714,76.87343,295,0,,,,29.11935,29.72895,24.95622
1787196985,27.81987,77.00923,296,0,,,,29.11935,29.76281,24.82096
1787196986,27.77714,76.93599,295,0,,,,29.11935,29.66121,25.05762
1787196986,27.83322,76.85512,296,0,,,,29.15322,29.69508,24.78709
1787196987,27.86259,76.73914,296,0,,,,29.15322,29.96601,24.92235
1787196988,27.77714,76.69794,295,0,,,,29.15322,29.62735,24.88849
1787196988,27.84657,76.7132,295,0,,,,29.15322,29.86441,24.78709
1787196989,27.87594,76.61707,295,0,,,,29.08549,29.79668,25.15922
1787196990,27.79049,76.60792,295,0,,,,29.05162,29.83055,25.05762
1787196990,27.80651,76.58045,295,0,,,,29.08549,29.79668,25.09148
1787196991,27.81987,76.5423,295,0,,,,29.15322,29.79668,24.95622
1787196992,27.87594,76.54383,295,0,,,,29.08549,29.69508,25.05762
1787196992,27.86259,76.40498,295,0,,,,29.08549,29.66121,24.99009
1787196993,27.79049,76.49195,295,0,,,,29.11935,29.72895,24.95622
1787196994,27.81987,76.49805,295,0,,,,29.11935,29.83055,24.99009
1787196994,27.87594,76.69032,295,0,,,,29.15322,29.76281,24.85462
1787196995,27.80651,76.45533,295,0,,,,29.15322,29.93214,25.05762
1787196996,27.93202,76.51484,295,0,,,,29.08549,29.66121,24.95622
1787196996,27.81987,76.38361,296,0,,,,29.08549,29.76281,24.88849
1787196997,27.79049,76.2417,296,0,,,,29.15322,29.79668,24.95622
1787196998,27.80651,76.42329,295,0,,,,29.05162,29.83055,24.88849
1787196998,27.87594,76.39735,295,0,,,,29.05162,29.69508,25.02375
1787196999,27.83322,76.40955,295,0,,,,29.11935,29.86441,24.92235
1787197000,27.84657,76.42329,295,0,,,,29.15322,29.96601,24.85462
1787197000,27.80651,76.36073,295,0,,,,29.11935,29.83055,24.99009
1787197001,27.74777,76.37904,295,0,,,,29.05162,29.69508,25.02375
1787197002,27.8893,76.3592,295,0,,,,29.15322,29.66121,25.19288
1787197002,27.77714,76.34241,295,0,,,,29.25482,29.89848,24.99009
1787197003,27.81987,76.24017,295,0,,,,29.18709,29.86441,25.05762
1787197004,27.81987,76.38361,295,0,,,,29.22095,29.76281,25.12535
1787197004,27.84657,76.3592,295,0,,,,29.18709,29.72895,24.95622
1787197005,27.79049,76.37751,296,0,,,,29.11935,29.72895,24.85462
1787197006,27.84657,76.3592,296,0,,,,29.25482,29.69508,25.02375
1787197006,27.84657,76.2768,296,0,,,,29.18709,29.86441,24.92235
1787197007,27.81987,76.22797,295,0,,,,29.08549,29.83055,24.99009
1787197007,27.79049,76.27375,295,0,,,,29.08549,29.76281,24.92235
1787197008,27.80651,76.32868,295,0,,,,29.15322,29.69508,25.02375
1787197009,27.90532,76.26917,295,0,,,,29.11935,29.76281,24.95622
1787197009,27.91867,76.27375,295,0,,,,29.05162,29.69508,24.95622
1787197010,27.87594,76.33631,295,0,,,,29.15322,29.83055,24.95622
1787197011,27.74777,76.31495,295,0,,,,29.08549,29.69508,24.88849
1787197011,27.87594,76.22186,295,0,,,,29.05162,29.86441,24.92235
1787197012,27.81987,76.26917,295,0,,,,29.11935,29.59348,25.05762
1787197013,27.79049,76.26307,295,0,,,,29.15322,29.76281,25.09148
1787197013,27.87594,76.38819,295,0,,,,29.08549,29.86441,25.05762
1787197014,27.79049,76.26307,295,0,,,,29.18709,29.76281,24.95622
1787197015,27.83322,76.2417,295,0,,,,29.25482,29.72895,25.02375
1787197015,27.81987,76.37446,295,0,,,,29.11935,29.62735,25.02375
1787197016,27.74777,76.19135,296,0,,,,29.01776,29.89848,25.02375
1787197017,27.70504,76.1181,296,0,,,,29.11935,29.86441,25.09148
1787197017,27.81987,76.32258,295,0,,,,29.18709,29.66121,25.02375
1787197018,27.80651,76.17303,295,0,,,,29.22095,29.76281,24.88849
1787197019,27.93202,76.29664,295,0,,,,29.08549,29.83055,25.02375
1787197019,27.80651,76.45533,295,0,,,,29.08549,29.93214,24.95622
1787197020,27.80651,76.33784,295,0,,,,29.11935,29.76281,24.99009
1787197021,27.83322,76.51179,295,0,,,,29.08549,29.86441,25.05762
1787197021,27.84657,76.78645,295,0,,,,29.08549,29.69508,24.99009
1787197022,27.81987,76.84444,295,0,,,,29.08549,29.72895,25.02375
1787197023,27.77714,76.87343,295,0,,,,29.11935,29.76281,24.99009
1787197023,27.76379,76.75746,295,0,,,,29.08549,29.79668,24.92235
1787197024,27.77714,76.67658,295,0,,,,29.11935,29.69508,25.05762
1787197025,27.77714,76.70863,296,0,,,,29.05162,29.72895,25.09148
1787197025,27.84657,76.57893,296,0,,,,29.08549,29.83055,24.99009
1787197026,27.83322,76.63844,296,0,,,,29.11935,29.79668,25.02375
1787197027,27.73175,76.63386,295,0,,,,29.08549,29.79668,25.05762
1787197027,27.73175,76.43702,295,0,,,,29.15322,29.72895,24.95622
1787197028,27.79049,76.52399,295,0,,,,29.05162,29.69508,24.99009
1787197029,27.79049,76.45991,295,0,,,,29.18709,29.62735,24.95622
1787197029,27.86259,76.51026,295,0,,,,29.18709,29.62735,24.99009
1787197030,27.8893,76.61097,295,0,,,,29.08549,29.79668,24.99009
1787197031,27.74777,76.32716,295,0,,,,29.05162,29.79668,25.05762
1787197031,27.81987,76.36378,295,0,,,,29.08549,29.83055,24.99009
1787197032,27.77714,76.46601,295,0,,,,29.01776,29.79668,24.99009
1787197033,27.81987,76.46601,295,0,,,,29.11935,29.76281,25.05762
1787197033,27.76379,76.39277,295,0,,,,29.11935,29.83055,24.99009
1787197034,27.79049,76.42023,295,0,,,,29.08549,29.83055,24.95622
1787197035,27.79049,76.37751,296,0,,,,29.01776,29.72895,24.85462
1787197035,27.86259,76.45686,295,0,,,,29.08549,29.72895,24.85462
1787197036,27.87594,76.41871,296,0,,,,29.15322,29.72895,24.92235
1787197037,27.7184,76.53773,296,0,,,,29.15322,29.66121,25.09148
1787197037,27.7184,76.42481,296,0,,,,29.15322,29.76281,25.05762
1787197038,27.81987,76.51026,295,0,,,,29.01776,29.59348,24.85462
1787197039,27.86259,76.55146,295,0,,,,29.05162,29.76281,24.88849
1787197039,27.76379,76.48432,295,0,,,,29.08549,29.66121,25.05762
1787197040,27.81987,76.4889,295,0,,,,29.11935,29.66121,25.02375
1787197041,27.80651,76.47517,295,0,,,,29.05162,29.69508,24.92235
1787197041,27.74777,76.37904,295,0,,,,29.11935,29.72895,24.95622
1787197042,27.83322,76.35615,295,0,,,,29.11935,29.83055,25.02375
1787197043,27.83322,76.34547,295,0,,,,29.01776,29.79668,24.95622
1787197043,27.8893,76.3592,295,0,,,,29.08549,29.76281,24.99009
1787197044,27.8893,76.3592,295,0,,,,29.08549,29.83055,25.12535
1787197045,27.76379,76.38209,296,0,,,,29.08549,29.62735,25.05762
1787197045,27.80651,76.09064,295,0,,,,29.15322,29.72895,24.92235
1787197046,27.91867,76.29511,295,0,,,,29.08549,29.69508,24.95622
1787197047,27.76379,76.21423,295,0,,,,29.08549,29.89848,24.82096
1787197047,27.74777,76.28596,296,0,,,,29.11935,29.86441,25.09148
1787197048,27.76379,76.24628,295,0,,,,29.08549,29.72895,25.02375
1787197049,27.7184,76.34089,295,0,,,,28.98389,29.83055,25.05762
1787197049,27.83322,76.29511,295,0,,,,29.08549,29.83055,24.95622
1787197050,27.77714,76.19592,295,0,,,,29.11935,29.69508,25.05762
1787197050,27.77714,76.20813,295,0,,,,29.05162,29.66121,24.95622
1787197051,27.84657,76.318,295,0,,,,29.05162,29.83055,25.02375
1787197052,27.80651,76.112,295,0,,,,29.01776,29.79668,24.85462
1787197052,27.81987,76.38361,295,0,,,,29.08549,29.72895,24.99009
1787197053,27.70504,76.24475,295,0,,,,29.15322,29.93214,25.02375
1787197054,27.83322,76.1181,295,0,,,,29.15322,29.66121,24.95622
1787197054,27.8893,76.19135,295,0,,,,29.05162,29.69508,24.92235
1787197055,27.87594,76.12726,295,0,,,,29.08549,29.79668,24.95622
1787197056,27.84657,76.08911,296,0,,,,29.11935,29.79668,25.02375
1787197056,27.80651,76.14404,295,0,,,,29.18709,29.66121,24.92235
1787197057,27.76379,76.20508,296,0,,,,29.15322,29.66121,24.88849
1787197058,27.77714,76.21881,295,0,,,,29.08549,29.72895,25.12535
1787197058,27.73175,76.11353,295,0,,,,29.15322,29.69508,24.92235
1787197059,27.86259,76.14557,295,0,,,,29.15322,29.89848,25.09148
1787197060,27.86259,76.16388,295,0,,,,29.05162,29.83055,24.99009
1787197060,27.77714,76.15472,295,0,,,,29.05162,29.83055,24.95622
1787197061,27.80651,76.17303,295,0,,,,29.08549,29.76281,24.99009
1787197062,27.83322,76.29511,295,0,,,,29.05162,29.72895,24.99009
1787197062,27.8893,76.35004,295,0,,,,29.08549,29.66121,24.88849
1787197063,27.77714,76.6659,295,0,,,,29.08549,29.83055,24.95622
1787197064,27.84657,77.16182,295,0,,,,29.11935,29.79668,24.99009
1787197064,27.83322,77.49142,295,0,,,,29.05162,29.72895,25.02375
1787197065,27.80651,77.66384,295,0,,,,29.08549,29.79668,24.99009
1787197066,27.84657,77.85153,295,0,,,,29.15322,29.76281,25.02375
1787197066,27.80651,78.06821,295,0,,,,29.15322,29.72895,24.88849
1787197067,27.87594,78.01328,296,0,,,,29.15322,29.69508,25.05762
1787197068,27.87594,77.97208,295,0,,,,29.05162,29.79668,24.95622
1787197068,27.83322,77.9614,295,0,,,,29.08549,29.62735,24.99009
1787197069,27.91867,77.64706,295,0,,,,29.11935,29.72895,25.09148
1787197070,27.81987,77.62417,295,0,,,,29.11935,29.83055,24.99009
1787197070,27.93202,77.41207,295,0,,,,29.08549,29.66121,24.99009
1787197071,27.83322,77.33578,295,0,,,,29.05162,29.79668,24.95622
1787197072,27.77714,77.30221,295,0,,,,29.15322,29.89848,24.85462
1787197072,27.77714,77.01991,295,0,,,,29.01776,29.69508,24.92235
1787197073,27.81987,76.96803,295,0,,,,29.05162,29.62735,24.92235
1787197074,27.80651,76.8185,295,0,,,,29.05162,29.76281,24.75323
1787197074,27.83322,76.75288,295,0,,,,29.15322,29.83055,24.78709
1787197075,27.79049,76.69032,295,0,,,,29.08549,29.69508,24.99009
1787197076,27.86259,76.72999,296,0,,,,29.05162,29.83055,25.02375
1787197076,27.93202,76.70252,296,0,,,,29.01776,29.83055,25.02375
1787197077,27.79049,76.54383,296,0,,,,29.18709,29.72895,25.15922
1787197078,27.8893,76.59876,295,0,,,,29.11935,29.72895,24.85462
1787197078,27.83322,76.61707,295,0,,,,29.15322,29.66121,25.02375
1787197079,27.77714,76.6125,295,0,,,,29.11935,29.79668,25.05762
1787197080,27.84657,76.53773,295,0,,,,29.08549,29.83055,25.02375
1787197080,27.84657,76.57893,295,0,,,,29.08549,29.76281,25.12535
1787197081,27.80651,76.47517,295,0,,,,29.15322,29.62735,25.12535
1787197082,27.87594,76.46143,295,0,,,,29.01776,29.69508,24.88849
1787197082,27.81987,76.36378,295,0,,,,29.01776,29.66121,24.78709
1787197083,27.80651,76.25544,295,0,,,,29.11935,29.79668,24.88849
1787197084,27.76379,76.39277,295,0,,,,29.08549,29.83055,24.95622
1787197084,27.79049,76.35615,295,0,,,,29.08549,29.72895,24.95622
1787197085,27.87594,76.3653,295,0,,,,29.05162,29.72895,24.88849
1787197086,27.87594,76.22186,296,0,,,,29.11935,29.79668,25.02375
1787197086,27.84657,76.32716,296,0,,,,29.11935,29.66121,25.09148
1787197087,27.83322,76.22186,296,0,,,,29.11935,29.83055,24.99009
1787197088,27.81987,76.28138,295,0,,,,29.15322,29.86441,24.92235
1787197088,27.86259,76.19592,295,0,,,,29.11935,29.62735,24.99009
1787197089,27.8893,76.2646,295,0,,,,29.15322,29.62735,24.92235
1787197090,27.81987,76.18677,295,0,,,,29.11935,29.72895,24.95622
1787197090,27.83322,76.34547,295,0,,,,29.08549,29.72895,25.09148
1787197091,27.9614,76.31495,295,0,,,,29.15322,29.69508,24.78709
1787197092,27.76379,76.22644,295,0,,,,29.08549,29.76281,24.82096
1787197092,27.79049,76.25391,295,0,,,,29.25482,30.03395,24.95622
1787197093,27.83322,76.27375,295,0,,,,29.08549,29.59348,25.02375
1787197094,27.77714,76.20813,295,0,,,,29.05162,29.76281,24.85462
1787197094,27.81987,76.19592,295,0,,,,29.08549,29.79668,25.02375
1787197095,27.79049,76.15778,295,0,,,,29.11935,29.83055,25.02375
1787197096,27.76379,76.14099,295,0,,,,29.11935,29.69508,24.99009
1787197096,27.81987,76.21729,296,0,,,,29.05162,29.79668,25.02375
1787197097,27.86259,76.17609,295,0,,,,29.22095,29.79668,25.02375
1787197097,27.77714,76.14404,295,0,,,,29.05162,29.66121,24.99009
1787197098,27.81987,76.24017,295,0,,,,29.08549,29.83055,24.92235
1787197099,27.84657,76.3592,295,0,,,,29.01776,29.76281,24.99009
1787197099,27.94537,76.38361,295,0,,,,29.15322,29.76281,25.05762
1787197100,27.86259,76.45686,295,0,,,,29.05162,29.66121,24.99009
1787197101,27.81987,76.28138,295,0,,,,29.08549,29.79668,25.09148
1787197101,27.81987,76.31037,295,0,,,,29.15322,29.66121,25.05762
1787197102,27.87594,76.42939,295,0,,,,29.01776,29.83055,24.99009
1787197103,27.76379,76.35004,295,0,,,,29.11935,29.66121,24.99009
1787197103,27.76379,76.39277,295,0,,,,29.01776,29.66121,25.02375
1787197104,27.81987,76.26002,295,0,,,,29.11935,29.76281,24.92235
1787197105,27.86259,76.28138,296,0,,,,29.18709,29.83055,25.09148
1787197105,27.80651,76.36988,295,0,,,,29.15322,29.72895,24.92235
1787197106,27.81987,76.34241,295,0,,,,29.08549,29.76281,24.99009
1787197107,27.90532,76.32258,295,0,,,,29.08549,29.69508,25.09148
1787197107,27.87594,76.28291,295,0,,,,29.08549,29.86441,25.02375
1787197108,27.73175,76.30122,295,0,,,,29.11935,29.72895,24.92235
1787197109,27.83322,76.2417,295,0,,,,29.15322,29.79668,24.85462
1787197109,27.83322,76.22186,295,0,,,,29.18709,29.72895,25.02375
1787197110,27.90532,76.26002,295,0,,,,29.22095,29.79668,25.02375
1787197111,27.83322,76.29511,295,0,,,,29.11935,29.69508,24.92235
1787197111,27.76379,76.30885,295,0,,,,29.08549,29.76281,24.92235
1787197112,27.86259,76.32258,295,0,,,,29.18709,29.62735,24.92235
1787197113,27.84657,76.21423,295,0,,,,28.98389,29.76281,24.95622
1787197113,27.83322,76.41871,295,0,,,,29.01776,29.69508,25.15922
1787197114,27.76379,76.28748,295,0,,,,29.11935,29.55962,25.02375
1787197115,27.81987,76.22797,295,0,,,,29.11935,29.66121,24.92235
1787197115,27.8893,76.2646,295,0,,,,29.11935,29.83055,24.92235
1787197116,27.76379,76.35004,296,0,,,,29.08549,29.76281,25.02375
1787197117,27.86259,76.11353,295,0,,,,29.11935,29.83055,25.09148
1787197117,27.73175,76.11353,295,0,,,,29.05162,29.76281,25.02375
1787197118,27.80651,76.27833,295,0,,,,29.05162,29.89848,24.92235
1787197119,27.86259,76.30122,295,0,,,,29.11935,29.76281,24.99009
1787197119,27.87594,76.20966,295,0,,,,29.01776,29.69508,24.92235
1787197120,27.79049,75.93042,295,0,,,,29.05162,29.76281,24.99009
1787197121,27.73175,76.12573,295,0,,,,29.22095,29.69508,24.88849
1787197121,27.80651,76.15015,295,0,,,,29.11935,29.69508,25.09148
1787197122,27.83322,76.10742,295,0,,,,29.08549,29.83055,24.99009
1787197123,27.79049,76.26307,295,0,,,,29.05162,29.72895,24.99009
1787197123,27.74777,76.24475,295,0,,,,29.11935,29.72895,25.09148
1787197124,27.73175,76.07233,295,0,,,,29.05162,29.72895,24.95622
1787197125,27.84657,76.17151,296,0,,,,29.11935,29.96601,25.02375
1787197125,27.90532,76.19592,296,0,,,,29.08549,29.83055,24.95622
1787197126,27.84657,76.01587,296,0,,,,29.15322,29.83055,25.02375
1787197127,27.83322,76.16846,296,0,,,,29.08549,29.66121,24.95622
1787197127,27.76379,76.17303,295,0,,,,28.95002,29.76281,25.05762
1787197128,27.80651,76.21423,295,0,,,,29.18709,29.69508,25.12535
1787197129,27.79049,76.1181,295,0,,,,29.05162,29.62735,25.02375
1787197129,27.79049,76.27375,295,0,,,,29.05162,29.83055,24.78709
1787197130,27.86259,76.16388,295,0,,,,29.11935,29.72895,24.88849
1787197131,27.91867,76.12726,295,0,,,,29.08549,29.79668,24.92235
1787197131,27.76379,76.13184,295,0,,,,29.01776,29.59348,24.95622
1787197132,27.79049,76.10742,295,0,,,,29.01776,29.83055,25.09148
1787197133,27.80651,76.17303,295,0,,,,29.08549,29.86441,25.02375
1787197133,27.83322,76.22186,295,0,,,,29.11935,29.83055,24.95622
1787197134,27.87594,76.06317,295,0,,,,29.18709,29.66121,25.02375
1787197135,27.73175,76.07233,295,0,,,,29.15322,29.66121,24.85462
1787197135,27.84657,76.17151,295,0,,,,29.08549,29.79668,25.02375
1787197136,27.83322,76.03418,297,0,,,,29.01776,29.69508,25.02375
1787197137,27.80651,76.03876,296,0,,,,29.01776,29.79668,24.88849
1787197137,27.84657,76.09979,296,0,,,,29.05162,29.72895,24.92235
1787197138,27.91867,76.14862,295,0,,,,29.11935,29.76281,25.12535
1787197138,27.74777,76.2005,295,0,,,,29.11935,29.76281,25.12535
1787197139,27.83322,76.13947,295,0,,,,29.01776,29.76281,24.82096
1787197140,27.73175,76.09369,295,0,,,,29.05162,29.72895,24.88849
1787197140,27.76379,76.14099,295,0,,,,29.01776,29.83055,24.99009
1787197141,27.76379,76.09979,295,0,,,,29.08549,29.79668,24.99009
1787197142,27.77714,76.15472,295,0,,,,29.01776,29.72895,24.99009
1787197142,27.79049,76.05402,295,0,,,,29.08549,29.72895,24.92235
1787197143,27.83322,76.13947,295,0,,,,28.98389,29.83055,25.09148
1787197144,27.84657,76.06775,295,0,,,,29.11935,29.69508,24.92235
1787197144,27.86259,76.16388,295,0,,,,29.11935,29.79668,25.02375
1787197145,27.81987,76.17609,295,0,,,,29.11935,29.76281,24.95622
1787197146,27.7184,76.05859,296,0,,,,29.05162,29.76281,25.05762
1787197146,27.86259,76.14557,297,0,,,,29.05162,29.76281,24.92235
1787197147,27.87594,76.27375,296,0,,,,29.18709,29.76281,25.05762
1787197148,27.86259,76.28138,295,0,,,,29.15322,29.76281,24.99009
1787197148,27.81987,76.17609,295,0,,,,29.08549,29.76281,24.92235
1787197149,27.80651,76.1944,295,0,,,,29.08549,29.62735,25.05762
1787197150,27.79049,76.25391,295,0,,,,29.15322,29.69508,24.88849
1787197150,27.74777,76.27375,295,0,,,,29.11935,29.69508,24.92235
1787197151,27.83322,76.30579,295,0,,,,29.22095,29.79668,25.02375
1787197152,27.93202,76.29664,295,0,,,,29.15322,29.76281,25.02375
1787197152,27.83322,76.3241,295,0,,,,29.05162,29.89848,24.95622
1787197153,27.80651,76.22644,295,0,,,,29.15322,29.72895,24.92235
1787197154,27.73175,76.37446,295,0,,,,29.05162,29.83055,25.02375
1787197154,27.83322,76.35615,295,0,,,,29.15322,29.62735,25.05762
1787197155,27.84657,76.35004,295,0,,,,29.08549,29.72895,24.78709
1787197156,27.76379,76.25849,295,0,,,,29.05162,29.72895,24.95622
1787197156,27.84657,76.29664,296,0,,,,29.08549,29.72895,25.09148
1787197157,27.93202,76.33784,296,0,,,,29.18709,29.59348,24.85462
1787197158,27.80651,76.48432,295,0,,,,29.08549,29.76281,25.05762
1787197158,27.74777,76.32716,295,0,,,,29.15322,29.83055,24.88849
1787197159,27.66232,76.29511,295,0,,,,29.08549,29.76281,24.99009
1787197160,27.8893,76.39124,295,0,,,,29.11935,29.76281,24.92235
1787197160,27.86259,76.35157,295,0,,,,29.08549,29.79668,24.95622
1787197161,27.77714,76.28138,295,0,,,,29.15322,29.89848,25.02375
1787197162,27.87594,76.39735,295,0,,,,29.15322,29.66121,24.95622
1787197162,27.74777,76.27375,295,0,,,,29.05162,29.55962,24.99009
1787197163,27.77714,76.4065,295,0,,,,29.05162,29.83055,24.88849
1787197164,27.84657,76.29664,295,0,,,,29.05162,29.72895,24.99009
1787197164,27.8893,76.2646,295,0,,,,29.08549,29.62735,24.99009
1787197165,27.74777,76.38819,296,0,,,,29.11935,29.66121,25.09148
1787197166,27.81987,76.31037,296,0,,,,29.08549,29.62735,25.15922
1787197166,27.79049,76.25391,295,0,,,,29.01776,29.66121,25.02375
1787197167,27.81987,76.30122,296,0,,,,29.15322,29.62735,24.92235
1787197168,27.79049,76.31495,295,0,,,,29.05162,29.79668,25.02375
1787197168,27.76379,76.36073,295,0,,,,29.08549,29.69508,24.85462
1787197169,27.91867,76.40955,295,0,,,,29.05162,29.66121,25.05762
1787197170,27.76379,76.36073,295,0,,,,29.05162,29.93214,24.99009
1787197170,27.87594,76.54383,295,0,,,,29.18709,29.62735,24.99009
1787197171,27.77714,76.45686,295,0,,,,29.05162,29.66121,25.12535
1787197172,27.87594,76.47974,295,0,,,,29.15322,29.66121,25.05762
1787197172,27.7184,76.54841,295,0,,,,29.11935,29.59348,25.02375
1787197173,27.84657,76.45533,295,0,,,,29.11935,29.69508,24.92235
1787197174,27.74777,76.52399,295,0,,,,29.15322,29.62735,24.99009
1787197174,27.81987,76.41566,295,0,,,,29.08549,29.83055,24.88849
1787197175,27.70504,76.4004,296,0,,,,29.08549,29.76281,24.88849
1787197176,27.76379,76.47517,295,0,,,,29.05162,29.76281,24.78709
1787197176,27.73175,76.45686,296,0,,,,29.22095,29.76281,25.02375
1787197177,27.79049,76.45991,295,0,,,,29.22095,29.76281,24.71936
1787197178,27.80651,76.41413,295,0,,,,29.11935,29.69508,24.95622
1787197178,27.81987,76.45686,295,0,,,,29.18709,29.66121,24.95622
1787197179,27.84657,76.33784,295,0,,,,29.08549,29.72895,24.99009
1787197180,27.86259,76.47822,295,0,,,,29.05162,29.79668,24.88849
1787197180,27.83322,76.3653,295,0,,,,29.05162,29.89848,24.88849
1787197181,27.81987,76.38361,295,0,,,,29.01776,29.86441,25.02375
1787197182,27.80651,76.33784,295,0,,,,29.11935,29.79668,25.05762
1787197182,27.74777,76.40955,295,0,,,,29.18709,29.76281,24.95622
1787197183,27.83322,76.3241,295,0,,,,29.11935,29.62735,25.02375
1787197183,27.86259,76.47822,295,0,,,,29.08549,29.66121,24.88849
1787197184,27.83322,76.47059,295,0,,,,29.18709,29.69508,25.05762
1787197185,27.77714,76.41566,295,0,,,,29.08549,29.62735,24.92235
1787197186,27.84657,76.40192,295,0,,,,29.15322,29.86441,25.02375
1787197186,27.81987,76.28138,296,0,,,,29.11935,29.62735,24.99009
1787197187,27.84657,76.40192,295,0,,,,29.11935,29.69508,25.02375
1787197187,27.79049,76.31495,295,0,,,,29.08549,29.86441,24.99009
1787197188,27.84657,76.30885,295,0,,,,29.25482,29.79668,24.95622
1787197189,27.83322,76.27375,295,0,,,,29.18709,29.72895,24.99009
1787197189,27.74777,76.36835,295,0,,,,29.08549,29.66121,25.05762
1787197190,27.77714,76.4477,295,0,,,,29.08549,29.66121,25.09148
1787197191,27.81987,76.56214,295,0,,,,29.11935,29.52575,24.92235
1787197191,27.86259,76.64454,295,0,,,,29.08549,29.72895,24.92235
1787197192,27.81987,76.60334,295,0,,,,29.11935,29.69508,25.02375
1787197193,27.81987,76.6247,295,0,,,,29.05162,29.76281,24.99009
1787197193,27.8893,76.66132,295,0,,,,29.15322,29.72895,24.85462
1787197194,27.83322,76.61707,295,0,,,,29.18709,29.79668,24.88849
1787197195,27.90532,76.6659,296,0,,,,29.08549,29.69508,24.92235
1787197195,27.83322,76.73151,295,0,,,,29.15322,29.72895,24.92235
1787197196,27.8893,76.69337,296,0,,,,29.05162,29.79668,25.05762
1787197197,27.80651,76.54841,296,0,,,,29.11935,29.66121,24.99009
1787197197,27.80651,76.54841,295,0,,,,29.15322,29.79668,25.09148
1787197198,27.81987,76.39582,295,0,,,,29.11935,29.72895,25.15922
1787197199,27.67567,76.49653,296,0,,,,29.05162,29.76281,24.82096
1787197199,27.84657,76.39124,295,0,,,,29.11935,29.66121,24.92235
1787197200,27.84657,76.3592,295,0,,,,29.11935,29.72895,24.88849
1787197201,27.7184,76.1944,295,0,,,,29.05162,29.59348,24.99009
1787197201,27.86259,76.35157,295,0,,,,29.08549,29.72895,24.82096
1787197202,27.67567,76.43244,295,0,,,,29.11935,29.69508,25.09148
1787197203,27.79049,76.3241,295,0,,,,29.11935,29.79668,24.85462
1787197203,27.80651,76.30885,295,0,,,,29.15322,29.93214,25.09148
1787197204,27.79049,76.30427,295,0,,,,29.15322,29.69508,24.85462
1787197205,27.84657,76.24475,296,0,,,,29.11935,29.69508,25.02375
1787197205,27.84657,76.36988,295,0,,,,29.11935,29.69508,25.09148
1787197206,27.86259,76.24933,296,0,,,,29.01776,29.76281,25.02375
1787197207,27.77714,76.29206,295,0,,,,29.08549,29.72895,25.09148
1787197207,27.84657,76.18219,296,0,,,,29.15322,29.72895,25.05762
1787197208,27.79049,76.18982,295,0,,,,29.05162,29.76281,25.15922
1787197209,27.86259,76.26917,295,0,,,,29.08549,29.96601,24.99009
1787197209,27.73175,76.30122,295,0,,,,29.08549,29.62735,24.99009
1787197210,27.80651,76.27833,295,0,,,,29.01776,29.86441,24.99009
1787197211,27.79049,76.2417,295,0,,,,29.18709,29.79668,24.95622
1787197211,27.81987,76.21729,295,0,,,,29.11935,29.76281,25.02375
1787197212,27.84657,76.30885,295,0,,,,29.08549,29.69508,24.85462
1787197213,27.87594,76.30427,295,0,,,,29.18709,29.79668,24.92235
1787197213,27.83322,76.27375,295,0,,,,29.08549,29.69508,24.99009
1787197214,27.83322,76.3653,295,0,,,,29.11935,29.76281,25.05762
1787197215,27.68902,76.27222,296,0,,,,29.05162,29.86441,24.88849
1787197215,27.83322,76.31342,295,0,,,,29.15322,29.69508,25.09148
1787197216,27.77714,76.27222,296,0,,,,29.05162,29.76281,25.02375
1787197217,27.77714,76.31037,296,0,,,,29.22095,29.79668,25.12535
1787197217,27.77714,76.31037,295,0,,,,29.15322,29.99988,25.05762
1787197218,27.77714,76.33173,295,0,,,,29.08549,29.79668,25.05762
1787197219,27.84657,76.49348,295,0,,,,29.18709,29.69508,24.85462
1787197219,27.8893,76.45533,295,0,,,,29.11935,29.76281,25.02375
1787197220,27.80651,76.52857,295,0,,,,29.08549,29.72895,24.82096
1787197221,27.76379,76.51637,295,0,,,,29.05162,29.86441,25.09148
1787197221,27.79049,76.55604,295,0,,,,29.18709,29.79668,24.95622
1787197222,27.86259,76.61555,295,0,,,,29.05162,29.69508,24.82096
1787197223,27.84657,76.73457,295,0,,,,29.05162,29.72895,24.85462
1787197223,27.81987,76.63386,295,0,,,,29.15322,29.62735,24.78709
1787197224,27.86259,76.65369,295,0,,,,29.22095,29.72895,24.95622
1787197225,27.77714,76.56214,296,0,,,,29.18709,29.72895,24.85462
1787197225,27.83322,76.57587,295,0,,,,29.08549,29.66121,25.02375
1787197226,27.80651,76.49653,297,0,,,,29.15322,29.83055,25.02375
1787197227,27.93202,76.61097,295,0,,,,29.08549,29.76281,25.02375
1787197227,27.77714,76.64454,296,0,,,,29.18709,29.72895,24.88849
1787197228,27.80651,76.672,295,0,,,,29.08549,29.72895,24.88849
1787197228,27.84657,76.58961,295,0,,,,29.15322,29.72895,24.95622
1787197229,27.80651,76.58045,295,0,,,,29.11935,29.55962,25.05762
1787197230,27.80651,76.56977,295,0,,,,29.11935,29.79668,24.82096
1787197230,27.86259,76.65369,295,0,,,,29.22095,29.72895,24.82096
1787197231,27.81987,76.51026,295,0,,,,29.18709,29.76281,25.02375
1787197232,27.79049,76.52399,295,0,,,,29.05162,29.93214,24.92235
1787197232,27.87594,76.50111,295,0,,,,29.15322,29.86441,24.78709
1787197233,27.81987,76.55146,295,0,,,,29.18709,29.79668,24.99009
1787197234,27.77714,76.45686,295,0,,,,29.11935,29.83055,24.99009
1787197234,27.77714,76.5301,295,0,,,,29.08549,29.72895,24.92235
1787197235,27.83322,76.47059,296,0,,,,29.15322,29.76281,24.99009
1787197236,27.87594,76.49195,296,0,,,,29.11935,29.72895,25.05762
1787197236,27.80651,76.44312,296,0,,,,29.15322,29.79668,24.85462
1787197237,27.84657,76.52552,296,0,,,,29.08549,29.72895,24.88849
1787197238,27.77714,76.45686,295,0,,,,29.11935,29.66121,24.99009
1787197238,27.81987,76.4889,295,0,,,,29.08549,29.76281,25.05762
1787197239,27.81987,76.47822,295,0,,,,29.08549,29.86441,24.92235
1787197240,27.80651,76.42329,295,0,,,,29.08549,29.96601,24.82096
1787197240,27.86259,76.47822,295,0,,,,29.08549,29.83055,25.02375
1787197241,27.73175,76.39582,295,0,,,,29.08549,29.72895,24.99009
1787197242,27.79049,76.45991,295,0,,,,29.08549,29.62735,25.02375
1787197242,27.83322,76.41871,295,0,,,,29.11935,29.76281,24.95622
1787197243,27.77714,76.31037,295,0,,,,29.15322,29.62735,25.02375
1787197244,27.83322,76.45075,295,0,,,,29.05162,29.69508,25.29448
1787197244,27.83322,76.34547,295,0,,,,29.05162,29.72895,25.09148
1787197245,27.74777,76.4004,296,0,,,,29.18709,29.79668,24.92235
1787197246,27.79049,76.38819,296,0,,,,29.05162,29.79668,24.95622
1787197246,27.79049,76.35615,296,0,,,,29.05162,29.66121,24.95622
1787197247,27.79049,76.42023,295,0,,,,29.08549,29.93214,24.95622
1787197248,27.74777,76.28596,295,0,,,,29.18709,29.69508,24.92235
1787197248,27.70504,76.31495,295,0,,,,29.11935,29.83055,24.85462
1787197249,27.84657,76.28748,295,0,,,,29.18709,29.83055,25.12535
1787197250,27.83322,76.62623,295,0,,,,29.15322,29.66121,24.92235
1787197250,27.77714,76.39582,295,0,,,,29.22095,29.76281,24.85462
1787197251,27.84657,76.42329,295,0,,,,29.08549,29.89848,24.92235
1787197252,27.8893,76.58961,295,0,,,,29.08549,29.72895,24.92235
1787197252,27.80651,76.74525,295,0,,,,29.15322,29.83055,24.99009
1787197253,27.76379,77.05959,295,0,,,,29.11935,29.66121,25.05762
1787197254,27.83322,77.40749,295,0,,,,29.05162,29.66121,25.12535
1787197254,27.87594,77.65926,295,0,,,,29.11935,29.72895,24.99009
1787197255,27.84657,78.00717,296,0,,,,29.18709,29.83055,24.99009
1787197256,27.79049,78.06363,295,0,,,,29.08549,29.86441,25.02375
1787197256,27.84657,78.20401,297,0,,,,29.11935,29.69508,25.05762
1787197257,27.9614,78.23148,296,0,,,,29.05162,29.72895,25.05762
1787197258,27.80651,78.14145,296,0,,,,28.98389,29.79668,25.05762
1787197258,27.79049,78.03159,295,0,,,,29.11935,29.86441,24.95622
1787197259,27.80651,77.99496,295,0,,,,29.11935,29.69508,24.99009
1787197260,27.86259,77.86526,296,0,,,,29.11935,29.76281,24.85462
1787197260,27.76379,77.74624,295,0,,,,29.08549,29.83055,24.88849
1787197261,27.8893,77.69283,295,0,,,,29.11935,29.72895,24.92235
1787197262,27.83322,77.43038,295,0,,,,29.11935,29.79668,25.02375
1787197262,27.80651,77.22591,295,0,,,,29.11935,29.72895,24.95622
1787197263,27.84657,77.22438,295,0,,,,29.15322,29.69508,24.95622
1787197264,27.80651,77.10078,295,0,,,,29.11935,29.86441,24.95622
1787197264,27.76379,76.9543,295,0,,,,29.05162,29.89848,24.99009
1787197265,27.87594,76.77272,296,0,,,,29.11935,29.83055,24.85462
1787197266,27.84657,76.79561,295,0,,,,29.18709,29.72895,24.99009
1787197266,27.86259,76.91768,296,0,,,,29.11935,29.83055,24.95622
1787197267,27.80651,77.0779,296,0,,,,29.08549,29.76281,25.05762
1787197268,27.79049,77.09621,295,0,,,,29.01776,29.79668,25.05762
1787197268,27.86259,77.30221,295,0,,,,29.08549,29.76281,24.92235
1787197269,27.84657,77.37087,295,0,,,,29.15322,29.66121,24.95622
1787197270,27.83322,77.61806,295,0,,,,29.18709,29.76281,24.95622
1787197270,27.81987,77.61349,295,0,,,,29.08549,29.79668,24.95622
1787197271,27.80651,77.45327,295,0,,,,29.18709,29.55962,24.92235
1787197271,27.81987,77.467,295,0,,,,29.18709,29.76281,24.82096
1787197272,27.79049,77.26254,295,0,,,,29.11935,29.72895,24.99009
1787197273,27.87594,77.29305,295,0,,,,29.11935,29.79668,25.05762
1787197273,27.80651,77.02754,295,0,,,,29.05162,29.72895,24.92235
1787197274,27.81987,77.05196,295,0,,,,29.22095,29.83055,25.19288
1787197275,27.81987,76.93599,295,0,,,,29.15322,29.72895,25.02375
1787197275,27.81987,76.81239,295,0,,,,29.15322,29.69508,24.92235
1787197276,27.76379,76.83986,296,0,,,,29.11935,29.86441,24.99009
1787197277,27.77714,76.80019,296,0,,,,29.18709,29.76281,24.99009
1787197277,27.83322,76.85512,295,0,,,,29.08549,29.72895,24.85462
1787197278,27.76379,76.75746,295,0,,,,29.11935,29.86441,25.02375
1787197279,27.83322,76.63844,295,0,,,,29.08549,29.76281,25.09148
1787197279,27.83322,76.62623,295,0,,,,29.08549,29.72895,24.92235
1787197280,27.77714,76.5423,295,0,,,,29.11935,29.69508,24.92235
1787197281,27.80651,76.43397,295,0,,,,29.18709,29.72895,24.92235
1787197281,27.84657,76.62165,295,0,,,,29.18709,29.66121,24.99009
1787197282,27.80651,76.33784,295,0,,,,29.18709,29.59348,24.95622
1787197283,27.80651,76.50568,295,0,,,,29.11935,29.69508,24.92235
1787197283,27.77714,76.43702,295,0,,,,29.15322,29.72895,25.02375
1787197284,27.83322,76.3241,295,0,,,,29.08549,29.76281,24.95622
1787197285,27.79049,76.23254,296,0,,,,29.15322,29.72895,24.99009
1787197285,27.83322,76.31342,296,0,,,,29.05162,29.76281,24.92235
1787197286,27.84657,76.48432,296,0,,,,29.11935,29.86441,25.09148
1787197287,27.81987,76.4477,296,0,,,,29.18709,29.79668,24.88849
1787197287,27.83322,76.53315,296,0,,,,29.08549,29.62735,25.02375
1787197288,27.81987,76.34241,295,0,,,,29.11935,29.72895,25.02375
1787197289,27.87594,76.46143,296,0,,,,29.11935,29.79668,24.99009
1787197289,27.73175,76.38667,295,0,,,,29.08549,29.69508,24.88849
1787197290,27.76379,76.45228,295,0,,,,29.15322,29.83055,24.95622
1787197291,27.83322,76.2005,295,0,,,,29.18709,29.76281,24.85462
1787197291,27.80651,76.35004,295,0,,,,29.11935,29.76281,25.05762
1787197292,27.79049,76.38819,295,0,,,,29.08549,29.83055,25.05762
1787197293,27.79049,76.67963,295,0,,,,29.08549,29.69508,24.99009
1787197293,27.86259,76.78188,295,0,,,,29.08549,29.66121,24.95622
1787197294,27.7184,76.83986,295,0,,,,29.08549,29.72895,24.82096
1787197295,27.86259,77.02907,295,0,,,,29.08549,29.66121,24.95622
1787197295,27.79049,76.96956,296,0,,,,29.15322,29.66121,24.99009
1787197296,27.87594,77.16945,295,0,,,,29.15322,29.76281,24.92235
1787197297,27.76379,76.89174,296,0,,,,29.05162,29.66121,24.99009
1787197297,27.86259,76.88564,296,0,,,,29.11935,29.83055,25.02375
1787197298,27.77714,76.82155,295,0,,,,29.15322,29.69508,25.15922
1787197299,27.7184,76.63081,295,0,,,,29.22095,29.72895,25.05762
1787197299,27.76379,76.63081,295,0,,,,29.08549,29.69508,24.95622
1787197300,27.77714,76.79103,295,0,,,,29.11935,29.76281,24.88849
1787197301,27.80651,76.65217,295,0,,,,29.11935,29.72895,25.12535
1787197301,27.80651,76.51637,295,0,,,,29.11935,29.83055,25.09148
1787197302,27.76379,76.54841,295,0,,,,29.15322,29.72895,24.88849
1787197303,27.86259,76.46906,295,0,,,,29.22095,29.72895,25.02375
1787197303,27.79049,76.38819,296,0,,,,29.11935,29.79668,25.15922
1787197304,27.8893,76.48432,295,0,,,,29.08549,29.62735,25.02375
1787197305,27.8893,76.42329,296,0,,,,29.05162,29.76281,24.95622
1787197305,27.79049,76.39735,295,0,,,,29.08549,29.79668,24.82096
1787197306,27.76379,76.34089,296,0,,,,29.01776,29.76281,24.88849
1787197307,27.87594,76.37751,295,0,,,,29.08549,29.72895,25.02375
1787197307,27.79049,76.37751,295,0,,,,29.08549,29.83055,24.95622
1787197308,27.83322,76.28291,295,0,,,,29.01776,29.66121,24.95622
1787197309,27.83322,76.35615,295,0,,,,29.01776,29.86441,25.05762
1787197309,27.76379,76.38209,295,0,,,,29.08549,29.83055,24.95622
1787197310,27.77714,76.27222,295,0,,,,29.11935,29.83055,24.82096
1787197311,27.84657,76.45533,295,0,,,,29.08549,29.83055,24.88849
1787197311,27.81987,76.78951,295,0,,,,29.08549,29.79668,25.02375
1787197312,27.83322,76.93141,295,0,,,,29.15322,29.72895,25.09148
1787197313,27.79049,76.94057,295,0,,,,29.05162,29.79668,24.99009
1787197313,27.86259,77.04128,295,0,,,,29.15322,29.69508,24.95622
1787197314,27.90532,76.90547,295,0,,,,29.18709,29.72895,24.68549
1787197315,27.80651,76.8597,295,0,,,,29.08549,29.72895,25.05762
1787197315,27.81987,76.82155,296,0,,,,29.08549,29.86441,25.09148
1787197316,27.93202,76.72541,296,0,,,,29.08549,29.62735,24.88849
1787197316,27.81987,76.67658,296,0,,,,29.11935,29.72895,25.02375
1787197317,27.79049,76.56519,296,0,,,,29.11935,29.79668,24.92235
1787197318,27.74777,76.55604,295,0,,,,29.05162,29.79668,25.12535
1787197318,27.81987,76.59418,295,0,,,,29.15322,29.76281,25.02375
1787197319,27.83322,76.42939,295,0,,,,29.15322,29.79668,25.02375
1787197320,27.91867,76.3653,295,0,,,,29.08549,29.66121,24.95622
1787197320,27.86259,76.39582,295,0,,,,29.11935,29.66121,24.95622
1787197321,27.74777,76.32716,295,0,,,,29.08549,29.83055,24.92235
1787197322,27.83322,76.35615,295,0,,,,29.11935,29.66121,24.92235
1787197322,27.80651,76.29969,295,0,,,,29.11935,29.79668,25.15922
1787197323,27.79049,76.38819,295,0,,,,29.08549,29.89848,24.88849
1787197324,27.86259,76.31342,295,0,,,,29.08549,29.76281,24.88849
1787197324,27.7184,76.28748,295,0,,,,29.15322,29.83055,24.92235
1787197325,27.73175,76.22797,296,0,,,,29.05162,29.69508,24.95622
1787197326,27.7184,76.17303,295,0,,,,29.22095,29.69508,25.09148
1787197326,27.80651,76.28748,296,0,,,,28.98389,29.76281,25.02375
1787197327,27.80651,76.18219,295,0,,,,29.05162,29.72895,24.92235
1787197328,27.79049,76.27375,295,0,,,,29.11935,29.69508,25.02375
1787197328,27.76379,76.27833,295,0,,,,29.15322,29.79668,24.95622
1787197329,27.77714,76.13641,295,0,,,,29.05162,29.83055,25.02375
1787197330,27.80651,76.36073,295,0,,,,29.01776,29.76281,25.15922
1787197330,27.77714,76.24017,295,0,,,,29.11935,29.83055,24.88849
1787197331,27.7184,76.2356,295,0,,,,29.18709,29.79668,25.19288
1787197332,27.86259,76.28138,295,0,,,,29.08549,29.76281,24.95622
1787197332,27.81987,76.31037,295,0,,,,29.08549,29.83055,24.99009
1787197333,27.84657,76.28748,295,0,,,,29.08549,29.72895,25.15922
1787197334,27.87594,76.26307,295,0,,,,29.08549,29.59348,24.82096
1787197334,27.81987,76.30122,295,0,,,,29.08549,29.79668,25.05762
1787197335,27.81987,76.33173,295,0,,,,29.18709,29.55962,25.09148
1787197336,27.81987,76.31037,296,0,,,,29.15322,29.76281,24.92235
1787197336,27.77714,76.33173,296,0,,,,29.11935,29.72895,24.85462
1787197337,27.74777,76.36835,296,0,,,,29.11935,29.79668,24.95622
1787197338,27.79049,76.28596,295,0,,,,29.15322,29.72895,25.12535
1787197338,27.76379,76.30885,295,0,,,,29.01776,29.66121,24.88849
1787197339,27.83322,76.37751,295,0,,,,29.11935,29.79668,25.02375
1787197340,27.80651,76.318,295,0,,,,29.05162,29.72895,25.02375
1787197340,27.83322,76.33631,295,0,,,,29.15322,29.72895,24.99009
1787197341,27.81987,76.35157,295,0,,,,29.05162,29.79668,24.99009
1787197342,27.83322,76.34547,295,0,,,,29.05162,29.52575,24.78709
1787197342,27.81987,76.4477,295,0,,,,29.11935,29.69508,24.85462
1787197343,27.77714,76.51942,295,0,,,,29.08549,29.86441,24.95622
1787197344,27.80651,76.78645,295,0,,,,29.15322,29.76281,24.99009
1787197344,27.86259,76.90547,295,0,,,,29.01776,29.83055,24.92235
1787197345,27.77714,77.12367,296,0,,,,29.05162,29.59348,24.99009
1787197346,27.76379,77.14198,295,0,,,,29.05162,29.83055,25.15922
1787197346,27.81987,77.22896,295,0,,,,29.11935,29.72895,24.92235
1787197347,27.83322,77.26254,296,0,,,,29.11935,29.76281,24.88849
1787197348,27.74777,77.14809,295,0,,,,29.11935,29.69508,24.95622
1787197348,27.74777,77.14809,295,0,,,,29.11935,29.83055,25.09148
1787197349,27.83322,77.01381,295,0,,,,29.15322,29.69508,24.92235
1787197350,27.83322,77.12825,295,0,,,,29.18709,29.72895,24.92235
1787197350,27.86259,77.08247,295,0,,,,29.18709,29.79668,24.92235
1787197351,27.84657,76.94209,295,0,,,,29.01776,29.62735,24.95622
1787197352,27.77714,76.95583,295,0,,,,29.11935,29.72895,24.99009
1787197352,27.87594,76.9604,295,0,,,,29.05162,29.72895,24.82096
1787197353,27.80651,76.92378,295,0,,,,29.05162,29.72895,25.02375
1787197354,27.81987,76.82155,295,0,,,,29.11935,29.86441,25.15922
1787197354,27.80651,76.71626,295,0,,,,29.05162,29.72895,25.02375
1787197355,27.79049,76.77272,295,0,,,,29.11935,29.79668,24.95622
1787197356,27.80651,76.68421,295,0,,,,29.11935,29.62735,24.95622
1787197356,27.79049,76.58503,296,0,,,,29.15322,29.79668,25.02375
1787197357,27.84657,76.62928,296,0,,,,29.05162,29.69508,24.88849
1787197358,27.80651,76.53773,295,0,,,,29.08549,29.76281,24.99009
1787197358,27.84657,76.53773,295,0,,,,29.08549,29.76281,25.02375
1787197359,27.79049,76.4416,295,0,,,,29.11935,29.72895,24.88849
1787197359,27.8893,76.44312,295,0,,,,29.05162,29.79668,24.99009
1787197360,27.79049,76.4416,295,0,,,,29.08549,29.76281,24.85462
1787197361,27.77714,76.4889,295,0,,,,29.11935,29.83055,24.92235
1787197361,27.74777,76.30427,295,0,,,,29.15322,29.72895,24.99009
1787197362,27.81987,76.35157,295,0,,,,29.11935,29.79668,24.82096
1787197363,27.79049,76.37751,295,0,,,,29.05162,29.69508,24.99009
1787197363,27.91867,76.32716,295,0,,,,29.11935,29.69508,25.05762
1787197364,27.7184,76.32868,295,0,,,,29.05162,29.69508,24.92235
1787197365,27.83322,76.3241,295,0,,,,29.08549,29.79668,24.92235
1787197365,27.77714,76.31037,296,0,,,,29.08549,29.69508,24.82096
1787197366,27.81987,76.22797,296,0,,,,29.01776,29.69508,24.95622
1787197367,27.86259,76.29206,296,0,,,,29.11935,29.83055,24.88849
1787197367,27.80651,76.29969,295,0,,,,29.08549,29.76281,24.92235
1787197368,27.87594,76.3241,295,0,,,,29.15322,29.79668,24.88849
1787197369,27.76379,76.29664,295,0,,,,29.15322,29.69508,24.92235
1787197369,27.80651,76.2356,295,0,,,,29.11935,29.86441,25.09148
1787197370,27.83322,76.31342,295,0,,,,29.08549,29.89848,24.88849
1787197371,27.79049,76.23254,295,0,,,,29.08549,29.76281,24.92235
1787197371,27.77714,76.21881,295,0,,,,29.05162,29.79668,25.02375
1787197372,27.70504,76.31495,295,0,,,,29.05162,29.62735,24.82096
1787197373,27.84657,76.25544,295,0,,,,29.11935,29.76281,24.92235
1787197373,27.74777,76.14862,295,0,,,,29.08549,29.66121,24.99009
1787197374,27.77714,76.30122,295,0,,,,29.11935,29.76281,25.19288
1787197375,27.73175,76.29053,296,0,,,,29.11935,29.62735,24.95622
1787197375,27.76379,76.24628,295,0,,,,29.11935,29.72895,24.95622
1787197376,27.79049,76.26307,296,0,,,,29.25482,29.76281,24.78709
1787197377,27.81987,76.30122,295,0,,,,29.05162,29.59348,24.99009
1787197377,27.74777,76.22186,295,0,,,,29.08549,29.66121,24.95622
1787197378,27.84657,76.14099,295,0,,,,29.15322,29.69508,24.88849
1787197379,27.90532,76.26002,296,0,,,,29.15322,29.86441,24.92235
1787197379,27.83322,76.29511,295,0,,,,29.18709,29.72895,24.99009
1787197380,27.67567,76.31953,295,0,,,,29.05162,29.76281,24.99009
1787197381,27.80651,76.32868,295,0,,,,29.11935,29.72895,24.82096
1787197381,27.81987,76.24017,295,0,,,,29.01776,29.59348,24.85462
1787197382,27.77714,76.26002,295,0,,,,29.25482,29.55962,24.99009
1787197383,27.76379,76.36988,295,0,,,,29.11935,29.66121,24.85462
1787197383,27.79049,76.54383,295,0,,,,29.05162,29.89848,24.99009
1787197384,27.83322,76.47059,295,0,,,,29.11935,29.83055,24.92235
1787197385,27.84657,76.62165,295,0,,,,29.11935,29.72895,25.09148
1787197385,27.77714,76.63386,295,0,,,,29.11935,29.69508,25.02375
1787197386,27.86259,76.68574,296,0,,,,29.15322,29.76281,24.99009
1787197387,27.77714,76.68574,295,0,,,,29.11935,29.72895,24.99009
1787197387,27.84657,76.61097,296,0,,,,29.15322,29.69508,24.99009
1787197388,27.8893,76.66132,295,0,,,,29.22095,29.79668,24.88849
1787197389,27.83322,76.65827,295,0,,,,29.08549,29.86441,25.02375
1787197389,27.83322,76.57587,295,0,,,,29.05162,29.69508,24.95622
1787197390,27.83322,76.54383,295,0,,,,29.11935,29.69508,25.02375
1787197391,27.84657,76.55756,295,0,,,,29.11935,29.69508,24.95622
1787197391,27.80651,76.43397,295,0,,,,29.15322,29.96601,24.92235
1787197392,27.80651,76.40192,295,0,,,,29.08549,29.55962,24.85462
1787197393,27.86259,76.47822,295,0,,,,29.15322,29.83055,25.02375
1787197393,27.84657,76.25544,295,0,,,,29.05162,29.76281,24.99009
1787197394,27.74777,76.43244,295,0,,,,29.08549,29.72895,24.88849
1787197395,27.74777,76.4828,296,0,,,,29.05162,29.59348,24.92235
1787197395,27.80651,76.54841,295,0,,,,29.05162,29.83055,25.02375
1787197396,27.87594,76.64759,295,0,,,,29.11935,29.72895,25.09148
1787197397,27.83322,76.80324,295,0,,,,29.05162,29.76281,24.92235
1787197397,27.79049,76.65827,296,0,,,,29.05162,29.79668,25.05762
1787197398,27.83322,76.62623,295,0,,,,29.15322,29.76281,24.99009
1787197399,27.87594,76.78493,295,0,,,,29.15322,29.76281,24.99009
1787197399,27.77714,76.72999,295,0,,,,29.18709,29.83055,24.88849
1787197400,27.80651,76.66285,295,0,,,,29.18709,29.83055,24.88849
1787197401,27.87594,76.72083,295,0,,,,29.08549,29.72895,24.68549
1787197401,27.84657,76.59876,295,0,,,,29.11935,29.72895,25.05762
1787197402,27.7184,76.46449,295,0,,,,29.08549,29.76281,24.92235
1787197402,27.86259,76.59266,295,0,,,,29.11935,29.83055,24.88849
1787197403,27.81987,76.5301,295,0,,,,28.98389,29.69508,24.95622
1787197404,27.81987,76.41566,295,0,,,,29.18709,29.79668,25.05762
1787197404,27.73175,76.32258,295,0,,,,29.05162,29.83055,25.02375
1787197405,27.76379,76.44617,295,0,,,,29.18709,29.86441,24.95622
1787197406,27.77714,76.41566,296,0,,,,29.11935,29.83055,24.95622
1787197406,27.77714,76.41566,296,0,,,,29.08549,29.72895,24.92235
1787197407,27.77714,76.43702,295,0,,,,29.08549,29.83055,24.99009
1787197408,27.68902,76.35462,295,0,,,,29.18709,29.79668,24.92235
1787197408,27.84657,76.44312,295,0,,,,29.15322,29.66121,24.95622
1787197409,27.81987,76.45686,295,0,,,,29.11935,29.76281,24.92235
1787197410,27.76379,76.39277,295,0,,,,29.11935,29.86441,24.99009
1787197410,27.81987,76.51026,295,0,,,,29.08549,29.66121,24.88849
1787197411,27.79049,76.45075,295,0,,,,29.15322,29.72895,24.85462
1787197412,27.70504,76.38819,295,0,,,,29.08549,29.79668,24.99009
1787197412,27.80651,76.46449,295,0,,,,29.15322,29.62735,24.99009
1787197413,27.73175,76.6125,295,0,,,,29.11935,29.76281,24.92235
1787197414,27.77714,76.42786,295,0,,,,29.11935,29.69508,24.99009
1787197414,27.81987,76.46601,295,0,,,,29.15322,29.76281,24.92235
1787197415,27.91867,76.49195,295,0,,,,29.15322,29.89848,24.78709
1787197416,27.74777,76.55604,296,0,,,,29.18709,29.76281,24.95622
1787197416,27.80651,76.46449,296,0,,,,29.11935,29.72895,24.92235
1787197417,27.81987,76.51026,296,0,,,,29.15322,29.76281,25.02375
1787197418,27.81987,76.4889,295,0,,,,29.11935,29.69508,24.99009
1787197418,27.80651,76.42329,295,0,,,,29.08549,29.62735,25.05762
1787197419,27.81987,76.51026,295,0,,,,29.08549,29.62735,24.92235
1787197420,27.67567,76.40192,295,0,,,,29.18709,29.76281,25.09148
1787197420,27.81987,76.51942,295,0,,,,29.11935,29.79668,24.99009
1787197421,27.83322,76.50263,295,0,,,,29.01776,29.76281,24.95622
1787197422,27.79049,76.37751,295,0,,,,29.08549,29.72895,24.88849
1787197422,27.77714,76.45686,295,0,,,,29.15322,29.83055,24.92235
1787197423,27.73175,76.52094,295,0,,,,29.11935,29.83055,24.78709
1787197424,27.7184,76.64301,295,0,,,,29.08549,29.72895,24.99009
1787197424,27.80651,76.80782,295,0,,,,29.01776,29.93214,24.95622
1787197425,27.77714,76.86427,295,0,,,,29.08549,29.83055,24.99009
1787197426,27.74777,76.9192,295,0,,,,29.15322,29.79668,24.92235
1787197426,27.90532,77.05196,296,0,,,,29.11935,29.69508,24.88849
1787197427,27.7184,76.9543,296,0,,,,28.98389,29.86441,24.85462
1787197428,27.79049,76.86732,295,0,,,,29.08549,29.83055,24.99009
1787197428,27.79049,76.94972,295,0,,,,29.18709,29.76281,25.02375
1787197429,27.79049,76.86732,295,0,,,,29.15322,29.59348,24.88849
1787197430,27.81987,76.69794,295,0,,,,29.15322,29.83055,25.12535
1787197430,27.79049,76.78188,295,0,,,,29.15322,29.79668,24.99009
1787197431,27.80651,76.65217,295,0,,,,29.11935,29.89848,25.02375
1787197432,27.74777,76.69032,295,0,,,,29.08549,29.69508,25.02375
1787197432,27.68902,76.60334,295,0,,,,29.08549,29.83055,24.99009
1787197433,27.81987,76.55146,295,0,,,,29.11935,29.76281,25.02375
1787197434,27.70504,76.71168,295,0,,,,29.11935,29.76281,25.05762
1787197434,27.83322,76.59724,295,0,,,,29.01776,29.72895,24.82096
1787197435,27.80651,76.56977,295,0,,,,29.08549,29.76281,24.82096
1787197436,27.80651,76.58961,296,0,,,,29.11935,29.83055,25.05762
1787197436,27.68902,76.49805,296,0,,,,29.15322,29.79668,24.99009
1787197437,27.80651,76.47517,296,0,,,,29.11935,29.62735,24.99009
1787197438,27.83322,76.50263,295,0,,,,29.11935,29.72895,24.99009
1787197438,27.79049,76.42939,295,0,,,,29.22095,29.59348,24.99009
1787197439,27.79049,76.47059,295,0,,,,29.08549,29.69508,25.05762
1787197440,27.81987,76.45686,295,0,,,,29.15322,29.72895,24.78709
1787197440,27.77714,76.47822,295,0,,,,29.15322,29.72895,25.02375
1787197441,27.80651,76.45533,295,0,,,,29.18709,29.72895,24.99009
1787197442,27.74777,76.52399,295,0,,,,29.11935,29.72895,24.99009
1787197442,27.77714,76.72999,295,0,,,,29.08549,29.79668,24.92235
1787197443,27.8893,77.29763,295,0,,,,29.11935,29.83055,25.02375
1787197444,27.84657,77.57839,295,0,,,,29.08549,29.76281,25.05762
1787197444,27.76379,77.69283,295,0,,,,29.08549,29.59348,25.02375
1787197445,27.8893,77.86069,295,0,,,,29.05162,29.72895,24.95622
1787197446,27.84657,77.80728,295,0,,,,29.08549,29.89848,24.95622
1787197446,27.7184,77.64248,296,0,,,,29.11935,29.79668,25.05762
1787197447,27.81987,77.56008,296,0,,,,29.11935,29.76281,24.92235
1787197447,27.79049,77.40749,295,0,,,,29.08549,29.76281,24.92235
1787197448,27.7184,77.32052,295,0,,,,29.18709,29.72895,25.09148
1787197449,27.80651,77.21523,295,0,,,,29.18709,29.59348,24.92235
1787197449,27.83322,77.14809,295,0,,,,29.15322,29.76281,24.92235
1787197450,27.79049,77.09621,295,0,,,,29.08549,29.79668,24.82096
1787197451,27.83322,77.18013,295,0,,,,29.08549,29.89848,24.92235
1787197451,27.77714,77.2198,295,0,,,,29.08549,29.62735,24.82096
1787197452,27.80651,77.22591,295,0,,,,29.11935,29.86441,24.88849
1787197453,27.79049,77.20149,295,0,,,,29.11935,29.59348,24.95622
1787197453,27.80651,77.05959,295,0,,,,29.25482,29.86441,24.95622
1787197454,27.73175,77.03212,295,0,,,,29.08549,29.76281,24.92235
1787197455,27.79049,76.81392,296,0,,,,29.08549,29.66121,25.09148
1787197455,27.81987,76.80019,295,0,,,,29.01776,29.72895,24.85462
1787197456,27.68902,76.81239,296,0,,,,29.11935,29.69508,24.88849
1787197457,27.76379,76.79866,295,0,,,,29.01776,29.93214,25.05762
1787197457,27.84657,76.69337,295,0,,,,29.08549,29.72895,25.05762
1787197458,27.79049,76.71168,295,0,,,,29.08549,29.69508,24.99009
1787197459,27.80651,76.73609,295,0,,,,29.05162,29.79668,24.82096
1787197459,27.7184,76.59876,295,0,,,,29.11935,29.83055,24.95622
1787197460,27.79049,76.55604,295,0,,,,29.08549,29.79668,25.02375
1787197461,27.83322,76.54383,295,0,,,,29.05162,29.59348,24.92235
1787197461,27.76379,76.63996,295,0,,,,29.08549,29.76281,25.02375
1787197462,27.86259,76.5301,295,0,,,,29.11935,29.69508,24.88849
1787197463,27.7184,76.54841,295,0,,,,29.08549,29.62735,24.78709
1787197463,27.81987,76.56214,295,0,,,,29.11935,29.62735,24.92235
1787197464,27.81987,76.5835,295,0,,,,29.11935,29.76281,25.02375
1787197465,27.76379,76.51637,296,0,,,,29.01776,29.76281,24.95622
1787197465,27.80651,76.50568,295,0,,,,29.08549,29.89848,24.92235
1787197466,27.79049,76.47059,296,0,,,,29.11935,29.86441,24.95622
1787197467,27.90532,76.69794,295,0,,,,29.08549,29.86441,25.02375
1787197467,27.76379,76.46449,295,0,,,,29.08549,29.86441,24.92235
1787197468,27.77714,76.51026,295,0,,,,29.11935,29.76281,24.88849
1787197469,27.83322,76.56519,295,0,,,,29.11935,29.96601,24.78709
1787197469,27.7184,76.36073,295,0,,,,29.22095,29.72895,24.99009
1787197470,27.73175,76.51026,295,0,,,,29.18709,29.59348,24.99009
1787197471,27.73175,76.42786,295,0,,,,29.05162,29.66121,25.09148
1787197471,27.83322,76.38819,295,0,,,,29.11935,29.76281,24.99009
1787197472,27.80651,76.32868,295,0,,,,29.15322,29.72895,25.09148
1787197473,27.79049,76.47974,295,0,,,,28.98389,29.93214,25.12535
1787197473,27.86259,76.37446,295,0,,,,29.08549,29.59348,24.88849
1787197474,27.81987,76.35157,295,0,,,,29.05162,29.76281,25.05762
1787197475,27.77714,76.22797,296,0,,,,29.01776,29.72895,24.95622
1787197475,27.70504,76.32716,295,0,,,,29.18709,29.93214,24.78709
1787197476,27.79049,76.3241,296,0,,,,29.11935,29.79668,24.78709
1787197477,27.7184,76.26765,295,0,,,,29.11935,29.76281,25.02375
1787197477,27.86259,76.38361,295,0,,,,29.11935,29.69508,24.95622
1787197478,27.79049,76.26307,295,0,,,,29.11935,29.86441,24.95622
1787197479,27.79049,76.2417,295,0,,,,29.11935,29.83055,25.05762
1787197479,27.83322,76.27375,295,0,,,,29.08549,29.83055,25.02375
1787197480,27.77714,76.13641,295,0,,,,29.15322,29.76281,25.12535
1787197481,27.80651,76.27833,295,0,,,,29.11935,29.76281,25.05762
1787197481,27.90532,76.32258,295,0,,,,29.08549,29.76281,24.92235
1787197482,27.77714,76.17609,295,0,,,,29.15322,29.72895,24.71936
1787197483,27.83322,76.27375,295,0,,,,29.05162,29.76281,25.05762
1787197483,27.80651,76.17303,295,0,,,,29.05162,29.76281,24.99009
1787197484,27.83322,76.31342,295,0,,,,29.08549,29.79668,24.85462
1787197485,27.83322,76.10742,296,0,,,,29.11935,29.66121,24.75323
1787197485,27.79049,76.33631,296,0,,,,29.15322,29.76281,24.85462
1787197486,27.80651,76.50568,297,0,,,,29.08549,29.72895,24.88849
1787197487,27.76379,76.61097,295,0,,,,29.15322,29.79668,24.78709
1787197487,27.77714,76.76814,296,0,,,,29.05162,29.66121,24.99009
1787197488,27.76379,76.80782,295,0,,,,29.05162,29.69508,24.88849
1787197489,27.83322,76.81392,295,0,,,,29.18709,29.76281,24.95622
1787197489,27.86259,76.75899,295,0,,,,29.01776,29.52575,24.99009
1787197490,27.80651,76.65217,295,0,,,,29.15322,29.83055,25.05762
1787197490,27.73175,76.71778,295,0,,,,29.11935,29.66121,24.82096
1787197491,27.83322,76.69947,295,0,,,,29.05162,29.83055,24.75323
1787197492,27.87594,76.72083,295,0,,,,29.08549,29.59348,24.88849
1787197492,27.70504,76.68116,295,0,,,,29.11935,29.62735,24.92235
1787197493,27.84657,76.74525,295,0,,,,29.11935,29.72895,25.02375
1787197494,27.80651,76.69337,295,0,,,,29.05162,29.66121,24.92235
1787197494,27.83322,76.58503,295,0,,,,29.08549,29.83055,25.02375
1787197495,27.68902,76.60334,295,0,,,,29.08549,29.69508,25.02375
1787197496,27.90532,76.60334,296,0,,,,29.11935,29.69508,24.99009
1787197496,27.83322,76.60792,297,0,,,,29.18709,29.83055,25.05762
1787197497,27.79049,76.60792,295,0,,,,29.15322,29.69508,25.05762
1787197498,27.84657,76.65217,295,0,,,,29.01776,29.72895,25.02375
1787197498,27.83322,76.52399,295,0,,,,29.11935,29.76281,24.95622
1787197499,27.80651,76.44312,295,0,,,,29.08549,29.55962,24.92235
1787197500,27.74777,76.54383,295,0,,,,29.11935,29.72895,25.02375
1787197500,27.73175,76.44617,295,0,,,,29.15322,29.72895,24.99009
1787197501,27.83322,76.49195,295,0,,,,29.18709,29.76281,25.09148
1787197502,27.77714,76.46601,295,0,,,,29.11935,29.86441,25.02375
1787197502,27.79049,76.45991,295,0,,,,29.11935,29.66121,25.09148
1787197503,27.76379,76.43397,295,0,,,,29.11935,29.62735,24.99009
1787197504,27.81987,76.4477,295,0,,,,29.15322,29.62735,25.12535
1787197504,27.77714,76.31037,295,0,,,,29.08549,29.83055,24.82096
1787197505,27.87594,76.35615,296,0,,,,29.15322,29.66121,24.92235
1787197506,27.74777,76.36835,296,0,,,,29.05162,29.62735,24.88849
1787197506,27.81987,76.41566,296,0,,,,29.11935,29.69508,24.99009
1787197507,27.84657,76.43244,296,0,,,,29.18709,29.66121,24.82096
1787197508,27.86259,76.31342,295,0,,,,28.98389,29.83055,24.92235
1787197508,27.73175,76.24933,295,0,,,,29.08549,29.69508,25.05762
1787197509,27.83322,76.34547,295,0,,,,29.08549,29.79668,25.05762
1787197510,27.74777,76.29511,295,0,,,,29.11935,29.83055,24.78709
1787197510,27.68902,76.35462,295,0,,,,29.11935,29.89848,24.85462
1787197511,27.86259,76.35157,295,0,,,,29.15322,29.69508,25.09148
1787197512,27.77714,76.21881,295,0,,,,29.08549,29.62735,25.09148
1787197512,27.8893,76.22339,295,0,,,,29.11935,29.76281,25.05762
1787197513,27.80651,76.16235,295,0,,,,29.11935,29.76281,25.02375
1787197514,27.81987,76.20813,295,0,,,,29.15322,29.89848,24.85462
1787197514,27.83322,76.3241,295,0,,,,29.11935,29.72895,24.95622
1787197515,27.83322,76.30579,296,0,,,,29.18709,29.79668,24.88849
1787197516,27.73175,76.21881,295,0,,,,29.15322,29.72895,25.02375
1787197516,27.87594,76.37751,295,0,,,,29.22095,29.79668,24.85462
1787197517,27.91867,76.38667,295,0,,,,29.08549,29.72895,24.99009
1787197518,27.74777,76.51484,295,0,,,,28.98389,29.83055,24.99009
1787197518,27.81987,76.75899,295,0,,,,29.11935,29.62735,25.02375
1787197519,27.83322,76.62623,295,0,,,,29.08549,29.86441,25.12535
1787197520,27.73175,76.55146,295,0,,,,29.08549,29.59348,24.99009
1787197520,27.84657,76.66132,295,0,,,,29.08549,29.76281,24.88849
1787197521,27.83322,76.58503,295,0,,,,29.15322,29.72895,24.92235
1787197522,27.74777,76.50263,295,0,,,,29.01776,29.72895,24.92235
1787197522,27.83322,76.59724,295,0,,,,28.95002,29.83055,25.02375
1787197523,27.80651,76.53773,295,0,,,,29.11935,29.76281,24.92235
1787197524,27.86259,76.69794,295,0,,,,29.18709,29.86441,24.95622
1787197524,27.67567,76.46449,295,0,,,,29.11935,29.72895,24.88849
1787197525,27.81987,76.5301,296,0,,,,29.08549,29.59348,25.09148
1787197526,27.86259,76.42786,295,0,,,,29.01776,29.76281,25.05762
1787197526,27.84657,76.45533,296,0,,,,29.08549,29.66121,24.95622
1787197527,27.79049,76.37751,295,0,,,,29.11935,29.76281,24.99009
1787197528,27.93202,76.48432,295,0,,,,29.08549,29.83055,25.02375
1787197528,27.79049,76.40955,295,0,,,,29.01776,29.79668,24.92235
1787197529,27.76379,76.29664,295,0,,,,29.08549,29.69508,24.95622
1787197530,27.87594,76.40955,295,0,,,,29.08549,29.76281,24.95622
1787197530,27.86259,76.32258,295,0,,,,29.11935,29.66121,24.92235
1787197531,27.8893,76.30885,295,0,,,,29.01776,29.62735,24.99009
1787197532,27.77714,76.41566,295,0,,,,29.01776,29.69508,24.99009
1787197532,27.84657,76.28748,295,0,,,,29.08549,29.72895,24.95622
1787197533,27.70504,76.2646,295,0,,,,29.11935,29.72895,25.02375
1787197534,27.81987,76.26002,295,0,,,,29.15322,29.66121,24.82096
1787197534,27.80651,76.29969,295,0,,,,29.08549,29.69508,24.82096
1787197535,27.81987,76.32258,296,0,,,,29.08549,29.62735,24.99009
1787197536,27.77714,76.32258,295,0,,,,29.01776,29.72895,24.99009
1787197536,27.87594,76.51179,295,0,,,,29.08549,29.79668,24.88849
1787197537,27.86259,76.24933,296,0,,,,29.15322,29.72895,25.02375
1787197537,27.70504,76.29511,295,0,,,,29.05162,29.96601,24.95622
1787197538,27.80651,76.28748,295,0,,,,29.05162,29.76281,24.92235
1787197539,27.84657,76.26765,295,0,,,,29.08549,29.72895,24.92235
1787197539,27.90532,76.21729,295,0,,,,29.11935,29.93214,24.92235
1787197540,27.80651,76.28748,295,0,,,,29.11935,29.69508,25.09148
1787197541,27.86259,76.22797,295,0,,,,29.15322,29.59348,24.92235
1787197541,27.81987,76.28138,295,0,,,,29.08549,29.79668,24.92235
1787197542,27.86259,76.22797,295,0,,,,29.08549,29.69508,24.95622
1787197543,27.79049,76.13947,295,0,,,,29.08549,29.66121,24.78709
1787197543,27.87594,76.29511,295,0,,,,29.11935,29.69508,25.02375
1787197544,27.79049,76.35615,295,0,,,,29.11935,29.86441,25.05762
1787197545,27.80651,76.28748,295,0,,,,29.15322,29.66121,24.99009
1787197545,27.80651,76.39124,295,0,,,,29.08549,29.72895,25.09148
1787197546,27.84657,76.57893,295,0,,,,29.08549,29.69508,24.92235
1787197547,27.83322,76.79408,296,0,,,,29.08549,29.79668,24.88849
1787197547,27.86259,76.83223,295,0,,,,29.05162,29.62735,24.82096
1787197548,27.76379,76.88258,295,0,,,,29.15322,29.83055,24.95622
1787197549,27.84657,76.79561,295,0,,,,29.11935,29.86441,25.05762
1787197549,27.84657,76.70405,295,0,,,,29.08549,29.69508,25.02375
1787197550,27.8893,76.82765,295,0,,,,29.11935,29.79668,25.09148
1787197551,27.80651,76.672,295,0,,,,29.15322,29.72895,25.02375
1787197551,27.8893,76.54688,295,0,,,,29.01776,29.79668,24.99009
1787197552,27.77714,76.60334,295,0,,,,29.18709,29.59348,24.85462
1787197553,27.64897,76.57435,295,0,,,,29.18709,29.55962,24.95622
1787197553,27.83322,76.56519,295,0,,,,29.22095,29.76281,24.99009
1787197554,27.74777,76.57587,295,0,,,,29.11935,29.76281,24.71936
1787197555,27.86259,76.51942,296,0,,,,29.11935,29.83055,25.05762
1787197555,27.79049,76.27375,296,0,,,,29.15322,29.76281,24.99009
1787197556,27.81987,76.45686,296,0,,,,29.11935,29.76281,24.95622
1787197557,27.81987,76.31037,296,0,,,,29.15322,29.83055,24.92235
1787197557,27.83322,76.27375,296,0,,,,29.18709,29.69508,24.88849
1787197558,27.87594,76.31495,295,0,,,,29.15322,29.79668,24.85462
1787197559,27.79049,76.20966,295,0,,,,29.08549,29.69508,25.02375
1787197559,27.83322,76.33631,295,0,,,,29.15322,29.89848,24.92235
1787197560,27.80651,76.18219,295,0,,,,29.05162,29.76281,24.85462
1787197561,27.83322,76.3241,295,0,,,,29.08549,29.76281,25.09148
1787197561,27.79049,76.18982,295,0,,,,29.08549,29.72895,25.05762
1787197562,27.84657,76.12115,295,0,,,,29.01776,29.79668,24.88849
1787197563,27.79049,76.37751,295,0,,,,29.08549,29.66121,24.92235
1787197563,27.81987,76.32258,295,0,,,,29.08549,29.72895,25.12535
1787197564,27.79049,76.25391,295,0,,,,29.05162,29.66121,24.92235
1787197565,27.87594,76.4416,295,0,,,,29.15322,29.76281,25.09148
1787197565,27.80651,76.35004,295,0,,,,29.05162,29.66121,24.88849
1787197566,27.84657,76.35004,295,0,,,,29.08549,29.59348,24.85462
1787197567,27.81987,76.29206,296,0,,,,29.05162,29.72895,25.09148
1787197567,27.84657,76.35004,295,0,,,,29.11935,29.76281,24.95622
1787197568,27.80651,76.27833,295,0,,,,29.18709,29.76281,25.05762
1787197569,27.76379,76.25849,295,0,,,,29.08549,29.83055,24.75323
1787197569,27.79049,76.3241,295,0,,,,29.15322,29.49188,24.99009
1787197570,27.81987,76.26002,295,0,,,,29.01776,29.66121,24.85462
1787197571,27.90532,76.28138,295,0,,,,29.15322,29.62735,24.88849
1787197571,27.77714,76.14404,295,0,,,,29.11935,29.76281,25.02375
1787197572,27.84657,76.2356,295,0,,,,29.05162,29.76281,25.09148
1787197573,27.80651,76.33784,295,0,,,,29.05162,29.66121,24.95622
1787197573,27.8893,76.33784,295,0,,,,29.08549,29.69508,24.95622
1787197574,27.77714,76.22797,295,0,,,,29.05162,29.83055,25.02375
1787197575,27.84657,76.20355,295,0,,,,29.15322,29.79668,24.99009
1787197575,27.80651,76.24628,295,0,,,,29.15322,29.69508,24.95622
1787197576,27.7184,76.1532,296,0,,,,29.08549,29.69508,25.05762
1787197577,27.84657,76.33784,296,0,,,,29.15322,29.66121,24.99009
1787197577,27.76379,76.09064,295,0,,,,29.08549,29.66121,24.88849
1787197578,27.79049,76.1181,295,0,,,,29.15322,29.72895,24.99009
1787197579,27.70504,76.23254,295,0,,,,29.11935,29.72895,24.92235
1787197579,27.81987,76.22797,295,0,,,,29.08549,29.62735,25.02375
1787197580,27.81987,76.24933,295,0,,,,29.18709,29.76281,25.02375
1787197580,27.87594,76.2417,295,0,,,,29.11935,29.66121,24.92235
1787197581,27.76379,76.21423,295,0,,,,29.15322,29.93214,24.95622
1787197582,27.90532,76.26917,295,0,,,,29.18709,29.79668,24.82096
1787197582,27.80651,76.50568,295,0,,,,29.15322,29.86441,24.85462
1787197583,27.79049,76.31495,295,0,,,,29.18709,29.72895,25.02375
1787197584,27.79049,76.49195,295,0,,,,29.08549,29.86441,25.05762
1787197584,27.76379,76.70405,295,0,,,,29.11935,29.72895,24.85462
1787197585,27.77714,76.69794,295,0,,,,29.08549,29.83055,24.88849
1787197586,27.80651,76.58961,296,0,,,,29.08549,29.83055,24.92235
1787197586,27.87594,76.66743,296,0,,,,29.01776,29.79668,24.88849
1787197587,27.81987,76.63386,295,0,,,,29.15322,29.79668,24.92235
1787197588,27.81987,76.78035,295,0,,,,29.11935,29.72895,24.95622
1787197588,27.81987,76.95583,295,0,,,,29.08549,29.76281,24.99009
1787197589,27.83322,77.15724,295,0,,,,29.11935,29.76281,25.09148
1787197590,27.81987,77.34341,295,0,,,,28.91616,29.69508,25.02375
1787197590,27.8893,77.35867,295,0,,,,29.22095,29.76281,25.09148
1787197591,27.79049,77.29305,295,0,,,,29.11935,29.72895,24.92235
1787197592,27.7184,77.22438,295,0,,,,29.05162,29.66121,24.85462
1787197592,27.70504,77.25185,295,0,,,,29.11935,29.69508,24.78709
1787197593,27.76379,77.06874,295,0,,,,29.05162,29.89848,25.12535
1787197594,27.86259,76.96803,295,0,,,,29.18709,29.59348,25.05762
1787197594,27.80651,76.85054,295,0,,,,29.11935,29.79668,24.92235
1787197595,27.79049,76.79408,295,0,,,,29.11935,29.69508,24.99009
1787197596,27.79049,76.82613,296,0,,,,29.11935,29.76281,25.02375
1787197596,27.77714,76.6659,296,0,,,,29.08549,29.59348,25.12535
1787197597,27.81987,76.64454,296,0,,,,29.22095,29.72895,24.88849
1787197598,27.81987,76.5713,295,0,,,,29.11935,29.66121,24.95622
1787197598,27.84657,76.62928,295,0,,,,29.11935,29.76281,24.88849
1787197599,27.91867,76.52399,295,0,,,,29.11935,29.72895,25.05762
1787197600,27.74777,76.4416,295,0,,,,29.18709,29.76281,25.02375
1787197600,27.83322,76.51179,295,0,,,,29.18709,29.79668,24.95622
1787197601,27.80651,76.42329,295,0,,,,29.15322,29.83055,24.88849
1787197602,27.79049,76.57587,295,0,,,,29.08549,29.76281,25.02375
1787197602,27.87594,76.64759,295,0,,,,29.15322,29.72895,24.99009
1787197603,27.80651,76.66285,295,0,,,,29.08549,29.72895,25.19288
1787197604,27.84657,76.76662,295,0,,,,29.05162,29.69508,24.82096
1787197604,27.86259,76.81239,295,0,,,,29.11935,29.66121,25.02375
1787197605,27.79049,76.91005,296,0,,,,29.15322,29.79668,24.99009
1787197606,27.80651,76.93294,295,0,,,,29.08549,29.66121,24.99009
1787197606,27.81987,76.86427,296,0,,,,29.08549,29.66121,25.09148
1787197607,27.83322,76.83528,295,0,,,,29.11935,29.62735,25.09148
1787197608,27.79049,76.77272,295,0,,,,29.08549,29.72895,25.09148
1787197608,27.87594,76.84596,295,0,,,,29.05162,29.76281,25.15922
1787197609,27.80651,76.8185,295,0,,,,29.08549,29.69508,24.85462
1787197610,27.80651,76.61097,295,0,,,,29.15322,29.69508,25.02375
1787197610,27.80651,76.51637,295,0,,,,29.08549,29.86441,24.92235
1787197611,27.83322,76.60792,295,0,,,,29.11935,29.72895,24.82096
1787197612,27.79049,76.56519,295,0,,,,29.08549,29.79668,24.95622
1787197612,27.87594,76.63844,295,0,,,,29.11935,29.83055,24.92235
1787197613,27.80651,76.30885,295,0,,,,29.08549,29.83055,24.95622
1787197614,27.86259,76.43702,295,0,,,,29.11935,29.76281,24.92235
1787197614,27.86259,76.43702,295,0,,,,29.05162,29.86441,24.95622
1787197615,27.83322,76.35615,295,0,,,,29.05162,29.79668,24.85462
1787197616,27.87594,76.37751,295,0,,,,29.11935,29.69508,24.92235
1787197616,27.86259,76.41566,296,0,,,,29.11935,29.69508,25.09148
1787197617,27.86259,76.34241,295,0,,,,29.08549,29.83055,24.85462
1787197618,27.81987,76.26002,295,0,,,,29.08549,29.72895,25.12535
1787197618,27.81987,76.37446,295,0,,,,29.08549,29.76281,24.88849
1787197619,27.77714,76.37446,295,0,,,,29.01776,29.66121,24.75323
1787197620,27.80651,76.32868,295,0,,,,29.15322,29.59348,25.12535
1787197620,27.86259,76.33173,295,0,,,,29.08549,29.76281,24.88849
1787197621,27.84657,76.32716,295,0,,,,29.01776,29.86441,25.12535
1787197622,27.81987,76.26002,295,0,,,,29.05162,29.55962,25.02375
1787197622,27.79049,76.3241,295,0,,,,28.98389,29.62735,24.95622
1787197623,27.81987,76.24933,296,0,,,,29.05162,29.79668,24.95622
1787197623,27.77714,76.34241,295,0,,,,29.18709,29.79668,24.92235
1787197624,27.7184,76.32868,295,0,,,,29.08549,29.79668,25.05762
1787197625,27.91867,76.35615,296,0,,,,29.08549,29.79668,24.85462
1787197626,27.77714,76.33173,295,0,,,,29.05162,29.83055,24.85462
1787197626,27.87594,76.30427,295,0,,,,29.25482,29.59348,25.02375
1787197627,27.81987,76.28138,296,0,,,,29.11935,29.83055,25.09148
1787197627,27.79049,76.26307,295,0,,,,29.11935,29.66121,24.92235
1787197628,27.79049,76.30427,295,0,,,,29.01776,29.76281,24.95622
1787197629,27.86259,76.17609,295,0,,,,29.08549,29.69508,24.92235
1787197629,27.87594,76.30427,295,0,,,,29.11935,29.69508,25.02375
1787197630,27.86259,76.29206,295,0,,,,29.15322,29.72895,24.88849
1787197631,27.86259,76.24933,295,0,,,,29.08549,29.76281,25.02375
1787197631,27.74777,76.25391,295,0,,,,29.15322,29.62735,25.09148
1787197632,27.80651,76.1944,295,0,,,,29.15322,29.62735,25.02375
1787197633,27.80651,76.1944,295,0,,,,29.11935,29.76281,25.09148
1787197633,27.86259,76.24933,295,0,,,,29.08549,29.66121,25.15922
1787197634,27.76379,76.18219,295,0,,,,29.08549,29.86441,25.05762
1787197635,27.7184,76.112,296,0,,,,29.05162,29.86441,24.99009
1787197635,27.87594,76.17761,295,0,,,,28.91616,29.93214,25.02375
1787197636,27.8893,76.13031,295,0,,,,29.08549,29.79668,24.88849
1787197637,27.83322,76.17761,296,0,,,,29.01776,29.79668,24.99009
1787197637,27.87594,76.29511,295,0,,,,29.05162,29.72895,24.82096
1787197638,27.86259,76.45686,295,0,,,,29.05162,29.69508,24.85462
1787197639,27.80651,76.48432,295,0,,,,29.15322,29.69508,24.85462
1787197639,27.81987,76.4477,295,0,,,,29.05162,29.69508,24.85462
1787197640,27.83322,76.4416,295,0,,,,29.15322,29.86441,24.99009
1787197641,27.84657,76.39124,295,0,,,,28.95002,29.76281,24.99009
1787197641,27.86259,76.5713,295,0,,,,29.11935,29.76281,24.92235
1787197642,27.87594,76.45075,295,0,,,,29.11935,29.79668,24.85462
1787197643,27.8893,76.47517,295,0,,,,29.08549,29.76281,25.09148
1787197643,27.76379,76.318,295,0,,,,29.08549,29.72895,24.99009
1787197644,27.74777,76.30427,295,0,,,,29.11935,29.83055,24.95622
1787197645,27.83322,76.33631,296,0,,,,29.05162,29.66121,24.85462
1787197645,27.77714,76.35462,295,0,,,,29.11935,29.83055,24.99009
1787197646,27.80651,76.30885,296,0,,,,29.08549,29.86441,25.02375
1787197647,27.76379,76.26765,296,0,,,,29.15322,29.66121,25.05762
1787197647,27.83322,76.22186,295,0,,,,29.05162,29.79668,24.85462
1787197648,27.87594,76.23102,295,0,,,,29.05162,29.72895,24.92235
1787197649,27.81987,76.24017,295,0,,,,29.11935,29.79668,24.99009
1787197649,27.84657,76.17151,295,0,,,,29.08549,29.76281,25.02375
1787197650,27.8893,76.24475,295,0,,,,29.25482,29.86441,25.02375
1787197651,27.77714,76.41566,295,0,,,,28.95002,29.66121,24.78709
1787197651,27.77714,76.6125,295,0,,,,29.08549,29.59348,25.05762
1787197652,27.81987,76.84444,295,0,,,,29.08549,29.79668,25.05762
1787197653,27.9614,77.08705,295,0,,,,29.01776,29.66121,25.05762
1787197653,27.79049,77.09621,295,0,,,,29.11935,29.72895,24.88849
1787197654,27.86259,77.11147,295,0,,,,29.15322,29.66121,24.88849
1787197655,27.87594,76.98177,296,0,,,,29.08549,29.72895,24.88849
1787197655,27.84657,76.84901,296,0,,,,29.15322,29.72895,24.92235
1787197656,27.73175,76.95583,295,0,,,,29.11935,29.89848,25.02375
1787197657,27.80651,76.76814,296,0,,,,29.11935,29.86441,24.88849
1787197657,27.76379,76.79866,296,0,,,,29.22095,29.83055,24.88849
1787197658,27.80651,76.58045,295,0,,,,28.98389,29.79668,24.95622
1787197659,27.87594,76.55299,295,0,,,,29.11935,29.72895,24.99009
1787197659,27.83322,76.52399,295,0,,,,29.08549,29.69508,25.02375
1787197660,27.74777,76.45075,295,0,,,,29.01776,29.79668,24.92235
1787197661,27.81987,76.51942,295,0,,,,29.08549,29.79668,24.92235
1787197661,27.77714,76.59418,295,0,,,,29.18709,29.79668,24.99009
1787197662,27.77714,76.49805,295,0,,,,29.01776,29.59348,24.99009
1787197663,27.79049,76.67963,295,0,,,,29.08549,29.66121,25.02375
1787197663,27.83322,76.63844,295,0,,,,29.11935,29.79668,25.02375
1787197664,27.86259,76.68574,295,0,,,,29.01776,29.76281,25.05762
1787197665,27.80651,76.52857,295,0,,,,29.15322,29.83055,25.02375
1787197665,27.83322,76.63844,295,0,,,,28.95002,29.69508,24.95622
1787197666,27.84657,76.58961,295,0,,,,29.11935,29.89848,24.82096
1787197667,27.70504,76.43244,297,0,,,,29.11935,29.96601,24.92235
1787197667,27.87594,76.51179,296,0,,,,29.11935,29.86441,24.92235
1787197668,27.79049,76.56519,295,0,,,,29.05162,29.72895,24.95622
1787197668,27.84657,76.51637,295,0,,,,29.05162,29.72895,24.88849
1787197669,27.86259,76.43702,295,0,,,,29.08549,29.72895,25.12535
1787197670,27.77714,76.38361,295,0,,,,29.08549,29.69508,24.85462
1787197670,27.80651,76.50568,295,0,,,,29.11935,29.72895,24.85462
1787197671,27.76379,76.46449,295,0,,,,29.08549,29.76281,24.99009
1787197672,27.74777,76.32716,295,0,,,,29.05162,29.76281,24.92235
1787197672,27.76379,76.38209,295,0,,,,29.08549,29.69508,24.95622
1787197673,27.87594,76.34547,295,0,,,,29.08549,29.72895,24.88849
1787197674,27.86259,76.40498,295,0,,,,28.98389,29.83055,24.99009
1787197674,27.91867,76.4828,295,0,,,,29.15322,29.69508,25.05762
1787197675,27.80651,76.33784,296,0,,,,29.05162,29.72895,25.05762
1787197676,27.80651,76.12115,296,0,,,,29.08549,29.72895,24.85462
1787197676,27.77714,76.24933,296,0,,,,29.15322,29.72895,24.88849
1787197677,27.81987,76.30122,295,0,,,,29.11935,29.79668,24.82096
1787197678,27.80651,76.2356,295,0,,,,29.11935,29.72895,25.05762
1787197678,27.80651,76.24628,295,0,,,,29.08549,29.69508,24.88849
1787197679,27.81987,76.35157,295,0,,,,29.11935,29.69508,24.88849
1787197680,27.91867,76.30427,295,0,,,,29.01776,29.93214,24.88849
1787197680,27.79049,76.34547,295,0,,,,29.15322,29.69508,24.92235
1787197681,27.79049,76.29511,295,0,,,,29.01776,29.79668,24.88849
1787197682,27.79049,76.27375,295,0,,,,29.15322,29.83055,24.95622
1787197682,27.79049,76.33631,295,0,,,,29.05162,29.66121,24.95622
1787197683,27.79049,76.2417,295,0,,,,29.05162,29.93214,24.95622
1787197684,27.81987,76.39582,295,0,,,,29.08549,29.66121,25.05762
1787197684,27.83322,76.45075,295,0,,,,29.11935,29.83055,24.82096
1787197685,27.74777,76.61707,296,0,,,,29.15322,29.72895,25.05762
1787197686,27.80651,76.79866,296,0,,,,29.15322,29.72895,25.02375
1787197686,27.77714,77.00923,295,0,,,,29.08549,29.66121,24.88849
1787197687,27.91867,77.1252,296,0,,,,28.98389,29.79668,24.95622
1787197688,27.80651,77.29763,295,0,,,,29.18709,29.72895,25.02375
1787197688,27.81987,77.19691,295,0,,,,29.01776,29.72895,24.85462
1787197689,27.77714,77.34341,295,0,,,,29.15322,29.66121,24.99009
1787197690,27.68902,77.20607,295,0,,,,29.18709,29.69508,24.85462
1787197690,27.77714,77.12367,295,0,,,,29.15322,29.79668,24.99009
1787197691,27.81987,77.05196,295,0,,,,29.05162,29.62735,24.78709
1787197692,27.77714,76.93599,295,0,,,,29.11935,29.76281,24.88849
1787197692,27.79049,76.89937,295,0,,,,29.08549,29.72895,24.88849
1787197693,27.84657,76.86885,295,0,,,,29.05162,29.66121,24.95622
1787197694,27.76379,76.75746,295,0,,,,29.11935,29.76281,24.88849
1787197694,27.81987,76.65369,295,0,,,,29.05162,29.49188,24.85462
1787197695,27.81987,76.61555,296,0,,,,29.08549,29.72895,24.99009
1787197696,27.84657,76.52552,295,0,,,,29.15322,29.83055,24.78709
1787197696,27.77714,76.5835,296,0,,,,29.01776,29.72895,24.88849
1787197697,27.84657,76.59876,295,0,,,,29.11935,29.83055,24.95622
1787197698,27.76379,76.73609,295,0,,,,29.08549,29.79668,25.09148
1787197698,27.84657,76.69337,295,0,,,,29.15322,29.93214,24.88849
1787197699,27.74777,76.80476,295,0,,,,29.05162,29.76281,25.05762
1787197700,27.8893,76.78645,295,0,,,,29.15322,29.83055,24.95622
1787197700,27.80651,76.83986,295,0,,,,28.98389,29.86441,24.85462
1787197701,27.86259,76.83223,295,0,,,,29.01776,29.83055,24.95622
1787197702,27.74777,76.83681,295,0,,,,29.05162,29.59348,25.09148
1787197702,27.73175,76.71778,295,0,,,,29.11935,29.66121,25.15922
1787197703,27.77714,76.70863,295,0,,,,29.11935,29.66121,24.95622
1787197704,27.81987,76.75899,295,0,,,,29.15322,29.66121,24.99009
1787197704,27.83322,76.67963,295,0,,,,29.05162,29.96601,24.99009
1787197705,27.91867,76.65827,296,0,,,,29.08549,29.66121,25.02375
1787197706,27.76379,76.66285,295,0,,,,29.11935,29.72895,24.92235
1787197706,27.79049,76.47059,295,0,,,,29.11935,29.72895,24.85462
1787197707,27.73175,76.51026,296,0,,,,29.22095,29.62735,25.02375
1787197708,27.80651,76.61097,295,0,,,,29.15322,29.83055,25.02375
1787197708,27.83322,76.49195,295,0,,,,29.15322,29.79668,24.85462
1787197709,27.87594,76.41871,295,0,,,,29.05162,29.69508,24.92235
1787197710,27.80651,76.39124,295,0,,,,29.08549,29.69508,25.05762
1787197710,27.81987,76.41566,295,0,,,,28.98389,29.76281,24.92235
1787197711,27.79049,76.4416,295,0,,,,29.15322,29.69508,24.88849
1787197711,27.73175,76.41566,295,0,,,,28.98389,29.72895,24.82096
1787197712,27.83322,76.33631,295,0,,,,29.11935,29.89848,24.92235
1787197713,27.79049,76.37751,295,0,,,,29.08549,29.66121,24.99009
1787197713,27.86259,76.36378,295,0,,,,29.01776,29.72895,24.95622
1787197714,27.67567,76.38209,295,0,,,,29.11935,29.69508,24.82096
1787197715,27.81987,76.26917,296,0,,,,29.08549,29.66121,25.05762
1787197715,27.80651,76.29969,295,0,,,,29.25482,29.93214,24.92235
1787197716,27.80651,76.29969,296,0,,,,29.08549,29.72895,24.88849
1787197717,27.77714,76.31037,295,0,,,,29.11935,29.69508,25.02375
1787197717,27.86259,76.36378,295,0,,,,29.11935,29.72895,24.78709
1787197718,27.83322,76.31342,295,0,,,,29.11935,29.72895,24.92235
1787197719,27.93202,76.48432,295,0,,,,29.11935,29.62735,24.95622
1787197719,27.74777,76.4416,296,0,,,,29.22095,29.66121,24.88849
1787197720,27.83322,76.37751,295,0,,,,29.15322,29.76281,24.92235
1787197721,27.79049,76.47059,295,0,,,,29.05162,29.76281,24.85462
1787197721,27.77714,76.41566,295,0,,,,29.15322,29.79668,24.95622
1787197722,27.7184,76.35004,295,0,,,,29.11935,29.86441,25.09148
1787197723,27.87594,76.46143,295,0,,,,29.08549,29.66121,25.12535
1787197723,27.81987,76.4889,295,0,,,,29.15322,29.72895,25.05762
1787197724,27.87594,76.3653,295,0,,,,29.01776,29.59348,24.88849
1787197725,27.80651,76.29969,296,0,,,,29.11935,29.83055,24.92235
1787197725,27.76379,76.34089,296,0,,,,29.15322,29.89848,24.95622
1787197726,27.77714,76.30122,295,0,,,,29.11935,29.79668,25.02375
1787197727,27.79049,76.39735,296,0,,,,29.08549,29.66121,24.95622
1787197727,27.79049,76.33631,295,0,,,,29.15322,29.76281,24.99009
1787197728,27.86259,76.40498,295,0,,,,29.05162,29.72895,25.09148
1787197729,27.74777,76.35615,296,0,,,,29.11935,29.72895,25.02375
1787197729,27.86259,76.22797,295,0,,,,29.11935,29.55962,25.09148
1787197730,27.80651,76.36073,295,0,,,,29.05162,29.89848,24.95622
1787197731,27.81987,76.20813,295,0,,,,29.11935,29.72895,24.88849
1787197731,27.81987,76.21729,295,0,,,,29.01776,29.55962,24.99009
1787197732,27.81987,76.29206,295,0,,,,29.11935,29.66121,24.92235
1787197733,27.73175,76.15472,295,0,,,,29.08549,29.76281,24.85462
1787197733,27.80651,76.20355,295,0,,,,29.08549,29.79668,24.92235
1787197734,27.74777,76.24475,295,0,,,,29.08549,29.76281,25.02375
1787197735,27.79049,76.28596,295,0,,,,29.11935,29.66121,24.85462
1787197735,27.83322,76.26307,295,0,,,,29.11935,29.76281,24.95622
1787197736,27.80651,76.25544,295,0,,,,29.15322,29.83055,24.82096
1787197737,27.80651,76.26765,296,0,,,,29.08549,29.72895,24.78709
1787197737,27.76379,76.22644,295,0,,,,29.08549,29.72895,24.95622
1787197738,27.77714,76.10437,295,0,,,,29.08549,29.59348,24.88849
1787197739,27.84657,76.30885,295,0,,,,29.15322,29.66121,24.92235
1787197739,27.76379,76.25849,295,0,,,,29.05162,29.69508,24.75323
1787197740,27.74777,76.32716,295,0,,,,28.91616,29.83055,25.05762
1787197741,27.76379,76.2356,295,0,,,,29.08549,29.83055,25.02375
1787197741,27.79049,76.23254,295,0,,,,29.18709,29.79668,24.95622
1787197742,27.83322,76.38819,295,0,,,,29.05162,29.69508,24.88849
1787197743,27.73175,76.22797,295,0,,,,29.15322,29.69508,24.95622
1787197743,27.83322,76.37751,295,0,,,,29.18709,29.66121,24.85462
1787197744,27.77714,76.28138,295,0,,,,29.22095,29.79668,24.88849
1787197745,27.79049,76.33631,296,0,,,,29.18709,29.59348,24.99009
1787197745,27.79049,76.28596,295,0,,,,29.11935,29.72895,25.05762
1787197746,27.7184,76.22644,296,0,,,,29.05162,29.83055,24.95622
1787197747,27.86259,76.32258,295,0,,,,29.08549,29.76281,24.99009
1787197747,27.80651,76.47517,296,0,,,,29.05162,29.66121,24.88849
1787197748,27.79049,76.37751,295,0,,,,29.08549,29.79668,24.99009
1787197749,27.74777,76.24475,295,0,,,,29.08549,29.59348,24.99009
1787197749,27.79049,76.2417,295,0,,,,29.01776,29.69508,25.02375
1787197750,27.77714,76.28138,295,0,,,,29.15322,29.66121,24.99009
1787197751,27.83322,76.29511,295,0,,,,29.05162,29.62735,24.82096
1787197751,27.84657,76.2768,295,0,,,,29.15322,29.62735,24.99009
1787197752,27.80651,76.1944,295,0,,,,29.11935,29.55962,24.92235
1787197753,27.7184,76.16235,295,0,,,,29.18709,29.59348,25.09148
1787197753,27.73175,76.20813,295,0,,,,28.98389,29.76281,24.95622
1787197754,27.86259,76.26917,295,0,,,,29.08549,29.76281,24.92235
1787197755,27.80651,76.24628,295,0,,,,29.05162,29.79668,25.02375
1787197755,27.76379,76.16235,295,0,,,,29.18709,29.69508,24.92235
1787197756,27.77714,76.17609,296,0,,,,29.05162,29.52575,24.92235
1787197756,27.77714,76.38361,297,0,,,,28.98389,29.69508,24.78709
1787197757,27.86259,76.37446,295,0,,,,29.05162,29.72895,25.05762
1787197758,27.84657,76.33784,295,0,,,,29.11935,29.79668,24.82096
1787197758,27.76379,76.39277,295,0,,,,29.05162,29.69508,24.95622
1787197759,27.74777,76.31495,295,0,,,,29.05162,29.79668,24.99009
1787197760,27.79049,76.35615,295,0,,,,29.18709,29.69508,25.02375
1787197760,27.81987,76.45686,295,0,,,,29.15322,29.79668,25.12535
1787197761,27.74777,76.63844,295,0,,,,29.01776,29.76281,24.95622
1787197762,27.81987,76.7071,295,0,,,,29.11935,29.79668,24.85462
1787197762,27.83322,76.93141,295,0,,,,29.05162,29.66121,25.05762
1787197763,27.81987,77.29,295,0,,,,29.05162,29.72895,25.09148
1787197764,27.79049,77.57381,295,0,,,,29.05162,29.69508,24.99009
1787197764,27.83322,77.86526,295,0,,,,29.05162,29.69508,24.99009
1787197765,27.80651,78.18265,295,0,,,,29.11935,29.79668,24.88849
1787197766,27.79049,78.32456,296,0,,,,29.01776,29.86441,24.92235
1787197766,27.74777,78.53361,295,0,,,,29.11935,29.83055,24.88849
1787197767,27.83322,78.64805,296,0,,,,29.05162,29.79668,25.02375
1787197768,27.77714,78.45731,295,0,,,,29.05162,29.83055,24.78709
1787197768,27.87594,78.28336,295,0,,,,29.15322,29.72895,24.85462
1787197769,27.79049,78.16739,295,0,,,,29.11935,29.72895,24.95622
1787197770,27.66232,77.85611,295,0,,,,29.08549,29.66121,25.02375
1787197770,27.83322,77.76151,295,0,,,,29.11935,29.86441,25.02375
1787197771,27.84657,77.72335,295,0,,,,29.05162,29.86441,25.05762
1787197772,27.84657,77.49599,296,0,,,,29.08549,29.76281,25.05762
1787197772,27.77714,77.40444,295,0,,,,29.05162,29.79668,24.95622
1787197773,27.81987,77.29,295,0,,,,29.01776,29.66121,24.82096
1787197774,27.86259,77.11147,295,0,,,,29.08549,29.79668,24.95622
1787197774,27.81987,77.09163,295,0,,,,29.08549,29.86441,25.02375
1787197775,27.80651,77.05959,295,0,,,,29.08549,29.76281,24.82096
1787197776,27.74777,76.97261,296,0,,,,29.11935,29.66121,24.99009
1787197776,27.73175,76.83223,295,0,,,,29.08549,29.76281,25.12535
1787197777,27.84657,76.82765,296,0,,,,29.01776,29.69508,24.99009
1787197778,27.76379,76.73609,295,0,,,,29.08549,29.76281,25.05762
1787197778,27.83322,76.77272,295,0,,,,29.15322,29.83055,25.02375
1787197779,27.79049,76.67048,295,0,,,,29.08549,29.69508,24.88849
1787197780,27.80651,76.66285,295,0,,,,29.08549,29.69508,24.88849
1787197780,27.77714,76.51026,295,0,,,,29.05162,29.79668,25.12535
1787197781,27.73175,76.59418,295,0,,,,28.98389,29.72895,25.05762
1787197782,27.73175,76.51026,295,0,,,,29.05162,29.72895,25.05762
1787197782,27.87594,76.54383,295,0,,,,29.11935,29.72895,24.92235
1787197783,27.86259,76.5713,295,0,,,,29.05162,29.72895,25.05762
1787197784,27.91867,76.52399,295,0,,,,29.11935,29.79668,25.05762
1787197784,27.7184,76.59876,295,0,,,,28.98389,29.72895,24.99009
1787197785,27.86259,76.37446,296,0,,,,29.01776,29.72895,24.99009
1787197786,27.80651,76.50568,296,0,,,,29.15322,29.76281,24.99009
1787197786,27.81987,76.4477,296,0,,,,28.98389,29.62735,24.99009
1787197787,27.83322,76.45075,297,0,,,,29.15322,29.69508,25.15922
1787197788,27.79049,76.45991,296,0,,,,29.08549,29.76281,24.95622
1787197788,27.81987,76.36378,295,0,,,,29.11935,29.66121,24.88849
1787197789,27.83322,76.39735,295,0,,,,29.05162,29.86441,24.95622
1787197790,27.80651,76.47517,295,0,,,,29.11935,29.66121,24.99009
1787197790,27.84657,76.45533,295,0,,,,29.05162,29.55962,24.92235
1787197791,27.79049,76.38819,295,0,,,,29.01776,29.69508,24.92235
1787197792,27.86259,76.45686,295,0,,,,28.95002,29.49188,24.88849
1787197792,27.84657,76.32716,295,0,,,,29.15322,29.69508,25.02375
1787197793,27.90532,76.36378,295,0,,,,29.05162,29.83055,24.88849
1787197794,27.86259,76.49805,295,0,,,,29.08549,29.69508,24.88849
1787197794,27.73175,76.4065,295,0,,,,29.05162,29.83055,24.92235
1787197795,27.74777,76.40955,295,0,,,,29.18709,29.66121,24.85462
1787197796,27.73175,76.30122,296,0,,,,29.08549,29.79668,24.85462
1787197796,27.86259,76.39582,295,0,,,,29.11935,29.62735,25.05762
1787197797,27.76379,76.30885,296,0,,,,29.08549,29.76281,24.92235
1787197798,27.7184,76.27833,295,0,,,,29.05162,29.86441,25.02375
1787197798,27.81987,76.34241,295,0,,,,29.08549,29.69508,24.99009
1787197799,27.76379,76.35004,295,0,,,,29.08549,29.69508,25.02375
1787197799,27.80651,76.28748,295,0,,,,29.11935,29.66121,25.02375
1787197800,27.84657,76.56977,295,0,,,,29.11935,29.69508,24.88849
1787197801,27.87594,76.38819,295,0,,,,29.18709,29.79668,24.92235
1787197801,27.80651,76.35004,295,0,,,,29.08549,29.76281,24.95622
1787197802,27.79049,76.42023,295,0,,,,29.11935,29.69508,24.92235
1787197803,27.90532,76.45686,295,0,,,,29.01776,29.72895,25.02375
1787197803,27.77714,76.41566,295,0,,,,29.01776,29.66121,24.92235
1787197804,27.81987,76.31037,295,0,,,,29.15322,29.72895,24.88849
1787197805,27.81987,76.39582,297,0,,,,29.15322,29.52575,24.85462
1787197805,27.73175,76.42786,295,0,,,,29.15322,29.62735,24.95622
1787197806,27.81987,76.34241,295,0,,,,29.05162,29.62735,25.02375
1787197807,27.68902,76.27222,295,0,,,,29.08549,29.62735,24.95622
1787197807,27.76379,76.39277,295,0,,,,29.15322,29.76281,24.75323
1787197808,27.76379,76.28748,295,0,,,,29.11935,29.66121,24.95622
1787197809,27.86259,76.39582,295,0,,,,29.01776,29.69508,24.88849
1787197809,27.80651,76.54841,295,0,,,,29.11935,29.62735,24.92235
1787197810,27.79049,76.63844,295,0,,,,29.05162,29.79668,25.05762
1787197811,27.84657,76.83986,295,0,,,,29.01776,29.59348,24.99009
1787197811,27.81987,76.59418,295,0,,,,29.11935,29.76281,25.05762
1787197812,27.84657,76.68116,295,0,,,,29.15322,29.69508,24.92235
1787197813,27.74777,76.49195,295,0,,,,29.05162,29.79668,25.02375
1787197813,27.77714,76.68574,295,0,,,,29.08549,29.76281,24.75323
1787197814,27.83322,76.58503,295,0,,,,29.05162,29.79668,25.05762
1787197815,27.86259,76.6659,296,0,,,,29.05162,29.79668,25.02375
1787197815,27.81987,76.5835,295,0,,,,29.05162,29.79668,24.92235
1787197816,27.77714,76.6125,295,0,,,,29.08549,29.72895,24.88849
1787197817,27.86259,76.56214,296,0,,,,29.05162,29.72895,24.92235
1787197817,27.74777,76.55604,295,0,,,,29.11935,29.69508,25.05762
1787197818,27.84657,76.69337,295,0,,,,29.05162,29.72895,24.99009
1787197819,27.86259,76.7071,296,0,,,,29.08549,29.72895,24.99009
1787197819,27.79049,76.69947,295,0,,,,29.11935,29.69508,24.82096
1787197820,27.86259,76.77119,295,0,,,,29.01776,29.79668,24.88849
1787197821,27.8893,76.92226,295,0,,,,29.08549,29.79668,24.88849
1787197821,27.86259,76.97719,295,0,,,,29.05162,29.72895,24.95622
1787197822,27.77714,77.05196,295,0,,,,29.11935,29.52575,24.88849
1787197823,27.81987,77.27016,295,0,,,,29.15322,29.69508,24.95622
1787197823,27.87594,77.3251,295,0,,,,29.08549,29.72895,24.92235
1787197824,27.86259,77.31136,295,0,,,,29.15322,29.72895,24.99009
1787197825,27.84657,77.39986,295,0,,,,29.11935,29.72895,24.92235
1787197825,27.83322,77.34493,295,0,,,,29.11935,29.69508,24.85462
1787197826,27.84657,77.20302,296,0,,,,29.05162,29.72895,24.75323
1787197827,27.81987,77.2198,295,0,,,,29.11935,29.96601,24.95622
1787197827,27.81987,77.14351,295,0,,,,29.15322,29.69508,24.95622
1787197828,27.90532,76.96803,295,0,,,,29.11935,29.79668,24.82096
1787197829,27.91867,77.11604,295,0,,,,29.11935,29.72895,24.88849
1787197829,27.7184,76.85054,295,0,,,,29.05162,29.52575,24.92235
1787197830,27.76379,76.8597,295,0,,,,29.08549,29.69508,24.85462
1787197831,27.81987,76.88564,295,0,,,,29.11935,29.86441,24.99009
1787197831,27.68902,76.92683,295,0,,,,29.11935,29.69508,25.02375
1787197832,27.86259,76.85359,295,0,,,,29.05162,29.55962,24.92235
1787197833,27.83322,76.75288,295,0,,,,29.08549,29.76281,24.99009
1787197833,27.84657,76.79561,295,0,,,,29.15322,29.72895,25.05762
1787197834,27.79049,76.72236,295,0,,,,29.01776,29.62735,24.88849
1787197835,27.70504,76.70252,296,0,,,,29.15322,29.83055,24.88849
1787197835,27.86259,76.72999,295,0,,,,29.08549,29.66121,24.85462
1787197836,27.76379,76.61097,296,0,,,,29.05162,29.86441,24.88849
1787197837,27.73175,76.44617,295,0,,,,29.08549,29.76281,24.95622
1787197837,27.7184,76.39277,296,0,,,,29.11935,29.83055,24.99009
1787197838,27.79049,76.42939,295,0,,,,29.05162,29.69508,24.85462
1787197839,27.73175,76.37446,295,0,,,,29.11935,29.69508,24.95622
1787197839,27.74777,76.45075,295,0,,,,29.15322,29.69508,24.92235
1787197840,27.81987,76.42786,295,0,,,,29.01776,29.66121,24.85462
1787197841,27.80651,76.42329,295,0,,,,29.01776,29.66121,24.95622
1787197841,27.86259,76.37446,295,0,,,,29.08549,29.55962,24.95622
1787197842,27.81987,76.5713,295,0,,,,29.05162,29.55962,24.95622
1787197843,27.84657,76.46449,295,0,,,,29.15322,29.86441,25.02375
1787197843,27.81987,76.36378,295,0,,,,29.05162,29.59348,25.02375
1787197844,27.80651,76.36988,295,0,,,,29.05162,29.79668,24.95622
1787197844,27.86259,76.47822,295,0,,,,29.15322,29.69508,25.12535
1787197845,27.86259,76.33173,295,0,,,,29.08549,29.76281,24.88849
1787197846,27.73175,76.29053,296,0,,,,29.01776,29.62735,24.88849
1787197846,27.84657,76.43244,297,0,,,,29.11935,29.59348,25.05762
1787197847,27.76379,76.49653,296,0,,,,29.11935,29.72895,24.95622
1787197848,27.7184,76.43397,295,0,,,,29.11935,29.72895,24.92235
1787197848,27.77714,76.43702,295,0,,,,29.01776,29.83055,24.88849
1787197849,27.83322,76.38819,295,0,,,,29.08549,29.66121,24.95622
1787197850,27.74777,76.40955,295,0,,,,29.01776,29.76281,24.85462
1787197850,27.86259,76.46906,295,0,,,,29.22095,29.72895,25.09148
1787197851,27.73175,76.34241,295,0,,,,29.08549,29.59348,24.95622
1787197852,27.80651,76.29969,295,0,,,,29.05162,29.79668,25.02375
1787197852,27.70504,76.34699,295,0,,,,29.05162,29.89848,24.95622
1787197853,27.80651,76.25544,295,0,,,,29.11935,29.66121,24.71936
1787197854,27.73175,76.37446,295,0,,,,29.11935,29.79668,24.99009
1787197854,27.77714,76.55146,295,0,,,,29.08549,29.72895,25.02375
1787197855,27.79049,76.54383,295,0,,,,29.08549,29.72895,24.88849
1787197856,27.80651,76.61097,296,0,,,,29.11935,29.79668,25.05762
1787197856,27.80651,77.05959,295,0,,,,29.11935,29.72895,25.09148
1787197857,27.79049,77.02296,296,0,,,,29.08549,29.72895,24.88849
1787197858,27.73175,77.2076,295,0,,,,29.15322,29.96601,25.09148
1787197858,27.76379,77.14198,295,0,,,,28.98389,29.83055,24.92235
1787197859,27.76379,77.15266,295,0,,,,29.05162,29.72895,25.02375
1787197860,27.74777,77.10689,295,0,,,,29.01776,29.72895,24.78709
1787197860,27.83322,77.05501,295,0,,,,29.05162,29.76281,25.09148
1787197861,27.73175,77.01991,295,0,,,,29.08549,29.83055,24.92235
1787197862,27.7184,76.96498,295,0,,,,29.08549,29.72895,25.09148
1787197862,27.90532,76.93752,295,0,,,,29.01776,29.55962,24.85462
1787197863,27.81987,76.81239,295,0,,,,29.01776,29.66121,24.95622
1787197864,27.77714,76.79103,295,0,,,,29.08549,29.93214,24.78709
1787197864,27.84657,76.63996,295,0,,,,29.01776,29.62735,24.95622
1787197865,27.81987,76.65369,295,0,,,,29.08549,29.86441,25.02375
1787197866,27.79049,76.55604,295,0,,,,29.08549,29.69508,25.02375
1787197866,27.80651,76.52857,296,0,,,,29.15322,29.86441,24.92235
1787197867,27.76379,76.48432,295,0,,,,29.15322,29.76281,24.92235
1787197868,27.76379,76.40192,295,0,,,,29.08549,29.89848,24.95622
1787197868,27.87594,76.61707,295,0,,,,29.11935,29.62735,24.82096
1787197869,27.86259,76.75899,295,0,,,,29.11935,29.72895,24.99009
1787197870,27.74777,76.91005,295,0,,,,29.08549,29.72895,25.09148
1787197870,27.79049,76.92836,295,0,,,,29.08549,29.79668,24.95622
1787197871,27.79049,77.02296,295,0,,,,29.08549,29.76281,24.99009
1787197872,27.84657,76.9543,295,0,,,,29.11935,29.72895,24.99009
1787197872,27.83322,76.86732,295,0,,,,29.05162,29.69508,24.95622
1787197873,27.87594,76.89937,295,0,,,,29.08549,29.72895,24.92235
1787197874,27.76379,76.76662,295,0,,,,29.08549,29.76281,24.75323
1787197874,27.81987,76.75899,295,0,,,,29.11935,29.83055,24.92235
1787197875,27.83322,76.73151,295,0,,,,29.11935,29.66121,24.99009
1787197876,27.77714,76.47822,296,0,,,,28.98389,29.72895,25.09148
1787197876,27.77714,76.55146,296,0,,,,29.08549,29.76281,24.92235
1787197877,27.79049,76.50263,295,0,,,,29.08549,29.76281,24.99009
1787197878,27.76379,76.52857,295,0,,,,29.15322,29.66121,24.85462
1787197878,27.81987,76.40498,295,0,,,,29.05162,29.76281,25.02375
1787197879,27.87594,76.39735,295,0,,,,29.11935,29.62735,24.85462
1787197880,27.86259,76.41566,295,0,,,,28.98389,29.59348,25.05762
1787197880,27.84657,76.3592,295,0,,,,29.05162,29.93214,24.92235
1787197881,27.77714,76.30122,295,0,,,,29.01776,29.69508,24.92235
1787197882,27.74777,76.30427,295,0,,,,29.22095,29.76281,24.95622
1787197882,27.83322,76.3653,295,0,,,,28.98389,29.83055,24.92235
1787197883,27.79049,76.4416,295,0,,,,29.15322,29.83055,24.82096
1787197884,27.81987,76.5713,295,0,,,,29.15322,29.76281,24.95622
1787197884,27.79049,76.60792,295,0,,,,29.11935,29.66121,24.85462
1787197885,27.80651,76.63081,295,0,,,,29.08549,29.55962,24.99009
1787197886,27.80651,76.63081,295,0,,,,29.11935,29.66121,25.02375
1787197886,27.77714,76.5713,296,0,,,,29.01776,29.83055,24.85462
1787197887,27.80651,76.63081,295,0,,,,29.08549,29.83055,25.05762
1787197887,27.79049,76.67048,295,0,,,,29.05162,29.72895,24.99009
1787197888,27.80651,76.58045,295,0,,,,29.11935,29.59348,24.95622
1787197889,27.80651,76.42329,295,0,,,,29.11935,29.76281,24.88849
1787197889,27.81987,76.38361,295,0,,,,29.08549,29.89848,24.92235
1787197890,27.76379,76.46449,295,0,,,,29.08549,29.72895,24.99009
1787197891,27.7184,76.34089,295,0,,,,29.11935,29.66121,25.02375
1787197891,27.76379,76.34089,295,0,,,,29.15322,29.76281,25.09148
1787197892,27.80651,76.36988,295,0,,,,29.11935,29.93214,25.02375
1787197893,27.87594,76.46143,295,0,,,,29.08549,29.76281,25.09148
1787197893,27.86259,76.26917,295,0,,,,29.05162,29.86441,25.05762
1787197894,27.77714,76.49805,295,0,,,,29.05162,29.89848,25.09148
1787197895,27.86259,76.51026,296,0,,,,29.05162,29.66121,24.92235
1787197895,27.86259,76.72999,295,0,,,,29.08549,29.76281,24.88849
1787197896,27.76379,76.8185,296,0,,,,28.98389,29.76281,24.99009
1787197897,27.86259,76.91768,296,0,,,,29.01776,29.62735,24.92235
1787197897,27.79049,76.79408,295,0,,,,29.05162,29.66121,24.88849
1787197898,27.80651,76.83986,295,0,,,,29.08549,29.89848,24.95622
1787197899,27.73175,76.86427,295,0,,,,29.11935,29.76281,24.92235
1787197899,27.84657,76.82765,295,0,,,,29.08549,29.69508,24.95622
1787197900,27.84657,76.76662,295,0,,,,29.11935,29.59348,24.88849
1787197901,27.84657,76.7132,295,0,,,,29.11935,29.89848,24.92235
1787197901,27.80651,76.58961,295,0,,,,29.11935,29.76281,25.02375
1787197902,27.77714,76.49805,295,0,,,,28.98389,29.62735,24.85462
1787197903,27.70504,76.4416,295,0,,,,29.05162,29.72895,24.82096
1787197903,27.77714,76.41566,295,0,,,,29.08549,29.89848,24.88849
1787197904,27.74777,76.49195,295,0,,,,29.11935,29.79668,25.05762
1787197905,27.84657,76.36988,295,0,,,,29.11935,29.62735,25.02375
1787197905,27.83322,76.27375,295,0,,,,29.05162,29.62735,24.92235
1787197906,27.79049,76.25391,296,0,,,,29.05162,29.72895,25.05762
1787197907,27.81987,76.39582,295,0,,,,29.01776,29.66121,25.02375
1787197907,27.87594,76.3241,295,0,,,,29.15322,29.72895,25.05762
1787197908,27.76379,76.318,295,0,,,,29.08549,29.69508,24.88849
1787197909,27.84657,76.26765,295,0,,,,29.05162,29.69508,25.15922
1787197909,27.83322,76.23102,295,0,,,,29.05162,29.72895,24.92235
1787197910,27.83322,76.2417,295,0,,,,29.05162,29.76281,24.95622
1787197911,27.86259,76.40498,295,0,,,,29.01776,29.83055,24.92235
1787197911,27.81987,76.21729,295,0,,,,29.08549,29.76281,24.99009
1787197912,27.80651,76.25544,295,0,,,,29.05162,29.86441,24.92235
1787197913,27.77714,76.27222,295,0,,,,29.05162,29.79668,24.99009
1787197913,27.79049,76.29511,295,0,,,,29.05162,29.79668,24.92235
1787197914,27.81987,76.47822,295,0,,,,29.05162,29.72895,25.15922
1787197915,27.86259,76.5713,296,0,,,,29.01776,29.66121,24.95622
1787197915,27.81987,76.67658,295,0,,,,29.01776,29.69508,25.09148
1787197916,27.86259,76.68574,296,0,,,,29.11935,29.62735,24.88849
1787197917,27.83322,76.81392,296,0,,,,29.05162,29.79668,24.82096
1787197917,27.84657,76.62928,295,0,,,,29.08549,29.86441,24.95622
1787197918,27.80651,76.63081,295,0,,,,29.11935,29.55962,24.99009
1787197919,27.74777,76.56672,295,0,,,,29.11935,29.69508,24.99009
1787197919,27.84657,76.61097,295,0,,,,29.01776,29.69508,24.88849
1787197920,27.86259,76.51942,295,0,,,,29.08549,29.69508,25.09148
1787197921,27.7184,76.42481,295,0,,,,29.05162,29.69508,25.02375
1787197921,27.77714,76.51942,295,0,,,,29.01776,29.66121,24.88849
1787197922,27.94537,76.47822,295,0,,,,29.08549,29.76281,24.88849
1787197923,27.84657,76.58961,295,0,,,,29.18709,29.55962,24.88849
1787197923,27.83322,76.75288,295,0,,,,29.05162,29.66121,24.95622
1787197924,27.76379,76.8597,295,0,,,,29.05162,29.76281,25.02375
1787197925,27.80651,76.83986,296,0,,,,29.05162,29.79668,24.95622
1787197925,27.77714,76.70863,295,0,,,,28.95002,29.72895,24.99009
1787197926,27.70504,76.73457,297,0,,,,29.05162,29.76281,24.92235
1787197927,27.79049,76.81392,296,0,,,,29.11935,29.72895,25.15922
1787197927,27.84657,76.70405,296,0,,,,29.08549,29.72895,24.82096
1787197928,27.80651,76.77577,295,0,,,,29.11935,29.76281,24.95622
1787197929,27.77714,76.79103,295,0,,,,29.01776,29.49188,24.88849
1787197929,27.81987,76.92683,295,0,,,,29.05162,29.76281,24.92235
1787197930,27.74777,76.87801,295,0,,,,29.15322,29.72895,24.95622
1787197931,27.80651,76.96498,295,0,,,,29.15322,29.72895,24.88849
1787197931,27.73175,76.85359,295,0,,,,29.05162,29.69508,24.95622
1787197932,27.77714,76.79103,295,0,,,,29.01776,29.69508,24.85462
1787197932,27.79049,76.79408,295,0,,,,29.01776,29.89848,24.88849
1787197933,27.80651,76.78645,295,0,,,,29.08549,29.79668,25.02375
1787197934,27.86259,76.73914,295,0,,,,29.05162,29.72895,25.12535
1787197934,27.77714,76.68574,295,0,,,,29.01776,29.69508,24.92235
1787197935,27.74777,76.45075,296,0,,,,29.05162,29.59348,24.88849
1787197936,27.87594,76.66743,296,0,,,,29.08549,29.72895,24.85462
1787197936,27.74777,76.65827,296,0,,,,29.08549,29.76281,24.95622
1787197937,27.79049,76.56519,295,0,,,,29.11935,29.72895,24.92235
1787197938,27.73175,76.51026,295,0,,,,29.01776,29.62735,24.95622
1787197938,27.79049,76.52399,295,0,,,,29.11935,29.79668,24.99009
1787197939,27.79049,76.49195,295,0,,,,29.05162,29.79668,25.02375
1787197940,27.73175,76.55146,295,0,,,,29.08549,29.86441,24.92235
1787197940,27.86259,76.43702,295,0,,,,28.98389,29.59348,25.02375
1787197941,27.79049,76.42939,295,0,,,,29.01776,29.62735,24.85462
1787197942,27.79049,76.42939,295,0,,,,29.08549,29.69508,24.78709
1787197942,27.87594,76.34547,295,0,,,,29.08549,29.59348,25.02375
1787197943,27.77714,76.36378,295,0,,,,29.08549,29.79668,24.92235
1787197944,27.7184,76.36073,295,0,,,,29.05162,29.79668,24.92235
1787197944,27.83322,76.45075,295,0,,,,29.01776,29.62735,24.88849
1787197945,27.79049,76.3241,296,0,,,,29.22095,29.76281,24.88849
1787197946,27.76379,76.38209,295,0,,,,29.05162,29.72895,25.05762
1787197946,27.80651,76.27833,296,0,,,,29.08549,29.76281,24.92235
1787197947,27.79049,76.36835,295,0,,,,29.01776,29.69508,25.02375
1787197948,27.81987,76.43702,295,0,,,,29.05162,29.66121,24.88849
1787197948,27.81987,76.22797,295,0,,,,29.05162,29.72895,24.92235
1787197949,27.73175,76.36378,295,0,,,,29.01776,29.69508,24.88849
1787197950,27.84657,76.22339,295,0,,,,29.11935,29.72895,25.02375
1787197950,27.81987,76.26002,295,0,,,,29.01776,29.79668,24.99009
1787197951,27.74777,76.34699,295,0,,,,28.98389,29.76281,24.99009
1787197952,27.84657,76.24475,295,0,,,,29.05162,29.66121,25.05762
1787197952,27.87594,76.16846,295,0,,,,29.05162,29.76281,24.99009
1787197953,27.83322,76.26307,295,0,,,,29.05162,29.76281,25.09148
1787197954,27.77714,76.24017,295,0,,,,29.08549,29.72895,25.09148
1787197954,27.79049,76.16846,295,0,,,,29.01776,29.69508,25.02375
1787197955,27.68902,76.18677,295,0,,,,29.08549,29.62735,24.85462
1787197956,27.83322,76.23102,295,0,,,,29.05162,29.79668,24.92235
1787197956,27.79049,76.20966,296,0,,,,29.05162,29.76281,24.99009
1787197957,27.77714,76.20813,295,0,,,,28.98389,29.66121,24.88849
1787197958,27.74777,76.19135,295,0,,,,29.11935,29.76281,25.09148
1787197958,27.73175,76.14557,295,0,,,,29.01776,29.72895,24.82096
1787197959,27.83322,76.33631,295,0,,,,29.08549,29.66121,25.09148
1787197960,27.74777,76.24475,295,0,,,,29.11935,29.86441,24.95622
1787197960,27.80651,76.21423,295,0,,,,29.08549,29.62735,24.92235
1787197961,27.84657,76.18219,295,0,,,,28.98389,29.59348,24.95622
1787197962,27.81987,76.37446,295,0,,,,29.05162,29.79668,24.85462
1787197962,27.86259,76.26002,295,0,,,,29.05162,29.66121,24.95622
1787197963,27.83322,76.15778,295,0,,,,29.05162,29.69508,24.85462
1787197964,27.87594,76.35615,295,0,,,,28.98389,29.76281,24.95622
1787197964,27.73175,76.13489,295,0,,,,29.01776,29.76281,24.92235
1787197965,27.84657,76.16235,296,0,,,,29.01776,29.76281,24.88849
1787197966,27.80651,76.24628,295,0,,,,29.11935,29.79668,25.02375
1787197966,27.67567,76.09064,296,0,,,,29.05162,29.79668,24.95622
1787197967,27.83322,76.15778,295,0,,,,29.01776,29.72895,24.88849
1787197968,27.84657,76.16235,295,0,,,,29.05162,29.86441,24.99009
1787197968,27.76379,76.05859,295,0,,,,29.08549,29.69508,25.12535
1787197969,27.77714,76.18677,295,0,,,,29.05162,29.89848,25.02375
1787197970,27.73175,76.06165,295,0,,,,29.05162,29.72895,25.05762
1787197970,27.79049,76.14862,295,0,,,,29.11935,29.69508,25.09148
1787197971,27.76379,76.22644,295,0,,,,29.15322,29.59348,25.09148
1787197972,27.79049,76.31495,295,0,,,,29.18709,29.76281,24.88849
1787197972,27.76379,76.1532,295,0,,,,29.11935,29.62735,24.92235
1787197973,27.73175,76.21881,295,0,,,,29.05162,29.69508,24.88849
1787197974,27.84657,76.20355,295,0,,,,29.05162,29.59348,24.88849
1787197974,27.79049,76.29511,295,0,,,,29.11935,29.83055,25.05762
1787197975,27.79049,76.23254,295,0,,,,29.01776,29.69508,24.88849
1787197976,27.74777,76.24475,295,0,,,,29.05162,29.69508,24.82096
1787197976,27.79049,76.22186,296,0,,,,29.08549,29.79668,25.19288
1787197977,27.80651,76.13184,295,0,,,,29.05162,29.59348,24.85462
1787197977,27.70504,76.23254,295,0,,,,29.01776,29.83055,24.99009
1787197978,27.93202,76.20355,295,0,,,,28.98389,29.72895,25.02375
1787197979,27.80651,76.17303,295,0,,,,29.08549,29.72895,25.02375
1787197979,27.77714,76.17609,295,0,,,,29.08549,29.66121,24.95622
1787197980,27.70504,76.1593,295,0,,,,29.05162,29.62735,24.88849
1787197981,27.84657,76.36988,295,0,,,,28.98389,29.76281,24.92235
1787197981,27.76379,76.46449,295,0,,,,29.18709,29.79668,24.99009
1787197982,27.74777,76.59724,295,0,,,,29.08549,29.79668,24.99009
1787197983,27.73175,76.5301,295,0,,,,29.01776,29.79668,24.99009
1787197983,27.84657,76.62165,295,0,,,,29.01776,29.79668,24.95622
1787197984,27.79049,76.47974,295,0,,,,29.05162,29.86441,24.99009
1787197985,27.81987,76.41566,296,0,,,,29.15322,29.79668,24.95622
1787197985,27.80651,76.36073,295,0,,,,29.08549,29.79668,25.02375
1787197986,27.81987,76.46601,296,0,,,,29.11935,29.49188,24.88849
1787197987,27.73175,76.45686,295,0,,,,29.18709,29.93214,24.92235
1787197987,27.80651,76.41413,295,0,,,,28.98389,29.59348,24.78709
1787197988,27.83322,76.34547,295,0,,,,29.11935,29.62735,25.02375
1787197989,27.80651,76.39124,295,0,,,,29.05162,29.79668,24.99009
1787197989,27.79049,76.23254,295,0,,,,29.01776,29.79668,25.05762
1787197990,27.84657,76.30885,295,0,,,,29.11935,29.59348,24.92235
1787197991,27.7184,76.24628,295,0,,,,29.05162,29.66121,25.05762
1787197991,27.76379,76.20508,295,0,,,,29.05162,29.69508,24.88849
1787197992,27.68902,76.18677,295,0,,,,29.05162,29.62735,24.99009
1787197993,27.8893,76.2646,295,0,,,,29.11935,29.72895,24.92235
1787197993,27.81987,76.15472,295,0,,,,29.08549,29.76281,24.85462
1787197994,27.76379,76.30885,295,0,,,,29.08549,29.86441,24.92235
1787197995,27.81987,76.24933,295,0,,,,29.08549,29.69508,24.99009
1787197995,27.84657,76.17151,295,0,,,,29.01776,29.86441,24.95622
1787197996,27.79049,76.33631,296,0,,,,29.11935,29.76281,24.88849
1787197997,27.79049,76.2005,295,0,,,,29.01776,29.62735,24.92235
1787197997,27.80651,76.25544,295,0,,,,29.15322,29.83055,24.95622
1787197998,27.77714,76.14404,295,0,,,,29.01776,29.76281,24.95622
1787197999,27.81987,76.19592,295,0,,,,28.98389,29.69508,24.88849
1787197999,27.83322,76.26307,295,0,,,,29.01776,29.62735,24.85462
1787198000,27.81987,76.42786,295,0,,,,28.98389,29.66121,24.88849
1787198001,27.83322,76.77272,295,0,,,,29.11935,29.86441,24.99009
1787198001,27.80651,76.98634,295,0,,,,28.98389,29.66121,25.02375
1787198002,27.79049,77.18013,295,0,,,,28.98389,29.66121,24.92235
1787198003,27.84657,77.42123,295,0,,,,29.05162,29.89848,24.99009
1787198003,27.83322,77.48226,295,0,,,,29.05162,29.69508,24.99009
1787198004,27.87594,77.70046,295,0,,,,29.11935,29.76281,24.85462
1787198005,27.79049,77.77371,296,0,,,,29.01776,29.76281,24.85462
1787198005,27.79049,77.66994,295,0,,,,29.11935,29.72895,25.09148
1787198006,27.83322,77.74166,295,0,,,,29.08549,29.86441,24.82096
1787198007,27.8893,77.81949,295,0,,,,29.08549,29.72895,25.05762
1787198007,27.83322,77.54482,295,0,,,,29.11935,29.89848,24.99009
1787198008,27.81987,77.61349,295,0,,,,29.05162,29.66121,24.95622
1787198009,27.8893,77.56771,295,0,,,,29.08549,29.69508,24.92235
1787198009,27.90532,77.63332,295,0,,,,29.01776,29.55962,25.02375
1787198010,27.84657,77.36172,295,0,,,,28.98389,29.59348,25.05762
1787198011,27.81987,77.4258,295,0,,,,29.08549,29.69508,24.88849
1787198011,27.74777,77.2839,295,0,,,,29.05162,29.62735,24.82096
1787198012,27.7184,77.20607,295,0,,,,29.08549,29.76281,24.95622
1787198013,27.80651,77.07027,295,0,,,,28.98389,29.59348,24.85462
1787198013,27.8893,76.88106,295,0,,,,29.01776,29.66121,24.85462
1787198014,27.80651,76.8185,295,0,,,,29.15322,29.72895,25.02375
1787198015,27.74777,76.72236,295,0,,,,29.05162,29.62735,25.02375
1787198015,27.90532,76.83223,296,0,,,,29.18709,29.76281,25.05762
1787198016,27.84657,76.81697,296,0,,,,29.05162,29.76281,24.99009
1787198017,27.83322,76.66743,295,0,,,,29.08549,29.93214,24.92235
1787198017,27.84657,76.61097,296,0,,,,29.05162,29.66121,24.99009
1787198018,27.76379,76.51637,295,0,,,,29.08549,29.72895,24.99009
1787198019,27.77714,76.43702,295,0,,,,29.11935,29.62735,25.02375
1787198019,27.86259,76.49805,295,0,,,,29.08549,29.62735,24.88849
1787198020,27.77714,76.27222,295,0,,,,29.05162,29.79668,24.88849
1787198020,27.83322,76.30579,295,0,,,,29.05162,29.83055,24.92235
1787198021,27.84657,76.29664,295,0,,,,29.01776,29.66121,24.88849
1787198022,27.79049,76.40955,295,0,,,,29.08549,29.69508,24.88849
1787198022,27.79049,76.57587,295,0,,,,29.08549,29.79668,24.88849
1787198023,27.8893,76.86885,295,0,,,,29.15322,29.76281,25.09148
1787198024,27.79049,76.9604,295,0,,,,29.08549,29.89848,24.92235
1787198024,27.80651,77.05959,295,0,,,,29.08549,29.62735,24.99009
1787198025,27.86259,77.10231,296,0,,,,29.18709,29.72895,24.85462
1787198026,27.83322,77.18013,296,0,,,,29.11935,29.72895,24.99009
1787198026,27.79049,77.16945,297,0,,,,29.08549,29.49188,25.02375
1787198027,27.84657,77.05959,296,0,,,,29.08549,29.83055,24.92235
1787198028,27.86259,77.00008,295,0,,,,29.01776,29.79668,24.95622
1787198028,27.83322,77.16945,295,0,,,,29.08549,29.83055,25.02375
1787198029,27.83322,77.22133,295,0,,,,29.15322,29.66121,24.95622
1787198030,27.87594,77.23354,295,0,,,,29.11935,29.72895,24.99009
1787198030,27.84657,77.25338,295,0,,,,29.11935,29.89848,25.05762
1787198031,27.84657,77.02754,295,0,,,,29.08549,29.62735,24.92235
1787198032,27.83322,76.98177,295,0,,,,29.08549,29.69508,24.99009
1787198032,27.83322,76.99245,295,0,,,,29.08549,29.76281,24.99009
1787198033,27.76379,76.94209,295,0,,,,29.11935,29.72895,24.82096
1787198034,27.76379,77.12062,295,0,,,,29.08549,29.66121,24.85462
1787198034,27.77714,77.1664,295,0,,,,29.08549,29.83055,24.92235
1787198035,27.84657,77.21523,296,0,,,,29.18709,29.79668,25.09148
1787198036,27.79049,77.25185,295,0,,,,29.05162,29.62735,24.95622
1787198036,27.81987,77.12367,296,0,,,,29.08549,29.89848,24.78709
1787198037,27.79049,76.96956,296,0,,,,29.15322,29.76281,24.85462
1787198038,27.86259,76.95583,295,0,,,,29.05162,29.66121,24.92235
1787198038,27.79049,76.80476,295,0,,,,29.05162,29.79668,25.05762
1787198039,27.77714,76.76814,295,0,,,,29.11935,29.62735,24.92235
1787198040,27.73175,76.78035,295,0,,,,29.11935,29.66121,24.99009
1787198040,27.73175,76.59418,295,0,,,,29.08549,29.59348,24.78709
1787198041,27.84657,76.53773,295,0,,,,29.15322,29.83055,24.92235
1787198042,27.81987,76.5713,295,0,,,,29.11935,29.72895,24.85462
1787198042,27.87594,76.60639,295,0,,,,29.11935,29.49188,24.92235
1787198043,27.76379,76.48432,295,0,,,,29.08549,29.62735,25.05762
1787198044,27.80651,76.62012,295,0,,,,29.22095,29.69508,24.85462
1787198044,27.81987,76.46601,295,0,,,,29.05162,29.79668,24.92235
1787198045,27.74777,76.45075,295,0,,,,29.08549,29.69508,24.92235
1787198046,27.81987,76.39582,295,0,,,,29.18709,29.66121,25.02375
1787198046,27.76379,76.24628,296,0,,,,29.08549,29.76281,24.99009
1787198047,27.80651,76.45533,295,0,,,,29.15322,29.66121,24.82096
1787198048,27.87594,76.69032,295,0,,,,29.08549,29.83055,24.99009
1787198048,27.91867,76.78493,295,0,,,,29.15322,29.76281,24.92235
1787198049,27.76379,77.12062,295,0,,,,29.01776,29.72895,24.78709
1787198050,27.76379,77.28848,295,0,,,,29.05162,29.62735,24.85462
1787198050,27.81987,77.32204,295,0,,,,29.15322,29.69508,24.99009
1787198051,27.76379,77.38003,295,0,,,,29.01776,29.69508,24.92235
1787198052,27.81987,77.39376,295,0,,,,29.11935,29.66121,25.05762
1787198052,27.81987,77.13435,295,0,,,,29.08549,29.66121,24.95622
1787198053,27.84657,76.98329,295,0,,,,29.05162,29.62735,24.95622
1787198054,27.83322,77.03365,295,0,,,,29.08549,29.59348,24.99009
1787198054,27.80651,77.12062,295,0,,,,29.08549,29.79668,24.95622
1787198055,27.81987,77.00008,296,0,,,,29.01776,29.83055,24.88849
1787198056,27.74777,76.83681,295,0,,,,28.98389,29.79668,24.88849
1787198056,27.84657,76.9131,297,0,,,,29.05162,29.79668,24.95622
1787198057,27.83322,76.71168,296,0,,,,28.98389,29.72895,24.75323
1787198058,27.74777,76.76357,295,0,,,,29.01776,29.99988,24.82096
1787198058,27.81987,76.5713,295,0,,,,29.11935,29.59348,25.05762
1787198059,27.87594,76.56519,295,0,,,,29.08549,29.66121,25.02375
1787198060,27.83322,76.47974,295,0,,,,29.08549,29.62735,25.09148
1787198060,27.70504,76.38819,295,0,,,,29.15322,29.66121,24.88849
1787198061,27.73175,76.35462,295,0,,,,29.11935,29.83055,25.05762
1787198062,27.80651,76.41413,295,0,,,,29.05162,29.62735,25.12535
1787198062,27.80651,76.42329,295,0,,,,29.05162,29.66121,25.05762
1787198063,27.93202,76.4004,295,0,,,,29.11935,29.69508,24.92235
1787198064,27.79049,76.39735,295,0,,,,29.05162,29.79668,24.82096
1787198064,27.74777,76.47059,295,0,,,,29.05162,29.83055,24.95622
1787198065,27.81987,76.5301,295,0,,,,29.05162,29.69508,24.95622
1787198066,27.84657,76.49348,295,0,,,,29.08549,29.72895,24.95622
1787198066,27.79049,76.63844,295,0,,,,29.01776,29.69508,24.82096
1787198067,27.74777,76.64912,296,0,,,,29.15322,29.72895,24.85462
1787198067,27.79049,76.80476,295,0,,,,29.08549,29.76281,24.95622
1787198068,27.80651,76.82765,295,0,,,,28.98389,29.72895,25.09148
1787198069,27.81987,77.03212,295,0,,,,29.08549,29.72895,24.92235
1787198069,27.80651,77.25643,295,0,,,,29.05162,29.69508,24.92235
1787198070,27.84657,77.48531,295,0,,,,29.15322,29.72895,25.02375
1787198071,27.8893,77.73403,295,0,,,,29.11935,29.72895,24.99009
1787198071,27.84657,77.78745,295,0,,,,29.08549,29.79668,24.92235
1787198072,27.70504,77.75235,295,0,,,,29.05162,29.79668,25.05762
1787198073,27.79049,77.78287,295,0,,,,29.05162,29.76281,25.12535
1787198073,27.80651,77.85153,295,0,,,,28.95002,29.66121,24.88849
1787198074,27.80651,77.92172,295,0,,,,29.11935,29.72895,24.85462
1787198075,27.76379,77.72488,297,0,,,,29.11935,29.72895,24.95622
1787198075,27.84657,77.70504,295,0,,,,28.98389,29.83055,24.99009
1787198076,27.81987,77.39376,296,0,,,,29.15322,29.69508,25.05762
1787198077,27.84657,77.44411,296,0,,,,29.08549,29.79668,24.92235
1787198077,27.86259,77.2076,295,0,,,,29.08549,29.83055,24.92235
1787198078,27.80651,77.15266,295,0,,,,29.08549,29.69508,25.05762
1787198079,27.76379,77.10994,296,0,,,,29.08549,29.69508,24.88849
1787198079,27.79049,77.084,295,0,,,,29.05162,29.79668,24.92235
1787198080,27.80651,77.0779,295,0,,,,29.08549,29.66121,24.85462
1787198081,27.81987,77.09163,295,0,,,,29.11935,29.59348,24.95622
1787198081,27.7184,76.8719,295,0,,,,29.11935,29.59348,25.02375
1787198082,27.80651,76.90395,295,0,,,,29.18709,29.72895,25.09148
1787198083,27.77714,76.74982,295,0,,,,29.01776,29.69508,24.82096
1787198083,27.74777,76.84596,295,0,,,,28.98389,29.69508,24.82096
1787198084,27.74777,76.67048,295,0,,,,29.05162,29.62735,25.02375
1787198085,27.84657,76.66132,295,0,,,,29.08549,29.89848,24.95622
1787198085,27.81987,76.56214,295,0,,,,29.05162,29.79668,25.12535
1787198086,27.81987,76.46601,295,0,,,,29.08549,29.76281,24.85462
1787198087,27.80651,76.39124,296,0,,,,29.11935,29.83055,24.88849
1787198087,27.7184,76.49653,295,0,,,,29.08549,29.66121,24.78709
1787198088,27.76379,76.45228,295,0,,,,29.11935,29.83055,24.99009
1787198089,27.74777,76.51484,295,0,,,,29.01776,29.86441,25.05762
1787198089,27.74777,76.40955,295,0,,,,29.11935,29.69508,24.88849
1787198090,27.74777,76.37904,295,0,,,,29.05162,29.72895,24.99009
1787198091,27.79049,76.38819,295,0,,,,29.05162,29.66121,24.88849
1787198091,27.87594,76.45075,295,0,,,,29.08549,29.72895,25.12535
1787198092,27.79049,76.26307,295,0,,,,29.08549,29.69508,24.99009
1787198093,27.80651,76.44312,295,0,,,,29.11935,29.55962,24.99009
1787198093,27.83322,76.46143,295,0,,,,29.08549,29.59348,25.09148
1787198094,27.81987,76.39582,295,0,,,,29.11935,29.62735,24.88849
1787198095,27.87594,76.30427,295,0,,,,29.05162,29.89848,24.82096
1787198095,27.80651,76.318,295,0,,,,29.05162,29.69508,24.92235
1787198096,27.79049,76.15778,296,0,,,,29.11935,29.76281,25.12535
1787198097,27.79049,76.28596,296,0,,,,29.08549,29.72895,25.09148
1787198097,27.66232,76.1593,295,0,,,,29.05162,29.66121,25.05762
1787198098,27.74777,76.14862,295,0,,,,28.98389,29.72895,24.75323
1787198099,27.81987,76.26002,295,0,,,,29.15322,29.72895,24.92235
1787198099,27.84657,76.2356,296,0,,,,29.11935,29.72895,24.92235
1787198100,27.80651,76.15015,296,0,,,,29.01776,29.86441,25.05762
1787198101,27.84657,76.1532,295,0,,,,29.01776,29.62735,25.09148
1787198101,27.83322,76.13947,296,0,,,,29.15322,29.62735,24.95622
1787198102,27.81987,76.18677,295,0,,,,28.95002,29.59348,25.05762
1787198103,27.67567,76.112,296,0,,,,29.11935,29.79668,25.05762
1787198103,27.81987,76.12573,296,0,,,,29.01776,29.79668,24.88849
1787198104,27.80651,76.318,297,0,,,,29.11935,29.83055,25.02375
1787198105,27.77714,76.17609,296,0,,,,28.98389,29.83055,24.92235
1787198105,27.68902,76.10437,296,0,,,,29.05162,29.72895,24.92235
1787198106,27.81987,76.22797,296,0,,,,29.01776,29.72895,25.02375
1787198107,27.73175,76.11353,296,0,,,,29.01776,29.76281,24.95622
1787198107,27.74777,76.14862,296,0,,,,29.08549,29.72895,24.92235
1787198108,27.74777,76.33631,296,0,,,,29.01776,29.55962,24.99009
1787198108,27.7184,76.24628,295,0,,,,29.05162,29.83055,24.95622
1787198111,27.76379,76.09064,295,0,,,,29.08549,29.72895,24.99009
1787198111,27.84657,76.22339,295,0,,,,29.11935,29.55962,24.95622
1787198111,27.79049,76.3241,295,0,,,,29.01776,29.66121,24.95622
1787198111,27.84657,76.30885,295,0,,,,28.98389,29.72895,24.99009
1787198112,27.70504,76.31495,295,0,,,,29.08549,29.72895,24.95622
1787198112,27.74777,76.32716,295,0,,,,29.05162,29.66121,25.05762
1787198113,27.77714,76.28138,295,0,,,,28.98389,29.66121,25.05762
1787198114,27.76379,76.26765,295,0,,,,29.11935,29.72895,24.88849
1787198114,27.84657,76.50568,295,0,,,,29.01776,29.66121,24.92235
1787198115,27.7184,76.32868,296,0,,,,29.08549,29.69508,25.02375
1787198116,27.7184,76.2356,296,0,,,,29.05162,29.62735,24.88849
1787198116,27.81987,76.45686,295,0,,,,29.05162,29.62735,25.02375
1787198117,27.79049,76.37751,296,0,,,,29.05162,29.76281,24.95622
1787198118,27.74777,76.27375,295,0,,,,28.98389,29.62735,25.02375
1787198118,27.73175,76.34241,295,0,,,,29.05162,29.76281,24.95622
1787198119,27.7184,76.46449,295,0,,,,29.08549,29.62735,24.92235
1787198120,27.93202,76.52552,295,0,,,,29.05162,29.83055,24.92235
1787198120,27.83322,76.62623,295,0,,,,29.08549,29.72895,24.82096
1787198121,27.81987,76.5835,295,0,,,,29.01776,29.69508,24.88849
1787198122,27.83322,76.47059,295,0,,,,29.08549,29.76281,24.88849
1787198122,27.79049,76.63844,295,0,,,,29.08549,29.72895,24.95622
1787198123,27.76379,76.76662,295,0,,,,29.05162,29.69508,24.85462
1787198124,27.84657,76.98329,295,0,,,,29.08549,29.76281,24.82096
1787198124,27.76379,77.17403,295,0,,,,29.11935,29.69508,24.88849
1787198125,27.77714,77.17555,295,0,,,,28.95002,29.69508,24.99009
1787198126,27.79049,77.26254,296,0,,,,29.05162,29.69508,24.95622
1787198126,27.73175,77.21675,295,0,,,,28.98389,29.69508,24.85462
1787198127,27.79049,77.22133,295,0,,,,29.01776,29.59348,24.88849
1787198128,27.81987,77.04128,295,0,,,,29.11935,29.69508,25.12535
1787198128,27.76379,77.0779,295,0,,,,29.08549,29.69508,24.95622
1787198129,27.77714,77.00008,295,0,,,,29.08549,29.83055,24.85462
1787198130,27.81987,76.95583,295,0,,,,29.11935,29.66121,24.88849
1787198130,27.86259,76.90547,295,0,,,,29.01776,29.76281,24.85462
1787198131,27.76379,76.83986,295,0,,,,29.01776,29.72895,25.05762
1787198132,27.83322,76.69947,295,0,,,,29.01776,29.69508,24.99009
1787198132,27.93202,76.66132,295,0,,,,29.05162,29.76281,24.92235
1787198133,27.77714,76.6125,295,0,,,,29.11935,29.83055,24.88849
1787198134,27.76379,76.63996,295,0,,,,29.15322,29.83055,24.75323
1787198134,27.74777,76.52399,295,0,,,,29.05162,29.79668,25.09148
1787198135,27.81987,76.6247,295,0,,,,29.08549,29.96601,24.95622
1787198136,27.84657,76.54688,295,0,,,,29.11935,29.89848,24.88849
1787198136,27.83322,76.66743,296,0,,,,29.08549,29.69508,24.99009
1787198137,27.87594,76.55299,295,0,,,,29.18709,29.72895,25.09148
1787198138,27.86259,76.40498,295,0,,,,29.01776,29.72895,24.95622
1787198138,27.79049,76.42023,295,0,,,,29.11935,29.69508,24.95622
1787198139,27.74777,76.4004,295,0,,,,29.08549,29.66121,25.02375
1787198140,27.70504,76.3592,295,0,,,,29.05162,29.69508,24.99009
1787198140,27.74777,76.65827,295,0,,,,29.15322,29.69508,25.12535
1787198141,27.76379,76.47517,295,0,,,,29.08549,29.72895,24.92235
1787198142,27.80651,76.35004,295,0,,,,29.11935,29.72895,24.92235
1787198142,27.83322,76.47059,295,0,,,,29.11935,29.66121,24.88849
1787198143,27.76379,76.36073,295,0,,,,29.08549,29.72895,24.99009
1787198144,27.70504,76.37904,295,0,,,,29.05162,29.66121,24.92235
1787198144,27.76379,76.36988,295,0,,,,29.05162,29.66121,25.02375
1787198145,27.77714,76.28138,296,0,,,,29.11935,29.76281,24.85462
1787198146,27.81987,76.34241,296,0,,,,28.98389,29.72895,24.92235
1787198146,27.77714,76.21881,295,0,,,,29.01776,29.79668,24.99009
1787198147,27.87594,76.2417,296,0,,,,29.08549,29.72895,25.02375
1787198148,27.76379,76.30885,295,0,,,,29.11935,29.69508,24.95622
1787198148,27.84657,76.30885,295,0,,,,29.01776,29.72895,24.95622
1787198149,27.74777,76.30427,295,0,,,,29.05162,29.83055,24.95622
1787198150,27.81987,76.39582,295,0,,,,29.15322,29.69508,24.92235
1787198150,27.74777,76.29511,295,0,,,,29.11935,29.72895,25.05762
1787198151,27.8893,76.36988,295,0,,,,29.11935,29.59348,24.88849
1787198152,27.74777,76.2646,295,0,,,,29.15322,29.69508,24.88849
1787198152,27.73175,76.32258,295,0,,,,29.11935,29.66121,24.92235
1787198153,27.80651,76.33784,295,0,,,,29.15322,29.76281,24.78709
1787198153,27.80651,76.25544,295,0,,,,29.08549,29.76281,24.92235
1787198154,27.84657,76.2768,295,0,,,,29.08549,29.66121,25.02375
1787198155,27.8893,76.18219,296,0,,,,29.01776,29.72895,24.78709
1787198155,27.83322,76.39735,295,0,,,,29.08549,29.72895,24.95622
1787198156,27.79049,76.42023,295,0,,,,29.15322,29.66121,24.88849
1787198157,27.80651,76.54841,296,0,,,,29.08549,29.76281,24.92235
1787198157,27.74777,76.52399,295,0,,,,28.98389,29.55962,24.85462
1787198158,27.7184,76.36073,295,0,,,,29.01776,29.62735,25.02375
1787198159,27.79049,76.45991,295,0,,,,29.01776,29.66121,24.95622
1787198159,27.80651,76.48432,295,0,,,,28.98389,29.69508,24.88849
1787198160,27.77714,76.32258,295,0,,,,29.05162,29.86441,25.02375
1787198161,27.80651,76.20355,295,0,,,,29.01776,29.72895,24.88849
1787198161,27.83322,76.30579,295,0,,,,29.05162,29.72895,25.05762
1787198162,27.84657,76.37904,295,0,,,,29.01776,29.69508,24.95622
1787198163,27.77714,76.31037,295,0,,,,29.08549,29.66121,24.92235
1787198163,27.77714,76.27222,295,0,,,,29.01776,29.69508,24.99009
1787198164,27.74777,76.23254,295,0,,,,28.98389,29.66121,24.78709
1787198165,27.80651,76.40192,296,0,,,,29.05162,29.59348,25.05762
1787198165,27.81987,76.28138,295,0,,,,29.08549,29.72895,24.92235
1787198166,27.77714,76.26002,295,0,,,,29.15322,29.69508,25.15922
1787198167,27.76379,76.112,295,0,,,,29.05162,29.69508,24.99009
1787198167,27.70504,76.21271,295,0,,,,29.05162,29.72895,24.95622
1787198168,27.77714,76.28138,295,0,,,,29.01776,29.62735,25.02375
1787198169,27.76379,76.09064,295,0,,,,29.01776,29.69508,24.75323
1787198169,27.79049,76.2005,295,0,,,,29.15322,29.76281,24.95622
1787198170,27.81987,76.22797,295,0,,,,29.05162,29.55962,24.99009
1787198171,27.91867,76.28291,295,0,,,,29.05162,29.55962,24.78709
1787198171,27.68902,76.38667,295,0,,,,29.05162,29.69508,24.75323
1787198172,27.86259,76.60334,295,0,,,,29.08549,29.66121,24.92235
1787198173,27.81987,76.73914,295,0,,,,29.05162,29.66121,25.02375
1787198173,27.90532,76.77119,295,0,,,,29.11935,29.66121,24.78709
1787198174,27.79049,76.94057,295,0,,,,29.11935,29.62735,25.15922
1787198175,27.73175,77.12367,295,0,,,,29.08549,29.79668,24.92235
1787198175,27.79049,77.21065,296,0,,,,29.05162,29.69508,24.88849
1787198176,27.80651,77.36172,295,0,,,,29.11935,29.55962,24.88849
1787198177,27.81987,77.24879,295,0,,,,29.11935,29.79668,24.95622
1787198177,27.74777,77.22133,295,0,,,,29.08549,29.79668,24.85462
1787198178,27.83322,77.27169,295,0,,,,29.05162,29.72895,24.95622
1787198179,27.7184,77.30831,295,0,,,,29.08549,29.62735,24.88849
1787198179,27.80651,77.43191,295,0,,,,29.11935,29.76281,24.95622
1787198180,27.81987,77.74776,295,0,,,,29.01776,29.72895,24.92235
1787198181,27.80651,77.91257,295,0,,,,29.05162,29.79668,24.95622
1787198181,27.83322,77.97208,295,0,,,,29.08549,29.72895,24.92235
1787198182,27.81987,77.98886,295,0,,,,29.15322,29.89848,24.88849
1787198183,27.74777,77.89883,295,0,,,,29.11935,29.62735,24.82096
1787198183,27.87594,78.02548,295,0,,,,29.08549,29.86441,24.92235
1787198184,27.87594,77.76151,295,0,,,,29.08549,29.66121,24.92235
1787198185,27.86259,77.83322,296,0,,,,29.11935,29.79668,24.82096
1787198185,27.81987,77.53109,295,0,,,,29.08549,29.62735,25.02375
1787198186,27.84657,77.33883,296,0,,,,29.01776,29.69508,24.99009
1787198187,27.80651,77.19386,295,0,,,,29.08549,29.79668,24.99009
1787198187,27.66232,77.02449,296,0,,,,29.08549,29.69508,24.92235
1787198188,27.84657,77.15114,295,0,,,,29.08549,29.55962,24.88849
1787198189,27.80651,76.90395,295,0,,,,29.08549,29.69508,24.78709
1787198189,27.81987,76.88564,295,0,,,,29.05162,29.72895,24.88849
1787198190,27.7184,76.90395,295,0,,,,28.98389,29.79668,24.92235
1787198191,27.80651,76.76814,295,0,,,,29.11935,29.69508,24.88849
1787198191,27.80651,76.73609,295,0,,,,29.05162,29.72895,24.92235
1787198192,27.68902,76.65675,295,0,,,,29.01776,29.79668,24.92235
1787198193,27.73175,76.63386,295,0,,,,29.05162,29.66121,24.92235
1787198193,27.81987,76.67658,295,0,,,,29.11935,29.62735,24.88849
1787198194,27.81987,76.63386,295,0,,,,29.15322,29.59348,24.95622
1787198195,27.76379,76.672,296,0,,,,29.08549,29.62735,24.85462
1787198195,27.74777,76.71168,296,0,,,,29.11935,29.72895,24.82096
1787198196,27.79049,76.58503,295,0,,,,29.08549,29.66121,24.88849
1787198197,27.70504,76.63844,297,0,,,,29.18709,29.62735,25.02375
1787198197,27.81987,76.63386,296,0,,,,29.25482,29.86441,24.92235
1787198198,27.83322,76.60792,295,0,,,,29.05162,29.69508,24.85462
1787198198,27.77714,76.70863,295,0,,,,29.15322,29.79668,24.88849
1787198199,27.70504,76.62928,295,0,,,,29.05162,29.83055,24.95622
1787198200,27.80651,76.54841,295,0,,,,29.11935,29.72895,25.05762
1787198200,27.77714,76.55146,295,0,,,,29.05162,29.69508,24.99009
1787198201,27.80651,76.54841,295,0,,,,29.08549,29.66121,24.92235
1787198202,27.81987,76.4889,295,0,,,,29.08549,29.66121,24.92235
1787198202,27.77714,76.5423,295,0,,,,29.08549,29.62735,24.88849
1787198203,27.67567,76.51637,295,0,,,,29.08549,29.69508,24.95622
1787198204,27.77714,76.6125,295,0,,,,29.01776,29.76281,24.99009
1787198204,27.77714,76.6247,295,0,,,,29.15322,29.69508,24.99009
1787198205,27.74777,76.40955,295,0,,,,29.05162,29.72895,24.85462
1787198206,27.79049,76.59724,296,0,,,,28.98389,29.69508,24.78709
1787198206,27.80651,76.54841,295,0,,,,29.15322,29.86441,24.95622
1787198207,27.79049,76.52399,296,0,,,,29.05162,29.72895,24.88849
1787198208,27.74777,76.59724,295,0,,,,29.11935,29.69508,24.95622
1787198208,27.73175,76.49805,295,0,,,,29.01776,29.83055,24.88849
1787198209,27.74777,76.60639,295,0,,,,29.11935,29.83055,24.95622
1787198210,27.67567,76.56062,295,0,,,,29.05162,29.66121,25.15922
1787198210,27.84657,76.56977,295,0,,,,29.05162,29.76281,24.88849
1787198211,27.77714,76.5713,295,0,,,,29.11935,29.72895,24.78709
1787198212,27.81987,76.47822,295,0,,,,29.08549,29.76281,24.88849
1787198212,27.76379,76.48432,295,0,,,,29.11935,29.89848,24.95622
1787198213,27.74777,76.4004,295,0,,,,29.08549,29.72895,24.99009
1787198214,27.80651,76.53773,295,0,,,,29.08549,29.59348,24.88849
1787198214,27.77714,76.38361,295,0,,,,29.15322,29.69508,25.09148
1787198215,27.74777,76.51484,295,0,,,,29.08549,29.72895,24.88849
1787198216,27.80651,76.46449,295,0,,,,29.05162,29.69508,24.92235
1787198216,27.73175,76.39582,295,0,,,,29.01776,29.72895,24.99009
1787198217,27.79049,76.45075,296,0,,,,29.05162,29.76281,25.09148
1787198218,27.80651,76.42329,295,0,,,,29.08549,29.69508,25.02375
1787198218,27.70504,76.41108,295,0,,,,29.18709,29.69508,24.92235
1787198219,27.73175,76.39582,295,0,,,,29.15322,29.86441,24.78709
1787198220,27.76379,76.48432,295,0,,,,29.11935,29.66121,24.95622
1787198220,27.83322,76.4416,295,0,,,,29.01776,29.83055,24.99009
1787198221,27.79049,76.33631,295,0,,,,29.08549,29.59348,24.92235
1787198222,27.81987,76.47822,295,0,,,,29.05162,29.66121,24.95622
1787198222,27.93202,76.33784,295,0,,,,29.05162,29.66121,24.88849
1787198223,27.76379,76.41413,295,0,,,,29.15322,29.62735,24.85462
1787198224,27.77714,76.24933,295,0,,,,29.08549,29.79668,24.92235
1787198224,27.79049,76.26307,295,0,,,,29.11935,29.66121,24.95622
1787198225,27.7184,76.29664,296,0,,,,29.08549,29.72895,24.92235
1787198226,27.7184,76.28748,295,0,,,,29.08549,29.69508,24.85462
1787198226,27.83322,76.34547,297,0,,,,29.01776,29.59348,24.82096
1787198227,27.74777,76.30427,296,0,,,,29.11935,29.69508,24.95622
1787198228,27.84657,76.318,295,0,,,,29.08549,29.72895,24.85462
1787198228,27.79049,76.34547,295,0,,,,29.01776,29.76281,24.88849
1787198229,27.77714,76.4477,295,0,,,,29.11935,29.72895,24.95622
1787198230,27.80651,76.33784,295,0,,,,29.15322,29.59348,24.95622
1787198230,27.74777,76.33631,295,0,,,,29.11935,29.76281,24.92235
1787198231,27.83322,76.52399,295,0,,,,29.05162,29.59348,24.85462
1787198232,27.79049,76.30427,295,0,,,,29.08549,29.69508,25.02375
1787198232,27.81987,76.37446,295,0,,,,28.98389,29.69508,25.02375
1787198233,27.79049,76.37751,295,0,,,,29.08549,29.69508,24.82096
1787198234,27.79049,76.42023,295,0,,,,28.98389,29.76281,24.82096
1787198234,27.80651,76.35004,295,0,,,,29.01776,29.59348,24.95622
1787198235,27.77714,76.30122,295,0,,,,29.11935,29.72895,24.82096
1787198236,27.73175,76.32258,295,0,,,,29.05162,29.79668,25.09148
1787198236,27.80651,76.44312,296,0,,,,29.01776,29.52575,24.88849
1787198237,27.76379,76.40192,296,0,,,,29.08549,29.66121,24.99009
1787198238,27.83322,76.40955,295,0,,,,29.05162,29.86441,24.92235
1787198238,27.79049,76.40955,295,0,,,,29.08549,29.69508,24.95622
1787198239,27.73175,76.4065,295,0,,,,29.11935,29.79668,24.99009
1787198240,27.77714,76.33173,295,0,,,,29.05162,29.66121,24.99009
1787198240,27.79049,76.50263,295,0,,,,29.08549,29.69508,24.92235
1787198241,27.77714,76.51942,295,0,,,,29.05162,29.66121,24.92235
1787198242,27.74777,76.51484,295,0,,,,29.08549,29.76281,24.85462
1787198242,27.77714,76.49805,295,0,,,,29.15322,29.69508,25.02375
1787198243,27.77714,76.55146,295,0,,,,29.05162,29.66121,24.95622
1787198243,27.81987,76.56214,295,0,,,,29.05162,29.79668,24.75323
1787198244,27.74777,76.54383,295,0,,,,29.15322,29.72895,24.82096
1787198245,27.74777,76.43244,295,0,,,,29.05162,29.72895,24.92235
1787198246,27.80651,76.52857,296,0,,,,29.08549,29.72895,24.92235
1787198246,27.73175,76.42786,295,0,,,,29.08549,29.72895,24.95622
1787198247,27.68902,76.33326,295,0,,,,29.08549,29.72895,25.05762
1787198247,27.77714,76.49805,295,0,,,,29.08549,29.52575,25.02375
1787198248,27.83322,76.34547,295,0,,,,29.05162,29.76281,24.82096
1787198249,27.73175,76.39582,295,0,,,,29.05162,29.72895,24.99009
1787198249,27.76379,76.28748,295,0,,,,29.05162,29.69508,25.05762
1787198250,27.79049,76.31495,295,0,,,,29.01776,29.76281,24.99009
1787198251,27.77714,76.24933,295,0,,,,29.05162,29.72895,24.88849
1787198251,27.81987,76.26002,295,0,,,,29.01776,29.79668,24.85462
1787198252,27.7184,76.32868,295,0,,,,29.11935,29.66121,24.99009
1787198253,27.73175,76.35462,295,0,,,,28.98389,29.55962,24.92235
1787198253,27.73175,76.16693,295,0,,,,29.15322,29.76281,24.68549
1787198254,27.73175,76.09369,295,0,,,,29.18709,29.79668,24.88849
1787198255,27.81987,76.32258,296,0,,,,29.08549,29.69508,24.82096
1787198255,27.77714,76.24017,296,0,,,,29.05162,29.69508,25.02375
1787198256,27.77714,76.24933,296,0,,,,29.15322,29.69508,24.82096
1787198257,27.79049,76.16846,295,0,,,,29.08549,29.76281,24.88849
1787198257,27.83322,76.3653,295,0,,,,28.98389,29.86441,24.88849
1787198258,27.81987,76.30122,295,0,,,,29.08549,29.66121,24.95622
1787198259,27.76379,76.36988,297,0,,,,29.05162,29.66121,24.85462
1787198259,27.79049,76.45075,295,0,,,,29.08549,29.66121,24.92235
1787198260,27.8893,76.50568,295,0,,,,29.08549,29.79668,24.85462
1787198261,27.76379,76.62012,295,0,,,,29.08549,29.62735,24.88849
1787198261,27.77714,76.72999,295,0,,,,29.08549,29.66121,24.92235
1787198262,27.73175,76.94667,295,0,,,,29.08549,29.62735,24.99009
1787198263,27.79049,77.07484,295,0,,,,29.11935,29.69508,24.85462
1787198263,27.87594,77.47158,295,0,,,,29.08549,29.66121,24.82096
1787198264,27.81987,77.75998,295,0,,,,29.11935,29.79668,25.02375
1787198265,27.80651,78.2559,296,0,,,,29.11935,29.72895,24.85462
1787198265,27.80651,78.3505,295,0,,,,29.11935,29.55962,24.78709
1787198266,27.7184,78.27726,295,0,,,,29.08549,29.69508,24.85462
1787198267,27.76379,78.20401,295,0,,,,29.08549,29.79668,24.85462
1787198267,27.81987,77.99954,295,0,,,,29.08549,29.59348,24.99009
1787198268,27.76379,77.84848,295,0,,,,29.15322,29.59348,24.99009
1787198269,27.86259,77.75998,295,0,,,,29.08549,29.59348,24.85462
1787198269,27.84657,77.51736,295,0,,,,29.11935,29.62735,24.99009
1787198270,27.84657,77.48531,295,0,,,,29.05162,29.93214,24.92235
1787198271,27.83322,77.37698,295,0,,,,29.05162,29.69508,24.88849
1787198271,27.84657,77.25338,295,0,,,,29.05162,29.72895,24.82096
1787198272,27.80651,77.12978,295,0,,,,29.15322,29.72895,24.92235
1787198273,27.77714,77.08247,295,0,,,,29.18709,29.69508,24.88849
1787198273,27.81987,76.98787,295,0,,,,29.18709,29.69508,24.88849
1787198274,27.63294,76.99702,295,0,,,,29.11935,29.79668,24.82096
1787198275,27.81987,76.82155,296,0,,,,29.05162,29.62735,24.78709
1787198275,27.81987,76.86427,295,0,,,,29.08549,29.72895,24.85462
1787198276,27.76379,76.8185,297,0,,,,29.05162,29.69508,24.99009
1787198277,27.80651,76.8597,295,0,,,,29.08549,29.69508,24.92235
1787198277,27.80651,76.60181,296,0,,,,29.11935,29.79668,24.95622
1787198278,27.83322,76.77272,295,0,,,,29.08549,29.55962,24.95622
1787198279,27.76379,76.7483,295,0,,,,29.11935,29.79668,25.09148
1787198279,27.80651,76.79866,295,0,,,,29.05162,29.62735,24.88849
1787198280,27.81987,76.94667,295,0,,,,29.08549,29.66121,24.95622
1787198281,27.86259,76.87343,295,0,,,,29.05162,29.62735,24.95622
1787198281,27.70504,76.81697,295,0,,,,29.15322,29.79668,24.92235
1787198282,27.79049,76.9192,295,0,,,,29.08549,29.55962,24.92235
1787198283,27.76379,76.83986,295,0,,,,29.08549,29.69508,24.95622
1787198283,27.80651,76.88106,295,0,,,,29.08549,29.72895,24.88849
1787198284,27.87594,76.67963,295,0,,,,29.08549,29.72895,24.78709
1787198285,27.8893,76.7132,296,0,,,,29.11935,29.62735,24.95622
1787198285,27.77714,76.67658,295,0,,,,29.08549,29.79668,25.05762
1787198286,27.74777,76.70252,295,0,,,,29.08549,29.83055,24.99009
1787198287,27.84657,76.70405,295,0,,,,29.01776,29.59348,24.92235
1787198287,27.77714,76.51942,296,0,,,,29.08549,29.59348,24.92235
1787198288,27.7184,76.69489,295,0,,,,29.05162,29.76281,24.85462
1787198288,27.80651,76.30885,295,0,,,,29.11935,29.69508,24.95622
1787198289,27.74777,76.45075,295,0,,,,29.11935,29.59348,24.99009
1787198290,27.83322,76.49195,295,0,,,,29.01776,29.79668,24.88849
1787198290,27.81987,76.40498,295,0,,,,29.01776,29.62735,25.09148
1787198291,27.81987,76.36378,295,0,,,,29.15322,29.69508,24.95622
1787198292,27.80651,76.33784,295,0,,,,29.08549,29.66121,24.78709
1787198292,27.77714,76.31037,295,0,,,,29.05162,29.59348,24.88849
1787198293,27.83322,76.29511,295,0,,,,29.15322,29.62735,24.85462
1787198294,27.76379,76.35004,295,0,,,,29.08549,29.55962,24.92235
1787198294,27.74777,76.1593,295,0,,,,29.01776,29.59348,24.75323
1787198295,27.81987,76.22797,296,0,,,,29.11935,29.76281,24.95622
1787198296,27.77714,76.22797,295,0,,,,29.11935,29.79668,24.78709
1787198296,27.84657,76.22339,296,0,,,,29.11935,29.59348,25.05762
1787198297,27.83322,76.2417,295,0,,,,29.08549,29.62735,24.92235
1787198298,27.76379,76.2356,295,0,,,,29.05162,29.69508,25.02375
1787198298,27.79049,76.37751,295,0,,,,29.05162,29.62735,24.85462
1787198299,27.87594,76.25085,295,0,,,,29.05162,29.72895,24.92235
1787198300,27.74777,76.23254,295,0,,,,29.11935,29.69508,24.95622
1787198300,27.79049,76.31495,295,0,,,,29.08549,29.83055,24.95622
1787198301,27.84657,76.40192,295,0,,,,29.11935,29.62735,24.88849
1787198302,27.81987,76.59418,295,0,,,,29.08549,29.59348,24.99009
1787198302,27.77714,76.4889,295,0,,,,29.11935,29.79668,24.99009
1787198303,27.73175,76.6659,295,0,,,,29.05162,29.76281,24.92235
1787198304,27.79049,76.64759,295,0,,,,29.15322,29.62735,24.95622
1787198304,27.76379,76.76662,295,0,,,,29.08549,29.76281,25.09148
1787198305,27.7184,76.64301,295,0,,,,29.05162,29.66121,24.78709
1787198306,27.81987,76.6659,296,0,,,,29.11935,29.72895,25.09148
1787198306,27.76379,76.61097,296,0,,,,28.98389,29.62735,25.02375
1787198307,27.83322,76.54383,296,0,,,,29.11935,29.59348,24.85462
1787198308,27.77714,76.6247,295,0,,,,29.08549,29.69508,24.85462
1787198308,27.7184,76.49653,295,0,,,,28.98389,29.66121,25.09148
1787198309,27.74777,76.55604,295,0,,,,29.11935,29.72895,24.82096
1787198310,27.84657,76.43244,295,0,,,,29.08549,29.69508,25.02375
1787198310,27.79049,76.45991,295,0,,,,29.08549,29.55962,24.95622
1787198311,27.76379,76.48432,295,0,,,,29.11935,29.66121,25.09148
1787198312,27.80651,76.35004,295,0,,,,29.15322,29.72895,24.92235
1787198312,27.77714,76.22797,295,0,,,,29.08549,29.79668,24.95622
1787198313,27.83322,76.22186,295,0,,,,29.05162,29.66121,24.88849
1787198314,27.81987,76.34241,295,0,,,,29.11935,29.62735,24.85462
1787198314,27.80651,76.1944,295,0,,,,29.08549,29.62735,24.95622
1787198315,27.70504,76.1181,296,0,,,,29.05162,29.59348,24.92235
1787198316,27.76379,76.16235,296,0,,,,29.11935,29.69508,25.05762
1787198316,27.79049,76.20966,296,0,,,,29.11935,29.76281,24.92235
1787198317,27.76379,76.25849,295,0,,,,29.08549,29.66121,25.12535
1787198318,27.80651,76.33784,295,0,,,,29.05162,29.69508,24.99009
1787198318,27.80651,76.2356,295,0,,,,29.05162,29.55962,24.85462
1787198319,27.81987,76.26002,295,0,,,,29.05162,29.72895,24.88849
1787198320,27.87594,76.23102,295,0,,,,29.08549,29.66121,24.92235
1787198320,27.83322,76.22186,295,0,,,,29.15322,29.69508,24.88849
1787198321,27.7184,76.25849,295,0,,,,29.08549,29.66121,24.99009
1787198322,27.81987,76.29206,295,0,,,,29.11935,29.69508,24.95622
1787198322,27.90532,76.35157,295,0,,,,29.01776,29.83055,24.95622
1787198323,27.81987,76.28138,295,0,,,,28.98389,29.62735,25.05762
1787198324,27.83322,76.28291,295,0,,,,29.01776,29.62735,24.88849
1787198324,27.86259,76.37446,295,0,,,,29.05162,29.83055,24.88849
1787198325,27.73175,76.21881,296,0,,,,29.15322,29.72895,24.95622
1787198326,27.83322,76.29511,295,0,,,,29.05162,29.79668,25.05762
1787198326,27.79049,76.47059,295,0,,,,29.05162,29.79668,24.85462
1787198327,27.83322,76.49195,296,0,,,,29.05162,29.59348,24.92235
1787198328,27.79049,76.45075,296,0,,,,29.08549,29.62735,24.99009
1787198328,27.76379,76.49653,295,0,,,,29.11935,29.59348,24.85462
1787198329,27.79049,76.49195,295,0,,,,29.08549,29.66121,24.95622
1787198330,27.80651,76.52857,295,0,,,,29.08549,29.72895,24.88849
1787198330,27.77714,76.45686,295,0,,,,29.08549,29.79668,24.85462
1787198331,27.76379,76.42329,295,0,,,,29.11935,29.72895,25.19288
1787198331,27.74777,76.47059,295,0,,,,29.15322,29.62735,25.05762
1787198332,27.74777,76.32716,295,0,,,,29.11935,29.72895,24.88849
1787198333,27.81987,76.42786,295,0,,,,29.08549,29.86441,24.68549
1787198333,27.80651,76.46449,295,0,,,,29.01776,29.59348,24.92235
1787198334,27.81987,76.31037,295,0,,,,28.98389,29.79668,24.99009
1787198335,27.79049,76.42939,296,0,,,,29.08549,29.66121,25.09148
1787198335,27.79049,76.42023,295,0,,,,29.01776,29.66121,25.05762
1787198336,27.73175,76.38667,296,0,,,,29.01776,29.69508,24.95622
1787198337,27.81987,76.46601,295,0,,,,29.11935,29.83055,24.88849
1787198337,27.76379,76.28748,295,0,,,,29.01776,29.62735,24.88849
1787198338,27.81987,76.30122,295,0,,,,29.01776,29.62735,25.05762
1787198339,27.74777,76.2646,295,0,,,,29.08549,29.59348,24.82096
1787198339,27.84657,76.26765,295,0,,,,29.15322,29.66121,24.85462
1787198340,27.80651,76.41413,295,0,,,,29.05162,29.69508,24.88849
1787198341,27.67567,76.36073,295,0,,,,28.98389,29.66121,24.99009
1787198341,27.84657,76.37904,295,0,,,,29.11935,29.52575,25.02375
1787198342,27.77714,76.29206,295,0,,,,29.05162,29.55962,24.85462
1787198343,27.81987,76.28138,295,0,,,,29.08549,29.66121,24.99009
1787198343,27.77714,76.30122,295,0,,,,29.05162,29.69508,24.85462
1787198344,27.74777,76.40955,295,0,,,,29.11935,29.72895,24.85462
1787198345,27.80651,76.30885,297,0,,,,29.01776,29.72895,24.95622
1787198345,27.81987,76.33173,296,0,,,,29.01776,29.69508,24.88849
1787198346,27.80651,76.40192,296,0,,,,29.08549,29.66121,24.95622
1787198347,27.79049,76.45075,295,0,,,,28.98389,29.69508,24.88849
1787198347,27.79049,76.37751,295,0,,,,29.05162,29.76281,24.95622
1787198348,27.80651,76.49653,295,0,,,,29.08549,29.62735,24.78709
1787198349,27.79049,76.42023,296,0,,,,29.18709,29.66121,25.12535
1787198349,27.77714,76.42786,295,0,,,,29.08549,29.76281,24.85462
1787198350,27.80651,76.42329,295,0,,,,29.08549,29.62735,24.88849
1787198351,27.77714,76.43702,295,0,,,,29.05162,29.62735,24.88849
1787198351,27.77714,76.41566,295,0,,,,29.01776,29.72895,24.92235
1787198352,27.79049,76.30427,295,0,,,,29.05162,29.55962,24.88849
1787198353,27.77714,76.41566,295,0,,,,29.01776,29.72895,24.99009
1787198353,27.77714,76.42786,295,0,,,,29.18709,29.59348,24.92235
1787198354,27.83322,76.46143,295,0,,,,29.15322,29.52575,24.95622
1787198355,27.80651,76.29969,296,0,,,,29.01776,29.52575,24.95622
1787198355,27.76379,76.41413,295,0,,,,29.01776,29.55962,24.99009
1787198356,27.76379,76.318,296,0,,,,29.08549,29.69508,25.09148
1787198357,27.7184,76.39277,296,0,,,,29.05162,29.55962,24.82096
1787198357,27.7184,76.51637,295,0,,,,29.01776,29.62735,25.05762
1787198358,27.83322,76.3653,295,0,,,,29.05162,29.66121,24.88849
1787198359,27.84657,76.45533,295,0,,,,28.98389,29.83055,24.85462
1787198359,27.90532,76.42481,295,0,,,,29.05162,29.69508,24.92235
1787198360,27.73175,76.41566,295,0,,,,29.15322,29.72895,24.95622
1787198361,27.73175,76.46906,295,0,,,,29.05162,29.72895,25.02375
1787198361,27.77714,76.45686,295,0,,,,29.05162,29.52575,24.95622
1787198362,27.81987,76.5301,295,0,,,,29.15322,29.76281,24.95622
1787198363,27.73175,76.51026,295,0,,,,29.15322,29.62735,24.92235
1787198363,27.79049,76.4416,295,0,,,,29.11935,29.66121,24.95622
1787198364,27.74777,76.58808,295,0,,,,29.08549,29.79668,24.85462
1787198365,27.74777,76.52399,296,0,,,,29.01776,29.66121,24.95622
1787198365,27.80651,76.44312,295,0,,,,28.98389,29.72895,24.92235
1787198366,27.79049,76.61707,295,0,,,,29.05162,29.72895,24.88849
1787198367,27.80651,76.53773,295,0,,,,29.08549,29.76281,24.95622
1787198367,27.83322,76.46143,295,0,,,,29.08549,29.72895,24.78709
1787198368,27.87594,76.40955,295,0,,,,28.98389,29.69508,24.88849
1787198369,27.84657,76.42329,295,0,,,,29.01776,29.69508,24.92235
1787198369,27.74777,76.47059,295,0,,,,29.08549,29.76281,24.82096
1787198370,27.76379,76.30885,295,0,,,,29.08549,29.76281,24.88849
1787198371,27.80651,76.28748,295,0,,,,29.11935,29.69508,24.99009
1787198371,27.83322,76.28291,295,0,,,,29.08549,29.79668,25.09148
1787198372,27.73175,76.29053,295,0,,,,29.15322,29.79668,24.82096
1787198373,27.74777,76.32716,295,0,,,,29.08549,29.69508,24.88849
1787198373,27.73175,76.27222,295,0,,,,29.08549,29.66121,24.88849
1787198374,27.67567,76.22644,295,0,,,,29.11935,29.66121,24.92235
1787198375,27.81987,76.38361,296,0,,,,29.05162,29.62735,24.85462
1787198375,27.79049,76.25391,296,0,,,,29.05162,29.59348,24.88849
1787198376,27.84657,76.2356,296,0,,,,29.08549,29.66121,24.99009
1787198376,27.68902,76.28138,296,0,,,,29.05162,29.69508,24.85462
1787198377,27.76379,76.27833,296,0,,,,28.98389,29.69508,24.99009
1787198378,27.80651,76.42329,295,0,,,,29.08549,29.62735,24.99009
1787198378,27.81987,76.26002,295,0,,,,29.08549,29.66121,24.88849
1787198379,27.80651,76.28748,295,0,,,,29.08549,29.66121,24.85462
1787198380,27.80651,76.30885,295,0,,,,29.15322,29.76281,24.95622
1787198380,27.70504,76.2768,295,0,,,,29.11935,29.69508,24.99009
1787198381,27.79049,76.18982,295,0,,,,29.08549,29.76281,24.95622
1787198382,27.76379,76.24628,295,0,,,,29.01776,29.72895,24.95622
1787198382,27.77714,76.12573,295,0,,,,29.05162,29.62735,24.88849
1787198383,27.74777,76.24475,295,0,,,,29.01776,29.76281,24.75323
1787198384,27.83322,76.26307,295,0,,,,29.11935,29.72895,24.99009
1787198384,27.80651,76.32868,295,0,,,,29.08549,29.62735,24.88849
1787198385,27.76379,76.26765,295,0,,,,29.05162,29.72895,24.85462
1787198386,27.77714,76.18677,295,0,,,,29.01776,29.55962,24.95622
1787198386,27.68902,76.19897,295,0,,,,29.11935,29.66121,24.88849
1787198387,27.79049,76.22186,295,0,,,,29.05162,29.62735,24.82096
1787198388,27.76379,76.25849,295,0,,,,28.95002,29.76281,24.99009
1787198388,27.74777,76.22186,295,0,,,,29.08549,29.86441,24.99009
1787198389,27.70504,76.23254,295,0,,,,28.98389,29.72895,24.92235
1787198390,27.74777,76.19135,295,0,,,,29.01776,29.62735,24.85462
1787198390,27.79049,76.25391,295,0,,,,29.01776,29.66121,24.95622
1787198391,27.80651,76.21423,295,0,,,,29.11935,29.66121,25.02375
1787198392,27.81987,76.13489,295,0,,,,29.08549,29.59348,24.95622
1787198392,27.74777,76.19135,295,0,,,,29.11935,29.76281,25.09148
1787198393,27.76379,76.1944,295,0,,,,28.95002,29.79668,25.05762
1787198394,27.83322,76.10742,295,0,,,,29.01776,29.69508,25.05762
1787198394,27.79049,76.22186,295,0,,,,29.01776,29.72895,24.82096
1787198395,27.86259,76.26917,295,0,,,,29.11935,29.69508,24.88849
1787198396,27.93202,76.25544,295,0,,,,29.01776,29.55962,24.92235
1787198396,27.77714,76.14404,295,0,,,,29.05162,29.72895,25.02375
1787198397,27.73175,76.21881,295,0,,,,28.98389,29.72895,24.99009
1787198398,27.79049,76.12726,295,0,,,,29.01776,29.72895,24.85462
1787198398,27.79049,76.18066,295,0,,,,29.08549,29.62735,25.02375
1787198399,27.7184,76.14099,295,0,,,,29.01776,29.69508,24.85462
1787198400,27.76379,76.21423,295,0,,,,29.01776,29.72895,24.82096
1787198400,27.77714,76.18677,295,0,,,,29.01776,29.72895,24.88849
1787198401,27.79049,76.22186,295,0,,,,28.95002,29.76281,24.85462
1787198402,27.77714,76.20813,296,0,,,,29.11935,29.79668,24.95622
1787198402,27.76379,76.22644,296,0,,,,29.05162,29.66121,24.82096
