TS,Tamb,Hamb,DirVento,VelVento,NivelAgua,NivelAguaC,radSolar,Ttanque1,Ttanque2,Ttanque3
1785121200,26.6289,85.72976,90,0,234,,1,27.29098,26.47879,23.13006
1785121201,26.64225,85.69009,90,0,234,,1,27.25711,26.51246,23.0962
1785121201,26.54345,85.68398,90,0,234,,1,27.12165,26.54632,23.02867
1785121202,26.58618,85.69466,90,0,234,,1,27.18938,26.41106,23.13006
1785121203,26.64225,85.8671,90,0,234,,1,27.25711,26.51246,22.9948
1785121203,26.57282,85.74349,90,0,234,,1,27.22325,26.47879,22.9948
1785121204,26.57282,85.90829,90,0,234,,1,27.32484,26.44473,23.1978
1785121205,26.59953,85.86404,90,0,234,,1,27.22325,26.44473,23.0962
1785121205,26.5301,86.06088,90,0,234,,1,27.25711,26.47879,23.02867
1785121206,26.57282,86.18753,90,0,234,,1,27.32484,26.44473,23.16393
1785121207,26.64225,86.43473,90,0,233,,1,27.15551,26.34333,22.9948
1785121207,26.64225,86.56748,90,0,234,,1,27.39258,26.41106,23.0962
1785121208,26.6556,86.83299,90,0,234,,1,27.25711,26.44473,23.13006
1785121209,26.59953,87.02068,90,0,234,,1,27.22325,26.51246,23.06253
1785121209,26.64225,87.26025,90,0,233,,1,27.18938,26.44473,23.13006
1785121210,26.6556,87.42046,90,0,234,,1,27.42644,26.44473,23.13006
1785121211,26.6743,87.48455,90,0,234,,1,27.15551,26.54632,23.06253
1785121211,26.61288,87.64477,90,0,234,,1,27.29098,26.44473,22.9948
1785121212,26.701,87.85535,90,0,235,,1,27.35871,26.51246,23.13006
1785121213,26.74372,88.00183,90,0,234,,1,27.29098,26.47879,23.0962
1785121214,26.6556,88.1651,90,0,234,,1,27.15551,26.54632,23.13006
1785121214,26.701,88.36347,90,0,234,,1,27.29098,26.51246,23.13006
1785121215,26.64225,88.53132,90,0,234,,1,27.29098,26.44473,23.06253
1785121216,26.74372,88.79836,90,0,234,,1,27.22325,26.47879,23.06253
1785121216,26.71435,88.74799,90,0,233,,1,27.39258,26.41106,23.02867
1785121217,26.6743,88.7892,90,0,234,,1,27.18938,26.41106,23.0962
1785121218,26.57282,88.72816,90,0,234,,1,27.22325,26.30946,23.0962
1785121218,26.6556,88.72053,90,0,234,,1,27.15551,26.41106,23.02867
1785121219,26.57282,88.52216,90,0,234,,1,27.22325,26.34333,23.0962
1785121220,26.64225,88.5008,90,0,234,,1,27.22325,26.64792,22.9948
1785121220,26.6289,88.19867,90,0,233,,1,27.18938,26.47879,23.0962
1785121221,26.6289,88.07355,90,0,234,,1,27.29098,26.54632,23.06253
1785121222,26.58618,87.9881,90,0,234,,1,27.35871,26.37719,23.0962
1785121222,26.59953,87.90875,90,0,235,,1,27.15551,26.51246,23.0962
1785121223,26.61288,87.82178,90,0,234,,1,27.29098,26.54632,23.0962
1785121224,26.59953,87.6524,90,0,234,,1,27.29098,26.51246,23.02867
1785121224,26.5568,87.46471,90,0,234,,1,27.12165,26.47879,23.13006
1785121225,26.57282,87.28161,90,0,234,,1,27.25711,26.54632,23.02867
1785121226,26.58618,87.10002,90,0,234,,1,27.22325,26.41106,23.0962
1785121226,26.44465,87.03899,90,0,234,,1,27.29098,26.44473,22.9948
1785121227,26.51675,86.86198,90,0,234,,1,27.22325,26.54632,23.13006
1785121228,26.64225,86.79637,90,0,234,,1,27.22325,26.47879,23.0962
1785121228,26.50072,86.62241,90,0,234,,1,27.35871,26.51246,23.06253
1785121229,26.57282,86.50797,90,0,234,,1,27.25711,26.44473,23.06253
1785121230,26.59953,86.48508,90,0,234,,1,27.22325,26.47879,23.13006
1785121231,26.54345,86.29282,90,0,234,,1,27.25711,26.61406,23.0962
1785121231,26.51675,86.19211,90,0,234,,1,27.18938,26.54632,23.06253
1785121232,26.57282,86.20737,90,0,234,,1,27.32484,26.61406,23.23146
1785121233,26.51675,86.01816,90,0,234,,1,27.15551,26.44473,22.9948
1785121233,26.48737,85.98764,90,0,234,,1,27.18938,26.51246,22.96113
1785121234,26.48737,85.7496,90,0,234,,1,27.12165,26.54632,23.02867
1785121235,26.5301,85.69009,90,0,234,,1,27.22325,26.44473,23.06253
1785121235,26.5301,85.71145,90,0,234,,1,27.22325,26.54632,23.16393
1785121236,26.6556,85.56954,90,0,234,,1,27.29098,26.41106,22.9948
1785121237,26.57282,85.63973,90,0,234,,1,27.22325,26.47879,23.06253
1785121237,26.59953,85.59396,90,0,234,,1,27.29098,26.37719,23.06253
1785121238,26.5301,85.5848,90,0,233,,1,27.18938,26.47879,22.9948
1785121239,26.51675,85.60311,90,0,234,,1,27.29098,26.64792,23.13006
1785121239,26.44465,85.63515,90,0,234,,1,27.22325,26.54632,23.06253
1785121240,26.50072,85.69314,90,0,234,,1,27.29098,26.37719,23.02867
1785121241,26.59953,85.74044,90,0,234,,1,27.15551,26.47879,23.0962
1785121241,26.58618,85.73586,90,0,234,,1,27.22325,26.51246,23.02867
1785121242,26.47402,85.66262,90,0,234,,1,27.29098,26.51246,23.02867
1785121243,26.47402,85.56039,90,0,234,,1,27.29098,26.44473,23.06253
1785121243,26.59953,85.59396,90,0,234,,1,27.18938,26.51246,23.0962
1785121244,26.51675,85.35592,90,0,234,,1,27.25711,26.41106,23.02867
1785121245,26.54345,85.23994,90,0,234,,1,27.12165,26.51246,23.0962
1785121245,26.5301,85.17281,90,0,234,,1,27.22325,26.34333,23.02867
1785121246,26.50072,85.13466,90,0,234,,1,27.29098,26.54632,23.02867
1785121247,26.4313,85.09346,90,0,234,,1,27.29098,26.54632,23.02867
1785121248,26.57282,84.90578,90,0,234,,1,27.05412,26.47879,22.96113
1785121248,26.5301,84.86458,90,0,234,,1,27.29098,26.44473,22.9948
1785121249,26.5301,84.69672,90,0,233,,1,27.15551,26.44473,23.13006
1785121250,26.5301,84.79134,90,0,234,,1,27.18938,26.47879,23.0962
1785121250,26.5301,84.58533,90,0,234,,1,27.32484,26.47879,23.16393
1785121251,26.5568,84.55939,90,0,234,,1,27.32484,26.44473,23.0962
1785121252,26.61288,84.60822,90,0,234,,1,27.35871,26.51246,23.06253
1785121252,26.5301,84.49073,90,0,235,,1,27.25711,26.54632,23.0962
1785121253,26.4313,84.43427,90,0,234,,1,27.18938,26.41106,23.1978
1785121254,26.5301,84.49073,90,0,234,,1,27.18938,26.30946,23.13006
1785121254,26.51675,84.4358,90,0,234,,1,27.29098,26.30946,23.0962
1785121255,26.54345,84.50446,90,0,235,,1,27.35871,26.64792,23.16393
1785121256,26.50072,84.37934,90,0,234,,1,27.22325,26.44473,23.13006
1785121256,26.54345,84.45411,90,0,234,,1,27.18938,26.54632,23.02867
1785121257,26.54345,84.36103,90,0,234,,1,27.22325,26.54632,23.0962
1785121258,26.51675,84.44801,90,0,234,,1,27.25711,26.44473,23.13006
1785121258,26.54345,84.50446,90,0,234,,1,27.22325,26.54632,23.16393
1785121259,26.5301,84.41749,90,0,234,,1,27.29098,26.61406,23.06253
1785121260,26.5568,84.26032,90,0,234,,1,27.32484,26.51246,23.0962
1785121260,26.5568,84.3122,90,0,234,,1,27.18938,26.47879,23.0962
1785121261,26.5301,84.21149,90,0,234,,1,27.25711,26.58019,23.02867
1785121262,26.51675,84.18707,90,0,234,,1,27.18938,26.47879,23.0962
1785121263,26.54345,84.24658,90,0,234,,1,27.22325,26.51246,23.06253
1785121263,26.5301,84.25269,90,0,234,,1,27.25711,26.41106,23.16393
1785121264,26.5568,84.1886,90,0,234,,1,27.18938,26.51246,23.1978
1785121265,26.58618,84.13367,90,0,234,,1,27.18938,26.44473,23.02867
1785121265,26.5568,84.06348,90,0,234,,1,27.25711,26.41106,23.0962
1785121266,26.58618,84.03296,90,0,234,,1,27.22325,26.54632,23.0962
1785121267,26.51675,84.01312,90,0,234,,1,27.22325,26.58019,23.0962
1785121267,26.54345,83.96887,90,0,234,,1,27.08778,26.37719,23.23146
1785121268,26.50072,84.01923,90,0,234,,1,27.25711,26.51246,23.06253
1785121269,26.48737,83.92157,90,0,234,,1,27.39258,26.58019,23.0962
1785121269,26.47402,83.94904,90,0,234,,1,27.22325,26.44473,22.9948
1785121270,26.58618,83.89563,90,0,234,,1,27.15551,26.61406,23.16393
1785121271,26.5568,83.95056,90,0,234,,1,27.32484,26.58019,23.06253
1785121271,26.48737,83.86816,90,0,234,,1,27.08778,26.47879,23.02867
1785121272,26.50072,83.7583,90,0,234,,1,27.29098,26.51246,23.13006
1785121273,26.5568,83.77509,90,0,234,,1,27.25711,26.61406,23.0962
1785121273,26.6556,83.67895,90,0,234,,1,27.25711,26.44473,23.06253
1785121274,26.50072,83.81171,90,0,234,,1,27.12165,26.47879,23.13006
1785121275,26.59953,83.60113,90,0,234,,1,27.32484,26.61406,23.0962
1785121275,26.58618,83.73388,90,0,234,,1,27.18938,26.41106,23.02867
1785121276,26.50072,83.5935,90,0,234,,1,27.22325,26.47879,23.13006
1785121277,26.57282,83.66674,90,0,234,,1,27.22325,26.51246,23.0962
1785121277,26.48737,83.7354,90,0,234,,1,27.22325,26.54632,23.0962
1785121278,26.51675,83.71252,90,0,234,,1,27.25711,26.37719,23.06253
1785121279,26.58618,83.72167,90,0,234,,1,27.02005,26.41106,23.23146
1785121279,26.57282,83.65606,90,0,234,,1,27.22325,26.47879,23.0962
1785121280,26.5568,83.68353,90,0,234,,1,27.35871,26.41106,23.1978
1785121281,26.54345,83.76135,90,0,234,,1,27.18938,26.44473,23.0962
1785121282,26.51675,83.72167,90,0,234,,1,27.15551,26.51246,23.02867
1785121282,26.58618,83.7522,90,0,234,,1,27.22325,26.30946,23.16393
1785121283,26.47402,83.80408,90,0,234,,1,27.22325,26.47879,22.9948
1785121284,26.6289,83.81628,90,0,235,,1,27.25711,26.61406,23.13006
1785121284,26.59953,83.69421,90,0,234,,1,27.15551,26.54632,23.0962
1785121285,26.57282,83.6881,90,0,234,,1,27.18938,26.41106,23.06253
1785121286,26.58618,83.51415,90,0,233,,1,27.12165,26.37719,23.16393
1785121286,26.57282,83.60265,90,0,234,,1,27.29098,26.54632,23.16393
1785121287,26.5301,83.64385,90,0,234,,1,27.18938,26.44473,23.13006
1785121288,26.51675,83.55993,90,0,234,,1,27.29098,26.58019,23.02867
1785121288,26.5301,83.52026,90,0,234,,1,27.32484,26.58019,23.06253
1785121289,26.458,83.53246,90,0,234,,1,27.22325,26.47879,23.1978
1785121290,26.57282,83.6759,90,0,234,,1,27.25711,26.64792,23.06253
1785121290,26.5568,83.58892,90,0,234,,1,27.18938,26.51246,23.02867
1785121291,26.61288,83.66674,90,0,234,,1,27.22325,26.51246,23.06253
1785121292,26.5301,83.56145,90,0,234,,1,27.22325,26.64792,23.06253
1785121292,26.51675,83.59808,90,0,234,,1,27.22325,26.47879,23.02867
1785121293,26.58618,83.53704,90,0,234,,1,27.25711,26.61406,23.0962
1785121294,26.48737,83.51873,90,0,235,,1,27.46011,26.51246,23.06253
1785121294,26.58618,83.77203,90,0,234,,1,27.22325,26.41106,23.06253
1785121295,26.61288,83.62554,90,0,234,,1,27.32484,26.47879,23.06253
1785121296,26.458,83.65606,90,0,234,,1,27.25711,26.47879,23.0962
1785121296,26.59953,83.96277,90,0,234,,1,27.15551,26.51246,23.06253
1785121297,26.51675,83.69268,90,0,234,,1,27.12165,26.54632,23.02867
1785121298,26.57282,84.07874,90,0,234,,1,27.22325,26.44473,23.0962
1785121298,26.6289,83.95056,90,0,234,,1,27.29098,26.44473,23.06253
1785121299,26.5568,84.34425,90,0,234,,1,27.32484,26.30946,23.1978
1785121300,26.61288,84.44038,90,0,234,,1,27.22325,26.51246,23.06253
1785121301,26.5568,84.50751,90,0,234,,1,27.35871,26.51246,23.06253
1785121301,26.5301,84.33814,90,0,234,,1,27.29098,26.58019,23.13006
1785121302,26.47402,84.26032,90,0,234,,1,27.15551,26.37719,23.13006
1785121303,26.59953,84.38544,90,0,234,,1,27.35871,26.51246,23.16393
1785121303,26.51675,84.19775,90,0,234,,1,27.15551,26.51246,23.02867
1785121304,26.5568,84.01312,90,0,234,,1,27.22325,26.64792,23.16393
1785121305,26.50072,84.12299,90,0,234,,1,27.22325,26.58019,23.1978
1785121305,26.5568,84.06348,90,0,234,,1,27.22325,26.51246,23.13006
1785121306,26.54345,83.94598,90,0,234,,1,27.29098,26.34333,23.02867
1785121307,26.50072,83.84375,90,0,234,,1,27.22325,26.51246,23.06253
1785121307,26.61288,84.04974,90,0,234,,1,27.32484,26.41106,22.9948
1785121308,26.58618,83.91699,90,0,234,,1,27.35871,26.47879,23.0962
1785121309,26.58618,84.04211,90,0,234,,1,27.22325,26.51246,23.16393
1785121309,26.61288,84.25574,90,0,234,,1,27.25711,26.37719,22.9948
1785121310,26.64225,84.2649,90,0,234,,1,27.25711,26.30946,23.0962
1785121311,26.5301,84.28474,90,0,234,,1,27.29098,26.47879,23.06253
1785121311,26.5301,84.44038,90,0,233,,1,27.22325,26.61406,23.0962
1785121312,26.57282,84.56397,90,0,234,,1,27.08778,26.37719,23.0962
1785121313,26.54345,84.65095,90,0,234,,1,27.42644,26.44473,23.0962
1785121313,26.59953,84.72724,90,0,235,,1,27.12165,26.54632,23.13006
1785121314,26.59953,84.66773,90,0,234,,1,27.29098,26.41106,22.9948
1785121315,26.47402,84.48463,90,0,234,,1,27.22325,26.68159,23.1978
1785121315,26.57282,84.37934,90,0,234,,1,27.32484,26.54632,23.0962
1785121316,26.58618,84.22827,90,0,234,,1,27.15551,26.58019,23.16393
1785121317,26.58618,84.15503,90,0,234,,1,27.25711,26.47879,23.13006
1785121318,26.5301,83.96429,90,0,234,,1,27.22325,26.54632,23.06253
1785121318,26.59953,83.93073,90,0,234,,1,27.35871,26.51246,23.16393
1785121319,26.6289,83.88953,90,0,234,,1,27.15551,26.37719,23.16393
1785121320,26.58618,83.68963,90,0,234,,1,27.22325,26.54632,23.13006
1785121320,26.59953,83.7354,90,0,234,,1,27.22325,26.51246,23.16393
1785121321,26.57282,83.69726,90,0,234,,1,27.12165,26.58019,23.06253
1785121322,26.5568,83.58892,90,0,233,,1,27.25711,26.41106,23.02867
1785121322,26.5301,83.44701,90,0,234,,1,27.18938,26.44473,23.13006
1785121323,26.58618,83.505,90,0,234,,1,27.18938,26.51246,23.13006
1785121324,26.5301,83.41497,90,0,234,,1,27.22325,26.58019,23.1978
1785121324,26.59953,83.34173,90,0,234,,1,27.29098,26.47879,23.02867
1785121325,26.57282,83.28222,90,0,234,,1,27.25711,26.41106,23.0962
1785121326,26.5568,83.37225,90,0,234,,1,27.25711,26.47879,23.06253
1785121326,26.61288,83.13878,90,0,234,,1,27.22325,26.51246,23.02867
1785121327,26.58618,83.40124,90,0,234,,1,27.22325,26.47879,23.13006
1785121328,26.61288,83.24406,90,0,234,,1,27.08778,26.37719,23.0962
1785121328,26.54345,83.13115,90,0,234,,1,27.22325,26.47879,23.0962
1785121329,26.6289,83.2166,90,0,234,,1,27.29098,26.37719,23.06253
1785121330,26.51675,83.27764,90,0,234,,1,27.32484,26.41106,23.06253
1785121330,26.54345,83.26391,90,0,234,,1,27.18938,26.30946,23.1978
1785121331,26.58618,83.23643,90,0,234,,1,27.39258,26.47879,23.13006
1785121332,26.51675,83.47448,90,0,234,,1,27.18938,26.51246,22.9948
1785121333,26.57282,83.41955,90,0,234,,1,27.22325,26.58019,23.0962
1785121333,26.59953,83.43633,90,0,234,,1,27.32484,26.30946,23.0962
1785121334,26.59953,83.47753,90,0,234,,1,27.22325,26.68159,23.0962
1785121335,26.57282,83.45007,90,0,234,,1,27.32484,26.51246,23.06253
1785121335,26.58618,83.5462,90,0,234,,1,27.22325,26.51246,23.13006
1785121336,26.64225,83.5935,90,0,234,,1,27.25711,26.37719,23.06253
1785121337,26.51675,83.61028,90,0,234,,1,27.12165,26.37719,23.06253
1785121337,26.54345,83.60571,90,0,234,,1,27.18938,26.54632,23.13006
1785121338,26.6289,83.66064,90,0,234,,1,27.22325,26.44473,23.06253
1785121339,26.54345,83.55535,90,0,234,,1,27.18938,26.47879,23.06253
1785121339,26.51675,83.75372,90,0,234,,1,27.32484,26.41106,23.02867
1785121340,26.64225,83.61181,90,0,234,,1,27.15551,26.54632,23.06253
1785121341,26.5568,83.58892,90,0,234,,1,27.25711,26.54632,23.16393
1785121341,26.57282,83.5935,90,0,234,,1,27.25711,26.54632,23.13006
1785121342,26.5568,83.64233,90,0,234,,1,27.22325,26.37719,23.06253
1785121343,26.5301,83.66521,90,0,234,,1,27.18938,26.44473,23.0962
1785121343,26.61288,83.61486,90,0,235,,1,27.42644,26.51246,23.02867
1785121344,26.68765,83.57366,90,0,234,,1,27.22325,26.44473,23.02867
1785121345,26.58618,83.61639,90,0,234,,1,27.22325,26.44473,23.02867
1785121345,26.54345,83.57519,90,0,234,,1,27.25711,26.41106,23.1978
1785121346,26.58618,83.62859,90,0,234,,1,27.22325,26.37719,23.06253
1785121347,26.57282,83.64385,90,0,233,,1,27.18938,26.47879,23.0962
1785121347,26.64225,83.70641,90,0,234,,1,27.35871,26.37719,22.9948
1785121348,26.5568,83.57824,90,0,234,,1,27.25711,26.58019,23.0962
1785121349,26.58618,83.59655,90,0,234,,1,27.32484,26.58019,23.0962
1785121349,26.6743,83.61028,90,0,234,,1,27.18938,26.47879,23.23146
1785121350,26.6743,83.61944,90,0,234,,1,27.18938,26.51246,23.0962
1785121351,26.6289,83.53704,90,0,234,,1,27.22325,26.44473,23.02867
1785121352,26.59953,83.44549,90,0,234,,1,27.25711,26.51246,23.06253
1785121352,26.5301,83.45922,90,0,234,,1,27.32484,26.58019,23.0962
1785121353,26.59953,83.40582,90,0,234,,1,27.12165,26.54632,23.0962
1785121354,26.58618,83.2868,90,0,234,,1,27.22325,26.47879,23.02867
1785121354,26.59953,83.44549,90,0,234,,1,27.22325,26.54632,23.16393
1785121355,26.59953,83.25017,90,0,234,,1,27.15551,26.54632,23.1978
1785121356,26.6743,83.41497,90,0,234,,1,27.22325,26.41106,23.0962
1785121356,26.57282,83.31426,90,0,234,,1,27.29098,26.54632,23.0962
1785121357,26.64225,83.42718,90,0,234,,1,27.15551,26.58019,22.9948
1785121358,26.5568,83.40429,90,0,233,,1,27.42644,26.47879,23.13006
1785121358,26.5301,83.38598,90,0,234,,1,27.15551,26.44473,23.06253
1785121359,26.59953,83.41497,90,0,233,,1,27.29098,26.54632,23.02867
1785121360,26.58618,83.51415,90,0,234,,1,27.29098,26.64792,22.96113
1785121360,26.57282,83.50042,90,0,234,,1,27.29098,26.44473,23.0962
1785121361,26.61288,83.62554,90,0,233,,1,27.18938,26.37719,22.9948
1785121362,26.59953,83.58892,90,0,234,,1,27.25711,26.51246,23.06253
1785121362,26.5568,83.69268,90,0,234,,1,27.25711,26.44473,23.16393
1785121363,26.61288,83.70794,90,0,234,,1,27.18938,26.51246,23.16393
1785121364,26.54345,83.73998,90,0,235,,1,27.32484,26.54632,23.13006
1785121364,26.6743,83.67132,90,0,234,,1,27.22325,26.44473,23.13006
1785121365,26.64225,83.90326,90,0,234,,1,27.25711,26.47879,23.06253
1785121366,26.59953,83.90021,90,0,234,,1,27.22325,26.68159,23.06253
1785121366,26.64225,83.8819,90,0,234,,1,27.18938,26.47879,23.06253
1785121367,26.6743,84.05585,90,0,234,,1,27.29098,26.47879,23.06253
1785121368,26.6556,84.33051,90,0,234,,1,27.22325,26.47879,23.13006
1785121369,26.5568,84.48005,90,0,234,,1,27.25711,26.54632,23.13006
1785121369,26.59953,84.49073,90,0,234,,1,27.12165,26.58019,23.02867
1785121370,26.59953,84.70588,90,0,234,,1,27.25711,26.58019,23.13006
1785121371,26.59953,84.99428,90,0,234,,1,27.22325,26.54632,23.0962
1785121371,26.54345,85.06294,90,0,234,,1,27.12165,26.37719,23.0962
1785121372,26.58618,85.33303,90,0,234,,1,27.29098,26.47879,23.06253
1785121373,26.57282,85.27657,90,0,235,,1,27.35871,26.54632,23.06253
1785121373,26.6556,85.3727,90,0,234,,1,27.22325,26.37719,23.16393
1785121374,26.6743,85.22316,90,0,234,,1,27.32484,26.47879,23.16393
1785121375,26.58618,85.26284,90,0,234,,1,27.32484,26.64792,23.0962
1785121375,26.59953,85.14992,90,0,234,,1,27.25711,26.44473,23.0962
1785121376,26.6289,85.00343,90,0,234,,1,27.18938,26.54632,23.06253
1785121377,26.61288,84.9485,90,0,234,,1,27.29098,26.47879,23.06253
1785121377,26.59953,84.92409,90,0,234,,1,27.18938,26.54632,23.13006
1785121378,26.57282,84.81117,90,0,234,,1,27.29098,26.64792,22.96113
1785121379,26.58618,84.74555,90,0,234,,1,27.22325,26.47879,23.06253
1785121379,26.61288,84.81422,90,0,234,,1,27.25711,26.51246,23.0962
1785121380,26.6289,84.84779,90,0,234,,1,27.22325,26.54632,23.16393
1785121381,26.57282,85.02937,90,0,234,,1,27.18938,26.54632,23.06253
1785121381,26.6556,85.30099,90,0,234,,1,27.22325,26.54632,23.13006
1785121382,26.6289,85.52071,90,0,234,,1,27.18938,26.37719,23.06253
1785121383,26.61288,85.5375,90,0,234,,1,27.29098,26.47879,23.02867
1785121383,26.6289,85.76791,90,0,234,,1,27.18938,26.44473,22.9948
1785121384,26.64225,85.83505,90,0,234,,1,27.22325,26.54632,23.0962
1785121385,26.64225,85.94949,90,0,234,,1,27.18938,26.44473,23.02867
1785121385,26.68765,85.81674,90,0,234,,1,27.25711,26.41106,22.9948
1785121386,26.6556,85.74502,90,0,234,,1,27.18938,26.54632,23.06253
1785121387,26.5301,85.67025,90,0,234,,1,27.25711,26.58019,23.06253
1785121388,26.57282,85.5787,90,0,234,,1,27.22325,26.51246,23.02867
1785121388,26.54345,85.51919,90,0,234,,1,27.29098,26.47879,23.13006
1785121389,26.44465,85.23232,90,0,234,,1,27.29098,26.44473,23.0962
1785121390,26.58618,85.11787,90,0,234,,1,27.25711,26.54632,23.0962
1785121390,26.59953,84.98512,90,0,234,,1,27.25711,26.44473,22.9948
1785121391,26.61288,84.95766,90,0,234,,1,27.22325,26.54632,23.23146
1785121392,26.57282,84.92561,90,0,234,,1,27.32484,26.44473,22.9948
1785121392,26.59953,84.82033,90,0,235,,1,27.22325,26.44473,23.06253
1785121393,26.6743,85.02632,90,0,234,,1,27.25711,26.47879,23.0962
1785121394,26.58618,84.89815,90,0,234,,1,27.08778,26.51246,23.16393
1785121394,26.6289,84.96223,90,0,234,,1,27.25711,26.41106,23.13006
1785121395,26.51675,84.9424,90,0,234,,1,27.22325,26.54632,23.0962
1785121396,26.57282,84.85542,90,0,233,,1,27.22325,26.51246,23.13006
1785121396,26.6289,84.8188,90,0,234,,1,27.22325,26.47879,23.13006
1785121397,26.701,84.58991,90,0,234,,1,27.22325,26.37719,23.02867
1785121398,26.54345,84.71046,90,0,234,,1,27.29098,26.47879,23.13006
1785121398,26.6289,84.72419,90,0,234,,1,27.22325,26.44473,23.13006
1785121399,26.64225,84.90578,90,0,234,,1,27.22325,26.61406,23.16393
1785121400,26.59953,84.91493,90,0,233,,1,27.32484,26.54632,23.02867
1785121400,26.54345,84.83406,90,0,234,,1,27.22325,26.34333,23.06253
1785121401,26.61288,84.99886,90,0,234,,1,27.25711,26.47879,22.9948
1785121402,26.5568,84.9836,90,0,234,,1,27.18938,26.58019,23.06253
1785121403,26.58618,84.95155,90,0,235,,1,27.29098,26.37719,23.06253
1785121403,26.59953,84.73792,90,0,234,,1,27.15551,26.51246,23.13006
1785121404,26.57282,84.54414,90,0,234,,1,27.32484,26.58019,23.0962
1785121405,26.58618,84.41291,90,0,234,,1,27.12165,26.54632,22.96113
1785121405,26.59953,84.40681,90,0,234,,1,27.22325,26.51246,23.13006
1785121406,26.5568,84.30305,90,0,233,,1,27.15551,26.41106,23.13006
1785121407,26.64225,84.23285,90,0,233,,1,27.25711,26.47879,23.0962
1785121407,26.5568,84.04211,90,0,234,,1,27.22325,26.54632,23.02867
1785121408,26.58618,84.11383,90,0,234,,1,27.29098,26.47879,23.16393
1785121409,26.71435,84.05585,90,0,234,,1,27.05412,26.44473,23.0962
1785121409,26.58618,83.94904,90,0,234,,1,27.25711,26.51246,23.06253
1785121410,26.58618,83.86664,90,0,234,,1,27.29098,26.47879,23.0962
1785121411,26.59953,83.84985,90,0,234,,1,27.25711,26.44473,23.1978
1785121411,26.71435,83.84833,90,0,234,,1,27.15551,26.47879,23.06253
1785121412,26.51675,83.71252,90,0,234,,1,27.15551,26.37719,23.0962
1785121413,26.61288,83.7583,90,0,234,,1,27.25711,26.68159,23.1978
1785121413,26.54345,83.76135,90,0,234,,1,27.25711,26.41106,23.13006
1785121414,26.59953,83.48669,90,0,234,,1,27.15551,26.44473,22.9948
1785121415,26.61288,83.53246,90,0,234,,1,27.29098,26.54632,23.13006
1785121415,26.58618,83.62859,90,0,234,,1,27.15551,26.34333,23.0962
1785121416,26.6289,83.42413,90,0,234,,1,27.32484,26.44473,23.16393
1785121417,26.59953,83.43633,90,0,234,,1,27.32484,26.51246,23.0962
1785121417,26.58618,83.4638,90,0,234,,1,27.22325,26.37719,23.0962
1785121418,26.59953,83.55077,90,0,234,,1,27.15551,26.51246,23.02867
1785121419,26.6289,83.62859,90,0,234,,1,27.22325,26.30946,23.0962
1785121419,26.58618,83.7522,90,0,234,,1,27.25711,26.41106,23.06253
1785121420,26.6743,83.94141,90,0,234,,1,27.25711,26.51246,23.06253
1785121421,26.57282,84.11078,90,0,234,,1,27.22325,26.58019,23.0962
1785121422,26.59953,84.42664,90,0,234,,1,27.15551,26.47879,23.13006
1785121422,26.64225,84.57313,90,0,235,,1,27.25711,26.54632,23.06253
1785121423,26.59953,84.69672,90,0,234,,1,27.15551,26.51246,23.0962
1785121424,26.6743,85.13008,90,0,234,,1,27.25711,26.51246,23.06253
1785121424,26.68765,85.14534,90,0,234,,1,27.32484,26.37719,23.0962
1785121425,26.6743,85.52377,90,0,234,,1,27.22325,26.27559,23.06253
1785121426,26.6743,85.61532,90,0,234,,1,27.22325,26.41106,23.13006
1785121426,26.51675,85.76791,90,0,234,,1,27.29098,26.51246,23.16393
1785121427,26.61288,85.99222,90,0,234,,1,27.29098,26.54632,23.13006
1785121428,26.61288,86.06393,90,0,234,,1,27.32484,26.37719,23.13006
1785121428,26.61288,86.28062,90,0,234,,1,27.22325,26.47879,23.13006
1785121429,26.58618,86.35691,90,0,234,,1,27.29098,26.37719,23.13006
1785121430,26.57282,86.40421,90,0,234,,1,27.18938,26.51246,23.02867
1785121430,26.68765,86.39353,90,0,234,,1,27.15551,26.58019,23.0962
1785121431,26.57282,86.30198,90,0,234,,1,27.15551,26.51246,23.13006
1785121432,26.6556,86.18906,90,0,234,,1,27.22325,26.54632,23.06253
1785121432,26.64225,86.03189,90,0,234,,1,27.12165,26.24193,23.1978
1785121433,26.48737,85.90372,90,0,234,,1,27.32484,26.71565,23.02867
1785121434,26.5568,85.74807,90,0,234,,1,27.15551,26.54632,23.02867
1785121434,26.5568,85.52071,90,0,234,,1,27.29098,26.27559,23.13006
1785121435,26.59953,85.45052,90,0,234,,1,27.25711,26.47879,23.13006
1785121436,26.6289,85.39712,90,0,234,,1,27.22325,26.47879,23.06253
1785121436,26.57282,85.30862,90,0,234,,1,27.18938,26.47879,23.06253
1785121437,26.6289,85.46883,90,0,233,,1,27.08778,26.47879,23.06253
1785121438,26.61288,85.60769,90,0,234,,1,27.18938,26.47879,23.0962
1785121439,26.68765,85.66109,90,0,234,,1,27.15551,26.37719,23.0962
1785121439,26.6289,85.75723,90,0,234,,1,27.15551,26.34333,23.06253
1785121440,26.5301,85.67025,90,0,234,,1,27.25711,26.47879,23.0962
1785121441,26.57282,85.79385,90,0,234,,1,27.22325,26.58019,23.16393
1785121441,26.5568,85.832,90,0,234,,1,27.25711,26.51246,23.1978
1785121442,26.58618,85.65347,90,0,234,,1,27.32484,26.51246,23.0962
1785121443,26.64225,85.5024,90,0,234,,1,27.08778,26.51246,23.06253
1785121443,26.6289,85.42916,90,0,234,,1,27.22325,26.51246,23.06253
1785121444,26.61288,85.21706,90,0,234,,1,27.18938,26.41106,23.13006
1785121445,26.6556,85.18654,90,0,234,,1,27.15551,26.47879,22.9948
1785121445,26.5301,85.02937,90,0,234,,1,27.29098,26.47879,23.16393
1785121446,26.6743,84.92409,90,0,234,,1,27.29098,26.41106,23.0962
1785121447,26.57282,84.96681,90,0,234,,1,27.25711,26.54632,23.02867
1785121447,26.61288,85.01106,90,0,234,,1,27.18938,26.47879,23.06253
1785121448,26.5568,85.00343,90,0,234,,1,27.22325,26.54632,23.02867
1785121449,26.5568,85.30404,90,0,234,,1,27.32484,26.51246,23.0962
1785121449,26.64225,85.43221,90,0,234,,1,27.15551,26.44473,23.06253
1785121450,26.61288,85.72518,90,0,234,,1,27.22325,26.44473,23.0962
1785121451,26.61288,85.89914,90,0,234,,1,27.25711,26.44473,23.06253
1785121451,26.61288,86.28062,90,0,234,,1,27.32484,26.47879,23.13006
1785121452,26.68765,86.46677,90,0,234,,1,27.25711,26.61406,23.06253
1785121453,26.57282,86.50797,90,0,234,,1,27.22325,26.44473,23.0962
1785121453,26.51675,86.68803,90,0,234,,1,27.29098,26.34333,23.0962
1785121454,26.61288,86.65446,90,0,234,,1,27.25711,26.41106,23.0962
1785121455,26.6289,86.57359,90,0,234,,1,27.18938,26.41106,23.06253
1785121456,26.59953,86.54612,90,0,234,,1,27.18938,26.47879,23.1978
1785121456,26.6289,86.44083,90,0,234,,1,27.22325,26.61406,23.0962
1785121457,26.57282,86.34318,90,0,234,,1,27.25711,26.44473,23.0962
1785121458,26.61288,86.26078,90,0,233,,1,27.32484,26.34333,23.06253
1785121458,26.59953,85.97849,90,0,234,,1,27.15551,26.47879,23.06253
1785121459,26.61288,86.00137,90,0,234,,1,27.08778,26.41106,23.06253
1785121460,26.6289,85.79996,90,0,234,,1,27.39258,26.44473,23.0962
1785121460,26.57282,85.84573,90,0,234,,1,27.25711,26.54632,23.16393
1785121461,26.6289,85.83047,90,0,234,,1,27.29098,26.47879,23.13006
1785121462,26.59953,85.86404,90,0,234,,1,27.25711,26.34333,23.0962
1785121462,26.5568,85.832,90,0,235,,1,27.25711,26.37719,23.0962
1785121463,26.6556,86.04562,90,0,234,,1,27.22325,26.30946,23.06253
1785121464,26.6556,86.16006,90,0,234,,1,27.22325,26.51246,23.23146
1785121464,26.6743,86.30808,90,0,234,,1,27.22325,26.47879,23.06253
1785121465,26.54345,86.4683,90,0,234,,1,27.25711,26.51246,23.13006
1785121466,26.6556,86.57206,90,0,234,,1,27.22325,26.34333,23.0962
1785121466,26.61288,86.65446,90,0,233,,1,27.25711,26.47879,23.06253
1785121467,26.64225,86.7338,90,0,233,,1,27.29098,26.44473,23.06253
1785121468,26.61288,86.73685,90,0,234,,1,27.29098,26.54632,23.02867
1785121468,26.51675,86.75059,90,0,234,,1,27.32484,26.34333,23.16393
1785121469,26.5301,86.48508,90,0,234,,1,27.18938,26.51246,23.02867
1785121470,26.57282,86.31113,90,0,234,,1,27.22325,26.54632,23.02867
1785121470,26.61288,86.07309,90,0,234,,1,27.25711,26.37719,23.13006
1785121471,26.61288,85.87778,90,0,234,,1,27.25711,26.47879,23.06253
1785121472,26.61288,85.50546,90,0,234,,1,27.32484,26.51246,23.0962
1785121473,26.61288,85.4139,90,0,234,,1,27.22325,26.44473,22.9948
1785121473,26.64225,85.11177,90,0,234,,1,27.18938,26.47879,23.06253
1785121474,26.48737,84.96529,90,0,234,,1,27.25711,26.44473,23.16393
1785121475,26.5568,84.87068,90,0,234,,1,27.29098,26.54632,23.0962
1785121475,26.701,84.68299,90,0,234,,1,27.22325,26.37719,23.06253
1785121476,26.61288,84.58686,90,0,234,,1,27.35871,26.54632,23.16393
1785121477,26.5568,84.60365,90,0,234,,1,27.22325,26.37719,22.9948
1785121477,26.54345,84.53651,90,0,234,,1,27.22325,26.51246,23.13006
1785121478,26.54345,84.48463,90,0,234,,1,27.32484,26.37719,23.06253
1785121479,26.59953,84.58228,90,0,234,,1,27.18938,26.44473,23.0962
1785121479,26.6289,84.74555,90,0,234,,1,27.22325,26.47879,23.13006
1785121480,26.58618,84.78676,90,0,234,,1,27.25711,26.64792,23.16393
1785121481,26.59953,84.93477,90,0,234,,1,27.25711,26.61406,23.06253
1785121481,26.6743,85.14992,90,0,234,,1,27.18938,26.51246,23.02867
1785121482,26.58618,85.34219,90,0,234,,1,27.15551,26.51246,23.06253
1785121483,26.59953,85.42001,90,0,234,,1,27.22325,26.68159,23.0962
1785121483,26.61288,85.73434,90,0,234,,1,27.32484,26.41106,23.16393
1785121484,26.64225,85.84573,90,0,234,,1,27.25711,26.54632,23.13006
1785121485,26.64225,85.93729,90,0,234,,1,27.12165,26.37719,23.06253
1785121485,26.61288,86.03342,90,0,234,,1,27.22325,26.44473,22.96113
1785121486,26.6289,85.93271,90,0,234,,1,27.25711,26.51246,23.0962
1785121487,26.61288,86.15701,90,0,234,,1,27.18938,26.47879,23.13006
1785121487,26.68765,86.18906,90,0,234,,1,27.15551,26.47879,23.06253
1785121488,26.54345,86.07462,90,0,234,,1,27.25711,26.44473,23.16393
1785121489,26.5301,86.21652,90,0,234,,1,27.25711,26.54632,22.92727
1785121489,26.57282,86.04257,90,0,233,,1,27.18938,26.54632,23.0962
1785121490,26.57282,86.01053,90,0,234,,1,27.29098,26.27559,23.13006
1785121491,26.59953,85.86404,90,0,234,,1,27.22325,26.44473,23.06253
1785121492,26.6289,85.83047,90,0,234,,1,27.18938,26.51246,23.02867
1785121492,26.61288,85.91898,90,0,235,,1,27.25711,26.51246,23.06253
1785121493,26.64225,85.79385,90,0,234,,1,27.15551,26.47879,23.13006
1785121494,26.6556,85.82742,90,0,234,,1,27.18938,26.58019,23.06253
1785121494,26.5568,85.81216,90,0,234,,1,27.18938,26.41106,23.06253
1785121495,26.64225,85.71145,90,0,235,,1,27.29098,26.47879,23.0962
1785121496,26.61288,85.81674,90,0,234,,1,27.12165,26.37719,23.02867
1785121496,26.61288,85.73434,90,0,234,,1,27.22325,26.51246,23.06253
1785121497,26.6743,85.7496,90,0,233,,1,27.29098,26.44473,23.13006
1785121498,26.5301,85.69924,90,0,234,,1,27.25711,26.44473,23.0962
1785121498,26.58618,85.61227,90,0,234,,1,27.15551,26.41106,23.0962
1785121499,26.57282,85.6199,90,0,234,,1,27.32484,26.51246,22.9948
1785121500,26.57282,85.59701,90,0,234,,1,27.18938,26.51246,22.9948
1785121500,26.5301,85.51461,90,0,234,,1,27.18938,26.44473,23.02867
1785121501,26.57282,85.52529,90,0,234,,1,27.29098,26.44473,23.02867
1785121502,26.61288,85.70229,90,0,234,,1,27.29098,26.27559,23.13006
1785121502,26.54345,85.66262,90,0,234,,1,27.35871,26.61406,23.1978
1785121503,26.50072,85.56649,90,0,234,,1,27.15551,26.64792,23.0962
1785121504,26.58618,85.58938,90,0,234,,1,27.22325,26.64792,23.02867
1785121504,26.58618,85.45663,90,0,234,,1,27.22325,26.51246,23.16393
1785121505,26.5301,85.55581,90,0,234,,1,27.12165,26.61406,23.1978
1785121506,26.61288,85.52834,90,0,234,,1,27.29098,26.51246,23.13006
1785121506,26.54345,85.34219,90,0,234,,1,27.22325,26.51246,23.06253
1785121507,26.58618,85.30099,90,0,234,,1,27.08778,26.47879,23.0962
1785121508,26.57282,85.43221,90,0,234,,1,27.05412,26.44473,23.16393
1785121509,26.61288,85.55733,90,0,234,,1,27.29098,26.37719,23.13006
1785121509,26.59953,85.61532,90,0,234,,1,27.12165,26.47879,23.1978
1785121510,26.58618,85.56191,90,0,234,,1,27.15551,26.47879,23.0962
1785121511,26.58618,85.65347,90,0,234,,1,27.22325,26.47879,23.0962
1785121511,26.6556,85.88083,90,0,234,,1,27.25711,26.47879,23.13006
1785121512,26.5568,85.9556,90,0,234,,1,27.22325,26.44473,23.0962
1785121513,26.6289,86.12039,90,0,234,,1,27.12165,26.54632,23.02867
1785121513,26.68765,86.26078,90,0,234,,1,27.32484,26.41106,23.02867
1785121514,26.64225,86.43473,90,0,234,,1,27.18938,26.37719,23.0962
1785121515,26.61288,86.54002,90,0,234,,1,27.25711,26.47879,22.9948
1785121515,26.6743,86.58732,90,0,234,,1,27.35871,26.51246,23.1978
1785121516,26.61288,86.8101,90,0,234,,1,27.29098,26.58019,23.13006
1785121517,26.71435,86.92912,90,0,234,,1,27.25711,26.58019,23.0962
1785121517,26.71435,86.91997,90,0,233,,1,27.22325,26.44473,23.16393
1785121518,26.6289,86.95811,90,0,234,,1,27.18938,26.58019,23.33286
1785121519,26.61288,87.11833,90,0,234,,1,27.22325,26.41106,23.0962
1785121519,26.6289,87.14122,90,0,234,,1,27.35871,26.41106,23.1978
1785121520,26.61288,87.14885,90,0,234,,1,27.22325,26.58019,23.0962
1785121521,26.54345,87.03593,90,0,234,,1,27.22325,26.54632,23.0962
1785121521,26.51675,86.93523,90,0,234,,1,27.15551,26.44473,23.06253
1785121522,26.58618,86.92455,90,0,235,,1,27.35871,26.30946,23.06253
1785121523,26.61288,86.8101,90,0,234,,1,27.35871,26.44473,23.02867
1785121523,26.59953,86.61936,90,0,234,,1,27.15551,26.37719,23.06253
1785121524,26.5568,86.53239,90,0,234,,1,27.18938,26.37719,23.0962
1785121525,26.5301,86.41337,90,0,234,,1,27.29098,26.37719,23.0962
1785121526,26.64225,86.21957,90,0,234,,1,27.25711,26.54632,23.0962
1785121526,26.6289,86.15091,90,0,234,,1,27.18938,26.44473,23.0962
1785121527,26.50072,86.06393,90,0,234,,1,27.25711,26.58019,23.06253
1785121528,26.6289,85.91287,90,0,233,,1,27.15551,26.44473,23.1978
1785121528,26.6289,86.00595,90,0,234,,1,27.22325,26.54632,23.0962
1785121529,26.58618,85.93271,90,0,234,,1,27.22325,26.47879,23.06253
1785121530,26.59953,86.02884,90,0,234,,1,27.25711,26.51246,23.0962
1785121530,26.59953,85.81216,90,0,234,,1,27.08778,26.47879,23.0962
1785121531,26.6556,85.88083,90,0,234,,1,27.32484,26.47879,23.0962
1785121532,26.6289,85.94492,90,0,234,,1,27.25711,26.44473,23.06253
1785121532,26.59953,85.98764,90,0,235,,1,27.18938,26.54632,23.13006
1785121533,26.54345,86.13718,90,0,234,,1,27.32484,26.34333,23.0962
1785121534,26.59953,86.215,90,0,234,,1,27.25711,26.54632,23.06253
1785121534,26.58618,86.37675,90,0,234,,1,27.18938,26.41106,23.0962
1785121535,26.6289,86.57359,90,0,234,,1,27.25711,26.41106,23.02867
1785121536,26.6289,86.83452,90,0,234,,1,27.12165,26.37719,23.16393
1785121536,26.58618,86.91539,90,0,234,,1,27.12165,26.58019,23.06253
1785121537,26.61288,86.90166,90,0,234,,1,27.29098,26.41106,23.13006
1785121538,26.6289,87.12291,90,0,234,,1,27.25711,26.44473,23.06253
1785121538,26.59953,87.01152,90,0,234,,1,27.25711,26.44473,23.06253
1785121539,26.6289,86.90623,90,0,234,,1,27.35871,26.44473,23.0962
1785121540,26.6289,86.76128,90,0,234,,1,27.32484,26.64792,23.23146
1785121540,26.61288,86.61326,90,0,234,,1,27.18938,26.58019,22.96113
1785121541,26.51675,86.19211,90,0,234,,1,27.22325,26.47879,22.96113
1785121542,26.54345,86.19821,90,0,234,,1,27.32484,26.51246,23.13006
1785121543,26.57282,86.20737,90,0,234,,1,27.32484,26.44473,23.06253
1785121543,26.61288,85.89914,90,0,234,,1,27.22325,26.47879,23.0962
1785121544,26.68765,85.98154,90,0,234,,1,27.15551,26.51246,23.06253
1785121545,26.58618,86.00595,90,0,234,,1,27.29098,26.54632,23.0962
1785121545,26.57282,85.88998,90,0,234,,1,27.25711,26.54632,23.06253
1785121546,26.57282,85.96933,90,0,234,,1,27.35871,26.51246,23.06253
1785121547,26.5568,85.81216,90,0,234,,1,27.29098,26.41106,23.0962
1785121547,26.6743,85.72976,90,0,234,,1,27.25711,26.54632,23.0962
1785121548,26.59953,85.5848,90,0,234,,1,27.22325,26.51246,23.02867
1785121549,26.47402,85.51003,90,0,234,,1,27.22325,26.51246,23.0962
1785121549,26.5568,85.45968,90,0,234,,1,27.15551,26.51246,23.06253
1785121550,26.61288,85.26894,90,0,234,,1,27.32484,26.37719,23.02867
1785121551,26.57282,85.16365,90,0,233,,1,27.32484,26.51246,23.0962
1785121551,26.57282,85.05226,90,0,234,,1,27.25711,26.51246,23.13006
1785121552,26.58618,84.91035,90,0,234,,1,27.25711,26.41106,23.0962
1785121553,26.57282,84.85542,90,0,234,,1,27.29098,26.37719,23.16393
1785121553,26.59953,84.70588,90,0,234,,1,27.29098,26.44473,23.0962
1785121554,26.6556,84.73182,90,0,234,,1,27.15551,26.37719,23.0962
1785121555,26.59953,84.71809,90,0,234,,1,27.18938,26.47879,23.06253
1785121555,26.6556,84.57771,90,0,234,,1,27.25711,26.54632,23.06253
1785121556,26.51675,84.54871,90,0,234,,1,27.22325,26.47879,23.13006
1785121557,26.61288,84.66926,90,0,234,,1,27.18938,26.44473,23.0962
1785121557,26.6289,84.71503,90,0,234,,1,27.12165,26.51246,23.13006
1785121558,26.701,84.83864,90,0,234,,1,27.15551,26.54632,23.13006
1785121559,26.5568,84.6952,90,0,234,,1,27.35871,26.47879,22.9948
1785121560,26.5301,84.81117,90,0,234,,1,27.35871,26.41106,23.06253
1785121560,26.61288,84.9073,90,0,234,,1,27.35871,26.47879,23.0962
1785121561,26.51675,84.89204,90,0,234,,1,27.18938,26.54632,23.1978
1785121562,26.5568,85.04768,90,0,234,,1,27.18938,26.54632,23.06253
1785121562,26.5301,85.03853,90,0,235,,1,27.29098,26.44473,23.13006
1785121563,26.61288,85.2079,90,0,234,,1,27.22325,26.41106,23.0962
1785121564,26.5568,85.0248,90,0,234,,1,27.18938,26.47879,23.0962
1785121564,26.59953,85.12093,90,0,234,,1,27.18938,26.41106,23.13006
1785121565,26.73037,85.22774,90,0,234,,1,27.39258,26.51246,23.0962
1785121566,26.6556,85.52834,90,0,234,,1,27.32484,26.44473,22.9948
1785121566,26.57282,85.43221,90,0,234,,1,27.22325,26.54632,23.13006
1785121567,26.57282,85.56954,90,0,234,,1,27.25711,26.44473,23.06253
1785121568,26.54345,85.64278,90,0,233,,1,27.29098,26.47879,23.13006
1785121568,26.54345,85.61074,90,0,234,,1,27.22325,26.51246,23.0962
1785121569,26.50072,85.63973,90,0,234,,1,27.25711,26.58019,23.16393
1785121570,26.54345,85.65194,90,0,234,,1,27.32484,26.64792,23.1978
1785121570,26.47402,85.55123,90,0,234,,1,27.08778,26.54632,23.0962
1785121571,26.57282,85.50546,90,0,234,,1,27.29098,26.54632,23.0962
1785121572,26.54345,85.4551,90,0,234,,1,27.35871,26.54632,23.16393
1785121572,26.44465,85.42764,90,0,234,,1,27.18938,26.41106,23.16393
1785121573,26.58618,85.32235,90,0,234,,1,27.22325,26.37719,23.0962
1785121574,26.54345,85.35134,90,0,234,,1,27.39258,26.44473,23.0962
1785121574,26.6289,85.37728,90,0,234,,1,27.12165,26.54632,23.06253
1785121575,26.57282,85.3605,90,0,234,,1,27.15551,26.54632,23.02867
1785121576,26.59953,85.21248,90,0,234,,1,27.15551,26.37719,22.9948
1785121576,26.59953,85.30556,90,0,234,,1,27.18938,26.37719,23.0962
1785121577,26.61288,85.2491,90,0,234,,1,26.98638,26.58019,22.9948
1785121578,26.5301,85.214,90,0,234,,1,27.32484,26.41106,23.0962
1785121579,26.5301,85.10262,90,0,233,,1,27.32484,26.44473,23.13006
1785121579,26.57282,85.12245,90,0,234,,1,27.15551,26.44473,23.06253
1785121580,26.6289,85.08583,90,0,234,,1,27.18938,26.51246,23.0962
1785121581,26.58618,84.99275,90,0,234,,1,27.18938,26.44473,23.0962
1785121581,26.57282,84.90578,90,0,234,,1,27.32484,26.47879,23.06253
1785121582,26.68765,84.97902,90,0,234,,1,27.12165,26.44473,23.0962
1785121583,26.5568,84.7364,90,0,234,,1,27.18938,26.47879,23.13006
1785121583,26.48737,84.71809,90,0,234,,1,27.25711,26.58019,23.13006
1785121584,26.50072,84.61738,90,0,234,,1,27.22325,26.61406,23.0962
1785121585,26.54345,84.71046,90,0,234,,1,27.35871,26.41106,22.9948
1785121585,26.51675,84.52735,90,0,234,,1,27.18938,26.47879,22.96113
1785121586,26.58618,84.50751,90,0,233,,1,27.22325,26.41106,23.02867
1785121587,26.51675,84.45716,90,0,234,,1,27.18938,26.37719,23.13006
1785121587,26.58618,84.28931,90,0,233,,1,27.18938,26.51246,23.1978
1785121588,26.54345,84.29847,90,0,234,,1,27.22325,26.37719,23.02867
1785121589,26.6556,84.43427,90,0,234,,1,27.25711,26.47879,23.06253
1785121589,26.61288,84.23438,90,0,234,,1,27.22325,26.44473,23.1978
1785121590,26.6289,84.29237,90,0,234,,1,27.12165,26.47879,23.16393
1785121591,26.458,84.17029,90,0,234,,1,27.25711,26.51246,23.06253
1785121591,26.58618,84.32136,90,0,234,,1,27.15551,26.47879,23.13006
1785121592,26.5568,84.271,90,0,235,,1,27.32484,26.41106,23.02867
1785121593,26.58618,84.17792,90,0,234,,1,27.18938,26.41106,23.0962
1785121593,26.5301,84.23285,90,0,234,,1,27.22325,26.37719,23.16393
1785121594,26.58618,84.30152,90,0,234,,1,27.32484,26.44473,22.96113
1785121595,26.54345,84.33051,90,0,234,,1,27.18938,26.44473,23.02867
1785121596,26.58618,84.30152,90,0,234,,1,27.15551,26.47879,23.02867
1785121596,26.54345,84.40223,90,0,233,,1,27.18938,26.44473,23.13006
1785121597,26.58618,84.39307,90,0,234,,1,27.18938,26.51246,22.96113
1785121598,26.57282,84.42054,90,0,234,,1,27.18938,26.41106,23.06253
1785121598,26.5568,84.44801,90,0,234,,1,27.35871,26.44473,23.0962
1785121599,26.6556,84.55787,90,0,233,,1,27.05412,26.37719,22.9948
1785121600,26.54345,84.52583,90,0,234,,1,27.25711,26.41106,22.9948
1785121600,26.50072,84.57618,90,0,234,,1,27.35871,26.37719,23.0962
1785121601,26.59953,84.58228,90,0,234,,1,27.22325,26.47879,23.0962
1785121602,26.5568,84.5182,90,0,234,,1,27.22325,26.37719,23.0962
1785121602,26.5568,84.5182,90,0,235,,1,27.32484,26.41106,23.0962
1785121603,26.59953,84.45869,90,0,234,,1,27.08778,26.44473,23.0962
1785121604,26.57282,84.56397,90,0,234,,1,27.18938,26.51246,23.02867
1785121604,26.51675,84.4892,90,0,234,,1,27.22325,26.51246,23.06253
1785121605,26.5301,84.59449,90,0,234,,1,27.25711,26.61406,23.13006
1785121606,26.57282,84.65858,90,0,234,,1,27.25711,26.61406,23.13006
1785121606,26.59953,84.63569,90,0,234,,1,27.39258,26.44473,23.13006
1785121607,26.54345,84.79591,90,0,234,,1,27.29098,26.44473,23.06253
1785121608,26.6289,84.9012,90,0,234,,1,27.12165,26.37719,23.13006
1785121608,26.6289,85.03548,90,0,234,,1,27.18938,26.47879,23.16393
1785121609,26.6556,85.10414,90,0,233,,1,27.29098,26.51246,23.13006
1785121610,26.61288,85.22774,90,0,234,,1,27.25711,26.47879,23.0962
1785121610,26.64225,85.36965,90,0,234,,1,27.29098,26.58019,23.02867
1785121611,26.58618,85.38644,90,0,233,,1,27.32484,26.44473,23.0962
1785121612,26.59953,85.61532,90,0,234,,1,27.29098,26.44473,23.0962
1785121613,26.6289,85.57412,90,0,234,,1,27.12165,26.41106,23.0962
1785121613,26.64225,85.48257,90,0,234,,1,27.22325,26.51246,23.02867
1785121614,26.54345,85.52834,90,0,234,,1,27.29098,26.37719,23.1978
1785121615,26.64225,85.52529,90,0,234,,1,27.15551,26.61406,23.02867
1785121615,26.51675,85.36507,90,0,234,,1,27.32484,26.41106,23.0962
1785121616,26.4313,85.29031,90,0,233,,1,27.29098,26.37719,23.16393
1785121617,26.71435,85.40017,90,0,234,,1,27.22325,26.61406,23.1978
1785121617,26.5301,85.09041,90,0,234,,1,27.12165,26.37719,23.1978
1785121618,26.54345,85.09499,90,0,234,,1,27.18938,26.41106,23.02867
1785121619,26.59953,85.05836,90,0,234,,1,27.39258,26.44473,23.13006
1785121619,26.59953,85.12093,90,0,234,,1,27.22325,26.51246,23.16393
1785121620,26.5568,85.0248,90,0,234,,1,27.29098,26.47879,23.0962
1785121621,26.6289,85.03548,90,0,234,,1,27.25711,26.51246,23.0962
1785121621,26.51675,84.89204,90,0,234,,1,27.22325,26.54632,23.13006
1785121622,26.701,85.03395,90,0,234,,1,27.25711,26.58019,23.16393
1785121623,26.57282,85.0721,90,0,234,,1,27.35871,26.47879,23.02867
1785121623,26.54345,85.00191,90,0,234,,1,27.15551,26.54632,23.0962
1785121624,26.5568,85.12703,90,0,234,,1,27.12165,26.44473,23.0962
1785121625,26.5568,85.15907,90,0,234,,1,27.18938,26.54632,23.13006
1785121625,26.5301,85.11177,90,0,234,,1,27.22325,26.24193,23.06253
1785121626,26.6289,85.18044,90,0,234,,1,27.22325,26.34333,23.0962
1785121627,26.58618,85.09499,90,0,234,,1,27.25711,26.41106,23.13006
1785121627,26.59953,85.20332,90,0,234,,1,27.25711,26.58019,22.9948
1785121628,26.61288,85.23689,90,0,234,,1,27.32484,26.37719,22.9948
1785121629,26.5301,85.34982,90,0,234,,1,27.25711,26.41106,23.13006
1785121630,26.54345,85.42458,90,0,234,,1,27.25711,26.51246,23.13006
1785121630,26.48737,85.48257,90,0,234,,1,27.05412,26.54632,23.02867
1785121631,26.61288,85.63973,90,0,234,,1,27.29098,26.34333,23.0962
1785121632,26.61288,85.55733,90,0,234,,1,27.15551,26.44473,23.13006
1785121632,26.5568,85.55276,90,0,235,,1,27.29098,26.51246,23.02867
1785121633,26.58618,85.69466,90,0,234,,1,27.25711,26.44473,23.02867
1785121634,26.5568,85.63515,90,0,234,,1,27.29098,26.27559,23.16393
1785121634,26.5301,85.57565,90,0,234,,1,27.29098,26.44473,23.06253
1785121635,26.57282,85.50546,90,0,234,,1,27.15551,26.47879,23.0962
1785121636,26.6289,85.41848,90,0,234,,1,27.25711,26.47879,23.06253
1785121636,26.57282,85.42306,90,0,233,,1,27.22325,26.47879,23.02867
1785121637,26.58618,85.19875,90,0,234,,1,27.25711,26.41106,23.06253
1785121638,26.5568,85.0248,90,0,234,,1,27.25711,26.54632,23.06253
1785121638,26.57282,85.06142,90,0,234,,1,27.32484,26.58019,23.0962
1785121639,26.6743,85.02632,90,0,234,,1,27.15551,26.58019,23.16393
1785121640,26.58618,84.96223,90,0,234,,1,27.15551,26.58019,23.02867
1785121640,26.5568,84.86,90,0,234,,1,27.15551,26.44473,22.96113
1785121641,26.57282,84.86458,90,0,234,,1,27.32484,26.54632,23.02867
1785121642,26.51675,84.71503,90,0,234,,1,27.22325,26.37719,23.13006
1785121642,26.58618,84.77455,90,0,235,,1,27.12165,26.51246,23.0962
1785121643,26.6743,84.72724,90,0,234,,1,27.29098,26.51246,23.06253
1785121644,26.5568,84.66315,90,0,234,,1,27.29098,26.47879,23.13006
1785121644,26.6289,84.56855,90,0,234,,1,27.29098,26.47879,23.06253
1785121645,26.6289,84.66468,90,0,234,,1,27.22325,26.47879,23.0962
1785121646,26.5568,84.64484,90,0,234,,1,27.29098,26.54632,23.0962
1785121647,26.58618,84.57771,90,0,234,,1,27.25711,26.41106,22.96113
1785121647,26.6556,84.59907,90,0,234,,1,27.12165,26.37719,23.16393
1785121648,26.5568,84.55024,90,0,234,,1,27.15551,26.44473,22.9948
1785121649,26.61288,84.64942,90,0,234,,1,27.15551,26.54632,23.06253
1785121649,26.68765,84.70893,90,0,234,,1,27.25711,26.61406,23.0962
1785121650,26.54345,84.6601,90,0,234,,1,27.12165,26.37719,23.16393
1785121651,26.61288,84.73182,90,0,234,,1,27.22325,26.51246,23.13006
1785121651,26.5301,84.82033,90,0,234,,1,27.35871,26.51246,23.06253
1785121652,26.61288,85.0309,90,0,234,,1,27.29098,26.61406,23.06253
1785121653,26.58618,85.00191,90,0,234,,1,27.25711,26.41106,22.9948
1785121653,26.58618,85.28115,90,0,234,,1,27.25711,26.58019,23.16393
1785121654,26.59953,85.33761,90,0,234,,1,27.05412,26.27559,23.06253
1785121655,26.58618,85.61227,90,0,234,,1,27.32484,26.47879,23.0962
1785121655,26.5301,85.74044,90,0,234,,1,27.22325,26.41106,23.0962
1785121656,26.61288,85.98154,90,0,234,,1,27.18938,26.54632,23.1978
1785121657,26.64225,86.18753,90,0,234,,1,27.15551,26.44473,23.06253
1785121657,26.6556,86.36607,90,0,234,,1,27.25711,26.34333,23.02867
1785121658,26.57282,86.44541,90,0,234,,1,27.25711,26.47879,23.13006
1785121659,26.68765,86.66361,90,0,234,,1,27.15551,26.44473,23.06253
1785121659,26.64225,86.7338,90,0,234,,1,27.22325,26.47879,23.0962
1785121660,26.701,87.01762,90,0,234,,1,27.15551,26.51246,23.0962
1785121661,26.58618,87.02678,90,0,234,,1,27.29098,26.37719,23.06253
1785121661,26.701,87.37011,90,0,234,,1,27.22325,26.51246,22.9948
1785121662,26.64225,87.28313,90,0,235,,1,27.18938,26.27559,23.06253
1785121663,26.6289,87.37011,90,0,234,,1,27.22325,26.41106,23.02867
1785121663,26.58618,87.45098,90,0,234,,1,27.35871,26.61406,23.02867
1785121664,26.64225,87.50744,90,0,234,,1,27.12165,26.47879,23.16393
1785121665,26.64225,87.46624,90,0,234,,1,27.25711,26.44473,23.0962
1785121666,26.61288,87.43877,90,0,234,,1,27.18938,26.54632,23.13006
1785121666,26.61288,87.62493,90,0,234,,1,27.18938,26.47879,23.06253
1785121667,26.59953,87.50744,90,0,234,,1,27.22325,26.41106,23.13006
1785121668,26.6289,87.6173,90,0,234,,1,27.29098,26.47879,23.06253
1785121668,26.61288,87.63409,90,0,234,,1,27.15551,26.51246,23.16393
1785121669,26.71435,87.76685,90,0,234,,1,27.22325,26.51246,23.06253
1785121670,26.59953,87.87823,90,0,234,,1,27.12165,26.44473,23.13006
1785121670,26.5301,87.9408,90,0,234,,1,27.18938,26.44473,22.9948
1785121671,26.59953,87.89044,90,0,234,,1,27.18938,26.47879,23.0962
1785121672,26.5568,87.76227,90,0,234,,1,27.22325,26.58019,23.13006
1785121672,26.458,87.58984,90,0,235,,1,27.22325,26.54632,23.02867
1785121673,26.64225,87.34264,90,0,234,,1,27.22325,26.44473,22.96113
1785121674,26.61288,87.11833,90,0,234,,1,27.32484,26.54632,23.0962
1785121674,26.6289,86.95811,90,0,234,,1,27.25711,26.34333,23.13006
1785121675,26.61288,86.73685,90,0,234,,1,27.18938,26.44473,23.06253
1785121676,26.6556,86.70634,90,0,233,,1,27.18938,26.58019,23.13006
1785121676,26.57282,86.39353,90,0,234,,1,27.18938,26.41106,23.0962
1785121677,26.59953,86.30808,90,0,234,,1,27.35871,26.58019,23.13006
1785121678,26.58618,86.17075,90,0,234,,1,27.22325,26.58019,23.02867
1785121678,26.54345,86.12802,90,0,234,,1,27.18938,26.34333,23.0962
1785121679,26.54345,86.01358,90,0,234,,1,27.25711,26.54632,23.06253
1785121680,26.47402,85.85031,90,0,234,,1,27.32484,26.47879,23.16393
1785121680,26.51675,85.73586,90,0,234,,1,27.22325,26.54632,23.0962
1785121681,26.51675,85.67635,90,0,234,,1,27.22325,26.34333,23.02867
1785121682,26.6289,85.70687,90,0,234,,1,27.18938,26.44473,23.02867
1785121683,26.6289,85.48867,90,0,234,,1,27.29098,26.54632,23.06253
1785121683,26.5568,85.29488,90,0,234,,1,27.22325,26.58019,23.0962
1785121684,26.61288,85.23689,90,0,234,,1,27.22325,26.34333,23.0962
1785121685,26.5568,85.0248,90,0,234,,1,27.32484,26.44473,23.02867
1785121685,26.5568,85.07668,90,0,234,,1,27.35871,26.44473,23.13006
1785121686,26.47402,85.03395,90,0,233,,1,27.25711,26.44473,23.06253
1785121687,26.58618,85.06599,90,0,234,,1,27.18938,26.34333,23.02867
1785121687,26.5568,85.03548,90,0,233,,1,27.29098,26.61406,22.96113
1785121688,26.48737,85.00648,90,0,234,,1,27.15551,26.58019,23.13006
1785121689,26.68765,85.06142,90,0,234,,1,27.18938,26.58019,23.13006
1785121689,26.5301,84.98817,90,0,234,,1,27.22325,26.58019,23.06253
1785121690,26.44465,84.96223,90,0,234,,1,27.22325,26.61406,22.9948
1785121691,26.58618,84.84779,90,0,234,,1,27.35871,26.51246,23.13006
1785121691,26.51675,84.80659,90,0,234,,1,27.22325,26.44473,23.0962
1785121692,26.58618,84.64179,90,0,234,,1,27.29098,26.47879,23.0962
1785121693,26.51675,84.50751,90,0,234,,1,27.29098,26.47879,23.02867
1785121693,26.5568,84.3534,90,0,234,,1,27.29098,26.51246,23.0962
1785121694,26.5568,84.25116,90,0,234,,1,27.29098,26.44473,23.02867
1785121695,26.6743,84.271,90,0,234,,1,27.22325,26.47879,23.13006
1785121695,26.6556,84.10162,90,0,234,,1,27.18938,26.41106,23.0962
1785121696,26.59953,83.89105,90,0,234,,1,27.12165,26.37719,23.0962
1785121697,26.58618,83.87732,90,0,234,,1,27.29098,26.41106,23.06253
1785121697,26.59953,83.71557,90,0,234,,1,27.22325,26.54632,23.0962
1785121698,26.57282,83.6347,90,0,234,,1,27.18938,26.47879,23.13006
1785121699,26.50072,83.56451,90,0,234,,1,27.35871,26.54632,23.06253
1785121700,26.5301,83.53246,90,0,234,,1,27.29098,26.44473,23.0962
1785121700,26.54345,83.50195,90,0,234,,1,27.22325,26.47879,23.16393
1785121701,26.5301,83.40887,90,0,234,,1,27.15551,26.47879,23.0962
1785121702,26.57282,83.39666,90,0,234,,1,27.12165,26.34333,23.16393
1785121702,26.5568,83.46532,90,0,235,,1,27.29098,26.51246,23.16393
1785121703,26.54345,83.47295,90,0,234,,1,27.18938,26.41106,23.0962
1785121704,26.59953,83.37377,90,0,234,,1,27.22325,26.47879,23.06253
1785121704,26.48737,83.27154,90,0,234,,1,27.08778,26.47879,23.0962
1785121705,26.59953,83.47753,90,0,234,,1,27.35871,26.41106,23.16393
1785121706,26.5568,83.40429,90,0,234,,1,27.25711,26.54632,23.16393
1785121706,26.48737,83.45617,90,0,234,,1,27.32484,26.44473,23.02867
1785121707,26.5568,83.50652,90,0,234,,1,27.22325,26.54632,23.06253
1785121708,26.5568,83.50652,90,0,234,,1,27.18938,26.54632,23.1978
1785121708,26.5301,83.69726,90,0,234,,1,27.22325,26.37719,23.16393
1785121709,26.5301,83.70641,90,0,234,,1,27.32484,26.54632,22.96113
1785121710,26.5301,83.7995,90,0,234,,1,27.32484,26.54632,23.06253
1785121710,26.61288,83.92615,90,0,234,,1,27.22325,26.51246,23.06253
1785121711,26.51675,83.95056,90,0,234,,1,27.25711,26.44473,23.13006
1785121712,26.5301,84.05585,90,0,234,,1,27.32484,26.41106,22.9948
1785121712,26.51675,84.17792,90,0,235,,1,27.12165,26.54632,23.0962
1785121713,26.6289,84.20996,90,0,234,,1,27.25711,26.30946,23.06253
1785121714,26.61288,84.11993,90,0,234,,1,27.29098,26.54632,23.06253
1785121714,26.58618,84.34272,90,0,234,,1,27.18938,26.61406,23.23146
1785121715,26.57282,84.47242,90,0,234,,1,27.32484,26.41106,23.06253
1785121716,26.61288,84.69062,90,0,234,,1,27.22325,26.61406,23.06253
1785121717,26.61288,84.74097,90,0,234,,1,27.35871,26.37719,23.1978
1785121717,26.6289,85.09804,90,0,234,,1,27.25711,26.47879,23.13006
1785121718,26.6289,85.18044,90,0,234,,1,27.22325,26.58019,22.9948
1785121719,26.5301,85.29641,90,0,234,,1,27.32484,26.47879,23.0962
1785121719,26.6743,85.53292,90,0,234,,1,27.25711,26.51246,23.0962
1785121720,26.64225,85.76181,90,0,234,,1,27.32484,26.44473,23.02867
1785121721,26.59953,86.02884,90,0,234,,1,27.25711,26.51246,23.13006
1785121721,26.64225,85.87625,90,0,234,,1,27.18938,26.54632,23.13006
1785121722,26.59953,86.1326,90,0,234,,1,27.12165,26.47879,23.13006
1785121723,26.58618,86.02731,90,0,234,,1,27.25711,26.51246,23.16393
1785121723,26.64225,85.97849,90,0,234,,1,27.29098,26.54632,23.0962
1785121724,26.54345,85.77554,90,0,234,,1,27.25711,26.54632,23.16393
1785121725,26.54345,85.82742,90,0,234,,1,27.29098,26.58019,23.0962
1785121725,26.64225,85.84573,90,0,234,,1,27.29098,26.41106,23.06253
1785121726,26.5568,85.78012,90,0,234,,1,27.18938,26.44473,23.13006
1785121727,26.59953,85.68856,90,0,234,,1,27.25711,26.51246,23.0962
1785121727,26.5568,85.7084,90,0,234,,1,27.39258,26.58019,23.06253
1785121728,26.61288,85.8259,90,0,234,,1,27.22325,26.54632,23.16393
1785121729,26.5568,85.64431,90,0,234,,1,27.18938,26.44473,22.96113
1785121729,26.61288,85.66109,90,0,233,,1,27.25711,26.58019,23.0962
1785121730,26.61288,85.67178,90,0,234,,1,27.12165,26.58019,23.06253
1785121731,26.458,85.59701,90,0,234,,1,27.18938,26.41106,23.06253
1785121731,26.6743,85.7496,90,0,234,,1,27.18938,26.47879,23.16393
1785121732,26.5301,85.81369,90,0,235,,1,27.22325,26.47879,23.13006
1785121733,26.58618,85.90067,90,0,234,,1,27.22325,26.61406,22.9948
1785121734,26.6289,86.12955,90,0,234,,1,27.12165,26.44473,23.0962
1785121734,26.73037,86.36607,90,0,234,,1,27.15551,26.54632,23.0962
1785121735,26.6556,86.27146,90,0,234,,1,27.35871,26.58019,23.02867
1785121736,26.68765,86.44541,90,0,234,,1,27.22325,26.44473,23.0962
1785121736,26.6556,86.4683,90,0,234,,1,27.29098,26.54632,23.0962
1785121737,26.58618,86.36607,90,0,234,,1,27.25711,26.47879,23.06253
1785121738,26.58618,86.25315,90,0,234,,1,27.35871,26.51246,23.16393
1785121738,26.54345,86.13718,90,0,234,,1,27.29098,26.58019,23.13006
1785121739,26.59953,86.07919,90,0,234,,1,27.29098,26.41106,23.16393
1785121740,26.48737,85.82285,90,0,234,,1,27.15551,26.58019,23.13006
1785121740,26.50072,85.60769,90,0,233,,1,27.08778,26.47879,23.16393
1785121741,26.54345,85.40475,90,0,234,,1,27.22325,26.41106,23.13006
1785121742,26.5301,85.29641,90,0,234,,1,27.22325,26.51246,23.06253
1785121742,26.54345,85.00191,90,0,235,,1,27.35871,26.61406,22.9948
1785121743,26.48737,84.90273,90,0,234,,1,27.39258,26.61406,23.1978
1785121744,26.58618,84.75471,90,0,234,,1,27.22325,26.34333,23.02867
1785121744,26.6289,84.69215,90,0,234,,1,27.22325,26.34333,23.16393
1785121745,26.57282,84.58533,90,0,234,,1,27.18938,26.41106,23.23146
1785121746,26.5568,84.50751,90,0,234,,1,27.25711,26.44473,23.06253
1785121746,26.50072,84.46326,90,0,234,,1,27.25711,26.47879,23.06253
1785121747,26.5301,84.27406,90,0,234,,1,27.22325,26.58019,23.13006
1785121748,26.54345,84.33967,90,0,234,,1,27.18938,26.44473,23.1978
1785121748,26.50072,84.09094,90,0,234,,1,27.25711,26.51246,23.02867
1785121749,26.61288,84.21454,90,0,234,,1,27.18938,26.47879,23.06253
1785121750,26.57282,84.04669,90,0,234,,1,27.25711,26.41106,23.02867
1785121750,26.58618,83.99023,90,0,234,,1,27.29098,26.58019,23.13006
1785121751,26.50072,83.96735,90,0,234,,1,27.22325,26.44473,23.02867
1785121752,26.61288,83.99634,90,0,234,,1,27.12165,26.58019,23.13006
1785121753,26.48737,83.95361,90,0,234,,1,27.22325,26.41106,23.23146
1785121753,26.61288,83.99634,90,0,234,,1,27.15551,26.47879,23.16393
1785121754,26.58618,83.96887,90,0,234,,1,27.32484,26.37719,23.13006
1785121755,26.5568,83.99176,90,0,234,,1,27.22325,26.51246,23.02867
1785121755,26.50072,84.07874,90,0,234,,1,27.22325,26.51246,23.16393
1785121756,26.57282,83.8941,90,0,234,,1,27.12165,26.61406,23.02867
1785121757,26.59953,84.02686,90,0,234,,1,27.22325,26.47879,23.13006
1785121757,26.44465,83.92157,90,0,234,,1,27.15551,26.51246,23.0962
1785121758,26.5568,83.95056,90,0,234,,1,27.22325,26.51246,23.02867
1785121759,26.51675,83.89868,90,0,234,,1,27.12165,26.51246,23.0962
1785121759,26.61288,83.90326,90,0,234,,1,27.22325,26.34333,23.16393
1785121760,26.51675,83.85748,90,0,234,,1,27.32484,26.47879,23.02867
1785121761,26.5301,83.80865,90,0,234,,1,27.32484,26.44473,23.06253
1785121761,26.5301,83.80865,90,0,234,,1,27.22325,26.47879,23.02867
1785121762,26.50072,83.70794,90,0,234,,1,27.18938,26.54632,23.0962
1785121763,26.64225,83.82086,90,0,234,,1,27.39258,26.44473,23.06253
1785121763,26.58618,83.76288,90,0,234,,1,27.22325,26.47879,23.16393
1785121764,26.57282,83.7293,90,0,234,,1,27.22325,26.44473,23.13006
1785121765,26.5568,83.74303,90,0,234,,1,27.32484,26.41106,23.13006
1785121765,26.50072,83.79034,90,0,234,,1,27.22325,26.51246,23.0962
1785121766,26.58618,83.77203,90,0,234,,1,27.29098,26.51246,23.0962
1785121767,26.5568,83.90936,90,0,234,,1,27.18938,26.44473,23.06253
1785121767,26.61288,83.89563,90,0,234,,1,27.32484,26.58019,23.06253
1785121768,26.50072,83.8819,90,0,234,,1,27.18938,26.61406,22.96113
1785121769,26.59953,83.90936,90,0,234,,1,27.25711,26.41106,23.0962
1785121770,26.64225,84.0177,90,0,234,,1,27.22325,26.47879,23.0962
1785121770,26.61288,83.85291,90,0,234,,1,27.25711,26.37719,23.0962
1785121771,26.58618,83.88647,90,0,234,,1,27.18938,26.58019,23.02867
1785121772,26.54345,84.01007,90,0,234,,1,27.39258,26.44473,23.13006
1785121772,26.51675,83.97192,90,0,235,,1,27.32484,26.47879,23.0962
1785121773,26.54345,83.94598,90,0,234,,1,27.22325,26.54632,23.13006
1785121774,26.59953,83.95361,90,0,234,,1,27.22325,26.44473,23.16393
1785121774,26.51675,83.86816,90,0,234,,1,27.29098,26.37719,23.06253
1785121775,26.50072,83.90479,90,0,234,,1,27.25711,26.47879,23.13006
1785121776,26.61288,83.81171,90,0,234,,1,27.29098,26.51246,23.06253
1785121776,26.64225,83.86206,90,0,234,,1,27.32484,26.27559,22.9948
1785121777,26.6289,83.74456,90,0,234,,1,27.29098,26.51246,23.23146
1785121778,26.5301,83.82086,90,0,234,,1,27.15551,26.58019,23.13006
1785121778,26.61288,83.82239,90,0,234,,1,27.22325,26.37719,23.02867
1785121779,26.61288,83.82239,90,0,234,,1,27.18938,26.34333,23.06253
1785121780,26.50072,83.69878,90,0,234,,1,27.15551,26.64792,23.0962
1785121780,26.54345,83.73998,90,0,234,,1,27.25711,26.47879,23.13006
1785121781,26.59953,83.79797,90,0,234,,1,27.25711,26.34333,23.06253
1785121782,26.54345,83.76135,90,0,234,,1,27.32484,26.37719,23.13006
1785121782,26.5568,83.76593,90,0,235,,1,27.15551,26.44473,23.06253
1785121783,26.5301,83.7354,90,0,234,,1,27.15551,26.54632,23.13006
1785121784,26.57282,83.74761,90,0,234,,1,27.18938,26.54632,23.13006
1785121784,26.61288,83.7583,90,0,234,,1,27.25711,26.47879,22.9948
1785121785,26.6289,83.80408,90,0,234,,1,27.32484,26.47879,23.16393
1785121786,26.58618,83.80408,90,0,234,,1,27.15551,26.44473,23.13006
1785121787,26.50072,83.70794,90,0,234,,1,27.32484,26.54632,23.13006
1785121787,26.58618,83.83459,90,0,234,,1,27.32484,26.51246,23.13006
1785121788,26.61288,83.91394,90,0,234,,1,27.05412,26.47879,23.13006
1785121789,26.5568,83.78577,90,0,234,,1,27.39258,26.44473,23.0962
1785121789,26.5301,83.8407,90,0,234,,1,27.32484,26.47879,23.13006
1785121790,26.57282,83.91394,90,0,234,,1,27.22325,26.41106,23.0962
1785121791,26.61288,83.84375,90,0,234,,1,27.18938,26.41106,23.0962
1785121791,26.58618,83.98108,90,0,233,,1,27.18938,26.44473,23.0962
1785121792,26.51675,84.03296,90,0,234,,1,27.18938,26.47879,23.06253
1785121793,26.51675,84.03296,90,0,234,,1,27.29098,26.44473,23.13006
1785121793,26.51675,84.15656,90,0,234,,1,27.29098,26.44473,23.13006
1785121794,26.5568,84.12756,90,0,234,,1,27.18938,26.47879,23.0962
1785121795,26.6743,84.04517,90,0,234,,1,27.12165,26.51246,23.16393
1785121795,26.5568,84.32441,90,0,234,,1,27.15551,26.54632,23.02867
1785121796,26.57282,84.25574,90,0,234,,1,27.46011,26.51246,23.06253
1785121797,26.61288,84.33967,90,0,234,,1,27.29098,26.54632,23.06253
1785121797,26.54345,84.33967,90,0,234,,1,27.32484,26.58019,23.16393
1785121798,26.61288,84.32899,90,0,233,,1,27.22325,26.37719,22.96113
1785121799,26.5568,84.36256,90,0,234,,1,27.22325,26.61406,23.13006
1785121799,26.54345,84.45411,90,0,234,,1,27.29098,26.51246,23.16393
1785121800,26.59953,84.35645,90,0,234,,1,27.18938,26.51246,23.13006
1785121801,26.57282,84.43122,90,0,234,,1,27.18938,26.44473,23.13006
1785121801,26.64225,84.4297,90,0,234,,1,27.29098,26.34333,23.06253
1785121802,26.54345,84.43427,90,0,235,,1,27.22325,26.47879,23.06253
1785121803,26.59953,84.39765,90,0,234,,1,27.18938,26.44473,23.02867
1785121804,26.64225,84.44953,90,0,234,,1,27.08778,26.47879,23.1978
1785121804,26.6289,84.50904,90,0,234,,1,27.25711,26.51246,23.06253
1785121805,26.57282,84.45258,90,0,234,,1,27.18938,26.41106,23.13006
1785121806,26.51675,84.4358,90,0,234,,1,27.15551,26.51246,23.13006
1785121806,26.5301,84.23285,90,0,234,,1,27.18938,26.51246,23.02867
1785121807,26.57282,84.32899,90,0,234,,1,27.15551,26.44473,23.02867
1785121808,26.54345,84.28931,90,0,234,,1,27.29098,26.47879,23.06253
1785121808,26.61288,84.39002,90,0,234,,1,27.29098,26.44473,23.02867
1785121809,26.5301,84.2649,90,0,234,,1,27.35871,26.47879,23.02867
1785121810,26.57282,84.2649,90,0,234,,1,27.25711,26.47879,23.16393
1785121810,26.57282,84.2649,90,0,234,,1,27.35871,26.37719,22.9948
1785121811,26.5568,84.30305,90,0,234,,1,27.22325,26.47879,23.13006
1785121812,26.71435,84.52125,90,0,234,,1,27.15551,26.47879,22.9948
1785121812,26.5568,84.41596,90,0,234,,1,27.25711,26.58019,22.9948
1785121813,26.61288,84.37019,90,0,234,,1,27.15551,26.54632,23.16393
1785121814,26.61288,84.37019,90,0,234,,1,27.29098,26.54632,23.06253
1785121814,26.64225,84.54108,90,0,234,,1,27.29098,26.44473,23.13006
1785121815,26.57282,84.46174,90,0,234,,1,27.25711,26.54632,23.16393
1785121816,26.57282,84.32899,90,0,233,,1,27.25711,26.44473,23.06253
1785121816,26.58618,84.33051,90,0,234,,1,27.25711,26.47879,23.1978
1785121817,26.61288,84.19318,90,0,234,,1,27.22325,26.41106,23.13006
1785121818,26.54345,84.17487,90,0,234,,1,27.22325,26.37719,23.06253
1785121818,26.48737,84.09705,90,0,234,,1,27.35871,26.61406,23.1978
1785121819,26.6289,83.92767,90,0,234,,1,27.25711,26.34333,23.0962
1785121820,26.6289,83.98108,90,0,234,,1,27.22325,26.58019,23.06253
1785121821,26.51675,83.87732,90,0,234,,1,27.29098,26.37719,23.0962
1785121821,26.5568,83.81628,90,0,234,,1,27.15551,26.44473,23.06253
1785121822,26.59953,83.58892,90,0,234,,1,27.29098,26.44473,23.0962
1785121823,26.58618,83.68963,90,0,234,,1,27.22325,26.27559,23.02867
1785121823,26.51675,83.55993,90,0,234,,1,27.25711,26.47879,23.02867
1785121824,26.54345,83.53399,90,0,234,,1,27.29098,26.58019,23.02867
1785121825,26.58618,83.56603,90,0,234,,1,27.35871,26.37719,23.16393
1785121825,26.51675,83.57824,90,0,234,,1,27.29098,26.61406,23.06253
1785121826,26.58618,83.48363,90,0,234,,1,27.15551,26.61406,23.06253
1785121827,26.54345,83.50195,90,0,234,,1,27.25711,26.41106,23.16393
1785121827,26.57282,83.52331,90,0,234,,1,27.25711,26.41106,23.02867
1785121828,26.54345,83.44091,90,0,234,,1,27.25711,26.41106,23.23146
1785121829,26.5568,83.52789,90,0,234,,1,27.18938,26.51246,23.13006
1785121829,26.64225,83.52026,90,0,234,,1,27.25711,26.51246,23.13006
1785121830,26.5568,83.61944,90,0,234,,1,27.35871,26.44473,23.0962
1785121831,26.5568,83.52789,90,0,234,,1,27.39258,26.51246,23.0962
1785121831,26.5301,83.72625,90,0,234,,1,27.15551,26.44473,23.06253
1785121832,26.47402,83.92767,90,0,234,,1,27.25711,26.54632,23.06253
1785121833,26.54345,83.97803,90,0,234,,1,27.18938,26.61406,23.02867
1785121833,26.6289,84.17792,90,0,234,,1,27.29098,26.47879,23.16393
1785121834,26.57282,84.20233,90,0,234,,1,27.25711,26.47879,23.13006
1785121835,26.5301,84.23285,90,0,234,,1,27.29098,26.44473,23.06253
1785121835,26.54345,84.31983,90,0,234,,1,27.29098,26.51246,23.13006
1785121836,26.5301,84.31678,90,0,233,,1,27.05412,26.51246,23.13006
1785121837,26.5568,84.32441,90,0,234,,1,27.18938,26.30946,23.13006
1785121837,26.5301,84.3885,90,0,234,,1,27.08778,26.47879,23.16393
1785121838,26.6289,84.271,90,0,234,,1,27.25711,26.37719,23.06253
1785121839,26.5301,84.29389,90,0,234,,1,27.22325,26.47879,23.0962
1785121840,26.59953,84.30305,90,0,234,,1,27.32484,26.44473,23.02867
1785121840,26.59953,84.2298,90,0,234,,1,27.29098,26.44473,23.0962
1785121841,26.61288,84.36103,90,0,234,,1,27.15551,26.44473,23.13006
1785121842,26.701,84.15503,90,0,234,,1,27.29098,26.47879,23.02867
1785121842,26.59953,84.17029,90,0,235,,1,27.29098,26.61406,23.13006
1785121843,26.59953,84.22064,90,0,234,,1,27.29098,26.58019,23.13006
1785121844,26.57282,84.1413,90,0,234,,1,27.15551,26.34333,23.0962
1785121844,26.57282,84.11078,90,0,234,,1,27.15551,26.58019,22.96113
1785121845,26.5568,84.05432,90,0,234,,1,27.32484,26.54632,23.06253
1785121846,26.57282,84.20233,90,0,234,,1,27.35871,26.47879,23.0962
1785121846,26.59953,84.19165,90,0,234,,1,27.12165,26.34333,23.06253
1785121847,26.58618,84.14587,90,0,234,,1,27.29098,26.54632,23.13006
1785121848,26.59953,84.08636,90,0,234,,1,27.32484,26.47879,23.16393
1785121848,26.5568,84.16876,90,0,234,,1,27.29098,26.41106,23.0962
1785121849,26.58618,84.12451,90,0,234,,1,27.25711,26.37719,23.13006
1785121850,26.5301,84.0177,90,0,234,,1,27.42644,26.47879,23.13006
1785121850,26.61288,84.07874,90,0,234,,1,27.29098,26.44473,23.0962
1785121851,26.5301,84.00549,90,0,234,,1,27.12165,26.41106,23.06253
1785121852,26.64225,83.99481,90,0,234,,1,27.25711,26.47879,23.16393
1785121852,26.58618,84.02228,90,0,235,,1,27.08778,26.47879,23.06253
1785121853,26.5568,84.04211,90,0,234,,1,27.18938,26.44473,23.06253
1785121854,26.51675,83.9826,90,0,234,,1,27.29098,26.44473,23.16393
1785121854,26.50072,83.85443,90,0,234,,1,27.25711,26.47879,23.06253
1785121855,26.57282,83.9353,90,0,234,,1,27.29098,26.44473,23.02867
1785121856,26.54345,83.99023,90,0,234,,1,27.12165,26.51246,23.16393
1785121857,26.57282,83.9765,90,0,234,,1,27.15551,26.41106,23.0962
1785121857,26.57282,84.04669,90,0,234,,1,27.29098,26.51246,23.0962
1785121858,26.6289,84.03296,90,0,234,,1,27.15551,26.47879,23.13006
1785121859,26.61288,84.04974,90,0,234,,1,27.39258,26.44473,23.02867
1785121859,26.59953,84.02686,90,0,234,,1,27.18938,26.58019,23.0962
1785121860,26.59953,84.08636,90,0,234,,1,27.22325,26.51246,23.0962
1785121861,26.5568,84.09552,90,0,234,,1,27.29098,26.44473,23.13006
1785121861,26.6289,84.02228,90,0,234,,1,27.29098,26.44473,23.13006
1785121862,26.6556,84.16418,90,0,234,,1,27.22325,26.54632,23.02867
1785121863,26.5568,84.1886,90,0,234,,1,27.15551,26.41106,23.06253
1785121863,26.5301,84.21149,90,0,234,,1,27.22325,26.44473,23.13006
1785121864,26.6743,84.20081,90,0,234,,1,27.22325,26.44473,23.0962
1785121865,26.58618,84.22827,90,0,234,,1,27.25711,26.58019,23.13006
1785121865,26.57282,84.16113,90,0,234,,1,27.18938,26.54632,23.13006
1785121866,26.6289,84.23895,90,0,234,,1,27.18938,26.44473,23.13006
1785121867,26.6289,84.26032,90,0,234,,1,27.32484,26.58019,23.0962
1785121867,26.57282,84.27558,90,0,234,,1,27.32484,26.34333,23.06253
1785121868,26.54345,84.10162,90,0,234,,1,27.18938,26.51246,23.06253
1785121869,26.51675,84.18707,90,0,234,,1,27.29098,26.37719,23.06253
1785121869,26.6289,84.17792,90,0,233,,1,27.25711,26.61406,23.16393
1785121870,26.59953,84.40681,90,0,234,,1,27.35871,26.34333,23.0962
1785121871,26.6289,84.24811,90,0,234,,1,27.18938,26.41106,23.0962
1785121871,26.59953,84.35645,90,0,234,,1,27.08778,26.47879,23.13006
1785121872,26.59953,84.31525,90,0,235,,1,27.15551,26.37719,23.13006
1785121873,26.59953,84.27406,90,0,234,,1,27.18938,26.51246,23.13006
1785121874,26.5568,84.23895,90,0,234,,1,27.18938,26.44473,23.13006
1785121874,26.57282,84.41138,90,0,234,,1,27.39258,26.30946,23.02867
1785121875,26.5301,84.23285,90,0,234,,1,27.18938,26.58019,23.06253
1785121876,26.58618,84.41291,90,0,234,,1,27.18938,26.51246,23.13006
1785121876,26.50072,84.32899,90,0,234,,1,27.25711,26.47879,23.13006
1785121877,26.54345,84.39002,90,0,234,,1,27.22325,26.47879,23.06253
1785121878,26.54345,84.41291,90,0,234,,1,27.25711,26.51246,23.06253
1785121878,26.71435,84.52125,90,0,234,,1,27.25711,26.61406,23.02867
1785121879,26.57282,84.43122,90,0,233,,1,27.18938,26.58019,23.1978
1785121880,26.6289,84.5182,90,0,234,,1,27.25711,26.61406,23.06253
1785121880,26.57282,84.83253,90,0,233,,1,27.22325,26.47879,22.9948
1785121881,26.61288,84.77303,90,0,234,,1,27.18938,26.47879,23.0962
1785121882,26.54345,84.73182,90,0,234,,1,27.25711,26.51246,23.16393
1785121882,26.6556,85.00191,90,0,234,,1,27.22325,26.58019,23.0962
1785121883,26.57282,85.04005,90,0,234,,1,27.22325,26.41106,23.16393
1785121884,26.5568,85.12703,90,0,234,,1,27.22325,26.41106,23.13006
1785121884,26.61288,85.38186,90,0,234,,1,27.22325,26.37719,23.0962
1785121885,26.64225,85.48257,90,0,234,,1,27.32484,26.44473,23.13006
1785121886,26.58618,85.63363,90,0,234,,1,27.18938,26.47879,23.13006
1785121886,26.61288,85.74502,90,0,234,,1,27.12165,26.34333,23.02867
1785121887,26.6289,85.85336,90,0,234,,1,27.25711,26.41106,23.0962
1785121888,26.71435,86.17532,90,0,233,,1,27.32484,26.51246,23.06253
1785121888,26.57282,86.10513,90,0,234,,1,27.25711,26.44473,23.02867
1785121889,26.61288,86.10513,90,0,234,,1,27.15551,26.44473,23.13006
1785121890,26.58618,86.27451,90,0,234,,1,27.18938,26.41106,22.96113
1785121891,26.59953,86.20584,90,0,234,,1,27.22325,26.51246,23.06253
1785121891,26.64225,86.21957,90,0,234,,1,27.18938,26.37719,22.96113
1785121892,26.5301,86.21652,90,0,234,,1,27.15551,26.47879,23.0962
1785121893,26.6743,86.38132,90,0,234,,1,27.22325,26.51246,23.16393
1785121893,26.64225,86.39353,90,0,234,,1,27.25711,26.58019,23.0962
1785121894,26.6743,86.34013,90,0,234,,1,27.29098,26.44473,23.13006
1785121895,26.51675,86.41795,90,0,234,,1,27.15551,26.34333,23.0962
1785121895,26.58618,86.0975,90,0,234,,1,27.12165,26.54632,22.9948
1785121896,26.59953,86.02884,90,0,234,,1,27.22325,26.58019,23.06253
1785121897,26.57282,85.89609,90,0,234,,1,27.18938,26.54632,23.02867
1785121897,26.5568,85.74807,90,0,234,,1,27.29098,26.54632,23.06253
1785121898,26.61288,85.62905,90,0,234,,1,27.25711,26.41106,23.02867
1785121899,26.57282,85.3727,90,0,234,,1,27.35871,26.54632,23.02867
1785121899,26.57282,85.2491,90,0,234,,1,27.15551,26.44473,23.0962
1785121900,26.58618,85.1255,90,0,234,,1,27.25711,26.51246,23.0962
1785121901,26.59953,84.81117,90,0,234,,1,27.18938,26.54632,23.0962
1785121901,26.51675,84.68299,90,0,234,,1,27.25711,26.37719,22.96113
1785121902,26.64225,84.63569,90,0,234,,1,27.25711,26.47879,23.13006
1785121903,26.5568,84.42664,90,0,234,,1,27.22325,26.44473,22.9948
1785121903,26.6289,84.30152,90,0,234,,1,27.29098,26.54632,23.16393
1785121904,26.48737,84.242,90,0,234,,1,27.32484,26.71565,23.13006
1785121905,26.61288,84.31678,90,0,234,,1,27.15551,26.47879,23.0962
1785121905,26.54345,84.46326,90,0,234,,1,27.12165,26.64792,23.13006
1785121906,26.57282,84.51209,90,0,234,,1,27.35871,26.44473,23.13006
1785121907,26.57282,84.45258,90,0,234,,1,27.15551,26.58019,23.02867
1785121908,26.5568,84.75624,90,0,234,,1,27.18938,26.44473,23.06253
1785121908,26.57282,84.9485,90,0,234,,1,27.29098,26.41106,23.06253
1785121909,26.64225,85.19417,90,0,234,,1,27.29098,26.47879,23.06253
1785121910,26.57282,85.29946,90,0,234,,1,27.25711,26.51246,23.0962
1785121910,26.6289,85.51003,90,0,234,,1,27.18938,26.51246,23.06253
1785121911,26.61288,85.73434,90,0,234,,1,27.12165,26.37719,23.0962
1785121912,26.68765,85.98154,90,0,234,,1,27.18938,26.58019,22.9948
1785121912,26.57282,86.07309,90,0,235,,1,27.08778,26.44473,23.13006
1785121913,26.6743,86.27604,90,0,234,,1,27.22325,26.37719,23.16393
1785121914,26.59953,86.37064,90,0,234,,1,27.18938,26.37719,23.16393
1785121914,26.6289,86.37064,90,0,234,,1,27.15551,26.41106,23.13006
1785121915,26.6556,86.48051,90,0,234,,1,27.12165,26.37719,23.13006
1785121916,26.6743,86.48508,90,0,233,,1,27.22325,26.37719,23.06253
1785121916,26.6556,86.44846,90,0,234,,1,27.42644,26.64792,23.02867
1785121917,26.59953,86.39964,90,0,234,,1,27.22325,26.41106,23.06253
1785121918,26.48737,86.47288,90,0,234,,1,27.29098,26.34333,23.0962
1785121918,26.6556,86.3859,90,0,234,,1,27.35871,26.54632,23.06253
1785121919,26.71435,86.43168,90,0,234,,1,27.22325,26.44473,23.13006
1785121920,26.5301,86.40269,90,0,234,,1,27.32484,26.47879,23.06253
1785121920,26.5568,86.62699,90,0,234,,1,27.22325,26.47879,23.02867
1785121921,26.64225,86.6926,90,0,234,,1,27.12165,26.37719,23.1978
1785121922,26.57282,86.7979,90,0,234,,1,27.25711,26.47879,23.06253
1785121922,26.6289,86.98863,90,0,234,,1,27.22325,26.37719,23.0962
1785121923,26.61288,87.0985,90,0,234,,1,27.32484,26.47879,23.0962
1785121924,26.5568,87.23735,90,0,234,,1,27.18938,26.51246,23.0962
1785121924,26.6289,87.33807,90,0,234,,1,27.18938,26.54632,23.06253
1785121925,26.6289,87.21446,90,0,234,,1,27.15551,26.54632,23.1978
1785121926,26.57282,87.06645,90,0,234,,1,27.18938,26.58019,23.23146
1785121927,26.57282,87.01305,90,0,234,,1,27.18938,26.34333,23.16393
1785121927,26.5568,86.79332,90,0,234,,1,27.25711,26.54632,23.13006
1785121928,26.6289,86.67887,90,0,234,,1,27.32484,26.47879,23.13006
1785121929,26.59953,86.34928,90,0,234,,1,27.25711,26.37719,23.0962
1785121929,26.64225,86.31113,90,0,234,,1,27.18938,26.58019,23.06253
1785121930,26.51675,86.10971,90,0,234,,1,27.32484,26.41106,23.16393
1785121931,26.50072,85.83658,90,0,234,,1,27.12165,26.51246,23.06253
1785121931,26.57282,85.72213,90,0,234,,1,27.22325,26.41106,23.0962
1785121932,26.5568,85.42764,90,0,234,,1,27.15551,26.37719,23.0962
1785121933,26.61288,85.16365,90,0,234,,1,27.22325,26.41106,23.16393
1785121933,26.5301,84.98817,90,0,234,,1,27.08778,26.51246,23.06253
1785121934,26.51675,84.86,90,0,234,,1,27.22325,26.37719,23.02867
1785121935,26.61288,84.78371,90,0,234,,1,27.25711,26.47879,23.0962
1785121935,26.48737,84.66468,90,0,234,,1,27.22325,26.51246,23.06253
1785121936,26.5568,84.59144,90,0,234,,1,27.39258,26.51246,23.0962
1785121937,26.57282,84.63721,90,0,234,,1,27.18938,26.37719,23.23146
1785121937,26.6289,84.56855,90,0,234,,1,27.35871,26.54632,22.9948
1785121938,26.58618,84.49836,90,0,234,,1,27.22325,26.54632,23.06253
1785121939,26.5568,84.53956,90,0,234,,1,27.08778,26.41106,23.02867
1785121939,26.5568,84.53956,90,0,234,,1,27.18938,26.54632,23.13006
1785121940,26.61288,84.52277,90,0,234,,1,27.25711,26.61406,23.0962
1785121941,26.5301,84.47089,90,0,234,,1,27.29098,26.47879,23.16393
1785121941,26.6289,84.53956,90,0,234,,1,27.39258,26.41106,23.13006
1785121942,26.57282,84.62806,90,0,235,,1,27.25711,26.44473,23.13006
1785121943,26.50072,84.61738,90,0,234,,1,27.18938,26.61406,23.0962
1785121944,26.50072,84.67841,90,0,234,,1,27.22325,26.54632,23.06253
1785121944,26.54345,84.73182,90,0,234,,1,27.15551,26.54632,22.96113
1785121945,26.50072,84.73182,90,0,234,,1,27.15551,26.44473,23.0962
1785121946,26.5568,84.8188,90,0,234,,1,27.05412,26.47879,23.0962
1785121946,26.54345,84.8661,90,0,234,,1,27.18938,26.41106,22.9948
1785121947,26.50072,84.85542,90,0,234,,1,27.25711,26.51246,23.02867
1785121948,26.58618,85.07515,90,0,234,,1,27.22325,26.51246,23.06253
1785121948,26.54345,85.1133,90,0,234,,1,27.25711,26.58019,23.1978
1785121949,26.64225,85.19417,90,0,234,,1,27.05412,26.47879,23.06253
1785121950,26.59953,85.28573,90,0,234,,1,27.22325,26.54632,23.0962
1785121950,26.5568,85.45968,90,0,234,,1,27.35871,26.54632,23.0962
1785121951,26.57282,85.43221,90,0,234,,1,27.15551,26.54632,22.96113
1785121952,26.5301,85.42916,90,0,234,,1,27.15551,26.44473,23.0962
1785121952,26.5568,85.52071,90,0,235,,1,27.05412,26.51246,23.16393
1785121953,26.58618,85.64278,90,0,234,,1,27.25711,26.37719,23.0962
1785121954,26.59953,85.73129,90,0,234,,1,27.32484,26.44473,23.06253
1785121954,26.5568,85.88541,90,0,234,,1,27.22325,26.44473,23.06253
1785121955,26.58618,86.07767,90,0,234,,1,27.15551,26.58019,23.1978
1785121956,26.50072,85.91898,90,0,234,,1,27.29098,26.47879,23.1978
1785121956,26.5301,86.24704,90,0,234,,1,27.18938,26.24193,23.23146
1785121957,26.5568,86.12039,90,0,234,,1,27.18938,26.54632,23.0962
1785121958,26.6289,86.12039,90,0,234,,1,27.22325,26.64792,22.96113
1785121958,26.51675,86.0563,90,0,234,,1,27.25711,26.47879,23.16393
1785121959,26.54345,85.80759,90,0,234,,1,27.25711,26.61406,23.16393
1785121960,26.6289,85.75723,90,0,234,,1,27.35871,26.51246,23.13006
1785121961,26.64225,85.76181,90,0,234,,1,27.18938,26.58019,23.16393
1785121961,26.47402,85.56954,90,0,234,,1,27.25711,26.51246,23.16393
1785121962,26.6289,85.38644,90,0,234,,1,27.25711,26.44473,23.0962
1785121963,26.701,85.35439,90,0,234,,1,27.18938,26.44473,23.0962
1785121963,26.51675,85.33608,90,0,234,,1,27.12165,26.47879,23.1978
1785121964,26.5568,85.10872,90,0,234,,1,27.25711,26.44473,23.16393
1785121965,26.51675,84.95155,90,0,234,,1,27.12165,26.61406,23.0962
1785121965,26.5568,84.92409,90,0,234,,1,27.32484,26.41106,23.0962
1785121966,26.6743,84.83864,90,0,234,,1,27.25711,26.47879,23.13006
1785121967,26.57282,84.86458,90,0,234,,1,27.18938,26.44473,23.02867
1785121967,26.58618,84.7013,90,0,234,,1,27.29098,26.58019,23.0962
1785121968,26.5301,84.68757,90,0,234,,1,27.25711,26.51246,22.9948
1785121969,26.59953,84.73792,90,0,234,,1,27.18938,26.47879,23.02867
1785121969,26.5301,84.63721,90,0,234,,1,27.15551,26.61406,23.16393
1785121970,26.51675,84.59144,90,0,234,,1,27.15551,26.58019,23.06253
1785121971,26.50072,84.47242,90,0,234,,1,27.29098,26.44473,23.06253
1785121971,26.57282,84.47242,90,0,233,,1,27.15551,26.54632,23.0962
1785121972,26.57282,84.43122,90,0,234,,1,27.39258,26.51246,23.02867
1785121973,26.58618,84.36103,90,0,234,,1,27.12165,26.54632,23.0962
1785121973,26.59953,84.31525,90,0,235,,1,27.22325,26.51246,23.23146
1785121974,26.458,84.2649,90,0,234,,1,27.42644,26.54632,23.13006
1785121975,26.58618,84.24811,90,0,234,,1,27.39258,26.47879,23.02867
1785121975,26.57282,84.16113,90,0,234,,1,27.22325,26.44473,23.0962
1785121976,26.51675,84.11536,90,0,234,,1,27.29098,26.41106,23.16393
1785121977,26.61288,84.18402,90,0,234,,1,27.32484,26.44473,23.06253
1785121978,26.59953,84.1062,90,0,234,,1,27.25711,26.47879,23.1978
1785121978,26.5301,84.1001,90,0,234,,1,27.15551,26.51246,23.0962
1785121979,26.458,83.99634,90,0,234,,1,27.22325,26.51246,23.02867
1785121980,26.5301,84.1001,90,0,234,,1,27.18938,26.41106,23.0962
1785121980,26.6743,84.07416,90,0,234,,1,27.12165,26.54632,23.06253
1785121981,26.51675,84.09552,90,0,234,,1,27.12165,26.54632,23.13006
1785121982,26.64225,84.16113,90,0,234,,1,27.15551,26.47879,23.0962
1785121982,26.5301,84.10925,90,0,234,,1,27.29098,26.54632,23.13006
1785121983,26.5301,84.31678,90,0,234,,1,27.08778,26.47879,23.13006
1785121984,26.61288,84.42054,90,0,234,,1,27.15551,26.54632,23.02867
1785121984,26.57282,84.35798,90,0,234,,1,27.35871,26.51246,23.16393
1785121985,26.57282,84.65858,90,0,234,,1,27.18938,26.54632,23.02867
1785121986,26.57282,84.74097,90,0,234,,1,27.25711,26.41106,23.02867
1785121986,26.61288,84.91646,90,0,234,,1,27.25711,26.61406,23.16393
1785121987,26.68765,84.85237,90,0,234,,1,27.25711,26.51246,23.13006
1785121988,26.5568,84.86,90,0,234,,1,27.35871,26.47879,23.06253
1785121988,26.54345,84.9073,90,0,234,,1,27.29098,26.34333,23.0962
1785121989,26.59953,84.89357,90,0,234,,1,27.35871,26.47879,23.06253
1785121990,26.61288,84.97902,90,0,234,,1,27.18938,26.47879,23.13006
1785121990,26.57282,84.88441,90,0,234,,1,27.15551,26.47879,23.13006
1785121991,26.54345,84.79591,90,0,234,,1,27.29098,26.41106,23.02867
1785121992,26.54345,85.00191,90,0,234,,1,27.18938,26.44473,23.13006
1785121992,26.54345,84.85695,90,0,234,,1,27.15551,26.37719,23.0962
1785121993,26.59953,84.91493,90,0,234,,1,27.25711,26.44473,23.23146
1785121994,26.61288,84.85542,90,0,234,,1,27.22325,26.54632,23.16393
1785121995,26.54345,85.00191,90,0,234,,1,27.15551,26.61406,23.06253
1785121995,26.48737,85.02632,90,0,234,,1,27.18938,26.44473,23.0962
1785121996,26.6743,85.18044,90,0,234,,1,27.22325,26.37719,23.13006
1785121997,26.58618,85.42764,90,0,233,,1,27.22325,26.47879,23.0962
1785121997,26.61288,85.35134,90,0,234,,1,27.15551,26.34333,22.9948
1785121998,26.64225,85.39101,90,0,234,,1,27.18938,26.47879,23.0962
1785121999,26.58618,85.40627,90,0,234,,1,27.18938,26.47879,23.13006
1785121999,26.57282,85.79385,90,0,234,,1,27.22325,26.58019,23.13006
1785122000,26.6743,86.0502,90,0,234,,1,27.25711,26.51246,23.06253
1785122001,26.58618,86.2211,90,0,234,,1,27.25711,26.58019,23.0962
1785122001,26.58618,86.25315,90,0,234,,1,27.18938,26.47879,23.02867
1785122002,26.6743,86.51408,90,0,234,,1,27.29098,26.41106,23.02867
1785122003,26.6743,86.64988,90,0,234,,1,27.25711,26.54632,22.96113
1785122003,26.61288,86.73685,90,0,235,,1,27.25711,26.54632,23.0962
1785122004,26.61288,86.99321,90,0,234,,1,27.29098,26.68159,22.9948
1785122005,26.5301,86.89861,90,0,234,,1,27.22325,26.44473,23.02867
1785122005,26.59953,86.82536,90,0,234,,1,27.08778,26.44473,23.1978
1785122006,26.54345,86.73685,90,0,234,,1,27.25711,26.51246,23.06253
1785122007,26.61288,86.48966,90,0,234,,1,27.35871,26.44473,23.0962
1785122007,26.5301,86.25773,90,0,234,,1,27.18938,26.41106,23.13006
1785122008,26.59953,86.11124,90,0,234,,1,27.15551,26.47879,23.0962
1785122009,26.50072,85.68093,90,0,234,,1,27.18938,26.51246,23.06253
1785122009,26.61288,85.70229,90,0,234,,1,27.22325,26.61406,22.92727
1785122010,26.44465,85.42764,90,0,234,,1,27.18938,26.51246,23.06253
1785122011,26.54345,85.23994,90,0,234,,1,27.32484,26.41106,23.1978
1785122011,26.4313,84.89815,90,0,234,,1,27.25711,26.54632,22.9948
1785122012,26.5568,84.99428,90,0,235,,1,27.18938,26.54632,23.02867
1785122013,26.58618,84.79591,90,0,234,,1,27.25711,26.44473,23.13006
1785122014,26.58618,84.7654,90,0,234,,1,27.22325,26.41106,23.16393
1785122014,26.54345,84.7013,90,0,234,,1,27.22325,26.54632,23.0962
1785122015,26.47402,84.51667,90,0,234,,1,27.12165,26.44473,23.0962
1785122016,26.54345,84.52583,90,0,234,,1,27.15551,26.54632,23.02867
1785122016,26.59953,84.54108,90,0,234,,1,27.18938,26.51246,23.16393
1785122017,26.57282,84.51209,90,0,234,,1,27.32484,26.41106,23.0962
1785122018,26.50072,84.39002,90,0,234,,1,27.08778,26.51246,23.0962
1785122018,26.58618,84.35188,90,0,234,,1,27.22325,26.47879,23.0962
1785122019,26.59953,84.31525,90,0,234,,1,27.18938,26.47879,23.13006
1785122020,26.57282,84.16113,90,0,233,,1,27.25711,26.64792,23.16393
1785122020,26.47402,84.13672,90,0,234,,1,27.25711,26.54632,23.06253
1785122021,26.58618,84.19775,90,0,234,,1,27.25711,26.58019,23.02867
1785122022,26.50072,84.04974,90,0,234,,1,27.22325,26.44473,23.06253
1785122022,26.57282,84.07874,90,0,234,,1,27.15551,26.44473,23.0962
1785122023,26.50072,84.01923,90,0,234,,1,27.35871,26.51246,23.0962
1785122024,26.51675,83.87732,90,0,234,,1,27.29098,26.47879,23.06253
1785122024,26.57282,83.87274,90,0,234,,1,27.22325,26.58019,23.1978
1785122025,26.61288,84.02838,90,0,234,,1,27.29098,26.47879,23.0962
1785122026,26.64225,84.0177,90,0,234,,1,27.32484,26.41106,23.06253
1785122026,26.41794,83.96429,90,0,234,,1,27.18938,26.54632,23.16393
1785122027,26.51675,84.00397,90,0,234,,1,27.25711,26.54632,23.0962
1785122028,26.59953,84.15045,90,0,234,,1,27.29098,26.44473,23.16393
1785122028,26.5301,83.95361,90,0,234,,1,27.25711,26.27559,23.06253
1785122029,26.50072,83.99939,90,0,234,,1,27.15551,26.54632,23.06253
1785122030,26.57282,84.1001,90,0,234,,1,27.22325,26.64792,23.02867
1785122031,26.57282,84.16113,90,0,234,,1,27.29098,26.44473,22.9948
1785122031,26.5568,84.36256,90,0,234,,1,27.29098,26.44473,23.02867
1785122032,26.5301,84.25269,90,0,234,,1,27.29098,26.34333,22.9948
1785122033,26.59953,84.55024,90,0,234,,1,27.25711,26.47879,23.0962
1785122033,26.59953,84.75929,90,0,234,,1,27.18938,26.41106,23.0962
1785122034,26.61288,85.14381,90,0,234,,1,27.35871,26.61406,22.9948
1785122035,26.50072,85.34066,90,0,234,,1,27.22325,26.37719,23.06253
1785122035,26.58618,85.51919,90,0,234,,1,27.29098,26.41106,23.06253
1785122036,26.6743,85.68856,90,0,234,,1,27.15551,26.47879,23.13006
1785122037,26.64225,85.95865,90,0,234,,1,27.15551,26.34333,23.06253
1785122037,26.58618,86.04715,90,0,234,,1,27.32484,26.47879,23.0962
1785122038,26.54345,86.21042,90,0,234,,1,27.18938,26.47879,22.96113
1785122039,26.57282,86.13718,90,0,234,,1,27.15551,26.47879,23.06253
1785122039,26.57282,86.14633,90,0,234,,1,27.32484,26.58019,23.02867
1785122040,26.57282,86.12497,90,0,234,,1,27.05412,26.58019,23.1978
1785122041,26.61288,86.15701,90,0,234,,1,27.12165,26.44473,23.0962
1785122041,26.58618,85.90067,90,0,234,,1,27.18938,26.54632,23.02867
1785122042,26.5301,85.83505,90,0,234,,1,27.22325,26.51246,22.9948
1785122043,26.59953,85.81216,90,0,234,,1,27.22325,26.47879,23.0962
1785122043,26.58618,85.74502,90,0,234,,1,27.12165,26.51246,23.13006
1785122044,26.5568,85.7084,90,0,234,,1,27.32484,26.47879,23.0962
1785122045,26.5568,85.72976,90,0,234,,1,27.25711,26.44473,23.0962
1785122045,26.47402,85.77707,90,0,234,,1,27.29098,26.44473,23.0962
1785122046,26.58618,85.83963,90,0,234,,1,27.32484,26.47879,23.06253
1785122047,26.59953,85.7908,90,0,234,,1,27.25711,26.58019,23.23146
1785122048,26.6289,85.79996,90,0,234,,1,27.18938,26.47879,23.06253
1785122048,26.5568,85.96475,90,0,234,,1,27.25711,26.51246,23.1978
1785122049,26.59953,85.90524,90,0,234,,1,27.12165,26.37719,23.13006
1785122050,26.61288,85.86862,90,0,234,,1,27.25711,26.44473,23.06253
1785122050,26.51675,85.8732,90,0,234,,1,27.29098,26.58019,22.9948
1785122051,26.54345,85.90982,90,0,234,,1,27.32484,26.51246,23.0962
1785122052,26.57282,85.81674,90,0,234,,1,27.29098,26.51246,23.02867
1785122052,26.59953,85.86404,90,0,234,,1,27.25711,26.44473,22.9948
1785122053,26.5568,85.84116,90,0,234,,1,27.32484,26.41106,23.13006
1785122054,26.57282,85.72213,90,0,235,,1,27.25711,26.54632,23.13006
1785122054,26.5568,85.49172,90,0,234,,1,27.18938,26.51246,23.13006
1785122055,26.58618,85.51919,90,0,234,,1,27.32484,26.51246,23.06253
1785122056,26.5568,85.36813,90,0,234,,1,27.25711,26.51246,22.96113
1785122056,26.61288,85.4551,90,0,234,,1,27.18938,26.61406,23.0962
1785122057,26.58618,85.43679,90,0,234,,1,27.18938,26.51246,23.13006
1785122058,26.64225,85.35897,90,0,234,,1,27.18938,26.54632,23.02867
1785122058,26.61288,85.2079,90,0,234,,1,27.12165,26.41106,23.06253
1785122059,26.61288,85.16365,90,0,234,,1,27.35871,26.37719,23.06253
1785122060,26.59953,85.02632,90,0,234,,1,27.18938,26.51246,23.0962
1785122060,26.51675,85.15907,90,0,234,,1,27.25711,26.37719,23.16393
1785122061,26.58618,85.16823,90,0,234,,1,27.18938,26.61406,23.0962
1785122062,26.61288,85.21706,90,0,234,,1,27.35871,26.47879,23.0962
1785122063,26.57282,85.27657,90,0,234,,1,27.22325,26.44473,22.96113
1785122063,26.50072,85.34066,90,0,234,,1,27.15551,26.41106,23.0962
1785122064,26.58618,85.33303,90,0,234,,1,27.18938,26.47879,23.0962
1785122065,26.58618,85.52987,90,0,234,,1,27.22325,26.47879,23.16393
1785122065,26.6556,85.64278,90,0,234,,1,27.25711,26.41106,23.06253
1785122066,26.61288,85.8259,90,0,234,,1,27.18938,26.54632,23.06253
1785122067,26.58618,86.07767,90,0,234,,1,27.32484,26.41106,23.13006
1785122067,26.5568,85.94492,90,0,234,,1,27.32484,26.54632,23.13006
1785122068,26.57282,86.21652,90,0,234,,1,27.32484,26.54632,23.06253
1785122069,26.59953,86.26688,90,0,234,,1,27.25711,26.34333,23.16393
1785122069,26.61288,86.5095,90,0,234,,1,27.35871,26.47879,23.16393
1785122070,26.64225,86.46677,90,0,234,,1,27.29098,26.41106,23.13006
1785122071,26.6289,86.55375,90,0,234,,1,27.25711,26.27559,23.06253
1785122071,26.59953,86.52323,90,0,234,,1,27.29098,26.54632,23.0962
1785122072,26.58618,86.70634,90,0,234,,1,27.22325,26.54632,23.06253
1785122073,26.48737,86.66819,90,0,234,,1,27.18938,26.47879,22.9948
1785122073,26.5568,86.68803,90,0,235,,1,27.08778,26.61406,23.1978
1785122074,26.57282,86.59037,90,0,234,,1,27.32484,26.51246,23.0962
1785122075,26.64225,86.61936,90,0,234,,1,27.22325,26.37719,23.06253
1785122075,26.58618,86.64683,90,0,234,,1,27.15551,26.44473,23.02867
1785122076,26.68765,86.5095,90,0,234,,1,27.32484,26.47879,22.92727
1785122077,26.51675,86.60563,90,0,234,,1,27.22325,26.47879,23.13006
1785122077,26.54345,86.48966,90,0,234,,1,27.32484,26.51246,23.16393
1785122078,26.701,86.70023,90,0,234,,1,27.22325,26.51246,23.0962
1785122079,26.6556,86.63309,90,0,234,,1,27.25711,26.54632,23.13006
1785122079,26.61288,86.68345,90,0,234,,1,27.29098,26.44473,23.16393
1785122080,26.59953,86.70023,90,0,234,,1,27.15551,26.47879,23.06253
1785122081,26.58618,86.75975,90,0,234,,1,27.22325,26.47879,23.02867
1785122082,26.6556,86.83299,90,0,234,,1,27.29098,26.41106,23.06253
1785122082,26.64225,86.88792,90,0,234,,1,27.02005,26.51246,23.0962
1785122083,26.61288,86.91234,90,0,234,,1,27.32484,26.44473,23.16393
1785122084,26.48737,86.80247,90,0,235,,1,27.35871,26.51246,23.0962
1785122084,26.6743,87.08476,90,0,234,,1,27.18938,26.44473,23.02867
1785122085,26.59953,86.89708,90,0,234,,1,27.22325,26.54632,23.0962
1785122086,26.6556,86.98558,90,0,234,,1,27.15551,26.47879,23.02867
1785122086,26.59953,86.80553,90,0,234,,1,27.18938,26.58019,23.06253
1785122087,26.5568,86.82384,90,0,234,,1,27.22325,26.44473,23.0962
1785122088,26.6743,86.79332,90,0,234,,1,27.22325,26.44473,23.0962
1785122088,26.5568,86.70023,90,0,234,,1,27.22325,26.27559,23.02867
1785122089,26.6556,86.73685,90,0,234,,1,27.29098,26.51246,23.06253
1785122090,26.5568,86.65903,90,0,234,,1,27.25711,26.51246,23.13006
1785122090,26.54345,86.65446,90,0,234,,1,27.42644,26.47879,23.13006
1785122091,26.51675,86.64683,90,0,234,,1,27.29098,26.44473,23.0962
1785122092,26.59953,86.78416,90,0,234,,1,27.29098,26.44473,23.23146
1785122092,26.57282,86.65141,90,0,234,,1,27.25711,26.51246,23.02867
1785122093,26.458,86.78416,90,0,234,,1,27.08778,26.51246,23.13006
1785122094,26.59953,86.81621,90,0,234,,1,27.18938,26.41106,23.13006
1785122094,26.6289,86.78264,90,0,234,,1,27.22325,26.51246,23.0962
1785122095,26.64225,86.91081,90,0,233,,1,27.25711,26.54632,23.0962
1785122096,26.59953,86.94896,90,0,234,,1,27.29098,26.51246,23.0962
1785122096,26.57282,86.95201,90,0,234,,1,27.25711,26.30946,23.02867
1785122097,26.59953,86.99931,90,0,234,,1,27.12165,26.44473,23.16393
1785122098,26.6289,87.09087,90,0,234,,1,27.15551,26.47879,23.0962
1785122099,26.64225,87.16716,90,0,234,,1,27.25711,26.44473,23.06253
1785122099,26.6289,87.11375,90,0,234,,1,27.25711,26.34333,23.16393
1785122100,26.59953,87.2282,90,0,234,,1,27.25711,26.54632,23.0962
1785122101,26.61288,87.18089,90,0,234,,1,27.22325,26.58019,23.06253
1785122101,26.58618,87.19157,90,0,234,,1,27.25711,26.44473,23.0962
1785122102,26.54345,87.22209,90,0,234,,1,27.22325,26.47879,23.06253
1785122103,26.6743,87.187,90,0,234,,1,27.25711,26.51246,23.0962
1785122103,26.57282,86.99321,90,0,234,,1,27.22325,26.47879,23.06253
1785122104,26.5568,86.95811,90,0,234,,1,27.18938,26.61406,23.02867
1785122105,26.48737,86.96727,90,0,234,,1,27.18938,26.47879,23.06253
1785122105,26.61288,86.88029,90,0,234,,1,27.12165,26.47879,23.0962
1785122106,26.51675,86.62699,90,0,234,,1,27.29098,26.58019,23.0962
1785122107,26.5301,86.52628,90,0,234,,1,27.12165,26.47879,23.13006
1785122107,26.61288,86.42558,90,0,234,,1,27.22325,26.54632,23.02867
1785122108,26.5568,86.35691,90,0,234,,1,27.25711,26.47879,23.13006
1785122109,26.5301,85.94644,90,0,234,,1,27.25711,26.47879,23.16393
1785122109,26.5301,85.88541,90,0,234,,1,27.25711,26.47879,22.9948
1785122110,26.5568,85.78012,90,0,233,,1,27.15551,26.37719,23.0962
1785122111,26.48737,85.5848,90,0,234,,1,27.22325,26.61406,23.06253
1785122111,26.5568,85.43832,90,0,234,,1,27.18938,26.34333,23.16393
1785122112,26.58618,85.34219,90,0,234,,1,27.32484,26.47879,23.13006
1785122113,26.5568,85.21248,90,0,234,,1,27.25711,26.47879,23.06253
1785122113,26.61288,85.02022,90,0,235,,1,27.35871,26.61406,22.96113
1785122114,26.54345,84.95766,90,0,234,,1,27.32484,26.41106,23.06253
1785122115,26.51675,84.83864,90,0,234,,1,27.25711,26.54632,23.13006
1785122115,26.57282,84.69978,90,0,234,,1,27.25711,26.61406,22.9948
1785122116,26.5568,84.654,90,0,234,,1,27.18938,26.51246,23.02867
1785122117,26.5301,84.76082,90,0,234,,1,27.18938,26.44473,23.1978
1785122118,26.58618,84.49836,90,0,234,,1,27.18938,26.51246,22.9948
1785122118,26.50072,84.26643,90,0,234,,1,27.29098,26.44473,23.06253
1785122119,26.51675,84.271,90,0,234,,1,27.32484,26.47879,23.0962
1785122120,26.54345,84.12299,90,0,234,,1,27.32484,26.41106,23.02867
1785122120,26.51675,84.3122,90,0,234,,1,27.22325,26.51246,22.9948
1785122121,26.59953,84.07721,90,0,234,,1,27.25711,26.58019,23.16393
1785122122,26.54345,83.95819,90,0,234,,1,27.25711,26.44473,23.06253
1785122122,26.48737,84.22064,90,0,234,,1,27.25711,26.51246,23.06253
1785122123,26.5568,84.17944,90,0,234,,1,27.25711,26.51246,23.0962
1785122124,26.54345,83.99023,90,0,234,,1,27.22325,26.64792,22.9948
1785122124,26.51675,84.06348,90,0,234,,1,27.22325,26.44473,23.06253
1785122125,26.50072,84.11078,90,0,234,,1,27.29098,26.41106,23.02867
1785122126,26.50072,83.99939,90,0,234,,1,27.12165,26.37719,23.16393
1785122126,26.61288,84.00854,90,0,234,,1,27.29098,26.44473,23.0962
1785122127,26.57282,84.03754,90,0,234,,1,27.29098,26.58019,23.02867
1785122128,26.50072,84.0589,90,0,234,,1,27.25711,26.44473,23.0962
1785122128,26.5568,84.03601,90,0,234,,1,27.22325,26.51246,23.02867
1785122129,26.51675,83.97192,90,0,234,,1,27.22325,26.54632,23.13006
1785122130,26.5568,84.07416,90,0,234,,1,27.18938,26.41106,23.02867
1785122130,26.48737,84.04517,90,0,234,,1,27.29098,26.51246,23.0962
1785122131,26.47402,84.06348,90,0,234,,1,27.22325,26.58019,22.9948
1785122132,26.5568,84.16876,90,0,234,,1,27.22325,26.34333,23.13006
1785122133,26.58618,84.11383,90,0,235,,1,27.22325,26.51246,23.13006
1785122133,26.5568,84.2298,90,0,234,,1,27.25711,26.54632,23.16393
1785122134,26.54345,84.21606,90,0,234,,1,27.32484,26.34333,23.0962
1785122135,26.61288,84.19318,90,0,234,,1,27.29098,26.41106,23.13006
1785122135,26.5568,84.30305,90,0,234,,1,27.25711,26.51246,23.0962
1785122136,26.5301,84.1825,90,0,234,,1,27.25711,26.51246,23.06253
1785122137,26.61288,84.26643,90,0,234,,1,27.15551,26.44473,23.1978
1785122137,26.57282,84.27558,90,0,234,,1,27.25711,26.47879,23.06253
1785122138,26.58618,84.12451,90,0,234,,1,27.18938,26.47879,23.13006
1785122139,26.54345,84.08179,90,0,234,,1,27.18938,26.37719,23.06253
1785122139,26.5301,83.84985,90,0,234,,1,27.32484,26.44473,23.02867
1785122140,26.54345,83.94598,90,0,234,,1,27.18938,26.41106,23.02867
1785122141,26.51675,83.75372,90,0,234,,1,27.35871,26.51246,23.13006
1785122141,26.48737,83.78882,90,0,234,,1,27.18938,26.47879,23.16393
1785122142,26.5568,83.72472,90,0,234,,1,27.22325,26.41106,22.9948
1785122143,26.5568,83.70336,90,0,234,,1,27.15551,26.54632,23.02867
1785122143,26.51675,83.57824,90,0,234,,1,27.15551,26.44473,23.16393
1785122144,26.51675,83.53857,90,0,234,,1,27.22325,26.54632,23.0962
1785122145,26.51675,83.52789,90,0,234,,1,27.05412,26.58019,23.0962
1785122145,26.5568,83.61028,90,0,233,,1,27.05412,26.47879,23.0962
1785122146,26.5301,83.61181,90,0,234,,1,27.18938,26.51246,22.96113
1785122147,26.50072,83.6347,90,0,234,,1,27.08778,26.41106,23.0962
1785122147,26.6556,83.6469,90,0,234,,1,27.18938,26.54632,23.13006
1785122148,26.5568,83.75372,90,0,234,,1,27.18938,26.47879,23.16393
1785122149,26.54345,83.65759,90,0,234,,1,27.18938,26.44473,23.13006
1785122149,26.5301,83.75677,90,0,234,,1,27.32484,26.44473,23.06253
1785122150,26.50072,83.66674,90,0,234,,1,27.22325,26.44473,23.06253
1785122151,26.5301,83.78882,90,0,234,,1,27.32484,26.27559,23.0962
1785122152,26.58618,83.68963,90,0,234,,1,27.29098,26.34333,23.02867
1785122152,26.47402,83.74303,90,0,235,,1,27.29098,26.51246,23.16393
1785122153,26.51675,83.76288,90,0,234,,1,27.46011,26.41106,23.06253
1785122154,26.5568,83.68353,90,0,234,,1,27.29098,26.44473,23.16393
1785122154,26.47402,83.77203,90,0,234,,1,27.12165,26.37719,23.0962
1785122155,26.5568,83.85901,90,0,234,,1,27.18938,26.47879,23.13006
1785122156,26.58618,83.66064,90,0,234,,1,27.25711,26.51246,23.06253
1785122156,26.6743,83.80713,90,0,234,,1,27.32484,26.44473,23.06253
1785122157,26.5568,83.74303,90,0,233,,1,27.18938,26.54632,23.06253
1785122158,26.5301,83.69726,90,0,234,,1,27.08778,26.51246,23.02867
1785122158,26.58618,83.73388,90,0,234,,1,27.29098,26.47879,23.02867
1785122159,26.51675,83.75372,90,0,234,,1,27.22325,26.41106,23.13006
1785122160,26.458,83.6759,90,0,234,,1,27.22325,26.51246,23.16393
1785122160,26.6289,83.78424,90,0,234,,1,27.25711,26.34333,22.96113
1785122161,26.54345,83.86664,90,0,234,,1,27.25711,26.47879,23.0962
1785122162,26.50072,83.98718,90,0,234,,1,27.18938,26.47879,23.06253
1785122162,26.48737,84.05585,90,0,235,,1,27.22325,26.58019,23.02867
1785122163,26.58618,84.16571,90,0,234,,1,27.12165,26.41106,23.06253
1785122164,26.48737,84.1886,90,0,234,,1,27.25711,26.44473,23.13006
1785122164,26.5301,84.35645,90,0,234,,1,27.25711,26.47879,23.16393
1785122165,26.57282,84.2649,90,0,234,,1,27.25711,26.47879,23.0962
1785122166,26.58618,84.42512,90,0,234,,1,27.35871,26.51246,23.02867
1785122166,26.5301,84.32594,90,0,234,,1,27.32484,26.44473,23.0962
1785122167,26.50072,84.32899,90,0,234,,1,27.22325,26.58019,23.0962
1785122168,26.47402,84.28931,90,0,234,,1,27.35871,26.51246,23.13006
1785122169,26.6556,84.37171,90,0,234,,1,27.22325,26.37719,23.0962
1785122169,26.58618,84.28931,90,0,234,,1,27.25711,26.44473,23.0962
1785122170,26.48737,84.42664,90,0,234,,1,27.15551,26.54632,22.9948
1785122171,26.64225,84.37629,90,0,234,,1,27.22325,26.30946,23.0962
1785122171,26.54345,84.19318,90,0,234,,1,27.15551,26.47879,23.02867
1785122172,26.61288,84.20538,90,0,234,,1,27.18938,26.51246,23.13006
1785122173,26.5568,84.11536,90,0,234,,1,27.25711,26.30946,23.16393
1785122173,26.59953,84.03601,90,0,234,,1,27.22325,26.37719,23.06253
1785122174,26.61288,83.91394,90,0,234,,1,27.15551,26.51246,23.0962
1785122175,26.5568,83.95056,90,0,234,,1,27.25711,26.44473,23.06253
1785122175,26.58618,83.91699,90,0,234,,1,27.18938,26.58019,23.06253
1785122176,26.50072,84.20233,90,0,234,,1,27.25711,26.44473,23.02867
1785122177,26.59953,84.11841,90,0,234,,1,27.22325,26.54632,23.13006
1785122177,26.58618,84.18707,90,0,234,,1,27.22325,26.41106,23.13006
1785122178,26.54345,84.18707,90,0,234,,1,27.25711,26.44473,23.13006
1785122179,26.5568,84.25116,90,0,234,,1,27.25711,26.54632,23.06253
1785122179,26.6289,84.24811,90,0,234,,1,27.18938,26.61406,23.06253
1785122180,26.58618,84.16571,90,0,234,,1,27.12165,26.47879,22.9948
1785122181,26.57282,84.3885,90,0,234,,1,27.08778,26.44473,23.13006
1785122181,26.51675,84.1474,90,0,234,,1,27.22325,26.47879,23.13006
1785122182,26.5568,84.11536,90,0,234,,1,27.18938,26.41106,23.13006
1785122183,26.5568,84.13672,90,0,234,,1,27.22325,26.54632,23.16393
1785122183,26.57282,84.0177,90,0,234,,1,27.25711,26.41106,23.13006
1785122184,26.51675,84.12756,90,0,234,,1,27.18938,26.47879,23.13006
1785122185,26.5301,83.95361,90,0,234,,1,27.29098,26.54632,23.0962
1785122186,26.59953,83.89105,90,0,234,,1,27.22325,26.44473,23.16393
1785122186,26.54345,83.86664,90,0,234,,1,27.25711,26.41106,23.06253
1785122187,26.54345,83.82239,90,0,234,,1,27.18938,26.44473,23.0962
1785122188,26.50072,83.6347,90,0,234,,1,27.15551,26.51246,23.13006
1785122188,26.61288,83.69878,90,0,234,,1,27.22325,26.47879,23.0962
1785122189,26.5568,83.55993,90,0,234,,1,27.32484,26.54632,23.02867
1785122190,26.54345,83.63775,90,0,234,,1,27.18938,26.47879,23.13006
1785122190,26.5568,83.73388,90,0,234,,1,27.29098,26.47879,23.16393
1785122191,26.6556,83.7522,90,0,233,,1,27.08778,26.58019,22.96113
1785122192,26.6556,83.84375,90,0,234,,1,27.22325,26.54632,23.13006
1785122192,26.54345,83.94598,90,0,234,,1,27.22325,26.54632,23.02867
1785122193,26.59953,84.08636,90,0,234,,1,27.15551,26.34333,23.13006
1785122194,26.5301,84.3885,90,0,234,,1,27.29098,26.47879,23.13006
1785122194,26.44465,84.34272,90,0,234,,1,27.25711,26.30946,23.0962
1785122195,26.61288,84.42054,90,0,234,,1,27.29098,26.54632,23.16393
1785122196,26.59953,84.5716,90,0,234,,1,27.15551,26.41106,23.02867
1785122196,26.61288,84.42054,90,0,234,,1,27.29098,26.54632,23.0962
1785122197,26.64225,84.47089,90,0,234,,1,27.22325,26.30946,22.9948
1785122198,26.64225,84.3473,90,0,234,,1,27.22325,26.51246,23.13006
1785122198,26.54345,84.25727,90,0,234,,1,27.15551,26.41106,23.13006
1785122199,26.59953,84.29389,90,0,234,,1,27.32484,26.34333,23.06253
1785122200,26.51675,84.12756,90,0,234,,1,27.25711,26.51246,23.06253
1785122200,26.5301,84.04669,90,0,234,,1,27.29098,26.44473,23.0962
1785122201,26.59953,84.05432,90,0,234,,1,27.08778,26.58019,23.13006
1785122202,26.59953,84.09705,90,0,234,,1,27.18938,26.47879,23.02867
1785122203,26.59953,83.9826,90,0,235,,1,27.18938,26.54632,23.06253
1785122203,26.61288,83.90326,90,0,234,,1,27.18938,26.58019,22.96113
1785122204,26.59953,83.83917,90,0,234,,1,27.25711,26.47879,23.16393
1785122205,26.61288,83.91394,90,0,234,,1,27.22325,26.51246,23.16393
1785122205,26.61288,83.87274,90,0,234,,1,27.18938,26.51246,23.06253
1785122206,26.57282,83.87274,90,0,234,,1,27.32484,26.61406,23.06253
1785122207,26.59953,83.70641,90,0,233,,1,27.29098,26.37719,23.0962
1785122207,26.5568,83.85901,90,0,234,,1,27.22325,26.58019,23.26533
1785122208,26.5568,83.78577,90,0,234,,1,27.25711,26.47879,23.06253
1785122209,26.5568,83.67132,90,0,234,,1,27.25711,26.41106,23.06253
1785122209,26.54345,83.63775,90,0,234,,1,27.25711,26.47879,23.0962
1785122210,26.5301,83.68505,90,0,234,,1,27.25711,26.41106,23.06253
1785122211,26.5568,83.65148,90,0,234,,1,27.29098,26.61406,23.06253
1785122211,26.6289,83.74456,90,0,234,,1,27.22325,26.41106,23.06253
1785122212,26.54345,83.82239,90,0,234,,1,27.25711,26.54632,23.0962
1785122213,26.61288,83.77966,90,0,234,,1,27.35871,26.34333,23.13006
1785122213,26.58618,83.83459,90,0,234,,1,27.18938,26.44473,23.02867
1785122214,26.5568,83.75372,90,0,234,,1,27.25711,26.51246,23.13006
1785122215,26.59953,83.90021,90,0,234,,1,27.22325,26.37719,23.0962
1785122215,26.68765,83.95514,90,0,234,,1,27.29098,26.44473,23.06253
1785122216,26.59953,83.94141,90,0,234,,1,27.08778,26.41106,23.1978
1785122217,26.64225,84.11841,90,0,234,,1,27.22325,26.41106,23.16393
1785122217,26.5568,84.26032,90,0,233,,1,27.12165,26.51246,23.13006
1785122218,26.47402,84.17487,90,0,234,,1,27.39258,26.44473,23.06253
1785122219,26.6743,84.29237,90,0,234,,1,27.15551,26.37719,23.06253
1785122219,26.701,84.35188,90,0,234,,1,27.15551,26.64792,23.16393
1785122220,26.51675,84.28016,90,0,234,,1,27.39258,26.54632,23.02867
1785122221,26.51675,84.37476,90,0,234,,1,27.42644,26.54632,23.13006
1785122222,26.57282,84.42054,90,0,233,,1,27.22325,26.54632,23.13006
1785122222,26.61288,84.53498,90,0,235,,1,27.35871,26.44473,23.0962
1785122223,26.5568,84.5182,90,0,234,,1,27.25711,26.64792,22.9948
1785122224,26.59953,84.69672,90,0,234,,1,27.18938,26.34333,23.06253
1785122224,26.5568,84.85085,90,0,234,,1,27.08778,26.41106,23.02867
1785122225,26.5301,84.73792,90,0,234,,1,27.39258,26.58019,23.06253
1785122226,26.64225,84.92561,90,0,234,,1,27.29098,26.44473,22.9948
1785122226,26.68765,84.88441,90,0,234,,1,27.25711,26.44473,23.0962
1785122227,26.57282,85.0721,90,0,234,,1,27.22325,26.37719,23.13006
1785122228,26.6289,85.13008,90,0,234,,1,27.25711,26.54632,23.1978
1785122228,26.58618,85.23079,90,0,234,,1,27.18938,26.61406,23.02867
1785122229,26.61288,85.25826,90,0,234,,1,27.32484,26.41106,23.06253
1785122230,26.50072,85.38186,90,0,234,,1,27.25711,26.61406,23.13006
1785122230,26.51675,85.52987,90,0,234,,1,27.32484,26.47879,23.0962
1785122231,26.5568,85.52071,90,0,234,,1,27.29098,26.41106,23.06253
1785122232,26.61288,85.77554,90,0,234,,1,27.39258,26.30946,23.02867
1785122232,26.5568,86.06851,90,0,234,,1,27.32484,26.34333,23.06253
1785122233,26.68765,86.11581,90,0,234,,1,27.18938,26.51246,23.13006
1785122234,26.54345,86.23026,90,0,234,,1,27.29098,26.41106,23.06253
1785122234,26.6743,86.44083,90,0,234,,1,27.25711,26.44473,23.13006
1785122235,26.58618,86.47135,90,0,234,,1,27.29098,26.68159,23.0962
1785122236,26.58618,86.70634,90,0,234,,1,27.02005,26.51246,23.0962
1785122236,26.6556,86.61326,90,0,234,,1,27.15551,26.47879,23.23146
1785122237,26.71435,86.80553,90,0,234,,1,27.15551,26.44473,23.13006
1785122238,26.77043,86.88335,90,0,234,,1,27.25711,26.58019,22.9948
1785122239,26.61288,86.92149,90,0,234,,1,27.22325,26.51246,23.02867
1785122239,26.59953,86.99016,90,0,234,,1,27.22325,26.47879,23.02867
1785122240,26.68765,86.90166,90,0,234,,1,27.18938,26.41106,23.16393
1785122241,26.57282,86.85741,90,0,234,,1,27.25711,26.54632,23.06253
1785122241,26.6556,86.9337,90,0,234,,1,27.32484,26.47879,23.23146
1785122242,26.54345,86.88029,90,0,234,,1,27.25711,26.41106,23.16393
1785122243,26.58618,86.95659,90,0,234,,1,27.18938,26.58019,23.13006
1785122243,26.58618,86.7277,90,0,234,,1,27.25711,26.41106,23.0962
1785122244,26.51675,86.43015,90,0,234,,1,27.22325,26.44473,22.96113
1785122245,26.57282,86.45762,90,0,234,,1,27.25711,26.44473,23.16393
1785122245,26.58618,85.94186,90,0,234,,1,27.15551,26.47879,23.06253
1785122246,26.5301,85.89609,90,0,234,,1,27.39258,26.47879,23.13006
1785122247,26.5568,85.44747,90,0,234,,1,27.22325,26.30946,23.02867
1785122247,26.57282,85.4017,90,0,234,,1,27.35871,26.41106,23.16393
1785122248,26.54345,85.19875,90,0,234,,1,27.22325,26.37719,23.06253
1785122249,26.44465,84.86,90,0,234,,1,27.25711,26.47879,23.0962
1785122249,26.51675,84.7776,90,0,234,,1,27.08778,26.41106,23.06253
1785122250,26.59953,84.68604,90,0,234,,1,27.05412,26.54632,23.0962
1785122251,26.6289,84.58076,90,0,234,,1,27.29098,26.47879,23.02867
1785122251,26.51675,84.41596,90,0,234,,1,27.18938,26.44473,23.13006
1785122252,26.5568,84.21912,90,0,235,,1,27.32484,26.51246,23.0962
1785122253,26.5568,84.09552,90,0,234,,1,27.29098,26.51246,23.06253
1785122253,26.51675,84.00397,90,0,234,,1,27.22325,26.54632,23.06253
1785122254,26.5301,83.9231,90,0,234,,1,27.25711,26.68159,23.1978
1785122255,26.5301,83.91241,90,0,234,,1,27.29098,26.44473,23.0962
1785122256,26.57282,83.7995,90,0,233,,1,27.25711,26.37719,23.06253
1785122256,26.54345,83.80255,90,0,234,,1,27.29098,26.47879,23.02867
1785122257,26.54345,83.72015,90,0,234,,1,27.18938,26.47879,22.9948
1785122258,26.54345,83.68963,90,0,234,,1,27.25711,26.41106,23.1978
1785122258,26.54345,83.67895,90,0,234,,1,27.32484,26.54632,23.0962
1785122259,26.5301,83.58282,90,0,234,,1,27.39258,26.41106,23.0962
1785122260,26.58618,83.55688,90,0,234,,1,27.12165,26.51246,23.13006
1785122260,26.57282,83.62402,90,0,234,,1,27.29098,26.54632,23.16393
1785122261,26.48737,83.69421,90,0,234,,1,27.15551,26.47879,23.02867
1785122262,26.51675,83.54772,90,0,234,,1,27.22325,26.41106,23.06253
1785122262,26.57282,83.6881,90,0,235,,1,27.35871,26.54632,23.1978
1785122263,26.59953,83.74456,90,0,234,,1,27.29098,26.51246,23.06253
1785122264,26.5568,83.83917,90,0,234,,1,27.25711,26.54632,23.13006
1785122264,26.5568,83.85901,90,0,234,,1,27.35871,26.54632,23.1978
1785122265,26.54345,83.85443,90,0,234,,1,27.25711,26.51246,23.06253
1785122266,26.59953,84.01465,90,0,234,,1,27.32484,26.44473,23.1978
1785122266,26.5301,84.10925,90,0,234,,1,27.32484,26.41106,23.06253
1785122267,26.5568,84.20996,90,0,234,,1,27.29098,26.58019,23.02867
1785122268,26.57282,84.2649,90,0,234,,1,27.29098,26.51246,23.16393
1785122268,26.64225,84.36713,90,0,234,,1,27.22325,26.51246,22.9948
1785122269,26.58618,84.35188,90,0,234,,1,27.18938,26.47879,23.0962
1785122270,26.64225,84.4297,90,0,234,,1,27.29098,26.47879,23.0962
1785122270,26.54345,84.40223,90,0,234,,1,27.35871,26.41106,23.0962
1785122271,26.64225,84.4297,90,0,234,,1,27.12165,26.44473,23.16393
1785122272,26.58618,84.51667,90,0,234,,1,27.15551,26.37719,22.9948
1785122273,26.5568,84.49989,90,0,234,,1,27.18938,26.37719,23.13006
1785122273,26.5568,84.49989,90,0,234,,1,27.18938,26.44473,23.13006
1785122274,26.59953,84.47089,90,0,234,,1,27.29098,26.47879,23.13006
1785122275,26.57282,84.41138,90,0,234,,1,27.25711,26.58019,23.06253
1785122275,26.58618,84.30152,90,0,234,,1,27.32484,26.44473,23.0962
1785122276,26.59953,84.25269,90,0,234,,1,27.29098,26.37719,23.06253
1785122277,26.61288,84.16418,90,0,234,,1,27.22325,26.47879,23.02867
1785122277,26.58618,84.06042,90,0,234,,1,27.32484,26.47879,23.13006
1785122278,26.50072,83.96735,90,0,234,,1,27.35871,26.41106,22.9948
1785122279,26.50072,83.83154,90,0,234,,1,27.22325,26.47879,23.13006
1785122279,26.64225,83.94446,90,0,234,,1,27.25711,26.58019,23.02867
1785122280,26.5301,83.71709,90,0,234,,1,27.12165,26.54632,22.9948
1785122281,26.54345,83.76135,90,0,234,,1,27.08778,26.37719,23.0962
1785122281,26.57282,83.66674,90,0,234,,1,27.29098,26.64792,23.02867
1785122282,26.5568,83.88953,90,0,234,,1,27.29098,26.44473,23.06253
1785122283,26.58618,84.03296,90,0,234,,1,27.29098,26.41106,23.0962
1785122283,26.54345,84.11383,90,0,234,,1,27.18938,26.44473,22.96113
1785122284,26.54345,84.21606,90,0,234,,1,27.32484,26.44473,23.06253
1785122285,26.54345,84.19318,90,0,234,,1,27.35871,26.54632,23.0962
1785122285,26.50072,84.02838,90,0,234,,1,27.18938,26.44473,23.23146
1785122286,26.48737,84.1886,90,0,234,,1,27.15551,26.54632,23.13006
1785122287,26.5568,84.09552,90,0,234,,1,27.22325,26.54632,23.16393
1785122287,26.59953,84.01465,90,0,234,,1,27.25711,26.68159,23.06253
1785122288,26.6289,83.98108,90,0,234,,1,27.18938,26.41106,23.0962
1785122289,26.48737,83.88037,90,0,234,,1,27.18938,26.51246,23.16393
1785122289,26.6289,83.99176,90,0,234,,1,27.25711,26.47879,23.06253
1785122290,26.5301,83.71709,90,0,234,,1,27.29098,26.44473,23.02867
1785122291,26.48737,83.68505,90,0,234,,1,27.18938,26.47879,23.16393
1785122292,26.48737,83.66521,90,0,234,,1,27.15551,26.44473,23.06253
1785122292,26.61288,83.6759,90,0,235,,1,27.08778,26.61406,23.16393
1785122293,26.54345,83.53399,90,0,234,,1,27.29098,26.47879,23.13006
1785122294,26.5301,83.88037,90,0,234,,1,27.32484,26.41106,22.96113
1785122294,26.5568,83.54772,90,0,234,,1,27.12165,26.51246,22.96113
1785122295,26.61288,83.72015,90,0,234,,1,27.32484,26.44473,23.0962
1785122296,26.54345,83.51415,90,0,234,,1,27.25711,26.61406,23.0962
1785122296,26.5568,83.50652,90,0,234,,1,27.25711,26.30946,23.13006
1785122297,26.5568,83.48669,90,0,233,,1,27.29098,26.41106,23.0962
1785122298,26.54345,83.47295,90,0,234,,1,27.18938,26.58019,23.02867
1785122298,26.48737,83.40429,90,0,234,,1,27.22325,26.74932,23.06253
1785122299,26.5568,83.35088,90,0,234,,1,27.25711,26.54632,23.02867
1785122300,26.59953,83.27154,90,0,234,,1,27.22325,26.41106,23.0962
1785122300,26.54345,83.30511,90,0,234,,1,27.29098,26.54632,23.0962
1785122301,26.51675,83.30968,90,0,234,,1,27.22325,26.47879,23.0962
1785122302,26.57282,83.35546,90,0,234,,1,27.18938,26.61406,23.16393
1785122302,26.59953,83.26238,90,0,234,,1,27.18938,26.58019,23.16393
1785122303,26.58618,83.26696,90,0,234,,1,27.25711,26.54632,23.1978
1785122304,26.51675,83.20744,90,0,234,,1,27.18938,26.54632,23.13006
1785122304,26.51675,83.23949,90,0,234,,1,27.18938,26.51246,23.0962
1785122305,26.6556,83.31731,90,0,234,,1,27.18938,26.51246,23.0962
1785122306,26.59953,83.18913,90,0,233,,1,27.25711,26.34333,23.0962
1785122306,26.61288,83.2227,90,0,234,,1,27.18938,26.54632,23.0962
1785122307,26.51675,83.28985,90,0,234,,1,27.22325,26.44473,23.0962
1785122308,26.54345,83.328,90,0,234,,1,27.32484,26.58019,23.0962
1785122309,26.57282,83.34631,90,0,233,,1,27.15551,26.61406,23.02867
1785122309,26.59953,83.19829,90,0,234,,1,27.18938,26.64792,23.06253
1785122310,26.61288,83.30511,90,0,234,,1,27.29098,26.47879,23.02867
1785122311,26.50072,83.23491,90,0,234,,1,27.29098,26.34333,23.0962
1785122311,26.54345,83.28527,90,0,234,,1,27.25711,26.44473,23.16393
1785122312,26.58618,83.17235,90,0,234,,1,27.18938,26.51246,23.0962
1785122313,26.6556,83.25475,90,0,234,,1,27.25711,26.41106,23.06253
1785122313,26.59953,83.08537,90,0,234,,1,27.15551,26.68159,22.92727
1785122314,26.6289,83.18456,90,0,234,,1,27.35871,26.47879,23.06253
1785122315,26.68765,83.32342,90,0,234,,1,27.32484,26.51246,23.02867
1785122315,26.6556,83.1403,90,0,234,,1,27.18938,26.41106,23.0962
1785122316,26.5568,83.55993,90,0,233,,1,27.22325,26.47879,23.0962
1785122317,26.59953,83.23949,90,0,234,,1,27.25711,26.41106,23.13006
1785122317,26.59953,83.28069,90,0,234,,1,27.22325,26.37719,23.06253
1785122318,26.6556,83.45007,90,0,234,,1,27.25711,26.34333,23.02867
1785122319,26.58618,83.43176,90,0,234,,1,27.12165,26.54632,23.13006
1785122319,26.54345,83.44091,90,0,234,,1,27.22325,26.41106,23.0962
1785122320,26.5568,83.52789,90,0,234,,1,27.32484,26.44473,23.06253
1785122321,26.5301,83.32342,90,0,234,,1,27.18938,26.44473,23.06253
1785122321,26.61288,83.40887,90,0,234,,1,27.29098,26.68159,23.0962
1785122322,26.5568,83.45464,90,0,235,,1,27.18938,26.37719,22.96113
1785122323,26.58618,83.40124,90,0,234,,1,27.25711,26.44473,23.0962
1785122323,26.54345,83.41039,90,0,234,,1,27.39258,26.41106,23.02867
1785122324,26.5568,83.48669,90,0,234,,1,27.15551,26.51246,23.02867
1785122325,26.5568,83.69268,90,0,234,,1,27.22325,26.54632,23.13006
1785122326,26.57282,83.87274,90,0,234,,1,27.32484,26.47879,23.0962
1785122326,26.6289,83.85748,90,0,234,,1,27.15551,26.47879,23.13006
1785122327,26.59953,84.15045,90,0,234,,1,27.25711,26.54632,23.13006
1785122328,26.54345,84.09247,90,0,234,,1,27.25711,26.54632,23.02867
1785122328,26.5568,84.20996,90,0,234,,1,27.25711,26.41106,23.13006
1785122329,26.5568,84.20996,90,0,234,,1,27.12165,26.41106,23.13006
1785122330,26.57282,84.15198,90,0,234,,1,27.25711,26.34333,23.02867
1785122330,26.54345,84.13367,90,0,234,,1,27.35871,26.47879,22.9948
1785122331,26.5301,84.05585,90,0,234,,1,27.25711,26.51246,23.13006
1785122332,26.61288,84.00854,90,0,234,,1,27.22325,26.41106,23.1978
1785122332,26.50072,83.99939,90,0,235,,1,27.39258,26.51246,23.16393
1785122333,26.61288,84.01923,90,0,234,,1,27.15551,26.41106,23.06253
1785122334,26.61288,84.00854,90,0,234,,1,27.18938,26.61406,23.0962
1785122334,26.61288,84.0589,90,0,234,,1,27.29098,26.54632,23.06253
1785122335,26.6743,84.05585,90,0,234,,1,27.05412,26.44473,23.16393
1785122336,26.51675,84.09552,90,0,234,,1,27.18938,26.61406,23.13006
1785122336,26.59953,84.08636,90,0,234,,1,27.22325,26.44473,23.0962
1785122337,26.58618,84.05127,90,0,234,,1,27.29098,26.58019,22.9948
1785122338,26.5568,84.11536,90,0,234,,1,27.25711,26.34333,23.13006
1785122338,26.5568,83.93988,90,0,234,,1,27.25711,26.41106,23.0962
1785122339,26.59953,84.12756,90,0,234,,1,27.22325,26.41106,23.13006
1785122340,26.68765,84.13214,90,0,234,,1,27.22325,26.37719,23.06253
1785122340,26.5568,84.28321,90,0,234,,1,27.22325,26.47879,23.13006
1785122341,26.61288,84.13214,90,0,234,,1,27.25711,26.54632,23.13006
1785122342,26.6289,84.36561,90,0,234,,1,27.18938,26.47879,23.13006
1785122343,26.54345,84.34882,90,0,235,,1,27.35871,26.34333,23.16393
1785122343,26.64225,84.49073,90,0,234,,1,27.29098,26.34333,23.0962
1785122344,26.54345,84.63111,90,0,234,,1,27.25711,26.47879,23.06253
1785122345,26.5301,84.66773,90,0,234,,1,27.22325,26.37719,23.0962
1785122345,26.6556,84.91951,90,0,234,,1,27.12165,26.41106,23.16393
1785122346,26.51675,84.74555,90,0,234,,1,27.29098,26.44473,23.06253
1785122347,26.61288,84.98817,90,0,234,,1,27.15551,26.51246,23.0962
1785122347,26.57282,84.9485,90,0,234,,1,27.22325,26.51246,23.02867
1785122348,26.6289,84.9836,90,0,234,,1,27.08778,26.44473,23.13006
1785122349,26.5568,85.04768,90,0,234,,1,27.18938,26.47879,23.0962
1785122349,26.68765,85.06142,90,0,234,,1,27.29098,26.47879,23.02867
1785122350,26.51675,85.05684,90,0,234,,1,27.29098,26.51246,22.9948
1785122351,26.57282,85.1133,90,0,234,,1,27.25711,26.41106,23.0962
1785122351,26.51675,85.18044,90,0,234,,1,27.12165,26.47879,23.0962
1785122352,26.64225,84.98512,90,0,234,,1,27.15551,26.47879,23.06253
1785122353,26.64225,85.214,90,0,234,,1,27.22325,26.47879,23.0962
1785122353,26.59953,85.13008,90,0,234,,1,27.22325,26.51246,23.02867
1785122354,26.6743,85.22316,90,0,234,,1,27.32484,26.54632,23.06253
1785122355,26.64225,85.214,90,0,234,,1,27.25711,26.54632,23.13006
1785122355,26.58618,85.21858,90,0,234,,1,27.29098,26.37719,23.0962
1785122356,26.5568,85.29488,90,0,234,,1,27.22325,26.30946,23.13006
1785122357,26.57282,85.25826,90,0,234,,1,27.25711,26.44473,23.13006
1785122357,26.6556,85.3727,90,0,234,,1,27.35871,26.51246,23.13006
1785122358,26.6289,85.51003,90,0,234,,1,27.32484,26.64792,23.06253
1785122359,26.61288,85.52834,90,0,234,,1,27.39258,26.51246,23.02867
1785122360,26.58618,85.83963,90,0,234,,1,27.42644,26.27559,23.13006
1785122360,26.701,86.11887,90,0,234,,1,27.25711,26.47879,23.0962
1785122361,26.6743,86.07919,90,0,234,,1,27.12165,26.54632,23.16393
1785122362,26.5568,86.27604,90,0,234,,1,27.15551,26.58019,23.06253
1785122362,26.61288,86.45762,90,0,234,,1,27.08778,26.47879,23.0962
1785122363,26.64225,86.50797,90,0,234,,1,27.18938,26.54632,23.0962
1785122364,26.6289,86.37064,90,0,234,,1,27.15551,26.37719,23.13006
1785122364,26.58618,86.25315,90,0,234,,1,27.12165,26.47879,23.16393
1785122365,26.50072,86.24857,90,0,234,,1,27.18938,26.58019,23.0962
1785122366,26.59953,86.11124,90,0,234,,1,27.22325,26.47879,23.02867
1785122366,26.50072,85.80453,90,0,234,,1,27.29098,26.51246,23.0962
1785122367,26.61288,85.66109,90,0,234,,1,27.15551,26.54632,23.0962
1785122368,26.61288,85.54818,90,0,234,,1,27.15551,26.44473,23.06253
1785122368,26.57282,85.29946,90,0,234,,1,27.18938,26.37719,23.06253
1785122369,26.51675,85.28268,90,0,234,,1,27.29098,26.51246,23.0962
1785122370,26.59953,85.09041,90,0,234,,1,27.18938,26.37719,23.16393
1785122370,26.47402,85.02174,90,0,234,,1,27.18938,26.47879,23.06253
1785122371,26.51675,84.9424,90,0,234,,1,27.22325,26.41106,23.13006
1785122372,26.58618,84.78676,90,0,234,,1,27.22325,26.44473,23.06253
1785122372,26.59953,84.72724,90,0,234,,1,27.18938,26.47879,23.16393
1785122373,26.5301,84.41749,90,0,234,,1,27.12165,26.30946,23.0962
1785122374,26.58618,84.38087,90,0,234,,1,27.22325,26.51246,22.9948
1785122374,26.59953,84.26185,90,0,234,,1,27.22325,26.30946,23.02867
1785122375,26.57282,84.13214,90,0,234,,1,27.35871,26.51246,23.06253
1785122376,26.59953,84.09705,90,0,234,,1,27.18938,26.41106,23.06253
1785122376,26.51675,84.01312,90,0,234,,1,27.15551,26.54632,23.0962
1785122377,26.54345,83.85443,90,0,234,,1,27.15551,26.47879,23.13006
1785122378,26.59953,83.78577,90,0,234,,1,27.08778,26.41106,23.0962
1785122379,26.5301,83.71709,90,0,234,,1,27.25711,26.44473,23.02867
1785122379,26.5568,83.63012,90,0,234,,1,27.25711,26.51246,22.8934
1785122380,26.47402,83.63927,90,0,234,,1,27.32484,26.51246,23.0962
1785122381,26.48737,83.46838,90,0,234,,1,27.32484,26.51246,23.0962
1785122381,26.57282,83.82086,90,0,234,,1,27.29098,26.58019,23.13006
1785122382,26.61288,83.69878,90,0,234,,1,27.32484,26.51246,23.0962
1785122383,26.51675,83.85748,90,0,234,,1,27.32484,26.41106,23.02867
1785122383,26.54345,83.88495,90,0,234,,1,27.15551,26.54632,23.16393
1785122384,26.5568,84.11536,90,0,234,,1,27.22325,26.30946,23.06253
1785122385,26.57282,84.11993,90,0,234,,1,27.25711,26.47879,23.02867
1785122385,26.51675,84.19775,90,0,234,,1,27.29098,26.47879,23.0962
1785122386,26.5301,84.11993,90,0,234,,1,27.18938,26.58019,22.96113
1785122387,26.61288,84.1001,90,0,234,,1,27.15551,26.37719,23.06253
1785122387,26.48737,84.13824,90,0,234,,1,27.32484,26.61406,22.9948
1785122388,26.54345,84.13367,90,0,234,,1,27.35871,26.41106,22.9948
1785122389,26.57282,83.98718,90,0,234,,1,27.15551,26.54632,23.06253
1785122389,26.6556,83.99939,90,0,234,,1,27.18938,26.44473,23.0962
1785122390,26.59953,83.9826,90,0,234,,1,27.32484,26.47879,23.0962
1785122391,26.58618,84.01007,90,0,234,,1,27.12165,26.41106,23.06253
1785122391,26.5301,83.76746,90,0,234,,1,27.12165,26.58019,23.1978
1785122392,26.57282,83.74761,90,0,235,,1,27.32484,26.37719,23.06253
1785122393,26.61288,83.82239,90,0,234,,1,27.35871,26.44473,23.16393
1785122393,26.64225,83.83002,90,0,234,,1,27.35871,26.54632,23.16393
1785122394,26.6743,83.70336,90,0,234,,1,27.32484,26.44473,23.13006
1785122395,26.6556,83.67895,90,0,234,,1,27.32484,26.47879,23.02867
1785122396,26.50072,83.77051,90,0,234,,1,27.22325,26.44473,23.13006
1785122396,26.54345,83.74914,90,0,234,,1,27.18938,26.44473,23.16393
1785122397,26.54345,83.64843,90,0,234,,1,27.25711,26.44473,23.26533
1785122398,26.48737,83.74456,90,0,234,,1,27.39258,26.44473,23.16393
1785122398,26.61288,83.94598,90,0,234,,1,27.18938,26.37719,23.02867
1785122399,26.51675,83.97192,90,0,234,,1,27.22325,26.44473,23.0962
1785122400,26.6289,83.95056,90,0,234,,1,27.22325,26.51246,23.0962
1785122400,26.51675,83.95056,90,0,234,,1,27.22325,26.44473,23.13006
1785122401,26.57282,84.11993,90,0,234,,1,27.18938,26.44473,22.9948
1785122402,26.57282,84.04669,90,0,234,,1,27.15551,26.44473,23.13006
1785122402,26.61288,84.16418,90,0,235,,1,27.18938,26.30946,23.13006
1785122403,26.5301,84.1825,90,0,234,,1,27.18938,26.47879,23.16393
1785122404,26.5568,84.46784,90,0,234,,1,27.22325,26.44473,23.1978
1785122404,26.5301,84.3473,90,0,234,,1,27.29098,26.54632,23.13006
1785122405,26.57282,84.28474,90,0,234,,1,27.22325,26.54632,23.0962
1785122406,26.54345,84.42207,90,0,234,,1,27.12165,26.51246,23.06253
1785122406,26.61288,84.42054,90,0,234,,1,27.22325,26.54632,23.06253
1785122407,26.61288,84.54414,90,0,234,,1,27.22325,26.54632,23.06253
1785122408,26.6556,84.53498,90,0,234,,1,27.18938,26.44473,23.06253
1785122408,26.6743,84.63264,90,0,234,,1,27.25711,26.47879,23.02867
1785122409,26.5568,84.68299,90,0,234,,1,27.29098,26.54632,23.06253
1785122410,26.58618,84.80659,90,0,234,,1,27.12165,26.41106,23.23146
1785122410,26.61288,84.86458,90,0,234,,1,27.22325,26.58019,23.02867
1785122411,26.54345,85.02174,90,0,234,,1,27.29098,26.34333,23.02867
1785122412,26.6556,85.09499,90,0,234,,1,27.32484,26.58019,23.06253
1785122413,26.59953,85.09041,90,0,234,,1,27.42644,26.58019,23.13006
1785122413,26.59953,85.28573,90,0,234,,1,27.22325,26.37719,23.0962
1785122414,26.5568,85.29488,90,0,234,,1,27.32484,26.68159,22.96113
1785122415,26.5568,85.34524,90,0,234,,1,27.15551,26.44473,23.0962
1785122415,26.51675,85.31319,90,0,234,,1,27.29098,26.37719,23.13006
1785122416,26.64225,85.53445,90,0,234,,1,27.18938,26.47879,23.06253
1785122417,26.61288,85.5787,90,0,234,,1,27.32484,26.47879,23.06253
1785122417,26.57282,85.81674,90,0,234,,1,27.32484,26.44473,23.13006
1785122418,26.58618,85.75723,90,0,234,,1,27.25711,26.51246,23.1978
1785122419,26.50072,85.69314,90,0,234,,1,27.42644,26.34333,23.06253
1785122419,26.59953,85.84421,90,0,234,,1,27.39258,26.47879,22.92727
1785122420,26.57282,85.79385,90,0,234,,1,27.25711,26.47879,23.02867
1785122421,26.59953,85.77097,90,0,234,,1,27.25711,26.41106,23.06253
1785122421,26.6289,85.96475,90,0,234,,1,27.22325,26.44473,23.13006
1785122422,26.5568,85.86252,90,0,234,,1,27.25711,26.58019,22.9948
1785122423,26.59953,86.07919,90,0,234,,1,27.22325,26.44473,23.06253
1785122423,26.6743,86.1326,90,0,234,,1,27.22325,26.44473,23.06253
1785122424,26.61288,86.05478,90,0,234,,1,27.22325,26.58019,23.13006
1785122425,26.54345,85.94034,90,0,234,,1,27.18938,26.54632,23.0962
1785122425,26.6556,85.73586,90,0,234,,1,27.22325,26.54632,23.0962
1785122426,26.5568,85.81216,90,0,234,,1,27.18938,26.47879,23.13006
1785122427,26.64225,85.71145,90,0,234,,1,27.29098,26.54632,23.16393
1785122427,26.57282,85.66109,90,0,234,,1,27.15551,26.30946,23.0962
1785122428,26.61288,85.6199,90,0,234,,1,27.18938,26.37719,23.0962
1785122429,26.57282,85.6199,90,0,234,,1,27.22325,26.58019,23.06253
1785122430,26.6556,85.60159,90,0,234,,1,27.22325,26.44473,23.13006
1785122430,26.59953,85.67941,90,0,234,,1,27.25711,26.41106,23.02867
1785122431,26.57282,85.77249,90,0,234,,1,27.12165,26.44473,22.96113
1785122432,26.57282,85.87778,90,0,234,,1,27.08778,26.47879,23.0962
1785122432,26.61288,85.87778,90,0,235,,1,27.25711,26.34333,23.02867
1785122433,26.61288,86.17838,90,0,234,,1,27.35871,26.47879,22.9948
1785122434,26.61288,86.23941,90,0,234,,1,27.25711,26.44473,23.13006
1785122434,26.61288,86.43626,90,0,234,,1,27.35871,26.58019,23.02867
1785122435,26.59953,86.52323,90,0,234,,1,27.15551,26.44473,23.16393
1785122436,26.6289,86.84367,90,0,234,,1,27.15551,26.58019,23.0962
1785122436,26.58618,86.82994,90,0,234,,1,27.29098,26.47879,23.0962
1785122437,26.58618,86.84215,90,0,234,,1,27.18938,26.51246,23.02867
1785122438,26.57282,86.97185,90,0,234,,1,27.29098,26.61406,23.06253
1785122438,26.5301,86.97032,90,0,234,,1,27.25711,26.41106,23.0962
1785122439,26.61288,87.08629,90,0,234,,1,27.32484,26.54632,23.02867
1785122440,26.61288,87.08629,90,0,234,,1,27.29098,26.54632,23.0962
1785122440,26.5568,87.02068,90,0,234,,1,27.15551,26.58019,23.02867
1785122441,26.59953,87.03136,90,0,234,,1,27.22325,26.41106,23.02867
1785122442,26.6289,86.99779,90,0,234,,1,27.35871,26.34333,23.02867
1785122442,26.64225,87.158,90,0,234,,1,27.15551,26.58019,23.02867
1785122443,26.6556,87.08018,90,0,234,,1,27.18938,26.27559,23.16393
1785122444,26.54345,87.17174,90,0,234,,1,27.18938,26.58019,23.13006
1785122444,26.51675,87.16258,90,0,234,,1,27.39258,26.44473,23.1978
1785122445,26.58618,87.12138,90,0,234,,1,27.25711,26.44473,23.02867
1785122446,26.5568,87.32891,90,0,234,,1,27.25711,26.54632,23.13006
1785122447,26.5301,87.187,90,0,234,,1,27.18938,26.37719,23.13006
1785122447,26.59953,87.2282,90,0,234,,1,27.18938,26.34333,23.06253
1785122448,26.58618,87.14122,90,0,234,,1,27.12165,26.71565,23.0962
1785122449,26.59953,87.13512,90,0,234,,1,27.18938,26.44473,23.13006
1785122449,26.6289,87.18547,90,0,234,,1,27.29098,26.54632,23.13006
1785122450,26.6289,87.17326,90,0,234,,1,27.25711,26.58019,23.0962
1785122451,26.64225,87.17784,90,0,234,,1,27.12165,26.58019,23.0962
1785122451,26.6289,87.22667,90,0,234,,1,27.18938,26.51246,22.9948
1785122452,26.5301,87.16716,90,0,234,,1,27.22325,26.37719,23.0962
1785122453,26.6556,87.24498,90,0,234,,1,27.22325,26.47879,23.13006
1785122453,26.58618,87.41131,90,0,234,,1,27.25711,26.47879,23.02867
1785122454,26.64225,87.55169,90,0,234,,1,27.29098,26.34333,22.92727
1785122455,26.64225,87.6112,90,0,234,,1,27.15551,26.34333,23.16393
1785122455,26.54345,87.65697,90,0,234,,1,27.22325,26.34333,23.06253
1785122456,26.5568,87.69054,90,0,234,,1,27.25711,26.44473,23.16393
1785122457,26.61288,87.80957,90,0,234,,1,27.22325,26.47879,23.13006
1785122457,26.58618,87.80347,90,0,234,,1,27.25711,26.41106,23.1978
1785122458,26.61288,87.80957,90,0,234,,1,27.32484,26.54632,23.06253
1785122459,26.54345,87.57458,90,0,234,,1,27.25711,26.47879,23.0962
1785122459,26.54345,87.50134,90,0,233,,1,27.12165,26.41106,23.02867
1785122460,26.54345,87.27245,90,0,234,,1,27.15551,26.54632,23.06253
1785122461,26.5301,86.84673,90,0,234,,1,27.22325,26.54632,23.13006
1785122461,26.57282,86.68192,90,0,234,,1,27.25711,26.54632,23.0962
1785122462,26.61288,86.23941,90,0,234,,1,27.29098,26.47879,23.06253
1785122463,26.57282,85.98154,90,0,234,,1,27.18938,26.41106,23.13006
1785122464,26.47402,85.81827,90,0,234,,1,27.32484,26.37719,22.9948
1785122464,26.44465,85.74807,90,0,234,,1,27.15551,26.41106,23.06253
1785122465,26.57282,85.56954,90,0,234,,1,27.29098,26.47879,23.0962
1785122466,26.5301,85.18196,90,0,234,,1,27.22325,26.37719,22.96113
1785122466,26.5301,85.11177,90,0,234,,1,27.29098,26.51246,23.13006
1785122467,26.51675,84.75624,90,0,234,,1,27.22325,26.64792,23.02867
1785122468,26.57282,84.59602,90,0,234,,1,27.42644,26.54632,23.02867
1785122468,26.58618,84.51667,90,0,234,,1,27.32484,26.41106,23.13006
1785122469,26.57282,84.36713,90,0,234,,1,27.22325,26.47879,23.16393
1785122470,26.5568,84.34425,90,0,234,,1,27.12165,26.47879,23.02867
1785122470,26.5568,84.34425,90,0,234,,1,27.29098,26.54632,23.13006
1785122471,26.51675,84.18707,90,0,234,,1,27.15551,26.51246,23.02867
1785122472,26.5568,84.05432,90,0,234,,1,27.29098,26.54632,23.0962
1785122472,26.54345,83.94598,90,0,235,,1,27.29098,26.47879,23.0962
1785122474,26.51675,83.93988,90,0,234,,1,27.25711,26.47879,23.0962
1785122474,26.54345,83.90479,90,0,234,,1,27.25711,26.58019,23.02867
1785122474,26.51675,84.0238,90,0,234,,1,27.29098,26.47879,23.16393
1785122475,26.57282,84.0177,90,0,234,,1,27.25711,26.41106,23.16393
1785122476,26.64225,84.07721,90,0,234,,1,27.18938,26.47879,23.06253
1785122476,26.50072,84.03754,90,0,234,,1,27.32484,26.47879,23.0962
1785122477,26.57282,84.0589,90,0,234,,1,27.29098,26.47879,23.06253
1785122478,26.58618,84.26948,90,0,234,,1,27.18938,26.44473,23.13006
1785122478,26.48737,84.22064,90,0,234,,1,27.25711,26.54632,23.13006
1785122479,26.44465,84.34272,90,0,234,,1,27.18938,26.51246,23.06253
1785122480,26.50072,84.32899,90,0,234,,1,27.25711,26.54632,23.06253
1785122480,26.4313,84.32899,90,0,234,,1,27.25711,26.51246,23.16393
1785122481,26.64225,84.44038,90,0,234,,1,27.22325,26.44473,23.06253
1785122482,26.57282,84.37934,90,0,234,,1,27.22325,26.47879,23.16393
1785122483,26.6289,84.4358,90,0,235,,1,27.29098,26.47879,23.06253
1785122483,26.59953,84.5304,90,0,234,,1,27.22325,26.37719,22.9948
1785122484,26.54345,84.49531,90,0,234,,1,27.39258,26.41106,23.02867
1785122485,26.458,84.45258,90,0,234,,1,27.18938,26.41106,23.02867
1785122485,26.59953,84.44801,90,0,234,,1,27.25711,26.47879,23.06253
1785122486,26.458,84.59602,90,0,234,,1,27.32484,26.44473,23.0962
1785122487,26.58618,84.55787,90,0,234,,1,27.25711,26.51246,23.13006
1785122487,26.6289,84.59144,90,0,234,,1,27.25711,26.64792,23.13006
1785122488,26.5301,84.59449,90,0,234,,1,27.29098,26.51246,23.0962
1785122489,26.6289,84.70435,90,0,234,,1,27.18938,26.34333,23.13006
1785122489,26.54345,84.55787,90,0,234,,1,27.25711,26.47879,23.06253
1785122490,26.50072,84.56702,90,0,234,,1,27.25711,26.54632,22.9948
1785122491,26.58618,84.54871,90,0,234,,1,27.32484,26.51246,23.0962
1785122491,26.5301,84.49989,90,0,234,,1,27.32484,26.51246,23.02867
1785122492,26.51675,84.477,90,0,234,,1,27.18938,26.41106,23.06253
1785122493,26.58618,84.31068,90,0,234,,1,27.29098,26.37719,23.06253
1785122493,26.61288,84.28779,90,0,234,,1,27.25711,26.47879,23.0962
1785122494,26.57282,84.22369,90,0,234,,1,27.22325,26.27559,23.06253
1785122495,26.48737,84.17029,90,0,234,,1,27.12165,26.44473,23.13006
1785122495,26.51675,84.10468,90,0,234,,1,27.22325,26.54632,23.13006
1785122496,26.40192,84.06348,90,0,234,,1,27.32484,26.54632,23.06253
1785122497,26.458,83.82086,90,0,234,,1,27.15551,26.41106,23.06253
1785122497,26.57282,83.8407,90,0,234,,1,27.15551,26.34333,23.02867
1785122498,26.51675,83.89868,90,0,234,,1,27.18938,26.47879,23.06253
1785122499,26.61288,83.77966,90,0,234,,1,27.22325,26.41106,23.0962
1785122500,26.58618,83.95972,90,0,234,,1,27.15551,26.54632,23.02867
1785122500,26.54345,84.04059,90,0,234,,1,27.22325,26.51246,22.9948
1785122501,26.5301,84.23285,90,0,234,,1,27.18938,26.47879,23.13006
1785122502,26.5301,84.29389,90,0,234,,1,27.12165,26.44473,23.0962
1785122502,26.57282,84.34882,90,0,235,,1,27.35871,26.51246,23.0962
1785122503,26.57282,84.41138,90,0,234,,1,27.29098,26.51246,23.02867
1785122504,26.5301,84.60517,90,0,234,,1,27.35871,26.51246,23.16393
1785122504,26.458,84.54414,90,0,234,,1,27.18938,26.47879,23.16393
1785122505,26.51675,84.4892,90,0,234,,1,27.15551,26.30946,23.06253
1785122506,26.5301,84.3885,90,0,234,,1,27.12165,26.37719,23.02867
1785122506,26.5568,84.23895,90,0,234,,1,27.12165,26.44473,23.06253
1785122507,26.50072,84.24658,90,0,234,,1,27.22325,26.47879,23.02867
1785122508,26.54345,84.11383,90,0,234,,1,27.35871,26.47879,23.06253
1785122508,26.61288,84.14282,90,0,234,,1,27.32484,26.27559,23.02867
1785122509,26.50072,84.04974,90,0,234,,1,27.18938,26.51246,23.06253
1785122510,26.458,84.01465,90,0,234,,1,27.22325,26.41106,23.06253
1785122510,26.6289,83.88953,90,0,234,,1,27.25711,26.41106,23.13006
1785122511,26.59953,83.84985,90,0,233,,1,27.32484,26.37719,23.02867
1785122512,26.61288,83.88495,90,0,234,,1,27.32484,26.54632,22.9948
1785122512,26.50072,83.82239,90,0,234,,1,27.39258,26.37719,23.13006
1785122513,26.5568,83.61028,90,0,234,,1,27.18938,26.47879,22.96113
1785122514,26.58618,83.58739,90,0,234,,1,27.29098,26.37719,23.06253
1785122514,26.5568,83.47448,90,0,234,,1,27.18938,26.41106,23.06253
1785122515,26.51675,83.56603,90,0,234,,1,27.15551,26.51246,23.13006
1785122516,26.5568,83.53857,90,0,234,,1,27.29098,26.51246,23.13006
1785122517,26.58618,83.60723,90,0,234,,1,27.25711,26.51246,23.13006
1785122517,26.59953,83.75677,90,0,234,,1,27.12165,26.51246,23.0962
1785122518,26.5301,83.69726,90,0,233,,1,27.02005,26.37719,23.0962
1785122519,26.51675,83.83612,90,0,234,,1,27.15551,26.51246,23.0962
1785122519,26.6289,84.09552,90,0,234,,1,27.18938,26.61406,23.06253
1785122520,26.54345,84.26643,90,0,234,,1,27.29098,26.37719,23.06253
1785122521,26.6556,84.35188,90,0,234,,1,27.32484,26.47879,23.13006
1785122521,26.6289,84.42512,90,0,234,,1,27.22325,26.51246,23.0962
1785122522,26.50072,84.51362,90,0,234,,1,27.25711,26.44473,22.9948
1785122523,26.64225,84.57313,90,0,234,,1,27.25711,26.44473,23.13006
1785122523,26.5568,84.60365,90,0,234,,1,27.18938,26.54632,23.0962
1785122524,26.5568,84.34425,90,0,234,,1,27.15551,26.41106,23.0962
1785122525,26.5568,84.28321,90,0,234,,1,27.29098,26.61406,23.0962
1785122525,26.5568,84.33356,90,0,234,,1,27.15551,26.54632,23.0962
1785122526,26.57282,84.15198,90,0,234,,1,27.18938,26.44473,23.13006
1785122527,26.5568,84.03601,90,0,234,,1,27.35871,26.58019,23.16393
1785122527,26.5568,83.9826,90,0,234,,1,27.32484,26.44473,23.06253
1785122528,26.58618,83.96887,90,0,234,,1,27.35871,26.37719,23.13006
1785122529,26.51675,83.85748,90,0,234,,1,27.35871,26.51246,23.16393
1785122529,26.57282,83.94446,90,0,234,,1,27.15551,26.58019,22.9948
1785122530,26.57282,83.99634,90,0,234,,1,27.15551,26.34333,23.0962
1785122531,26.5301,83.87274,90,0,234,,1,27.29098,26.51246,23.0962
1785122531,26.51675,83.63012,90,0,234,,1,27.18938,26.44473,22.9948
1785122532,26.59953,83.83002,90,0,235,,1,27.18938,26.51246,23.0962
1785122533,26.5568,83.61028,90,0,234,,1,27.25711,26.44473,23.13006
1785122534,26.64225,83.76746,90,0,234,,1,27.39258,26.54632,23.06253
1785122534,26.6289,83.74456,90,0,234,,1,27.18938,26.34333,23.06253
1785122535,26.5568,83.69268,90,0,234,,1,27.29098,26.47879,23.13006
1785122536,26.47402,83.70184,90,0,234,,1,27.25711,26.34333,23.02867
1785122536,26.6556,83.88647,90,0,234,,1,27.29098,26.58019,23.0962
1785122537,26.5301,83.89105,90,0,234,,1,27.29098,26.37719,23.13006
1785122538,26.51675,83.79492,90,0,234,,1,27.12165,26.44473,23.06253
1785122538,26.48737,83.77661,90,0,234,,1,27.12165,26.58019,23.0962
1785122539,26.59953,83.80713,90,0,234,,1,27.22325,26.54632,23.02867
1785122540,26.5568,83.74303,90,0,234,,1,27.32484,26.51246,23.02867
1785122540,26.59953,83.66216,90,0,234,,1,27.15551,26.47879,23.02867
1785122541,26.54345,83.69878,90,0,234,,1,27.18938,26.51246,23.0962
1785122542,26.57282,83.83154,90,0,234,,1,27.18938,26.47879,23.0962
1785122542,26.57282,83.9765,90,0,235,,1,27.22325,26.44473,23.16393
1785122543,26.54345,84.04059,90,0,234,,1,27.35871,26.44473,23.23146
1785122544,26.5301,84.12909,90,0,234,,1,27.29098,26.41106,23.13006
1785122544,26.57282,84.23438,90,0,234,,1,27.22325,26.58019,22.96113
1785122545,26.58618,84.40376,90,0,234,,1,27.22325,26.44473,23.16393
1785122546,26.58618,84.40376,90,0,234,,1,27.08778,26.47879,23.0962
1785122546,26.5301,84.66773,90,0,234,,1,27.32484,26.44473,23.02867
1785122547,26.61288,84.69062,90,0,234,,1,27.15551,26.47879,23.0962
1785122548,26.64225,84.70893,90,0,233,,1,27.39258,26.47879,23.13006
1785122548,26.5568,84.7776,90,0,234,,1,27.29098,26.61406,23.0962
1785122549,26.57282,84.84322,90,0,234,,1,27.15551,26.47879,22.9948
1785122550,26.61288,84.87526,90,0,234,,1,27.32484,26.54632,23.16393
1785122551,26.58618,84.96223,90,0,234,,1,27.25711,26.37719,23.13006
1785122551,26.57282,85.0721,90,0,234,,1,27.15551,26.61406,23.02867
1785122552,26.58618,85.20943,90,0,234,,1,27.32484,26.58019,23.23146
1785122553,26.68765,85.2781,90,0,234,,1,27.42644,26.41106,23.02867
1785122553,26.64225,85.2781,90,0,234,,1,27.29098,26.47879,23.02867
1785122554,26.5301,85.14076,90,0,234,,1,27.25711,26.47879,23.13006
1785122555,26.59953,85.34676,90,0,234,,1,27.46011,26.47879,23.06253
1785122555,26.54345,85.2781,90,0,234,,1,27.29098,26.58019,23.06253
1785122556,26.59953,85.05836,90,0,234,,1,27.35871,26.58019,23.06253
1785122557,26.54345,84.96986,90,0,234,,1,27.25711,26.54632,23.02867
1785122557,26.57282,84.89662,90,0,234,,1,27.08778,26.61406,23.0962
1785122558,26.5301,84.73792,90,0,234,,1,27.22325,26.41106,23.06253
1785122559,26.6289,84.6128,90,0,234,,1,27.15551,26.47879,23.13006
1785122559,26.59953,84.47089,90,0,234,,1,27.35871,26.44473,23.13006
1785122560,26.5568,84.29237,90,0,234,,1,27.39258,26.47879,23.13006
1785122561,26.61288,84.29694,90,0,233,,1,27.15551,26.47879,23.0962
1785122561,26.6743,84.01312,90,0,234,,1,27.22325,26.41106,23.0962
1785122562,26.59953,83.92157,90,0,234,,1,27.18938,26.47879,23.06253
1785122563,26.5568,83.88953,90,0,234,,1,27.25711,26.58019,23.16393
1785122563,26.54345,83.76135,90,0,234,,1,27.18938,26.37719,23.13006
1785122564,26.6289,83.70184,90,0,234,,1,27.22325,26.51246,23.1978
1785122565,26.6289,83.66064,90,0,234,,1,27.29098,26.47879,23.06253
1785122565,26.57282,83.5935,90,0,234,,1,27.35871,26.47879,23.0962
1785122566,26.64225,83.5935,90,0,234,,1,27.29098,26.30946,23.16393
1785122567,26.59953,83.64233,90,0,234,,1,27.25711,26.51246,23.06253
1785122568,26.5568,83.52789,90,0,234,,1,27.25711,26.58019,23.06253
1785122568,26.5568,83.44549,90,0,234,,1,27.18938,26.54632,22.96113
1785122569,26.51675,83.47448,90,0,234,,1,27.15551,26.34333,23.06253
1785122570,26.61288,83.56451,90,0,234,,1,27.15551,26.41106,23.0962
1785122570,26.54345,83.57519,90,0,234,,1,27.05412,26.37719,23.13006
1785122571,26.5301,83.50042,90,0,234,,1,27.32484,26.34333,23.06253
1785122572,26.57282,83.60265,90,0,234,,1,27.12165,26.44473,22.9948
1785122572,26.5568,83.61028,90,0,235,,1,27.25711,26.61406,22.96113
1785122573,26.6556,83.81323,90,0,234,,1,27.15551,26.37719,23.0962
1785122574,26.61288,83.86359,90,0,234,,1,27.15551,26.41106,23.16393
1785122574,26.57282,83.87274,90,0,234,,1,27.29098,26.44473,23.02867
1785122575,26.61288,83.86359,90,0,234,,1,27.08778,26.47879,22.9948
1785122576,26.64225,83.90326,90,0,234,,1,27.29098,26.41106,23.06253
1785122576,26.54345,83.82239,90,0,234,,1,27.29098,26.41106,23.06253
1785122577,26.54345,83.85443,90,0,234,,1,27.12165,26.51246,23.0962
1785122578,26.58618,83.80408,90,0,234,,1,27.15551,26.47879,23.02867
1785122578,26.57282,83.8407,90,0,234,,1,27.29098,26.51246,23.16393
1785122579,26.58618,83.89563,90,0,234,,1,27.25711,26.44473,23.06253
1785122580,26.51675,83.72167,90,0,234,,1,27.35871,26.41106,23.02867
1785122580,26.57282,83.9231,90,0,234,,1,27.08778,26.58019,23.16393
1785122581,26.58618,83.87732,90,0,234,,1,27.25711,26.58019,23.06253
1785122582,26.59953,83.71557,90,0,234,,1,27.25711,26.44473,23.06253
1785122582,26.59953,83.77661,90,0,235,,1,27.15551,26.44473,23.13006
1785122583,26.57282,83.66674,90,0,234,,1,27.18938,26.54632,23.06253
1785122584,26.54345,83.59655,90,0,234,,1,27.08778,26.47879,23.06253
1785122584,26.5301,83.7354,90,0,234,,1,27.35871,26.37719,23.06253
1785122585,26.64225,83.75677,90,0,234,,1,27.29098,26.44473,23.0962
1785122586,26.58618,83.66979,90,0,234,,1,27.22325,26.61406,23.0962
1785122587,26.57282,83.71709,90,0,234,,1,27.18938,26.54632,23.1978
1785122587,26.57282,83.62402,90,0,234,,1,27.18938,26.51246,23.13006
1785122588,26.5301,83.59197,90,0,234,,1,27.12165,26.61406,23.13006
1785122589,26.61288,83.6881,90,0,234,,1,27.18938,26.41106,23.23146
1785122589,26.57282,83.73846,90,0,234,,1,27.35871,26.34333,23.13006
1785122590,26.58618,83.59655,90,0,234,,1,27.32484,26.54632,23.0962
1785122591,26.61288,83.6881,90,0,234,,1,27.22325,26.51246,23.0962
1785122591,26.5568,83.66216,90,0,234,,1,27.18938,26.51246,23.0962
1785122592,26.5568,83.77509,90,0,234,,1,27.18938,26.37719,22.96113
1785122593,26.61288,83.86359,90,0,234,,1,27.18938,26.37719,23.13006
1785122593,26.5568,83.74303,90,0,234,,1,27.15551,26.44473,23.0962
1785122594,26.64225,83.93225,90,0,234,,1,27.18938,26.54632,23.0962
1785122595,26.57282,83.95514,90,0,234,,1,27.25711,26.41106,23.13006
1785122595,26.54345,83.93683,90,0,234,,1,27.22325,26.54632,23.13006
1785122596,26.57282,83.9353,90,0,234,,1,27.35871,26.51246,22.96113
1785122597,26.58618,84.11383,90,0,234,,1,27.29098,26.54632,23.0962
1785122597,26.6289,84.22827,90,0,234,,1,27.25711,26.47879,23.02867
1785122598,26.71435,84.45869,90,0,234,,1,27.25711,26.54632,23.13006
1785122599,26.59953,84.52125,90,0,234,,1,27.32484,26.51246,23.02867
1785122599,26.5568,84.74708,90,0,234,,1,27.15551,26.20786,23.06253
1785122600,26.57282,84.82338,90,0,234,,1,27.29098,26.51246,23.13006
1785122601,26.5568,84.83864,90,0,234,,1,27.18938,26.61406,23.13006
1785122601,26.51675,84.87984,90,0,234,,1,27.25711,26.61406,23.13006
1785122602,26.5301,85.03853,90,0,235,,1,27.29098,26.58019,23.13006
1785122603,26.58618,84.93019,90,0,234,,1,27.29098,26.58019,23.0962
1785122604,26.59953,84.76845,90,0,234,,1,27.32484,26.54632,23.13006
1785122604,26.6289,84.84779,90,0,234,,1,27.22325,26.51246,23.0962
1785122605,26.57282,84.84322,90,0,234,,1,27.29098,26.41106,23.02867
1785122606,26.41794,84.60517,90,0,234,,1,27.18938,26.37719,23.02867
1785122606,26.58618,84.69215,90,0,234,,1,27.32484,26.47879,23.0962
1785122607,26.5301,84.62653,90,0,234,,1,27.32484,26.51246,23.06253
1785122608,26.50072,84.58686,90,0,234,,1,27.32484,26.61406,22.9948
1785122608,26.6289,84.477,90,0,234,,1,27.25711,26.44473,23.06253
1785122609,26.61288,84.57618,90,0,234,,1,27.25711,26.47879,23.0962
1785122610,26.57282,84.49378,90,0,234,,1,27.32484,26.51246,23.13006
1785122610,26.5568,84.37476,90,0,234,,1,27.18938,26.58019,23.02867
1785122611,26.58618,84.40376,90,0,234,,1,27.22325,26.54632,23.0962
1785122612,26.64225,84.32594,90,0,234,,1,27.25711,26.58019,23.06253
1785122612,26.6289,84.32136,90,0,234,,1,27.32484,26.47879,23.0962
1785122613,26.57282,84.21454,90,0,234,,1,27.22325,26.30946,23.06253
1785122614,26.5568,84.1474,90,0,235,,1,27.29098,26.41106,23.0962
1785122614,26.701,84.17487,90,0,234,,1,27.12165,26.47879,22.9948
1785122615,26.5301,84.17029,90,0,234,,1,27.18938,26.41106,23.0962
1785122616,26.6289,84.05432,90,0,234,,1,27.22325,26.47879,23.06253
1785122616,26.58618,84.01007,90,0,234,,1,27.25711,26.44473,23.0962
1785122617,26.59953,83.9826,90,0,234,,1,27.15551,26.51246,23.06253
1785122618,26.54345,83.91699,90,0,234,,1,27.25711,26.44473,23.0962
1785122618,26.6289,83.95056,90,0,234,,1,27.22325,26.51246,22.9948
1785122619,26.5568,83.99176,90,0,234,,1,27.18938,26.61406,22.9948
1785122620,26.57282,83.85291,90,0,233,,1,27.22325,26.58019,23.13006
1785122621,26.6289,84.08331,90,0,234,,1,27.18938,26.37719,23.0962
1785122621,26.57282,83.96735,90,0,234,,1,27.18938,26.51246,23.02867
1785122622,26.58618,84.06042,90,0,234,,1,27.15551,26.54632,23.0962
1785122623,26.61288,84.19318,90,0,234,,1,27.25711,26.44473,23.0962
1785122623,26.54345,84.22522,90,0,234,,1,26.98638,26.64792,23.06253
1785122624,26.6743,84.29237,90,0,234,,1,27.18938,26.58019,23.13006
1785122625,26.58618,84.34272,90,0,234,,1,27.08778,26.58019,23.16393
1785122625,26.54345,84.50446,90,0,234,,1,27.22325,26.44473,23.06253
1785122626,26.6556,84.57771,90,0,234,,1,27.18938,26.61406,23.1978
1785122627,26.58618,84.43427,90,0,234,,1,27.15551,26.44473,23.06253
1785122627,26.59953,84.52125,90,0,234,,1,27.35871,26.61406,23.16393
1785122628,26.61288,84.46326,90,0,234,,1,27.32484,26.51246,23.16393
1785122629,26.58618,84.49836,90,0,234,,1,27.22325,26.47879,23.0962
1785122629,26.58618,84.43427,90,0,234,,1,27.08778,26.58019,23.02867
1785122630,26.458,84.39918,90,0,234,,1,27.18938,26.64792,22.9948
1785122631,26.6289,84.56855,90,0,234,,1,27.22325,26.58019,23.0962
1785122631,26.58618,84.66315,90,0,234,,1,27.18938,26.41106,23.16393
1785122632,26.68765,84.57618,90,0,234,,1,27.22325,26.47879,23.0962
1785122633,26.59953,84.72724,90,0,234,,1,27.22325,26.54632,23.13006
1785122633,26.58618,84.86916,90,0,235,,1,27.15551,26.44473,23.0962
1785122634,26.61288,84.86458,90,0,234,,1,27.15551,26.58019,22.9948
1785122635,26.61288,84.89662,90,0,234,,1,27.18938,26.51246,23.02867
1785122635,26.59953,84.82948,90,0,234,,1,27.18938,26.51246,23.1978
1785122636,26.54345,84.75471,90,0,234,,1,27.18938,26.44473,23.13006
1785122637,26.6289,84.84779,90,0,234,,1,27.18938,26.34333,23.13006
1785122638,26.58618,84.72419,90,0,233,,1,27.25711,26.37719,23.06253
1785122638,26.5568,84.74708,90,0,234,,1,27.18938,26.54632,23.23146
1785122639,26.5301,84.66773,90,0,234,,1,27.25711,26.34333,23.0962
1785122640,26.44465,84.63264,90,0,234,,1,27.25711,26.47879,23.16393
1785122640,26.6556,84.50446,90,0,234,,1,27.22325,26.54632,23.06253
1785122641,26.59953,84.48005,90,0,234,,1,27.05412,26.34333,23.13006
1785122642,26.57282,84.31678,90,0,234,,1,27.29098,26.47879,23.0962
1785122642,26.64225,84.33814,90,0,235,,1,27.29098,26.37719,23.06253
1785122643,26.6289,84.3946,90,0,234,,1,27.12165,26.51246,23.06253
1785122644,26.61288,84.44038,90,0,234,,1,27.18938,26.47879,23.16393
1785122644,26.5568,84.37476,90,0,234,,1,27.25711,26.44473,23.06253
1785122645,26.58618,84.38087,90,0,234,,1,27.25711,26.34333,23.06253
1785122646,26.5301,84.33814,90,0,234,,1,27.22325,26.51246,23.13006
1785122646,26.58618,84.26948,90,0,234,,1,27.25711,26.54632,23.13006
1785122647,26.58618,84.20691,90,0,234,,1,27.32484,26.47879,23.02867
1785122648,26.61288,84.04974,90,0,234,,1,27.25711,26.54632,23.13006
1785122648,26.59953,83.92157,90,0,234,,1,27.15551,26.47879,23.0962
1785122649,26.59953,83.78577,90,0,234,,1,27.18938,26.58019,23.06253
1785122650,26.58618,83.73388,90,0,234,,1,27.25711,26.51246,23.13006
1785122650,26.54345,83.55535,90,0,234,,1,27.32484,26.54632,23.13006
1785122651,26.64225,83.58282,90,0,234,,1,27.22325,26.44473,23.0962
1785122652,26.57282,83.37682,90,0,234,,1,27.22325,26.37719,23.16393
1785122652,26.57282,83.42718,90,0,235,,1,27.25711,26.41106,23.02867
1785122653,26.57282,83.36767,90,0,234,,1,27.15551,26.41106,23.0962
1785122654,26.61288,83.43786,90,0,234,,1,27.25711,26.58019,23.06253
1785122655,26.58618,83.2166,90,0,234,,1,27.25711,26.47879,23.13006
1785122655,26.51675,83.30968,90,0,234,,1,27.32484,26.51246,23.06253
1785122656,26.47402,83.41039,90,0,234,,1,27.25711,26.61406,23.16393
1785122657,26.54345,83.31731,90,0,234,,1,27.18938,26.58019,23.0962
1785122657,26.54345,83.47295,90,0,234,,1,27.12165,26.41106,23.02867
1785122658,26.57282,83.33562,90,0,234,,1,27.22325,26.54632,23.06253
1785122659,26.5301,83.26238,90,0,234,,1,27.25711,26.47879,23.0962
1785122659,26.6289,83.41344,90,0,234,,1,27.35871,26.58019,23.06253
1785122660,26.57282,83.35546,90,0,234,,1,27.25711,26.51246,23.0962
1785122661,26.6743,83.40429,90,0,234,,1,27.29098,26.44473,23.16393
1785122661,26.6289,83.2868,90,0,234,,1,27.29098,26.58019,23.02867
1785122662,26.48737,83.25017,90,0,234,,1,27.15551,26.44473,23.02867
1785122663,26.6289,83.42413,90,0,234,,1,27.29098,26.44473,23.13006
1785122663,26.54345,83.37835,90,0,234,,1,27.15551,26.41106,23.16393
1785122664,26.51675,83.28985,90,0,234,,1,27.29098,26.51246,23.13006
1785122665,26.64225,83.41802,90,0,234,,1,27.29098,26.41106,23.06253
1785122665,26.6289,83.505,90,0,234,,1,27.22325,26.51246,23.02867
1785122666,26.54345,83.45159,90,0,234,,1,27.15551,26.41106,23.02867
1785122667,26.701,83.67895,90,0,234,,1,27.25711,26.47879,23.0962
1785122667,26.6743,83.59197,90,0,234,,1,27.35871,26.37719,23.16393
1785122668,26.5301,83.69726,90,0,234,,1,27.25711,26.37719,23.0962
1785122669,26.59953,83.70641,90,0,234,,1,27.29098,26.41106,23.0962
1785122669,26.54345,83.68963,90,0,234,,1,27.22325,26.41106,23.0962
1785122670,26.59953,83.78577,90,0,234,,1,27.05412,26.41106,23.13006
1785122671,26.59953,83.77661,90,0,234,,1,27.25711,26.44473,23.13006
1785122671,26.58618,83.87732,90,0,234,,1,27.15551,26.37719,23.13006
1785122672,26.48737,83.69421,90,0,235,,1,27.29098,26.47879,22.96113
1785122673,26.5301,83.78882,90,0,234,,1,27.25711,26.64792,23.02867
1785122674,26.57282,83.7293,90,0,234,,1,27.18938,26.47879,23.06253
1785122674,26.50072,83.60571,90,0,234,,1,27.15551,26.58019,23.16393
1785122675,26.59953,83.70641,90,0,234,,1,27.29098,26.51246,23.16393
1785122676,26.6743,83.72472,90,0,234,,1,27.25711,26.44473,23.0962
1785122676,26.58618,83.505,90,0,234,,1,27.29098,26.41106,23.06253
1785122677,26.61288,83.62554,90,0,234,,1,27.15551,26.47879,23.02867
1785122678,26.51675,83.52789,90,0,234,,1,27.29098,26.47879,23.13006
1785122678,26.68765,83.54162,90,0,234,,1,27.25711,26.47879,23.02867
1785122679,26.50072,83.36767,90,0,234,,1,27.25711,26.47879,23.0962
1785122680,26.57282,83.3875,90,0,234,,1,27.25711,26.44473,23.06253
1785122680,26.50072,83.35851,90,0,234,,1,27.22325,26.51246,23.0962
1785122681,26.61288,83.25475,90,0,234,,1,27.15551,26.54632,23.0962
1785122682,26.6289,83.26849,90,0,234,,1,27.18938,26.61406,23.1978
1785122682,26.54345,83.33715,90,0,235,,1,27.15551,26.44473,23.06253
1785122683,26.64225,83.47753,90,0,234,,1,27.29098,26.51246,22.9948
1785122684,26.59953,83.28985,90,0,234,,1,27.29098,26.58019,23.13006
1785122684,26.59953,83.34173,90,0,234,,1,27.25711,26.44473,23.0962
1785122685,26.58618,83.328,90,0,234,,1,27.22325,26.54632,23.06253
1785122686,26.6556,83.27612,90,0,234,,1,27.18938,26.41106,22.9948
1785122686,26.54345,83.1815,90,0,234,,1,27.22325,26.54632,23.02867
1785122687,26.61288,83.29443,90,0,234,,1,27.25711,26.47879,23.0962
1785122688,26.58618,83.30816,90,0,234,,1,27.22325,26.58019,23.0962
1785122688,26.51675,83.15404,90,0,234,,1,27.08778,26.54632,23.1978
1785122689,26.59953,83.34173,90,0,234,,1,27.12165,26.44473,23.0962
1785122690,26.58618,83.328,90,0,233,,1,27.25711,26.47879,23.0962
1785122691,26.51675,83.23949,90,0,234,,1,27.22325,26.34333,23.02867
1785122691,26.6743,83.28069,90,0,234,,1,27.15551,26.51246,23.0962
1785122692,26.61288,83.26391,90,0,234,,1,27.15551,26.47879,23.13006
1785122693,26.59953,83.25017,90,0,234,,1,27.18938,26.44473,23.0962
1785122693,26.57282,83.31426,90,0,234,,1,27.15551,26.54632,23.0962
1785122694,26.6743,83.299,90,0,234,,1,27.05412,26.41106,22.9948
1785122695,26.57282,83.2227,90,0,234,,1,27.22325,26.61406,23.06253
1785122695,26.57282,83.19981,90,0,233,,1,27.29098,26.27559,23.06253
1785122696,26.5301,83.21202,90,0,234,,1,27.15551,26.41106,23.06253
1785122697,26.54345,83.28527,90,0,234,,1,27.22325,26.47879,23.16393
1785122697,26.5568,83.20744,90,0,234,,1,27.29098,26.44473,23.13006
1785122698,26.54345,83.24559,90,0,234,,1,27.18938,26.47879,23.13006
1785122699,26.57282,83.26391,90,0,234,,1,27.22325,26.41106,23.0962
1785122699,26.54345,83.30511,90,0,234,,1,27.25711,26.47879,23.06253
1785122700,26.54345,83.41955,90,0,234,,1,27.18938,26.51246,23.13006
1785122701,26.58618,83.44244,90,0,234,,1,27.35871,26.58019,23.02867
1785122701,26.5568,83.38293,90,0,234,,1,27.15551,26.58019,23.02867
1785122702,26.59953,83.45617,90,0,234,,1,27.25711,26.41106,22.9948
1785122703,26.6743,83.68353,90,0,234,,1,27.35871,26.44473,23.06253
1785122703,26.54345,83.51415,90,0,234,,1,27.22325,26.34333,23.02867
1785122704,26.57282,83.61486,90,0,234,,1,27.22325,26.34333,23.06253
1785122705,26.58618,83.62859,90,0,234,,1,27.22325,26.44473,23.13006
1785122705,26.68765,83.62402,90,0,234,,1,27.29098,26.47879,23.0962
1785122706,26.5301,83.63317,90,0,234,,1,27.32484,26.61406,23.02867
1785122707,26.48737,83.50957,90,0,234,,1,27.22325,26.47879,23.1978
1785122708,26.5301,83.58282,90,0,233,,1,27.15551,26.64792,23.02867
1785122708,26.50072,83.5935,90,0,234,,1,27.18938,26.54632,23.02867
1785122709,26.61288,83.62554,90,0,234,,1,27.25711,26.44473,23.06253
1785122710,26.5568,83.53857,90,0,234,,1,27.12165,26.30946,23.0962
1785122710,26.6289,83.57824,90,0,234,,1,27.29098,26.47879,23.23146
1785122711,26.6556,83.58739,90,0,234,,1,27.15551,26.68159,23.06253
1785122712,26.58618,83.48363,90,0,234,,1,27.25711,26.54632,23.06253
1785122712,26.57282,83.45922,90,0,235,,1,27.25711,26.61406,23.02867
1785122713,26.5568,83.43328,90,0,234,,1,27.22325,26.51246,23.02867
1785122714,26.5568,83.41497,90,0,234,,1,27.08778,26.41106,23.02867
1785122714,26.58618,83.41344,90,0,234,,1,27.32484,26.37719,23.02867
1785122715,26.54345,83.41039,90,0,234,,1,27.22325,26.51246,23.0962
1785122716,26.57282,83.45922,90,0,234,,1,27.29098,26.41106,23.0962
1785122716,26.58618,83.48363,90,0,234,,1,27.12165,26.47879,22.9948
1785122717,26.61288,83.4699,90,0,234,,1,27.22325,26.41106,23.06253
1785122718,26.61288,83.57519,90,0,234,,1,27.22325,26.51246,23.13006
1785122718,26.51675,83.49584,90,0,234,,1,27.22325,26.44473,23.0962
1785122719,26.54345,83.56603,90,0,234,,1,27.25711,26.54632,23.16393
1785122720,26.51675,83.67132,90,0,234,,1,27.12165,26.51246,23.02867
1785122720,26.59953,83.55993,90,0,234,,1,27.18938,26.41106,23.0962
1785122721,26.51675,83.68353,90,0,234,,1,27.25711,26.54632,23.16393
1785122722,26.58618,83.73388,90,0,234,,1,27.15551,26.54632,23.06253
1785122722,26.58618,83.86664,90,0,234,,1,27.08778,26.37719,23.02867
1785122723,26.51675,83.56603,90,0,234,,1,27.18938,26.41106,23.1978
1785122724,26.59953,83.88037,90,0,234,,1,27.18938,26.37719,23.16393
1785122725,26.50072,83.90479,90,0,234,,1,27.18938,26.44473,23.0962
1785122725,26.54345,83.97803,90,0,234,,1,27.29098,26.34333,23.16393
1785122726,26.6289,83.97192,90,0,234,,1,27.22325,26.41106,23.13006
1785122727,26.48737,83.90021,90,0,234,,1,27.22325,26.37719,23.0962
1785122727,26.59953,83.97345,90,0,234,,1,27.25711,26.44473,23.02867
1785122728,26.54345,83.99023,90,0,234,,1,27.32484,26.54632,23.16393
1785122729,26.57282,84.02838,90,0,234,,1,27.02005,26.47879,23.0962
1785122729,26.6289,84.07416,90,0,234,,1,27.25711,26.51246,23.02867
1785122730,26.5568,84.09552,90,0,234,,1,27.18938,26.54632,23.13006
1785122731,26.57282,84.1413,90,0,234,,1,27.29098,26.44473,23.16393
1785122731,26.64225,84.20233,90,0,233,,1,27.22325,26.37719,23.13006
1785122732,26.59953,84.36561,90,0,234,,1,27.22325,26.37719,23.13006
1785122733,26.59953,84.58228,90,0,234,,1,27.25711,26.54632,23.1978
1785122733,26.6289,84.75624,90,0,234,,1,27.22325,26.47879,22.9948
1785122734,26.6289,84.87984,90,0,234,,1,27.12165,26.51246,23.06253
1785122735,26.68765,84.9897,90,0,234,,1,27.29098,26.51246,23.02867
1785122735,26.58618,85.17738,90,0,234,,1,27.18938,26.47879,23.06253
1785122736,26.6743,85.28573,90,0,234,,1,27.22325,26.44473,23.13006
1785122737,26.64225,85.36965,90,0,234,,1,27.12165,26.41106,23.0962
1785122737,26.58618,85.49783,90,0,234,,1,27.22325,26.44473,23.0962
1785122738,26.58618,85.55123,90,0,234,,1,27.18938,26.51246,23.02867
1785122739,26.71435,85.6672,90,0,234,,1,27.12165,26.47879,23.0962
1785122739,26.6289,85.85336,90,0,234,,1,27.35871,26.41106,23.06253
1785122740,26.54345,85.80759,90,0,234,,1,27.25711,26.51246,23.02867
1785122741,26.58618,85.88235,90,0,234,,1,27.22325,26.64792,22.96113
1785122742,26.6743,86.07004,90,0,234,,1,27.12165,26.34333,23.13006
1785122742,26.68765,85.89914,90,0,234,,1,27.25711,26.47879,23.02867
1785122743,26.59953,85.87625,90,0,234,,1,27.29098,26.41106,23.02867
1785122744,26.54345,85.80759,90,0,235,,1,27.29098,26.61406,22.9948
1785122744,26.48737,85.7084,90,0,234,,1,27.35871,26.41106,22.9948
1785122745,26.58618,85.70687,90,0,235,,1,27.08778,26.51246,23.0962
1785122746,26.51675,85.47952,90,0,234,,1,27.29098,26.64792,23.06253
1785122746,26.61288,85.3605,90,0,234,,1,27.32484,26.41106,23.06253
1785122747,26.701,85.39559,90,0,234,,1,27.22325,26.54632,23.06253
1785122748,26.54345,85.25979,90,0,234,,1,27.25711,26.47879,23.0962
1785122748,26.57282,85.13161,90,0,234,,1,27.22325,26.41106,23.1978
1785122749,26.59953,85.01564,90,0,234,,1,27.22325,26.41106,23.13006
1785122750,26.61288,84.91646,90,0,234,,1,27.39258,26.51246,23.0962
1785122750,26.6289,84.83864,90,0,234,,1,27.18938,26.47879,23.06253
1785122751,26.6289,84.67384,90,0,234,,1,27.29098,26.51246,23.0962
1785122752,26.6289,84.58076,90,0,234,,1,27.08778,26.34333,23.0962
1785122752,26.5301,84.52125,90,0,234,,1,27.25711,26.37719,23.13006
1785122753,26.61288,84.34882,90,0,234,,1,27.25711,26.51246,22.9948
1785122754,26.59953,84.37629,90,0,235,,1,27.39258,26.34333,22.9948
1785122754,26.61288,84.32899,90,0,234,,1,27.22325,26.51246,23.0962
1785122755,26.44465,84.1062,90,0,234,,1,27.22325,26.51246,23.02867
1785122756,26.5301,84.05585,90,0,234,,1,27.08778,26.54632,23.0962
1785122756,26.59953,84.17029,90,0,234,,1,27.25711,26.54632,23.0962
1785122757,26.58618,83.98108,90,0,234,,1,27.32484,26.44473,23.13006
1785122758,26.5568,84.03601,90,0,234,,1,27.25711,26.34333,23.13006
1785122758,26.5568,84.04211,90,0,234,,1,27.18938,26.58019,23.06253
1785122759,26.48737,84.0238,90,0,234,,1,27.22325,26.51246,23.13006
1785122760,26.51675,83.95972,90,0,234,,1,27.29098,26.51246,23.02867
1785122761,26.58618,83.91699,90,0,234,,1,27.35871,26.44473,23.06253
1785122761,26.6289,83.89868,90,0,234,,1,27.18938,26.44473,23.16393
1785122762,26.57282,84.0177,90,0,234,,1,27.29098,26.54632,23.16393
1785122763,26.58618,84.00092,90,0,234,,1,27.22325,26.61406,23.16393
1785122763,26.5301,83.96429,90,0,234,,1,27.25711,26.44473,23.0962
1785122764,26.59953,83.9826,90,0,234,,1,27.18938,26.58019,23.23146
1785122765,26.64225,83.97345,90,0,234,,1,27.08778,26.61406,23.0962
1785122765,26.61288,83.96735,90,0,234,,1,27.25711,26.54632,23.0962
1785122766,26.5568,83.96277,90,0,234,,1,27.15551,26.37719,23.16393
1785122767,26.61288,84.00854,90,0,234,,1,27.32484,26.61406,23.06253
1785122767,26.57282,84.09094,90,0,234,,1,27.22325,26.37719,23.06253
1785122768,26.57282,84.03754,90,0,233,,1,27.18938,26.47879,23.0962
1785122769,26.6289,84.1474,90,0,234,,1,27.25711,26.51246,23.16393
1785122769,26.6289,84.11536,90,0,234,,1,27.32484,26.58019,23.06253
1785122770,26.48737,84.1886,90,0,234,,1,27.22325,26.51246,23.13006
1785122771,26.61288,84.21454,90,0,234,,1,27.22325,26.51246,23.0962
1785122771,26.5568,84.23895,90,0,234,,1,27.22325,26.47879,23.16393
1785122772,26.5301,84.20081,90,0,234,,1,27.22325,26.58019,23.02867
1785122773,26.64225,84.44953,90,0,234,,1,27.25711,26.51246,22.9948
1785122773,26.50072,84.12299,90,0,235,,1,27.29098,26.61406,23.1978
1785122774,26.61288,84.27558,90,0,234,,1,27.18938,26.37719,23.1978
1785122775,26.58618,84.42512,90,0,234,,1,27.25711,26.54632,22.9948
1785122775,26.48737,84.39765,90,0,234,,1,27.29098,26.34333,23.13006
1785122776,26.58618,84.37171,90,0,234,,1,27.12165,26.41106,23.13006
1785122777,26.57282,84.43122,90,0,234,,1,27.25711,26.41106,23.13006
1785122778,26.58618,84.53651,90,0,234,,1,27.15551,26.47879,23.06253
1785122778,26.6556,84.53498,90,0,234,,1,27.29098,26.44473,23.02867
1785122779,26.61288,84.53498,90,0,234,,1,27.12165,26.44473,22.9948
1785122780,26.58618,84.49836,90,0,234,,1,27.18938,26.47879,23.02867
1785122780,26.61288,84.55482,90,0,234,,1,27.35871,26.47879,23.13006
1785122781,26.59953,84.54108,90,0,234,,1,27.25711,26.44473,23.0962
1785122782,26.59953,84.5716,90,0,234,,1,27.25711,26.37719,23.13006
1785122782,26.51675,84.60059,90,0,234,,1,27.22325,26.37719,22.9948
1785122783,26.47402,84.65095,90,0,234,,1,27.25711,26.61406,23.16393
1785122784,26.5301,84.72877,90,0,234,,1,27.25711,26.51246,23.16393
1785122784,26.64225,84.99733,90,0,234,,1,27.22325,26.37719,23.06253
1785122785,26.57282,85.09346,90,0,234,,1,27.22325,26.61406,23.23146
1785122786,26.6289,85.32388,90,0,234,,1,27.32484,26.27559,23.1978
1785122786,26.61288,85.50546,90,0,234,,1,27.18938,26.47879,22.96113
1785122787,26.48737,85.60616,90,0,234,,1,27.22325,26.61406,23.0962
1785122788,26.5301,85.69009,90,0,234,,1,27.32484,26.47879,23.06253
1785122788,26.6289,85.88235,90,0,234,,1,27.15551,26.51246,23.16393
1785122789,26.5568,85.832,90,0,234,,1,27.18938,26.47879,23.06253
1785122790,26.59953,85.82285,90,0,234,,1,27.25711,26.54632,23.13006
1785122790,26.54345,85.91898,90,0,234,,1,27.22325,26.51246,23.13006
1785122791,26.61288,85.87778,90,0,234,,1,27.22325,26.44473,23.13006
1785122792,26.6556,86.10666,90,0,234,,1,27.18938,26.47879,23.0962
1785122793,26.58618,86.10666,90,0,234,,1,27.18938,26.47879,23.02867
1785122793,26.64225,86.03189,90,0,234,,1,27.22325,26.41106,23.0962
1785122794,26.6289,86.10056,90,0,234,,1,27.29098,26.37719,23.16393
1785122795,26.58618,86.24246,90,0,234,,1,27.25711,26.37719,23.02867
1785122795,26.5568,86.34928,90,0,234,,1,27.29098,26.64792,23.16393
1785122796,26.6556,86.39506,90,0,234,,1,27.25711,26.34333,23.13006
1785122797,26.54345,86.35386,90,0,234,,1,27.25711,26.47879,23.13006
1785122797,26.64225,86.53696,90,0,234,,1,27.18938,26.61406,23.06253
1785122798,26.61288,86.45762,90,0,234,,1,27.18938,26.51246,23.16393
1785122799,26.6289,86.55375,90,0,234,,1,27.12165,26.54632,23.13006
1785122799,26.6289,86.72007,90,0,234,,1,27.29098,26.58019,23.16393
1785122800,26.68765,86.88029,90,0,234,,1,27.25711,26.44473,23.06253
1785122801,26.6743,86.77348,90,0,234,,1,27.18938,26.51246,23.13006
1785122801,26.59953,86.60868,90,0,234,,1,27.22325,26.54632,23.16393
1785122802,26.6289,86.86504,90,0,234,,1,27.25711,26.44473,23.0962
1785122803,26.58618,86.63615,90,0,234,,1,27.29098,26.44473,23.13006
1785122803,26.59953,86.61936,90,0,235,,1,27.25711,26.44473,23.13006
1785122804,26.61288,86.58121,90,0,234,,1,27.25711,26.37719,23.13006
1785122805,26.58618,86.58274,90,0,234,,1,27.15551,26.44473,23.02867
1785122805,26.57282,86.51713,90,0,234,,1,27.25711,26.37719,23.16393
1785122806,26.48737,86.34776,90,0,234,,1,27.29098,26.47879,23.06253
1785122807,26.5568,86.45304,90,0,234,,1,27.02005,26.34333,23.0962
1785122807,26.51675,86.31724,90,0,234,,1,27.25711,26.54632,23.06253
1785122808,26.58618,86.57359,90,0,234,,1,27.18938,26.47879,23.13006
1785122809,26.54345,86.5507,90,0,234,,1,27.22325,26.58019,23.0962
1785122809,26.57282,86.64225,90,0,234,,1,27.39258,26.54632,23.0962
1785122810,26.59953,86.66972,90,0,234,,1,27.29098,26.47879,23.0962
1785122811,26.6289,86.74143,90,0,234,,1,27.29098,26.51246,23.13006
1785122812,26.61288,86.6926,90,0,234,,1,27.25711,26.41106,23.13006
1785122812,26.59953,86.59647,90,0,234,,1,27.08778,26.41106,22.9948
1785122813,26.6289,86.62699,90,0,234,,1,27.25711,26.44473,23.06253
1785122814,26.58618,86.6865,90,0,234,,1,27.35871,26.51246,23.16393
1785122814,26.5568,86.51255,90,0,234,,1,27.25711,26.30946,23.1978
1785122815,26.57282,86.44541,90,0,234,,1,27.35871,26.41106,23.06253
1785122816,26.58618,86.35691,90,0,234,,1,27.32484,26.37719,23.06253
1785122816,26.61288,86.43626,90,0,234,,1,27.25711,26.41106,23.0962
1785122817,26.5568,86.38895,90,0,234,,1,27.22325,26.44473,23.13006
1785122818,26.57282,86.55833,90,0,234,,1,27.32484,26.51246,23.0962
1785122818,26.59953,86.72007,90,0,234,,1,27.15551,26.51246,23.0962
1785122819,26.6556,86.84215,90,0,234,,1,27.29098,26.64792,23.13006
1785122820,26.61288,86.88029,90,0,234,,1,27.18938,26.61406,23.06253
1785122820,26.5568,86.95811,90,0,234,,1,27.32484,26.54632,23.02867
1785122821,26.6289,86.99779,90,0,234,,1,27.29098,26.30946,23.13006
1785122822,26.58618,87.08018,90,0,234,,1,27.39258,26.61406,23.0962
1785122822,26.6289,86.89403,90,0,234,,1,27.15551,26.41106,23.13006
1785122823,26.57282,86.92149,90,0,234,,1,27.25711,26.47879,23.13006
1785122824,26.64225,86.95201,90,0,234,,1,27.15551,26.51246,22.9948
1785122824,26.59953,86.80553,90,0,234,,1,27.22325,26.64792,23.06253
1785122825,26.5301,86.66972,90,0,234,,1,27.25711,26.47879,23.13006
1785122826,26.5301,86.65141,90,0,234,,1,27.29098,26.47879,23.0962
1785122826,26.64225,86.56748,90,0,234,,1,27.22325,26.51246,22.9948
1785122827,26.50072,86.41337,90,0,234,,1,27.25711,26.51246,23.0962
1785122828,26.47402,86.45914,90,0,234,,1,27.15551,26.54632,23.13006
1785122829,26.54345,86.26078,90,0,234,,1,27.08778,26.51246,23.02867
1785122829,26.54345,86.21957,90,0,234,,1,27.25711,26.41106,23.13006
1785122830,26.5301,86.11429,90,0,234,,1,27.18938,26.41106,23.06253
1785122831,26.59953,85.89609,90,0,234,,1,27.25711,26.51246,23.16393
1785122831,26.51675,85.96475,90,0,234,,1,27.29098,26.51246,23.06253
1785122832,26.5301,85.90524,90,0,234,,1,27.25711,26.44473,23.0962
1785122833,26.5568,85.90372,90,0,234,,1,27.18938,26.51246,23.06253
1785122833,26.57282,85.80453,90,0,234,,1,27.15551,26.44473,23.0962
1785122834,26.5568,85.81216,90,0,234,,1,27.29098,26.47879,23.0962
1785122835,26.58618,85.87167,90,0,234,,1,27.18938,26.47879,23.0962
1785122835,26.58618,85.89151,90,0,234,,1,27.22325,26.51246,22.9948
1785122836,26.51675,85.90372,90,0,234,,1,27.15551,26.54632,23.06253
1785122837,26.6289,86.25315,90,0,234,,1,27.32484,26.44473,22.96113
1785122837,26.5301,86.27909,90,0,234,,1,27.25711,26.37719,23.06253
1785122838,26.57282,86.39353,90,0,234,,1,27.42644,26.44473,23.06253
1785122839,26.5568,86.40879,90,0,234,,1,27.29098,26.61406,23.06253
1785122839,26.54345,86.50797,90,0,234,,1,27.29098,26.61406,23.0962
1785122840,26.57282,86.85741,90,0,234,,1,27.25711,26.37719,23.0962
1785122841,26.5568,86.97643,90,0,234,,1,27.29098,26.51246,23.16393
1785122841,26.57282,87.03441,90,0,234,,1,27.29098,26.44473,23.0962
1785122842,26.6289,86.96727,90,0,234,,1,27.29098,26.51246,23.13006
1785122843,26.59953,87.07256,90,0,234,,1,27.35871,26.47879,22.9948
1785122843,26.68765,87.13054,90,0,235,,1,27.32484,26.44473,23.0962
1785122844,26.57282,87.07561,90,0,234,,1,27.32484,26.41106,23.13006
1785122845,26.6556,87.15038,90,0,234,,1,27.39258,26.54632,23.0962
1785122846,26.5301,86.96117,90,0,234,,1,27.18938,26.54632,23.13006
1785122846,26.57282,86.81926,90,0,234,,1,27.29098,26.54632,23.13006
1785122847,26.5568,86.83299,90,0,234,,1,27.22325,26.58019,23.23146
1785122848,26.54345,86.73685,90,0,234,,1,27.12165,26.58019,23.16393
1785122848,26.5301,86.60868,90,0,234,,1,27.18938,26.64792,23.16393
1785122849,26.6289,86.421,90,0,234,,1,27.42644,26.61406,23.13006
1785122850,26.5301,86.29893,90,0,234,,1,27.22325,26.34333,23.06253
1785122850,26.54345,86.09598,90,0,234,,1,27.25711,26.54632,22.9948
1785122851,26.47402,85.95407,90,0,234,,1,27.29098,26.51246,23.02867
1785122852,26.5568,85.59243,90,0,234,,1,27.39258,26.47879,23.02867
1785122852,26.5568,85.50088,90,0,234,,1,27.12165,26.37719,23.0962
1785122853,26.57282,85.4017,90,0,234,,1,27.15551,26.27559,23.02867
1785122854,26.59953,85.5436,90,0,234,,1,27.18938,26.47879,23.0962
1785122854,26.5568,85.17128,90,0,234,,1,27.18938,26.51246,23.06253
1785122855,26.61288,85.09346,90,0,234,,1,27.35871,26.41106,23.02867
1785122856,26.50072,84.98817,90,0,234,,1,27.08778,26.41106,23.13006
1785122856,26.5301,84.84169,90,0,234,,1,27.25711,26.54632,23.0962
1785122857,26.458,84.68757,90,0,234,,1,27.22325,26.44473,23.06253
1785122858,26.5301,84.56397,90,0,234,,1,27.22325,26.44473,23.02867
1785122858,26.47402,84.65095,90,0,234,,1,27.22325,26.44473,23.0962
1785122859,26.59953,84.49989,90,0,234,,1,27.22325,26.58019,23.0962
1785122860,26.59953,84.39765,90,0,234,,1,27.29098,26.47879,22.96113
1785122860,26.50072,84.50294,90,0,234,,1,27.29098,26.30946,23.02867
1785122861,26.59953,84.40681,90,0,234,,1,27.25711,26.51246,22.9948
1785122862,26.59953,84.29389,90,0,234,,1,27.18938,26.51246,23.02867
1785122863,26.50072,84.27558,90,0,234,,1,27.22325,26.41106,23.06253
1785122863,26.57282,84.28474,90,0,234,,1,27.22325,26.58019,23.13006
1785122864,26.58618,84.46632,90,0,234,,1,27.25711,26.41106,23.0962
1785122865,26.47402,84.35188,90,0,234,,1,27.25711,26.37719,23.13006
1785122865,26.48737,84.36561,90,0,234,,1,27.18938,26.61406,23.13006
1785122866,26.57282,84.55482,90,0,234,,1,27.25711,26.47879,23.13006
1785122867,26.51675,84.52735,90,0,234,,1,27.22325,26.51246,23.02867
1785122867,26.5301,84.46174,90,0,234,,1,27.29098,26.41106,23.06253
1785122868,26.54345,84.6601,90,0,234,,1,27.25711,26.58019,23.0962
1785122869,26.5568,84.67384,90,0,234,,1,27.35871,26.54632,23.0962
1785122869,26.51675,84.7364,90,0,234,,1,27.32484,26.58019,23.16393
1785122870,26.61288,84.71046,90,0,234,,1,27.15551,26.47879,23.13006
1785122871,26.58618,84.88899,90,0,234,,1,27.29098,26.44473,23.0962
1785122871,26.51675,84.83864,90,0,234,,1,27.32484,26.47879,23.13006
1785122872,26.54345,85.09499,90,0,234,,1,27.29098,26.30946,23.0962
1785122873,26.54345,85.10414,90,0,234,,1,27.22325,26.54632,23.02867
1785122873,26.6556,85.29183,90,0,235,,1,27.15551,26.41106,23.16393
1785122874,26.50072,85.3605,90,0,234,,1,27.08778,26.47879,23.06253
1785122875,26.57282,85.46426,90,0,234,,1,27.18938,26.47879,23.0962
1785122875,26.458,85.36965,90,0,234,,1,27.15551,26.51246,23.02867
1785122876,26.54345,85.39559,90,0,234,,1,27.22325,26.58019,23.1978
1785122877,26.5568,85.10872,90,0,234,,1,27.32484,26.44473,23.16393
1785122877,26.54345,85.2491,90,0,234,,1,27.22325,26.58019,23.0962
1785122878,26.5301,84.97597,90,0,234,,1,27.22325,26.51246,23.06253
1785122879,26.5301,84.78218,90,0,234,,1,27.29098,26.51246,23.13006
1785122879,26.48737,84.72724,90,0,234,,1,27.18938,26.58019,23.0962
1785122880,26.6556,84.69062,90,0,234,,1,27.22325,26.47879,23.06253
1785122881,26.6289,84.4892,90,0,234,,1,27.29098,26.44473,23.02867
1785122882,26.458,84.3473,90,0,234,,1,27.29098,26.44473,23.0962
1785122882,26.47402,84.40376,90,0,234,,1,27.18938,26.47879,23.13006
1785122883,26.5568,84.41596,90,0,234,,1,27.35871,26.37719,23.02867
1785122884,26.48737,84.29389,90,0,235,,1,27.29098,26.51246,23.13006
1785122884,26.51675,84.20691,90,0,234,,1,27.32484,26.47879,23.16393
1785122885,26.50072,84.26643,90,0,234,,1,27.18938,26.41106,23.0962
1785122886,26.51675,84.33356,90,0,234,,1,27.22325,26.54632,23.16393
1785122886,26.51675,84.28016,90,0,234,,1,27.29098,26.37719,22.9948
1785122887,26.51675,84.18707,90,0,234,,1,27.15551,26.37719,23.13006
1785122888,26.48737,84.05585,90,0,234,,1,27.15551,26.61406,23.13006
1785122888,26.5301,84.21149,90,0,234,,1,27.29098,26.47879,23.16393
1785122889,26.5568,84.1474,90,0,234,,1,27.18938,26.54632,23.0962
1785122890,26.57282,84.11993,90,0,234,,1,27.12165,26.47879,23.13006
1785122890,26.57282,84.11993,90,0,234,,1,27.15551,26.37719,23.06253
1785122891,26.5568,84.11536,90,0,234,,1,27.32484,26.47879,23.0962
1785122892,26.5568,84.05432,90,0,234,,1,27.15551,26.37719,23.0962
1785122892,26.50072,84.03754,90,0,234,,1,27.18938,26.37719,23.13006
1785122893,26.50072,83.99939,90,0,234,,1,27.18938,26.44473,23.0962
1785122894,26.58618,83.95972,90,0,234,,1,27.25711,26.37719,22.92727
1785122894,26.6743,83.88953,90,0,234,,1,27.25711,26.51246,23.16393
1785122895,26.5568,83.93073,90,0,234,,1,27.25711,26.34333,23.0962
1785122896,26.5301,83.99634,90,0,234,,1,27.22325,26.47879,23.02867
1785122896,26.57282,83.85291,90,0,234,,1,27.25711,26.47879,23.02867
1785122897,26.51675,83.89868,90,0,234,,1,27.22325,26.58019,23.02867
1785122898,26.48737,83.92157,90,0,234,,1,27.15551,26.41106,23.06253
1785122899,26.50072,83.91394,90,0,234,,1,27.25711,26.41106,23.02867
1785122899,26.54345,83.88495,90,0,234,,1,27.29098,26.54632,23.16393
1785122900,26.58618,84.02228,90,0,234,,1,27.22325,26.47879,23.0962
1785122901,26.54345,83.99023,90,0,234,,1,27.29098,26.51246,23.0962
1785122901,26.54345,84.09247,90,0,234,,1,27.15551,26.58019,23.16393
1785122902,26.5568,84.08636,90,0,234,,1,27.08778,26.51246,23.06253
1785122903,26.48737,84.08636,90,0,234,,1,27.29098,26.54632,23.13006
1785122903,26.48737,84.12909,90,0,234,,1,27.25711,26.41106,23.0962
1785122904,26.50072,84.04974,90,0,234,,1,27.39258,26.47879,23.02867
1785122905,26.51675,84.25116,90,0,234,,1,27.15551,26.58019,23.16393
1785122905,26.50072,84.13214,90,0,234,,1,27.15551,26.54632,23.06253
1785122906,26.5568,84.20996,90,0,234,,1,27.32484,26.58019,23.0962
1785122907,26.54345,84.14282,90,0,234,,1,27.18938,26.51246,23.13006
1785122907,26.51675,84.20691,90,0,234,,1,27.29098,26.44473,23.13006
1785122908,26.59953,84.20996,90,0,233,,1,27.35871,26.44473,23.0962
1785122909,26.57282,84.24353,90,0,234,,1,27.32484,26.44473,23.0962
1785122909,26.5301,84.20081,90,0,234,,1,27.25711,26.51246,23.13006
1785122910,26.51675,84.25116,90,0,234,,1,27.32484,26.37719,23.06253
1785122911,26.47402,84.13672,90,0,234,,1,27.15551,26.47879,23.02867
1785122911,26.5301,84.1825,90,0,233,,1,27.29098,26.47879,23.02867
1785122912,26.51675,84.11536,90,0,234,,1,27.25711,26.61406,23.13006
1785122913,26.58618,84.28931,90,0,234,,1,27.15551,26.47879,23.13006
1785122913,26.5301,84.07721,90,0,235,,1,27.18938,26.34333,23.13006
1785122914,26.57282,84.16113,90,0,234,,1,27.18938,26.44473,23.0962
1785122915,26.51675,84.17792,90,0,234,,1,27.29098,26.54632,23.0962
1785122916,26.54345,84.09247,90,0,234,,1,27.25711,26.47879,23.13006
1785122916,26.48737,84.1886,90,0,234,,1,27.29098,26.44473,23.0962
1785122917,26.57282,84.19318,90,0,234,,1,27.35871,26.37719,23.02867
1785122918,26.59953,84.19165,90,0,234,,1,27.35871,26.58019,23.0962
1785122918,26.6289,84.15656,90,0,234,,1,27.22325,26.61406,23.16393
1785122919,26.58618,84.35188,90,0,234,,1,27.22325,26.41106,23.13006
1785122920,26.58618,84.39307,90,0,234,,1,27.29098,26.37719,23.13006
1785122920,26.6289,84.60059,90,0,234,,1,27.12165,26.47879,23.02867
1785122921,26.5301,84.61433,90,0,234,,1,27.32484,26.41106,23.02867
1785122922,26.5301,84.68757,90,0,234,,1,27.25711,26.47879,23.1978
1785122922,26.58618,84.72419,90,0,234,,1,27.22325,26.54632,23.16393
1785122923,26.58618,84.82491,90,0,234,,1,27.15551,26.44473,23.0962
1785122924,26.5568,84.9012,90,0,234,,1,27.35871,26.41106,23.13006
1785122924,26.5568,84.7776,90,0,234,,1,27.22325,26.54632,22.9948
1785122925,26.5568,84.74708,90,0,234,,1,27.29098,26.41106,23.13006
1785122926,26.54345,84.84627,90,0,234,,1,27.29098,26.41106,23.1978
1785122926,26.5568,84.94392,90,0,234,,1,27.35871,26.54632,23.1978
1785122927,26.5301,84.88441,90,0,234,,1,27.18938,26.51246,23.06253
1785122928,26.59953,84.96529,90,0,234,,1,27.29098,26.34333,23.0962
1785122928,26.61288,85.0721,90,0,234,,1,27.29098,26.51246,23.0962
1785122929,26.6556,85.28115,90,0,234,,1,27.25711,26.41106,23.0962
1785122930,26.68765,85.20485,90,0,234,,1,27.18938,26.44473,23.13006
1785122930,26.59953,85.28573,90,0,234,,1,27.22325,26.54632,23.13006
1785122931,26.5568,85.57412,90,0,234,,1,27.18938,26.58019,23.06253
1785122932,26.54345,85.6199,90,0,234,,1,27.25711,26.37719,23.0962
1785122933,26.61288,85.66109,90,0,234,,1,27.22325,26.51246,23.06253
1785122933,26.54345,85.74502,90,0,234,,1,27.18938,26.58019,23.13006
1785122934,26.54345,85.53902,90,0,234,,1,27.25711,26.41106,23.0962
1785122935,26.61288,85.8259,90,0,234,,1,27.18938,26.30946,23.1978
1785122935,26.61288,85.83658,90,0,234,,1,27.25711,26.44473,23.02867
1785122936,26.57282,85.8671,90,0,234,,1,27.29098,26.34333,23.06253
1785122937,26.5301,85.81369,90,0,234,,1,27.15551,26.47879,23.02867
1785122937,26.59953,85.78165,90,0,234,,1,27.35871,26.44473,23.06253
1785122938,26.57282,85.72213,90,0,234,,1,27.22325,26.41106,23.13006
1785122939,26.73037,85.78622,90,0,234,,1,27.18938,26.44473,23.16393
1785122939,26.58618,85.63363,90,0,234,,1,27.22325,26.34333,23.13006
1785122940,26.54345,85.61074,90,0,234,,1,27.22325,26.44473,23.13006
1785122941,26.6289,85.7496,90,0,234,,1,27.15551,26.47879,23.13006
1785122941,26.6289,85.67635,90,0,234,,1,27.32484,26.44473,22.9948
1785122942,26.61288,85.63973,90,0,234,,1,27.22325,26.44473,23.0962
1785122943,26.5568,85.52071,90,0,234,,1,27.22325,26.47879,23.02867
1785122943,26.5301,85.55581,90,0,235,,1,27.18938,26.47879,23.0962
1785122944,26.48737,85.53292,90,0,234,,1,27.32484,26.34333,23.02867
1785122945,26.61288,85.5787,90,0,234,,1,27.25711,26.51246,23.16393
1785122945,26.6743,85.64736,90,0,234,,1,27.25711,26.30946,23.02867
1785122946,26.5301,85.5848,90,0,234,,1,27.32484,26.44473,23.1978
1785122947,26.54345,85.66262,90,0,234,,1,27.29098,26.47879,23.06253
1785122947,26.54345,85.6199,90,0,234,,1,27.22325,26.54632,22.9948
1785122948,26.57282,85.67025,90,0,234,,1,27.22325,26.51246,23.16393
1785122949,26.48737,85.60616,90,0,234,,1,27.29098,26.51246,23.0962
1785122950,26.59953,85.69924,90,0,234,,1,27.35871,26.44473,23.13006
1785122950,26.57282,85.79385,90,0,234,,1,27.29098,26.41106,23.02867
1785122951,26.5568,85.72976,90,0,234,,1,27.22325,26.47879,23.06253
1785122952,26.59953,85.61532,90,0,234,,1,27.25711,26.47879,23.0962
1785122952,26.6289,85.73891,90,0,234,,1,27.29098,26.54632,23.13006
1785122953,26.6556,85.65194,90,0,234,,1,27.25711,26.51246,23.13006
1785122954,26.59953,85.45052,90,0,235,,1,27.29098,26.54632,23.0962
1785122954,26.6289,85.52071,90,0,234,,1,27.22325,26.44473,23.13006
1785122955,26.61288,85.4551,90,0,234,,1,27.39258,26.47879,23.02867
1785122956,26.51675,85.23232,90,0,234,,1,27.29098,26.44473,23.16393
1785122956,26.58618,85.32235,90,0,234,,1,27.18938,26.54632,23.16393
1785122957,26.6289,85.21248,90,0,234,,1,27.32484,26.44473,23.13006
1785122958,26.64225,85.11177,90,0,234,,1,27.15551,26.58019,23.0962
1785122958,26.6289,85.01259,90,0,234,,1,27.32484,26.51246,23.06253
1785122959,26.5568,85.04768,90,0,234,,1,27.22325,26.51246,23.0962
1785122960,26.64225,85.02937,90,0,234,,1,27.18938,26.47879,23.0962
1785122960,26.64225,85.08125,90,0,234,,1,27.08778,26.64792,23.06253
1785122961,26.51675,85.10719,90,0,234,,1,27.29098,26.41106,23.06253
1785122962,26.54345,85.22774,90,0,234,,1,27.18938,26.44473,23.06253
1785122962,26.6743,85.40932,90,0,234,,1,27.25711,26.54632,23.06253
1785122963,26.68765,85.4963,90,0,234,,1,27.18938,26.47879,23.0962
1785122964,26.59953,85.5436,90,0,234,,1,27.12165,26.37719,23.06253
1785122964,26.61288,85.76334,90,0,234,,1,27.22325,26.34333,23.06253
1785122965,26.59953,85.98764,90,0,234,,1,27.25711,26.34333,23.16393
1785122966,26.58618,86.07767,90,0,234,,1,27.12165,26.37719,23.02867
1785122967,26.61288,86.29282,90,0,234,,1,27.25711,26.61406,23.13006
1785122967,26.5568,86.38895,90,0,234,,1,27.32484,26.51246,22.96113
1785122968,26.6289,86.40879,90,0,234,,1,27.18938,26.58019,23.06253
1785122969,26.6556,86.67735,90,0,234,,1,27.32484,26.34333,23.0962
1785122969,26.5568,86.70023,90,0,234,,1,27.18938,26.61406,23.16393
1785122970,26.6743,86.93828,90,0,234,,1,27.25711,26.44473,22.9948
1785122971,26.59953,87.1046,90,0,234,,1,27.22325,26.51246,23.23146
1785122971,26.64225,87.1992,90,0,234,,1,27.22325,26.44473,23.13006
1785122972,26.58618,87.48302,90,0,234,,1,27.05412,26.51246,23.02867
1785122973,26.64225,87.53033,90,0,234,,1,27.12165,26.58019,23.0962
1785122973,26.59953,87.6112,90,0,234,,1,27.18938,26.47879,23.06253
1785122974,26.5568,87.59747,90,0,234,,1,27.12165,26.41106,23.0962
1785122975,26.5568,87.58831,90,0,234,,1,27.22325,26.44473,23.13006
1785122975,26.64225,87.36401,90,0,234,,1,27.18938,26.51246,23.0962
1785122976,26.701,87.37011,90,0,234,,1,27.25711,26.41106,23.13006
1785122977,26.58618,87.17174,90,0,234,,1,27.35871,26.27559,23.13006
1785122977,26.61288,86.96269,90,0,234,,1,27.22325,26.54632,23.0962
1785122978,26.61288,86.77806,90,0,234,,1,27.32484,26.37719,23.13006
1785122979,26.50072,86.48661,90,0,234,,1,27.35871,26.58019,22.9948
1785122979,26.5568,86.35691,90,0,234,,1,27.18938,26.47879,23.06253
1785122980,26.6289,86.2974,90,0,234,,1,27.18938,26.51246,23.02867
1785122981,26.5568,86.20279,90,0,234,,1,27.35871,26.51246,23.02867
1785122981,26.64225,86.13412,90,0,234,,1,27.29098,26.47879,22.9948
1785122982,26.54345,85.99222,90,0,234,,1,27.18938,26.58019,23.16393
1785122983,26.58618,85.96323,90,0,234,,1,27.22325,26.41106,23.1978
1785122983,26.6289,85.88235,90,0,234,,1,27.22325,26.58019,23.1978
1785122984,26.48737,85.90372,90,0,234,,1,27.29098,26.58019,23.0962
1785122985,26.59953,85.80301,90,0,234,,1,27.25711,26.41106,22.9948
1785122986,26.54345,85.94034,90,0,234,,1,27.29098,26.58019,23.02867
1785122986,26.51675,86.0563,90,0,234,,1,27.32484,26.54632,23.13006
1785122987,26.6556,86.18906,90,0,233,,1,27.18938,26.44473,23.0962
1785122988,26.58618,86.11887,90,0,234,,1,27.22325,26.44473,23.0962
1785122988,26.5568,86.27604,90,0,234,,1,27.32484,26.47879,23.0962
1785122989,26.59953,86.36149,90,0,233,,1,27.22325,26.54632,23.13006
1785122990,26.50072,86.17838,90,0,234,,1,27.29098,26.58019,23.06253
1785122990,26.59953,86.36149,90,0,234,,1,27.25711,26.41106,23.13006
1785122991,26.51675,86.23331,90,0,234,,1,27.15551,26.54632,23.13006
1785122992,26.54345,86.19821,90,0,234,,1,27.25711,26.44473,23.13006
1785122992,26.57282,86.13718,90,0,235,,1,27.12165,26.41106,23.0962
1785122993,26.64225,85.92661,90,0,234,,1,27.18938,26.58019,23.13006
1785122994,26.57282,85.85794,90,0,234,,1,27.18938,26.51246,23.16393
1785122994,26.54345,85.66262,90,0,234,,1,27.22325,26.41106,23.0962
1785122995,26.61288,85.55733,90,0,234,,1,27.18938,26.47879,23.13006
1785122996,26.58618,85.58938,90,0,234,,1,27.25711,26.44473,23.16393
1785122996,26.5568,85.35592,90,0,234,,1,27.25711,26.58019,23.16393
1785122997,26.5301,85.24605,90,0,234,,1,27.12165,26.44473,23.02867
1785122998,26.5301,85.08125,90,0,235,,1,27.35871,26.51246,23.16393
1785122998,26.51675,84.91188,90,0,234,,1,27.18938,26.44473,22.96113
1785122999,26.57282,84.90578,90,0,234,,1,27.22325,26.68159,23.06253
1785123000,26.50072,84.74097,90,0,234,,1,27.22325,26.58019,23.13006
1785123000,26.58618,84.74555,90,0,234,,1,27.29098,26.44473,23.13006
1785123001,26.5568,84.64484,90,0,234,,1,27.18938,26.47879,23.0962
1785123002,26.5568,84.3534,90,0,234,,1,27.35871,26.41106,23.16393
1785123003,26.58618,84.23743,90,0,234,,1,27.18938,26.41106,23.06253
1785123003,26.51675,84.23895,90,0,234,,1,27.15551,26.44473,23.0962
1785123004,26.54345,84.11383,90,0,234,,1,27.12165,26.44473,23.16393
1785123005,26.5301,84.08789,90,0,234,,1,27.29098,26.51246,23.02867
1785123005,26.5301,84.2649,90,0,234,,1,27.22325,26.47879,22.9948
1785123006,26.57282,84.17334,90,0,234,,1,27.25711,26.61406,23.06253
1785123007,26.51675,84.0238,90,0,234,,1,27.25711,26.58019,23.0962
1785123007,26.57282,83.95514,90,0,234,,1,27.35871,26.54632,23.06253
1785123008,26.59953,84.04669,90,0,234,,1,27.22325,26.54632,23.0962
1785123009,26.48737,83.96277,90,0,234,,1,27.42644,26.58019,23.0962
1785123009,26.57282,84.07874,90,0,234,,1,27.25711,26.47879,22.9948
1785123010,26.51675,83.97192,90,0,233,,1,27.18938,26.44473,23.0962
1785123011,26.5568,83.90936,90,0,233,,1,27.12165,26.47879,23.0962
1785123011,26.5568,83.88953,90,0,234,,1,27.18938,26.44473,23.02867
1785123012,26.54345,83.99939,90,0,234,,1,27.22325,26.58019,23.13006
1785123013,26.48737,83.88037,90,0,234,,1,27.25711,26.61406,22.9948
1785123013,26.51675,83.86816,90,0,234,,1,27.25711,26.47879,23.06253
1785123014,26.5568,83.93988,90,0,234,,1,27.32484,26.61406,23.23146
1785123015,26.5301,83.91241,90,0,234,,1,27.25711,26.58019,23.16393
1785123015,26.5568,84.00397,90,0,234,,1,27.18938,26.58019,23.0962
1785123016,26.48737,83.78882,90,0,234,,1,27.39258,26.54632,23.13006
1785123017,26.5301,83.89105,90,0,234,,1,27.15551,26.54632,23.06253
1785123017,26.58618,83.95972,90,0,234,,1,27.12165,26.51246,23.06253
1785123018,26.48737,83.99481,90,0,234,,1,27.22325,26.54632,22.96113
1785123019,26.5568,83.88953,90,0,234,,1,27.22325,26.54632,23.0962
1785123020,26.6289,84.07416,90,0,234,,1,27.25711,26.54632,23.13006
1785123020,26.51675,84.00397,90,0,233,,1,27.25711,26.44473,22.9948
1785123021,26.5568,84.03601,90,0,234,,1,27.29098,26.30946,23.16393
1785123022,26.5568,83.90936,90,0,234,,1,27.22325,26.34333,23.02867
1785123022,26.5568,83.95056,90,0,235,,1,27.22325,26.41106,22.9948
1785123023,26.48737,83.91241,90,0,234,,1,27.18938,26.44473,23.0962
1785123024,26.61288,84.00854,90,0,234,,1,27.12165,26.61406,23.06253
1785123024,26.54345,83.90479,90,0,234,,1,27.29098,26.58019,23.0962
1785123025,26.5568,84.0238,90,0,234,,1,27.29098,26.47879,23.13006
1785123026,26.51675,83.93988,90,0,234,,1,27.18938,26.47879,23.13006
1785123026,26.59953,83.93073,90,0,234,,1,27.22325,26.47879,23.1978
1785123027,26.51675,84.0238,90,0,234,,1,27.25711,26.58019,23.0962
1785123028,26.48737,84.03601,90,0,234,,1,27.15551,26.34333,23.0962
1785123028,26.58618,84.22827,90,0,234,,1,27.18938,26.51246,23.0962
1785123029,26.54345,84.19318,90,0,234,,1,27.22325,26.44473,22.9948
1785123030,26.58618,84.34272,90,0,234,,1,27.25711,26.37719,23.02867
1785123030,26.5568,84.32441,90,0,234,,1,27.29098,26.51246,23.13006
1785123031,26.58618,84.62196,90,0,234,,1,27.12165,26.51246,23.02867
1785123032,26.5568,84.66315,90,0,234,,1,27.15551,26.54632,23.06253
1785123032,26.5301,85.02937,90,0,234,,1,27.29098,26.47879,23.0962
1785123033,26.54345,85.31014,90,0,234,,1,27.22325,26.37719,23.0962
1785123034,26.59953,85.40017,90,0,234,,1,27.29098,26.58019,23.02867
1785123034,26.5301,85.49325,90,0,234,,1,27.25711,26.44473,23.02867
1785123035,26.57282,85.60769,90,0,234,,1,27.32484,26.44473,23.06253
1785123036,26.59953,85.90524,90,0,234,,1,27.18938,26.34333,23.0962
1785123037,26.59953,85.92661,90,0,234,,1,27.22325,26.54632,23.02867
1785123037,26.59953,86.07919,90,0,234,,1,27.32484,26.44473,23.0962
1785123038,26.59953,85.9678,90,0,234,,1,27.12165,26.44473,22.9948
1785123039,26.5301,85.99069,90,0,234,,1,27.22325,26.47879,23.06253
1785123039,26.6743,86.15244,90,0,234,,1,27.15551,26.47879,23.02867
1785123040,26.61288,86.13718,90,0,234,,1,27.35871,26.37719,23.13006
1785123041,26.5568,86.07919,90,0,234,,1,27.12165,26.64792,23.06253
1785123041,26.57282,86.04257,90,0,234,,1,27.22325,26.64792,23.13006
1785123042,26.54345,85.93118,90,0,234,,1,27.25711,26.51246,23.06253
1785123043,26.59953,86.10208,90,0,234,,1,27.18938,26.47879,22.9948
1785123043,26.61288,86.09598,90,0,234,,1,27.35871,26.24193,23.0962
1785123044,26.6743,86.31724,90,0,234,,1,27.29098,26.44473,23.06253
1785123045,26.6556,86.39506,90,0,234,,1,27.25711,26.47879,23.0962
1785123045,26.61288,86.40421,90,0,234,,1,27.22325,26.58019,23.0962
1785123046,26.57282,86.47746,90,0,234,,1,27.35871,26.51246,23.0962
1785123047,26.57282,86.41337,90,0,234,,1,27.12165,26.47879,22.96113
1785123047,26.50072,86.31266,90,0,234,,1,27.18938,26.47879,23.13006
1785123048,26.51675,86.02731,90,0,234,,1,27.29098,26.47879,23.0962
1785123049,26.68765,85.87778,90,0,234,,1,27.22325,26.41106,23.16393
1785123049,26.59953,85.69924,90,0,234,,1,27.25711,26.64792,23.06253
1785123050,26.5568,85.43832,90,0,234,,1,27.25711,26.58019,23.0962
1785123051,26.5568,85.36813,90,0,234,,1,27.25711,26.44473,22.9948
1785123051,26.58618,85.08583,90,0,234,,1,27.22325,26.44473,23.0962
1785123052,26.57282,84.93782,90,0,234,,1,27.35871,26.47879,23.16393
1785123053,26.51675,84.68299,90,0,234,,1,27.18938,26.44473,23.13006
1785123054,26.50072,84.54566,90,0,234,,1,27.12165,26.44473,22.9948
1785123054,26.5301,84.37629,90,0,234,,1,27.18938,26.47879,23.13006
1785123055,26.5568,84.26032,90,0,234,,1,27.32484,26.37719,23.16393
1785123056,26.57282,84.1001,90,0,234,,1,27.35871,26.41106,23.06253
1785123056,26.59953,84.02686,90,0,234,,1,27.18938,26.41106,23.16393
1785123057,26.48737,83.83917,90,0,234,,1,27.25711,26.51246,23.0962
1785123058,26.51675,83.79492,90,0,234,,1,27.15551,26.47879,23.0962
1785123058,26.54345,83.72015,90,0,234,,1,27.12165,26.37719,23.0962
1785123059,26.61288,83.62554,90,0,234,,1,27.35871,26.51246,23.06253
1785123060,26.458,83.64385,90,0,234,,1,27.18938,26.37719,23.02867
1785123060,26.58618,83.64843,90,0,234,,1,27.39258,26.44473,23.06253
1785123061,26.50072,83.39971,90,0,234,,1,27.15551,26.51246,23.13006
1785123062,26.6289,83.49584,90,0,234,,1,27.25711,26.34333,23.06253
1785123062,26.5568,83.38293,90,0,235,,1,27.29098,26.34333,23.16393
1785123063,26.57282,83.40887,90,0,234,,1,27.35871,26.51246,23.06253
1785123064,26.58618,83.39056,90,0,234,,1,27.22325,26.37719,23.16393
1785123064,26.5568,83.37225,90,0,234,,1,27.18938,26.64792,23.16393
1785123065,26.48737,83.32189,90,0,233,,1,27.22325,26.44473,23.06253
1785123066,26.47402,83.10216,90,0,234,,1,27.08778,26.58019,23.06253
1785123066,26.61288,83.07927,90,0,234,,1,27.25711,26.44473,23.16393
1785123067,26.5568,83.09453,90,0,234,,1,27.18938,26.51246,23.06253
1785123068,26.57282,83.14946,90,0,234,,1,27.22325,26.47879,23.13006
1785123068,26.54345,83.26391,90,0,234,,1,27.25711,26.47879,23.06253
1785123069,26.57282,83.17082,90,0,234,,1,27.15551,26.47879,23.13006
1785123070,26.5301,83.13878,90,0,234,,1,27.32484,26.47879,23.13006
1785123071,26.61288,83.02586,90,0,234,,1,27.22325,26.54632,23.13006
1785123071,26.5301,83.17998,90,0,234,,1,27.08778,26.37719,23.06253
1785123072,26.5301,83.03502,90,0,234,,1,27.32484,26.54632,23.13006
1785123073,26.61288,83.14946,90,0,234,,1,27.25711,26.54632,23.02867
1785123073,26.47402,82.89616,90,0,234,,1,27.15551,26.51246,23.1978
1785123074,26.57282,83.02586,90,0,234,,1,27.25711,26.37719,23.13006
1785123075,26.5301,83.09758,90,0,234,,1,27.25711,26.54632,23.16393
1785123075,26.59953,83.10674,90,0,234,,1,27.35871,26.44473,22.9948
1785123076,26.57282,83.00603,90,0,234,,1,27.12165,26.58019,23.06253
1785123077,26.64225,83.11742,90,0,234,,1,27.22325,26.44473,23.0962
1785123077,26.5568,83.0106,90,0,234,,1,27.35871,26.64792,23.06253
1785123078,26.61288,83.06706,90,0,234,,1,27.25711,26.47879,22.96113
1785123079,26.5301,83.01518,90,0,234,,1,27.46011,26.47879,23.06253
1785123079,26.58618,83.19524,90,0,234,,1,27.12165,26.51246,23.16393
1785123080,26.6289,83.11284,90,0,234,,1,27.22325,26.37719,23.16393
1785123081,26.51675,83.16624,90,0,234,,1,27.12165,26.54632,23.0962
1785123081,26.54345,83.24559,90,0,234,,1,27.32484,26.44473,23.02867
1785123082,26.57282,83.26391,90,0,234,,1,27.18938,26.44473,23.16393
1785123083,26.59953,83.28985,90,0,234,,1,27.25711,26.54632,22.96113
1785123083,26.6289,83.30816,90,0,234,,1,27.25711,26.51246,23.06253
1785123084,26.51675,83.2578,90,0,234,,1,27.42644,26.58019,23.02867
1785123085,26.57282,83.34631,90,0,234,,1,27.18938,26.61406,23.13006
1785123085,26.54345,83.30511,90,0,234,,1,27.35871,26.37719,23.02867
1785123086,26.61288,83.4287,90,0,234,,1,27.12165,26.58019,23.06253
1785123087,26.64225,83.30053,90,0,234,,1,27.22325,26.34333,23.02867
1785123087,26.59953,83.42718,90,0,234,,1,27.05412,26.41106,23.0962
1785123088,26.54345,83.36919,90,0,234,,1,27.25711,26.41106,23.02867
1785123089,26.64225,83.17693,90,0,234,,1,27.22325,26.44473,23.06253
1785123090,26.5568,83.34173,90,0,234,,1,27.12165,26.51246,23.0962
1785123090,26.59953,83.28069,90,0,234,,1,27.25711,26.41106,23.0962
1785123091,26.50072,83.16167,90,0,234,,1,27.32484,26.47879,23.06253
1785123092,26.51675,83.12199,90,0,234,,1,27.22325,26.58019,23.06253
1785123092,26.61288,83.15862,90,0,235,,1,27.35871,26.44473,23.1978
1785123093,26.61288,83.12047,90,0,234,,1,27.25711,26.54632,23.06253
1785123094,26.51675,83.1342,90,0,234,,1,27.15551,26.54632,23.02867
1785123094,26.57282,83.10826,90,0,234,,1,27.29098,26.51246,23.13006
1785123095,26.54345,83.13115,90,0,234,,1,27.22325,26.41106,23.06253
1785123096,26.61288,83.04723,90,0,234,,1,27.29098,26.54632,23.13006
1785123096,26.58618,82.97551,90,0,234,,1,27.22325,26.51246,23.06253
1785123097,26.5301,83.03502,90,0,234,,1,27.22325,26.47879,23.13006
1785123098,26.5301,82.99229,90,0,234,,1,27.32484,26.47879,23.13006
1785123098,26.59953,83.15709,90,0,234,,1,27.29098,26.47879,23.13006
1785123099,26.59953,82.85649,90,0,234,,1,27.18938,26.61406,23.16393
1785123100,26.58618,82.89616,90,0,234,,1,27.25711,26.51246,23.06253
1785123100,26.61288,83.13878,90,0,234,,1,27.18938,26.64792,22.96113
1785123101,26.59953,83.03349,90,0,234,,1,27.15551,26.61406,23.23146
1785123102,26.5301,83.06554,90,0,234,,1,27.29098,26.44473,23.13006
1785123102,26.61288,83.21202,90,0,235,,1,27.39258,26.51246,23.13006
1785123103,26.59953,83.32189,90,0,234,,1,27.15551,26.58019,23.0962
1785123104,26.59953,83.27154,90,0,234,,1,27.32484,26.41106,23.13006
1785123104,26.54345,83.39056,90,0,234,,1,27.22325,26.47879,23.06253
1785123105,26.58618,83.40124,90,0,234,,1,27.25711,26.51246,23.0962
1785123106,26.59953,83.48669,90,0,234,,1,27.12165,26.44473,23.06253
1785123107,26.54345,83.49279,90,0,234,,1,27.15551,26.34333,23.02867
1785123107,26.61288,83.5111,90,0,234,,1,27.22325,26.41106,23.16393
1785123108,26.48737,83.51873,90,0,234,,1,27.18938,26.34333,23.1978
1785123109,26.54345,83.55535,90,0,234,,1,27.25711,26.54632,23.13006
1785123109,26.5568,83.57824,90,0,234,,1,27.15551,26.41106,23.0962
1785123110,26.57282,83.5935,90,0,234,,1,27.29098,26.51246,23.0962
1785123111,26.59953,83.65301,90,0,234,,1,27.22325,26.44473,23.06253
1785123111,26.51675,83.65148,90,0,234,,1,27.25711,26.47879,23.0962
1785123112,26.58618,83.60723,90,0,234,,1,27.35871,26.41106,23.16393
1785123113,26.58618,83.66064,90,0,234,,1,27.32484,26.44473,23.06253
1785123113,26.57282,83.71709,90,0,234,,1,27.32484,26.51246,23.1978
1785123114,26.51675,83.65148,90,0,234,,1,27.25711,26.47879,23.0962
1785123115,26.61288,83.81171,90,0,234,,1,27.22325,26.64792,23.06253
1785123115,26.5568,83.76593,90,0,234,,1,27.25711,26.61406,23.13006
1785123116,26.57282,83.7583,90,0,234,,1,27.15551,26.44473,23.13006
1785123117,26.58618,83.89563,90,0,234,,1,27.15551,26.24193,23.16393
1785123117,26.64225,84.02686,90,0,234,,1,27.18938,26.41106,23.0962
1785123118,26.61288,83.84375,90,0,234,,1,27.32484,26.47879,23.0962
1785123119,26.57282,84.03754,90,0,234,,1,27.35871,26.51246,23.0962
1785123119,26.6289,84.16876,90,0,234,,1,27.12165,26.61406,23.13006
1785123120,26.58618,84.26948,90,0,234,,1,27.12165,26.41106,23.0962
1785123121,26.59953,84.49989,90,0,234,,1,27.29098,26.47879,23.02867
1785123121,26.75708,84.64637,90,0,234,,1,27.15551,26.47879,23.16393
1785123122,26.701,84.78676,90,0,234,,1,27.22325,26.54632,23.16393
1785123123,26.57282,85.06142,90,0,234,,1,27.15551,26.47879,23.0962
1785123124,26.6556,85.2079,90,0,234,,1,27.35871,26.37719,23.16393
1785123124,26.68765,85.32845,90,0,234,,1,27.18938,26.44473,23.06253
1785123125,26.54345,85.4963,90,0,234,,1,27.18938,26.41106,23.0962
1785123126,26.58618,85.46578,90,0,234,,1,27.29098,26.47879,23.13006
1785123126,26.50072,85.5375,90,0,234,,1,27.32484,26.51246,23.13006
1785123127,26.5568,85.52071,90,0,234,,1,27.25711,26.51246,23.06253
1785123128,26.74372,85.626,90,0,234,,1,27.15551,26.54632,23.02867
1785123128,26.71435,85.76181,90,0,234,,1,27.25711,26.54632,23.06253
1785123129,26.59953,85.75876,90,0,234,,1,27.22325,26.44473,23.06253
1785123130,26.59953,85.84421,90,0,234,,1,27.29098,26.58019,23.06253
1785123130,26.6743,85.86404,90,0,234,,1,27.18938,26.54632,23.0962
1785123131,26.64225,85.8259,90,0,234,,1,27.25711,26.41106,23.0962
1785123132,26.57282,85.96017,90,0,234,,1,27.18938,26.51246,23.02867
1785123132,26.51675,85.9968,90,0,235,,1,27.22325,26.64792,23.06253
1785123133,26.57282,86.04257,90,0,234,,1,27.29098,26.44473,23.02867
1785123134,26.701,86.23331,90,0,234,,1,27.18938,26.54632,23.06253
1785123134,26.59953,86.24704,90,0,234,,1,27.29098,26.47879,22.9948
1785123135,26.5568,86.30656,90,0,234,,1,27.18938,26.30946,23.0962
1785123136,26.6289,86.38895,90,0,234,,1,27.22325,26.44473,23.0962
1785123136,26.57282,86.51713,90,0,234,,1,27.05412,26.41106,23.0962
1785123137,26.64225,86.63157,90,0,234,,1,27.22325,26.44473,23.0962
1785123138,26.61288,86.54917,90,0,234,,1,27.25711,26.47879,23.02867
1785123138,26.57282,86.65141,90,0,234,,1,27.18938,26.44473,23.13006
1785123139,26.6556,86.62394,90,0,234,,1,27.29098,26.34333,23.13006
1785123140,26.57282,86.58121,90,0,234,,1,27.15551,26.51246,22.9948
1785123141,26.59953,86.66972,90,0,234,,1,27.29098,26.54632,23.06253
1785123141,26.68765,86.61021,90,0,234,,1,27.22325,26.54632,23.02867
1785123142,26.6289,86.4622,90,0,234,,1,27.22325,26.58019,23.1978
1785123143,26.61288,86.48966,90,0,234,,1,27.35871,26.68159,23.13006
1785123143,26.54345,86.40726,90,0,234,,1,27.29098,26.51246,23.0962
1785123144,26.61288,86.26078,90,0,234,,1,27.35871,26.47879,23.02867
1785123145,26.58618,86.28367,90,0,234,,1,27.22325,26.41106,23.0962
1785123145,26.59953,86.23483,90,0,234,,1,27.22325,26.51246,23.06253
1785123146,26.6743,86.18448,90,0,234,,1,27.12165,26.37719,23.0962
1785123147,26.57282,86.23788,90,0,234,,1,27.32484,26.44473,23.13006
1785123147,26.51675,86.12039,90,0,234,,1,27.18938,26.37719,23.13006
1785123148,26.48737,85.9678,90,0,234,,1,27.25711,26.41106,23.0962
1785123149,26.59953,85.90524,90,0,234,,1,27.25711,26.41106,23.13006
1785123149,26.59953,85.77097,90,0,234,,1,27.29098,26.54632,23.02867
1785123150,26.58618,85.72671,90,0,234,,1,27.12165,26.47879,23.06253
1785123151,26.58618,85.64278,90,0,234,,1,27.32484,26.51246,23.0962
1785123151,26.61288,85.58938,90,0,234,,1,27.29098,26.61406,22.9948
1785123152,26.51675,85.46883,90,0,234,,1,27.22325,26.58019,23.06253
1785123153,26.57282,85.32845,90,0,234,,1,27.32484,26.37719,23.13006
1785123153,26.5301,85.26437,90,0,234,,1,27.32484,26.30946,23.0962
1785123154,26.5568,85.27352,90,0,234,,1,27.29098,26.54632,23.06253
1785123155,26.57282,85.28725,90,0,234,,1,27.25711,26.44473,23.0962
1785123155,26.57282,85.05226,90,0,234,,1,27.29098,26.51246,23.06253
1785123156,26.59953,85.09956,90,0,234,,1,27.22325,26.37719,23.16393
1785123157,26.50072,85.0309,90,0,234,,1,27.12165,26.47879,23.0962
1785123157,26.458,84.95613,90,0,234,,1,27.15551,26.47879,23.06253
1785123158,26.59953,84.96529,90,0,234,,1,27.29098,26.37719,22.96113
1785123159,26.50072,84.82338,90,0,234,,1,27.22325,26.51246,23.13006
1785123160,26.5568,84.87984,90,0,234,,1,27.15551,26.47879,23.06253
1785123160,26.5301,84.89357,90,0,234,,1,27.18938,26.47879,22.9948
1785123161,26.5568,84.67384,90,0,234,,1,27.29098,26.58019,23.13006
1785123162,26.61288,84.74097,90,0,234,,1,27.32484,26.34333,23.0962
1785123162,26.58618,84.73335,90,0,234,,1,27.25711,26.37719,22.9948
1785123163,26.48737,84.84169,90,0,234,,1,27.15551,26.41106,23.13006
1785123164,26.57282,84.83253,90,0,234,,1,27.15551,26.61406,23.0962
1785123164,26.5301,84.99733,90,0,234,,1,27.29098,26.58019,23.16393
1785123165,26.58618,84.87831,90,0,234,,1,27.18938,26.51246,23.06253
1785123166,26.6556,85.07515,90,0,234,,1,27.32484,26.54632,23.0962
1785123166,26.6556,85.25979,90,0,234,,1,27.29098,26.30946,23.0962
1785123167,26.68765,85.54665,90,0,234,,1,27.18938,26.51246,23.02867
1785123168,26.54345,85.69314,90,0,234,,1,27.15551,26.44473,23.0962
1785123168,26.6289,85.92355,90,0,234,,1,27.29098,26.44473,23.02867
1785123169,26.6289,86.15091,90,0,234,,1,27.15551,26.58019,23.16393
1785123170,26.61288,86.01358,90,0,234,,1,27.18938,26.44473,23.02867
1785123170,26.54345,86.28367,90,0,234,,1,27.22325,26.51246,23.16393
1785123171,26.58618,86.03647,90,0,234,,1,27.18938,26.41106,23.16393
1785123172,26.58618,86.24246,90,0,234,,1,27.18938,26.51246,23.16393
1785123172,26.5568,86.1326,90,0,235,,1,27.35871,26.41106,23.0962
1785123173,26.59953,86.11124,90,0,234,,1,27.22325,26.44473,23.16393
1785123174,26.51675,86.0563,90,0,234,,1,27.18938,26.51246,23.0962
1785123174,26.6289,86.00595,90,0,234,,1,27.25711,26.47879,23.0962
1785123175,26.5301,85.72213,90,0,234,,1,27.15551,26.34333,23.0962
1785123176,26.58618,85.67483,90,0,234,,1,27.29098,26.64792,23.13006
1785123177,26.5568,85.66567,90,0,234,,1,27.25711,26.37719,23.13006
1785123177,26.5568,85.37728,90,0,234,,1,27.25711,26.41106,23.02867
1785123178,26.58618,85.11787,90,0,234,,1,27.18938,26.51246,23.1978
1785123179,26.61288,84.97902,90,0,234,,1,27.22325,26.41106,23.16393
1785123179,26.58618,84.79591,90,0,234,,1,27.25711,26.68159,23.0962
1785123180,26.59953,84.68604,90,0,234,,1,27.22325,26.51246,23.0962
1785123181,26.5301,84.61433,90,0,234,,1,27.39258,26.68159,23.0962
1785123181,26.51675,84.44801,90,0,234,,1,27.12165,26.37719,23.06253
1785123182,26.5301,84.25269,90,0,234,,1,27.18938,26.44473,23.13006
1785123183,26.57282,84.30762,90,0,235,,1,27.25711,26.54632,23.16393
1785123183,26.48737,84.12909,90,0,234,,1,27.22325,26.51246,23.23146
1785123184,26.61288,84.14282,90,0,234,,1,27.18938,26.41106,22.96113
1785123185,26.48737,84.07721,90,0,234,,1,27.35871,26.47879,23.0962
1785123185,26.5301,83.98566,90,0,234,,1,27.22325,26.54632,23.06253
1785123186,26.51675,83.90936,90,0,234,,1,27.25711,26.47879,23.02867
1785123187,26.51675,83.99176,90,0,234,,1,27.12165,26.51246,23.16393
1785123187,26.54345,83.76135,90,0,234,,1,27.29098,26.51246,23.06253
1785123188,26.6289,83.61944,90,0,234,,1,27.22325,26.47879,22.9948
1785123189,26.58618,83.68963,90,0,234,,1,27.18938,26.37719,23.13006
1785123189,26.5568,83.55993,90,0,234,,1,27.25711,26.44473,23.0962
1785123190,26.61288,83.65606,90,0,234,,1,27.18938,26.58019,23.0962
1785123191,26.54345,83.55535,90,0,234,,1,27.22325,26.41106,23.02867
1785123191,26.50072,83.56451,90,0,234,,1,27.25711,26.47879,23.02867
1785123192,26.5568,83.48669,90,0,235,,1,27.12165,26.47879,23.13006
1785123193,26.57282,83.49126,90,0,234,,1,27.25711,26.47879,23.02867
1785123194,26.5301,83.48821,90,0,234,,1,27.32484,26.44473,22.9948
1785123194,26.6743,83.36309,90,0,234,,1,27.12165,26.58019,23.06253
1785123195,26.50072,83.49126,90,0,234,,1,27.29098,26.54632,23.0962
1785123196,26.5568,83.34173,90,0,234,,1,27.18938,26.58019,23.06253
1785123196,26.54345,83.40124,90,0,234,,1,27.22325,26.51246,23.06253
1785123197,26.59953,83.36309,90,0,234,,1,27.18938,26.47879,23.13006
1785123198,26.48737,83.37377,90,0,234,,1,27.25711,26.41106,23.0962
1785123198,26.51675,83.35088,90,0,234,,1,27.39258,26.44473,23.16393
1785123199,26.61288,83.28222,90,0,234,,1,27.15551,26.64792,23.06253
1785123200,26.48737,83.35394,90,0,234,,1,27.18938,26.51246,23.06253
1785123200,26.59953,83.23033,90,0,234,,1,27.35871,26.37719,23.13006
1785123201,26.58618,83.31884,90,0,234,,1,27.22325,26.54632,23.13006
1785123202,26.48737,83.27154,90,0,234,,1,27.22325,26.54632,23.06253
1785123202,26.54345,83.28527,90,0,234,,1,27.25711,26.47879,23.02867
1785123203,26.64225,83.25017,90,0,234,,1,27.18938,26.47879,23.02867
1785123204,26.5568,83.23949,90,0,234,,1,27.25711,26.41106,23.06253
1785123204,26.5568,83.28985,90,0,234,,1,27.32484,26.51246,23.13006
1785123205,26.59953,83.35394,90,0,234,,1,27.29098,26.74932,22.9948
1785123206,26.47402,83.24559,90,0,234,,1,27.18938,26.54632,23.06253
1785123206,26.58618,83.2578,90,0,234,,1,27.22325,26.44473,23.16393
1785123207,26.48737,83.35394,90,0,234,,1,27.42644,26.54632,23.06253
1785123208,26.48737,83.47753,90,0,234,,1,27.18938,26.51246,23.0962
1785123208,26.48737,83.42413,90,0,233,,1,27.22325,26.47879,22.9948
1785123209,26.5301,83.45922,90,0,234,,1,27.29098,26.47879,22.9948
1785123210,26.5568,83.43328,90,0,234,,1,27.32484,26.47879,23.13006
1785123211,26.51675,83.61028,90,0,234,,1,27.18938,26.58019,23.06253
1785123211,26.51675,83.63012,90,0,234,,1,27.22325,26.41106,23.13006
1785123212,26.58618,83.73388,90,0,234,,1,27.15551,26.51246,23.02867
1785123213,26.54345,83.76135,90,0,234,,1,27.15551,26.44473,22.9948
1785123213,26.54345,83.77203,90,0,234,,1,27.35871,26.51246,23.16393
1785123214,26.51675,83.61944,90,0,234,,1,27.22325,26.47879,23.0962
1785123215,26.47402,83.53704,90,0,234,,1,27.22325,26.47879,23.0962
1785123215,26.59953,83.70641,90,0,234,,1,27.02005,26.51246,23.06253
1785123216,26.5568,83.64233,90,0,234,,1,27.25711,26.41106,23.13006
1785123217,26.50072,83.62554,90,0,234,,1,27.32484,26.47879,23.0962
1785123217,26.51675,83.44244,90,0,234,,1,27.18938,26.41106,23.13006
1785123218,26.57282,83.39666,90,0,234,,1,27.12165,26.51246,23.23146
1785123219,26.48737,83.47753,90,0,234,,1,27.15551,26.51246,23.13006
1785123219,26.61288,83.60265,90,0,233,,1,27.22325,26.54632,22.9948
1785123220,26.51675,83.61028,90,0,234,,1,27.15551,26.41106,23.16393
1785123221,26.54345,83.47295,90,0,234,,1,27.29098,26.47879,23.02867
1785123221,26.47402,83.51568,90,0,234,,1,27.22325,26.58019,23.13006
1785123222,26.5301,83.50042,90,0,234,,1,27.25711,26.47879,22.9948
1785123223,26.58618,83.62859,90,0,234,,1,27.25711,26.54632,23.0962
1785123223,26.58618,83.63927,90,0,234,,1,27.08778,26.47879,23.16393
1785123224,26.50072,83.4699,90,0,234,,1,27.25711,26.41106,23.06253
1785123225,26.54345,83.5462,90,0,234,,1,27.46011,26.58019,23.0962
1785123225,26.50072,83.41802,90,0,234,,1,27.29098,26.51246,23.13006
1785123226,26.5301,83.6759,90,0,234,,1,27.18938,26.51246,23.06253
1785123227,26.59953,83.49737,90,0,234,,1,27.18938,26.47879,23.06253
1785123228,26.58618,83.62859,90,0,234,,1,27.29098,26.41106,23.06253
1785123228,26.458,83.64385,90,0,234,,1,27.25711,26.51246,23.13006
1785123229,26.58618,83.64843,90,0,234,,1,27.25711,26.44473,22.9948
1785123230,26.57282,83.69726,90,0,234,,1,27.22325,26.41106,23.16393
1785123230,26.51675,83.81628,90,0,234,,1,27.15551,26.51246,23.02867
1785123231,26.58618,83.62859,90,0,234,,1,27.22325,26.41106,23.0962
1785123232,26.59953,83.69421,90,0,234,,1,27.29098,26.37719,23.16393
1785123232,26.54345,83.83459,90,0,235,,1,27.25711,26.47879,23.06253
1785123233,26.5301,83.82086,90,0,234,,1,27.15551,26.54632,23.02867
1785123234,26.61288,83.86359,90,0,234,,1,27.29098,26.37719,23.1978
1785123234,26.5568,83.91852,90,0,234,,1,27.15551,26.51246,23.06253
1785123235,26.59953,83.80713,90,0,234,,1,27.22325,26.44473,23.02867
1785123236,26.58618,84.01007,90,0,234,,1,27.18938,26.51246,23.06253
1785123236,26.50072,84.04974,90,0,234,,1,27.29098,26.54632,23.16393
1785123237,26.57282,84.00854,90,0,234,,1,27.32484,26.51246,23.13006
1785123238,26.54345,84.14282,90,0,234,,1,27.22325,26.51246,23.0962
1785123238,26.61288,84.22369,90,0,234,,1,27.22325,26.54632,23.02867
1785123239,26.57282,84.22369,90,0,234,,1,27.15551,26.54632,23.0962
1785123240,26.5568,84.2298,90,0,234,,1,27.25711,26.44473,23.0962
1785123240,26.5568,84.36256,90,0,234,,1,27.22325,26.41106,23.0962
1785123241,26.54345,84.51362,90,0,233,,1,27.39258,26.44473,22.9948
1785123242,26.5568,84.3534,90,0,234,,1,27.29098,26.47879,23.02867
1785123242,26.59953,84.20081,90,0,235,,1,27.25711,26.44473,23.06253
1785123243,26.6289,84.21912,90,0,234,,1,27.29098,26.37719,23.02867
1785123244,26.57282,84.1413,90,0,234,,1,27.18938,26.51246,23.0962
1785123245,26.59953,84.15045,90,0,234,,1,27.22325,26.47879,23.13006
1785123245,26.6556,84.10162,90,0,234,,1,27.25711,26.54632,23.0962
1785123246,26.58618,84.14587,90,0,234,,1,27.05412,26.30946,23.02867
1785123247,26.59953,84.065,90,0,234,,1,27.29098,26.24193,23.0962
1785123247,26.5301,83.99634,90,0,234,,1,27.18938,26.47879,23.16393
1785123248,26.54345,83.92615,90,0,234,,1,27.18938,26.51246,23.06253
1785123249,26.57282,83.95514,90,0,234,,1,27.22325,26.44473,23.02867
1785123249,26.61288,83.98718,90,0,234,,1,27.22325,26.47879,23.06253
1785123250,26.5301,83.91241,90,0,234,,1,27.32484,26.47879,23.13006
1785123251,26.59953,83.90021,90,0,234,,1,27.25711,26.44473,23.1978
1785123251,26.61288,83.88495,90,0,234,,1,27.15551,26.47879,23.06253
1785123252,26.58618,83.83459,90,0,233,,1,27.15551,26.44473,23.06253
1785123253,26.57282,83.81171,90,0,234,,1,27.29098,26.44473,23.0962
1785123253,26.51675,83.72167,90,0,234,,1,27.22325,26.61406,23.13006
1785123254,26.47402,83.71099,90,0,234,,1,27.32484,26.54632,23.0962
1785123255,26.51675,83.79492,90,0,234,,1,27.22325,26.34333,23.0962
1785123255,26.5568,83.76593,90,0,234,,1,27.05412,26.47879,23.13006
1785123256,26.59953,83.7354,90,0,234,,1,27.25711,26.44473,23.06253
1785123257,26.6556,83.83459,90,0,234,,1,27.25711,26.34333,23.02867
1785123257,26.6556,83.84375,90,0,234,,1,27.18938,26.58019,23.13006
1785123258,26.57282,83.69726,90,0,234,,1,27.15551,26.47879,23.1978
1785123259,26.5301,83.89105,90,0,234,,1,27.25711,26.47879,23.16393
1785123259,26.5301,83.80865,90,0,234,,1,27.32484,26.54632,23.0962
1785123260,26.54345,83.7293,90,0,234,,1,27.25711,26.37719,23.02867
1785123261,26.54345,83.85443,90,0,234,,1,27.18938,26.41106,23.02867
1785123261,26.458,83.79034,90,0,234,,1,27.35871,26.47879,23.23146
1785123262,26.58618,83.87732,90,0,235,,1,27.15551,26.37719,23.02867
1785123263,26.58618,84.01007,90,0,234,,1,27.18938,26.37719,23.13006
1785123264,26.61288,83.83154,90,0,234,,1,27.29098,26.54632,23.0962
1785123264,26.5568,83.82697,90,0,234,,1,27.35871,26.44473,23.0962
1785123265,26.51675,83.81628,90,0,234,,1,27.32484,26.54632,22.96113
1785123266,26.59953,83.94141,90,0,233,,1,27.18938,26.44473,23.02867
1785123266,26.54345,83.95819,90,0,234,,1,27.22325,26.54632,23.0962
1785123267,26.51675,83.80713,90,0,234,,1,27.35871,26.54632,23.13006
1785123268,26.5301,83.7995,90,0,234,,1,27.15551,26.47879,23.06253
1785123268,26.58618,83.88647,90,0,234,,1,27.25711,26.47879,23.16393
1785123269,26.458,83.83154,90,0,234,,1,27.22325,26.41106,23.06253
1785123270,26.61288,83.94598,90,0,233,,1,27.25711,26.54632,23.16393
1785123270,26.59953,84.02686,90,0,234,,1,27.22325,26.47879,23.06253
1785123271,26.58618,84.04211,90,0,234,,1,27.22325,26.54632,23.02867
1785123272,26.5568,84.13672,90,0,234,,1,27.22325,26.44473,23.13006
1785123272,26.6289,84.15656,90,0,234,,1,27.18938,26.61406,23.06253
1785123273,26.5568,84.21912,90,0,234,,1,27.18938,26.47879,23.02867
1785123274,26.59953,84.31525,90,0,234,,1,27.29098,26.47879,22.9948
1785123274,26.59953,84.42664,90,0,234,,1,27.29098,26.44473,23.13006
1785123275,26.57282,84.55482,90,0,234,,1,27.29098,26.68159,22.9948
1785123276,26.58618,84.66315,90,0,234,,1,27.18938,26.58019,23.16393
1785123276,26.50072,84.65858,90,0,234,,1,27.25711,26.44473,23.06253
1785123277,26.6743,84.99428,90,0,234,,1,27.22325,26.44473,23.0962
1785123278,26.6556,85.0309,90,0,234,,1,27.22325,26.51246,23.13006
1785123278,26.59953,85.02632,90,0,234,,1,27.22325,26.41106,23.06253
1785123279,26.59953,85.24452,90,0,234,,1,27.22325,26.44473,23.06253
1785123280,26.61288,85.2079,90,0,234,,1,27.22325,26.58019,23.0962
1785123281,26.57282,85.17586,90,0,234,,1,27.08778,26.54632,23.13006
1785123281,26.61288,85.1545,90,0,234,,1,27.29098,26.41106,23.02867
1785123282,26.71435,85.14076,90,0,234,,1,27.32484,26.51246,22.9948
1785123283,26.61288,85.26894,90,0,234,,1,27.22325,26.51246,23.06253
1785123283,26.58618,85.42764,90,0,234,,1,27.29098,26.54632,23.0962
1785123284,26.5568,85.39712,90,0,234,,1,27.25711,26.61406,22.9948
1785123285,26.5301,85.48257,90,0,234,,1,27.35871,26.47879,22.9948
1785123285,26.68765,85.4963,90,0,234,,1,27.39258,26.44473,23.0962
1785123286,26.68765,85.62905,90,0,234,,1,27.29098,26.41106,23.02867
1785123287,26.58618,85.66262,90,0,234,,1,27.25711,26.44473,23.06253
1785123287,26.57282,85.69314,90,0,234,,1,27.29098,26.61406,23.13006
1785123288,26.59953,85.67941,90,0,234,,1,27.42644,26.44473,23.02867
1785123289,26.58618,85.58938,90,0,234,,1,27.18938,26.37719,23.06253
1785123289,26.58618,85.62142,90,0,234,,1,27.29098,26.41106,23.13006
1785123290,26.5301,85.59701,90,0,234,,1,27.32484,26.47879,23.13006
1785123291,26.58618,85.51919,90,0,234,,1,27.25711,26.54632,23.0962
1785123291,26.64225,85.55581,90,0,234,,1,27.15551,26.54632,23.06253
1785123292,26.5568,85.42764,90,0,234,,1,27.42644,26.41106,23.02867
1785123293,26.57282,85.44289,90,0,234,,1,27.25711,26.44473,23.13006
1785123293,26.6556,85.52834,90,0,234,,1,27.32484,26.61406,23.16393
1785123294,26.6556,85.35134,90,0,234,,1,27.25711,26.51246,23.0962
1785123295,26.57282,85.39254,90,0,234,,1,27.22325,26.44473,23.02867
1785123295,26.6289,85.27352,90,0,233,,1,27.22325,26.47879,23.06253
1785123296,26.48737,85.13008,90,0,234,,1,27.18938,26.51246,23.13006
1785123297,26.57282,85.0721,90,0,234,,1,27.25711,26.51246,23.0962
1785123298,26.6289,85.10872,90,0,234,,1,27.32484,26.54632,23.13006
1785123298,26.61288,84.74097,90,0,234,,1,27.22325,26.47879,23.02867
1785123299,26.5568,84.85085,90,0,233,,1,27.32484,26.47879,23.0962
1785123300,26.59953,84.63569,90,0,234,,1,27.25711,26.54632,23.06253
1785123300,26.58618,84.49836,90,0,234,,1,27.35871,26.54632,23.16393
1785123301,26.54345,84.27863,90,0,234,,1,27.18938,26.54632,23.13006
1785123302,26.64225,84.31525,90,0,234,,1,27.35871,26.41106,23.02867
1785123302,26.51675,84.19775,90,0,235,,1,27.25711,26.41106,23.13006
1785123303,26.5568,84.07416,90,0,234,,1,27.29098,26.41106,23.16393
1785123304,26.58618,84.11383,90,0,234,,1,27.29098,26.47879,23.0962
1785123304,26.59953,84.04669,90,0,234,,1,27.22325,26.44473,23.16393
1785123305,26.59953,84.00397,90,0,234,,1,27.29098,26.54632,23.06253
1785123306,26.58618,83.85748,90,0,234,,1,27.29098,26.34333,23.13006
1785123306,26.5568,83.75372,90,0,234,,1,27.12165,26.54632,23.0962
1785123307,26.58618,83.80408,90,0,234,,1,27.29098,26.41106,23.13006
1785123308,26.61288,83.88495,90,0,234,,1,27.15551,26.51246,23.02867
1785123308,26.58618,83.84528,90,0,234,,1,27.05412,26.47879,22.96113
1785123309,26.61288,83.7995,90,0,234,,1,27.18938,26.51246,23.0962
1785123310,26.61288,83.83154,90,0,233,,1,27.15551,26.54632,23.02867
1785123310,26.6289,83.70184,90,0,234,,1,27.29098,26.51246,23.06253
1785123311,26.61288,83.74914,90,0,234,,1,27.22325,26.54632,23.02867
1785123312,26.58618,83.89563,90,0,234,,1,27.25711,26.51246,22.9948
1785123312,26.5301,83.88037,90,0,234,,1,27.22325,26.37719,23.06253
1785123313,26.6556,83.99939,90,0,234,,1,27.29098,26.37719,23.06253
1785123314,26.57282,84.16113,90,0,234,,1,27.22325,26.41106,23.13006
1785123315,26.5568,84.04211,90,0,234,,1,27.32484,26.47879,23.16393
1785123315,26.6289,84.10468,90,0,234,,1,27.22325,26.61406,23.06253
1785123316,26.6289,84.19775,90,0,234,,1,27.29098,26.41106,23.13006
1785123317,26.5568,84.29237,90,0,234,,1,27.18938,26.37719,23.16393
1785123317,26.59953,84.28321,90,0,234,,1,27.32484,26.47879,23.0962
1785123318,26.5568,84.48005,90,0,234,,1,27.15551,26.41106,23.13006
1785123319,26.6289,84.62196,90,0,234,,1,27.29098,26.54632,23.16393
1785123319,26.6556,84.69062,90,0,234,,1,27.25711,26.51246,23.16393
1785123320,26.6743,84.86,90,0,234,,1,27.18938,26.47879,23.02867
1785123321,26.54345,84.91951,90,0,234,,1,27.12165,26.41106,23.06253
1785123321,26.5568,85.13924,90,0,234,,1,27.22325,26.58019,23.16393
1785123322,26.61288,85.26894,90,0,234,,1,27.22325,26.47879,22.96113
1785123323,26.54345,85.1667,90,0,234,,1,27.15551,26.44473,22.96113
1785123323,26.6556,85.23994,90,0,235,,1,27.32484,26.68159,23.06253
1785123324,26.61288,85.22774,90,0,234,,1,27.29098,26.51246,23.06253
1785123325,26.6289,85.23232,90,0,234,,1,27.08778,26.54632,23.06253
1785123325,26.6289,85.13008,90,0,234,,1,27.32484,26.44473,23.02867
1785123326,26.54345,85.00191,90,0,234,,1,27.32484,26.44473,23.16393
1785123327,26.5568,84.99428,90,0,234,,1,27.22325,26.34333,23.13006
1785123327,26.64225,85.07057,90,0,233,,1,27.18938,26.47879,23.0962
1785123328,26.54345,84.88747,90,0,234,,1,27.15551,26.51246,23.0962
1785123329,26.51675,84.8188,90,0,234,,1,27.22325,26.34333,23.0962
1785123329,26.54345,84.95155,90,0,234,,1,27.22325,26.41106,23.16393
1785123330,26.54345,85.01106,90,0,234,,1,27.22325,26.41106,23.06253
1785123331,26.5568,85.09804,90,0,234,,1,27.25711,26.47879,23.13006
1785123332,26.5568,85.17128,90,0,234,,1,27.25711,26.24193,23.06253
1785123332,26.61288,85.2491,90,0,234,,1,27.15551,26.41106,23.1978
1785123333,26.6289,85.28268,90,0,234,,1,27.22325,26.54632,22.9948
1785123334,26.54345,85.31014,90,0,235,,1,27.29098,26.41106,23.02867
1785123334,26.5568,85.36813,90,0,234,,1,27.32484,26.44473,23.0962
1785123335,26.61288,85.42458,90,0,234,,1,27.18938,26.58019,23.0962
1785123336,26.54345,85.36355,90,0,234,,1,27.12165,26.30946,23.06253
1785123336,26.6289,85.57412,90,0,234,,1,27.22325,26.41106,23.06253
1785123337,26.5568,85.41848,90,0,234,,1,27.35871,26.54632,23.1978
1785123338,26.48737,85.40932,90,0,234,,1,27.29098,26.44473,23.02867
1785123338,26.59953,85.36813,90,0,234,,1,27.22325,26.51246,23.06253
1785123339,26.61288,85.23689,90,0,233,,1,27.32484,26.44473,23.06253
1785123340,26.6289,85.22163,90,0,234,,1,27.15551,26.54632,23.13006
1785123340,26.5568,85.14839,90,0,234,,1,27.18938,26.44473,22.9948
1785123341,26.57282,84.9485,90,0,234,,1,27.35871,26.44473,22.8934
1785123342,26.5568,84.96223,90,0,234,,1,27.29098,26.54632,23.13006
1785123342,26.5568,84.80049,90,0,234,,1,27.22325,26.51246,22.9948
1785123343,26.61288,84.91646,90,0,234,,1,27.25711,26.47879,23.16393
1785123344,26.5568,84.76845,90,0,234,,1,27.25711,26.44473,23.13006
1785123344,26.64225,84.71809,90,0,234,,1,27.15551,26.54632,23.06253
1785123345,26.61288,84.63721,90,0,234,,1,27.25711,26.47879,23.16393
1785123346,26.51675,84.5182,90,0,233,,1,27.12165,26.44473,23.13006
1785123346,26.6289,84.55939,90,0,234,,1,27.22325,26.61406,23.0962
1785123347,26.47402,84.43427,90,0,234,,1,27.22325,26.47879,23.0962
1785123348,26.59953,84.43885,90,0,234,,1,27.18938,26.44473,23.1978
1785123348,26.48737,84.43885,90,0,234,,1,27.22325,26.61406,23.16393
1785123349,26.57282,84.45258,90,0,233,,1,27.35871,26.37719,23.0962
1785123350,26.57282,84.46174,90,0,234,,1,27.32484,26.47879,22.9948
1785123351,26.6289,84.52735,90,0,234,,1,27.29098,26.44473,23.06253
1785123351,26.64225,84.52277,90,0,234,,1,27.25711,26.41106,23.0962
1785123352,26.58618,84.62196,90,0,234,,1,27.18938,26.44473,23.06253
1785123353,26.59953,84.65553,90,0,234,,1,27.22325,26.47879,23.06253
1785123353,26.64225,84.85237,90,0,234,,1,27.18938,26.51246,23.06253
1785123354,26.6289,85.13008,90,0,234,,1,27.25711,26.34333,23.0962
1785123355,26.64225,85.04921,90,0,234,,1,27.25711,26.51246,23.0962
1785123355,26.73037,85.34066,90,0,234,,1,27.32484,26.34333,23.0962
1785123356,26.5301,85.4612,90,0,234,,1,27.25711,26.41106,23.06253
1785123357,26.5301,85.49325,90,0,234,,1,27.39258,26.47879,23.06253
1785123357,26.6289,85.68551,90,0,234,,1,27.25711,26.30946,22.9948
1785123358,26.59953,85.78165,90,0,234,,1,27.39258,26.47879,23.13006
1785123359,26.61288,85.73434,90,0,234,,1,27.25711,26.47879,23.16393
1785123359,26.58618,85.93271,90,0,234,,1,27.12165,26.37719,23.0962
1785123360,26.57282,85.94949,90,0,234,,1,27.29098,26.34333,22.9948
1785123361,26.6556,86.29282,90,0,234,,1,27.22325,26.37719,23.13006
1785123361,26.701,86.27451,90,0,234,,1,27.25711,26.34333,23.0962
1785123362,26.5301,86.45457,90,0,234,,1,27.15551,26.37719,23.16393
1785123363,26.5568,86.63767,90,0,234,,1,27.18938,26.54632,23.13006
1785123363,26.701,86.68803,90,0,235,,1,27.25711,26.51246,22.9948
1785123364,26.5301,86.86656,90,0,234,,1,27.22325,26.47879,23.06253
1785123365,26.58618,87.00694,90,0,234,,1,27.35871,26.61406,23.0962
1785123365,26.701,87.13206,90,0,234,,1,27.29098,26.34333,23.13006
1785123366,26.71435,87.36401,90,0,234,,1,27.22325,26.34333,22.9948
1785123367,26.54345,87.39758,90,0,234,,1,27.12165,26.47879,23.02867
1785123368,26.64225,87.42809,90,0,234,,1,27.25711,26.68159,23.0962
1785123368,26.61288,87.56237,90,0,234,,1,27.32484,26.44473,23.13006
1785123369,26.6743,87.57,90,0,234,,1,27.35871,26.41106,23.0962
1785123370,26.61288,87.65392,90,0,234,,1,27.18938,26.37719,23.02867
1785123370,26.5568,87.55779,90,0,234,,1,27.22325,26.37719,23.0962
1785123371,26.6743,87.45556,90,0,234,,1,27.32484,26.44473,23.0962
1785123372,26.59953,87.49676,90,0,234,,1,27.29098,26.58019,23.06253
1785123372,26.57282,87.38689,90,0,234,,1,27.18938,26.51246,23.0962
1785123373,26.57282,87.25108,90,0,234,,1,27.18938,26.34333,23.06253
1785123374,26.6289,87.12291,90,0,234,,1,27.15551,26.61406,23.0962
1785123374,26.54345,86.9749,90,0,234,,1,27.35871,26.41106,23.0962
1785123375,26.61288,86.92149,90,0,234,,1,27.25711,26.41106,23.06253
1785123376,26.64225,86.7338,90,0,234,,1,27.32484,26.58019,23.13006
1785123376,26.6289,86.70939,90,0,234,,1,27.22325,26.54632,23.06253
1785123377,26.59953,86.56748,90,0,234,,1,27.32484,26.30946,23.1978
1785123378,26.59953,86.64988,90,0,234,,1,27.32484,26.41106,23.02867
1785123378,26.61288,86.6926,90,0,233,,1,27.12165,26.58019,23.06253
1785123379,26.61288,86.55985,90,0,234,,1,27.29098,26.44473,23.13006
1785123380,26.54345,86.5919,90,0,234,,1,27.22325,26.51246,23.0962
1785123380,26.5301,86.60868,90,0,234,,1,27.29098,26.37719,23.02867
1785123381,26.58618,86.70634,90,0,234,,1,27.22325,26.58019,23.0962
1785123382,26.6556,86.7277,90,0,234,,1,27.22325,26.47879,23.13006
1785123383,26.5568,86.61784,90,0,234,,1,27.35871,26.41106,23.02867
1785123383,26.6556,86.78874,90,0,234,,1,27.22325,26.54632,22.9948
1785123384,26.59953,86.85588,90,0,234,,1,27.22325,26.47879,23.13006
1785123385,26.51675,86.83299,90,0,234,,1,27.18938,26.47879,23.02867
1785123385,26.6556,87.0161,90,0,234,,1,27.12165,26.41106,23.02867
1785123386,26.6289,86.97948,90,0,234,,1,27.32484,26.51246,23.06253
1785123387,26.6289,87.11375,90,0,234,,1,27.15551,26.41106,23.13006
1785123387,26.57282,87.158,90,0,234,,1,27.25711,26.47879,23.0962
1785123388,26.58618,87.24498,90,0,234,,1,27.15551,26.44473,22.96113
1785123389,26.5568,87.19463,90,0,234,,1,27.18938,26.44473,23.16393
1785123389,26.61288,87.32433,90,0,234,,1,27.18938,26.41106,23.0962
1785123390,26.59953,87.44335,90,0,234,,1,27.18938,26.51246,23.06253
1785123391,26.6289,87.45251,90,0,234,,1,27.29098,26.41106,23.06253
1785123391,26.58618,87.38842,90,0,234,,1,27.15551,26.37719,23.02867
1785123392,26.59953,87.63103,90,0,234,,1,27.42644,26.44473,23.16393
1785123393,26.58618,87.66766,90,0,234,,1,27.22325,26.58019,23.06253
1785123393,26.54345,87.46929,90,0,234,,1,27.35871,26.61406,23.13006
1785123394,26.5568,87.36095,90,0,234,,1,27.32484,26.54632,23.02867
1785123395,26.64225,87.23125,90,0,234,,1,27.15551,26.51246,23.16393
1785123395,26.50072,87.05424,90,0,234,,1,27.18938,26.54632,22.9948
1785123396,26.5568,86.90623,90,0,234,,1,27.25711,26.51246,23.1978
1785123397,26.64225,86.77501,90,0,233,,1,27.18938,26.58019,23.0962
1785123397,26.58618,86.52171,90,0,234,,1,27.18938,26.54632,23.16393
1785123398,26.51675,86.37675,90,0,234,,1,27.32484,26.51246,23.0962
1785123399,26.6289,86.18295,90,0,233,,1,27.15551,26.47879,23.06253
1785123399,26.5568,85.91287,90,0,234,,1,27.18938,26.30946,22.9948
1785123400,26.51675,85.60311,90,0,234,,1,27.22325,26.44473,23.0962
1785123401,26.61288,85.46426,90,0,234,,1,27.25711,26.37719,23.1978
1785123402,26.59953,85.24452,90,0,234,,1,27.15551,26.41106,23.06253
1785123402,26.54345,85.07515,90,0,234,,1,27.15551,26.41106,23.02867
1785123403,26.58618,84.97139,90,0,234,,1,27.08778,26.41106,23.13006
1785123404,26.54345,84.85695,90,0,234,,1,27.35871,26.41106,23.02867
1785123404,26.48737,84.73792,90,0,234,,1,27.18938,26.30946,23.06253
1785123405,26.58618,84.66315,90,0,234,,1,27.22325,26.44473,23.06253
1785123406,26.61288,84.60822,90,0,234,,1,27.32484,26.41106,23.02867
1785123406,26.54345,84.46326,90,0,234,,1,27.25711,26.51246,23.0962
1785123407,26.59953,84.36561,90,0,234,,1,27.29098,26.41106,23.06253
1785123408,26.50072,84.42207,90,0,234,,1,27.18938,26.64792,23.02867
1785123408,26.50072,84.33814,90,0,234,,1,27.15551,26.34333,23.02867
1785123409,26.58618,84.26948,90,0,234,,1,27.29098,26.37719,23.13006
1785123410,26.54345,84.29847,90,0,234,,1,27.35871,26.51246,23.0962
1785123410,26.54345,84.33051,90,0,234,,1,27.39258,26.51246,23.02867
1785123411,26.59953,84.05432,90,0,234,,1,27.35871,26.54632,23.06253
1785123412,26.64225,84.32594,90,0,234,,1,27.25711,26.47879,23.13006
1785123412,26.5301,84.11993,90,0,234,,1,27.39258,26.44473,23.0962
1785123413,26.38857,84.21454,90,0,234,,1,27.18938,26.51246,23.13006
1785123414,26.59953,84.25269,90,0,234,,1,27.25711,26.68159,23.29919
1785123414,26.5301,84.22369,90,0,234,,1,27.25711,26.54632,23.0962
1785123415,26.51675,84.32441,90,0,234,,1,27.22325,26.27559,23.0962
1785123416,26.51675,84.21912,90,0,234,,1,27.25711,26.44473,22.8934
1785123416,26.6556,84.14282,90,0,234,,1,27.22325,26.61406,23.06253
1785123417,26.54345,83.99939,90,0,234,,1,27.22325,26.41106,23.13006
1785123418,26.51675,83.9826,90,0,233,,1,27.29098,26.74932,23.13006
1785123419,26.5568,83.96277,90,0,234,,1,27.22325,26.78319,23.06253
1785123419,26.5568,83.96277,90,0,234,,1,27.25711,26.41106,23.0962
1785123420,26.58618,84.03296,90,0,234,,1,27.29098,26.64792,23.0962
1785123421,26.59953,83.97345,90,0,234,,1,27.32484,26.61406,23.13006
1785123421,26.59953,83.92157,90,0,234,,1,27.22325,26.54632,23.02867
1785123422,26.54345,83.89563,90,0,234,,1,27.15551,26.51246,23.13006
1785123423,26.6289,83.85748,90,0,234,,1,27.18938,26.34333,23.02867
1785123423,26.57282,83.9353,90,0,234,,1,27.25711,26.54632,22.9948
1785123424,26.50072,83.86359,90,0,234,,1,27.25711,26.44473,23.0962
1785123425,26.51675,83.83612,90,0,234,,1,27.29098,26.37719,23.06253
1785123425,26.58618,83.89563,90,0,234,,1,27.18938,26.47879,23.1978
1785123426,26.458,83.98718,90,0,234,,1,27.22325,26.41106,23.26533
1785123427,26.5568,83.93988,90,0,234,,1,27.08778,26.58019,23.06253
1785123427,26.6289,83.91852,90,0,234,,1,27.25711,26.44473,23.06253
1785123428,26.51675,83.80713,90,0,234,,1,27.15551,26.58019,23.16393
1785123429,26.59953,83.94141,90,0,234,,1,27.18938,26.37719,23.02867
1785123429,26.57282,83.8407,90,0,234,,1,27.25711,26.47879,23.13006
1785123430,26.50072,83.90479,90,0,234,,1,27.29098,26.44473,23.02867
1785123431,26.57282,83.90326,90,0,234,,1,27.22325,26.51246,23.02867
1785123431,26.59953,83.96277,90,0,234,,1,27.18938,26.41106,23.02867
1785123432,26.54345,83.95819,90,0,234,,1,27.18938,26.44473,23.0962
1785123433,26.48737,83.88953,90,0,234,,1,27.32484,26.41106,23.16393
1785123433,26.48737,84.00549,90,0,235,,1,27.18938,26.61406,23.16393
1785123434,26.5568,84.03601,90,0,234,,1,27.22325,26.27559,23.06253
1785123435,26.61288,84.04059,90,0,234,,1,27.32484,26.47879,23.16393
1785123435,26.61288,84.20538,90,0,234,,1,27.12165,26.58019,23.06253
1785123436,26.5301,84.1413,90,0,234,,1,27.32484,26.51246,23.16393
1785123437,26.54345,84.14282,90,0,234,,1,27.12165,26.47879,22.96113
1785123438,26.5568,84.23895,90,0,234,,1,27.22325,26.41106,23.0962
1785123438,26.61288,84.19318,90,0,234,,1,27.29098,26.41106,23.06253
1785123439,26.59953,84.2298,90,0,234,,1,27.29098,26.44473,23.16393
1785123440,26.57282,84.30762,90,0,234,,1,27.08778,26.64792,23.13006
1785123440,26.61288,84.28779,90,0,234,,1,27.12165,26.34333,23.06253
1785123441,26.5301,84.32594,90,0,234,,1,27.12165,26.47879,23.02867
1785123442,26.51675,84.28016,90,0,234,,1,27.22325,26.44473,23.0962
1785123442,26.5568,84.4358,90,0,234,,1,27.29098,26.51246,22.9948
1785123443,26.57282,84.32899,90,0,234,,1,27.32484,26.37719,23.0962
1785123444,26.50072,84.27558,90,0,234,,1,27.22325,26.54632,23.16393
1785123444,26.50072,84.27558,90,0,234,,1,27.32484,26.47879,22.9948
1785123445,26.50072,84.49378,90,0,234,,1,27.15551,26.41106,23.16393
1785123446,26.5568,84.3946,90,0,234,,1,27.25711,26.54632,22.9948
1785123446,26.58618,84.57771,90,0,234,,1,27.08778,26.54632,23.06253
1785123447,26.5568,84.59144,90,0,234,,1,27.29098,26.51246,22.9948
1785123448,26.61288,84.63721,90,0,234,,1,27.18938,26.44473,23.06253
1785123448,26.54345,84.6189,90,0,234,,1,27.18938,26.47879,23.13006
1785123449,26.54345,84.79591,90,0,234,,1,27.12165,26.44473,23.13006
1785123450,26.5568,84.68299,90,0,234,,1,27.15551,26.47879,23.06253
1785123450,26.57282,84.71961,90,0,234,,1,27.18938,26.51246,23.13006
1785123451,26.48737,84.80965,90,0,234,,1,27.22325,26.51246,23.06253
1785123452,26.5568,84.9012,90,0,233,,1,27.22325,26.37719,23.06253
1785123453,26.64225,84.85237,90,0,234,,1,27.39258,26.64792,23.06253
1785123453,26.5301,84.82033,90,0,234,,1,27.25711,26.47879,23.13006
1785123454,26.5568,84.96223,90,0,234,,1,27.39258,26.34333,23.16393
1785123455,26.48737,84.68604,90,0,234,,1,27.25711,26.64792,23.0962
1785123455,26.51675,84.55939,90,0,234,,1,27.25711,26.47879,23.02867
1785123456,26.5568,84.59144,90,0,234,,1,27.25711,26.44473,23.16393
1785123457,26.5301,84.46174,90,0,234,,1,27.25711,26.44473,23.0962
1785123457,26.59953,84.39765,90,0,234,,1,27.25711,26.58019,23.02867
1785123458,26.57282,84.25574,90,0,234,,1,27.15551,26.47879,23.0962
1785123459,26.59953,84.25269,90,0,234,,1,27.15551,26.44473,23.23146
1785123459,26.5301,84.20081,90,0,234,,1,27.22325,26.34333,23.06253
1785123460,26.61288,84.23438,90,0,234,,1,27.12165,26.51246,23.06253
1785123461,26.6556,84.26643,90,0,234,,1,27.29098,26.44473,23.0962
1785123461,26.54345,84.25727,90,0,234,,1,27.18938,26.44473,23.13006
1785123462,26.61288,84.47242,90,0,234,,1,27.22325,26.47879,23.0962
1785123463,26.71435,84.41749,90,0,234,,1,27.22325,26.68159,23.02867
1785123463,26.54345,84.44343,90,0,234,,1,27.32484,26.68159,23.13006
1785123464,26.58618,84.60059,90,0,234,,1,27.35871,26.34333,23.06253
1785123465,26.51675,84.66315,90,0,234,,1,27.18938,26.44473,23.02867
1785123465,26.58618,84.82491,90,0,233,,1,27.42644,26.51246,23.0962
1785123466,26.5568,84.86,90,0,234,,1,27.18938,26.30946,23.0962
1785123467,26.57282,85.14381,90,0,234,,1,27.12165,26.54632,23.06253
1785123467,26.6556,85.23994,90,0,234,,1,27.25711,26.54632,23.0962
1785123468,26.6289,85.40627,90,0,234,,1,27.12165,26.41106,23.13006
1785123469,26.64225,85.59853,90,0,234,,1,27.18938,26.54632,23.06253
1785123469,26.6289,85.63363,90,0,234,,1,27.18938,26.37719,23.13006
1785123470,26.5568,85.76791,90,0,234,,1,27.32484,26.51246,23.13006
1785123471,26.57282,85.7847,90,0,233,,1,27.39258,26.51246,23.1978
1785123472,26.6289,85.84116,90,0,234,,1,27.39258,26.54632,23.06253
1785123472,26.57282,85.92813,90,0,235,,1,27.46011,26.58019,23.23146
1785123473,26.5568,85.76791,90,0,234,,1,27.22325,26.44473,23.0962
1785123474,26.57282,85.63973,90,0,234,,1,27.22325,26.44473,23.06253
1785123474,26.57282,85.5787,90,0,234,,1,27.29098,26.44473,23.06253
1785123475,26.57282,85.58785,90,0,234,,1,27.18938,26.61406,23.06253
1785123476,26.5301,85.44137,90,0,234,,1,27.12165,26.51246,23.06253
1785123476,26.5301,85.42001,90,0,234,,1,27.25711,26.44473,23.13006
1785123477,26.5301,85.09041,90,0,234,,1,27.18938,26.47879,23.16393
1785123478,26.59953,85.07973,90,0,234,,1,27.32484,26.47879,23.13006
1785123478,26.6289,84.9836,90,0,234,,1,27.22325,26.47879,23.13006
1785123479,26.6289,84.87984,90,0,234,,1,27.29098,26.47879,23.02867
1785123480,26.57282,84.71961,90,0,234,,1,27.22325,26.47879,23.0962
1785123480,26.5301,84.60517,90,0,234,,1,27.22325,26.41106,23.0962
1785123481,26.54345,84.56702,90,0,234,,1,27.25711,26.47879,23.0962
1785123482,26.5301,84.48158,90,0,234,,1,27.25711,26.41106,23.02867
1785123482,26.51675,84.53956,90,0,234,,1,27.29098,26.61406,23.0962
1785123483,26.54345,84.43427,90,0,234,,1,27.25711,26.58019,23.13006
1785123484,26.6743,84.37629,90,0,234,,1,27.32484,26.37719,23.0962
1785123484,26.58618,84.22827,90,0,234,,1,27.25711,26.30946,23.13006
1785123485,26.5568,84.30305,90,0,234,,1,27.15551,26.54632,23.23146
1785123486,26.54345,84.19318,90,0,233,,1,27.08778,26.44473,23.0962
1785123486,26.57282,84.17334,90,0,234,,1,27.29098,26.54632,23.06253
1785123487,26.59953,84.13824,90,0,234,,1,27.18938,26.51246,23.06253
1785123488,26.458,83.98718,90,0,234,,1,27.25711,26.41106,23.16393
1785123489,26.57282,84.24353,90,0,234,,1,27.18938,26.51246,22.9948
1785123489,26.5568,84.2298,90,0,234,,1,27.15551,26.44473,22.9948
1785123490,26.6289,84.34425,90,0,234,,1,27.39258,26.41106,23.0962
1785123491,26.59953,84.29389,90,0,234,,1,27.35871,26.41106,23.16393
1785123491,26.58618,84.43427,90,0,233,,1,27.35871,26.47879,23.13006
1785123492,26.58618,84.52735,90,0,234,,1,27.18938,26.44473,23.06253
1785123493,26.6289,84.58076,90,0,234,,1,27.18938,26.37719,23.0962
1785123494,26.50072,84.57618,90,0,234,,1,27.29098,26.61406,23.06253
1785123494,26.58618,84.71351,90,0,234,,1,27.22325,26.41106,23.0962
1785123495,26.58618,84.60059,90,0,234,,1,27.25711,26.58019,23.06253
1785123495,26.5301,84.49073,90,0,234,,1,27.22325,26.41106,23.1978
1785123496,26.5301,84.46174,90,0,234,,1,27.25711,26.47879,23.0962
1785123497,26.51675,84.50751,90,0,234,,1,27.29098,26.44473,23.06253
1785123497,26.64225,84.53193,90,0,234,,1,27.22325,26.44473,23.13006
1785123498,26.5568,84.42664,90,0,234,,1,27.15551,26.54632,23.02867
1785123499,26.59953,84.42664,90,0,234,,1,27.29098,26.37719,22.9948
1785123499,26.51675,84.37476,90,0,234,,1,27.18938,26.51246,23.02867
1785123500,26.59953,84.49989,90,0,234,,1,27.25711,26.47879,23.0962
1785123501,26.48737,84.5304,90,0,234,,1,27.12165,26.47879,23.16393
1785123501,26.6289,84.66468,90,0,234,,1,27.12165,26.51246,23.13006
1785123502,26.59953,84.75929,90,0,234,,1,27.32484,26.61406,23.16393
1785123503,26.58618,84.91035,90,0,234,,1,27.32484,26.54632,23.0962
1785123503,26.61288,85.04005,90,0,234,,1,27.22325,26.51246,23.16393
1785123504,26.58618,85.08583,90,0,234,,1,27.35871,26.44473,23.16393
1785123505,26.5301,85.11177,90,0,234,,1,27.15551,26.44473,23.0962
1785123506,26.51675,85.25368,90,0,234,,1,27.25711,26.44473,23.06253
1785123506,26.6289,85.35592,90,0,234,,1,27.29098,26.47879,23.06253
1785123507,26.6289,85.50088,90,0,234,,1,27.25711,26.51246,23.0962
1785123508,26.59953,85.63515,90,0,234,,1,27.29098,26.37719,23.13006
1785123508,26.59953,85.74044,90,0,234,,1,27.29098,26.34333,23.06253
1785123509,26.54345,85.91898,90,0,234,,1,27.32484,26.54632,23.13006
1785123510,26.6556,85.98306,90,0,234,,1,27.22325,26.58019,23.0962
1785123510,26.5568,86.34928,90,0,234,,1,27.25711,26.34333,23.0962
1785123511,26.58618,86.43931,90,0,234,,1,27.15551,26.44473,23.06253
1785123512,26.6289,86.52171,90,0,234,,1,27.32484,26.51246,22.9948
1785123512,26.6556,86.82079,90,0,235,,1,27.08778,26.37719,23.23146
1785123513,26.6556,86.92455,90,0,234,,1,27.35871,26.44473,23.06253
1785123514,26.6556,87.15953,90,0,234,,1,27.15551,26.37719,23.02867
1785123514,26.6289,87.12291,90,0,234,,1,27.18938,26.30946,22.9948
1785123515,26.5301,87.05272,90,0,234,,1,27.29098,26.64792,23.16393
1785123516,26.64225,87.26025,90,0,234,,1,27.32484,26.41106,23.0962
1785123516,26.5301,87.12596,90,0,233,,1,27.18938,26.37719,22.9948
1785123517,26.57282,87.19005,90,0,234,,1,27.18938,26.61406,23.16393
1785123518,26.57282,86.97185,90,0,234,,1,27.18938,26.37719,23.02867
1785123518,26.59953,86.99016,90,0,234,,1,27.22325,26.61406,23.13006
1785123519,26.6289,86.86504,90,0,234,,1,27.15551,26.41106,23.0962
1785123520,26.54345,86.67429,90,0,234,,1,27.32484,26.51246,23.0962
1785123520,26.6289,86.72923,90,0,234,,1,27.25711,26.37719,23.06253
1785123521,26.59953,86.39964,90,0,234,,1,27.15551,26.54632,23.06253
1785123522,26.58618,86.27451,90,0,234,,1,27.18938,26.51246,23.06253
1785123523,26.6289,86.25315,90,0,234,,1,27.18938,26.51246,22.9948
1785123523,26.5568,86.12039,90,0,234,,1,27.39258,26.54632,22.9948
1785123524,26.5301,85.94644,90,0,234,,1,27.39258,26.37719,23.16393
1785123525,26.59953,85.86404,90,0,234,,1,27.08778,26.54632,23.26533
1785123525,26.54345,85.80759,90,0,234,,1,27.25711,26.44473,23.16393
1785123526,26.54345,85.70382,90,0,234,,1,27.12165,26.47879,23.1978
1785123527,26.57282,85.77249,90,0,234,,1,27.25711,26.47879,23.13006
1785123527,26.6289,85.82132,90,0,234,,1,27.35871,26.44473,23.0962
1785123528,26.5301,85.77249,90,0,234,,1,27.18938,26.44473,23.02867
1785123529,26.58618,85.89151,90,0,234,,1,27.22325,26.41106,23.06253
1785123529,26.57282,85.88998,90,0,234,,1,27.12165,26.74932,23.0962
1785123530,26.57282,85.79385,90,0,234,,1,27.29098,26.47879,23.16393
1785123531,26.5568,85.88541,90,0,234,,1,27.15551,26.51246,23.06253
1785123531,26.51675,85.95407,90,0,234,,1,27.15551,26.51246,23.16393
1785123532,26.64225,85.89609,90,0,234,,1,27.18938,26.47879,23.06253
1785123533,26.5301,85.65804,90,0,234,,1,27.15551,26.61406,23.02867
1785123533,26.54345,85.84879,90,0,234,,1,27.25711,26.41106,23.16393
1785123534,26.5568,85.78012,90,0,234,,1,27.15551,26.51246,23.0962
1785123535,26.6289,85.50088,90,0,234,,1,27.18938,26.41106,23.23146
1785123535,26.6556,85.56039,90,0,234,,1,27.18938,26.37719,23.0962
1785123536,26.58618,85.41543,90,0,234,,1,27.35871,26.44473,23.02867
1785123537,26.51675,85.26284,90,0,234,,1,27.25711,26.54632,23.13006
1785123537,26.54345,85.38338,90,0,234,,1,27.18938,26.61406,23.13006
1785123538,26.57282,85.26894,90,0,234,,1,27.35871,26.58019,22.9948
1785123539,26.5301,85.11177,90,0,234,,1,27.29098,26.54632,23.0962
1785123539,26.5568,85.06752,90,0,234,,1,27.29098,26.47879,23.02867
1785123540,26.5568,84.87984,90,0,234,,1,27.29098,26.58019,23.06253
1785123541,26.48737,84.73792,90,0,234,,1,27.22325,26.58019,23.06253
1785123542,26.51675,84.76845,90,0,234,,1,27.18938,26.44473,23.13006
1785123542,26.50072,84.56702,90,0,235,,1,27.15551,26.47879,23.02867
1785123543,26.54345,84.54566,90,0,234,,1,27.15551,26.58019,23.0962
1785123544,26.51675,84.54871,90,0,234,,1,27.25711,26.41106,23.0962
1785123544,26.57282,84.53498,90,0,234,,1,27.22325,26.47879,23.06253
1785123545,26.5568,84.50751,90,0,235,,1,27.35871,26.24193,22.9948
1785123546,26.6743,84.53193,90,0,234,,1,27.35871,26.44473,23.16393
1785123546,26.54345,84.41291,90,0,234,,1,27.18938,26.51246,23.06253
1785123547,26.58618,84.38087,90,0,234,,1,27.22325,26.58019,23.16393
1785123548,26.57282,84.28474,90,0,234,,1,27.22325,26.37719,23.02867
1785123548,26.5568,84.16876,90,0,234,,1,27.22325,26.64792,23.16393
1785123549,26.5568,84.06348,90,0,234,,1,27.22325,26.44473,23.16393
1785123550,26.5301,84.0177,90,0,234,,1,27.15551,26.44473,23.02867
1785123550,26.59953,83.88037,90,0,234,,1,27.32484,26.41106,23.0962
1785123551,26.51675,83.88647,90,0,234,,1,27.25711,26.41106,23.0962
1785123552,26.51675,83.75372,90,0,234,,1,27.18938,26.41106,23.02867
1785123552,26.54345,83.81323,90,0,235,,1,27.18938,26.41106,23.02867
1785123553,26.54345,83.58434,90,0,234,,1,27.32484,26.37719,23.02867
1785123554,26.58618,83.60723,90,0,234,,1,27.15551,26.58019,23.02867
1785123554,26.59953,83.63317,90,0,234,,1,27.35871,26.41106,23.02867
1785123555,26.58618,83.66064,90,0,234,,1,27.25711,26.58019,23.13006
1785123556,26.57282,83.6881,90,0,234,,1,27.32484,26.54632,22.9948
1785123556,26.6556,83.6469,90,0,234,,1,27.18938,26.41106,23.0962
1785123557,26.54345,83.80255,90,0,234,,1,27.15551,26.41106,23.16393
1785123558,26.5301,83.8407,90,0,234,,1,27.25711,26.47879,23.06253
1785123559,26.59953,83.96277,90,0,234,,1,27.18938,26.47879,23.13006
1785123559,26.5568,83.9826,90,0,234,,1,27.39258,26.44473,23.0962
1785123560,26.5568,84.09552,90,0,234,,1,27.22325,26.37719,23.0962
1785123561,26.64225,84.07721,90,0,234,,1,27.25711,26.41106,22.9948
1785123561,26.5568,84.03601,90,0,234,,1,27.29098,26.61406,23.06253
1785123562,26.6289,84.11536,90,0,234,,1,27.05412,26.54632,23.0962
1785123563,26.5568,84.11536,90,0,234,,1,27.25711,26.54632,23.06253
1785123563,26.6289,84.07416,90,0,234,,1,27.15551,26.58019,23.16393
1785123564,26.57282,84.30762,90,0,234,,1,27.32484,26.51246,23.13006
1785123565,26.5301,84.12909,90,0,234,,1,27.35871,26.47879,23.16393
1785123565,26.58618,84.15503,90,0,234,,1,27.22325,26.68159,22.9948
1785123566,26.5568,84.1474,90,0,234,,1,27.32484,26.44473,23.16393
1785123567,26.58618,84.12451,90,0,234,,1,27.22325,26.41106,22.9948
1785123567,26.58618,84.06042,90,0,234,,1,27.18938,26.58019,22.9948
1785123568,26.5301,84.27406,90,0,234,,1,27.29098,26.58019,23.0962
1785123569,26.64225,84.4297,90,0,234,,1,27.15551,26.54632,23.06253
1785123569,26.61288,84.45258,90,0,234,,1,27.18938,26.41106,23.16393
1785123570,26.5568,84.654,90,0,234,,1,27.12165,26.30946,23.06253
1785123571,26.6556,84.77455,90,0,234,,1,27.15551,26.37719,23.06253
1785123571,26.57282,84.99886,90,0,233,,1,27.08778,26.37719,23.06253
1785123572,26.6289,85.16823,90,0,235,,1,27.22325,26.37719,23.06253
1785123573,26.59953,85.00648,90,0,234,,1,27.22325,26.47879,23.06253
1785123574,26.6289,85.11787,90,0,234,,1,27.22325,26.51246,22.96113
1785123574,26.57282,85.13161,90,0,234,,1,27.35871,26.37719,23.13006
1785123575,26.57282,84.97902,90,0,234,,1,27.32484,26.61406,23.16393
1785123576,26.54345,85.10414,90,0,234,,1,27.15551,26.61406,23.0962
1785123576,26.51675,84.91188,90,0,234,,1,27.25711,26.58019,23.06253
1785123577,26.58618,84.91035,90,0,234,,1,27.25711,26.44473,23.0962
1785123578,26.5301,84.78218,90,0,234,,1,27.32484,26.54632,23.06253
1785123578,26.6289,84.69215,90,0,234,,1,27.35871,26.47879,23.0962
1785123579,26.59953,84.58228,90,0,234,,1,27.35871,26.44473,23.06253
1785123580,26.58618,84.43427,90,0,234,,1,27.15551,26.51246,23.16393
1785123580,26.57282,84.25574,90,0,234,,1,27.22325,26.30946,23.0962
1785123581,26.6289,84.24811,90,0,234,,1,27.18938,26.41106,23.02867
1785123582,26.54345,84.01923,90,0,234,,1,27.22325,26.51246,23.13006
1785123582,26.50072,83.86359,90,0,234,,1,27.32484,26.71565,23.06253
1785123583,26.50072,83.82239,90,0,234,,1,27.25711,26.44473,23.16393
1785123584,26.61288,83.85291,90,0,234,,1,27.35871,26.58019,23.0962
1785123584,26.6289,83.95972,90,0,234,,1,27.35871,26.51246,23.16393
1785123585,26.58618,83.98108,90,0,234,,1,27.29098,26.58019,23.06253
1785123586,26.6556,84.24658,90,0,234,,1,27.22325,26.44473,23.16393
1785123586,26.5301,84.32594,90,0,234,,1,27.35871,26.44473,22.9948
1785123587,26.5568,84.67384,90,0,234,,1,27.15551,26.47879,23.13006
1785123588,26.6743,84.92409,90,0,234,,1,27.25711,26.47879,23.13006
1785123588,26.57282,84.98817,90,0,234,,1,27.22325,26.44473,23.0962
1785123589,26.61288,85.23689,90,0,234,,1,27.18938,26.47879,23.0962
1785123590,26.57282,85.29946,90,0,234,,1,27.25711,26.34333,23.16393
1785123590,26.64225,85.55581,90,0,234,,1,27.25711,26.51246,23.0962
1785123591,26.61288,85.56954,90,0,234,,1,27.25711,26.47879,23.02867
1785123592,26.74372,85.86252,90,0,234,,1,27.25711,26.44473,23.13006
1785123593,26.51675,85.94492,90,0,235,,1,27.32484,26.44473,23.02867
1785123593,26.57282,85.89609,90,0,234,,1,27.08778,26.47879,23.06253
1785123594,26.57282,86.18753,90,0,234,,1,27.32484,26.44473,23.1978
1785123595,26.71435,86.19669,90,0,234,,1,27.35871,26.47879,23.0962
1785123595,26.5568,86.35691,90,0,234,,1,27.25711,26.41106,23.13006
1785123596,26.59953,86.45304,90,0,234,,1,27.29098,26.47879,23.0962
1785123597,26.59953,86.60868,90,0,233,,1,27.29098,26.44473,23.06253
1785123597,26.6743,86.83757,90,0,234,,1,27.22325,26.44473,23.13006
1785123598,26.701,86.94743,90,0,234,,1,27.18938,26.44473,23.06253
1785123599,26.6289,86.95811,90,0,234,,1,27.25711,26.47879,23.16393
1785123599,26.57282,87.12596,90,0,234,,1,27.25711,26.47879,23.02867
1785123600,26.59953,87.19615,90,0,234,,1,27.29098,26.30946,23.02867
1785123601,26.58618,87.18242,90,0,234,,1,27.32484,26.41106,23.0962
1785123601,26.6743,87.2694,90,0,234,,1,27.29098,26.37719,23.13006
1785123602,26.64225,87.27245,90,0,234,,1,27.12165,26.44473,23.13006
1785123603,26.58618,87.40063,90,0,234,,1,27.35871,26.51246,23.02867
1785123603,26.6743,87.36095,90,0,234,,1,27.29098,26.47879,22.9948
1785123604,26.48737,87.31976,90,0,234,,1,27.35871,26.44473,23.02867
1785123605,26.6743,87.45556,90,0,234,,1,27.18938,26.37719,23.13006
1785123605,26.59953,87.16716,90,0,234,,1,27.25711,26.51246,23.0962
1785123606,26.58618,87.16258,90,0,234,,1,27.35871,26.41106,22.9948
1785123607,26.58618,87.04814,90,0,234,,1,27.32484,26.41106,23.16393
1785123607,26.61288,87.15953,90,0,234,,1,27.25711,26.34333,23.0962
1785123608,26.6289,87.04051,90,0,234,,1,27.22325,26.47879,23.06253
1785123609,26.61288,86.95354,90,0,234,,1,27.25711,26.44473,22.96113
1785123610,26.6289,86.90623,90,0,234,,1,27.25711,26.47879,23.0962
1785123610,26.57282,86.7338,90,0,234,,1,27.15551,26.41106,23.0962
1785123611,26.5568,86.80247,90,0,234,,1,27.22325,26.41106,23.13006
1785123612,26.6289,86.76128,90,0,234,,1,27.29098,26.47879,23.13006
1785123612,26.71435,86.74296,90,0,235,,1,27.35871,26.44473,23.16393
1785123613,26.58618,86.84215,90,0,234,,1,27.22325,26.58019,22.9948
1785123614,26.54345,86.61326,90,0,234,,1,27.12165,26.47879,23.1978
1785123614,26.5301,86.55833,90,0,234,,1,27.25711,26.47879,23.02867
1785123615,26.58618,86.61478,90,0,234,,1,27.18938,26.47879,23.13006
1785123616,26.48737,86.43168,90,0,234,,1,27.22325,26.54632,22.96113
1785123616,26.61288,86.32182,90,0,234,,1,27.18938,26.44473,23.13006
1785123617,26.5568,85.93576,90,0,234,,1,27.25711,26.58019,23.16393
1785123618,26.50072,85.81674,90,0,234,,1,27.22325,26.34333,23.06253
1785123618,26.61288,85.73434,90,0,233,,1,27.22325,26.47879,23.06253
1785123619,26.57282,85.52529,90,0,234,,1,27.12165,26.54632,23.06253
1785123620,26.51675,85.26284,90,0,234,,1,27.15551,26.51246,23.02867
1785123620,26.6556,85.21858,90,0,234,,1,27.25711,26.37719,23.06253
1785123621,26.58618,85.15755,90,0,234,,1,27.12165,26.47879,23.13006
1785123622,26.64225,84.95766,90,0,234,,1,27.22325,26.37719,23.1978
1785123622,26.57282,84.85542,90,0,234,,1,27.25711,26.47879,23.06253
1785123623,26.57282,84.82338,90,0,234,,1,27.18938,26.51246,23.13006
1785123624,26.59953,84.81117,90,0,234,,1,27.25711,26.51246,23.02867
1785123624,26.458,84.50294,90,0,234,,1,27.22325,26.44473,23.02867
1785123625,26.54345,84.42207,90,0,234,,1,27.25711,26.44473,22.9948
1785123626,26.61288,84.46326,90,0,233,,1,27.22325,26.64792,23.13006
1785123626,26.5301,84.52125,90,0,233,,1,27.29098,26.54632,23.16393
1785123627,26.50072,84.51362,90,0,234,,1,27.29098,26.51246,23.02867
1785123628,26.5568,84.50751,90,0,234,,1,27.29098,26.61406,23.16393
1785123629,26.5301,84.49073,90,0,234,,1,27.22325,26.27559,23.02867
1785123629,26.44465,84.37476,90,0,234,,1,27.32484,26.54632,23.0962
1785123630,26.51675,84.477,90,0,234,,1,27.22325,26.41106,23.0962
1785123631,26.51675,84.41596,90,0,234,,1,27.25711,26.51246,23.0962
1785123631,26.6556,84.38087,90,0,234,,1,27.22325,26.61406,23.13006
1785123632,26.5301,84.24353,90,0,234,,1,27.32484,26.41106,22.9948
1785123633,26.5301,84.40833,90,0,234,,1,27.22325,26.44473,23.06253
1785123633,26.50072,84.27558,90,0,234,,1,27.12165,26.41106,23.0962
1785123634,26.57282,84.28474,90,0,234,,1,27.25711,26.54632,23.02867
1785123635,26.57282,84.19318,90,0,234,,1,27.35871,26.61406,23.13006
1785123635,26.51675,84.18707,90,0,234,,1,27.18938,26.51246,23.0962
1785123636,26.5301,84.20081,90,0,234,,1,27.29098,26.41106,23.0962
1785123637,26.58618,84.24811,90,0,234,,1,27.32484,26.61406,23.13006
1785123637,26.58618,84.16571,90,0,234,,1,27.22325,26.37719,23.16393
1785123638,26.61288,84.21454,90,0,234,,1,27.22325,26.37719,22.9948
1785123639,26.51675,84.16876,90,0,234,,1,27.15551,26.41106,22.9948
1785123639,26.458,84.1001,90,0,234,,1,27.29098,26.47879,23.06253
1785123640,26.59953,84.17029,90,0,234,,1,27.35871,26.41106,23.16393
1785123641,26.5301,84.19165,90,0,234,,1,27.18938,26.58019,23.13006
1785123641,26.51675,84.23895,90,0,234,,1,27.39258,26.37719,23.23146
1785123642,26.57282,84.09094,90,0,235,,1,27.12165,26.44473,23.0962
1785123643,26.57282,84.15198,90,0,234,,1,27.12165,26.47879,23.1978
1785123643,26.54345,84.31983,90,0,234,,1,27.15551,26.47879,23.13006
1785123644,26.51675,84.15656,90,0,234,,1,27.18938,26.30946,23.13006
1785123645,26.50072,84.26643,90,0,234,,1,27.29098,26.44473,23.02867
1785123646,26.50072,84.16418,90,0,234,,1,27.18938,26.41106,23.0962
1785123646,26.59953,84.3473,90,0,234,,1,27.18938,26.44473,23.0962
1785123647,26.54345,84.27863,90,0,234,,1,27.29098,26.51246,23.02867
1785123648,26.54345,84.42207,90,0,234,,1,27.22325,26.51246,23.06253
1785123648,26.54345,84.49531,90,0,234,,1,27.22325,26.44473,23.0962
1785123649,26.57282,84.61738,90,0,234,,1,27.18938,26.51246,23.0962
1785123650,26.64225,84.64637,90,0,234,,1,27.29098,26.34333,23.06253
1785123650,26.5301,84.63721,90,0,234,,1,27.22325,26.44473,23.02867
1785123651,26.58618,84.67231,90,0,234,,1,27.08778,26.47879,23.0962
1785123652,26.58618,84.7654,90,0,234,,1,27.18938,26.44473,22.96113
1785123652,26.59953,85.00648,90,0,235,,1,27.35871,26.51246,23.06253
1785123653,26.5568,84.96223,90,0,234,,1,27.39258,26.41106,23.16393
1785123654,26.58618,84.97139,90,0,234,,1,27.18938,26.64792,23.0962
1785123654,26.61288,85.02022,90,0,234,,1,27.08778,26.54632,23.0962
1785123655,26.50072,85.29946,90,0,234,,1,27.18938,26.51246,23.13006
1785123656,26.59953,85.31472,90,0,234,,1,27.18938,26.41106,23.06253
1785123656,26.54345,85.3315,90,0,234,,1,27.15551,26.41106,23.0962
1785123657,26.58618,85.57107,90,0,234,,1,27.25711,26.41106,23.16393
1785123658,26.6743,85.60616,90,0,234,,1,27.18938,26.47879,23.16393
1785123658,26.61288,85.84879,90,0,234,,1,27.32484,26.47879,23.06253
1785123659,26.6743,85.94644,90,0,234,,1,27.25711,26.47879,23.16393
1785123660,26.6289,86.27451,90,0,234,,1,27.29098,26.47879,23.06253
1785123660,26.64225,86.56748,90,0,234,,1,27.29098,26.47879,23.0962
1785123661,26.59953,86.69108,90,0,234,,1,27.29098,26.24193,23.06253
1785123662,26.701,86.80247,90,0,234,,1,27.29098,26.51246,23.0962
1785123663,26.58618,86.93523,90,0,234,,1,27.22325,26.47879,23.26533
1785123663,26.5301,86.87877,90,0,234,,1,27.25711,26.41106,23.06253
1785123664,26.64225,86.91997,90,0,234,,1,27.39258,26.41106,23.02867
1785123665,26.47402,86.69566,90,0,234,,1,27.35871,26.34333,22.9948
1785123665,26.5301,86.71091,90,0,234,,1,27.18938,26.51246,23.0962
1785123666,26.5568,86.51255,90,0,234,,1,27.35871,26.44473,23.02867
1785123667,26.57282,86.51713,90,0,234,,1,27.22325,26.30946,23.16393
1785123667,26.54345,86.41642,90,0,234,,1,27.22325,26.41106,23.13006
1785123668,26.64225,86.39353,90,0,234,,1,27.25711,26.37719,23.13006
1785123669,26.57282,86.37217,90,0,234,,1,27.18938,26.44473,23.16393
1785123669,26.6743,86.39048,90,0,234,,1,27.08778,26.51246,23.0962
1785123670,26.58618,86.4271,90,0,234,,1,27.12165,26.68159,23.02867
1785123671,26.6289,86.48203,90,0,234,,1,27.22325,26.58019,23.0962
1785123671,26.64225,86.53696,90,0,234,,1,27.18938,26.41106,23.0962
1785123672,26.5568,86.56443,90,0,234,,1,27.15551,26.54632,23.02867
1785123673,26.64225,86.64072,90,0,234,,1,27.25711,26.51246,23.0962
1785123673,26.57282,86.70481,90,0,234,,1,27.12165,26.37719,23.02867
1785123674,26.59953,86.81621,90,0,234,,1,27.32484,26.51246,23.1978
1785123675,26.51675,86.81163,90,0,234,,1,27.22325,26.37719,23.0962
1785123675,26.54345,86.71549,90,0,234,,1,27.22325,26.47879,23.0962
1785123676,26.54345,86.63309,90,0,234,,1,27.25711,26.47879,23.13006
1785123677,26.61288,86.7979,90,0,234,,1,27.15551,26.44473,23.13006
1785123677,26.59953,86.39048,90,0,234,,1,27.22325,26.41106,22.9948
1785123678,26.54345,86.26078,90,0,234,,1,27.25711,26.47879,23.13006
1785123679,26.6556,86.07462,90,0,234,,1,27.18938,26.47879,23.02867
1785123680,26.58618,85.94186,90,0,234,,1,27.22325,26.41106,23.0962
1785123680,26.61288,85.83658,90,0,234,,1,27.18938,26.47879,23.0962
1785123681,26.58618,85.77707,90,0,234,,1,27.12165,26.47879,23.02867
1785123682,26.458,85.70229,90,0,234,,1,27.18938,26.51246,22.9948
1785123682,26.59953,85.65804,90,0,234,,1,27.22325,26.41106,23.16393
1785123683,26.51675,85.43679,90,0,234,,1,27.22325,26.44473,23.13006
1785123684,26.50072,85.42306,90,0,234,,1,27.15551,26.51246,23.0962
1785123684,26.51675,85.21248,90,0,234,,1,27.29098,26.44473,23.13006
1785123685,26.64225,85.24605,90,0,234,,1,27.25711,26.44473,23.16393
1785123686,26.57282,85.1133,90,0,234,,1,27.29098,26.51246,23.0962
1785123686,26.54345,84.87831,90,0,234,,1,27.22325,26.51246,23.13006
1785123687,26.57282,84.81117,90,0,234,,1,27.18938,26.37719,23.0962
1785123688,26.5301,84.92561,90,0,234,,1,27.22325,26.47879,23.06253
1785123688,26.57282,84.62806,90,0,234,,1,27.15551,26.44473,22.9948
1785123689,26.54345,84.60822,90,0,234,,1,27.22325,26.51246,23.13006
1785123690,26.54345,84.60822,90,0,234,,1,27.15551,26.44473,23.13006
1785123690,26.5301,84.93477,90,0,234,,1,27.08778,26.58019,23.0962
1785123691,26.6289,84.96223,90,0,234,,1,27.25711,26.54632,23.0962
1785123692,26.58618,85.26284,90,0,234,,1,27.32484,26.47879,23.06253
1785123692,26.6289,85.44747,90,0,234,,1,27.18938,26.44473,23.1978
1785123693,26.6289,85.78012,90,0,234,,1,27.32484,26.54632,23.16393
1785123694,26.47402,85.83963,90,0,234,,1,27.12165,26.61406,23.13006
1785123694,26.6556,85.91287,90,0,234,,1,27.29098,26.47879,23.16393
1785123695,26.57282,85.87778,90,0,234,,1,27.22325,26.34333,23.0962
1785123696,26.57282,85.94034,90,0,234,,1,27.22325,26.51246,23.02867
1785123697,26.58618,85.79843,90,0,234,,1,27.29098,26.51246,23.06253
1785123697,26.57282,85.58785,90,0,233,,1,27.18938,26.37719,23.06253
1785123698,26.51675,85.62447,90,0,234,,1,27.35871,26.41106,23.13006
1785123699,26.50072,85.52834,90,0,234,,1,27.25711,26.44473,23.0962
1785123699,26.51675,85.34524,90,0,234,,1,27.22325,26.54632,23.0962
1785123700,26.57282,85.42306,90,0,234,,1,27.29098,26.58019,23.0962
1785123701,26.57282,85.32845,90,0,233,,1,27.15551,26.47879,23.06253
1785123701,26.5301,85.28573,90,0,234,,1,27.18938,26.41106,22.96113
1785123702,26.51675,85.31319,90,0,234,,1,27.29098,26.54632,23.13006
1785123703,26.58618,85.39559,90,0,234,,1,27.12165,26.34333,23.16393
1785123703,26.61288,85.39254,90,0,234,,1,27.15551,26.47879,23.02867
1785123704,26.48737,85.36813,90,0,234,,1,27.22325,26.44473,23.0962
1785123705,26.64225,85.42306,90,0,234,,1,27.18938,26.58019,23.06253
1785123705,26.59953,85.55581,90,0,234,,1,27.18938,26.54632,23.0962
1785123706,26.6556,85.64278,90,0,234,,1,27.15551,26.47879,23.06253
1785123707,26.50072,85.6199,90,0,233,,1,27.25711,26.64792,23.13006
1785123707,26.61288,85.85794,90,0,234,,1,27.29098,26.54632,23.0962
1785123708,26.64225,85.84573,90,0,234,,1,27.15551,26.51246,23.13006
1785123709,26.64225,86.10208,90,0,233,,1,27.29098,26.64792,23.16393
1785123709,26.57282,86.37217,90,0,234,,1,27.32484,26.41106,23.06253
1785123710,26.6289,86.49424,90,0,234,,1,27.29098,26.44473,23.06253
1785123711,26.54345,86.61326,90,0,234,,1,27.18938,26.58019,23.06253
1785123711,26.6289,86.59495,90,0,234,,1,27.32484,26.47879,23.06253
1785123712,26.54345,86.53086,90,0,235,,1,27.25711,26.51246,23.06253
1785123713,26.61288,86.51865,90,0,234,,1,27.25711,26.51246,23.16393
1785123713,26.58618,86.50034,90,0,234,,1,27.32484,26.41106,23.02867
1785123714,26.5301,86.27909,90,0,234,,1,27.18938,26.54632,23.13006
1785123715,26.5568,86.28519,90,0,234,,1,27.22325,26.51246,23.0962
1785123716,26.58618,86.03647,90,0,234,,1,27.29098,26.34333,23.16393
1785123716,26.5568,85.8732,90,0,234,,1,27.32484,26.51246,23.13006
1785123717,26.6289,85.75723,90,0,233,,1,27.05412,26.41106,23.06253
1785123718,26.5301,85.53445,90,0,234,,1,27.32484,26.44473,23.13006
1785123718,26.58618,85.32235,90,0,234,,1,27.25711,26.34333,23.06253
1785123719,26.50072,85.26742,90,0,234,,1,27.29098,26.47879,23.06253
1785123720,26.5301,84.94698,90,0,234,,1,27.18938,26.54632,23.1978
1785123720,26.57282,84.98817,90,0,234,,1,27.18938,26.37719,23.06253
1785123721,26.47402,84.79591,90,0,234,,1,27.22325,26.34333,23.0962
1785123722,26.50072,84.79286,90,0,234,,1,27.18938,26.44473,22.9948
1785123722,26.5568,84.74708,90,0,234,,1,27.12165,26.47879,23.0962
1785123723,26.58618,84.69215,90,0,234,,1,27.22325,26.37719,23.06253
1785123724,26.57282,84.53498,90,0,234,,1,27.22325,26.51246,23.06253
1785123724,26.54345,84.60822,90,0,234,,1,27.22325,26.44473,23.0962
1785123725,26.59953,84.62348,90,0,234,,1,27.25711,26.41106,23.13006
1785123726,26.54345,84.6189,90,0,234,,1,27.32484,26.54632,23.13006
1785123726,26.54345,84.49531,90,0,234,,1,27.25711,26.37719,23.13006
1785123727,26.54345,84.58686,90,0,234,,1,27.29098,26.51246,23.06253
1785123728,26.58618,84.477,90,0,234,,1,27.39258,26.47879,23.13006
1785123728,26.64225,84.3885,90,0,234,,1,27.15551,26.37719,23.13006
1785123729,26.51675,84.271,90,0,234,,1,27.18938,26.41106,23.16393
1785123730,26.51675,84.3534,90,0,234,,1,27.25711,26.58019,23.13006
1785123730,26.5568,84.25116,90,0,234,,1,27.22325,26.47879,23.13006
1785123731,26.58618,84.35188,90,0,234,,1,27.12165,26.54632,23.0962
1785123732,26.5568,84.28321,90,0,234,,1,27.29098,26.41106,23.1978
1785123733,26.57282,84.22369,90,0,234,,1,27.29098,26.58019,23.0962
1785123733,26.59953,84.17944,90,0,234,,1,27.29098,26.34333,23.13006
1785123734,26.57282,84.04669,90,0,234,,1,27.22325,26.47879,23.02867
1785123735,26.5568,84.03601,90,0,234,,1,27.15551,26.37719,23.16393
1785123735,26.58618,84.06042,90,0,234,,1,27.18938,26.61406,23.16393
1785123736,26.57282,83.98718,90,0,234,,1,27.25711,26.47879,23.0962
1785123737,26.5301,83.90326,90,0,234,,1,27.22325,26.58019,23.0962
1785123737,26.54345,83.87579,90,0,234,,1,27.35871,26.47879,23.13006
1785123738,26.61288,83.81171,90,0,233,,1,27.22325,26.47879,23.0962
1785123739,26.47402,83.77203,90,0,234,,1,27.32484,26.44473,23.13006
1785123739,26.5568,83.78577,90,0,234,,1,27.22325,26.54632,23.06253
1785123740,26.5301,83.65606,90,0,234,,1,27.32484,26.54632,23.0962
1785123741,26.6289,83.74456,90,0,234,,1,27.35871,26.54632,22.9948
1785123741,26.6289,83.72472,90,0,234,,1,27.29098,26.44473,23.16393
1785123742,26.47402,83.57519,90,0,234,,1,27.32484,26.54632,23.06253
1785123743,26.5568,83.65148,90,0,234,,1,27.35871,26.54632,23.13006
1785123743,26.58618,83.55688,90,0,235,,1,27.25711,26.58019,23.13006
1785123744,26.6289,83.69268,90,0,234,,1,27.29098,26.44473,23.02867
1785123745,26.54345,83.59655,90,0,234,,1,27.15551,26.44473,23.06253
1785123745,26.47402,83.60723,90,0,234,,1,27.15551,26.47879,23.13006
1785123746,26.6556,83.69878,90,0,234,,1,27.15551,26.44473,22.9948
1785123747,26.59953,83.93073,90,0,234,,1,27.29098,26.44473,23.16393
1785123747,26.51675,83.9826,90,0,234,,1,27.15551,26.47879,23.13006
1785123748,26.61288,84.15198,90,0,233,,1,27.18938,26.44473,23.16393
1785123749,26.50072,84.27558,90,0,234,,1,27.18938,26.51246,23.13006
1785123750,26.54345,84.24658,90,0,234,,1,27.29098,26.37719,23.06253
1785123750,26.51675,84.36256,90,0,234,,1,27.39258,26.44473,23.0962
1785123751,26.58618,84.26948,90,0,234,,1,27.22325,26.54632,23.02867
1785123752,26.5568,84.26032,90,0,234,,1,27.35871,26.51246,23.13006
1785123752,26.6289,84.28016,90,0,234,,1,27.15551,26.47879,23.16393
1785123753,26.5568,84.15961,90,0,234,,1,27.29098,26.44473,23.0962
1785123754,26.47402,84.07263,90,0,235,,1,27.25711,26.37719,23.13006
1785123754,26.50072,84.00854,90,0,234,,1,27.25711,26.58019,23.1978
1785123755,26.58618,84.01007,90,0,235,,1,27.29098,26.44473,23.02867
1785123756,26.5301,83.90326,90,0,234,,1,27.12165,26.51246,23.02867
1785123756,26.58618,83.90784,90,0,234,,1,27.32484,26.58019,23.1978
1785123757,26.5568,83.93073,90,0,234,,1,27.22325,26.64792,23.0962
1785123758,26.5301,83.78882,90,0,234,,1,27.18938,26.54632,23.16393
1785123758,26.54345,83.87579,90,0,234,,1,27.32484,26.41106,23.0962
1785123759,26.51675,83.75372,90,0,234,,1,27.15551,26.37719,23.06253
1785123760,26.54345,83.7293,90,0,234,,1,27.22325,26.41106,23.13006
1785123760,26.47402,83.78424,90,0,234,,1,27.29098,26.47879,23.06253
1785123761,26.51675,83.84833,90,0,234,,1,27.18938,26.37719,23.16393
1785123762,26.48737,83.81781,90,0,233,,1,27.18938,26.51246,22.9948
1785123762,26.61288,83.6347,90,0,234,,1,27.18938,26.34333,23.0962
1785123763,26.54345,83.72015,90,0,234,,1,27.15551,26.51246,23.06253
1785123764,26.58618,83.73388,90,0,234,,1,27.29098,26.47879,23.13006
1785123764,26.59953,83.76593,90,0,234,,1,27.08778,26.54632,22.92727
1785123765,26.6556,83.67895,90,0,234,,1,27.18938,26.47879,23.06253
1785123766,26.54345,83.57519,90,0,234,,1,27.08778,26.51246,23.0962
1785123767,26.5568,83.59808,90,0,234,,1,27.22325,26.34333,23.06253
1785123767,26.5301,83.64385,90,0,234,,1,27.18938,26.61406,23.02867
1785123768,26.64225,83.5935,90,0,234,,1,27.29098,26.61406,23.1978
1785123769,26.58618,83.62859,90,0,234,,1,27.18938,26.51246,23.13006
1785123769,26.6289,83.45464,90,0,234,,1,27.25711,26.41106,23.13006
1785123770,26.58618,83.4638,90,0,234,,1,27.15551,26.41106,23.06253
1785123771,26.51675,83.41344,90,0,234,,1,27.18938,26.44473,23.13006
1785123771,26.54345,83.40124,90,0,233,,1,27.25711,26.47879,23.0962
1785123772,26.54345,83.40124,90,0,234,,1,27.12165,26.51246,23.06253
1785123773,26.64225,83.27306,90,0,234,,1,27.18938,26.54632,23.1978
1785123773,26.5568,83.20744,90,0,234,,1,27.22325,26.58019,23.13006
1785123774,26.61288,83.26391,90,0,234,,1,27.12165,26.51246,23.06253
1785123775,26.5301,83.19981,90,0,234,,1,27.22325,26.44473,23.06253
1785123775,26.54345,83.11131,90,0,234,,1,27.22325,26.54632,23.0962
1785123776,26.59953,83.11589,90,0,234,,1,27.15551,26.37719,23.13006
1785123777,26.51675,83.14488,90,0,234,,1,27.22325,26.41106,23.1978
1785123777,26.58618,83.06096,90,0,234,,1,27.29098,26.51246,23.1978
1785123778,26.61288,83.09911,90,0,234,,1,27.25711,26.44473,23.13006
1785123779,26.458,83.04723,90,0,234,,1,27.15551,26.58019,23.0962
1785123779,26.57282,82.99382,90,0,233,,1,27.25711,26.58019,23.0962
1785123780,26.58618,83.00755,90,0,234,,1,27.25711,26.47879,22.9948
1785123781,26.5301,83.11589,90,0,234,,1,27.32484,26.51246,23.02867
1785123781,26.44465,83.04265,90,0,234,,1,27.25711,26.37719,23.13006
1785123782,26.5568,83.02129,90,0,234,,1,27.12165,26.54632,23.13006
1785123783,26.58618,83.10216,90,0,234,,1,27.25711,26.41106,23.13006
1785123784,26.6289,83.06096,90,0,234,,1,27.15551,26.54632,23.02867
1785123784,26.61288,82.99382,90,0,234,,1,27.35871,26.58019,23.02867
1785123785,26.59953,83.01213,90,0,234,,1,27.22325,26.44473,23.06253
1785123786,26.5568,83.03044,90,0,234,,1,27.22325,26.44473,23.13006
1785123786,26.5568,83.10368,90,0,234,,1,27.25711,26.54632,23.0962
1785123787,26.5301,83.07622,90,0,234,,1,27.22325,26.47879,23.0962
1785123788,26.51675,82.9984,90,0,234,,1,27.29098,26.47879,23.13006
1785123788,26.71435,83.13573,90,0,234,,1,27.18938,26.47879,23.02867
1785123789,26.59953,83.16624,90,0,234,,1,27.18938,26.54632,23.06253
1785123790,26.51675,83.2578,90,0,234,,1,27.25711,26.61406,23.16393
1785123790,26.5568,83.1342,90,0,234,,1,27.22325,26.47879,23.0962
1785123791,26.6289,83.2868,90,0,234,,1,27.12165,26.47879,23.0962
1785123792,26.5568,83.30968,90,0,234,,1,27.22325,26.64792,23.06253
1785123792,26.54345,83.22575,90,0,234,,1,27.25711,26.44473,23.06253
1785123793,26.59953,83.42718,90,0,234,,1,27.22325,26.41106,23.13006
1785123794,26.58618,83.31884,90,0,235,,1,27.18938,26.47879,22.9948
1785123794,26.59953,83.40582,90,0,234,,1,27.25711,26.47879,23.16393
1785123795,26.68765,83.56145,90,0,234,,1,27.25711,26.41106,23.06253
1785123796,26.6289,83.59808,90,0,234,,1,27.32484,26.44473,23.06253
1785123796,26.64225,83.8819,90,0,234,,1,27.15551,26.47879,23.02867
1785123797,26.6556,83.97803,90,0,234,,1,27.25711,26.51246,23.02867
1785123798,26.5568,84.12756,90,0,234,,1,27.18938,26.44473,23.02867
1785123798,26.61288,84.11993,90,0,234,,1,27.32484,26.47879,22.9948
1785123799,26.59953,84.52125,90,0,233,,1,27.22325,26.68159,23.0962
1785123800,26.58618,84.52735,90,0,234,,1,27.25711,26.37719,23.13006
1785123800,26.54345,84.73182,90,0,234,,1,27.22325,26.47879,23.16393
1785123801,26.58618,84.7654,90,0,234,,1,27.25711,26.61406,23.06253
1785123802,26.5568,84.94392,90,0,234,,1,27.15551,26.47879,23.1978
1785123803,26.68765,85.04921,90,0,234,,1,27.25711,26.51246,23.0962
1785123803,26.59953,85.17128,90,0,234,,1,27.18938,26.47879,23.1978
1785123804,26.74372,85.28268,90,0,234,,1,27.25711,26.1742,23.0962
1785123805,26.5301,85.33761,90,0,234,,1,27.22325,26.47879,23.1978
1785123805,26.59953,85.48257,90,0,234,,1,27.15551,26.41106,23.0962
1785123806,26.6289,85.61227,90,0,234,,1,27.12165,26.51246,23.16393
1785123807,26.57282,85.64889,90,0,234,,1,27.18938,26.37719,23.0962
1785123807,26.6289,85.88235,90,0,234,,1,27.35871,26.51246,23.06253
1785123808,26.61288,86.01358,90,0,234,,1,27.29098,26.47879,23.16393
1785123809,26.58618,86.11887,90,0,234,,1,27.22325,26.58019,23.06253
1785123809,26.5568,86.26536,90,0,234,,1,27.22325,26.37719,23.0962
1785123810,26.6289,86.27451,90,0,234,,1,27.25711,26.51246,23.16393
1785123811,26.68765,86.30198,90,0,233,,1,27.32484,26.54632,23.13006
1785123811,26.6743,86.36149,90,0,234,,1,27.12165,26.51246,23.0962
1785123812,26.51675,86.36759,90,0,234,,1,27.22325,26.51246,23.0962
1785123813,26.5568,86.2974,90,0,234,,1,27.18938,26.37719,23.13006
1785123813,26.47402,86.1387,90,0,235,,1,27.18938,26.37719,23.13006
1785123814,26.701,86.00595,90,0,234,,1,27.35871,26.41106,23.0962
1785123815,26.57282,85.7847,90,0,234,,1,27.22325,26.47879,23.0962
1785123815,26.57282,85.70229,90,0,234,,1,27.32484,26.44473,23.06253
1785123816,26.57282,85.44289,90,0,234,,1,27.15551,26.47879,23.0962
1785123817,26.6289,85.22163,90,0,234,,1,27.35871,26.51246,23.06253
1785123817,26.6556,85.10414,90,0,234,,1,27.15551,26.58019,23.0962
1785123818,26.59953,84.95613,90,0,234,,1,27.12165,26.51246,23.0962
1785123819,26.51675,84.78828,90,0,234,,1,27.18938,26.24193,23.23146
1785123820,26.51675,84.74555,90,0,234,,1,27.42644,26.30946,23.0962
1785123820,26.6289,84.72419,90,0,234,,1,27.29098,26.51246,22.9948
1785123821,26.6289,84.59144,90,0,234,,1,27.18938,26.47879,23.0962
1785123822,26.58618,84.38087,90,0,234,,1,27.25711,26.51246,23.06253
1785123822,26.51675,84.41596,90,0,234,,1,27.22325,26.47879,23.06253
1785123823,26.58618,84.17792,90,0,234,,1,27.25711,26.41106,23.06253
1785123824,26.458,84.19165,90,0,235,,1,27.22325,26.41106,23.06253
1785123824,26.61288,84.06958,90,0,234,,1,27.25711,26.41106,23.02867
1785123825,26.58618,84.17792,90,0,234,,1,27.32484,26.51246,22.96113
1785123826,26.51675,84.01312,90,0,234,,1,27.32484,26.58019,23.06253
1785123826,26.5301,84.08789,90,0,234,,1,27.18938,26.47879,23.13006
1785123827,26.6743,84.0238,90,0,234,,1,27.08778,26.47879,23.06253
1785123828,26.51675,83.99176,90,0,234,,1,27.25711,26.58019,23.13006
1785123828,26.57282,83.99634,90,0,234,,1,27.15551,26.47879,23.06253
1785123829,26.5568,83.93073,90,0,234,,1,27.25711,26.64792,23.0962
1785123830,26.57282,84.07874,90,0,234,,1,27.22325,26.44473,23.06253
1785123830,26.58618,84.05127,90,0,233,,1,27.25711,26.51246,23.06253
1785123831,26.59953,84.05432,90,0,234,,1,27.32484,26.47879,23.02867
1785123832,26.61288,83.9765,90,0,234,,1,27.29098,26.41106,23.13006
1785123832,26.5301,84.08789,90,0,234,,1,27.18938,26.61406,23.06253
1785123833,26.57282,84.1001,90,0,234,,1,27.25711,26.34333,23.13006
1785123834,26.59953,84.29389,90,0,234,,1,27.12165,26.34333,23.16393
1785123834,26.5568,84.36256,90,0,234,,1,27.25711,26.37719,23.06253
1785123835,26.59953,84.55024,90,0,234,,1,27.25711,26.51246,23.02867
1785123836,26.57282,84.63721,90,0,234,,1,27.15551,26.47879,23.06253
1785123837,26.73037,84.80507,90,0,234,,1,27.29098,26.51246,23.0962
1785123837,26.57282,85.04005,90,0,233,,1,27.25711,26.41106,23.0962
1785123838,26.58618,85.23079,90,0,234,,1,27.25711,26.27559,23.13006
1785123839,26.701,85.47799,90,0,234,,1,27.12165,26.51246,23.06253
1785123839,26.61288,85.70229,90,0,234,,1,27.29098,26.54632,23.06253
1785123840,26.6289,85.90372,90,0,234,,1,27.35871,26.47879,23.13006
1785123841,26.6289,86.10971,90,0,233,,1,27.18938,26.44473,23.0962
1785123841,26.6556,86.3447,90,0,234,,1,27.35871,26.37719,22.9948
1785123842,26.57282,86.41337,90,0,233,,1,27.29098,26.47879,23.13006
1785123843,26.64225,86.52628,90,0,234,,1,27.25711,26.47879,23.23146
1785123843,26.6289,86.60563,90,0,234,,1,27.32484,26.58019,23.02867
1785123844,26.47402,86.6865,90,0,234,,1,27.39258,26.58019,23.02867
1785123845,26.6289,86.75059,90,0,234,,1,27.15551,26.51246,23.0962
1785123845,26.59953,86.49577,90,0,234,,1,27.25711,26.47879,23.0962
1785123846,26.54345,86.48051,90,0,234,,1,27.18938,26.41106,23.02867
1785123847,26.48737,86.15244,90,0,234,,1,27.25711,26.51246,23.0962
1785123847,26.5568,85.88541,90,0,234,,1,27.18938,26.34333,23.13006
1785123848,26.54345,85.47494,90,0,234,,1,27.22325,26.44473,22.9948
1785123849,26.5568,85.40932,90,0,234,,1,27.29098,26.47879,23.0962
1785123849,26.57282,85.21706,90,0,234,,1,27.25711,26.58019,23.02867
1785123850,26.5568,85.04768,90,0,234,,1,27.15551,26.44473,23.06253
1785123851,26.57282,84.82338,90,0,234,,1,27.39258,26.47879,23.06253
1785123851,26.61288,84.54414,90,0,233,,1,27.25711,26.51246,23.06253
1785123852,26.50072,84.39918,90,0,234,,1,27.35871,26.37719,23.13006
1785123853,26.58618,84.26948,90,0,234,,1,27.15551,26.58019,23.16393
1785123854,26.58618,84.14587,90,0,235,,1,27.25711,26.51246,23.13006
1785123854,26.61288,84.01923,90,0,234,,1,27.25711,26.58019,23.13006
1785123855,26.6289,84.00092,90,0,235,,1,27.15551,26.37719,23.13006
1785123856,26.5301,83.8407,90,0,234,,1,27.25711,26.54632,23.06253
1785123856,26.54345,83.73998,90,0,234,,1,27.25711,26.58019,23.06253
1785123857,26.58618,83.70184,90,0,234,,1,27.02005,26.30946,23.13006
1785123858,26.6556,83.65759,90,0,234,,1,27.18938,26.47879,23.1978
1785123858,26.61288,83.66674,90,0,234,,1,27.29098,26.41106,23.16393
1785123859,26.5568,83.84833,90,0,234,,1,27.25711,26.44473,23.06253
1785123860,26.58618,83.60723,90,0,234,,1,27.35871,26.51246,22.9948
1785123860,26.54345,83.73998,90,0,234,,1,27.18938,26.37719,23.06253
1785123861,26.5301,83.60265,90,0,234,,1,27.22325,26.51246,23.0962
1785123862,26.64225,83.67437,90,0,234,,1,27.35871,26.37719,23.13006
1785123862,26.61288,83.6469,90,0,235,,1,27.22325,26.41106,23.13006
1785123863,26.50072,83.57366,90,0,234,,1,27.25711,26.58019,23.02867
1785123864,26.50072,83.58434,90,0,234,,1,27.22325,26.51246,23.13006
1785123864,26.50072,83.54314,90,0,234,,1,27.18938,26.37719,23.0962
1785123865,26.54345,83.36919,90,0,234,,1,27.18938,26.47879,23.13006
1785123866,26.58618,83.56603,90,0,234,,1,27.25711,26.47879,23.0962
1785123866,26.58618,83.56603,90,0,234,,1,27.22325,26.54632,23.13006
1785123867,26.458,83.3875,90,0,234,,1,27.25711,26.51246,23.06253
1785123868,26.58618,83.59655,90,0,234,,1,27.29098,26.24193,23.02867
1785123868,26.51675,83.41344,90,0,234,,1,27.22325,26.54632,23.06253
1785123869,26.59953,83.42718,90,0,234,,1,27.35871,26.44473,23.13006
1785123870,26.54345,83.4287,90,0,234,,1,27.32484,26.47879,23.13006
1785123871,26.57282,83.33562,90,0,234,,1,27.29098,26.37719,23.02867
1785123871,26.54345,83.28527,90,0,234,,1,27.08778,26.47879,23.13006
1785123872,26.58618,83.52483,90,0,234,,1,27.29098,26.47879,23.13006
1785123873,26.6289,83.23643,90,0,234,,1,27.22325,26.41106,23.23146
1785123873,26.59953,83.28069,90,0,234,,1,27.42644,26.47879,23.02867
1785123874,26.51675,83.36309,90,0,234,,1,27.15551,26.47879,23.13006
1785123875,26.51675,83.38293,90,0,234,,1,27.18938,26.44473,23.16393
1785123875,26.54345,83.25475,90,0,234,,1,27.29098,26.34333,23.06253
1785123876,26.57282,83.30358,90,0,234,,1,27.18938,26.37719,23.0962
1785123877,26.6289,83.22728,90,0,234,,1,27.25711,26.47879,23.0962
1785123877,26.58618,83.2868,90,0,234,,1,27.08778,26.47879,23.0962
1785123878,26.57282,83.33562,90,0,234,,1,27.22325,26.54632,23.13006
1785123879,26.5301,83.33562,90,0,234,,1,27.22325,26.51246,23.06253
1785123879,26.6743,83.37225,90,0,234,,1,27.15551,26.41106,23.13006
1785123880,26.44465,83.34173,90,0,234,,1,27.18938,26.44473,23.02867
1785123881,26.58618,83.40124,90,0,234,,1,27.15551,26.41106,23.0962
1785123881,26.61288,83.5111,90,0,234,,1,27.22325,26.54632,22.9948
1785123882,26.6556,83.49279,90,0,234,,1,27.18938,26.54632,23.13006
1785123883,26.6556,83.67895,90,0,234,,1,27.25711,26.47879,23.0962
1785123883,26.5568,83.76593,90,0,234,,1,27.08778,26.47879,23.16393
1785123884,26.51675,83.67132,90,0,234,,1,27.15551,26.47879,23.13006
1785123885,26.47402,83.7522,90,0,234,,1,27.29098,26.58019,23.06253
1785123885,26.51675,83.82697,90,0,234,,1,27.15551,26.44473,23.13006
1785123886,26.57282,83.91394,90,0,234,,1,27.32484,26.61406,23.13006
1785123887,26.54345,84.10162,90,0,234,,1,27.22325,26.37719,23.02867
1785123887,26.5568,84.09552,90,0,234,,1,27.32484,26.41106,23.06253
1785123888,26.59953,84.3473,90,0,234,,1,27.18938,26.47879,23.06253
1785123889,26.58618,84.36103,90,0,234,,1,27.22325,26.54632,23.02867
1785123890,26.51675,84.59144,90,0,234,,1,27.15551,26.51246,23.1978
1785123890,26.59953,84.82948,90,0,234,,1,27.22325,26.68159,23.13006
1785123891,26.71435,85.05836,90,0,234,,1,27.32484,26.54632,23.13006
1785123892,26.61288,85.16365,90,0,234,,1,27.25711,26.41106,23.06253
1785123892,26.58618,85.34219,90,0,234,,1,27.25711,26.47879,23.13006
1785123893,26.57282,85.55733,90,0,234,,1,27.18938,26.41106,23.0962
1785123894,26.6289,85.78012,90,0,234,,1,27.18938,26.58019,23.02867
1785123894,26.68765,85.96933,90,0,234,,1,27.05412,26.54632,23.0962
1785123895,26.59953,86.1326,90,0,234,,1,27.15551,26.37719,23.0962
1785123896,26.6743,86.34013,90,0,233,,1,27.32484,26.58019,23.13006
1785123896,26.59953,86.56748,90,0,234,,1,27.18938,26.34333,23.06253
1785123897,26.6556,86.69566,90,0,234,,1,27.25711,26.47879,23.06253
1785123898,26.59953,86.81621,90,0,234,,1,27.18938,26.44473,23.1978
1785123898,26.58618,86.97643,90,0,234,,1,27.22325,26.51246,22.9948
1785123899,26.64225,87.1458,90,0,234,,1,27.25711,26.37719,23.13006
1785123900,26.6289,86.99779,90,0,234,,1,27.35871,26.54632,23.16393
1785123900,26.54345,86.8925,90,0,234,,1,27.25711,26.47879,23.0962
1785123901,26.59953,86.9398,90,0,234,,1,27.32484,26.54632,23.13006
1785123902,26.58618,86.99779,90,0,234,,1,27.32484,26.47879,23.0962
1785123902,26.5568,86.99779,90,0,234,,1,27.25711,26.44473,23.0962
1785123903,26.59953,86.9398,90,0,234,,1,27.39258,26.58019,23.06253
1785123904,26.701,86.89403,90,0,234,,1,27.39258,26.37719,22.92727
1785123904,26.68765,86.95354,90,0,234,,1,27.15551,26.30946,23.13006
1785123905,26.61288,86.91234,90,0,234,,1,27.22325,26.44473,23.0962
1785123906,26.61288,86.86046,90,0,234,,1,27.32484,26.34333,23.06253
1785123907,26.54345,86.92455,90,0,234,,1,27.35871,26.47879,23.13006
1785123907,26.48737,87.13206,90,0,234,,1,27.25711,26.34333,23.06253
1785123908,26.59953,87.11375,90,0,234,,1,27.12165,26.44473,23.06253
1785123909,26.5568,87.20531,90,0,234,,1,27.25711,26.37719,23.0962
1785123909,26.61288,87.33349,90,0,234,,1,27.25711,26.30946,23.06253
1785123910,26.5301,87.33196,90,0,234,,1,27.25711,26.37719,23.0962
1785123911,26.6289,87.31823,90,0,234,,1,27.22325,26.44473,23.0962
1785123911,26.5568,87.36095,90,0,234,,1,27.25711,26.41106,23.02867
1785123912,26.64225,87.4876,90,0,234,,1,27.22325,26.58019,23.06253
1785123913,26.58618,87.46166,90,0,234,,1,27.25711,26.54632,23.13006
1785123913,26.68765,87.52117,90,0,234,,1,27.29098,26.44473,23.02867
1785123914,26.6289,87.48455,90,0,234,,1,27.25711,26.47879,23.0962
1785123915,26.68765,87.59441,90,0,234,,1,27.32484,26.47879,23.02867
1785123915,26.57282,87.61272,90,0,234,,1,27.29098,26.44473,23.06253
1785123916,26.58618,87.60662,90,0,234,,1,27.18938,26.51246,22.9948
1785123917,26.6743,87.78516,90,0,234,,1,27.15551,26.44473,23.06253
1785123917,26.71435,87.88129,90,0,233,,1,27.29098,26.44473,23.1978
1785123918,26.61288,87.97437,90,0,234,,1,27.29098,26.41106,23.06253
1785123919,26.68765,88.1712,90,0,234,,1,27.32484,26.58019,23.06253
1785123919,26.6289,88.22919,90,0,234,,1,27.29098,26.58019,23.0962
1785123920,26.6556,88.3299,90,0,234,,1,27.25711,26.47879,23.0962
1785123921,26.71435,88.3772,90,0,234,,1,27.29098,26.54632,23.16393
1785123921,26.59953,88.42603,90,0,234,,1,27.05412,26.58019,23.06253
1785123922,26.64225,88.59541,90,0,235,,1,27.05412,26.61406,23.06253
1785123923,26.59953,88.64271,90,0,234,,1,27.18938,26.51246,23.0962
1785123924,26.6289,88.67323,90,0,234,,1,27.08778,26.51246,23.13006
1785123924,26.58618,88.72358,90,0,234,,1,27.15551,26.41106,23.02867
1785123925,26.58618,88.65034,90,0,234,,1,27.18938,26.34333,23.06253
1785123926,26.58618,88.50538,90,0,234,,1,27.32484,26.51246,23.0962
1785123926,26.58618,88.34058,90,0,234,,1,27.35871,26.44473,23.13006
1785123927,26.58618,88.09186,90,0,234,,1,27.22325,26.37719,23.0962
1785123928,26.61288,87.89502,90,0,234,,1,27.22325,26.44473,23.13006
1785123928,26.50072,87.57153,90,0,234,,1,27.29098,26.47879,23.16393
1785123929,26.58618,87.29534,90,0,234,,1,27.15551,26.44473,23.06253
1785123930,26.54345,86.94438,90,0,234,,1,27.25711,26.30946,23.1978
1785123930,26.5301,86.69108,90,0,234,,1,27.22325,26.44473,23.02867
1785123931,26.5301,86.38132,90,0,234,,1,27.29098,26.44473,23.0962
1785123932,26.50072,86.01358,90,0,234,,1,27.29098,26.54632,23.02867
1785123932,26.54345,85.97238,90,0,235,,1,27.22325,26.64792,23.06253
1785123933,26.6289,85.79996,90,0,234,,1,27.18938,26.44473,23.06253
1785123934,26.59953,85.55581,90,0,234,,1,27.05412,26.41106,23.0962
1785123934,26.54345,85.4551,90,0,234,,1,27.18938,26.37719,22.9948
1785123935,26.50072,85.4551,90,0,234,,1,27.22325,26.44473,23.13006
1785123936,26.58618,85.28115,90,0,234,,1,27.25711,26.44473,23.16393
1785123936,26.51675,85.20027,90,0,234,,1,27.12165,26.47879,23.0962
1785123937,26.58618,85.19875,90,0,234,,1,27.22325,26.51246,23.02867
1785123938,26.5568,85.19112,90,0,234,,1,27.22325,26.51246,23.06253
1785123938,26.5301,85.03853,90,0,234,,1,27.22325,26.51246,23.0962
1785123939,26.5568,85.11787,90,0,234,,1,27.18938,26.58019,23.06253
1785123940,26.58618,85.01259,90,0,234,,1,27.15551,26.51246,23.06253
1785123941,26.54345,84.95766,90,0,234,,1,27.22325,26.51246,23.06253
1785123941,26.5301,84.91493,90,0,234,,1,27.29098,26.51246,23.02867
1785123942,26.51675,84.9836,90,0,234,,1,27.25711,26.41106,23.16393
1785123943,26.51675,84.87984,90,0,234,,1,27.22325,26.58019,23.06253
1785123943,26.458,84.95613,90,0,234,,1,27.25711,26.58019,22.9948
1785123944,26.48737,84.77913,90,0,234,,1,27.29098,26.44473,23.02867
1785123945,26.6289,84.8188,90,0,234,,1,27.25711,26.44473,23.13006
1785123945,26.5568,84.7776,90,0,234,,1,27.25711,26.51246,23.13006
1785123946,26.54345,84.69062,90,0,234,,1,27.42644,26.68159,23.06253
1785123947,26.5301,84.76997,90,0,234,,1,27.18938,26.47879,23.16393
1785123947,26.54345,84.73182,90,0,234,,1,27.15551,26.47879,23.06253
1785123948,26.5568,84.654,90,0,234,,1,27.22325,26.58019,23.13006
1785123949,26.5301,84.75013,90,0,234,,1,27.08778,26.41106,23.02867
1785123949,26.50072,84.57618,90,0,234,,1,27.22325,26.54632,23.06253
1785123950,26.51675,84.64484,90,0,234,,1,27.29098,26.30946,23.0962
1785123951,26.61288,84.67841,90,0,234,,1,27.39258,26.54632,23.06253
1785123951,26.5301,84.61433,90,0,234,,1,27.32484,26.54632,23.0962
1785123952,26.5568,84.58076,90,0,234,,1,27.18938,26.54632,23.16393
1785123953,26.57282,84.63721,90,0,234,,1,27.22325,26.47879,23.02867
1785123953,26.44465,84.62348,90,0,234,,1,27.18938,26.47879,23.0962
1785123954,26.57282,84.52277,90,0,234,,1,27.22325,26.41106,23.13006
1785123955,26.5568,84.64484,90,0,234,,1,27.22325,26.61406,23.16393
1785123955,26.48737,84.50904,90,0,234,,1,27.35871,26.47879,23.13006
1785123956,26.59953,84.63569,90,0,234,,1,27.25711,26.54632,23.0962
1785123957,26.4313,84.64027,90,0,234,,1,27.32484,26.47879,23.02867
1785123958,26.58618,84.88899,90,0,234,,1,27.18938,26.41106,23.0962
1785123958,26.54345,84.83406,90,0,234,,1,27.18938,26.44473,23.06253
1785123959,26.5568,85.04768,90,0,234,,1,27.22325,26.58019,23.13006
1785123960,26.57282,85.1133,90,0,234,,1,27.29098,26.37719,23.02867
1785123960,26.5301,85.26437,90,0,234,,1,27.12165,26.54632,23.0962
1785123961,26.58618,85.51003,90,0,234,,1,27.18938,26.51246,23.16393
1785123962,26.50072,85.52834,90,0,234,,1,27.15551,26.44473,23.02867
1785123962,26.6289,85.67635,90,0,235,,1,27.12165,26.44473,22.9948
1785123963,26.57282,85.91745,90,0,234,,1,26.98638,26.47879,23.16393
1785123964,26.59953,86.20584,90,0,234,,1,27.15551,26.64792,23.13006
1785123964,26.58618,86.3859,90,0,234,,1,27.22325,26.34333,23.0962
1785123965,26.61288,86.66361,90,0,234,,1,27.25711,26.37719,23.0962
1785123966,26.6289,86.95811,90,0,234,,1,27.29098,26.44473,23.13006
1785123966,26.61288,87.0573,90,0,234,,1,27.22325,26.54632,23.0962
1785123967,26.58618,87.37926,90,0,234,,1,27.22325,26.44473,23.1978
1785123968,26.57282,87.51049,90,0,234,,1,27.22325,26.47879,23.06253
1785123968,26.68765,87.73937,90,0,234,,1,27.18938,26.44473,23.16393
1785123969,26.5568,87.95911,90,0,234,,1,27.25711,26.51246,23.06253
1785123970,26.59953,88.21088,90,0,234,,1,27.25711,26.58019,22.9948
1785123970,26.59953,88.25208,90,0,234,,1,27.18938,26.47879,23.1978
1785123971,26.6556,88.3299,90,0,234,,1,27.02005,26.47879,23.06253
1785123972,26.6289,88.43519,90,0,234,,1,27.25711,26.47879,23.16393
1785123972,26.57282,88.31617,90,0,235,,1,27.18938,26.58019,23.02867
1785123973,26.6289,88.38178,90,0,234,,1,27.25711,26.41106,23.06253
1785123974,26.58618,88.3299,90,0,234,,1,27.29098,26.64792,23.02867
1785123974,26.64225,88.26276,90,0,234,,1,27.29098,26.51246,23.0962
1785123975,26.58618,88.23529,90,0,234,,1,27.32484,26.41106,23.06253
1785123976,26.59953,88.10559,90,0,234,,1,27.25711,26.54632,23.1978
1785123977,26.6289,88.15594,90,0,234,,1,27.22325,26.51246,23.13006
1785123977,26.59953,88.01404,90,0,234,,1,27.18938,26.61406,23.0962
1785123978,26.57282,88.00641,90,0,234,,1,27.35871,26.37719,23.02867
1785123979,26.68765,88.08881,90,0,234,,1,27.18938,26.34333,23.13006
1785123979,26.6556,88.0415,90,0,234,,1,27.32484,26.41106,23.0962
1785123980,26.54345,88.0293,90,0,234,,1,27.29098,26.44473,23.02867
1785123981,26.54345,88.10101,90,0,234,,1,27.22325,26.54632,23.02867
1785123981,26.58618,88.0705,90,0,234,,1,27.35871,26.58019,23.16393
1785123982,26.57282,87.95453,90,0,234,,1,27.32484,26.41106,23.06253
1785123983,26.47402,87.88281,90,0,234,,1,27.25711,26.44473,23.06253
1785123983,26.54345,87.85382,90,0,234,,1,27.12165,26.51246,23.1978
1785123984,26.5301,87.6936,90,0,234,,1,27.25711,26.47879,23.16393
1785123985,26.61288,87.64477,90,0,234,,1,27.25711,26.34333,23.1978
1785123985,26.54345,87.68902,90,0,234,,1,27.25711,26.68159,23.0962
1785123986,26.54345,87.49218,90,0,234,,1,27.25711,26.54632,23.0962
1785123987,26.58618,87.43267,90,0,234,,1,27.12165,26.54632,23.13006
1785123987,26.54345,87.36858,90,0,234,,1,27.25711,26.41106,23.02867
1785123988,26.58618,87.32738,90,0,234,,1,27.15551,26.51246,23.23146
1785123989,26.54345,87.33654,90,0,234,,1,27.29098,26.51246,23.06253
1785123989,26.58618,87.38842,90,0,234,,1,27.42644,26.44473,23.13006
1785123990,26.54345,87.46929,90,0,234,,1,27.25711,26.51246,23.02867
1785123991,26.51675,87.5349,90,0,234,,1,27.25711,26.54632,23.0962
1785123991,26.51675,87.6173,90,0,234,,1,27.22325,26.54632,23.0962
1785123992,26.5301,87.57915,90,0,235,,1,27.15551,26.47879,23.06253
1785123993,26.57282,87.72717,90,0,234,,1,27.18938,26.51246,23.06253
1785123994,26.57282,87.80957,90,0,234,,1,27.22325,26.44473,23.02867
1785123994,26.5568,87.73174,90,0,234,,1,27.22325,26.58019,23.0962
1785123995,26.59953,87.93164,90,0,234,,1,27.12165,26.41106,23.13006
1785123996,26.61288,88.01862,90,0,234,,1,27.18938,26.44473,23.0962
1785123996,26.59953,88.16968,90,0,234,,1,27.15551,26.51246,23.06253
1785123997,26.59953,88.19867,90,0,234,,1,27.29098,26.44473,23.0962
1785123998,26.54345,88.30701,90,0,234,,1,27.29098,26.47879,23.0962
1785123998,26.6289,88.47639,90,0,234,,1,27.25711,26.54632,23.13006
1785123999,26.5568,88.37263,90,0,234,,1,27.18938,26.47879,23.16393
1785124000,26.68765,88.45045,90,0,234,,1,27.29098,26.51246,23.13006
1785124000,26.64225,88.52216,90,0,234,,1,27.25711,26.41106,23.06253
1785124001,26.58618,88.36195,90,0,234,,1,27.29098,26.44473,23.0962
1785124002,26.5568,88.38178,90,0,234,,1,27.32484,26.44473,23.06253
1785124002,26.5301,88.07507,90,0,234,,1,27.32484,26.44473,23.13006
1785124003,26.58618,87.92706,90,0,234,,1,27.32484,26.47879,23.06253
1785124004,26.4313,87.63409,90,0,234,,1,27.22325,26.51246,23.06253
1785124004,26.57282,87.53033,90,0,234,,1,27.29098,26.47879,23.13006
1785124005,26.54345,87.41894,90,0,234,,1,27.15551,26.47879,23.0962
1785124006,26.57282,87.20988,90,0,234,,1,27.15551,26.44473,23.13006
1785124006,26.48737,87.11223,90,0,234,,1,27.25711,26.64792,23.0962
1785124007,26.54345,87.15953,90,0,234,,1,27.25711,26.27559,23.02867
1785124008,26.61288,87.14885,90,0,234,,1,27.29098,26.51246,23.0962
1785124008,26.5568,86.95811,90,0,234,,1,27.29098,26.41106,22.9948
1785124009,26.50072,87.06645,90,0,234,,1,27.29098,26.47879,23.0962
1785124010,26.54345,86.99474,90,0,234,,1,27.12165,26.61406,22.9948
1785124011,26.50072,86.92149,90,0,234,,1,27.39258,26.47879,23.16393
1785124011,26.50072,86.99321,90,0,234,,1,27.25711,26.64792,23.06253
1785124012,26.58618,86.94438,90,0,234,,1,27.22325,26.61406,23.13006
1785124013,26.5301,86.9398,90,0,234,,1,27.32484,26.34333,22.9948
1785124013,26.47402,86.87114,90,0,234,,1,27.39258,26.58019,23.16393
1785124014,26.51675,87.00847,90,0,234,,1,27.29098,26.37719,23.0962
1785124015,26.57282,86.93065,90,0,234,,1,27.29098,26.47879,23.06253
1785124015,26.5301,86.89861,90,0,234,,1,27.29098,26.58019,23.0962
1785124016,26.57282,87.02525,90,0,234,,1,27.22325,26.51246,23.1978
1785124017,26.51675,87.03899,90,0,234,,1,27.18938,26.61406,23.16393
1785124017,26.54345,87.0985,90,0,234,,1,27.12165,26.44473,23.0962
1785124018,26.58618,87.22362,90,0,234,,1,27.18938,26.47879,23.06253
1785124019,26.5568,87.25872,90,0,234,,1,27.22325,26.47879,23.0962
1785124019,26.5568,87.34112,90,0,233,,1,27.29098,26.47879,23.0962
1785124020,26.64225,87.34264,90,0,234,,1,27.32484,26.51246,23.16393
1785124021,26.5568,87.54711,90,0,234,,1,27.18938,26.51246,23.02867
1785124021,26.51675,87.47387,90,0,234,,1,27.25711,26.47879,23.02867
1785124022,26.57282,87.53033,90,0,234,,1,27.18938,26.51246,23.06253
1785124023,26.58618,87.73174,90,0,234,,1,27.35871,26.58019,23.02867
1785124023,26.51675,87.79431,90,0,234,,1,27.29098,26.54632,23.06253
1785124024,26.59953,87.75464,90,0,234,,1,27.25711,26.58019,23.06253
1785124025,26.61288,87.65392,90,0,234,,1,27.29098,26.37719,23.02867
1785124025,26.51675,87.46166,90,0,234,,1,27.22325,26.41106,23.06253
1785124026,26.6289,87.44335,90,0,234,,1,27.18938,26.41106,23.0962
1785124027,26.54345,87.11833,90,0,233,,1,27.15551,26.51246,23.0962
1785124028,26.57282,86.86961,90,0,234,,1,27.18938,26.54632,23.0962
1785124028,26.54345,86.67429,90,0,234,,1,27.18938,26.58019,23.13006
1785124029,26.5301,86.34013,90,0,234,,1,27.35871,26.51246,23.0962
1785124030,26.5568,86.10971,90,0,234,,1,27.32484,26.47879,23.0962
1785124030,26.51675,85.90372,90,0,234,,1,27.35871,26.51246,23.02867
1785124031,26.5301,85.67025,90,0,234,,1,27.22325,26.44473,22.9948
1785124032,26.5301,85.39101,90,0,234,,1,27.22325,26.47879,23.13006
1785124032,26.47402,85.21858,90,0,235,,1,27.15551,26.37719,23.0962
1785124033,26.59953,84.86153,90,0,234,,1,27.22325,26.51246,23.06253
1785124034,26.50072,84.80202,90,0,234,,1,27.12165,26.51246,23.16393
1785124034,26.48737,84.63569,90,0,234,,1,27.29098,26.44473,22.96113
1785124035,26.51675,84.5182,90,0,234,,1,27.29098,26.58019,23.13006
1785124036,26.5301,84.35645,90,0,234,,1,27.39258,26.54632,23.13006
1785124036,26.61288,84.27558,90,0,234,,1,27.25711,26.51246,23.0962
1785124037,26.59953,84.15045,90,0,234,,1,27.08778,26.47879,23.06253
1785124038,26.58618,84.02228,90,0,234,,1,27.29098,26.58019,23.13006
1785124038,26.51675,83.95056,90,0,234,,1,27.29098,26.44473,23.13006
1785124039,26.51675,83.72167,90,0,234,,1,27.12165,26.58019,23.0962
1785124040,26.5301,83.75677,90,0,234,,1,27.08778,26.47879,23.06253
1785124040,26.51675,83.77509,90,0,234,,1,27.18938,26.41106,22.9948
1785124041,26.44465,83.73388,90,0,234,,1,27.25711,26.51246,23.06253
1785124042,26.47402,83.78424,90,0,234,,1,27.22325,26.47879,23.1978
1785124042,26.4313,83.61639,90,0,235,,1,27.22325,26.41106,23.16393
1785124043,26.5568,83.54772,90,0,234,,1,27.35871,26.64792,23.16393
1785124044,26.54345,83.5462,90,0,234,,1,27.29098,26.51246,23.0962
1785124044,26.4313,83.47295,90,0,234,,1,27.29098,26.58019,23.0962
1785124045,26.48737,83.43633,90,0,234,,1,27.18938,26.64792,23.0962
1785124046,26.50072,83.4699,90,0,234,,1,27.22325,26.51246,23.13006
1785124047,26.5568,83.47448,90,0,234,,1,27.22325,26.41106,23.1978
1785124047,26.54345,83.53399,90,0,234,,1,27.18938,26.51246,23.0962
1785124048,26.5568,83.59808,90,0,234,,1,27.22325,26.44473,23.13006
1785124049,26.5568,83.55993,90,0,234,,1,27.22325,26.47879,23.13006
1785124049,26.57282,83.74761,90,0,234,,1,27.25711,26.51246,23.13006
1785124050,26.5301,83.83002,90,0,234,,1,27.15551,26.51246,23.02867
1785124051,26.57282,83.95514,90,0,234,,1,27.25711,26.44473,23.06253
1785124051,26.57282,84.06805,90,0,234,,1,27.15551,26.51246,23.13006
1785124052,26.54345,84.08179,90,0,234,,1,27.29098,26.41106,23.06253
1785124053,26.51675,84.1474,90,0,234,,1,27.18938,26.54632,23.02867
1785124054,26.54345,84.11383,90,0,234,,1,27.05412,26.61406,23.13006
1785124054,26.54345,84.27863,90,0,234,,1,27.22325,26.44473,22.9948
1785124055,26.458,84.13214,90,0,234,,1,27.15551,26.51246,22.9948
1785124055,26.48737,84.11841,90,0,234,,1,27.08778,26.51246,22.9948
1785124056,26.57282,83.9765,90,0,234,,1,27.25711,26.44473,23.06253
1785124057,26.59953,83.93073,90,0,234,,1,27.25711,26.47879,23.13006
1785124057,26.5568,83.88953,90,0,233,,1,27.35871,26.41106,23.13006
1785124058,26.54345,83.84528,90,0,234,,1,27.22325,26.61406,23.06253
1785124059,26.51675,83.75372,90,0,234,,1,27.29098,26.51246,23.13006
1785124059,26.61288,83.69878,90,0,234,,1,27.29098,26.47879,23.06253
1785124060,26.48737,83.66521,90,0,234,,1,27.18938,26.47879,23.13006
1785124061,26.50072,83.6469,90,0,234,,1,27.25711,26.54632,23.0962
1785124061,26.54345,83.55535,90,0,234,,1,27.18938,26.54632,23.02867
1785124062,26.50072,83.62554,90,0,235,,1,27.29098,26.41106,23.0962
1785124063,26.44465,83.61028,90,0,234,,1,27.22325,26.47879,23.0962
1785124064,26.48737,83.51873,90,0,234,,1,27.32484,26.47879,23.02867
1785124064,26.5301,83.50042,90,0,234,,1,27.22325,26.44473,23.16393
1785124065,26.50072,83.49126,90,0,234,,1,27.32484,26.41106,23.0962
1785124066,26.5301,83.5523,90,0,234,,1,27.15551,26.47879,23.0962
1785124066,26.701,83.52483,90,0,234,,1,27.29098,26.47879,23.0962
1785124067,26.57282,83.60265,90,0,234,,1,27.39258,26.58019,23.0962
1785124068,26.58618,83.64843,90,0,234,,1,27.29098,26.34333,23.02867
1785124068,26.458,83.60265,90,0,234,,1,27.25711,26.54632,23.13006
1785124069,26.5568,83.64233,90,0,234,,1,27.35871,26.44473,23.13006
1785124070,26.58618,83.80408,90,0,234,,1,27.25711,26.41106,22.9948
1785124070,26.5568,83.86816,90,0,234,,1,27.05412,26.47879,23.0962
1785124071,26.57282,83.91394,90,0,234,,1,27.32484,26.47879,23.0962
1785124072,26.5568,83.82697,90,0,234,,1,27.29098,26.44473,23.0962
1785124072,26.61288,83.89563,90,0,234,,1,27.18938,26.34333,23.06253
1785124073,26.54345,83.95819,90,0,234,,1,27.25711,26.58019,23.0962
1785124074,26.61288,84.02838,90,0,234,,1,27.29098,26.41106,23.02867
1785124074,26.4313,83.90479,90,0,234,,1,27.12165,26.54632,23.13006
1785124075,26.5568,83.99176,90,0,234,,1,27.29098,26.41106,23.06253
1785124076,26.54345,83.96887,90,0,234,,1,27.29098,26.44473,23.06253
1785124076,26.58618,84.08331,90,0,234,,1,27.25711,26.47879,23.0962
1785124077,26.5568,84.04211,90,0,234,,1,27.15551,26.61406,23.0962
1785124078,26.5568,84.08636,90,0,234,,1,27.18938,26.51246,23.06253
1785124078,26.59953,84.05432,90,0,234,,1,27.29098,26.37719,23.13006
1785124079,26.51675,83.95972,90,0,234,,1,27.12165,26.34333,23.0962
1785124080,26.57282,83.96735,90,0,234,,1,27.15551,26.47879,23.06253
1785124081,26.5568,83.9826,90,0,234,,1,27.18938,26.47879,23.13006
1785124081,26.57282,83.95514,90,0,233,,1,27.25711,26.47879,23.0962
1785124082,26.57282,84.1413,90,0,234,,1,27.29098,26.54632,23.13006
1785124083,26.5301,84.1413,90,0,234,,1,27.25711,26.47879,23.13006
1785124083,26.57282,84.13214,90,0,234,,1,27.15551,26.58019,23.0962
1785124084,26.61288,84.1001,90,0,234,,1,27.05412,26.44473,23.1978
1785124085,26.5568,84.09552,90,0,234,,1,27.18938,26.61406,23.13006
1785124085,26.51675,84.06348,90,0,234,,1,27.32484,26.37719,23.16393
1785124086,26.57282,84.0177,90,0,234,,1,27.25711,26.51246,23.13006
1785124087,26.59953,84.09705,90,0,234,,1,27.39258,26.44473,23.06253
1785124087,26.5568,84.04211,90,0,234,,1,27.12165,26.44473,23.13006
1785124088,26.5568,84.05432,90,0,234,,1,27.25711,26.51246,23.06253
1785124089,26.57282,84.11993,90,0,234,,1,27.12165,26.54632,23.02867
1785124089,26.61288,84.19318,90,0,234,,1,27.32484,26.44473,23.0962
1785124090,26.5301,84.19165,90,0,234,,1,27.35871,26.51246,23.13006
1785124091,26.61288,84.23438,90,0,234,,1,27.25711,26.34333,23.06253
1785124091,26.6289,84.271,90,0,234,,1,27.22325,26.54632,23.02867
1785124092,26.47402,84.20691,90,0,234,,1,27.22325,26.58019,23.0962
1785124093,26.59953,84.36561,90,0,234,,1,27.12165,26.47879,23.13006
1785124093,26.6556,84.36103,90,0,234,,1,27.18938,26.47879,23.0962
1785124094,26.5301,84.3061,90,0,234,,1,27.22325,26.51246,23.0962
1785124095,26.58618,84.26948,90,0,234,,1,27.29098,26.44473,23.06253
1785124095,26.64225,84.23285,90,0,234,,1,27.15551,26.47879,23.02867
1785124096,26.58618,84.16571,90,0,234,,1,27.25711,26.54632,23.0962
1785124097,26.61288,84.15198,90,0,234,,1,27.32484,26.51246,23.16393
1785124098,26.51675,84.05432,90,0,234,,1,27.25711,26.54632,23.02867
1785124098,26.54345,84.04974,90,0,234,,1,27.18938,26.44473,22.9948
1785124099,26.458,84.02686,90,0,234,,1,27.25711,26.41106,23.06253
1785124100,26.54345,84.15503,90,0,234,,1,27.32484,26.61406,23.06253
1785124100,26.57282,84.00854,90,0,234,,1,27.22325,26.47879,23.0962
1785124101,26.57282,84.07874,90,0,234,,1,27.29098,26.24193,23.13006
1785124102,26.6289,84.12451,90,0,234,,1,27.22325,26.44473,23.02867
1785124102,26.58618,84.14587,90,0,235,,1,27.32484,26.58019,23.1978
1785124103,26.54345,84.09247,90,0,234,,1,27.08778,26.44473,23.06253
1785124104,26.6556,84.21606,90,0,234,,1,27.25711,26.51246,23.0962
1785124104,26.57282,84.06805,90,0,234,,1,27.29098,26.54632,23.06253
1785124105,26.6289,84.13672,90,0,234,,1,27.25711,26.34333,23.0962
1785124106,26.6289,84.15656,90,0,234,,1,27.39258,26.41106,23.02867
1785124106,26.57282,84.00854,90,0,234,,1,27.22325,26.41106,23.06253
1785124107,26.58618,84.01007,90,0,234,,1,27.25711,26.47879,23.06253
1785124108,26.50072,83.95514,90,0,234,,1,27.22325,26.47879,23.0962
1785124108,26.58618,83.90784,90,0,234,,1,27.18938,26.54632,23.0962
1785124109,26.59953,83.84985,90,0,234,,1,27.25711,26.51246,23.06253
1785124110,26.5301,83.77966,90,0,234,,1,27.18938,26.51246,22.9948
1785124110,26.54345,83.69878,90,0,234,,1,27.15551,26.44473,23.16393
1785124111,26.61288,83.65606,90,0,234,,1,27.29098,26.47879,23.0962
1785124112,26.58618,83.58739,90,0,234,,1,27.12165,26.41106,23.13006
1785124112,26.5301,83.56145,90,0,235,,1,27.32484,26.51246,23.0962
1785124113,26.5301,83.59197,90,0,234,,1,27.18938,26.51246,23.02867
1785124114,26.58618,83.505,90,0,234,,1,27.35871,26.58019,23.06253
1785124115,26.57282,83.39666,90,0,234,,1,27.15551,26.44473,23.06253
1785124115,26.59953,83.39513,90,0,234,,1,27.22325,26.51246,23.1978
1785124116,26.57282,83.37682,90,0,234,,1,27.32484,26.54632,23.06253
1785124117,26.6289,83.36004,90,0,234,,1,27.32484,26.51246,23.13006
1785124117,26.54345,83.23491,90,0,234,,1,27.18938,26.51246,23.0962
1785124118,26.47402,83.48363,90,0,234,,1,27.32484,26.44473,23.0962
1785124119,26.61288,83.4287,90,0,234,,1,27.22325,26.41106,23.06253
1785124119,26.59953,83.31274,90,0,234,,1,27.25711,26.51246,23.13006
1785124120,26.64225,83.46838,90,0,234,,1,27.18938,26.44473,23.02867
1785124121,26.5301,83.46838,90,0,234,,1,27.25711,26.51246,23.06253
1785124121,26.54345,83.53399,90,0,234,,1,27.32484,26.54632,23.02867
1785124122,26.5301,83.41497,90,0,234,,1,27.39258,26.71565,23.13006
1785124123,26.5568,83.61028,90,0,234,,1,27.29098,26.41106,23.06253
1785124123,26.54345,83.66979,90,0,234,,1,27.22325,26.51246,23.06253
1785124124,26.5301,83.66521,90,0,234,,1,27.29098,26.44473,22.9948
1785124125,26.57282,83.66674,90,0,234,,1,27.18938,26.51246,23.02867
1785124125,26.5301,83.68505,90,0,234,,1,27.15551,26.54632,23.0962
1785124126,26.5301,83.69726,90,0,234,,1,27.22325,26.41106,23.13006
1785124127,26.51675,83.73388,90,0,234,,1,27.15551,26.54632,23.0962
1785124127,26.54345,83.82239,90,0,234,,1,27.22325,26.47879,22.9948
1785124128,26.57282,83.7995,90,0,234,,1,27.22325,26.44473,23.0962
1785124129,26.458,83.6759,90,0,233,,1,27.29098,26.47879,23.16393
1785124129,26.6289,83.65148,90,0,234,,1,27.22325,26.51246,23.16393
1785124130,26.6556,83.73083,90,0,234,,1,27.22325,26.47879,23.02867
1785124131,26.54345,83.84528,90,0,234,,1,27.25711,26.54632,23.1978
1785124131,26.58618,83.72167,90,0,234,,1,27.22325,26.61406,23.02867
1785124132,26.51675,83.95056,90,0,235,,1,27.29098,26.41106,23.0962
1785124133,26.54345,84.04059,90,0,234,,1,27.35871,26.44473,23.13006
1785124134,26.701,84.31068,90,0,234,,1,27.29098,26.54632,23.06253
1785124134,26.6556,84.58686,90,0,234,,1,27.15551,26.51246,23.16393
1785124135,26.58618,84.7654,90,0,234,,1,27.35871,26.54632,23.0962
1785124136,26.5568,84.96223,90,0,234,,1,27.22325,26.51246,23.06253
1785124136,26.61288,85.09346,90,0,234,,1,27.29098,26.41106,23.0962
1785124137,26.54345,85.41543,90,0,234,,1,27.08778,26.47879,23.06253
1785124138,26.68765,85.75418,90,0,234,,1,27.18938,26.51246,22.96113
1785124138,26.64225,85.94949,90,0,234,,1,27.18938,26.51246,23.02867
1785124139,26.68765,86.21042,90,0,234,,1,27.15551,26.61406,23.16393
1785124140,26.6289,86.44083,90,0,234,,1,27.18938,26.44473,23.02867
1785124140,26.64225,86.67277,90,0,234,,1,27.18938,26.41106,23.06253
1785124141,26.58618,86.70634,90,0,234,,1,27.22325,26.37719,23.0962
1785124142,26.58618,86.7277,90,0,234,,1,27.08778,26.54632,23.13006
1785124142,26.57282,86.83757,90,0,234,,1,27.29098,26.47879,23.13006
1785124143,26.54345,86.58121,90,0,234,,1,27.25711,26.44473,23.02867
1785124144,26.5568,86.40879,90,0,234,,1,27.25711,26.44473,23.23146
1785124144,26.59953,86.26688,90,0,234,,1,27.22325,26.54632,23.13006
1785124145,26.64225,86.04257,90,0,234,,1,27.18938,26.37719,23.16393
1785124146,26.51675,85.67635,90,0,233,,1,27.22325,26.47879,22.9948
1785124146,26.5301,85.39101,90,0,234,,1,27.12165,26.47879,23.23146
1785124147,26.51675,85.11635,90,0,234,,1,27.29098,26.34333,23.06253
1785124148,26.61288,84.87526,90,0,234,,1,27.29098,26.47879,23.06253
1785124148,26.54345,84.7013,90,0,234,,1,27.25711,26.58019,23.0962
1785124149,26.50072,84.59602,90,0,234,,1,27.22325,26.51246,23.06253
1785124150,26.6556,84.47547,90,0,234,,1,27.25711,26.44473,23.06253
1785124151,26.58618,84.55787,90,0,234,,1,27.25711,26.41106,23.13006
1785124151,26.5568,84.25116,90,0,234,,1,27.15551,26.44473,23.06253
1785124152,26.6289,84.36561,90,0,234,,1,27.25711,26.44473,23.06253
1785124153,26.61288,84.28779,90,0,234,,1,27.25711,26.41106,23.16393
1785124153,26.47402,84.28016,90,0,234,,1,27.25711,26.51246,23.16393
1785124154,26.59953,84.52125,90,0,234,,1,27.22325,26.58019,23.02867
1785124155,26.6743,84.60365,90,0,234,,1,27.18938,26.41106,23.13006
1785124155,26.57282,84.75166,90,0,234,,1,27.29098,26.58019,23.13006
1785124156,26.61288,84.91646,90,0,234,,1,27.15551,26.68159,23.06253
1785124157,26.6556,84.9073,90,0,234,,1,27.25711,26.47879,23.02867
1785124157,26.6556,85.19875,90,0,234,,1,27.22325,26.41106,23.06253
1785124158,26.54345,85.44595,90,0,234,,1,27.22325,26.37719,23.13006
1785124159,26.5568,85.61532,90,0,234,,1,27.12165,26.58019,23.02867
1785124159,26.68765,85.76639,90,0,234,,1,27.29098,26.44473,23.06253
1785124160,26.5568,85.84116,90,0,234,,1,27.22325,26.44473,22.9948
1785124161,26.6743,86.0914,90,0,234,,1,27.25711,26.41106,23.13006
1785124161,26.6743,86.20584,90,0,234,,1,27.22325,26.51246,23.1978
1785124162,26.68765,86.40421,90,0,234,,1,27.29098,26.44473,23.02867
1785124163,26.68765,86.3859,90,0,234,,1,27.29098,26.47879,23.0962
1785124163,26.58618,86.57359,90,0,234,,1,27.25711,26.47879,23.06253
1785124164,26.48737,86.57664,90,0,234,,1,27.22325,26.51246,23.06253
1785124165,26.701,86.65598,90,0,234,,1,27.29098,26.47879,23.1978
1785124165,26.68765,86.63309,90,0,234,,1,27.22325,26.54632,23.0962
1785124166,26.61288,86.45762,90,0,234,,1,27.29098,26.44473,23.06253
1785124167,26.54345,86.39506,90,0,234,,1,27.39258,26.47879,23.0962
1785124168,26.64225,86.21957,90,0,233,,1,27.35871,26.41106,23.13006
1785124168,26.59953,86.01968,90,0,234,,1,27.29098,26.41106,23.13006
1785124169,26.61288,85.83658,90,0,234,,1,27.22325,26.34333,23.16393
1785124170,26.54345,85.67178,90,0,233,,1,27.15551,26.54632,23.06253
1785124170,26.54345,85.4551,90,0,234,,1,27.15551,26.54632,23.0962
1785124171,26.5568,85.11787,90,0,234,,1,27.05412,26.51246,23.0962
1785124172,26.57282,85.0721,90,0,234,,1,27.15551,26.44473,23.13006
1785124172,26.61288,85.0721,90,0,235,,1,27.32484,26.41106,23.16393
1785124173,26.5568,84.9012,90,0,234,,1,27.18938,26.47879,23.16393
1785124174,26.6289,84.9424,90,0,234,,1,27.29098,26.47879,23.0962
1785124174,26.61288,84.9073,90,0,234,,1,27.35871,26.51246,23.0962
1785124175,26.5568,84.80049,90,0,234,,1,27.29098,26.37719,23.16393
1785124176,26.61288,84.74097,90,0,234,,1,27.29098,26.44473,23.06253
1785124176,26.64225,84.76082,90,0,234,,1,27.15551,26.47879,23.02867
1785124177,26.6743,84.68604,90,0,234,,1,27.18938,26.37719,23.0962
1785124178,26.47402,84.75471,90,0,234,,1,27.18938,26.30946,23.13006
1785124178,26.48737,84.61433,90,0,234,,1,27.15551,26.41106,23.06253
1785124179,26.58618,84.82491,90,0,234,,1,27.15551,26.54632,23.02867
1785124180,26.61288,84.76082,90,0,234,,1,27.15551,26.30946,23.13006
1785124180,26.5568,84.70435,90,0,234,,1,27.25711,26.47879,23.02867
1785124181,26.54345,84.71046,90,0,234,,1,27.29098,26.58019,23.06253
1785124182,26.50072,84.53498,90,0,234,,1,27.29098,26.51246,23.16393
1785124183,26.6289,84.60059,90,0,235,,1,27.22325,26.44473,23.13006
1785124183,26.57282,84.52277,90,0,234,,1,27.18938,26.61406,23.13006
1785124184,26.50072,84.58686,90,0,234,,1,27.32484,26.51246,23.13006
1785124185,26.54345,84.48463,90,0,234,,1,27.18938,26.61406,23.02867
1785124185,26.5301,84.37629,90,0,234,,1,27.18938,26.44473,23.0962
1785124186,26.51675,84.3122,90,0,234,,1,27.22325,26.54632,23.0962
1785124187,26.5301,84.32594,90,0,234,,1,27.22325,26.54632,22.9948
1785124187,26.57282,84.33814,90,0,234,,1,27.25711,26.47879,23.02867
1785124188,26.5301,84.19165,90,0,234,,1,27.32484,26.58019,23.13006
1785124189,26.5568,84.1886,90,0,234,,1,27.32484,26.58019,23.0962
1785124189,26.5568,84.08636,90,0,234,,1,27.29098,26.58019,23.0962
1785124190,26.5301,84.02686,90,0,234,,1,27.15551,26.37719,23.0962
1785124191,26.47402,84.03143,90,0,234,,1,27.25711,26.51246,23.02867
1785124191,26.44465,83.9826,90,0,234,,1,27.22325,26.61406,22.9948
1785124192,26.54345,84.04974,90,0,234,,1,27.35871,26.44473,23.13006
1785124193,26.59953,83.94141,90,0,234,,1,27.29098,26.51246,23.13006
1785124193,26.5568,83.93073,90,0,234,,1,27.29098,26.54632,23.1978
1785124194,26.5568,83.88953,90,0,234,,1,27.32484,26.44473,22.9948
1785124195,26.5301,83.80865,90,0,234,,1,27.25711,26.51246,23.06253
1785124195,26.5568,83.76593,90,0,234,,1,27.05412,26.54632,22.96113
1785124196,26.54345,83.74914,90,0,234,,1,27.39258,26.54632,23.0962
1785124197,26.51675,83.71252,90,0,234,,1,27.18938,26.44473,23.02867
1785124197,26.61288,83.74914,90,0,234,,1,27.32484,26.51246,23.16393
1785124198,26.50072,83.66674,90,0,234,,1,27.22325,26.44473,23.13006
1785124199,26.54345,83.56603,90,0,234,,1,27.18938,26.41106,23.13006
1785124199,26.51675,83.54772,90,0,234,,1,27.22325,26.47879,23.13006
1785124200,26.57282,83.47906,90,0,234,,1,27.12165,26.44473,23.02867
1785124201,26.5568,83.40429,90,0,234,,1,27.12165,26.44473,23.06253
1785124202,26.5568,83.41497,90,0,234,,1,27.25711,26.47879,23.13006
1785124202,26.54345,83.36919,90,0,235,,1,27.25711,26.68159,23.0962
1785124203,26.48737,83.38598,90,0,234,,1,27.25711,26.44473,23.1978
1785124204,26.6743,83.56908,90,0,234,,1,27.25711,26.44473,23.06253
1785124204,26.59953,83.57061,90,0,234,,1,27.22325,26.54632,23.0962
1785124205,26.64225,83.68505,90,0,234,,1,27.25711,26.51246,22.96113
1785124206,26.58618,83.71099,90,0,234,,1,27.22325,26.44473,22.92727
1785124206,26.61288,83.7995,90,0,233,,1,27.08778,26.54632,23.0962
1785124207,26.48737,83.80865,90,0,234,,1,27.15551,26.47879,23.23146
1785124208,26.57282,83.88495,90,0,234,,1,27.15551,26.41106,23.02867
1785124208,26.6743,84.04517,90,0,234,,1,27.15551,26.44473,23.16393
1785124209,26.57282,83.99634,90,0,234,,1,27.22325,26.47879,23.16393
1785124210,26.57282,84.11993,90,0,234,,1,27.25711,26.61406,22.96113
1785124210,26.6289,84.11536,90,0,234,,1,27.12165,26.58019,23.06253
1785124211,26.6556,84.10162,90,0,234,,1,27.35871,26.44473,23.06253
1785124212,26.58618,84.28931,90,0,234,,1,27.25711,26.64792,23.02867
1785124212,26.58618,84.28016,90,0,234,,1,27.22325,26.54632,23.06253
1785124213,26.6289,84.38392,90,0,234,,1,27.46011,26.51246,23.06253
1785124214,26.54345,84.41291,90,0,234,,1,27.25711,26.41106,23.13006
1785124214,26.58618,84.56855,90,0,234,,1,27.15551,26.51246,23.06253
1785124215,26.58618,84.69215,90,0,234,,1,27.18938,26.58019,23.02867
1785124216,26.5568,84.7776,90,0,234,,1,27.25711,26.64792,23.0962
1785124216,26.6289,84.82796,90,0,234,,1,27.29098,26.41106,23.13006
1785124217,26.64225,84.89357,90,0,234,,1,27.22325,26.58019,23.02867
1785124218,26.59953,84.99428,90,0,234,,1,27.22325,26.41106,23.02867
1785124219,26.6289,85.11787,90,0,234,,1,27.18938,26.51246,23.16393
1785124219,26.57282,85.22621,90,0,234,,1,27.18938,26.58019,23.02867
1785124220,26.59953,85.24452,90,0,234,,1,27.18938,26.51246,23.0962
1785124221,26.59953,85.12093,90,0,234,,1,27.15551,26.54632,23.0962
1785124221,26.54345,85.21858,90,0,234,,1,27.29098,26.41106,23.02867
1785124222,26.58618,85.41543,90,0,234,,1,27.32484,26.47879,23.0962
1785124223,26.57282,85.38186,90,0,234,,1,27.22325,26.41106,23.0962
1785124223,26.6556,85.54818,90,0,234,,1,27.15551,26.37719,23.1978
1785124224,26.54345,85.41543,90,0,234,,1,27.25711,26.54632,23.06253
1785124225,26.58618,85.44595,90,0,234,,1,27.15551,26.51246,23.13006
1785124225,26.6289,85.56191,90,0,234,,1,27.29098,26.61406,23.16393
1785124226,26.6743,85.36813,90,0,234,,1,27.32484,26.44473,23.0962
1785124227,26.58618,85.33303,90,0,234,,1,27.22325,26.47879,23.06253
1785124227,26.57282,85.45205,90,0,234,,1,27.12165,26.58019,23.1978
1785124228,26.57282,85.43221,90,0,234,,1,27.22325,26.51246,22.9948
1785124229,26.5568,85.26437,90,0,234,,1,27.29098,26.47879,23.1978
1785124229,26.6289,85.29183,90,0,234,,1,27.25711,26.47879,23.0962
1785124230,26.57282,85.22621,90,0,234,,1,27.22325,26.44473,23.02867
1785124231,26.57282,85.12245,90,0,234,,1,27.25711,26.58019,23.13006
1785124231,26.5301,85.07057,90,0,234,,1,27.25711,26.51246,23.13006
1785124232,26.5301,84.98817,90,0,234,,1,27.25711,26.47879,23.06253
1785124233,26.54345,84.96986,90,0,234,,1,27.25711,26.54632,23.06253
1785124233,26.54345,84.89815,90,0,234,,1,27.32484,26.61406,23.06253
1785124234,26.47402,84.92104,90,0,234,,1,27.25711,26.51246,23.13006
1785124235,26.57282,84.78218,90,0,234,,1,27.29098,26.47879,23.16393
1785124235,26.58618,84.65095,90,0,234,,1,27.25711,26.51246,22.9948
1785124236,26.6289,84.4892,90,0,234,,1,27.15551,26.47879,23.0962
1785124237,26.5568,84.33356,90,0,234,,1,27.29098,26.41106,23.13006
1785124238,26.57282,84.28474,90,0,234,,1,27.22325,26.47879,23.06253
1785124238,26.58618,84.10468,90,0,234,,1,27.18938,26.44473,23.0962
1785124239,26.61288,84.09094,90,0,234,,1,27.25711,26.47879,23.13006
1785124240,26.59953,83.89105,90,0,234,,1,27.22325,26.41106,23.13006
1785124240,26.57282,83.86359,90,0,233,,1,27.18938,26.64792,23.13006
1785124241,26.51675,83.69268,90,0,234,,1,27.22325,26.44473,23.06253
1785124242,26.54345,83.60571,90,0,234,,1,27.39258,26.54632,23.0962
1785124242,26.50072,83.56451,90,0,235,,1,27.15551,26.51246,23.02867
1785124243,26.6289,83.70184,90,0,234,,1,27.29098,26.47879,23.06253
1785124244,26.61288,83.41955,90,0,234,,1,27.32484,26.51246,23.02867
1785124244,26.61288,83.5935,90,0,234,,1,27.29098,26.54632,23.06253
1785124245,26.5301,83.52026,90,0,234,,1,27.18938,26.47879,23.13006
1785124246,26.5301,83.46838,90,0,234,,1,27.29098,26.51246,23.06253
1785124246,26.6289,83.51568,90,0,234,,1,27.12165,26.47879,23.0962
1785124247,26.51675,83.46532,90,0,234,,1,27.15551,26.54632,23.06253
1785124248,26.58618,83.56603,90,0,234,,1,27.29098,26.54632,23.16393
1785124248,26.5301,83.53246,90,0,233,,1,27.18938,26.41106,23.02867
1785124249,26.6556,83.52331,90,0,234,,1,27.25711,26.47879,23.0962
1785124250,26.57282,83.41955,90,0,234,,1,27.39258,26.54632,23.02867
1785124250,26.57282,83.5111,90,0,234,,1,27.15551,26.51246,23.16393
1785124251,26.48737,83.48821,90,0,234,,1,27.32484,26.51246,23.0962
1785124252,26.57282,83.53246,90,0,233,,1,27.15551,26.54632,23.16393
1785124253,26.51675,83.58892,90,0,235,,1,27.29098,26.58019,23.16393
1785124253,26.5301,83.57061,90,0,234,,1,27.29098,26.47879,23.02867
1785124254,26.5301,83.45922,90,0,234,,1,27.25711,26.30946,23.06253
1785124255,26.54345,83.55535,90,0,234,,1,27.18938,26.44473,23.0962
1785124255,26.59953,83.46532,90,0,234,,1,27.32484,26.47879,23.0962
1785124256,26.6289,83.49584,90,0,234,,1,27.22325,26.44473,23.16393
1785124257,26.61288,83.4699,90,0,234,,1,27.25711,26.51246,23.0962
1785124257,26.58618,83.51415,90,0,234,,1,27.29098,26.47879,23.0962
1785124258,26.5568,83.45464,90,0,234,,1,27.12165,26.51246,22.9948
1785124259,26.50072,83.50195,90,0,234,,1,27.22325,26.54632,23.02867
1785124259,26.58618,83.57824,90,0,234,,1,27.32484,26.47879,23.13006
1785124260,26.58618,83.505,90,0,234,,1,27.18938,26.68159,23.13006
1785124261,26.57282,83.50042,90,0,234,,1,27.29098,26.44473,23.0962
1785124261,26.54345,83.41955,90,0,234,,1,27.25711,26.64792,23.02867
1785124262,26.51675,83.46532,90,0,234,,1,27.22325,26.54632,23.06253
1785124263,26.6289,83.57824,90,0,234,,1,27.22325,26.54632,23.13006
1785124263,26.59953,83.55077,90,0,234,,1,27.15551,26.44473,23.06253
1785124264,26.48737,83.41497,90,0,234,,1,27.08778,26.37719,23.02867
1785124265,26.54345,83.49279,90,0,234,,1,27.25711,26.54632,23.13006
1785124265,26.6556,83.62554,90,0,234,,1,27.25711,26.47879,23.0962
1785124266,26.5568,83.59808,90,0,234,,1,27.25711,26.54632,23.0962
1785124267,26.458,83.57061,90,0,234,,1,27.15551,26.34333,23.06253
1785124267,26.50072,83.6881,90,0,234,,1,27.12165,26.44473,23.0962
1785124268,26.6556,83.84375,90,0,234,,1,27.32484,26.37719,23.02867
1785124269,26.701,84.12451,90,0,234,,1,27.18938,26.47879,23.13006
1785124269,26.59953,84.19165,90,0,234,,1,27.15551,26.51246,23.0962
1785124270,26.59953,84.19165,90,0,234,,1,27.15551,26.44473,23.0962
1785124271,26.57282,84.48158,90,0,234,,1,27.12165,26.51246,23.0962
1785124272,26.59953,84.74708,90,0,234,,1,27.29098,26.34333,23.0962
1785124272,26.6743,84.98512,90,0,235,,1,27.18938,26.61406,23.16393
1785124273,26.5568,85.18044,90,0,234,,1,27.32484,26.47879,23.13006
1785124274,26.6743,85.34676,90,0,234,,1,27.12165,26.51246,23.06253
1785124274,26.58618,85.51003,90,0,234,,1,27.18938,26.51246,23.0962
1785124275,26.58618,85.87167,90,0,234,,1,27.18938,26.37719,23.16393
1785124276,26.54345,85.82742,90,0,234,,1,27.29098,26.51246,23.16393
1785124276,26.48737,85.85336,90,0,234,,1,27.25711,26.41106,23.0962
1785124277,26.61288,85.90829,90,0,234,,1,27.29098,26.47879,23.13006
1785124278,26.73037,86.10666,90,0,234,,1,27.22325,26.54632,23.06253
1785124278,26.6556,86.18906,90,0,234,,1,27.29098,26.44473,23.16393
1785124279,26.58618,86.24246,90,0,234,,1,27.22325,26.37719,23.06253
1785124280,26.75708,86.32182,90,0,234,,1,27.32484,26.51246,23.06253
1785124280,26.64225,86.42252,90,0,234,,1,27.22325,26.41106,23.06253
1785124281,26.5301,86.33097,90,0,234,,1,27.35871,26.47879,23.06253
1785124282,26.68765,86.43626,90,0,234,,1,27.15551,26.58019,23.06253
1785124282,26.64225,86.28977,90,0,234,,1,27.32484,26.41106,23.0962
1785124283,26.64225,86.24704,90,0,234,,1,27.22325,26.51246,23.13006
1785124284,26.6289,86.1738,90,0,234,,1,27.22325,26.34333,23.02867
1785124284,26.59953,86.009,90,0,234,,1,27.18938,26.54632,23.0962
1785124285,26.58618,85.73586,90,0,234,,1,27.29098,26.54632,23.0962
1785124286,26.59953,85.51156,90,0,234,,1,27.35871,26.54632,23.02867
1785124286,26.57282,85.22621,90,0,234,,1,27.32484,26.64792,23.06253
1785124287,26.57282,85.10262,90,0,234,,1,27.22325,26.44473,23.06253
1785124288,26.6556,84.93935,90,0,234,,1,27.29098,26.51246,23.0962
1785124289,26.47402,84.75471,90,0,234,,1,27.29098,26.37719,23.06253
1785124289,26.54345,84.64027,90,0,234,,1,27.18938,26.44473,23.13006
1785124290,26.59953,84.64484,90,0,234,,1,27.22325,26.37719,23.06253
1785124291,26.50072,84.46326,90,0,234,,1,27.22325,26.61406,23.02867
1785124291,26.58618,84.43427,90,0,234,,1,27.25711,26.41106,23.02867
1785124292,26.59953,84.41749,90,0,234,,1,27.22325,26.51246,23.06253
1785124293,26.61288,84.34882,90,0,234,,1,27.22325,26.58019,23.0962
1785124293,26.59953,84.49073,90,0,234,,1,27.18938,26.37719,23.02867
1785124294,26.51675,84.37476,90,0,234,,1,27.29098,26.58019,23.06253
1785124295,26.6289,84.22827,90,0,234,,1,27.22325,26.41106,23.13006
1785124295,26.54345,84.45411,90,0,234,,1,27.25711,26.51246,23.06253
1785124296,26.57282,84.60517,90,0,234,,1,27.02005,26.58019,23.06253
1785124297,26.5568,84.68299,90,0,234,,1,27.25711,26.54632,23.0962
1785124297,26.54345,84.9073,90,0,233,,1,27.25711,26.51246,23.0962
1785124298,26.59953,85.14992,90,0,234,,1,27.29098,26.51246,23.0962
1785124299,26.6743,85.19112,90,0,234,,1,27.29098,26.37719,23.06253
1785124299,26.59953,85.30556,90,0,234,,1,27.29098,26.41106,23.13006
1785124300,26.64225,85.48257,90,0,234,,1,27.32484,26.37719,23.16393
1785124301,26.54345,85.41543,90,0,234,,1,27.18938,26.54632,23.02867
1785124301,26.71435,85.60769,90,0,233,,1,27.25711,26.51246,23.02867
1785124302,26.58618,85.67483,90,0,234,,1,27.32484,26.47879,23.02867
1785124303,26.701,85.76791,90,0,234,,1,27.22325,26.37719,23.06253
1785124303,26.5301,85.92661,90,0,234,,1,27.08778,26.61406,23.0962
1785124304,26.59953,85.99985,90,0,234,,1,27.18938,26.51246,23.02867
1785124305,26.61288,86.03342,90,0,234,,1,27.22325,26.44473,23.13006
1785124306,26.61288,86.03342,90,0,234,,1,27.18938,26.58019,23.0962
1785124306,26.71435,86.26688,90,0,234,,1,27.29098,26.51246,23.06253
1785124307,26.58618,86.06546,90,0,234,,1,27.18938,26.54632,23.0962
1785124308,26.6289,86.12039,90,0,234,,1,27.15551,26.54632,23.06253
1785124308,26.61288,86.08377,90,0,233,,1,27.29098,26.34333,23.06253
1785124309,26.59953,86.009,90,0,234,,1,27.25711,26.51246,23.06253
1785124310,26.6743,86.0502,90,0,234,,1,27.15551,26.51246,23.0962
1785124310,26.51675,86.12955,90,0,234,,1,27.32484,26.58019,23.0962
1785124311,26.57282,86.21652,90,0,234,,1,27.25711,26.41106,23.13006
1785124312,26.6743,86.31724,90,0,234,,1,27.25711,26.44473,23.13006
1785124312,26.58618,86.20279,90,0,235,,1,27.22325,26.54632,23.02867
1785124313,26.61288,86.21042,90,0,234,,1,27.25711,26.47879,23.0962
1785124314,26.5301,86.08224,90,0,234,,1,27.08778,26.54632,23.16393
1785124314,26.57282,85.96017,90,0,234,,1,27.35871,26.44473,23.13006
1785124315,26.57282,85.8259,90,0,234,,1,27.42644,26.44473,23.06253
1785124316,26.5568,85.51156,90,0,234,,1,27.18938,26.41106,23.02867
1785124316,26.61288,85.47494,90,0,234,,1,27.25711,26.47879,23.0962
1785124317,26.59953,85.34676,90,0,234,,1,27.29098,26.37719,23.02867
1785124318,26.5301,85.22621,90,0,234,,1,27.29098,26.61406,23.0962
1785124318,26.6289,85.14839,90,0,234,,1,27.25711,26.47879,23.16393
1785124319,26.57282,85.16365,90,0,234,,1,27.22325,26.47879,23.13006
1785124320,26.6289,85.15907,90,0,234,,1,27.12165,26.34333,23.13006
1785124320,26.54345,85.13466,90,0,234,,1,27.29098,26.54632,23.16393
1785124321,26.6556,85.2491,90,0,234,,1,27.25711,26.44473,23.0962
1785124322,26.61288,85.13466,90,0,234,,1,27.25711,26.51246,23.16393
1785124323,26.58618,85.11787,90,0,234,,1,27.39258,26.54632,23.13006
1785124323,26.5568,85.22163,90,0,234,,1,27.42644,26.44473,23.16393
1785124324,26.54345,85.19875,90,0,234,,1,27.32484,26.51246,23.13006
1785124325,26.48737,85.16212,90,0,234,,1,27.25711,26.47879,23.02867
1785124325,26.58618,85.24147,90,0,234,,1,27.18938,26.41106,23.13006
1785124326,26.59953,85.26437,90,0,234,,1,27.25711,26.47879,23.06253
1785124327,26.59953,85.29488,90,0,234,,1,27.32484,26.41106,23.13006
1785124327,26.51675,85.51003,90,0,234,,1,27.18938,26.44473,23.02867
1785124328,26.4313,85.38338,90,0,234,,1,27.12165,26.41106,23.02867
1785124329,26.5301,85.60616,90,0,234,,1,27.25711,26.54632,22.9948
1785124329,26.58618,85.51919,90,0,234,,1,27.08778,26.47879,23.0962
1785124330,26.57282,85.58785,90,0,234,,1,27.32484,26.54632,23.06253
1785124331,26.57282,85.58785,90,0,234,,1,27.18938,26.47879,22.9948
1785124331,26.68765,85.6199,90,0,234,,1,27.15551,26.51246,23.16393
1785124332,26.6556,85.70382,90,0,234,,1,27.32484,26.44473,23.06253
1785124333,26.58618,85.63363,90,0,234,,1,27.29098,26.41106,23.1978
1785124333,26.58618,85.62142,90,0,234,,1,27.32484,26.54632,23.13006
1785124334,26.57282,85.77249,90,0,234,,1,27.22325,26.54632,23.0962
1785124335,26.58618,85.90067,90,0,234,,1,27.22325,26.37719,23.16393
1785124335,26.61288,85.90829,90,0,234,,1,27.29098,26.51246,23.16393
1785124336,26.57282,85.99069,90,0,234,,1,27.22325,26.37719,23.06253
1785124337,26.64225,85.95865,90,0,233,,1,27.22325,26.51246,23.0962
1785124337,26.61288,85.85794,90,0,234,,1,27.18938,26.51246,23.13006
1785124338,26.5568,85.88541,90,0,234,,1,27.12165,26.54632,23.06253
1785124339,26.58618,85.76639,90,0,233,,1,27.18938,26.51246,23.0962
1785124339,26.6289,85.51003,90,0,234,,1,27.32484,26.30946,22.9948
1785124340,26.5568,85.32388,90,0,234,,1,27.29098,26.54632,23.06253
1785124341,26.58618,85.18959,90,0,234,,1,27.12165,26.47879,22.96113
1785124342,26.57282,85.04005,90,0,234,,1,27.18938,26.58019,23.16393
1785124342,26.54345,84.77455,90,0,235,,1,27.35871,26.47879,23.13006
1785124343,26.5568,84.87984,90,0,234,,1,27.15551,26.47879,23.06253
1785124344,26.51675,84.82796,90,0,234,,1,27.25711,26.58019,23.02867
1785124344,26.6743,84.85085,90,0,234,,1,27.18938,26.44473,23.0962
1785124345,26.5568,84.66315,90,0,234,,1,27.25711,26.51246,23.13006
1785124346,26.54345,84.60822,90,0,234,,1,27.25711,26.51246,23.02867
1785124346,26.50072,84.73182,90,0,234,,1,27.25711,26.41106,23.06253
1785124347,26.59953,84.72724,90,0,234,,1,27.22325,26.44473,23.02867
1785124348,26.47402,84.80507,90,0,234,,1,27.32484,26.41106,23.06253
1785124348,26.61288,84.84322,90,0,234,,1,27.22325,26.44473,22.96113
1785124349,26.5568,84.95308,90,0,234,,1,27.22325,26.61406,23.06253
1785124350,26.5568,84.92409,90,0,234,,1,27.22325,26.44473,23.02867
1785124350,26.6743,84.92409,90,0,234,,1,27.25711,26.58019,23.13006
1785124351,26.54345,84.91951,90,0,234,,1,27.22325,26.51246,23.16393
1785124352,26.54345,84.91951,90,0,234,,1,27.05412,26.51246,23.0962
1785124352,26.59953,84.97444,90,0,234,,1,27.32484,26.51246,23.06253
1785124353,26.6289,85.04463,90,0,234,,1,27.35871,26.41106,23.13006
1785124354,26.51675,85.18044,90,0,234,,1,27.32484,26.37719,23.0962
1785124354,26.58618,85.44595,90,0,234,,1,27.15551,26.44473,23.0962
1785124355,26.59953,85.67941,90,0,234,,1,27.35871,26.47879,23.13006
1785124356,26.6289,85.88235,90,0,234,,1,27.29098,26.27559,23.02867
1785124356,26.59953,85.99985,90,0,234,,1,27.29098,26.41106,23.06253
1785124357,26.5301,86.18753,90,0,234,,1,27.29098,26.51246,22.9948
1785124358,26.59953,86.19669,90,0,234,,1,27.22325,26.54632,23.0962
1785124359,26.57282,86.53696,90,0,234,,1,27.22325,26.47879,23.1978
1785124359,26.57282,86.44541,90,0,234,,1,27.22325,26.47879,23.13006
1785124360,26.64225,86.50797,90,0,234,,1,27.25711,26.47879,23.0962
1785124361,26.59953,86.42252,90,0,234,,1,27.22325,26.47879,23.06253
1785124361,26.58618,86.33555,90,0,234,,1,27.15551,26.47879,23.02867
1785124362,26.68765,86.37522,90,0,234,,1,27.25711,26.41106,23.06253
1785124363,26.5301,86.10208,90,0,234,,1,27.22325,26.54632,23.13006
1785124363,26.5568,86.05936,90,0,234,,1,27.18938,26.54632,23.0962
1785124364,26.5568,86.01816,90,0,234,,1,27.35871,26.51246,23.06253
1785124365,26.54345,86.03647,90,0,234,,1,27.25711,26.27559,23.1978
1785124365,26.58618,85.75723,90,0,234,,1,27.25711,26.47879,23.16393
1785124366,26.51675,85.59243,90,0,234,,1,27.32484,26.61406,23.0962
1785124367,26.50072,85.30862,90,0,234,,1,27.25711,26.37719,23.0962
1785124367,26.57282,85.18501,90,0,234,,1,27.15551,26.51246,23.23146
1785124368,26.48737,85.06752,90,0,234,,1,27.32484,26.34333,23.0962
1785124369,26.54345,84.91951,90,0,234,,1,27.25711,26.44473,23.16393
1785124369,26.59953,84.87068,90,0,234,,1,27.18938,26.47879,23.16393
1785124370,26.58618,84.66315,90,0,234,,1,27.18938,26.41106,23.16393
1785124371,26.61288,84.54414,90,0,234,,1,27.25711,26.44473,23.0962
1785124371,26.59953,84.36561,90,0,234,,1,27.18938,26.41106,23.0962
1785124372,26.54345,84.34882,90,0,235,,1,27.29098,26.47879,23.02867
1785124373,26.54345,84.20538,90,0,234,,1,27.29098,26.47879,23.0962
1785124373,26.51675,84.20691,90,0,234,,1,27.18938,26.58019,23.06253
1785124374,26.59953,84.17944,90,0,234,,1,27.25711,26.47879,23.16393
1785124375,26.51675,84.03296,90,0,234,,1,27.25711,26.54632,22.9948
1785124376,26.5568,84.0238,90,0,234,,1,27.22325,26.37719,23.06253
1785124376,26.54345,84.09247,90,0,233,,1,27.22325,26.51246,23.16393
1785124377,26.5568,84.00397,90,0,233,,1,27.15551,26.37719,23.13006
1785124378,26.58618,83.83459,90,0,234,,1,27.22325,26.41106,23.13006
1785124378,26.61288,83.90326,90,0,234,,1,27.05412,26.30946,23.13006
1785124379,26.61288,83.82239,90,0,234,,1,27.08778,26.37719,23.16393
1785124380,26.5301,83.72625,90,0,234,,1,27.15551,26.51246,23.06253
1785124380,26.51675,83.70336,90,0,234,,1,27.18938,26.51246,23.16393
1785124381,26.458,83.8407,90,0,234,,1,27.18938,26.44473,23.02867
1785124382,26.54345,83.96887,90,0,234,,1,27.32484,26.47879,23.13006
1785124382,26.54345,83.68963,90,0,235,,1,27.25711,26.51246,23.0962
1785124383,26.61288,83.6881,90,0,234,,1,27.29098,26.47879,23.16393
1785124384,26.458,83.6347,90,0,234,,1,27.15551,26.61406,23.13006
1785124384,26.57282,83.7995,90,0,234,,1,27.22325,26.51246,23.02867
1785124385,26.5301,83.61181,90,0,234,,1,27.32484,26.51246,22.96113
1785124386,26.54345,83.66979,90,0,234,,1,27.22325,26.51246,23.06253
1785124386,26.64225,83.70641,90,0,234,,1,27.22325,26.58019,23.0962
1785124387,26.6289,83.69268,90,0,234,,1,27.29098,26.54632,23.1978
1785124388,26.54345,83.57519,90,0,234,,1,27.25711,26.51246,23.0962
1785124388,26.61288,83.60265,90,0,234,,1,27.35871,26.47879,23.06253
1785124389,26.59953,83.61028,90,0,234,,1,27.22325,26.47879,23.1978
1785124390,26.58618,83.78424,90,0,234,,1,27.25711,26.64792,23.0962
1785124390,26.61288,83.70794,90,0,234,,1,27.12165,26.30946,23.13006
1785124391,26.51675,83.63012,90,0,234,,1,27.22325,26.51246,23.0962
1785124392,26.59953,83.74456,90,0,234,,1,27.15551,26.44473,23.0962
1785124393,26.5301,83.69726,90,0,235,,1,27.25711,26.47879,23.13006
1785124393,26.5568,83.66216,90,0,234,,1,27.15551,26.41106,23.06253
1785124394,26.58618,83.62859,90,0,234,,1,27.12165,26.44473,22.9948
1785124395,26.54345,83.67895,90,0,234,,1,27.22325,26.58019,23.0962
1785124395,26.51675,83.68353,90,0,234,,1,27.22325,26.54632,23.06253
1785124396,26.6289,83.81628,90,0,234,,1,27.29098,26.51246,22.96113
1785124397,26.50072,83.80255,90,0,234,,1,27.22325,26.44473,23.0962
1785124397,26.6743,83.90021,90,0,234,,1,27.18938,26.41106,23.0962
1785124398,26.50072,83.8819,90,0,234,,1,27.22325,26.64792,23.0962
1785124399,26.6289,84.04517,90,0,234,,1,27.25711,26.58019,23.13006
1785124399,26.5301,84.21149,90,0,234,,1,27.22325,26.47879,23.16393
1785124400,26.58618,84.35188,90,0,234,,1,27.29098,26.58019,23.0962
1785124401,26.5568,84.41596,90,0,234,,1,27.15551,26.51246,23.13006
1785124401,26.61288,84.48463,90,0,234,,1,27.22325,26.37719,23.0962
1785124402,26.54345,84.39002,90,0,234,,1,27.29098,26.47879,23.1978
1785124403,26.64225,84.49073,90,0,234,,1,27.12165,26.44473,23.02867
1785124403,26.6289,84.654,90,0,234,,1,27.18938,26.51246,23.0962
1785124404,26.64225,84.68757,90,0,234,,1,27.18938,26.44473,23.0962
1785124405,26.5301,84.61433,90,0,234,,1,27.18938,26.58019,23.0962
1785124405,26.5568,84.66315,90,0,234,,1,27.18938,26.47879,22.92727
1785124406,26.51675,84.64484,90,0,234,,1,27.12165,26.41106,22.9948
1785124407,26.58618,84.64179,90,0,234,,1,27.29098,26.47879,23.0962
1785124407,26.5568,84.7364,90,0,234,,1,27.32484,26.44473,23.06253
1785124408,26.57282,84.64942,90,0,234,,1,27.35871,26.58019,23.16393
1785124409,26.6556,84.55787,90,0,234,,1,27.29098,26.34333,23.06253
1785124409,26.57282,84.59602,90,0,234,,1,27.29098,26.44473,23.16393
1785124410,26.57282,84.55482,90,0,234,,1,27.22325,26.51246,23.13006
1785124411,26.57282,84.51209,90,0,234,,1,27.18938,26.41106,23.02867
1785124412,26.51675,84.54871,90,0,234,,1,27.22325,26.58019,22.92727
1785124412,26.51675,84.45716,90,0,235,,1,27.46011,26.64792,23.02867
1785124413,26.50072,84.39918,90,0,234,,1,27.15551,26.61406,23.02867
1785124414,26.57282,84.39918,90,0,234,,1,27.29098,26.37719,23.06253
1785124414,26.58618,84.37171,90,0,234,,1,27.22325,26.54632,23.0962
1785124415,26.54345,84.39002,90,0,235,,1,27.22325,26.47879,23.02867
1785124416,26.5301,84.41749,90,0,234,,1,27.22325,26.51246,23.02867
1785124416,26.68765,84.48158,90,0,234,,1,27.12165,26.41106,23.06253
1785124417,26.64225,84.39765,90,0,234,,1,27.18938,26.37719,23.02867
1785124418,26.64225,84.36713,90,0,234,,1,27.22325,26.47879,23.0962
1785124418,26.51675,84.4358,90,0,234,,1,27.25711,26.47879,23.16393
1785124419,26.54345,84.41291,90,0,234,,1,27.29098,26.41106,23.1978
1785124420,26.5568,84.45716,90,0,234,,1,27.22325,26.44473,23.06253
1785124420,26.54345,84.21606,90,0,234,,1,27.12165,26.58019,23.13006
1785124421,26.58618,84.18707,90,0,234,,1,27.18938,26.51246,23.06253
1785124422,26.50072,84.03754,90,0,234,,1,27.12165,26.51246,23.1978
1785124422,26.5301,83.87274,90,0,234,,1,27.35871,26.41106,23.16393
1785124423,26.5568,83.76593,90,0,234,,1,27.32484,26.44473,23.1978
1785124424,26.5568,83.76593,90,0,234,,1,27.29098,26.44473,23.13006
1785124424,26.54345,83.65759,90,0,234,,1,27.29098,26.44473,23.0962
1785124425,26.54345,83.55535,90,0,234,,1,27.15551,26.47879,23.02867
1785124426,26.5568,83.45464,90,0,234,,1,27.25711,26.34333,23.02867
1785124426,26.54345,83.4287,90,0,234,,1,27.22325,26.30946,23.06253
1785124427,26.5568,83.41497,90,0,234,,1,27.25711,26.54632,23.06253
1785124428,26.51675,83.4226,90,0,234,,1,27.25711,26.34333,23.16393
1785124429,26.50072,83.24406,90,0,234,,1,27.25711,26.54632,23.0962
1785124429,26.59953,83.28069,90,0,234,,1,27.18938,26.41106,23.0962
1785124430,26.51675,83.1754,90,0,234,,1,27.22325,26.54632,23.06253
1785124431,26.57282,83.19981,90,0,234,,1,27.25711,26.51246,23.0962
1785124431,26.51675,83.19524,90,0,234,,1,27.29098,26.58019,23.06253
1785124432,26.58618,83.2166,90,0,234,,1,27.08778,26.51246,23.1978
1785124433,26.61288,83.32647,90,0,234,,1,27.29098,26.44473,23.06253
1785124433,26.458,83.2227,90,0,234,,1,27.12165,26.44473,23.0962
1785124434,26.6289,83.35088,90,0,234,,1,27.22325,26.44473,23.0962
1785124435,26.54345,83.28527,90,0,234,,1,27.22325,26.51246,23.13006
1785124435,26.5301,83.32342,90,0,234,,1,27.22325,26.44473,23.0962
1785124436,26.458,83.35546,90,0,234,,1,27.22325,26.51246,23.06253
1785124437,26.51675,83.41344,90,0,234,,1,27.15551,26.51246,23.13006
1785124437,26.54345,83.41039,90,0,234,,1,27.22325,26.44473,23.16393
1785124438,26.58618,83.505,90,0,234,,1,27.29098,26.51246,23.16393
1785124439,26.47402,83.40124,90,0,234,,1,27.22325,26.64792,23.0962
1785124439,26.6289,83.61944,90,0,234,,1,27.29098,26.37719,23.13006
1785124440,26.71435,83.65148,90,0,234,,1,27.22325,26.41106,23.0962
1785124441,26.50072,83.6881,90,0,234,,1,27.22325,26.47879,23.02867
1785124441,26.6289,83.58892,90,0,234,,1,27.25711,26.58019,23.13006
1785124442,26.58618,83.85748,90,0,234,,1,27.22325,26.30946,23.0962
1785124443,26.51675,83.73388,90,0,234,,1,27.18938,26.61406,23.06253
1785124443,26.64225,83.75677,90,0,235,,1,27.08778,26.44473,23.13006
1785124444,26.5568,83.80713,90,0,234,,1,27.15551,26.47879,23.0962
1785124445,26.5568,83.80713,90,0,234,,1,27.25711,26.30946,23.0962
1785124446,26.51675,83.83612,90,0,234,,1,27.29098,26.47879,23.0962
1785124446,26.54345,83.80255,90,0,234,,1,27.18938,26.37719,23.16393
1785124447,26.61288,83.77966,90,0,234,,1,27.18938,26.51246,23.06253
1785124448,26.54345,83.88495,90,0,234,,1,27.22325,26.37719,23.02867
1785124448,26.5568,83.84833,90,0,234,,1,27.32484,26.51246,23.06253
1785124449,26.54345,83.91699,90,0,234,,1,27.29098,26.58019,23.0962
1785124450,26.5301,83.94446,90,0,234,,1,27.25711,26.47879,23.0962
1785124450,26.51675,83.93073,90,0,234,,1,27.08778,26.37719,23.0962
1785124451,26.64225,83.86206,90,0,234,,1,27.25711,26.58019,23.16393
1785124452,26.57282,83.87274,90,0,234,,1,27.15551,26.58019,23.13006
1785124452,26.5568,83.81628,90,0,234,,1,27.39258,26.41106,23.1978
1785124453,26.58618,83.73388,90,0,234,,1,27.32484,26.54632,23.06253
1785124454,26.54345,83.72015,90,0,234,,1,27.18938,26.37719,23.06253
1785124454,26.6289,83.72472,90,0,234,,1,27.25711,26.44473,23.0962
1785124455,26.5568,83.70336,90,0,234,,1,27.29098,26.47879,23.06253
1785124456,26.57282,83.70794,90,0,234,,1,27.25711,26.41106,23.0962
1785124456,26.51675,83.52789,90,0,234,,1,27.29098,26.37719,23.16393
1785124457,26.58618,83.68047,90,0,234,,1,27.32484,26.51246,23.16393
1785124458,26.51675,83.65148,90,0,234,,1,27.15551,26.34333,23.1978
1785124458,26.50072,83.7583,90,0,234,,1,27.25711,26.37719,23.13006
1785124459,26.5568,83.90936,90,0,234,,1,27.22325,26.44473,22.9948
1785124460,26.5568,83.74303,90,0,234,,1,27.22325,26.58019,23.1978
1785124460,26.51675,83.80713,90,0,234,,1,27.18938,26.47879,23.06253
1785124461,26.61288,83.86359,90,0,234,,1,27.29098,26.64792,23.06253
1785124462,26.61288,83.89563,90,0,234,,1,27.29098,26.37719,23.13006
1785124463,26.58618,83.96887,90,0,234,,1,27.22325,26.61406,23.02867
1785124463,26.5568,84.01312,90,0,234,,1,27.32484,26.54632,23.13006
1785124464,26.6556,84.15503,90,0,234,,1,27.22325,26.47879,23.16393
1785124465,26.57282,84.18402,90,0,234,,1,27.29098,26.44473,23.02867
1785124465,26.57282,84.41138,90,0,234,,1,27.12165,26.51246,23.16393
1785124466,26.58618,84.7013,90,0,234,,1,27.25711,26.37719,23.06253
1785124467,26.54345,84.95766,90,0,234,,1,27.15551,26.58019,23.06253
1785124467,26.57282,84.97902,90,0,234,,1,27.18938,26.54632,23.1978
1785124468,26.57282,85.0721,90,0,234,,1,27.29098,26.41106,23.0962
1785124469,26.6289,85.04463,90,0,234,,1,27.18938,26.47879,23.13006
1785124469,26.5301,85.16212,90,0,234,,1,27.25711,26.34333,23.13006
1785124470,26.57282,84.70893,90,0,234,,1,27.22325,26.44473,23.16393
1785124471,26.58618,84.63111,90,0,234,,1,27.18938,26.44473,23.1978
1785124471,26.54345,84.49531,90,0,234,,1,27.29098,26.41106,23.0962
1785124472,26.68765,84.44038,90,0,234,,1,27.15551,26.58019,23.06253
1785124473,26.54345,84.22522,90,0,234,,1,27.18938,26.54632,23.13006
1785124473,26.54345,84.08179,90,0,235,,1,27.29098,26.41106,23.0962
1785124474,26.59953,83.93073,90,0,234,,1,27.35871,26.44473,23.02867
1785124475,26.5568,83.84833,90,0,234,,1,27.22325,26.54632,23.02867
1785124475,26.6289,83.77509,90,0,234,,1,27.39258,26.41106,23.06253
1785124476,26.57282,83.6347,90,0,234,,1,27.29098,26.47879,23.0962
1785124477,26.5568,83.59808,90,0,234,,1,27.25711,26.44473,23.0962
1785124477,26.5568,83.61028,90,0,234,,1,27.29098,26.51246,23.16393
1785124478,26.47402,83.59808,90,0,234,,1,27.15551,26.34333,23.13006
1785124479,26.64225,83.58282,90,0,234,,1,27.25711,26.44473,23.06253
1785124480,26.58618,83.57824,90,0,234,,1,27.18938,26.47879,23.13006
1785124480,26.54345,83.66979,90,0,233,,1,27.08778,26.47879,23.02867
1785124481,26.5568,83.84833,90,0,234,,1,27.18938,26.34333,23.13006
1785124482,26.57282,83.79034,90,0,234,,1,27.15551,26.58019,23.0962
1785124482,26.6289,83.87732,90,0,234,,1,27.15551,26.54632,23.02867
1785124483,26.51675,83.93073,90,0,234,,1,27.29098,26.61406,23.13006
1785124484,26.61288,84.13214,90,0,235,,1,27.08778,26.47879,23.1978
1785124484,26.68765,84.35798,90,0,234,,1,27.32484,26.37719,22.96113
1785124485,26.61288,84.33967,90,0,234,,1,27.18938,26.34333,23.0962
1785124486,26.58618,84.477,90,0,234,,1,27.12165,26.51246,23.0962
1785124486,26.54345,84.49531,90,0,234,,1,27.25711,26.47879,23.0962
1785124487,26.54345,84.36103,90,0,234,,1,27.25711,26.51246,23.0962
1785124488,26.6289,84.23895,90,0,234,,1,27.15551,26.51246,23.02867
1785124488,26.54345,84.01007,90,0,234,,1,27.29098,26.44473,23.13006
1785124489,26.48737,83.9826,90,0,234,,1,27.22325,26.44473,23.06253
1785124490,26.5301,83.90326,90,0,233,,1,27.25711,26.44473,23.0962
1785124490,26.47402,83.78424,90,0,234,,1,27.22325,26.44473,23.0962
1785124491,26.58618,83.7522,90,0,234,,1,27.29098,26.47879,23.06253
1785124492,26.59953,83.48669,90,0,234,,1,27.29098,26.47879,23.0962
1785124492,26.50072,83.43786,90,0,234,,1,27.25711,26.47879,23.13006
1785124493,26.50072,83.37835,90,0,234,,1,27.25711,26.47879,23.02867
1785124494,26.59953,83.26238,90,0,234,,1,27.12165,26.37719,23.16393
1785124494,26.5568,83.22728,90,0,234,,1,27.18938,26.54632,23.13006
1785124495,26.50072,83.1403,90,0,234,,1,27.22325,26.44473,23.16393
1785124496,26.6289,83.07164,90,0,234,,1,27.22325,26.58019,23.06253
1785124496,26.64225,83.09758,90,0,234,,1,27.18938,26.51246,23.0962
1785124497,26.50072,83.12047,90,0,234,,1,27.25711,26.37719,23.16393
1785124498,26.58618,83.02892,90,0,234,,1,26.98638,26.54632,23.1978
1785124499,26.5568,83.06248,90,0,234,,1,27.15551,26.44473,22.9948
1785124499,26.58618,83.22575,90,0,234,,1,27.32484,26.44473,22.9948
1785124500,26.59953,83.26238,90,0,234,,1,27.32484,26.54632,23.13006
1785124501,26.57282,83.2227,90,0,234,,1,27.22325,26.37719,23.13006
1785124501,26.54345,83.27612,90,0,234,,1,27.08778,26.47879,23.0962
1785124502,26.58618,83.3814,90,0,234,,1,27.08778,26.47879,23.06253
1785124503,26.50072,83.55535,90,0,234,,1,27.25711,26.51246,22.9948
1785124503,26.61288,83.57519,90,0,234,,1,27.29098,26.47879,23.06253
1785124504,26.5301,83.39666,90,0,234,,1,27.32484,26.47879,23.02867
1785124505,26.51675,83.41344,90,0,234,,1,27.35871,26.54632,22.9948
1785124505,26.6556,83.53399,90,0,234,,1,27.22325,26.61406,23.13006
1785124506,26.58618,83.62859,90,0,234,,1,27.15551,26.47879,23.13006
1785124507,26.57282,83.42718,90,0,234,,1,27.25711,26.61406,23.0962
1785124507,26.5568,83.53857,90,0,234,,1,27.18938,26.54632,23.06253
1785124508,26.57282,83.40887,90,0,234,,1,27.22325,26.61406,23.06253
1785124509,26.64225,83.45617,90,0,234,,1,27.32484,26.47879,22.96113
1785124509,26.48737,83.45617,90,0,234,,1,27.32484,26.44473,23.13006
1785124510,26.5568,83.47448,90,0,234,,1,27.22325,26.51246,23.1978
1785124511,26.5301,83.47906,90,0,234,,1,27.29098,26.64792,23.06253
1785124511,26.51675,83.37225,90,0,234,,1,27.29098,26.44473,23.06253
1785124512,26.54345,83.47295,90,0,235,,1,27.32484,26.44473,23.0962
1785124513,26.54345,83.48211,90,0,234,,1,27.18938,26.64792,23.0962
1785124513,26.58618,83.3814,90,0,234,,1,27.22325,26.61406,23.06253
1785124514,26.58618,83.3814,90,0,234,,1,27.22325,26.61406,22.96113
1785124515,26.54345,83.55535,90,0,234,,1,27.25711,26.44473,23.16393
1785124516,26.61288,83.6347,90,0,234,,1,27.29098,26.37719,23.0962
1785124516,26.48737,83.63317,90,0,234,,1,27.08778,26.58019,23.16393
1785124517,26.61288,83.5935,90,0,234,,1,27.22325,26.51246,23.0962
1785124518,26.57282,83.70794,90,0,234,,1,27.18938,26.41106,23.1978
1785124518,26.50072,83.78119,90,0,234,,1,27.35871,26.51246,23.13006
1785124519,26.5301,83.69726,90,0,234,,1,27.18938,26.34333,23.0962
1785124520,26.6289,83.73388,90,0,234,,1,27.15551,26.58019,23.13006
1785124520,26.6743,83.64233,90,0,234,,1,27.12165,26.51246,23.0962
1785124521,26.50072,83.61486,90,0,234,,1,27.29098,26.61406,23.02867
1785124522,26.58618,83.56603,90,0,234,,1,27.32484,26.47879,23.13006
1785124522,26.58618,83.56603,90,0,235,,1,27.18938,26.47879,23.06253
1785124523,26.59953,83.51873,90,0,234,,1,27.39258,26.51246,22.9948
1785124524,26.59953,83.48669,90,0,234,,1,27.18938,26.54632,23.02867
1785124524,26.5568,83.45464,90,0,234,,1,27.25711,26.47879,22.9948
1785124525,26.57282,83.50042,90,0,234,,1,27.32484,26.54632,23.0962
1785124526,26.54345,83.35851,90,0,234,,1,27.22325,26.41106,23.0962
1785124526,26.59953,83.32189,90,0,234,,1,27.18938,26.54632,23.0962
1785124527,26.54345,83.4287,90,0,234,,1,27.05412,26.37719,23.0962
1785124528,26.64225,83.40582,90,0,234,,1,27.18938,26.37719,22.9948
1785124528,26.5301,83.34478,90,0,234,,1,27.18938,26.44473,23.06253
1785124529,26.5568,83.28985,90,0,234,,1,27.22325,26.58019,23.02867
1785124530,26.6556,83.41955,90,0,234,,1,27.25711,26.41106,23.06253
1785124530,26.61288,83.33562,90,0,234,,1,27.22325,26.37719,23.16393
1785124531,26.61288,83.40887,90,0,234,,1,27.25711,26.54632,22.96113
1785124532,26.6556,83.30511,90,0,234,,1,27.22325,26.51246,23.13006
1785124533,26.5301,83.45922,90,0,234,,1,27.32484,26.54632,23.0962
1785124533,26.54345,83.45159,90,0,234,,1,27.32484,26.44473,23.02867
1785124534,26.61288,83.40887,90,0,234,,1,27.32484,26.44473,23.0962
1785124535,26.58618,83.41344,90,0,234,,1,27.12165,26.44473,23.13006
1785124535,26.50072,83.49126,90,0,233,,1,27.12165,26.51246,23.13006
1785124536,26.51675,83.46532,90,0,234,,1,27.32484,26.47879,23.16393
1785124537,26.51675,83.46532,90,0,234,,1,27.25711,26.44473,23.02867
1785124537,26.50072,83.43786,90,0,234,,1,27.18938,26.47879,23.13006
1785124538,26.64225,83.43786,90,0,234,,1,27.18938,26.34333,23.1978
1785124539,26.5568,83.55993,90,0,234,,1,27.18938,26.51246,23.13006
1785124539,26.5301,83.66521,90,0,234,,1,27.32484,26.41106,22.9948
1785124540,26.59953,83.66216,90,0,234,,1,27.25711,26.47879,23.13006
1785124541,26.58618,83.63927,90,0,234,,1,27.22325,26.58019,23.1978
1785124541,26.58618,83.61639,90,0,234,,1,27.25711,26.41106,23.06253
1785124542,26.5568,83.63012,90,0,234,,1,27.25711,26.47879,23.1978
1785124543,26.57282,83.79034,90,0,234,,1,27.35871,26.47879,23.13006
1785124543,26.59953,83.75677,90,0,234,,1,27.29098,26.44473,23.0962
1785124544,26.54345,83.81323,90,0,234,,1,27.18938,26.44473,23.02867
1785124545,26.47402,83.70184,90,0,234,,1,27.29098,26.37719,23.02867
1785124545,26.61288,83.86359,90,0,234,,1,27.35871,26.58019,23.06253
1785124546,26.59953,83.87122,90,0,234,,1,27.25711,26.37719,23.02867
1785124547,26.5568,83.99176,90,0,234,,1,27.18938,26.41106,22.9948
1785124547,26.54345,84.11383,90,0,234,,1,27.29098,26.51246,23.06253
1785124548,26.64225,84.36713,90,0,234,,1,27.25711,26.44473,23.02867
1785124549,26.59953,84.68604,90,0,234,,1,27.18938,26.58019,23.1978
1785124550,26.6289,85.08583,90,0,234,,1,27.15551,26.51246,23.02867
1785124550,26.5568,85.34524,90,0,233,,1,27.15551,26.54632,23.13006
1785124551,26.58618,85.74502,90,0,234,,1,27.32484,26.41106,23.06253
1785124552,26.6556,86.14786,90,0,234,,1,27.22325,26.47879,23.16393
1785124552,26.64225,86.47593,90,0,235,,1,27.29098,26.51246,22.9948
1785124553,26.64225,86.63157,90,0,234,,1,27.29098,26.51246,23.0962
1785124554,26.64225,86.78722,90,0,234,,1,27.25711,26.54632,23.13006
1785124554,26.71435,86.981,90,0,234,,1,27.15551,26.37719,23.13006
1785124555,26.61288,87.01305,90,0,234,,1,27.22325,26.47879,23.02867
1785124556,26.64225,87.00237,90,0,234,,1,27.22325,26.54632,23.0962
1785124556,26.61288,87.13054,90,0,233,,1,27.22325,26.44473,23.06253
1785124557,26.64225,87.12749,90,0,234,,1,27.25711,26.51246,23.13006
1785124558,26.5568,87.15343,90,0,234,,1,27.12165,26.61406,23.0962
1785124558,26.6289,87.07103,90,0,234,,1,27.25711,26.44473,23.06253
1785124559,26.58618,86.99779,90,0,234,,1,27.22325,26.41106,23.0962
1785124560,26.6289,86.99779,90,0,234,,1,27.15551,26.51246,23.0962
1785124560,26.6289,86.82384,90,0,234,,1,27.25711,26.34333,23.06253
1785124561,26.5301,86.79637,90,0,234,,1,27.22325,26.41106,23.13006
1785124562,26.58618,86.67735,90,0,234,,1,27.22325,26.51246,23.13006
1785124562,26.59953,86.56748,90,0,234,,1,27.29098,26.51246,23.0962
1785124563,26.59953,86.34013,90,0,234,,1,27.18938,26.51246,23.0962
1785124564,26.59953,86.20584,90,0,234,,1,27.22325,26.64792,23.1978
1785124564,26.57282,86.08377,90,0,234,,1,27.12165,26.47879,23.02867
1785124565,26.58618,85.89151,90,0,234,,1,27.22325,26.61406,23.16393
1785124566,26.54345,85.76639,90,0,233,,1,27.25711,26.58019,23.0962
1785124567,26.5301,85.49325,90,0,234,,1,27.22325,26.30946,23.06253
1785124567,26.57282,85.48409,90,0,234,,1,27.15551,26.44473,23.1978
1785124568,26.5568,85.31472,90,0,234,,1,27.22325,26.61406,23.16393
1785124569,26.61288,85.3193,90,0,234,,1,27.25711,26.51246,23.0962
1785124569,26.5301,85.05836,90,0,234,,1,27.25711,26.47879,23.13006
1785124570,26.6556,85.11635,90,0,234,,1,27.25711,26.54632,23.1978
1785124571,26.59953,85.05836,90,0,234,,1,27.18938,26.51246,23.13006
1785124571,26.58618,84.77455,90,0,234,,1,27.25711,26.37719,23.06253
1785124572,26.57282,84.93782,90,0,233,,1,27.29098,26.54632,23.02867
1785124573,26.59953,84.75929,90,0,234,,1,27.35871,26.54632,23.16393
1785124573,26.5568,84.67384,90,0,234,,1,27.22325,26.47879,23.16393
1785124574,26.51675,84.68299,90,0,234,,1,27.12165,26.27559,23.1978
1785124575,26.61288,84.58686,90,0,234,,1,27.12165,26.54632,23.13006
1785124575,26.61288,84.60822,90,0,234,,1,27.18938,26.44473,23.06253
1785124576,26.54345,84.6189,90,0,234,,1,27.29098,26.51246,23.02867
1785124577,26.59953,84.55024,90,0,234,,1,27.25711,26.47879,23.02867
1785124577,26.5301,84.64637,90,0,234,,1,27.22325,26.54632,23.0962
1785124578,26.5301,84.70893,90,0,234,,1,27.35871,26.51246,23.02867
1785124579,26.61288,84.60822,90,0,234,,1,27.18938,26.58019,23.16393
1785124579,26.51675,84.66315,90,0,234,,1,27.05412,26.58019,23.0962
1785124580,26.5301,84.83253,90,0,234,,1,27.22325,26.37719,23.16393
1785124581,26.6556,84.88747,90,0,234,,1,27.12165,26.41106,23.02867
1785124581,26.57282,84.95766,90,0,234,,1,27.25711,26.41106,23.02867
1785124582,26.5568,85.0248,90,0,235,,1,27.18938,26.58019,23.06253
1785124583,26.54345,85.1133,90,0,234,,1,27.18938,26.47879,23.02867
1785124583,26.5568,84.94392,90,0,234,,1,27.22325,26.51246,23.13006
1785124584,26.5568,84.87984,90,0,234,,1,27.12165,26.51246,23.13006
1785124585,26.58618,84.82491,90,0,234,,1,27.18938,26.58019,23.13006
1785124586,26.54345,84.56702,90,0,234,,1,27.25711,26.41106,23.1978
1785124586,26.50072,84.43122,90,0,234,,1,27.29098,26.44473,23.0962
1785124587,26.50072,84.41138,90,0,234,,1,27.15551,26.51246,23.16393
1785124588,26.5301,84.17029,90,0,234,,1,27.12165,26.58019,23.06253
1785124588,26.5301,84.24353,90,0,234,,1,27.18938,26.51246,23.13006
1785124589,26.6289,84.03296,90,0,234,,1,27.15551,26.44473,23.13006
1785124590,26.47402,83.81628,90,0,234,,1,27.18938,26.51246,23.13006
1785124590,26.51675,84.04211,90,0,234,,1,27.25711,26.41106,23.13006
1785124591,26.57282,83.95514,90,0,233,,1,27.18938,26.30946,23.13006
1785124592,26.51675,83.93988,90,0,234,,1,27.25711,26.61406,23.0962
1785124592,26.58618,83.86664,90,0,235,,1,27.18938,26.41106,23.16393
1785124593,26.458,83.95514,90,0,234,,1,27.29098,26.44473,23.13006
1785124594,26.6289,83.92767,90,0,234,,1,27.32484,26.61406,23.13006
1785124594,26.58618,83.98108,90,0,234,,1,27.22325,26.47879,23.06253
1785124595,26.51675,83.90936,90,0,234,,1,27.18938,26.47879,23.06253
1785124596,26.5301,83.7995,90,0,234,,1,27.15551,26.44473,23.1978
1785124596,26.47402,83.82544,90,0,234,,1,27.32484,26.34333,23.06253
1785124597,26.5568,83.96277,90,0,234,,1,27.08778,26.51246,23.06253
1785124598,26.6289,83.88953,90,0,234,,1,27.12165,26.61406,23.0962
1785124598,26.54345,83.73998,90,0,234,,1,27.05412,26.47879,23.06253
1785124599,26.4313,83.68963,90,0,234,,1,27.18938,26.34333,23.0962
1785124600,26.6289,83.70184,90,0,234,,1,27.22325,26.44473,23.13006
1785124600,26.57282,83.7293,90,0,233,,1,27.18938,26.30946,23.06253
1785124601,26.5568,83.64233,90,0,234,,1,27.22325,26.51246,22.9948
1785124602,26.5568,83.78577,90,0,234,,1,27.22325,26.54632,23.13006
1785124603,26.5301,83.54162,90,0,234,,1,27.12165,26.54632,23.06253
1785124603,26.54345,83.39056,90,0,234,,1,27.08778,26.41106,23.06253
1785124604,26.5568,83.44549,90,0,234,,1,27.29098,26.54632,23.23146
1785124605,26.5301,83.47906,90,0,234,,1,27.32484,26.58019,23.13006
1785124605,26.5568,83.33105,90,0,234,,1,27.29098,26.41106,23.0962
1785124606,26.51675,83.39208,90,0,234,,1,27.22325,26.41106,23.13006
1785124607,26.5568,83.30968,90,0,234,,1,27.15551,26.44473,23.13006
1785124607,26.58618,83.328,90,0,234,,1,27.15551,26.47879,23.06253
1785124608,26.458,83.11742,90,0,234,,1,27.08778,26.54632,23.13006
1785124609,26.58618,83.19524,90,0,234,,1,27.22325,26.47879,23.13006
1785124609,26.61288,83.24406,90,0,234,,1,27.12165,26.37719,23.13006
1785124610,26.48737,83.20897,90,0,234,,1,27.25711,26.51246,23.0962
1785124611,26.57282,83.19981,90,0,234,,1,27.18938,26.41106,23.06253
1785124611,26.5301,83.18913,90,0,234,,1,27.15551,26.51246,23.16393
1785124612,26.5301,83.19981,90,0,234,,1,27.22325,26.64792,23.0962
1785124613,26.61288,83.32647,90,0,234,,1,27.29098,26.54632,23.13006
1785124613,26.58618,83.17235,90,0,234,,1,27.32484,26.41106,23.0962
1785124614,26.57282,83.45922,90,0,234,,1,27.05412,26.44473,23.02867
1785124615,26.6743,83.32189,90,0,234,,1,27.15551,26.47879,23.1978
1785124615,26.6743,83.34173,90,0,234,,1,27.15551,26.41106,23.06253
1785124616,26.57282,83.45922,90,0,234,,1,27.29098,26.47879,22.9948
1785124617,26.5568,83.37225,90,0,234,,1,27.35871,26.37719,23.02867
1785124617,26.5301,83.48821,90,0,234,,1,27.25711,26.51246,23.02867
1785124618,26.47402,83.48363,90,0,234,,1,27.22325,26.47879,23.13006
1785124619,26.50072,83.57366,90,0,234,,1,27.18938,26.44473,23.1978
1785124620,26.61288,83.7995,90,0,234,,1,27.15551,26.58019,23.0962
1785124620,26.57282,83.82086,90,0,234,,1,27.29098,26.54632,23.06253
1785124621,26.57282,83.94446,90,0,234,,1,27.35871,26.51246,23.06253
1785124622,26.6289,84.10468,90,0,234,,1,27.35871,26.54632,23.26533
1785124622,26.50072,84.15198,90,0,234,,1,27.22325,26.51246,23.02867
1785124623,26.64225,84.31525,90,0,234,,1,27.22325,26.37719,23.02867
1785124624,26.50072,84.34882,90,0,234,,1,27.32484,26.47879,23.0962
1785124624,26.6556,84.67231,90,0,234,,1,27.32484,26.51246,23.06253
1785124625,26.57282,84.77303,90,0,234,,1,27.29098,26.44473,23.13006
1785124626,26.58618,84.78676,90,0,234,,1,27.25711,26.41106,23.13006
1785124626,26.6556,85.00191,90,0,234,,1,27.18938,26.44473,23.0962
1785124627,26.5568,85.03548,90,0,233,,1,27.18938,26.47879,23.13006
1785124628,26.61288,85.14381,90,0,234,,1,27.25711,26.58019,23.0962
1785124628,26.64225,85.13161,90,0,234,,1,27.18938,26.37719,23.06253
1785124629,26.5568,85.24452,90,0,234,,1,27.12165,26.37719,23.02867
1785124630,26.50072,85.23689,90,0,234,,1,27.15551,26.54632,22.9948
1785124630,26.54345,85.25979,90,0,233,,1,27.22325,26.47879,23.06253
1785124631,26.59953,85.32693,90,0,234,,1,27.12165,26.41106,23.06253
1785124632,26.61288,85.22774,90,0,234,,1,27.18938,26.54632,23.23146
1785124632,26.5568,85.18044,90,0,234,,1,27.12165,26.44473,23.0962
1785124633,26.5568,85.12703,90,0,234,,1,27.18938,26.58019,23.06253
1785124634,26.6289,85.18959,90,0,234,,1,27.22325,26.58019,23.23146
1785124634,26.57282,85.16365,90,0,234,,1,27.18938,26.58019,23.23146
1785124635,26.58618,85.33303,90,0,234,,1,27.25711,26.44473,23.13006
1785124636,26.5301,85.4612,90,0,234,,1,27.18938,26.54632,23.02867
1785124637,26.5301,85.42916,90,0,234,,1,27.29098,26.47879,23.06253
1785124637,26.64225,85.54665,90,0,234,,1,27.32484,26.51246,23.0962
1785124638,26.5568,85.61532,90,0,234,,1,27.32484,26.34333,23.06253
1785124639,26.64225,85.72213,90,0,234,,1,27.18938,26.47879,23.02867
1785124639,26.61288,85.79538,90,0,234,,1,27.22325,26.44473,23.13006
1785124640,26.61288,85.8259,90,0,234,,1,27.18938,26.47879,23.06253
1785124641,26.57282,86.02274,90,0,234,,1,27.12165,26.47879,23.06253
1785124641,26.6556,85.91898,90,0,234,,1,27.12165,26.41106,23.0962
1785124642,26.5568,86.27604,90,0,234,,1,27.18938,26.44473,23.06253
1785124643,26.54345,86.11581,90,0,234,,1,27.29098,26.44473,23.06253
1785124643,26.64225,86.16617,90,0,234,,1,27.18938,26.41106,23.0962
1785124644,26.57282,86.12497,90,0,234,,1,27.25711,26.51246,23.0962
1785124645,26.61288,86.22873,90,0,234,,1,27.18938,26.58019,23.1978
1785124645,26.6556,86.28367,90,0,234,,1,27.15551,26.51246,23.02867
1785124646,26.61288,86.24857,90,0,234,,1,27.18938,26.37719,23.02867
1785124647,26.6289,86.2974,90,0,234,,1,27.32484,26.58019,23.16393
1785124647,26.59953,86.215,90,0,234,,1,27.29098,26.47879,22.9948
1785124648,26.51675,86.26536,90,0,234,,1,27.22325,26.44473,23.06253
1785124649,26.6289,86.37064,90,0,234,,1,27.39258,26.44473,23.06253
1785124649,26.59953,86.34013,90,0,234,,1,27.35871,26.51246,23.02867
1785124650,26.74372,86.39964,90,0,234,,1,27.29098,26.34333,23.16393
1785124651,26.6289,86.49424,90,0,234,,1,27.15551,26.44473,23.13006
1785124651,26.68765,86.48661,90,0,234,,1,27.18938,26.44473,23.13006
1785124652,26.59953,86.32029,90,0,234,,1,27.42644,26.51246,23.13006
1785124653,26.51675,86.44083,90,0,234,,1,27.22325,26.54632,22.96113
1785124654,26.68765,86.65446,90,0,234,,1,27.25711,26.51246,23.1978
1785124654,26.6556,86.6041,90,0,234,,1,27.12165,26.34333,22.9948
1785124655,26.51675,86.41795,90,0,234,,1,27.32484,26.51246,23.06253
1785124656,26.4313,86.21957,90,0,234,,1,27.18938,26.54632,23.06253
1785124656,26.5301,85.85489,90,0,234,,1,27.39258,26.68159,23.0962
1785124657,26.50072,85.73129,90,0,234,,1,27.29098,26.37719,23.0962
1785124658,26.58618,85.47799,90,0,234,,1,27.12165,26.47879,23.13006
1785124658,26.61288,85.17586,90,0,234,,1,27.29098,26.47879,23.02867
1785124659,26.54345,84.95766,90,0,234,,1,27.29098,26.47879,23.0962
1785124660,26.51675,84.78828,90,0,234,,1,27.15551,26.44473,23.0962
1785124660,26.51675,84.5716,90,0,234,,1,27.25711,26.44473,23.16393
1785124661,26.5568,84.38392,90,0,234,,1,27.18938,26.44473,23.0962
1785124662,26.50072,84.25574,90,0,234,,1,27.25711,26.64792,23.1978
1785124662,26.57282,84.30762,90,0,234,,1,27.32484,26.41106,23.13006
1785124663,26.5568,84.09552,90,0,234,,1,27.29098,26.37719,23.0962
1785124664,26.57282,84.13214,90,0,234,,1,27.29098,26.44473,23.13006
1785124664,26.54345,83.97803,90,0,234,,1,27.15551,26.58019,23.0962
1785124665,26.50072,83.9353,90,0,234,,1,27.15551,26.54632,23.06253
1785124666,26.64225,83.86206,90,0,234,,1,27.15551,26.54632,23.16393
1785124666,26.59953,83.80713,90,0,234,,1,27.35871,26.41106,23.02867
1785124667,26.5568,83.71557,90,0,234,,1,27.29098,26.41106,23.0962
1785124668,26.61288,83.6469,90,0,234,,1,27.32484,26.44473,23.06253
1785124668,26.47402,83.53704,90,0,234,,1,27.18938,26.44473,23.1978
1785124669,26.59953,83.65301,90,0,234,,1,27.18938,26.47879,23.02867
1785124670,26.50072,83.52331,90,0,234,,1,27.18938,26.51246,23.26533
1785124671,26.6556,83.52331,90,0,234,,1,27.22325,26.51246,23.06253
1785124671,26.58618,83.4226,90,0,234,,1,27.32484,26.51246,23.13006
1785124672,26.5568,83.43328,90,0,234,,1,27.32484,26.71565,23.16393
1785124673,26.51675,83.4226,90,0,234,,1,27.25711,26.47879,23.02867
1785124673,26.57282,83.32647,90,0,234,,1,27.35871,26.58019,23.06253
1785124674,26.58618,83.31884,90,0,234,,1,27.29098,26.37719,23.0962
1785124675,26.458,83.26238,90,0,234,,1,27.42644,26.30946,23.06253
1785124675,26.48737,83.25017,90,0,234,,1,27.29098,26.58019,23.16393
1785124676,26.458,83.2227,90,0,234,,1,27.12165,26.47879,23.1978
1785124677,26.57282,83.29443,90,0,234,,1,27.22325,26.47879,23.16393
1785124677,26.57282,83.27306,90,0,234,,1,27.32484,26.47879,23.0962
1785124678,26.50072,83.30511,90,0,234,,1,27.25711,26.51246,23.06253
1785124679,26.5301,83.34478,90,0,234,,1,27.18938,26.61406,23.02867
1785124679,26.47402,83.39208,90,0,234,,1,27.25711,26.47879,23.0962
1785124680,26.54345,83.39056,90,0,234,,1,27.18938,26.41106,23.1978
1785124681,26.5568,83.41497,90,0,234,,1,27.29098,26.41106,23.13006
1785124681,26.48737,83.54162,90,0,234,,1,27.25711,26.41106,23.13006
1785124682,26.5568,83.64233,90,0,234,,1,27.32484,26.54632,23.13006
1785124683,26.61288,83.5935,90,0,234,,1,27.29098,26.61406,23.23146
1785124683,26.6743,83.82697,90,0,234,,1,27.18938,26.51246,23.16393
1785124684,26.50072,83.66674,90,0,234,,1,27.15551,26.47879,23.0962
1785124685,26.64225,83.93225,90,0,234,,1,27.39258,26.37719,22.9948
1785124685,26.61288,83.98718,90,0,233,,1,27.32484,26.41106,23.02867
1785124686,26.48737,84.09705,90,0,234,,1,27.18938,26.47879,23.16393
1785124687,26.57282,84.22369,90,0,234,,1,27.29098,26.51246,23.02867
1785124688,26.5568,84.4892,90,0,234,,1,27.25711,26.41106,23.02867
1785124688,26.5301,84.54414,90,0,234,,1,27.29098,26.51246,23.16393
1785124689,26.58618,84.69215,90,0,234,,1,27.22325,26.34333,23.06253
1785124690,26.57282,84.66773,90,0,234,,1,27.25711,26.47879,23.1978
1785124690,26.5568,84.85085,90,0,234,,1,27.08778,26.41106,23.06253
1785124691,26.58618,85.07515,90,0,234,,1,27.15551,26.34333,23.02867
1785124692,26.57282,84.95766,90,0,234,,1,27.22325,26.37719,23.06253
1785124692,26.701,85.05379,90,0,235,,1,27.18938,26.64792,23.06253
1785124693,26.61288,85.16365,90,0,234,,1,27.25711,26.47879,23.1978
1785124694,26.48737,84.97444,90,0,234,,1,26.98638,26.41106,23.13006
1785124694,26.59953,85.06752,90,0,234,,1,27.29098,26.68159,23.16393
1785124695,26.54345,84.91951,90,0,234,,1,27.18938,26.27559,23.06253
1785124696,26.50072,85.05226,90,0,234,,1,27.22325,26.47879,23.02867
1785124696,26.54345,85.1255,90,0,234,,1,27.08778,26.51246,23.06253
1785124697,26.61288,85.19569,90,0,234,,1,27.18938,26.54632,23.16393
1785124698,26.58618,85.34219,90,0,234,,1,27.32484,26.58019,23.06253
1785124698,26.6743,85.40017,90,0,234,,1,27.18938,26.47879,23.06253
1785124699,26.6556,85.61074,90,0,234,,1,27.29098,26.58019,23.1978
1785124700,26.57282,85.8259,90,0,234,,1,27.29098,26.51246,22.9948
1785124700,26.59953,86.01968,90,0,234,,1,27.18938,26.44473,23.13006
1785124701,26.6556,86.35691,90,0,234,,1,27.35871,26.61406,23.16393
1785124702,26.61288,86.61326,90,0,234,,1,27.22325,26.37719,23.0962
1785124702,26.57282,86.77806,90,0,235,,1,27.29098,26.37719,23.16393
1785124703,26.6556,87.03593,90,0,234,,1,27.18938,26.54632,23.13006
1785124704,26.61288,86.98405,90,0,234,,1,27.25711,26.47879,23.0962
1785124704,26.701,87.02983,90,0,234,,1,27.15551,26.44473,23.13006
1785124705,26.64225,87.20988,90,0,234,,1,27.18938,26.41106,23.02867
1785124706,26.6556,87.27703,90,0,234,,1,27.15551,26.54632,23.13006
1785124707,26.5568,87.14427,90,0,234,,1,27.15551,26.51246,23.16393
1785124707,26.5301,87.26025,90,0,234,,1,27.22325,26.51246,23.16393
1785124708,26.64225,87.21904,90,0,234,,1,27.52784,26.30946,23.06253
1785124709,26.58618,87.16258,90,0,234,,1,27.35871,26.34333,23.02867
1785124709,26.6556,87.0573,90,0,234,,1,27.25711,26.64792,23.06253
1785124710,26.59953,86.81621,90,0,234,,1,27.15551,26.41106,23.13006
1785124711,26.57282,86.74601,90,0,234,,1,27.29098,26.44473,23.16393
1785124711,26.6289,86.56443,90,0,234,,1,27.22325,26.44473,23.0962
1785124712,26.5301,86.21652,90,0,234,,1,27.05412,26.47879,23.0962
1785124713,26.59953,86.10208,90,0,234,,1,27.15551,26.37719,23.02867
1785124713,26.58618,85.75723,90,0,234,,1,27.22325,26.44473,23.13006
1785124714,26.50072,85.38186,90,0,234,,1,27.39258,26.44473,23.0962
1785124715,26.48737,85.37881,90,0,234,,1,27.32484,26.47879,23.16393
1785124715,26.6289,85.0248,90,0,233,,1,27.15551,26.47879,23.16393
1785124716,26.58618,85.1255,90,0,234,,1,27.22325,26.54632,23.02867
1785124717,26.58618,84.73335,90,0,234,,1,27.25711,26.54632,23.02867
1785124717,26.6289,84.79744,90,0,234,,1,27.25711,26.58019,23.13006
1785124718,26.5568,84.58076,90,0,234,,1,27.32484,26.44473,23.16393
1785124719,26.50072,84.62806,90,0,234,,1,27.15551,26.44473,22.9948
1785124719,26.58618,84.53651,90,0,234,,1,27.29098,26.44473,23.06253
1785124720,26.5568,84.48005,90,0,234,,1,27.29098,26.44473,23.0962
1785124721,26.59953,84.55024,90,0,234,,1,27.25711,26.47879,23.1978
1785124721,26.54345,84.56702,90,0,234,,1,27.15551,26.44473,23.0962
1785124722,26.57282,84.67841,90,0,235,,1,27.29098,26.44473,23.16393
1785124723,26.47402,84.75471,90,0,234,,1,27.22325,26.51246,23.02867
1785124724,26.51675,84.82796,90,0,234,,1,27.18938,26.51246,23.16393
1785124724,26.5301,84.78218,90,0,234,,1,27.32484,26.61406,23.0962
1785124725,26.68765,84.72877,90,0,234,,1,27.35871,26.30946,23.06253
1785124726,26.57282,84.70893,90,0,233,,1,27.29098,26.47879,23.02867
1785124726,26.58618,84.63111,90,0,234,,1,27.29098,26.58019,22.9948
1785124727,26.61288,84.39918,90,0,234,,1,27.12165,26.47879,23.16393
1785124728,26.5301,84.3061,90,0,234,,1,27.18938,26.44473,23.02867
1785124728,26.50072,84.20233,90,0,234,,1,27.29098,26.41106,23.0962
1785124729,26.54345,84.10162,90,0,233,,1,27.25711,26.44473,23.13006
1785124730,26.57282,83.9353,90,0,234,,1,27.22325,26.47879,23.16393
1785124730,26.57282,83.91394,90,0,234,,1,27.32484,26.44473,23.13006
1785124731,26.64225,83.86206,90,0,234,,1,27.39258,26.54632,23.06253
1785124732,26.59953,83.79797,90,0,234,,1,27.18938,26.61406,22.9948
1785124732,26.5568,83.70336,90,0,235,,1,27.18938,26.51246,23.13006
1785124733,26.58618,83.63927,90,0,234,,1,27.35871,26.47879,23.1978
1785124734,26.48737,83.60113,90,0,234,,1,27.29098,26.54632,22.92727
1785124734,26.57282,83.49126,90,0,234,,1,27.22325,26.51246,23.16393
1785124735,26.61288,83.5111,90,0,234,,1,27.25711,26.51246,22.9948
1785124736,26.58618,83.5462,90,0,234,,1,27.32484,26.44473,22.96113
1785124736,26.58618,83.23643,90,0,234,,1,27.25711,26.41106,23.0962
1785124737,26.57282,83.29443,90,0,234,,1,27.25711,26.44473,23.02867
1785124738,26.57282,83.34631,90,0,234,,1,27.25711,26.41106,23.13006
1785124738,26.54345,83.39056,90,0,234,,1,27.15551,26.27559,23.0962
1785124739,26.64225,83.43786,90,0,234,,1,27.15551,26.54632,23.06253
1785124740,26.6556,83.37835,90,0,234,,1,27.22325,26.51246,23.06253
1785124741,26.48737,83.29137,90,0,234,,1,27.25711,26.47879,22.9948
1785124741,26.5568,83.26849,90,0,234,,1,27.42644,26.47879,23.13006
1785124742,26.59953,83.32189,90,0,234,,1,27.22325,26.34333,23.16393
1785124743,26.51675,83.33105,90,0,234,,1,27.08778,26.51246,23.02867
1785124743,26.57282,83.19066,90,0,234,,1,27.22325,26.58019,23.02867
1785124744,26.4313,83.14336,90,0,234,,1,27.39258,26.44473,23.1978
1785124745,26.59953,83.13573,90,0,234,,1,27.25711,26.47879,23.02867
1785124745,26.61288,83.32647,90,0,234,,1,27.25711,26.51246,23.0962
1785124746,26.4313,83.15251,90,0,234,,1,27.18938,26.51246,23.0962
1785124747,26.54345,83.19371,90,0,234,,1,27.18938,26.44473,23.0962
1785124747,26.61288,83.33562,90,0,234,,1,27.29098,26.41106,23.06253
1785124748,26.57282,83.32647,90,0,234,,1,27.32484,26.51246,23.02867
1785124749,26.5568,83.33105,90,0,234,,1,27.25711,26.58019,23.23146
1785124749,26.50072,83.23491,90,0,234,,1,27.08778,26.47879,23.06253
1785124750,26.54345,83.25475,90,0,234,,1,27.22325,26.41106,23.06253
1785124751,26.58618,83.41344,90,0,234,,1,27.25711,26.47879,23.06253
1785124751,26.5568,83.42413,90,0,234,,1,27.22325,26.64792,23.02867
1785124752,26.5301,83.41497,90,0,234,,1,27.22325,26.47879,23.13006
1785124753,26.61288,83.45922,90,0,234,,1,27.25711,26.58019,23.02867
1785124753,26.51675,83.34173,90,0,234,,1,27.29098,26.58019,23.02867
1785124754,26.5301,83.42718,90,0,234,,1,27.35871,26.47879,23.13006
1785124755,26.6743,83.25933,90,0,234,,1,27.15551,26.54632,23.16393
1785124755,26.57282,83.23186,90,0,234,,1,27.29098,26.47879,23.02867
1785124756,26.51675,83.22728,90,0,234,,1,27.25711,26.44473,23.0962
1785124757,26.5301,83.32342,90,0,234,,1,27.25711,26.58019,23.16393
1785124758,26.59953,83.23949,90,0,234,,1,27.22325,26.44473,22.96113
1785124758,26.5568,83.299,90,0,234,,1,27.12165,26.41106,23.06253
1785124759,26.59953,83.23949,90,0,234,,1,27.29098,26.47879,23.13006
1785124760,26.5568,83.21812,90,0,234,,1,27.22325,26.41106,23.16393
1785124760,26.5301,83.11589,90,0,234,,1,27.25711,26.51246,23.06253
1785124761,26.6289,83.06096,90,0,234,,1,27.32484,26.58019,23.02867
1785124762,26.54345,82.98772,90,0,234,,1,27.29098,26.41106,23.13006
1785124762,26.51675,83.11284,90,0,235,,1,27.15551,26.41106,23.1978
1785124763,26.5568,83.09453,90,0,234,,1,27.22325,26.47879,23.1978
1785124764,26.59953,83.14488,90,0,234,,1,27.29098,26.51246,23.16393
1785124764,26.58618,83.13115,90,0,234,,1,27.25711,26.47879,23.13006
1785124765,26.54345,83.11131,90,0,234,,1,27.25711,26.47879,23.13006
1785124766,26.54345,83.24559,90,0,234,,1,27.25711,26.51246,23.02867
1785124766,26.54345,83.20439,90,0,234,,1,27.18938,26.54632,23.13006
1785124767,26.68765,83.33562,90,0,234,,1,27.35871,26.54632,23.16393
1785124768,26.59953,83.36309,90,0,234,,1,27.18938,26.44473,23.02867
1785124768,26.51675,83.38293,90,0,234,,1,27.25711,26.51246,23.0962
1785124769,26.59953,83.42718,90,0,234,,1,27.29098,26.51246,23.02867
1785124770,26.58618,83.505,90,0,234,,1,27.12165,26.41106,23.1978
1785124770,26.59953,83.53857,90,0,234,,1,27.22325,26.41106,23.02867
1785124771,26.5301,83.62402,90,0,234,,1,27.29098,26.47879,23.02867
1785124772,26.50072,83.50195,90,0,234,,1,27.22325,26.68159,23.06253
1785124772,26.51675,83.59808,90,0,235,,1,27.15551,26.58019,23.16393
1785124773,26.5568,83.73388,90,0,234,,1,27.35871,26.61406,23.23146
1785124774,26.59953,83.68353,90,0,234,,1,27.22325,26.44473,23.06253
1785124775,26.59953,83.69421,90,0,234,,1,27.35871,26.51246,23.06253
1785124775,26.51675,83.54772,90,0,234,,1,27.29098,26.41106,23.0962
1785124776,26.5301,83.75677,90,0,234,,1,27.32484,26.51246,23.06253
1785124777,26.61288,83.62554,90,0,234,,1,27.18938,26.51246,23.16393
1785124777,26.57282,83.61486,90,0,234,,1,27.25711,26.47879,23.16393
1785124778,26.58618,83.77203,90,0,234,,1,27.32484,26.58019,23.0962
1785124779,26.5568,83.61028,90,0,234,,1,27.22325,26.47879,23.1978
1785124779,26.51675,83.73388,90,0,234,,1,27.15551,26.54632,23.1978
1785124780,26.61288,83.62554,90,0,234,,1,27.32484,26.58019,23.02867
1785124781,26.57282,83.6759,90,0,234,,1,27.05412,26.41106,23.0962
1785124781,26.58618,83.7934,90,0,234,,1,27.32484,26.58019,23.0962
1785124782,26.59953,83.77661,90,0,234,,1,27.32484,26.61406,23.16393
1785124783,26.48737,83.77661,90,0,234,,1,27.18938,26.47879,23.02867
1785124783,26.57282,83.87274,90,0,234,,1,27.25711,26.54632,23.13006
1785124784,26.59953,83.97345,90,0,234,,1,27.25711,26.47879,23.16393
1785124785,26.6556,84.01923,90,0,234,,1,27.25711,26.58019,23.13006
1785124785,26.51675,84.05432,90,0,234,,1,27.29098,26.44473,23.16393
1785124786,26.61288,84.20538,90,0,234,,1,27.39258,26.47879,23.06253
1785124787,26.5301,84.10925,90,0,233,,1,27.32484,26.64792,23.0962
1785124787,26.57282,84.28474,90,0,234,,1,27.12165,26.44473,23.02867
1785124788,26.54345,84.33967,90,0,234,,1,27.29098,26.47879,23.0962
1785124789,26.6556,84.48463,90,0,234,,1,27.22325,26.51246,23.0962
1785124789,26.57282,84.37934,90,0,234,,1,27.15551,26.41106,23.0962
1785124790,26.5568,84.654,90,0,234,,1,27.18938,26.58019,23.13006
1785124791,26.6289,84.79744,90,0,234,,1,27.15551,26.47879,23.13006
1785124791,26.5301,84.81117,90,0,234,,1,27.25711,26.51246,23.06253
1785124792,26.57282,84.81117,90,0,235,,1,27.35871,26.44473,23.06253
1785124793,26.58618,84.97139,90,0,234,,1,27.35871,26.47879,23.13006
1785124794,26.6556,85.19875,90,0,234,,1,27.18938,26.47879,23.0962
1785124794,26.61288,85.21706,90,0,234,,1,27.15551,26.37719,23.0962
1785124795,26.58618,85.36507,90,0,234,,1,27.15551,26.51246,23.0962
1785124796,26.68765,85.47341,90,0,234,,1,27.32484,26.44473,23.0962
1785124796,26.61288,85.6199,90,0,234,,1,27.15551,26.41106,22.96113
1785124797,26.59953,85.80301,90,0,234,,1,27.18938,26.51246,23.06253
1785124798,26.59953,85.9144,90,0,234,,1,27.05412,26.47879,23.0962
1785124798,26.6743,86.11124,90,0,234,,1,27.29098,26.51246,23.13006
1785124799,26.5568,86.07919,90,0,234,,1,27.22325,26.44473,23.06253
1785124800,26.6556,86.20126,90,0,234,,1,27.22325,26.51246,23.1978
1785124800,26.6289,86.14175,90,0,234,,1,27.25711,26.47879,23.02867
1785124801,26.6556,86.04562,90,0,234,,1,27.15551,26.51246,23.06253
1785124802,26.61288,85.90829,90,0,234,,1,27.29098,26.37719,23.06253
1785124802,26.61288,85.84879,90,0,235,,1,27.08778,26.54632,23.1978
