TS,Tamb,Hamb,DirVento,VelVento,NivelAgua,NivelAguaC,radSolar,Ttanque1,Ttanque2,Ttanque3
1787108400,27.66232,77.41817,159,0,,,,28.78069,29.15322,24.41496
1787108400,27.63294,77.55856,159,0,,,,28.71296,29.15322,24.5841
1787108401,27.56351,77.48684,159,0,,,,28.71296,29.18709,24.44883
1787108402,27.7184,77.61044,159,0,,,,28.67909,29.18709,24.41496
1787108402,27.66232,77.73251,159,0,,,,28.71296,29.28868,24.51636
1787108403,27.63294,77.73403,159,0,,,,28.67909,29.15322,24.34743
1787108404,27.68902,77.79202,159,0,,,,28.67909,29.22095,24.61796
1787108404,27.66232,77.80576,159,0,,,,28.71296,29.25482,24.44883
1787108405,27.7184,78.10941,159,0,,,,28.67909,29.25482,24.44883
1787108406,27.64897,77.95834,159,0,,,,28.67909,29.15322,24.41496
1787108406,27.63294,78.05753,159,0,,,,28.67909,29.25482,24.41496
1787108407,27.64897,78.1033,159,0,,,,28.74682,29.28868,24.31357
1787108408,27.70504,78.08652,159,0,,,,28.71296,29.25482,24.41496
1787108408,27.63294,78.08957,159,0,,,,28.67909,29.32255,24.31357
1787108409,27.60624,78.0209,159,0,,,,28.74682,29.15322,24.41496
1787108410,27.66232,77.87595,159,0,,,,28.67909,29.28868,24.3811
1787108410,27.68902,77.93546,159,0,,,,28.71296,29.08549,24.4827
1787108411,27.60624,77.90646,159,0,,,,28.64523,29.15322,24.44883
1787108412,27.64897,77.75998,159,0,,,,28.71296,29.25482,24.3811
1787108412,27.67567,77.7554,159,0,,,,28.81456,29.28868,24.3811
1787108413,27.56351,77.65469,159,0,,,,28.71296,29.35642,24.41496
1787108414,27.68902,77.75998,159,0,,,,28.71296,29.22095,24.44883
1787108414,27.66232,77.65926,159,0,,,,28.71296,29.18709,24.51636
1787108415,27.70504,77.70046,160,0,,,,28.78069,29.22095,24.41496
1787108416,27.73175,77.64553,159,0,,,,28.71296,29.18709,24.44883
1787108416,27.68902,77.62417,159,0,,,,28.74682,29.11935,24.4827
1787108417,27.64897,77.60433,159,0,,,,28.78069,29.25482,24.41496
1787108418,27.7184,77.61044,159,0,,,,28.67909,29.18709,24.51636
1787108418,27.64897,77.53109,159,0,,,,28.71296,29.05162,24.41496
1787108419,27.56351,77.39529,159,0,,,,28.71296,29.32255,24.51636
1787108420,27.60624,77.51888,159,0,,,,28.71296,29.28868,24.3811
1787108420,27.61959,77.44106,159,0,,,,28.67909,29.25482,24.55023
1787108421,27.64897,77.46853,159,0,,,,28.74682,29.25482,24.3811
1787108422,27.74777,77.38918,159,0,,,,28.74682,29.11935,24.3811
1787108422,27.74777,77.43954,159,0,,,,28.74682,29.15322,24.51636
1787108423,27.63294,77.38003,159,0,,,,28.74682,29.25482,24.4827
1787108424,27.74777,77.37698,159,0,,,,28.71296,29.28868,24.4827
1787108424,27.56351,77.32204,159,0,,,,28.74682,29.22095,24.34743
1787108425,27.68902,77.38461,159,0,,,,28.64523,29.25482,24.3811
1787108426,27.7184,77.39071,159,0,,,,28.78069,29.25482,24.3811
1787108426,27.61959,77.33578,159,0,,,,28.74682,29.15322,24.3811
1787108427,27.70504,77.20149,159,0,,,,28.71296,29.32255,24.44883
1787108427,27.67567,77.37087,159,0,,,,28.71296,29.18709,24.44883
1787108428,27.55016,77.32052,159,0,,,,28.71296,29.11935,24.44883
1787108429,27.57687,77.29458,159,0,,,,28.71296,29.22095,24.4827
1787108429,27.70504,77.33578,159,0,,,,28.74682,29.28868,24.34743
1787108430,27.60624,77.72793,159,0,,,,28.74682,29.18709,24.44883
1787108431,27.61959,77.89883,159,0,,,,28.78069,29.25482,24.41496
1787108431,27.68902,78.28184,159,0,,,,28.71296,29.18709,24.34743
1787108432,27.76379,78.45579,159,0,,,,28.74682,29.18709,24.4827
1787108433,27.55016,78.5153,159,0,,,,28.71296,29.22095,24.44883
1787108433,27.64897,78.66636,159,0,,,,28.67909,29.18709,24.44883
1787108434,27.66232,78.58549,159,0,,,,28.74682,29.25482,24.44883
1787108435,27.63294,78.52598,159,0,,,,28.71296,29.18709,24.51636
1787108435,27.60624,78.47868,159,0,,,,28.74682,29.25482,24.55023
1787108436,27.61959,78.37797,159,0,,,,28.64523,29.15322,24.44883
1787108437,27.68902,78.40543,159,0,,,,28.71296,29.15322,24.3811
1787108437,27.63294,78.28642,159,0,,,,28.74682,29.22095,24.3811
1787108438,27.59022,78.08957,159,0,,,,28.67909,29.32255,24.41496
1787108439,27.68902,77.99802,159,0,,,,28.67909,29.22095,24.41496
1787108439,27.63294,78.03616,159,0,,,,28.71296,29.08549,24.51636
1787108440,27.67567,77.93393,159,0,,,,28.74682,29.18709,24.34743
1787108441,27.63294,77.94308,159,0,,,,28.74682,29.25482,24.4827
1787108441,27.66232,77.79355,159,0,,,,28.67909,29.22095,24.51636
1787108442,27.61959,77.80576,159,0,,,,28.78069,29.25482,24.61796
1787108443,27.70504,77.77371,159,0,,,,28.64523,29.22095,24.34743
1787108443,27.81987,77.70657,159,0,,,,28.67909,29.15322,24.51636
1787108444,27.63294,77.6318,159,0,,,,28.71296,29.22095,24.3811
1787108445,27.61959,77.56466,159,0,,,,28.74682,29.11935,24.51636
1787108445,27.57687,77.57687,159,0,,,,28.61136,29.15322,24.55023
1787108446,27.60624,77.49905,159,0,,,,28.71296,29.15322,24.41496
1787108447,27.63294,77.57839,159,0,,,,28.71296,29.11935,24.3811
1787108447,27.66232,77.48226,159,0,,,,28.74682,29.28868,24.3811
1787108448,27.49409,77.38918,159,0,,,,28.67909,29.08549,24.44883
1787108449,27.61959,77.41817,159,0,,,,28.74682,29.22095,24.41496
1787108449,27.63294,77.50515,159,0,,,,28.67909,29.18709,24.34743
1787108450,27.60624,77.45785,159,0,,,,28.67909,29.25482,24.44883
1787108451,27.64897,77.36324,159,0,,,,28.71296,29.35642,24.4827
1787108451,27.61959,77.34493,159,0,,,,28.78069,29.18709,24.51636
1787108452,27.73175,77.44564,159,0,,,,28.71296,29.08549,24.44883
1787108453,27.73175,77.34341,159,0,,,,28.67909,29.11935,24.55023
1787108453,27.56351,77.30221,159,0,,,,28.71296,29.15322,24.2797
1787108454,27.63294,77.35867,159,0,,,,28.74682,29.15322,24.41496
1787108455,27.60624,77.35256,159,0,,,,28.78069,29.25482,24.41496
1787108455,27.68902,77.32204,159,0,,,,28.71296,29.25482,24.5841
1787108456,27.7184,77.39071,159,0,,,,28.74682,29.22095,24.31357
1787108457,27.73175,77.36324,159,0,,,,28.81456,29.22095,24.61796
1787108457,27.59022,77.26711,159,0,,,,28.71296,29.15322,24.41496
1787108458,27.68902,77.43649,159,0,,,,28.78069,29.15322,24.41496
1787108459,27.57687,77.26254,159,0,,,,28.71296,29.15322,24.3811
1787108459,27.73175,77.33425,159,0,,,,28.74682,29.08549,24.4827
1787108460,27.66232,77.44106,159,0,,,,28.78069,29.11935,24.2797
1787108461,27.64897,77.42733,159,0,,,,28.67909,29.35642,24.44883
1787108461,27.68902,77.48989,159,0,,,,28.71296,29.25482,24.31357
1787108462,27.57687,77.44106,159,0,,,,28.78069,29.22095,24.4827
1787108463,27.60624,77.38461,159,0,,,,28.67909,29.18709,24.41496
1787108463,27.67567,77.5082,159,0,,,,28.74682,29.22095,24.3811
1787108464,27.67567,77.32967,159,0,,,,28.74682,29.25482,24.2797
1787108465,27.64897,77.48989,159,0,,,,28.71296,29.25482,24.41496
1787108465,27.67567,77.39071,159,0,,,,28.78069,29.18709,24.34743
1787108466,27.7184,77.44411,159,0,,,,28.74682,29.35642,24.5841
1787108467,27.67567,77.40292,159,0,,,,28.71296,29.25482,24.51636
1787108467,27.64897,77.46853,159,0,,,,28.67909,29.08549,24.41496
1787108468,27.61959,77.31594,159,0,,,,28.64523,29.35642,24.51636
1787108469,27.63294,77.52651,159,0,,,,28.71296,29.25482,24.51636
1787108469,27.68902,77.40444,159,0,,,,28.71296,29.15322,24.41496
1787108470,27.61959,77.41817,159,0,,,,28.74682,29.25482,24.44883
1787108470,27.59022,77.37087,159,0,,,,28.67909,29.08549,24.55023
1787108471,27.76379,77.41207,159,0,,,,28.74682,29.15322,24.4827
1787108472,27.57687,77.46243,159,0,,,,28.67909,29.22095,24.41496
1787108472,27.7184,77.48531,159,0,,,,28.71296,29.18709,24.41496
1787108473,27.66232,77.53262,159,0,,,,28.71296,29.25482,24.61796
1787108474,27.67567,77.49599,159,0,,,,28.78069,29.11935,24.4827
1787108474,27.60624,77.35256,159,0,,,,28.67909,29.28868,24.34743
1787108475,27.57687,77.29458,159,0,,,,28.74682,29.32255,24.51636
1787108476,27.59022,77.4548,159,0,,,,28.67909,29.25482,24.4827
1787108476,27.67567,77.39071,159,0,,,,28.67909,29.18709,24.44883
1787108477,27.68902,77.30221,159,0,,,,28.67909,29.18709,24.55023
1787108478,27.73175,77.34341,159,0,,,,28.78069,29.18709,24.31357
1787108478,27.66232,77.38918,159,0,,,,28.74682,29.15322,24.4827
1787108479,27.67567,77.34951,159,0,,,,28.67909,29.15322,24.51636
1787108480,27.64897,77.42733,159,0,,,,28.67909,29.35642,24.44883
1787108480,27.68902,77.45785,159,0,,,,28.71296,29.15322,24.3811
1787108481,27.63294,77.34951,159,0,,,,28.71296,29.32255,24.41496
1787108482,27.63294,77.42275,159,0,,,,28.74682,29.18709,24.41496
1787108482,27.64897,77.33425,159,0,,,,28.67909,29.22095,24.44883
1787108483,27.59022,77.42275,159,0,,,,28.71296,29.28868,24.4827
1787108484,27.63294,77.29763,159,0,,,,28.71296,29.25482,24.41496
1787108484,27.61959,77.22133,159,0,,,,28.64523,29.08549,24.24583
1787108485,27.63294,77.35867,159,0,,,,28.64523,29.08549,24.31357
1787108486,27.70504,77.34798,159,0,,,,28.67909,29.28868,24.4827
1787108486,27.64897,77.50057,159,0,,,,28.64523,29.32255,24.55023
1787108487,27.68902,77.3724,159,0,,,,28.81456,29.25482,24.34743
1787108488,27.61959,77.43038,159,0,,,,28.78069,29.22095,24.44883
1787108488,27.66232,77.40902,159,0,,,,28.71296,29.18709,24.41496
1787108489,27.60624,77.58297,159,0,,,,28.71296,29.22095,24.51636
1787108490,27.73175,77.72793,159,0,,,,28.67909,29.25482,24.55023
1787108490,27.61959,77.77371,159,0,,,,28.74682,29.28868,24.4827
1787108491,27.74777,78.05447,159,0,,,,28.67909,29.15322,24.51636
1787108492,27.60624,78.1445,159,0,,,,28.71296,29.18709,24.51636
1787108492,27.61959,78.13687,159,0,,,,28.64523,29.15322,24.31357
1787108493,27.7184,78.04837,159,0,,,,28.64523,29.18709,24.3811
1787108494,27.66232,78.15823,159,0,,,,28.71296,29.18709,24.41496
1787108494,27.7184,78.30625,159,0,,,,28.78069,29.18709,24.41496
1787108495,27.68902,78.12314,160,0,,,,28.71296,29.25482,24.61796
1787108496,27.60624,78.08194,159,0,,,,28.67909,29.25482,24.4827
1787108496,27.63294,77.8378,159,0,,,,28.61136,29.25482,24.31357
1787108497,27.63294,77.88052,159,0,,,,28.67909,29.22095,24.21217
1787108498,27.67567,77.74624,160,0,,,,28.64523,29.28868,24.55023
1787108498,27.67567,77.82864,159,0,,,,28.78069,29.15322,24.41496
1787108499,27.60624,77.75082,159,0,,,,28.81456,29.32255,24.51636
1787108500,27.66232,77.6379,159,0,,,,28.71296,29.25482,24.61796
1787108500,27.70504,77.79355,159,0,,,,28.67909,29.15322,24.4827
1787108501,27.60624,77.64553,159,0,,,,28.74682,29.08549,24.44883
1787108502,27.63294,77.64248,159,0,,,,28.71296,29.22095,24.51636
1787108502,27.66232,77.51278,159,0,,,,28.78069,29.25482,24.34743
1787108503,27.7184,77.56771,159,0,,,,28.64523,29.25482,24.44883
1787108504,27.74777,77.49447,159,0,,,,28.71296,29.18709,24.51636
1787108504,27.66232,77.57687,159,0,,,,28.81456,29.25482,24.44883
1787108505,27.60624,77.42733,159,0,,,,28.71296,29.22095,24.41496
1787108506,27.63294,77.48531,159,0,,,,28.74682,29.22095,24.44883
1787108506,27.68902,77.57229,159,0,,,,28.64523,29.08549,24.34743
1787108507,27.73175,77.70657,159,0,,,,28.74682,29.22095,24.55023
1787108508,27.66232,78.26353,159,0,,,,28.71296,29.22095,24.3811
1787108508,27.67567,78.7457,159,0,,,,28.74682,29.25482,24.5841
1787108509,27.68902,79.09209,159,0,,,,28.67909,29.32255,24.51636
1787108510,27.66232,79.30419,159,0,,,,28.74682,29.18709,24.4827
1787108510,27.68902,79.28893,159,0,,,,28.74682,29.25482,24.31357
1787108511,27.57687,79.27062,159,0,,,,28.78069,29.28868,24.41496
1787108512,27.63294,79.18059,159,0,,,,28.74682,29.15322,24.3811
1787108512,27.61959,79.08446,159,0,,,,28.81456,29.22095,24.34743
1787108513,27.70504,79.0341,159,0,,,,28.67909,29.11935,24.44883
1787108513,27.63294,78.77623,159,0,,,,28.74682,29.22095,24.44883
1787108514,27.61959,78.62669,159,0,,,,28.78069,29.18709,24.34743
1787108515,27.59022,78.61753,159,0,,,,28.78069,29.32255,24.55023
1787108516,27.68902,78.42527,159,0,,,,28.67909,29.22095,24.44883
1787108516,27.53414,78.27268,160,0,,,,28.71296,29.18709,24.3811
1787108517,27.60624,78.30015,159,0,,,,28.74682,29.15322,24.34743
1787108517,27.67567,77.99496,159,0,,,,28.74682,29.25482,24.55023
1787108518,27.55016,77.99496,159,0,,,,28.78069,29.18709,24.4827
1787108519,27.56351,77.8851,159,0,,,,28.74682,29.18709,24.34743
1787108519,27.61959,77.9202,159,0,,,,28.71296,29.18709,24.44883
1787108520,27.67567,77.73403,159,0,,,,28.74682,29.15322,24.31357
1787108521,27.61959,77.75235,159,0,,,,28.71296,29.18709,24.41496
1787108521,27.60624,77.66537,159,0,,,,28.71296,29.25482,24.34743
1787108522,27.60624,77.61501,159,0,,,,28.71296,29.18709,24.41496
1787108523,27.57687,77.58602,159,0,,,,28.78069,29.22095,24.51636
1787108523,27.66232,77.57687,159,0,,,,28.71296,29.11935,24.3811
1787108524,27.60624,77.44869,159,0,,,,28.71296,29.18709,24.21217
1787108525,27.60624,77.54025,159,0,,,,28.71296,29.01776,24.34743
1787108525,27.67567,77.52651,159,0,,,,28.67909,29.11935,24.51636
1787108526,27.60624,77.48074,159,0,,,,28.84842,29.25482,24.4827
1787108527,27.67567,77.4548,159,0,,,,28.64523,29.15322,24.4827
1787108527,27.64897,77.39529,159,0,,,,28.67909,29.18709,24.61796
1787108528,27.59022,77.49447,159,0,,,,28.74682,29.18709,24.41496
1787108529,27.64897,77.41665,159,0,,,,28.74682,29.22095,24.3811
1787108529,27.59022,77.40292,159,0,,,,28.67909,29.22095,24.3811
1787108530,27.61959,77.36629,159,0,,,,28.67909,29.18709,24.4827
1787108531,27.61959,77.47158,159,0,,,,28.74682,29.11935,24.44883
1787108531,27.67567,77.39071,159,0,,,,28.78069,29.22095,24.51636
1787108532,27.74777,77.43954,159,0,,,,28.74682,29.15322,24.3811
1787108533,27.63294,77.42275,159,0,,,,28.78069,29.15322,24.51636
1787108533,27.59022,77.42275,159,0,,,,28.78069,29.15322,24.44883
1787108534,27.70504,77.37698,159,0,,,,28.74682,29.28868,24.41496
1787108535,27.59022,77.28848,159,0,,,,28.81456,29.18709,24.4827
1787108535,27.60624,77.23964,159,0,,,,28.67909,29.15322,24.44883
1787108536,27.57687,77.37698,159,0,,,,28.67909,29.28868,24.4827
1787108537,27.60624,77.38461,159,0,,,,28.64523,29.22095,24.41496
1787108537,27.64897,77.48989,159,0,,,,28.67909,29.25482,24.5841
1787108538,27.55016,77.25643,159,0,,,,28.67909,29.11935,24.4827
1787108539,27.68902,77.38461,159,0,,,,28.67909,29.32255,24.31357
1787108539,27.63294,77.21523,159,0,,,,28.71296,29.18709,24.41496
1787108540,27.57687,77.37698,159,0,,,,28.67909,29.18709,24.51636
1787108541,27.60624,77.32204,159,0,,,,28.71296,29.22095,24.41496
1787108541,27.60624,77.33425,159,0,,,,28.71296,29.15322,24.41496
1787108542,27.64897,77.35256,159,0,,,,28.71296,29.15322,24.41496
1787108543,27.68902,77.33425,159,0,,,,28.74682,29.25482,24.34743
1787108543,27.60624,77.34341,159,0,,,,28.67909,29.18709,24.4827
1787108544,27.63294,77.40292,159,0,,,,28.67909,29.32255,24.55023
1787108545,27.64897,77.36324,159,0,,,,28.74682,29.08549,24.4827
1787108545,27.56351,77.39529,159,0,,,,28.67909,29.25482,24.41496
1787108546,27.67567,77.32967,159,0,,,,28.71296,29.11935,24.61796
1787108547,27.73175,77.31136,159,0,,,,28.78069,29.18709,24.44883
1787108547,27.63294,77.43191,159,0,,,,28.74682,29.08549,24.44883
1787108548,27.66232,77.24269,159,0,,,,28.74682,29.15322,24.44883
1787108549,27.64897,77.27016,159,0,,,,28.67909,29.25482,24.41496
1787108549,27.66232,77.37698,159,0,,,,28.71296,29.18709,24.34743
1787108550,27.63294,77.35867,159,0,,,,28.74682,29.32255,24.4827
1787108551,27.61959,77.32662,159,0,,,,28.78069,29.08549,24.31357
1787108551,27.68902,77.32204,159,0,,,,28.71296,29.22095,24.4827
1787108552,27.60624,77.26101,159,0,,,,28.64523,29.18709,24.41496
1787108553,27.66232,77.30679,159,0,,,,28.67909,29.05162,24.44883
1787108553,27.63294,77.34951,159,0,,,,28.74682,29.15322,24.41496
1787108554,27.60624,77.34341,159,0,,,,28.71296,29.08549,24.3811
1787108555,27.56351,77.28085,159,0,,,,28.67909,29.05162,24.31357
1787108555,27.64897,77.27016,159,0,,,,28.64523,29.15322,24.3811
1787108556,27.63294,77.28848,159,0,,,,28.71296,29.22095,24.41496
1787108557,27.74777,77.24269,159,0,,,,28.61136,29.32255,24.3811
1787108557,27.67567,77.28848,159,0,,,,28.64523,29.18709,24.34743
1787108558,27.70504,77.34798,159,0,,,,28.71296,29.25482,24.34743
1787108558,27.63294,77.24422,159,0,,,,28.74682,29.18709,24.44883
1787108559,27.63294,77.23506,159,0,,,,28.64523,29.18709,24.55023
1787108560,27.60624,77.31289,159,0,,,,28.64523,29.08549,24.31357
1787108560,27.57687,77.30679,159,0,,,,28.71296,29.22095,24.34743
1787108561,27.67567,77.39071,159,0,,,,28.74682,29.22095,24.3811
1787108562,27.63294,77.39071,159,0,,,,28.71296,29.25482,24.44883
1787108562,27.59022,77.32967,159,0,,,,28.67909,29.15322,24.3811
1787108563,27.66232,77.37698,159,0,,,,28.67909,29.25482,24.41496
1787108564,27.61959,77.33578,159,0,,,,28.78069,29.15322,24.4827
1787108564,27.67567,77.41207,159,0,,,,28.67909,29.18709,24.51636
1787108565,27.70504,77.49447,159,0,,,,28.67909,29.22095,24.55023
1787108566,27.76379,77.34951,159,0,,,,28.67909,29.18709,24.41496
1787108566,27.68902,77.32204,159,0,,,,28.71296,29.08549,24.4827
1787108567,27.61959,77.34493,159,0,,,,28.78069,29.15322,24.4827
1787108568,27.60624,77.35256,159,0,,,,28.71296,29.18709,24.41496
1787108568,27.61959,77.34493,159,0,,,,28.74682,29.22095,24.3811
1787108569,27.67567,77.47616,159,0,,,,28.74682,29.11935,24.34743
1787108570,27.57687,77.49142,159,0,,,,28.74682,29.01776,24.51636
1787108570,27.63294,77.51431,159,0,,,,28.74682,29.22095,24.5841
1787108571,27.60624,77.66537,159,0,,,,28.74682,29.15322,24.3811
1787108572,27.64897,77.75082,159,0,,,,28.78069,29.22095,24.3811
1787108572,27.66232,77.79355,159,0,,,,28.61136,29.25482,24.24583
1787108573,27.66232,77.77371,159,0,,,,28.71296,29.18709,24.3811
1787108574,27.63294,77.77829,159,0,,,,28.71296,29.22095,24.3811
1787108574,27.70504,77.71114,159,0,,,,28.74682,29.35642,24.2797
1787108575,27.60624,77.83322,159,0,,,,28.71296,29.22095,24.3811
1787108576,27.60624,77.56313,159,0,,,,28.71296,29.22095,24.44883
1787108576,27.68902,77.72793,160,0,,,,28.67909,29.32255,24.3811
1787108577,27.70504,77.57687,159,0,,,,28.74682,29.22095,24.34743
1787108578,27.59022,77.57839,159,0,,,,28.71296,29.22095,24.44883
1787108578,27.70504,77.60586,159,0,,,,28.67909,29.11935,24.4827
1787108579,27.70504,77.58602,159,0,,,,28.74682,29.15322,24.3811
1787108580,27.64897,77.60433,159,0,,,,28.64523,29.18709,24.4827
1787108580,27.7184,77.57839,159,0,,,,28.71296,29.25482,24.44883
1787108581,27.59022,77.51431,159,0,,,,28.71296,29.15322,24.44883
1787108582,27.61959,77.58602,159,0,,,,28.74682,29.15322,24.34743
1787108582,27.63294,77.55856,159,0,,,,28.71296,29.22095,24.51636
1787108583,27.60624,77.55093,159,0,,,,28.74682,29.25482,24.5841
1787108584,27.64897,77.55093,159,0,,,,28.71296,29.22095,24.3811
1787108584,27.68902,77.59212,159,0,,,,28.74682,29.15322,24.34743
1787108585,27.61959,77.62875,159,0,,,,28.71296,29.18709,24.4827
1787108586,27.67567,77.59975,159,0,,,,28.78069,29.22095,24.41496
1787108586,27.66232,77.53262,159,0,,,,28.74682,29.25482,24.55023
1787108587,27.66232,77.62875,159,0,,,,28.71296,29.35642,24.51636
1787108588,27.74777,77.70046,159,0,,,,28.71296,29.28868,24.31357
1787108588,27.64897,77.59212,159,0,,,,28.74682,29.05162,24.51636
1787108589,27.61959,77.6379,159,0,,,,28.71296,29.18709,24.31357
1787108590,27.55016,77.57839,159,0,,,,28.64523,29.18709,24.4827
1787108590,27.64897,77.51888,159,0,,,,28.74682,29.18709,24.41496
1787108591,27.67567,77.673,159,0,,,,28.71296,29.22095,24.44883
1787108592,27.66232,77.7203,159,0,,,,28.71296,29.18709,24.34743
1787108592,27.67567,77.94308,159,0,,,,28.74682,29.25482,24.3811
1787108593,27.67567,78.1506,159,0,,,,28.71296,29.25482,24.34743
1787108594,27.67567,78.26505,159,0,,,,28.71296,29.32255,24.3811
1787108594,27.7184,78.23605,159,0,,,,28.71296,29.22095,24.4827
1787108595,27.59022,78.2559,159,0,,,,28.71296,29.25482,24.31357
1787108596,27.66232,78.22232,159,0,,,,28.71296,29.18709,24.4827
1787108596,27.63294,78.18265,159,0,,,,28.74682,29.18709,24.34743
1787108597,27.68902,78.09415,159,0,,,,28.71296,29.22095,24.41496
1787108598,27.63294,78.08957,159,0,,,,28.71296,29.18709,24.4827
1787108598,27.68902,78.07126,159,0,,,,28.67909,29.18709,24.44883
1787108599,27.7184,78.02701,159,0,,,,28.74682,29.28868,24.31357
1787108600,27.67567,77.80728,159,0,,,,28.67909,29.11935,24.41496
1787108600,27.61959,77.89883,159,0,,,,28.78069,29.15322,24.41496
1787108601,27.61959,77.81491,159,0,,,,28.71296,29.18709,24.3811
1787108602,27.63294,77.93393,159,0,,,,28.78069,29.15322,24.4827
1787108602,27.66232,77.81644,159,0,,,,28.67909,29.22095,24.2797
1787108603,27.67567,77.80728,159,0,,,,28.71296,29.11935,24.34743
1787108603,27.61959,77.82407,159,0,,,,28.64523,29.18709,24.4827
1787108604,27.63294,77.86069,159,0,,,,28.71296,29.22095,24.61796
1787108605,27.67567,77.84848,159,0,,,,28.78069,29.15322,24.41496
1787108606,27.59022,77.78745,159,0,,,,28.71296,29.22095,24.51636
1787108606,27.63294,77.90189,159,0,,,,28.64523,29.32255,24.41496
1787108607,27.7184,77.78745,159,0,,,,28.67909,29.22095,24.3811
1787108607,27.60624,77.72793,159,0,,,,28.67909,29.08549,24.55023
1787108608,27.59022,77.73403,159,0,,,,28.71296,29.22095,24.51636
1787108609,27.64897,77.68673,159,0,,,,28.64523,29.18709,24.2797
1787108609,27.61959,77.60586,159,0,,,,28.67909,29.18709,24.51636
1787108610,27.70504,77.61806,159,0,,,,28.74682,29.25482,24.44883
1787108611,27.66232,77.48226,159,0,,,,28.67909,29.28868,24.5841
1787108611,27.61959,77.54482,159,0,,,,28.64523,29.18709,24.44883
1787108612,27.59022,77.48531,159,0,,,,28.81456,29.18709,24.3811
1787108613,27.61959,77.50057,159,0,,,,28.67909,29.11935,24.4827
1787108613,27.60624,77.51888,159,0,,,,28.67909,29.15322,24.31357
1787108614,27.61959,77.29458,159,0,,,,28.78069,29.05162,24.41496
1787108615,27.68902,77.50973,159,0,,,,28.74682,29.25482,24.55023
1787108615,27.56351,77.43649,159,0,,,,28.71296,29.22095,24.51636
1787108616,27.73175,77.35409,159,0,,,,28.74682,29.15322,24.4827
1787108617,27.76379,77.5082,159,0,,,,28.71296,29.32255,24.44883
1787108617,27.67567,77.41207,159,0,,,,28.78069,29.18709,24.4827
1787108618,27.7184,77.59975,159,0,,,,28.71296,29.25482,24.3811
1787108619,27.61959,77.78439,159,0,,,,28.67909,29.25482,24.5841
1787108619,27.60624,78.1857,159,0,,,,28.64523,29.15322,24.51636
1787108620,27.61959,78.4802,159,0,,,,28.71296,29.22095,24.44883
1787108621,27.77714,78.70756,159,0,,,,28.74682,29.22095,24.51636
1787108621,27.59022,78.74418,159,0,,,,28.67909,29.25482,24.34743
1787108622,27.66232,78.77165,159,0,,,,28.71296,29.25482,24.41496
1787108623,27.64897,78.75792,159,0,,,,28.71296,29.25482,24.41496
1787108623,27.70504,78.68925,159,0,,,,28.74682,29.25482,24.3811
1787108624,27.60624,78.51987,159,0,,,,28.74682,29.15322,24.2797
1787108625,27.7184,78.54734,159,0,,,,28.71296,29.18709,24.51636
1787108625,27.7184,78.41154,159,0,,,,28.67909,29.22095,24.34743
1787108626,27.68902,78.33219,159,0,,,,28.74682,29.32255,24.44883
1787108627,27.63294,78.30625,160,0,,,,28.71296,29.15322,24.44883
1787108627,27.61959,78.19028,159,0,,,,28.64523,29.15322,24.4827
1787108628,27.64897,78.36423,159,0,,,,28.67909,29.25482,24.44883
1787108629,27.66232,78.07584,159,0,,,,28.74682,29.18709,24.31357
1787108629,27.64897,78.04074,159,0,,,,28.71296,29.18709,24.34743
1787108630,27.56351,77.9675,159,0,,,,28.67909,29.28868,24.44883
1787108631,27.66232,77.89883,159,0,,,,28.78069,29.18709,24.4827
1787108631,27.53414,77.86679,159,0,,,,28.71296,29.08549,24.44883
1787108632,27.53414,77.79355,159,0,,,,28.61136,29.11935,24.5841
1787108633,27.64897,77.75082,159,0,,,,28.67909,29.18709,24.4827
1787108633,27.70504,77.58602,159,0,,,,28.71296,29.22095,24.41496
1787108634,27.64897,77.64553,159,0,,,,28.74682,29.15322,24.3811
1787108635,27.57687,77.58602,159,0,,,,28.71296,29.15322,24.31357
1787108635,27.60624,77.56313,159,0,,,,28.71296,29.22095,24.55023
1787108636,27.67567,77.5082,159,0,,,,28.67909,29.18709,24.3811
1787108637,27.66232,77.61806,159,0,,,,28.74682,29.22095,24.34743
1787108637,27.60624,77.46853,159,0,,,,28.71296,29.11935,24.44883
1787108638,27.67567,77.57839,159,0,,,,28.67909,29.22095,24.34743
1787108639,27.59022,77.47616,159,0,,,,28.74682,29.22095,24.44883
1787108639,27.63294,77.39071,159,0,,,,28.74682,29.22095,24.41496
1787108640,27.64897,77.48074,159,0,,,,28.74682,29.15322,24.41496
1787108641,27.64897,77.39529,159,0,,,,28.74682,29.25482,24.3811
1787108641,27.67567,77.42275,159,0,,,,28.71296,29.25482,24.51636
1787108642,27.63294,77.43191,159,0,,,,28.71296,29.11935,24.41496
1787108643,27.59022,77.53719,159,0,,,,28.81456,29.28868,24.44883
1787108643,27.68902,77.41665,159,0,,,,28.74682,29.11935,24.41496
1787108644,27.68902,77.51888,159,0,,,,28.74682,29.32255,24.34743
1787108645,27.66232,77.5967,159,0,,,,28.57749,29.05162,24.2797
1787108645,27.66232,77.82407,159,0,,,,28.71296,29.11935,24.55023
1787108646,27.64897,78.07278,159,0,,,,28.71296,29.18709,24.34743
1787108646,27.64897,78.21774,159,0,,,,28.74682,29.25482,24.3811
1787108647,27.68902,78.28184,159,0,,,,28.64523,29.28868,24.44883
1787108648,27.59022,78.32761,159,0,,,,28.64523,29.15322,24.44883
1787108648,27.68902,78.36423,159,0,,,,28.67909,29.32255,24.3811
1787108649,27.68902,78.43748,159,0,,,,28.71296,29.11935,24.55023
1787108650,27.66232,78.41917,159,0,,,,28.74682,29.28868,24.41496
1787108650,27.68902,78.38407,159,0,,,,28.61136,29.32255,24.44883
1787108651,27.66232,78.17807,159,0,,,,28.64523,29.22095,24.41496
1787108652,27.57687,78.19028,159,0,,,,28.67909,29.25482,24.3811
1787108652,27.66232,78.09567,159,0,,,,28.78069,29.22095,24.5841
1787108653,27.68902,77.95682,159,0,,,,28.74682,29.05162,24.44883
1787108654,27.74777,77.97208,159,0,,,,28.71296,29.22095,24.51636
1787108654,27.60624,77.89426,159,0,,,,28.64523,29.05162,24.41496
1787108655,27.67567,77.8378,159,0,,,,28.71296,29.35642,24.3811
1787108656,27.64897,77.67452,159,0,,,,28.67909,29.15322,24.44883
1787108656,27.55016,77.76608,159,0,,,,28.78069,29.18709,24.41496
1787108657,27.55016,77.62264,159,0,,,,28.67909,29.18709,24.51636
1787108658,27.63294,77.52651,159,0,,,,28.71296,29.28868,24.55023
1787108658,27.63294,77.55856,159,0,,,,28.71296,29.15322,24.51636
1787108659,27.59022,77.50515,159,0,,,,28.71296,29.18709,24.2797
1787108660,27.59022,77.40292,159,0,,,,28.78069,29.28868,24.44883
1787108660,27.7184,77.49599,159,0,,,,28.74682,29.32255,24.3811
1787108661,27.68902,77.41665,159,0,,,,28.71296,29.25482,24.4827
1787108662,27.64897,77.38461,159,0,,,,28.78069,29.05162,24.51636
1787108662,27.66232,77.44106,159,0,,,,28.74682,29.11935,24.31357
1787108663,27.64897,77.40444,159,0,,,,28.67909,29.15322,24.31357
1787108664,27.59022,77.37087,159,0,,,,28.67909,29.25482,24.31357
1787108664,27.66232,77.49447,159,0,,,,28.71296,29.25482,24.44883
1787108665,27.80651,77.52804,159,0,,,,28.64523,29.18709,24.3811
1787108666,27.67567,77.37087,159,0,,,,28.78069,29.18709,24.44883
1787108666,27.7184,77.36172,159,0,,,,28.78069,29.11935,24.51636
1787108667,27.66232,77.41817,159,0,,,,28.67909,29.22095,24.55023
1787108668,27.7184,77.64248,159,0,,,,28.71296,29.08549,24.41496
1787108668,27.68902,77.64553,159,0,,,,28.74682,29.11935,24.41496
1787108669,27.66232,77.94003,159,0,,,,28.67909,29.22095,24.3811
1787108670,27.61959,78.16891,159,0,,,,28.71296,29.22095,24.4827
1787108670,27.7184,78.40238,159,0,,,,28.71296,29.15322,24.44883
1787108671,27.64897,78.50767,159,0,,,,28.71296,29.28868,24.4827
1787108672,27.63294,78.71366,159,0,,,,28.67909,29.18709,24.3811
1787108672,27.55016,78.84947,159,0,,,,28.71296,29.18709,24.44883
1787108673,27.66232,78.83574,159,0,,,,28.81456,29.22095,24.41496
1787108674,27.63294,78.89067,159,0,,,,28.71296,29.11935,24.44883
1787108674,27.67567,78.86931,159,0,,,,28.74682,29.18709,24.51636
1787108675,27.64897,78.74876,159,0,,,,28.71296,29.11935,24.34743
1787108676,27.64897,78.55192,159,0,,,,28.71296,29.15322,24.3811
1787108676,27.68902,78.43748,160,0,,,,28.67909,29.18709,24.31357
1787108677,27.61959,78.32456,159,0,,,,28.64523,29.18709,24.4827
1787108678,27.70504,78.41917,159,0,,,,28.74682,29.22095,24.51636
1787108678,27.61959,78.41001,159,0,,,,28.67909,29.05162,24.55023
1787108679,27.66232,78.32456,159,0,,,,28.71296,29.25482,24.44883
1787108680,27.66232,78.37797,159,0,,,,28.67909,29.18709,24.51636
1787108680,27.68902,78.26963,159,0,,,,28.71296,29.35642,24.4827
1787108681,27.76379,78.21469,159,0,,,,28.74682,29.25482,24.41496
1787108682,27.67567,78.07736,159,0,,,,28.61136,29.32255,24.51636
1787108682,27.60624,78.03006,159,0,,,,28.64523,29.15322,24.4827
1787108683,27.77714,78.0087,159,0,,,,28.84842,29.25482,24.4827
1787108684,27.67567,77.95377,159,0,,,,28.71296,29.28868,24.44883
1787108684,27.59022,77.91257,159,0,,,,28.74682,29.15322,24.44883
1787108685,27.68902,77.95682,159,0,,,,28.78069,29.25482,24.44883
1787108686,27.67567,77.7554,159,0,,,,28.61136,29.22095,24.34743
1787108686,27.67567,77.76608,160,0,,,,28.74682,29.25482,24.44883
1787108687,27.64897,77.67452,159,0,,,,28.71296,29.11935,24.34743
1787108688,27.60624,77.63638,159,0,,,,28.78069,29.28868,24.4827
1787108688,27.59022,77.673,159,0,,,,28.78069,29.15322,24.3811
1787108689,27.66232,77.54482,159,0,,,,28.78069,29.25482,24.4827
1787108690,27.53414,77.56466,159,0,,,,28.71296,29.22095,24.44883
1787108690,27.64897,77.62417,159,0,,,,28.74682,29.11935,24.44883
1787108691,27.56351,77.40444,159,0,,,,28.74682,29.28868,24.55023
1787108691,27.68902,77.56008,159,0,,,,28.71296,29.08549,24.41496
1787108692,27.57687,77.47158,159,0,,,,28.67909,29.18709,24.41496
1787108693,27.63294,77.57839,159,0,,,,28.71296,29.15322,24.44883
1787108693,27.60624,77.50973,159,0,,,,28.74682,29.18709,24.3811
1787108694,27.66232,77.60586,159,0,,,,28.67909,29.22095,24.41496
1787108695,27.68902,77.61349,159,0,,,,28.71296,29.18709,24.34743
1787108695,27.67567,77.5906,159,0,,,,28.74682,29.22095,24.5841
1787108696,27.66232,77.65926,160,0,,,,28.71296,29.15322,24.31357
1787108697,27.66232,77.65926,159,0,,,,28.67909,29.28868,24.41496
1787108697,27.68902,77.73861,159,0,,,,28.71296,29.25482,24.44883
1787108698,27.66232,77.70046,159,0,,,,28.67909,29.15322,24.44883
1787108699,27.57687,77.76456,159,0,,,,28.64523,29.18709,24.55023
1787108699,27.63294,77.7554,159,0,,,,28.64523,29.15322,24.41496
1787108700,27.57687,77.58602,159,0,,,,28.74682,29.08549,24.4827
1787108701,27.68902,77.70657,159,0,,,,28.67909,29.28868,24.34743
1787108701,27.61959,77.60586,159,0,,,,28.71296,29.05162,24.55023
1787108702,27.57687,77.58602,159,0,,,,28.78069,29.15322,24.34743
1787108703,27.64897,77.68673,159,0,,,,28.78069,29.15322,24.3811
1787108703,27.7184,77.53719,159,0,,,,28.81456,29.08549,24.44883
1787108704,27.66232,77.50362,159,0,,,,28.71296,29.15322,24.34743
1787108705,27.68902,77.59212,159,0,,,,28.74682,29.28868,24.4827
1787108705,27.64897,77.50057,159,0,,,,28.71296,29.22095,24.5841
1787108706,27.61959,77.52346,159,0,,,,28.71296,29.18709,24.34743
1787108707,27.63294,77.53719,159,0,,,,28.71296,29.08549,24.34743
1787108707,27.59022,77.38155,159,0,,,,28.74682,29.15322,24.3811
1787108708,27.61959,77.43038,159,0,,,,28.71296,29.18709,24.44883
1787108709,27.73175,77.43649,159,0,,,,28.71296,29.25482,24.41496
1787108709,27.68902,77.44564,159,0,,,,28.64523,29.22095,24.4827
1787108710,27.67567,77.34951,159,0,,,,28.78069,29.15322,24.2797
1787108711,27.67567,77.52651,159,0,,,,28.67909,29.25482,24.4827
1787108711,27.63294,77.46395,159,0,,,,28.67909,29.22095,24.31357
1787108712,27.61959,77.43038,159,0,,,,28.71296,29.08549,24.34743
1787108713,27.76379,77.48531,159,0,,,,28.67909,29.22095,24.31357
1787108713,27.63294,77.43191,159,0,,,,28.78069,29.15322,24.34743
1787108714,27.63294,77.5906,159,0,,,,28.81456,29.15322,24.51636
1787108715,27.64897,77.53109,159,0,,,,28.71296,29.22095,24.4827
1787108715,27.64897,77.54025,159,0,,,,28.64523,29.25482,24.41496
1787108716,27.68902,77.51888,159,0,,,,28.74682,29.15322,24.61796
1787108717,27.70504,77.45022,159,0,,,,28.71296,29.08549,24.44883
1787108717,27.64897,77.51888,159,0,,,,28.78069,29.25482,24.44883
1787108718,27.64897,77.60433,159,0,,,,28.78069,29.15322,24.51636
1787108719,27.67567,77.49599,159,0,,,,28.71296,29.18709,24.44883
1787108719,27.73175,77.74776,159,0,,,,28.74682,29.15322,24.3811
1787108720,27.74777,77.90799,159,0,,,,28.67909,29.22095,24.41496
1787108721,27.61959,78.09567,159,0,,,,28.78069,29.18709,24.4827
1787108721,27.67567,78.30625,159,0,,,,28.64523,29.15322,24.41496
1787108722,27.60624,78.46647,159,0,,,,28.71296,29.15322,24.55023
1787108723,27.64897,78.46647,159,0,,,,28.71296,29.32255,24.3811
1787108723,27.64897,78.53056,159,0,,,,28.74682,29.15322,24.61796
1787108724,27.64897,78.44663,159,0,,,,28.64523,29.28868,24.4827
1787108725,27.64897,78.50767,159,0,,,,28.78069,29.15322,24.3811
1787108725,27.68902,78.47562,159,0,,,,28.74682,29.25482,24.41496
1787108726,27.68902,78.40543,160,0,,,,28.71296,29.28868,24.3811
1787108727,27.60624,78.22842,159,0,,,,28.78069,29.32255,24.34743
1787108727,27.63294,78.07736,159,0,,,,28.74682,29.22095,24.41496
1787108728,27.67567,78.10941,159,0,,,,28.74682,29.25482,24.44883
1787108729,27.60624,77.95834,159,0,,,,28.67909,29.18709,24.41496
1787108729,27.70504,77.87595,159,0,,,,28.78069,29.18709,24.41496
1787108730,27.59022,77.7554,159,0,,,,28.74682,29.11935,24.41496
1787108731,27.66232,77.80576,159,0,,,,28.67909,29.15322,24.3811
1787108731,27.66232,77.68826,159,0,,,,28.74682,29.18709,24.41496
1787108732,27.53414,77.62875,159,0,,,,28.71296,29.18709,24.34743
1787108733,27.64897,77.68673,159,0,,,,28.64523,29.11935,24.31357
1787108733,27.60624,77.62417,159,0,,,,28.78069,29.18709,24.51636
1787108734,27.64897,77.57229,159,0,,,,28.71296,29.18709,24.4827
1787108734,27.61959,77.52346,159,0,,,,28.74682,29.15322,24.44883
1787108735,27.68902,77.74776,159,0,,,,28.67909,29.15322,24.44883
1787108736,27.64897,77.73861,159,0,,,,28.74682,29.22095,24.44883
1787108736,27.57687,77.61806,159,0,,,,28.67909,29.28868,24.3811
1787108737,27.7184,77.69283,159,0,,,,28.64523,29.22095,24.44883
1787108738,27.68902,77.69588,159,0,,,,28.71296,29.22095,24.41496
1787108738,27.61959,77.76456,159,0,,,,28.71296,29.22095,24.3811
1787108739,27.60624,77.75998,159,0,,,,28.67909,29.22095,24.4827
1787108740,27.74777,77.78439,159,0,,,,28.71296,29.28868,24.2797
1787108740,27.66232,77.76456,159,0,,,,28.74682,29.11935,24.2797
1787108741,27.66232,77.76456,159,0,,,,28.67909,29.18709,24.3811
1787108742,27.73175,77.79202,159,0,,,,28.71296,29.08549,24.4827
1787108742,27.63294,77.8378,159,0,,,,28.71296,29.11935,24.41496
1787108743,27.67567,77.7142,159,0,,,,28.78069,29.25482,24.44883
1787108744,27.67567,77.81949,159,0,,,,28.71296,29.25482,24.44883
1787108744,27.61959,77.84695,159,0,,,,28.74682,29.25482,24.34743
1787108745,27.63294,77.76608,159,0,,,,28.78069,29.18709,24.44883
1787108746,27.70504,77.79355,159,0,,,,28.67909,29.32255,24.44883
1787108746,27.76379,77.7142,159,0,,,,28.78069,29.25482,24.44883
1787108747,27.7184,77.77829,159,0,,,,28.67909,29.25482,24.4827
1787108748,27.7184,77.74624,159,0,,,,28.78069,29.28868,24.3811
1787108748,27.61959,77.92935,159,0,,,,28.78069,29.28868,24.41496
1787108749,27.66232,77.97208,159,0,,,,28.71296,29.25482,24.44883
1787108750,27.64897,78.0087,159,0,,,,28.71296,29.32255,24.31357
1787108750,27.63294,78.02548,159,0,,,,28.67909,29.15322,24.44883
1787108751,27.60624,78.0087,159,0,,,,28.78069,29.08549,24.44883
1787108752,27.73175,78.03006,159,0,,,,28.74682,29.15322,24.51636
1787108752,27.56351,78.0209,159,0,,,,28.74682,29.08549,24.41496
1787108753,27.67567,78.22385,159,0,,,,28.71296,29.15322,24.3811
1787108754,27.61959,77.94003,159,0,,,,28.74682,29.22095,24.41496
1787108754,27.63294,77.86069,159,0,,,,28.67909,29.28868,24.41496
1787108755,27.64897,77.93851,160,0,,,,28.74682,29.28868,24.4827
1787108756,27.57687,77.76456,159,0,,,,28.71296,29.15322,24.2797
1787108756,27.61959,77.80576,159,0,,,,28.71296,29.22095,24.44883
1787108757,27.59022,77.6318,159,0,,,,28.67909,29.32255,24.4827
1787108758,27.64897,77.68673,159,0,,,,28.64523,29.18709,24.2797
1787108758,27.66232,77.86679,159,0,,,,28.71296,29.25482,24.3811
1787108759,27.60624,77.67452,159,0,,,,28.71296,29.22095,24.44883
1787108760,27.60624,77.62417,159,0,,,,28.78069,29.15322,24.44883
1787108760,27.7184,77.61044,159,0,,,,28.67909,29.28868,24.44883
1787108761,27.61959,77.56466,159,0,,,,28.74682,29.11935,24.3811
1787108762,27.60624,77.56313,159,0,,,,28.71296,29.11935,24.51636
1787108762,27.60624,77.60433,159,0,,,,28.74682,29.25482,24.41496
1787108763,27.76379,77.68368,159,0,,,,28.71296,29.28868,24.44883
1787108764,27.73175,77.83322,159,0,,,,28.64523,29.18709,24.5841
1787108764,27.76379,77.83932,159,0,,,,28.71296,29.15322,24.31357
1787108765,27.57687,77.90799,160,0,,,,28.74682,29.11935,24.4827
1787108766,27.59022,77.88052,159,0,,,,28.67909,29.25482,24.41496
1787108766,27.7184,77.88968,159,0,,,,28.67909,29.15322,24.44883
1787108767,27.7184,77.98581,159,0,,,,28.71296,29.18709,24.55023
1787108768,27.59022,78.18265,159,0,,,,28.71296,29.15322,24.4827
1787108768,27.77714,78.33219,159,0,,,,28.74682,29.22095,24.41496
1787108769,27.63294,78.40086,159,0,,,,28.64523,29.08549,24.34743
1787108770,27.60624,78.50767,159,0,,,,28.64523,29.25482,24.31357
1787108770,27.7184,78.80827,159,0,,,,28.74682,29.15322,24.4827
1787108771,27.61959,78.72129,159,0,,,,28.67909,29.28868,24.41496
1787108772,27.61959,78.77165,159,0,,,,28.81456,29.11935,24.41496
1787108772,27.74777,78.86778,159,0,,,,28.61136,29.35642,24.3811
1787108773,27.60624,78.74876,159,0,,,,28.67909,29.11935,24.4827
1787108774,27.55016,78.89983,159,0,,,,28.71296,29.32255,24.3811
1787108774,27.60624,78.91356,159,0,,,,28.67909,29.15322,24.4827
1787108775,27.7184,79.01579,159,0,,,,28.67909,29.25482,24.44883
1787108776,27.61959,79.10582,159,0,,,,28.71296,29.28868,24.44883
1787108776,27.70504,78.99138,160,0,,,,28.71296,29.18709,24.44883
1787108777,27.70504,78.98222,159,0,,,,28.67909,29.25482,24.3811
1787108778,27.59022,78.76402,159,0,,,,28.74682,29.18709,24.24583
1787108778,27.7184,78.81743,159,0,,,,28.61136,29.18709,24.34743
1787108779,27.57687,78.616,159,0,,,,28.67909,29.15322,24.41496
1787108779,27.60624,78.51987,159,0,,,,28.71296,29.28868,24.3811
1787108780,27.74777,78.75334,159,0,,,,28.81456,29.28868,24.51636
1787108781,27.67567,78.75487,159,0,,,,28.74682,29.18709,24.3811
1787108781,27.68902,78.70756,159,0,,,,28.74682,29.18709,24.4827
1787108782,27.61959,78.616,159,0,,,,28.71296,29.25482,24.44883
1787108783,27.57687,78.439,159,0,,,,28.64523,29.22095,24.41496
1787108783,27.68902,78.77776,159,0,,,,28.67909,29.08549,24.44883
1787108784,27.49409,78.49241,159,0,,,,28.74682,29.11935,24.4827
1787108785,27.70504,78.51225,159,0,,,,28.78069,29.18709,24.4827
1787108785,27.66232,78.6572,159,0,,,,28.74682,29.18709,24.51636
1787108786,27.67567,78.56718,159,0,,,,28.67909,29.22095,24.31357
1787108787,27.66232,78.55344,159,0,,,,28.74682,29.18709,24.41496
1787108787,27.63294,78.56718,159,0,,,,28.71296,29.18709,24.34743
1787108788,27.64897,78.58396,159,0,,,,28.67909,29.25482,24.3811
1787108789,27.61959,78.54429,159,0,,,,28.64523,29.15322,24.55023
1787108789,27.73175,78.56107,159,0,,,,28.61136,29.28868,24.51636
1787108790,27.63294,78.72282,159,0,,,,28.64523,29.28868,24.31357
1787108791,27.74777,78.91966,159,0,,,,28.67909,29.18709,24.4827
1787108791,27.67567,79.0692,159,0,,,,28.78069,29.22095,24.34743
1787108792,27.7184,79.16075,159,0,,,,28.78069,29.15322,24.51636
1787108793,27.66232,79.22942,159,0,,,,28.71296,29.15322,24.41496
1787108793,27.68902,79.43542,159,0,,,,28.67909,29.28868,24.44883
1787108794,27.61959,79.49035,159,0,,,,28.78069,29.08549,24.44883
1787108795,27.66232,79.46899,159,0,,,,28.67909,29.22095,24.44883
1787108795,27.64897,79.28893,159,0,,,,28.71296,29.11935,24.4827
1787108796,27.67567,79.40032,159,0,,,,28.78069,29.32255,24.34743
1787108797,27.63294,79.22179,159,0,,,,28.71296,29.11935,24.55023
1787108797,27.67567,79.11955,159,0,,,,28.74682,29.15322,24.41496
1787108798,27.53414,78.95934,159,0,,,,28.71296,29.22095,24.44883
1787108799,27.64897,79.01884,159,0,,,,28.71296,29.15322,24.44883
1787108799,27.67567,78.88152,159,0,,,,28.74682,29.18709,24.41496
1787108800,27.66232,78.6038,159,0,,,,28.74682,29.32255,24.41496
1787108801,27.57687,78.49241,159,0,,,,28.71296,29.28868,24.31357
1787108801,27.67567,78.4329,159,0,,,,28.64523,29.22095,24.4827
1787108802,27.60624,78.37339,159,0,,,,28.78069,29.15322,24.41496
1787108803,27.57687,78.19028,159,0,,,,28.67909,29.22095,24.65183
1787108803,27.55016,78.1918,159,0,,,,28.64523,29.28868,24.3811
1787108804,27.67567,78.10025,159,0,,,,28.71296,29.08549,24.4827
1787108805,27.64897,78.03006,159,0,,,,28.67909,29.25482,24.51636
1787108805,27.70504,78.19028,159,0,,,,28.64523,29.25482,24.44883
1787108806,27.70504,78.23148,159,0,,,,28.71296,29.28868,24.44883
1787108807,27.66232,78.30473,159,0,,,,28.71296,29.22095,24.44883
1787108807,27.66232,78.3978,159,0,,,,28.71296,29.15322,24.31357
1787108808,27.63294,78.54734,159,0,,,,28.71296,29.25482,24.2797
1787108809,27.61959,78.64805,159,0,,,,28.78069,29.08549,24.3811
1787108809,27.64897,78.66636,159,0,,,,28.67909,29.11935,24.55023
1787108810,27.73175,78.66331,159,0,,,,28.74682,29.18709,24.55023
1787108811,27.63294,78.55802,159,0,,,,28.74682,29.05162,24.61796
1787108811,27.59022,78.50614,159,0,,,,28.81456,29.08549,24.41496
1787108812,27.61959,78.53361,159,0,,,,28.67909,29.28868,24.3811
1787108813,27.66232,78.44816,159,0,,,,28.71296,29.18709,24.3811
1787108813,27.59022,78.3917,159,0,,,,28.74682,29.25482,24.3811
1787108814,27.64897,78.46647,159,0,,,,28.71296,29.22095,24.55023
1787108815,27.64897,78.48783,159,0,,,,28.61136,29.15322,24.5841
1787108815,27.64897,78.45579,159,0,,,,28.71296,29.28868,24.41496
1787108816,27.67567,78.54734,159,0,,,,28.67909,29.25482,24.61796
1787108817,27.67567,78.4741,159,0,,,,28.71296,29.18709,24.2797
1787108817,27.70504,78.60685,159,0,,,,28.64523,29.11935,24.4827
1787108818,27.57687,78.56565,159,0,,,,28.78069,29.18709,24.31357
1787108819,27.56351,78.55192,159,0,,,,28.74682,29.15322,24.51636
1787108819,27.67567,78.55802,159,0,,,,28.71296,29.18709,24.4827
1787108820,27.68902,78.61143,159,0,,,,28.71296,29.22095,24.34743
1787108821,27.61959,78.439,159,0,,,,28.67909,29.18709,24.34743
1787108821,27.59022,78.53513,159,0,,,,28.78069,29.18709,24.34743
1787108822,27.61959,78.46952,159,0,,,,28.64523,29.25482,24.3811
1787108823,27.61959,78.34592,159,0,,,,28.64523,29.25482,24.31357
1787108823,27.73175,78.40543,159,0,,,,28.74682,29.22095,24.4827
1787108824,27.70504,78.35661,159,0,,,,28.67909,29.11935,24.4827
1787108824,27.70504,78.23148,159,0,,,,28.74682,29.22095,24.3811
1787108825,27.7184,78.23605,159,0,,,,28.64523,29.25482,24.44883
1787108826,27.63294,78.28642,159,0,,,,28.71296,29.32255,24.51636
1787108826,27.64897,78.22842,159,0,,,,28.71296,29.15322,24.3811
1787108827,27.64897,78.31083,159,0,,,,28.67909,29.22095,24.4827
1787108828,27.64897,78.26963,159,0,,,,28.74682,29.11935,24.41496
1787108828,27.63294,78.31846,159,0,,,,28.61136,29.08549,24.41496
1787108829,27.66232,78.33372,159,0,,,,28.71296,29.22095,24.41496
1787108830,27.61959,78.15823,159,0,,,,28.78069,29.18709,24.55023
1787108830,27.57687,78.06363,159,0,,,,28.71296,29.22095,24.34743
1787108831,27.59022,78.13077,159,0,,,,28.67909,29.08549,24.44883
1787108832,27.61959,78.14603,159,0,,,,28.78069,29.15322,24.41496
1787108832,27.64897,77.93851,159,0,,,,28.67909,29.15322,24.44883
1787108833,27.61959,77.90799,159,0,,,,28.71296,29.08549,24.4827
1787108834,27.63294,77.86984,159,0,,,,28.67909,29.22095,24.41496
1787108834,27.57687,77.87595,159,0,,,,28.67909,29.25482,24.34743
1787108835,27.59022,77.90189,159,0,,,,28.67909,29.18709,24.24583
1787108836,27.64897,77.9675,159,0,,,,28.81456,29.01776,24.44883
1787108836,27.61959,77.9614,159,0,,,,28.71296,29.25482,24.44883
1787108837,27.68902,78.0087,160,0,,,,28.67909,29.18709,24.51636
1787108838,27.59022,78.02548,159,0,,,,28.78069,29.11935,24.3811
1787108838,27.66232,78.15823,159,0,,,,28.71296,29.25482,24.41496
1787108839,27.67567,78.10941,159,0,,,,28.71296,29.25482,24.4827
1787108840,27.56351,78.27879,159,0,,,,28.71296,29.11935,24.51636
1787108840,27.66232,78.41001,159,0,,,,28.78069,29.18709,24.3811
1787108841,27.61959,78.50156,159,0,,,,28.78069,29.25482,24.44883
1787108842,27.67567,78.55802,159,0,,,,28.71296,29.18709,24.34743
1787108842,27.67567,78.45274,159,0,,,,28.74682,29.15322,24.41496
1787108843,27.68902,78.40543,159,0,,,,28.74682,29.22095,24.55023
1787108844,27.53414,78.17807,159,0,,,,28.71296,29.18709,24.55023
1787108844,27.57687,78.22232,159,0,,,,28.74682,29.18709,24.34743
1787108845,27.57687,78.10788,159,0,,,,28.61136,29.18709,24.51636
1787108846,27.68902,78.04074,159,0,,,,28.74682,29.22095,24.31357
1787108846,27.67567,78.07736,159,0,,,,28.67909,29.15322,24.34743
1787108847,27.64897,78.07278,159,0,,,,28.78069,29.25482,24.61796
1787108848,27.57687,78.11703,159,0,,,,28.67909,29.25482,24.4827
1787108848,27.64897,78.11398,159,0,,,,28.78069,29.18709,24.3811
1787108849,27.63294,78.05753,159,0,,,,28.74682,29.15322,24.4827
1787108850,27.70504,78.13992,159,0,,,,28.71296,29.28868,24.3811
1787108850,27.68902,78.08194,159,0,,,,28.67909,29.11935,24.31357
1787108851,27.74777,78.27421,159,0,,,,28.64523,29.25482,24.51636
1787108852,27.70504,78.45121,159,0,,,,28.71296,29.25482,24.51636
1787108852,27.60624,78.35203,159,0,,,,28.74682,29.05162,24.3811
1787108853,27.60624,78.31083,159,0,,,,28.74682,29.18709,24.41496
1787108854,27.66232,78.30473,159,0,,,,28.78069,29.18709,24.3811
1787108854,27.63294,78.31846,159,0,,,,28.71296,29.25482,24.3811
1787108855,27.67567,78.32761,160,0,,,,28.71296,29.25482,24.44883
1787108856,27.61959,78.31388,159,0,,,,28.71296,29.25482,24.41496
1787108856,27.60624,78.39628,159,0,,,,28.64523,29.28868,24.34743
1787108857,27.59022,78.52598,159,0,,,,28.71296,29.15322,24.3811
1787108858,27.66232,78.57481,159,0,,,,28.71296,29.15322,24.55023
1787108858,27.70504,78.79454,159,0,,,,28.71296,29.15322,24.4827
1787108859,27.67567,78.93187,159,0,,,,28.74682,29.08549,24.51636
1787108860,27.7184,79.00511,159,0,,,,28.71296,29.18709,24.4827
1787108860,27.57687,79.02342,159,0,,,,28.61136,29.11935,24.55023
1787108861,27.67567,79.18364,159,0,,,,28.67909,29.25482,24.41496
1787108862,27.55016,79.2752,159,0,,,,28.71296,29.18709,24.31357
1787108862,27.68902,79.63378,159,0,,,,28.64523,29.18709,24.44883
1787108863,27.68902,79.77875,159,0,,,,28.71296,29.08549,24.55023
1787108864,27.67567,79.97253,159,0,,,,28.67909,29.22095,24.51636
1787108864,27.7184,80.05493,159,0,,,,28.67909,29.28868,24.31357
1787108865,27.68902,80.21515,159,0,,,,28.67909,29.18709,24.61796
1787108866,27.63294,80.18158,159,0,,,,28.67909,29.18709,24.41496
1787108866,27.57687,80.39674,160,0,,,,28.71296,29.22095,24.3811
1787108867,27.70504,80.60426,159,0,,,,28.81456,29.15322,24.3811
1787108868,27.68902,80.65308,159,0,,,,28.71296,29.15322,24.55023
1787108868,27.63294,80.66834,159,0,,,,28.67909,29.18709,24.44883
1787108869,27.66232,80.61646,159,0,,,,28.71296,29.18709,24.3811
1787108869,27.74777,80.48981,159,0,,,,28.74682,29.15322,24.41496
1787108870,27.60624,80.26856,159,0,,,,28.71296,29.18709,24.34743
1787108871,27.66232,80.26093,159,0,,,,28.74682,29.22095,24.3811
1787108871,27.67567,80.01373,159,0,,,,28.67909,29.18709,24.4827
1787108872,27.70504,79.72991,159,0,,,,28.71296,29.11935,24.4827
1787108873,27.61959,79.76044,159,0,,,,28.71296,29.35642,24.4827
1787108873,27.56351,79.61089,159,0,,,,28.67909,29.18709,24.55023
1787108874,27.60624,79.34081,159,0,,,,28.67909,29.25482,24.4827
1787108875,27.73175,79.19737,159,0,,,,28.71296,29.08549,24.51636
1787108875,27.59022,79.02495,159,0,,,,28.71296,29.22095,24.51636
1787108876,27.74777,78.97002,159,0,,,,28.71296,29.32255,24.55023
1787108877,27.63294,78.74418,160,0,,,,28.74682,29.11935,24.1783
1787108877,27.66232,78.74113,159,0,,,,28.78069,29.25482,24.4827
1787108878,27.55016,78.66178,159,0,,,,28.71296,29.18709,24.34743
1787108879,27.60624,78.49851,159,0,,,,28.71296,29.18709,24.34743
1787108879,27.63294,78.40086,159,0,,,,28.74682,29.22095,24.4827
1787108880,27.61959,78.19028,159,0,,,,28.71296,29.18709,24.41496
1787108881,27.68902,78.04074,159,0,,,,28.71296,29.28868,24.44883
1787108881,27.63294,78.03616,159,0,,,,28.78069,29.28868,24.3811
1787108882,27.66232,77.90799,159,0,,,,28.74682,29.15322,24.3811
1787108883,27.63294,77.84848,159,0,,,,28.67909,29.18709,24.51636
1787108883,27.64897,77.9263,159,0,,,,28.71296,29.25482,24.41496
1787108884,27.64897,77.77982,159,0,,,,28.71296,29.15322,24.41496
1787108885,27.60624,77.79202,159,0,,,,28.71296,29.15322,24.4827
1787108885,27.60624,77.75998,159,0,,,,28.78069,29.22095,24.31357
1787108886,27.64897,77.81186,159,0,,,,28.78069,29.15322,24.55023
1787108887,27.61959,77.70046,159,0,,,,28.71296,29.11935,24.31357
1787108887,27.7184,77.68215,159,0,,,,28.67909,29.25482,24.31357
1787108888,27.64897,77.84238,159,0,,,,28.71296,29.18709,24.51636
1787108889,27.67567,77.77829,159,0,,,,28.64523,29.18709,24.44883
1787108889,27.7184,77.88968,159,0,,,,28.74682,29.22095,24.44883
1787108890,27.59022,77.8378,159,0,,,,28.71296,29.32255,24.34743
1787108891,27.67567,78.01633,159,0,,,,28.64523,29.08549,24.4827
1787108891,27.61959,78.03464,159,0,,,,28.67909,29.22095,24.34743
1787108892,27.73175,78.11398,159,0,,,,28.71296,29.25482,24.3811
1787108893,27.7184,78.18265,159,0,,,,28.71296,29.28868,24.4827
1787108893,27.74777,78.35661,159,0,,,,28.67909,29.15322,24.24583
1787108894,27.68902,78.34135,159,0,,,,28.74682,29.18709,24.3811
1787108895,27.67567,78.37034,159,0,,,,28.67909,29.32255,24.31357
1787108895,27.61959,78.3978,159,0,,,,28.64523,29.15322,24.4827
1787108896,27.68902,78.45579,159,0,,,,28.74682,29.28868,24.41496
1787108897,27.66232,78.46952,159,0,,,,28.74682,29.15322,24.2797
1787108897,27.60624,78.33219,159,0,,,,28.64523,29.22095,24.34743
1787108898,27.74777,78.30625,159,0,,,,28.81456,29.22095,24.51636
1787108899,27.63294,78.23605,159,0,,,,28.74682,29.28868,24.3811
1787108899,27.67567,78.16281,159,0,,,,28.67909,29.22095,24.3811
1787108900,27.7184,78.1918,159,0,,,,28.74682,29.22095,24.31357
1787108901,27.66232,78.17807,159,0,,,,28.74682,29.28868,24.5841
1787108901,27.53414,78.27268,159,0,,,,28.71296,29.11935,24.44883
1787108902,27.67567,78.4741,159,0,,,,28.67909,29.25482,24.51636
1787108903,27.70504,78.60685,159,0,,,,28.67909,29.25482,24.41496
1787108903,27.66232,78.85558,159,0,,,,28.74682,29.18709,24.41496
1787108904,27.70504,79.01122,159,0,,,,28.74682,29.15322,24.4827
1787108905,27.66232,78.92882,159,0,,,,28.67909,29.22095,24.55023
1787108905,27.66232,79.2401,159,0,,,,28.67909,29.18709,24.44883
1787108906,27.63294,79.35912,159,0,,,,28.74682,29.15322,24.41496
1787108907,27.60624,79.24773,159,0,,,,28.71296,29.11935,24.41496
1787108907,27.68902,79.24773,159,0,,,,28.74682,29.28868,24.41496
1787108908,27.59022,79.0753,159,0,,,,28.71296,29.22095,24.41496
1787108909,27.66232,78.97917,159,0,,,,28.71296,29.25482,24.44883
1787108909,27.67567,78.86015,159,0,,,,28.74682,29.25482,24.4827
1787108910,27.59022,78.60838,159,0,,,,28.71296,29.08549,24.44883
1787108911,27.7184,78.5153,159,0,,,,28.67909,29.22095,24.3811
1787108911,27.59022,78.40086,159,0,,,,28.78069,29.18709,24.2797
1787108912,27.61959,78.3978,159,0,,,,28.67909,29.15322,24.3811
1787108912,27.60624,78.15518,159,0,,,,28.71296,29.18709,24.44883
1787108913,27.66232,78.26353,159,0,,,,28.78069,29.18709,24.4827
1787108914,27.63294,78.13077,159,0,,,,28.64523,29.22095,24.41496
1787108914,27.61959,78.09567,159,0,,,,28.71296,29.15322,24.51636
1787108915,27.63294,78.00412,159,0,,,,28.61136,29.25482,24.55023
1787108916,27.57687,77.89883,159,0,,,,28.71296,29.05162,24.51636
1787108916,27.66232,77.87595,159,0,,,,28.71296,29.39028,24.3811
1787108917,27.64897,77.8027,159,0,,,,28.67909,29.25482,24.51636
1787108918,27.66232,77.86679,159,0,,,,28.64523,29.08549,24.5841
1787108918,27.70504,77.90799,159,0,,,,28.71296,29.25482,24.34743
1787108919,27.59022,77.7554,159,0,,,,28.67909,29.15322,24.3811
1787108920,27.57687,77.95224,159,0,,,,28.71296,29.18709,24.44883
1787108920,27.63294,77.94308,159,0,,,,28.78069,29.11935,24.41496
1787108921,27.70504,77.9202,159,0,,,,28.67909,29.11935,24.34743
1787108922,27.60624,77.81033,159,0,,,,28.67909,29.22095,24.44883
1787108922,27.68902,77.77982,159,0,,,,28.67909,29.11935,24.51636
1787108923,27.66232,77.83475,159,0,,,,28.71296,29.11935,24.44883
1787108924,27.68902,77.65621,159,0,,,,28.64523,29.11935,24.4827
1787108924,27.59022,77.61044,159,0,,,,28.74682,29.25482,24.41496
1787108925,27.63294,77.61044,159,0,,,,28.67909,29.18709,24.34743
1787108926,27.63294,77.68215,159,0,,,,28.71296,29.39028,24.4827
1787108926,27.63294,77.59975,159,0,,,,28.67909,29.25482,24.34743
1787108927,27.66232,77.5967,159,0,,,,28.67909,29.32255,24.3811
1787108928,27.61959,77.62875,159,0,,,,28.71296,29.18709,24.51636
1787108928,27.63294,77.61044,159,0,,,,28.74682,29.18709,24.4827
1787108929,27.64897,77.61501,159,0,,,,28.78069,29.39028,24.51636
1787108930,27.56351,77.50973,159,0,,,,28.74682,29.35642,24.4827
1787108930,27.61959,77.75235,159,0,,,,28.74682,29.18709,24.55023
1787108931,27.66232,78.02243,159,0,,,,28.67909,29.28868,24.44883
1787108932,27.63294,78.17197,159,0,,,,28.74682,29.18709,24.51636
1787108932,27.70504,77.97208,159,0,,,,28.71296,29.28868,24.44883
1787108933,27.64897,78.08194,159,0,,,,28.81456,29.22095,24.3811
1787108934,27.59022,78.20401,159,0,,,,28.71296,29.22095,24.34743
1787108934,27.60624,78.21774,159,0,,,,28.64523,29.28868,24.3811
1787108935,27.63294,78.4741,159,0,,,,28.71296,29.22095,24.4827
1787108936,27.68902,78.58091,159,0,,,,28.71296,29.18709,24.44883
1787108936,27.66232,78.54429,159,0,,,,28.67909,29.11935,24.3811
1787108937,27.66232,78.64805,159,0,,,,28.78069,29.15322,24.34743
1787108938,27.70504,78.95934,159,0,,,,28.67909,29.15322,24.3811
1787108938,27.67567,79.05699,159,0,,,,28.78069,29.28868,24.44883
1787108939,27.68902,78.99748,159,0,,,,28.67909,29.28868,24.51636
1787108940,27.61959,79.22026,159,0,,,,28.71296,29.28868,24.41496
1787108940,27.67567,79.13939,159,0,,,,28.64523,29.11935,24.4827
1787108941,27.68902,79.20653,159,0,,,,28.74682,29.22095,24.51636
1787108942,27.61959,79.34539,159,0,,,,28.74682,29.08549,24.51636
1787108942,27.64897,79.15312,159,0,,,,28.67909,29.15322,24.34743
1787108943,27.7184,79.38049,159,0,,,,28.74682,29.15322,24.44883
1787108944,27.7184,79.28588,159,0,,,,28.78069,29.18709,24.3811
1787108944,27.63294,79.25384,159,0,,,,28.64523,29.15322,24.31357
1787108945,27.61959,79.33471,160,0,,,,28.67909,29.22095,24.3811
1787108946,27.7184,79.18364,159,0,,,,28.64523,29.18709,24.51636
1787108946,27.70504,79.02342,159,0,,,,28.67909,29.28868,24.2797
1787108947,27.57687,78.95934,159,0,,,,28.64523,29.22095,24.31357
1787108948,27.66232,78.74113,159,0,,,,28.74682,29.22095,24.41496
1787108948,27.63294,78.45274,159,0,,,,28.71296,29.22095,24.4827
1787108949,27.64897,78.53971,159,0,,,,28.78069,29.15322,24.41496
1787108950,27.57687,78.34592,159,0,,,,28.71296,29.11935,24.51636
1787108950,27.61959,78.21011,159,0,,,,28.67909,29.25482,24.4827
1787108951,27.64897,78.16434,159,0,,,,28.71296,29.15322,24.34743
1787108952,27.64897,78.19638,159,0,,,,28.67909,29.15322,24.3811
1787108952,27.64897,78.1857,159,0,,,,28.71296,29.11935,24.51636
1787108953,27.64897,78.23758,159,0,,,,28.81456,29.18709,24.41496
1787108954,27.60624,78.33219,159,0,,,,28.78069,29.22095,24.51636
1787108954,27.64897,78.34287,159,0,,,,28.78069,29.22095,24.41496
1787108955,27.66232,78.49241,159,0,,,,28.67909,29.15322,24.51636
1787108956,27.68902,78.61143,159,0,,,,28.78069,29.11935,24.41496
1787108956,27.67567,78.68162,159,0,,,,28.74682,29.22095,24.41496
1787108957,27.61959,78.86778,159,0,,,,28.78069,29.22095,24.44883
1787108957,27.67567,79.13939,159,0,,,,28.67909,29.18709,24.3811
1787108958,27.74777,79.31335,159,0,,,,28.78069,29.11935,24.44883
1787108959,27.70504,79.33471,159,0,,,,28.71296,29.22095,24.4827
1787108959,27.56351,79.37133,159,0,,,,28.74682,29.18709,24.51636
1787108960,27.73175,79.42321,159,0,,,,28.71296,29.08549,24.41496
1787108961,27.64897,79.46746,159,0,,,,28.74682,29.18709,24.41496
1787108961,27.67567,79.31792,159,0,,,,28.67909,29.15322,24.41496
1787108962,27.53414,79.2401,159,0,,,,28.71296,29.25482,24.34743
1787108963,27.68902,79.11192,159,0,,,,28.64523,29.28868,24.31357
1787108963,27.64897,78.91356,159,0,,,,28.71296,29.22095,24.34743
1787108964,27.68902,78.89525,159,0,,,,28.74682,29.25482,24.34743
1787108965,27.70504,78.78233,159,0,,,,28.74682,29.15322,24.41496
1787108965,27.63294,78.48325,159,0,,,,28.67909,29.22095,24.55023
1787108966,27.60624,78.48783,159,0,,,,28.71296,29.22095,24.31357
1787108967,27.64897,78.39628,159,0,,,,28.64523,29.22095,24.4827
1787108967,27.64897,78.48783,159,0,,,,28.78069,29.18709,24.41496
1787108968,27.66232,78.37797,159,0,,,,28.67909,29.11935,24.31357
1787108969,27.59022,78.42374,159,0,,,,28.81456,29.22095,24.44883
1787108969,27.64897,78.34287,159,0,,,,28.67909,29.15322,24.44883
1787108970,27.70504,78.37797,159,0,,,,28.67909,29.18709,24.44883
1787108971,27.7184,78.2971,159,0,,,,28.71296,29.11935,24.4827
1787108971,27.67567,78.24521,159,0,,,,28.74682,29.18709,24.34743
1787108972,27.67567,78.28794,159,0,,,,28.81456,29.22095,24.4827
1787108973,27.63294,78.03616,159,0,,,,28.67909,29.18709,24.34743
1787108973,27.57687,78.01175,159,0,,,,28.78069,29.25482,24.41496
1787108974,27.7184,78.01633,159,0,,,,28.67909,29.05162,24.4827
1787108975,27.61959,77.9614,159,0,,,,28.64523,29.15322,24.34743
1787108975,27.68902,77.91562,159,0,,,,28.71296,29.28868,24.51636
1787108976,27.63294,77.7554,159,0,,,,28.74682,29.28868,24.51636
1787108977,27.60624,77.8027,159,0,,,,28.71296,29.22095,24.34743
1787108977,27.68902,77.84238,159,0,,,,28.71296,29.25482,24.4827
1787108978,27.61959,77.80576,159,0,,,,28.74682,29.15322,24.61796
1787108979,27.70504,77.6791,159,0,,,,28.71296,29.11935,24.41496
1787108979,27.66232,77.65926,159,0,,,,28.61136,29.22095,24.3811
1787108980,27.68902,77.71572,159,0,,,,28.74682,29.01776,24.41496
1787108981,27.60624,77.68673,159,0,,,,28.74682,29.18709,24.34743
1787108981,27.64897,77.77066,159,0,,,,28.74682,29.22095,24.4827
1787108982,27.63294,77.80728,159,0,,,,28.74682,29.15322,24.4827
1787108983,27.56351,77.77982,159,0,,,,28.67909,29.11935,24.41496
1787108983,27.7184,77.8378,159,0,,,,28.71296,29.25482,24.34743
1787108984,27.64897,77.91562,159,0,,,,28.64523,29.18709,24.41496
1787108985,27.68902,78.17654,159,0,,,,28.67909,29.11935,24.51636
1787108985,27.61959,78.22232,159,0,,,,28.78069,29.28868,24.34743
1787108986,27.59022,78.37949,159,0,,,,28.74682,29.15322,24.41496
1787108987,27.61959,78.46037,159,0,,,,28.67909,29.22095,24.41496
1787108987,27.66232,78.6572,159,0,,,,28.74682,29.25482,24.41496
1787108988,27.64897,78.71824,159,0,,,,28.74682,29.18709,24.51636
1787108989,27.64897,78.96544,159,0,,,,28.71296,29.25482,24.34743
1787108989,27.70504,79.12566,159,0,,,,28.64523,29.15322,24.44883
1787108990,27.61959,79.21111,159,0,,,,28.74682,29.18709,24.4827
1787108991,27.74777,79.48119,159,0,,,,28.74682,29.25482,24.34743
1787108991,27.7184,79.57732,159,0,,,,28.67909,29.28868,24.55023
1787108992,27.74777,79.57427,159,0,,,,28.67909,29.11935,24.4827
1787108993,27.66232,79.52239,159,0,,,,28.78069,29.08549,24.51636
1787108993,27.61959,79.43694,159,0,,,,28.71296,29.15322,24.21217
1787108994,27.7184,79.45373,159,0,,,,28.78069,29.28868,24.31357
1787108995,27.63294,79.35912,159,0,,,,28.74682,29.22095,24.34743
1787108995,27.67567,79.26604,159,0,,,,28.67909,29.32255,24.3811
1787108996,27.60624,79.21568,159,0,,,,28.71296,29.28868,24.44883
1787108997,27.63294,79.0753,159,0,,,,28.71296,29.22095,24.3811
1787108997,27.61959,79.08446,159,0,,,,28.71296,29.18709,24.44883
1787108998,27.7184,79.24467,159,0,,,,28.74682,29.15322,24.44883
1787108999,27.63294,78.90135,159,0,,,,28.74682,29.25482,24.44883
1787108999,27.70504,78.81438,159,0,,,,28.71296,29.25482,24.3811
1787109000,27.70504,78.92882,159,0,,,,28.71296,29.08549,24.44883
1787109001,27.67567,78.89067,159,0,,,,28.67909,29.25482,24.44883
1787109001,27.60624,78.74876,159,0,,,,28.67909,29.18709,24.3811
1787109002,27.70504,78.69993,159,0,,,,28.67909,29.25482,24.51636
1787109002,27.67567,78.59922,159,0,,,,28.71296,29.08549,24.3811
1787109003,27.66232,78.50156,159,0,,,,28.74682,29.18709,24.41496
1787109004,27.64897,78.58396,159,0,,,,28.67909,29.18709,24.34743
1787109004,27.70504,78.37797,159,0,,,,28.67909,29.15322,24.51636
1787109005,27.66232,78.37797,159,0,,,,28.74682,29.15322,24.4827
1787109006,27.64897,78.37339,159,0,,,,28.67909,29.25482,24.41496
1787109006,27.59022,78.34745,159,0,,,,28.71296,29.39028,24.44883
1787109007,27.64897,78.33219,159,0,,,,28.74682,29.22095,24.4827
1787109008,27.68902,78.37339,159,0,,,,28.67909,29.22095,24.34743
1787109008,27.61959,78.29252,159,0,,,,28.74682,29.35642,24.51636
1787109009,27.76379,78.48478,159,0,,,,28.74682,29.22095,24.44883
1787109010,27.61959,78.3978,159,0,,,,28.81456,29.28868,24.34743
1787109010,27.61959,78.33372,159,0,,,,28.71296,29.15322,24.51636
1787109011,27.67567,78.22385,159,0,,,,28.67909,29.11935,24.3811
1787109012,27.70504,78.27421,159,0,,,,28.71296,29.05162,24.41496
1787109012,27.63294,78.20401,159,0,,,,28.64523,29.22095,24.41496
1787109013,27.61959,77.98123,159,0,,,,28.71296,29.15322,24.41496
1787109014,27.68902,77.99802,159,0,,,,28.64523,29.25482,24.44883
1787109014,27.64897,78.17654,159,0,,,,28.74682,29.11935,24.41496
1787109015,27.63294,78.13992,159,0,,,,28.61136,29.25482,24.41496
1787109016,27.64897,78.33219,159,0,,,,28.74682,29.15322,24.4827
1787109016,27.68902,78.49851,159,0,,,,28.74682,29.22095,24.4827
1787109017,27.73175,78.61295,159,0,,,,28.81456,29.11935,24.41496
1787109018,27.64897,78.53056,159,0,,,,28.74682,29.22095,24.31357
1787109018,27.64897,78.59312,159,0,,,,28.74682,29.11935,24.34743
1787109019,27.70504,78.4802,159,0,,,,28.61136,29.22095,24.3811
1787109020,27.67567,78.46189,159,0,,,,28.71296,29.15322,24.44883
1787109020,27.64897,78.26048,159,0,,,,28.78069,29.15322,24.44883
1787109021,27.61959,78.30473,159,0,,,,28.64523,29.08549,24.55023
1787109022,27.63294,78.27726,159,0,,,,28.67909,29.15322,24.44883
1787109022,27.68902,78.1857,159,0,,,,28.74682,29.18709,24.24583
1787109023,27.7184,78.28794,159,0,,,,28.74682,29.22095,24.34743
1787109024,27.74777,78.20096,159,0,,,,28.74682,29.15322,24.41496
1787109024,27.59022,78.24521,159,0,,,,28.81456,29.11935,24.44883
1787109025,27.59022,78.13992,160,0,,,,28.71296,29.08549,24.44883
1787109026,27.67567,78.30625,159,0,,,,28.78069,29.25482,24.24583
1787109026,27.66232,78.19943,159,0,,,,28.74682,29.22095,24.41496
1787109027,27.63294,78.00412,159,0,,,,28.74682,29.25482,24.34743
1787109028,27.61959,78.05447,159,0,,,,28.81456,29.25482,24.34743
1787109028,27.74777,78.28336,159,0,,,,28.78069,29.11935,24.3811
1787109029,27.63294,78.1506,159,0,,,,28.71296,29.18709,24.34743
1787109030,27.64897,78.1033,159,0,,,,28.71296,29.15322,24.34743
1787109030,27.66232,78.28336,159,0,,,,28.78069,29.15322,24.44883
1787109031,27.60624,78.09415,159,0,,,,28.61136,29.22095,24.44883
1787109032,27.61959,78.12619,159,0,,,,28.71296,29.39028,24.31357
1787109032,27.66232,78.08652,159,0,,,,28.71296,29.15322,24.4827
1787109033,27.59022,78.18265,159,0,,,,28.74682,29.22095,24.4827
1787109034,27.73175,78.30167,159,0,,,,28.67909,29.18709,24.41496
1787109034,27.67567,78.22385,159,0,,,,28.74682,29.22095,24.31357
1787109035,27.67567,78.21317,159,0,,,,28.64523,29.08549,24.41496
1787109036,27.68902,78.37339,159,0,,,,28.71296,29.28868,24.24583
1787109036,27.64897,78.40543,159,0,,,,28.71296,29.18709,24.3811
1787109037,27.68902,78.50767,159,0,,,,28.67909,29.25482,24.5841
1787109038,27.68902,78.40543,159,0,,,,28.67909,29.18709,24.55023
1787109038,27.55016,78.37949,159,0,,,,28.74682,29.11935,24.3811
1787109039,27.67567,78.35966,159,0,,,,28.74682,29.18709,24.4827
1787109040,27.59022,78.10025,159,0,,,,28.78069,29.22095,24.55023
1787109040,27.61959,78.19943,159,0,,,,28.67909,29.15322,24.44883
1787109041,27.66232,78.09567,159,0,,,,28.74682,29.22095,24.41496
1787109042,27.7184,78.21469,159,0,,,,28.74682,29.25482,24.44883
1787109042,27.67567,78.08957,159,0,,,,28.71296,29.18709,24.44883
1787109043,27.56351,78.09415,159,0,,,,28.78069,29.32255,24.55023
1787109044,27.7184,78.03616,159,0,,,,28.67909,29.22095,24.3811
1787109044,27.64897,78.19638,159,0,,,,28.78069,29.05162,24.24583
1787109045,27.66232,78.06363,159,0,,,,28.71296,29.25482,24.51636
1787109046,27.67567,77.95377,159,0,,,,28.67909,29.42415,24.31357
1787109046,27.67567,77.99496,159,0,,,,28.64523,29.11935,24.44883
1787109047,27.55016,77.87137,159,0,,,,28.71296,29.25482,24.41496
1787109047,27.70504,77.99039,159,0,,,,28.64523,29.11935,24.31357
1787109048,27.68902,77.95682,159,0,,,,28.74682,29.35642,24.44883
1787109049,27.56351,77.86221,159,0,,,,28.74682,29.25482,24.44883
1787109049,27.7184,77.97513,159,0,,,,28.67909,29.22095,24.34743
1787109050,27.63294,77.90189,159,0,,,,28.81456,29.11935,24.55023
1787109051,27.70504,78.04379,159,0,,,,28.67909,29.22095,24.51636
1787109051,27.61959,78.21011,159,0,,,,28.71296,29.25482,24.44883
1787109052,27.60624,78.03006,159,0,,,,28.71296,29.28868,24.3811
1787109053,27.7184,78.13229,159,0,,,,28.67909,29.28868,24.44883
1787109053,27.70504,78.05447,159,0,,,,28.67909,29.28868,24.34743
1787109054,27.63294,77.98428,159,0,,,,28.74682,29.32255,24.4827
1787109055,27.67567,78.16281,159,0,,,,28.74682,29.11935,24.55023
1787109055,27.59022,77.81644,159,0,,,,28.64523,29.25482,24.41496
1787109056,27.66232,78.04379,159,0,,,,28.81456,29.22095,24.44883
1787109057,27.67567,78.01633,159,0,,,,28.67909,29.18709,24.4827
1787109057,27.66232,77.97208,159,0,,,,28.71296,29.28868,24.51636
1787109058,27.60624,77.95834,159,0,,,,28.71296,29.25482,24.34743
1787109059,27.64897,77.87442,159,0,,,,28.71296,29.22095,24.31357
1787109059,27.63294,77.92172,159,0,,,,28.71296,29.11935,24.41496
1787109060,27.64897,77.8027,159,0,,,,28.74682,29.08549,24.41496
1787109061,27.66232,77.94003,159,0,,,,28.84842,29.15322,24.5841
1787109061,27.60624,77.91562,159,0,,,,28.71296,29.25482,24.41496
1787109062,27.64897,77.83322,159,0,,,,28.74682,29.15322,24.34743
1787109063,27.55016,77.80728,159,0,,,,28.74682,29.25482,24.4827
1787109063,27.63294,77.82864,159,0,,,,28.64523,29.18709,24.55023
1787109064,27.7184,77.69283,159,0,,,,28.74682,29.11935,24.4827
1787109065,27.74777,77.86679,159,0,,,,28.67909,29.11935,24.41496
1787109065,27.66232,77.88815,159,0,,,,28.67909,29.15322,24.55023
1787109066,27.66232,77.87595,159,0,,,,28.78069,29.22095,24.3811
1787109067,27.59022,77.96292,159,0,,,,28.67909,29.18709,24.3811
1787109067,27.60624,77.9675,159,0,,,,28.67909,29.25482,24.51636
1787109068,27.73175,78.14603,159,0,,,,28.78069,29.28868,24.41496
1787109069,27.66232,78.11703,159,0,,,,28.71296,29.11935,24.41496
1787109069,27.68902,78.19638,159,0,,,,28.64523,29.15322,24.44883
1787109070,27.59022,78.06821,159,0,,,,28.67909,29.22095,24.4827
1787109071,27.57687,78.04379,159,0,,,,28.71296,29.25482,24.4827
1787109071,27.77714,78.1857,159,0,,,,28.71296,29.35642,24.4827
1787109072,27.63294,78.06821,159,0,,,,28.67909,29.18709,24.41496
1787109073,27.61959,78.21011,159,0,,,,28.71296,29.15322,24.31357
1787109073,27.63294,78.18265,159,0,,,,28.67909,29.15322,24.55023
1787109074,27.67567,78.28794,159,0,,,,28.78069,29.28868,24.44883
1787109075,27.7184,78.32761,159,0,,,,28.71296,29.22095,24.44883
1787109075,27.64897,78.38407,159,0,,,,28.71296,29.25482,24.44883
1787109076,27.7184,78.37949,159,0,,,,28.67909,29.18709,24.41496
1787109077,27.61959,78.34592,159,0,,,,28.64523,29.15322,24.41496
1787109077,27.66232,78.38712,159,0,,,,28.64523,29.28868,24.3811
1787109078,27.70504,78.32456,159,0,,,,28.67909,29.25482,24.34743
1787109079,27.67567,78.31846,159,0,,,,28.71296,29.25482,24.34743
1787109079,27.63294,78.1506,159,0,,,,28.71296,29.28868,24.34743
1787109080,27.63294,78.10025,159,0,,,,28.67909,29.05162,24.3811
1787109081,27.60624,78.12314,159,0,,,,28.64523,29.11935,24.41496
1787109081,27.68902,78.04074,159,0,,,,28.67909,29.18709,24.4827
1787109082,27.66232,78.03464,159,0,,,,28.64523,29.22095,24.31357
1787109083,27.61959,77.89883,159,0,,,,28.71296,29.15322,24.3811
1787109083,27.68902,77.95682,159,0,,,,28.74682,29.18709,24.31357
1787109084,27.67567,77.92172,159,0,,,,28.67909,29.18709,24.3811
1787109085,27.57687,77.98123,159,0,,,,28.64523,29.15322,24.51636
1787109086,27.68902,77.91562,159,0,,,,28.74682,29.25482,24.31357
1787109086,27.66232,77.95224,159,0,,,,28.71296,29.22095,24.2797
1787109087,27.57687,77.99039,159,0,,,,28.78069,29.25482,24.41496
1787109087,27.57687,77.95834,159,0,,,,28.64523,29.25482,24.51636
1787109088,27.60624,77.91562,159,0,,,,28.71296,29.11935,24.21217
1787109089,27.7184,77.90189,159,0,,,,28.67909,29.15322,24.55023
1787109089,27.67567,77.90189,159,0,,,,28.71296,29.11935,24.34743
1787109090,27.64897,77.98886,159,0,,,,28.71296,29.15322,24.2797
1787109090,27.70504,78.02243,159,0,,,,28.71296,29.32255,24.34743
1787109091,27.60624,78.1033,159,0,,,,28.71296,29.11935,24.51636
1787109092,27.70504,78.11703,159,0,,,,28.64523,29.18709,24.34743
1787109092,27.70504,78.23148,159,0,,,,28.71296,29.15322,24.4827
1787109093,27.63294,78.32761,159,0,,,,28.74682,29.18709,24.34743
1787109094,27.7184,78.40238,159,0,,,,28.71296,29.11935,24.41496
1787109094,27.55016,78.40238,159,0,,,,28.67909,29.08549,24.41496
1787109095,27.74777,78.4802,159,0,,,,28.74682,29.08549,24.3811
1787109096,27.70504,78.50156,159,0,,,,28.64523,29.32255,24.41496
1787109096,27.64897,78.47868,159,0,,,,28.67909,29.11935,24.61796
1787109097,27.73175,78.79912,159,0,,,,28.67909,29.32255,24.44883
1787109098,27.61959,78.63584,159,0,,,,28.74682,29.28868,24.44883
1787109098,27.61959,78.5214,159,0,,,,28.74682,29.18709,24.3811
1787109099,27.67567,78.64042,159,0,,,,28.74682,29.28868,24.5841
1787109100,27.7184,78.59007,159,0,,,,28.64523,29.11935,24.51636
1787109100,27.68902,78.53971,159,0,,,,28.71296,29.25482,24.44883
1787109101,27.59022,78.42985,159,0,,,,28.78069,29.08549,24.4827
1787109102,27.60624,78.49851,159,0,,,,28.78069,29.15322,24.44883
1787109102,27.64897,78.53056,159,0,,,,28.71296,29.32255,24.34743
1787109103,27.67567,78.62058,159,0,,,,28.71296,29.22095,24.51636
1787109104,27.68902,78.82201,159,0,,,,28.71296,29.11935,24.3811
1787109104,27.68902,78.8098,159,0,,,,28.67909,29.25482,24.4827
1787109105,27.66232,78.90898,159,0,,,,28.71296,29.18709,24.51636
1787109106,27.66232,79.07378,159,0,,,,28.74682,29.25482,24.41496
1787109106,27.67567,78.91356,159,0,,,,28.64523,29.15322,24.44883
1787109107,27.64897,79.14397,159,0,,,,28.61136,29.28868,24.31357
1787109108,27.64897,79.25842,159,0,,,,28.67909,29.22095,24.5841
1787109108,27.67567,79.37133,159,0,,,,28.67909,29.15322,24.4827
1787109109,27.66232,79.36675,159,0,,,,28.64523,29.18709,24.34743
1787109110,27.70504,79.48119,159,0,,,,28.74682,29.18709,24.51636
1787109110,27.56351,79.45525,159,0,,,,28.71296,29.32255,24.3811
1787109111,27.64897,79.67498,159,0,,,,28.78069,29.32255,24.4827
1787109112,27.66232,79.72991,159,0,,,,28.78069,29.15322,24.4827
1787109112,27.7184,79.89014,159,0,,,,28.67909,29.25482,24.3811
1787109113,27.7184,80.10834,159,0,,,,28.78069,29.18709,24.44883
1787109114,27.73175,80.20599,159,0,,,,28.71296,29.15322,24.41496
1787109114,27.68902,80.31892,159,0,,,,28.71296,29.11935,24.31357
1787109115,27.64897,80.3296,159,0,,,,28.67909,29.25482,24.34743
1787109116,27.63294,80.39826,159,0,,,,28.71296,29.35642,24.44883
1787109116,27.70504,80.41657,159,0,,,,28.74682,29.18709,24.4827
1787109117,27.66232,80.32349,159,0,,,,28.67909,29.15322,24.41496
1787109118,27.7184,80.25483,159,0,,,,28.67909,29.18709,24.55023
1787109118,27.74777,79.92981,159,0,,,,28.67909,29.28868,24.41496
1787109119,27.60624,79.8291,159,0,,,,28.71296,29.15322,24.41496
1787109120,27.74777,79.81537,159,0,,,,28.74682,28.98389,24.51636
1787109120,27.66232,79.55138,159,0,,,,28.74682,29.18709,24.4827
1787109121,27.55016,79.33929,159,0,,,,28.74682,29.28868,24.44883
1787109122,27.66232,79.21111,159,0,,,,28.67909,29.18709,24.41496
1787109122,27.59022,79.09819,159,0,,,,28.67909,29.22095,24.2797
1787109123,27.66232,79.02342,159,0,,,,28.74682,29.15322,24.44883
1787109124,27.47807,78.95476,159,0,,,,28.71296,29.11935,24.4827
1787109124,27.76379,78.84032,159,0,,,,28.64523,29.15322,24.4827
1787109125,27.63294,78.75334,160,0,,,,28.64523,29.22095,24.44883
1787109126,27.63294,78.74418,159,0,,,,28.67909,29.08549,24.4827
1787109126,27.68902,78.65415,159,0,,,,28.74682,29.25482,24.41496
1787109127,27.76379,78.66178,159,0,,,,28.71296,29.28868,24.3811
1787109128,27.64897,78.67551,159,0,,,,28.71296,29.18709,24.61796
1787109128,27.76379,78.57938,159,0,,,,28.71296,29.15322,24.44883
1787109129,27.64897,78.50767,159,0,,,,28.71296,29.15322,24.34743
1787109130,27.66232,78.5214,159,0,,,,28.74682,29.18709,24.3811
1787109130,27.59022,78.33829,159,0,,,,28.74682,29.15322,24.3811
1787109131,27.64897,78.39628,159,0,,,,28.64523,29.18709,24.55023
1787109132,27.77714,78.43748,159,0,,,,28.71296,29.18709,24.51636
1787109132,27.67567,78.55802,159,0,,,,28.67909,29.25482,24.55023
1787109133,27.79049,78.68009,159,0,,,,28.71296,29.18709,24.3811
1787109134,27.73175,78.77776,159,0,,,,28.67909,29.11935,24.41496
1787109134,27.60624,78.7686,159,0,,,,28.71296,29.15322,24.41496
1787109135,27.7184,78.88152,159,0,,,,28.78069,29.22095,24.3811
1787109136,27.64897,79.04173,160,0,,,,28.67909,29.08549,24.44883
1787109136,27.70504,79.06462,159,0,,,,28.74682,29.22095,24.55023
1787109137,27.68902,79.27978,159,0,,,,28.74682,29.25482,24.61796
1787109137,27.67567,79.1516,159,0,,,,28.74682,29.22095,24.51636
1787109138,27.53414,79.12566,159,0,,,,28.74682,29.15322,24.41496
1787109139,27.64897,79.34081,159,0,,,,28.64523,29.15322,24.41496
1787109139,27.61959,79.21111,159,0,,,,28.78069,29.15322,24.4827
1787109140,27.59022,79.0753,159,0,,,,28.71296,29.22095,24.55023
1787109141,27.53414,79.21721,159,0,,,,28.74682,29.15322,24.41496
1787109141,27.7184,79.17143,159,0,,,,28.67909,29.25482,24.3811
1787109142,27.66232,79.21111,159,0,,,,28.67909,29.15322,24.41496
1787109143,27.67567,79.19279,159,0,,,,28.64523,29.22095,24.24583
1787109143,27.74777,79.18974,159,0,,,,28.64523,29.28868,24.41496
1787109144,27.7184,79.26604,159,0,,,,28.61136,29.18709,24.44883
1787109145,27.77714,79.33166,159,0,,,,28.67909,29.22095,24.51636
1787109145,27.76379,79.48577,159,0,,,,28.78069,29.18709,24.44883
1787109146,27.7184,79.56817,159,0,,,,28.78069,29.11935,24.3811
1787109147,27.61959,79.50103,159,0,,,,28.64523,29.32255,24.44883
1787109147,27.73175,79.5819,159,0,,,,28.71296,29.22095,24.51636
1787109148,27.64897,79.5285,159,0,,,,28.74682,29.28868,24.4827
1787109149,27.68902,79.68414,159,0,,,,28.78069,29.15322,24.41496
1787109149,27.7184,79.55596,159,0,,,,28.67909,29.22095,24.34743
1787109150,27.64897,79.47662,159,0,,,,28.71296,29.32255,24.34743
1787109151,27.60624,79.46746,159,0,,,,28.71296,29.25482,24.44883
1787109151,27.64897,79.42321,159,0,,,,28.74682,29.18709,24.3811
1787109152,27.63294,79.2752,159,0,,,,28.71296,29.39028,24.51636
1787109153,27.60624,79.07988,159,0,,,,28.67909,29.28868,24.3811
1787109153,27.63294,79.01579,159,0,,,,28.71296,29.22095,24.41496
1787109154,27.66232,78.86778,159,0,,,,28.74682,29.11935,24.61796
1787109155,27.61959,78.75028,159,0,,,,28.61136,29.08549,24.31357
1787109155,27.64897,78.58396,159,0,,,,28.67909,29.18709,24.34743
1787109156,27.64897,78.56107,159,0,,,,28.71296,29.25482,24.44883
1787109157,27.61959,78.26353,159,0,,,,28.61136,29.15322,24.4827
1787109157,27.68902,78.41611,159,0,,,,28.78069,29.15322,24.51636
1787109158,27.61959,78.19028,159,0,,,,28.71296,29.32255,24.34743
1787109159,27.67567,78.1918,159,0,,,,28.67909,29.32255,24.55023
1787109159,27.64897,78.17654,159,0,,,,28.74682,29.28868,24.3811
1787109160,27.60624,78.0621,159,0,,,,28.67909,29.25482,24.55023
1787109161,27.61959,78.12619,159,0,,,,28.67909,29.25482,24.41496
1787109161,27.57687,78.03464,159,0,,,,28.71296,29.28868,24.41496
1787109162,27.68902,78.1033,159,0,,,,28.64523,29.15322,24.34743
1787109163,27.53414,78.08652,159,0,,,,28.67909,29.11935,24.41496
1787109163,27.64897,78.08194,159,0,,,,28.78069,29.22095,24.44883
1787109164,27.56351,78.13229,159,0,,,,28.71296,29.25482,24.4827
1787109165,27.64897,78.13229,159,0,,,,28.71296,29.25482,24.55023
1787109165,27.64897,78.11398,159,0,,,,28.71296,29.28868,24.34743
1787109166,27.61959,78.04379,159,0,,,,28.67909,29.22095,24.4827
1787109167,27.7184,77.96597,159,0,,,,28.74682,29.22095,24.3811
1787109167,27.70504,78.05447,159,0,,,,28.78069,29.28868,24.51636
1787109168,27.59022,78.00412,159,0,,,,28.71296,29.11935,24.55023
1787109169,27.66232,78.10788,159,0,,,,28.67909,29.22095,24.51636
1787109169,27.59022,78.06821,159,0,,,,28.71296,29.15322,24.3811
1787109170,27.64897,78.23758,159,0,,,,28.61136,29.28868,24.41496
1787109171,27.66232,78.17807,159,0,,,,28.67909,29.18709,24.51636
1787109171,27.77714,78.14603,159,0,,,,28.71296,29.25482,24.31357
1787109172,27.66232,78.21011,159,0,,,,28.78069,29.25482,24.3811
1787109173,27.74777,78.14908,159,0,,,,28.81456,29.15322,24.4827
1787109173,27.67567,78.10025,159,0,,,,28.74682,29.25482,24.34743
1787109174,27.61959,78.22232,159,0,,,,28.67909,29.08549,24.44883
1787109175,27.56351,78.20554,159,0,,,,28.78069,29.25482,24.55023
1787109175,27.70504,78.10788,159,0,,,,28.71296,29.11935,24.41496
1787109176,27.60624,78.1445,159,0,,,,28.74682,29.22095,24.31357
1787109177,27.53414,78.11703,159,0,,,,28.67909,29.28868,24.41496
1787109177,27.63294,78.15976,159,0,,,,28.71296,29.22095,24.41496
1787109178,27.61959,78.23148,159,0,,,,28.74682,29.15322,24.34743
1787109179,27.68902,78.28184,159,0,,,,28.71296,29.25482,24.3811
1787109179,27.67567,78.31846,159,0,,,,28.67909,29.25482,24.4827
1787109180,27.64897,78.38407,159,0,,,,28.74682,29.15322,24.44883
1787109180,27.64897,78.39628,159,0,,,,28.67909,29.15322,24.51636
1787109181,27.61959,78.46952,159,0,,,,28.71296,29.22095,24.41496
1787109182,27.63294,78.41154,159,0,,,,28.71296,29.15322,24.51636
1787109182,27.63294,78.46189,159,0,,,,28.67909,29.15322,24.44883
1787109183,27.64897,78.51987,159,0,,,,28.67909,29.15322,24.41496
1787109184,27.61959,78.3978,159,0,,,,28.71296,29.22095,24.44883
1787109184,27.66232,78.23148,159,0,,,,28.64523,29.18709,24.51636
1787109185,27.57687,78.19943,159,0,,,,28.71296,29.22095,24.4827
1787109186,27.59022,78.13992,159,0,,,,28.78069,29.08549,24.4827
1787109186,27.56351,78.09415,159,0,,,,28.74682,29.25482,24.31357
1787109187,27.56351,77.82101,159,0,,,,28.67909,29.08549,24.41496
1787109188,27.68902,78.0087,159,0,,,,28.64523,29.25482,24.2797
1787109188,27.76379,77.84848,159,0,,,,28.57749,29.28868,24.41496
1787109189,27.63294,77.73403,159,0,,,,28.74682,29.18709,24.41496
1787109190,27.67567,77.80728,159,0,,,,28.71296,29.22095,24.34743
1787109190,27.61959,77.6791,159,0,,,,28.71296,29.22095,24.2797
1787109191,27.64897,77.60433,159,0,,,,28.71296,29.18709,24.41496
1787109192,27.55016,77.60128,159,0,,,,28.67909,29.15322,24.41496
1787109192,27.64897,77.56313,159,0,,,,28.71296,29.15322,24.3811
1787109193,27.67567,77.54635,159,0,,,,28.71296,29.08549,24.51636
1787109194,27.7184,77.5082,159,0,,,,28.67909,29.11935,24.41496
1787109194,27.63294,77.55856,159,0,,,,28.74682,29.18709,24.41496
1787109195,27.60624,77.46853,160,0,,,,28.71296,29.28868,24.3811
1787109196,27.63294,77.49599,159,0,,,,28.61136,29.35642,24.31357
1787109196,27.64897,77.53109,159,0,,,,28.74682,29.18709,24.44883
1787109197,27.64897,77.56313,159,0,,,,28.78069,29.25482,24.4827
1787109198,27.61959,77.65926,160,0,,,,28.78069,29.18709,24.4827
1787109198,27.67567,77.78745,159,0,,,,28.78069,29.25482,24.44883
1787109199,27.64897,77.75998,159,0,,,,28.67909,29.28868,24.44883
1787109200,27.68902,77.81186,159,0,,,,28.74682,29.25482,24.51636
1787109200,27.66232,77.97208,159,0,,,,28.78069,29.28868,24.55023
1787109201,27.59022,77.92172,159,0,,,,28.78069,29.22095,24.41496
1787109202,27.60624,77.86221,159,0,,,,28.74682,29.22095,24.44883
1787109202,27.63294,78.00412,159,0,,,,28.74682,29.25482,24.3811
1787109203,27.56351,78.2681,159,0,,,,28.81456,29.25482,24.2797
1787109204,27.64897,78.55192,159,0,,,,28.74682,29.22095,24.3811
1787109204,27.68902,78.74876,159,0,,,,28.71296,29.22095,24.31357
1787109205,27.64897,78.78996,160,0,,,,28.67909,29.32255,24.3811
1787109206,27.74777,79.23094,159,0,,,,28.67909,29.25482,24.51636
1787109206,27.79049,79.38659,159,0,,,,28.67909,29.18709,24.21217
1787109207,27.70504,79.46899,159,0,,,,28.71296,29.11935,24.34743
1787109208,27.64897,79.65514,159,0,,,,28.71296,29.28868,24.4827
1787109208,27.74777,79.58343,159,0,,,,28.67909,29.18709,24.3811
1787109209,27.61959,79.48119,159,0,,,,28.64523,29.18709,24.51636
1787109210,27.66232,79.46899,159,0,,,,28.67909,29.11935,24.41496
1787109210,27.63294,79.3988,159,0,,,,28.78069,29.22095,24.41496
1787109211,27.73175,79.21721,159,0,,,,28.64523,29.11935,24.34743
1787109212,27.67567,79.18364,159,0,,,,28.67909,29.18709,24.55023
1787109212,27.64897,79.06157,159,0,,,,28.64523,29.08549,24.3811
1787109213,27.61959,79.17906,159,0,,,,28.71296,29.05162,24.44883
1787109214,27.70504,79.06462,159,0,,,,28.71296,29.15322,24.61796
1787109214,27.64897,79.01884,159,0,,,,28.71296,29.05162,24.4827
1787109215,27.60624,78.95628,159,0,,,,28.74682,29.22095,24.4827
1787109216,27.7184,79.08751,159,0,,,,28.67909,29.11935,24.44883
1787109216,27.63294,78.80522,159,0,,,,28.67909,29.25482,24.3811
1787109217,27.56351,78.8922,159,0,,,,28.67909,29.35642,24.55023
1787109218,27.57687,78.7396,159,0,,,,28.81456,29.18709,24.3811
1787109218,27.64897,78.71824,159,0,,,,28.71296,29.15322,24.31357
1787109219,27.67567,78.64042,159,0,,,,28.74682,29.22095,24.41496
1787109220,27.57687,78.616,159,0,,,,28.74682,29.18709,24.3811
1787109220,27.61959,78.50156,159,0,,,,28.71296,29.18709,24.41496
1787109221,27.70504,78.59769,159,0,,,,28.64523,29.15322,24.51636
1787109222,27.60624,78.46647,159,0,,,,28.71296,29.25482,24.3811
1787109222,27.64897,78.55192,159,0,,,,28.78069,29.22095,24.31357
1787109223,27.66232,78.439,159,0,,,,28.67909,29.18709,24.5841
1787109224,27.66232,78.51225,159,0,,,,28.71296,29.18709,24.41496
1787109224,27.63294,78.52598,159,0,,,,28.67909,29.11935,24.41496
1787109225,27.64897,78.36423,159,0,,,,28.67909,29.18709,24.51636
1787109226,27.73175,78.47562,159,0,,,,28.67909,29.22095,24.4827
1787109226,27.59022,78.41154,159,0,,,,28.71296,29.25482,24.51636
1787109227,27.63294,78.33829,159,0,,,,28.71296,29.15322,24.4827
1787109227,27.66232,78.51225,159,0,,,,28.74682,29.18709,24.34743
1787109228,27.59022,78.49393,159,0,,,,28.78069,29.25482,24.41496
1787109229,27.63294,78.48325,159,0,,,,28.74682,29.22095,24.2797
1787109229,27.68902,78.52903,159,0,,,,28.64523,29.18709,24.3811
1787109230,27.67567,78.55802,159,0,,,,28.64523,29.15322,24.55023
1787109231,27.66232,78.4802,159,0,,,,28.71296,29.22095,24.4827
1787109231,27.67567,78.59922,159,0,,,,28.67909,29.28868,24.34743
1787109232,27.56351,78.46647,159,0,,,,28.71296,29.15322,24.3811
1787109233,27.59022,78.61753,159,0,,,,28.67909,29.15322,24.51636
1787109233,27.59022,78.59769,159,0,,,,28.74682,29.25482,24.41496
1787109234,27.66232,78.55344,159,0,,,,28.67909,29.15322,24.3811
1787109235,27.55016,78.54734,159,0,,,,28.64523,29.18709,24.44883
1787109235,27.68902,78.71671,159,0,,,,28.67909,29.18709,24.44883
1787109236,27.59022,78.74418,159,0,,,,28.61136,29.18709,24.4827
1787109237,27.67567,78.80827,159,0,,,,28.71296,29.18709,24.31357
1787109237,27.70504,78.90898,159,0,,,,28.71296,29.08549,24.21217
1787109238,27.67567,78.89067,159,0,,,,28.71296,29.25482,24.31357
1787109239,27.64897,78.89525,159,0,,,,28.81456,29.28868,24.34743
1787109239,27.59022,78.70298,159,0,,,,28.71296,29.22095,24.41496
1787109240,27.61959,78.616,159,0,,,,28.71296,29.22095,24.31357
1787109241,27.61959,78.5214,159,0,,,,28.71296,29.18709,24.41496
1787109241,27.68902,78.6862,159,0,,,,28.81456,29.11935,24.44883
1787109242,27.56351,78.37339,159,0,,,,28.64523,29.28868,24.34743
1787109243,27.60624,78.30015,159,0,,,,28.71296,29.22095,24.34743
1787109243,27.64897,78.38407,159,0,,,,28.64523,29.28868,24.44883
1787109244,27.66232,78.14603,159,0,,,,28.71296,29.22095,24.1783
1787109245,27.59022,78.11856,159,0,,,,28.74682,29.08549,24.44883
1787109245,27.60624,78.08194,159,0,,,,28.67909,29.22095,24.44883
1787109246,27.61959,78.04379,159,0,,,,28.64523,29.32255,24.3811
1787109247,27.53414,78.10483,159,0,,,,28.64523,29.22095,24.3811
1787109247,27.66232,78.06363,159,0,,,,28.64523,29.18709,24.41496
1787109248,27.67567,78.05753,159,0,,,,28.64523,29.11935,24.55023
1787109249,27.57687,77.84695,159,0,,,,28.67909,29.18709,24.3811
1787109249,27.55016,78.04837,159,0,,,,28.74682,29.11935,24.4827
1787109250,27.74777,78.19028,159,0,,,,28.78069,29.25482,24.31357
1787109251,27.70504,78.14603,159,0,,,,28.71296,29.22095,24.44883
1787109251,27.60624,78.26963,159,0,,,,28.67909,29.32255,24.4827
1787109252,27.70504,78.38865,159,0,,,,28.71296,29.22095,24.31357
1787109253,27.59022,78.13992,159,0,,,,28.74682,29.22095,24.4827
1787109253,27.68902,78.13535,159,0,,,,28.67909,29.11935,24.3811
1787109254,27.60624,78.03006,159,0,,,,28.71296,29.25482,24.34743
1787109255,27.66232,77.97208,159,0,,,,28.74682,29.15322,24.44883
1787109255,27.68902,77.93546,159,0,,,,28.74682,29.15322,24.44883
1787109256,27.67567,77.94308,159,0,,,,28.64523,29.22095,24.41496
1787109257,27.60624,77.85306,159,0,,,,28.74682,29.28868,24.3811
1787109257,27.64897,77.72793,159,0,,,,28.74682,29.25482,24.44883
1787109258,27.61959,77.74166,159,0,,,,28.71296,29.08549,24.34743
1787109259,27.59022,77.673,159,0,,,,28.61136,29.18709,24.3811
1787109259,27.63294,77.61959,159,0,,,,28.61136,29.15322,24.34743
1787109260,27.60624,77.60433,159,0,,,,28.64523,29.28868,24.51636
1787109261,27.7184,77.65163,159,0,,,,28.64523,29.32255,24.4827
1787109261,27.66232,77.57687,159,0,,,,28.67909,29.11935,24.3811
1787109262,27.66232,77.70046,159,0,,,,28.71296,29.11935,24.41496
1787109263,27.64897,77.58297,159,0,,,,28.71296,29.32255,24.3811
1787109263,27.63294,77.52651,159,0,,,,28.67909,29.22095,24.4827
1787109264,27.56351,77.48684,159,0,,,,28.71296,29.35642,24.41496
1787109265,27.64897,77.50057,159,0,,,,28.61136,29.22095,24.4827
1787109265,27.55016,77.47616,159,0,,,,28.71296,29.32255,24.2797
1787109266,27.61959,77.58602,159,0,,,,28.74682,29.22095,24.34743
1787109267,27.68902,77.48989,159,0,,,,28.78069,29.25482,24.31357
1787109267,27.64897,77.50057,159,0,,,,28.67909,29.15322,24.41496
1787109268,27.57687,77.51278,159,0,,,,28.64523,29.15322,24.31357
1787109268,27.63294,77.52651,159,0,,,,28.64523,29.15322,24.44883
1787109269,27.59022,77.50515,159,0,,,,28.67909,29.15322,24.4827
1787109270,27.60624,77.48074,159,0,,,,28.67909,29.05162,24.55023
1787109270,27.66232,77.60586,159,0,,,,28.67909,29.35642,24.24583
1787109271,27.63294,77.49599,159,0,,,,28.64523,29.22095,24.41496
1787109272,27.64897,77.48074,159,0,,,,28.71296,29.11935,24.51636
1787109272,27.59022,77.47616,159,0,,,,28.64523,29.11935,24.34743
1787109273,27.55016,77.70504,159,0,,,,28.74682,29.18709,24.51636
1787109274,27.56351,77.54025,159,0,,,,28.81456,29.25482,24.3811
1787109274,27.66232,77.62875,159,0,,,,28.71296,29.28868,24.3811
1787109275,27.56351,77.44869,159,0,,,,28.67909,29.32255,24.41496
1787109276,27.61959,77.61806,159,0,,,,28.67909,29.32255,24.55023
1787109276,27.61959,77.48226,159,0,,,,28.71296,29.22095,24.44883
1787109277,27.67567,77.48531,159,0,,,,28.74682,29.28868,24.34743
1787109278,27.63294,77.51431,159,0,,,,28.67909,29.22095,24.3811
1787109278,27.56351,77.53109,159,0,,,,28.67909,29.18709,24.4827
1787109279,27.63294,77.49599,159,0,,,,28.64523,29.22095,24.4827
1787109280,27.63294,77.39071,159,0,,,,28.64523,29.22095,24.55023
1787109280,27.57687,77.45022,159,0,,,,28.64523,29.01776,24.55023
1787109281,27.70504,77.38918,159,0,,,,28.71296,29.28868,24.4827
1787109282,27.57687,77.36629,159,0,,,,28.78069,29.22095,24.41496
1787109282,27.64897,77.40444,159,0,,,,28.64523,29.15322,24.1783
1787109283,27.66232,77.48226,159,0,,,,28.74682,29.15322,24.24583
1787109284,27.70504,77.6379,159,0,,,,28.67909,29.18709,24.4827
1787109284,27.60624,77.72793,159,0,,,,28.71296,29.18709,24.34743
1787109285,27.63294,77.97208,159,0,,,,28.71296,29.22095,24.44883
1787109286,27.67567,78.32761,159,0,,,,28.74682,29.25482,24.41496
1787109286,27.70504,78.62669,159,0,,,,28.74682,29.22095,24.3811
1787109287,27.61959,78.68009,159,0,,,,28.71296,29.25482,24.24583
1787109288,27.60624,78.75792,159,0,,,,28.78069,29.25482,24.3811
1787109288,27.57687,78.75028,159,0,,,,28.64523,28.98389,24.51636
1787109289,27.64897,78.80064,159,0,,,,28.71296,28.98389,24.44883
1787109290,27.60624,78.7686,159,0,,,,28.67909,29.25482,24.4827
1787109290,27.57687,78.7396,159,0,,,,28.61136,29.11935,24.3811
1787109291,27.73175,78.72739,159,0,,,,28.61136,29.22095,24.4827
1787109292,27.61959,78.63584,159,0,,,,28.78069,29.22095,24.3811
1787109292,27.66232,78.51225,159,0,,,,28.67909,29.25482,24.4827
1787109293,27.61959,78.41001,159,0,,,,28.64523,29.11935,24.51636
1787109294,27.64897,78.31083,159,0,,,,28.74682,29.08549,24.44883
1787109294,27.59022,78.24521,159,0,,,,28.67909,29.08549,24.55023
1787109295,27.61959,78.17807,160,0,,,,28.78069,29.15322,24.44883
1787109296,27.63294,78.20401,159,0,,,,28.71296,29.25482,24.21217
1787109296,27.64897,78.11398,159,0,,,,28.71296,29.25482,24.4827
1787109297,27.63294,78.03616,159,0,,,,28.74682,29.18709,24.5841
1787109298,27.63294,77.98428,159,0,,,,28.81456,29.25482,24.3811
1787109298,27.64897,77.9675,159,0,,,,28.74682,29.25482,24.44883
1787109299,27.68902,77.97971,159,0,,,,28.74682,29.18709,24.51636
1787109300,27.7184,77.88052,159,0,,,,28.71296,29.18709,24.41496
1787109300,27.63294,78.05753,159,0,,,,28.67909,29.11935,24.55023
1787109301,27.64897,78.34287,159,0,,,,28.74682,29.25482,24.51636
1787109302,27.61959,78.5214,159,0,,,,28.64523,29.18709,24.31357
1787109302,27.68902,78.8098,159,0,,,,28.67909,29.18709,24.51636
1787109303,27.7184,79.1104,159,0,,,,28.67909,29.18709,24.55023
1787109304,27.68902,79.26757,159,0,,,,28.67909,29.11935,24.4827
1787109304,27.64897,79.32098,159,0,,,,28.67909,29.18709,24.44883
1787109305,27.61959,79.35455,159,0,,,,28.67909,29.25482,24.41496
1787109306,27.56351,79.28893,159,0,,,,28.74682,29.22095,24.41496
1787109306,27.64897,79.4461,159,0,,,,28.71296,29.28868,24.3811
1787109307,27.64897,79.53765,159,0,,,,28.78069,29.15322,24.24583
1787109308,27.63294,79.40948,159,0,,,,28.78069,29.15322,24.3811
1787109308,27.63294,79.44152,159,0,,,,28.67909,29.22095,24.34743
1787109309,27.64897,79.27978,159,0,,,,28.67909,29.08549,24.44883
1787109310,27.67567,79.21263,159,0,,,,28.78069,29.18709,24.3811
1787109310,27.66232,78.95934,159,0,,,,28.74682,29.08549,24.31357
1787109311,27.66232,78.97917,159,0,,,,28.71296,29.15322,24.4827
1787109312,27.66232,78.72129,159,0,,,,28.78069,29.08549,24.44883
1787109312,27.68902,78.62211,159,0,,,,28.71296,29.18709,24.3811
1787109313,27.60624,78.53056,159,0,,,,28.67909,29.25482,24.3811
1787109313,27.77714,78.65415,159,0,,,,28.71296,29.08549,24.31357
1787109314,27.61959,78.5214,159,0,,,,28.71296,29.25482,24.3811
1787109315,27.68902,78.62211,159,0,,,,28.78069,29.25482,24.44883
1787109316,27.63294,78.69382,159,0,,,,28.74682,29.11935,24.4827
1787109316,27.64897,78.90593,159,0,,,,28.64523,29.22095,24.34743
1787109317,27.67567,79.07835,159,0,,,,28.67909,29.05162,24.55023
1787109317,27.55016,79.03716,159,0,,,,28.74682,29.18709,24.34743
1787109318,27.64897,78.88304,159,0,,,,28.78069,29.18709,24.4827
1787109319,27.59022,79.02495,159,0,,,,28.61136,29.18709,24.4827
1787109319,27.67567,78.96391,159,0,,,,28.67909,29.08549,24.34743
1787109320,27.66232,79.03258,159,0,,,,28.64523,29.11935,24.44883
1787109321,27.63294,78.95171,159,0,,,,28.74682,29.15322,24.41496
1787109321,27.64897,78.84184,159,0,,,,28.74682,29.15322,24.41496
1787109322,27.59022,78.77623,159,0,,,,28.71296,29.22095,24.41496
1787109323,27.67567,78.82811,159,0,,,,28.71296,29.39028,24.51636
1787109323,27.60624,78.73655,159,0,,,,28.74682,29.22095,24.21217
1787109324,27.68902,78.57175,159,0,,,,28.67909,29.18709,24.41496
1787109325,27.66232,78.57481,159,0,,,,28.74682,29.28868,24.51636
1787109325,27.64897,78.53971,159,0,,,,28.74682,29.18709,24.44883
1787109326,27.68902,78.48783,159,0,,,,28.67909,29.15322,24.31357
1787109327,27.57687,78.36576,159,0,,,,28.67909,29.11935,24.51636
1787109327,27.66232,78.5214,159,0,,,,28.67909,29.08549,24.44883
1787109328,27.66232,78.439,159,0,,,,28.67909,29.15322,24.51636
1787109329,27.67567,78.64042,159,0,,,,28.78069,29.11935,24.3811
1787109329,27.64897,78.67551,159,0,,,,28.78069,29.18709,24.41496
1787109330,27.66232,78.55344,159,0,,,,28.74682,29.11935,24.3811
1787109331,27.7184,78.66178,159,0,,,,28.71296,29.28868,24.34743
1787109331,27.61959,78.58549,159,0,,,,28.64523,29.25482,24.4827
1787109332,27.64897,78.53056,159,0,,,,28.71296,29.15322,24.34743
1787109333,27.61959,78.5214,159,0,,,,28.61136,29.15322,24.41496
1787109333,27.70504,78.54429,159,0,,,,28.71296,29.15322,24.34743
1787109334,27.66232,78.69993,159,0,,,,28.71296,29.28868,24.41496
1787109335,27.66232,78.69993,159,0,,,,28.67909,29.22095,24.41496
1787109335,27.77714,78.71824,159,0,,,,28.64523,29.22095,24.44883
1787109336,27.64897,78.82201,159,0,,,,28.71296,29.11935,24.4827
1787109337,27.63294,79.05699,159,0,,,,28.71296,29.28868,24.34743
1787109337,27.68902,79.28893,159,0,,,,28.64523,29.32255,24.3811
1787109338,27.67567,79.43084,159,0,,,,28.64523,29.25482,24.34743
1787109339,27.70504,79.50103,159,0,,,,28.64523,29.11935,24.2797
1787109339,27.70504,79.72991,159,0,,,,28.81456,29.28868,24.34743
1787109340,27.7184,79.72381,159,0,,,,28.64523,29.18709,24.34743
1787109341,27.73175,79.6643,159,0,,,,28.67909,29.25482,24.34743
1787109341,27.66232,79.63683,159,0,,,,28.71296,29.28868,24.44883
1787109342,27.68902,79.43542,159,0,,,,28.67909,29.11935,24.41496
1787109343,27.73175,79.42321,159,0,,,,28.78069,29.08549,24.3811
1787109343,27.59022,79.2752,159,0,,,,28.81456,29.22095,24.41496
1787109344,27.74777,79.13786,159,0,,,,28.67909,29.32255,24.31357
1787109345,27.7184,79.03716,159,0,,,,28.67909,29.32255,24.44883
1787109345,27.68902,78.8632,159,0,,,,28.71296,29.11935,24.34743
1787109346,27.57687,78.73045,159,0,,,,28.67909,29.05162,24.4827
1787109347,27.7184,78.76402,159,0,,,,28.78069,29.18709,24.44883
1787109347,27.63294,78.67094,159,0,,,,28.67909,29.28868,24.3811
1787109348,27.67567,78.49393,159,0,,,,28.67909,29.18709,24.41496
1787109349,27.70504,78.33372,159,0,,,,28.71296,29.08549,24.3811
1787109349,27.68902,78.6038,159,0,,,,28.74682,29.28868,24.41496
1787109350,27.70504,78.50156,159,0,,,,28.64523,29.28868,24.4827
1787109351,27.57687,78.75028,159,0,,,,28.67909,29.18709,24.3811
1787109351,27.68902,79.16533,159,0,,,,28.71296,29.22095,24.51636
1787109352,27.70504,79.44915,159,0,,,,28.74682,29.11935,24.41496
1787109353,27.63294,79.54528,159,0,,,,28.71296,29.18709,24.34743
1787109353,27.67567,79.6704,159,0,,,,28.74682,29.35642,24.44883
1787109354,27.59022,79.47356,159,0,,,,28.64523,29.22095,24.34743
1787109355,27.59022,79.65972,159,0,,,,28.78069,29.22095,24.41496
1787109355,27.68902,79.56969,159,0,,,,28.71296,29.32255,24.34743
1787109356,27.59022,79.55596,159,0,,,,28.78069,29.11935,24.41496
1787109357,27.61959,79.44915,159,0,,,,28.67909,29.25482,24.51636
1787109357,27.56351,79.33166,159,0,,,,28.64523,29.25482,24.4827
1787109358,27.57687,79.26147,159,0,,,,28.67909,29.22095,24.4827
1787109358,27.70504,79.13786,159,0,,,,28.67909,29.28868,24.55023
1787109359,27.67567,79.13023,159,0,,,,28.67909,29.08549,24.41496
1787109360,27.7184,79.05699,159,0,,,,28.74682,29.11935,24.3811
1787109360,27.60624,78.91356,159,0,,,,28.71296,29.22095,24.51636
1787109361,27.60624,78.8632,159,0,,,,28.81456,29.32255,24.44883
1787109362,27.60624,78.82201,159,0,,,,28.74682,29.11935,24.34743
1787109362,27.60624,78.8098,159,0,,,,28.71296,29.28868,24.41496
1787109363,27.66232,79.00206,159,0,,,,28.74682,29.15322,24.41496
1787109364,27.68902,79.06157,159,0,,,,28.71296,29.15322,24.4827
1787109364,27.60624,79.13329,159,0,,,,28.71296,29.18709,24.41496
1787109365,27.59022,79.29504,159,0,,,,28.64523,29.11935,24.34743
1787109366,27.68902,79.47662,159,0,,,,28.67909,28.98389,24.44883
1787109366,27.57687,79.50103,159,0,,,,28.67909,29.28868,24.34743
1787109367,27.64897,79.73754,159,0,,,,28.67909,29.15322,24.4827
1787109368,27.64897,79.83063,159,0,,,,28.81456,29.11935,24.41496
1787109368,27.60624,79.98627,159,0,,,,28.64523,29.15322,24.51636
1787109369,27.66232,79.89777,159,0,,,,28.74682,29.25482,24.41496
1787109370,27.70504,79.89777,159,0,,,,28.74682,29.28868,24.55023
1787109370,27.70504,79.89777,159,0,,,,28.61136,29.28868,24.4827
1787109371,27.61959,79.68719,159,0,,,,28.71296,29.15322,24.41496
1787109372,27.64897,79.72533,159,0,,,,28.74682,29.22095,24.3811
1787109372,27.70504,79.80316,159,0,,,,28.74682,29.32255,24.44883
1787109373,27.57687,79.62463,159,0,,,,28.71296,29.18709,24.55023
1787109374,27.74777,79.65972,159,0,,,,28.64523,29.25482,24.4827
1787109374,27.67567,79.57732,159,0,,,,28.78069,29.22095,24.3811
1787109375,27.61959,79.55138,159,0,,,,28.71296,29.15322,24.51636
1787109376,27.63294,79.42168,159,0,,,,28.67909,29.25482,24.4827
1787109376,27.63294,79.44152,159,0,,,,28.71296,29.05162,24.34743
1787109377,27.7184,79.38964,159,0,,,,28.67909,29.18709,24.4827
1787109378,27.70504,79.42779,159,0,,,,28.71296,29.22095,24.41496
1787109378,27.60624,79.32098,159,0,,,,28.71296,29.18709,24.24583
1787109379,27.50744,79.3988,159,0,,,,28.67909,29.15322,24.61796
1787109380,27.60624,79.23552,159,0,,,,28.67909,29.18709,24.4827
1787109380,27.70504,79.44915,159,0,,,,28.71296,29.22095,24.51636
1787109381,27.70504,79.44915,159,0,,,,28.67909,29.22095,24.31357
1787109382,27.68902,79.55901,159,0,,,,28.71296,29.25482,24.41496
1787109382,27.67567,79.49493,159,0,,,,28.71296,29.18709,24.44883
1787109383,27.59022,79.43084,159,0,,,,28.74682,29.18709,24.4827
1787109384,27.63294,79.51476,159,0,,,,28.74682,29.15322,24.3811
1787109384,27.63294,79.51476,159,0,,,,28.64523,29.22095,24.44883
1787109385,27.68902,79.32098,159,0,,,,28.78069,29.08549,24.61796
1787109386,27.7184,79.25384,159,0,,,,28.67909,29.25482,24.51636
1787109386,27.60624,79.20653,159,0,,,,28.81456,29.22095,24.41496
1787109387,27.63294,79.12871,159,0,,,,28.71296,28.98389,24.3811
1787109388,27.70504,79.04326,159,0,,,,28.74682,29.25482,24.34743
1787109388,27.64897,79.05089,159,0,,,,28.74682,29.25482,24.41496
1787109389,27.67567,79.11955,159,0,,,,28.67909,29.18709,24.4827
1787109390,27.57687,78.93797,159,0,,,,28.71296,29.32255,24.34743
1787109390,27.61959,78.87694,159,0,,,,28.74682,29.28868,24.31357
1787109391,27.64897,78.82201,159,0,,,,28.74682,29.28868,24.41496
1787109392,27.61959,78.7396,159,0,,,,28.64523,29.39028,24.4827
1787109392,27.70504,78.71214,159,0,,,,28.64523,29.18709,24.34743
1787109393,27.63294,78.73502,159,0,,,,28.67909,29.11935,24.44883
1787109394,27.60624,78.58091,159,0,,,,28.67909,29.15322,24.44883
1787109394,27.66232,78.50156,159,0,,,,28.74682,29.18709,24.51636
1787109395,27.59022,78.3917,159,0,,,,28.67909,29.22095,24.44883
1787109396,27.64897,78.41611,159,0,,,,28.78069,29.25482,24.44883
1787109396,27.67567,78.34745,159,0,,,,28.71296,29.18709,24.31357
1787109397,27.61959,78.3978,159,0,,,,28.64523,29.22095,24.3811
1787109398,27.56351,78.61143,159,0,,,,28.67909,29.11935,24.34743
1787109398,27.66232,78.6572,159,0,,,,28.64523,29.22095,24.41496
1787109399,27.57687,78.79149,159,0,,,,28.78069,29.18709,24.41496
1787109400,27.61959,78.75028,159,0,,,,28.67909,29.18709,24.51636
1787109400,27.7184,78.89067,159,0,,,,28.78069,29.25482,24.41496
1787109401,27.63294,78.94102,159,0,,,,28.67909,29.15322,24.44883
1787109402,27.63294,78.91966,159,0,,,,28.67909,29.18709,24.3811
1787109402,27.67567,78.97307,159,0,,,,28.67909,29.25482,24.24583
1787109403,27.64897,78.82201,159,0,,,,28.74682,29.32255,24.3811
1787109403,27.61959,78.82353,159,0,,,,28.71296,29.22095,24.41496
1787109404,27.84657,78.99596,159,0,,,,28.67909,29.08549,24.3811
1787109405,27.66232,78.85558,159,0,,,,28.71296,29.28868,24.34743
1787109406,27.66232,78.95018,159,0,,,,28.71296,29.11935,24.51636
1787109406,27.63294,79.04631,159,0,,,,28.74682,29.11935,24.2797
1787109407,27.60624,79.07988,160,0,,,,28.74682,29.18709,24.2797
1787109407,27.7184,79.37133,159,0,,,,28.67909,29.01776,24.4827
1787109408,27.61959,79.43694,159,0,,,,28.71296,29.18709,24.31357
1787109409,27.60624,79.53765,159,0,,,,28.71296,29.18709,24.2797
1787109409,27.7184,79.64141,159,0,,,,28.71296,29.18709,24.4827
1787109410,27.55016,79.47356,159,0,,,,28.71296,29.22095,24.5841
1787109411,27.70504,79.54223,159,0,,,,28.71296,29.05162,24.51636
1787109411,27.57687,79.43694,159,0,,,,28.74682,29.25482,24.44883
1787109412,27.59022,79.26299,159,0,,,,28.74682,29.15322,24.4827
1787109413,27.63294,79.10735,159,0,,,,28.71296,29.18709,24.41496
1787109413,27.73175,79.06157,159,0,,,,28.71296,29.15322,24.2797
1787109414,27.60624,78.99748,159,0,,,,28.74682,29.08549,24.41496
1787109415,27.64897,78.88304,159,0,,,,28.64523,29.15322,24.31357
1787109415,27.7184,78.77623,159,0,,,,28.71296,29.25482,24.44883
1787109416,27.63294,78.54734,159,0,,,,28.71296,29.08549,24.3811
1787109417,27.59022,78.59769,159,0,,,,28.71296,29.18709,24.55023
1787109417,27.63294,78.49393,159,0,,,,28.64523,29.15322,24.44883
1787109418,27.67567,78.46189,159,0,,,,28.67909,29.08549,24.34743
1787109419,27.57687,78.28184,159,0,,,,28.61136,29.22095,24.44883
1787109419,27.70504,78.38865,159,0,,,,28.78069,29.25482,24.44883
1787109420,27.67567,78.32761,159,0,,,,28.67909,29.25482,24.4827
1787109421,27.59022,78.24521,159,0,,,,28.67909,29.28868,24.41496
1787109421,27.63294,78.35966,159,0,,,,28.71296,29.11935,24.41496
1787109422,27.68902,78.1857,159,0,,,,28.71296,29.11935,24.41496
1787109423,27.66232,78.13687,159,0,,,,28.61136,29.25482,24.44883
1787109423,27.55016,78.18265,159,0,,,,28.74682,29.11935,24.51636
1787109424,27.57687,78.10788,159,0,,,,28.67909,29.25482,24.3811
1787109425,27.55016,77.94461,159,0,,,,28.64523,29.18709,24.51636
1787109425,27.53414,77.9202,159,0,,,,28.64523,29.18709,24.51636
1787109426,27.63294,77.97208,159,0,,,,28.64523,29.32255,24.3811
1787109427,27.67567,77.95377,159,0,,,,28.71296,29.28868,24.31357
1787109427,27.64897,77.94766,159,0,,,,28.64523,29.25482,24.3811
1787109428,27.60624,77.8027,159,0,,,,28.74682,29.22095,24.4827
1787109429,27.64897,77.89426,159,0,,,,28.67909,29.08549,24.44883
1787109429,27.56351,77.90646,159,0,,,,28.74682,29.22095,24.41496
1787109430,27.63294,77.80728,159,0,,,,28.71296,29.15322,24.3811
1787109431,27.64897,77.89426,159,0,,,,28.74682,29.08549,24.44883
1787109431,27.63294,77.86069,159,0,,,,28.61136,29.15322,24.3811
1787109432,27.67567,77.94308,159,0,,,,28.78069,29.25482,24.41496
1787109433,27.66232,77.83475,159,0,,,,28.67909,29.35642,24.4827
1787109433,27.67567,77.80728,159,0,,,,28.71296,29.32255,24.44883
1787109434,27.68902,77.91562,159,0,,,,28.64523,29.18709,24.34743
1787109435,27.70504,78.34592,159,0,,,,28.74682,29.22095,24.4827
1787109435,27.66232,78.58549,159,0,,,,28.74682,29.18709,24.41496
1787109436,27.7184,79.05699,159,0,,,,28.78069,29.15322,24.44883
1787109437,27.74777,79.33624,159,0,,,,28.64523,29.15322,24.41496
1787109437,27.61959,79.37591,159,0,,,,28.67909,29.15322,24.41496
1787109438,27.60624,79.59106,159,0,,,,28.71296,29.18709,24.3811
1787109439,27.61959,79.78333,159,0,,,,28.74682,29.22095,24.4827
1787109439,27.66232,79.97101,159,0,,,,28.64523,29.15322,24.31357
1787109440,27.74777,80.11749,159,0,,,,28.71296,29.22095,24.3811
1787109441,27.67567,80.02289,159,0,,,,28.67909,29.18709,24.44883
1787109441,27.63294,79.97253,159,0,,,,28.67909,29.11935,24.41496
1787109442,27.66232,79.81537,159,0,,,,28.84842,29.05162,24.3811
1787109443,27.67567,79.66125,159,0,,,,28.61136,29.22095,24.41496
1787109443,27.66232,79.60479,159,0,,,,28.71296,29.18709,24.3811
1787109444,27.7184,79.46288,159,0,,,,28.74682,29.22095,24.44883
1787109445,27.66232,79.43999,159,0,,,,28.74682,29.22095,24.44883
1787109445,27.47807,79.23552,159,0,,,,28.71296,29.18709,24.4827
1787109446,27.67567,79.32708,159,0,,,,28.71296,29.22095,24.4827
1787109447,27.70504,79.1165,159,0,,,,28.71296,29.28868,24.55023
1787109447,27.68902,79.01884,159,0,,,,28.67909,29.18709,24.51636
1787109448,27.56351,78.99748,159,0,,,,28.71296,29.18709,24.4827
1787109448,27.70504,78.86778,159,0,,,,28.78069,29.18709,24.34743
1787109449,27.57687,78.72129,159,0,,,,28.71296,29.22095,24.41496
1787109450,27.59022,78.62974,159,0,,,,28.71296,29.15322,24.34743
1787109450,27.74777,78.62669,159,0,,,,28.71296,29.15322,24.41496
1787109451,27.61959,78.34592,159,0,,,,28.67909,29.15322,24.41496
1787109452,27.61959,78.32456,159,0,,,,28.74682,29.22095,24.31357
1787109452,27.64897,78.26963,159,0,,,,28.67909,29.11935,24.3811
1787109453,27.56351,78.22842,159,0,,,,28.71296,29.18709,24.3811
1787109454,27.60624,78.12314,159,0,,,,28.71296,29.18709,24.4827
1787109454,27.66232,78.15823,159,0,,,,28.71296,29.18709,24.5841
1787109455,27.67567,78.10025,159,0,,,,28.74682,29.18709,24.2797
1787109456,27.61959,78.24216,159,0,,,,28.74682,29.08549,24.4827
1787109456,27.67567,77.95377,159,0,,,,28.71296,29.22095,24.55023
1787109457,27.63294,78.20401,159,0,,,,28.71296,29.22095,24.34743
1787109458,27.61959,78.08652,159,0,,,,28.67909,29.25482,24.31357
1787109458,27.63294,78.05753,159,0,,,,28.67909,29.18709,24.4827
1787109459,27.64897,78.12619,159,0,,,,28.74682,29.25482,24.44883
1787109460,27.60624,78.1033,159,0,,,,28.74682,29.28868,24.3811
1787109460,27.59022,78.11856,159,0,,,,28.78069,29.08549,24.4827
1787109461,27.66232,78.07584,159,0,,,,28.71296,29.15322,24.31357
1787109462,27.64897,78.17654,159,0,,,,28.74682,29.08549,24.51636
1787109462,27.67567,78.12161,159,0,,,,28.74682,29.22095,24.44883
1787109463,27.67567,78.2971,159,0,,,,28.71296,29.15322,24.3811
1787109464,27.64897,78.22842,159,0,,,,28.67909,29.25482,24.34743
1787109464,27.67567,78.30625,159,0,,,,28.78069,29.18709,24.41496
1787109465,27.68902,78.21774,159,0,,,,28.71296,29.15322,24.41496
1787109466,27.63294,78.35966,159,0,,,,28.71296,29.22095,24.51636
1787109466,27.61959,78.26353,159,0,,,,28.61136,29.08549,24.41496
1787109467,27.56351,78.23758,159,0,,,,28.74682,29.35642,24.41496
1787109468,27.64897,78.04074,159,0,,,,28.74682,29.22095,24.34743
1787109468,27.61959,78.05447,159,0,,,,28.71296,29.22095,24.24583
1787109469,27.66232,78.14603,159,0,,,,28.67909,29.11935,24.34743
1787109470,27.61959,78.08652,159,0,,,,28.78069,29.18709,24.51636
1787109470,27.63294,78.00412,159,0,,,,28.71296,29.22095,24.4827
1787109471,27.68902,78.01785,159,0,,,,28.67909,29.25482,24.51636
1787109472,27.63294,77.98428,159,0,,,,28.71296,29.15322,24.2797
1787109472,27.7184,77.84848,159,0,,,,28.78069,29.15322,24.4827
1787109473,27.61959,77.94003,159,0,,,,28.71296,29.25482,24.31357
1787109474,27.67567,77.92172,159,0,,,,28.74682,29.15322,24.44883
1787109474,27.63294,78.02548,159,0,,,,28.67909,29.18709,24.41496
1787109475,27.59022,78.00412,160,0,,,,28.67909,29.18709,24.3811
1787109476,27.60624,78.13229,159,0,,,,28.74682,29.08549,24.41496
1787109476,27.64897,78.07278,159,0,,,,28.78069,29.22095,24.2797
1787109477,27.64897,78.1033,159,0,,,,28.61136,29.25482,24.41496
1787109478,27.61959,78.17807,159,0,,,,28.71296,29.18709,24.34743
1787109478,27.68902,78.1857,159,0,,,,28.61136,29.11935,24.41496
1787109479,27.64897,78.33219,159,0,,,,28.78069,29.18709,24.4827
1787109480,27.63294,78.4741,159,0,,,,28.81456,29.15322,24.34743
1787109480,27.64897,78.56107,159,0,,,,28.71296,29.28868,24.55023
1787109481,27.61959,78.82353,159,0,,,,28.71296,29.05162,24.41496
1787109482,27.61959,78.59464,159,0,,,,28.67909,29.18709,24.51636
1787109482,27.67567,78.70298,159,0,,,,28.84842,29.22095,24.4827
1787109483,27.64897,78.8098,159,0,,,,28.74682,29.22095,24.4827
1787109484,27.68902,78.7686,159,0,,,,28.74682,29.11935,24.41496
1787109484,27.63294,78.76402,159,0,,,,28.67909,29.25482,24.44883
1787109485,27.67567,78.71366,159,0,,,,28.74682,29.15322,24.44883
1787109486,27.68902,78.66331,159,0,,,,28.71296,29.28868,24.31357
1787109486,27.64897,78.57175,159,0,,,,28.71296,29.11935,24.4827
1787109487,27.56351,78.39323,160,0,,,,28.67909,29.08549,24.44883
1787109488,27.63294,78.37949,159,0,,,,28.67909,29.28868,24.4827
1787109488,27.60624,78.1857,159,0,,,,28.74682,29.22095,24.41496
1787109489,27.63294,78.1506,159,0,,,,28.71296,29.18709,24.31357
1787109490,27.57687,78.06363,159,0,,,,28.74682,29.15322,24.41496
1787109490,27.61959,78.01175,159,0,,,,28.81456,29.15322,24.2797
1787109491,27.64897,77.89426,159,0,,,,28.78069,29.25482,24.3811
1787109492,27.7184,77.90189,159,0,,,,28.81456,29.18709,24.4827
1787109492,27.66232,77.95224,159,0,,,,28.67909,29.28868,24.3811
1787109493,27.70504,77.94003,159,0,,,,28.71296,29.18709,24.4827
1787109493,27.70504,77.80576,159,0,,,,28.64523,29.15322,24.3811
1787109494,27.66232,77.88815,159,0,,,,28.71296,29.22095,24.4827
1787109495,27.56351,77.80118,159,0,,,,28.61136,29.15322,24.44883
1787109496,27.64897,77.75082,159,0,,,,28.71296,28.98389,24.41496
1787109496,27.60624,77.79202,159,0,,,,28.64523,29.25482,24.5841
1787109497,27.60624,77.9263,159,0,,,,28.67909,29.22095,24.41496
1787109497,27.60624,77.77066,159,0,,,,28.71296,29.22095,24.3811
1787109498,27.57687,77.74166,159,0,,,,28.74682,29.25482,24.44883
1787109499,27.60624,77.85306,159,0,,,,28.71296,29.22095,24.34743
1787109499,27.63294,77.88968,159,0,,,,28.71296,29.28868,24.3811
1787109500,27.57687,77.75235,159,0,,,,28.64523,29.35642,24.34743
1787109501,27.67567,77.84848,159,0,,,,28.71296,29.22095,24.3811
1787109501,27.63294,77.78745,159,0,,,,28.78069,29.22095,24.31357
1787109502,27.55016,77.7966,159,0,,,,28.67909,29.28868,24.44883
1787109503,27.63294,77.7554,159,0,,,,28.67909,29.18709,24.41496
1787109503,27.52079,77.66537,159,0,,,,28.71296,29.18709,24.44883
1787109504,27.53414,77.75235,159,0,,,,28.67909,29.28868,24.44883
1787109505,27.57687,77.71114,159,0,,,,28.71296,29.35642,24.44883
1787109505,27.60624,77.59212,159,0,,,,28.71296,29.15322,24.3811
1787109506,27.59022,77.50515,159,0,,,,28.61136,29.25482,24.34743
1787109507,27.57687,77.70046,159,0,,,,28.71296,29.11935,24.34743
1787109507,27.57687,77.49142,159,0,,,,28.78069,29.18709,24.21217
1787109508,27.63294,77.59975,159,0,,,,28.71296,29.18709,24.41496
1787109509,27.63294,77.61959,159,0,,,,28.64523,29.25482,24.31357
1787109509,27.61959,77.56466,159,0,,,,28.78069,29.25482,24.3811
1787109510,27.64897,77.36324,159,0,,,,28.74682,29.15322,24.44883
1787109511,27.61959,77.57687,159,0,,,,28.64523,29.25482,24.4827
1787109511,27.57687,77.44106,159,0,,,,28.74682,29.11935,24.4827
1787109512,27.68902,77.55093,159,0,,,,28.67909,29.11935,24.41496
1787109513,27.50744,77.48531,159,0,,,,28.67909,29.22095,24.4827
1787109513,27.61959,77.50057,159,0,,,,28.74682,29.15322,24.34743
1787109514,27.68902,77.52804,159,0,,,,28.64523,29.11935,24.44883
1787109515,27.66232,77.48226,159,0,,,,28.74682,29.18709,24.41496
1787109515,27.67567,77.68215,159,0,,,,28.71296,29.22095,24.51636
1787109516,27.60624,77.75082,159,0,,,,28.67909,29.18709,24.34743
1787109517,27.63294,78.01633,159,0,,,,28.67909,29.22095,24.3811
1787109517,27.70504,78.12772,159,0,,,,28.74682,29.18709,24.41496
1787109518,27.68902,78.33219,159,0,,,,28.88229,29.18709,24.41496
1787109519,27.70504,78.50156,159,0,,,,28.78069,29.25482,24.3811
1787109519,27.7184,78.69382,159,0,,,,28.67909,29.18709,24.2797
1787109520,27.74777,78.87694,159,0,,,,28.74682,29.28868,24.55023
1787109521,27.63294,78.93187,159,0,,,,28.74682,29.22095,24.44883
1787109521,27.64897,79.07072,159,0,,,,28.74682,29.22095,24.51636
1787109522,27.7184,79.19279,159,0,,,,28.71296,29.15322,24.41496
1787109523,27.67567,79.19279,159,0,,,,28.61136,29.18709,24.55023
1787109523,27.64897,79.12413,159,0,,,,28.67909,29.32255,24.41496
1787109524,27.66232,79.1989,159,0,,,,28.74682,29.18709,24.41496
1787109525,27.61959,79.11497,159,0,,,,28.74682,29.11935,24.41496
1787109525,27.67567,78.93187,159,0,,,,28.64523,29.22095,24.3811
1787109526,27.60624,78.78996,159,0,,,,28.78069,29.18709,24.34743
1787109527,27.63294,78.73502,159,0,,,,28.64523,29.08549,24.41496
1787109527,27.73175,78.67551,159,0,,,,28.74682,29.18709,24.24583
1787109528,27.57687,78.63584,159,0,,,,28.74682,29.22095,24.3811
1787109529,27.67567,78.28794,159,0,,,,28.71296,29.18709,24.4827
1787109529,27.70504,78.35661,159,0,,,,28.64523,29.15322,24.34743
1787109530,27.70504,78.28336,159,0,,,,28.71296,29.18709,24.41496
1787109531,27.63294,78.21317,159,0,,,,28.67909,29.28868,24.3811
1787109531,27.68902,78.17654,159,0,,,,28.71296,29.28868,24.3811
1787109532,27.67567,78.03616,159,0,,,,28.67909,29.28868,24.31357
1787109533,27.64897,77.97665,159,0,,,,28.67909,29.11935,24.34743
1787109533,27.67567,77.84848,159,0,,,,28.71296,29.15322,24.2797
1787109534,27.61959,77.86679,159,0,,,,28.78069,29.25482,24.41496
1787109535,27.66232,77.73251,159,0,,,,28.71296,29.15322,24.44883
1787109535,27.63294,77.97208,159,0,,,,28.67909,29.18709,24.31357
1787109536,27.64897,77.98886,159,0,,,,28.64523,29.25482,24.65183
1787109537,27.70504,78.08652,159,0,,,,28.64523,29.18709,24.44883
1787109537,27.59022,78.07736,159,0,,,,28.67909,29.32255,24.34743
1787109538,27.60624,78.15518,159,0,,,,28.61136,29.28868,24.41496
1787109538,27.67567,78.10941,159,0,,,,28.74682,29.08549,24.3811
1787109539,27.73175,78.17654,159,0,,,,28.74682,29.05162,24.51636
1787109540,27.70504,78.11703,159,0,,,,28.64523,29.15322,24.51636
1787109540,27.59022,78.05753,159,0,,,,28.67909,29.18709,24.34743
1787109541,27.66232,77.95224,159,0,,,,28.74682,29.25482,24.41496
1787109542,27.63294,78.21317,159,0,,,,28.67909,29.11935,24.3811
1787109542,27.68902,78.1033,159,0,,,,28.71296,29.22095,24.34743
1787109543,27.64897,78.40543,159,0,,,,28.74682,29.18709,24.44883
1787109544,27.61959,78.73197,159,0,,,,28.64523,29.18709,24.41496
1787109544,27.7184,79.01579,159,0,,,,28.71296,29.15322,24.3811
1787109545,27.73175,79.09209,159,0,,,,28.78069,29.15322,24.4827
1787109546,27.60624,79.18517,159,0,,,,28.74682,29.22095,24.4827
1787109546,27.53414,79.10582,159,0,,,,28.67909,29.18709,24.51636
1787109547,27.7184,79.13939,159,0,,,,28.71296,29.15322,24.41496
1787109548,27.7184,78.99596,159,0,,,,28.67909,29.05162,24.55023
1787109548,27.67567,78.99596,159,0,,,,28.74682,29.25482,24.44883
1787109549,27.61959,78.8037,159,0,,,,28.71296,29.08549,24.44883
1787109550,27.63294,78.68162,159,0,,,,28.67909,29.25482,24.2797
1787109550,27.60624,78.75792,159,0,,,,28.71296,29.18709,24.44883
1787109551,27.59022,78.80522,159,0,,,,28.71296,29.05162,24.41496
1787109552,27.74777,78.83574,159,0,,,,28.78069,29.15322,24.51636
1787109552,27.68902,78.79912,159,0,,,,28.71296,29.11935,24.41496
1787109553,27.66232,78.64805,159,0,,,,28.64523,29.18709,24.3811
1787109554,27.64897,78.63432,159,0,,,,28.71296,29.25482,24.3811
1787109554,27.63294,78.60838,159,0,,,,28.71296,29.18709,24.41496
1787109555,27.59022,78.57938,159,0,,,,28.71296,29.18709,24.41496
1787109556,27.74777,78.53361,159,0,,,,28.64523,29.15322,24.4827
1787109556,27.67567,78.3917,159,0,,,,28.74682,29.15322,24.41496
1787109557,27.68902,78.23758,159,0,,,,28.78069,29.18709,24.31357
1787109558,27.55016,78.37949,159,0,,,,28.71296,29.08549,24.3811
1787109558,27.57687,78.23148,159,0,,,,28.67909,29.32255,24.4827
1787109559,27.55016,78.30625,159,0,,,,28.78069,29.15322,24.44883
1787109560,27.60624,78.23758,159,0,,,,28.78069,29.08549,24.4827
1787109560,27.57687,78.25132,159,0,,,,28.74682,29.35642,24.24583
1787109561,27.57687,78.17807,159,0,,,,28.67909,29.22095,24.4827
1787109562,27.56351,78.16434,159,0,,,,28.64523,29.25482,24.55023
1787109562,27.63294,78.2559,159,0,,,,28.74682,29.25482,24.44883
1787109563,27.60624,78.41611,159,0,,,,28.64523,29.11935,24.2797
1787109564,27.67567,78.41154,159,0,,,,28.67909,29.11935,24.51636
1787109564,27.70504,78.33372,159,0,,,,28.67909,29.11935,24.4827
1787109565,27.56351,78.29099,159,0,,,,28.67909,29.28868,24.3811
1787109566,27.61959,78.21011,159,0,,,,28.74682,29.25482,24.44883
1787109566,27.73175,78.13535,159,0,,,,28.64523,29.25482,24.31357
1787109567,27.59022,78.20401,159,0,,,,28.74682,29.15322,24.51636
1787109568,27.64897,78.13229,159,0,,,,28.74682,29.15322,24.2797
1787109568,27.66232,78.06363,159,0,,,,28.71296,29.25482,24.41496
1787109569,27.56351,77.94766,159,0,,,,28.71296,29.15322,24.4827
1787109570,27.55016,77.96292,159,0,,,,28.74682,29.18709,24.44883
1787109570,27.57687,77.90799,159,0,,,,28.71296,29.18709,24.2797
1787109571,27.59022,77.93393,159,0,,,,28.67909,29.05162,24.71936
1787109572,27.60624,77.83322,159,0,,,,28.67909,29.25482,24.41496
1787109572,27.68902,77.9263,159,0,,,,28.78069,29.15322,24.3811
1787109573,27.55016,77.99496,159,0,,,,28.71296,29.08549,24.41496
1787109574,27.70504,77.88815,159,0,,,,28.71296,29.22095,24.41496
1787109574,27.67567,77.81949,159,0,,,,28.71296,29.05162,24.24583
1787109575,27.66232,77.86679,159,0,,,,28.71296,29.18709,24.4827
1787109576,27.68902,77.95682,159,0,,,,28.71296,29.15322,24.41496
1787109576,27.56351,77.77066,159,0,,,,28.74682,29.25482,24.2797
1787109577,27.61959,77.88815,159,0,,,,28.67909,29.28868,24.4827
1787109578,27.57687,77.77371,159,0,,,,28.74682,29.28868,24.41496
1787109578,27.59022,77.91257,159,0,,,,28.74682,29.25482,24.3811
1787109579,27.61959,77.89883,159,0,,,,28.64523,29.18709,24.44883
1787109580,27.60624,77.77982,159,0,,,,28.78069,29.25482,24.44883
1787109580,27.66232,77.79355,159,0,,,,28.67909,29.22095,24.44883
1787109581,27.64897,77.63638,159,0,,,,28.67909,29.28868,24.41496
1787109581,27.60624,77.63638,159,0,,,,28.71296,29.18709,24.44883
1787109582,27.66232,77.66842,159,0,,,,28.71296,29.18709,24.3811
1787109583,27.67567,77.73403,159,0,,,,28.71296,29.15322,24.4827
1787109583,27.60624,77.64553,159,0,,,,28.71296,29.11935,24.51636
1787109584,27.57687,77.61806,159,0,,,,28.71296,29.18709,24.51636
1787109585,27.63294,77.5906,159,0,,,,28.71296,29.32255,24.2797
1787109586,27.55016,77.52651,159,0,,,,28.67909,29.25482,24.55023
1787109586,27.64897,77.48989,160,0,,,,28.67909,29.18709,24.55023
1787109587,27.55016,77.50515,159,0,,,,28.71296,29.18709,24.51636
1787109587,27.63294,77.57839,159,0,,,,28.74682,29.25482,24.51636
1787109588,27.66232,77.53262,159,0,,,,28.64523,29.22095,24.44883
1787109589,27.59022,77.43191,159,0,,,,28.81456,29.11935,24.41496
1787109589,27.70504,77.58602,159,0,,,,28.74682,29.22095,24.31357
1787109590,27.60624,77.45785,159,0,,,,28.78069,29.25482,24.41496
1787109591,27.64897,77.43649,159,0,,,,28.67909,29.18709,24.41496
1787109591,27.60624,77.45785,159,0,,,,28.67909,29.22095,24.3811
1787109592,27.59022,77.44411,159,0,,,,28.71296,29.15322,24.4827
1787109593,27.60624,77.49905,159,0,,,,28.67909,29.11935,24.4827
1787109593,27.61959,77.46243,159,0,,,,28.67909,29.32255,24.5841
1787109594,27.56351,77.46853,159,0,,,,28.67909,29.32255,24.4827
1787109595,27.7184,77.46395,159,0,,,,28.74682,29.25482,24.51636
1787109595,27.7184,77.4548,159,0,,,,28.67909,29.32255,24.4827
1787109596,27.63294,77.54635,159,0,,,,28.78069,29.01776,24.51636
1787109597,27.64897,77.50973,160,0,,,,28.64523,29.22095,24.2797
1787109597,27.59022,77.23506,159,0,,,,28.71296,29.11935,24.31357
1787109598,27.61959,77.50057,159,0,,,,28.67909,29.05162,24.41496
1787109599,27.67567,77.52651,159,0,,,,28.67909,29.32255,24.44883
1787109599,27.60624,77.40444,159,0,,,,28.71296,29.28868,24.34743
1787109600,27.52079,77.32204,159,0,,,,28.71296,29.18709,24.41496
1787109601,27.66232,77.49447,159,0,,,,28.71296,29.25482,24.44883
1787109601,27.68902,77.50973,159,0,,,,28.74682,29.15322,24.41496
1787109602,27.59022,77.5906,159,0,,,,28.67909,29.18709,24.24583
1787109603,27.68902,77.60433,159,0,,,,28.71296,29.18709,24.4827
1787109603,27.61959,77.65011,159,0,,,,28.74682,29.22095,24.41496
1787109604,27.68902,77.70657,159,0,,,,28.67909,29.25482,24.3811
1787109605,27.66232,77.74166,159,0,,,,28.71296,29.22095,24.44883
1787109605,27.64897,77.83322,159,0,,,,28.84842,29.18709,24.31357
1787109606,27.68902,77.82101,159,0,,,,28.71296,29.15322,24.34743
1787109607,27.61959,77.79355,159,0,,,,28.67909,29.15322,24.3811
1787109607,27.57687,77.76456,159,0,,,,28.67909,29.25482,24.34743
1787109608,27.66232,77.90799,159,0,,,,28.64523,29.32255,24.3811
1787109609,27.57687,77.86679,159,0,,,,28.71296,29.18709,24.3811
1787109609,27.61959,77.94003,159,0,,,,28.71296,29.15322,24.51636
1787109610,27.64897,77.82101,159,0,,,,28.71296,29.32255,24.41496
1787109611,27.59022,77.78745,159,0,,,,28.71296,29.18709,24.34743
1787109611,27.68902,77.84238,159,0,,,,28.61136,29.22095,24.2797
1787109612,27.67567,77.88052,159,0,,,,28.67909,29.15322,24.2797
1787109613,27.63294,77.79813,159,0,,,,28.71296,29.15322,24.34743
1787109613,27.59022,77.7554,159,0,,,,28.74682,29.08549,24.34743
1787109614,27.64897,77.75082,159,0,,,,28.74682,29.28868,24.51636
1787109615,27.73175,77.66537,159,0,,,,28.67909,29.22095,24.3811
1787109615,27.67567,77.70199,159,0,,,,28.67909,29.25482,24.4827
1787109616,27.56351,77.67452,159,0,,,,28.71296,29.18709,24.34743
1787109617,27.68902,77.69588,159,0,,,,28.71296,29.15322,24.3811
1787109617,27.61959,77.6791,159,0,,,,28.78069,29.11935,24.51636
1787109618,27.64897,77.59212,159,0,,,,28.67909,29.18709,24.4827
1787109619,27.68902,77.57229,159,0,,,,28.64523,29.18709,24.41496
1787109619,27.67567,77.61959,159,0,,,,28.67909,29.15322,24.41496
1787109620,27.64897,77.57229,159,0,,,,28.71296,29.22095,24.34743
1787109621,27.60624,77.53109,159,0,,,,28.64523,29.15322,24.41496
1787109621,27.67567,77.5082,159,0,,,,28.64523,29.22095,24.34743
1787109622,27.66232,77.55398,159,0,,,,28.71296,29.15322,24.51636
1787109623,27.67567,77.46395,159,0,,,,28.71296,29.28868,24.55023
1787109623,27.57687,77.58602,159,0,,,,28.71296,29.18709,24.51636
1787109624,27.64897,77.54025,159,0,,,,28.67909,29.15322,24.3811
1787109625,27.56351,77.55093,159,0,,,,28.71296,29.08549,24.5841
1787109625,27.59022,77.61044,159,0,,,,28.71296,29.05162,24.41496
1787109626,27.61959,77.44106,159,0,,,,28.74682,29.32255,24.2797
1787109626,27.67567,77.69283,159,0,,,,28.67909,29.05162,24.4827
1787109627,27.61959,77.52346,159,0,,,,28.71296,29.28868,24.44883
1787109628,27.67567,77.86069,159,0,,,,28.74682,29.18709,24.44883
1787109628,27.63294,78.06821,159,0,,,,28.74682,29.25482,24.4827
1787109629,27.67567,78.37034,159,0,,,,28.67909,29.11935,24.31357
1787109630,27.66232,78.63584,159,0,,,,28.64523,29.11935,24.55023
1787109630,27.67567,78.75487,159,0,,,,28.67909,29.18709,24.3811
1787109631,27.57687,78.81438,159,0,,,,28.74682,29.15322,24.51636
1787109632,27.68902,78.70756,159,0,,,,28.74682,29.15322,24.34743
1787109632,27.73175,78.7686,159,0,,,,28.67909,29.15322,24.34743
1787109633,27.61959,78.6572,159,0,,,,28.64523,29.05162,24.51636
1787109634,27.64897,78.56107,159,0,,,,28.67909,29.15322,24.44883
1787109634,27.66232,78.54429,159,0,,,,28.67909,29.22095,24.44883
1787109635,27.66232,78.439,159,0,,,,28.64523,29.22095,24.44883
1787109636,27.60624,78.33219,159,0,,,,28.71296,29.22095,24.4827
1787109636,27.59022,78.15976,159,0,,,,28.71296,29.15322,24.41496
1787109637,27.64897,78.1857,159,0,,,,28.67909,29.25482,24.41496
1787109638,27.61959,78.13687,159,0,,,,28.67909,29.35642,24.44883
1787109638,27.61959,78.04379,159,0,,,,28.64523,29.22095,24.3811
1787109639,27.67567,78.08957,159,0,,,,28.64523,29.11935,24.55023
1787109640,27.73175,78.01785,159,0,,,,28.71296,29.22095,24.4827
1787109640,27.63294,77.81644,159,0,,,,28.64523,29.35642,24.34743
1787109641,27.64897,77.86221,159,0,,,,28.67909,29.18709,24.44883
1787109642,27.67567,77.72488,159,0,,,,28.71296,29.11935,24.55023
1787109642,27.63294,77.8378,159,0,,,,28.67909,29.18709,24.44883
1787109643,27.64897,78.0087,159,0,,,,28.71296,29.39028,24.44883
1787109644,27.73175,78.21774,159,0,,,,28.67909,29.05162,24.3811
1787109644,27.63294,78.42374,159,0,,,,28.67909,29.18709,24.51636
1787109645,27.67567,78.62058,159,0,,,,28.71296,29.28868,24.41496
1787109646,27.63294,78.48325,159,0,,,,28.71296,29.15322,24.41496
1787109646,27.60624,78.62211,159,0,,,,28.64523,29.11935,24.34743
1787109647,27.60624,78.53056,160,0,,,,28.78069,29.15322,24.44883
1787109648,27.64897,78.30015,159,0,,,,28.71296,29.22095,24.3811
1787109648,27.59022,78.24521,159,0,,,,28.74682,29.15322,24.41496
1787109649,27.68902,78.36423,159,0,,,,28.71296,29.25482,24.3811
1787109650,27.7184,78.08957,159,0,,,,28.64523,29.15322,24.44883
1787109650,27.68902,78.09415,159,0,,,,28.71296,29.18709,24.4827
1787109651,27.68902,78.09415,159,0,,,,28.64523,29.08549,24.41496
1787109652,27.61959,77.87595,159,0,,,,28.71296,29.25482,24.3811
1787109652,27.61959,77.9614,159,0,,,,28.74682,29.11935,24.44883
1787109653,27.70504,78.10788,159,0,,,,28.67909,29.25482,24.3811
1787109654,27.76379,78.22385,159,0,,,,28.71296,29.22095,24.3811
1787109654,27.66232,78.32456,159,0,,,,28.78069,29.11935,24.44883
1787109655,27.64897,78.33219,159,0,,,,28.71296,29.05162,24.4827
1787109656,27.66232,78.54429,159,0,,,,28.71296,29.15322,24.44883
1787109656,27.60624,78.64347,160,0,,,,28.71296,29.18709,24.44883
1787109657,27.56351,78.63432,159,0,,,,28.67909,29.22095,24.4827
1787109658,27.64897,78.7396,159,0,,,,28.74682,29.15322,24.41496
1787109658,27.74777,78.68009,159,0,,,,28.74682,29.18709,24.34743
1787109659,27.59022,78.71366,159,0,,,,28.74682,29.25482,24.41496
1787109660,27.67567,78.56718,159,0,,,,28.71296,29.18709,24.3811
1787109660,27.61959,78.50156,159,0,,,,28.71296,29.32255,24.41496
1787109661,27.63294,78.46189,159,0,,,,28.71296,29.18709,24.1783
1787109662,27.66232,78.24216,159,0,,,,28.64523,29.11935,24.4827
1787109662,27.61959,78.27421,159,0,,,,28.71296,29.15322,24.5841
1787109663,27.73175,78.21774,159,0,,,,28.71296,29.11935,24.4827
1787109664,27.64897,78.30015,159,0,,,,28.74682,29.28868,24.41496
1787109664,27.59022,78.17197,159,0,,,,28.67909,29.22095,24.44883
1787109665,27.66232,78.35661,159,0,,,,28.67909,29.25482,24.41496
1787109666,27.59022,78.59769,159,0,,,,28.71296,29.18709,24.3811
1787109666,27.67567,78.80827,159,0,,,,28.71296,29.11935,24.41496
1787109667,27.74777,79.0341,159,0,,,,28.74682,29.25482,24.44883
1787109668,27.68902,79.09209,159,0,,,,28.74682,29.28868,24.41496
1787109668,27.74777,79.05547,159,0,,,,28.71296,29.28868,24.44883
1787109669,27.63294,78.96391,159,0,,,,28.64523,29.28868,24.41496
1787109670,27.64897,78.9456,159,0,,,,28.71296,29.25482,24.2797
1787109670,27.66232,78.87694,159,0,,,,28.64523,29.22095,24.4827
1787109671,27.61959,78.90593,159,0,,,,28.71296,29.22095,24.51636
1787109671,27.67567,78.81743,159,0,,,,28.67909,29.08549,24.44883
1787109672,27.67567,78.75487,159,0,,,,28.64523,29.11935,24.41496
1787109673,27.60624,78.64347,159,0,,,,28.67909,29.18709,24.3811
1787109673,27.68902,78.67551,159,0,,,,28.71296,29.22095,24.3811
1787109674,27.56351,78.62211,159,0,,,,28.71296,29.15322,24.3811
1787109675,27.55016,78.55802,159,0,,,,28.71296,29.11935,24.31357
1787109675,27.57687,78.59464,159,0,,,,28.67909,29.11935,24.34743
1787109676,27.59022,78.61753,159,0,,,,28.71296,29.18709,24.44883
1787109677,27.59022,78.54734,159,0,,,,28.81456,29.08549,24.51636
1787109677,27.68902,78.58091,159,0,,,,28.64523,29.15322,24.3811
1787109678,27.60624,78.36423,159,0,,,,28.74682,29.15322,24.44883
1787109679,27.63294,78.45274,159,0,,,,28.67909,29.15322,24.34743
1787109679,27.70504,78.36576,159,0,,,,28.74682,29.25482,24.4827
1787109680,27.57687,78.11703,159,0,,,,28.78069,29.15322,24.34743
1787109681,27.64897,78.1857,159,0,,,,28.71296,29.18709,24.31357
1787109681,27.64897,78.12619,159,0,,,,28.74682,29.32255,24.41496
1787109682,27.60624,78.07278,159,0,,,,28.67909,29.28868,24.4827
1787109683,27.61959,77.95224,159,0,,,,28.74682,29.15322,24.51636
1787109683,27.59022,77.82864,159,0,,,,28.67909,29.15322,24.4827
1787109684,27.64897,78.03006,159,0,,,,28.61136,29.25482,24.4827
1787109685,27.63294,77.81644,159,0,,,,28.67909,29.22095,24.41496
1787109685,27.57687,77.83475,159,0,,,,28.67909,29.11935,24.41496
1787109686,27.60624,77.86221,159,0,,,,28.71296,29.28868,24.4827
1787109687,27.55016,77.86069,159,0,,,,28.71296,29.25482,24.51636
1787109687,27.60624,77.82101,159,0,,,,28.71296,29.25482,24.41496
1787109688,27.67567,77.99496,159,0,,,,28.71296,29.18709,24.21217
1787109689,27.56351,78.0087,159,0,,,,28.64523,29.22095,24.4827
1787109689,27.60624,78.20859,159,0,,,,28.67909,29.11935,24.41496
1787109690,27.68902,78.39323,159,0,,,,28.74682,29.18709,24.34743
1787109691,27.7184,78.40238,159,0,,,,28.67909,29.39028,24.44883
1787109691,27.66232,78.53361,159,0,,,,28.64523,29.25482,24.51636
1787109692,27.57687,78.36576,159,0,,,,28.71296,29.05162,24.3811
1787109693,27.68902,78.38407,159,0,,,,28.67909,29.22095,24.3811
1787109693,27.63294,78.28642,159,0,,,,28.74682,29.25482,24.2797
1787109694,27.60624,78.20859,159,0,,,,28.71296,29.22095,24.51636
1787109695,27.68902,78.08194,159,0,,,,28.74682,29.22095,24.51636
1787109695,27.66232,78.12772,159,0,,,,28.67909,29.22095,24.41496
1787109696,27.68902,78.0621,159,0,,,,28.78069,29.25482,24.41496
1787109697,27.74777,78.02243,160,0,,,,28.67909,29.25482,24.44883
1787109697,27.63294,77.93393,159,0,,,,28.64523,29.15322,24.41496
1787109698,27.60624,78.0087,159,0,,,,28.74682,29.22095,24.4827
1787109699,27.67567,77.95377,159,0,,,,28.71296,29.15322,24.41496
1787109699,27.66232,77.77371,159,0,,,,28.67909,29.08549,24.41496
1787109700,27.63294,77.82864,159,0,,,,28.67909,29.15322,24.55023
1787109701,27.63294,77.76608,159,0,,,,28.67909,29.18709,24.44883
1787109701,27.60624,77.70657,159,0,,,,28.71296,29.25482,24.4827
1787109702,27.64897,77.63638,159,0,,,,28.74682,29.11935,24.3811
1787109703,27.64897,77.70657,159,0,,,,28.64523,29.25482,24.55023
1787109703,27.67567,77.72488,159,0,,,,28.71296,29.18709,24.44883
1787109704,27.67567,77.61959,159,0,,,,28.71296,29.22095,24.4827
1787109705,27.60624,77.62417,159,0,,,,28.71296,29.18709,24.61796
1787109705,27.53414,77.56466,159,0,,,,28.67909,29.15322,24.2797
1787109706,27.73175,77.57229,159,0,,,,28.67909,29.15322,24.4827
1787109707,27.57687,77.5967,159,0,,,,28.71296,29.32255,24.44883
1787109707,27.64897,77.55093,159,0,,,,28.67909,29.22095,24.41496
1787109708,27.67567,77.52651,159,0,,,,28.71296,29.28868,24.3811
1787109709,27.60624,77.56313,159,0,,,,28.74682,29.11935,24.4827
1787109709,27.60624,77.60433,159,0,,,,28.71296,29.25482,24.44883
1787109710,27.76379,77.54635,159,0,,,,28.67909,29.18709,24.4827
1787109711,27.66232,77.45022,159,0,,,,28.71296,29.15322,24.41496
1787109711,27.59022,77.51431,159,0,,,,28.74682,29.15322,24.41496
1787109712,27.68902,77.56008,159,0,,,,28.74682,29.22095,24.3811
1787109713,27.64897,77.51888,159,0,,,,28.74682,29.08549,24.41496
1787109713,27.64897,77.46853,159,0,,,,28.74682,29.18709,24.34743
1787109714,27.68902,77.51888,159,0,,,,28.74682,29.15322,24.4827
1787109714,27.57687,77.5967,159,0,,,,28.61136,29.15322,24.44883
1787109715,27.70504,77.58602,159,0,,,,28.67909,29.28868,24.41496
1787109716,27.67567,77.44411,159,0,,,,28.64523,29.15322,24.41496
1787109716,27.64897,77.50973,159,0,,,,28.64523,29.11935,24.55023
1787109717,27.63294,77.50515,159,0,,,,28.67909,29.22095,24.3811
1787109718,27.63294,77.51431,159,0,,,,28.71296,29.15322,24.4827
1787109718,27.66232,77.57687,159,0,,,,28.64523,29.18709,24.51636
1787109719,27.64897,77.53109,159,0,,,,28.74682,29.22095,24.44883
1787109720,27.61959,77.50057,159,0,,,,28.74682,29.28868,24.3811
1787109720,27.55016,77.52651,159,0,,,,28.67909,29.18709,24.44883
1787109721,27.60624,77.48074,159,0,,,,28.74682,29.18709,24.4827
1787109722,27.59022,77.4548,159,0,,,,28.71296,29.25482,24.55023
1787109722,27.77714,77.50973,159,0,,,,28.67909,29.32255,24.3811
1787109723,27.63294,77.59975,159,0,,,,28.74682,29.25482,24.44883
1787109724,27.67567,77.47616,159,0,,,,28.67909,29.18709,24.2797
1787109724,27.64897,77.57229,159,0,,,,28.71296,29.18709,24.4827
1787109725,27.60624,77.45785,159,0,,,,28.57749,29.15322,24.44883
1787109726,27.61959,77.37698,159,0,,,,28.74682,29.22095,24.51636
1787109726,27.64897,77.46853,159,0,,,,28.71296,29.25482,24.51636
1787109727,27.59022,77.46395,159,0,,,,28.64523,29.22095,24.4827
1787109728,27.59022,77.61044,159,0,,,,28.64523,29.18709,24.3811
1787109728,27.61959,77.61806,159,0,,,,28.67909,29.15322,24.41496
1787109729,27.63294,77.5906,159,0,,,,28.71296,29.22095,24.41496
1787109730,27.7184,77.7142,159,0,,,,28.61136,29.28868,24.55023
1787109730,27.64897,77.77982,159,0,,,,28.71296,29.25482,24.44883
1787109731,27.61959,78.00259,159,0,,,,28.64523,29.11935,24.34743
1787109732,27.64897,77.90646,159,0,,,,28.71296,29.18709,24.4827
1787109732,27.74777,78.11703,159,0,,,,28.67909,29.22095,24.31357
1787109733,27.61959,78.01175,159,0,,,,28.71296,29.18709,24.44883
1787109734,27.61959,78.00259,159,0,,,,28.71296,29.25482,24.3811
1787109734,27.68902,78.04074,159,0,,,,28.71296,29.25482,24.24583
1787109735,27.64897,78.11398,159,0,,,,28.67909,29.22095,24.3811
1787109736,27.66232,78.06363,159,0,,,,28.74682,29.25482,24.24583
1787109736,27.61959,78.11703,159,0,,,,28.67909,29.22095,24.44883
1787109737,27.60624,78.20859,159,0,,,,28.78069,29.32255,24.41496
1787109738,27.64897,78.26963,159,0,,,,28.64523,29.18709,24.31357
1787109738,27.68902,78.25895,159,0,,,,28.78069,29.25482,24.4827
1787109739,27.56351,78.0621,159,0,,,,28.67909,29.22095,24.31357
1787109740,27.67567,78.05753,159,0,,,,28.64523,29.18709,24.31357
1787109740,27.56351,78.04074,159,0,,,,28.67909,29.08549,24.44883
1787109741,27.59022,77.99496,159,0,,,,28.67909,29.22095,24.4827
1787109742,27.70504,78.04379,159,0,,,,28.71296,29.15322,24.3811
1787109742,27.56351,77.86221,159,0,,,,28.71296,29.15322,24.55023
1787109743,27.66232,77.83475,159,0,,,,28.67909,29.15322,24.3811
1787109744,27.59022,77.7142,159,0,,,,28.64523,29.08549,24.51636
1787109744,27.61959,77.6379,159,0,,,,28.67909,29.25482,24.55023
1787109745,27.64897,77.75998,159,0,,,,28.67909,29.22095,24.24583
1787109746,27.64897,77.75998,159,0,,,,28.64523,29.32255,24.51636
1787109746,27.63294,77.86984,159,0,,,,28.67909,29.25482,24.34743
1787109747,27.64897,77.77982,159,0,,,,28.64523,29.28868,24.41496
1787109748,27.67567,77.97513,159,0,,,,28.71296,29.15322,24.34743
1787109748,27.57687,77.92935,159,0,,,,28.78069,29.22095,24.44883
1787109749,27.55016,77.95377,159,0,,,,28.71296,29.08549,24.4827
1787109750,27.76379,78.06821,159,0,,,,28.74682,29.42415,24.2797
1787109750,27.73175,78.09415,159,0,,,,28.64523,29.32255,24.41496
1787109751,27.63294,78.20401,159,0,,,,28.67909,29.15322,24.3811
1787109752,27.68902,78.39323,159,0,,,,28.67909,29.08549,24.4827
1787109752,27.67567,78.5153,159,0,,,,28.71296,29.28868,24.34743
1787109753,27.70504,78.50156,159,0,,,,28.64523,29.28868,24.3811
1787109754,27.63294,78.42374,159,0,,,,28.71296,29.22095,24.34743
1787109754,27.73175,78.51987,159,0,,,,28.71296,29.18709,24.4827
1787109755,27.63294,78.41154,159,0,,,,28.71296,29.22095,24.41496
1787109756,27.57687,78.32456,159,0,,,,28.67909,29.15322,24.51636
1787109756,27.67567,78.27726,159,0,,,,28.71296,29.08549,24.41496
1787109757,27.64897,78.36423,159,0,,,,28.67909,29.15322,24.3811
1787109758,27.68902,78.26963,159,0,,,,28.74682,29.28868,24.4827
1787109758,27.7184,78.21469,159,0,,,,28.71296,29.32255,24.51636
1787109759,27.66232,77.9614,159,0,,,,28.78069,29.25482,24.34743
1787109759,27.60624,78.08194,159,0,,,,28.64523,29.08549,24.51636
1787109760,27.64897,78.08194,159,0,,,,28.67909,29.11935,24.51636
1787109761,27.67567,77.92172,159,0,,,,28.74682,29.15322,24.51636
1787109761,27.63294,77.80728,159,0,,,,28.78069,29.08549,24.44883
1787109762,27.66232,77.74166,159,0,,,,28.81456,29.25482,24.44883
1787109763,27.64897,77.71877,159,0,,,,28.78069,29.18709,24.34743
1787109763,27.66232,77.65926,159,0,,,,28.71296,29.22095,24.3811
1787109764,27.63294,77.64248,159,0,,,,28.67909,29.25482,24.4827
1787109765,27.59022,77.61959,159,0,,,,28.71296,29.18709,24.41496
1787109765,27.66232,77.65011,159,0,,,,28.71296,29.15322,24.41496
1787109766,27.61959,77.56466,159,0,,,,28.74682,29.22095,24.41496
1787109767,27.64897,77.65621,159,0,,,,28.67909,29.15322,24.3811
1787109767,27.68902,77.62417,159,0,,,,28.67909,29.25482,24.44883
1787109768,27.64897,77.69741,159,0,,,,28.74682,29.18709,24.3811
1787109769,27.61959,77.83475,159,0,,,,28.67909,29.28868,24.3811
1787109769,27.67567,77.93393,159,0,,,,28.71296,29.28868,24.41496
1787109770,27.67567,78.05753,159,0,,,,28.71296,29.28868,24.34743
1787109771,27.59022,78.20401,159,0,,,,28.64523,29.25482,24.44883
1787109771,27.64897,78.29099,159,0,,,,28.67909,29.25482,24.61796
1787109772,27.64897,78.43748,159,0,,,,28.71296,29.22095,24.41496
1787109773,27.68902,78.61143,159,0,,,,28.64523,29.22095,24.31357
1787109773,27.68902,78.67551,159,0,,,,28.71296,29.18709,24.41496
1787109774,27.64897,78.78996,159,0,,,,28.71296,29.11935,24.44883
1787109775,27.63294,78.82811,159,0,,,,28.67909,29.18709,24.44883
1787109775,27.73175,78.90593,159,0,,,,28.74682,29.18709,24.3811
1787109776,27.68902,78.88304,159,0,,,,28.71296,29.18709,24.3811
1787109777,27.57687,78.93797,159,0,,,,28.67909,29.28868,24.3811
1787109777,27.67567,78.99596,159,0,,,,28.67909,29.15322,24.41496
1787109778,27.64897,79.15312,159,0,,,,28.71296,29.25482,24.3811
1787109779,27.70504,79.1989,159,0,,,,28.64523,29.32255,24.41496
1787109779,27.61959,79.39574,159,0,,,,28.71296,29.25482,24.3811
1787109780,27.70504,79.1989,159,0,,,,28.64523,29.11935,24.3811
1787109781,27.63294,79.23399,159,0,,,,28.67909,29.32255,24.31357
1787109781,27.63294,79.17143,159,0,,,,28.71296,29.15322,24.3811
1787109782,27.61959,78.95018,159,0,,,,28.64523,29.22095,24.4827
1787109783,27.63294,78.88152,159,0,,,,28.71296,29.18709,24.51636
1787109783,27.64897,78.70756,159,0,,,,28.71296,29.28868,24.41496
1787109784,27.70504,78.77165,159,0,,,,28.74682,29.08549,24.44883
1787109785,27.63294,78.64957,159,0,,,,28.64523,29.32255,24.31357
1787109785,27.59022,78.50614,159,0,,,,28.67909,29.22095,24.44883
1787109786,27.66232,78.69993,159,0,,,,28.71296,29.32255,24.41496
1787109787,27.67567,78.64042,159,0,,,,28.74682,29.15322,24.41496
1787109787,27.70504,78.62669,159,0,,,,28.67909,29.05162,24.55023
1787109788,27.7184,78.73502,159,0,,,,28.67909,29.18709,24.24583
1787109789,27.63294,78.64957,159,0,,,,28.71296,29.11935,24.34743
1787109789,27.67567,78.57938,159,0,,,,28.67909,29.28868,24.41496
1787109790,27.61959,78.53361,159,0,,,,28.74682,29.15322,24.41496
1787109791,27.63294,78.4329,159,0,,,,28.71296,29.15322,24.3811
1787109791,27.50744,78.3917,159,0,,,,28.64523,29.18709,24.3811
1787109792,27.61959,78.33372,159,0,,,,28.67909,29.11935,24.41496
1787109793,27.66232,78.29252,159,0,,,,28.74682,29.25482,24.34743
1787109793,27.66232,78.42985,159,0,,,,28.67909,29.25482,24.3811
1787109794,27.63294,78.27726,159,0,,,,28.67909,29.15322,24.41496
1787109795,27.59022,78.37034,159,0,,,,28.81456,29.32255,24.41496
1787109795,27.70504,78.38865,160,0,,,,28.64523,29.25482,24.3811
1787109796,27.66232,78.46952,159,0,,,,28.81456,29.18709,24.4827
1787109797,27.64897,78.38407,159,0,,,,28.74682,29.18709,24.21217
1787109797,27.77714,78.49851,159,0,,,,28.74682,29.15322,24.3811
1787109798,27.66232,78.63584,159,0,,,,28.67909,29.18709,24.44883
1787109799,27.64897,78.90593,159,0,,,,28.67909,29.28868,24.41496
1787109799,27.66232,78.85558,159,0,,,,28.71296,29.11935,24.51636
1787109800,27.63294,78.91966,159,0,,,,28.67909,29.22095,24.41496
1787109801,27.7184,79.00511,159,0,,,,28.67909,29.35642,24.41496
1787109801,27.67567,79.13023,159,0,,,,28.64523,29.22095,24.44883
1787109802,27.73175,79.28893,159,0,,,,28.67909,29.35642,24.44883
1787109802,27.57687,79.29351,159,0,,,,28.64523,29.25482,24.41496
1787109803,27.70504,79.45983,159,0,,,,28.74682,29.11935,24.44883
1787109804,27.68902,79.63378,159,0,,,,28.67909,29.32255,24.5841
1787109804,27.56351,79.64294,159,0,,,,28.74682,29.11935,24.3811
1787109805,27.67567,79.58801,159,0,,,,28.71296,29.28868,24.4827
1787109806,27.7184,79.57732,159,0,,,,28.67909,29.18709,24.4827
1787109806,27.64897,79.41405,159,0,,,,28.64523,29.28868,24.41496
1787109807,27.68902,79.47662,159,0,,,,28.74682,29.08549,24.51636
1787109808,27.7184,79.62005,159,0,,,,28.67909,29.15322,24.41496
1787109808,27.63294,79.36828,159,0,,,,28.71296,29.35642,24.31357
1787109809,27.70504,79.38659,159,0,,,,28.64523,29.15322,24.61796
1787109810,27.66232,79.36675,159,0,,,,28.67909,29.25482,24.2797
1787109810,27.7184,79.28588,159,0,,,,28.67909,29.15322,24.31357
1787109811,27.7184,79.16075,159,0,,,,28.71296,29.18709,24.34743
1787109812,27.74777,79.06615,159,0,,,,28.67909,29.11935,24.41496
1787109812,27.67567,78.95171,159,0,,,,28.71296,29.15322,24.41496
1787109813,27.73175,78.85405,159,0,,,,28.71296,29.25482,24.4827
1787109814,27.68902,78.72739,159,0,,,,28.71296,29.05162,24.41496
1787109814,27.70504,78.68925,159,0,,,,28.71296,29.11935,24.41496
1787109815,27.61959,78.57481,159,0,,,,28.64523,29.15322,24.3811
1787109816,27.59022,78.50614,159,0,,,,28.71296,29.22095,24.34743
1787109816,27.76379,78.35966,160,0,,,,28.67909,29.18709,24.2797
1787109817,27.70504,78.42985,159,0,,,,28.67909,29.25482,24.4827
1787109818,27.67567,78.42374,159,0,,,,28.74682,29.25482,24.4827
1787109818,27.61959,78.23148,159,0,,,,28.67909,29.18709,24.34743
1787109819,27.73175,78.28184,159,0,,,,28.71296,29.18709,24.44883
1787109820,27.66232,78.10788,159,0,,,,28.74682,29.25482,24.41496
1787109820,27.64897,78.04074,159,0,,,,28.78069,29.01776,24.44883
1787109821,27.64897,77.9263,159,0,,,,28.71296,29.15322,24.5841
1787109822,27.57687,78.00259,159,0,,,,28.71296,29.22095,24.41496
1787109822,27.60624,77.81033,159,0,,,,28.61136,29.32255,24.34743
1787109823,27.63294,77.93393,159,0,,,,28.61136,29.15322,24.3811
1787109824,27.61959,77.82407,159,0,,,,28.67909,29.22095,24.31357
1787109824,27.61959,77.79355,159,0,,,,28.71296,29.08549,24.41496
1787109825,27.56351,77.75998,159,0,,,,28.78069,29.25482,24.44883
1787109826,27.59022,77.68215,159,0,,,,28.61136,29.22095,24.41496
1787109826,27.60624,77.81033,159,0,,,,28.67909,29.32255,24.34743
1787109827,27.57687,77.79355,159,0,,,,28.67909,29.39028,24.44883
1787109828,27.66232,77.86679,159,0,,,,28.81456,29.22095,24.41496
1787109828,27.57687,77.90799,159,0,,,,28.67909,29.28868,24.2797
1787109829,27.74777,77.9614,159,0,,,,28.71296,29.18709,24.44883
1787109830,27.67567,78.02548,159,0,,,,28.78069,29.15322,24.61796
1787109830,27.66232,77.9202,159,0,,,,28.71296,29.15322,24.5841
1787109831,27.61959,77.95224,159,0,,,,28.71296,29.11935,24.4827
1787109832,27.63294,77.88052,159,0,,,,28.71296,29.11935,24.41496
1787109832,27.63294,77.77829,159,0,,,,28.71296,29.18709,24.3811
1787109833,27.64897,77.82101,159,0,,,,28.74682,29.18709,24.31357
1787109834,27.59022,77.82864,159,0,,,,28.71296,29.25482,24.34743
1787109834,27.57687,77.70046,159,0,,,,28.74682,29.18709,24.55023
1787109835,27.63294,77.90189,159,0,,,,28.67909,29.25482,24.51636
1787109836,27.63294,77.73403,159,0,,,,28.67909,29.15322,24.31357
1787109836,27.64897,77.90646,159,0,,,,28.74682,28.98389,24.44883
1787109837,27.66232,77.80576,159,0,,,,28.71296,29.08549,24.44883
1787109838,27.7184,77.86984,159,0,,,,28.61136,29.18709,24.41496
1787109838,27.59022,77.82864,159,0,,,,28.67909,29.11935,24.2797
1787109839,27.59022,78.06821,159,0,,,,28.67909,29.22095,24.3811
1787109840,27.64897,77.94766,159,0,,,,28.74682,29.25482,24.2797
1787109840,27.63294,78.08957,159,0,,,,28.74682,29.28868,24.51636
1787109841,27.7184,78.04837,159,0,,,,28.71296,29.08549,24.41496
1787109842,27.63294,77.98428,159,0,,,,28.67909,29.28868,24.4827
1787109842,27.73175,78.11398,159,0,,,,28.64523,29.11935,24.41496
1787109843,27.7184,78.08957,159,0,,,,28.71296,29.11935,24.31357
1787109844,27.61959,78.19028,159,0,,,,28.78069,29.15322,24.41496
1787109844,27.60624,78.17654,159,0,,,,28.78069,29.18709,24.55023
1787109845,27.7184,78.37034,159,0,,,,28.74682,29.22095,24.55023
1787109846,27.67567,78.3917,159,0,,,,28.74682,29.15322,24.4827
1787109846,27.7184,78.4741,159,0,,,,28.78069,29.15322,24.61796
1787109847,27.7184,78.4741,159,0,,,,28.74682,29.28868,24.34743
1787109847,27.61959,78.58549,159,0,,,,28.71296,29.15322,24.5841
1787109848,27.61959,78.62669,159,0,,,,28.74682,29.25482,24.41496
1787109849,27.66232,78.6572,159,0,,,,28.71296,29.25482,24.34743
1787109849,27.63294,78.86931,159,0,,,,28.78069,29.15322,24.3811
1787109850,27.56351,78.87389,159,0,,,,28.71296,29.15322,24.44883
1787109851,27.61959,78.97002,159,0,,,,28.78069,29.01776,24.4827
1787109851,27.68902,79.15312,159,0,,,,28.71296,29.25482,24.4827
1787109852,27.70504,79.10582,159,0,,,,28.74682,29.18709,24.3811
1787109853,27.7184,79.28588,159,0,,,,28.67909,29.11935,24.41496
1787109853,27.60624,79.37133,159,0,,,,28.64523,29.18709,24.4827
1787109854,27.67567,79.45373,159,0,,,,28.71296,29.22095,24.3811
1787109855,27.66232,79.41711,159,0,,,,28.74682,29.22095,24.3811
1787109855,27.66232,79.52239,159,0,,,,28.74682,29.25482,24.44883
1787109856,27.59022,79.53307,160,0,,,,28.74682,29.39028,24.44883
1787109857,27.67567,79.54528,159,0,,,,28.81456,29.15322,24.44883
1787109857,27.63294,79.47356,159,0,,,,28.78069,29.15322,24.44883
1787109858,27.66232,79.32555,159,0,,,,28.71296,29.15322,24.3811
1787109859,27.59022,79.36828,159,0,,,,28.64523,29.15322,24.5841
1787109859,27.68902,79.29961,159,0,,,,28.74682,29.25482,24.51636
1787109860,27.68902,79.38201,159,0,,,,28.71296,29.22095,24.4827
1787109861,27.56351,79.23552,159,0,,,,28.67909,29.11935,24.5841
1787109861,27.61959,79.21111,159,0,,,,28.67909,29.18709,24.3811
1787109862,27.7184,79.04784,159,0,,,,28.67909,29.15322,24.3811
1787109863,27.70504,79.08446,159,0,,,,28.74682,29.22095,24.2797
1787109863,27.70504,79.04326,159,0,,,,28.64523,29.11935,24.4827
1787109864,27.60624,79.00969,159,0,,,,28.67909,29.18709,24.44883
1787109865,27.64897,78.97765,159,0,,,,28.64523,29.08549,24.51636
1787109865,27.66232,78.92882,159,0,,,,28.71296,29.18709,24.41496
1787109866,27.67567,78.90135,159,0,,,,28.81456,29.11935,24.34743
1787109867,27.70504,78.93797,160,0,,,,28.67909,29.08549,24.24583
1787109867,27.50744,78.89983,159,0,,,,28.71296,29.15322,24.41496
1787109868,27.74777,78.99138,159,0,,,,28.78069,29.11935,24.51636
1787109869,27.55016,78.88152,159,0,,,,28.67909,29.11935,24.4827
1787109869,27.68902,78.8632,159,0,,,,28.67909,29.08549,24.31357
1787109870,27.67567,78.91356,159,0,,,,28.71296,29.15322,24.3811
1787109871,27.67567,78.72587,159,0,,,,28.71296,29.15322,24.4827
1787109871,27.61959,78.64805,159,0,,,,28.74682,29.08549,24.41496
1787109872,27.73175,78.64347,159,0,,,,28.67909,29.32255,24.2797
1787109873,27.7184,78.72587,159,0,,,,28.67909,29.22095,24.41496
1787109873,27.7184,78.98375,159,0,,,,28.74682,29.22095,24.3811
1787109874,27.63294,79.02495,159,0,,,,28.71296,29.18709,24.3811
1787109875,27.60624,79.06004,159,0,,,,28.71296,29.15322,24.44883
1787109875,27.45136,78.79149,159,0,,,,28.74682,29.22095,24.3811
1787109876,27.64897,78.72739,159,0,,,,28.74682,29.25482,24.44883
1787109877,27.67567,78.69382,159,0,,,,28.74682,29.25482,24.3811
1787109877,27.66232,78.57481,159,0,,,,28.71296,29.22095,24.41496
1787109878,27.63294,78.54734,159,0,,,,28.71296,29.22095,24.4827
1787109879,27.59022,78.40086,159,0,,,,28.67909,29.18709,24.51636
1787109879,27.53414,78.40696,159,0,,,,28.71296,29.22095,24.2797
1787109880,27.66232,78.46952,159,0,,,,28.67909,29.18709,24.51636
1787109881,27.63294,78.4741,159,0,,,,28.64523,29.05162,24.44883
1787109881,27.74777,78.78233,159,0,,,,28.67909,29.15322,24.41496
1787109882,27.70504,78.91966,159,0,,,,28.81456,29.18709,24.34743
1787109883,27.63294,79.16075,159,0,,,,28.74682,29.11935,24.41496
1787109883,27.61959,79.22026,159,0,,,,28.71296,29.15322,24.4827
1787109884,27.70504,79.31335,159,0,,,,28.71296,29.28868,24.4827
1787109885,27.61959,79.57275,159,0,,,,28.74682,29.15322,24.41496
1787109885,27.63294,79.54528,159,0,,,,28.74682,29.35642,24.41496
1787109886,27.68902,79.68414,159,0,,,,28.74682,29.22095,24.3811
1787109887,27.61959,79.73907,159,0,,,,28.67909,29.11935,24.44883
1787109887,27.59022,79.73296,159,0,,,,28.67909,29.18709,24.34743
1787109888,27.64897,79.63378,159,0,,,,28.71296,29.18709,24.44883
1787109889,27.55016,79.6292,159,0,,,,28.71296,29.25482,24.44883
1787109889,27.63294,79.70092,159,0,,,,28.71296,29.18709,24.51636
1787109890,27.68902,79.46746,159,0,,,,28.64523,29.15322,24.2797
1787109890,27.70504,79.49187,159,0,,,,28.71296,29.15322,24.34743
1787109891,27.61959,79.39574,159,0,,,,28.78069,29.08549,24.34743
1787109892,27.66232,79.30419,159,0,,,,28.64523,29.18709,24.3811
1787109892,27.63294,79.17143,159,0,,,,28.74682,29.32255,24.3811
1787109893,27.73175,79.10124,159,0,,,,28.74682,29.22095,24.31357
1787109894,27.7184,79.04784,159,0,,,,28.67909,29.11935,24.31357
1787109894,27.68902,79.02953,159,0,,,,28.74682,29.18709,24.51636
1787109895,27.66232,79.1989,159,0,,,,28.74682,29.11935,24.44883
1787109896,27.63294,79.1516,159,0,,,,28.67909,29.15322,24.5841
1787109896,27.68902,79.26757,159,0,,,,28.71296,29.22095,24.61796
1787109897,27.60624,79.33166,159,0,,,,28.74682,29.05162,24.4827
1787109898,27.60624,79.35302,159,0,,,,28.67909,29.15322,24.44883
1787109898,27.66232,79.40795,159,0,,,,28.71296,29.28868,24.34743
1787109899,27.59022,79.38964,159,0,,,,28.71296,29.18709,24.44883
1787109900,27.61959,79.3637,159,0,,,,28.71296,29.15322,24.34743
1787109900,27.60624,79.32098,159,0,,,,28.74682,29.25482,24.4827
1787109901,27.66232,79.17906,159,0,,,,28.71296,29.18709,24.3811
1787109902,27.64897,79.12413,159,0,,,,28.67909,29.18709,24.41496
1787109902,27.63294,78.98375,159,0,,,,28.71296,29.15322,24.4827
1787109903,27.66232,79.01122,159,0,,,,28.71296,29.15322,24.44883
1787109904,27.68902,78.9868,159,0,,,,28.61136,29.11935,24.44883
1787109904,27.63294,78.84947,159,0,,,,28.74682,29.05162,24.61796
1787109905,27.63294,78.94102,159,0,,,,28.71296,29.18709,24.41496
1787109906,27.68902,78.82201,159,0,,,,28.64523,29.22095,24.41496
1787109906,27.60624,78.82201,159,0,,,,28.71296,29.25482,24.41496
1787109907,27.68902,78.84184,159,0,,,,28.67909,29.18709,24.3811
1787109908,27.67567,78.79607,159,0,,,,28.64523,29.22095,24.4827
1787109908,27.61959,78.51225,159,0,,,,28.67909,29.15322,24.3811
1787109909,27.66232,78.70908,159,0,,,,28.71296,29.25482,24.5841
1787109910,27.60624,78.59007,159,0,,,,28.74682,29.18709,24.34743
1787109910,27.67567,78.52598,159,0,,,,28.74682,29.25482,24.44883
1787109911,27.67567,78.49393,159,0,,,,28.78069,29.11935,24.41496
1787109912,27.61959,78.54429,159,0,,,,28.64523,29.22095,24.3811
1787109912,27.64897,78.64347,159,0,,,,28.67909,29.18709,24.41496
1787109913,27.68902,78.7396,159,0,,,,28.71296,29.22095,24.4827
1787109914,27.60624,78.84184,159,0,,,,28.71296,29.08549,24.44883
1787109914,27.64897,78.69535,159,0,,,,28.71296,29.11935,24.44883
1787109915,27.59022,78.55802,159,0,,,,28.74682,29.18709,24.5841
1787109916,27.56351,78.63432,159,0,,,,28.78069,29.08549,24.2797
1787109916,27.64897,78.60227,159,0,,,,28.61136,29.08549,24.41496
1787109917,27.64897,78.48783,159,0,,,,28.64523,29.15322,24.55023
1787109918,27.55016,78.42069,159,0,,,,28.71296,29.25482,24.44883
1787109918,27.61959,78.27421,159,0,,,,28.71296,29.25482,24.3811
1787109919,27.60624,78.31083,159,0,,,,28.78069,29.15322,24.5841
1787109920,27.7184,78.46189,159,0,,,,28.67909,29.18709,24.34743
1787109920,27.57687,78.19028,159,0,,,,28.71296,29.28868,24.51636
1787109921,27.68902,78.30015,159,0,,,,28.71296,29.11935,24.2797
1787109922,27.66232,78.19028,159,0,,,,28.64523,29.18709,24.2797
1787109922,27.61959,78.10788,159,0,,,,28.71296,29.22095,24.51636
1787109923,27.63294,78.24521,159,0,,,,28.71296,29.28868,24.41496
1787109924,27.73175,78.17654,159,0,,,,28.67909,29.15322,24.41496
1787109924,27.61959,78.27421,159,0,,,,28.64523,29.22095,24.31357
1787109925,27.68902,78.03006,159,0,,,,28.71296,29.25482,24.44883
1787109926,27.55016,78.00717,159,0,,,,28.67909,29.25482,24.41496
1787109926,27.61959,78.04379,159,0,,,,28.67909,29.15322,24.51636
1787109927,27.67567,78.06821,159,0,,,,28.67909,29.18709,24.5841
1787109928,27.67567,78.00412,159,0,,,,28.61136,29.11935,24.3811
1787109928,27.60624,77.89426,159,0,,,,28.64523,29.18709,24.3811
1787109929,27.66232,77.9614,159,0,,,,28.74682,29.11935,24.41496
1787109930,27.59022,77.88052,159,0,,,,28.74682,29.08549,24.41496
1787109930,27.60624,77.89426,159,0,,,,28.71296,29.11935,24.44883
1787109931,27.66232,77.99039,159,0,,,,28.64523,29.22095,24.41496
1787109932,27.60624,77.89426,159,0,,,,28.67909,29.05162,24.31357
1787109932,27.67567,77.88968,159,0,,,,28.64523,29.18709,24.34743
1787109933,27.63294,77.90189,159,0,,,,28.71296,29.18709,24.4827
1787109933,27.57687,77.89883,159,0,,,,28.71296,29.18709,24.3811
1787109934,27.55016,77.90189,159,0,,,,28.78069,29.08549,24.34743
1787109935,27.66232,77.86679,159,0,,,,28.67909,29.22095,24.41496
1787109936,27.53414,77.86679,159,0,,,,28.71296,29.32255,24.4827
1787109936,27.70504,77.84695,159,0,,,,28.71296,29.22095,24.44883
1787109937,27.59022,77.98428,159,0,,,,28.67909,29.22095,24.3811
1787109937,27.61959,77.9614,159,0,,,,28.67909,29.08549,24.41496
1787109938,27.67567,77.94308,159,0,,,,28.64523,29.32255,24.4827
1787109939,27.66232,77.9202,159,0,,,,28.71296,29.18709,24.3811
1787109939,27.59022,77.7554,159,0,,,,28.67909,29.18709,24.2797
1787109940,27.67567,77.8378,159,0,,,,28.67909,29.01776,24.34743
1787109941,27.61959,77.82407,159,0,,,,28.67909,29.15322,24.41496
1787109941,27.55016,77.83932,159,0,,,,28.71296,29.25482,24.4827
1787109942,27.59022,77.88968,159,0,,,,28.67909,29.22095,24.2797
1787109943,27.59022,77.86984,159,0,,,,28.64523,29.15322,24.34743
1787109943,27.67567,77.80728,159,0,,,,28.67909,29.01776,24.41496
1787109944,27.67567,77.69283,159,0,,,,28.71296,29.25482,24.2797
1787109945,27.60624,77.87442,159,0,,,,28.71296,29.15322,24.3811
1787109945,27.67567,77.84848,159,0,,,,28.71296,29.25482,24.41496
1787109946,27.56351,77.81033,159,0,,,,28.71296,29.08549,24.3811
1787109947,27.67567,77.78745,159,0,,,,28.81456,29.08549,24.3811
1787109947,27.59022,77.64248,159,0,,,,28.74682,29.08549,24.31357
1787109948,27.63294,77.72488,159,0,,,,28.71296,29.25482,24.41496
1787109949,27.61959,77.6791,159,0,,,,28.71296,29.22095,24.3811
1787109949,27.61959,77.77371,159,0,,,,28.71296,29.18709,24.4827
1787109950,27.64897,77.69741,159,0,,,,28.67909,29.22095,24.41496
1787109951,27.57687,77.76456,159,0,,,,28.71296,29.18709,24.51636
1787109951,27.59022,77.82864,159,0,,,,28.64523,28.98389,24.44883
1787109952,27.64897,77.89426,159,0,,,,28.78069,29.18709,24.44883
1787109953,27.66232,78.41917,159,0,,,,28.64523,29.25482,24.41496
1787109953,27.64897,78.95628,159,0,,,,28.71296,29.15322,24.4827
1787109954,27.68902,79.36217,159,0,,,,28.78069,29.25482,24.4827
1787109955,27.7184,79.75586,159,0,,,,28.71296,29.18709,24.51636
1787109955,27.66232,79.71008,160,0,,,,28.78069,29.11935,24.34743
1787109956,27.60624,79.81079,159,0,,,,28.67909,29.15322,24.31357
1787109957,27.73175,79.71618,160,0,,,,28.71296,29.28868,24.51636
1787109957,27.60624,79.43542,159,0,,,,28.67909,29.22095,24.4827
1787109958,27.77714,79.39574,159,0,,,,28.74682,29.11935,24.3811
1787109959,27.64897,79.21721,159,0,,,,28.67909,29.18709,24.31357
1787109959,27.74777,79.10582,159,0,,,,28.67909,29.22095,24.44883
1787109960,27.56351,78.96544,159,0,,,,28.71296,29.11935,24.3811
1787109961,27.67567,78.86931,159,0,,,,28.74682,29.11935,24.3811
1787109961,27.61959,78.68009,159,0,,,,28.78069,29.08549,24.4827
1787109962,27.59022,78.59769,159,0,,,,28.67909,29.11935,24.24583
1787109963,27.73175,78.55192,159,0,,,,28.71296,28.98389,24.55023
1787109963,27.57687,78.4802,159,0,,,,28.67909,29.32255,24.34743
1787109964,27.60624,78.43443,159,0,,,,28.74682,29.28868,24.3811
1787109965,27.57687,78.26353,159,0,,,,28.61136,29.25482,24.55023
1787109965,27.66232,78.41917,159,0,,,,28.78069,29.18709,24.3811
1787109966,27.61959,78.22232,159,0,,,,28.64523,29.11935,24.1783
1787109967,27.73175,78.26963,159,0,,,,28.71296,29.22095,24.41496
1787109967,27.70504,78.21011,159,0,,,,28.64523,29.25482,24.51636
1787109968,27.67567,78.03616,159,0,,,,28.67909,29.18709,24.34743
1787109969,27.59022,78.00412,159,0,,,,28.71296,29.15322,24.44883
1787109969,27.55016,77.93393,159,0,,,,28.71296,29.15322,24.2797
1787109970,27.60624,77.85306,159,0,,,,28.57749,29.11935,24.31357
1787109971,27.67567,77.86984,159,0,,,,28.71296,29.18709,24.51636
1787109971,27.66232,77.88815,159,0,,,,28.74682,29.08549,24.4827
1787109972,27.68902,77.90341,159,0,,,,28.64523,29.28868,24.34743
1787109973,27.66232,78.03464,159,0,,,,28.64523,29.18709,24.2797
1787109973,27.61959,77.83475,159,0,,,,28.64523,29.28868,24.41496
1787109974,27.60624,77.84238,159,0,,,,28.64523,29.22095,24.31357
1787109975,27.66232,77.77371,159,0,,,,28.64523,29.18709,24.3811
1787109975,27.70504,77.81644,159,0,,,,28.67909,29.22095,24.3811
1787109976,27.53414,77.77371,159,0,,,,28.71296,29.28868,24.44883
1787109976,27.70504,77.9614,159,0,,,,28.71296,29.11935,24.41496
1787109977,27.66232,77.83475,159,0,,,,28.74682,29.11935,24.3811
1787109978,27.70504,77.74166,159,0,,,,28.64523,29.15322,24.44883
1787109978,27.63294,77.80728,159,0,,,,28.74682,29.18709,24.3811
1787109979,27.61959,77.73251,159,0,,,,28.71296,29.32255,24.41496
1787109980,27.66232,77.68826,159,0,,,,28.64523,29.35642,24.44883
1787109980,27.57687,77.74166,159,0,,,,28.64523,29.15322,24.3811
1787109981,27.57687,77.65926,159,0,,,,28.71296,29.18709,24.4827
1787109982,27.60624,77.55093,159,0,,,,28.74682,29.08549,24.44883
1787109982,27.64897,77.65621,159,0,,,,28.67909,29.18709,24.55023
1787109983,27.66232,77.5967,159,0,,,,28.64523,29.28868,24.4827
1787109984,27.61959,77.58602,159,0,,,,28.64523,29.18709,24.44883
1787109984,27.63294,77.57839,159,0,,,,28.67909,29.05162,24.41496
1787109985,27.64897,77.61501,159,0,,,,28.81456,29.15322,24.44883
1787109986,27.59022,77.54635,159,0,,,,28.61136,29.11935,24.44883
1787109986,27.73175,77.52193,159,0,,,,28.78069,29.15322,24.5841
1787109987,27.60624,77.63638,159,0,,,,28.64523,29.32255,24.4827
1787109988,27.63294,77.55856,159,0,,,,28.67909,29.15322,24.34743
1787109988,27.61959,77.48226,159,0,,,,28.74682,29.25482,24.34743
1787109989,27.60624,77.50973,159,0,,,,28.67909,29.18709,24.3811
1787109990,27.61959,77.58602,159,0,,,,28.71296,29.22095,24.41496
1787109990,27.63294,77.54635,159,0,,,,28.71296,29.08549,24.44883
1787109991,27.56351,77.43649,159,0,,,,28.78069,29.08549,24.4827
1787109992,27.60624,77.49905,159,0,,,,28.61136,29.22095,24.51636
1787109992,27.61959,77.44106,159,0,,,,28.61136,29.18709,24.44883
1787109993,27.68902,77.55093,159,0,,,,28.67909,29.11935,24.44883
1787109994,27.56351,77.40444,159,0,,,,28.71296,29.22095,24.3811
1787109994,27.56351,77.37545,159,0,,,,28.74682,29.28868,24.31357
1787109995,27.61959,77.41817,159,0,,,,28.67909,29.18709,24.3811
1787109996,27.55016,77.50515,159,0,,,,28.64523,29.25482,24.31357
1787109996,27.67567,77.49599,159,0,,,,28.67909,29.11935,24.41496
1787109997,27.67567,77.43191,159,0,,,,28.81456,29.22095,24.34743
1787109998,27.68902,77.44564,159,0,,,,28.64523,29.08549,24.44883
1787109998,27.64897,77.58297,159,0,,,,28.67909,29.11935,24.3811
1787109999,27.74777,77.47158,159,0,,,,28.67909,29.08549,24.41496
1787110000,27.66232,77.38918,159,0,,,,28.67909,29.18709,24.34743
1787110000,27.67567,77.41207,159,0,,,,28.74682,29.25482,24.44883
1787110001,27.68902,77.49905,159,0,,,,28.74682,29.18709,24.44883
1787110002,27.59022,77.43191,159,0,,,,28.74682,29.11935,24.55023
1787110002,27.67567,77.47616,159,0,,,,28.67909,29.11935,24.3811
1787110003,27.61959,77.43038,159,0,,,,28.71296,29.25482,24.3811
1787110004,27.67567,77.41207,159,0,,,,28.71296,29.11935,24.3811
1787110004,27.61959,77.32662,159,0,,,,28.71296,29.08549,24.3811
1787110005,27.61959,77.44106,160,0,,,,28.67909,29.22095,24.44883
1787110006,27.66232,77.47158,159,0,,,,28.71296,29.05162,24.4827
1787110006,27.61959,77.39834,159,0,,,,28.78069,29.15322,24.34743
1787110007,27.70504,77.48226,159,0,,,,28.67909,29.18709,24.34743
1787110008,27.66232,77.38918,159,0,,,,28.67909,29.28868,24.41496
1787110008,27.64897,77.48074,159,0,,,,28.67909,29.18709,24.31357
1787110009,27.56351,77.41665,159,0,,,,28.74682,29.22095,24.51636
1787110010,27.63294,77.51431,159,0,,,,28.67909,29.25482,24.51636
1787110010,27.66232,77.41817,159,0,,,,28.64523,29.05162,24.51636
1787110011,27.64897,77.36324,159,0,,,,28.71296,29.15322,24.2797
1787110012,27.68902,77.45785,159,0,,,,28.67909,29.18709,24.41496
1787110012,27.7184,77.49599,159,0,,,,28.71296,29.22095,24.3811
1787110013,27.61959,77.46243,159,0,,,,28.71296,29.11935,24.3811
1787110014,27.63294,77.38003,159,0,,,,28.67909,29.22095,24.4827
1787110014,27.67567,77.53719,159,0,,,,28.78069,29.22095,24.24583
1787110015,27.64897,77.53109,159,0,,,,28.71296,29.18709,24.3811
1787110016,27.64897,77.65621,159,0,,,,28.71296,29.32255,24.41496
1787110016,27.56351,77.45785,159,0,,,,28.71296,29.01776,24.41496
1787110017,27.63294,77.51431,159,0,,,,28.71296,29.25482,24.21217
1787110018,27.52079,77.47768,159,0,,,,28.71296,29.22095,24.51636
1787110018,27.67567,77.64248,159,0,,,,28.64523,29.01776,24.4827
1787110019,27.68902,77.67452,159,0,,,,28.71296,29.28868,24.41496
1787110020,27.59022,77.55856,159,0,,,,28.71296,29.18709,24.3811
1787110020,27.66232,77.76456,159,0,,,,28.67909,29.08549,24.4827
1787110021,27.66232,77.73251,159,0,,,,28.67909,29.35642,24.34743
1787110021,27.68902,77.77982,159,0,,,,28.57749,29.22095,24.3811
1787110022,27.7184,78.06821,159,0,,,,28.78069,29.11935,24.3811
1787110023,27.60624,78.36423,159,0,,,,28.74682,29.22095,24.44883
1787110023,27.63294,78.73502,159,0,,,,28.74682,29.11935,24.31357
1787110024,27.61959,78.84489,159,0,,,,28.67909,29.32255,24.44883
1787110025,27.59022,78.97307,159,0,,,,28.74682,29.28868,24.31357
1787110025,27.60624,78.95628,159,0,,,,28.67909,29.11935,24.51636
1787110026,27.66232,78.89677,160,0,,,,28.71296,29.18709,24.44883
1787110027,27.67567,78.86015,159,0,,,,28.64523,29.08549,24.4827
1787110027,27.68902,78.7686,159,0,,,,28.64523,29.15322,24.44883
1787110028,27.57687,78.69993,159,0,,,,28.67909,29.15322,24.41496
1787110029,27.66232,78.57481,159,0,,,,28.67909,29.18709,24.41496
1787110029,27.57687,78.53361,159,0,,,,28.74682,29.32255,24.3811
1787110030,27.64897,78.44663,159,0,,,,28.71296,29.15322,24.44883
1787110031,27.7184,78.50614,159,0,,,,28.71296,29.22095,24.31357
1787110031,27.57687,78.30473,159,0,,,,28.74682,29.18709,24.4827
1787110032,27.56351,78.20554,159,0,,,,28.61136,29.25482,24.3811
1787110033,27.63294,78.26505,159,0,,,,28.74682,29.15322,24.31357
1787110033,27.61959,78.00259,159,0,,,,28.74682,29.22095,24.44883
1787110034,27.60624,78.0087,159,0,,,,28.74682,29.22095,24.55023
1787110035,27.57687,78.04379,159,0,,,,28.64523,29.18709,24.41496
1787110035,27.64897,77.93851,159,0,,,,28.71296,29.15322,24.31357
1787110036,27.7184,77.78745,159,0,,,,28.78069,29.32255,24.34743
1787110037,27.66232,77.82407,159,0,,,,28.74682,29.22095,24.4827
1787110037,27.66232,77.85611,159,0,,,,28.71296,29.18709,24.3811
1787110038,27.60624,77.81033,159,0,,,,28.67909,29.22095,24.4827
1787110039,27.70504,77.84695,159,0,,,,28.74682,29.22095,24.2797
1787110039,27.56351,77.63638,159,0,,,,28.71296,29.28868,24.44883
1787110040,27.66232,77.78439,159,0,,,,28.71296,29.18709,24.51636
1787110041,27.61959,77.79355,159,0,,,,28.71296,29.15322,24.51636
1787110041,27.67567,77.72488,159,0,,,,28.67909,29.11935,24.4827
1787110042,27.7184,77.93393,159,0,,,,28.61136,29.22095,24.3811
1787110043,27.61959,77.88815,159,0,,,,28.71296,29.08549,24.3811
1787110043,27.79049,77.78287,159,0,,,,28.71296,29.28868,24.31357
1787110044,27.73175,77.69588,159,0,,,,28.67909,29.25482,24.34743
1787110045,27.66232,77.80576,159,0,,,,28.71296,29.22095,24.4827
1787110045,27.61959,77.87595,159,0,,,,28.71296,29.22095,24.41496
1787110046,27.57687,78.04379,159,0,,,,28.67909,29.28868,24.34743
1787110047,27.61959,77.9614,159,0,,,,28.71296,29.22095,24.44883
1787110047,27.64897,77.85306,159,0,,,,28.67909,29.08549,24.31357
1787110048,27.56351,77.9263,159,0,,,,28.67909,29.05162,24.34743
1787110049,27.63294,77.88052,159,0,,,,28.71296,29.18709,24.4827
1787110049,27.60624,77.72793,159,0,,,,28.81456,29.22095,24.55023
1787110050,27.7184,77.93393,159,0,,,,28.78069,29.15322,24.2797
1787110051,27.67567,77.72488,159,0,,,,28.67909,29.18709,24.4827
1787110051,27.61959,77.65926,159,0,,,,28.67909,29.18709,24.41496
1787110052,27.61959,77.61806,159,0,,,,28.74682,29.18709,24.4827
1787110053,27.57687,77.7203,159,0,,,,28.74682,29.18709,24.44883
1787110053,27.60624,77.75082,159,0,,,,28.78069,29.11935,24.3811
1787110054,27.66232,77.74166,159,0,,,,28.74682,29.22095,24.41496
1787110055,27.61959,77.65926,159,0,,,,28.71296,29.18709,24.34743
1787110055,27.70504,77.7203,159,0,,,,28.67909,29.18709,24.55023
1787110056,27.59022,77.68215,159,0,,,,28.67909,29.08549,24.3811
1787110057,27.56351,77.61501,159,0,,,,28.71296,29.22095,24.34743
1787110057,27.63294,77.673,159,0,,,,28.64523,29.25482,24.44883
1787110058,27.68902,77.81186,159,0,,,,28.71296,29.28868,24.34743
1787110059,27.60624,77.71877,159,0,,,,28.74682,29.01776,24.41496
1787110059,27.61959,77.68826,159,0,,,,28.71296,29.18709,24.4827
1787110060,27.55016,77.55856,159,0,,,,28.71296,29.25482,24.34743
1787110061,27.66232,77.65011,159,0,,,,28.64523,29.32255,24.31357
1787110061,27.64897,77.67452,159,0,,,,28.67909,29.08549,24.3811
1787110062,27.60624,77.61501,159,0,,,,28.74682,29.32255,24.4827
1787110063,27.60624,77.75082,159,0,,,,28.74682,29.05162,24.31357
1787110063,27.60624,77.64553,159,0,,,,28.67909,29.25482,24.41496
1787110064,27.64897,77.54025,159,0,,,,28.71296,29.15322,24.44883
1787110064,27.64897,77.62417,159,0,,,,28.61136,29.18709,24.3811
1787110065,27.63294,77.6318,159,0,,,,28.67909,29.22095,24.51636
1787110066,27.63294,77.57839,159,0,,,,28.71296,29.18709,24.41496
1787110066,27.66232,77.47158,159,0,,,,28.67909,29.05162,24.41496
1787110067,27.64897,77.51888,159,0,,,,28.67909,29.25482,24.4827
1787110068,27.64897,77.61501,159,0,,,,28.71296,29.15322,24.3811
1787110068,27.64897,77.53109,159,0,,,,28.67909,29.08549,24.34743
1787110069,27.60624,77.56313,159,0,,,,28.67909,29.11935,24.44883
1787110070,27.73175,77.61349,159,0,,,,28.67909,29.15322,24.51636
1787110070,27.57687,77.46243,159,0,,,,28.61136,29.39028,24.41496
1787110071,27.63294,77.44411,159,0,,,,28.64523,29.18709,24.41496
1787110072,27.7184,77.49599,159,0,,,,28.64523,29.18709,24.44883
1787110072,27.66232,77.51278,159,0,,,,28.74682,29.11935,24.51636
1787110073,27.73175,77.56008,159,0,,,,28.74682,29.11935,24.44883
1787110074,27.63294,77.53719,159,0,,,,28.67909,29.22095,24.31357
1787110074,27.59022,77.61044,159,0,,,,28.67909,29.15322,24.3811
1787110075,27.60624,77.49905,159,0,,,,28.78069,29.28868,24.34743
1787110076,27.63294,77.57839,159,0,,,,28.74682,29.15322,24.3811
1787110076,27.55016,77.73708,159,0,,,,28.71296,29.15322,24.31357
1787110077,27.66232,77.83475,159,0,,,,28.78069,29.25482,24.3811
1787110078,27.70504,77.90799,159,0,,,,28.71296,29.22095,24.4827
1787110078,27.66232,77.97208,159,0,,,,28.71296,29.18709,24.44883
1787110079,27.67567,78.05753,159,0,,,,28.71296,29.25482,24.34743
1787110080,27.70504,77.94003,159,0,,,,28.67909,29.15322,24.44883
1787110080,27.66232,78.10788,159,0,,,,28.74682,29.22095,24.55023
1787110081,27.70504,78.05447,159,0,,,,28.61136,29.28868,24.3811
1787110082,27.64897,78.0087,159,0,,,,28.71296,29.32255,24.44883
1787110082,27.66232,77.98123,159,0,,,,28.67909,29.08549,24.31357
1787110083,27.63294,77.76608,159,0,,,,28.71296,29.28868,24.4827
1787110084,27.73175,77.91562,159,0,,,,28.71296,29.08549,24.3811
1787110084,27.56351,77.95682,159,0,,,,28.71296,29.18709,24.3811
1787110085,27.61959,77.86679,159,0,,,,28.64523,29.18709,24.4827
1787110086,27.70504,77.89883,159,0,,,,28.67909,29.08549,24.41496
1787110086,27.66232,77.84695,159,0,,,,28.71296,29.01776,24.41496
1787110087,27.67567,77.77829,159,0,,,,28.74682,29.25482,24.3811
1787110088,27.66232,77.80576,159,0,,,,28.71296,29.08549,24.41496
1787110088,27.57687,77.83475,159,0,,,,28.64523,29.25482,24.41496
1787110089,27.64897,77.63638,159,0,,,,28.67909,29.25482,24.41496
1787110090,27.73175,77.86221,159,0,,,,28.71296,29.22095,24.41496
1787110090,27.66232,77.77371,159,0,,,,28.67909,29.25482,24.41496
1787110091,27.60624,77.61501,159,0,,,,28.74682,29.22095,24.51636
1787110092,27.60624,77.75082,159,0,,,,28.67909,29.08549,24.41496
1787110092,27.68902,77.67452,159,0,,,,28.71296,29.22095,24.3811
1787110093,27.70504,77.90799,159,0,,,,28.74682,29.18709,24.5841
1787110094,27.67567,77.72488,159,0,,,,28.71296,29.08549,24.41496
1787110094,27.66232,77.76456,159,0,,,,28.67909,29.22095,24.34743
1787110095,27.67567,77.78745,160,0,,,,28.71296,29.15322,24.34743
1787110096,27.57687,77.78439,159,0,,,,28.67909,29.18709,24.41496
1787110096,27.66232,77.7203,159,0,,,,28.71296,29.25482,24.4827
1787110097,27.60624,77.89426,159,0,,,,28.67909,29.18709,24.4827
1787110098,27.60624,77.81033,159,0,,,,28.64523,29.11935,24.3811
1787110098,27.64897,77.70657,159,0,,,,28.78069,29.11935,24.41496
1787110099,27.70504,77.70046,159,0,,,,28.67909,29.28868,24.34743
1787110100,27.57687,77.57687,159,0,,,,28.74682,29.11935,24.41496
1787110100,27.63294,77.59975,159,0,,,,28.74682,29.25482,24.4827
1787110101,27.64897,77.60433,159,0,,,,28.71296,29.22095,24.5841
1787110102,27.68902,77.49905,159,0,,,,28.61136,29.08549,24.51636
1787110102,27.70504,77.51431,159,0,,,,28.74682,29.35642,24.44883
1787110103,27.73175,77.55093,159,0,,,,28.71296,29.18709,24.3811
1787110104,27.60624,77.49905,159,0,,,,28.64523,29.15322,24.3811
1787110104,27.60624,77.41665,159,0,,,,28.67909,29.15322,24.3811
1787110105,27.61959,77.39834,159,0,,,,28.74682,29.28868,24.41496
1787110106,27.64897,77.43649,159,0,,,,28.64523,29.39028,24.31357
1787110106,27.57687,77.51278,159,0,,,,28.67909,29.15322,24.55023
1787110107,27.66232,77.54482,159,0,,,,28.81456,29.22095,24.55023
1787110107,27.59022,77.38155,159,0,,,,28.74682,29.15322,24.4827
1787110108,27.66232,77.52346,159,0,,,,28.78069,29.18709,24.3811
1787110109,27.68902,77.52804,159,0,,,,28.64523,29.22095,24.3811
1787110109,27.68902,77.54025,159,0,,,,28.61136,29.11935,24.44883
1787110110,27.67567,77.64248,159,0,,,,28.71296,29.25482,24.4827
1787110111,27.64897,77.60433,159,0,,,,28.64523,29.22095,24.44883
1787110111,27.63294,77.57839,159,0,,,,28.61136,29.32255,24.34743
1787110112,27.67567,77.76608,159,0,,,,28.71296,29.35642,24.4827
1787110113,27.64897,77.81186,159,0,,,,28.64523,29.08549,24.44883
1787110113,27.66232,77.79355,159,0,,,,28.74682,29.11935,24.41496
1787110114,27.64897,77.8027,159,0,,,,28.67909,29.15322,24.5841
1787110115,27.61959,77.78439,159,0,,,,28.71296,29.25482,24.44883
1787110115,27.64897,77.82101,159,0,,,,28.71296,29.15322,24.34743
1787110116,27.66232,77.6791,159,0,,,,28.71296,29.15322,24.44883
1787110117,27.66232,77.76456,159,0,,,,28.71296,29.22095,24.4827
1787110117,27.66232,77.82407,159,0,,,,28.67909,29.25482,24.3811
1787110118,27.66232,77.82407,159,0,,,,28.61136,29.22095,24.41496
1787110119,27.56351,77.77066,159,0,,,,28.78069,29.18709,24.44883
1787110119,27.63294,77.88052,159,0,,,,28.74682,29.22095,24.55023
1787110120,27.66232,77.87595,159,0,,,,28.74682,29.08549,24.41496
1787110121,27.64897,77.97665,159,0,,,,28.67909,29.25482,24.41496
1787110121,27.63294,77.90189,159,0,,,,28.71296,29.15322,24.44883
1787110122,27.77714,77.95834,159,0,,,,28.67909,29.22095,24.4827
1787110123,27.56351,77.91562,159,0,,,,28.78069,29.28868,24.55023
1787110123,27.67567,77.90189,159,0,,,,28.71296,29.28868,24.44883
1787110124,27.63294,77.90189,159,0,,,,28.71296,29.18709,24.31357
1787110125,27.53414,77.88815,159,0,,,,28.71296,29.08549,24.55023
1787110125,27.68902,77.83017,159,0,,,,28.67909,29.32255,24.41496
1787110126,27.67567,77.93393,159,0,,,,28.71296,29.15322,24.44883
1787110127,27.63294,77.84848,159,0,,,,28.71296,29.08549,24.55023
1787110127,27.61959,77.81491,159,0,,,,28.74682,29.15322,24.34743
1787110128,27.70504,77.94003,159,0,,,,28.71296,29.25482,24.55023
1787110129,27.67567,77.86069,159,0,,,,28.71296,29.11935,24.41496
1787110129,27.66232,77.86679,159,0,,,,28.74682,29.18709,24.51636
1787110130,27.63294,77.7142,159,0,,,,28.74682,29.18709,24.4827
1787110131,27.59022,77.76608,159,0,,,,28.71296,29.18709,24.3811
1787110131,27.56351,77.70657,159,0,,,,28.67909,29.25482,24.3811
1787110132,27.61959,77.6791,159,0,,,,28.71296,29.18709,24.51636
1787110133,27.61959,77.65011,159,0,,,,28.67909,29.22095,24.44883
1787110133,27.70504,77.68826,159,0,,,,28.67909,29.39028,24.3811
1787110134,27.67567,77.57839,159,0,,,,28.61136,29.15322,24.41496
1787110135,27.67567,77.69283,159,0,,,,28.74682,29.15322,24.44883
1787110135,27.60624,77.50973,159,0,,,,28.71296,29.01776,24.44883
1787110136,27.59022,77.59975,159,0,,,,28.74682,29.05162,24.34743
1787110137,27.64897,77.57229,159,0,,,,28.74682,29.18709,24.44883
1787110137,27.60624,77.39529,159,0,,,,28.74682,29.18709,24.4827
1787110138,27.61959,77.49447,159,0,,,,28.64523,29.25482,24.41496
1787110139,27.61959,77.41817,159,0,,,,28.64523,29.15322,24.44883
1787110139,27.70504,77.50362,159,0,,,,28.71296,29.11935,24.4827
1787110140,27.59022,77.49447,159,0,,,,28.71296,29.22095,24.4827
1787110141,27.67567,77.40292,159,0,,,,28.64523,29.25482,24.34743
1787110141,27.61959,77.54482,159,0,,,,28.74682,29.18709,24.51636
1787110142,27.7184,77.47616,159,0,,,,28.64523,29.18709,24.44883
1787110143,27.63294,77.49599,159,0,,,,28.67909,29.25482,24.41496
1787110143,27.68902,77.50973,159,0,,,,28.71296,29.22095,24.4827
1787110144,27.59022,77.50515,159,0,,,,28.71296,29.15322,24.44883
1787110145,27.67567,77.47616,159,0,,,,28.74682,29.11935,24.2797
1787110145,27.60624,77.42733,159,0,,,,28.67909,29.28868,24.4827
1787110146,27.61959,77.48226,159,0,,,,28.67909,29.18709,24.4827
1787110147,27.63294,77.52651,159,0,,,,28.64523,29.11935,24.51636
1787110147,27.55016,77.4136,159,0,,,,28.71296,29.25482,24.44883
1787110148,27.67567,77.55856,159,0,,,,28.64523,29.22095,24.3811
1787110149,27.66232,77.53262,159,0,,,,28.67909,29.39028,24.34743
1787110149,27.67567,77.61959,159,0,,,,28.74682,29.25482,24.3811
1787110150,27.66232,77.65011,159,0,,,,28.71296,29.22095,24.3811
1787110151,27.68902,77.51888,159,0,,,,28.71296,29.22095,24.44883
1787110151,27.66232,77.70046,159,0,,,,28.74682,29.18709,24.4827
1787110152,27.55016,77.7966,159,0,,,,28.64523,29.22095,24.44883
1787110152,27.61959,77.7203,159,0,,,,28.71296,29.25482,24.4827
1787110153,27.63294,77.79813,159,0,,,,28.64523,29.28868,24.51636
1787110154,27.66232,77.76456,159,0,,,,28.61136,29.11935,24.34743
1787110154,27.68902,77.81186,159,0,,,,28.74682,29.25482,24.3811
1787110155,27.64897,77.85306,159,0,,,,28.74682,29.22095,24.31357
1787110156,27.64897,77.84238,159,0,,,,28.74682,29.11935,24.51636
1787110156,27.67567,77.69283,159,0,,,,28.64523,29.22095,24.5841
1787110157,27.64897,77.72793,159,0,,,,28.61136,29.11935,24.24583
1787110158,27.55016,77.5494,159,0,,,,28.71296,29.11935,24.44883
1787110158,27.68902,77.69588,159,0,,,,28.71296,29.18709,24.44883
1787110159,27.76379,77.70199,159,0,,,,28.64523,29.08549,24.41496
1787110160,27.61959,77.60586,159,0,,,,28.74682,29.25482,24.34743
1787110160,27.60624,77.62417,159,0,,,,28.71296,29.18709,24.61796
1787110161,27.67567,77.69283,159,0,,,,28.74682,29.15322,24.41496
1787110162,27.67567,77.55856,159,0,,,,28.71296,29.11935,24.4827
1787110162,27.7184,77.76608,159,0,,,,28.78069,29.22095,24.4827
1787110163,27.59022,77.52651,159,0,,,,28.71296,29.08549,24.4827
1787110164,27.68902,77.56008,159,0,,,,28.74682,29.15322,24.44883
1787110164,27.66232,77.68826,159,0,,,,28.67909,29.08549,24.4827
1787110165,27.63294,77.44411,159,0,,,,28.71296,29.15322,24.44883
1787110166,27.60624,77.46853,159,0,,,,28.71296,29.28868,24.34743
1787110166,27.61959,77.57687,159,0,,,,28.64523,29.28868,24.31357
1787110167,27.63294,77.53719,159,0,,,,28.67909,29.18709,24.44883
1787110168,27.60624,77.49905,159,0,,,,28.74682,29.18709,24.4827
1787110168,27.68902,77.58144,159,0,,,,28.71296,29.15322,24.31357
1787110169,27.70504,77.54482,159,0,,,,28.67909,29.25482,24.41496
1787110170,27.70504,77.56466,159,0,,,,28.67909,29.15322,24.4827
1787110170,27.61959,77.52346,159,0,,,,28.71296,29.11935,24.31357
1787110171,27.61959,77.53262,159,0,,,,28.64523,29.15322,24.2797
1787110172,27.66232,77.49447,159,0,,,,28.71296,29.11935,24.44883
1787110172,27.66232,77.52346,159,0,,,,28.64523,29.15322,24.44883
1787110173,27.60624,77.53109,159,0,,,,28.74682,29.11935,24.4827
1787110174,27.76379,77.56771,159,0,,,,28.67909,29.22095,24.31357
1787110174,27.68902,77.65621,159,0,,,,28.71296,29.32255,24.2797
1787110175,27.64897,77.55093,159,0,,,,28.67909,29.28868,24.3811
1787110176,27.63294,77.68215,159,0,,,,28.67909,29.25482,24.55023
1787110176,27.64897,77.84238,159,0,,,,28.64523,29.15322,24.31357
1787110177,27.68902,77.64553,159,0,,,,28.74682,29.22095,24.4827
1787110178,27.49409,77.90799,159,0,,,,28.74682,28.98389,24.44883
1787110178,27.52079,77.81033,159,0,,,,28.61136,29.08549,24.51636
1787110179,27.66232,77.83475,159,0,,,,28.71296,29.25482,24.2797
1787110180,27.60624,77.8851,159,0,,,,28.67909,29.28868,24.51636
1787110180,27.66232,78.13687,159,0,,,,28.64523,29.25482,24.41496
1787110181,27.77714,78.31998,159,0,,,,28.67909,29.11935,24.5841
1787110182,27.7184,78.64042,159,0,,,,28.74682,29.22095,24.51636
1787110182,27.7184,78.95171,159,0,,,,28.71296,29.25482,24.51636
1787110183,27.70504,79.14702,159,0,,,,28.67909,29.18709,24.31357
1787110184,27.68902,79.34081,159,0,,,,28.67909,29.18709,24.44883
1787110184,27.56351,79.26757,159,0,,,,28.74682,29.08549,24.44883
1787110185,27.66232,79.21111,159,0,,,,28.74682,29.25482,24.31357
1787110186,27.73175,79.29961,159,0,,,,28.71296,29.28868,24.3811
1787110186,27.61959,79.1577,160,0,,,,28.67909,29.22095,24.4827
1787110187,27.67567,79.00511,159,0,,,,28.67909,28.95002,24.44883
1787110188,27.59022,78.86931,159,0,,,,28.67909,29.11935,24.65183
1787110188,27.66232,78.73197,159,0,,,,28.71296,29.28868,24.4827
1787110189,27.59022,78.72282,159,0,,,,28.67909,29.08549,24.24583
1787110190,27.63294,78.55802,159,0,,,,28.71296,29.01776,24.41496
1787110190,27.61959,78.28184,159,0,,,,28.64523,29.22095,24.41496
1787110191,27.56351,78.31083,159,0,,,,28.71296,29.15322,24.61796
1787110192,27.66232,78.19028,159,0,,,,28.64523,29.25482,24.44883
1787110192,27.61959,78.21011,159,0,,,,28.71296,29.05162,24.4827
1787110193,27.68902,78.07126,159,0,,,,28.71296,29.11935,24.34743
1787110194,27.63294,78.10025,159,0,,,,28.74682,29.18709,24.34743
1787110194,27.73175,78.03006,159,0,,,,28.71296,29.15322,24.44883
1787110195,27.57687,78.00259,159,0,,,,28.67909,29.28868,24.34743
1787110195,27.57687,77.98123,159,0,,,,28.67909,29.11935,24.41496
1787110196,27.67567,77.91257,160,0,,,,28.67909,29.18709,24.2797
1787110197,27.66232,78.02243,159,0,,,,28.67909,29.18709,24.3811
1787110197,27.61959,77.81491,159,0,,,,28.71296,29.28868,24.41496
1787110198,27.63294,77.79813,159,0,,,,28.57749,29.25482,24.3811
1787110199,27.56351,77.75998,159,0,,,,28.64523,29.28868,24.34743
1787110199,27.60624,77.83322,159,0,,,,28.74682,29.28868,24.44883
1787110200,27.68902,77.77982,159,0,,,,28.71296,29.11935,24.34743
1787110201,27.67567,77.61044,159,0,,,,28.67909,29.18709,24.41496
1787110201,27.67567,77.65163,159,0,,,,28.67909,29.08549,24.34743
1787110202,27.61959,77.65926,159,0,,,,28.64523,29.22095,24.44883
1787110203,27.66232,77.49447,159,0,,,,28.71296,29.28868,24.2797
1787110203,27.67567,77.61959,159,0,,,,28.71296,29.28868,24.3811
1787110204,27.67567,77.61044,159,0,,,,28.71296,29.15322,24.34743
1787110205,27.67567,77.55856,159,0,,,,28.67909,29.15322,24.31357
1787110205,27.68902,77.61349,159,0,,,,28.64523,29.22095,24.44883
1787110206,27.56351,77.55093,160,0,,,,28.64523,29.22095,24.34743
1787110207,27.63294,77.68215,159,0,,,,28.67909,29.18709,24.41496
1787110207,27.67567,77.66384,159,0,,,,28.78069,29.22095,24.2797
1787110208,27.64897,77.69741,159,0,,,,28.71296,29.15322,24.44883
1787110209,27.53414,77.70046,159,0,,,,28.74682,29.22095,24.55023
1787110209,27.68902,77.72793,159,0,,,,28.71296,29.28868,24.55023
1787110210,27.63294,77.73403,159,0,,,,28.71296,29.11935,24.41496
1787110211,27.64897,77.75998,159,0,,,,28.67909,29.28868,24.3811
1787110211,27.64897,77.70657,159,0,,,,28.67909,29.22095,24.34743
1787110212,27.63294,77.66079,159,0,,,,28.71296,29.25482,24.34743
1787110213,27.63294,77.68215,159,0,,,,28.64523,29.18709,24.34743
1787110213,27.60624,77.63638,159,0,,,,28.71296,29.01776,24.44883
1787110214,27.68902,77.68673,159,0,,,,28.71296,29.25482,24.44883
1787110215,27.63294,77.65163,159,0,,,,28.74682,29.08549,24.31357
1787110215,27.63294,77.65163,159,0,,,,28.71296,29.15322,24.44883
1787110216,27.53414,77.76456,159,0,,,,28.67909,29.28868,24.4827
1787110217,27.70504,77.6791,159,0,,,,28.64523,29.22095,24.34743
1787110217,27.64897,77.57229,159,0,,,,28.71296,29.15322,24.51636
1787110218,27.70504,77.55398,159,0,,,,28.64523,29.18709,24.41496
1787110219,27.67567,77.49599,159,0,,,,28.67909,29.25482,24.41496
1787110219,27.66232,77.50362,159,0,,,,28.71296,29.25482,24.55023
1787110220,27.56351,77.43649,159,0,,,,28.71296,29.25482,24.34743
1787110221,27.63294,77.47616,159,0,,,,28.61136,29.32255,24.41496
1787110221,27.61959,77.37698,159,0,,,,28.71296,29.25482,24.2797
1787110222,27.68902,77.55093,159,0,,,,28.71296,29.18709,24.3811
1787110223,27.59022,77.4548,159,0,,,,28.74682,29.15322,24.3811
1787110223,27.64897,77.56313,159,0,,,,28.67909,29.15322,24.4827
1787110224,27.76379,77.44411,159,0,,,,28.64523,29.11935,24.41496
1787110225,27.57687,77.47158,159,0,,,,28.67909,29.18709,24.34743
1787110225,27.66232,77.45022,159,0,,,,28.67909,29.08549,24.3811
1787110226,27.70504,77.45022,159,0,,,,28.67909,29.18709,24.3811
1787110227,27.61959,77.44106,159,0,,,,28.71296,29.22095,24.4827
1787110227,27.61959,77.39834,159,0,,,,28.64523,29.08549,24.4827
1787110228,27.61959,77.41817,159,0,,,,28.61136,29.15322,24.3811
1787110229,27.55016,77.48531,159,0,,,,28.67909,29.18709,24.51636
1787110229,27.67567,77.48531,159,0,,,,28.67909,29.18709,24.44883
1787110230,27.66232,77.43038,159,0,,,,28.67909,29.25482,24.41496
1787110231,27.55016,77.4136,159,0,,,,28.64523,29.25482,24.3811
1787110231,27.68902,77.56008,159,0,,,,28.71296,29.11935,24.4827
1787110232,27.64897,77.46853,159,0,,,,28.71296,29.15322,24.31357
1787110233,27.55016,77.37087,159,0,,,,28.71296,29.22095,24.34743
1787110233,27.61959,77.36629,159,0,,,,28.67909,29.22095,24.5841
1787110234,27.67567,77.38003,159,0,,,,28.74682,29.32255,24.44883
1787110235,27.57687,77.29458,159,0,,,,28.67909,29.01776,24.3811
1787110235,27.73175,77.36324,159,0,,,,28.57749,29.28868,24.2797
1787110236,27.57687,77.33578,159,0,,,,28.74682,29.05162,24.34743
1787110237,27.70504,77.50362,159,0,,,,28.64523,29.25482,24.3811
1787110237,27.63294,77.29763,159,0,,,,28.71296,29.25482,24.51636
1787110238,27.66232,77.38918,159,0,,,,28.71296,29.11935,24.34743
1787110238,27.66232,77.49447,159,0,,,,28.71296,29.22095,24.4827
1787110239,27.63294,77.35867,159,0,,,,28.67909,29.22095,24.34743
1787110240,27.68902,77.43649,159,0,,,,28.67909,29.28868,24.34743
1787110240,27.60624,77.39529,159,0,,,,28.67909,29.18709,24.44883
1787110241,27.64897,77.48989,159,0,,,,28.64523,29.25482,24.44883
1787110242,27.61959,77.38918,159,0,,,,28.71296,29.22095,24.4827
1787110242,27.61959,77.31594,159,0,,,,28.71296,29.18709,24.44883
1787110243,27.59022,77.41207,159,0,,,,28.67909,29.18709,24.34743
1787110244,27.63294,77.46395,159,0,,,,28.78069,29.25482,24.2797
1787110244,27.68902,77.3724,159,0,,,,28.71296,29.15322,24.4827
1787110245,27.64897,77.48989,159,0,,,,28.71296,29.15322,24.31357
1787110246,27.66232,77.43038,159,0,,,,28.67909,29.18709,24.51636
1787110246,27.60624,77.35256,159,0,,,,28.67909,29.25482,24.3811
1787110247,27.60624,77.38461,159,0,,,,28.78069,29.15322,24.34743
1787110248,27.63294,77.52651,159,0,,,,28.67909,29.11935,24.4827
1787110248,27.7184,77.38003,159,0,,,,28.74682,29.22095,24.44883
1787110249,27.64897,77.50057,159,0,,,,28.67909,29.22095,24.44883
1787110250,27.7184,77.5082,159,0,,,,28.67909,29.25482,24.61796
1787110250,27.66232,77.51278,159,0,,,,28.67909,29.15322,24.34743
1787110251,27.64897,77.41665,159,0,,,,28.67909,29.28868,24.21217
1787110252,27.57687,77.36629,159,0,,,,28.74682,29.15322,24.55023
1787110252,27.68902,77.41665,159,0,,,,28.67909,29.15322,24.44883
1787110253,27.57687,77.48226,159,0,,,,28.71296,29.18709,24.41496
1787110254,27.66232,77.39834,159,0,,,,28.54363,29.18709,24.41496
1787110254,27.64897,77.29305,159,0,,,,28.64523,29.15322,24.4827
1787110255,27.67567,77.56771,159,0,,,,28.71296,29.25482,24.4827
1787110256,27.63294,77.38003,159,0,,,,28.71296,29.18709,24.34743
1787110256,27.64897,77.37545,159,0,,,,28.67909,29.11935,24.3811
1787110257,27.60624,77.40444,159,0,,,,28.74682,29.01776,24.44883
1787110258,27.61959,77.45022,159,0,,,,28.71296,29.11935,24.51636
1787110258,27.79049,77.54177,159,0,,,,28.71296,29.11935,24.51636
1787110259,27.64897,77.50057,159,0,,,,28.71296,29.11935,24.41496
1787110260,27.70504,77.43038,159,0,,,,28.64523,29.18709,24.3811
1787110260,27.57687,77.36629,159,0,,,,28.67909,29.22095,24.41496
1787110261,27.64897,77.40444,159,0,,,,28.57749,29.11935,24.4827
1787110262,27.64897,77.46853,159,0,,,,28.71296,29.18709,24.3811
1787110262,27.63294,77.44411,159,0,,,,28.67909,29.32255,24.41496
1787110263,27.66232,77.51278,159,0,,,,28.74682,29.15322,24.44883
1787110264,27.68902,77.61349,159,0,,,,28.71296,29.22095,24.34743
1787110264,27.56351,77.43649,159,0,,,,28.71296,29.11935,24.4827
1787110265,27.7184,77.32052,159,0,,,,28.78069,29.22095,24.41496
1787110266,27.63294,77.38003,159,0,,,,28.78069,29.28868,24.44883
1787110266,27.63294,77.50515,159,0,,,,28.78069,29.22095,24.41496
1787110267,27.61959,77.43038,159,0,,,,28.64523,29.18709,24.41496
1787110268,27.59022,77.43191,159,0,,,,28.74682,29.18709,24.51636
1787110268,27.63294,77.4548,159,0,,,,28.67909,29.28868,24.31357
1787110269,27.61959,77.38918,159,0,,,,28.71296,29.08549,24.55023
1787110270,27.63294,77.51431,159,0,,,,28.64523,29.18709,24.44883
1787110270,27.61959,77.55398,159,0,,,,28.61136,29.22095,24.3811
1787110271,27.74777,77.61806,159,0,,,,28.74682,29.22095,24.2797
1787110272,27.66232,77.5967,159,0,,,,28.64523,29.18709,24.31357
1787110272,27.66232,77.60586,159,0,,,,28.71296,29.18709,24.31357
1787110273,27.61959,77.68826,159,0,,,,28.64523,29.05162,24.51636
1787110274,27.56351,77.54025,159,0,,,,28.74682,29.11935,24.55023
1787110274,27.60624,77.48989,159,0,,,,28.61136,29.28868,24.41496
1787110275,27.66232,77.61806,159,0,,,,28.74682,29.15322,24.34743
1787110276,27.64897,77.59212,159,0,,,,28.71296,29.18709,24.44883
1787110276,27.61959,77.65011,160,0,,,,28.67909,29.18709,24.41496
1787110277,27.64897,77.69741,159,0,,,,28.74682,29.15322,24.24583
1787110278,27.68902,77.66537,159,0,,,,28.74682,29.01776,24.2797
1787110278,27.63294,77.81644,159,0,,,,28.71296,29.15322,24.41496
1787110279,27.56351,77.86221,159,0,,,,28.67909,29.22095,24.4827
1787110280,27.63294,77.97208,159,0,,,,28.67909,29.08549,24.5841
1787110280,27.67567,78.18265,159,0,,,,28.71296,29.18709,24.44883
1787110281,27.68902,78.33219,159,0,,,,28.67909,29.15322,24.31357
1787110281,27.70504,78.3978,159,0,,,,28.74682,29.08549,24.24583
1787110282,27.63294,78.42374,159,0,,,,28.67909,29.11935,24.51636
1787110283,27.68902,78.74876,159,0,,,,28.61136,29.08549,24.3811
1787110283,27.66232,78.78233,159,0,,,,28.67909,29.28868,24.3811
1787110284,27.68902,79.10124,159,0,,,,28.67909,29.25482,24.34743
1787110285,27.73175,79.24773,159,0,,,,28.81456,29.05162,24.3811
1787110285,27.70504,79.3576,159,0,,,,28.71296,29.08549,24.55023
1787110286,27.61959,79.29351,159,0,,,,28.74682,29.15322,24.71936
1787110287,27.70504,79.1577,159,0,,,,28.67909,29.08549,24.44883
1787110287,27.68902,79.28893,159,0,,,,28.64523,29.11935,24.55023
1787110288,27.60624,79.01884,159,0,,,,28.67909,29.08549,24.3811
1787110289,27.66232,78.86778,159,0,,,,28.74682,29.11935,24.51636
1787110289,27.73175,78.89525,159,0,,,,28.67909,29.18709,24.41496
1787110290,27.60624,78.8632,159,0,,,,28.64523,29.28868,24.4827
1787110291,27.64897,78.70756,159,0,,,,28.71296,29.15322,24.41496
1787110291,27.66232,78.70908,159,0,,,,28.67909,29.15322,24.34743
1787110292,27.66232,78.86778,159,0,,,,28.71296,29.08549,24.34743
1787110293,27.60624,78.66636,159,0,,,,28.74682,29.25482,24.44883
1787110293,27.66232,78.55344,159,0,,,,28.67909,29.22095,24.41496
1787110294,27.70504,78.56565,159,0,,,,28.78069,29.18709,24.44883
1787110295,27.66232,78.4802,159,0,,,,28.64523,29.18709,24.55023
1787110295,27.57687,78.36576,159,0,,,,28.71296,29.22095,24.31357
1787110296,27.67567,78.33829,159,0,,,,28.74682,29.15322,24.3811
1787110297,27.67567,78.21317,159,0,,,,28.67909,29.18709,24.24583
1787110297,27.53414,78.12619,159,0,,,,28.71296,29.11935,24.51636
1787110298,27.53414,78.12619,159,0,,,,28.61136,29.22095,24.3811
1787110299,27.61959,78.02243,159,0,,,,28.71296,29.22095,24.4827
1787110299,27.70504,78.04379,159,0,,,,28.74682,29.15322,24.3811
1787110300,27.61959,78.13687,159,0,,,,28.71296,29.15322,24.4827
1787110301,27.66232,78.09567,159,0,,,,28.71296,29.22095,24.3811
1787110301,27.63294,78.13992,159,0,,,,28.64523,29.32255,24.44883
1787110302,27.77714,78.23758,159,0,,,,28.67909,29.18709,24.3811
1787110303,27.64897,78.38407,159,0,,,,28.67909,29.11935,24.34743
1787110303,27.67567,78.60838,159,0,,,,28.71296,29.18709,24.2797
1787110304,27.66232,78.73197,159,0,,,,28.71296,29.25482,24.4827
1787110305,27.61959,78.85558,159,0,,,,28.78069,29.15322,24.34743
1787110305,27.67567,79.00511,159,0,,,,28.57749,29.05162,24.34743
1787110306,27.64897,79.29961,159,0,,,,28.67909,29.15322,24.3811
1787110307,27.66232,79.26147,159,0,,,,28.64523,29.18709,24.34743
1787110307,27.60624,79.30877,159,0,,,,28.67909,29.22095,24.44883
1787110308,27.68902,79.45525,159,0,,,,28.71296,29.05162,24.41496
1787110309,27.66232,79.39574,159,0,,,,28.64523,29.18709,24.51636
1787110309,27.7184,79.40032,159,0,,,,28.67909,29.18709,24.4827
1787110310,27.76379,79.34997,159,0,,,,28.64523,29.18709,24.41496
1787110311,27.66232,79.34539,159,0,,,,28.74682,29.15322,24.4827
1787110311,27.60624,79.18517,159,0,,,,28.61136,29.11935,24.41496
1787110312,27.63294,79.0753,159,0,,,,28.67909,29.25482,24.41496
1787110313,27.63294,78.95171,159,0,,,,28.67909,29.25482,24.44883
1787110313,27.67567,78.86931,159,0,,,,28.71296,29.11935,24.51636
1787110314,27.61959,78.68009,159,0,,,,28.71296,29.25482,24.41496
1787110315,27.67567,78.83727,159,0,,,,28.67909,29.28868,24.3811
1787110315,27.63294,78.64957,159,0,,,,28.64523,29.28868,24.44883
1787110316,27.63294,78.78539,159,0,,,,28.67909,29.22095,24.3811
1787110317,27.60624,78.64347,159,0,,,,28.61136,29.28868,24.4827
1787110317,27.68902,78.70756,159,0,,,,28.74682,29.32255,24.44883
1787110318,27.68902,78.64347,159,0,,,,28.67909,29.11935,24.4827
1787110319,27.7184,78.59007,159,0,,,,28.71296,29.15322,24.4827
1787110319,27.68902,78.48783,159,0,,,,28.64523,29.22095,24.4827
1787110320,27.61959,78.54429,159,0,,,,28.61136,29.11935,24.41496
1787110321,27.60624,78.64347,159,0,,,,28.74682,29.22095,24.41496
1787110321,27.57687,78.63584,159,0,,,,28.74682,29.22095,24.3811
1787110322,27.63294,78.78539,159,0,,,,28.67909,29.15322,24.4827
1787110323,27.57687,78.6572,159,0,,,,28.71296,29.18709,24.34743
1787110323,27.73175,78.8632,159,0,,,,28.61136,29.25482,24.41496
1787110324,27.70504,78.90898,159,0,,,,28.71296,29.22095,24.4827
1787110325,27.66232,78.78233,159,0,,,,28.67909,29.22095,24.34743
1787110325,27.70504,78.78233,159,0,,,,28.74682,29.11935,24.3811
1787110326,27.74777,78.82353,159,0,,,,28.71296,29.08549,24.61796
1787110326,27.66232,78.64805,159,0,,,,28.67909,29.25482,24.41496
1787110327,27.57687,78.73045,159,0,,,,28.74682,29.22095,24.61796
1787110328,27.64897,78.70756,159,0,,,,28.71296,29.15322,24.44883
1787110328,27.59022,78.66178,159,0,,,,28.64523,29.18709,24.41496
1787110329,27.70504,78.54429,159,0,,,,28.78069,29.22095,24.3811
1787110330,27.70504,78.7625,159,0,,,,28.64523,29.08549,24.34743
1787110330,27.67567,78.45274,159,0,,,,28.74682,29.15322,24.41496
1787110331,27.60624,78.55192,159,0,,,,28.71296,29.11935,24.51636
1787110332,27.55016,78.50614,159,0,,,,28.67909,29.18709,24.4827
1787110332,27.67567,78.64957,159,0,,,,28.67909,29.22095,24.51636
1787110333,27.66232,78.5214,159,0,,,,28.61136,29.18709,24.51636
1787110334,27.64897,78.7686,159,0,,,,28.74682,29.25482,24.5841
1787110334,27.59022,78.73197,159,0,,,,28.67909,29.25482,24.31357
1787110335,27.73175,78.90593,159,0,,,,28.67909,29.25482,24.3811
1787110336,27.63294,79.01579,159,0,,,,28.78069,29.11935,24.3811
1787110336,27.59022,79.29504,159,0,,,,28.74682,29.05162,24.3811
1787110337,27.68902,79.22636,159,0,,,,28.67909,29.18709,24.44883
1787110338,27.63294,79.44152,159,0,,,,28.64523,29.22095,24.41496
1787110338,27.63294,79.56512,159,0,,,,28.71296,29.25482,24.31357
1787110339,27.61959,79.64751,159,0,,,,28.74682,29.25482,24.4827
1787110340,27.67567,79.74364,159,0,,,,28.67909,29.22095,24.3811
1787110340,27.66232,79.68719,159,0,,,,28.71296,29.18709,24.55023
1787110341,27.60624,79.86115,159,0,,,,28.64523,29.28868,24.4827
1787110342,27.70504,79.80316,159,0,,,,28.67909,29.25482,24.41496
1787110342,27.60624,79.8291,159,0,,,,28.74682,29.18709,24.44883
1787110343,27.67567,80.01373,159,0,,,,28.71296,29.22095,24.41496
1787110344,27.68902,79.76959,159,0,,,,28.61136,29.22095,24.51636
1787110344,27.68902,79.91302,159,0,,,,28.64523,29.25482,24.4827
1787110345,27.61959,80.06256,159,0,,,,28.71296,29.25482,24.4827
1787110346,27.67567,80.12817,159,0,,,,28.67909,29.22095,24.61796
1787110346,27.61959,80.19684,159,0,,,,28.78069,29.32255,24.3811
1787110347,27.63294,80.20142,159,0,,,,28.71296,29.18709,24.3811
1787110348,27.68902,80.22736,159,0,,,,28.67909,29.22095,24.55023
1787110348,27.63294,80.43031,159,0,,,,28.71296,29.18709,24.31357
1787110349,27.76379,80.37995,159,0,,,,28.67909,29.08549,24.44883
1787110350,27.59022,80.52186,159,0,,,,28.71296,29.32255,24.4827
1787110350,27.55016,80.49287,159,0,,,,28.78069,29.22095,24.4827
1787110351,27.63294,80.45167,159,0,,,,28.71296,29.25482,24.44883
1787110352,27.7184,80.41047,159,0,,,,28.74682,29.15322,24.4827
1787110352,27.74777,80.48066,159,0,,,,28.71296,29.28868,24.41496
1787110353,27.68902,80.35096,159,0,,,,28.64523,29.08549,24.3811
1787110354,27.64897,80.3296,159,0,,,,28.67909,29.18709,24.44883
1787110354,27.66232,80.30213,159,0,,,,28.67909,29.08549,24.41496
1787110355,27.63294,80.26398,159,0,,,,28.71296,29.01776,24.34743
1787110356,27.64897,80.16327,159,0,,,,28.67909,29.22095,24.44883
1787110356,27.66232,80.13733,160,0,,,,28.64523,29.25482,24.44883
1787110357,27.67567,79.87946,159,0,,,,28.67909,29.15322,24.2797
1787110358,27.7184,79.69329,159,0,,,,28.71296,29.15322,24.34743
1787110358,27.60624,79.40337,159,0,,,,28.67909,29.08549,24.41496
1787110359,27.63294,79.2752,159,0,,,,28.64523,29.25482,24.44883
1787110360,27.59022,79.09819,159,0,,,,28.67909,29.15322,24.44883
1787110360,27.68902,78.9456,159,0,,,,28.67909,29.22095,24.3811
1787110361,27.63294,78.89067,159,0,,,,28.67909,29.18709,24.55023
1787110362,27.63294,78.79607,159,0,,,,28.61136,29.22095,24.44883
1787110362,27.60624,78.82201,159,0,,,,28.61136,29.15322,24.31357
1787110363,27.68902,78.83116,159,0,,,,28.64523,29.25482,24.4827
1787110364,27.64897,78.92424,159,0,,,,28.74682,29.25482,24.4827
1787110364,27.60624,79.07988,159,0,,,,28.71296,29.28868,24.34743
1787110365,27.53414,79.06157,159,0,,,,28.71296,29.11935,24.4827
1787110366,27.63294,79.08751,159,0,,,,28.71296,29.18709,24.2797
1787110366,27.64897,79.16533,160,0,,,,28.61136,29.18709,24.41496
1787110367,27.63294,79.01579,159,0,,,,28.71296,29.22095,24.55023
1787110368,27.68902,79.14397,159,0,,,,28.67909,29.18709,24.4827
1787110368,27.67567,78.91966,159,0,,,,28.71296,29.25482,24.3811
1787110369,27.7184,78.90135,159,0,,,,28.67909,29.11935,24.2797
1787110369,27.68902,78.58091,159,0,,,,28.67909,29.28868,24.31357
1787110370,27.67567,78.52598,159,0,,,,28.64523,29.11935,24.44883
1787110371,27.67567,78.33829,159,0,,,,28.71296,29.15322,24.44883
1787110371,27.57687,78.41917,159,0,,,,28.71296,29.18709,24.34743
1787110372,27.64897,78.28184,159,0,,,,28.67909,29.15322,24.41496
1787110373,27.61959,78.14603,159,0,,,,28.71296,29.15322,24.44883
1787110373,27.53414,78.04379,159,0,,,,28.71296,29.28868,24.4827
1787110374,27.64897,77.99802,159,0,,,,28.64523,29.08549,24.44883
1787110375,27.63294,77.86069,159,0,,,,28.67909,29.15322,24.41496
1787110375,27.63294,77.86984,159,0,,,,28.71296,29.22095,24.41496
1787110376,27.61959,77.85611,159,0,,,,28.71296,29.18709,24.5841
1787110377,27.61959,77.68826,160,0,,,,28.64523,29.08549,24.44883
1787110377,27.60624,77.75082,159,0,,,,28.71296,29.22095,24.34743
1787110378,27.61959,77.68826,159,0,,,,28.64523,29.11935,24.44883
1787110379,27.60624,77.61501,159,0,,,,28.67909,29.25482,24.55023
1787110379,27.60624,77.71877,159,0,,,,28.64523,29.18709,24.51636
1787110380,27.66232,77.74166,159,0,,,,28.67909,29.05162,24.51636
1787110381,27.57687,77.5967,159,0,,,,28.71296,29.11935,24.44883
1787110381,27.57687,77.5967,159,0,,,,28.61136,29.25482,24.3811
1787110382,27.64897,77.61501,159,0,,,,28.64523,29.08549,24.44883
1787110383,27.64897,77.61501,159,0,,,,28.67909,29.18709,24.44883
1787110383,27.52079,77.54025,159,0,,,,28.71296,29.15322,24.21217
1787110384,27.59022,77.44411,159,0,,,,28.71296,29.22095,24.34743
1787110385,27.57687,77.56466,159,0,,,,28.67909,29.18709,24.3811
1787110385,27.63294,77.59975,159,0,,,,28.71296,29.18709,24.3811
1787110386,27.64897,77.59212,159,0,,,,28.74682,29.32255,24.44883
1787110387,27.61959,77.65926,159,0,,,,28.71296,29.28868,24.51636
1787110387,27.56351,77.58297,159,0,,,,28.74682,29.15322,24.4827
1787110388,27.56351,77.58297,159,0,,,,28.71296,29.05162,24.51636
1787110389,27.63294,77.53719,159,0,,,,28.71296,29.22095,24.34743
1787110389,27.56351,77.59212,159,0,,,,28.67909,29.18709,24.4827
1787110390,27.61959,77.49447,159,0,,,,28.64523,29.18709,24.3811
1787110391,27.77714,77.59212,159,0,,,,28.67909,29.32255,24.2797
1787110391,27.63294,77.52651,159,0,,,,28.74682,29.18709,24.31357
1787110392,27.70504,77.74166,159,0,,,,28.67909,29.22095,24.31357
1787110393,27.57687,77.62875,159,0,,,,28.74682,29.25482,24.44883
1787110393,27.61959,77.51278,159,0,,,,28.74682,29.22095,24.41496
1787110394,27.64897,77.60433,159,0,,,,28.67909,29.22095,24.34743
1787110395,27.55016,77.5494,159,0,,,,28.71296,29.15322,24.3811
1787110395,27.60624,77.56313,159,0,,,,28.67909,29.28868,24.31357
1787110396,27.63294,77.69283,159,0,,,,28.67909,29.25482,24.44883
1787110397,27.68902,77.66537,159,0,,,,28.71296,29.28868,24.34743
1787110397,27.66232,77.57687,159,0,,,,28.61136,29.18709,24.41496
1787110398,27.68902,77.68673,159,0,,,,28.74682,29.28868,24.4827
1787110399,27.61959,77.62875,159,0,,,,28.67909,29.15322,24.3811
1787110399,27.66232,77.6379,159,0,,,,28.71296,29.25482,24.4827
1787110400,27.59022,77.70199,159,0,,,,28.67909,29.18709,24.5841
1787110401,27.56351,77.63638,159,0,,,,28.71296,29.25482,24.31357
1787110401,27.66232,77.73251,159,0,,,,28.74682,29.25482,24.44883
1787110402,27.61959,77.60586,159,0,,,,28.74682,29.18709,24.3811
1787110403,27.63294,77.673,159,0,,,,28.78069,29.22095,24.21217
1787110403,27.60624,77.75082,159,0,,,,28.64523,29.11935,24.44883
1787110404,27.61959,77.66842,159,0,,,,28.71296,29.18709,24.41496
1787110405,27.57687,77.7203,159,0,,,,28.71296,29.15322,24.55023
1787110405,27.60624,77.75082,159,0,,,,28.64523,29.28868,24.51636
1787110406,27.67567,77.80728,159,0,,,,28.74682,29.25482,24.44883
1787110407,27.64897,77.61501,159,0,,,,28.71296,29.15322,24.44883
1787110407,27.57687,77.73251,159,0,,,,28.71296,29.01776,24.31357
1787110408,27.57687,77.6791,159,0,,,,28.67909,29.15322,24.3811
1787110409,27.67567,77.72488,159,0,,,,28.64523,29.18709,24.24583
1787110409,27.7184,77.7142,159,0,,,,28.74682,29.15322,24.44883
1787110410,27.56351,77.70657,159,0,,,,28.64523,29.11935,24.2797
1787110411,27.52079,77.72793,159,0,,,,28.74682,29.28868,24.44883
1787110411,27.57687,77.61806,159,0,,,,28.71296,29.25482,24.2797
1787110412,27.64897,77.77066,159,0,,,,28.64523,29.25482,24.41496
1787110412,27.63294,77.61959,159,0,,,,28.74682,29.11935,24.31357
1787110413,27.57687,77.64706,159,0,,,,28.67909,29.15322,24.3811
1787110414,27.59022,77.64248,159,0,,,,28.64523,29.32255,24.44883
1787110414,27.64897,77.62417,159,0,,,,28.67909,29.15322,24.24583
1787110415,27.7184,77.6318,159,0,,,,28.67909,29.22095,24.31357
1787110416,27.59022,77.50515,159,0,,,,28.64523,29.11935,24.34743
1787110416,27.61959,77.7203,159,0,,,,28.71296,29.01776,24.41496
1787110417,27.60624,77.61501,159,0,,,,28.67909,29.08549,24.41496
1787110418,27.63294,77.56771,159,0,,,,28.67909,29.22095,24.51636
1787110418,27.67567,77.70199,159,0,,,,28.74682,29.05162,24.4827
1787110419,27.63294,77.5906,159,0,,,,28.64523,29.25482,24.4827
1787110420,27.56351,77.56313,159,0,,,,28.61136,29.11935,24.55023
1787110420,27.64897,77.59212,159,0,,,,28.67909,29.18709,24.4827
1787110421,27.60624,77.50973,159,0,,,,28.71296,29.25482,24.41496
1787110422,27.59022,77.53719,159,0,,,,28.74682,29.22095,24.51636
1787110422,27.66232,77.62875,159,0,,,,28.67909,29.32255,24.3811
1787110423,27.59022,77.47616,159,0,,,,28.64523,29.22095,24.51636
1787110424,27.59022,77.57839,159,0,,,,28.71296,29.18709,24.44883
1787110424,27.68902,77.52804,159,0,,,,28.71296,29.22095,24.44883
1787110425,27.60624,77.51888,159,0,,,,28.64523,29.18709,24.41496
1787110426,27.76379,77.51736,159,0,,,,28.67909,29.22095,24.3811
1787110426,27.55016,77.50515,159,0,,,,28.71296,29.08549,24.4827
1787110427,27.57687,77.53262,159,0,,,,28.81456,29.22095,24.34743
1787110428,27.67567,77.51431,159,0,,,,28.67909,29.18709,24.44883
1787110428,27.7184,77.5082,159,0,,,,28.71296,29.11935,24.51636
1787110429,27.55016,77.55856,159,0,,,,28.74682,29.11935,24.3811
1787110430,27.68902,77.51888,159,0,,,,28.71296,29.15322,24.3811
1787110430,27.66232,77.60586,159,0,,,,28.71296,29.08549,24.4827
1787110431,27.66232,77.55398,159,0,,,,28.71296,29.18709,24.44883
1787110432,27.60624,77.45785,159,0,,,,28.78069,29.32255,24.3811
1787110432,27.57687,77.45022,159,0,,,,28.64523,29.08549,24.3811
1787110433,27.66232,77.45022,159,0,,,,28.71296,29.25482,24.2797
1787110434,27.63294,77.50515,159,0,,,,28.67909,29.18709,24.2797
1787110434,27.63294,77.34035,159,0,,,,28.74682,29.11935,24.41496
1787110435,27.64897,77.48989,159,0,,,,28.67909,29.25482,24.31357
1787110436,27.63294,77.53719,159,0,,,,28.71296,29.22095,24.3811
1787110436,27.66232,77.58602,159,0,,,,28.78069,29.15322,24.34743
1787110437,27.63294,77.42275,160,0,,,,28.78069,29.11935,24.4827
1787110438,27.64897,77.43649,159,0,,,,28.74682,29.39028,24.34743
1787110438,27.68902,77.47768,159,0,,,,28.74682,29.22095,24.3811
1787110439,27.76379,77.46395,159,0,,,,28.64523,29.11935,24.41496
1787110440,27.61959,77.38918,159,0,,,,28.74682,29.22095,24.41496
1787110440,27.57687,77.41817,159,0,,,,28.67909,29.08549,24.44883
1787110441,27.67567,77.52651,159,0,,,,28.67909,29.15322,24.44883
1787110442,27.70504,77.45022,159,0,,,,28.64523,29.25482,24.44883
1787110442,27.60624,77.40444,159,0,,,,28.64523,29.15322,24.41496
1787110443,27.63294,77.48531,159,0,,,,28.74682,29.18709,24.44883
1787110444,27.57687,77.43038,159,0,,,,28.71296,29.22095,24.41496
1787110444,27.57687,77.45022,159,0,,,,28.71296,29.25482,24.41496
1787110445,27.56351,77.45785,159,0,,,,28.67909,29.08549,24.2797
1787110446,27.68902,77.45785,159,0,,,,28.67909,29.18709,24.34743
1787110446,27.64897,77.57229,159,0,,,,28.71296,29.25482,24.41496
1787110447,27.53414,77.48074,159,0,,,,28.67909,29.22095,24.44883
1787110448,27.7184,77.48531,159,0,,,,28.71296,29.25482,24.41496
1787110448,27.61959,77.55398,159,0,,,,28.67909,29.11935,24.41496
1787110449,27.55016,77.57839,159,0,,,,28.67909,29.22095,24.5841
1787110450,27.60624,77.66537,159,0,,,,28.67909,29.08549,24.41496
1787110450,27.66232,77.80576,159,0,,,,28.71296,29.11935,24.4827
1787110451,27.63294,77.96597,159,0,,,,28.67909,29.22095,24.34743
1787110452,27.64897,78.1033,159,0,,,,28.71296,29.18709,24.34743
1787110452,27.61959,78.25132,159,0,,,,28.74682,29.01776,24.4827
1787110453,27.63294,78.37034,159,0,,,,28.67909,29.08549,24.3811
1787110454,27.66232,78.50156,159,0,,,,28.74682,29.15322,24.31357
1787110454,27.70504,78.73197,159,0,,,,28.71296,29.22095,24.51636
1787110455,27.68902,79.03868,159,0,,,,28.67909,29.32255,24.34743
1787110456,27.7184,79.13023,159,0,,,,28.71296,29.18709,24.41496
1787110456,27.67567,79.38964,159,0,,,,28.71296,29.28868,24.44883
1787110457,27.70504,79.43999,159,0,,,,28.64523,29.05162,24.5841
1787110457,27.66232,79.66888,159,0,,,,28.71296,29.01776,24.41496
1787110458,27.67567,79.88861,159,0,,,,28.78069,29.11935,24.41496
1787110459,27.67567,80.12817,159,0,,,,28.71296,29.08549,24.4827
1787110459,27.68902,80.23651,159,0,,,,28.61136,29.15322,24.31357
1787110460,27.64897,80.31892,159,0,,,,28.71296,29.35642,24.41496
1787110461,27.7184,80.53559,159,0,,,,28.78069,29.11935,24.44883
1787110461,27.67567,80.50355,159,0,,,,28.71296,29.11935,24.51636
1787110462,27.60624,80.27924,159,0,,,,28.64523,29.18709,24.51636
1787110463,27.67567,80.26551,159,0,,,,28.71296,29.22095,24.2797
1787110463,27.68902,80.31892,159,0,,,,28.74682,29.18709,24.4827
1787110464,27.63294,79.90845,159,0,,,,28.67909,29.22095,24.34743
1787110465,27.56351,79.7467,159,0,,,,28.67909,29.25482,24.51636
1787110465,27.66232,79.94965,159,0,,,,28.74682,29.18709,24.51636
1787110466,27.63294,79.54528,159,0,,,,28.71296,29.22095,24.41496
1787110467,27.63294,79.36828,159,0,,,,28.64523,29.22095,24.34743
1787110467,27.60624,79.33166,159,0,,,,28.64523,29.22095,24.44883
1787110468,27.70504,79.29351,159,0,,,,28.64523,29.18709,24.51636
1787110469,27.67567,79.20348,159,0,,,,28.71296,29.18709,24.41496
1787110469,27.56351,79.10124,159,0,,,,28.61136,29.25482,24.4827
1787110470,27.61959,78.92729,159,0,,,,28.67909,29.22095,24.4827
1787110471,27.61959,78.83574,159,0,,,,28.67909,29.25482,24.4827
1787110471,27.56351,78.71671,159,0,,,,28.67909,29.22095,24.34743
1787110472,27.63294,78.76402,159,0,,,,28.64523,29.15322,24.34743
1787110473,27.56351,78.55192,159,0,,,,28.61136,29.25482,24.41496
1787110473,27.64897,78.36423,159,0,,,,28.71296,29.15322,24.3811
1787110474,27.61959,78.42985,159,0,,,,28.71296,29.08549,24.3811
1787110475,27.73175,78.36423,159,0,,,,28.67909,29.22095,24.34743
1787110475,27.60624,78.20859,159,0,,,,28.67909,29.32255,24.3811
1787110476,27.64897,78.12619,159,0,,,,28.67909,29.11935,24.41496
1787110477,27.60624,78.1033,159,0,,,,28.71296,29.18709,24.31357
1787110477,27.64897,78.04074,159,0,,,,28.74682,29.01776,24.4827
1787110478,27.67567,77.99496,159,0,,,,28.74682,29.22095,24.44883
1787110479,27.63294,77.94308,159,0,,,,28.67909,29.15322,24.34743
1787110479,27.57687,77.99039,159,0,,,,28.81456,29.08549,24.2797
1787110480,27.59022,77.93393,159,0,,,,28.64523,29.18709,24.41496
1787110481,27.57687,77.83475,159,0,,,,28.71296,29.18709,24.24583
1787110481,27.57687,77.79355,159,0,,,,28.71296,29.25482,24.51636
1787110482,27.66232,77.84695,159,0,,,,28.67909,29.28868,24.4827
1787110483,27.70504,77.95224,159,0,,,,28.64523,29.11935,24.2797
1787110483,27.60624,78.16434,159,0,,,,28.67909,29.22095,24.44883
1787110484,27.63294,78.69382,159,0,,,,28.67909,29.28868,24.41496
1787110485,27.70504,78.86778,159,0,,,,28.67909,29.25482,24.31357
1787110485,27.63294,78.96391,159,0,,,,28.71296,29.28868,24.44883
1787110486,27.61959,79.22942,159,0,,,,28.71296,29.15322,24.44883
1787110487,27.61959,79.33471,159,0,,,,28.61136,29.01776,24.3811
1787110487,27.68902,79.41405,159,0,,,,28.64523,29.22095,24.55023
1787110488,27.64897,79.40337,159,0,,,,28.67909,29.11935,24.44883
1787110489,27.64897,79.4873,159,0,,,,28.64523,29.22095,24.4827
1787110489,27.61959,79.37591,159,0,,,,28.67909,29.15322,24.61796
1787110490,27.68902,79.32098,159,0,,,,28.64523,29.22095,24.44883
1787110491,27.64897,79.24773,159,0,,,,28.74682,29.25482,24.4827
1787110491,27.68902,79.16533,159,0,,,,28.74682,29.15322,24.31357
1787110492,27.63294,78.96391,159,0,,,,28.71296,29.08549,24.41496
1787110493,27.64897,78.95628,159,0,,,,28.67909,29.28868,24.61796
1787110493,27.63294,78.77623,159,0,,,,28.64523,29.18709,24.3811
1787110494,27.59022,78.4741,159,0,,,,28.71296,29.18709,24.4827
1787110495,27.56351,78.53971,159,0,,,,28.67909,29.18709,24.31357
1787110495,27.52079,78.30015,159,0,,,,28.74682,29.18709,24.41496
1787110496,27.77714,78.39323,159,0,,,,28.71296,29.15322,24.44883
1787110497,27.59022,78.22385,159,0,,,,28.61136,29.15322,24.21217
1787110497,27.64897,78.23758,159,0,,,,28.67909,29.18709,24.24583
1787110498,27.63294,78.1918,159,0,,,,28.64523,29.05162,24.4827
1787110499,27.57687,77.99039,159,0,,,,28.67909,29.22095,24.44883
1787110499,27.59022,77.99496,159,0,,,,28.74682,29.22095,24.41496
1787110500,27.60624,78.1033,159,0,,,,28.67909,29.11935,24.3811
1787110500,27.60624,78.13229,159,0,,,,28.74682,29.18709,24.5841
1787110501,27.59022,77.98428,159,0,,,,28.71296,29.08549,24.3811
1787110502,27.59022,77.92172,159,0,,,,28.67909,29.25482,24.41496
1787110502,27.64897,77.8851,159,0,,,,28.71296,29.05162,24.51636
1787110503,27.64897,77.8851,159,0,,,,28.67909,29.08549,24.34743
1787110504,27.66232,77.87595,159,0,,,,28.71296,29.05162,24.44883
1787110504,27.64897,77.70657,159,0,,,,28.74682,29.11935,24.51636
1787110505,27.7184,77.7142,159,0,,,,28.74682,29.32255,24.41496
1787110506,27.59022,77.73403,159,0,,,,28.67909,29.22095,24.44883
1787110506,27.56351,77.65469,159,0,,,,28.74682,29.22095,24.31357
1787110507,27.61959,77.80576,159,0,,,,28.74682,29.22095,24.4827
1787110508,27.68902,77.65621,159,0,,,,28.64523,29.11935,24.5841
1787110508,27.53414,77.61806,159,0,,,,28.71296,29.22095,24.44883
1787110509,27.56351,77.71877,159,0,,,,28.67909,29.22095,24.41496
1787110510,27.64897,77.66537,159,0,,,,28.78069,29.18709,24.3811
1787110510,27.70504,77.51431,159,0,,,,28.67909,29.15322,24.31357
1787110511,27.49409,77.54482,159,0,,,,28.61136,29.25482,24.3811
1787110512,27.60624,77.64553,159,0,,,,28.74682,29.15322,24.3811
1787110512,27.55016,77.50515,159,0,,,,28.71296,29.08549,24.44883
1787110513,27.56351,77.57229,159,0,,,,28.71296,29.15322,24.4827
1787110514,27.59022,77.52651,159,0,,,,28.64523,29.18709,24.44883
1787110514,27.68902,77.62417,159,0,,,,28.61136,29.28868,24.34743
1787110515,27.68902,77.51888,159,0,,,,28.64523,29.18709,24.44883
1787110516,27.7184,77.61044,159,0,,,,28.67909,29.05162,24.4827
1787110516,27.56351,77.42733,159,0,,,,28.61136,29.25482,24.44883
1787110517,27.67567,77.44411,159,0,,,,28.71296,29.08549,24.3811
1787110518,27.64897,77.61501,159,0,,,,28.71296,29.11935,24.4827
1787110518,27.66232,77.46243,159,0,,,,28.71296,29.08549,24.41496
1787110519,27.61959,77.58602,159,0,,,,28.61136,29.18709,24.44883
1787110520,27.60624,77.53109,159,0,,,,28.74682,29.25482,24.4827
1787110520,27.63294,77.57839,159,0,,,,28.64523,29.15322,24.3811
1787110521,27.61959,77.38918,159,0,,,,28.67909,29.25482,24.41496
1787110522,27.60624,77.55093,159,0,,,,28.71296,29.25482,24.2797
1787110522,27.59022,77.41207,159,0,,,,28.64523,29.01776,24.3811
1787110523,27.64897,77.55093,159,0,,,,28.61136,29.18709,24.55023
1787110524,27.67567,77.53719,159,0,,,,28.64523,29.01776,24.2797
1787110524,27.64897,77.51888,159,0,,,,28.67909,29.15322,24.4827
1787110525,27.64897,77.65621,159,0,,,,28.67909,29.11935,24.31357
1787110526,27.61959,77.55398,159,0,,,,28.57749,29.08549,24.41496
1787110526,27.64897,77.59212,159,0,,,,28.64523,29.15322,24.51636
1787110527,27.64897,77.48074,160,0,,,,28.74682,29.25482,24.41496
1787110528,27.67567,77.6318,159,0,,,,28.71296,29.15322,24.3811
1787110528,27.64897,77.53109,159,0,,,,28.61136,29.11935,24.4827
1787110529,27.63294,77.46395,159,0,,,,28.74682,29.18709,24.44883
1787110530,27.59022,77.52651,159,0,,,,28.64523,29.11935,24.41496
1787110530,27.64897,77.41665,159,0,,,,28.74682,29.15322,24.41496
1787110531,27.63294,77.42275,159,0,,,,28.61136,29.05162,24.55023
1787110532,27.68902,77.57229,159,0,,,,28.67909,29.15322,24.41496
1787110532,27.61959,77.45022,159,0,,,,28.71296,29.22095,24.51636
1787110533,27.50744,77.62264,159,0,,,,28.61136,29.15322,24.44883
1787110534,27.60624,77.51888,159,0,,,,28.71296,29.15322,24.41496
1787110534,27.63294,77.56771,159,0,,,,28.67909,29.25482,24.4827
1787110535,27.66232,77.62875,159,0,,,,28.71296,29.18709,24.41496
1787110536,27.60624,77.46853,159,0,,,,28.71296,29.25482,24.34743
1787110536,27.61959,77.47158,159,0,,,,28.71296,29.08549,24.51636
1787110537,27.66232,77.45022,159,0,,,,28.74682,29.15322,24.41496
1787110538,27.70504,77.56466,159,0,,,,28.71296,29.28868,24.44883
1787110538,27.56351,77.46853,159,0,,,,28.67909,29.18709,24.44883
1787110539,27.59022,77.51431,159,0,,,,28.78069,29.22095,24.5841
1787110540,27.61959,77.36629,159,0,,,,28.64523,29.15322,24.41496
1787110540,27.59022,77.44411,159,0,,,,28.71296,29.18709,24.3811
1787110541,27.60624,77.56313,159,0,,,,28.71296,29.25482,24.3811
1787110542,27.61959,77.58602,159,0,,,,28.74682,29.22095,24.4827
1787110542,27.61959,77.51278,159,0,,,,28.71296,29.15322,24.31357
1787110543,27.61959,77.51278,159,0,,,,28.67909,29.11935,24.41496
1787110543,27.61959,77.53262,159,0,,,,28.64523,29.28868,24.65183
1787110544,27.57687,77.52346,159,0,,,,28.71296,29.35642,24.3811
1787110545,27.63294,77.53719,159,0,,,,28.74682,29.11935,24.3811
1787110546,27.57687,77.51278,159,0,,,,28.64523,29.18709,24.44883
1787110546,27.57687,77.51278,159,0,,,,28.71296,29.25482,24.3811
1787110547,27.59022,77.42275,159,0,,,,28.64523,29.15322,24.51636
1787110547,27.60624,77.46853,159,0,,,,28.67909,29.22095,24.44883
1787110548,27.53414,77.46243,159,0,,,,28.67909,29.11935,24.3811
1787110549,27.61959,77.47158,159,0,,,,28.64523,29.25482,24.44883
1787110549,27.61959,77.53262,159,0,,,,28.64523,29.15322,24.34743
1787110550,27.50744,77.4136,159,0,,,,28.74682,29.25482,24.4827
1787110551,27.66232,77.54482,159,0,,,,28.67909,29.28868,24.44883
1787110551,27.56351,77.57229,159,0,,,,28.71296,29.05162,24.41496
1787110552,27.63294,77.5906,159,0,,,,28.67909,29.15322,24.34743
1787110553,27.57687,77.47158,159,0,,,,28.61136,29.32255,24.51636
1787110553,27.64897,77.48989,159,0,,,,28.64523,29.28868,24.44883
1787110554,27.57687,77.55398,159,0,,,,28.74682,29.25482,24.41496
1787110555,27.67567,77.55856,159,0,,,,28.64523,29.15322,24.41496
1787110555,27.60624,77.54025,159,0,,,,28.67909,29.22095,24.4827
1787110556,27.70504,77.48226,159,0,,,,28.67909,29.22095,24.34743
1787110557,27.55016,77.62264,159,0,,,,28.74682,29.22095,24.34743
1787110557,27.60624,77.61501,159,0,,,,28.74682,29.11935,24.4827
1787110558,27.57687,77.60586,159,0,,,,28.67909,29.11935,24.3811
1787110559,27.67567,77.55856,159,0,,,,28.78069,29.08549,24.44883
1787110559,27.55016,77.42275,159,0,,,,28.67909,29.28868,24.55023
1787110560,27.64897,77.60433,159,0,,,,28.61136,29.22095,24.51636
1787110561,27.63294,77.54635,159,0,,,,28.71296,29.22095,24.4827
1787110561,27.68902,77.65621,159,0,,,,28.64523,29.11935,24.44883
1787110562,27.66232,77.47158,159,0,,,,28.81456,29.22095,24.41496
1787110563,27.70504,77.60586,159,0,,,,28.67909,29.18709,24.44883
1787110563,27.63294,77.59975,159,0,,,,28.67909,29.15322,24.51636
1787110564,27.61959,77.56466,159,0,,,,28.64523,29.15322,24.3811
1787110565,27.61959,77.57687,159,0,,,,28.64523,29.11935,24.51636
1787110565,27.63294,77.61044,159,0,,,,28.67909,29.22095,24.41496
1787110566,27.63294,77.54635,159,0,,,,28.67909,29.15322,24.34743
1787110567,27.63294,77.64248,160,0,,,,28.64523,29.05162,24.44883
1787110567,27.63294,77.69283,159,0,,,,28.71296,29.22095,24.44883
1787110568,27.60624,77.65469,159,0,,,,28.64523,29.11935,24.51636
1787110569,27.68902,77.66537,159,0,,,,28.71296,29.25482,24.44883
1787110569,27.55016,77.84848,159,0,,,,28.78069,29.22095,24.4827
1787110570,27.60624,77.93851,159,0,,,,28.67909,29.25482,24.41496
1787110571,27.59022,77.8378,159,0,,,,28.61136,29.11935,24.44883
1787110571,27.56351,77.84238,159,0,,,,28.71296,29.11935,24.44883
1787110572,27.68902,78.0621,159,0,,,,28.67909,29.22095,24.44883
1787110573,27.68902,78.03006,159,0,,,,28.78069,29.08549,24.3811
1787110573,27.70504,78.11703,159,0,,,,28.61136,29.15322,24.51636
1787110574,27.63294,78.23605,159,0,,,,28.64523,29.11935,24.44883
1787110575,27.63294,78.37949,159,0,,,,28.74682,29.15322,24.44883
1787110575,27.63294,78.3917,159,0,,,,28.71296,29.18709,24.34743
1787110576,27.68902,78.61143,159,0,,,,28.78069,29.22095,24.41496
1787110577,27.68902,78.69535,159,0,,,,28.71296,29.18709,24.44883
1787110577,27.67567,78.76402,159,0,,,,28.71296,29.18709,24.44883
1787110578,27.63294,78.90135,159,0,,,,28.71296,29.35642,24.31357
1787110579,27.68902,79.06157,159,0,,,,28.71296,29.15322,24.31357
1787110579,27.68902,79.12108,159,0,,,,28.67909,29.28868,24.4827
1787110580,27.63294,79.2752,159,0,,,,28.67909,29.22095,24.4827
1787110581,27.64897,79.38201,159,0,,,,28.67909,29.18709,24.5841
1787110581,27.67567,79.55596,159,0,,,,28.74682,29.11935,24.41496
1787110582,27.7184,79.80774,159,0,,,,28.71296,29.01776,24.31357
1787110583,27.68902,79.7467,159,0,,,,28.74682,29.11935,24.4827
1787110583,27.55016,79.72381,159,0,,,,28.67909,29.18709,24.51636
1787110584,27.70504,79.65667,159,0,,,,28.78069,29.22095,24.4827
1787110585,27.70504,79.54223,159,0,,,,28.67909,29.22095,24.44883
1787110585,27.64897,79.46746,159,0,,,,28.64523,29.11935,24.41496
1787110586,27.68902,79.15312,159,0,,,,28.67909,29.08549,24.41496
1787110587,27.57687,79.01122,159,0,,,,28.64523,29.25482,24.3811
1787110587,27.59022,78.80522,159,0,,,,28.74682,29.11935,24.44883
1787110588,27.61959,78.70908,159,0,,,,28.74682,29.15322,24.3811
1787110588,27.60624,78.67551,159,0,,,,28.74682,29.18709,24.34743
1787110589,27.73175,78.48783,159,0,,,,28.67909,29.15322,24.34743
1787110590,27.68902,78.53971,159,0,,,,28.64523,29.18709,24.3811
1787110590,27.66232,78.54429,159,0,,,,28.64523,29.05162,24.3811
1787110591,27.63294,78.52598,159,0,,,,28.64523,29.25482,24.41496
1787110592,27.61959,78.62669,159,0,,,,28.64523,29.15322,24.3811
1787110592,27.68902,78.83116,159,0,,,,28.61136,29.08549,24.34743
1787110593,27.66232,79.05547,159,0,,,,28.67909,29.11935,24.2797
1787110594,27.64897,79.27978,159,0,,,,28.78069,29.11935,24.34743
1787110594,27.73175,79.7055,159,0,,,,28.64523,29.15322,24.5841
1787110595,27.59022,80.0351,159,0,,,,28.74682,29.08549,24.44883
1787110596,27.67567,80.24261,159,0,,,,28.78069,29.22095,24.41496
1787110596,27.68902,80.60273,159,0,,,,28.64523,29.18709,24.55023
1787110597,27.68902,80.61189,159,0,,,,28.67909,29.18709,24.44883
1787110598,27.66232,80.68665,159,0,,,,28.71296,29.15322,24.55023
1787110598,27.67567,80.71259,159,0,,,,28.81456,29.35642,24.34743
1787110599,27.66232,80.61646,159,0,,,,28.64523,29.15322,24.34743
1787110600,27.68902,80.52644,159,0,,,,28.64523,29.15322,24.4827
1787110600,27.70504,80.42878,159,0,,,,28.64523,29.18709,24.44883
1787110601,27.61959,80.22888,159,0,,,,28.71296,29.22095,24.4827
1787110602,27.59022,80.07629,159,0,,,,28.64523,29.35642,24.31357
1787110602,27.64897,79.73754,159,0,,,,28.67909,29.11935,24.41496
1787110603,27.66232,79.62768,159,0,,,,28.67909,29.25482,24.3811
1787110604,27.67567,79.46288,159,0,,,,28.67909,29.15322,24.44883
1787110604,27.61959,79.33471,159,0,,,,28.64523,29.15322,24.4827
1787110605,27.67567,79.1516,159,0,,,,28.67909,29.18709,24.4827
1787110606,27.60624,78.99748,159,0,,,,28.67909,29.08549,24.51636
1787110606,27.57687,78.79149,159,0,,,,28.74682,29.28868,24.34743
1787110607,27.68902,78.71671,159,0,,,,28.67909,29.28868,24.65183
1787110608,27.57687,78.49241,159,0,,,,28.78069,29.15322,24.44883
1787110608,27.61959,78.439,159,0,,,,28.71296,29.15322,24.3811
1787110609,27.60624,78.21774,159,0,,,,28.74682,29.08549,24.34743
1787110610,27.53414,78.26048,159,0,,,,28.67909,29.25482,24.44883
1787110610,27.57687,78.33372,159,0,,,,28.67909,29.25482,24.41496
1787110611,27.53414,78.08652,159,0,,,,28.67909,29.05162,24.44883
1787110612,27.55016,78.00717,159,0,,,,28.78069,29.15322,24.41496
1787110612,27.60624,78.0621,159,0,,,,28.67909,29.22095,24.24583
1787110613,27.63294,78.03616,159,0,,,,28.71296,29.11935,24.4827
1787110614,27.66232,77.89883,159,0,,,,28.67909,29.18709,24.41496
1787110614,27.66232,78.02243,159,0,,,,28.67909,29.18709,24.34743
1787110615,27.59022,77.91257,160,0,,,,28.71296,29.32255,24.41496
1787110616,27.66232,77.74166,159,0,,,,28.67909,29.05162,24.4827
1787110616,27.64897,78.08194,159,0,,,,28.64523,29.22095,24.4827
1787110617,27.67567,78.4741,159,0,,,,28.71296,29.11935,24.51636
1787110618,27.64897,78.80064,159,0,,,,28.67909,29.08549,24.41496
1787110618,27.64897,79.11192,160,0,,,,28.71296,29.22095,24.2797
1787110619,27.67567,79.40032,159,0,,,,28.64523,29.11935,24.3811
1787110620,27.66232,79.46899,159,0,,,,28.71296,29.32255,24.3811
1787110620,27.64897,79.56969,159,0,,,,28.71296,29.22095,24.3811
1787110621,27.60624,79.45525,159,0,,,,28.67909,29.18709,24.4827
1787110622,27.64897,79.5819,159,0,,,,28.67909,29.11935,24.34743
1787110622,27.61959,79.58343,159,0,,,,28.61136,29.15322,24.24583
1787110623,27.61959,79.66888,159,0,,,,28.64523,29.22095,24.34743
1787110624,27.76379,79.84894,159,0,,,,28.67909,29.11935,24.44883
1787110624,27.60624,79.81079,159,0,,,,28.67909,29.15322,24.34743
1787110625,27.66232,79.98016,159,0,,,,28.71296,29.25482,24.31357
1787110626,27.68902,80.09155,159,0,,,,28.67909,29.22095,24.34743
1787110626,27.63294,80.37843,159,0,,,,28.61136,29.22095,24.34743
1787110627,27.64897,80.3708,159,0,,,,28.61136,29.18709,24.51636
1787110628,27.66232,80.42878,159,0,,,,28.71296,29.18709,24.31357
1787110628,27.67567,80.45319,159,0,,,,28.74682,29.25482,24.41496
1787110629,27.66232,80.27314,159,0,,,,28.67909,29.18709,24.3811
1787110630,27.70504,80.26093,159,0,,,,28.64523,29.11935,24.3811
1787110630,27.61959,80.00916,159,0,,,,28.78069,29.32255,24.31357
1787110631,27.56351,79.86115,159,0,,,,28.71296,29.11935,24.41496
1787110631,27.64897,79.75739,159,0,,,,28.71296,29.11935,24.51636
1787110632,27.63294,79.59716,159,0,,,,28.71296,29.18709,24.3811
1787110633,27.64897,79.56969,159,0,,,,28.71296,29.18709,24.55023
1787110633,27.57687,79.46899,159,0,,,,28.74682,29.25482,24.4827
1787110634,27.63294,79.29504,159,0,,,,28.67909,29.11935,24.31357
1787110635,27.60624,79.16533,159,0,,,,28.67909,29.08549,24.31357
1787110635,27.66232,79.02342,159,0,,,,28.71296,29.15322,24.41496
1787110636,27.68902,78.96544,159,0,,,,28.71296,29.18709,24.34743
1787110637,27.60624,78.80064,159,0,,,,28.67909,29.15322,24.34743
1787110637,27.63294,78.69382,159,0,,,,28.74682,29.05162,24.41496
1787110638,27.68902,78.69535,159,0,,,,28.64523,29.11935,24.51636
1787110639,27.64897,78.57175,159,0,,,,28.74682,29.08549,24.41496
1787110639,27.66232,78.51225,159,0,,,,28.67909,29.18709,24.31357
1787110640,27.59022,78.37949,159,0,,,,28.67909,29.08549,24.31357
1787110641,27.57687,78.33372,159,0,,,,28.74682,29.22095,24.51636
1787110641,27.60624,78.26963,159,0,,,,28.64523,29.25482,24.4827
1787110642,27.68902,78.15366,159,0,,,,28.67909,29.18709,24.4827
1787110643,27.70504,78.13992,159,0,,,,28.64523,29.15322,24.4827
1787110643,27.56351,78.16434,159,0,,,,28.71296,29.18709,24.41496
1787110644,27.63294,78.17197,159,0,,,,28.67909,29.25482,24.51636
1787110645,27.63294,78.00412,159,0,,,,28.74682,29.25482,24.34743
1787110645,27.56351,78.03006,159,0,,,,28.61136,29.25482,24.3811
1787110646,27.60624,77.8851,160,0,,,,28.74682,29.28868,24.55023
1787110647,27.61959,77.9614,159,0,,,,28.67909,29.18709,24.2797
1787110647,27.61959,77.99039,159,0,,,,28.71296,29.08549,24.55023
1787110648,27.67567,77.96597,159,0,,,,28.74682,29.15322,24.31357
1787110649,27.63294,77.77829,159,0,,,,28.74682,29.15322,24.3811
1787110649,27.61959,77.86679,159,0,,,,28.67909,29.08549,24.44883
1787110650,27.60624,77.85306,159,0,,,,28.67909,29.25482,24.51636
1787110651,27.59022,77.80728,159,0,,,,28.74682,29.22095,24.41496
1787110651,27.61959,77.90799,159,0,,,,28.67909,29.15322,24.3811
1787110652,27.61959,77.90799,159,0,,,,28.67909,29.18709,24.34743
1787110653,27.57687,77.85611,159,0,,,,28.74682,29.22095,24.3811
1787110653,27.67567,77.79813,159,0,,,,28.71296,29.11935,24.3811
1787110654,27.56351,77.90646,159,0,,,,28.67909,29.28868,24.55023
1787110655,27.61959,77.79355,159,0,,,,28.71296,29.22095,24.41496
1787110655,27.67567,77.79813,159,0,,,,28.71296,29.15322,24.3811
1787110656,27.61959,77.73251,159,0,,,,28.64523,29.15322,24.41496
1787110657,27.70504,77.78439,159,0,,,,28.61136,29.11935,24.44883
1787110657,27.52079,77.82101,159,0,,,,28.71296,29.15322,24.3811
1787110658,27.66232,77.74166,159,0,,,,28.64523,29.15322,24.4827
1787110659,27.63294,77.81644,159,0,,,,28.74682,29.25482,24.3811
1787110659,27.61959,77.78439,159,0,,,,28.67909,29.32255,24.3811
1787110660,27.66232,77.78439,159,0,,,,28.67909,29.25482,24.51636
1787110661,27.70504,77.85611,159,0,,,,28.57749,29.22095,24.4827
1787110661,27.61959,77.75235,159,0,,,,28.67909,29.25482,24.34743
1787110662,27.60624,77.8027,159,0,,,,28.67909,29.18709,24.41496
1787110663,27.63294,77.95377,159,0,,,,28.74682,29.08549,24.41496
1787110663,27.63294,77.95377,159,0,,,,28.64523,29.25482,24.3811
1787110664,27.66232,77.9614,159,0,,,,28.67909,29.15322,24.3811
1787110665,27.63294,77.73403,159,0,,,,28.78069,29.18709,24.41496
1787110665,27.64897,77.8851,159,0,,,,28.67909,29.11935,24.41496
1787110666,27.60624,77.95834,159,0,,,,28.74682,29.18709,24.51636
1787110667,27.60624,77.8027,159,0,,,,28.71296,29.25482,24.44883
1787110667,27.63294,77.8378,159,0,,,,28.74682,29.35642,24.31357
1787110668,27.60624,77.91562,159,0,,,,28.78069,29.22095,24.31357
1787110669,27.77714,77.93546,159,0,,,,28.74682,29.18709,24.4827
1787110669,27.57687,77.78439,159,0,,,,28.71296,29.35642,24.3811
1787110670,27.57687,77.78439,159,0,,,,28.67909,29.18709,24.3811
1787110671,27.59022,77.70199,159,0,,,,28.57749,29.32255,24.3811
1787110671,27.61959,77.79355,159,0,,,,28.67909,29.22095,24.4827
1787110672,27.53414,77.77371,159,0,,,,28.74682,29.22095,24.3811
1787110673,27.61959,77.89883,159,0,,,,28.78069,29.11935,24.44883
1787110673,27.61959,77.84695,159,0,,,,28.71296,29.08549,24.51636
1787110674,27.57687,77.77371,159,0,,,,28.61136,29.32255,24.31357
1787110674,27.70504,77.78439,159,0,,,,28.67909,29.18709,24.34743
1787110675,27.67567,77.66384,159,0,,,,28.74682,29.22095,24.44883
1787110676,27.53414,77.52346,159,0,,,,28.74682,29.22095,24.4827
1787110676,27.63294,77.66079,159,0,,,,28.71296,29.25482,24.44883
1787110677,27.57687,77.7203,159,0,,,,28.71296,29.22095,24.44883
1787110678,27.57687,77.6379,159,0,,,,28.71296,29.05162,24.34743
1787110678,27.61959,77.76456,159,0,,,,28.64523,29.18709,24.41496
1787110679,27.63294,77.673,159,0,,,,28.64523,29.15322,24.55023
1787110680,27.63294,77.54635,159,0,,,,28.64523,29.05162,24.34743
1787110680,27.68902,77.52804,159,0,,,,28.64523,29.18709,24.41496
1787110681,27.68902,77.71572,159,0,,,,28.67909,29.15322,24.34743
1787110682,27.60624,77.54025,159,0,,,,28.61136,29.11935,24.21217
1787110682,27.60624,77.58297,159,0,,,,28.71296,29.08549,24.3811
1787110683,27.60624,77.46853,159,0,,,,28.74682,29.15322,24.44883
1787110684,27.68902,77.58144,159,0,,,,28.74682,29.08549,24.41496
1787110684,27.67567,77.55856,159,0,,,,28.74682,29.18709,24.3811
1787110685,27.64897,77.59212,159,0,,,,28.64523,29.08549,24.44883
1787110686,27.66232,77.45022,159,0,,,,28.74682,29.28868,24.41496
1787110686,27.61959,77.62875,159,0,,,,28.67909,29.15322,24.61796
1787110687,27.64897,77.61501,159,0,,,,28.71296,29.15322,24.44883
1787110688,27.61959,77.55398,159,0,,,,28.61136,29.18709,24.4827
1787110688,27.67567,77.55856,159,0,,,,28.67909,29.22095,24.51636
1787110689,27.63294,77.5906,159,0,,,,28.67909,29.11935,24.51636
1787110690,27.57687,77.62875,159,0,,,,28.71296,29.32255,24.44883
1787110690,27.67567,77.49599,159,0,,,,28.74682,29.01776,24.51636
1787110691,27.64897,77.50057,159,0,,,,28.64523,29.32255,24.5841
1787110692,27.61959,77.56466,159,0,,,,28.64523,29.22095,24.3811
1787110692,27.63294,77.673,159,0,,,,28.64523,29.22095,24.41496
1787110693,27.61959,77.55398,159,0,,,,28.71296,29.25482,24.34743
1787110694,27.66232,77.62875,159,0,,,,28.71296,29.11935,24.31357
1787110694,27.56351,77.62417,159,0,,,,28.67909,29.22095,24.34743
1787110695,27.60624,77.63638,160,0,,,,28.71296,29.18709,24.4827
1787110696,27.53414,77.52346,159,0,,,,28.71296,29.15322,24.4827
1787110696,27.60624,77.49905,159,0,,,,28.71296,29.11935,24.34743
1787110697,27.67567,77.68215,159,0,,,,28.71296,29.15322,24.41496
1787110698,27.56351,77.39529,159,0,,,,28.67909,29.25482,24.4827
1787110698,27.63294,77.50515,159,0,,,,28.71296,29.18709,24.4827
1787110699,27.68902,77.56008,159,0,,,,28.67909,29.22095,24.4827
1787110700,27.60624,77.64553,159,0,,,,28.71296,29.18709,24.41496
1787110700,27.57687,77.58602,159,0,,,,28.74682,29.18709,24.61796
1787110701,27.60624,77.56313,159,0,,,,28.67909,29.22095,24.4827
1787110702,27.61959,77.50057,159,0,,,,28.71296,29.25482,24.3811
1787110702,27.70504,77.58602,159,0,,,,28.64523,29.22095,24.31357
1787110703,27.66232,77.48226,159,0,,,,28.74682,29.18709,24.44883
1787110704,27.63294,77.51431,159,0,,,,28.67909,29.25482,24.3811
1787110704,27.60624,77.46853,159,0,,,,28.78069,29.11935,24.3811
1787110705,27.67567,77.5082,160,0,,,,28.74682,29.18709,24.44883
1787110706,27.66232,77.57687,159,0,,,,28.64523,29.15322,24.4827
1787110706,27.7184,77.52651,159,0,,,,28.71296,29.28868,24.2797
1787110707,27.66232,77.48226,159,0,,,,28.57749,29.11935,24.41496
1787110708,27.63294,77.47616,159,0,,,,28.71296,29.18709,24.44883
1787110708,27.61959,77.49447,159,0,,,,28.71296,29.15322,24.4827
1787110709,27.60624,77.51888,159,0,,,,28.67909,29.15322,24.41496
1787110710,27.64897,77.50057,159,0,,,,28.74682,29.15322,24.4827
1787110710,27.56351,77.46853,159,0,,,,28.71296,29.11935,24.34743
1787110711,27.64897,77.59212,159,0,,,,28.67909,29.28868,24.3811
1787110712,27.68902,77.45785,159,0,,,,28.67909,29.25482,24.41496
1787110712,27.64897,77.58297,159,0,,,,28.71296,29.25482,24.34743
1787110713,27.67567,77.673,159,0,,,,28.67909,29.05162,24.51636
1787110714,27.66232,77.65926,159,0,,,,28.67909,29.22095,24.3811
1787110714,27.64897,77.56313,159,0,,,,28.71296,29.15322,24.41496
1787110715,27.66232,77.5967,159,0,,,,28.71296,29.15322,24.51636
1787110716,27.68902,77.67452,159,0,,,,28.64523,29.15322,24.31357
1787110716,27.55016,77.70504,160,0,,,,28.64523,29.18709,24.51636
1787110717,27.66232,77.65926,159,0,,,,28.67909,29.32255,24.34743
1787110718,27.64897,77.71877,159,0,,,,28.71296,29.25482,24.31357
1787110718,27.66232,77.7203,159,0,,,,28.64523,29.18709,24.4827
1787110719,27.73175,77.72793,159,0,,,,28.67909,29.11935,24.51636
1787110719,27.61959,77.62875,159,0,,,,28.71296,29.18709,24.24583
1787110720,27.57687,77.66842,159,0,,,,28.74682,29.18709,24.31357
1787110721,27.60624,77.72793,159,0,,,,28.71296,29.18709,24.5841
1787110721,27.66232,77.61806,159,0,,,,28.74682,29.15322,24.44883
1787110722,27.59022,77.74624,159,0,,,,28.78069,29.32255,24.41496
1787110723,27.66232,77.66842,159,0,,,,28.71296,29.25482,24.4827
1787110723,27.61959,77.65011,159,0,,,,28.67909,29.32255,24.4827
1787110724,27.56351,77.58297,159,0,,,,28.67909,29.15322,24.1783
1787110725,27.60624,77.62417,159,0,,,,28.71296,29.25482,24.3811
1787110725,27.61959,77.71114,159,0,,,,28.71296,29.22095,24.44883
1787110726,27.56351,77.53109,159,0,,,,28.64523,29.15322,24.44883
1787110727,27.66232,77.51278,159,0,,,,28.71296,29.25482,24.41496
1787110727,27.60624,77.56313,159,0,,,,28.71296,29.25482,24.55023
1787110728,27.66232,77.58602,159,0,,,,28.67909,29.11935,24.51636
1787110729,27.70504,77.62875,159,0,,,,28.71296,29.15322,24.44883
1787110729,27.67567,77.61959,159,0,,,,28.71296,29.28868,24.44883
1787110730,27.60624,77.51888,159,0,,,,28.71296,29.22095,24.3811
1787110731,27.59022,77.5906,159,0,,,,28.61136,29.15322,24.44883
1787110731,27.59022,77.59975,159,0,,,,28.71296,29.22095,24.34743
1787110732,27.52079,77.50973,159,0,,,,28.67909,29.18709,24.2797
1787110733,27.61959,77.57687,159,0,,,,28.71296,29.15322,24.61796
1787110733,27.60624,77.38461,159,0,,,,28.64523,29.25482,24.4827
1787110734,27.70504,77.54482,159,0,,,,28.64523,29.18709,24.5841
1787110735,27.57687,77.57687,159,0,,,,28.67909,29.11935,24.55023
1787110735,27.77714,77.62417,159,0,,,,28.64523,29.15322,24.3811
1787110736,27.67567,77.54635,159,0,,,,28.61136,29.08549,24.41496
1787110737,27.70504,77.50362,159,0,,,,28.71296,29.18709,24.4827
1787110737,27.67567,77.55856,159,0,,,,28.74682,29.18709,24.44883
1787110738,27.60624,77.56313,159,0,,,,28.74682,29.22095,24.34743
1787110739,27.70504,77.56466,159,0,,,,28.74682,29.28868,24.34743
1787110739,27.59022,77.50515,159,0,,,,28.61136,29.11935,24.34743
1787110740,27.66232,77.68826,159,0,,,,28.74682,29.05162,24.44883
1787110741,27.55016,77.80728,159,0,,,,28.67909,29.11935,24.41496
1787110741,27.61959,78.00259,159,0,,,,28.74682,29.18709,24.4827
1787110742,27.76379,78.24521,159,0,,,,28.67909,29.25482,24.41496
1787110743,27.53414,78.38712,159,0,,,,28.78069,29.22095,24.44883
1787110743,27.60624,78.38407,159,0,,,,28.64523,29.15322,24.44883
1787110744,27.67567,78.54734,159,0,,,,28.64523,29.22095,24.3811
1787110745,27.70504,78.63584,159,0,,,,28.64523,29.15322,24.44883
1787110745,27.64897,78.59312,159,0,,,,28.67909,29.25482,24.4827
1787110746,27.70504,78.71214,159,0,,,,28.67909,29.32255,24.24583
1787110747,27.63294,78.61753,159,0,,,,28.64523,29.18709,24.44883
1787110747,27.61959,78.86778,159,0,,,,28.67909,29.08549,24.4827
1787110748,27.64897,78.89525,159,0,,,,28.64523,29.08549,24.3811
1787110749,27.64897,78.87389,159,0,,,,28.67909,29.18709,24.31357
1787110749,27.68902,78.99748,159,0,,,,28.64523,29.22095,24.3811
1787110750,27.53414,78.77165,159,0,,,,28.71296,29.18709,24.3811
1787110751,27.64897,78.92424,159,0,,,,28.67909,29.25482,24.31357
1787110751,27.66232,78.97002,159,0,,,,28.74682,29.25482,24.3811
1787110752,27.68902,79.02953,159,0,,,,28.57749,29.15322,24.3811
1787110753,27.56351,79.00969,159,0,,,,28.71296,29.08549,24.3811
1787110753,27.57687,78.92729,159,0,,,,28.67909,29.18709,24.4827
1787110754,27.67567,78.97307,159,0,,,,28.78069,29.15322,24.3811
1787110755,27.67567,78.91966,159,0,,,,28.64523,29.08549,24.3811
1787110755,27.66232,78.83574,159,0,,,,28.71296,29.22095,24.41496
1787110756,27.56351,78.8098,159,0,,,,28.71296,29.22095,24.31357
1787110757,27.59022,78.78539,159,0,,,,28.67909,29.22095,24.3811
1787110757,27.60624,78.74876,159,0,,,,28.81456,29.15322,24.34743
1787110758,27.61959,78.64805,159,0,,,,28.67909,29.35642,24.41496
1787110759,27.59022,78.55802,159,0,,,,28.64523,29.15322,24.31357
1787110759,27.66232,78.50156,159,0,,,,28.61136,29.18709,24.41496
1787110760,27.67567,78.41154,159,0,,,,28.71296,29.11935,24.2797
1787110761,27.56351,78.2681,159,0,,,,28.67909,29.11935,24.3811
1787110761,27.63294,78.28642,159,0,,,,28.71296,29.18709,24.51636
1787110762,27.68902,78.26963,159,0,,,,28.64523,29.22095,24.44883
1787110763,27.67567,78.10025,159,0,,,,28.74682,29.08549,24.31357
1787110763,27.70504,78.09567,159,0,,,,28.74682,29.28868,24.4827
1787110764,27.64897,77.97665,159,0,,,,28.71296,29.15322,24.34743
1787110764,27.66232,77.90799,159,0,,,,28.74682,29.11935,24.51636
1787110765,27.63294,77.90189,159,0,,,,28.61136,29.22095,24.4827
1787110766,27.59022,77.94308,159,0,,,,28.67909,29.15322,24.2797
1787110766,27.63294,77.7142,159,0,,,,28.67909,29.22095,24.61796
1787110767,27.57687,77.78439,159,0,,,,28.64523,29.08549,24.44883
1787110768,27.55016,77.74624,159,0,,,,28.67909,29.15322,24.5841
1787110768,27.63294,77.76608,159,0,,,,28.67909,29.22095,24.3811
1787110769,27.60624,77.77066,159,0,,,,28.67909,29.11935,24.44883
1787110770,27.61959,77.6379,159,0,,,,28.67909,29.08549,24.3811
1787110770,27.67567,77.78745,159,0,,,,28.71296,29.18709,24.24583
1787110771,27.66232,78.03464,159,0,,,,28.67909,29.32255,24.51636
1787110772,27.64897,78.17654,159,0,,,,28.67909,28.98389,24.5841
1787110772,27.60624,78.24979,159,0,,,,28.71296,29.15322,24.3811
1787110773,27.66232,78.439,159,0,,,,28.74682,29.01776,24.41496
1787110774,27.61959,78.46952,159,0,,,,28.71296,29.11935,24.44883
1787110774,27.67567,78.5153,159,0,,,,28.78069,29.18709,24.55023
1787110775,27.66232,78.68925,159,0,,,,28.74682,29.15322,24.2797
1787110776,27.66232,78.68925,159,0,,,,28.67909,29.18709,24.51636
1787110776,27.63294,78.62974,159,0,,,,28.64523,29.25482,24.5841
1787110777,27.63294,78.62974,159,0,,,,28.71296,29.28868,24.44883
1787110778,27.68902,78.53971,159,0,,,,28.61136,29.08549,24.4827
1787110778,27.61959,78.55344,159,0,,,,28.64523,29.15322,24.3811
1787110779,27.57687,78.44816,159,0,,,,28.74682,29.08549,24.31357
1787110780,27.59022,78.40086,159,0,,,,28.61136,29.18709,24.3811
1787110780,27.56351,78.31998,159,0,,,,28.71296,29.08549,24.3811
1787110781,27.63294,78.37034,159,0,,,,28.74682,29.15322,24.44883
1787110782,27.66232,78.26353,159,0,,,,28.78069,29.22095,24.3811
1787110782,27.66232,78.25132,159,0,,,,28.71296,29.15322,24.41496
1787110783,27.64897,78.0499,159,0,,,,28.67909,29.05162,24.3811
1787110784,27.55016,78.10025,159,0,,,,28.64523,29.11935,24.34743
1787110784,27.56351,78.24979,159,0,,,,28.67909,29.18709,24.51636
1787110785,27.61959,78.37797,159,0,,,,28.67909,29.22095,24.34743
1787110786,27.68902,78.33219,159,0,,,,28.74682,29.22095,24.44883
1787110786,27.63294,78.42374,160,0,,,,28.67909,29.08549,24.55023
1787110787,27.63294,78.61753,159,0,,,,28.67909,29.18709,24.3811
1787110788,27.56351,78.55192,159,0,,,,28.71296,29.01776,24.3811
1787110788,27.59022,78.58854,159,0,,,,28.71296,29.25482,24.31357
1787110789,27.56351,78.65415,159,0,,,,28.74682,29.11935,24.3811
1787110790,27.63294,78.72282,159,0,,,,28.71296,29.01776,24.51636
1787110790,27.67567,78.86015,159,0,,,,28.67909,29.22095,24.34743
1787110791,27.59022,78.85863,159,0,,,,28.71296,29.28868,24.51636
1787110792,27.67567,78.93187,159,0,,,,28.67909,29.18709,24.3811
1787110792,27.68902,78.851,159,0,,,,28.64523,29.15322,24.44883
1787110793,27.61959,78.81438,159,0,,,,28.64523,29.22095,24.44883
1787110794,27.56351,78.77776,159,0,,,,28.64523,29.05162,24.41496
1787110794,27.70504,78.69993,159,0,,,,28.78069,29.11935,24.2797
1787110795,27.63294,78.62974,160,0,,,,28.61136,29.22095,24.31357
1787110796,27.60624,78.48783,159,0,,,,28.71296,29.25482,24.3811
1787110796,27.68902,78.51987,159,0,,,,28.71296,29.15322,24.41496
1787110797,27.63294,78.20401,159,0,,,,28.74682,29.28868,24.44883
1787110798,27.64897,78.19638,159,0,,,,28.61136,29.05162,24.5841
1787110798,27.63294,78.05753,159,0,,,,28.64523,29.25482,24.3811
1787110799,27.59022,77.93393,159,0,,,,28.67909,29.11935,24.4827
1787110800,27.59022,77.95377,159,0,,,,28.64523,29.22095,24.3811
1787110800,27.59022,78.01633,159,0,,,,28.71296,29.25482,24.3811
1787110801,27.60624,77.85306,159,0,,,,28.67909,29.35642,24.44883
1787110802,27.64897,77.95834,159,0,,,,28.67909,29.22095,24.34743
1787110802,27.57687,77.82407,159,0,,,,28.67909,29.15322,24.3811
1787110803,27.68902,77.86221,159,0,,,,28.71296,29.15322,24.21217
1787110804,27.59022,77.86069,159,0,,,,28.71296,29.18709,24.55023
1787110804,27.60624,77.93851,159,0,,,,28.71296,29.22095,24.34743
1787110805,27.63294,78.10941,159,0,,,,28.74682,29.15322,24.44883
1787110806,27.70504,78.24216,159,0,,,,28.71296,29.28868,24.34743
1787110806,27.61959,78.21011,159,0,,,,28.61136,29.15322,24.3811
1787110807,27.57687,78.26353,159,0,,,,28.71296,29.22095,24.31357
1787110808,27.63294,78.32761,159,0,,,,28.74682,29.22095,24.55023
1787110808,27.63294,78.37034,159,0,,,,28.71296,29.22095,24.41496
1787110809,27.63294,78.20401,159,0,,,,28.71296,29.11935,24.41496
1787110809,27.67567,78.22385,159,0,,,,28.67909,29.15322,24.3811
1787110810,27.61959,78.16891,159,0,,,,28.64523,29.15322,24.4827
1787110811,27.53414,77.95834,159,0,,,,28.64523,29.15322,24.4827
1787110811,27.59022,77.92172,159,0,,,,28.71296,29.22095,24.41496
1787110812,27.60624,77.95834,159,0,,,,28.71296,29.18709,24.55023
1787110813,27.66232,78.22232,159,0,,,,28.64523,29.22095,24.3811
1787110813,27.66232,78.55344,159,0,,,,28.71296,29.35642,24.24583
1787110814,27.61959,78.91814,159,0,,,,28.71296,29.18709,24.3811
1787110815,27.63294,79.3164,159,0,,,,28.67909,29.15322,24.4827
1787110815,27.67567,79.52697,159,0,,,,28.67909,29.01776,24.4827
1787110816,27.73175,79.71618,160,0,,,,28.67909,29.15322,24.34743
1787110817,27.68902,79.83063,159,0,,,,28.71296,29.18709,24.24583
1787110817,27.63294,79.86725,159,0,,,,28.64523,29.18709,24.4827
1787110818,27.70504,79.92981,159,0,,,,28.71296,29.18709,24.65183
1787110819,27.59022,80.02289,159,0,,,,28.71296,29.15322,24.3811
1787110819,27.60624,79.8291,159,0,,,,28.64523,29.28868,24.34743
1787110820,27.56351,79.98474,159,0,,,,28.74682,29.22095,24.4827
1787110821,27.59022,80.01373,159,0,,,,28.71296,29.28868,24.34743
1787110821,27.59022,79.97253,159,0,,,,28.67909,29.18709,24.31357
1787110822,27.68902,79.84283,159,0,,,,28.64523,29.11935,24.34743
1787110823,27.70504,79.81537,159,0,,,,28.67909,29.28868,24.55023
1787110823,27.7184,79.89929,159,0,,,,28.71296,29.25482,24.51636
1787110824,27.70504,79.79401,159,0,,,,28.71296,29.11935,24.41496
1787110825,27.66232,79.68719,159,0,,,,28.64523,29.22095,24.41496
1787110825,27.60624,79.55901,159,0,,,,28.74682,29.18709,24.44883
1787110826,27.57687,79.51934,159,0,,,,28.71296,29.15322,24.41496
1787110827,27.64897,79.4873,160,0,,,,28.61136,29.18709,24.44883
1787110827,27.64897,79.21721,159,0,,,,28.67909,29.18709,24.31357
1787110828,27.66232,79.22179,159,0,,,,28.67909,29.22095,24.41496
1787110829,27.60624,79.22636,159,0,,,,28.64523,29.25482,24.3811
1787110829,27.63294,79.18059,159,0,,,,28.71296,29.22095,24.3811
1787110830,27.66232,79.1165,159,0,,,,28.71296,29.25482,24.3811
1787110831,27.67567,78.99596,159,0,,,,28.74682,29.15322,24.4827
1787110831,27.52079,78.95628,159,0,,,,28.67909,29.22095,24.44883
1787110832,27.57687,78.97002,159,0,,,,28.78069,29.15322,24.31357
1787110833,27.61959,79.06157,159,0,,,,28.71296,29.22095,24.4827
1787110833,27.67567,79.1516,159,0,,,,28.71296,29.18709,24.41496
1787110834,27.70504,79.32555,159,0,,,,28.78069,29.15322,24.2797
1787110835,27.64897,79.19737,159,0,,,,28.81456,29.25482,24.44883
1787110835,27.60624,79.29961,159,0,,,,28.71296,29.18709,24.41496
1787110836,27.63294,79.33929,159,0,,,,28.71296,29.15322,24.3811
1787110837,27.63294,79.40948,159,0,,,,28.74682,29.22095,24.4827
1787110837,27.61959,79.51934,159,0,,,,28.81456,29.15322,24.44883
1787110838,27.61959,79.26147,159,0,,,,28.71296,29.08549,24.41496
1787110839,27.64897,79.35302,159,0,,,,28.71296,29.11935,24.34743
1787110839,27.68902,79.28893,159,0,,,,28.67909,29.15322,24.2797
1787110840,27.64897,79.22636,159,0,,,,28.74682,29.15322,24.31357
1787110841,27.63294,79.02495,159,0,,,,28.64523,29.22095,24.41496
1787110841,27.57687,79.05241,159,0,,,,28.71296,29.08549,24.3811
1787110842,27.61959,78.88762,159,0,,,,28.71296,29.08549,24.2797
1787110843,27.59022,78.88152,159,0,,,,28.64523,29.22095,24.44883
1787110843,27.60624,78.70756,159,0,,,,28.71296,29.22095,24.41496
1787110844,27.63294,78.62974,159,0,,,,28.71296,29.18709,24.41496
1787110845,27.66232,78.56565,159,0,,,,28.67909,29.11935,24.51636
1787110845,27.59022,78.48325,159,0,,,,28.67909,29.18709,24.51636
1787110846,27.61959,78.33372,159,0,,,,28.71296,29.22095,24.44883
1787110847,27.56351,78.19638,159,0,,,,28.67909,29.22095,24.51636
1787110847,27.60624,78.19638,159,0,,,,28.67909,29.18709,24.3811
1787110848,27.59022,78.07736,159,0,,,,28.67909,29.18709,24.3811
1787110849,27.55016,78.06821,159,0,,,,28.71296,29.28868,24.34743
1787110849,27.63294,77.88052,159,0,,,,28.67909,29.08549,24.44883
1787110850,27.61959,77.97055,159,0,,,,28.67909,29.18709,24.4827
1787110851,27.57687,77.97055,159,0,,,,28.74682,29.05162,24.55023
1787110851,27.59022,77.81644,159,0,,,,28.74682,29.11935,24.51636
1787110852,27.57687,77.85611,159,0,,,,28.71296,29.15322,24.51636
1787110852,27.59022,77.72488,159,0,,,,28.67909,29.28868,24.31357
1787110853,27.68902,77.85153,159,0,,,,28.67909,29.11935,24.61796
1787110854,27.53414,77.77371,159,0,,,,28.71296,29.22095,24.3811
1787110854,27.63294,77.74624,159,0,,,,28.67909,29.18709,24.24583
1787110855,27.59022,77.73403,159,0,,,,28.64523,29.25482,24.34743
1787110856,27.60624,77.90646,159,0,,,,28.74682,29.11935,24.41496
1787110856,27.68902,77.79202,159,0,,,,28.67909,29.22095,24.44883
1787110857,27.66232,77.73251,159,0,,,,28.71296,29.08549,24.61796
1787110858,27.64897,77.67452,159,0,,,,28.78069,29.22095,24.51636
1787110858,27.56351,77.77066,159,0,,,,28.71296,29.08549,24.44883
1787110859,27.57687,77.64706,159,0,,,,28.67909,29.22095,24.2797
1787110860,27.67567,77.76608,159,0,,,,28.64523,29.15322,24.41496
1787110860,27.66232,77.82407,159,0,,,,28.67909,29.11935,24.41496
1787110861,27.67567,77.68215,159,0,,,,28.61136,29.18709,24.3811
1787110862,27.55016,77.66079,159,0,,,,28.71296,29.28868,24.3811
1787110862,27.63294,77.78745,159,0,,,,28.71296,29.15322,24.44883
1787110863,27.61959,77.74166,159,0,,,,28.71296,29.01776,24.44883
1787110864,27.66232,77.6791,159,0,,,,28.71296,29.05162,24.44883
1787110864,27.59022,77.7142,159,0,,,,28.67909,29.18709,24.51636
1787110865,27.57687,77.97055,159,0,,,,28.78069,29.11935,24.44883
1787110866,27.66232,77.98123,159,0,,,,28.71296,29.22095,24.4827
1787110866,27.59022,78.24521,159,0,,,,28.71296,29.32255,24.4827
1787110867,27.57687,78.30473,159,0,,,,28.74682,29.15322,24.44883
1787110868,27.63294,78.40086,159,0,,,,28.71296,29.11935,24.44883
1787110868,27.64897,78.59312,159,0,,,,28.67909,29.22095,24.4827
1787110869,27.67567,78.68162,159,0,,,,28.57749,29.22095,24.3811
1787110870,27.63294,78.85863,159,0,,,,28.71296,29.18709,24.21217
1787110870,27.55016,78.98375,159,0,,,,28.67909,29.11935,24.34743
1787110871,27.60624,79.21568,159,0,,,,28.74682,29.15322,24.31357
1787110872,27.64897,79.40337,159,0,,,,28.74682,29.18709,24.55023
1787110872,27.63294,79.46288,159,0,,,,28.71296,29.08549,24.31357
1787110873,27.7184,79.62005,159,0,,,,28.74682,29.15322,24.44883
1787110874,27.68902,79.78943,159,0,,,,28.67909,29.08549,24.44883
1787110874,27.63294,79.9527,159,0,,,,28.67909,29.25482,24.4827
1787110875,27.70504,80.01221,160,0,,,,28.67909,29.11935,24.4827
1787110876,27.66232,80.14648,159,0,,,,28.71296,29.15322,24.44883
1787110876,27.60624,80.43488,159,0,,,,28.74682,29.11935,24.44883
1787110877,27.67567,80.69123,159,0,,,,28.67909,29.22095,24.34743
1787110878,27.66232,80.78127,159,0,,,,28.81456,29.18709,24.4827
1787110878,27.61959,80.89571,159,0,,,,28.67909,29.15322,24.55023
1787110879,27.66232,80.98878,159,0,,,,28.71296,29.05162,24.65183
1787110880,27.73175,81.12154,159,0,,,,28.71296,29.15322,24.41496
1787110880,27.70504,81.00099,159,0,,,,28.67909,29.18709,24.3811
1787110881,27.70504,81.02083,159,0,,,,28.67909,29.35642,24.34743
1787110882,27.63294,80.86824,159,0,,,,28.64523,29.22095,24.44883
1787110882,27.56351,80.86977,159,0,,,,28.67909,29.11935,24.34743
1787110883,27.7184,80.82704,159,0,,,,28.74682,29.11935,24.44883
1787110884,27.7184,80.97353,159,0,,,,28.71296,29.28868,24.55023
1787110884,27.70504,81.08492,159,0,,,,28.64523,29.18709,24.41496
1787110885,27.7184,81.24513,159,0,,,,28.64523,29.18709,24.31357
1787110886,27.63294,81.26192,159,0,,,,28.71296,29.18709,24.3811
1787110886,27.64897,81.25735,159,0,,,,28.71296,29.18709,24.31357
1787110887,27.67567,81.32601,159,0,,,,28.67909,29.18709,24.31357
1787110888,27.61959,81.20851,159,0,,,,28.67909,29.25482,24.44883
1787110888,27.60624,81.2543,159,0,,,,28.67909,29.28868,24.44883
1787110889,27.64897,81.19478,159,0,,,,28.64523,29.11935,24.34743
1787110890,27.61959,81.29092,159,0,,,,28.67909,29.18709,24.34743
1787110890,27.70504,81.25277,159,0,,,,28.71296,29.11935,24.41496
1787110891,27.66232,81.16579,159,0,,,,28.64523,29.28868,24.51636
1787110892,27.55016,80.88808,159,0,,,,28.71296,29.15322,24.44883
1787110892,27.68902,80.97505,159,0,,,,28.74682,29.15322,24.3811
1787110893,27.53414,80.63477,159,0,,,,28.64523,29.18709,24.41496
1787110894,27.64897,80.59052,159,0,,,,28.67909,29.22095,24.3811
1787110894,27.59022,80.19989,159,0,,,,28.71296,29.15322,24.4827
1787110895,27.63294,80.21057,159,0,,,,28.71296,29.11935,24.34743
1787110896,27.59022,79.98169,159,0,,,,28.71296,29.25482,24.51636
1787110896,27.63294,79.90845,159,0,,,,28.74682,29.32255,24.41496
1787110897,27.64897,79.60174,159,0,,,,28.67909,29.11935,24.51636
1787110897,27.64897,79.7055,160,0,,,,28.67909,29.32255,24.4827
1787110898,27.61959,79.61547,159,0,,,,28.71296,29.22095,24.41496
1787110899,27.70504,79.81537,159,0,,,,28.71296,29.28868,24.4827
1787110899,27.73175,79.82147,159,0,,,,28.57749,29.25482,24.61796
1787110900,27.61959,79.81232,159,0,,,,28.67909,29.22095,24.44883
1787110901,27.60624,79.6643,159,0,,,,28.71296,29.15322,24.31357
1787110901,27.57687,79.63683,159,0,,,,28.54363,29.28868,24.41496
1787110902,27.56351,79.46746,159,0,,,,28.67909,29.11935,24.44883
1787110903,27.60624,79.49645,159,0,,,,28.71296,29.11935,24.3811
1787110903,27.64897,79.5285,159,0,,,,28.71296,29.25482,24.44883
1787110904,27.64897,79.83978,159,0,,,,28.71296,29.25482,24.41496
1787110905,27.61959,80.05341,159,0,,,,28.67909,29.18709,24.31357
1787110905,27.59022,80.15869,159,0,,,,28.67909,29.25482,24.34743
1787110906,27.57687,80.177,159,0,,,,28.78069,29.28868,24.44883
1787110907,27.70504,80.0412,159,0,,,,28.64523,29.22095,24.44883
1787110907,27.68902,79.92523,159,0,,,,28.67909,29.15322,24.44883
1787110908,27.68902,79.73754,159,0,,,,28.67909,29.11935,24.3811
1787110909,27.61959,79.67803,159,0,,,,28.61136,29.15322,24.3811
1787110909,27.63294,79.46288,159,0,,,,28.71296,29.15322,24.3811
1787110910,27.68902,79.34081,159,0,,,,28.71296,29.18709,24.3811
1787110911,27.60624,79.14397,159,0,,,,28.67909,29.18709,24.4827
1787110911,27.60624,79.03868,159,0,,,,28.67909,29.15322,24.41496
1787110912,27.61959,78.86778,159,0,,,,28.81456,29.11935,24.34743
1787110913,27.67567,78.94255,159,0,,,,28.74682,29.25482,24.2797
1787110913,27.70504,79.02342,159,0,,,,28.67909,29.18709,24.41496
1787110914,27.60624,79.37133,159,0,,,,28.74682,29.28868,24.44883
1787110915,27.66232,79.90692,159,0,,,,28.67909,29.08549,24.51636
1787110915,27.61959,80.16479,159,0,,,,28.67909,29.28868,24.31357
1787110916,27.68902,80.41505,159,0,,,,28.71296,29.08549,24.41496
1787110917,27.57687,80.38453,159,0,,,,28.74682,29.18709,24.3811
1787110917,27.57687,80.30061,159,0,,,,28.74682,29.15322,24.4827
1787110918,27.64897,80.13275,159,0,,,,28.67909,29.11935,24.51636
1787110919,27.60624,80.04883,159,0,,,,28.67909,29.11935,24.4827
1787110919,27.57687,79.89471,159,0,,,,28.57749,29.18709,24.3811
1787110920,27.64897,79.75739,159,0,,,,28.64523,29.22095,24.31357
1787110921,27.53414,79.51934,159,0,,,,28.71296,29.25482,24.41496
1787110921,27.50744,79.30724,159,0,,,,28.71296,29.15322,24.31357
1787110922,27.66232,79.36675,159,0,,,,28.71296,29.11935,24.31357
1787110923,27.64897,79.19737,159,0,,,,28.71296,29.08549,24.41496
1787110923,27.63294,79.28588,159,0,,,,28.64523,29.15322,24.34743
1787110924,27.57687,79.22026,159,0,,,,28.71296,29.22095,24.51636
1787110925,27.7184,79.16075,159,0,,,,28.67909,29.25482,24.44883
1787110925,27.63294,79.25384,159,0,,,,28.67909,29.28868,24.3811
1787110926,27.68902,79.4995,159,0,,,,28.71296,29.18709,24.24583
1787110927,27.60624,79.49645,159,0,,,,28.78069,29.25482,24.31357
1787110927,27.56351,79.59106,159,0,,,,28.64523,29.15322,24.2797
1787110928,27.59022,79.65972,159,0,,,,28.71296,29.32255,24.4827
1787110929,27.63294,79.58648,159,0,,,,28.64523,29.18709,24.34743
1787110929,27.66232,79.68719,159,0,,,,28.74682,29.22095,24.2797
1787110930,27.74777,79.72991,159,0,,,,28.71296,28.98389,24.51636
1787110931,27.59022,79.76501,159,0,,,,28.61136,29.18709,24.4827
1787110931,27.61959,79.82452,159,0,,,,28.78069,29.25482,24.4827
1787110932,27.64897,79.86115,159,0,,,,28.67909,29.22095,24.34743
1787110933,27.68902,80.00763,159,0,,,,28.64523,29.22095,24.51636
1787110933,27.59022,79.87946,159,0,,,,28.74682,29.11935,24.4827
1787110934,27.76379,79.89929,159,0,,,,28.67909,29.25482,24.41496
1787110935,27.66232,79.81537,159,0,,,,28.71296,29.18709,24.4827
1787110935,27.61959,79.92676,159,0,,,,28.71296,29.18709,24.55023
1787110936,27.59022,79.82605,159,0,,,,28.71296,29.18709,24.44883
1787110937,27.7184,79.94354,159,0,,,,28.71296,29.15322,24.3811
1787110937,27.73175,79.83063,159,0,,,,28.64523,29.11935,24.31357
1787110938,27.67567,79.7116,159,0,,,,28.74682,29.32255,24.51636
1787110939,27.70504,79.65667,159,0,,,,28.64523,29.28868,24.3811
1787110939,27.60624,79.6231,159,0,,,,28.74682,29.18709,24.34743
1787110940,27.66232,79.46899,159,0,,,,28.71296,29.18709,24.51636
1787110940,27.57687,79.27062,159,0,,,,28.67909,29.18709,24.55023
1787110941,27.59022,79.17143,159,0,,,,28.71296,29.22095,24.41496
1787110942,27.60624,78.99748,159,0,,,,28.64523,29.22095,24.41496
1787110942,27.49409,78.87389,159,0,,,,28.71296,29.05162,24.41496
1787110943,27.66232,78.81438,159,0,,,,28.74682,29.05162,24.51636
1787110944,27.66232,78.616,159,0,,,,28.64523,29.05162,24.44883
1787110944,27.64897,78.65415,159,0,,,,28.74682,29.18709,24.41496
1787110945,27.57687,78.69993,159,0,,,,28.67909,29.18709,24.51636
1787110946,27.60624,78.73655,159,0,,,,28.71296,29.15322,24.41496
1787110946,27.61959,78.86778,159,0,,,,28.71296,29.01776,24.34743
1787110947,27.60624,79.01884,159,0,,,,28.74682,29.15322,24.3811
1787110948,27.60624,79.15312,159,0,,,,28.64523,29.05162,24.4827
1787110948,27.67567,79.28588,159,0,,,,28.67909,29.15322,24.4827
1787110949,27.61959,79.3637,159,0,,,,28.74682,29.15322,24.3811
1787110950,27.66232,79.39574,159,0,,,,28.71296,29.15322,24.41496
1787110950,27.56351,79.45525,159,0,,,,28.74682,29.28868,24.51636
1787110951,27.68902,79.25842,159,0,,,,28.67909,29.01776,24.4827
1787110952,27.60624,79.25842,159,0,,,,28.67909,29.18709,24.44883
1787110952,27.66232,79.1165,159,0,,,,28.74682,29.15322,24.4827
1787110953,27.67567,79.02495,159,0,,,,28.71296,29.11935,24.2797
1787110954,27.67567,78.94255,159,0,,,,28.64523,29.22095,24.51636
1787110954,27.60624,78.74876,159,0,,,,28.64523,29.25482,24.51636
1787110955,27.57687,78.57481,160,0,,,,28.71296,29.11935,24.3811
1787110956,27.56351,78.57175,159,0,,,,28.64523,29.08549,24.3811
1787110956,27.67567,78.44358,159,0,,,,28.67909,29.18709,24.41496
1787110957,27.56351,78.46647,159,0,,,,28.74682,29.22095,24.41496
1787110958,27.68902,78.48783,159,0,,,,28.67909,29.28868,24.4827
1787110958,27.57687,78.36576,159,0,,,,28.67909,29.15322,24.31357
1787110959,27.63294,78.40086,159,0,,,,28.71296,29.11935,24.31357
1787110960,27.56351,78.38407,159,0,,,,28.67909,29.15322,24.31357
1787110960,27.64897,78.43748,159,0,,,,28.78069,29.11935,24.4827
1787110961,27.63294,78.5153,159,0,,,,28.67909,29.18709,24.41496
1787110962,27.53414,78.46952,159,0,,,,28.67909,29.28868,24.44883
1787110962,27.63294,78.56718,159,0,,,,28.57749,29.05162,24.2797
1787110963,27.63294,78.46189,159,0,,,,28.64523,29.15322,24.2797
1787110964,27.60624,78.48783,159,0,,,,28.67909,29.25482,24.3811
1787110964,27.55016,78.55802,159,0,,,,28.71296,29.18709,24.4827
1787110965,27.56351,78.45579,159,0,,,,28.74682,29.22095,24.4827
1787110966,27.60624,78.44663,159,0,,,,28.64523,29.18709,24.2797
1787110966,27.64897,78.36423,159,0,,,,28.78069,29.15322,24.2797
1787110967,27.63294,78.37949,159,0,,,,28.64523,29.05162,24.4827
1787110968,27.67567,78.26505,159,0,,,,28.67909,29.15322,24.2797
1787110968,27.60624,78.30015,159,0,,,,28.71296,29.28868,24.44883
1787110969,27.61959,78.23148,159,0,,,,28.67909,29.15322,24.44883
1787110970,27.64897,78.1857,159,0,,,,28.67909,29.25482,24.2797
1787110970,27.66232,78.19943,159,0,,,,28.71296,29.22095,24.41496
1787110971,27.63294,78.13077,159,0,,,,28.74682,29.28868,24.41496
1787110972,27.59022,78.10941,159,0,,,,28.67909,29.18709,24.51636
1787110972,27.59022,78.18265,159,0,,,,28.71296,29.22095,24.31357
1787110973,27.53414,78.14603,159,0,,,,28.78069,29.22095,24.41496
1787110974,27.63294,78.08957,159,0,,,,28.71296,29.15322,24.51636
1787110974,27.59022,78.00412,159,0,,,,28.67909,29.15322,24.41496
1787110975,27.70504,78.05447,159,0,,,,28.71296,29.22095,24.51636
1787110976,27.60624,78.20859,159,0,,,,28.67909,29.18709,24.51636
1787110976,27.66232,78.15823,159,0,,,,28.74682,29.11935,24.41496
1787110977,27.60624,78.26048,159,0,,,,28.61136,29.15322,24.44883
1787110978,27.60624,78.16434,159,0,,,,28.71296,29.11935,24.41496
1787110978,27.70504,78.24216,159,0,,,,28.67909,29.15322,24.41496
1787110979,27.56351,78.2681,159,0,,,,28.74682,29.18709,24.55023
1787110980,27.60624,78.17654,159,0,,,,28.64523,29.18709,24.51636
1787110980,27.55016,78.22385,159,0,,,,28.67909,29.15322,24.44883
1787110981,27.67567,78.50614,159,0,,,,28.67909,29.08549,24.2797
1787110982,27.66232,78.68009,159,0,,,,28.67909,29.18709,24.44883
1787110982,27.59022,79.04631,159,0,,,,28.64523,29.11935,24.4827
1787110983,27.63294,79.29504,159,0,,,,28.64523,29.18709,24.51636
1787110984,27.7184,79.44152,159,0,,,,28.71296,29.11935,24.4827
1787110984,27.61959,79.46899,159,0,,,,28.67909,29.28868,24.44883
1787110985,27.59022,79.49493,159,0,,,,28.71296,29.15322,24.4827
1787110986,27.63294,79.40948,159,0,,,,28.67909,29.11935,24.41496
1787110986,27.60624,79.37133,159,0,,,,28.71296,29.15322,24.31357
1787110987,27.52079,79.20348,160,0,,,,28.67909,29.08549,24.41496
1787110987,27.64897,79.07072,159,0,,,,28.64523,29.18709,24.4827
1787110988,27.60624,78.93645,159,0,,,,28.64523,29.11935,24.31357
1787110989,27.61959,78.83574,159,0,,,,28.74682,29.11935,24.31357
1787110989,27.60624,78.91356,159,0,,,,28.71296,29.28868,24.41496
1787110990,27.57687,78.83574,159,0,,,,28.74682,29.22095,24.55023
1787110991,27.53414,78.73045,159,0,,,,28.71296,29.22095,24.55023
1787110991,27.56351,78.58091,159,0,,,,28.67909,29.15322,24.34743
1787110992,27.67567,78.49393,159,0,,,,28.67909,29.25482,24.31357
1787110993,27.53414,78.46037,159,0,,,,28.71296,29.18709,24.55023
1787110993,27.60624,78.33219,159,0,,,,28.71296,29.15322,24.41496
1787110994,27.53414,78.26048,159,0,,,,28.67909,29.18709,24.41496
1787110995,27.64897,78.20859,159,0,,,,28.71296,29.15322,24.41496
1787110995,27.64897,78.23758,159,0,,,,28.67909,29.18709,24.3811
1787110996,27.63294,78.13992,159,0,,,,28.67909,29.22095,24.34743
1787110997,27.66232,78.12772,159,0,,,,28.67909,29.11935,24.41496
1787110997,27.57687,78.11703,159,0,,,,28.74682,29.15322,24.44883
1787110998,27.56351,78.03006,159,0,,,,28.61136,29.15322,24.4827
1787110999,27.63294,78.02548,159,0,,,,28.78069,29.18709,24.41496
1787110999,27.64897,77.9263,159,0,,,,28.67909,29.11935,24.41496
1787111000,27.56351,78.03006,159,0,,,,28.71296,29.15322,24.3811
1787111001,27.56351,77.99802,159,0,,,,28.74682,29.22095,24.41496
1787111001,27.56351,77.95682,159,0,,,,28.71296,29.11935,24.34743
1787111002,27.59022,78.02548,159,0,,,,28.67909,29.22095,24.44883
1787111003,27.56351,77.94766,159,0,,,,28.64523,29.11935,24.41496
1787111003,27.61959,77.9614,159,0,,,,28.67909,29.15322,24.3811
1787111004,27.61959,77.88815,159,0,,,,28.67909,29.22095,24.41496
1787111005,27.61959,77.9202,159,0,,,,28.67909,29.11935,24.31357
1787111005,27.56351,77.9263,159,0,,,,28.74682,29.08549,24.41496
1787111006,27.57687,77.78439,159,0,,,,28.71296,29.08549,24.3811
1787111007,27.60624,77.83322,159,0,,,,28.67909,29.18709,24.2797
1787111007,27.64897,77.9675,159,0,,,,28.71296,29.15322,24.51636
1787111008,27.57687,77.87595,159,0,,,,28.74682,29.11935,24.3811
1787111009,27.59022,77.88968,159,0,,,,28.71296,29.22095,24.31357
1787111009,27.52079,77.87442,159,0,,,,28.67909,29.28868,24.3811
1787111010,27.59022,77.90189,159,0,,,,28.67909,29.15322,24.44883
1787111011,27.63294,77.91257,159,0,,,,28.67909,29.22095,24.31357
1787111011,27.64897,77.97665,159,0,,,,28.71296,29.08549,24.51636
1787111012,27.55016,77.92172,159,0,,,,28.61136,29.15322,24.41496
1787111013,27.60624,77.82101,159,0,,,,28.67909,29.18709,24.44883
1787111013,27.59022,78.00412,159,0,,,,28.71296,29.18709,24.3811
1787111014,27.64897,77.99802,159,0,,,,28.71296,29.15322,24.3811
1787111015,27.55016,78.08041,159,0,,,,28.71296,29.08549,24.3811
1787111015,27.59022,77.86069,159,0,,,,28.61136,29.18709,24.4827
1787111016,27.63294,77.88968,159,0,,,,28.67909,29.18709,24.4827
1787111017,27.56351,77.98886,159,0,,,,28.78069,29.15322,24.51636
1787111017,27.61959,77.87595,159,0,,,,28.67909,29.25482,24.44883
1787111018,27.61959,78.00259,159,0,,,,28.71296,29.11935,24.51636
1787111019,27.53414,77.88815,159,0,,,,28.67909,29.18709,24.41496
1787111019,27.60624,78.0087,159,0,,,,28.67909,29.11935,24.34743
1787111020,27.56351,77.91562,159,0,,,,28.67909,29.08549,24.31357
1787111021,27.61959,77.92935,159,0,,,,28.78069,29.18709,24.4827
1787111021,27.59022,78.10941,159,0,,,,28.71296,29.22095,24.31357
1787111022,27.60624,78.03006,159,0,,,,28.67909,29.18709,24.4827
1787111023,27.68902,78.0621,159,0,,,,28.64523,29.11935,24.44883
1787111023,27.60624,78.1857,159,0,,,,28.67909,29.11935,24.51636
1787111024,27.61959,78.15823,159,0,,,,28.67909,29.08549,24.3811
1787111025,27.56351,78.1033,159,0,,,,28.67909,29.11935,24.44883
1787111025,27.66232,78.05447,159,0,,,,28.64523,29.22095,24.31357
1787111026,27.59022,77.86984,159,0,,,,28.67909,29.22095,24.3811
1787111027,27.52079,77.93851,159,0,,,,28.71296,29.11935,24.5841
1787111027,27.63294,77.86984,159,0,,,,28.64523,29.11935,24.41496
1787111028,27.59022,77.82864,159,0,,,,28.74682,29.22095,24.34743
1787111028,27.63294,77.88052,159,0,,,,28.78069,29.15322,24.34743
1787111029,27.53414,77.77371,159,0,,,,28.64523,29.08549,24.41496
1787111030,27.59022,77.78745,159,0,,,,28.71296,29.18709,24.51636
1787111030,27.64897,77.71877,159,0,,,,28.64523,29.18709,24.44883
1787111031,27.60624,77.71877,159,0,,,,28.74682,29.22095,24.2797
1787111032,27.52079,77.67452,159,0,,,,28.64523,29.25482,24.55023
1787111032,27.57687,77.76456,159,0,,,,28.61136,29.08549,24.55023
1787111033,27.61959,77.71114,159,0,,,,28.67909,29.15322,24.3811
1787111034,27.59022,77.84848,159,0,,,,28.67909,29.15322,24.41496
1787111034,27.63294,77.7142,159,0,,,,28.61136,29.18709,24.3811
1787111035,27.60624,77.59212,159,0,,,,28.67909,29.25482,24.44883
1787111036,27.63294,77.77829,159,0,,,,28.71296,29.18709,24.41496
1787111036,27.61959,77.5967,159,0,,,,28.71296,29.11935,24.41496
1787111037,27.59022,77.72488,159,0,,,,28.74682,29.11935,24.4827
1787111038,27.63294,77.7554,159,0,,,,28.84842,29.25482,24.34743
1787111038,27.61959,77.60586,159,0,,,,28.74682,29.15322,24.3811
1787111039,27.66232,77.5967,159,0,,,,28.64523,29.22095,24.34743
1787111040,27.61959,77.6791,159,0,,,,28.71296,29.18709,24.34743
1787111040,27.67567,77.53719,159,0,,,,28.71296,29.18709,24.4827
1787111041,27.61959,77.68826,159,0,,,,28.64523,29.18709,24.55023
1787111042,27.63294,77.69283,159,0,,,,28.64523,29.11935,24.55023
1787111042,27.57687,77.47158,159,0,,,,28.71296,29.15322,24.31357
1787111043,27.57687,77.53262,159,0,,,,28.64523,29.25482,24.3811
1787111044,27.57687,77.60586,159,0,,,,28.71296,29.11935,24.3811
1787111044,27.67567,77.57839,159,0,,,,28.67909,29.08549,24.3811
1787111045,27.67567,77.51431,159,0,,,,28.67909,29.22095,24.44883
1787111046,27.53414,77.50057,159,0,,,,28.71296,29.15322,24.34743
1787111046,27.64897,77.56313,159,0,,,,28.64523,29.18709,24.34743
1787111047,27.64897,77.56313,160,0,,,,28.67909,29.32255,24.51636
1787111048,27.53414,77.55398,159,0,,,,28.64523,29.22095,24.44883
1787111048,27.60624,77.54025,159,0,,,,28.64523,29.08549,24.21217
1787111049,27.61959,77.48226,159,0,,,,28.74682,29.18709,24.3811
1787111050,27.63294,77.48531,159,0,,,,28.64523,29.32255,24.5841
1787111050,27.63294,77.50515,159,0,,,,28.74682,29.22095,24.55023
1787111051,27.53414,77.46243,159,0,,,,28.64523,29.25482,24.34743
1787111052,27.53414,77.50057,159,0,,,,28.67909,29.08549,24.4827
1787111052,27.68902,77.55093,159,0,,,,28.67909,29.28868,24.24583
1787111053,27.61959,77.54482,159,0,,,,28.71296,29.11935,24.3811
1787111054,27.59022,77.52651,159,0,,,,28.78069,29.28868,24.2797
1787111054,27.59022,77.55856,159,0,,,,28.67909,29.15322,24.41496
1787111055,27.66232,77.48226,159,0,,,,28.71296,29.11935,24.44883
1787111056,27.56351,77.50973,159,0,,,,28.74682,29.05162,24.31357
1787111056,27.70504,77.48226,159,0,,,,28.71296,29.18709,24.4827
1787111057,27.59022,77.51431,159,0,,,,28.67909,29.22095,24.41496
1787111058,27.56351,77.41665,159,0,,,,28.78069,29.08549,24.44883
1787111058,27.55016,77.48531,159,0,,,,28.71296,29.22095,24.4827
1787111059,27.66232,77.52346,159,0,,,,28.74682,29.18709,24.41496
1787111060,27.70504,77.55398,159,0,,,,28.71296,29.22095,24.4827
1787111060,27.61959,77.58602,159,0,,,,28.61136,29.11935,24.41496
1787111061,27.64897,77.44869,159,0,,,,28.74682,29.18709,24.44883
1787111062,27.59022,77.49447,159,0,,,,28.64523,29.08549,24.41496
1787111062,27.66232,77.74166,159,0,,,,28.74682,29.05162,24.3811
1787111063,27.59022,77.48531,159,0,,,,28.67909,29.22095,24.34743
1787111064,27.61959,77.5967,159,0,,,,28.64523,29.08549,24.55023
1787111064,27.63294,77.56771,159,0,,,,28.74682,29.22095,24.34743
1787111065,27.56351,77.48074,159,0,,,,28.81456,29.15322,24.4827
1787111066,27.50744,77.56924,159,0,,,,28.61136,29.18709,24.44883
1787111066,27.56351,77.53109,159,0,,,,28.74682,29.18709,24.4827
1787111067,27.57687,77.70046,159,0,,,,28.78069,29.22095,24.21217
1787111068,27.60624,77.67452,159,0,,,,28.67909,29.18709,24.41496
1787111068,27.59022,77.6318,159,0,,,,28.67909,29.01776,24.41496
1787111069,27.61959,77.62875,159,0,,,,28.71296,29.11935,24.3811
1787111070,27.63294,77.55856,159,0,,,,28.64523,29.11935,24.41496
1787111070,27.63294,77.5906,159,0,,,,28.71296,29.11935,24.34743
1787111071,27.67567,77.64248,159,0,,,,28.67909,29.18709,24.3811
1787111072,27.59022,77.55856,159,0,,,,28.71296,29.11935,24.31357
1787111072,27.68902,77.65621,159,0,,,,28.67909,29.15322,24.5841
1787111073,27.61959,77.6379,159,0,,,,28.64523,29.22095,24.3811
1787111073,27.64897,77.75082,159,0,,,,28.64523,29.01776,24.3811
1787111074,27.67567,77.54635,159,0,,,,28.71296,29.11935,24.5841
1787111075,27.66232,77.68826,159,0,,,,28.74682,29.18709,24.41496
1787111075,27.66232,77.58602,159,0,,,,28.64523,29.05162,24.4827
1787111076,27.61959,77.66842,159,0,,,,28.67909,29.05162,24.51636
1787111077,27.60624,77.68673,159,0,,,,28.67909,29.18709,24.5841
1787111077,27.67567,77.55856,159,0,,,,28.64523,29.18709,24.44883
1787111078,27.68902,77.71572,159,0,,,,28.67909,29.15322,24.31357
1787111079,27.55016,77.52651,159,0,,,,28.71296,29.18709,24.41496
1787111079,27.64897,77.70657,159,0,,,,28.78069,29.22095,24.44883
1787111080,27.67567,77.69283,159,0,,,,28.64523,29.15322,24.31357
1787111081,27.59022,77.66079,159,0,,,,28.74682,29.28868,24.31357
1787111081,27.67567,77.72488,159,0,,,,28.67909,29.18709,24.34743
1787111082,27.61959,77.71114,159,0,,,,28.78069,29.18709,24.4827
1787111083,27.61959,77.75235,159,0,,,,28.67909,29.18709,24.24583
1787111083,27.60624,77.57229,159,0,,,,28.67909,29.35642,24.41496
1787111084,27.60624,77.57229,159,0,,,,28.67909,29.28868,24.41496
1787111085,27.55016,77.62264,159,0,,,,28.71296,29.25482,24.51636
1787111085,27.64897,77.69741,159,0,,,,28.64523,29.11935,24.41496
1787111086,27.53414,77.75235,160,0,,,,28.71296,29.28868,24.4827
1787111087,27.56351,77.70657,159,0,,,,28.64523,29.15322,24.3811
1787111087,27.66232,77.74166,159,0,,,,28.67909,29.18709,24.3811
1787111088,27.57687,77.88815,159,0,,,,28.78069,29.18709,24.44883
1787111089,27.61959,77.73251,159,0,,,,28.71296,29.22095,24.5841
1787111089,27.63294,77.673,159,0,,,,28.67909,29.25482,24.44883
1787111090,27.66232,77.82407,159,0,,,,28.64523,29.22095,24.34743
1787111091,27.60624,77.75998,159,0,,,,28.67909,29.25482,24.44883
1787111091,27.55016,77.68368,159,0,,,,28.64523,29.22095,24.41496
1787111092,27.59022,77.53719,159,0,,,,28.71296,29.25482,24.34743
1787111093,27.64897,77.66537,159,0,,,,28.64523,29.15322,24.55023
1787111093,27.57687,77.60586,159,0,,,,28.64523,29.22095,24.44883
1787111094,27.60624,77.70657,159,0,,,,28.71296,29.15322,24.3811
1787111095,27.57687,77.70046,159,0,,,,28.67909,29.28868,24.3811
1787111095,27.64897,77.79202,159,0,,,,28.64523,29.11935,24.3811
1787111096,27.66232,78.02243,159,0,,,,28.61136,29.22095,24.31357
1787111097,27.66232,78.30473,160,0,,,,28.64523,29.11935,24.44883
1787111097,27.61959,78.6038,159,0,,,,28.64523,29.18709,24.2797
1787111098,27.68902,78.87389,159,0,,,,28.67909,29.18709,24.41496
1787111099,27.63294,79.16075,159,0,,,,28.71296,29.22095,24.41496
1787111099,27.66232,79.46899,159,0,,,,28.67909,29.32255,24.44883
1787111100,27.64897,79.68414,159,0,,,,28.71296,29.11935,24.3811
1787111101,27.61959,79.82452,159,0,,,,28.67909,29.18709,24.44883
1787111101,27.60624,79.97711,159,0,,,,28.78069,29.18709,24.31357
1787111102,27.67567,79.94049,159,0,,,,28.71296,29.25482,24.34743
1787111103,27.61959,79.93896,159,0,,,,28.71296,29.18709,24.4827
1787111103,27.57687,79.89471,159,0,,,,28.64523,29.08549,24.34743
1787111104,27.68902,79.79858,159,0,,,,28.71296,29.15322,24.44883
1787111105,27.68902,79.75739,159,0,,,,28.71296,29.11935,24.41496
1787111105,27.66232,79.52239,159,0,,,,28.71296,29.15322,24.44883
1787111106,27.66232,79.46899,159,0,,,,28.64523,29.11935,24.41496
1787111107,27.59022,79.19279,159,0,,,,28.71296,29.15322,24.31357
1787111107,27.60624,79.02953,159,0,,,,28.67909,29.11935,24.55023
1787111108,27.61959,78.88762,159,0,,,,28.67909,29.28868,24.3811
1787111109,27.60624,78.77776,159,0,,,,28.67909,29.28868,24.41496
1787111109,27.61959,78.63584,159,0,,,,28.64523,29.22095,24.3811
1787111110,27.56351,78.57175,159,0,,,,28.71296,29.15322,24.3811
1787111111,27.64897,78.39628,159,0,,,,28.64523,29.22095,24.4827
1787111111,27.60624,78.29099,159,0,,,,28.67909,29.15322,24.34743
1787111112,27.64897,78.31083,159,0,,,,28.71296,29.15322,24.51636
1787111113,27.63294,78.30625,159,0,,,,28.67909,29.22095,24.4827
1787111113,27.57687,78.03464,159,0,,,,28.71296,29.08549,24.44883
1787111114,27.64897,77.99802,159,0,,,,28.64523,29.18709,24.41496
1787111115,27.61959,77.97055,159,0,,,,28.67909,29.11935,24.34743
1787111115,27.67567,77.86984,159,0,,,,28.61136,29.25482,24.44883
1787111116,27.60624,77.89426,159,0,,,,28.71296,29.11935,24.44883
1787111116,27.68902,77.81186,159,0,,,,28.71296,29.18709,24.3811
1787111117,27.59022,77.84848,159,0,,,,28.74682,29.11935,24.4827
1787111118,27.55016,77.75693,159,0,,,,28.71296,29.25482,24.34743
1787111118,27.61959,77.89883,159,0,,,,28.61136,29.08549,24.11057
1787111119,27.67567,77.8378,159,0,,,,28.67909,29.25482,24.41496
1787111120,27.61959,77.73251,159,0,,,,28.67909,29.08549,24.34743
1787111120,27.60624,77.70657,159,0,,,,28.64523,29.25482,24.34743
1787111121,27.57687,77.51278,159,0,,,,28.61136,29.11935,24.4827
1787111122,27.57687,77.61806,159,0,,,,28.64523,29.15322,24.51636
1787111122,27.64897,77.63638,159,0,,,,28.67909,29.28868,24.41496
1787111123,27.53414,77.65926,159,0,,,,28.74682,29.25482,24.44883
1787111124,27.59022,77.61959,159,0,,,,28.64523,29.22095,24.41496
1787111124,27.61959,77.50057,159,0,,,,28.71296,29.18709,24.4827
1787111125,27.60624,77.56313,159,0,,,,28.71296,29.11935,24.3811
1787111126,27.70504,77.68826,159,0,,,,28.67909,29.22095,24.3811
1787111126,27.61959,77.53262,159,0,,,,28.67909,29.25482,24.4827
1787111127,27.60624,77.59212,159,0,,,,28.71296,29.18709,24.3811
1787111128,27.64897,77.59212,159,0,,,,28.71296,29.15322,24.4827
1787111128,27.57687,77.50057,159,0,,,,28.61136,29.22095,24.31357
1787111129,27.56351,77.51888,159,0,,,,28.61136,29.11935,24.44883
1787111130,27.57687,77.53262,159,0,,,,28.64523,29.08549,24.41496
1787111130,27.55016,77.467,159,0,,,,28.64523,29.18709,24.3811
1787111131,27.57687,77.45022,159,0,,,,28.64523,29.18709,24.41496
1787111132,27.68902,77.72793,159,0,,,,28.71296,29.18709,24.44883
1787111132,27.68902,77.70657,159,0,,,,28.61136,29.28868,24.31357
1787111133,27.76379,77.70199,159,0,,,,28.67909,29.18709,24.3811
1787111134,27.7184,77.95377,159,0,,,,28.61136,29.15322,24.41496
1787111134,27.59022,77.93393,159,0,,,,28.64523,29.18709,24.41496
1787111135,27.64897,78.09415,159,0,,,,28.67909,29.05162,24.21217
1787111136,27.61959,78.06363,159,0,,,,28.64523,29.22095,24.31357
1787111136,27.55016,78.20401,159,0,,,,28.67909,29.15322,24.41496
1787111137,27.64897,78.24979,159,0,,,,28.67909,29.11935,24.3811
1787111138,27.57687,78.28184,159,0,,,,28.74682,29.35642,24.4827
1787111138,27.61959,78.38712,159,0,,,,28.64523,29.11935,24.31357
1787111139,27.64897,78.30015,159,0,,,,28.71296,29.15322,24.3811
1787111140,27.61959,78.32456,159,0,,,,28.71296,29.15322,24.51636
1787111140,27.60624,78.1857,159,0,,,,28.71296,29.22095,24.31357
1787111141,27.57687,78.07584,159,0,,,,28.71296,29.18709,24.4827
1787111142,27.64897,78.13229,159,0,,,,28.71296,29.28868,24.31357
1787111142,27.66232,78.12772,159,0,,,,28.64523,29.25482,24.41496
1787111143,27.59022,78.00412,159,0,,,,28.67909,29.25482,24.3811
1787111144,27.61959,78.00259,159,0,,,,28.67909,29.18709,24.3811
1787111144,27.56351,78.0087,159,0,,,,28.71296,29.22095,24.61796
1787111145,27.56351,78.03006,159,0,,,,28.67909,29.15322,24.44883
1787111146,27.68902,77.80118,159,0,,,,28.67909,29.22095,24.44883
1787111146,27.68902,77.88358,159,0,,,,28.64523,29.18709,24.41496
1787111147,27.59022,77.72488,160,0,,,,28.61136,29.35642,24.41496
1787111148,27.55016,77.76608,159,0,,,,28.61136,29.11935,24.44883
1787111148,27.56351,77.71877,159,0,,,,28.74682,29.08549,24.24583
1787111149,27.59022,77.64248,159,0,,,,28.67909,29.08549,24.55023
1787111150,27.56351,77.64553,159,0,,,,28.61136,29.22095,24.24583
1787111150,27.64897,77.63638,159,0,,,,28.67909,29.25482,24.31357
1787111151,27.66232,77.65011,159,0,,,,28.71296,29.32255,24.34743
1787111152,27.63294,77.7142,159,0,,,,28.67909,29.18709,24.41496
1787111152,27.59022,77.53719,159,0,,,,28.67909,29.15322,24.41496
1787111153,27.60624,77.64553,159,0,,,,28.67909,29.01776,24.3811
1787111154,27.59022,77.59975,159,0,,,,28.67909,29.11935,24.34743
1787111154,27.56351,77.61501,159,0,,,,28.64523,29.15322,24.44883
1787111155,27.61959,77.65926,159,0,,,,28.74682,29.22095,24.3811
1787111156,27.61959,77.54482,159,0,,,,28.67909,29.28868,24.3811
1787111156,27.64897,77.64553,159,0,,,,28.74682,29.22095,24.44883
1787111157,27.56351,77.67452,159,0,,,,28.71296,29.25482,24.34743
1787111158,27.63294,77.673,159,0,,,,28.67909,29.22095,24.31357
1787111158,27.61959,77.58602,159,0,,,,28.61136,29.25482,24.44883
1787111159,27.64897,77.65621,159,0,,,,28.71296,29.28868,24.41496
1787111160,27.64897,77.75082,159,0,,,,28.71296,29.22095,24.34743
1787111160,27.67567,77.72488,159,0,,,,28.64523,29.11935,24.41496
1787111161,27.56351,77.69741,159,0,,,,28.67909,29.18709,24.4827
1787111161,27.64897,77.85306,159,0,,,,28.78069,29.22095,24.44883
1787111162,27.57687,77.86679,159,0,,,,28.71296,29.22095,24.34743
1787111163,27.64897,77.87442,159,0,,,,28.61136,29.01776,24.3811
1787111163,27.63294,77.79813,159,0,,,,28.74682,29.15322,24.55023
1787111164,27.60624,77.82101,159,0,,,,28.74682,29.18709,24.3811
1787111165,27.59022,77.68215,159,0,,,,28.64523,29.11935,24.2797
1787111165,27.63294,77.673,159,0,,,,28.67909,29.15322,24.34743
1787111166,27.61959,77.6791,160,0,,,,28.64523,29.22095,24.44883
1787111167,27.66232,77.6791,159,0,,,,28.64523,29.28868,24.41496
1787111167,27.63294,77.72488,159,0,,,,28.71296,29.11935,24.4827
1787111168,27.55016,77.62264,159,0,,,,28.71296,29.15322,24.44883
1787111169,27.55016,77.72488,159,0,,,,28.61136,29.25482,24.34743
1787111169,27.60624,77.56313,159,0,,,,28.78069,29.28868,24.3811
1787111170,27.64897,77.64553,159,0,,,,28.67909,29.22095,24.44883
1787111171,27.70504,77.66994,159,0,,,,28.61136,29.18709,24.4827
1787111171,27.61959,77.48226,159,0,,,,28.64523,29.15322,24.2797
1787111172,27.70504,77.48226,159,0,,,,28.78069,29.18709,24.3811
1787111173,27.61959,77.43038,159,0,,,,28.71296,29.15322,24.34743
1787111173,27.60624,77.53109,159,0,,,,28.71296,29.22095,24.3811
1787111174,27.61959,77.50057,159,0,,,,28.67909,29.15322,24.44883
1787111175,27.61959,77.5967,159,0,,,,28.71296,29.25482,24.51636
1787111175,27.66232,77.50362,159,0,,,,28.67909,29.15322,24.68549
1787111176,27.67567,77.41207,159,0,,,,28.67909,29.25482,24.31357
1787111177,27.61959,77.50057,159,0,,,,28.67909,29.15322,24.4827
1787111177,27.64897,77.50973,159,0,,,,28.71296,29.15322,24.44883
1787111178,27.67567,77.57839,159,0,,,,28.64523,28.98389,24.44883
1787111179,27.60624,77.43649,159,0,,,,28.64523,29.22095,24.44883
1787111179,27.64897,77.55093,159,0,,,,28.71296,29.25482,24.3811
1787111180,27.68902,77.63332,159,0,,,,28.71296,29.08549,24.34743
1787111181,27.57687,77.7203,159,0,,,,28.71296,29.32255,24.44883
1787111181,27.59022,77.95377,159,0,,,,28.71296,29.01776,24.3811
1787111182,27.66232,78.26353,159,0,,,,28.67909,29.22095,24.2797
1787111183,27.64897,78.40543,159,0,,,,28.67909,29.08549,24.31357
1787111183,27.66232,78.616,159,0,,,,28.67909,29.18709,24.55023
1787111184,27.60624,78.64347,159,0,,,,28.74682,29.11935,24.3811
1787111185,27.63294,78.77623,159,0,,,,28.71296,29.18709,24.34743
1787111185,27.64897,78.98833,159,0,,,,28.71296,29.15322,24.3811
1787111186,27.67567,79.00511,159,0,,,,28.71296,29.15322,24.3811
1787111187,27.66232,79.16991,159,0,,,,28.71296,29.28868,24.24583
1787111187,27.60624,79.21568,159,0,,,,28.71296,29.15322,24.34743
1787111188,27.67567,79.07835,159,0,,,,28.64523,29.11935,24.51636
1787111189,27.61959,78.90593,159,0,,,,28.64523,29.15322,24.4827
1787111189,27.66232,78.84642,159,0,,,,28.74682,29.15322,24.4827
1787111190,27.61959,78.88762,159,0,,,,28.64523,29.18709,24.34743
1787111191,27.60624,78.59007,159,0,,,,28.74682,29.22095,24.44883
1787111191,27.59022,78.50614,159,0,,,,28.67909,29.22095,24.41496
1787111192,27.67567,78.46189,159,0,,,,28.67909,29.18709,24.41496
1787111193,27.63294,78.26505,159,0,,,,28.71296,29.11935,24.34743
1787111193,27.61959,78.21011,159,0,,,,28.64523,29.22095,24.4827
1787111194,27.56351,78.1033,159,0,,,,28.67909,29.11935,24.41496
1787111195,27.59022,77.96292,159,0,,,,28.71296,29.08549,24.34743
1787111195,27.60624,78.0621,159,0,,,,28.78069,29.22095,24.41496
1787111196,27.64897,78.17654,159,0,,,,28.71296,29.08549,24.44883
1787111197,27.60624,78.03006,159,0,,,,28.71296,29.22095,24.44883
1787111197,27.70504,78.03464,159,0,,,,28.67909,29.08549,24.51636
1787111198,27.60624,77.83322,159,0,,,,28.74682,29.11935,24.44883
1787111199,27.56351,77.75082,159,0,,,,28.67909,29.25482,24.14444
1787111199,27.66232,77.80576,159,0,,,,28.64523,29.15322,24.24583
1787111200,27.61959,77.73251,159,0,,,,28.67909,29.18709,24.31357
1787111201,27.64897,77.73861,159,0,,,,28.74682,29.18709,24.3811
1787111201,27.60624,77.72793,159,0,,,,28.67909,29.08549,24.34743
1787111202,27.57687,77.7203,159,0,,,,28.74682,29.28868,24.34743
1787111203,27.64897,78.04074,159,0,,,,28.67909,29.15322,24.3811
1787111203,27.60624,78.13229,159,0,,,,28.67909,29.05162,24.41496
1787111204,27.64897,78.34287,159,0,,,,28.67909,29.28868,24.3811
1787111204,27.70504,78.64805,159,0,,,,28.67909,29.11935,24.44883
1787111205,27.60624,78.9044,159,0,,,,28.71296,29.08549,24.44883
1787111206,27.66232,79.1165,159,0,,,,28.71296,29.18709,24.4827
1787111206,27.68902,79.09209,159,0,,,,28.64523,29.15322,24.5841
1787111207,27.64897,79.05089,159,0,,,,28.74682,29.05162,24.34743
1787111208,27.63294,79.20348,159,0,,,,28.71296,29.15322,24.31357
1787111208,27.63294,79.1516,159,0,,,,28.71296,29.15322,24.44883
1787111209,27.63294,79.10735,159,0,,,,28.64523,29.15322,24.51636
1787111210,27.60624,78.89525,159,0,,,,28.71296,29.18709,24.44883
1787111210,27.66232,78.90898,159,0,,,,28.71296,29.08549,24.55023
1787111211,27.56351,78.83116,159,0,,,,28.74682,29.01776,24.44883
1787111212,27.68902,78.7686,159,0,,,,28.71296,29.25482,24.41496
1787111212,27.73175,78.59312,159,0,,,,28.67909,29.18709,24.51636
1787111213,27.70504,78.47105,159,0,,,,28.64523,29.22095,24.44883
1787111214,27.63294,78.27726,159,0,,,,28.67909,29.25482,24.4827
1787111214,27.64897,78.42527,159,0,,,,28.67909,29.28868,24.41496
1787111215,27.61959,78.34592,159,0,,,,28.71296,29.25482,24.44883
1787111216,27.63294,78.35966,159,0,,,,28.64523,29.01776,24.34743
1787111216,27.66232,78.46037,159,0,,,,28.67909,29.15322,24.21217
1787111217,27.60624,78.35203,159,0,,,,28.74682,29.15322,24.41496
1787111218,27.63294,78.33829,159,0,,,,28.71296,29.15322,24.44883
1787111218,27.59022,78.49393,159,0,,,,28.64523,29.18709,24.51636
1787111219,27.56351,78.44663,159,0,,,,28.61136,29.22095,24.34743
1787111220,27.64897,78.39628,159,0,,,,28.67909,29.18709,24.31357
1787111220,27.53414,78.27268,159,0,,,,28.71296,29.11935,24.4827
1787111221,27.61959,78.29252,159,0,,,,28.71296,29.11935,24.24583
1787111222,27.68902,78.24979,159,0,,,,28.64523,29.18709,24.4827
1787111222,27.59022,78.26505,159,0,,,,28.67909,29.15322,24.2797
1787111223,27.66232,78.38712,159,0,,,,28.64523,29.25482,24.41496
1787111224,27.60624,78.56107,159,0,,,,28.64523,29.25482,24.34743
1787111224,27.60624,78.63432,159,0,,,,28.67909,29.15322,24.44883
1787111225,27.63294,78.70298,159,0,,,,28.71296,29.08549,24.34743
1787111226,27.53414,78.77165,159,0,,,,28.71296,29.22095,24.2797
1787111226,27.67567,78.84947,159,0,,,,28.71296,29.15322,24.41496
1787111227,27.63294,79.1516,159,0,,,,28.67909,29.15322,24.3811
1787111228,27.67567,79.09819,159,0,,,,28.71296,29.25482,24.3811
1787111228,27.66232,79.16991,159,0,,,,28.74682,29.15322,24.44883
1787111229,27.67567,79.29504,159,0,,,,28.61136,29.18709,24.51636
1787111230,27.56351,79.53765,159,0,,,,28.71296,29.22095,24.31357
1787111230,27.64897,79.68414,159,0,,,,28.74682,29.05162,24.34743
1787111231,27.63294,79.90845,159,0,,,,28.71296,29.15322,24.4827
1787111232,27.59022,80.22278,159,0,,,,28.71296,29.25482,24.41496
1787111232,27.61959,80.30061,159,0,,,,28.67909,29.18709,24.41496
1787111233,27.68902,80.36164,159,0,,,,28.71296,29.25482,24.51636
1787111234,27.59022,80.34638,159,0,,,,28.74682,29.05162,24.34743
1787111234,27.66232,80.25024,159,0,,,,28.64523,29.25482,24.4827
1787111235,27.64897,80.31892,159,0,,,,28.67909,29.11935,24.44883
1787111236,27.74777,80.18768,159,0,,,,28.61136,29.18709,24.3811
1787111236,27.66232,79.94965,159,0,,,,28.57749,29.25482,24.34743
1787111237,27.60624,79.75739,159,0,,,,28.61136,28.98389,24.41496
1787111238,27.64897,79.67498,159,0,,,,28.67909,29.11935,24.4827
1787111238,27.63294,79.36828,159,0,,,,28.61136,29.15322,24.5841
1787111239,27.61959,79.37591,159,0,,,,28.61136,29.28868,24.4827
1787111240,27.66232,79.08446,159,0,,,,28.67909,29.15322,24.41496
1787111240,27.7184,79.0692,159,0,,,,28.64523,29.22095,24.44883
1787111241,27.67567,79.03716,159,0,,,,28.71296,28.98389,24.3811
1787111242,27.59022,79.08751,159,0,,,,28.67909,29.32255,24.41496
1787111242,27.66232,79.32555,159,0,,,,28.54363,29.18709,24.41496
1787111243,27.67567,79.44152,159,0,,,,28.61136,29.25482,24.3811
1787111244,27.66232,79.57427,159,0,,,,28.67909,29.15322,24.31357
1787111244,27.66232,79.57427,159,0,,,,28.71296,29.25482,24.31357
1787111245,27.64897,79.59106,159,0,,,,28.67909,29.28868,24.41496
1787111246,27.57687,79.64599,159,0,,,,28.71296,29.11935,24.41496
1787111246,27.63294,79.52392,160,0,,,,28.64523,29.11935,24.34743
1787111247,27.61959,79.35455,159,0,,,,28.64523,29.25482,24.34743
1787111248,27.61959,79.24925,159,0,,,,28.64523,29.11935,24.44883
1787111248,27.55016,79.18364,159,0,,,,28.64523,29.15322,24.4827
1787111249,27.55016,79.19279,159,0,,,,28.67909,29.25482,24.4827
1787111249,27.60624,79.11192,159,0,,,,28.67909,29.22095,24.3811
1787111250,27.60624,79.17601,159,0,,,,28.67909,29.22095,24.3811
1787111251,27.57687,79.30267,159,0,,,,28.67909,29.15322,24.2797
1787111251,27.64897,79.34081,159,0,,,,28.64523,29.18709,24.34743
1787111252,27.63294,79.7116,159,0,,,,28.67909,29.15322,24.4827
1787111253,27.64897,79.65514,159,0,,,,28.64523,29.28868,24.41496
1787111253,27.59022,79.72076,159,0,,,,28.71296,29.15322,24.5841
1787111254,27.66232,79.65667,159,0,,,,28.78069,29.11935,24.44883
1787111255,27.63294,79.3164,159,0,,,,28.67909,29.11935,24.41496
1787111255,27.66232,79.37591,159,0,,,,28.64523,29.01776,24.4827
1787111256,27.70504,79.2401,159,0,,,,28.67909,29.22095,24.41496
1787111257,27.64897,79.21721,159,0,,,,28.71296,29.18709,24.31357
1787111257,27.66232,78.97002,159,0,,,,28.67909,29.18709,24.3811
1787111258,27.64897,78.92424,159,0,,,,28.67909,29.11935,24.3811
1787111259,27.67567,78.84947,159,0,,,,28.71296,29.18709,24.3811
1787111259,27.61959,78.83574,159,0,,,,28.71296,29.11935,24.3811
1787111260,27.74777,78.90898,159,0,,,,28.67909,29.15322,24.4827
1787111261,27.66232,79.05547,159,0,,,,28.67909,29.25482,24.44883
1787111261,27.66232,79.14702,159,0,,,,28.71296,29.25482,24.2797
1787111262,27.60624,79.29961,159,0,,,,28.71296,29.22095,24.31357
1787111263,27.60624,79.35302,159,0,,,,28.64523,29.25482,24.51636
1787111263,27.60624,79.38201,159,0,,,,28.64523,28.98389,24.44883
1787111264,27.56351,79.42321,159,0,,,,28.71296,29.18709,24.41496
1787111265,27.70504,79.48119,159,0,,,,28.74682,29.11935,24.41496
1787111265,27.57687,79.45831,159,0,,,,28.74682,29.25482,24.3811
1787111266,27.7184,79.31792,159,0,,,,28.64523,29.18709,24.34743
1787111267,27.55016,79.13023,159,0,,,,28.67909,29.22095,24.41496
1787111267,27.66232,79.05547,159,0,,,,28.71296,29.18709,24.51636
1787111268,27.63294,78.91966,159,0,,,,28.67909,29.18709,24.41496
1787111269,27.63294,78.80522,159,0,,,,28.67909,29.28868,24.44883
1787111269,27.64897,78.90593,159,0,,,,28.64523,29.25482,24.31357
1787111270,27.60624,78.82201,159,0,,,,28.71296,29.28868,24.5841
1787111271,27.61959,78.83574,159,0,,,,28.71296,29.15322,24.34743
1787111271,27.66232,78.88762,159,0,,,,28.67909,29.22095,24.41496
1787111272,27.64897,78.88304,159,0,,,,28.74682,29.15322,24.4827
1787111273,27.64897,78.75792,159,0,,,,28.71296,29.11935,24.4827
1787111273,27.60624,78.66636,159,0,,,,28.67909,29.25482,24.31357
1787111274,27.63294,78.64042,159,0,,,,28.71296,29.32255,24.2797
1787111275,27.61959,78.616,159,0,,,,28.64523,29.22095,24.44883
1787111275,27.63294,78.5153,159,0,,,,28.64523,29.11935,24.2797
1787111276,27.63294,78.5153,159,0,,,,28.74682,29.15322,24.34743
1787111277,27.70504,78.4802,159,0,,,,28.71296,29.25482,24.34743
1787111277,27.57687,78.32456,159,0,,,,28.67909,29.15322,24.4827
1787111278,27.66232,78.28336,159,0,,,,28.74682,29.15322,24.4827
1787111279,27.68902,78.34135,159,0,,,,28.71296,29.15322,24.24583
1787111279,27.74777,78.23148,159,0,,,,28.71296,29.22095,24.3811
1787111280,27.67567,78.32761,159,0,,,,28.61136,29.25482,24.3811
1787111281,27.61959,78.46037,159,0,,,,28.67909,29.25482,24.2797
1787111281,27.67567,78.60838,159,0,,,,28.71296,29.05162,24.41496
1787111282,27.61959,78.89677,159,0,,,,28.64523,29.11935,24.2797
1787111283,27.52079,78.8922,159,0,,,,28.67909,29.25482,24.4827
1787111283,27.64897,78.95628,159,0,,,,28.67909,29.18709,24.51636
1787111284,27.66232,78.88762,159,0,,,,28.74682,29.01776,24.24583
1787111285,27.61959,78.91814,159,0,,,,28.67909,29.25482,24.41496
1787111285,27.59022,78.78539,159,0,,,,28.61136,29.18709,24.51636
1787111286,27.56351,78.6862,159,0,,,,28.67909,29.08549,24.4827
1787111287,27.57687,78.72129,159,0,,,,28.67909,29.11935,24.51636
1787111287,27.57687,78.616,159,0,,,,28.64523,29.22095,24.55023
1787111288,27.64897,78.61295,159,0,,,,28.78069,29.28868,24.34743
1787111289,27.59022,78.48325,159,0,,,,28.67909,29.22095,24.2797
1787111289,27.63294,78.44205,159,0,,,,28.64523,29.22095,24.34743
1787111290,27.67567,78.33829,159,0,,,,28.67909,29.22095,24.34743
1787111291,27.63294,78.41154,159,0,,,,28.64523,29.05162,24.44883
1787111291,27.63294,78.40086,159,0,,,,28.71296,29.22095,24.34743
1787111292,27.63294,78.3917,159,0,,,,28.61136,29.18709,24.34743
1787111292,27.64897,78.46647,159,0,,,,28.64523,29.15322,24.41496
1787111293,27.76379,78.62058,159,0,,,,28.74682,29.11935,24.2797
1787111294,27.67567,78.73502,159,0,,,,28.67909,29.18709,24.3811
1787111294,27.68902,78.96544,159,0,,,,28.71296,29.22095,24.51636
1787111295,27.61959,79.12566,159,0,,,,28.71296,29.08549,24.41496
1787111296,27.61959,79.13786,159,0,,,,28.64523,29.18709,24.31357
1787111296,27.64897,79.20653,159,0,,,,28.67909,29.28868,24.55023
1787111297,27.61959,79.29351,159,0,,,,28.67909,29.22095,24.41496
1787111298,27.56351,79.30877,159,0,,,,28.74682,29.11935,24.44883
1787111298,27.60624,79.26757,159,0,,,,28.64523,29.18709,24.3811
1787111299,27.57687,79.33471,159,0,,,,28.67909,29.28868,24.44883
1787111300,27.66232,79.33471,159,0,,,,28.64523,29.18709,24.34743
1787111300,27.74777,79.3576,159,0,,,,28.67909,29.11935,24.44883
1787111301,27.56351,79.26757,159,0,,,,28.67909,29.15322,24.41496
1787111302,27.66232,79.18974,159,0,,,,28.71296,29.05162,24.21217
1787111302,27.68902,79.15312,159,0,,,,28.64523,29.15322,24.3811
1787111303,27.61959,79.08446,159,0,,,,28.67909,29.32255,24.51636
1787111304,27.66232,78.95018,159,0,,,,28.61136,29.15322,24.34743
1787111304,27.56351,78.83116,159,0,,,,28.64523,29.25482,24.24583
1787111305,27.61959,78.73197,159,0,,,,28.57749,29.18709,24.44883
1787111306,27.61959,78.70908,159,0,,,,28.74682,29.25482,24.4827
1787111306,27.67567,78.55802,159,0,,,,28.64523,29.15322,24.41496
1787111307,27.61959,78.59464,159,0,,,,28.67909,29.18709,24.44883
1787111308,27.68902,78.62211,159,0,,,,28.64523,29.05162,24.55023
1787111308,27.66232,78.63584,159,0,,,,28.74682,29.15322,24.2797
1787111309,27.61959,78.7396,159,0,,,,28.67909,29.11935,24.4827
1787111310,27.63294,78.75334,159,0,,,,28.67909,29.15322,24.31357
1787111310,27.59022,78.97307,159,0,,,,28.64523,29.28868,24.44883
1787111311,27.63294,79.09819,159,0,,,,28.71296,29.25482,24.2797
1787111312,27.61959,79.2401,159,0,,,,28.74682,29.18709,24.41496
1787111312,27.68902,79.13329,159,0,,,,28.67909,29.22095,24.44883
1787111313,27.64897,79.15312,159,0,,,,28.64523,29.18709,24.41496
1787111314,27.66232,79.12566,159,0,,,,28.67909,29.08549,24.31357
1787111314,27.64897,79.00969,159,0,,,,28.64523,29.11935,24.3811
1787111315,27.55016,78.94255,159,0,,,,28.71296,29.22095,24.3811
1787111316,27.67567,78.71366,159,0,,,,28.71296,29.15322,24.44883
1787111316,27.61959,78.70908,159,0,,,,28.71296,29.18709,24.31357
1787111317,27.66232,78.62669,159,0,,,,28.64523,29.28868,24.55023
1787111318,27.53414,78.50156,159,0,,,,28.61136,29.11935,24.31357
1787111318,27.70504,78.34592,159,0,,,,28.74682,29.08549,24.34743
1787111319,27.60624,78.26048,159,0,,,,28.74682,29.22095,24.41496
1787111320,27.59022,78.2559,159,0,,,,28.61136,29.11935,24.41496
1787111320,27.66232,78.17807,159,0,,,,28.71296,29.22095,24.41496
1787111321,27.61959,78.14603,159,0,,,,28.67909,29.22095,24.3811
1787111322,27.57687,78.17807,159,0,,,,28.67909,28.98389,24.4827
1787111322,27.68902,78.07126,159,0,,,,28.57749,29.22095,24.44883
1787111323,27.61959,78.00259,159,0,,,,28.71296,29.11935,24.4827
1787111324,27.55016,77.89273,159,0,,,,28.67909,29.08549,24.34743
1787111324,27.60624,77.85306,159,0,,,,28.67909,29.32255,24.34743
1787111325,27.67567,77.81949,159,0,,,,28.64523,29.15322,24.44883
1787111326,27.56351,77.84238,159,0,,,,28.67909,29.22095,24.3811
1787111326,27.60624,77.67452,160,0,,,,28.74682,29.22095,24.31357
1787111327,27.63294,77.69283,159,0,,,,28.61136,29.18709,24.4827
1787111328,27.59022,77.86069,159,0,,,,28.67909,29.11935,24.3811
1787111328,27.64897,77.81186,159,0,,,,28.71296,29.05162,24.31357
1787111329,27.52079,77.70657,159,0,,,,28.71296,29.22095,24.51636
1787111330,27.55016,77.76608,159,0,,,,28.67909,29.18709,24.2797
1787111330,27.59022,77.86069,159,0,,,,28.67909,29.22095,24.34743
1787111331,27.59022,77.77829,159,0,,,,28.64523,29.15322,24.41496
1787111332,27.7184,77.88052,159,0,,,,28.61136,29.15322,24.31357
1787111332,27.73175,77.83322,159,0,,,,28.74682,29.11935,24.31357
1787111333,27.64897,77.71877,159,0,,,,28.61136,29.18709,24.34743
1787111334,27.52079,77.70657,159,0,,,,28.74682,29.15322,24.5841
1787111334,27.61959,77.79355,159,0,,,,28.64523,29.08549,24.34743
1787111335,27.59022,77.76608,159,0,,,,28.67909,29.18709,24.34743
1787111336,27.63294,77.80728,159,0,,,,28.64523,29.01776,24.3811
1787111336,27.66232,77.89883,159,0,,,,28.74682,29.15322,24.44883
1787111337,27.63294,77.69283,159,0,,,,28.64523,29.32255,24.3811
1787111337,27.63294,77.673,159,0,,,,28.71296,29.25482,24.44883
1787111338,27.61959,77.66842,159,0,,,,28.71296,29.25482,24.44883
1787111339,27.59022,77.72488,159,0,,,,28.71296,29.18709,24.4827
1787111339,27.63294,77.68215,159,0,,,,28.71296,29.18709,24.41496
1787111340,27.64897,77.59212,159,0,,,,28.67909,29.18709,24.34743
1787111341,27.61959,77.73251,159,0,,,,28.74682,29.11935,24.3811
1787111341,27.55016,77.75693,159,0,,,,28.64523,29.22095,24.31357
1787111342,27.67567,77.86984,159,0,,,,28.74682,29.11935,24.41496
1787111343,27.60624,77.98886,159,0,,,,28.67909,29.22095,24.3811
1787111343,27.56351,78.11246,159,0,,,,28.67909,29.22095,24.34743
1787111344,27.67567,78.24521,159,0,,,,28.67909,29.15322,24.41496
1787111345,27.68902,78.49851,159,0,,,,28.67909,29.15322,24.51636
1787111345,27.67567,78.46189,159,0,,,,28.64523,29.28868,24.34743
1787111346,27.63294,78.62974,159,0,,,,28.71296,29.15322,24.3811
1787111347,27.64897,78.64347,159,0,,,,28.71296,29.15322,24.3811
1787111347,27.60624,78.70756,159,0,,,,28.61136,29.11935,24.34743
1787111348,27.67567,78.60838,159,0,,,,28.67909,29.25482,24.41496
1787111349,27.67567,78.54734,159,0,,,,28.64523,29.18709,24.41496
1787111349,27.60624,78.61295,159,0,,,,28.64523,28.98389,24.4827
1787111350,27.61959,78.72129,159,0,,,,28.67909,29.18709,24.31357
1787111351,27.59022,78.79607,159,0,,,,28.71296,29.05162,24.3811
1787111351,27.63294,78.70298,159,0,,,,28.67909,29.32255,24.5841
1787111352,27.63294,78.78539,159,0,,,,28.64523,29.15322,24.4827
1787111353,27.64897,78.70756,159,0,,,,28.71296,29.08549,24.44883
1787111353,27.64897,78.55192,159,0,,,,28.67909,29.28868,24.41496
1787111354,27.59022,78.56718,159,0,,,,28.71296,29.28868,24.34743
1787111355,27.7184,78.44358,159,0,,,,28.74682,29.18709,24.3811
1787111355,27.66232,78.64805,159,0,,,,28.64523,29.11935,24.3811
1787111356,27.56351,78.70756,159,0,,,,28.74682,29.11935,24.44883
1787111357,27.64897,78.53971,159,0,,,,28.67909,29.28868,24.4827
1787111357,27.64897,78.56107,159,0,,,,28.74682,29.15322,24.41496
1787111358,27.67567,78.67246,159,0,,,,28.67909,29.25482,24.34743
1787111359,27.67567,78.49393,159,0,,,,28.67909,29.05162,24.24583
1787111359,27.52079,78.35203,159,0,,,,28.67909,29.22095,24.55023
1787111360,27.63294,78.40086,159,0,,,,28.67909,29.15322,24.34743
1787111361,27.61959,78.37797,159,0,,,,28.61136,29.18709,24.44883
1787111361,27.68902,78.20554,159,0,,,,28.67909,29.08549,24.4827
1787111362,27.64897,78.1857,159,0,,,,28.67909,29.28868,24.21217
1787111363,27.64897,78.17654,159,0,,,,28.67909,29.05162,24.31357
1787111363,27.61959,78.11703,159,0,,,,28.57749,29.11935,24.3811
1787111364,27.66232,77.95224,159,0,,,,28.61136,29.18709,24.44883
1787111365,27.63294,78.28642,159,0,,,,28.61136,29.11935,24.34743
1787111365,27.66232,78.42985,159,0,,,,28.71296,29.11935,24.4827
1787111366,27.7184,78.71366,159,0,,,,28.67909,29.08549,24.31357
1787111367,27.73175,78.90593,159,0,,,,28.71296,29.11935,24.4827
1787111367,27.60624,79.00969,159,0,,,,28.67909,29.22095,24.41496
1787111368,27.59022,79.02495,159,0,,,,28.71296,29.18709,24.51636
1787111369,27.67567,79.10735,159,0,,,,28.67909,29.18709,24.34743
1787111369,27.64897,79.13329,159,0,,,,28.74682,29.08549,24.34743
1787111370,27.61959,78.97917,159,0,,,,28.71296,29.11935,24.34743
1787111371,27.56351,79.06004,159,0,,,,28.67909,29.18709,24.4827
1787111371,27.59022,78.84947,159,0,,,,28.71296,29.08549,24.34743
1787111372,27.60624,78.70756,159,0,,,,28.64523,29.22095,24.44883
1787111373,27.66232,78.69993,159,0,,,,28.71296,29.15322,24.55023
1787111373,27.70504,78.54429,159,0,,,,28.67909,29.22095,24.41496
1787111374,27.64897,78.49851,159,0,,,,28.71296,29.22095,24.44883
1787111375,27.57687,78.30473,159,0,,,,28.57749,29.11935,24.55023
1787111375,27.64897,78.31998,159,0,,,,28.78069,29.15322,24.44883
1787111376,27.67567,78.4329,159,0,,,,28.64523,29.15322,24.31357
1787111377,27.59022,78.49393,159,0,,,,28.67909,29.35642,24.44883
1787111377,27.64897,78.38407,159,0,,,,28.67909,29.18709,24.4827
1787111378,27.73175,78.44663,159,0,,,,28.71296,29.18709,24.44883
1787111379,27.66232,78.57481,159,0,,,,28.74682,29.25482,24.44883
1787111379,27.60624,78.66636,159,0,,,,28.64523,29.01776,24.51636
1787111380,27.61959,79.03258,159,0,,,,28.71296,29.15322,24.41496
1787111380,27.67567,79.18364,159,0,,,,28.78069,29.15322,24.21217
1787111381,27.66232,79.55138,159,0,,,,28.64523,29.15322,24.44883
1787111382,27.61959,79.45983,159,0,,,,28.74682,29.22095,24.41496
1787111382,27.70504,79.79401,159,0,,,,28.71296,29.22095,24.31357
1787111383,27.64897,79.72533,159,0,,,,28.57749,29.08549,24.2797
1787111384,27.67567,79.55596,159,0,,,,28.61136,29.28868,24.41496
1787111384,27.61959,79.49035,159,0,,,,28.67909,29.18709,24.4827
1787111385,27.55016,79.32708,159,0,,,,28.74682,29.18709,24.51636
1787111386,27.61959,79.33471,159,0,,,,28.67909,29.25482,24.4827
1787111386,27.60624,79.38201,159,0,,,,28.64523,29.11935,24.4827
1787111387,27.63294,79.52392,159,0,,,,28.71296,29.22095,24.4827
1787111388,27.66232,79.54223,159,0,,,,28.57749,29.18709,24.4827
1787111388,27.57687,79.55138,159,0,,,,28.74682,29.05162,24.31357
1787111389,27.64897,79.65514,159,0,,,,28.71296,29.15322,24.34743
1787111390,27.66232,79.61547,159,0,,,,28.71296,29.22095,24.4827
1787111390,27.60624,79.6231,159,0,,,,28.67909,29.22095,24.34743
1787111391,27.61959,79.61547,159,0,,,,28.64523,29.25482,24.3811
1787111392,27.59022,79.61852,159,0,,,,28.67909,29.11935,24.41496
1787111392,27.64897,79.4873,159,0,,,,28.67909,29.15322,24.31357
1787111393,27.57687,79.45831,159,0,,,,28.64523,28.98389,24.34743
1787111394,27.60624,79.36217,159,0,,,,28.67909,29.15322,24.41496
1787111394,27.66232,79.26147,159,0,,,,28.67909,29.15322,24.55023
1787111395,27.63294,79.29504,159,0,,,,28.61136,29.35642,24.4827
1787111396,27.70504,79.38659,159,0,,,,28.64523,29.22095,24.41496
1787111396,27.70504,79.40795,160,0,,,,28.64523,29.22095,24.4827
1787111397,27.56351,79.54986,159,0,,,,28.64523,29.22095,24.65183
1787111398,27.66232,79.54223,159,0,,,,28.64523,29.22095,24.44883
1787111398,27.68902,79.75739,159,0,,,,28.67909,29.18709,24.41496
1787111399,27.61959,79.56359,159,0,,,,28.67909,29.15322,24.4827
1787111400,27.7184,79.59716,159,0,,,,28.71296,29.22095,24.44883
1787111400,27.67567,79.53613,159,0,,,,28.78069,29.15322,24.55023
1787111401,27.64897,79.45525,159,0,,,,28.74682,29.15322,24.3811
1787111402,27.63294,79.35912,159,0,,,,28.64523,29.18709,24.34743
1787111402,27.63294,79.24315,159,0,,,,28.71296,29.15322,24.3811
1787111403,27.63294,79.0753,159,0,,,,28.64523,29.11935,24.31357
1787111404,27.68902,79.13329,159,0,,,,28.67909,29.25482,24.34743
1787111404,27.63294,78.97307,159,0,,,,28.71296,29.22095,24.3811
1787111405,27.64897,79.01884,159,0,,,,28.71296,29.05162,24.3811
1787111406,27.56351,78.8632,159,0,,,,28.67909,29.15322,24.34743
1787111406,27.55016,78.86931,159,0,,,,28.57749,29.18709,24.44883
1787111407,27.60624,78.82201,159,0,,,,28.67909,29.08549,24.51636
1787111408,27.61959,78.7396,159,0,,,,28.71296,29.32255,24.3811
1787111408,27.56351,78.77776,159,0,,,,28.64523,29.18709,24.31357
1787111409,27.60624,78.66636,159,0,,,,28.64523,29.25482,24.3811
1787111410,27.61959,78.66788,159,0,,,,28.64523,29.28868,24.31357
1787111410,27.56351,78.73655,159,0,,,,28.61136,29.15322,24.24583
1787111411,27.68902,78.74876,159,0,,,,28.67909,29.25482,24.44883
1787111412,27.57687,78.84489,159,0,,,,28.67909,29.28868,24.2797
1787111412,27.64897,78.75792,159,0,,,,28.67909,29.15322,24.34743
1787111413,27.61959,78.81438,159,0,,,,28.71296,29.25482,24.44883
1787111414,27.61959,78.77165,159,0,,,,28.64523,29.18709,24.51636
1787111414,27.66232,78.68925,159,0,,,,28.67909,29.22095,24.21217
1787111415,27.68902,78.87389,159,0,,,,28.71296,29.25482,24.24583
1787111416,27.63294,78.84947,159,0,,,,28.67909,29.15322,24.3811
1787111416,27.56351,79.01884,159,0,,,,28.67909,29.18709,24.31357
1787111417,27.61959,79.07378,159,0,,,,28.67909,29.25482,24.41496
1787111418,27.70504,79.1577,159,0,,,,28.64523,29.15322,24.4827
1787111418,27.64897,79.22636,159,0,,,,28.67909,29.15322,24.44883
1787111419,27.66232,79.1989,159,0,,,,28.61136,29.05162,24.4827
1787111420,27.63294,79.03716,159,0,,,,28.74682,29.05162,24.3811
1787111420,27.60624,79.16533,159,0,,,,28.67909,29.15322,24.3811
1787111421,27.60624,78.95628,159,0,,,,28.64523,29.08549,24.34743
1787111422,27.59022,78.88152,159,0,,,,28.74682,29.05162,24.31357
1787111422,27.66232,78.79149,159,0,,,,28.71296,29.25482,24.51636
1787111423,27.57687,78.7396,159,0,,,,28.67909,29.22095,24.41496
1787111424,27.64897,78.74876,159,0,,,,28.74682,29.25482,24.44883
1787111424,27.60624,78.40543,159,0,,,,28.71296,29.18709,24.31357
1787111425,27.57687,78.41001,159,0,,,,28.67909,29.15322,24.34743
1787111426,27.55016,78.37034,159,0,,,,28.67909,29.08549,24.44883
1787111426,27.63294,78.32761,159,0,,,,28.67909,29.22095,24.34743
1787111427,27.60624,78.26963,159,0,,,,28.74682,29.11935,24.3811
1787111427,27.52079,77.9675,159,0,,,,28.78069,29.22095,24.41496
1787111428,27.64897,77.98886,159,0,,,,28.64523,29.25482,24.44883
1787111429,27.61959,78.03464,159,0,,,,28.78069,29.25482,24.2797
1787111429,27.64897,77.9675,159,0,,,,28.61136,29.08549,24.41496
1787111430,27.60624,77.9675,159,0,,,,28.64523,29.22095,24.3811
1787111431,27.57687,77.90799,159,0,,,,28.64523,29.15322,24.51636
1787111431,27.63294,77.98428,159,0,,,,28.67909,29.25482,24.3811
1787111432,27.66232,77.97208,159,0,,,,28.71296,29.08549,24.31357
1787111433,27.59022,78.04837,159,0,,,,28.71296,29.28868,24.34743
1787111433,27.56351,78.0621,159,0,,,,28.61136,29.22095,24.4827
1787111434,27.55016,78.08041,159,0,,,,28.67909,29.22095,24.2797
1787111435,27.61959,78.02243,159,0,,,,28.67909,29.15322,24.34743
1787111435,27.66232,77.9202,159,0,,,,28.78069,29.18709,24.34743
1787111436,27.55016,77.97513,159,0,,,,28.71296,29.11935,24.44883
1787111437,27.60624,77.85306,159,0,,,,28.71296,29.15322,24.31357
1787111437,27.59022,77.77829,159,0,,,,28.71296,29.18709,24.44883
1787111438,27.67567,77.79813,159,0,,,,28.67909,29.11935,24.51636
1787111439,27.60624,78.04074,159,0,,,,28.71296,29.22095,24.34743
1787111439,27.61959,78.10788,159,0,,,,28.71296,29.08549,24.41496
1787111440,27.57687,78.13687,159,0,,,,28.71296,29.22095,24.44883
1787111441,27.67567,78.2971,159,0,,,,28.64523,29.11935,24.3811
1787111441,27.61959,78.44816,159,0,,,,28.67909,29.05162,24.34743
1787111442,27.64897,78.29099,159,0,,,,28.74682,29.08549,24.3811
1787111443,27.66232,78.32456,159,0,,,,28.64523,29.08549,24.44883
1787111443,27.56351,78.37339,159,0,,,,28.61136,29.18709,24.41496
1787111444,27.61959,78.41001,159,0,,,,28.67909,29.25482,24.34743
1787111445,27.57687,78.29252,159,0,,,,28.71296,29.11935,24.44883
1787111445,27.66232,78.31388,159,0,,,,28.67909,29.11935,24.44883
1787111446,27.56351,78.20554,159,0,,,,28.67909,29.22095,24.31357
1787111447,27.66232,78.14603,159,0,,,,28.71296,29.01776,24.34743
1787111447,27.60624,78.16434,159,0,,,,28.67909,29.22095,24.41496
1787111448,27.56351,78.11246,159,0,,,,28.74682,29.22095,24.41496
1787111449,27.60624,78.03006,159,0,,,,28.64523,29.15322,24.51636
1787111449,27.57687,78.03464,159,0,,,,28.74682,29.05162,24.41496
1787111450,27.61959,78.08652,159,0,,,,28.74682,29.25482,24.34743
1787111451,27.61959,77.94003,159,0,,,,28.67909,29.11935,24.3811
1787111451,27.55016,77.94461,159,0,,,,28.78069,29.11935,24.31357
1787111452,27.64897,77.8851,159,0,,,,28.64523,29.05162,24.31357
1787111453,27.70504,77.90799,159,0,,,,28.67909,29.15322,24.41496
1787111453,27.74777,77.78439,159,0,,,,28.71296,29.01776,24.34743
1787111454,27.66232,77.78439,159,0,,,,28.67909,29.25482,24.44883
1787111455,27.64897,77.8851,159,0,,,,28.67909,29.15322,24.4827
1787111455,27.70504,78.03464,159,0,,,,28.71296,29.32255,24.41496
1787111456,27.61959,78.36576,159,0,,,,28.71296,29.25482,24.51636
1787111457,27.74777,78.73197,159,0,,,,28.67909,29.28868,24.34743
1787111457,27.67567,78.93187,159,0,,,,28.71296,29.08549,24.41496
1787111458,27.64897,79.10124,159,0,,,,28.74682,29.15322,24.55023
1787111459,27.57687,79.33471,159,0,,,,28.71296,29.22095,24.2797
1787111459,27.57687,79.20805,159,0,,,,28.67909,29.25482,24.51636
1787111460,27.67567,79.22484,159,0,,,,28.67909,29.22095,24.44883
1787111461,27.61959,79.1577,159,0,,,,28.64523,29.18709,24.3811
1787111461,27.57687,78.95018,159,0,,,,28.64523,29.15322,24.3811
1787111462,27.59022,78.86931,159,0,,,,28.74682,29.11935,24.4827
1787111465,27.59022,78.70298,159,0,,,,28.64523,29.15322,24.2797
1787111465,27.60624,78.58091,159,0,,,,28.78069,29.25482,24.3811
1787111465,27.67567,78.52598,159,0,,,,28.78069,29.05162,24.24583
1787111465,27.63294,78.48325,159,0,,,,28.64523,29.11935,24.3811
1787111465,27.60624,78.59007,159,0,,,,28.71296,29.22095,24.34743
1787111466,27.55016,78.82811,159,0,,,,28.67909,29.22095,24.31357
1787111467,27.61959,79.06157,159,0,,,,28.74682,29.18709,24.41496
1787111467,27.67567,79.19279,159,0,,,,28.64523,29.15322,24.41496
1787111468,27.64897,79.40337,159,0,,,,28.67909,29.25482,24.4827
1787111469,27.68902,79.55901,159,0,,,,28.67909,29.18709,24.44883
1787111469,27.63294,79.50408,159,0,,,,28.57749,29.11935,24.41496
1787111470,27.64897,79.43542,159,0,,,,28.61136,29.18709,24.55023
1787111470,27.55016,79.33929,159,0,,,,28.67909,29.15322,24.34743
1787111471,27.66232,79.30419,159,0,,,,28.64523,29.25482,24.4827
1787111472,27.57687,79.1577,159,0,,,,28.61136,29.22095,24.41496
1787111472,27.61959,78.88762,159,0,,,,28.57749,29.15322,24.3811
1787111473,27.61959,78.89677,159,0,,,,28.67909,29.11935,24.51636
1787111474,27.59022,78.69382,159,0,,,,28.74682,29.15322,24.41496
1787111474,27.66232,78.55344,159,0,,,,28.67909,29.18709,24.21217
1787111475,27.64897,78.75792,159,0,,,,28.64523,29.15322,24.34743
1787111476,27.57687,78.616,159,0,,,,28.64523,29.08549,24.34743
1787111476,27.70504,79.04326,159,0,,,,28.74682,29.08549,24.34743
1787111477,27.66232,79.40795,159,0,,,,28.74682,29.08549,24.4827
1787111478,27.68902,79.83063,159,0,,,,28.61136,29.08549,24.3811
1787111478,27.61959,80.05341,159,0,,,,28.64523,29.01776,24.31357
1787111479,27.57687,80.25024,159,0,,,,28.64523,29.22095,24.24583
1787111480,27.61959,80.27009,159,0,,,,28.74682,29.15322,24.41496
1787111480,27.66232,80.24109,159,0,,,,28.71296,29.15322,24.44883
1787111481,27.66232,80.02136,159,0,,,,28.64523,29.05162,24.51636
1787111482,27.59022,79.97253,159,0,,,,28.57749,29.08549,24.41496
1787111482,27.63294,79.9527,159,0,,,,28.64523,29.11935,24.3811
1787111483,27.60624,79.89319,159,0,,,,28.71296,29.22095,24.51636
1787111484,27.64897,79.98627,159,0,,,,28.74682,29.15322,24.4827
1787111484,27.66232,80,159,0,,,,28.71296,29.08549,24.3811
1787111485,27.63294,80.05493,160,0,,,,28.74682,29.22095,24.3811
1787111486,27.66232,80.30213,159,0,,,,28.67909,29.18709,24.2797
1787111486,27.55016,80.20142,159,0,,,,28.74682,29.15322,24.3811
1787111487,27.60624,80.14191,159,0,,,,28.71296,29.11935,24.41496
1787111488,27.57687,80.11444,159,0,,,,28.67909,29.18709,24.41496
1787111488,27.64897,79.96643,159,0,,,,28.67909,29.22095,24.41496
1787111489,27.63294,79.72381,159,0,,,,28.64523,29.25482,24.41496
1787111490,27.47807,79.56817,159,0,,,,28.81456,29.25482,24.44883
1787111490,27.60624,79.54986,159,0,,,,28.74682,29.15322,24.51636
1787111491,27.60624,79.25842,159,0,,,,28.64523,29.28868,24.2797
1787111492,27.61959,79.21111,159,0,,,,28.74682,29.18709,24.41496
1787111492,27.57687,78.90593,159,0,,,,28.67909,29.08549,24.31357
1787111493,27.57687,78.91814,159,0,,,,28.67909,29.18709,24.61796
1787111494,27.57687,78.78233,159,0,,,,28.67909,29.18709,24.5841
1787111494,27.66232,78.66788,159,0,,,,28.67909,29.35642,24.51636
1787111495,27.60624,78.48783,159,0,,,,28.74682,29.11935,24.31357
1787111496,27.68902,78.56107,159,0,,,,28.64523,29.08549,24.41496
1787111496,27.63294,78.50614,159,0,,,,28.57749,29.08549,24.31357
1787111497,27.70504,78.65873,159,0,,,,28.71296,29.05162,24.44883
1787111498,27.56351,78.69535,159,0,,,,28.67909,29.18709,24.31357
1787111498,27.49409,78.6572,159,0,,,,28.71296,29.15322,24.2797
1787111499,27.70504,78.71214,159,0,,,,28.71296,29.28868,24.55023
1787111500,27.57687,78.70908,159,0,,,,28.64523,29.05162,24.4827
1787111500,27.70504,78.7625,159,0,,,,28.64523,29.18709,24.3811
1787111501,27.59022,78.64042,159,0,,,,28.71296,29.11935,24.51636
1787111502,27.55016,78.54734,159,0,,,,28.57749,29.15322,24.41496
1787111502,27.63294,78.55802,159,0,,,,28.67909,29.15322,24.41496
1787111503,27.7184,78.54734,159,0,,,,28.67909,29.11935,24.41496
1787111504,27.64897,78.55192,159,0,,,,28.74682,29.15322,24.55023
1787111504,27.63294,78.48325,159,0,,,,28.67909,29.18709,24.55023
1787111505,27.61959,78.62669,159,0,,,,28.71296,29.15322,24.41496
1787111506,27.59022,78.53513,159,0,,,,28.71296,29.18709,24.2797
1787111506,27.61959,78.439,159,0,,,,28.67909,29.15322,24.41496
1787111507,27.66232,78.36576,159,0,,,,28.64523,29.22095,24.41496
1787111508,27.66232,78.3978,159,0,,,,28.71296,29.22095,24.55023
1787111508,27.57687,78.34592,159,0,,,,28.64523,29.15322,24.41496
1787111509,27.7184,78.31846,159,0,,,,28.64523,29.15322,24.3811
1787111510,27.60624,78.11398,159,0,,,,28.67909,29.32255,24.3811
1787111510,27.56351,78.16434,159,0,,,,28.71296,29.01776,24.44883
1787111511,27.56351,78.15518,159,0,,,,28.71296,29.15322,24.41496
1787111512,27.59022,78.03616,159,0,,,,28.67909,29.08549,24.3811
1787111512,27.59022,78.07736,159,0,,,,28.64523,29.22095,24.41496
1787111513,27.61959,77.97055,159,0,,,,28.74682,29.28868,24.34743
1787111513,27.55016,77.81949,159,0,,,,28.64523,29.18709,24.41496
1787111514,27.60624,77.90646,159,0,,,,28.67909,29.18709,24.4827
1787111515,27.59022,77.79813,159,0,,,,28.61136,29.25482,24.51636
1787111516,27.59022,77.69283,159,0,,,,28.67909,29.08549,24.51636
1787111516,27.59022,77.7554,159,0,,,,28.67909,29.08549,24.34743
1787111517,27.57687,77.58602,159,0,,,,28.67909,29.01776,24.3811
1787111517,27.66232,77.57687,159,0,,,,28.57749,29.25482,24.31357
1787111518,27.60624,77.57229,159,0,,,,28.67909,29.08549,24.31357
1787111519,27.63294,77.65163,159,0,,,,28.67909,29.28868,24.41496
1787111519,27.60624,77.65469,159,0,,,,28.61136,29.22095,24.31357
1787111520,27.67567,77.61044,159,0,,,,28.67909,29.18709,24.34743
1787111521,27.60624,77.64553,159,0,,,,28.74682,29.11935,24.4827
1787111521,27.57687,77.62875,159,0,,,,28.64523,29.08549,24.3811
1787111522,27.60624,77.61501,159,0,,,,28.64523,29.22095,24.4827
1787111523,27.60624,77.48074,159,0,,,,28.61136,29.18709,24.41496
1787111523,27.60624,77.56313,159,0,,,,28.67909,29.15322,24.55023
1787111524,27.61959,77.6379,159,0,,,,28.71296,29.28868,24.34743
1787111525,27.7184,77.51736,159,0,,,,28.71296,29.18709,24.3811
1787111525,27.59022,77.56771,159,0,,,,28.74682,29.28868,24.65183
1787111526,27.59022,77.70199,159,0,,,,28.74682,29.15322,24.41496
1787111527,27.57687,78.01175,159,0,,,,28.61136,29.11935,24.3811
1787111527,27.60624,78.37339,159,0,,,,28.67909,29.25482,24.5841
1787111528,27.66232,78.69993,159,0,,,,28.67909,29.32255,24.41496
1787111529,27.55016,78.91051,159,0,,,,28.71296,29.18709,24.51636
1787111529,27.57687,79.3225,159,0,,,,28.74682,29.15322,24.44883
1787111530,27.63294,79.3988,159,0,,,,28.78069,29.15322,24.4827
1787111531,27.73175,79.69634,159,0,,,,28.71296,29.28868,24.55023
1787111531,27.68902,79.77875,159,0,,,,28.74682,29.15322,24.2797
1787111532,27.61959,79.65667,159,0,,,,28.67909,29.18709,24.34743
1787111533,27.61959,79.73907,159,0,,,,28.67909,29.05162,24.55023
1787111533,27.59022,79.54528,159,0,,,,28.61136,29.25482,24.41496
1787111534,27.59022,79.48272,159,0,,,,28.74682,29.18709,24.31357
1787111535,27.59022,79.36828,159,0,,,,28.71296,29.18709,24.51636
1787111535,27.66232,79.2813,159,0,,,,28.71296,29.28868,24.44883
1787111536,27.63294,79.22179,159,0,,,,28.71296,29.08549,24.44883
1787111537,27.56351,78.96544,159,0,,,,28.71296,29.11935,24.2797
1787111537,27.64897,78.9456,159,0,,,,28.67909,29.15322,24.34743
1787111538,27.63294,78.80522,159,0,,,,28.67909,29.15322,24.41496
1787111539,27.60624,78.60227,159,0,,,,28.74682,29.11935,24.24583
1787111539,27.59022,78.55802,159,0,,,,28.67909,29.08549,24.31357
1787111540,27.63294,78.33829,159,0,,,,28.71296,29.32255,24.3811
1787111541,27.60624,78.29099,159,0,,,,28.64523,29.15322,24.34743
1787111541,27.66232,78.26353,159,0,,,,28.64523,29.22095,24.5841
1787111542,27.61959,78.19028,159,0,,,,28.71296,29.15322,24.31357
1787111543,27.63294,78.08957,159,0,,,,28.74682,29.15322,24.4827
1787111543,27.64897,78.07278,159,0,,,,28.78069,29.28868,24.34743
1787111544,27.60624,77.86221,159,0,,,,28.64523,29.32255,24.34743
1787111545,27.63294,77.86984,159,0,,,,28.71296,29.15322,24.4827
1787111545,27.63294,77.78745,159,0,,,,28.67909,29.25482,24.34743
1787111546,27.7184,77.83017,159,0,,,,28.71296,29.22095,24.3811
1787111547,27.59022,77.7554,159,0,,,,28.64523,29.15322,24.31357
1787111547,27.60624,77.60433,159,0,,,,28.64523,29.32255,24.31357
1787111548,27.68902,77.81186,159,0,,,,28.64523,29.11935,24.41496
1787111549,27.59022,77.80728,159,0,,,,28.64523,29.18709,24.34743
1787111549,27.74777,77.99344,159,0,,,,28.67909,29.32255,24.41496
1787111550,27.7184,78.31846,159,0,,,,28.67909,29.25482,24.3811
1787111551,27.64897,78.78996,159,0,,,,28.64523,29.22095,24.41496
1787111551,27.63294,78.98375,159,0,,,,28.64523,29.05162,24.3811
1787111552,27.59022,79.32708,159,0,,,,28.64523,29.25482,24.34743
1787111553,27.64897,79.45525,159,0,,,,28.64523,29.15322,24.41496
1787111553,27.67567,79.7116,159,0,,,,28.64523,29.08549,24.34743
1787111554,27.64897,79.88098,159,0,,,,28.67909,29.15322,24.3811
1787111555,27.63294,79.79706,159,0,,,,28.71296,29.18709,24.3811
1787111555,27.66232,79.59563,159,0,,,,28.61136,29.15322,24.44883
1787111556,27.74777,79.54528,159,0,,,,28.74682,29.25482,24.34743
1787111557,27.70504,79.57427,159,0,,,,28.64523,29.25482,24.2797
1787111557,27.74777,79.70092,159,0,,,,28.71296,29.25482,24.55023
1787111558,27.61959,79.90692,159,0,,,,28.71296,29.22095,24.44883
1787111558,27.66232,79.90692,159,0,,,,28.61136,29.22095,24.3811
1787111559,27.64897,79.97711,159,0,,,,28.71296,29.18709,24.41496
1787111560,27.7184,79.94354,159,0,,,,28.61136,29.15322,24.41496
1787111560,27.67567,79.9115,159,0,,,,28.67909,29.22095,24.44883
1787111561,27.66232,79.71923,159,0,,,,28.67909,29.15322,24.2797
1787111562,27.64897,79.51934,159,0,,,,28.61136,29.22095,24.3811
1787111562,27.60624,79.43542,159,0,,,,28.67909,29.18709,24.41496
1787111563,27.66232,79.1989,159,0,,,,28.71296,29.11935,24.2797
1787111564,27.64897,79.00969,159,0,,,,28.67909,29.32255,24.4827
1787111564,27.64897,78.8632,159,0,,,,28.64523,29.08549,24.44883
1787111565,27.63294,78.86931,159,0,,,,28.61136,29.22095,24.3811
1787111566,27.61959,78.53361,159,0,,,,28.61136,29.18709,24.44883
1787111566,27.55016,78.3917,159,0,,,,28.74682,29.15322,24.41496
1787111567,27.57687,78.21011,159,0,,,,28.64523,29.18709,24.41496
1787111568,27.61959,78.19028,159,0,,,,28.61136,29.18709,24.2797
1787111568,27.63294,78.13077,159,0,,,,28.67909,29.22095,24.3811
1787111569,27.55016,78.08957,159,0,,,,28.78069,29.15322,24.4827
1787111570,27.56351,77.8851,159,0,,,,28.71296,29.11935,24.2797
1787111570,27.59022,77.92172,159,0,,,,28.74682,29.05162,24.3811
1787111571,27.57687,78.02243,159,0,,,,28.74682,29.15322,24.3811
1787111572,27.63294,78.13992,159,0,,,,28.71296,29.11935,24.3811
1787111572,27.74777,78.33677,159,0,,,,28.67909,29.22095,24.41496
1787111573,27.61959,78.54429,159,0,,,,28.74682,29.22095,24.44883
1787111574,27.66232,78.66788,159,0,,,,28.67909,29.15322,24.41496
1787111574,27.60624,78.6862,159,0,,,,28.71296,29.18709,24.3811
1787111575,27.56351,78.8632,159,0,,,,28.67909,29.18709,24.24583
1787111576,27.67567,78.84947,159,0,,,,28.74682,29.22095,24.44883
1787111576,27.56351,78.9044,159,0,,,,28.64523,29.22095,24.31357
1787111577,27.56351,78.8632,159,0,,,,28.67909,29.11935,24.51636
1787111578,27.56351,78.7686,159,0,,,,28.67909,29.15322,24.3811
1787111578,27.60624,78.70756,159,0,,,,28.64523,29.15322,24.3811
1787111579,27.66232,78.70908,159,0,,,,28.64523,29.11935,24.34743
1787111580,27.64897,78.58396,159,0,,,,28.67909,29.22095,24.44883
1787111580,27.61959,78.49241,159,0,,,,28.71296,29.11935,24.31357
1787111581,27.67567,78.4329,159,0,,,,28.64523,29.05162,24.4827
1787111582,27.66232,78.23148,159,0,,,,28.64523,29.22095,24.3811
1787111582,27.64897,78.28184,159,0,,,,28.71296,29.15322,24.3811
1787111583,27.57687,78.03464,159,0,,,,28.74682,29.11935,24.2797
1787111584,27.61959,78.15823,159,0,,,,28.71296,29.05162,24.34743
1787111584,27.59022,78.08957,159,0,,,,28.67909,29.08549,24.65183
1787111585,27.63294,78.13992,159,0,,,,28.74682,29.25482,24.44883
1787111586,27.59022,78.03616,159,0,,,,28.67909,29.15322,24.3811
1787111586,27.60624,78.12314,159,0,,,,28.67909,29.08549,24.51636
1787111587,27.59022,77.95377,159,0,,,,28.74682,29.05162,24.4827
1787111588,27.53414,78.11703,159,0,,,,28.71296,29.15322,24.3811
1787111588,27.59022,77.97208,159,0,,,,28.67909,29.22095,24.41496
1787111589,27.59022,77.91257,159,0,,,,28.78069,29.25482,24.34743
1787111590,27.55016,77.90189,159,0,,,,28.67909,29.11935,24.21217
1787111590,27.7184,77.95377,159,0,,,,28.78069,29.28868,24.4827
1787111591,27.53414,77.79355,159,0,,,,28.71296,29.18709,24.3811
1787111592,27.61959,77.83475,159,0,,,,28.71296,29.15322,24.4827
1787111592,27.60624,77.83322,159,0,,,,28.74682,29.25482,24.41496
1787111593,27.61959,77.88815,159,0,,,,28.67909,29.15322,24.3811
1787111594,27.57687,77.65926,159,0,,,,28.71296,29.15322,24.41496
1787111594,27.60624,77.75082,159,0,,,,28.64523,29.28868,24.44883
1787111595,27.63294,77.73403,159,0,,,,28.67909,29.15322,24.4827
1787111596,27.60624,77.60433,159,0,,,,28.67909,29.22095,24.31357
1787111596,27.67567,77.673,159,0,,,,28.64523,29.18709,24.51636
1787111597,27.63294,77.64248,159,0,,,,28.61136,29.15322,24.24583
1787111598,27.50744,77.5494,159,0,,,,28.71296,29.08549,24.3811
1787111598,27.60624,77.66537,159,0,,,,28.57749,29.25482,24.4827
1787111599,27.57687,77.58602,159,0,,,,28.74682,29.15322,24.41496
1787111600,27.52079,77.68673,159,0,,,,28.71296,29.15322,24.41496
1787111600,27.56351,77.65469,159,0,,,,28.64523,29.25482,24.41496
1787111601,27.64897,77.71877,159,0,,,,28.71296,29.22095,24.31357
1787111601,27.64897,77.77982,159,0,,,,28.71296,29.18709,24.41496
1787111602,27.70504,77.85611,159,0,,,,28.71296,29.11935,24.34743
1787111603,27.50744,77.98428,159,0,,,,28.67909,29.15322,24.31357
1787111603,27.60624,78.40543,159,0,,,,28.71296,29.22095,24.3811
1787111604,27.60624,78.63432,159,0,,,,28.67909,29.11935,24.4827
1787111605,27.63294,78.90135,159,0,,,,28.67909,29.11935,24.51636
1787111605,27.55016,78.97307,159,0,,,,28.71296,29.18709,24.44883
1787111606,27.60624,79.13329,159,0,,,,28.71296,29.15322,24.51636
1787111607,27.70504,79.09361,159,0,,,,28.64523,29.22095,24.41496
1787111607,27.67567,79.16075,159,0,,,,28.71296,29.15322,24.41496
1787111608,27.63294,78.96391,159,0,,,,28.78069,29.18709,24.41496
1787111609,27.60624,78.93645,159,0,,,,28.67909,29.32255,24.3811
1787111609,27.61959,78.87694,159,0,,,,28.67909,29.22095,24.51636
1787111610,27.64897,78.82201,159,0,,,,28.67909,29.15322,24.41496
1787111611,27.52079,78.71671,159,0,,,,28.67909,29.15322,24.31357
1787111611,27.53414,78.62516,159,0,,,,28.67909,29.15322,24.3811
1787111612,27.66232,78.63584,159,0,,,,28.64523,29.11935,24.41496
1787111613,27.60624,78.66636,159,0,,,,28.74682,29.15322,24.51636
1787111613,27.59022,78.66178,159,0,,,,28.71296,29.15322,24.44883
1787111614,27.61959,78.55344,159,0,,,,28.67909,29.22095,24.44883
1787111615,27.61959,78.53361,159,0,,,,28.78069,29.15322,24.3811
1787111615,27.56351,78.45579,159,0,,,,28.71296,29.18709,24.41496
1787111616,27.64897,78.48783,159,0,,,,28.74682,29.15322,24.44883
1787111617,27.61959,78.31388,159,0,,,,28.74682,29.28868,24.41496
1787111617,27.61959,78.3978,159,0,,,,28.78069,29.32255,24.3811
1787111618,27.61959,78.44816,159,0,,,,28.61136,29.15322,24.3811
1787111619,27.61959,78.5214,159,0,,,,28.74682,29.15322,24.41496
1787111619,27.60624,78.39628,159,0,,,,28.74682,29.28868,24.4827
1787111620,27.60624,78.45579,159,0,,,,28.67909,29.15322,24.4827
1787111621,27.61959,78.37797,159,0,,,,28.71296,29.15322,24.34743
1787111621,27.67567,78.4329,159,0,,,,28.67909,29.25482,24.51636
1787111622,27.53414,78.33372,159,0,,,,28.61136,29.22095,24.55023
1787111623,27.61959,78.3978,159,0,,,,28.71296,29.15322,24.3811
1787111623,27.61959,78.37797,159,0,,,,28.71296,29.08549,24.41496
1787111624,27.70504,78.28336,159,0,,,,28.67909,29.05162,24.44883
1787111625,27.66232,78.27421,159,0,,,,28.71296,29.18709,24.41496
1787111625,27.63294,78.26505,159,0,,,,28.67909,29.15322,24.51636
1787111626,27.61959,78.14603,159,0,,,,28.67909,29.08549,24.41496
1787111627,27.64897,78.0621,159,0,,,,28.67909,29.25482,24.34743
1787111627,27.61959,78.10788,159,0,,,,28.71296,29.18709,24.4827
1787111628,27.61959,78.06363,159,0,,,,28.71296,29.25482,24.41496
1787111629,27.67567,77.95377,159,0,,,,28.67909,29.22095,24.34743
1787111629,27.59022,77.96292,159,0,,,,28.71296,29.22095,24.41496
1787111630,27.56351,77.97665,159,0,,,,28.67909,29.15322,24.55023
1787111631,27.59022,78.03616,159,0,,,,28.67909,29.28868,24.31357
1787111631,27.60624,77.93851,159,0,,,,28.71296,29.15322,24.3811
1787111632,27.57687,77.95834,159,0,,,,28.64523,29.11935,24.44883
1787111633,27.61959,78.06363,159,0,,,,28.67909,29.18709,24.51636
1787111633,27.66232,78.10788,159,0,,,,28.64523,29.18709,24.41496
1787111634,27.57687,78.06363,159,0,,,,28.67909,29.22095,24.4827
1787111635,27.57687,78.11703,159,0,,,,28.71296,29.11935,24.41496
1787111635,27.60624,78.1033,159,0,,,,28.67909,29.18709,24.3811
1787111636,27.59022,78.07736,159,0,,,,28.71296,29.22095,24.44883
1787111637,27.61959,78.04379,159,0,,,,28.57749,29.05162,24.31357
1787111637,27.64897,78.0087,159,0,,,,28.67909,29.18709,24.41496
1787111638,27.59022,77.99496,159,0,,,,28.64523,29.22095,24.51636
1787111639,27.61959,78.00259,159,0,,,,28.71296,29.11935,24.31357
1787111639,27.61959,77.97055,159,0,,,,28.67909,29.15322,24.3811
1787111640,27.53414,78.00259,159,0,,,,28.71296,29.22095,24.41496
1787111641,27.61959,78.04379,159,0,,,,28.67909,29.22095,24.4827
1787111641,27.55016,77.92172,159,0,,,,28.71296,29.15322,24.41496
1787111642,27.60624,77.94766,159,0,,,,28.61136,29.22095,24.21217
1787111643,27.59022,77.93393,159,0,,,,28.71296,29.28868,24.44883
1787111643,27.60624,78.37339,159,0,,,,28.71296,29.22095,24.31357
1787111644,27.74777,78.63584,159,0,,,,28.67909,29.18709,24.3811
1787111645,27.61959,78.87694,159,0,,,,28.71296,29.15322,24.3811
1787111645,27.66232,79.05547,159,0,,,,28.57749,29.25482,24.34743
1787111646,27.49409,79.18822,159,0,,,,28.78069,29.05162,24.55023
1787111646,27.60624,79.28893,159,0,,,,28.78069,29.18709,24.41496
1787111647,27.67567,79.11955,159,0,,,,28.67909,29.11935,24.31357
1787111648,27.7184,79.38964,159,0,,,,28.67909,29.15322,24.3811
1787111648,27.73175,79.40337,159,0,,,,28.67909,29.22095,24.4827
1787111649,27.67567,79.52697,159,0,,,,28.67909,29.22095,24.44883
1787111650,27.59022,79.57732,159,0,,,,28.67909,29.15322,24.41496
1787111650,27.64897,79.61395,159,0,,,,28.64523,29.22095,24.44883
1787111651,27.60624,79.51781,159,0,,,,28.67909,29.18709,24.31357
1787111652,27.55016,79.47356,159,0,,,,28.64523,29.08549,24.41496
1787111652,27.66232,79.44915,159,0,,,,28.67909,29.15322,24.51636
1787111653,27.61959,79.45983,159,0,,,,28.64523,29.18709,24.51636
1787111654,27.70504,79.14702,159,0,,,,28.64523,29.18709,24.51636
1787111654,27.67567,78.95171,159,0,,,,28.57749,29.18709,24.41496
1787111655,27.63294,79.08751,159,0,,,,28.67909,29.28868,24.4827
1787111656,27.60624,79.21568,159,0,,,,28.67909,29.22095,24.4827
1787111656,27.63294,79.35912,159,0,,,,28.61136,29.25482,24.34743
1787111657,27.60624,79.49645,159,0,,,,28.71296,29.11935,24.34743
1787111658,27.52079,79.47662,159,0,,,,28.71296,29.11935,24.4827
1787111658,27.60624,79.61089,159,0,,,,28.67909,29.11935,24.44883
1787111659,27.59022,79.49493,159,0,,,,28.67909,29.18709,24.44883
1787111660,27.56351,79.45525,159,0,,,,28.71296,29.18709,24.34743
1787111660,27.59022,79.30724,159,0,,,,28.67909,29.22095,24.44883
1787111661,27.59022,79.29504,159,0,,,,28.64523,29.32255,24.3811
1787111662,27.64897,79.16533,159,0,,,,28.78069,29.11935,24.34743
1787111662,27.59022,79.16075,159,0,,,,28.67909,29.11935,24.51636
1787111663,27.63294,78.95171,159,0,,,,28.61136,29.11935,24.2797
1787111664,27.63294,78.90135,159,0,,,,28.61136,29.15322,24.34743
1787111664,27.70504,78.74113,159,0,,,,28.71296,29.15322,24.31357
1787111665,27.61959,78.73197,159,0,,,,28.67909,29.25482,24.41496
1787111666,27.66232,78.63584,159,0,,,,28.61136,29.25482,24.34743
1787111666,27.57687,78.56565,159,0,,,,28.71296,29.11935,24.44883
1787111667,27.63294,78.27726,159,0,,,,28.74682,29.32255,24.4827
1787111668,27.66232,78.46037,159,0,,,,28.64523,29.22095,24.3811
1787111668,27.61959,78.439,159,0,,,,28.67909,29.25482,24.34743
1787111669,27.56351,78.31998,159,0,,,,28.67909,29.22095,24.34743
1787111670,27.64897,78.35203,159,0,,,,28.74682,29.28868,24.34743
1787111670,27.53414,78.3978,159,0,,,,28.74682,29.08549,24.44883
1787111671,27.64897,78.43748,159,0,,,,28.74682,29.05162,24.34743
1787111672,27.68902,78.31083,159,0,,,,28.67909,29.11935,24.41496
1787111672,27.60624,78.23758,159,0,,,,28.71296,29.08549,24.44883
1787111673,27.64897,78.13229,159,0,,,,28.71296,29.18709,24.34743
1787111674,27.50744,78.06821,159,0,,,,28.67909,29.11935,24.41496
1787111674,27.61959,78.02243,159,0,,,,28.61136,29.08549,24.51636
1787111675,27.61959,77.89883,159,0,,,,28.67909,29.22095,24.4827
1787111676,27.64897,77.89426,159,0,,,,28.61136,29.15322,24.34743
1787111676,27.68902,77.89426,160,0,,,,28.74682,29.18709,24.34743
1787111677,27.61959,77.9202,159,0,,,,28.71296,29.22095,24.44883
1787111678,27.61959,77.84695,159,0,,,,28.67909,29.25482,24.4827
1787111678,27.64897,77.82101,159,0,,,,28.71296,29.22095,24.3811
1787111679,27.63294,77.70199,159,0,,,,28.61136,29.15322,24.5841
1787111680,27.66232,77.62875,159,0,,,,28.64523,29.22095,24.44883
1787111680,27.59022,77.69283,159,0,,,,28.71296,29.28868,24.41496
1787111681,27.59022,77.64248,159,0,,,,28.64523,29.22095,24.41496
1787111682,27.70504,77.6791,159,0,,,,28.71296,29.18709,24.4827
1787111682,27.57687,77.75235,159,0,,,,28.74682,29.18709,24.4827
1787111683,27.60624,77.69741,159,0,,,,28.61136,29.25482,24.3811
1787111684,27.50744,77.56924,159,0,,,,28.67909,29.01776,24.31357
1787111684,27.61959,77.51278,159,0,,,,28.71296,29.25482,24.34743
1787111685,27.56351,77.58297,159,0,,,,28.61136,29.22095,24.31357
1787111686,27.52079,77.64553,159,0,,,,28.61136,29.22095,24.44883
1787111686,27.64897,77.63638,160,0,,,,28.67909,29.08549,24.21217
1787111687,27.63294,77.54635,159,0,,,,28.64523,29.08549,24.41496
1787111688,27.57687,77.52346,159,0,,,,28.61136,29.18709,24.2797
1787111688,27.56351,77.59212,159,0,,,,28.64523,29.18709,24.41496
1787111689,27.55016,77.5494,159,0,,,,28.64523,29.18709,24.41496
1787111689,27.61959,77.50057,159,0,,,,28.61136,29.08549,24.4827
1787111690,27.59022,77.61959,159,0,,,,28.67909,29.18709,24.34743
1787111691,27.66232,77.84695,159,0,,,,28.71296,29.08549,24.31357
1787111691,27.66232,78.04379,159,0,,,,28.71296,29.15322,24.44883
1787111692,27.63294,78.27726,159,0,,,,28.67909,29.15322,24.44883
1787111693,27.59022,78.46189,159,0,,,,28.57749,29.22095,24.3811
1787111693,27.60624,78.65415,159,0,,,,28.71296,29.18709,24.3811
1787111694,27.60624,78.6862,159,0,,,,28.71296,29.08549,24.3811
1787111695,27.61959,78.84489,159,0,,,,28.71296,29.18709,24.44883
1787111695,27.63294,78.74418,159,0,,,,28.71296,29.11935,24.44883
1787111696,27.60624,78.78996,159,0,,,,28.67909,29.18709,24.44883
1787111697,27.56351,78.65415,159,0,,,,28.71296,29.25482,24.51636
1787111697,27.59022,78.50614,159,0,,,,28.64523,29.18709,24.4827
1787111698,27.57687,78.5214,159,0,,,,28.67909,29.22095,24.34743
1787111699,27.61959,78.46037,159,0,,,,28.71296,29.22095,24.55023
1787111699,27.61959,78.33372,159,0,,,,28.67909,29.22095,24.3811
1787111700,27.55016,78.31846,159,0,,,,28.81456,29.11935,24.44883
1787111701,27.61959,78.36576,159,0,,,,28.67909,29.18709,24.44883
1787111701,27.64897,78.46647,159,0,,,,28.71296,29.15322,24.4827
1787111702,27.63294,78.44205,159,0,,,,28.64523,29.22095,24.41496
1787111703,27.66232,78.29252,159,0,,,,28.71296,29.22095,24.31357
1787111703,27.67567,78.49393,159,0,,,,28.67909,29.28868,24.51636
1787111704,27.64897,78.41611,159,0,,,,28.78069,29.08549,24.41496
1787111705,27.66232,78.35661,159,0,,,,28.67909,29.15322,24.44883
1787111705,27.63294,78.46189,159,0,,,,28.64523,29.28868,24.4827
1787111706,27.53414,78.6038,159,0,,,,28.67909,29.11935,24.34743
1787111707,27.63294,78.64957,159,0,,,,28.67909,29.28868,24.3811
1787111707,27.63294,78.68162,159,0,,,,28.71296,29.18709,24.34743
1787111708,27.7184,78.92271,159,0,,,,28.74682,29.28868,24.2797
1787111709,27.67567,78.79607,159,0,,,,28.71296,29.25482,24.34743
1787111709,27.64897,78.93645,159,0,,,,28.71296,29.11935,24.41496
1787111710,27.63294,78.74418,159,0,,,,28.71296,29.18709,24.31357
1787111711,27.61959,78.70908,159,0,,,,28.64523,29.18709,24.41496
1787111711,27.66232,78.51225,159,0,,,,28.64523,29.15322,24.5841
1787111712,27.63294,78.54734,159,0,,,,28.67909,29.35642,24.3811
1787111713,27.66232,78.51225,159,0,,,,28.78069,29.15322,24.41496
1787111713,27.60624,78.45579,159,0,,,,28.67909,29.05162,24.34743
1787111714,27.60624,78.37339,159,0,,,,28.64523,29.18709,24.24583
1787111715,27.66232,78.29252,159,0,,,,28.61136,29.18709,24.41496
1787111715,27.70504,78.14603,160,0,,,,28.64523,29.18709,24.4827
1787111716,27.63294,78.13992,159,0,,,,28.64523,29.25482,24.4827
1787111717,27.57687,78.08652,159,0,,,,28.71296,29.15322,24.3811
1787111717,27.66232,77.9614,159,0,,,,28.67909,29.15322,24.4827
1787111718,27.60624,77.97665,159,0,,,,28.74682,29.11935,24.2797
1787111719,27.64897,77.86221,159,0,,,,28.67909,29.25482,24.34743
1787111719,27.57687,77.78439,159,0,,,,28.71296,29.05162,24.44883
1787111720,27.57687,77.8027,159,0,,,,28.67909,29.22095,24.34743
1787111721,27.61959,77.79355,159,0,,,,28.71296,29.15322,24.31357
1787111721,27.56351,77.75998,159,0,,,,28.74682,29.15322,24.5841
1787111722,27.61959,77.7203,159,0,,,,28.64523,29.15322,24.44883
1787111723,27.60624,77.65469,159,0,,,,28.74682,29.22095,24.44883
1787111723,27.61959,77.73251,159,0,,,,28.71296,29.15322,24.3811
1787111724,27.55016,77.673,159,0,,,,28.74682,29.22095,24.4827
1787111725,27.59022,77.68215,159,0,,,,28.67909,29.08549,24.41496
1787111725,27.56351,77.65469,159,0,,,,28.64523,29.11935,24.3811
1787111726,27.64897,77.55093,159,0,,,,28.71296,29.18709,24.4827
1787111727,27.61959,77.74166,159,0,,,,28.67909,29.15322,24.44883
1787111727,27.64897,77.71877,159,0,,,,28.61136,29.18709,24.31357
1787111728,27.64897,77.64553,159,0,,,,28.67909,29.22095,24.31357
1787111729,27.64897,77.65621,159,0,,,,28.57749,29.11935,24.44883
1787111729,27.60624,77.67452,159,0,,,,28.71296,29.08549,24.3811
1787111730,27.61959,77.7203,159,0,,,,28.71296,29.18709,24.51636
1787111731,27.70504,77.66994,159,0,,,,28.67909,29.22095,24.44883
1787111731,27.61959,77.65011,159,0,,,,28.74682,29.08549,24.4827
1787111732,27.63294,77.69283,159,0,,,,28.64523,29.25482,24.4827
1787111733,27.59022,77.64248,159,0,,,,28.74682,29.22095,24.44883
1787111733,27.53414,77.5967,159,0,,,,28.61136,29.05162,24.41496
1787111734,27.55016,77.68368,159,0,,,,28.67909,28.98389,24.41496
1787111734,27.67567,77.68215,159,0,,,,28.64523,29.18709,24.3811
1787111735,27.57687,77.58602,159,0,,,,28.57749,29.05162,24.51636
1787111736,27.63294,77.54635,159,0,,,,28.67909,29.25482,24.4827
1787111736,27.61959,77.7203,159,0,,,,28.64523,29.11935,24.31357
1787111737,27.63294,77.65163,159,0,,,,28.71296,29.11935,24.41496
1787111738,27.63294,77.6318,159,0,,,,28.71296,29.18709,24.41496
1787111738,27.57687,77.66842,159,0,,,,28.57749,29.18709,24.24583
1787111739,27.55016,77.55856,159,0,,,,28.61136,29.11935,24.34743
1787111740,27.55016,77.5906,159,0,,,,28.67909,29.15322,24.44883
1787111740,27.61959,77.5967,159,0,,,,28.67909,29.08549,24.3811
1787111741,27.63294,77.48531,159,0,,,,28.71296,29.18709,24.4827
1787111742,27.67567,77.56771,159,0,,,,28.67909,29.18709,24.34743
1787111742,27.64897,77.58297,159,0,,,,28.61136,29.08549,24.44883
1787111743,27.66232,77.66842,159,0,,,,28.64523,29.32255,24.4827
1787111744,27.67567,77.56771,159,0,,,,28.61136,29.18709,24.44883
1787111744,27.63294,77.61044,159,0,,,,28.67909,29.32255,24.5841
1787111745,27.57687,77.51278,159,0,,,,28.71296,29.15322,24.34743
1787111746,27.63294,77.4548,159,0,,,,28.67909,29.22095,24.3811
1787111746,27.59022,77.48531,159,0,,,,28.71296,29.18709,24.41496
1787111747,27.64897,77.69741,159,0,,,,28.67909,29.25482,24.3811
1787111748,27.61959,77.6791,159,0,,,,28.74682,29.22095,24.1783
1787111748,27.63294,77.73403,159,0,,,,28.61136,29.08549,24.44883
1787111749,27.63294,77.65163,159,0,,,,28.74682,29.25482,24.2797
1787111750,27.61959,77.56466,159,0,,,,28.67909,29.11935,24.3811
1787111750,27.66232,77.70046,159,0,,,,28.64523,29.08549,24.41496
1787111751,27.67567,77.68215,159,0,,,,28.64523,29.18709,24.31357
1787111752,27.59022,77.54635,159,0,,,,28.61136,29.28868,24.34743
1787111752,27.61959,77.54482,159,0,,,,28.71296,29.15322,24.31357
1787111753,27.60624,77.60433,159,0,,,,28.64523,29.15322,24.44883
1787111754,27.66232,77.61806,159,0,,,,28.67909,29.25482,24.3811
1787111754,27.66232,77.6379,159,0,,,,28.64523,29.18709,24.4827
1787111755,27.61959,77.50057,160,0,,,,28.67909,29.18709,24.61796
1787111756,27.59022,77.54635,159,0,,,,28.78069,29.05162,24.3811
1787111756,27.64897,77.54025,159,0,,,,28.67909,29.15322,24.4827
1787111757,27.64897,77.50057,159,0,,,,28.61136,29.11935,24.44883
1787111758,27.67567,77.47616,159,0,,,,28.71296,29.11935,24.44883
1787111758,27.63294,77.57839,159,0,,,,28.74682,29.18709,24.3811
1787111759,27.60624,77.63638,159,0,,,,28.61136,29.11935,24.41496
1787111760,27.61959,77.61806,159,0,,,,28.71296,29.15322,24.34743
1787111760,27.67567,77.79813,159,0,,,,28.67909,29.05162,24.3811
1787111761,27.59022,77.88968,159,0,,,,28.67909,29.01776,24.41496
1787111762,27.66232,77.99039,159,0,,,,28.67909,29.11935,24.24583
1787111762,27.60624,77.93851,159,0,,,,28.71296,29.15322,24.34743
1787111763,27.67567,77.98428,159,0,,,,28.61136,29.08549,24.44883
1787111764,27.64897,78.19638,159,0,,,,28.67909,29.25482,24.55023
1787111764,27.67567,78.17197,159,0,,,,28.64523,29.18709,24.51636
1787111765,27.66232,78.28336,160,0,,,,28.67909,29.22095,24.34743
1787111766,27.61959,78.27421,159,0,,,,28.64523,29.05162,24.34743
1787111766,27.59022,78.3917,159,0,,,,28.71296,29.28868,24.2797
1787111767,27.60624,78.66636,159,0,,,,28.71296,29.15322,24.34743
1787111768,27.67567,78.80827,159,0,,,,28.78069,29.11935,24.34743
1787111768,27.61959,78.79149,159,0,,,,28.64523,29.15322,24.41496
1787111769,27.60624,78.96544,159,0,,,,28.61136,29.28868,24.3811
1787111770,27.73175,78.97765,159,0,,,,28.64523,29.18709,24.44883
1787111770,27.60624,78.89525,159,0,,,,28.71296,29.15322,24.3811
1787111771,27.64897,78.78996,159,0,,,,28.67909,29.18709,24.41496
1787111772,27.57687,78.75028,159,0,,,,28.67909,29.22095,24.44883
1787111772,27.66232,78.70908,159,0,,,,28.81456,29.28868,24.3811
1787111773,27.63294,78.73502,159,0,,,,28.71296,29.18709,24.3811
1787111774,27.60624,78.73655,159,0,,,,28.64523,29.18709,24.3811
1787111774,27.59022,78.64042,159,0,,,,28.71296,29.18709,24.44883
1787111775,27.67567,78.71366,159,0,,,,28.71296,29.11935,24.3811
1787111776,27.64897,78.7686,159,0,,,,28.71296,29.18709,24.31357
1787111776,27.55016,78.62974,160,0,,,,28.74682,29.11935,24.3811
1787111777,27.61959,78.66788,159,0,,,,28.64523,29.18709,24.44883
1787111778,27.64897,78.6862,159,0,,,,28.74682,29.11935,24.4827
1787111778,27.57687,78.63584,159,0,,,,28.64523,29.22095,24.3811
1787111779,27.60624,78.64347,159,0,,,,28.71296,29.25482,24.41496
1787111779,27.63294,78.77623,159,0,,,,28.61136,29.05162,24.51636
1787111780,27.57687,78.87694,159,0,,,,28.61136,29.32255,24.44883
1787111781,27.64897,79.07988,159,0,,,,28.67909,29.15322,24.34743
1787111781,27.7184,79.37133,159,0,,,,28.64523,29.28868,24.41496
1787111782,27.66232,79.48119,159,0,,,,28.61136,29.11935,24.3811
1787111783,27.56351,79.56969,159,0,,,,28.61136,29.25482,24.41496
1787111783,27.63294,79.67956,159,0,,,,28.71296,29.22095,24.3811
1787111784,27.61959,79.49035,159,0,,,,28.67909,29.11935,24.41496
1787111785,27.60624,79.35302,159,0,,,,28.61136,29.08549,24.34743
1787111785,27.53414,79.22942,159,0,,,,28.64523,29.15322,24.4827
1787111786,27.56351,79.11192,160,0,,,,28.64523,29.08549,24.21217
1787111787,27.49409,78.82353,159,0,,,,28.64523,29.11935,24.31357
1787111787,27.50744,78.69382,159,0,,,,28.71296,29.15322,24.34743
1787111788,27.57687,78.6572,159,0,,,,28.64523,29.18709,24.34743
1787111789,27.60624,78.55192,159,0,,,,28.71296,29.25482,24.44883
1787111789,27.57687,78.56565,159,0,,,,28.71296,29.11935,24.34743
1787111790,27.63294,78.45274,159,0,,,,28.64523,29.15322,24.41496
1787111791,27.63294,78.46189,159,0,,,,28.64523,29.11935,24.44883
1787111791,27.61959,78.4802,159,0,,,,28.67909,29.15322,24.44883
1787111792,27.61959,78.33372,159,0,,,,28.67909,29.18709,24.4827
1787111793,27.60624,78.45579,159,0,,,,28.64523,29.11935,24.4827
1787111793,27.68902,78.46647,159,0,,,,28.67909,29.25482,24.31357
1787111794,27.60624,78.35203,159,0,,,,28.64523,28.95002,24.2797
1787111795,27.63294,78.37949,159,0,,,,28.74682,29.11935,24.3811
1787111795,27.66232,78.46037,159,0,,,,28.67909,29.15322,24.2797
1787111796,27.50744,78.45274,159,0,,,,28.71296,29.18709,24.44883
1787111797,27.66232,78.41917,159,0,,,,28.64523,29.22095,24.44883
1787111797,27.56351,78.34135,159,0,,,,28.71296,29.15322,24.3811
1787111798,27.59022,78.20401,159,0,,,,28.71296,29.32255,24.31357
1787111799,27.59022,78.22385,159,0,,,,28.74682,29.11935,24.24583
1787111799,27.50744,78.10941,159,0,,,,28.64523,29.11935,24.3811
1787111800,27.70504,78.25132,159,0,,,,28.64523,29.15322,24.34743
1787111801,27.61959,78.44816,159,0,,,,28.67909,29.22095,24.2797
1787111801,27.56351,78.79912,159,0,,,,28.64523,29.22095,24.4827
1787111802,27.63294,79.12871,159,0,,,,28.78069,29.08549,24.3811
1787111803,27.55016,79.2752,159,0,,,,28.61136,29.22095,24.3811
1787111803,27.63294,79.26299,159,0,,,,28.67909,29.18709,24.41496
1787111804,27.67567,79.20348,159,0,,,,28.67909,29.22095,24.3811
1787111805,27.70504,79.12566,159,0,,,,28.67909,29.08549,24.3811
1787111805,27.63294,79.05699,159,0,,,,28.67909,29.15322,24.34743
1787111806,27.61959,79.04326,159,0,,,,28.71296,29.05162,24.34743
1787111807,27.70504,79.06462,159,0,,,,28.71296,29.18709,24.4827
1787111807,27.64897,79.42321,159,0,,,,28.78069,29.05162,24.41496
1787111808,27.64897,79.61395,159,0,,,,28.67909,29.28868,24.44883
1787111809,27.61959,79.73907,159,0,,,,28.67909,29.08549,24.44883
1787111809,27.57687,79.91608,159,0,,,,28.74682,29.22095,24.2797
1787111810,27.67567,79.93134,159,0,,,,28.64523,29.18709,24.51636
1787111811,27.63294,79.85809,159,0,,,,28.67909,29.11935,24.31357
1787111811,27.67567,79.93134,159,0,,,,28.71296,29.11935,24.3811
1787111812,27.60624,79.88098,159,0,,,,28.64523,29.32255,24.3811
1787111813,27.66232,79.92676,159,0,,,,28.71296,29.18709,24.31357
1787111813,27.59022,79.82605,159,0,,,,28.61136,29.18709,24.44883
1787111814,27.60624,79.95422,159,0,,,,28.67909,29.25482,24.51636
1787111815,27.61959,79.78333,159,0,,,,28.67909,29.18709,24.2797
1787111815,27.61959,79.93896,160,0,,,,28.71296,29.18709,24.41496
1787111816,27.57687,79.77112,159,0,,,,28.67909,29.18709,24.34743
1787111817,27.53414,79.83063,159,0,,,,28.71296,29.15322,24.34743
1787111817,27.61959,79.86572,159,0,,,,28.64523,29.22095,24.4827
1787111818,27.64897,79.86115,159,0,,,,28.71296,29.18709,24.34743
1787111819,27.63294,79.79706,159,0,,,,28.71296,29.18709,24.3811
1787111819,27.61959,79.80316,159,0,,,,28.64523,29.15322,24.34743
1787111820,27.61959,79.84283,159,0,,,,28.61136,29.15322,24.44883
1787111821,27.63294,79.75281,159,0,,,,28.67909,29.28868,24.44883
1787111821,27.70504,79.65667,159,0,,,,28.67909,29.18709,24.3811
1787111822,27.70504,79.48119,159,0,,,,28.64523,29.18709,24.3811
1787111822,27.59022,79.32708,159,0,,,,28.61136,29.15322,24.34743
1787111823,27.63294,78.98375,159,0,,,,28.71296,29.08549,24.31357
1787111824,27.63294,79.05699,159,0,,,,28.71296,29.22095,24.34743
1787111824,27.52079,79.06004,159,0,,,,28.57749,29.22095,24.41496
1787111825,27.61959,78.95018,159,0,,,,28.67909,29.18709,24.4827
1787111826,27.63294,78.90135,159,0,,,,28.67909,29.22095,24.41496
1787111826,27.56351,78.95628,159,0,,,,28.74682,29.22095,24.4827
1787111827,27.61959,79.1577,159,0,,,,28.61136,29.18709,24.41496
1787111828,27.74777,79.41863,159,0,,,,28.81456,29.05162,24.3811
1787111828,27.73175,79.65514,159,0,,,,28.57749,29.22095,24.2797
1787111829,27.59022,79.60937,159,0,,,,28.67909,29.22095,24.3811
1787111830,27.59022,79.60937,159,0,,,,28.71296,29.18709,24.3811
1787111830,27.64897,79.7055,159,0,,,,28.64523,29.22095,24.3811
1787111831,27.66232,79.60479,159,0,,,,28.71296,29.25482,24.51636
1787111832,27.64897,79.78943,159,0,,,,28.61136,29.11935,24.34743
1787111832,27.57687,79.66582,159,0,,,,28.64523,29.22095,24.44883
1787111833,27.56351,79.64294,159,0,,,,28.78069,29.28868,24.4827
1787111834,27.59022,79.87946,159,0,,,,28.71296,29.11935,24.34743
1787111834,27.68902,79.81079,159,0,,,,28.67909,29.25482,24.31357
1787111835,27.7184,79.85809,159,0,,,,28.74682,29.11935,24.41496
1787111836,27.60624,80.06866,159,0,,,,28.74682,29.11935,24.41496
1787111836,27.73175,80.02747,159,0,,,,28.64523,29.11935,24.3811
1787111837,27.55016,80.13733,159,0,,,,28.64523,29.18709,24.34743
1787111838,27.61959,80.2182,159,0,,,,28.67909,29.18709,24.31357
1787111838,27.52079,80.05798,159,0,,,,28.71296,29.15322,24.34743
1787111839,27.64897,79.99542,159,0,,,,28.64523,29.15322,24.4827
1787111840,27.55016,79.9527,159,0,,,,28.71296,29.18709,24.41496
1787111840,27.59022,79.7116,159,0,,,,28.71296,29.28868,24.2797
1787111841,27.55016,79.7116,159,0,,,,28.67909,29.28868,24.3811
1787111842,27.67567,79.6292,159,0,,,,28.61136,29.22095,24.55023
1787111842,27.56351,79.4873,159,0,,,,28.64523,29.28868,24.51636
1787111843,27.64897,79.51934,159,0,,,,28.61136,29.22095,24.3811
1787111844,27.7184,79.45373,159,0,,,,28.67909,29.18709,24.41496
1787111844,27.64897,79.33166,159,0,,,,28.74682,29.18709,24.31357
1787111845,27.68902,79.28893,159,0,,,,28.71296,29.22095,24.41496
1787111846,27.61959,79.21111,159,0,,,,28.64523,29.18709,24.41496
1787111846,27.64897,79.23552,159,0,,,,28.71296,29.18709,24.34743
1787111847,27.53414,79.08293,159,0,,,,28.61136,29.15322,24.2797
1787111848,27.64897,79.07072,159,0,,,,28.64523,29.11935,24.3811
1787111848,27.59022,79.01579,159,0,,,,28.67909,29.05162,24.4827
1787111849,27.56351,78.92424,159,0,,,,28.61136,29.15322,24.4827
1787111850,27.61959,78.82353,159,0,,,,28.64523,29.25482,24.3811
1787111850,27.66232,79.09361,159,0,,,,28.71296,29.32255,24.41496
1787111851,27.53414,79.22942,159,0,,,,28.61136,29.25482,24.4827
1787111852,27.64897,79.32098,159,0,,,,28.64523,29.18709,24.34743
1787111852,27.70504,79.52239,159,0,,,,28.67909,29.18709,24.41496
1787111853,27.63294,79.57732,159,0,,,,28.67909,29.11935,24.51636
1787111854,27.76379,79.65209,159,0,,,,28.67909,29.22095,24.41496
1787111854,27.68902,79.76959,159,0,,,,28.67909,29.18709,24.31357
1787111855,27.56351,79.68414,160,0,,,,28.78069,29.08549,24.51636
1787111856,27.76379,79.65209,159,0,,,,28.71296,29.28868,24.4827
1787111856,27.63294,79.40948,159,0,,,,28.64523,29.18709,24.44883
1787111857,27.57687,79.30267,159,0,,,,28.67909,29.22095,24.4827
1787111858,27.7184,79.13023,159,0,,,,28.67909,29.18709,24.44883
1787111858,27.56351,79.00969,159,0,,,,28.71296,29.01776,24.44883
1787111859,27.61959,78.95018,159,0,,,,28.67909,29.08549,24.55023
1787111860,27.60624,78.7686,159,0,,,,28.67909,29.22095,24.31357
1787111860,27.63294,78.73502,159,0,,,,28.64523,29.18709,24.3811
1787111861,27.57687,78.78233,159,0,,,,28.61136,29.18709,24.4827
1787111862,27.63294,79.03716,159,0,,,,28.71296,29.28868,24.3811
1787111862,27.61959,79.38506,159,0,,,,28.64523,29.18709,24.4827
1787111863,27.66232,79.32555,159,0,,,,28.71296,29.11935,24.31357
1787111864,27.61959,79.29351,159,0,,,,28.67909,29.25482,24.41496
1787111864,27.68902,79.27978,159,0,,,,28.67909,29.15322,24.41496
1787111865,27.63294,79.36828,159,0,,,,28.74682,29.15322,24.44883
1787111866,27.60624,79.28893,159,0,,,,28.71296,29.18709,24.31357
1787111866,27.67567,79.29504,159,0,,,,28.74682,29.25482,24.41496
1787111867,27.66232,79.26147,159,0,,,,28.71296,29.11935,24.4827
1787111867,27.56351,79.32098,160,0,,,,28.67909,29.08549,24.34743
1787111868,27.63294,79.49493,159,0,,,,28.67909,29.22095,24.3811
1787111869,27.59022,79.45068,159,0,,,,28.74682,29.18709,24.44883
1787111869,27.55016,79.55596,159,0,,,,28.67909,29.11935,24.4827
1787111870,27.63294,79.44152,159,0,,,,28.67909,29.08549,24.2797
1787111871,27.68902,79.5819,159,0,,,,28.64523,29.25482,24.41496
1787111871,27.61959,79.49035,159,0,,,,28.71296,29.11935,24.3811
1787111872,27.59022,79.42168,159,0,,,,28.64523,29.22095,24.41496
1787111873,27.68902,79.45525,159,0,,,,28.67909,29.25482,24.41496
1787111873,27.63294,79.42168,159,0,,,,28.54363,29.22095,24.44883
1787111874,27.70504,79.33471,159,0,,,,28.74682,29.15322,24.41496
1787111875,27.56351,79.27978,159,0,,,,28.64523,29.11935,24.34743
1787111875,27.68902,79.26757,159,0,,,,28.61136,29.22095,24.3811
1787111876,27.61959,79.13786,159,0,,,,28.64523,29.22095,24.3811
1787111877,27.64897,79.16533,159,0,,,,28.57749,29.08549,24.44883
1787111877,27.73175,79.06157,159,0,,,,28.67909,29.11935,24.41496
1787111878,27.61959,79.05547,159,0,,,,28.67909,29.05162,24.51636
1787111879,27.67567,78.96391,159,0,,,,28.67909,29.22095,24.34743
1787111879,27.63294,78.96391,159,0,,,,28.71296,29.25482,24.51636
1787111880,27.63294,78.81743,159,0,,,,28.67909,29.25482,24.51636
1787111881,27.61959,78.87694,159,0,,,,28.71296,29.22095,24.24583
1787111881,27.66232,78.8037,159,0,,,,28.61136,29.25482,24.34743
1787111882,27.63294,78.71366,159,0,,,,28.64523,29.15322,24.4827
1787111883,27.55016,78.78539,159,0,,,,28.71296,29.15322,24.3811
1787111883,27.50744,78.82811,159,0,,,,28.78069,29.28868,24.3811
1787111884,27.66232,78.69993,159,0,,,,28.67909,29.11935,24.41496
1787111885,27.64897,78.84184,159,0,,,,28.71296,29.22095,24.21217
1787111885,27.60624,78.93645,159,0,,,,28.71296,29.22095,24.51636
1787111886,27.64897,79.05089,159,0,,,,28.74682,29.22095,24.3811
1787111887,27.61959,79.27215,159,0,,,,28.61136,29.18709,24.3811
1787111887,27.66232,79.36675,159,0,,,,28.71296,29.25482,24.4827
1787111888,27.66232,79.65667,159,0,,,,28.71296,29.18709,24.24583
1787111889,27.63294,79.59716,159,0,,,,28.71296,29.15322,24.4827
1787111889,27.64897,79.67498,159,0,,,,28.67909,29.11935,24.34743
1787111890,27.68902,79.35302,159,0,,,,28.71296,29.18709,24.3811
1787111891,27.61959,79.26147,159,0,,,,28.64523,29.25482,24.44883
1787111891,27.59022,79.20348,159,0,,,,28.71296,29.25482,24.44883
1787111892,27.61959,79.05547,159,0,,,,28.67909,29.18709,24.3811
1787111893,27.60624,79.05089,159,0,,,,28.74682,29.11935,24.31357
1787111893,27.52079,78.91356,159,0,,,,28.71296,29.22095,24.34743
1787111894,27.59022,78.91966,159,0,,,,28.67909,29.32255,24.3811
1787111895,27.57687,79.01122,159,0,,,,28.67909,29.18709,24.24583
1787111895,27.60624,79.14397,159,0,,,,28.64523,29.18709,24.44883
1787111896,27.56351,79.02953,159,0,,,,28.67909,29.15322,24.44883
1787111897,27.67567,79.17143,159,0,,,,28.64523,29.18709,24.44883
1787111897,27.59022,79.13939,159,0,,,,28.71296,29.18709,24.44883
1787111898,27.63294,79.42168,159,0,,,,28.67909,29.18709,24.44883
1787111899,27.61959,79.53155,159,0,,,,28.71296,29.18709,24.2797
1787111899,27.53414,79.51934,159,0,,,,28.78069,29.11935,24.44883
1787111900,27.56351,79.39117,159,0,,,,28.64523,29.15322,24.44883
1787111901,27.61959,79.46899,159,0,,,,28.67909,29.11935,24.34743
1787111901,27.63294,79.3988,159,0,,,,28.61136,29.18709,24.44883
1787111902,27.56351,79.34997,159,0,,,,28.74682,29.25482,24.3811
1787111903,27.57687,79.2401,159,0,,,,28.71296,29.11935,24.41496
1787111903,27.63294,79.13939,159,0,,,,28.67909,29.18709,24.3811
1787111904,27.68902,79.21721,159,0,,,,28.71296,29.15322,24.34743
1787111905,27.55016,79.05547,159,0,,,,28.64523,29.18709,24.2797
1787111905,27.70504,79.13786,159,0,,,,28.64523,29.15322,24.3811
1787111906,27.63294,79.12871,159,0,,,,28.64523,29.18709,24.41496
1787111907,27.63294,79.0753,159,0,,,,28.71296,29.11935,24.44883
1787111907,27.53414,79.02342,159,0,,,,28.71296,29.32255,24.51636
1787111908,27.63294,79.08751,159,0,,,,28.64523,29.18709,24.44883
1787111909,27.66232,79.03258,159,0,,,,28.67909,29.15322,24.55023
1787111909,27.60624,79.01884,159,0,,,,28.67909,29.22095,24.31357
1787111910,27.66232,78.95934,159,0,,,,28.67909,29.08549,24.4827
1787111910,27.67567,78.84947,159,0,,,,28.71296,29.08549,24.44883
1787111911,27.73175,78.8632,159,0,,,,28.57749,29.11935,24.3811
1787111912,27.59022,78.73197,159,0,,,,28.71296,29.18709,24.44883
1787111912,27.53414,78.83574,159,0,,,,28.71296,29.18709,24.34743
1787111913,27.57687,78.86778,159,0,,,,28.67909,29.22095,24.34743
1787111914,27.57687,78.97917,159,0,,,,28.67909,29.11935,24.41496
1787111914,27.63294,78.82811,159,0,,,,28.67909,29.18709,24.3811
1787111915,27.55016,78.84947,159,0,,,,28.67909,29.25482,24.24583
1787111916,27.66232,78.83574,159,0,,,,28.64523,29.28868,24.44883
1787111916,27.53414,78.70908,159,0,,,,28.78069,29.28868,24.3811
1787111917,27.60624,78.69535,159,0,,,,28.64523,29.08549,24.3811
1787111918,27.57687,78.64805,159,0,,,,28.67909,29.25482,24.41496
1787111918,27.59022,78.61753,159,0,,,,28.67909,29.22095,24.31357
1787111919,27.60624,78.70756,159,0,,,,28.78069,29.01776,24.44883
1787111920,27.59022,79.00511,159,0,,,,28.74682,29.25482,24.44883
1787111920,27.64897,79.16533,159,0,,,,28.74682,29.25482,24.2797
1787111921,27.63294,79.21263,159,0,,,,28.64523,29.25482,24.2797
1787111922,27.64897,79.29961,159,0,,,,28.71296,29.15322,24.4827
1787111922,27.61959,79.26147,159,0,,,,28.67909,29.11935,24.41496
1787111923,27.59022,79.23399,159,0,,,,28.61136,29.08549,24.3811
1787111924,27.64897,79.23552,159,0,,,,28.61136,29.05162,24.31357
1787111924,27.55016,79.29504,159,0,,,,28.64523,29.18709,24.4827
1787111925,27.60624,79.16533,159,0,,,,28.64523,29.22095,24.34743
1787111926,27.61959,79.10582,159,0,,,,28.67909,29.11935,24.31357
1787111926,27.56351,78.91356,159,0,,,,28.61136,29.22095,24.41496
1787111927,27.56351,78.851,159,0,,,,28.67909,29.11935,24.4827
1787111928,27.60624,78.72739,159,0,,,,28.64523,29.18709,24.41496
1787111928,27.59022,78.58854,159,0,,,,28.64523,29.22095,24.34743
1787111929,27.59022,78.37949,159,0,,,,28.57749,29.35642,24.44883
1787111930,27.57687,78.53361,159,0,,,,28.71296,29.05162,24.41496
1787111930,27.56351,78.35203,159,0,,,,28.67909,29.11935,24.51636
1787111931,27.53414,78.35661,159,0,,,,28.64523,29.15322,24.3811
1787111932,27.57687,78.22232,159,0,,,,28.61136,29.25482,24.41496
1787111932,27.60624,78.17654,159,0,,,,28.64523,29.15322,24.44883
1787111933,27.64897,78.16434,159,0,,,,28.67909,29.15322,24.31357
1787111934,27.55016,78.13077,159,0,,,,28.74682,29.18709,24.41496
1787111934,27.60624,78.04074,159,0,,,,28.71296,29.15322,24.4827
1787111935,27.66232,78.15823,159,0,,,,28.74682,29.05162,24.34743
1787111936,27.49409,78.00259,159,0,,,,28.74682,29.32255,24.41496
1787111936,27.67567,78.04837,159,0,,,,28.74682,29.11935,24.51636
1787111937,27.61959,78.05447,159,0,,,,28.74682,29.25482,24.4827
1787111938,27.60624,78.03006,159,0,,,,28.71296,29.11935,24.44883
1787111938,27.66232,78.02243,159,0,,,,28.61136,29.11935,24.44883
1787111939,27.59022,78.02548,159,0,,,,28.71296,29.18709,24.31357
1787111940,27.56351,78.0087,159,0,,,,28.64523,29.22095,24.24583
1787111940,27.56351,77.87442,159,0,,,,28.61136,29.18709,24.41496
1787111941,27.57687,77.92935,159,0,,,,28.67909,29.25482,24.44883
1787111942,27.63294,77.95377,159,0,,,,28.64523,29.08549,24.4827
1787111942,27.66232,78.03464,159,0,,,,28.61136,29.01776,24.44883
1787111943,27.60624,77.97665,159,0,,,,28.64523,29.11935,24.41496
1787111944,27.60624,78.0621,159,0,,,,28.61136,29.18709,24.44883
1787111944,27.61959,78.05447,159,0,,,,28.67909,29.11935,24.4827
1787111945,27.56351,78.0209,159,0,,,,28.67909,29.22095,24.55023
1787111946,27.61959,78.11703,159,0,,,,28.71296,29.11935,24.3811
1787111946,27.61959,78.14603,159,0,,,,28.61136,29.08549,24.44883
1787111947,27.64897,78.15518,160,0,,,,28.67909,29.15322,24.41496
1787111948,27.55016,78.27421,160,0,,,,28.78069,29.28868,24.44883
1787111948,27.59022,78.42374,159,0,,,,28.71296,29.11935,24.3811
1787111949,27.63294,78.45274,159,0,,,,28.67909,29.15322,24.3811
1787111950,27.64897,78.55192,159,0,,,,28.71296,29.11935,24.34743
1787111950,27.68902,78.66331,159,0,,,,28.74682,29.25482,24.55023
1787111951,27.67567,78.76402,159,0,,,,28.64523,29.28868,24.41496
1787111952,27.53414,78.87694,159,0,,,,28.61136,29.22095,24.44883
1787111952,27.66232,78.90898,159,0,,,,28.71296,29.18709,24.4827
1787111953,27.60624,78.98833,159,0,,,,28.64523,29.25482,24.34743
1787111953,27.50744,79.10735,159,0,,,,28.67909,29.18709,24.44883
1787111954,27.63294,78.94102,159,0,,,,28.67909,29.11935,24.24583
1787111955,27.59022,78.79607,159,0,,,,28.67909,29.18709,24.34743
1787111956,27.66232,78.78233,159,0,,,,28.74682,29.08549,24.41496
1787111956,27.63294,78.64042,159,0,,,,28.64523,29.08549,24.55023
1787111957,27.60624,78.8098,159,0,,,,28.71296,29.18709,24.55023
1787111957,27.66232,78.55344,159,0,,,,28.67909,29.18709,24.51636
1787111958,27.61959,78.44816,159,0,,,,28.61136,29.15322,24.41496
1787111959,27.63294,78.37949,159,0,,,,28.71296,29.11935,24.51636
1787111959,27.63294,78.37949,159,0,,,,28.64523,29.18709,24.41496
1787111960,27.67567,78.41154,159,0,,,,28.78069,29.25482,24.34743
1787111961,27.64897,78.57175,159,0,,,,28.74682,29.25482,24.5841
1787111961,27.60624,78.64347,159,0,,,,28.67909,29.08549,24.41496
1787111962,27.60624,78.84184,159,0,,,,28.64523,29.22095,24.3811
1787111963,27.63294,78.91966,159,0,,,,28.71296,29.08549,24.44883
1787111963,27.61959,79.10582,159,0,,,,28.61136,29.18709,24.34743
1787111964,27.64897,79.20653,159,0,,,,28.64523,29.18709,24.34743
1787111965,27.67567,79.28588,159,0,,,,28.57749,29.25482,24.55023
1787111965,27.59022,79.1516,159,0,,,,28.64523,29.22095,24.4827
1787111966,27.63294,79.04631,159,0,,,,28.64523,29.15322,24.3811
1787111967,27.60624,79.00969,159,0,,,,28.64523,29.22095,24.31357
1787111967,27.61959,78.88762,159,0,,,,28.78069,29.01776,24.24583
1787111968,27.57687,78.7396,159,0,,,,28.81456,29.15322,24.5841
1787111969,27.55016,78.67246,159,0,,,,28.67909,29.22095,24.51636
1787111969,27.53414,78.59464,159,0,,,,28.71296,29.25482,24.41496
1787111970,27.66232,78.5214,159,0,,,,28.71296,29.15322,24.51636
1787111971,27.68902,78.44663,159,0,,,,28.61136,29.18709,24.44883
1787111971,27.57687,78.46952,159,0,,,,28.64523,29.11935,24.41496
1787111972,27.57687,78.46952,159,0,,,,28.67909,29.15322,24.44883
1787111973,27.66232,78.58549,159,0,,,,28.71296,29.18709,24.34743
1787111973,27.53414,78.70908,159,0,,,,28.71296,29.18709,24.4827
1787111974,27.55016,78.74418,159,0,,,,28.71296,29.15322,24.34743
1787111975,27.66232,78.84642,159,0,,,,28.71296,29.15322,24.2797
1787111975,27.67567,78.7457,159,0,,,,28.67909,29.15322,24.3811
1787111976,27.57687,78.79149,159,0,,,,28.64523,29.22095,24.44883
1787111977,27.59022,78.69382,159,0,,,,28.61136,29.32255,24.44883
1787111977,27.57687,78.75945,159,0,,,,28.71296,29.25482,24.5841
1787111978,27.59022,78.67094,159,0,,,,28.67909,29.22095,24.44883
1787111979,27.56351,78.63432,159,0,,,,28.71296,29.01776,24.41496
1787111979,27.60624,78.58091,159,0,,,,28.74682,29.25482,24.3811
1787111980,27.59022,78.4741,159,0,,,,28.78069,29.15322,24.4827
1787111981,27.56351,78.31998,159,0,,,,28.74682,29.15322,24.34743
1787111981,27.60624,78.42527,159,0,,,,28.71296,29.11935,24.31357
1787111982,27.59022,78.33829,159,0,,,,28.67909,29.25482,24.41496
1787111983,27.52079,78.31998,159,0,,,,28.71296,29.11935,24.44883
1787111983,27.56351,78.30015,159,0,,,,28.71296,29.15322,24.44883
1787111984,27.63294,78.28642,159,0,,,,28.67909,29.18709,24.41496
1787111985,27.60624,78.19638,159,0,,,,28.71296,29.15322,24.2797
1787111985,27.66232,78.26353,159,0,,,,28.64523,29.11935,24.31357
1787111986,27.66232,78.19943,159,0,,,,28.74682,29.18709,24.51636
1787111987,27.68902,78.0087,159,0,,,,28.71296,29.18709,24.55023
1787111987,27.57687,78.08652,159,0,,,,28.64523,28.98389,24.34743
1787111988,27.68902,78.1857,159,0,,,,28.61136,29.15322,24.3811
1787111989,27.56351,77.98886,159,0,,,,28.71296,29.15322,24.51636
1787111989,27.67567,78.10941,159,0,,,,28.67909,29.15322,24.41496
1787111990,27.61959,77.89883,159,0,,,,28.67909,29.18709,24.44883
1787111991,27.63294,77.84848,159,0,,,,28.67909,29.28868,24.41496
1787111991,27.60624,77.84238,159,0,,,,28.61136,29.11935,24.41496
1787111992,27.63294,77.79813,159,0,,,,28.67909,29.18709,24.51636
1787111993,27.61959,77.79355,159,0,,,,28.61136,29.11935,24.34743
1787111993,27.63294,77.73403,159,0,,,,28.64523,29.25482,24.31357
1787111994,27.67567,77.72488,159,0,,,,28.57749,29.18709,24.41496
1787111995,27.74777,77.82559,159,0,,,,28.64523,29.35642,24.2797
1787111995,27.57687,77.62875,159,0,,,,28.64523,29.15322,24.3811
1787111996,27.60624,77.63638,159,0,,,,28.71296,29.08549,24.4827
1787111997,27.57687,77.70046,159,0,,,,28.74682,29.22095,24.2797
1787111997,27.52079,77.68673,159,0,,,,28.67909,29.22095,24.34743
1787111998,27.64897,77.71877,159,0,,,,28.71296,29.18709,24.4827
1787111998,27.57687,77.73251,159,0,,,,28.67909,29.11935,24.2797
1787111999,27.59022,77.61959,159,0,,,,28.61136,29.11935,24.31357
1787112000,27.64897,77.64553,159,0,,,,28.74682,29.18709,24.34743
1787112000,27.63294,77.61959,159,0,,,,28.61136,29.11935,24.3811
1787112001,27.66232,77.57687,159,0,,,,28.64523,29.15322,24.41496
1787112002,27.60624,77.48074,159,0,,,,28.74682,29.15322,24.41496
1787112002,27.66232,77.74166,159,0,,,,28.71296,29.11935,24.41496
1787112003,27.59022,77.73403,159,0,,,,28.71296,29.05162,24.4827
