TS,Tamb,Hamb,DirVento,VelVento,NivelAgua,NivelAguaC,radSolar,Ttanque1,Ttanque2,Ttanque3
1786071600,27.02411,81.8494,90,0,221,,1,27.66331,26.78319,22.18362
1786071600,27.01076,81.76547,90,0,221,,1,27.66331,26.74932,22.04836
1786071601,27.05348,81.80667,90,0,221,,1,27.66331,26.78319,22.04836
1786071602,26.98405,81.8494,90,0,221,,1,27.66331,26.74932,22.01469
1786071602,26.99741,82.03098,90,0,222,,1,27.66331,26.81705,22.04836
1786071603,26.96803,81.80667,90,0,222,,1,27.69717,26.68159,22.08222
1786071604,26.92798,81.82498,90,0,222,,1,27.73104,26.74932,22.04836
1786071604,26.98405,81.8494,90,0,222,,1,27.69717,26.78319,22.04836
1786071605,26.94133,81.87076,90,0,221,,1,27.69717,26.81705,22.01469
1786071606,27.04013,81.83566,90,0,221,,1,27.66331,26.74932,22.11589
1786071606,26.95468,81.83109,90,0,221,,1,27.69717,26.85092,22.11589
1786071607,26.96803,81.78531,90,0,221,,1,27.69717,26.81705,22.08222
1786071608,26.99741,81.95926,90,0,221,,1,27.73104,26.81705,22.08222
1786071608,26.94133,81.9028,90,0,221,,1,27.69717,26.78319,22.04836
1786071609,26.96803,81.80667,90,0,221,,1,27.69717,26.81705,22.01469
1786071610,26.94133,81.99435,90,0,221,,1,27.66331,26.78319,21.98083
1786071610,27.01076,81.96231,90,0,221,,1,27.69717,26.74932,22.04836
1786071611,26.98405,82.04623,90,0,221,,1,27.69717,26.81705,22.11589
1786071612,26.88525,81.89822,90,0,221,,1,27.69717,26.71565,22.08222
1786071612,27.05348,82.05539,90,0,222,,1,27.69717,26.74932,22.04836
1786071613,26.95468,82.19577,90,0,221,,1,27.66331,26.78319,22.08222
1786071614,26.95468,82.07217,90,0,222,,1,27.66331,26.78319,22.04836
1786071614,26.98405,82.09964,90,0,221,,1,27.66331,26.85092,22.08222
1786071615,27.06684,82.18356,90,0,222,,1,27.69717,26.74932,22.11589
1786071616,26.99741,82.17441,90,0,221,,1,27.73104,26.71565,22.04836
1786071616,27.04013,82.17746,90,0,222,,1,27.69717,26.74932,22.04836
1786071617,27.04013,82.1149,90,0,221,,1,27.62944,26.81705,22.04836
1786071618,26.96803,82.11795,90,0,221,,1,27.69717,26.74932,22.04836
1786071619,26.91195,82.04013,90,0,221,,1,27.62944,26.71565,22.04836
1786071619,26.96803,82.22934,90,0,221,,1,27.62944,26.88478,22.14976
1786071620,27.01076,82.12863,90,0,221,,1,27.66331,26.78319,21.98083
1786071621,26.95468,82.17441,90,0,221,,1,27.66331,26.78319,22.11589
1786071621,26.96803,82.14694,90,0,221,,1,27.66331,26.81705,22.04836
1786071622,26.95468,82.22781,90,0,221,,1,27.73104,26.78319,22.14976
1786071623,26.99741,82.15457,90,0,222,,1,27.66331,26.85092,22.08222
1786071623,27.08286,82.22934,90,0,222,,1,27.7649,26.74932,22.11589
1786071624,26.96803,82.09659,90,0,222,,1,27.69717,26.71565,22.08222
1786071625,26.98405,82.18204,90,0,222,,1,27.69717,26.74932,22.08222
1786071625,26.98405,82.12253,90,0,221,,1,27.66331,26.71565,22.04836
1786071626,26.96803,82.28275,90,0,221,,1,27.66331,26.81705,22.04836
1786071627,26.98405,82.19272,90,0,221,,1,27.69717,26.74932,22.08222
1786071627,27.04013,82.14694,90,0,221,,1,27.69717,26.71565,22.11589
1786071628,27.01076,82.1088,90,0,221,,1,27.66331,26.81705,22.04836
1786071629,26.88525,82.04166,90,0,221,,1,27.69717,26.78319,22.11589
1786071629,26.95468,82.00809,90,0,221,,1,27.69717,26.78319,22.01469
1786071630,26.85588,81.79752,90,0,221,,1,27.69717,26.78319,22.08222
1786071631,26.99741,82.10422,90,0,221,,1,27.73104,26.81705,22.11589
1786071631,26.92798,82.02182,90,0,221,,1,27.69717,26.74932,22.08222
1786071632,26.91195,82.01724,90,0,222,,1,27.66331,26.71565,22.01469
1786071633,26.92798,81.98062,90,0,221,,1,27.69717,26.85092,22.14976
1786071633,26.95468,82.02792,90,0,221,,1,27.69717,26.78319,22.11589
1786071634,26.94133,82.07828,90,0,222,,1,27.66331,26.81705,22.11589
1786071635,26.96803,82.0737,90,0,222,,1,27.66331,26.81705,22.14976
1786071635,26.99741,82.10422,90,0,221,,1,27.66331,26.74932,22.04836
1786071636,26.94133,81.9852,90,0,221,,1,27.62944,26.78319,22.14976
1786071637,27.09621,82.19119,90,0,221,,1,27.66331,26.78319,22.04836
1786071638,27.04013,82.17746,90,0,221,,1,27.69717,26.74932,22.04836
1786071638,27.01076,82.1683,90,0,221,,1,27.69717,26.71565,22.11589
1786071639,26.96803,82.13779,90,0,221,,1,27.66331,26.81705,22.14976
1786071640,27.01076,82.24155,90,0,221,,1,27.66331,26.74932,22.14976
1786071640,26.95468,82.19577,90,0,221,,1,27.69717,26.71565,22.08222
1786071641,27.05348,82.26444,90,0,221,,1,27.73104,26.78319,21.98083
1786071642,26.91195,82.22476,90,0,221,,1,27.69717,26.78319,22.11589
1786071642,26.95468,82.23697,90,0,222,,1,27.62944,26.81705,22.11589
1786071643,26.98405,82.32853,90,0,222,,1,27.62944,26.81705,22.08222
1786071644,26.95468,82.3621,90,0,222,,1,27.66331,26.68159,22.11589
1786071644,26.99741,82.3209,90,0,221,,1,27.62944,26.74932,22.11589
1786071645,26.95468,82.35142,90,0,222,,1,27.69717,26.71565,22.08222
1786071646,26.98405,82.47196,90,0,222,,1,27.69717,26.74932,22.08222
1786071646,27.02411,82.47196,90,0,221,,1,27.66331,26.74932,22.08222
1786071647,26.99741,82.64133,90,0,221,,1,27.69717,26.78319,22.08222
1786071648,26.94133,82.65812,90,0,221,,1,27.69717,26.81705,22.08222
1786071648,26.95468,82.7039,90,0,221,,1,27.66331,26.74932,22.04836
1786071649,26.95468,82.75578,90,0,221,,1,27.69717,26.81705,22.08222
1786071650,26.96803,82.81071,90,0,221,,1,27.66331,26.85092,22.11589
1786071650,26.98405,82.97093,90,0,221,,1,27.66331,26.78319,22.11589
1786071651,27.05348,83.0518,90,0,221,,1,27.69717,26.68159,22.01469
1786071652,26.99741,82.97398,90,0,221,,1,27.66331,26.88478,22.11589
1786071652,27.02411,83.02434,90,0,222,,1,27.62944,26.78319,22.01469
1786071653,27.04013,83.04875,90,0,222,,1,27.69717,26.88478,21.98083
1786071654,26.96803,83.04875,90,0,222,,1,27.66331,26.81705,22.08222
1786071654,27.06684,83.17998,90,0,221,,1,27.69717,26.81705,22.01469
1786071655,26.94133,83.093,90,0,222,,1,27.73104,26.81705,21.98083
1786071656,26.99741,83.12047,90,0,221,,1,27.66331,26.78319,22.08222
1786071657,27.01076,83.16319,90,0,221,,1,27.69717,26.78319,22.04836
1786071657,26.98405,83.20897,90,0,221,,1,27.69717,26.78319,22.08222
1786071658,26.99741,83.1815,90,0,221,,1,27.66331,26.78319,22.14976
1786071659,26.99741,83.24406,90,0,221,,1,27.69717,26.85092,22.08222
1786071659,26.95468,83.14946,90,0,221,,1,27.69717,26.78319,22.01469
1786071660,27.02411,83.29137,90,0,221,,1,27.69717,26.78319,21.98083
1786071661,26.92798,83.34936,90,0,221,,1,27.66331,26.74932,22.08222
1786071661,26.99741,83.1815,90,0,221,,1,27.66331,26.74932,22.11589
1786071662,26.92798,83.2227,90,0,221,,1,27.69717,26.78319,22.18362
1786071663,27.06684,83.33562,90,0,221,,1,27.7649,26.81705,22.04836
1786071663,26.92798,83.2868,90,0,222,,1,27.62944,26.74932,22.01469
1786071664,26.86923,83.38293,90,0,222,,1,27.66331,26.74932,22.08222
1786071665,26.99741,83.36767,90,0,222,,1,27.66331,26.74932,22.04836
1786071665,26.92798,83.34936,90,0,221,,1,27.69717,26.78319,22.04836
1786071666,26.96803,83.2868,90,0,221,,1,27.66331,26.74932,22.01469
1786071667,26.8986,83.26849,90,0,221,,1,27.69717,26.78319,21.98083
1786071667,26.91195,83.37377,90,0,221,,1,27.66331,26.74932,22.11589
1786071668,26.95468,83.26238,90,0,221,,1,27.69717,26.88478,21.98083
1786071669,26.91195,83.17998,90,0,221,,1,27.66331,26.78319,22.08222
1786071669,27.05348,83.19829,90,0,222,,1,27.66331,26.78319,22.11589
1786071670,26.94133,83.04265,90,0,221,,1,27.69717,26.78319,22.08222
1786071671,26.95468,83.04723,90,0,221,,1,27.69717,26.74932,22.08222
1786071671,27.01076,82.9984,90,0,221,,1,27.66331,26.74932,22.04836
1786071672,26.95468,82.95262,90,0,222,,1,27.69717,26.78319,22.14976
1786071673,27.04013,82.92516,90,0,221,,1,27.66331,26.81705,22.11589
1786071674,26.92798,82.79088,90,0,221,,1,27.66331,26.78319,22.08222
1786071674,26.96803,82.76952,90,0,221,,1,27.62944,26.74932,22.11589
1786071675,26.92798,82.75883,90,0,222,,1,27.66331,26.78319,22.08222
1786071676,26.8986,82.69932,90,0,221,,1,27.66331,26.85092,22.08222
1786071676,26.92798,82.66422,90,0,221,,1,27.69717,26.74932,22.08222
1786071677,26.91195,82.67185,90,0,221,,1,27.69717,26.81705,22.11589
1786071678,27.02411,82.78325,90,0,221,,1,27.69717,26.74932,22.04836
1786071678,27.08286,82.86412,90,0,221,,1,27.69717,26.74932,22.04836
1786071679,26.96803,82.71763,90,0,221,,1,27.66331,26.81705,22.04836
1786071680,26.99741,82.79698,90,0,221,,1,27.69717,26.78319,22.04836
1786071680,26.94133,82.74204,90,0,221,,1,27.69717,26.78319,22.01469
1786071681,27.05348,82.84581,90,0,221,,1,27.66331,26.74932,22.11589
1786071682,26.91195,82.7039,90,0,221,,1,27.62944,26.85092,22.08222
1786071682,26.99741,82.79698,90,0,222,,1,27.69717,26.81705,22.08222
1786071683,26.96803,82.75883,90,0,222,,1,27.73104,26.78319,22.04836
1786071684,26.98405,82.8687,90,0,222,,1,27.66331,26.81705,22.11589
1786071684,26.98405,82.87785,90,0,222,,1,27.66331,26.78319,22.08222
1786071685,26.96803,82.87328,90,0,222,,1,27.69717,26.74932,22.01469
1786071686,27.02411,82.87785,90,0,221,,1,27.66331,26.78319,22.08222
1786071686,27.01076,82.8748,90,0,221,,1,27.69717,26.88478,22.04836
1786071687,26.88525,82.75883,90,0,221,,1,27.66331,26.78319,22.14976
1786071688,26.96803,82.95567,90,0,221,,1,27.69717,26.78319,22.08222
1786071688,27.02411,82.93889,90,0,221,,1,27.62944,26.81705,22.14976
1786071689,26.98405,82.91905,90,0,221,,1,27.66331,26.78319,22.04836
1786071690,26.99741,82.78783,90,0,221,,1,27.66331,26.85092,22.04836
1786071690,26.96803,82.94652,90,0,221,,1,27.66331,26.81705,22.08222
1786071691,26.96803,83.02892,90,0,221,,1,27.69717,26.78319,22.11589
1786071692,26.92798,82.92363,90,0,221,,1,27.66331,26.74932,22.08222
1786071693,26.99741,83.04723,90,0,222,,1,27.66331,26.74932,22.08222
1786071693,27.01076,82.90685,90,0,221,,1,27.69717,26.85092,21.98083
1786071694,26.98405,83.07469,90,0,221,,1,27.66331,26.74932,22.08222
1786071695,26.98405,82.97093,90,0,222,,1,27.66331,26.78319,22.04836
1786071695,26.96803,83.04875,90,0,221,,1,27.69717,26.88478,22.11589
1786071696,26.92798,83.01976,90,0,221,,1,27.66331,26.78319,22.08222
1786071697,26.98405,82.98009,90,0,221,,1,27.69717,26.74932,22.08222
1786071697,26.94133,83.10368,90,0,221,,1,27.69717,26.74932,22.08222
1786071698,26.99741,82.99382,90,0,221,,1,27.66331,26.81705,22.08222
1786071699,27.01076,83.19524,90,0,221,,1,27.66331,26.81705,22.04836
1786071699,27.02411,83.25933,90,0,221,,1,27.62944,26.78319,21.94696
1786071700,27.08286,83.04875,90,0,221,,1,27.66331,26.81705,22.04836
1786071701,27.01076,83.14336,90,0,221,,1,27.66331,26.81705,22.04836
1786071701,26.98405,83.20897,90,0,221,,1,27.69717,26.81705,22.08222
1786071702,27.01076,83.22728,90,0,221,,1,27.66331,26.74932,22.04836
1786071703,27.01076,83.2578,90,0,222,,1,27.73104,26.85092,22.18362
1786071703,26.96803,83.4226,90,0,221,,1,27.66331,26.78319,22.11589
1786071704,27.04013,83.64843,90,0,222,,1,27.62944,26.74932,22.08222
1786071705,26.92798,83.64843,90,0,222,,1,27.69717,26.78319,22.08222
1786071705,26.96803,83.81628,90,0,221,,1,27.66331,26.78319,22.04836
1786071706,26.95468,83.88495,90,0,221,,1,27.62944,26.91865,22.04836
1786071707,27.06684,84.07874,90,0,221,,1,27.69717,26.78319,22.08222
1786071707,27.05348,84.11841,90,0,221,,1,27.66331,26.71565,21.98083
1786071708,26.94133,84.242,90,0,221,,1,27.66331,26.81705,22.04836
1786071709,26.95468,84.24658,90,0,221,,1,27.62944,26.74932,22.01469
1786071709,26.95468,84.34882,90,0,221,,1,27.69717,26.81705,22.08222
1786071710,26.99741,84.46632,90,0,221,,1,27.66331,26.74932,22.08222
1786071711,27.01076,84.5716,90,0,221,,1,27.66331,26.81705,22.08222
1786071712,26.96803,84.55939,90,0,221,,1,27.62944,26.78319,22.04836
1786071712,27.05348,84.65553,90,0,222,,1,27.66331,26.81705,22.04836
1786071713,26.98405,84.65858,90,0,221,,1,27.66331,26.74932,22.01469
1786071714,26.94133,84.54108,90,0,222,,1,27.66331,26.78319,22.08222
1786071714,26.92798,84.54871,90,0,222,,1,27.66331,26.81705,22.04836
1786071715,27.01076,84.55024,90,0,222,,1,27.66331,26.81705,22.08222
1786071716,26.96803,84.4358,90,0,221,,1,27.66331,26.74932,22.08222
1786071716,26.96803,84.34272,90,0,221,,1,27.62944,26.78319,22.11589
1786071717,26.94133,84.2649,90,0,221,,1,27.66331,26.74932,22.08222
1786071718,26.98405,84.07874,90,0,222,,1,27.69717,26.78319,22.04836
1786071718,27.01076,83.96277,90,0,222,,1,27.69717,26.74932,22.08222
1786071719,27.04013,83.72015,90,0,221,,1,27.69717,26.78319,22.04836
1786071720,26.95468,83.57366,90,0,221,,1,27.69717,26.68159,22.14976
1786071720,27.01076,83.44244,90,0,221,,1,27.66331,26.78319,22.08222
1786071721,26.96803,83.40124,90,0,221,,1,27.66331,26.81705,22.08222
1786071722,26.92798,83.49279,90,0,221,,1,27.66331,26.78319,22.08222
1786071722,26.98405,83.43633,90,0,222,,1,27.69717,26.74932,22.11589
1786071723,27.02411,83.37682,90,0,222,,1,27.66331,26.81705,22.01469
1786071724,26.95468,83.32647,90,0,222,,1,27.69717,26.74932,22.14976
1786071724,26.91195,83.5935,90,0,221,,1,27.66331,26.74932,22.11589
1786071725,26.86923,83.47753,90,0,222,,1,27.66331,26.81705,22.04836
1786071726,26.95468,83.56145,90,0,221,,1,27.69717,26.81705,22.11589
1786071726,27.01076,83.59808,90,0,221,,1,27.66331,26.74932,22.11589
1786071727,27.02411,83.68505,90,0,221,,1,27.66331,26.78319,22.08222
1786071728,26.96803,83.62859,90,0,221,,1,27.69717,26.78319,22.08222
1786071728,26.98405,83.72625,90,0,221,,1,27.62944,26.74932,22.01469
1786071729,26.99741,83.73998,90,0,221,,1,27.69717,26.74932,21.98083
1786071730,26.96803,83.71099,90,0,221,,1,27.69717,26.78319,22.14976
1786071731,27.02411,83.85291,90,0,221,,1,27.66331,26.74932,22.18362
1786071731,26.94133,83.66216,90,0,221,,1,27.66331,26.74932,22.08222
1786071732,26.8986,83.67132,90,0,222,,1,27.66331,26.81705,22.11589
1786071733,27.01076,83.57824,90,0,222,,1,27.62944,26.85092,21.98083
1786071733,26.91195,83.44701,90,0,222,,1,27.66331,26.74932,22.08222
1786071734,26.91195,83.47906,90,0,222,,1,27.69717,26.81705,22.08222
1786071735,26.92798,83.39056,90,0,222,,1,27.62944,26.74932,22.11589
1786071735,26.98405,83.32342,90,0,222,,1,27.62944,26.81705,22.08222
1786071736,26.95468,83.24101,90,0,221,,1,27.69717,26.78319,22.01469
1786071737,26.99741,83.12962,90,0,221,,1,27.69717,26.78319,22.08222
1786071737,26.92798,83.01976,90,0,221,,1,27.69717,26.78319,22.04836
1786071738,27.02411,82.8687,90,0,221,,1,27.62944,26.85092,22.01469
1786071739,26.8986,82.84581,90,0,221,,1,27.73104,26.74932,22.11589
1786071739,27.01076,82.90685,90,0,221,,1,27.66331,26.74932,22.04836
1786071740,26.84253,82.64133,90,0,221,,1,27.69717,26.74932,22.11589
1786071741,26.86923,82.67185,90,0,221,,1,27.66331,26.78319,22.04836
1786071741,26.91195,82.5803,90,0,221,,1,27.69717,26.78319,21.98083
1786071742,26.95468,82.59098,90,0,221,,1,27.69717,26.85092,22.08222
1786071743,27.01076,82.63523,90,0,222,,1,27.62944,26.78319,22.04836
1786071743,26.95468,82.64133,90,0,222,,1,27.66331,26.81705,22.08222
1786071744,26.95468,82.57114,90,0,222,,1,27.66331,26.74932,22.04836
1786071745,27.06684,82.56809,90,0,222,,1,27.69717,26.78319,22.14976
1786071745,26.98405,82.63981,90,0,221,,1,27.66331,26.78319,22.04836
1786071746,26.85588,82.37583,90,0,221,,1,27.66331,26.78319,22.08222
1786071747,26.95468,82.48569,90,0,221,,1,27.66331,26.81705,22.04836
1786071747,26.96803,82.46738,90,0,221,,1,27.66331,26.78319,22.04836
1786071748,27.02411,82.49332,90,0,221,,1,27.66331,26.74932,22.08222
1786071749,26.96803,82.41703,90,0,221,,1,27.62944,26.74932,22.04836
1786071750,26.94133,82.44297,90,0,221,,1,27.66331,26.74932,22.04836
1786071750,26.96803,82.39719,90,0,221,,1,27.66331,26.78319,22.11589
1786071751,27.02411,82.49332,90,0,221,,1,27.62944,26.78319,22.08222
1786071752,27.01076,82.42924,90,0,221,,1,27.62944,26.78319,22.08222
1786071752,26.92798,82.48875,90,0,223,,1,27.69717,26.78319,22.04836
1786071753,27.06684,82.45365,90,0,221,,1,27.69717,26.85092,22.08222
1786071754,26.8986,82.36668,90,0,222,,1,27.66331,26.71565,22.08222
1786071754,26.99741,82.46586,90,0,221,,1,27.62944,26.74932,22.11589
1786071755,26.91195,82.24765,90,0,221,,1,27.59557,26.74932,22.11589
1786071756,26.94133,82.32548,90,0,221,,1,27.66331,26.78319,22.04836
1786071756,26.95468,82.25986,90,0,221,,1,27.66331,26.78319,22.01469
1786071757,26.94133,82.29649,90,0,221,,1,27.69717,26.78319,22.08222
1786071758,26.88525,82.09506,90,0,221,,1,27.66331,26.81705,22.01469
1786071758,27.04013,82.35294,90,0,221,,1,27.66331,26.78319,22.08222
1786071759,26.98405,82.24612,90,0,222,,1,27.69717,26.81705,21.98083
1786071760,26.91195,82.09201,90,0,221,,1,27.69717,26.78319,22.04836
1786071760,27.05348,82.16983,90,0,221,,1,27.69717,26.81705,22.04836
1786071761,27.06684,82.16373,90,0,221,,1,27.66331,26.81705,22.01469
1786071762,27.02411,82.00504,90,0,221,,1,27.69717,26.78319,22.21729
1786071762,27.02411,82.04929,90,0,222,,1,27.66331,26.74932,22.04836
1786071763,26.95468,82.09201,90,0,222,,1,27.66331,26.78319,22.04836
1786071764,26.8986,82.0264,90,0,221,,1,27.66331,26.74932,22.14976
1786071764,27.01076,82.05539,90,0,222,,1,27.62944,26.81705,22.04836
1786071765,26.96803,82.08591,90,0,221,,1,27.66331,26.78319,22.01469
1786071766,26.91195,82.16373,90,0,221,,1,27.62944,26.71565,22.14976
1786071766,26.92798,82.00046,90,0,221,,1,27.69717,26.74932,22.04836
1786071767,26.99741,81.93637,90,0,221,,1,27.69717,26.74932,22.04836
1786071768,26.98405,81.95468,90,0,221,,1,27.69717,26.85092,22.04836
1786071769,26.99741,81.95926,90,0,221,,1,27.66331,26.71565,22.14976
1786071769,26.99741,81.85397,90,0,221,,1,27.69717,26.81705,22.11589
1786071770,26.95468,81.87228,90,0,221,,1,27.69717,26.81705,22.04836
1786071771,26.99741,81.90738,90,0,221,,1,27.62944,26.81705,22.04836
1786071771,26.8986,81.767,90,0,221,,1,27.62944,26.74932,22.01469
1786071772,26.96803,81.82651,90,0,221,,1,27.66331,26.78319,22.01469
1786071773,26.94133,81.79904,90,0,222,,1,27.62944,26.81705,22.08222
1786071773,26.96803,81.78531,90,0,222,,1,27.66331,26.78319,22.04836
1786071774,26.92798,81.71053,90,0,222,,1,27.69717,26.74932,22.04836
1786071775,26.95468,81.74868,90,0,222,,1,27.69717,26.78319,22.14976
1786071775,26.92798,81.84482,90,0,221,,1,27.66331,26.81705,22.04836
1786071776,27.01076,81.89975,90,0,221,,1,27.66331,26.78319,21.98083
1786071777,26.94133,81.77615,90,0,221,,1,27.66331,26.74932,22.08222
1786071777,26.98405,81.75784,90,0,221,,1,27.66331,26.74932,22.08222
1786071778,27.01076,81.82651,90,0,221,,1,27.66331,26.81705,22.04836
1786071779,26.96803,81.81583,90,0,221,,1,27.66331,26.78319,22.11589
1786071779,26.95468,81.80209,90,0,221,,1,27.66331,26.74932,22.11589
1786071780,26.99741,81.84329,90,0,221,,1,27.69717,26.74932,22.08222
1786071781,26.95468,81.76089,90,0,221,,1,27.66331,26.74932,22.11589
1786071781,26.92798,81.82498,90,0,221,,1,27.66331,26.78319,22.04836
1786071782,26.96803,81.94095,90,0,221,,1,27.66331,26.78319,22.08222
1786071783,27.05348,81.9852,90,0,222,,1,27.73104,26.74932,22.08222
1786071783,26.99741,82.04013,90,0,222,,1,27.69717,26.78319,22.01469
1786071784,26.99741,82.43534,90,0,222,,1,27.62944,26.68159,22.04836
1786071785,26.96803,82.40788,90,0,221,,1,27.66331,26.78319,22.04836
1786071785,26.95468,82.55894,90,0,221,,1,27.66331,26.78319,22.08222
1786071786,26.95468,82.69474,90,0,221,,1,27.66331,26.74932,22.11589
1786071787,27.01076,83.06096,90,0,221,,1,27.62944,26.78319,22.04836
1786071788,27.01076,83.0396,90,0,221,,1,27.66331,26.78319,22.08222
1786071788,27.02411,83.10674,90,0,221,,1,27.62944,26.71565,22.08222
1786071789,26.94133,83.25933,90,0,221,,1,27.66331,26.71565,22.11589
1786071790,26.99741,83.30511,90,0,221,,1,27.69717,26.81705,22.14976
1786071790,26.91195,83.31426,90,0,222,,1,27.66331,26.74932,22.08222
1786071791,26.99741,83.30511,90,0,221,,1,27.62944,26.81705,22.01469
1786071792,27.04013,83.60723,90,0,221,,1,27.66331,26.74932,22.08222
1786071792,27.02411,83.14793,90,0,222,,1,27.66331,26.74932,22.08222
1786071793,26.99741,83.32647,90,0,221,,1,27.69717,26.74932,22.14976
1786071794,26.95468,83.27306,90,0,221,,1,27.62944,26.78319,22.11589
1786071794,26.94133,83.32189,90,0,222,,1,27.69717,26.78319,22.04836
1786071795,26.94133,83.24864,90,0,222,,1,27.66331,26.78319,22.11589
1786071796,26.98405,83.32342,90,0,221,,1,27.62944,26.74932,22.08222
1786071796,26.94133,83.10368,90,0,221,,1,27.62944,26.78319,22.04836
1786071797,27.04013,83.08842,90,0,221,,1,27.62944,26.78319,22.08222
1786071798,27.05348,83.0518,90,0,221,,1,27.66331,26.74932,22.08222
1786071798,26.99741,82.87022,90,0,221,,1,27.73104,26.74932,22.08222
1786071799,26.96803,82.97551,90,0,222,,1,27.69717,26.78319,22.04836
1786071800,26.91195,82.79546,90,0,221,,1,27.69717,26.74932,22.08222
1786071800,26.8986,82.81377,90,0,221,,1,27.69717,26.78319,22.04836
1786071801,26.86923,82.77409,90,0,221,,1,27.62944,26.78319,22.11589
1786071802,26.96803,82.66727,90,0,221,,1,27.69717,26.78319,22.08222
1786071802,26.95468,82.54826,90,0,222,,1,27.69717,26.68159,22.04836
1786071803,26.88525,82.52079,90,0,221,,1,27.66331,26.78319,22.08222
1786071804,26.99741,82.58183,90,0,221,,1,27.62944,26.78319,22.08222
1786071804,26.96803,82.46738,90,0,221,,1,27.62944,26.71565,22.04836
1786071805,27.01076,82.39719,90,0,221,,1,27.62944,26.78319,22.04836
1786071806,26.94133,82.39872,90,0,221,,1,27.69717,26.78319,22.01469
1786071807,26.95468,82.42466,90,0,221,,1,27.66331,26.78319,22.08222
1786071807,26.98405,82.31632,90,0,221,,1,27.69717,26.71565,22.04836
1786071808,26.88525,82.27055,90,0,221,,1,27.66331,26.81705,22.04836
1786071809,26.95468,82.28886,90,0,221,,1,27.66331,26.81705,22.08222
1786071809,26.95468,82.28886,90,0,221,,1,27.66331,26.78319,22.04836
1786071810,26.98405,82.38956,90,0,221,,1,27.69717,26.85092,22.08222
1786071811,26.92798,82.2507,90,0,221,,1,27.66331,26.78319,22.04836
1786071811,27.04013,82.34226,90,0,221,,1,27.66331,26.81705,22.11589
1786071812,26.8986,82.22324,90,0,221,,1,27.69717,26.81705,22.08222
1786071813,26.96803,82.28275,90,0,222,,1,27.69717,26.78319,22.11589
1786071813,27.05348,82.34684,90,0,222,,1,27.66331,26.74932,22.08222
1786071814,26.88525,82.29191,90,0,221,,1,27.66331,26.71565,22.01469
1786071815,27.01076,82.29343,90,0,221,,1,27.66331,26.78319,22.04836
1786071815,26.95468,82.31022,90,0,221,,1,27.66331,26.74932,22.04836
1786071816,26.99741,82.30106,90,0,221,,1,27.62944,26.74932,21.94696
1786071817,26.99741,82.31022,90,0,221,,1,27.73104,26.78319,22.08222
1786071817,26.95468,82.22781,90,0,221,,1,27.66331,26.78319,22.04836
1786071818,27.05348,82.37888,90,0,221,,1,27.73104,26.78319,22.04836
1786071819,26.95468,82.4033,90,0,221,,1,27.69717,26.81705,22.04836
1786071819,26.99741,82.4033,90,0,221,,1,27.66331,26.71565,22.08222
1786071820,26.95468,82.34226,90,0,221,,1,27.69717,26.78319,22.08222
1786071821,26.95468,82.35142,90,0,221,,1,27.69717,26.85092,22.11589
1786071821,26.98405,82.47196,90,0,221,,1,27.69717,26.78319,22.08222
1786071822,26.91195,82.31937,90,0,221,,1,27.66331,26.78319,22.04836
1786071823,26.98405,82.29801,90,0,221,,1,27.73104,26.78319,22.04836
1786071824,26.92798,82.39719,90,0,222,,1,27.66331,26.78319,22.08222
1786071824,26.96803,82.49943,90,0,222,,1,27.66331,26.78319,22.11589
1786071825,26.96803,82.38499,90,0,221,,1,27.62944,26.71565,22.04836
1786071826,26.95468,82.4445,90,0,221,,1,27.66331,26.78319,22.08222
1786071826,26.99741,82.37431,90,0,221,,1,27.62944,26.85092,22.08222
1786071827,27.05348,82.45213,90,0,221,,1,27.66331,26.74932,22.08222
1786071828,26.98405,82.43382,90,0,221,,1,27.69717,26.74932,22.14976
1786071828,27.01076,82.38804,90,0,221,,1,27.66331,26.81705,22.04836
1786071829,26.88525,82.31174,90,0,221,,1,27.66331,26.81705,22.08222
1786071830,26.94133,82.38956,90,0,221,,1,27.66331,26.78319,22.01469
1786071830,26.99741,82.33006,90,0,221,,1,27.66331,26.81705,22.04836
1786071831,27.01076,82.32395,90,0,221,,1,27.66331,26.81705,22.04836
1786071832,26.99741,82.29191,90,0,221,,1,27.62944,26.78319,22.04836
1786071832,26.98405,82.23392,90,0,222,,1,27.66331,26.81705,22.08222
1786071833,27.02411,82.21408,90,0,222,,1,27.66331,26.74932,22.04836
1786071834,26.95468,82.20645,90,0,221,,1,27.66331,26.74932,22.04836
1786071834,26.92798,82.18814,90,0,221,,1,27.69717,26.78319,22.08222
1786071835,26.98405,82.22476,90,0,222,,1,27.66331,26.81705,22.08222
1786071836,26.92798,82.1683,90,0,221,,1,27.62944,26.74932,22.14976
1786071836,26.94133,82.11032,90,0,221,,1,27.66331,26.85092,22.08222
1786071837,26.96803,82.1683,90,0,221,,1,27.66331,26.81705,22.11589
1786071838,26.91195,82.17288,90,0,221,,1,27.66331,26.78319,22.04836
1786071838,26.94133,82.05844,90,0,221,,1,27.66331,26.81705,22.04836
1786071839,26.95468,82.18356,90,0,221,,1,27.69717,26.78319,22.08222
1786071840,26.96803,82.09659,90,0,221,,1,27.66331,26.78319,22.04836
1786071840,26.98405,81.99588,90,0,221,,1,27.66331,26.81705,22.08222
1786071841,26.91195,82.04929,90,0,221,,1,27.66331,26.71565,22.01469
1786071842,27.01076,82.02335,90,0,221,,1,27.62944,26.78319,22.08222
1786071843,27.01076,82.02335,90,0,222,,1,27.62944,26.85092,22.11589
1786071843,26.96803,82.01266,90,0,221,,1,27.66331,26.74932,22.08222
1786071844,26.91195,81.94553,90,0,222,,1,27.66331,26.85092,22.08222
1786071845,26.94133,81.96384,90,0,222,,1,27.62944,26.74932,22.08222
1786071845,26.96803,81.9913,90,0,221,,1,27.69717,26.81705,22.01469
1786071846,26.98405,81.93484,90,0,221,,1,27.69717,26.74932,22.11589
1786071847,26.99741,81.98062,90,0,221,,1,27.66331,26.81705,22.11589
1786071847,27.06684,81.91348,90,0,221,,1,27.66331,26.71565,22.08222
1786071848,26.95468,81.90433,90,0,221,,1,27.66331,26.81705,22.04836
1786071849,26.92798,81.96231,90,0,221,,1,27.73104,26.74932,22.01469
1786071849,26.92798,81.82498,90,0,221,,1,27.62944,26.81705,22.04836
1786071850,26.8986,81.767,90,0,221,,1,27.73104,26.74932,22.04836
1786071851,26.99741,81.71969,90,0,221,,1,27.66331,26.74932,22.18362
1786071851,26.91195,81.74868,90,0,221,,1,27.73104,26.74932,22.08222
1786071852,26.92798,81.73342,90,0,221,,1,27.62944,26.81705,22.08222
1786071853,26.96803,81.77463,90,0,222,,1,27.62944,26.74932,22.08222
1786071853,26.98405,81.66476,90,0,221,,1,27.66331,26.78319,22.04836
1786071854,26.92798,81.87686,90,0,221,,1,27.66331,26.78319,22.11589
1786071855,26.94133,81.7029,90,0,221,,1,27.73104,26.81705,22.14976
1786071855,26.98405,81.72579,90,0,221,,1,27.66331,26.74932,22.08222
1786071856,26.8986,81.66171,90,0,221,,1,27.66331,26.81705,22.01469
1786071857,26.99741,81.70748,90,0,221,,1,27.66331,26.78319,22.08222
1786071857,27.01076,81.69222,90,0,221,,1,27.66331,26.78319,22.04836
1786071858,26.96803,81.67086,90,0,221,,1,27.73104,26.85092,22.11589
1786071859,27.02411,81.738,90,0,221,,1,27.69717,26.74932,22.11589
1786071859,26.92798,81.82498,90,0,221,,1,27.69717,26.74932,22.01469
1786071860,26.8986,81.72427,90,0,221,,1,27.69717,26.78319,22.08222
1786071861,26.7998,81.62508,90,0,221,,1,27.69717,26.85092,22.11589
1786071861,26.98405,81.77921,90,0,221,,1,27.62944,26.81705,22.04836
1786071862,26.96803,81.68002,90,0,222,,1,27.73104,26.74932,21.98083
1786071863,26.96803,81.66018,90,0,222,,1,27.69717,26.81705,22.11589
1786071864,26.95468,81.6968,90,0,221,,1,27.66331,26.81705,22.14976
1786071864,27.01076,81.73342,90,0,221,,1,27.62944,26.85092,22.08222
1786071865,26.98405,81.69375,90,0,221,,1,27.66331,26.81705,22.11589
1786071866,27.01076,81.76547,90,0,221,,1,27.66331,26.85092,22.01469
1786071866,26.94133,81.57015,90,0,221,,1,27.66331,26.78319,22.04836
1786071867,27.04013,81.68917,90,0,221,,1,27.69717,26.71565,22.08222
1786071868,26.98405,81.6556,90,0,221,,1,27.66331,26.74932,22.04836
1786071868,27.06684,81.64339,90,0,221,,1,27.66331,26.85092,22.11589
1786071869,27.04013,81.73037,90,0,221,,1,27.59557,26.74932,22.04836
1786071870,26.94133,81.65255,90,0,221,,1,27.66331,26.81705,22.04836
1786071870,26.95468,81.6968,90,0,221,,1,27.66331,26.78319,22.01469
1786071871,26.94133,81.65255,90,0,221,,1,27.62944,26.78319,22.11589
1786071872,26.95468,81.73952,90,0,221,,1,27.66331,26.78319,22.04836
1786071872,26.95468,81.68764,90,0,222,,1,27.66331,26.85092,22.01469
1786071873,26.96803,81.59762,90,0,222,,1,27.73104,26.78319,22.08222
1786071874,27.05348,81.68307,90,0,221,,1,27.69717,26.81705,22.08222
1786071874,26.8986,81.65255,90,0,222,,1,27.62944,26.85092,22.08222
1786071875,26.92798,81.63882,90,0,221,,1,27.62944,26.74932,22.11589
1786071876,26.96803,81.79446,90,0,221,,1,27.62944,26.78319,22.11589
1786071876,26.94133,81.63271,90,0,221,,1,27.69717,26.78319,22.08222
1786071877,27.10956,81.74868,90,0,221,,1,27.62944,26.78319,22.04836
1786071878,26.99741,81.70748,90,0,221,,1,27.62944,26.81705,22.08222
1786071878,27.04013,81.68002,90,0,221,,1,27.69717,26.78319,22.08222
1786071879,26.96803,81.62966,90,0,221,,1,27.69717,26.78319,22.08222
1786071880,26.98405,81.61135,90,0,222,,1,27.69717,26.74932,22.08222
1786071881,26.92798,81.49538,90,0,221,,1,27.66331,26.78319,22.08222
1786071881,26.92798,81.62814,90,0,221,,1,27.66331,26.78319,22.01469
1786071882,26.92798,81.63882,90,0,222,,1,27.66331,26.71565,22.04836
1786071883,26.99741,81.67849,90,0,222,,1,27.66331,26.78319,22.11589
1786071883,27.02411,81.68459,90,0,221,,1,27.69717,26.85092,22.08222
1786071884,26.96803,81.70138,90,0,221,,1,27.66331,26.71565,22.01469
1786071885,26.95468,81.78073,90,0,222,,1,27.69717,26.81705,22.08222
1786071885,27.08286,81.75174,90,0,221,,1,27.66331,26.81705,22.08222
1786071886,26.96803,81.76242,90,0,221,,1,27.62944,26.74932,22.08222
1786071887,26.99741,81.83414,90,0,221,,1,27.69717,26.74932,22.08222
1786071887,27.05348,81.8494,90,0,221,,1,27.66331,26.78319,22.14976
1786071888,27.01076,81.89975,90,0,221,,1,27.69717,26.71565,22.08222
1786071889,26.95468,81.92569,90,0,221,,1,27.62944,26.71565,22.04836
1786071889,26.96803,81.91806,90,0,221,,1,27.62944,26.81705,22.08222
1786071890,26.99741,81.98978,90,0,221,,1,27.62944,26.78319,22.08222
1786071891,27.13893,82.14084,90,0,221,,1,27.62944,26.71565,22.11589
1786071891,26.98405,82.11032,90,0,221,,1,27.66331,26.85092,22.08222
1786071892,26.98405,82.15152,90,0,222,,1,27.69717,26.74932,22.08222
1786071893,27.02411,82.07828,90,0,222,,1,27.66331,26.78319,22.04836
1786071893,26.99741,82.09201,90,0,222,,1,27.69717,26.81705,22.08222
1786071894,27.05348,82.28428,90,0,222,,1,27.59557,26.78319,22.08222
1786071895,26.94133,82.19272,90,0,222,,1,27.69717,26.78319,22.04836
1786071895,26.99741,82.20645,90,0,221,,1,27.73104,26.81705,22.04836
1786071896,27.04013,82.17746,90,0,221,,1,27.69717,26.71565,22.08222
1786071897,26.98405,82.23392,90,0,221,,1,27.66331,26.78319,22.08222
1786071897,26.8986,82.14999,90,0,221,,1,27.62944,26.78319,22.01469
1786071898,26.95468,82.25986,90,0,221,,1,27.69717,26.81705,22.04836
1786071899,27.04013,82.22934,90,0,221,,1,27.66331,26.78319,22.01469
1786071900,26.99741,82.4155,90,0,221,,1,27.66331,26.78319,22.04836
1786071900,26.94133,82.51316,90,0,221,,1,27.66331,26.78319,22.08222
1786071901,26.95468,82.73594,90,0,221,,1,27.69717,26.78319,22.11589
1786071902,27.05348,82.90685,90,0,221,,1,27.66331,26.74932,22.01469
1786071902,26.8986,82.98924,90,0,222,,1,27.62944,26.74932,22.11589
1786071903,26.99741,83.02586,90,0,222,,1,27.62944,26.68159,22.11589
1786071904,26.98405,83.18913,90,0,222,,1,27.66331,26.81705,22.04836
1786071904,26.92798,83.04875,90,0,222,,1,27.69717,26.78319,22.01469
1786071905,27.04013,83.31731,90,0,221,,1,27.66331,26.74932,22.04836
1786071906,26.8986,83.30968,90,0,221,,1,27.69717,26.85092,22.01469
1786071906,27.08286,83.328,90,0,221,,1,27.66331,26.74932,22.08222
1786071907,26.96803,83.299,90,0,221,,1,27.66331,26.78319,22.11589
1786071908,26.96803,83.37835,90,0,221,,1,27.66331,26.71565,22.11589
1786071908,26.94133,83.36309,90,0,221,,1,27.66331,26.71565,22.08222
1786071909,27.02411,83.38598,90,0,221,,1,27.66331,26.74932,22.04836
1786071910,26.91195,83.25017,90,0,221,,1,27.66331,26.71565,22.08222
1786071910,26.95468,83.50195,90,0,221,,1,27.69717,26.78319,22.08222
1786071911,26.94133,83.25933,90,0,221,,1,27.62944,26.78319,22.01469
1786071912,26.94133,83.42413,90,0,222,,1,27.66331,26.81705,22.11589
1786071912,27.02411,83.29137,90,0,222,,1,27.66331,26.78319,22.01469
1786071913,26.95468,83.25323,90,0,222,,1,27.66331,26.68159,22.11589
1786071914,27.01076,83.4226,90,0,222,,1,27.62944,26.74932,21.98083
1786071914,27.02411,83.18913,90,0,222,,1,27.66331,26.85092,22.08222
1786071915,26.99741,83.12047,90,0,221,,1,27.62944,26.81705,22.14976
1786071916,26.94133,83.14488,90,0,221,,1,27.69717,26.78319,22.08222
1786071916,26.95468,83.00603,90,0,221,,1,27.62944,26.78319,22.08222
1786071917,27.05348,83.0518,90,0,221,,1,27.66331,26.81705,22.08222
1786071918,26.99741,83.04723,90,0,221,,1,27.66331,26.71565,22.04836
1786071919,26.99741,82.91447,90,0,221,,1,27.69717,26.85092,22.11589
1786071919,26.8986,82.94804,90,0,221,,1,27.66331,26.74932,22.04836
1786071920,26.99741,82.96483,90,0,221,,1,27.62944,26.81705,22.11589
1786071921,26.98405,82.89769,90,0,221,,1,27.69717,26.78319,22.14976
1786071921,27.01076,82.9572,90,0,221,,1,27.66331,26.78319,22.14976
1786071922,27.05348,82.88701,90,0,221,,1,27.69717,26.78319,22.11589
1786071923,27.02411,82.93889,90,0,222,,1,27.66331,26.78319,22.01469
1786071923,26.99741,82.92058,90,0,222,,1,27.69717,26.81705,22.14976
1786071924,26.95468,82.83818,90,0,221,,1,27.66331,26.74932,22.08222
1786071925,26.92798,82.74052,90,0,222,,1,27.62944,26.78319,22.08222
1786071925,26.94133,82.73289,90,0,221,,1,27.66331,26.81705,21.98083
1786071926,26.98405,82.79546,90,0,221,,1,27.69717,26.74932,22.04836
1786071927,27.01076,82.82292,90,0,221,,1,27.69717,26.71565,22.04836
1786071927,26.99741,82.86107,90,0,221,,1,27.66331,26.81705,22.08222
1786071928,26.96803,82.87328,90,0,221,,1,27.66331,26.78319,22.08222
1786071929,26.98405,82.79546,90,0,221,,1,27.66331,26.74932,22.11589
1786071929,26.96803,82.83208,90,0,221,,1,27.66331,26.81705,22.04836
1786071930,26.99741,82.89159,90,0,221,,1,27.66331,26.81705,22.08222
1786071931,27.09621,82.78325,90,0,221,,1,27.66331,26.74932,22.08222
1786071931,26.92798,82.83208,90,0,221,,1,27.66331,26.81705,22.04836
1786071932,26.99741,82.85039,90,0,221,,1,27.66331,26.71565,22.11589
1786071933,26.8986,82.80156,90,0,222,,1,27.66331,26.81705,21.98083
1786071933,26.99741,82.72678,90,0,222,,1,27.69717,26.85092,22.08222
1786071934,26.96803,82.82292,90,0,222,,1,27.66331,26.78319,22.01469
1786071935,26.92798,82.70847,90,0,221,,1,27.62944,26.78319,22.08222
1786071935,27.05348,82.67796,90,0,221,,1,27.66331,26.78319,22.04836
1786071936,26.98405,82.79546,90,0,221,,1,27.73104,26.74932,22.14976
1786071937,26.94133,82.68101,90,0,221,,1,27.66331,26.81705,22.08222
1786071938,26.99741,82.85039,90,0,221,,1,27.62944,26.88478,22.14976
1786071938,26.98405,82.8687,90,0,221,,1,27.66331,26.78319,22.04836
1786071939,26.94133,82.87785,90,0,221,,1,27.66331,26.81705,22.08222
1786071940,27.06684,82.98314,90,0,221,,1,27.66331,26.81705,21.98083
1786071940,27.04013,83.04875,90,0,221,,1,27.69717,26.78319,22.01469
1786071941,26.99741,82.99382,90,0,221,,1,27.66331,26.74932,22.04836
1786071942,26.92798,83.20439,90,0,222,,1,27.62944,26.78319,22.04836
1786071942,27.08286,83.26696,90,0,222,,1,27.66331,26.78319,22.04836
1786071943,27.04013,83.28527,90,0,222,,1,27.62944,26.74932,22.04836
1786071944,26.98405,83.25933,90,0,221,,1,27.69717,26.74932,22.11589
1786071944,26.95468,83.21202,90,0,222,,1,27.69717,26.74932,22.14976
1786071945,27.01076,83.16319,90,0,222,,1,27.66331,26.71565,22.01469
1786071946,26.96803,83.3402,90,0,221,,1,27.66331,26.74932,22.14976
1786071946,26.96803,83.2166,90,0,221,,1,27.66331,26.78319,22.08222
1786071947,27.04013,83.21355,90,0,221,,1,27.66331,26.74932,22.08222
1786071948,26.99741,83.28527,90,0,221,,1,27.69717,26.78319,22.01469
1786071948,26.98405,83.14793,90,0,221,,1,27.66331,26.71565,22.08222
1786071949,27.01076,83.14336,90,0,221,,1,27.69717,26.81705,22.11589
1786071950,26.98405,83.17693,90,0,221,,1,27.62944,26.74932,22.11589
1786071950,26.95468,83.13878,90,0,221,,1,27.69717,26.74932,22.11589
1786071951,26.91195,83.06554,90,0,221,,1,27.66331,26.74932,22.08222
1786071952,26.94133,83.17693,90,0,221,,1,27.69717,26.74932,22.08222
1786071952,26.92798,83.0396,90,0,222,,1,27.62944,26.74932,22.08222
1786071953,26.8986,83.04265,90,0,222,,1,27.69717,26.81705,22.14976
1786071954,26.91195,83.05333,90,0,222,,1,27.62944,26.81705,22.08222
1786071954,26.98405,82.97093,90,0,221,,1,27.69717,26.81705,22.11589
1786071955,26.99741,83.07622,90,0,221,,1,27.69717,26.81705,22.01469
1786071956,26.96803,83.0396,90,0,221,,1,27.62944,26.78319,22.01469
1786071957,27.01076,83.10216,90,0,221,,1,27.66331,26.78319,22.11589
1786071957,26.96803,83.04875,90,0,221,,1,27.69717,26.78319,22.04836
1786071958,26.92798,83.01976,90,0,221,,1,27.66331,26.85092,22.08222
1786071959,26.94133,82.96025,90,0,221,,1,27.62944,26.78319,22.04836
1786071959,26.99741,83.00603,90,0,221,,1,27.66331,26.74932,22.04836
1786071960,26.8986,82.92516,90,0,221,,1,27.66331,26.81705,22.11589
1786071961,26.98405,82.91905,90,0,221,,1,27.66331,26.78319,22.18362
1786071961,27.05348,82.9572,90,0,221,,1,27.66331,26.81705,22.01469
1786071962,26.95468,82.89159,90,0,221,,1,27.66331,26.78319,22.01469
1786071963,26.94133,82.96025,90,0,222,,1,27.66331,26.81705,22.04836
1786071963,27.06684,82.97093,90,0,222,,1,27.62944,26.78319,22.11589
1786071964,26.91195,82.87938,90,0,221,,1,27.66331,26.74932,22.04836
1786071965,26.96803,82.95567,90,0,222,,1,27.69717,26.74932,22.04836
1786071965,26.95468,82.89159,90,0,221,,1,27.62944,26.74932,22.14976
1786071966,26.96803,82.86412,90,0,221,,1,27.66331,26.81705,22.04836
1786071967,26.98405,82.93889,90,0,221,,1,27.69717,26.78319,22.04836
1786071967,26.99741,82.93279,90,0,221,,1,27.62944,26.71565,22.08222
1786071968,26.92798,82.68711,90,0,221,,1,27.69717,26.78319,22.04836
1786071969,26.8986,82.8748,90,0,221,,1,27.66331,26.78319,22.11589
1786071969,26.96803,82.92516,90,0,221,,1,27.62944,26.85092,22.04836
1786071970,26.95468,83.01518,90,0,221,,1,27.62944,26.78319,22.04836
1786071971,26.85588,82.93736,90,0,221,,1,27.66331,26.78319,22.08222
1786071971,27.02411,83.04417,90,0,221,,1,27.62944,26.81705,22.04836
1786071972,26.92798,83.05791,90,0,221,,1,27.69717,26.74932,22.14976
1786071973,27.01076,83.0396,90,0,221,,1,27.66331,26.74932,22.14976
1786071973,26.99741,83.2227,90,0,222,,1,27.73104,26.78319,22.11589
1786071974,26.98405,83.18913,90,0,222,,1,27.66331,26.74932,22.11589
1786071975,26.92798,83.24559,90,0,222,,1,27.69717,26.74932,22.01469
1786071976,27.05348,83.2578,90,0,221,,1,27.69717,26.74932,22.08222
1786071976,26.98405,83.34478,90,0,221,,1,27.66331,26.74932,22.14976
1786071977,26.96803,83.41039,90,0,221,,1,27.73104,26.74932,22.08222
1786071978,26.99741,83.51415,90,0,221,,1,27.62944,26.74932,22.08222
1786071978,26.99741,83.32647,90,0,221,,1,27.69717,26.74932,22.08222
1786071979,27.01076,83.44244,90,0,221,,1,27.66331,26.74932,22.08222
1786071980,26.99741,83.39666,90,0,221,,1,27.66331,26.74932,22.14976
1786071980,26.95468,83.35546,90,0,221,,1,27.69717,26.74932,22.08222
1786071981,26.98405,83.25933,90,0,221,,1,27.69717,26.81705,22.11589
1786071982,27.04013,83.41039,90,0,221,,1,27.66331,26.81705,22.04836
1786071982,26.96803,83.4226,90,0,222,,1,27.66331,26.71565,21.98083
1786071983,26.94133,83.39208,90,0,222,,1,27.69717,26.78319,21.94696
1786071984,27.08286,83.41039,90,0,222,,1,27.66331,26.78319,22.14976
1786071984,26.98405,83.40429,90,0,221,,1,27.62944,26.78319,22.08222
1786071985,26.85588,83.45464,90,0,222,,1,27.69717,26.71565,22.04836
1786071986,27.08286,83.59808,90,0,221,,1,27.62944,26.74932,22.08222
1786071986,26.98405,83.65301,90,0,221,,1,27.69717,26.74932,22.11589
1786071987,27.01076,83.76593,90,0,221,,1,27.66331,26.74932,22.08222
1786071988,27.01076,83.74303,90,0,221,,1,27.73104,26.81705,22.04836
1786071988,27.08286,83.92767,90,0,221,,1,27.59557,26.74932,22.08222
1786071989,27.01076,83.99176,90,0,221,,1,27.69717,26.78319,22.04836
1786071990,26.94133,84.12909,90,0,221,,1,27.66331,26.81705,22.08222
1786071990,26.96803,84.10468,90,0,221,,1,27.69717,26.85092,22.08222
1786071991,27.01076,84.44801,90,0,221,,1,27.73104,26.74932,22.01469
1786071992,27.01076,84.33356,90,0,221,,1,27.62944,26.81705,21.98083
1786071992,26.88525,84.25727,90,0,222,,1,27.66331,26.85092,22.04836
1786071993,27.05348,84.28321,90,0,221,,1,27.62944,26.78319,22.11589
1786071994,26.95468,84.15198,90,0,222,,1,27.62944,26.78319,21.98083
1786071995,26.98405,84.12909,90,0,222,,1,27.69717,26.74932,22.11589
1786071995,26.98405,84.05585,90,0,221,,1,27.69717,26.78319,22.04836
1786071996,26.96803,84.04211,90,0,221,,1,27.69717,26.81705,22.14976
1786071997,27.01076,83.99176,90,0,221,,1,27.66331,26.78319,22.01469
1786071997,27.04013,83.84528,90,0,221,,1,27.69717,26.74932,22.04836
1786071998,26.96803,83.78424,90,0,221,,1,27.62944,26.81705,22.11589
1786071999,26.94133,83.7354,90,0,221,,1,27.66331,26.81705,22.11589
1786071999,26.94133,83.61181,90,0,221,,1,27.73104,26.71565,22.04836
1786072000,26.98405,83.57977,90,0,221,,1,27.66331,26.78319,22.08222
1786072001,27.02411,83.52026,90,0,221,,1,27.73104,26.74932,22.08222
1786072001,26.96803,83.55535,90,0,221,,1,27.69717,26.78319,22.08222
1786072002,26.95468,83.5935,90,0,221,,1,27.69717,26.78319,22.08222
1786072003,26.98405,83.77966,90,0,222,,1,27.69717,26.78319,22.04836
1786072003,27.01076,83.84833,90,0,222,,1,27.69717,26.74932,22.14976
1786072004,27.02411,83.65606,90,0,222,,1,27.66331,26.71565,22.04836
1786072005,26.95468,83.6347,90,0,222,,1,27.69717,26.81705,22.04836
1786072005,26.96803,83.64843,90,0,221,,1,27.66331,26.74932,22.04836
1786072006,26.98405,83.69421,90,0,221,,1,27.69717,26.74932,22.04836
1786072007,26.98405,83.63317,90,0,221,,1,27.66331,26.78319,22.08222
1786072007,27.01076,83.73388,90,0,221,,1,27.66331,26.85092,22.08222
1786072008,26.98405,83.71557,90,0,221,,1,27.69717,26.78319,22.08222
1786072009,26.95468,83.7583,90,0,221,,1,27.66331,26.78319,22.08222
1786072009,26.96803,83.74303,90,0,221,,1,27.69717,26.74932,22.08222
1786072010,26.98405,83.96429,90,0,221,,1,27.69717,26.81705,22.04836
1786072011,27.05348,83.9826,90,0,221,,1,27.69717,26.74932,22.01469
1786072011,26.94133,83.98566,90,0,221,,1,27.66331,26.74932,22.11589
1786072012,26.92798,83.90784,90,0,222,,1,27.69717,26.71565,22.08222
1786072013,26.95468,84.11078,90,0,221,,1,27.69717,26.78319,22.11589
1786072014,26.94133,84.08789,90,0,222,,1,27.62944,26.74932,22.08222
1786072014,26.95468,84.20538,90,0,222,,1,27.69717,26.71565,22.08222
1786072015,27.08286,84.16876,90,0,222,,1,27.69717,26.85092,22.08222
1786072016,26.94133,84.15961,90,0,221,,1,27.66331,26.78319,22.08222
1786072016,26.96803,84.08331,90,0,221,,1,27.66331,26.68159,22.08222
1786072017,26.98405,84.1001,90,0,221,,1,27.66331,26.71565,22.11589
1786072018,26.95468,83.98718,90,0,221,,1,27.69717,26.78319,22.08222
1786072018,26.95468,83.90479,90,0,221,,1,27.69717,26.81705,22.04836
1786072019,26.98405,83.78882,90,0,221,,1,27.69717,26.74932,22.01469
1786072020,26.95468,83.68505,90,0,221,,1,27.69717,26.74932,22.11589
1786072020,26.84253,83.65606,90,0,221,,1,27.69717,26.74932,22.11589
1786072021,26.91195,83.61486,90,0,221,,1,27.69717,26.78319,22.08222
1786072022,26.94133,83.45617,90,0,221,,1,27.69717,26.85092,22.14976
1786072022,26.98405,83.37377,90,0,222,,1,27.66331,26.74932,22.11589
1786072023,26.99741,83.37835,90,0,221,,1,27.73104,26.78319,22.11589
1786072024,26.95468,83.4287,90,0,222,,1,27.62944,26.85092,22.11589
1786072024,26.96803,83.299,90,0,221,,1,27.69717,26.71565,22.14976
1786072025,26.94133,83.34173,90,0,222,,1,27.66331,26.85092,22.04836
1786072026,27.01076,83.3402,90,0,221,,1,27.73104,26.71565,22.08222
1786072026,26.95468,83.33562,90,0,221,,1,27.66331,26.78319,22.08222
1786072027,26.98405,83.42718,90,0,221,,1,27.69717,26.74932,22.08222
1786072028,27.01076,83.33105,90,0,221,,1,27.66331,26.74932,22.11589
1786072028,26.92798,83.26696,90,0,221,,1,27.69717,26.78319,22.04836
1786072029,26.88525,83.30511,90,0,221,,1,27.66331,26.81705,22.11589
1786072030,26.88525,83.29595,90,0,221,,1,27.66331,26.81705,22.08222
1786072030,26.96803,83.26696,90,0,221,,1,27.69717,26.78319,22.04836
1786072031,26.91195,83.31426,90,0,221,,1,27.66331,26.74932,22.04836
1786072032,26.88525,83.29595,90,0,221,,1,27.62944,26.74932,22.11589
1786072033,26.8986,83.36004,90,0,222,,1,27.66331,26.85092,22.01469
1786072033,27.01076,83.37225,90,0,221,,1,27.66331,26.74932,22.01469
1786072034,26.96803,83.505,90,0,222,,1,27.73104,26.85092,22.08222
1786072035,26.94133,83.45617,90,0,222,,1,27.69717,26.78319,22.11589
1786072035,26.94133,83.39208,90,0,222,,1,27.66331,26.81705,22.04836
1786072036,26.95468,83.45007,90,0,221,,1,27.66331,26.78319,22.01469
1786072037,26.94133,83.57977,90,0,221,,1,27.66331,26.71565,22.04836
1786072037,26.84253,83.4699,90,0,221,,1,27.69717,26.81705,22.04836
1786072038,26.95468,83.45922,90,0,221,,1,27.69717,26.78319,22.04836
1786072039,26.98405,83.34478,90,0,221,,1,27.66331,26.74932,22.04836
1786072039,27.01076,83.35088,90,0,221,,1,27.66331,26.78319,22.01469
1786072040,26.98405,83.32342,90,0,221,,1,27.73104,26.81705,22.08222
1786072041,27.05348,83.40429,90,0,221,,1,27.66331,26.74932,22.11589
1786072041,26.99741,83.30511,90,0,221,,1,27.66331,26.85092,22.11589
1786072042,26.96803,83.34936,90,0,222,,1,27.66331,26.85092,22.04836
1786072043,26.92798,83.26696,90,0,221,,1,27.69717,26.68159,22.11589
1786072043,27.04013,83.15251,90,0,222,,1,27.66331,26.81705,22.01469
1786072044,27.02411,83.20897,90,0,222,,1,27.69717,26.78319,21.98083
1786072045,26.92798,83.2227,90,0,222,,1,27.62944,26.71565,22.11589
1786072045,27.01076,83.33105,90,0,221,,1,27.69717,26.78319,22.08222
1786072046,27.01076,83.2578,90,0,221,,1,27.69717,26.74932,22.11589
1786072047,26.95468,83.12962,90,0,221,,1,27.69717,26.78319,22.11589
1786072047,27.01076,83.22728,90,0,221,,1,27.66331,26.81705,22.01469
1786072048,26.91195,83.10674,90,0,221,,1,27.69717,26.71565,22.04836
1786072049,26.8986,83.0808,90,0,221,,1,27.69717,26.74932,22.11589
1786072049,26.99741,83.20287,90,0,221,,1,27.69717,26.74932,22.04836
1786072050,26.98405,83.01213,90,0,221,,1,27.66331,26.74932,22.04836
1786072051,26.99741,83.04723,90,0,221,,1,27.66331,26.85092,22.08222
1786072052,26.91195,82.8687,90,0,221,,1,27.66331,26.74932,22.14976
1786072052,27.01076,82.93736,90,0,222,,1,27.73104,26.78319,22.04836
1786072053,26.98405,82.9511,90,0,221,,1,27.69717,26.71565,22.04836
1786072054,26.94133,82.87785,90,0,221,,1,27.69717,26.71565,22.08222
1786072054,27.01076,82.93736,90,0,222,,1,27.73104,26.78319,22.04836
1786072055,26.91195,82.94194,90,0,221,,1,27.62944,26.74932,22.08222
1786072056,26.98405,82.81529,90,0,221,,1,27.66331,26.81705,22.04836
1786072056,26.96803,82.83208,90,0,221,,1,27.66331,26.78319,22.08222
1786072057,26.94133,82.86565,90,0,221,,1,27.66331,26.71565,22.08222
1786072058,27.06684,82.75578,90,0,221,,1,27.69717,26.74932,22.08222
1786072058,27.01076,82.69932,90,0,221,,1,27.69717,26.81705,22.08222
1786072059,26.91195,82.69169,90,0,221,,1,27.69717,26.71565,22.08222
1786072060,26.95468,82.81834,90,0,221,,1,27.69717,26.81705,22.04836
1786072060,26.98405,82.69169,90,0,221,,1,27.66331,26.78319,22.11589
1786072061,26.99741,82.64133,90,0,221,,1,27.66331,26.81705,22.01469
1786072062,27.04013,82.71763,90,0,221,,1,27.66331,26.81705,22.08222
1786072062,26.92798,82.65507,90,0,222,,1,27.69717,26.78319,22.08222
1786072063,26.8986,82.64591,90,0,222,,1,27.66331,26.74932,22.04836
1786072064,26.91195,82.59861,90,0,222,,1,27.69717,26.78319,22.11589
1786072064,26.99741,82.54978,90,0,222,,1,27.66331,26.71565,22.11589
1786072065,26.92798,82.55283,90,0,222,,1,27.69717,26.78319,22.04836
1786072066,26.95468,82.5803,90,0,221,,1,27.66331,26.74932,22.08222
1786072066,26.92798,82.54063,90,0,221,,1,27.66331,26.81705,22.11589
1786072067,26.91195,82.5803,90,0,221,,1,27.66331,26.74932,21.98083
1786072068,27.04013,82.50858,90,0,221,,1,27.69717,26.74932,22.11589
1786072068,26.92798,82.60319,90,0,221,,1,27.69717,26.85092,22.08222
1786072069,26.95468,82.48569,90,0,221,,1,27.73104,26.81705,22.08222
1786072070,26.96803,82.52079,90,0,221,,1,27.73104,26.81705,22.11589
1786072071,27.05348,82.61692,90,0,221,,1,27.62944,26.71565,22.08222
1786072071,26.88525,82.54978,90,0,221,,1,27.66331,26.74932,21.94696
1786072072,26.95468,82.52689,90,0,221,,1,27.66331,26.81705,22.04836
1786072073,26.91195,82.63065,90,0,222,,1,27.66331,26.78319,22.14976
1786072073,26.91195,82.49485,90,0,222,,1,27.69717,26.74932,22.01469
1786072074,27.01076,82.63523,90,0,222,,1,27.66331,26.74932,22.08222
1786072075,26.96803,82.43839,90,0,222,,1,27.73104,26.78319,22.08222
1786072075,27.02411,82.46281,90,0,221,,1,27.66331,26.85092,22.08222
1786072076,26.92798,82.33311,90,0,221,,1,27.66331,26.85092,22.11589
1786072077,26.98405,82.40177,90,0,221,,1,27.62944,26.78319,22.01469
1786072077,27.01076,82.39719,90,0,221,,1,27.62944,26.74932,22.04836
1786072078,26.92798,82.32395,90,0,221,,1,27.66331,26.78319,22.11589
1786072079,26.98405,82.24612,90,0,221,,1,27.69717,26.78319,22.08222
1786072079,26.94133,82.33768,90,0,221,,1,27.69717,26.78319,22.11589
1786072080,26.94133,82.27512,90,0,221,,1,27.66331,26.74932,22.08222
1786072081,26.98405,82.25529,90,0,221,,1,27.73104,26.74932,22.11589
1786072081,26.99741,82.21866,90,0,221,,1,27.66331,26.78319,22.08222
1786072082,27.02411,82.11032,90,0,222,,1,27.66331,26.78319,22.08222
1786072083,26.94133,82.16983,90,0,221,,1,27.66331,26.74932,21.98083
1786072083,26.94133,82.0676,90,0,221,,1,27.73104,26.68159,22.08222
1786072084,26.96803,82.1561,90,0,221,,1,27.62944,26.74932,22.14976
1786072085,26.98405,82.05844,90,0,222,,1,27.69717,26.78319,22.08222
1786072085,26.94133,82.00504,90,0,221,,1,27.62944,26.71565,22.11589
1786072086,26.94133,82.04623,90,0,221,,1,27.69717,26.71565,22.14976
1786072087,26.91195,81.94553,90,0,221,,1,27.66331,26.85092,22.08222
1786072087,26.96803,81.90891,90,0,221,,1,27.66331,26.81705,22.11589
1786072088,26.99741,81.98978,90,0,221,,1,27.66331,26.78319,22.08222
1786072089,27.01076,82.02335,90,0,221,,1,27.66331,26.81705,22.11589
1786072090,26.86923,81.84024,90,0,221,,1,27.69717,26.74932,22.14976
1786072090,26.94133,82.14999,90,0,221,,1,27.66331,26.78319,22.04836
1786072091,27.01076,81.85703,90,0,221,,1,27.66331,26.74932,22.08222
1786072092,26.99741,81.91653,90,0,221,,1,27.62944,26.71565,22.01469
1786072092,26.95468,81.83109,90,0,222,,1,27.66331,26.81705,22.04836
1786072093,26.99741,81.84329,90,0,222,,1,27.66331,26.88478,22.04836
1786072094,26.95468,81.84329,90,0,222,,1,27.69717,26.74932,22.08222
1786072094,26.95468,81.86313,90,0,221,,1,27.66331,26.85092,22.01469
1786072095,26.94133,81.78836,90,0,222,,1,27.66331,26.71565,22.01469
1786072096,27.04013,81.81277,90,0,221,,1,27.69717,26.71565,22.01469
1786072096,27.04013,81.98062,90,0,221,,1,27.66331,26.78319,22.04836
1786072097,26.96803,81.78531,90,0,221,,1,27.66331,26.78319,22.08222
1786072098,26.95468,81.86313,90,0,221,,1,27.69717,26.74932,22.01469
1786072098,26.94133,81.8494,90,0,221,,1,27.73104,26.78319,22.08222
1786072099,26.94133,81.8082,90,0,222,,1,27.69717,26.78319,22.04836
1786072100,26.94133,81.78836,90,0,221,,1,27.69717,26.81705,22.01469
1786072100,26.91195,81.87228,90,0,221,,1,27.73104,26.71565,22.11589
1786072101,26.96803,81.94095,90,0,221,,1,27.69717,26.74932,22.08222
1786072102,27.01076,81.92111,90,0,221,,1,27.69717,26.78319,22.08222
1786072102,26.88525,81.85397,90,0,222,,1,27.69717,26.78319,22.08222
1786072103,26.98405,82.05844,90,0,222,,1,27.69717,26.74932,22.11589
1786072104,26.99741,82.10422,90,0,222,,1,27.66331,26.78319,22.11589
1786072104,26.94133,82.16068,90,0,222,,1,27.69717,26.74932,22.01469
1786072105,26.99741,82.10422,90,0,221,,1,27.66331,26.78319,22.08222
1786072106,26.94133,82.23392,90,0,221,,1,27.66331,26.78319,22.04836
1786072106,26.91195,82.21561,90,0,221,,1,27.73104,26.74932,22.01469
1786072107,26.82918,82.29649,90,0,221,,1,27.66331,26.74932,22.04836
1786072108,26.99741,82.4155,90,0,221,,1,27.66331,26.74932,22.08222
1786072109,27.04013,82.48875,90,0,221,,1,27.62944,26.81705,21.94696
1786072109,26.96803,82.59403,90,0,221,,1,27.66331,26.71565,22.08222
1786072110,26.96803,82.75883,90,0,221,,1,27.69717,26.71565,22.04836
1786072111,27.02411,82.85649,90,0,221,,1,27.73104,26.71565,22.01469
1786072111,26.95468,82.94194,90,0,221,,1,27.69717,26.81705,22.08222
1786072112,26.96803,82.96635,90,0,221,,1,27.73104,26.68159,22.01469
1786072113,26.94133,83.10368,90,0,222,,1,27.66331,26.74932,22.04836
1786072113,26.96803,83.15251,90,0,221,,1,27.73104,26.78319,21.98083
1786072114,26.98405,83.34478,90,0,222,,1,27.66331,26.78319,22.08222
1786072115,26.92798,83.41955,90,0,221,,1,27.59557,26.78319,22.04836
1786072115,26.92798,83.43176,90,0,221,,1,27.69717,26.78319,22.08222
1786072116,26.8986,83.52789,90,0,221,,1,27.69717,26.74932,22.11589
1786072117,27.04013,83.55535,90,0,221,,1,27.69717,26.78319,22.04836
1786072117,26.99741,83.69878,90,0,221,,1,27.73104,26.78319,22.04836
1786072118,26.94133,83.83002,90,0,221,,1,27.66331,26.78319,22.08222
1786072119,27.04013,83.85748,90,0,221,,1,27.66331,26.71565,22.01469
1786072119,26.98405,83.85901,90,0,221,,1,27.66331,26.85092,22.14976
1786072120,26.94133,83.86816,90,0,221,,1,27.69717,26.78319,22.08222
1786072121,26.95468,83.98718,90,0,221,,1,27.66331,26.81705,22.01469
1786072121,26.96803,83.92767,90,0,221,,1,27.66331,26.78319,22.08222
1786072122,26.95468,83.97803,90,0,221,,1,27.66331,26.74932,22.08222
1786072123,26.95468,83.87274,90,0,222,,1,27.69717,26.78319,22.11589
1786072124,27.04013,83.95972,90,0,221,,1,27.73104,26.74932,22.11589
1786072124,27.17899,84.07874,90,0,222,,1,27.66331,26.74932,22.04836
1786072125,26.96803,83.90784,90,0,222,,1,27.73104,26.78319,22.08222
1786072126,26.95468,83.85291,90,0,221,,1,27.66331,26.78319,22.14976
1786072126,27.02411,83.94446,90,0,221,,1,27.66331,26.78319,22.04836
1786072127,26.91195,84.02686,90,0,221,,1,27.66331,26.78319,22.14976
1786072128,26.92798,83.86664,90,0,221,,1,27.66331,26.71565,22.04836
1786072128,26.99741,83.96887,90,0,221,,1,27.66331,26.81705,22.11589
1786072129,26.95468,83.83154,90,0,221,,1,27.69717,26.74932,22.08222
1786072130,27.02411,83.95514,90,0,221,,1,27.66331,26.71565,22.04836
1786072130,27.05348,83.85901,90,0,221,,1,27.66331,26.78319,22.08222
1786072131,26.95468,83.83154,90,0,221,,1,27.66331,26.78319,22.08222
1786072132,26.92798,83.78424,90,0,221,,1,27.62944,26.85092,22.04836
1786072132,26.98405,83.85901,90,0,222,,1,27.69717,26.74932,22.11589
1786072133,26.95468,83.66674,90,0,222,,1,27.69717,26.71565,22.08222
1786072134,26.88525,83.67895,90,0,222,,1,27.62944,26.74932,21.98083
1786072134,26.99741,83.72015,90,0,222,,1,27.66331,26.74932,22.11589
1786072135,26.8986,83.55688,90,0,222,,1,27.62944,26.78319,22.11589
1786072136,26.92798,83.59655,90,0,221,,1,27.66331,26.78319,22.11589
1786072136,26.91195,83.5935,90,0,221,,1,27.66331,26.71565,22.01469
1786072137,26.98405,83.55993,90,0,221,,1,27.66331,26.78319,22.04836
1786072138,27.01076,83.61028,90,0,221,,1,27.73104,26.74932,22.08222
1786072138,26.98405,83.55077,90,0,221,,1,27.66331,26.74932,22.08222
1786072139,26.92798,83.62859,90,0,221,,1,27.69717,26.78319,22.14976
1786072140,26.94133,83.39208,90,0,221,,1,27.62944,26.78319,22.14976
1786072140,26.94133,83.41344,90,0,221,,1,27.66331,26.74932,22.04836
1786072141,26.95468,83.45922,90,0,221,,1,27.66331,26.78319,22.04836
1786072142,26.91195,83.38598,90,0,221,,1,27.66331,26.71565,22.11589
1786072143,26.8986,83.34173,90,0,222,,1,27.66331,26.78319,22.08222
1786072143,26.96803,83.328,90,0,222,,1,27.66331,26.78319,22.04836
1786072144,26.91195,83.38598,90,0,222,,1,27.69717,26.78319,22.08222
1786072145,26.92798,83.30816,90,0,222,,1,27.66331,26.78319,22.08222
1786072145,26.98405,83.10368,90,0,221,,1,27.66331,26.71565,22.01469
1786072146,26.95468,83.25323,90,0,221,,1,27.66331,26.78319,22.08222
1786072147,26.95468,83.17082,90,0,221,,1,27.69717,26.78319,21.94696
1786072147,26.99741,82.99382,90,0,221,,1,27.69717,26.74932,22.04836
1786072148,26.98405,83.09453,90,0,221,,1,27.69717,26.78319,22.01469
1786072149,26.95468,82.98314,90,0,221,,1,27.69717,26.78319,22.11589
1786072149,27.01076,83.03044,90,0,221,,1,27.69717,26.71565,22.01469
1786072150,26.99741,83.08842,90,0,221,,1,27.66331,26.78319,22.04836
1786072151,26.99741,83.23186,90,0,221,,1,27.73104,26.74932,22.04836
1786072151,26.98405,83.30053,90,0,221,,1,27.69717,26.74932,22.01469
1786072152,26.95468,83.21202,90,0,221,,1,27.69717,26.74932,22.14976
1786072153,26.98405,83.18913,90,0,222,,1,27.66331,26.81705,22.08222
1786072153,27.01076,83.299,90,0,221,,1,27.69717,26.81705,22.08222
1786072154,26.92798,83.2868,90,0,222,,1,27.62944,26.81705,22.08222
1786072155,26.94133,83.31274,90,0,222,,1,27.66331,26.68159,22.04836
1786072155,27.04013,83.328,90,0,221,,1,27.66331,26.85092,22.04836
1786072156,26.8986,83.19829,90,0,222,,1,27.69717,26.85092,22.01469
1786072157,26.94133,83.12505,90,0,221,,1,27.66331,26.74932,22.04836
1786072157,26.94133,82.96025,90,0,222,,1,27.66331,26.78319,22.14976
1786072158,26.88525,82.98466,90,0,221,,1,27.69717,26.74932,22.11589
1786072159,27.06684,83.14793,90,0,221,,1,27.69717,26.74932,22.04836
1786072159,27.01076,83.11284,90,0,221,,1,27.66331,26.78319,22.01469
1786072160,26.86923,83.06248,90,0,221,,1,27.66331,26.74932,22.11589
1786072161,27.02411,83.03349,90,0,221,,1,27.66331,26.78319,22.11589
1786072161,27.04013,82.92516,90,0,221,,1,27.66331,26.81705,22.04836
1786072162,26.96803,83.02892,90,0,221,,1,27.66331,26.81705,22.08222
1786072163,27.06684,82.90074,90,0,222,,1,27.66331,26.74932,22.11589
1786072164,26.98405,83.09453,90,0,221,,1,27.69717,26.81705,22.14976
1786072164,26.88525,83.06706,90,0,222,,1,27.66331,26.74932,22.01469
1786072165,26.96803,83.2166,90,0,222,,1,27.69717,26.74932,22.14976
1786072166,26.94133,83.31274,90,0,221,,1,27.66331,26.74932,22.04836
1786072166,26.94133,83.20897,90,0,221,,1,27.66331,26.74932,22.11589
1786072167,26.86923,83.17693,90,0,221,,1,27.69717,26.81705,22.11589
1786072168,27.01076,83.24559,90,0,221,,1,27.66331,26.78319,22.11589
1786072168,26.98405,83.10368,90,0,221,,1,27.73104,26.81705,22.01469
1786072169,26.91195,82.94194,90,0,221,,1,27.69717,26.85092,22.01469
1786072170,26.91195,82.96178,90,0,221,,1,27.66331,26.81705,22.04836
1786072170,26.98405,82.97093,90,0,221,,1,27.59557,26.74932,22.08222
1786072171,26.96803,82.79088,90,0,221,,1,27.69717,26.74932,22.08222
1786072172,26.88525,82.69627,90,0,221,,1,27.69717,26.85092,22.04836
1786072172,27.01076,82.65507,90,0,222,,1,27.66331,26.81705,22.11589
1786072173,27.02411,82.71305,90,0,221,,1,27.62944,26.78319,22.08222
1786072174,26.98405,82.65965,90,0,222,,1,27.62944,26.81705,22.04836
1786072174,26.96803,82.70847,90,0,222,,1,27.73104,26.78319,22.08222
1786072175,26.91195,82.8687,90,0,222,,1,27.66331,26.71565,22.04836
1786072176,26.94133,82.94804,90,0,221,,1,27.69717,26.85092,22.04836
1786072176,26.8986,82.93736,90,0,221,,1,27.59557,26.71565,22.11589
1786072177,26.98405,83.01213,90,0,221,,1,27.73104,26.71565,22.11589
1786072178,26.96803,83.13115,90,0,221,,1,27.69717,26.81705,22.08222
1786072178,26.96803,82.9984,90,0,221,,1,27.62944,26.78319,22.01469
1786072179,26.99741,82.99382,90,0,221,,1,27.66331,26.78319,22.01469
1786072180,26.95468,82.92973,90,0,221,,1,27.69717,26.81705,22.08222
1786072180,26.98405,82.91905,90,0,221,,1,27.66331,26.78319,22.08222
1786072181,26.94133,82.96025,90,0,221,,1,27.66331,26.74932,22.01469
1786072182,26.92798,82.91447,90,0,221,,1,27.66331,26.81705,22.08222
1786072183,26.96803,83.06096,90,0,222,,1,27.62944,26.85092,22.08222
1786072183,26.91195,83.07469,90,0,222,,1,27.69717,26.81705,22.04836
1786072184,26.92798,83.15251,90,0,222,,1,27.66331,26.81705,22.01469
1786072185,26.92798,83.36004,90,0,222,,1,27.66331,26.78319,22.04836
1786072185,26.91195,83.41802,90,0,221,,1,27.62944,26.81705,22.04836
1786072186,27.04013,83.70184,90,0,221,,1,27.69717,26.78319,22.01469
1786072187,26.91195,83.65606,90,0,221,,1,27.73104,26.78319,22.04836
1786072187,26.92798,84.01007,90,0,221,,1,27.69717,26.88478,22.08222
1786072188,27.05348,84.17944,90,0,221,,1,27.69717,26.71565,22.01469
1786072189,26.92798,84.3946,90,0,221,,1,27.66331,26.74932,21.98083
1786072189,26.99741,84.44495,90,0,221,,1,27.66331,26.74932,22.04836
1786072190,27.02411,84.53498,90,0,221,,1,27.66331,26.74932,22.11589
1786072191,26.98405,84.60517,90,0,221,,1,27.69717,26.74932,22.08222
1786072191,26.91195,84.53498,90,0,221,,1,27.66331,26.78319,22.08222
1786072192,26.94133,84.62348,90,0,222,,1,27.69717,26.74932,22.08222
1786072193,26.8986,84.58228,90,0,222,,1,27.73104,26.78319,22.11589
1786072193,26.8986,84.58228,90,0,222,,1,27.69717,26.91865,22.04836
1786072194,27.01076,84.67384,90,0,221,,1,27.73104,26.78319,22.04836
1786072195,26.94133,84.52125,90,0,222,,1,27.62944,26.85092,22.04836
1786072195,26.98405,84.83253,90,0,221,,1,27.66331,26.64792,22.04836
1786072196,26.96803,84.49836,90,0,221,,1,27.69717,26.74932,22.08222
1786072197,26.95468,84.6601,90,0,221,,1,27.66331,26.74932,22.01469
1786072197,26.94133,84.67689,90,0,221,,1,27.66331,26.88478,22.08222
1786072198,27.01076,84.85085,90,0,221,,1,27.69717,26.71565,22.04836
1786072199,27.01076,84.88289,90,0,221,,1,27.73104,26.81705,22.01469
1786072199,27.04013,84.9012,90,0,221,,1,27.69717,26.74932,22.04836
1786072200,26.96803,84.93324,90,0,221,,1,27.66331,26.71565,22.08222
1786072201,26.92798,84.99428,90,0,221,,1,27.69717,26.81705,22.08222
1786072202,26.95468,84.98055,90,0,221,,1,27.66331,26.74932,22.08222
1786072202,26.85588,84.8188,90,0,222,,1,27.69717,26.88478,22.04836
1786072203,26.95468,84.85695,90,0,222,,1,27.69717,26.85092,22.04836
1786072204,26.88525,84.78371,90,0,222,,1,27.73104,26.78319,22.01469
1786072204,26.84253,84.73335,90,0,222,,1,27.69717,26.64792,22.08222
1786072205,26.92798,84.80659,90,0,222,,1,27.69717,26.78319,22.04836
1786072206,27.02411,84.73182,90,0,221,,1,27.62944,26.78319,22.04836
1786072206,26.91195,84.64637,90,0,221,,1,27.69717,26.81705,22.01469
1786072207,26.99741,84.67231,90,0,221,,1,27.66331,26.74932,22.04836
1786072208,26.95468,84.57771,90,0,221,,1,27.66331,26.74932,22.08222
1786072208,26.96803,84.63111,90,0,221,,1,27.66331,26.81705,22.01469
1786072209,26.99741,84.54871,90,0,221,,1,27.66331,26.81705,22.04836
1786072210,26.94133,84.40833,90,0,221,,1,27.66331,26.71565,22.14976
1786072210,26.95468,84.38087,90,0,221,,1,27.69717,26.74932,21.98083
1786072211,26.95468,84.28779,90,0,221,,1,27.66331,26.85092,22.11589
1786072212,26.91195,84.29389,90,0,221,,1,27.66331,26.81705,22.04836
1786072212,26.92798,84.21912,90,0,222,,1,27.62944,26.81705,22.04836
1786072213,26.91195,84.29389,90,0,222,,1,27.69717,26.78319,22.04836
1786072214,26.98405,84.21149,90,0,221,,1,27.73104,26.74932,22.14976
1786072214,27.01076,84.242,90,0,221,,1,27.69717,26.78319,22.11589
1786072215,26.92798,84.05127,90,0,222,,1,27.62944,26.85092,22.04836
1786072216,26.96803,84.10468,90,0,221,,1,27.66331,26.85092,22.08222
1786072216,26.96803,84.01007,90,0,221,,1,27.69717,26.78319,22.01469
1786072217,26.88525,84.04059,90,0,221,,1,27.73104,26.74932,22.08222
1786072218,26.92798,83.93988,90,0,221,,1,27.69717,26.74932,22.08222
1786072218,26.91195,83.86206,90,0,221,,1,27.69717,26.71565,22.08222
1786072219,26.91195,83.86206,90,0,221,,1,27.69717,26.74932,22.11589
1786072220,27.01076,83.88953,90,0,221,,1,27.73104,26.78319,22.04836
1786072221,26.95468,83.68505,90,0,221,,1,27.69717,26.78319,22.11589
1786072221,26.98405,83.7995,90,0,221,,1,27.66331,26.81705,22.04836
1786072222,26.98405,83.62402,90,0,221,,1,27.66331,26.74932,22.08222
1786072223,26.98405,83.43633,90,0,222,,1,27.66331,26.85092,22.11589
1786072223,26.95468,83.48211,90,0,222,,1,27.69717,26.78319,22.08222
1786072224,26.96803,83.34936,90,0,221,,1,27.69717,26.74932,22.04836
1786072225,26.8986,83.3814,90,0,222,,1,27.69717,26.81705,22.11589
1786072225,26.99741,83.52331,90,0,221,,1,27.69717,26.78319,22.08222
1786072226,26.96803,83.34936,90,0,221,,1,27.73104,26.78319,22.11589
1786072227,26.99741,83.40887,90,0,221,,1,27.69717,26.78319,22.11589
1786072227,26.94133,83.45617,90,0,221,,1,27.73104,26.81705,22.14976
1786072228,26.98405,83.48821,90,0,221,,1,27.66331,26.78319,22.04836
1786072229,26.99741,83.41955,90,0,221,,1,27.62944,26.78319,22.04836
1786072229,26.98405,83.60265,90,0,221,,1,27.73104,26.71565,22.11589
1786072230,26.94133,83.45617,90,0,221,,1,27.66331,26.74932,22.08222
1786072231,26.91195,83.6347,90,0,221,,1,27.66331,26.81705,22.04836
1786072231,27.02411,83.63317,90,0,221,,1,27.66331,26.78319,22.11589
1786072232,27.02411,83.7583,90,0,221,,1,27.66331,26.78319,22.08222
1786072233,26.94133,83.84833,90,0,221,,1,27.66331,26.85092,22.08222
1786072233,26.92798,83.79492,90,0,222,,1,27.66331,26.81705,22.04836
1786072234,27.01076,84.02228,90,0,222,,1,27.66331,26.68159,22.08222
1786072235,27.01076,83.94141,90,0,222,,1,27.66331,26.78319,22.11589
1786072235,26.92798,83.69878,90,0,221,,1,27.62944,26.85092,22.08222
1786072236,26.96803,83.71099,90,0,221,,1,27.66331,26.81705,22.04836
1786072237,26.94133,83.55993,90,0,221,,1,27.66331,26.74932,22.04836
1786072237,27.01076,83.55688,90,0,221,,1,27.73104,26.81705,22.08222
1786072238,26.99741,83.39666,90,0,221,,1,27.66331,26.78319,22.11589
1786072239,26.8986,83.41344,90,0,221,,1,27.66331,26.71565,22.04836
1786072240,26.91195,83.19066,90,0,221,,1,27.69717,26.81705,21.98083
1786072240,26.91195,83.19066,90,0,221,,1,27.66331,26.81705,22.08222
1786072241,26.84253,83.02586,90,0,221,,1,27.62944,26.78319,22.04836
1786072242,26.91195,82.94194,90,0,221,,1,27.69717,26.78319,22.08222
1786072242,26.96803,82.80003,90,0,222,,1,27.69717,26.81705,22.04836
1786072243,26.98405,82.89769,90,0,222,,1,27.62944,26.81705,22.01469
1786072244,27.02411,82.74509,90,0,222,,1,27.69717,26.74932,22.08222
1786072244,26.88525,82.74662,90,0,222,,1,27.69717,26.78319,22.08222
1786072245,26.84253,82.78783,90,0,222,,1,27.69717,26.81705,22.08222
1786072246,26.94133,83.00145,90,0,221,,1,27.69717,26.81705,22.08222
1786072246,26.91195,82.77409,90,0,221,,1,27.69717,26.81705,22.08222
1786072247,27.01076,82.8336,90,0,221,,1,27.73104,26.78319,22.08222
1786072248,26.88525,82.77867,90,0,221,,1,27.66331,26.81705,22.01469
1786072248,26.99741,83.03807,90,0,221,,1,27.69717,26.74932,22.11589
1786072249,26.92798,82.97551,90,0,221,,1,27.66331,26.74932,22.01469
1786072250,26.95468,83.00603,90,0,221,,1,27.66331,26.81705,22.11589
1786072250,27.01076,83.03044,90,0,221,,1,27.66331,26.71565,21.98083
1786072251,26.99741,83.10826,90,0,221,,1,27.62944,26.81705,22.08222
1786072252,27.04013,83.19371,90,0,221,,1,27.66331,26.74932,22.04836
1786072252,26.86923,83.23949,90,0,222,,1,27.69717,26.85092,22.11589
1786072253,26.8986,83.39208,90,0,222,,1,27.66331,26.81705,22.01469
1786072254,26.95468,83.35546,90,0,221,,1,27.62944,26.74932,22.04836
1786072254,26.95468,83.40887,90,0,222,,1,27.66331,26.78319,22.11589
1786072255,26.94133,83.44549,90,0,221,,1,27.62944,26.78319,22.04836
1786072256,26.92798,83.43176,90,0,221,,1,27.66331,26.78319,22.01469
1786072256,26.99741,83.44091,90,0,221,,1,27.66331,26.81705,22.01469
1786072257,26.96803,83.40124,90,0,221,,1,27.66331,26.85092,22.11589
1786072258,26.94133,83.46532,90,0,221,,1,27.66331,26.74932,22.08222
1786072259,26.98405,83.50042,90,0,221,,1,27.66331,26.74932,22.04836
1786072259,26.91195,83.46838,90,0,221,,1,27.69717,26.71565,22.08222
1786072260,26.98405,83.39513,90,0,221,,1,27.73104,26.81705,22.04836
1786072261,26.96803,83.39056,90,0,221,,1,27.66331,26.68159,22.08222
1786072261,26.99741,83.20287,90,0,221,,1,27.62944,26.78319,22.08222
1786072262,26.96803,83.37225,90,0,221,,1,27.69717,26.78319,22.08222
1786072263,27.02411,83.29137,90,0,222,,1,27.66331,26.85092,22.11589
1786072263,26.88525,83.19371,90,0,221,,1,27.66331,26.81705,22.08222
1786072264,26.98405,83.25933,90,0,222,,1,27.66331,26.68159,21.98083
1786072265,26.96803,83.15251,90,0,222,,1,27.66331,26.78319,22.11589
1786072265,26.86923,83.13573,90,0,221,,1,27.69717,26.74932,22.01469
1786072266,26.91195,83.11742,90,0,221,,1,27.66331,26.78319,22.11589
1786072267,26.92798,83.05791,90,0,221,,1,27.69717,26.78319,22.08222
1786072267,26.84253,83.05638,90,0,221,,1,27.66331,26.71565,22.04836
1786072268,26.99741,82.91447,90,0,221,,1,27.66331,26.78319,22.18362
1786072269,26.92798,82.92363,90,0,221,,1,27.73104,26.81705,22.08222
1786072269,26.95468,82.85954,90,0,221,,1,27.69717,26.78319,22.01469
1786072270,26.94133,82.87785,90,0,221,,1,27.66331,26.74932,21.98083
1786072271,26.91195,82.68253,90,0,221,,1,27.66331,26.81705,22.01469
1786072271,26.95468,82.92058,90,0,221,,1,27.66331,26.74932,22.11589
1786072272,26.94133,82.61692,90,0,221,,1,27.62944,26.71565,22.08222
1786072273,26.96803,82.77867,90,0,221,,1,27.73104,26.71565,22.11589
1786072273,26.94133,82.82445,90,0,222,,1,27.69717,26.81705,22.04836
1786072274,26.98405,82.65965,90,0,222,,1,27.69717,26.71565,22.04836
1786072275,26.95468,82.65049,90,0,222,,1,27.66331,26.78319,22.04836
1786072275,26.95468,82.69474,90,0,221,,1,27.73104,26.78319,22.11589
1786072276,26.99741,82.60319,90,0,221,,1,27.62944,26.85092,22.04836
1786072277,26.96803,82.63523,90,0,221,,1,27.69717,26.78319,22.04836
1786072278,27.01076,82.66727,90,0,221,,1,27.73104,26.78319,22.04836
1786072278,26.88525,82.59098,90,0,221,,1,27.69717,26.74932,22.11589
1786072279,27.02411,82.55741,90,0,221,,1,27.66331,26.74932,22.08222
1786072280,26.92798,82.58488,90,0,221,,1,27.69717,26.81705,22.04836
1786072280,26.94133,82.56657,90,0,221,,1,27.66331,26.81705,22.11589
1786072281,26.99741,82.5391,90,0,221,,1,27.73104,26.71565,22.01469
1786072282,26.99741,82.44755,90,0,221,,1,27.66331,26.85092,22.04836
1786072282,27.01076,82.36668,90,0,222,,1,27.66331,26.81705,22.04836
1786072283,26.8986,82.55436,90,0,221,,1,27.66331,26.71565,22.04836
1786072284,26.92798,82.54063,90,0,222,,1,27.69717,26.85092,22.04836
1786072284,26.92798,82.46738,90,0,222,,1,27.62944,26.88478,22.08222
1786072285,26.8986,82.36668,90,0,222,,1,27.69717,26.71565,22.11589
1786072286,26.92798,82.38499,90,0,221,,1,27.66331,26.74932,22.08222
1786072286,26.96803,82.44907,90,0,221,,1,27.66331,26.74932,22.11589
1786072287,26.95468,82.47501,90,0,221,,1,27.62944,26.78319,22.01469
1786072288,26.96803,82.45823,90,0,221,,1,27.66331,26.74932,21.98083
1786072288,26.99741,82.50706,90,0,221,,1,27.66331,26.74932,22.11589
1786072289,26.92798,82.33311,90,0,221,,1,27.66331,26.81705,22.01469
1786072290,26.95468,82.47501,90,0,221,,1,27.66331,26.81705,22.11589
1786072290,26.92798,82.39719,90,0,221,,1,27.69717,26.74932,22.08222
1786072291,27.01076,82.59556,90,0,221,,1,27.69717,26.78319,22.04836
1786072292,26.91195,82.45365,90,0,221,,1,27.66331,26.74932,22.04836
1786072292,26.95468,82.50706,90,0,222,,1,27.66331,26.85092,22.14976
1786072293,26.91195,82.51621,90,0,221,,1,27.62944,26.81705,22.11589
1786072294,26.91195,82.53605,90,0,222,,1,27.69717,26.78319,22.04836
1786072294,26.81315,82.57114,90,0,221,,1,27.62944,26.78319,22.11589
1786072295,26.88525,82.52079,90,0,221,,1,27.66331,26.81705,22.08222
1786072296,26.99741,82.65354,90,0,221,,1,27.62944,26.74932,22.08222
1786072297,26.94133,82.60777,90,0,221,,1,27.66331,26.78319,22.11589
1786072297,26.88525,82.4979,90,0,221,,1,27.66331,26.78319,22.11589
1786072298,26.94133,82.57725,90,0,222,,1,27.69717,26.81705,22.08222
1786072299,26.92798,82.49943,90,0,221,,1,27.66331,26.74932,22.04836
1786072299,26.95468,82.59098,90,0,221,,1,27.69717,26.78319,22.04836
1786072300,26.92798,82.49943,90,0,221,,1,27.62944,26.74932,22.08222
1786072301,26.98405,82.68101,90,0,221,,1,27.66331,26.78319,22.08222
1786072301,26.94133,82.5864,90,0,221,,1,27.66331,26.81705,22.08222
1786072302,26.98405,82.34837,90,0,221,,1,27.62944,26.78319,22.04836
1786072303,26.99741,82.38346,90,0,222,,1,27.79877,26.81705,21.98083
1786072303,27.01076,82.39719,90,0,221,,1,27.62944,26.81705,22.11589
1786072304,26.88525,82.3209,90,0,222,,1,27.7649,26.74932,22.08222
1786072305,26.96803,82.46738,90,0,222,,1,27.69717,26.74932,22.01469
1786072305,27.01076,82.64591,90,0,221,,1,27.73104,26.78319,22.04836
1786072306,26.91195,82.44297,90,0,221,,1,27.69717,26.78319,21.98083
1786072307,26.96803,82.65507,90,0,221,,1,27.69717,26.71565,22.18362
1786072307,26.98405,82.9099,90,0,221,,1,27.62944,26.74932,22.04836
1786072308,26.95468,82.83818,90,0,221,,1,27.69717,26.81705,22.04836
1786072309,26.94133,82.96025,90,0,221,,1,27.73104,26.78319,22.14976
1786072309,26.98405,83.07469,90,0,221,,1,27.66331,26.78319,22.08222
1786072310,26.96803,83.10216,90,0,221,,1,27.66331,26.74932,22.08222
1786072311,26.81315,83.03807,90,0,221,,1,27.69717,26.78319,22.11589
1786072311,26.99741,83.21355,90,0,221,,1,27.69717,26.78319,22.04836
1786072312,26.95468,83.12962,90,0,221,,1,27.66331,26.78319,22.08222
1786072313,26.88525,83.17235,90,0,221,,1,27.66331,26.74932,22.04836
1786072314,26.95468,83.07622,90,0,221,,1,27.66331,26.78319,22.18362
1786072314,26.99741,83.1815,90,0,221,,1,27.66331,26.85092,22.04836
1786072315,26.8986,83.11284,90,0,222,,1,27.62944,26.71565,22.08222
1786072316,26.94133,83.12505,90,0,221,,1,27.73104,26.78319,22.08222
1786072316,26.8986,83.06096,90,0,221,,1,27.69717,26.74932,22.08222
1786072317,26.92798,83.01976,90,0,221,,1,27.66331,26.81705,22.01469
1786072318,26.96803,83.13115,90,0,221,,1,27.69717,26.71565,22.04836
1786072318,26.94133,83.07164,90,0,221,,1,27.62944,26.78319,22.04836
1786072319,26.98405,83.01213,90,0,221,,1,27.73104,26.78319,22.04836
1786072320,26.92798,83.05791,90,0,221,,1,27.66331,26.74932,22.08222
1786072320,26.95468,82.99382,90,0,221,,1,27.73104,26.81705,22.08222
1786072321,27.02411,82.97093,90,0,221,,1,27.66331,26.78319,22.14976
1786072322,26.98405,83.02434,90,0,221,,1,27.66331,26.85092,22.04836
1786072322,27.01076,83.0518,90,0,222,,1,27.69717,26.68159,22.04836
1786072323,27.04013,82.97551,90,0,221,,1,27.69717,26.85092,21.98083
1786072324,26.95468,82.7863,90,0,222,,1,27.66331,26.68159,22.08222
1786072324,27.08286,82.86412,90,0,222,,1,27.73104,26.85092,22.04836
1786072325,26.99741,82.73746,90,0,222,,1,27.69717,26.74932,22.01469
1786072326,26.88525,82.76799,90,0,221,,1,27.59557,26.78319,22.08222
1786072326,26.91195,82.96178,90,0,221,,1,27.66331,26.74932,22.08222
1786072327,26.95468,82.87938,90,0,221,,1,27.66331,26.81705,22.04836
1786072328,26.94133,82.87785,90,0,221,,1,27.66331,26.81705,22.08222
1786072328,26.95468,82.76494,90,0,221,,1,27.66331,26.74932,22.01469
1786072329,26.96803,82.70847,90,0,221,,1,27.62944,26.74932,22.11589
1786072330,26.95468,82.69474,90,0,221,,1,27.73104,26.74932,22.08222
1786072330,26.85588,82.64591,90,0,221,,1,27.69717,26.78319,22.08222
1786072331,26.91195,82.55894,90,0,221,,1,27.66331,26.74932,22.08222
1786072332,26.96803,82.44907,90,0,221,,1,27.66331,26.78319,22.08222
1786072333,27.01076,82.54368,90,0,222,,1,27.73104,26.68159,22.08222
1786072333,26.95468,82.46586,90,0,222,,1,27.73104,26.81705,22.08222
1786072334,27.01076,82.39719,90,0,222,,1,27.73104,26.81705,22.11589
1786072335,26.88525,82.40635,90,0,222,,1,27.69717,26.78319,22.01469
1786072335,26.98405,82.35752,90,0,221,,1,27.69717,26.71565,22.08222
1786072336,26.98405,82.35752,90,0,221,,1,27.69717,26.85092,22.11589
1786072337,27.05348,82.26444,90,0,221,,1,27.69717,26.81705,22.08222
1786072337,27.01076,82.30564,90,0,221,,1,27.69717,26.78319,22.08222
1786072338,26.8986,82.34684,90,0,221,,1,27.66331,26.85092,22.11589
1786072339,26.95468,82.14236,90,0,221,,1,27.69717,26.74932,22.11589
1786072339,26.98405,82.29801,90,0,221,,1,27.69717,26.78319,22.08222
1786072340,26.95468,82.35142,90,0,221,,1,27.66331,26.78319,22.08222
1786072341,27.04013,82.52995,90,0,221,,1,27.73104,26.85092,22.04836
1786072341,26.95468,82.3621,90,0,221,,1,27.69717,26.81705,22.08222
1786072342,26.8986,82.51316,90,0,221,,1,27.62944,26.81705,22.04836
1786072343,26.91195,82.5803,90,0,222,,1,27.62944,26.78319,22.08222
1786072343,26.92798,82.63523,90,0,222,,1,27.69717,26.85092,22.04836
1786072344,26.95468,82.76494,90,0,221,,1,27.69717,26.81705,22.04836
1786072345,26.8986,82.62608,90,0,222,,1,27.73104,26.81705,22.08222
1786072345,26.98405,82.81529,90,0,221,,1,27.69717,26.74932,22.08222
1786072346,26.94133,82.86565,90,0,221,,1,27.66331,26.71565,21.98083
1786072347,26.95468,82.67338,90,0,221,,1,27.62944,26.78319,22.08222
1786072347,26.91195,82.73594,90,0,221,,1,27.69717,26.81705,22.04836
1786072348,27.01076,82.69932,90,0,221,,1,27.66331,26.74932,21.98083
1786072349,26.92798,82.62302,90,0,221,,1,27.62944,26.74932,22.11589
1786072349,26.99741,82.72678,90,0,221,,1,27.69717,26.78319,22.08222
1786072350,26.88525,82.57267,90,0,221,,1,27.69717,26.74932,22.04836
1786072351,26.8986,82.59556,90,0,221,,1,27.66331,26.81705,22.04836
1786072351,26.98405,82.53605,90,0,221,,1,27.66331,26.74932,22.01469
1786072352,27.04013,82.61387,90,0,222,,1,27.66331,26.78319,22.11589
1786072353,26.99741,82.4155,90,0,222,,1,27.69717,26.74932,22.08222
1786072354,26.94133,82.51316,90,0,222,,1,27.66331,26.78319,22.08222
1786072354,27.01076,82.61387,90,0,221,,1,27.66331,26.81705,22.08222
1786072355,27.04013,82.72678,90,0,221,,1,27.66331,26.74932,22.08222
1786072356,26.92798,82.64439,90,0,221,,1,27.69717,26.78319,22.08222
1786072356,26.98405,82.58945,90,0,221,,1,27.73104,26.85092,22.04836
1786072357,26.95468,82.5803,90,0,221,,1,27.73104,26.74932,22.08222
1786072358,26.85588,82.57267,90,0,221,,1,27.69717,26.71565,22.04836
1786072358,26.96803,82.70847,90,0,221,,1,27.69717,26.81705,22.01469
1786072359,26.92798,82.59098,90,0,221,,1,27.62944,26.78319,22.04836
1786072360,26.95468,82.74662,90,0,221,,1,27.66331,26.81705,22.01469
1786072360,26.92798,82.88396,90,0,221,,1,27.69717,26.71565,22.11589
1786072361,26.98405,82.68101,90,0,221,,1,27.62944,26.85092,22.08222
1786072362,26.95468,82.67338,90,0,221,,1,27.62944,26.81705,22.08222
1786072362,26.94133,82.7512,90,0,222,,1,27.66331,26.78319,22.04836
1786072363,26.98405,82.68101,90,0,221,,1,27.69717,26.74932,22.04836
1786072364,26.88525,82.72831,90,0,222,,1,27.66331,26.74932,22.04836
1786072364,26.8986,82.93736,90,0,222,,1,27.66331,26.81705,22.08222
1786072365,26.98405,82.76341,90,0,222,,1,27.69717,26.78319,22.04836
1786072366,26.96803,82.63523,90,0,221,,1,27.66331,26.85092,22.04836
1786072366,26.85588,82.68711,90,0,221,,1,27.66331,26.74932,22.04836
1786072367,27.04013,82.66422,90,0,221,,1,27.62944,26.78319,22.01469
1786072368,27.01076,82.73136,90,0,221,,1,27.69717,26.81705,22.11589
1786072368,26.99741,82.66422,90,0,221,,1,27.66331,26.78319,22.11589
1786072369,26.8986,82.46128,90,0,221,,1,27.66331,26.74932,22.08222
1786072370,27.01076,82.42924,90,0,221,,1,27.66331,26.81705,22.01469
1786072370,26.99741,82.55894,90,0,221,,1,27.69717,26.78319,22.04836
1786072371,27.01076,82.7512,90,0,221,,1,27.69717,26.74932,22.01469
1786072372,26.98405,82.57725,90,0,222,,1,27.66331,26.78319,22.04836
1786072373,26.8986,82.34684,90,0,222,,1,27.66331,26.71565,22.08222
1786072373,26.91195,82.35142,90,0,222,,1,27.66331,26.71565,22.11589
1786072374,27.04013,82.45823,90,0,222,,1,27.66331,26.68159,22.04836
1786072375,26.84253,82.20645,90,0,222,,1,27.66331,26.78319,22.11589
1786072375,26.99741,82.37431,90,0,221,,1,27.73104,26.74932,22.08222
1786072376,26.92798,82.30259,90,0,221,,1,27.66331,26.78319,22.08222
1786072377,26.96803,82.20035,90,0,221,,1,27.66331,26.74932,22.04836
1786072377,26.98405,82.12253,90,0,221,,1,27.62944,26.85092,22.01469
1786072378,26.96803,82.11795,90,0,221,,1,27.66331,26.74932,22.11589
1786072379,26.91195,82.00809,90,0,221,,1,27.69717,26.71565,22.08222
1786072379,26.96803,82.05386,90,0,221,,1,27.69717,26.78319,22.04836
1786072380,26.88525,81.89822,90,0,221,,1,27.69717,26.81705,22.08222
1786072381,26.95468,81.97757,90,0,221,,1,27.69717,26.74932,22.04836
1786072381,26.94133,82.03555,90,0,221,,1,27.66331,26.88478,22.11589
1786072382,26.92798,82.01266,90,0,222,,1,27.66331,26.78319,22.04836
1786072383,26.91195,82.09201,90,0,221,,1,27.73104,26.74932,22.08222
1786072383,26.96803,81.85703,90,0,221,,1,27.62944,26.78319,22.04836
1786072384,27.09621,82.05539,90,0,222,,1,27.66331,26.81705,22.18362
1786072385,26.91195,81.96689,90,0,222,,1,27.66331,26.88478,22.04836
1786072385,26.96803,81.98215,90,0,221,,1,27.66331,26.81705,22.08222
1786072386,26.91195,81.99588,90,0,221,,1,27.66331,26.71565,22.04836
1786072387,26.91195,81.89365,90,0,221,,1,27.69717,26.85092,22.01469
1786072387,27.01076,81.94095,90,0,221,,1,27.69717,26.68159,22.08222
1786072388,26.85588,81.93179,90,0,221,,1,27.66331,26.74932,22.04836
1786072389,27.02411,81.99588,90,0,221,,1,27.69717,26.74932,22.04836
1786072389,26.98405,81.9028,90,0,221,,1,27.69717,26.71565,22.08222
1786072390,27.06684,81.95468,90,0,221,,1,27.66331,26.88478,22.08222
1786072391,26.86923,81.75784,90,0,221,,1,27.69717,26.81705,22.08222
1786072392,26.99741,81.92722,90,0,221,,1,27.66331,26.74932,22.01469
1786072392,26.92798,81.80667,90,0,222,,1,27.66331,26.78319,22.04836
1786072393,26.92798,81.87686,90,0,222,,1,27.69717,26.78319,22.08222
1786072394,26.95468,81.74868,90,0,222,,1,27.66331,26.74932,22.11589
1786072394,26.94133,81.83871,90,0,222,,1,27.7649,26.81705,22.08222
1786072395,26.84253,81.79294,90,0,221,,1,27.66331,26.78319,22.01469
1786072396,26.98405,81.83109,90,0,221,,1,27.66331,26.71565,22.08222
1786072396,26.94133,81.79904,90,0,221,,1,27.69717,26.71565,22.08222
1786072397,26.8986,81.89975,90,0,222,,1,27.66331,26.78319,22.08222
1786072398,26.85588,81.76547,90,0,221,,1,27.62944,26.78319,22.08222
1786072398,26.94133,81.8082,90,0,221,,1,27.69717,26.78319,22.04836
1786072399,26.94133,81.87076,90,0,221,,1,27.66331,26.74932,22.08222
1786072400,26.96803,81.80667,90,0,222,,1,27.66331,26.78319,22.11589
1786072400,26.92798,81.86618,90,0,221,,1,27.66331,26.81705,22.08222
1786072401,27.04013,81.85397,90,0,221,,1,27.66331,26.78319,22.04836
1786072402,26.96803,81.82651,90,0,221,,1,27.62944,26.78319,22.01469
1786072402,26.92798,81.80667,90,0,222,,1,27.62944,26.85092,22.11589
1786072403,26.99741,81.81277,90,0,222,,1,27.59557,26.78319,22.08222
1786072404,26.86923,81.8204,90,0,221,,1,27.66331,26.74932,22.04836
1786072404,26.88525,81.71053,90,0,222,,1,27.69717,26.74932,22.08222
1786072405,27.01076,81.77463,90,0,221,,1,27.69717,26.78319,22.08222
1786072406,26.91195,81.90433,90,0,221,,1,27.66331,26.71565,22.04836
1786072406,26.95468,81.86313,90,0,221,,1,27.66331,26.74932,22.08222
1786072407,26.92798,81.79446,90,0,221,,1,27.69717,26.78319,22.08222
1786072408,26.95468,81.73952,90,0,221,,1,27.66331,26.78319,22.04836
1786072409,26.92798,81.84482,90,0,221,,1,27.66331,26.74932,22.08222
1786072409,26.96803,81.88907,90,0,221,,1,27.62944,26.74932,22.04836
1786072410,26.85588,81.81583,90,0,221,,1,27.62944,26.74932,22.01469
1786072411,26.92798,81.80667,90,0,221,,1,27.69717,26.81705,22.04836
1786072411,26.94133,81.75632,90,0,221,,1,27.66331,26.81705,22.11589
1786072412,26.95468,81.90433,90,0,221,,1,27.66331,26.71565,22.08222
1786072413,26.91195,81.88449,90,0,222,,1,27.66331,26.71565,22.18362
1786072413,26.96803,81.82651,90,0,222,,1,27.69717,26.74932,22.08222
1786072414,26.8986,81.85855,90,0,221,,1,27.62944,26.81705,22.04836
1786072415,26.91195,81.78989,90,0,222,,1,27.66331,26.78319,22.04836
1786072415,26.99741,81.80362,90,0,221,,1,27.69717,26.74932,21.98083
1786072416,26.99741,81.83414,90,0,221,,1,27.69717,26.85092,22.04836
1786072417,26.95468,81.70748,90,0,221,,1,27.62944,26.85092,22.11589
1786072417,26.98405,81.8204,90,0,221,,1,27.7649,26.71565,22.04836
1786072418,26.95468,81.77005,90,0,221,,1,27.69717,26.78319,22.04836
1786072419,26.96803,81.76242,90,0,221,,1,27.66331,26.81705,22.08222
1786072419,26.95468,81.76089,90,0,221,,1,27.66331,26.78319,22.11589
1786072420,26.94133,81.83871,90,0,221,,1,27.69717,26.71565,22.08222
1786072421,26.96803,81.83566,90,0,221,,1,27.66331,26.78319,22.04836
1786072421,26.92798,81.70138,90,0,221,,1,27.69717,26.78319,22.08222
1786072422,27.02411,81.75784,90,0,222,,1,27.69717,26.78319,22.01469
1786072423,26.95468,81.83109,90,0,221,,1,27.66331,26.78319,22.01469
1786072423,26.99741,81.69833,90,0,221,,1,27.62944,26.78319,22.04836
1786072424,27.04013,81.68917,90,0,222,,1,27.69717,26.71565,22.11589
1786072425,26.92798,81.80667,90,0,222,,1,27.66331,26.81705,22.11589
1786072425,27.05348,81.73342,90,0,221,,1,27.62944,26.81705,22.04836
1786072426,26.91195,81.66476,90,0,221,,1,27.66331,26.78319,21.98083
1786072427,26.92798,81.62814,90,0,221,,1,27.66331,26.74932,22.08222
1786072428,26.99741,81.76089,90,0,221,,1,27.62944,26.78319,22.11589
1786072428,26.99741,81.75174,90,0,221,,1,27.69717,26.78319,22.11589
1786072429,27.01076,81.72121,90,0,221,,1,27.66331,26.74932,22.11589
1786072430,26.99741,81.72884,90,0,221,,1,27.69717,26.71565,22.14976
1786072430,26.98405,81.59151,90,0,221,,1,27.62944,26.74932,22.08222
1786072431,27.08286,81.63882,90,0,221,,1,27.73104,26.74932,22.08222
1786072432,26.92798,81.66933,90,0,221,,1,27.69717,26.78319,22.01469
1786072432,26.96803,81.77463,90,0,222,,1,27.66331,26.74932,22.08222
1786072433,26.99741,81.60525,90,0,221,,1,27.69717,26.81705,22.01469
1786072434,26.94133,81.53811,90,0,221,,1,27.66331,26.88478,22.01469
1786072434,26.98405,81.6556,90,0,221,,1,27.59557,26.81705,22.01469
1786072435,26.98405,81.79904,90,0,222,,1,27.69717,26.64792,22.01469
1786072436,26.91195,81.63424,90,0,221,,1,27.66331,26.71565,22.14976
1786072436,27.08286,81.69222,90,0,221,,1,27.62944,26.71565,22.08222
1786072437,26.99741,81.73952,90,0,221,,1,27.66331,26.71565,22.04836
1786072438,27.01076,81.66171,90,0,221,,1,27.62944,26.78319,22.08222
1786072438,26.99741,81.5732,90,0,221,,1,27.66331,26.81705,22.08222
1786072439,26.98405,81.63271,90,0,221,,1,27.66331,26.78319,22.08222
1786072440,26.94133,81.59151,90,0,221,,1,27.66331,26.88478,22.04836
1786072440,27.01076,81.54574,90,0,221,,1,27.69717,26.71565,22.14976
1786072441,26.88525,81.54269,90,0,221,,1,27.69717,26.81705,22.11589
1786072442,26.92798,81.68917,90,0,221,,1,27.62944,26.78319,22.08222
1786072442,26.95468,81.59304,90,0,222,,1,27.66331,26.71565,22.14976
1786072443,27.04013,81.68917,90,0,222,,1,27.62944,26.71565,22.04836
1786072444,26.91195,81.67544,90,0,222,,1,27.73104,26.71565,22.01469
1786072444,27.02411,81.69375,90,0,222,,1,27.66331,26.81705,22.01469
1786072445,26.92798,81.59762,90,0,221,,1,27.66331,26.81705,22.14976
1786072446,26.96803,81.63882,90,0,221,,1,27.62944,26.78319,22.04836
1786072447,27.04013,81.65713,90,0,221,,1,27.69717,26.68159,22.04836
1786072447,26.96803,81.67086,90,0,221,,1,27.66331,26.85092,22.08222
1786072448,26.99741,81.58389,90,0,221,,1,27.66331,26.81705,22.01469
1786072449,27.04013,81.68002,90,0,221,,1,27.66331,26.81705,22.01469
1786072449,26.91195,81.561,90,0,221,,1,27.62944,26.88478,22.11589
1786072450,26.95468,81.65713,90,0,221,,1,27.62944,26.81705,22.04836
1786072451,26.99741,81.63729,90,0,221,,1,27.62944,26.78319,22.08222
1786072451,26.96803,81.59762,90,0,221,,1,27.66331,26.78319,21.94696
1786072452,27.02411,81.69375,90,0,221,,1,27.69717,26.74932,22.04836
1786072453,26.91195,81.66476,90,0,222,,1,27.59557,26.81705,21.98083
1786072453,26.99741,81.41756,90,0,222,,1,27.66331,26.74932,22.04836
1786072454,26.92798,81.58694,90,0,222,,1,27.69717,26.74932,22.04836
1786072455,26.88525,81.66933,90,0,222,,1,27.62944,26.71565,22.11589
1786072455,26.91195,81.68459,90,0,221,,1,27.69717,26.81705,22.04836
1786072456,26.98405,81.62356,90,0,221,,1,27.66331,26.74932,22.11589
1786072457,26.99741,81.72884,90,0,221,,1,27.69717,26.78319,22.11589
1786072457,27.02411,81.68459,90,0,221,,1,27.66331,26.74932,22.04836
1786072458,26.91195,81.6144,90,0,221,,1,27.66331,26.74932,22.04836
1786072459,26.99741,81.62508,90,0,221,,1,27.69717,26.78319,22.01469
1786072459,27.02411,81.738,90,0,221,,1,27.66331,26.78319,22.14976
1786072460,26.92798,81.79446,90,0,221,,1,27.69717,26.71565,22.08222
1786072461,26.98405,81.68459,90,0,221,,1,27.62944,26.78319,22.08222
1786072461,27.01076,81.75327,90,0,221,,1,27.69717,26.74932,22.11589
1786072462,26.95468,81.70748,90,0,222,,1,27.66331,26.85092,22.04836
1786072463,26.92798,81.62814,90,0,222,,1,27.69717,26.81705,22.04836
1786072463,26.96803,81.66018,90,0,222,,1,27.66331,26.81705,22.04836
1786072464,26.94133,81.67391,90,0,221,,1,27.66331,26.74932,21.98083
1786072465,26.92798,81.73342,90,0,222,,1,27.66331,26.74932,22.01469
1786072466,26.99741,81.80362,90,0,221,,1,27.69717,26.74932,22.11589
1786072466,27.01076,81.62966,90,0,221,,1,27.62944,26.74932,22.08222
1786072467,27.04013,81.84482,90,0,221,,1,27.73104,26.78319,22.08222
1786072468,26.96803,81.83566,90,0,221,,1,27.69717,26.74932,22.04836
1786072468,26.95468,81.67544,90,0,221,,1,27.66331,26.71565,22.08222
1786072469,27.06684,81.85245,90,0,221,,1,27.69717,26.78319,22.01469
1786072470,26.8986,81.72427,90,0,221,,1,27.62944,26.81705,22.04836
1786072470,26.99741,81.83414,90,0,221,,1,27.62944,26.74932,22.08222
1786072471,26.95468,81.67544,90,0,221,,1,27.69717,26.81705,22.04836
1786072472,26.92798,81.70138,90,0,221,,1,27.66331,26.74932,22.11589
1786072472,26.99741,81.80362,90,0,222,,1,27.73104,26.74932,22.01469
1786072473,26.92798,81.75327,90,0,221,,1,27.62944,26.74932,22.01469
1786072474,27.05348,81.87991,90,0,222,,1,27.59557,26.74932,22.11589
1786072474,27.05348,81.77615,90,0,222,,1,27.69717,26.74932,22.01469
1786072475,27.01076,81.82651,90,0,222,,1,27.66331,26.74932,22.04836
1786072476,26.99741,81.72884,90,0,221,,1,27.69717,26.74932,22.01469
1786072476,26.95468,81.74868,90,0,221,,1,27.66331,26.78319,21.94696
1786072477,26.98405,81.767,90,0,221,,1,27.69717,26.81705,22.01469
1786072478,26.95468,81.67544,90,0,221,,1,27.66331,26.71565,22.04836
1786072478,27.10956,81.738,90,0,221,,1,27.66331,26.78319,22.04836
1786072479,26.96803,81.73342,90,0,221,,1,27.62944,26.81705,22.11589
1786072480,26.95468,81.6968,90,0,221,,1,27.62944,26.74932,22.04836
1786072480,27.04013,81.71969,90,0,221,,1,27.66331,26.81705,22.01469
1786072481,26.84253,81.58389,90,0,221,,1,27.66331,26.71565,22.01469
1786072482,26.98405,81.74715,90,0,221,,1,27.62944,26.78319,22.11589
1786072483,26.98405,81.70596,90,0,222,,1,27.66331,26.74932,22.08222
1786072483,26.98405,81.68459,90,0,221,,1,27.66331,26.88478,22.08222
1786072484,26.99741,81.59609,90,0,221,,1,27.66331,26.85092,22.08222
1786072485,26.91195,81.60525,90,0,222,,1,27.69717,26.71565,22.08222
1786072485,26.91195,81.70748,90,0,221,,1,27.66331,26.71565,22.08222
1786072486,26.92798,81.66018,90,0,221,,1,27.62944,26.71565,22.08222
1786072487,26.99741,81.62508,90,0,221,,1,27.69717,26.78319,22.01469
1786072487,26.95468,81.73952,90,0,221,,1,27.69717,26.74932,22.11589
1786072488,26.8986,81.62051,90,0,221,,1,27.66331,26.85092,22.08222
1786072489,26.96803,81.62966,90,0,221,,1,27.66331,26.78319,22.08222
1786072489,26.94133,81.67391,90,0,221,,1,27.66331,26.81705,22.14976
1786072490,26.98405,81.63271,90,0,221,,1,27.66331,26.78319,22.08222
1786072491,26.96803,81.68917,90,0,221,,1,27.66331,26.78319,22.11589
1786072491,26.95468,81.6968,90,0,221,,1,27.66331,26.71565,22.11589
1786072492,27.01076,81.62966,90,0,221,,1,27.62944,26.78319,22.08222
1786072493,26.96803,81.63882,90,0,222,,1,27.66331,26.74932,22.04836
1786072493,26.98405,81.61135,90,0,221,,1,27.69717,26.71565,22.01469
1786072494,26.99741,81.64797,90,0,222,,1,27.66331,26.74932,22.04836
1786072495,26.8986,81.73495,90,0,221,,1,27.62944,26.74932,22.04836
1786072495,26.92798,81.57778,90,0,221,,1,27.69717,26.78319,22.01469
1786072496,26.92798,81.66933,90,0,221,,1,27.66331,26.78319,22.04836
1786072497,26.92798,81.66933,90,0,221,,1,27.66331,26.78319,22.01469
1786072497,26.94133,81.61135,90,0,221,,1,27.66331,26.74932,22.11589
1786072498,26.94133,81.46487,90,0,221,,1,27.62944,26.74932,22.08222
1786072499,26.99741,81.77158,90,0,221,,1,27.66331,26.71565,22.08222
1786072499,27.05348,81.7029,90,0,221,,1,27.69717,26.81705,22.08222
1786072500,26.98405,81.71511,90,0,221,,1,27.66331,26.78319,22.08222
1786072501,26.86923,81.50912,90,0,221,,1,27.62944,26.81705,22.04836
1786072501,26.8986,81.62051,90,0,221,,1,27.66331,26.78319,22.08222
1786072502,26.92798,81.77463,90,0,222,,1,27.66331,26.78319,22.08222
1786072503,27.01076,81.73342,90,0,221,,1,27.66331,26.74932,22.04836
1786072504,27.02411,81.72579,90,0,221,,1,27.66331,26.78319,22.08222
1786072504,26.86923,81.88144,90,0,221,,1,27.66331,26.81705,22.11589
1786072505,27.02411,81.87076,90,0,222,,1,27.66331,26.78319,22.11589
1786072506,26.95468,81.92569,90,0,221,,1,27.66331,26.78319,22.04836
1786072506,26.96803,82.25224,90,0,221,,1,27.66331,26.71565,22.01469
1786072507,26.95468,81.99893,90,0,221,,1,27.69717,26.74932,22.04836
1786072508,26.92798,82.12711,90,0,221,,1,27.66331,26.78319,22.08222
1786072508,26.98405,82.16068,90,0,221,,1,27.62944,26.68159,22.11589
1786072509,27.02411,82.32853,90,0,221,,1,27.69717,26.78319,22.01469
1786072510,27.02411,82.25681,90,0,221,,1,27.69717,26.81705,22.11589
1786072510,26.98405,82.38041,90,0,221,,1,27.69717,26.71565,22.04836
1786072511,26.96803,82.36515,90,0,221,,1,27.66331,26.78319,22.01469
1786072512,26.99741,82.4567,90,0,221,,1,27.62944,26.74932,22.01469
1786072512,26.92798,82.36515,90,0,222,,1,27.73104,26.85092,22.04836
1786072513,27.01076,82.42924,90,0,222,,1,27.66331,26.71565,22.01469
1786072514,27.08286,82.40635,90,0,221,,1,27.62944,26.78319,22.04836
1786072514,26.99741,82.4155,90,0,221,,1,27.66331,26.78319,22.08222
1786072515,26.94133,82.47196,90,0,222,,1,27.62944,26.81705,22.08222
1786072516,26.92798,82.14694,90,0,221,,1,27.66331,26.85092,22.01469
1786072516,26.92798,82.2736,90,0,221,,1,27.62944,26.74932,22.08222
1786072517,26.99741,82.23849,90,0,221,,1,27.59557,26.85092,22.08222
1786072518,26.91195,82.19577,90,0,221,,1,27.62944,26.71565,22.01469
1786072518,26.86923,82.23697,90,0,221,,1,27.62944,26.74932,22.04836
1786072519,26.99741,82.16525,90,0,221,,1,27.66331,26.74932,22.08222
1786072520,26.99741,82.1149,90,0,221,,1,27.66331,26.71565,22.04836
1786072520,26.92798,82.1561,90,0,221,,1,27.62944,26.81705,22.04836
1786072521,26.88525,82.06302,90,0,221,,1,27.62944,26.81705,22.14976
1786072522,27.01076,82.00351,90,0,222,,1,27.66331,26.78319,22.08222
1786072523,26.95468,81.94858,90,0,222,,1,27.66331,26.78319,22.04836
1786072523,26.96803,82.01266,90,0,221,,1,27.66331,26.74932,22.11589
1786072524,26.8986,81.89975,90,0,222,,1,27.62944,26.71565,22.04836
1786072525,26.85588,81.89975,90,0,222,,1,27.69717,26.81705,22.08222
1786072525,26.98405,81.89365,90,0,221,,1,27.69717,26.85092,22.04836
1786072526,26.8986,81.89059,90,0,221,,1,27.62944,26.74932,22.04836
1786072527,27.06684,81.88144,90,0,221,,1,27.66331,26.71565,22.04836
1786072527,26.98405,81.8494,90,0,221,,1,27.66331,26.81705,22.11589
1786072528,26.98405,81.9028,90,0,221,,1,27.69717,26.81705,22.08222
1786072529,26.92798,81.70138,90,0,221,,1,27.69717,26.81705,22.01469
1786072529,26.91195,81.90433,90,0,221,,1,27.62944,26.85092,22.08222
1786072530,27.09621,81.79752,90,0,221,,1,27.62944,26.74932,22.01469
1786072531,26.96803,81.70138,90,0,221,,1,27.62944,26.78319,22.11589
1786072531,26.99741,81.75174,90,0,221,,1,27.69717,26.81705,22.04836
1786072532,26.98405,81.72579,90,0,222,,1,27.62944,26.74932,22.04836
1786072533,26.95468,81.76089,90,0,222,,1,27.73104,26.81705,22.04836
1786072533,26.94133,81.79904,90,0,221,,1,27.66331,26.78319,22.11589
1786072534,26.88525,81.78378,90,0,221,,1,27.62944,26.74932,22.08222
1786072535,26.98405,81.83109,90,0,222,,1,27.66331,26.78319,22.08222
1786072535,27.01076,81.80667,90,0,221,,1,27.66331,26.81705,22.01469
1786072536,26.94133,81.79904,90,0,221,,1,27.62944,26.71565,22.08222
1786072537,26.99741,81.98978,90,0,221,,1,27.62944,26.74932,22.01469
1786072537,26.92798,81.93942,90,0,221,,1,27.66331,26.74932,22.08222
1786072538,26.94133,82.11948,90,0,221,,1,27.62944,26.74932,22.08222
1786072539,26.91195,82.06912,90,0,221,,1,27.69717,26.78319,22.08222
1786072539,26.99741,82.21866,90,0,221,,1,27.66331,26.81705,22.11589
1786072540,26.99741,82.34226,90,0,221,,1,27.66331,26.78319,22.14976
1786072541,26.99741,82.37431,90,0,221,,1,27.69717,26.78319,22.04836
1786072542,26.96803,82.55283,90,0,221,,1,27.66331,26.78319,22.08222
1786072542,26.99741,82.91447,90,0,222,,1,27.66331,26.81705,22.08222
1786072543,27.10956,83.04723,90,0,221,,1,27.66331,26.78319,22.04836
1786072544,26.96803,83.16319,90,0,222,,1,27.66331,26.78319,22.08222
1786072544,26.96803,83.3402,90,0,222,,1,27.62944,26.74932,22.08222
1786072545,26.95468,83.49126,90,0,221,,1,27.69717,26.71565,22.01469
1786072546,26.99741,83.50195,90,0,221,,1,27.66331,26.81705,22.08222
1786072546,27.01076,83.44244,90,0,221,,1,27.66331,26.85092,22.11589
1786072547,27.04013,83.45159,90,0,221,,1,27.66331,26.85092,22.08222
1786072548,26.96803,83.51568,90,0,221,,1,27.69717,26.71565,22.04836
1786072548,26.92798,83.31884,90,0,221,,1,27.69717,26.78319,22.04836
1786072549,26.88525,83.17235,90,0,221,,1,27.66331,26.74932,22.04836
1786072550,26.98405,83.10368,90,0,221,,1,27.66331,26.81705,22.08222
1786072550,26.92798,82.94652,90,0,221,,1,27.69717,26.78319,22.04836
1786072551,26.99741,82.84123,90,0,221,,1,27.62944,26.74932,22.11589
1786072552,26.96803,82.92516,90,0,221,,1,27.62944,26.71565,22.01469
1786072552,26.94133,82.89769,90,0,222,,1,27.69717,26.78319,22.11589
1786072553,26.99741,82.89159,90,0,222,,1,27.62944,26.81705,22.04836
1786072554,26.99741,82.97398,90,0,222,,1,27.69717,26.85092,22.01469
1786072554,26.8986,82.98924,90,0,222,,1,27.69717,26.78319,22.04836
1786072555,26.91195,83.26238,90,0,222,,1,27.66331,26.74932,22.08222
1786072556,26.96803,83.07011,90,0,221,,1,27.62944,26.78319,22.08222
1786072556,26.98405,83.11589,90,0,221,,1,27.66331,26.81705,22.08222
1786072557,26.98405,83.09453,90,0,221,,1,27.62944,26.78319,22.08222
1786072558,27.08286,83.23643,90,0,221,,1,27.69717,26.74932,22.08222
1786072558,26.91195,83.31426,90,0,221,,1,27.66331,26.78319,22.08222
1786072559,26.8986,83.20439,90,0,221,,1,27.62944,26.71565,22.04836
1786072560,26.98405,83.20897,90,0,221,,1,27.66331,26.81705,22.04836
1786072561,26.92798,83.13115,90,0,221,,1,27.62944,26.74932,21.98083
1786072561,26.95468,83.25323,90,0,221,,1,27.66331,26.81705,22.04836
1786072562,26.96803,83.07927,90,0,221,,1,27.66331,26.71565,22.04836
1786072563,26.98405,83.01213,90,0,222,,1,27.66331,26.78319,22.08222
1786072563,26.95468,82.77715,90,0,222,,1,27.66331,26.74932,22.01469
1786072564,26.86923,82.72373,90,0,222,,1,27.69717,26.78319,22.08222
1786072565,26.95468,82.7039,90,0,222,,1,27.66331,26.85092,22.08222
1786072565,26.8986,82.51316,90,0,222,,1,27.69717,26.74932,22.04836
1786072566,26.91195,82.52689,90,0,221,,1,27.69717,26.78319,22.04836
1786072567,27.02411,82.32853,90,0,221,,1,27.62944,26.78319,22.04836
1786072567,27.05348,82.39872,90,0,221,,1,27.66331,26.74932,22.04836
1786072568,27.02411,82.48417,90,0,221,,1,27.69717,26.78319,22.11589
1786072569,27.05348,82.43992,90,0,221,,1,27.66331,26.78319,22.04836
1786072569,26.94133,82.43076,90,0,221,,1,27.62944,26.81705,22.01469
1786072570,26.99741,82.4567,90,0,221,,1,27.73104,26.78319,22.04836
1786072571,26.94133,82.35752,90,0,221,,1,27.59557,26.78319,22.08222
1786072571,26.98405,82.28733,90,0,221,,1,27.66331,26.78319,22.01469
1786072572,26.92798,82.33311,90,0,221,,1,27.66331,26.78319,22.08222
1786072573,26.94133,82.35752,90,0,222,,1,27.66331,26.78319,22.04836
1786072573,27.05348,82.34684,90,0,221,,1,27.73104,26.78319,22.08222
1786072574,26.92798,82.22934,90,0,222,,1,27.62944,26.85092,22.04836
1786072575,27.04013,82.23849,90,0,222,,1,27.69717,26.78319,22.04836
1786072575,26.96803,82.14694,90,0,221,,1,27.66331,26.78319,22.11589
1786072576,26.96803,82.2095,90,0,221,,1,27.66331,26.81705,22.08222
1786072577,27.01076,82.29343,90,0,221,,1,27.66331,26.78319,22.04836
1786072577,26.96803,82.24155,90,0,221,,1,27.73104,26.74932,22.08222
1786072578,26.94133,82.13168,90,0,221,,1,27.66331,26.81705,22.14976
1786072579,27.01076,82.09659,90,0,221,,1,27.66331,26.81705,22.08222
1786072580,26.99741,82.19577,90,0,222,,1,27.66331,26.74932,22.08222
1786072580,26.92798,82.2095,90,0,221,,1,27.62944,26.71565,22.04836
1786072581,26.99741,82.12405,90,0,221,,1,27.62944,26.78319,22.04836
1786072582,27.01076,82.20035,90,0,221,,1,27.69717,26.85092,22.01469
1786072582,26.88525,82.16525,90,0,222,,1,27.66331,26.78319,22.11589
1786072583,26.91195,82.08133,90,0,222,,1,27.66331,26.88478,22.04836
1786072584,26.98405,81.95468,90,0,222,,1,27.66331,26.71565,22.08222
1786072584,26.95468,82.01877,90,0,221,,1,27.66331,26.88478,22.01469
1786072585,26.95468,81.95773,90,0,221,,1,27.66331,26.78319,22.11589
1786072586,26.91195,81.8204,90,0,221,,1,27.62944,26.74932,22.11589
1786072586,26.98405,81.88144,90,0,221,,1,27.66331,26.81705,22.01469
1786072587,26.91195,81.91348,90,0,221,,1,27.62944,26.78319,22.11589
1786072588,26.8986,81.85855,90,0,221,,1,27.69717,26.81705,22.08222
1786072588,26.92798,81.86618,90,0,221,,1,27.66331,26.74932,22.01469
1786072589,26.94133,81.8204,90,0,221,,1,27.62944,26.78319,22.11589
1786072590,26.88525,81.84482,90,0,221,,1,27.66331,26.81705,22.08222
1786072590,26.95468,81.86313,90,0,221,,1,27.62944,26.81705,22.01469
1786072591,26.96803,81.78531,90,0,221,,1,27.59557,26.74932,22.18362
1786072592,27.05348,81.75632,90,0,221,,1,27.66331,26.71565,22.04836
1786072592,27.05348,81.77615,90,0,222,,1,27.66331,26.71565,21.98083
1786072593,26.98405,81.8494,90,0,221,,1,27.62944,26.85092,22.08222
1786072594,26.96803,81.79446,90,0,222,,1,27.66331,26.78319,22.01469
1786072594,26.95468,81.73952,90,0,222,,1,27.66331,26.74932,22.04836
1786072595,26.94133,81.65255,90,0,221,,1,27.66331,26.81705,22.04836
1786072596,27.04013,81.84482,90,0,221,,1,27.69717,26.71565,22.11589
1786072597,26.96803,81.91806,90,0,221,,1,27.62944,26.74932,22.08222
1786072597,26.94133,81.75632,90,0,221,,1,27.66331,26.85092,22.04836
1786072598,26.94133,81.82956,90,0,221,,1,27.62944,26.71565,22.08222
1786072599,26.92798,81.60677,90,0,221,,1,27.69717,26.71565,22.01469
1786072599,27.04013,81.76242,90,0,221,,1,27.69717,26.78319,22.08222
1786072600,27.05348,81.79752,90,0,221,,1,27.66331,26.74932,22.11589
1786072601,26.92798,81.71053,90,0,221,,1,27.66331,26.78319,22.04836
1786072601,27.01076,81.84787,90,0,221,,1,27.66331,26.81705,21.98083
1786072602,26.95468,81.71664,90,0,221,,1,27.59557,26.81705,22.01469
1786072603,26.98405,81.96689,90,0,222,,1,27.66331,26.74932,22.08222
1786072603,26.98405,81.69375,90,0,222,,1,27.69717,26.74932,22.04836
1786072604,26.94133,81.75632,90,0,222,,1,27.62944,26.74932,22.04836
1786072605,26.91195,81.68459,90,0,222,,1,27.73104,26.78319,22.04836
1786072605,27.06684,81.74715,90,0,221,,1,27.66331,26.85092,22.08222
1786072606,27.01076,81.68307,90,0,221,,1,27.66331,26.78319,22.04836
1786072607,26.95468,81.80209,90,0,221,,1,27.69717,26.74932,22.04836
1786072607,27.05348,81.81735,90,0,221,,1,27.69717,26.74932,22.04836
1786072608,26.95468,81.77005,90,0,221,,1,27.66331,26.74932,22.01469
1786072609,26.91195,81.88449,90,0,221,,1,27.62944,26.78319,22.04836
1786072609,26.95468,81.84329,90,0,221,,1,27.69717,26.81705,22.04836
1786072610,27.05348,81.81735,90,0,221,,1,27.66331,26.85092,22.04836
1786072611,26.91195,81.83109,90,0,221,,1,27.69717,26.81705,22.04836
1786072611,27.04013,81.78378,90,0,221,,1,27.66331,26.71565,22.08222
1786072612,26.94133,81.8204,90,0,222,,1,27.66331,26.81705,22.11589
1786072613,26.98405,81.92264,90,0,221,,1,27.73104,26.71565,22.08222
1786072613,26.99741,81.86313,90,0,221,,1,27.66331,26.78319,22.01469
1786072614,26.96803,81.86618,90,0,221,,1,27.62944,26.85092,22.11589
1786072615,26.8986,81.84787,90,0,222,,1,27.62944,26.71565,22.04836
1786072616,26.92798,81.89822,90,0,221,,1,27.62944,26.78319,22.04836
1786072616,26.91195,81.94553,90,0,221,,1,27.62944,26.81705,22.04836
1786072617,26.8986,81.89059,90,0,221,,1,27.69717,26.78319,22.14976
1786072618,26.95468,81.84329,90,0,221,,1,27.66331,26.78319,22.11589
1786072618,26.96803,81.9501,90,0,221,,1,27.62944,26.74932,22.04836
1786072619,26.99741,81.90738,90,0,221,,1,27.62944,26.81705,22.04836
1786072620,26.98405,81.81125,90,0,221,,1,27.62944,26.78319,22.08222
1786072620,26.84253,81.80209,90,0,221,,1,27.66331,26.74932,22.04836
1786072621,27.02411,81.93484,90,0,221,,1,27.66331,26.74932,22.08222
1786072622,26.94133,81.96384,90,0,221,,1,27.66331,26.71565,22.14976
1786072622,26.86923,81.75784,90,0,222,,1,27.69717,26.81705,22.04836
1786072623,27.02411,81.8616,90,0,222,,1,27.69717,26.85092,22.08222
1786072624,26.86923,81.8204,90,0,222,,1,27.69717,26.74932,22.11589
1786072624,26.96803,81.87686,90,0,221,,1,27.69717,26.74932,22.11589
1786072625,26.94133,81.9028,90,0,222,,1,27.62944,26.74932,22.01469
1786072626,27.05348,81.99435,90,0,221,,1,27.66331,26.81705,22.01469
1786072626,26.95468,81.90433,90,0,221,,1,27.62944,26.78319,22.08222
1786072627,26.98405,81.81125,90,0,221,,1,27.69717,26.85092,22.01469
1786072628,26.94133,81.82956,90,0,221,,1,27.62944,26.78319,22.14976
1786072628,27.05348,81.88907,90,0,221,,1,27.69717,26.81705,22.04836
1786072629,27.01076,82.12863,90,0,221,,1,27.62944,26.78319,22.08222
1786072630,26.92798,81.91806,90,0,221,,1,27.62944,26.74932,22.08222
1786072630,26.94133,81.91196,90,0,221,,1,27.69717,26.74932,22.04836
1786072631,26.94133,82.0676,90,0,221,,1,27.66331,26.74932,22.08222
1786072632,26.95468,81.91653,90,0,221,,1,27.66331,26.71565,21.98083
1786072632,26.99741,81.98978,90,0,222,,1,27.69717,26.81705,22.08222
1786072633,26.94133,81.91196,90,0,222,,1,27.66331,26.78319,22.04836
1786072634,26.96803,82.11795,90,0,222,,1,27.66331,26.74932,22.04836
1786072635,26.95468,81.93637,90,0,222,,1,27.69717,26.81705,22.01469
1786072635,26.99741,82.06302,90,0,221,,1,27.59557,26.74932,22.01469
1786072636,27.04013,82.09506,90,0,221,,1,27.66331,26.78319,22.08222
1786072637,26.98405,82.01724,90,0,221,,1,27.66331,26.74932,22.01469
1786072637,26.96803,82.0325,90,0,221,,1,27.66331,26.78319,22.08222
1786072638,26.92798,82.14694,90,0,221,,1,27.69717,26.74932,22.04836
1786072639,27.04013,82.13626,90,0,221,,1,27.66331,26.81705,22.08222
1786072639,26.95468,82.29801,90,0,221,,1,27.69717,26.81705,22.04836
1786072640,26.8986,82.07675,90,0,221,,1,27.69717,26.74932,22.11589
1786072641,26.98405,82.09048,90,0,221,,1,27.66331,26.81705,22.04836
1786072641,26.92798,82.14694,90,0,221,,1,27.66331,26.78319,22.04836
1786072642,26.95468,82.23697,90,0,221,,1,27.69717,26.68159,22.08222
1786072643,26.99741,82.20645,90,0,222,,1,27.59557,26.71565,22.11589
1786072643,27.02411,82.38956,90,0,222,,1,27.66331,26.81705,22.08222
1786072644,26.98405,82.28733,90,0,222,,1,27.62944,26.74932,22.01469
1786072645,26.96803,82.31174,90,0,222,,1,27.62944,26.81705,22.01469
1786072645,26.91195,82.30717,90,0,221,,1,27.66331,26.78319,22.01469
1786072646,26.96803,82.31174,90,0,221,,1,27.62944,26.71565,22.04836
1786072647,26.99741,82.43534,90,0,221,,1,27.62944,26.71565,22.01469
1786072647,26.99741,82.42619,90,0,221,,1,27.69717,26.78319,22.04836
1786072648,26.98405,82.43382,90,0,221,,1,27.66331,26.78319,22.11589
1786072649,27.06684,82.56809,90,0,221,,1,27.66331,26.74932,21.98083
1786072649,26.95468,82.29801,90,0,221,,1,27.66331,26.81705,22.08222
1786072650,26.94133,82.33768,90,0,221,,1,27.66331,26.74932,22.04836
1786072651,26.88525,82.48875,90,0,221,,1,27.66331,26.81705,22.08222
1786072651,26.98405,82.33768,90,0,221,,1,27.66331,26.74932,21.98083
1786072652,26.94133,82.26597,90,0,221,,1,27.62944,26.78319,22.11589
1786072653,26.94133,82.30564,90,0,221,,1,27.66331,26.78319,22.01469
1786072654,26.98405,82.27818,90,0,222,,1,27.69717,26.78319,22.14976
1786072654,27.01076,82.29343,90,0,222,,1,27.66331,26.74932,22.04836
1786072655,26.95468,82.17441,90,0,221,,1,27.69717,26.78319,22.18362
1786072656,26.85588,82.14694,90,0,221,,1,27.62944,26.74932,22.04836
1786072656,26.99741,82.18661,90,0,221,,1,27.66331,26.78319,22.08222
1786072657,27.04013,82.30259,90,0,221,,1,27.69717,26.74932,22.04836
1786072658,26.94133,82.01419,90,0,221,,1,27.66331,26.74932,22.01469
1786072658,26.82918,82.04929,90,0,221,,1,27.73104,26.74932,22.04836
1786072659,26.98405,82.09048,90,0,221,,1,27.62944,26.74932,22.01469
1786072660,27.01076,81.99435,90,0,221,,1,27.66331,26.74932,22.11589
1786072660,26.99741,82.04013,90,0,221,,1,27.69717,26.85092,22.04836
1786072661,26.85588,81.87991,90,0,221,,1,27.69717,26.74932,22.08222
1786072662,26.95468,81.96841,90,0,221,,1,27.69717,26.74932,22.04836
1786072662,26.99741,81.99893,90,0,221,,1,27.66331,26.74932,22.08222
1786072663,27.01076,81.88907,90,0,221,,1,27.69717,26.74932,22.11589
1786072664,26.91195,81.89365,90,0,222,,1,27.59557,26.81705,22.04836
1786072664,26.94133,81.78836,90,0,222,,1,27.69717,26.81705,22.08222
1786072665,27.01076,81.86771,90,0,222,,1,27.66331,26.78319,21.98083
1786072666,26.99741,81.80362,90,0,221,,1,27.66331,26.71565,22.08222
1786072666,26.98405,81.78836,90,0,221,,1,27.66331,26.78319,22.08222
1786072667,26.91195,81.70748,90,0,221,,1,27.69717,26.74932,22.04836
1786072668,26.92798,81.65102,90,0,221,,1,27.62944,26.78319,22.01469
1786072668,27.01076,81.83871,90,0,221,,1,27.62944,26.81705,22.04836
1786072669,26.95468,81.73952,90,0,221,,1,27.62944,26.74932,22.14976
1786072670,26.92798,81.73342,90,0,221,,1,27.66331,26.74932,22.04836
1786072670,27.01076,81.69222,90,0,221,,1,27.62944,26.85092,22.04836
1786072671,26.92798,81.66933,90,0,221,,1,27.62944,26.85092,22.04836
1786072672,26.96803,81.65102,90,0,222,,1,27.69717,26.78319,21.98083
1786072673,27.01076,81.77463,90,0,222,,1,27.66331,26.81705,22.04836
1786072673,26.94133,81.67391,90,0,221,,1,27.66331,26.74932,22.04836
1786072674,26.92798,81.65102,90,0,221,,1,27.66331,26.71565,22.04836
1786072675,26.98405,81.71511,90,0,221,,1,27.62944,26.74932,22.08222
1786072675,26.92798,81.60677,90,0,221,,1,27.66331,26.81705,22.04836
1786072676,26.96803,81.52438,90,0,221,,1,27.66331,26.78319,22.11589
1786072677,26.96803,81.60677,90,0,221,,1,27.66331,26.81705,22.04836
1786072677,26.92798,81.66018,90,0,221,,1,27.69717,26.81705,22.08222
1786072678,26.95468,81.6144,90,0,221,,1,27.66331,26.78319,22.08222
1786072679,26.98405,81.72579,90,0,221,,1,27.73104,26.71565,22.04836
1786072679,26.95468,81.56405,90,0,221,,1,27.69717,26.85092,21.98083
1786072680,27.01076,81.51522,90,0,221,,1,27.69717,26.74932,22.04836
1786072681,26.91195,81.68459,90,0,221,,1,27.69717,26.88478,22.04836
1786072681,26.98405,81.66476,90,0,221,,1,27.62944,26.74932,22.04836
1786072682,27.02411,81.6556,90,0,221,,1,27.66331,26.81705,22.01469
1786072683,26.96803,81.57778,90,0,222,,1,27.69717,26.74932,22.01469
1786072683,26.98405,81.767,90,0,222,,1,27.73104,26.74932,22.04836
1786072684,27.01076,81.76547,90,0,222,,1,27.69717,26.81705,22.01469
1786072685,26.95468,81.89517,90,0,222,,1,27.62944,26.78319,22.04836
1786072685,26.94133,81.9028,90,0,221,,1,27.69717,26.81705,22.08222
1786072686,26.95468,82.01877,90,0,221,,1,27.66331,26.78319,22.04836
1786072687,27.01076,81.93027,90,0,221,,1,27.69717,26.81705,22.01469
1786072687,27.06684,81.98672,90,0,221,,1,27.69717,26.68159,22.08222
1786072688,26.98405,81.92264,90,0,221,,1,27.66331,26.81705,22.01469
1786072689,26.94133,81.93179,90,0,221,,1,27.66331,26.74932,22.01469
1786072689,26.94133,82.01419,90,0,221,,1,27.66331,26.74932,22.11589
1786072690,26.96803,81.9913,90,0,221,,1,27.69717,26.78319,22.08222
1786072691,26.94133,82.25529,90,0,221,,1,27.66331,26.78319,22.01469
1786072692,27.04013,82.27055,90,0,221,,1,27.62944,26.74932,22.01469
1786072692,26.94133,82.18204,90,0,222,,1,27.62944,26.74932,22.08222
1786072693,26.92798,82.28275,90,0,221,,1,27.66331,26.78319,22.08222
1786072694,26.91195,82.29801,90,0,221,,1,27.66331,26.74932,22.01469
1786072694,26.88525,82.2797,90,0,222,,1,27.66331,26.71565,22.04836
1786072695,26.92798,82.43839,90,0,222,,1,27.69717,26.81705,22.11589
1786072696,27.01076,82.36668,90,0,221,,1,27.66331,26.78319,22.04836
1786072696,26.95468,82.52689,90,0,221,,1,27.66331,26.85092,22.01469
1786072697,26.96803,82.48875,90,0,221,,1,27.62944,26.85092,22.11589
1786072698,26.96803,82.36515,90,0,221,,1,27.69717,26.71565,22.04836
1786072698,26.92798,82.39719,90,0,221,,1,27.66331,26.81705,22.11589
1786072699,26.95468,82.6627,90,0,221,,1,27.66331,26.74932,22.11589
1786072700,26.99741,82.4033,90,0,221,,1,27.69717,26.71565,22.04836
1786072700,27.01076,82.53147,90,0,221,,1,27.66331,26.74932,22.08222
1786072701,26.96803,82.43839,90,0,221,,1,27.66331,26.78319,22.08222
1786072702,26.99741,82.54978,90,0,221,,1,27.66331,26.71565,22.04836
1786072702,26.99741,82.67338,90,0,222,,1,27.66331,26.78319,22.14976
1786072703,26.92798,82.61387,90,0,221,,1,27.66331,26.78319,22.01469
1786072704,26.98405,82.6276,90,0,221,,1,27.66331,26.74932,22.01469
1786072704,26.95468,82.7039,90,0,221,,1,27.69717,26.78319,22.04836
1786072705,27.04013,82.86107,90,0,222,,1,27.66331,26.71565,22.08222
1786072706,26.92798,82.83208,90,0,221,,1,27.69717,26.68159,22.01469
1786072706,26.91195,82.77409,90,0,221,,1,27.66331,26.71565,22.04836
1786072707,26.99741,82.72678,90,0,221,,1,27.62944,26.81705,22.04836
1786072708,26.95468,82.7863,90,0,221,,1,27.62944,26.78319,21.98083
1786072708,26.92798,82.86412,90,0,221,,1,27.66331,26.74932,22.08222
1786072709,26.85588,82.66727,90,0,221,,1,27.66331,26.74932,22.08222
1786072710,27.01076,82.80156,90,0,221,,1,27.69717,26.81705,22.04836
1786072711,26.96803,82.72831,90,0,221,,1,27.62944,26.74932,22.08222
1786072711,26.88525,82.66422,90,0,221,,1,27.66331,26.78319,21.98083
1786072712,26.88525,82.64439,90,0,221,,1,27.69717,26.74932,22.01469
1786072713,26.94133,82.87785,90,0,222,,1,27.59557,26.78319,22.08222
1786072713,26.99741,82.70542,90,0,222,,1,27.66331,26.81705,22.14976
1786072714,27.02411,82.51621,90,0,222,,1,27.69717,26.78319,22.08222
1786072715,27.04013,82.61387,90,0,222,,1,27.69717,26.78319,22.08222
1786072715,26.99741,82.59098,90,0,221,,1,27.69717,26.74932,22.08222
1786072716,26.92798,82.61387,90,0,221,,1,27.66331,26.81705,22.08222
1786072717,27.02411,82.51621,90,0,221,,1,27.62944,26.78319,22.04836
1786072717,27.09621,82.47196,90,0,221,,1,27.69717,26.68159,22.11589
1786072718,27.05348,82.38804,90,0,221,,1,27.62944,26.85092,21.98083
1786072719,26.91195,82.28733,90,0,221,,1,27.66331,26.71565,22.04836
1786072719,26.99741,82.4033,90,0,221,,1,27.66331,26.78319,22.08222
1786072720,26.95468,82.13321,90,0,221,,1,27.66331,26.78319,22.08222
1786072721,26.94133,82.24307,90,0,221,,1,27.69717,26.78319,22.04836
1786072721,26.94133,82.22324,90,0,221,,1,27.69717,26.74932,22.01469
1786072722,26.95468,82.11337,90,0,222,,1,27.66331,26.78319,22.01469
1786072723,26.94133,82.14999,90,0,222,,1,27.66331,26.88478,22.08222
1786072724,26.98405,82.09048,90,0,222,,1,27.66331,26.74932,22.01469
1786072724,26.95468,82.05997,90,0,221,,1,27.69717,26.78319,22.04836
1786072725,26.94133,81.89059,90,0,222,,1,27.66331,26.78319,22.11589
1786072725,27.04013,81.93942,90,0,222,,1,27.62944,26.81705,22.04836
1786072726,26.98405,81.91348,90,0,221,,1,27.73104,26.74932,22.04836
1786072727,26.98405,81.9028,90,0,221,,1,27.69717,26.81705,22.08222
1786072727,27.04013,81.86618,90,0,221,,1,27.66331,26.74932,22.08222
1786072728,26.98405,81.79904,90,0,221,,1,27.69717,26.81705,22.11589
1786072729,27.01076,81.73342,90,0,221,,1,27.66331,26.78319,22.04836
1786072730,26.98405,81.8616,90,0,221,,1,27.69717,26.78319,22.08222
1786072730,26.94133,81.77615,90,0,221,,1,27.62944,26.64792,22.08222
1786072731,26.92798,81.74258,90,0,221,,1,27.7649,26.78319,22.08222
1786072732,26.94133,81.7029,90,0,221,,1,27.66331,26.78319,22.08222
1786072732,26.99741,81.64797,90,0,221,,1,27.66331,26.81705,22.08222
1786072733,26.96803,81.68002,90,0,221,,1,27.66331,26.78319,22.08222
1786072734,26.92798,81.65102,90,0,221,,1,27.66331,26.85092,22.08222
1786072734,26.95468,81.6144,90,0,222,,1,27.66331,26.88478,22.04836
1786072735,26.94133,81.7029,90,0,221,,1,27.66331,26.74932,22.11589
1786072736,27.01076,81.66171,90,0,221,,1,27.62944,26.74932,22.04836
1786072736,26.96803,81.65102,90,0,221,,1,27.69717,26.78319,22.01469
1786072737,27.06684,81.738,90,0,221,,1,27.66331,26.81705,22.08222
1786072738,26.99741,81.61593,90,0,221,,1,27.62944,26.74932,22.11589
1786072738,26.88525,81.64797,90,0,221,,1,27.62944,26.78319,22.04836
1786072739,27.04013,81.65713,90,0,221,,1,27.62944,26.71565,22.08222
1786072740,26.94133,81.59151,90,0,221,,1,27.66331,26.78319,22.08222
1786072740,26.99741,81.55184,90,0,221,,1,27.66331,26.78319,22.04836
1786072741,27.02411,81.68459,90,0,221,,1,27.66331,26.78319,22.04836
1786072742,26.92798,81.54574,90,0,221,,1,27.69717,26.78319,22.11589
1786072742,26.96803,81.53353,90,0,221,,1,27.66331,26.78319,22.04836
1786072743,26.88525,81.57473,90,0,221,,1,27.73104,26.85092,22.08222
1786072744,27.02411,81.59151,90,0,222,,1,27.66331,26.78319,22.04836
1786072744,27.01076,81.65102,90,0,222,,1,27.69717,26.81705,22.01469
1786072745,26.98405,81.6556,90,0,222,,1,27.66331,26.78319,21.94696
1786072746,26.95468,81.65713,90,0,221,,1,27.69717,26.78319,22.08222
1786072746,27.09621,81.66171,90,0,221,,1,27.69717,26.74932,22.08222
1786072747,26.96803,81.68917,90,0,221,,1,27.66331,26.78319,22.04836
1786072748,26.86923,81.50912,90,0,221,,1,27.69717,26.78319,21.98083
1786072749,26.95468,81.5732,90,0,221,,1,27.66331,26.78319,22.01469
1786072749,27.01076,81.57778,90,0,221,,1,27.69717,26.78319,22.08222
1786072750,26.96803,81.65102,90,0,221,,1,27.66331,26.74932,22.04836
1786072751,26.96803,81.68002,90,0,221,,1,27.69717,26.81705,22.11589
1786072751,26.96803,81.53353,90,0,221,,1,27.66331,26.81705,22.04836
1786072752,26.8986,81.63271,90,0,221,,1,27.69717,26.71565,22.14976
1786072753,26.99741,81.54269,90,0,222,,1,27.62944,26.81705,21.98083
1786072753,26.95468,81.64645,90,0,222,,1,27.69717,26.78319,22.04836
1786072754,26.8986,81.56863,90,0,221,,1,27.66331,26.68159,22.08222
1786072755,26.95468,81.54116,90,0,222,,1,27.66331,26.71565,22.08222
1786072755,26.99741,81.59609,90,0,221,,1,27.66331,26.81705,22.08222
1786072756,26.99741,81.58389,90,0,221,,1,27.69717,26.78319,22.08222
1786072757,26.96803,81.56557,90,0,221,,1,27.69717,26.68159,22.04836
1786072757,26.94133,81.54726,90,0,221,,1,27.62944,26.81705,22.04836
1786072758,26.99741,81.54269,90,0,221,,1,27.66331,26.78319,22.04836
1786072759,26.98405,81.59151,90,0,221,,1,27.66331,26.85092,22.08222
1786072759,26.96803,81.59762,90,0,221,,1,27.62944,26.81705,22.08222
1786072760,26.98405,81.58236,90,0,221,,1,27.66331,26.71565,22.04836
1786072761,27.01076,81.62966,90,0,221,,1,27.66331,26.74932,22.04836
1786072761,26.98405,81.62356,90,0,221,,1,27.69717,26.68159,22.01469
1786072762,26.98405,81.43587,90,0,222,,1,27.62944,26.74932,22.11589
1786072763,26.99741,81.5732,90,0,222,,1,27.66331,26.74932,22.08222
1786072763,26.8986,81.54726,90,0,222,,1,27.69717,26.81705,22.08222
1786072764,26.98405,81.6022,90,0,222,,1,27.59557,26.78319,22.04836
1786072765,26.98405,81.57015,90,0,222,,1,27.62944,26.78319,22.08222
1786072765,26.98405,81.64339,90,0,222,,1,27.66331,26.74932,22.14976
1786072766,26.99741,81.62508,90,0,222,,1,27.66331,26.81705,22.08222
1786072767,26.94133,81.7029,90,0,221,,1,27.69717,26.78319,22.11589
1786072768,26.95468,81.59304,90,0,221,,1,27.66331,26.74932,22.01469
1786072768,27.06684,81.738,90,0,221,,1,27.66331,26.74932,22.04836
1786072769,26.95468,81.6144,90,0,221,,1,27.69717,26.88478,22.11589
1786072770,26.82918,81.57015,90,0,221,,1,27.69717,26.68159,22.01469
1786072770,27.01076,81.76547,90,0,221,,1,27.66331,26.74932,22.08222
1786072771,26.99741,81.68764,90,0,221,,1,27.66331,26.78319,22.11589
1786072772,26.95468,81.67544,90,0,221,,1,27.62944,26.78319,22.04836
1786072772,27.09621,81.63271,90,0,222,,1,27.66331,26.68159,22.04836
1786072773,26.95468,81.71664,90,0,222,,1,27.69717,26.71565,22.04836
1786072774,26.99741,81.68764,90,0,222,,1,27.69717,26.74932,22.14976
1786072774,26.95468,81.62508,90,0,222,,1,27.62944,26.78319,22.04836
1786072775,26.8986,81.62051,90,0,221,,1,27.62944,26.74932,22.01469
1786072776,27.08286,81.62814,90,0,221,,1,27.66331,26.81705,22.04836
1786072776,26.92798,81.66018,90,0,221,,1,27.73104,26.74932,22.04836
1786072777,26.88525,81.65713,90,0,221,,1,27.69717,26.78319,22.01469
1786072778,26.8986,81.69222,90,0,221,,1,27.73104,26.71565,22.04836
1786072778,26.96803,81.59762,90,0,221,,1,27.69717,26.81705,22.08222
1786072779,26.88525,81.69833,90,0,221,,1,27.69717,26.71565,22.11589
1786072780,27.02411,81.69375,90,0,221,,1,27.66331,26.91865,22.14976
1786072780,26.99741,81.73952,90,0,221,,1,27.62944,26.85092,22.01469
1786072781,27.02411,81.63271,90,0,221,,1,27.59557,26.81705,22.04836
1786072782,27.02411,81.72579,90,0,221,,1,27.66331,26.81705,22.08222
1786072782,26.99741,81.46029,90,0,222,,1,27.59557,26.68159,22.11589
1786072783,26.95468,81.63729,90,0,221,,1,27.66331,26.78319,22.01469
1786072784,26.95468,81.6144,90,0,221,,1,27.66331,26.74932,22.04836
1786072784,26.95468,81.59304,90,0,222,,1,27.62944,26.68159,22.11589
1786072785,26.95468,81.58389,90,0,221,,1,27.66331,26.78319,22.01469
1786072786,27.01076,81.47402,90,0,221,,1,27.66331,26.78319,22.08222
1786072787,26.98405,81.58236,90,0,221,,1,27.66331,26.81705,22.01469
1786072787,26.98405,81.66476,90,0,221,,1,27.69717,26.78319,22.08222
1786072788,27.02411,81.57015,90,0,221,,1,27.66331,26.85092,22.01469
1786072789,27.04013,81.58389,90,0,221,,1,27.66331,26.71565,22.01469
1786072789,26.94133,81.48775,90,0,221,,1,27.69717,26.81705,22.11589
1786072790,26.99741,81.62508,90,0,221,,1,27.66331,26.74932,22.11589
1786072791,26.95468,81.64645,90,0,221,,1,27.66331,26.78319,21.98083
1786072791,26.92798,81.56557,90,0,221,,1,27.69717,26.81705,22.08222
1786072792,26.92798,81.53353,90,0,221,,1,27.66331,26.71565,22.01469
1786072793,26.96803,81.57778,90,0,222,,1,27.62944,26.74932,22.14976
1786072793,26.96803,81.57778,90,0,222,,1,27.66331,26.78319,22.08222
1786072794,26.98405,81.57015,90,0,222,,1,27.69717,26.81705,22.11589
1786072795,26.92798,81.4725,90,0,222,,1,27.66331,26.74932,22.01469
1786072795,27.05348,81.58846,90,0,221,,1,27.62944,26.74932,22.01469
1786072796,27.04013,81.59609,90,0,221,,1,27.66331,26.81705,22.01469
1786072797,26.95468,81.55184,90,0,221,,1,27.69717,26.78319,22.04836
1786072797,27.05348,81.53811,90,0,221,,1,27.66331,26.85092,22.01469
1786072798,26.94133,81.62051,90,0,221,,1,27.66331,26.71565,22.08222
1786072799,26.95468,81.65713,90,0,221,,1,27.62944,26.81705,22.11589
1786072799,26.92798,81.60677,90,0,221,,1,27.66331,26.81705,22.08222
1786072800,27.04013,81.63729,90,0,221,,1,27.66331,26.74932,22.14976
1786072801,26.92798,81.51369,90,0,221,,1,27.69717,26.74932,22.08222
1786072801,26.8986,81.61135,90,0,221,,1,27.66331,26.74932,22.11589
1786072802,26.91195,81.52895,90,0,221,,1,27.69717,26.78319,22.08222
1786072803,26.96803,81.50454,90,0,222,,1,27.62944,26.71565,22.04836
1786072804,26.95468,81.50149,90,0,221,,1,27.66331,26.74932,22.08222
1786072804,26.96803,81.59762,90,0,221,,1,27.69717,26.74932,22.04836
1786072805,26.94133,81.50912,90,0,221,,1,27.66331,26.74932,22.04836
1786072806,26.85588,81.45419,90,0,221,,1,27.66331,26.81705,22.08222
1786072806,26.98405,81.6022,90,0,221,,1,27.66331,26.91865,22.04836
1786072807,26.96803,81.59762,90,0,221,,1,27.66331,26.81705,22.08222
1786072808,26.94133,81.57015,90,0,221,,1,27.73104,26.81705,22.11589
1786072808,26.94133,81.55947,90,0,221,,1,27.73104,26.71565,22.08222
1786072809,26.99741,81.52285,90,0,221,,1,27.62944,26.74932,22.04836
1786072810,27.04013,81.53353,90,0,221,,1,27.66331,26.78319,22.04836
1786072810,27.02411,81.57015,90,0,221,,1,27.66331,26.74932,22.14976
1786072811,26.92798,81.51369,90,0,221,,1,27.59557,26.74932,22.04836
1786072812,26.94133,81.50912,90,0,221,,1,27.66331,26.78319,21.98083
1786072812,26.98405,81.58236,90,0,222,,1,27.69717,26.78319,21.98083
1786072813,26.8986,81.50607,90,0,222,,1,27.69717,26.81705,22.04836
1786072814,26.91195,81.54116,90,0,222,,1,27.62944,26.78319,22.01469
1786072814,26.92798,81.60677,90,0,221,,1,27.66331,26.71565,22.14976
1786072815,26.92798,81.59762,90,0,222,,1,27.66331,26.78319,22.01469
1786072816,26.91195,81.52895,90,0,221,,1,27.66331,26.85092,22.04836
1786072816,26.85588,81.47402,90,0,221,,1,27.69717,26.71565,22.11589
1786072817,27.04013,81.66933,90,0,221,,1,27.69717,26.74932,22.01469
1786072818,26.95468,81.59304,90,0,221,,1,27.66331,26.64792,22.01469
1786072818,27.01076,81.38094,90,0,221,,1,27.62944,26.74932,22.11589
1786072819,26.96803,81.53353,90,0,221,,1,27.69717,26.88478,22.04836
1786072820,26.98405,81.5198,90,0,221,,1,27.69717,26.81705,21.98083
1786072820,26.85588,81.51522,90,0,221,,1,27.66331,26.78319,22.11589
1786072821,26.95468,81.45876,90,0,221,,1,27.66331,26.81705,22.04836
1786072822,26.99741,81.58389,90,0,221,,1,27.62944,26.71565,22.04836
1786072823,26.94133,81.46487,90,0,222,,1,27.69717,26.78319,22.11589
1786072823,26.99741,81.56405,90,0,222,,1,27.66331,26.74932,22.04836
1786072824,26.92798,81.45113,90,0,222,,1,27.66331,26.74932,22.08222
1786072825,26.95468,81.49081,90,0,222,,1,27.62944,26.78319,22.04836
1786072825,26.95468,81.46944,90,0,221,,1,27.66331,26.74932,22.11589
1786072826,26.91195,81.55184,90,0,221,,1,27.66331,26.81705,22.08222
1786072827,26.99741,81.44045,90,0,221,,1,27.66331,26.78319,22.01469
1786072827,26.98405,81.58236,90,0,221,,1,27.66331,26.71565,22.11589
1786072828,26.95468,81.44961,90,0,221,,1,27.69717,26.74932,22.01469
1786072829,26.96803,81.42214,90,0,221,,1,27.62944,26.81705,22.08222
1786072829,27.02411,81.57015,90,0,221,,1,27.62944,26.74932,22.01469
1786072830,26.94133,81.46487,90,0,221,,1,27.69717,26.74932,21.98083
1786072831,27.04013,81.46029,90,0,221,,1,27.66331,26.71565,22.04836
1786072831,26.92798,81.59762,90,0,221,,1,27.59557,26.85092,22.18362
1786072832,26.94133,81.40383,90,0,221,,1,27.66331,26.74932,22.11589
1786072833,27.05348,81.55642,90,0,222,,1,27.66331,26.71565,21.98083
1786072833,26.86923,81.52895,90,0,222,,1,27.69717,26.81705,22.11589
1786072834,26.96803,81.48318,90,0,221,,1,27.62944,26.74932,22.14976
1786072835,26.94133,81.48775,90,0,222,,1,27.69717,26.81705,22.01469
1786072835,27.04013,81.51369,90,0,221,,1,27.66331,26.81705,22.08222
1786072836,26.95468,81.56405,90,0,221,,1,27.66331,26.74932,22.08222
1786072837,26.98405,81.52895,90,0,221,,1,27.66331,26.81705,22.08222
1786072837,27.05348,81.52743,90,0,221,,1,27.66331,26.81705,21.98083
1786072838,26.96803,81.53353,90,0,221,,1,27.66331,26.78319,22.04836
1786072839,26.91195,81.561,90,0,221,,1,27.69717,26.74932,22.01469
1786072839,26.95468,81.45876,90,0,221,,1,27.69717,26.74932,22.08222
1786072840,26.8986,81.53658,90,0,221,,1,27.69717,26.78319,22.08222
1786072841,26.95468,81.65713,90,0,221,,1,27.66331,26.78319,22.01469
1786072842,26.96803,81.52438,90,0,221,,1,27.59557,26.74932,22.08222
1786072842,26.94133,81.46487,90,0,222,,1,27.66331,26.71565,22.08222
1786072843,26.95468,81.53201,90,0,222,,1,27.59557,26.81705,22.08222
1786072844,26.95468,81.45876,90,0,222,,1,27.66331,26.81705,22.11589
1786072844,26.92798,81.49538,90,0,222,,1,27.62944,26.78319,22.01469
1786072845,26.95468,81.48165,90,0,221,,1,27.62944,26.61406,21.98083
1786072846,27.01076,81.50607,90,0,221,,1,27.69717,26.78319,22.11589
1786072846,27.04013,81.59609,90,0,221,,1,27.66331,26.78319,22.01469
1786072847,27.04013,81.51369,90,0,221,,1,27.66331,26.78319,22.04836
1786072848,26.98405,81.49996,90,0,221,,1,27.66331,26.81705,22.11589
1786072848,26.95468,81.49081,90,0,222,,1,27.66331,26.88478,22.08222
1786072849,27.06684,81.45876,90,0,221,,1,27.66331,26.74932,22.04836
1786072850,26.98405,81.63271,90,0,221,,1,27.62944,26.78319,22.08222
1786072850,26.95468,81.5732,90,0,221,,1,27.66331,26.74932,22.08222
1786072851,26.94133,81.46487,90,0,221,,1,27.69717,26.74932,22.04836
1786072852,26.98405,81.47707,90,0,221,,1,27.69717,26.81705,22.01469
1786072852,26.98405,81.5198,90,0,222,,1,27.69717,26.81705,21.98083
1786072853,26.98405,81.48775,90,0,221,,1,27.66331,26.81705,22.01469
1786072854,27.04013,81.63729,90,0,222,,1,27.69717,26.78319,22.11589
1786072854,26.94133,81.50912,90,0,222,,1,27.69717,26.74932,22.11589
1786072855,26.96803,81.51522,90,0,222,,1,27.69717,26.85092,22.01469
1786072856,27.01076,81.48318,90,0,221,,1,27.66331,26.74932,22.04836
1786072856,26.99741,81.46944,90,0,221,,1,27.73104,26.78319,22.08222
1786072857,26.96803,81.47402,90,0,221,,1,27.66331,26.74932,22.04836
1786072858,26.94133,81.51827,90,0,221,,1,27.69717,26.78319,22.01469
1786072858,26.94133,81.65255,90,0,221,,1,27.66331,26.78319,22.08222
1786072859,26.96803,81.50454,90,0,221,,1,27.66331,26.81705,22.08222
1786072860,26.98405,81.53811,90,0,221,,1,27.66331,26.78319,22.08222
1786072861,26.94133,81.52743,90,0,221,,1,27.66331,26.74932,22.08222
1786072861,26.94133,81.49691,90,0,221,,1,27.69717,26.78319,22.01469
1786072862,26.99741,81.56405,90,0,222,,1,27.66331,26.78319,22.08222
1786072863,26.96803,81.51522,90,0,221,,1,27.66331,26.74932,22.01469
1786072863,26.96803,81.51522,90,0,221,,1,27.66331,26.74932,22.01469
1786072864,27.06684,81.53201,90,0,221,,1,27.69717,26.78319,22.04836
1786072865,26.99741,81.60525,90,0,221,,1,27.66331,26.78319,22.01469
1786072865,26.98405,81.58236,90,0,221,,1,27.66331,26.68159,22.08222
1786072866,26.95468,81.6144,90,0,221,,1,27.66331,26.78319,22.11589
1786072867,26.95468,81.51064,90,0,221,,1,27.66331,26.71565,22.11589
1786072867,26.94133,81.45571,90,0,221,,1,27.69717,26.78319,22.04836
1786072868,26.98405,81.5198,90,0,221,,1,27.62944,26.81705,22.11589
1786072869,27.02411,81.48775,90,0,221,,1,27.66331,26.74932,22.04836
1786072869,27.02411,81.50912,90,0,222,,1,27.62944,26.74932,22.11589
1786072870,27.01076,81.47402,90,0,221,,1,27.66331,26.74932,22.04836
1786072871,26.94133,81.52743,90,0,221,,1,27.66331,26.78319,22.08222
1786072871,26.91195,81.49081,90,0,221,,1,27.69717,26.71565,22.08222
1786072872,27.02411,81.55947,90,0,221,,1,27.73104,26.71565,22.01469
1786072873,26.98405,81.47707,90,0,222,,1,27.59557,26.88478,22.04836
1786072873,27.01076,81.46334,90,0,222,,1,27.66331,26.78319,22.01469
1786072874,26.96803,81.66018,90,0,222,,1,27.66331,26.78319,22.08222
1786072875,26.98405,81.53811,90,0,221,,1,27.66331,26.78319,22.01469
1786072875,27.08286,81.59609,90,0,221,,1,27.62944,26.71565,22.08222
1786072876,26.86923,81.49691,90,0,221,,1,27.69717,26.71565,22.04836
1786072877,26.95468,81.45876,90,0,221,,1,27.69717,26.74932,22.08222
1786072877,26.94133,81.60067,90,0,221,,1,27.62944,26.74932,22.11589
1786072878,26.94133,81.64339,90,0,221,,1,27.69717,26.81705,22.04836
1786072879,26.8986,81.43282,90,0,221,,1,27.66331,26.78319,22.04836
1786072880,26.85588,81.51522,90,0,221,,1,27.66331,26.78319,22.08222
1786072880,26.95468,81.49081,90,0,221,,1,27.66331,26.78319,22.08222
1786072881,26.95468,81.5732,90,0,221,,1,27.69717,26.85092,22.04836
1786072882,26.96803,81.58694,90,0,221,,1,27.66331,26.85092,22.08222
1786072882,27.05348,81.62966,90,0,222,,1,27.66331,26.78319,22.08222
1786072883,26.99741,81.68764,90,0,221,,1,27.69717,26.71565,22.01469
1786072884,26.94133,81.75632,90,0,221,,1,27.66331,26.78319,22.08222
1786072884,26.99741,81.81277,90,0,222,,1,27.66331,26.81705,22.08222
1786072885,27.02411,81.92264,90,0,222,,1,27.66331,26.71565,22.11589
1786072886,27.01076,81.99435,90,0,221,,1,27.69717,26.74932,22.04836
1786072886,26.99741,81.96841,90,0,221,,1,27.66331,26.74932,22.04836
1786072887,26.96803,82.11795,90,0,222,,1,27.62944,26.81705,22.04836
1786072888,26.98405,82.24612,90,0,222,,1,27.73104,26.64792,22.04836
1786072888,26.98405,82.38956,90,0,221,,1,27.66331,26.78319,22.04836
1786072889,26.96803,82.36515,90,0,221,,1,27.59557,26.74932,22.04836
1786072890,27.04013,82.4155,90,0,221,,1,27.69717,26.81705,22.04836
1786072890,27.01076,82.46128,90,0,221,,1,27.73104,26.81705,22.04836
1786072891,26.94133,82.31632,90,0,221,,1,27.69717,26.74932,22.08222
1786072892,27.08286,82.54063,90,0,221,,1,27.66331,26.74932,22.04836
1786072892,26.96803,82.47959,90,0,222,,1,27.69717,26.71565,22.11589
1786072893,26.98405,82.61845,90,0,222,,1,27.69717,26.78319,22.08222
1786072894,26.99741,82.42619,90,0,222,,1,27.66331,26.78319,22.04836
1786072894,26.8986,82.49027,90,0,222,,1,27.69717,26.64792,22.14976
1786072895,27.01076,82.49027,90,0,221,,1,27.69717,26.78319,22.08222
1786072896,26.98405,82.52537,90,0,221,,1,27.66331,26.81705,21.98083
1786072896,27.09621,82.57572,90,0,221,,1,27.66331,26.78319,22.04836
1786072897,26.95468,82.43534,90,0,221,,1,27.66331,26.78319,22.04836
1786072898,26.96803,82.58488,90,0,221,,1,27.66331,26.71565,22.08222
1786072899,27.06684,82.53605,90,0,221,,1,27.66331,26.78319,22.11589
1786072899,26.99741,82.61234,90,0,221,,1,27.66331,26.71565,22.01469
1786072900,26.95468,82.60929,90,0,221,,1,27.66331,26.81705,22.04836
1786072901,26.95468,82.65049,90,0,221,,1,27.69717,26.81705,22.11589
1786072901,27.01076,82.64591,90,0,221,,1,27.69717,26.78319,22.11589
1786072902,26.88525,82.61234,90,0,221,,1,27.73104,26.81705,22.01469
1786072903,26.98405,82.60777,90,0,222,,1,27.69717,26.81705,22.01469
1786072903,27.02411,82.70084,90,0,222,,1,27.69717,26.81705,22.11589
1786072904,26.99741,82.71458,90,0,222,,1,27.62944,26.68159,21.94696
1786072905,26.98405,82.72221,90,0,222,,1,27.66331,26.78319,22.08222
1786072905,26.98405,82.68101,90,0,221,,1,27.73104,26.81705,22.04836
1786072906,27.02411,82.81529,90,0,221,,1,27.66331,26.74932,22.08222
1786072907,26.8986,82.78172,90,0,221,,1,27.66331,26.78319,22.08222
1786072907,26.99741,82.85039,90,0,221,,1,27.66331,26.74932,22.04836
1786072908,27.04013,82.57114,90,0,221,,1,27.69717,26.68159,22.08222
1786072909,26.88525,82.67643,90,0,221,,1,27.66331,26.81705,22.11589
1786072909,26.95468,82.52689,90,0,221,,1,27.66331,26.68159,22.08222
1786072910,27.04013,82.65354,90,0,221,,1,27.62944,26.78319,22.11589
1786072911,27.02411,82.53605,90,0,221,,1,27.66331,26.81705,22.11589
1786072911,26.99741,82.43534,90,0,221,,1,27.69717,26.74932,22.04836
1786072912,26.92798,82.45823,90,0,221,,1,27.69717,26.78319,22.18362
1786072913,26.95468,82.29801,90,0,221,,1,27.66331,26.74932,22.14976
1786072913,26.88525,82.21866,90,0,221,,1,27.66331,26.74932,22.08222
1786072914,26.88525,82.16525,90,0,222,,1,27.73104,26.81705,22.08222
1786072915,27.01076,82.23239,90,0,222,,1,27.62944,26.74932,22.01469
1786072915,26.99741,82.1149,90,0,221,,1,27.62944,26.81705,21.94696
1786072916,26.96803,82.08591,90,0,221,,1,27.62944,26.71565,22.11589
1786072917,26.94133,81.99435,90,0,221,,1,27.69717,26.74932,22.04836
1786072918,26.92798,81.93942,90,0,221,,1,27.66331,26.78319,22.04836
1786072918,26.96803,81.84482,90,0,221,,1,27.66331,26.74932,22.04836
1786072919,26.96803,81.86618,90,0,221,,1,27.62944,26.78319,22.08222
1786072920,27.01076,81.84787,90,0,221,,1,27.62944,26.78319,22.11589
1786072920,26.94133,81.8204,90,0,221,,1,27.62944,26.78319,22.11589
1786072921,26.99741,81.88449,90,0,221,,1,27.69717,26.78319,22.11589
1786072922,26.94133,81.73495,90,0,221,,1,27.73104,26.74932,22.11589
1786072922,26.88525,81.82498,90,0,222,,1,27.66331,26.81705,22.08222
1786072923,26.92798,81.76242,90,0,221,,1,27.69717,26.78319,22.01469
1786072924,27.01076,81.84787,90,0,222,,1,27.66331,26.74932,22.11589
1786072924,26.95468,81.81277,90,0,222,,1,27.69717,26.78319,22.01469
1786072925,26.94133,81.71511,90,0,222,,1,27.73104,26.81705,22.01469
1786072926,27.01076,81.86771,90,0,221,,1,27.59557,26.81705,22.14976
1786072926,26.96803,81.74258,90,0,221,,1,27.66331,26.78319,21.98083
1786072927,26.7998,81.64645,90,0,221,,1,27.62944,26.74932,22.14976
1786072928,26.96803,81.78531,90,0,221,,1,27.66331,26.71565,22.08222
1786072928,26.94133,81.85855,90,0,221,,1,27.69717,26.71565,21.98083
1786072929,26.92798,81.79446,90,0,221,,1,27.66331,26.81705,22.08222
1786072930,26.95468,82.01877,90,0,221,,1,27.66331,26.74932,22.04836
1786072930,26.8986,81.99435,90,0,221,,1,27.62944,26.81705,22.08222
1786072931,27.02411,82.05844,90,0,221,,1,27.66331,26.85092,22.04836
1786072932,27.01076,82.18814,90,0,221,,1,27.66331,26.74932,22.08222
1786072932,26.95468,82.15457,90,0,222,,1,27.66331,26.78319,21.98083
1786072933,26.88525,82.18814,90,0,221,,1,27.66331,26.71565,22.14976
1786072934,27.05348,82.32548,90,0,222,,1,27.66331,26.85092,22.04836
1786072934,27.06684,82.4445,90,0,222,,1,27.62944,26.78319,22.11589
1786072935,26.96803,82.36515,90,0,221,,1,27.69717,26.71565,22.08222
1786072936,26.95468,82.57114,90,0,221,,1,27.62944,26.74932,22.04836
1786072937,26.99741,82.63218,90,0,221,,1,27.69717,26.74932,22.08222
1786072937,26.92798,82.66422,90,0,221,,1,27.66331,26.78319,22.08222
1786072938,26.99741,82.4567,90,0,221,,1,27.62944,26.74932,22.04836
1786072939,26.92798,82.60319,90,0,221,,1,27.66331,26.74932,22.04836
1786072939,26.92798,82.53147,90,0,221,,1,27.69717,26.71565,22.14976
1786072940,26.96803,82.63523,90,0,221,,1,27.66331,26.71565,22.11589
1786072941,26.98405,82.71305,90,0,221,,1,27.66331,26.71565,22.11589
1786072941,26.91195,82.56809,90,0,221,,1,27.62944,26.71565,22.08222
1786072942,26.91195,82.61845,90,0,221,,1,27.66331,26.74932,22.11589
1786072943,26.96803,82.69627,90,0,222,,1,27.66331,26.81705,22.08222
1786072943,26.96803,82.63523,90,0,221,,1,27.66331,26.78319,22.08222
1786072944,27.01076,82.60471,90,0,222,,1,27.66331,26.78319,22.11589
1786072945,27.01076,82.62608,90,0,222,,1,27.66331,26.71565,22.11589
1786072945,26.95468,82.49485,90,0,221,,1,27.73104,26.81705,22.04836
1786072946,26.94133,82.51316,90,0,221,,1,27.62944,26.78319,22.08222
1786072947,26.96803,82.47959,90,0,221,,1,27.69717,26.81705,22.08222
1786072947,26.96803,82.53147,90,0,221,,1,27.66331,26.85092,22.01469
1786072948,27.02411,82.32853,90,0,221,,1,27.66331,26.85092,22.01469
1786072949,26.98405,82.55741,90,0,221,,1,27.69717,26.78319,22.04836
1786072949,26.98405,82.41093,90,0,221,,1,27.69717,26.78319,22.04836
1786072950,26.86923,82.36057,90,0,221,,1,27.66331,26.78319,22.11589
1786072951,26.99741,82.38346,90,0,221,,1,27.66331,26.74932,22.08222
1786072951,26.99741,82.39414,90,0,221,,1,27.66331,26.74932,21.98083
1786072952,26.95468,82.35142,90,0,221,,1,27.69717,26.74932,21.9133
1786072953,26.98405,82.32853,90,0,222,,1,27.66331,26.78319,22.08222
1786072954,26.99741,82.34226,90,0,222,,1,27.66331,26.74932,22.08222
1786072954,26.96803,82.28275,90,0,221,,1,27.66331,26.78319,22.04836
1786072955,26.95468,82.25986,90,0,221,,1,27.66331,26.68159,22.04836
1786072956,27.06684,82.36057,90,0,221,,1,27.69717,26.78319,22.01469
1786072956,26.99741,82.31022,90,0,221,,1,27.62944,26.78319,22.01469
1786072957,26.99741,82.23849,90,0,221,,1,27.66331,26.71565,22.14976
1786072958,27.05348,82.28428,90,0,221,,1,27.62944,26.78319,22.08222
1786072958,26.96803,82.24155,90,0,222,,1,27.62944,26.71565,22.01469
1786072959,27.02411,82.18204,90,0,221,,1,27.66331,26.81705,22.04836
1786072960,26.95468,82.13321,90,0,221,,1,27.69717,26.78319,22.11589
1786072960,26.98405,82.21408,90,0,221,,1,27.69717,26.81705,21.98083
1786072961,26.92798,82.1683,90,0,221,,1,27.66331,26.78319,22.08222
1786072962,26.94133,82.21408,90,0,221,,1,27.69717,26.81705,22.18362
1786072962,26.96803,82.22018,90,0,222,,1,27.62944,26.74932,22.14976
1786072963,26.94133,82.16983,90,0,222,,1,27.66331,26.71565,22.08222
1786072964,26.88525,82.0737,90,0,222,,1,27.66331,26.71565,22.08222
1786072964,26.94133,82.07828,90,0,221,,1,27.62944,26.91865,22.04836
1786072965,27.04013,82.1149,90,0,222,,1,27.69717,26.88478,22.14976
1786072966,26.94133,82.03555,90,0,221,,1,27.69717,26.85092,22.04836
1786072966,26.94133,82.05844,90,0,221,,1,27.69717,26.78319,21.98083
1786072967,26.95468,81.97757,90,0,221,,1,27.66331,26.81705,22.11589
1786072968,26.99741,82.01877,90,0,221,,1,27.66331,26.81705,22.04836
1786072968,26.92798,82.06454,90,0,221,,1,27.66331,26.74932,22.08222
1786072969,26.92798,81.93942,90,0,222,,1,27.66331,26.78319,22.14976
1786072970,26.99741,81.91653,90,0,221,,1,27.66331,26.85092,22.08222
1786072970,26.98405,82.11032,90,0,221,,1,27.66331,26.78319,22.11589
1786072971,27.02411,81.94553,90,0,221,,1,27.66331,26.85092,22.01469
1786072972,27.04013,81.86618,90,0,221,,1,27.69717,26.81705,22.01469
1786072973,26.91195,81.84024,90,0,222,,1,27.62944,26.81705,22.01469
1786072973,26.91195,81.91348,90,0,222,,1,27.66331,26.81705,22.08222
1786072974,27.05348,81.86771,90,0,222,,1,27.69717,26.78319,22.01469
1786072975,27.04013,81.86618,90,0,222,,1,27.69717,26.71565,22.01469
1786072975,27.02411,81.88144,90,0,221,,1,27.66331,26.74932,21.98083
1786072976,26.92798,81.87686,90,0,221,,1,27.66331,26.74932,22.11589
1786072977,26.98405,81.83109,90,0,221,,1,27.73104,26.74932,22.01469
1786072977,27.02411,81.79904,90,0,221,,1,27.66331,26.78319,22.08222
1786072978,26.96803,81.82651,90,0,221,,1,27.66331,26.78319,22.08222
1786072979,26.95468,81.91653,90,0,221,,1,27.66331,26.81705,22.08222
1786072979,26.95468,81.78073,90,0,221,,1,27.62944,26.74932,22.08222
1786072980,26.91195,81.80209,90,0,221,,1,27.66331,26.74932,22.01469
1786072981,26.95468,81.80209,90,0,221,,1,27.69717,26.74932,22.01469
1786072981,26.94133,81.71511,90,0,221,,1,27.69717,26.78319,22.11589
1786072982,26.96803,81.78531,90,0,221,,1,27.69717,26.74932,22.08222
1786072983,27.01076,81.89975,90,0,222,,1,27.66331,26.81705,22.04836
1786072983,26.85588,81.80667,90,0,222,,1,27.66331,26.78319,22.08222
1786072984,27.02411,81.8494,90,0,222,,1,27.69717,26.78319,22.08222
1786072985,26.84253,81.73952,90,0,221,,1,27.66331,26.78319,21.98083
1786072985,26.98405,81.78836,90,0,221,,1,27.66331,26.85092,22.08222
1786072986,26.96803,81.85703,90,0,221,,1,27.66331,26.71565,22.04836
1786072987,26.95468,81.84329,90,0,221,,1,27.66331,26.74932,22.04836
1786072987,26.98405,81.77921,90,0,221,,1,27.69717,26.71565,22.08222
1786072988,26.96803,81.76242,90,0,221,,1,27.66331,26.85092,22.01469
1786072989,26.92798,81.81583,90,0,221,,1,27.69717,26.78319,22.04836
1786072989,26.96803,81.84482,90,0,221,,1,27.69717,26.81705,22.11589
1786072990,27.09621,81.79752,90,0,221,,1,27.66331,26.78319,22.04836
1786072991,26.8986,81.91196,90,0,221,,1,27.66331,26.81705,22.08222
1786072991,26.99741,81.95926,90,0,221,,1,27.66331,26.71565,22.01469
1786072992,26.98405,81.97604,90,0,222,,1,27.62944,26.78319,21.98083
1786072993,26.92798,82.05386,90,0,222,,1,27.62944,26.74932,22.04836
1786072994,26.98405,82.06912,90,0,222,,1,27.69717,26.74932,22.01469
1786072994,27.02411,82.10117,90,0,222,,1,27.66331,26.71565,22.11589
1786072995,27.01076,82.09659,90,0,221,,1,27.66331,26.78319,21.98083
1786072996,26.8986,82.15915,90,0,221,,1,27.69717,26.81705,22.04836
1786072996,26.96803,82.18814,90,0,221,,1,27.69717,26.85092,22.08222
1786072997,27.01076,82.33463,90,0,221,,1,27.69717,26.74932,22.04836
1786072998,27.05348,82.31632,90,0,221,,1,27.66331,26.78319,22.11589
1786072998,26.98405,82.23392,90,0,221,,1,27.66331,26.74932,22.08222
1786072999,27.04013,82.30259,90,0,221,,1,27.66331,26.81705,22.08222
1786073000,27.01076,82.32395,90,0,221,,1,27.66331,26.74932,22.04836
1786073000,26.94133,82.19272,90,0,221,,1,27.66331,26.71565,22.04836
1786073001,26.95468,82.2797,90,0,221,,1,27.66331,26.81705,22.14976
1786073002,26.92798,82.24155,90,0,221,,1,27.66331,26.85092,22.04836
1786073002,26.96803,82.22018,90,0,223,,1,27.66331,26.85092,22.11589
1786073003,26.91195,82.24765,90,0,221,,1,27.73104,26.78319,22.11589
1786073004,26.92798,82.0737,90,0,221,,1,27.69717,26.85092,22.01469
1786073004,26.95468,81.98672,90,0,221,,1,27.62944,26.78319,22.04836
1786073005,26.91195,81.99588,90,0,222,,1,27.66331,26.78319,22.04836
1786073006,26.95468,81.99893,90,0,221,,1,27.62944,26.78319,22.04836
1786073006,27.01076,81.97299,90,0,221,,1,27.69717,26.71565,22.01469
1786073007,26.96803,81.96231,90,0,221,,1,27.73104,26.71565,22.08222
1786073008,27.01076,81.90891,90,0,221,,1,27.62944,26.81705,22.04836
1786073008,27.06684,81.85245,90,0,221,,1,27.66331,26.81705,22.08222
1786073009,26.94133,81.71511,90,0,221,,1,27.66331,26.74932,22.14976
1786073010,26.94133,81.88144,90,0,222,,1,27.62944,26.81705,22.11589
1786073010,26.88525,81.82498,90,0,221,,1,27.66331,26.81705,22.08222
1786073011,26.95468,81.85245,90,0,221,,1,27.66331,26.78319,22.08222
1786073012,26.92798,81.75327,90,0,222,,1,27.66331,26.78319,22.01469
1786073013,26.8986,81.71511,90,0,222,,1,27.62944,26.74932,21.98083
1786073013,26.99741,81.70748,90,0,222,,1,27.62944,26.78319,22.11589
1786073014,26.96803,81.71053,90,0,222,,1,27.66331,26.78319,22.08222
1786073015,26.95468,81.66628,90,0,222,,1,27.69717,26.74932,22.08222
1786073015,26.95468,81.72884,90,0,221,,1,27.66331,26.71565,22.01469
1786073016,26.99741,81.70748,90,0,221,,1,27.66331,26.78319,22.01469
1786073017,26.95468,81.73952,90,0,221,,1,27.62944,26.78319,22.04836
1786073017,26.96803,81.70138,90,0,221,,1,27.66331,26.78319,22.08222
1786073018,26.99741,81.93637,90,0,221,,1,27.69717,26.74932,22.08222
1786073019,26.95468,81.80209,90,0,221,,1,27.62944,26.81705,22.08222
1786073019,27.01076,81.80667,90,0,221,,1,27.62944,26.81705,22.04836
1786073020,26.91195,81.92569,90,0,221,,1,27.66331,26.81705,22.04836
1786073021,27.01076,82.0325,90,0,221,,1,27.66331,26.74932,22.04836
1786073021,26.98405,82.05844,90,0,221,,1,27.69717,26.78319,22.04836
1786073022,26.99741,82.08286,90,0,222,,1,27.66331,26.74932,22.04836
1786073023,26.96803,82.10574,90,0,221,,1,27.66331,26.78319,22.08222
1786073023,27.01076,82.2736,90,0,222,,1,27.66331,26.74932,22.08222
1786073024,27.02411,82.20493,90,0,222,,1,27.66331,26.78319,22.01469
1786073025,26.96803,82.33311,90,0,222,,1,27.69717,26.78319,22.01469
1786073025,26.96803,82.22018,90,0,221,,1,27.66331,26.74932,22.04836
1786073026,26.96803,82.42924,90,0,221,,1,27.66331,26.78319,22.01469
1786073027,27.01076,82.42008,90,0,221,,1,27.66331,26.74932,22.08222
1786073027,26.94133,82.56657,90,0,221,,1,27.73104,26.78319,22.08222
1786073028,27.01076,82.47959,90,0,221,,1,27.69717,26.74932,22.08222
1786073029,27.08286,82.66422,90,0,221,,1,27.62944,26.78319,22.08222
1786073030,26.98405,82.50401,90,0,221,,1,27.66331,26.74932,22.08222
1786073030,26.96803,82.70847,90,0,221,,1,27.66331,26.74932,22.08222
1786073031,27.04013,82.68559,90,0,221,,1,27.62944,26.81705,22.01469
1786073032,26.99741,82.91447,90,0,221,,1,27.62944,26.78319,22.11589
1786073032,26.96803,82.88396,90,0,222,,1,27.66331,26.85092,22.04836
1786073033,26.91195,82.92973,90,0,221,,1,27.66331,26.71565,22.04836
1786073034,26.92798,82.93431,90,0,221,,1,27.66331,26.88478,22.01469
1786073034,26.98405,82.91905,90,0,221,,1,27.59557,26.78319,22.14976
1786073035,26.94133,82.90685,90,0,222,,1,27.66331,26.81705,22.04836
1786073036,27.01076,83.01976,90,0,221,,1,27.66331,26.71565,22.04836
1786073036,27.04013,83.04875,90,0,221,,1,27.62944,26.71565,22.08222
1786073037,27.05348,83.1342,90,0,221,,1,27.66331,26.78319,22.04836
1786073038,27.05348,83.07469,90,0,221,,1,27.66331,26.74932,22.08222
1786073038,27.02411,83.03349,90,0,221,,1,27.66331,26.85092,22.11589
1786073039,26.99741,82.97398,90,0,221,,1,27.69717,26.78319,22.04836
1786073040,26.92798,83.04875,90,0,221,,1,27.62944,26.71565,22.08222
1786073040,27.01076,82.9984,90,0,221,,1,27.62944,26.74932,22.01469
1786073041,27.04013,82.90532,90,0,221,,1,27.69717,26.78319,22.08222
1786073042,26.95468,82.95262,90,0,221,,1,27.69717,26.78319,22.01469
1786073042,26.96803,82.94652,90,0,222,,1,27.66331,26.71565,22.11589
1786073043,26.94133,82.80461,90,0,222,,1,27.69717,26.85092,22.08222
1786073044,26.92798,82.91447,90,0,222,,1,27.62944,26.78319,22.08222
1786073044,27.05348,82.74204,90,0,221,,1,27.66331,26.74932,22.01469
1786073045,27.01076,82.93736,90,0,222,,1,27.69717,26.74932,22.08222
1786073046,26.91195,82.9099,90,0,221,,1,27.66331,26.74932,22.04836
1786073046,26.94133,82.92821,90,0,221,,1,27.66331,26.78319,22.14976
1786073047,26.92798,82.81071,90,0,221,,1,27.69717,26.74932,22.08222
1786073048,26.91195,82.92973,90,0,221,,1,27.69717,26.81705,22.04836
1786073049,26.92798,82.69627,90,0,221,,1,27.62944,26.74932,22.04836
1786073049,27.01076,82.79088,90,0,221,,1,27.62944,26.81705,22.01469
1786073050,26.95468,82.82903,90,0,221,,1,27.66331,26.78319,22.11589
1786073051,26.95468,82.79698,90,0,221,,1,27.66331,26.71565,22.08222
1786073051,26.95468,82.69474,90,0,221,,1,27.62944,26.78319,22.04836
1786073052,26.8986,82.73136,90,0,221,,1,27.66331,26.74932,22.11589
1786073053,27.08286,82.916,90,0,222,,1,27.66331,26.85092,22.04836
1786073053,27.01076,82.89616,90,0,222,,1,27.66331,26.74932,22.08222
1786073054,27.05348,82.84581,90,0,221,,1,27.66331,26.81705,22.04836
1786073055,26.91195,82.89769,90,0,221,,1,27.66331,26.74932,22.01469
1786073055,27.01076,82.9984,90,0,221,,1,27.62944,26.78319,22.08222
1786073056,26.92798,82.93431,90,0,221,,1,27.66331,26.78319,22.04836
1786073057,26.96803,82.98772,90,0,221,,1,27.62944,26.85092,22.11589
1786073057,26.98405,82.96025,90,0,221,,1,27.66331,26.78319,21.98083
1786073058,26.98405,82.92821,90,0,221,,1,27.66331,26.78319,22.08222
1786073059,26.92798,82.83208,90,0,221,,1,27.62944,26.81705,22.11589
1786073059,27.02411,82.75426,90,0,221,,1,27.66331,26.74932,22.08222
1786073060,26.92798,82.75883,90,0,221,,1,27.66331,26.81705,22.04836
1786073061,26.95468,82.75578,90,0,221,,1,27.69717,26.78319,22.11589
1786073061,26.94133,82.61692,90,0,221,,1,27.62944,26.85092,22.01469
1786073062,26.91195,82.53605,90,0,222,,1,27.62944,26.78319,22.04836
1786073063,26.91195,82.54826,90,0,221,,1,27.62944,26.78319,22.04836
1786073063,27.02411,82.58945,90,0,222,,1,27.66331,26.78319,22.04836
1786073064,26.94133,82.33768,90,0,222,,1,27.62944,26.71565,21.98083
1786073065,26.99741,82.34226,90,0,222,,1,27.66331,26.74932,22.01469
1786073065,27.04013,82.22934,90,0,221,,1,27.66331,26.74932,22.04836
1786073066,27.02411,82.17288,90,0,221,,1,27.66331,26.78319,22.04836
1786073067,26.88525,82.21866,90,0,221,,1,27.62944,26.78319,22.04836
1786073068,26.98405,82.05844,90,0,221,,1,27.69717,26.78319,22.04836
1786073068,26.94133,81.96384,90,0,221,,1,27.62944,26.78319,22.11589
1786073069,26.98405,82.03708,90,0,221,,1,27.66331,26.68159,22.11589
1786073070,26.86923,81.77921,90,0,221,,1,27.62944,26.81705,22.08222
1786073070,26.92798,81.78378,90,0,221,,1,27.66331,26.78319,22.01469
1786073071,26.8986,81.89975,90,0,221,,1,27.66331,26.78319,21.98083
1786073072,26.8986,81.87076,90,0,221,,1,27.62944,26.74932,22.08222
1786073072,27.09621,81.79752,90,0,222,,1,27.69717,26.71565,22.04836
1786073073,26.96803,81.82651,90,0,222,,1,27.62944,26.85092,21.94696
1786073074,26.95468,81.83109,90,0,221,,1,27.62944,26.81705,22.08222
1786073074,26.88525,81.73037,90,0,222,,1,27.62944,26.81705,22.01469
1786073075,27.08286,81.76242,90,0,222,,1,27.66331,26.74932,22.08222
1786073076,26.91195,81.74868,90,0,221,,1,27.62944,26.81705,22.01469
1786073076,26.92798,81.74258,90,0,221,,1,27.69717,26.78319,22.11589
1786073077,26.94133,81.8082,90,0,221,,1,27.66331,26.85092,22.01469
1786073078,26.92798,81.62814,90,0,221,,1,27.62944,26.78319,22.04836
1786073078,26.94133,81.63271,90,0,221,,1,27.62944,26.74932,22.08222
1786073079,26.8986,81.69222,90,0,221,,1,27.69717,26.74932,22.04836
1786073080,26.92798,81.68917,90,0,221,,1,27.69717,26.78319,22.11589
1786073080,26.91195,81.6144,90,0,221,,1,27.62944,26.74932,22.11589
1786073081,26.88525,81.67849,90,0,221,,1,27.73104,26.74932,22.11589
1786073082,26.88525,81.54269,90,0,221,,1,27.62944,26.74932,22.01469
1786073082,26.96803,81.53353,90,0,222,,1,27.62944,26.71565,22.01469
1786073083,27.02411,81.63271,90,0,222,,1,27.69717,26.85092,21.98083
1786073084,27.01076,81.83871,90,0,222,,1,27.62944,26.71565,22.14976
1786073084,27.06684,81.81125,90,0,222,,1,27.66331,26.81705,22.04836
1786073085,26.99741,81.5732,90,0,221,,1,27.66331,26.81705,22.08222
1786073086,26.95468,81.66628,90,0,221,,1,27.66331,26.81705,22.04836
1786073087,26.94133,81.63271,90,0,221,,1,27.62944,26.85092,22.08222
1786073087,27.01076,81.59762,90,0,221,,1,27.66331,26.78319,22.11589
1786073088,26.91195,81.58236,90,0,221,,1,27.69717,26.81705,22.01469
1786073089,26.96803,81.50454,90,0,221,,1,27.66331,26.81705,22.01469
1786073089,26.91195,81.6144,90,0,221,,1,27.66331,26.85092,22.04836
1786073090,26.94133,81.67391,90,0,221,,1,27.66331,26.81705,22.04836
1786073091,26.99741,81.53201,90,0,221,,1,27.66331,26.78319,22.01469
1786073091,26.95468,81.55184,90,0,221,,1,27.69717,26.74932,22.04836
1786073092,26.96803,81.61898,90,0,221,,1,27.69717,26.81705,21.94696
1786073093,26.95468,81.59304,90,0,222,,1,27.62944,26.81705,21.94696
1786073093,26.96803,81.63882,90,0,221,,1,27.69717,26.74932,22.01469
1786073094,26.95468,81.55184,90,0,222,,1,27.62944,26.74932,22.08222
1786073095,26.94133,81.61135,90,0,222,,1,27.62944,26.74932,22.08222
1786073095,26.99741,81.56405,90,0,221,,1,27.69717,26.74932,22.04836
1786073096,26.92798,81.61898,90,0,221,,1,27.69717,26.71565,22.04836
1786073097,26.8986,81.51522,90,0,221,,1,27.69717,26.78319,22.04836
1786073097,27.01076,81.61898,90,0,221,,1,27.69717,26.71565,22.04836
1786073098,27.01076,81.56557,90,0,221,,1,27.66331,26.78319,22.04836
1786073099,26.94133,81.62051,90,0,221,,1,27.59557,26.74932,22.08222
1786073099,26.94133,81.54726,90,0,221,,1,27.62944,26.74932,22.08222
1786073100,26.8986,81.55947,90,0,221,,1,27.69717,26.74932,22.04836
1786073101,27.06684,81.6968,90,0,221,,1,27.66331,26.78319,22.08222
1786073101,26.94133,81.39162,90,0,221,,1,27.66331,26.71565,22.08222
1786073102,26.96803,81.72121,90,0,221,,1,27.62944,26.78319,22.11589
1786073103,27.02411,81.70596,90,0,221,,1,27.66331,26.81705,21.98083
1786073104,26.94133,81.62051,90,0,221,,1,27.69717,26.78319,22.08222
1786073104,26.92798,81.68917,90,0,222,,1,27.66331,26.78319,22.08222
1786073105,26.92798,81.62814,90,0,221,,1,27.69717,26.78319,22.11589
1786073106,26.94133,81.7029,90,0,221,,1,27.66331,26.81705,22.08222
1786073106,26.92798,81.70138,90,0,221,,1,27.69717,26.78319,22.04836
1786073107,27.02411,81.767,90,0,221,,1,27.69717,26.74932,22.04836
1786073108,27.04013,81.84482,90,0,221,,1,27.69717,26.78319,22.04836
1786073108,26.92798,81.77463,90,0,221,,1,27.66331,26.85092,22.01469
1786073109,27.02411,81.92264,90,0,221,,1,27.66331,26.74932,22.04836
1786073110,27.01076,81.88907,90,0,221,,1,27.62944,26.74932,22.04836
1786073110,26.99741,81.91653,90,0,221,,1,27.66331,26.71565,22.04836
1786073111,26.98405,81.92264,90,0,221,,1,27.66331,26.81705,22.14976
1786073112,26.96803,81.86618,90,0,221,,1,27.66331,26.81705,22.01469
1786073112,27.04013,82.02182,90,0,222,,1,27.66331,26.74932,22.08222
1786073113,27.01076,81.87686,90,0,221,,1,27.66331,26.81705,22.08222
1786073114,26.95468,81.91653,90,0,221,,1,27.66331,26.74932,22.11589
1786073114,27.02411,81.92264,90,0,222,,1,27.66331,26.74932,22.04836
1786073115,26.99741,81.95926,90,0,222,,1,27.73104,26.74932,22.08222
1786073116,27.01076,81.89975,90,0,221,,1,27.69717,26.71565,22.08222
1786073116,27.06684,82.06912,90,0,222,,1,27.69717,26.78319,22.11589
1786073117,26.96803,81.9501,90,0,221,,1,27.66331,26.78319,22.11589
1786073118,27.01076,81.86771,90,0,221,,1,27.66331,26.71565,22.04836
1786073118,26.98405,82.01724,90,0,221,,1,27.62944,26.74932,22.04836
1786073119,26.99741,81.94858,90,0,221,,1,27.69717,26.78319,22.04836
1786073120,26.92798,82.0325,90,0,221,,1,27.62944,26.78319,21.98083
1786073120,26.94133,82.24307,90,0,221,,1,27.62944,26.81705,22.08222
1786073121,26.98405,82.34837,90,0,221,,1,27.62944,26.81705,22.11589
1786073122,27.05348,82.48112,90,0,221,,1,27.69717,26.85092,22.04836
1786073123,27.04013,82.69627,90,0,222,,1,27.69717,26.78319,22.11589
1786073123,27.06684,82.92058,90,0,221,,1,27.69717,26.78319,22.01469
1786073124,26.92798,83.02892,90,0,222,,1,27.66331,26.78319,22.08222
1786073125,27.04013,83.07927,90,0,222,,1,27.66331,26.74932,22.04836
1786073125,26.92798,83.19371,90,0,221,,1,27.69717,26.74932,22.08222
1786073126,27.04013,83.41955,90,0,221,,1,27.59557,26.81705,22.01469
1786073127,26.98405,83.50957,90,0,221,,1,27.69717,26.78319,22.04836
1786073127,27.02411,83.71557,90,0,221,,1,27.62944,26.81705,22.11589
1786073128,26.98405,83.53857,90,0,221,,1,27.66331,26.78319,22.08222
1786073129,26.96803,83.61944,90,0,221,,1,27.66331,26.85092,22.08222
1786073129,27.04013,83.58434,90,0,221,,1,27.66331,26.81705,22.01469
1786073130,26.99741,83.61639,90,0,221,,1,27.66331,26.78319,22.08222
1786073131,26.99741,83.72015,90,0,221,,1,27.62944,26.78319,22.08222
1786073131,26.98405,83.83002,90,0,221,,1,27.66331,26.78319,21.98083
1786073132,26.98405,83.72625,90,0,221,,1,27.69717,26.71565,22.14976
1786073133,26.96803,83.79492,90,0,222,,1,27.69717,26.71565,22.04836
1786073133,26.99741,83.80255,90,0,222,,1,27.62944,26.74932,22.04836
1786073134,26.95468,83.83154,90,0,222,,1,27.62944,26.71565,21.98083
1786073135,26.99741,83.90479,90,0,222,,1,27.69717,26.74932,22.04836
1786073135,26.88525,83.88495,90,0,221,,1,27.59557,26.81705,22.14976
1786073136,26.98405,83.94446,90,0,221,,1,27.66331,26.71565,22.01469
1786073137,26.95468,83.83154,90,0,221,,1,27.66331,26.71565,22.08222
1786073137,26.8986,83.85748,90,0,221,,1,27.66331,26.74932,22.04836
1786073138,27.01076,83.79492,90,0,221,,1,27.59557,26.81705,22.04836
1786073139,26.99741,83.95819,90,0,221,,1,27.62944,26.71565,22.11589
1786073139,26.94133,83.72472,90,0,221,,1,27.62944,26.78319,22.11589
1786073140,26.99741,83.77203,90,0,221,,1,27.62944,26.78319,22.01469
1786073141,26.98405,83.6759,90,0,221,,1,27.69717,26.81705,22.11589
1786073141,26.91195,83.62402,90,0,221,,1,27.66331,26.74932,22.08222
1786073142,26.91195,83.76746,90,0,222,,1,27.62944,26.74932,22.01469
1786073143,27.04013,83.64843,90,0,222,,1,27.59557,26.71565,22.08222
1786073144,26.99741,83.69878,90,0,222,,1,27.62944,26.71565,21.98083
1786073144,26.98405,83.47753,90,0,222,,1,27.69717,26.78319,22.01469
1786073145,26.99741,83.51415,90,0,222,,1,27.69717,26.78319,22.01469
1786073146,27.04013,83.59655,90,0,221,,1,27.69717,26.74932,22.04836
1786073146,26.92798,83.44244,90,0,221,,1,27.66331,26.78319,22.08222
1786073147,27.05348,83.53857,90,0,221,,1,27.66331,26.81705,22.08222
1786073148,26.88525,83.5111,90,0,221,,1,27.69717,26.78319,22.04836
1786073148,26.91195,83.43786,90,0,221,,1,27.62944,26.78319,22.11589
1786073149,26.95468,83.37682,90,0,221,,1,27.66331,26.85092,22.04836
1786073150,27.04013,83.41955,90,0,221,,1,27.73104,26.71565,22.11589
1786073150,26.96803,83.4638,90,0,221,,1,27.66331,26.74932,22.04836
1786073151,26.92798,83.41039,90,0,221,,1,27.62944,26.71565,22.08222
1786073152,26.99741,83.40887,90,0,221,,1,27.69717,26.78319,22.04836
1786073152,26.91195,83.28222,90,0,222,,1,27.66331,26.74932,22.11589
1786073153,27.04013,83.29595,90,0,221,,1,27.62944,26.74932,22.08222
1786073154,27.04013,83.29595,90,0,222,,1,27.66331,26.74932,22.18362
1786073154,26.98405,83.29137,90,0,222,,1,27.62944,26.85092,22.11589
1786073155,27.01076,83.37225,90,0,222,,1,27.66331,26.81705,22.01469
1786073156,26.94133,83.2166,90,0,221,,1,27.66331,26.88478,22.01469
1786073156,26.94133,83.24864,90,0,221,,1,27.66331,26.74932,22.04836
1786073157,26.98405,83.22118,90,0,221,,1,27.69717,26.74932,22.04836
1786073158,26.92798,83.34936,90,0,221,,1,27.69717,26.68159,22.01469
1786073158,27.06684,83.19981,90,0,221,,1,27.66331,26.71565,22.08222
1786073159,26.98405,83.17693,90,0,221,,1,27.62944,26.74932,22.04836
1786073160,26.94133,83.22728,90,0,221,,1,27.66331,26.81705,22.04836
1786073161,26.98405,83.14793,90,0,221,,1,27.66331,26.78319,22.01469
1786073161,26.98405,83.32342,90,0,221,,1,27.66331,26.78319,22.08222
1786073162,26.94133,83.16624,90,0,222,,1,27.66331,26.81705,21.98083
1786073163,26.88525,83.21202,90,0,222,,1,27.66331,26.78319,22.04836
1786073163,26.91195,83.28222,90,0,222,,1,27.62944,26.81705,22.04836
1786073164,26.86923,83.21812,90,0,222,,1,27.66331,26.74932,22.11589
1786073165,27.08286,83.19524,90,0,222,,1,27.69717,26.81705,22.01469
1786073165,26.92798,83.328,90,0,221,,1,27.62944,26.74932,22.04836
1786073166,26.98405,83.31274,90,0,221,,1,27.66331,26.78319,22.08222
1786073167,26.96803,83.40124,90,0,221,,1,27.66331,26.78319,21.98083
1786073167,27.02411,83.38598,90,0,221,,1,27.69717,26.74932,22.04836
1786073168,26.88525,83.3875,90,0,221,,1,27.62944,26.78319,22.08222
1786073169,26.96803,83.39056,90,0,221,,1,27.66331,26.74932,22.08222
1786073169,26.84253,83.21202,90,0,221,,1,27.66331,26.68159,22.04836
1786073170,26.96803,83.17235,90,0,221,,1,27.66331,26.81705,22.04836
1786073171,26.94133,83.11284,90,0,221,,1,27.66331,26.85092,21.98083
1786073171,27.04013,83.10826,90,0,221,,1,27.62944,26.78319,22.08222
1786073172,26.96803,82.97551,90,0,222,,1,27.66331,26.74932,22.08222
1786073173,26.96803,82.9984,90,0,222,,1,27.66331,26.78319,22.01469
1786073173,27.01076,83.03044,90,0,221,,1,27.73104,26.78319,22.08222
1786073174,27.04013,82.84123,90,0,221,,1,27.69717,26.81705,21.98083
1786073175,26.92798,82.98772,90,0,221,,1,27.66331,26.71565,21.94696
1786073175,26.86923,82.84734,90,0,221,,1,27.59557,26.85092,22.11589
1786073176,26.99741,82.94347,90,0,221,,1,27.69717,26.78319,22.01469
1786073177,26.92798,82.89311,90,0,221,,1,27.66331,26.74932,22.04836
1786073177,27.01076,82.88396,90,0,221,,1,27.66331,26.81705,22.01469
1786073178,26.98405,82.97093,90,0,221,,1,27.59557,26.74932,22.08222
1786073179,26.98405,82.92821,90,0,221,,1,27.66331,26.74932,22.01469
1786073180,27.02411,82.96025,90,0,221,,1,27.69717,26.81705,22.04836
1786073180,26.94133,83.07164,90,0,221,,1,27.69717,26.85092,22.04836
1786073181,27.05348,83.11284,90,0,221,,1,27.66331,26.81705,22.11589
1786073182,27.05348,83.03044,90,0,221,,1,27.73104,26.74932,22.08222
1786073182,26.94133,82.96025,90,0,222,,1,27.69717,26.78319,22.01469
1786073183,26.96803,83.11131,90,0,222,,1,27.66331,26.85092,22.11589
1786073184,26.99741,83.14946,90,0,221,,1,27.66331,26.78319,22.04836
1786073184,26.99741,83.2227,90,0,222,,1,27.73104,26.78319,22.04836
1786073185,27.04013,83.25475,90,0,222,,1,27.66331,26.78319,22.08222
1786073186,26.88525,83.16167,90,0,221,,1,27.66331,26.78319,22.08222
1786073186,26.96803,83.27612,90,0,221,,1,27.66331,26.78319,22.08222
1786073187,26.94133,83.25933,90,0,221,,1,27.62944,26.81705,22.08222
1786073188,26.91195,83.47906,90,0,221,,1,27.69717,26.78319,22.01469
1786073188,27.01076,83.57824,90,0,221,,1,27.62944,26.78319,21.98083
1786073189,26.94133,83.66216,90,0,221,,1,27.59557,26.71565,21.98083
1786073190,26.99741,83.58434,90,0,221,,1,27.66331,26.81705,22.04836
1786073190,26.96803,83.88647,90,0,221,,1,27.66331,26.78319,22.04836
1786073191,27.01076,83.97192,90,0,221,,1,27.66331,26.78319,22.08222
1786073192,27.04013,84.05127,90,0,221,,1,27.62944,26.85092,22.04836
1786073192,27.05348,84.13824,90,0,222,,1,27.66331,26.68159,22.11589
1786073193,27.01076,84.15961,90,0,222,,1,27.66331,26.81705,22.01469
1786073194,26.96803,84.1474,90,0,221,,1,27.59557,26.74932,22.01469
1786073194,27.04013,84.07263,90,0,221,,1,27.56171,26.78319,22.01469
1786073195,26.99741,84.01923,90,0,221,,1,27.66331,26.71565,22.01469
1786073196,26.94133,84.01465,90,0,221,,1,27.69717,26.85092,22.01469
1786073196,26.92798,83.86664,90,0,221,,1,27.69717,26.71565,22.04836
1786073197,26.99741,83.88495,90,0,221,,1,27.66331,26.78319,22.01469
1786073198,26.96803,83.84528,90,0,221,,1,27.66331,26.74932,22.08222
1786073199,26.96803,83.80408,90,0,221,,1,27.66331,26.78319,22.11589
1786073199,27.01076,83.76593,90,0,221,,1,27.62944,26.74932,22.01469
1786073200,27.04013,83.81323,90,0,221,,1,27.66331,26.74932,22.01469
1786073201,27.02411,83.7995,90,0,221,,1,27.66331,26.81705,22.04836
1786073201,26.88525,83.83154,90,0,221,,1,27.66331,26.71565,22.04836
1786073202,26.96803,83.7522,90,0,221,,1,27.66331,26.74932,22.11589
1786073203,26.94133,83.79797,90,0,222,,1,27.66331,26.74932,22.08222
1786073203,27.01076,83.89868,90,0,221,,1,27.62944,26.78319,22.04836
1786073204,26.92798,84.07263,90,0,221,,1,27.66331,26.68159,22.14976
1786073205,27.06684,83.96735,90,0,221,,1,27.62944,26.81705,22.01469
1786073205,26.99741,84.13367,90,0,221,,1,27.66331,26.74932,22.01469
1786073206,26.94133,84.21149,90,0,221,,1,27.66331,26.74932,22.04836
1786073207,26.95468,84.16113,90,0,221,,1,27.69717,26.78319,21.98083
1786073207,26.96803,84.23895,90,0,221,,1,27.66331,26.78319,22.08222
1786073208,26.94133,84.36561,90,0,221,,1,27.62944,26.78319,22.04836
1786073209,27.04013,84.50751,90,0,221,,1,27.69717,26.88478,22.08222
1786073209,26.95468,84.50446,90,0,221,,1,27.69717,26.74932,22.08222
1786073210,27.01076,84.44801,90,0,221,,1,27.66331,26.74932,22.08222
1786073211,26.98405,84.45258,90,0,221,,1,27.62944,26.78319,22.04836
1786073211,27.01076,84.62348,90,0,221,,1,27.66331,26.74932,22.08222
1786073212,26.96803,84.60059,90,0,222,,1,27.69717,26.74932,22.11589
1786073213,26.96803,84.62196,90,0,222,,1,27.69717,26.71565,22.04836
1786073213,26.96803,84.6952,90,0,222,,1,27.62944,26.74932,22.08222
1786073214,27.01076,84.77913,90,0,222,,1,27.66331,26.78319,22.01469
1786073215,26.94133,84.76082,90,0,221,,1,27.62944,26.81705,22.04836
1786073215,26.96803,84.89204,90,0,221,,1,27.62944,26.78319,22.11589
1786073216,26.96803,84.86,90,0,221,,1,27.66331,26.78319,22.08222
1786073217,27.02411,84.87526,90,0,221,,1,27.62944,26.78319,22.04836
1786073218,26.96803,84.78676,90,0,221,,1,27.69717,26.81705,22.11589
1786073218,26.91195,84.79286,90,0,221,,1,27.66331,26.81705,22.01469
1786073219,26.98405,84.89662,90,0,221,,1,27.69717,26.78319,22.01469
1786073220,26.91195,84.69062,90,0,221,,1,27.62944,26.85092,22.08222
1786073220,26.95468,84.59907,90,0,221,,1,27.66331,26.78319,22.08222
1786073221,26.92798,84.5182,90,0,221,,1,27.66331,26.74932,22.08222
1786073222,27.05348,84.4297,90,0,221,,1,27.66331,26.74932,22.08222
1786073222,26.99741,84.18402,90,0,222,,1,27.66331,26.78319,22.04836
1786073223,26.96803,83.99176,90,0,222,,1,27.69717,26.74932,22.04836
1786073224,26.95468,83.82239,90,0,221,,1,27.66331,26.71565,22.04836
1786073224,26.98405,83.62402,90,0,221,,1,27.69717,26.81705,22.11589
1786073225,26.94133,83.39208,90,0,222,,1,27.69717,26.74932,22.01469
1786073226,26.88525,83.23186,90,0,221,,1,27.69717,26.78319,22.08222
1786073226,26.91195,83.16777,90,0,221,,1,27.69717,26.68159,22.04836
1786073227,27.01076,83.12199,90,0,221,,1,27.69717,26.74932,22.08222
1786073228,27.02411,82.87785,90,0,221,,1,27.62944,26.74932,22.08222
1786073228,26.94133,82.81377,90,0,221,,1,27.62944,26.74932,22.04836
1786073229,26.95468,82.81834,90,0,221,,1,27.66331,26.74932,22.11589
1786073230,26.88525,82.54978,90,0,221,,1,27.62944,26.78319,22.04836
1786073230,26.91195,82.47501,90,0,221,,1,27.69717,26.81705,22.04836
1786073231,26.95468,82.4155,90,0,221,,1,27.62944,26.85092,22.01469
1786073232,26.85588,82.30259,90,0,221,,1,27.66331,26.78319,21.94696
1786073232,26.95468,82.34226,90,0,222,,1,27.66331,26.81705,22.01469
1786073233,26.85588,82.22018,90,0,221,,1,27.66331,26.68159,22.08222
1786073234,27.01076,82.25224,90,0,221,,1,27.73104,26.81705,22.04836
1786073234,26.91195,82.30717,90,0,221,,1,27.66331,26.78319,22.11589
1786073235,26.95468,82.50706,90,0,222,,1,27.69717,26.71565,22.04836
1786073236,26.94133,82.69016,90,0,221,,1,27.62944,26.78319,22.01469
1786073237,26.86923,83.00298,90,0,222,,1,27.62944,26.78319,22.04836
1786073237,26.98405,83.01213,90,0,221,,1,27.62944,26.78319,22.08222
1786073238,26.91195,83.10674,90,0,221,,1,27.66331,26.74932,22.08222
1786073239,27.02411,83.39513,90,0,221,,1,27.66331,26.74932,22.14976
1786073239,26.85588,83.299,90,0,221,,1,27.69717,26.81705,22.04836
1786073240,26.96803,83.36004,90,0,221,,1,27.66331,26.74932,22.04836
1786073241,27.04013,83.26391,90,0,221,,1,27.66331,26.85092,22.01469
1786073241,26.8986,83.26849,90,0,221,,1,27.59557,26.81705,22.08222
1786073242,26.92798,83.08995,90,0,221,,1,27.69717,26.78319,22.11589
1786073243,26.94133,82.96025,90,0,221,,1,27.66331,26.78319,22.08222
1786073243,26.81315,82.88243,90,0,222,,1,27.62944,26.74932,22.04836
1786073244,26.94133,82.73289,90,0,221,,1,27.66331,26.81705,22.08222
1786073245,26.98405,82.70084,90,0,221,,1,27.66331,26.78319,22.14976
1786073245,26.8986,82.55436,90,0,221,,1,27.62944,26.78319,22.08222
1786073246,26.8986,82.39872,90,0,221,,1,27.69717,26.74932,22.01469
1786073247,26.86923,82.45213,90,0,221,,1,27.66331,26.78319,22.08222
1786073247,26.91195,82.22476,90,0,221,,1,27.66331,26.74932,22.04836
1786073248,26.96803,82.20035,90,0,221,,1,27.69717,26.81705,22.04836
1786073249,27.01076,82.21103,90,0,221,,1,27.62944,26.81705,22.04836
1786073249,26.94133,82.14999,90,0,221,,1,27.66331,26.74932,22.04836
1786073250,26.94133,82.04623,90,0,221,,1,27.66331,26.74932,22.04836
1786073251,26.99741,82.04013,90,0,221,,1,27.66331,26.74932,22.08222
1786073251,26.8986,82.11948,90,0,221,,1,27.66331,26.74932,22.01469
1786073252,26.94133,82.11948,90,0,222,,1,27.62944,26.78319,22.08222
1786073253,26.85588,82.28275,90,0,222,,1,27.69717,26.74932,22.11589
1786073254,26.91195,82.18356,90,0,222,,1,27.62944,26.68159,21.98083
1786073254,26.95468,82.17441,90,0,222,,1,27.66331,26.71565,22.04836
1786073255,26.92798,82.31174,90,0,222,,1,27.69717,26.74932,22.01469
1786073256,26.95468,82.4445,90,0,221,,1,27.73104,26.78319,22.08222
1786073256,26.99741,82.51774,90,0,221,,1,27.66331,26.81705,22.04836
1786073257,26.92798,82.65507,90,0,221,,1,27.66331,26.81705,22.08222
1786073258,26.96803,82.65507,90,0,221,,1,27.66331,26.78319,22.04836
1786073258,26.91195,82.9099,90,0,221,,1,27.66331,26.78319,22.11589
1786073259,26.94133,83.05333,90,0,221,,1,27.59557,26.74932,21.98083
1786073260,26.94133,83.16624,90,0,221,,1,27.69717,26.74932,22.08222
1786073260,26.94133,83.24864,90,0,221,,1,27.62944,26.78319,22.01469
1786073261,26.8986,83.44549,90,0,221,,1,27.66331,26.81705,22.11589
1786073262,26.98405,83.50957,90,0,221,,1,27.69717,26.68159,22.04836
1786073262,26.98405,83.52026,90,0,221,,1,27.66331,26.71565,22.11589
1786073263,26.91195,83.67437,90,0,221,,1,27.66331,26.71565,22.04836
1786073264,26.88525,83.59655,90,0,222,,1,27.66331,26.78319,22.04836
1786073264,26.8986,83.63012,90,0,221,,1,27.62944,26.74932,22.11589
1786073265,26.94133,83.66216,90,0,221,,1,27.69717,26.81705,22.04836
1786073266,27.02411,83.83154,90,0,221,,1,27.69717,26.71565,22.08222
1786073266,26.95468,83.71709,90,0,221,,1,27.66331,26.78319,22.11589
1786073267,26.92798,83.67895,90,0,221,,1,27.66331,26.74932,22.04836
1786073268,26.88525,83.64843,90,0,221,,1,27.69717,26.74932,22.01469
1786073268,26.96803,83.64843,90,0,221,,1,27.62944,26.85092,22.08222
1786073269,26.91195,83.64385,90,0,221,,1,27.69717,26.74932,22.11589
1786073270,26.98405,83.63317,90,0,221,,1,27.66331,26.78319,22.04836
1786073270,26.94133,83.52789,90,0,221,,1,27.62944,26.78319,22.04836
1786073271,26.99741,83.59655,90,0,221,,1,27.66331,26.78319,22.04836
1786073272,26.96803,83.48363,90,0,221,,1,27.62944,26.74932,22.04836
1786073273,26.95468,83.37682,90,0,222,,1,27.62944,26.81705,21.98083
1786073273,26.86923,83.40582,90,0,222,,1,27.69717,26.74932,22.11589
1786073274,26.96803,83.27612,90,0,222,,1,27.69717,26.78319,22.08222
1786073275,26.94133,83.26849,90,0,222,,1,27.62944,26.81705,22.04836
1786073275,26.91195,83.05333,90,0,221,,1,27.69717,26.85092,22.04836
1786073276,26.8986,83.03044,90,0,221,,1,27.69717,26.78319,22.04836
1786073277,26.92798,83.00755,90,0,221,,1,27.69717,26.85092,22.01469
1786073277,26.8986,82.86565,90,0,221,,1,27.66331,26.78319,22.04836
1786073278,26.95468,82.7863,90,0,221,,1,27.66331,26.71565,22.01469
1786073279,26.84253,82.63218,90,0,221,,1,27.62944,26.85092,22.08222
1786073279,26.86923,82.61845,90,0,221,,1,27.66331,26.78319,22.08222
1786073280,26.98405,82.59861,90,0,221,,1,27.66331,26.74932,22.04836
1786073281,26.91195,82.41245,90,0,221,,1,27.66331,26.74932,22.11589
1786073281,26.98405,82.35752,90,0,221,,1,27.66331,26.78319,22.04836
1786073282,26.92798,82.36515,90,0,221,,1,27.66331,26.88478,22.04836
1786073283,26.84253,82.16525,90,0,222,,1,27.69717,26.74932,22.11589
1786073283,26.95468,82.3621,90,0,221,,1,27.66331,26.74932,22.08222
1786073284,26.94133,82.14084,90,0,222,,1,27.66331,26.74932,22.08222
1786073285,26.92798,82.18814,90,0,222,,1,27.69717,26.78319,22.04836
1786073285,26.91195,82.05997,90,0,221,,1,27.62944,26.78319,22.04836
1786073286,27.01076,82.09659,90,0,221,,1,27.69717,26.81705,22.08222
1786073287,26.92798,81.87686,90,0,221,,1,27.66331,26.74932,22.01469
1786073287,26.95468,82.08133,90,0,221,,1,27.62944,26.74932,22.04836
1786073288,26.92798,82.01266,90,0,221,,1,27.66331,26.78319,22.04836
1786073289,26.98405,81.96689,90,0,221,,1,27.62944,26.71565,22.08222
1786073289,26.91195,82.00809,90,0,221,,1,27.62944,26.78319,22.08222
1786073290,26.96803,81.94095,90,0,221,,1,27.62944,26.78319,22.04836
1786073291,26.98405,82.00504,90,0,221,,1,27.66331,26.81705,22.04836
1786073291,26.8986,81.95316,90,0,221,,1,27.66331,26.78319,22.04836
1786073292,26.94133,82.14999,90,0,222,,1,27.66331,26.74932,22.01469
1786073293,26.8986,82.26444,90,0,221,,1,27.62944,26.88478,22.14976
1786073294,26.94133,82.21408,90,0,221,,1,27.66331,26.74932,22.08222
1786073294,26.8986,82.30564,90,0,222,,1,27.59557,26.85092,22.08222
1786073295,27.01076,82.47044,90,0,221,,1,27.66331,26.74932,22.01469
1786073296,26.98405,82.36973,90,0,221,,1,27.66331,26.78319,22.04836
1786073296,26.82918,82.34837,90,0,221,,1,27.66331,26.74932,22.11589
1786073297,26.98405,82.41093,90,0,221,,1,27.66331,26.78319,22.04836
1786073298,26.99741,82.3621,90,0,221,,1,27.62944,26.85092,22.08222
1786073298,26.88525,82.31174,90,0,221,,1,27.66331,26.81705,22.08222
1786073299,27.06684,82.40177,90,0,221,,1,27.66331,26.74932,22.11589
1786073300,27.01076,82.36668,90,0,221,,1,27.69717,26.74932,22.04836
1786073300,26.95468,82.43534,90,0,221,,1,27.66331,26.74932,22.11589
1786073301,26.98405,82.45365,90,0,221,,1,27.62944,26.71565,22.04836
1786073302,27.01076,82.29343,90,0,221,,1,27.62944,26.78319,22.04836
1786073302,27.02411,82.46281,90,0,222,,1,27.66331,26.71565,22.04836
1786073303,26.95468,82.49485,90,0,222,,1,27.66331,26.78319,22.04836
1786073304,26.86923,82.28733,90,0,222,,1,27.66331,26.81705,22.08222
1786073304,26.98405,82.46281,90,0,222,,1,27.69717,26.71565,22.08222
1786073305,26.96803,82.40788,90,0,222,,1,27.69717,26.78319,22.08222
1786073306,26.92798,82.42924,90,0,221,,1,27.69717,26.74932,21.98083
1786073306,26.98405,82.38041,90,0,221,,1,27.62944,26.81705,22.04836
1786073307,27.01076,82.28428,90,0,221,,1,27.62944,26.81705,22.08222
1786073308,27.04013,82.29191,90,0,221,,1,27.69717,26.71565,22.01469
1786073308,26.85588,82.42924,90,0,221,,1,27.66331,26.78319,22.04836
1786073309,26.8986,82.29343,90,0,221,,1,27.66331,26.78319,22.08222
1786073310,26.99741,82.33006,90,0,221,,1,27.62944,26.78319,22.04836
1786073310,26.96803,82.37583,90,0,221,,1,27.66331,26.74932,22.14976
1786073311,26.91195,82.27818,90,0,221,,1,27.62944,26.71565,22.08222
1786073312,27.01076,82.47959,90,0,221,,1,27.69717,26.78319,21.98083
1786073313,27.02411,82.33768,90,0,222,,1,27.66331,26.71565,22.01469
1786073313,26.95468,82.3621,90,0,221,,1,27.66331,26.81705,22.14976
1786073314,26.96803,82.51163,90,0,221,,1,27.69717,26.78319,22.01469
1786073315,26.94133,82.49332,90,0,221,,1,27.66331,26.74932,22.01469
1786073315,26.91195,82.43382,90,0,221,,1,27.66331,26.81705,22.11589
1786073316,26.85588,82.56351,90,0,221,,1,27.66331,26.78319,22.01469
1786073317,26.98405,82.73289,90,0,221,,1,27.69717,26.71565,22.01469
1786073317,26.82918,82.76341,90,0,221,,1,27.62944,26.71565,22.08222
1786073318,26.98405,82.74509,90,0,221,,1,27.66331,26.71565,22.04836
1786073319,27.02411,82.80461,90,0,221,,1,27.66331,26.74932,22.11589
1786073319,26.95468,82.85039,90,0,221,,1,27.69717,26.78319,22.14976
1786073320,26.95468,82.71458,90,0,221,,1,27.69717,26.74932,22.04836
1786073321,26.92798,82.80003,90,0,221,,1,27.62944,26.78319,22.01469
1786073321,26.99741,82.79698,90,0,221,,1,27.69717,26.78319,22.04836
1786073322,26.94133,82.85649,90,0,221,,1,27.62944,26.85092,22.01469
1786073323,27.02411,82.81529,90,0,221,,1,27.66331,26.78319,22.04836
1786073323,26.91195,82.81529,90,0,221,,1,27.66331,26.74932,22.04836
1786073324,26.91195,82.81529,90,0,222,,1,27.66331,26.85092,21.98083
1786073325,26.99741,82.76799,90,0,222,,1,27.66331,26.68159,22.08222
1786073325,26.92798,82.68711,90,0,221,,1,27.69717,26.74932,22.08222
1786073326,26.98405,82.76341,90,0,221,,1,27.62944,26.81705,22.11589
1786073327,27.01076,82.78172,90,0,221,,1,27.59557,26.71565,22.01469
1786073327,26.98405,82.72221,90,0,221,,1,27.62944,26.78319,22.04836
1786073328,26.96803,82.58488,90,0,221,,1,27.66331,26.71565,22.04836
1786073329,26.94133,82.5864,90,0,221,,1,27.62944,26.78319,22.04836
1786073329,26.92798,82.64439,90,0,221,,1,27.66331,26.81705,22.08222
1786073330,26.94133,82.57725,90,0,221,,1,27.69717,26.71565,22.08222
1786073331,26.92798,82.60319,90,0,221,,1,27.66331,26.74932,22.04836
1786073332,26.95468,82.54826,90,0,221,,1,27.69717,26.74932,22.01469
1786073332,26.94133,82.52537,90,0,222,,1,27.66331,26.71565,22.04836
1786073333,26.98405,82.43382,90,0,221,,1,27.69717,26.78319,22.08222
1786073334,26.99741,82.43534,90,0,221,,1,27.62944,26.78319,22.08222
1786073334,26.95468,82.4155,90,0,221,,1,27.66331,26.78319,22.08222
1786073335,26.99741,82.37431,90,0,222,,1,27.66331,26.85092,22.01469
1786073336,27.01076,82.47044,90,0,221,,1,27.66331,26.71565,22.01469
1786073336,26.92798,82.20035,90,0,221,,1,27.66331,26.81705,22.08222
1786073337,26.96803,82.40788,90,0,221,,1,27.62944,26.78319,22.14976
1786073338,26.98405,82.36973,90,0,221,,1,27.69717,26.78319,22.14976
1786073338,26.98405,82.29801,90,0,221,,1,27.69717,26.74932,22.04836
1786073339,26.95468,82.3621,90,0,221,,1,27.62944,26.68159,22.04836
1786073340,26.91195,82.25681,90,0,221,,1,27.62944,26.78319,22.11589
1786073340,26.92798,82.31174,90,0,221,,1,27.66331,26.74932,22.04836
1786073341,27.01076,82.23239,90,0,221,,1,27.69717,26.85092,22.08222
1786073342,26.96803,82.28275,90,0,221,,1,27.66331,26.78319,22.04836
1786073342,26.96803,82.20035,90,0,222,,1,27.62944,26.78319,21.98083
1786073343,26.96803,82.22018,90,0,222,,1,27.66331,26.68159,22.08222
1786073344,26.96803,82.17746,90,0,221,,1,27.66331,26.74932,22.04836
1786073344,26.99741,82.29191,90,0,222,,1,27.69717,26.74932,22.04836
1786073345,27.01076,82.14999,90,0,221,,1,27.62944,26.74932,22.11589
1786073346,26.88525,82.13626,90,0,221,,1,27.69717,26.78319,21.98083
1786073346,26.96803,82.05386,90,0,221,,1,27.62944,26.74932,22.01469
1786073347,26.91195,81.99588,90,0,221,,1,27.66331,26.74932,22.08222
1786073348,27.01076,82.12863,90,0,221,,1,27.66331,26.78319,22.04836
1786073349,26.92798,81.9501,90,0,221,,1,27.66331,26.81705,22.04836
1786073349,26.88525,82.14542,90,0,221,,1,27.66331,26.85092,22.08222
1786073350,26.88525,81.96841,90,0,221,,1,27.69717,26.71565,22.08222
1786073351,26.94133,81.95468,90,0,221,,1,27.69717,26.81705,22.04836
1786073351,26.94133,81.92264,90,0,221,,1,27.69717,26.64792,22.04836
1786073352,26.85588,81.93179,90,0,221,,1,27.62944,26.78319,22.11589
1786073353,26.96803,81.96231,90,0,222,,1,27.66331,26.71565,22.14976
1786073353,27.01076,81.96231,90,0,221,,1,27.69717,26.74932,21.98083
1786073354,26.95468,81.86313,90,0,222,,1,27.69717,26.74932,22.08222
1786073355,26.95468,81.93637,90,0,221,,1,27.69717,26.74932,22.08222
1786073355,26.99741,81.85397,90,0,222,,1,27.66331,26.78319,22.08222
1786073356,27.04013,81.86618,90,0,221,,1,27.62944,26.78319,22.11589
1786073357,27.02411,81.88144,90,0,221,,1,27.69717,26.71565,22.01469
1786073357,26.88525,81.83414,90,0,221,,1,27.66331,26.78319,22.04836
1786073358,26.96803,81.84482,90,0,221,,1,27.69717,26.74932,22.08222
1786073359,26.96803,81.85703,90,0,221,,1,27.62944,26.68159,22.08222
1786073359,26.99741,81.85397,90,0,221,,1,27.66331,26.74932,22.01469
1786073360,27.02411,81.83109,90,0,221,,1,27.62944,26.74932,22.08222
1786073361,26.94133,81.79904,90,0,221,,1,27.66331,26.78319,22.04836
1786073361,26.91195,81.81125,90,0,222,,1,27.69717,26.78319,22.01469
1786073362,26.91195,81.86313,90,0,222,,1,27.69717,26.78319,22.11589
1786073363,26.98405,81.8494,90,0,222,,1,27.66331,26.81705,22.08222
1786073363,26.99741,81.93637,90,0,221,,1,27.69717,26.74932,22.01469
1786073364,26.92798,82.02182,90,0,222,,1,27.66331,26.68159,22.08222
1786073365,26.86923,82.05844,90,0,222,,1,27.66331,26.85092,22.04836
1786073365,26.91195,82.01724,90,0,221,,1,27.62944,26.78319,22.04836
1786073366,27.04013,82.14694,90,0,221,,1,27.69717,26.71565,22.04836
1786073367,26.98405,82.17288,90,0,221,,1,27.62944,26.71565,22.11589
1786073368,26.92798,82.17746,90,0,221,,1,27.66331,26.71565,22.04836
1786073368,26.99741,82.27055,90,0,221,,1,27.66331,26.74932,22.01469
1786073369,26.98405,82.32853,90,0,221,,1,27.69717,26.71565,22.04836
1786073370,26.99741,82.34226,90,0,221,,1,27.73104,26.74932,22.18362
1786073370,26.95468,82.4033,90,0,221,,1,27.66331,26.78319,22.18362
1786073371,26.96803,82.42924,90,0,221,,1,27.66331,26.71565,22.04836
1786073372,27.01076,82.356,90,0,221,,1,27.69717,26.81705,22.04836
1786073372,26.91195,82.39262,90,0,222,,1,27.73104,26.78319,22.01469
1786073373,26.98405,82.53605,90,0,221,,1,27.66331,26.81705,22.08222
1786073374,26.99741,82.54978,90,0,222,,1,27.62944,26.78319,22.04836
1786073374,26.92798,82.49943,90,0,222,,1,27.66331,26.68159,21.98083
1786073375,26.98405,82.47196,90,0,222,,1,27.73104,26.78319,22.11589
1786073376,26.94133,82.42161,90,0,222,,1,27.62944,26.71565,21.98083
1786073376,26.96803,82.41703,90,0,221,,1,27.66331,26.81705,22.11589
1786073377,26.95468,82.48569,90,0,221,,1,27.62944,26.78319,22.11589
1786073378,26.92798,82.22934,90,0,221,,1,27.66331,26.81705,22.08222
1786073378,26.98405,82.34837,90,0,221,,1,27.66331,26.74932,22.08222
1786073379,26.94133,82.41093,90,0,221,,1,27.66331,26.78319,22.04836
1786073380,26.99741,82.33006,90,0,221,,1,27.69717,26.74932,22.04836
1786073380,26.99741,82.31022,90,0,221,,1,27.66331,26.74932,22.01469
1786073381,26.92798,82.30259,90,0,221,,1,27.69717,26.78319,22.01469
1786073382,26.92798,82.18814,90,0,221,,1,27.66331,26.78319,22.08222
1786073382,26.92798,82.22934,90,0,222,,1,27.73104,26.78319,22.01469
1786073383,26.92798,82.22018,90,0,222,,1,27.69717,26.74932,22.01469
1786073384,26.98405,82.23392,90,0,222,,1,27.69717,26.81705,22.04836
1786073384,26.95468,82.05997,90,0,222,,1,27.66331,26.78319,22.04836
1786073385,26.99741,82.03098,90,0,221,,1,27.66331,26.81705,22.08222
1786073386,27.01076,82.07675,90,0,221,,1,27.69717,26.78319,22.04836
1786073387,26.88525,82.00046,90,0,221,,1,27.69717,26.71565,22.08222
1786073387,26.91195,82.05997,90,0,221,,1,27.69717,26.81705,22.04836
1786073388,26.95468,81.98672,90,0,221,,1,27.62944,26.71565,22.08222
1786073389,26.85588,82.01419,90,0,221,,1,27.73104,26.74932,22.04836
1786073389,26.95468,81.92569,90,0,221,,1,27.66331,26.74932,22.08222
1786073390,26.96803,81.98215,90,0,221,,1,27.62944,26.74932,21.98083
1786073391,26.92798,81.85703,90,0,221,,1,27.62944,26.74932,21.98083
1786073391,26.85588,81.89975,90,0,221,,1,27.69717,26.71565,22.11589
1786073392,26.96803,81.97147,90,0,221,,1,27.69717,26.78319,21.98083
1786073393,26.95468,81.90433,90,0,222,,1,27.69717,26.78319,22.04836
1786073393,26.96803,81.86618,90,0,222,,1,27.69717,26.81705,22.04836
1786073394,27.04013,81.86618,90,0,222,,1,27.66331,26.74932,21.98083
1786073395,27.02411,81.88144,90,0,221,,1,27.62944,26.71565,22.08222
1786073395,26.99741,81.89517,90,0,221,,1,27.66331,26.78319,22.08222
1786073396,26.98405,81.91348,90,0,221,,1,27.66331,26.71565,22.11589
1786073397,26.96803,81.85703,90,0,221,,1,27.69717,26.71565,22.08222
1786073397,26.92798,81.83566,90,0,221,,1,27.62944,26.74932,22.04836
1786073398,26.95468,81.96841,90,0,221,,1,27.66331,26.81705,22.01469
1786073399,26.92798,81.72121,90,0,221,,1,27.66331,26.81705,22.08222
1786073399,27.02411,81.8204,90,0,221,,1,27.73104,26.81705,22.08222
1786073400,26.8986,81.91196,90,0,221,,1,27.62944,26.78319,22.08222
1786073401,26.96803,82.01266,90,0,221,,1,27.66331,26.78319,22.08222
1786073401,26.95468,81.92569,90,0,221,,1,27.66331,26.78319,22.08222
1786073402,26.91195,81.88449,90,0,222,,1,27.62944,26.81705,22.11589
1786073403,26.92798,81.89822,90,0,222,,1,27.69717,26.78319,22.04836
1786073404,26.96803,81.96231,90,0,221,,1,27.69717,26.81705,22.08222
1786073404,26.91195,82.11337,90,0,221,,1,27.66331,26.81705,22.08222
1786073405,26.98405,82.12253,90,0,221,,1,27.62944,26.74932,22.01469
1786073406,26.92798,82.04471,90,0,221,,1,27.66331,26.74932,21.98083
1786073406,26.94133,82.20187,90,0,221,,1,27.66331,26.74932,22.08222
1786073407,26.96803,82.28275,90,0,221,,1,27.66331,26.74932,22.04836
1786073408,26.91195,82.26902,90,0,221,,1,27.66331,26.81705,22.11589
1786073408,26.99741,82.48569,90,0,221,,1,27.59557,26.81705,22.01469
1786073409,27.02411,82.52537,90,0,221,,1,27.66331,26.74932,22.08222
1786073410,26.84253,82.59098,90,0,221,,1,27.66331,26.74932,22.04836
1786073410,26.98405,82.56657,90,0,221,,1,27.62944,26.81705,22.11589
1786073411,27.01076,82.64591,90,0,221,,1,27.66331,26.78319,22.11589
1786073412,26.96803,82.61387,90,0,221,,1,27.66331,26.81705,22.08222
1786073412,26.92798,82.76952,90,0,222,,1,27.62944,26.85092,22.11589
1786073413,26.99741,82.90227,90,0,221,,1,27.66331,26.85092,22.11589
1786073414,26.94133,82.87785,90,0,221,,1,27.62944,26.78319,22.08222
1786073414,26.86923,82.8687,90,0,222,,1,27.66331,26.71565,22.11589
1786073415,27.04013,82.91447,90,0,221,,1,27.62944,26.78319,22.04836
1786073416,26.96803,82.94652,90,0,221,,1,27.62944,26.74932,22.08222
1786073416,26.99741,82.88243,90,0,221,,1,27.69717,26.74932,22.04836
1786073417,27.01076,82.94652,90,0,221,,1,27.66331,26.81705,22.11589
1786073418,26.94133,83.03349,90,0,221,,1,27.69717,26.74932,21.98083
1786073418,27.01076,83.06096,90,0,221,,1,27.69717,26.74932,22.01469
1786073419,26.99741,83.1403,90,0,221,,1,27.69717,26.68159,22.01469
1786073420,26.99741,83.24406,90,0,221,,1,27.62944,26.81705,22.01469
1786073420,26.88525,83.23186,90,0,221,,1,27.66331,26.74932,22.04836
1786073421,26.85588,83.23643,90,0,221,,1,27.62944,26.81705,22.01469
1786073422,26.95468,83.25323,90,0,221,,1,27.66331,26.78319,22.04836
1786073423,26.88525,83.328,90,0,222,,1,27.66331,26.81705,22.08222
1786073423,26.95468,83.32647,90,0,222,,1,27.66331,26.78319,22.01469
1786073424,26.88525,83.37835,90,0,221,,1,27.69717,26.74932,22.14976
1786073425,26.99741,83.41955,90,0,221,,1,27.66331,26.78319,22.08222
1786073425,26.86923,83.53857,90,0,221,,1,27.66331,26.78319,22.11589
1786073426,26.94133,83.62096,90,0,221,,1,27.66331,26.78319,22.04836
1786073427,26.92798,83.64843,90,0,221,,1,27.66331,26.78319,22.08222
1786073427,26.98405,83.74761,90,0,221,,1,27.62944,26.81705,22.08222
1786073428,26.99741,83.78119,90,0,221,,1,27.66331,26.81705,22.04836
1786073429,26.95468,83.79034,90,0,221,,1,27.69717,26.81705,22.08222
1786073429,27.01076,83.69268,90,0,221,,1,27.69717,26.85092,22.08222
1786073430,27.01076,83.72167,90,0,221,,1,27.69717,26.74932,22.08222
1786073431,26.94133,83.64233,90,0,221,,1,27.66331,26.71565,22.01469
1786073431,26.91195,83.66521,90,0,221,,1,27.66331,26.85092,22.08222
1786073432,27.01076,83.5462,90,0,221,,1,27.69717,26.78319,22.08222
1786073433,26.94133,83.44549,90,0,222,,1,27.69717,26.74932,22.04836
1786073433,27.02411,83.43633,90,0,221,,1,27.62944,26.71565,21.98083
1786073434,26.94133,83.31274,90,0,222,,1,27.66331,26.71565,22.08222
1786073435,26.96803,83.22575,90,0,222,,1,27.66331,26.78319,22.04836
1786073435,26.94133,83.25933,90,0,221,,1,27.66331,26.85092,22.04836
1786073436,26.99741,83.17082,90,0,221,,1,27.66331,26.85092,22.11589
1786073437,26.92798,83.09911,90,0,221,,1,27.62944,26.74932,22.08222
1786073437,26.94133,82.94804,90,0,221,,1,27.66331,26.78319,22.08222
1786073438,27.01076,82.8336,90,0,221,,1,27.62944,26.78319,22.11589
1786073439,27.01076,82.66727,90,0,221,,1,27.69717,26.81705,22.11589
1786073439,26.86923,82.6276,90,0,221,,1,27.69717,26.74932,22.01469
1786073440,26.88525,82.66422,90,0,221,,1,27.66331,26.74932,22.01469
1786073441,26.94133,82.5864,90,0,221,,1,27.69717,26.74932,22.01469
1786073441,26.94133,82.52537,90,0,221,,1,27.66331,26.74932,22.08222
1786073442,27.01076,82.53147,90,0,223,,1,27.62944,26.81705,22.04836
1786073443,26.92798,82.41703,90,0,221,,1,27.62944,26.74932,22.08222
1786073444,26.84253,82.33006,90,0,222,,1,27.66331,26.78319,22.01469
1786073444,26.92798,82.48875,90,0,222,,1,27.62944,26.78319,22.08222
1786073445,26.85588,82.37583,90,0,222,,1,27.62944,26.74932,22.08222
1786073446,26.99741,82.22781,90,0,221,,1,27.66331,26.81705,22.04836
1786073446,26.99741,82.22781,90,0,221,,1,27.62944,26.78319,22.04836
1786073447,26.94133,82.11032,90,0,221,,1,27.66331,26.81705,22.14976
1786073448,26.96803,82.2095,90,0,221,,1,27.62944,26.78319,22.08222
1786073448,26.95468,82.17441,90,0,221,,1,27.73104,26.71565,22.08222
1786073449,26.81315,82.0325,90,0,221,,1,27.69717,26.74932,22.11589
1786073450,26.8986,82.15915,90,0,221,,1,27.66331,26.74932,22.08222
1786073450,26.86923,82.01724,90,0,221,,1,27.66331,26.85092,22.08222
1786073451,26.88525,82.02182,90,0,221,,1,27.69717,26.71565,22.04836
1786073452,26.91195,82.00809,90,0,221,,1,27.69717,26.74932,22.04836
1786073452,27.02411,81.9028,90,0,222,,1,27.73104,26.78319,22.11589
1786073453,26.94133,81.96384,90,0,222,,1,27.66331,26.78319,22.08222
1786073454,27.01076,81.97299,90,0,222,,1,27.69717,26.71565,22.08222
1786073454,26.95468,81.90433,90,0,221,,1,27.66331,26.71565,22.04836
1786073455,26.8986,81.944,90,0,221,,1,27.69717,26.85092,22.11589
1786073456,26.95468,81.89517,90,0,221,,1,27.69717,26.74932,22.11589
1786073456,26.95468,82.19577,90,0,221,,1,27.69717,26.78319,22.08222
1786073457,26.91195,81.96689,90,0,221,,1,27.66331,26.74932,22.04836
1786073458,26.94133,82.05844,90,0,221,,1,27.62944,26.74932,22.04836
1786073458,26.96803,82.20035,90,0,221,,1,27.66331,26.68159,22.11589
1786073459,27.05348,82.38804,90,0,221,,1,27.69717,26.81705,22.11589
1786073460,26.91195,82.19577,90,0,221,,1,27.66331,26.78319,22.08222
1786073460,26.99741,82.3621,90,0,221,,1,27.69717,26.81705,22.08222
1786073461,26.99741,82.4155,90,0,221,,1,27.66331,26.78319,22.11589
1786073462,26.8986,82.39872,90,0,222,,1,27.62944,26.74932,22.08222
1786073463,26.86923,82.42161,90,0,222,,1,27.62944,26.81705,22.01469
1786073463,26.8986,82.46128,90,0,221,,1,27.69717,26.78319,22.08222
1786073464,26.92798,82.52079,90,0,222,,1,27.66331,26.74932,22.08222
1786073465,26.95468,82.74662,90,0,221,,1,27.69717,26.78319,22.08222
1786073465,26.8986,82.59556,90,0,221,,1,27.66331,26.74932,21.98083
1786073466,26.99741,82.71458,90,0,221,,1,27.73104,26.81705,22.08222
1786073467,26.98405,82.70084,90,0,221,,1,27.62944,26.71565,22.01469
1786073467,26.88525,82.75883,90,0,221,,1,27.59557,26.78319,22.04836
1786073468,26.99741,82.78783,90,0,221,,1,27.69717,26.74932,22.08222
1786073469,26.95468,82.80614,90,0,221,,1,27.69717,26.88478,22.08222
1786073469,26.95468,82.72678,90,0,221,,1,27.66331,26.68159,22.04836
1786073470,26.94133,82.81377,90,0,221,,1,27.66331,26.74932,21.94696
1786073471,26.81315,82.82292,90,0,221,,1,27.66331,26.85092,22.04836
1786073471,26.91195,82.74204,90,0,221,,1,27.69717,26.71565,22.11589
1786073472,26.84253,82.69474,90,0,222,,1,27.69717,26.81705,22.04836
1786073473,26.8986,82.56657,90,0,222,,1,27.62944,26.68159,22.08222
1786073473,26.99741,82.50706,90,0,222,,1,27.69717,26.74932,22.08222
1786073474,26.99741,82.48569,90,0,222,,1,27.69717,26.74932,22.11589
1786073475,27.01076,82.42008,90,0,221,,1,27.66331,26.81705,22.01469
1786073475,26.99741,82.37431,90,0,221,,1,27.62944,26.81705,22.08222
1786073476,26.98405,82.26597,90,0,221,,1,27.62944,26.85092,22.08222
1786073477,26.95468,82.15457,90,0,221,,1,27.66331,26.78319,22.11589
1786073477,26.98405,82.29801,90,0,221,,1,27.66331,26.81705,22.08222
1786073478,26.91195,82.25681,90,0,221,,1,27.62944,26.81705,22.08222
1786073479,26.94133,82.0676,90,0,221,,1,27.66331,26.85092,22.04836
1786073479,26.94133,82.07828,90,0,221,,1,27.69717,26.74932,22.04836
1786073480,26.91195,82.00809,90,0,221,,1,27.62944,26.81705,22.08222
1786073481,26.8986,81.97299,90,0,221,,1,27.66331,26.71565,22.04836
1786073482,26.96803,81.9501,90,0,221,,1,27.69717,26.74932,22.11589
1786073482,26.88525,81.9501,90,0,222,,1,27.69717,26.78319,22.01469
1786073483,26.92798,81.86618,90,0,222,,1,27.66331,26.81705,22.08222
1786073484,26.95468,81.84329,90,0,222,,1,27.66331,26.78319,22.04836
1786073484,26.95468,81.84329,90,0,222,,1,27.69717,26.71565,22.01469
1786073485,27.01076,81.83871,90,0,222,,1,27.66331,26.85092,22.04836
1786073486,27.02411,81.95468,90,0,221,,1,27.66331,26.74932,22.08222
1786073486,26.91195,81.86313,90,0,221,,1,27.66331,26.71565,22.04836
1786073487,26.95468,81.77005,90,0,221,,1,27.62944,26.85092,22.11589
1786073488,26.92798,81.86618,90,0,221,,1,27.62944,26.74932,22.04836
1786073488,26.95468,81.95773,90,0,221,,1,27.66331,26.78319,22.11589
1786073489,26.84253,81.75174,90,0,221,,1,27.66331,26.78319,22.04836
1786073490,26.88525,81.72121,90,0,221,,1,27.62944,26.81705,22.11589
1786073490,26.95468,81.81277,90,0,221,,1,27.69717,26.78319,22.11589
1786073491,26.95468,81.74868,90,0,221,,1,27.62944,26.74932,22.08222
1786073492,26.98405,81.72579,90,0,221,,1,27.66331,26.78319,22.01469
1786073492,26.91195,81.72884,90,0,222,,1,27.66331,26.81705,22.04836
1786073493,26.94133,81.65255,90,0,222,,1,27.69717,26.74932,22.01469
1786073494,26.92798,81.62814,90,0,222,,1,27.66331,26.71565,22.04836
1786073494,26.98405,81.55032,90,0,222,,1,27.73104,26.74932,22.04836
1786073495,26.8986,81.69222,90,0,222,,1,27.66331,26.71565,22.08222
1786073496,26.86923,81.72579,90,0,221,,1,27.69717,26.81705,22.04836
1786073496,26.96803,81.60677,90,0,221,,1,27.66331,26.78319,22.01469
1786073497,26.96803,81.53353,90,0,221,,1,27.66331,26.78319,22.04836
1786073498,26.8986,81.66171,90,0,222,,1,27.66331,26.78319,22.08222
1786073499,26.88525,81.53353,90,0,221,,1,27.59557,26.78319,22.01469
1786073499,26.91195,81.50912,90,0,221,,1,27.69717,26.74932,22.08222
1786073500,26.91195,81.72884,90,0,221,,1,27.66331,26.74932,22.11589
1786073501,26.94133,81.62051,90,0,221,,1,27.66331,26.71565,22.11589
1786073501,26.91195,81.561,90,0,221,,1,27.66331,26.68159,22.04836
1786073502,26.91195,81.42672,90,0,221,,1,27.62944,26.74932,22.08222
1786073503,26.96803,81.58694,90,0,222,,1,27.69717,26.74932,22.01469
1786073503,26.88525,81.55489,90,0,222,,1,27.66331,26.78319,22.08222
1786073504,26.98405,81.55032,90,0,222,,1,27.66331,26.74932,22.01469
1786073505,26.95468,81.55184,90,0,221,,1,27.66331,26.74932,22.04836
1786073505,26.95468,81.51064,90,0,221,,1,27.69717,26.71565,22.11589
1786073506,26.91195,81.54116,90,0,221,,1,27.66331,26.74932,22.04836
1786073507,27.01076,81.63882,90,0,221,,1,27.66331,26.78319,22.08222
1786073507,26.92798,81.66018,90,0,221,,1,27.66331,26.74932,22.04836
1786073508,26.88525,81.49233,90,0,221,,1,27.66331,26.71565,22.01469
1786073509,26.91195,81.5732,90,0,221,,1,27.66331,26.78319,22.11589
1786073509,26.8986,81.49691,90,0,221,,1,27.69717,26.74932,22.08222
1786073510,26.95468,81.58389,90,0,221,,1,27.69717,26.74932,22.04836
1786073511,26.99741,81.42825,90,0,221,,1,27.66331,26.85092,22.08222
1786073511,26.99741,81.55184,90,0,221,,1,27.69717,26.81705,22.01469
1786073512,26.94133,81.53811,90,0,221,,1,27.66331,26.78319,22.08222
1786073513,26.96803,81.47402,90,0,222,,1,27.66331,26.74932,22.04836
1786073513,26.86923,81.52895,90,0,221,,1,27.62944,26.71565,22.01469
1786073514,26.94133,81.45571,90,0,222,,1,27.69717,26.78319,22.04836
1786073515,26.92798,81.42214,90,0,221,,1,27.66331,26.81705,22.08222
1786073515,26.8986,81.44503,90,0,221,,1,27.62944,26.81705,22.08222
1786073516,26.95468,81.42825,90,0,221,,1,27.66331,26.81705,22.08222
1786073517,26.91195,81.49996,90,0,221,,1,27.62944,26.81705,22.08222
1786073518,26.88525,81.4313,90,0,221,,1,27.62944,26.78319,22.04836
1786073518,27.01076,81.45419,90,0,221,,1,27.66331,26.78319,22.08222
1786073519,26.88525,81.49233,90,0,221,,1,27.69717,26.71565,22.01469
1786073520,26.86923,81.45876,90,0,221,,1,27.66331,26.74932,22.11589
1786073520,26.8986,81.43282,90,0,221,,1,27.62944,26.81705,22.11589
1786073521,26.95468,81.45876,90,0,221,,1,27.66331,26.74932,22.08222
1786073522,26.94133,81.51827,90,0,221,,1,27.62944,26.74932,22.08222
1786073522,26.92798,81.53353,90,0,222,,1,27.66331,26.74932,22.01469
1786073523,26.98405,81.55032,90,0,222,,1,27.66331,26.74932,22.18362
1786073524,27.01076,81.46334,90,0,222,,1,27.66331,26.85092,22.04836
1786073524,26.99741,81.37637,90,0,222,,1,27.66331,26.71565,22.08222
1786073525,26.85588,81.42214,90,0,222,,1,27.69717,26.81705,22.14976
1786073526,26.86923,81.46792,90,0,221,,1,27.66331,26.74932,22.11589
1786073526,26.92798,81.44198,90,0,221,,1,27.66331,26.78319,22.08222
1786073527,26.88525,81.4313,90,0,221,,1,27.69717,26.71565,22.04836
1786073528,26.91195,81.49081,90,0,221,,1,27.69717,26.78319,22.08222
1786073528,27.01076,81.46334,90,0,221,,1,27.66331,26.74932,22.08222
1786073529,26.95468,81.46944,90,0,221,,1,27.69717,26.78319,22.01469
1786073530,26.95468,81.37637,90,0,221,,1,27.69717,26.74932,22.04836
1786073530,26.88525,81.38705,90,0,221,,1,27.62944,26.81705,22.04836
1786073531,26.92798,81.40993,90,0,221,,1,27.66331,26.78319,22.04836
1786073532,27.05348,81.43282,90,0,221,,1,27.7649,26.71565,22.04836
1786073532,26.94133,81.40383,90,0,222,,1,27.66331,26.74932,21.98083
1786073533,27.04013,81.34585,90,0,222,,1,27.66331,26.78319,22.14976
1786073534,26.91195,81.36416,90,0,222,,1,27.62944,26.78319,22.04836
1786073534,27.01076,81.45419,90,0,222,,1,27.73104,26.78319,22.01469
1786073535,26.86923,81.38552,90,0,221,,1,27.66331,26.68159,22.04836
1786073536,26.94133,81.41451,90,0,221,,1,27.69717,26.78319,22.08222
1786073537,26.95468,81.5732,90,0,221,,1,27.69717,26.74932,22.01469
1786073537,26.98405,81.46792,90,0,221,,1,27.66331,26.78319,22.08222
1786073538,26.94133,81.45571,90,0,221,,1,27.66331,26.74932,22.11589
1786073539,26.99741,81.37637,90,0,221,,1,27.62944,26.78319,22.11589
1786073539,26.94133,81.34127,90,0,222,,1,27.66331,26.71565,22.11589
1786073540,26.95468,81.44961,90,0,221,,1,27.66331,26.78319,22.08222
1786073541,26.91195,81.46944,90,0,221,,1,27.59557,26.81705,22.11589
1786073541,26.88525,81.44045,90,0,221,,1,27.66331,26.81705,22.04836
1786073542,26.96803,81.44198,90,0,221,,1,27.66331,26.68159,22.11589
1786073543,26.85588,81.27718,90,0,222,,1,27.66331,26.78319,22.08222
1786073543,26.96803,81.49538,90,0,221,,1,27.66331,26.78319,22.11589
1786073544,26.96803,81.55489,90,0,222,,1,27.66331,26.78319,22.01469
1786073545,26.95468,81.42825,90,0,221,,1,27.62944,26.81705,22.08222
1786073545,26.94133,81.43587,90,0,221,,1,27.69717,26.71565,22.01469
1786073546,26.92798,81.40993,90,0,221,,1,27.66331,26.81705,22.01469
1786073547,26.88525,81.4313,90,0,221,,1,27.66331,26.81705,22.04836
1786073547,26.86923,81.54116,90,0,221,,1,27.66331,26.74932,22.01469
1786073548,26.95468,81.34585,90,0,221,,1,27.66331,26.81705,22.01469
1786073549,26.88525,81.48318,90,0,221,,1,27.69717,26.78319,22.04836
1786073549,26.95468,81.4374,90,0,221,,1,27.66331,26.78319,22.08222
1786073550,27.02411,81.44656,90,0,221,,1,27.66331,26.74932,22.11589
1786073551,27.01076,81.54574,90,0,221,,1,27.62944,26.74932,22.01469
1786073551,27.02411,81.50912,90,0,221,,1,27.66331,26.74932,21.98083
1786073552,26.91195,81.4786,90,0,222,,1,27.66331,26.78319,22.04836
1786073553,27.01076,81.63882,90,0,221,,1,27.69717,26.81705,22.08222
1786073554,26.8986,81.39162,90,0,221,,1,27.66331,26.81705,22.01469
1786073554,26.98405,81.39468,90,0,222,,1,27.66331,26.78319,22.01469
1786073555,26.92798,81.45113,90,0,222,,1,27.66331,26.78319,22.01469
1786073556,26.8986,81.55947,90,0,221,,1,27.66331,26.81705,21.98083
1786073556,27.02411,81.58236,90,0,221,,1,27.66331,26.81705,22.04836
1786073557,27.02411,81.58236,90,0,221,,1,27.66331,26.78319,22.04836
1786073558,26.8986,81.58846,90,0,221,,1,27.59557,26.78319,22.04836
1786073558,27.02411,81.68459,90,0,221,,1,27.66331,26.78319,22.04836
1786073559,26.8986,81.61135,90,0,221,,1,27.69717,26.78319,22.08222
1786073560,26.92798,81.61898,90,0,221,,1,27.66331,26.81705,22.04836
1786073560,26.96803,81.83566,90,0,221,,1,27.66331,26.78319,22.11589
1786073561,27.01076,81.51522,90,0,221,,1,27.66331,26.78319,22.08222
1786073562,26.96803,81.55489,90,0,221,,1,27.66331,26.81705,22.04836
1786073562,27.01076,81.73342,90,0,222,,1,27.66331,26.78319,22.08222
1786073563,26.96803,81.77463,90,0,221,,1,27.69717,26.78319,22.01469
1786073564,26.99741,81.80362,90,0,221,,1,27.62944,26.74932,22.01469
1786073564,26.96803,81.89822,90,0,222,,1,27.66331,26.81705,22.01469
1786073565,26.96803,81.84482,90,0,222,,1,27.69717,26.78319,22.04836
1786073566,26.92798,81.93027,90,0,221,,1,27.66331,26.74932,22.04836
1786073566,26.98405,81.8494,90,0,221,,1,27.62944,26.78319,22.04836
1786073567,26.96803,81.84482,90,0,221,,1,27.66331,26.78319,22.01469
1786073568,26.99741,81.75174,90,0,221,,1,27.66331,26.78319,22.11589
1786073568,26.8986,81.79752,90,0,221,,1,27.69717,26.71565,21.98083
1786073569,26.99741,81.89517,90,0,221,,1,27.69717,26.74932,22.01469
1786073570,26.95468,81.84329,90,0,221,,1,27.69717,26.71565,22.14976
1786073570,26.8986,81.81735,90,0,222,,1,27.69717,26.74932,22.08222
1786073571,26.98405,81.87076,90,0,221,,1,27.66331,26.74932,22.08222
1786073572,26.92798,81.96231,90,0,221,,1,27.66331,26.78319,22.11589
1786073573,26.95468,81.74868,90,0,222,,1,27.69717,26.78319,22.04836
1786073573,26.8986,81.87991,90,0,222,,1,27.62944,26.78319,22.01469
1786073574,26.95468,81.86313,90,0,222,,1,27.66331,26.78319,22.01469
1786073575,26.98405,81.92264,90,0,221,,1,27.69717,26.81705,22.01469
1786073575,26.95468,81.89517,90,0,221,,1,27.69717,26.71565,22.08222
1786073576,26.8986,81.85855,90,0,221,,1,27.66331,26.81705,22.01469
1786073577,26.96803,81.87686,90,0,221,,1,27.62944,26.74932,22.04836
1786073577,26.96803,81.90891,90,0,221,,1,27.62944,26.78319,22.04836
1786073578,27.02411,81.92264,90,0,221,,1,27.66331,26.74932,22.01469
1786073579,26.94133,81.96384,90,0,221,,1,27.66331,26.74932,22.08222
1786073579,26.98405,82.06912,90,0,221,,1,27.73104,26.81705,22.04836
1786073580,26.94133,82.0676,90,0,221,,1,27.66331,26.78319,22.08222
1786073581,26.8986,81.95316,90,0,221,,1,27.66331,26.74932,22.11589
1786073581,26.95468,81.90433,90,0,221,,1,27.66331,26.71565,22.01469
1786073582,26.99741,81.96841,90,0,221,,1,27.62944,26.74932,22.11589
1786073583,27.01076,81.88907,90,0,221,,1,27.66331,26.78319,22.08222
1786073583,26.95468,81.96841,90,0,222,,1,27.62944,26.78319,22.01469
1786073584,26.96803,81.9501,90,0,222,,1,27.69717,26.71565,22.08222
1786073585,27.01076,81.88907,90,0,222,,1,27.62944,26.81705,22.01469
1786073585,26.92798,81.9913,90,0,221,,1,27.66331,26.81705,22.11589
1786073586,26.98405,81.92264,90,0,221,,1,27.66331,26.74932,22.08222
1786073587,27.02411,81.9028,90,0,221,,1,27.66331,26.74932,22.01469
1786073587,26.96803,81.90891,90,0,221,,1,27.69717,26.81705,22.04836
1786073588,26.98405,81.89365,90,0,221,,1,27.66331,26.78319,22.04836
1786073589,26.95468,81.82193,90,0,221,,1,27.66331,26.71565,22.14976
1786073589,27.02411,81.72579,90,0,221,,1,27.62944,26.78319,22.04836
1786073590,26.91195,81.81125,90,0,221,,1,27.66331,26.74932,22.08222
1786073591,26.99741,81.83414,90,0,221,,1,27.66331,26.78319,22.04836
1786073591,26.96803,81.86618,90,0,221,,1,27.62944,26.78319,22.11589
1786073592,27.02411,81.84024,90,0,222,,1,27.69717,26.74932,22.08222
1786073593,26.94133,81.79904,90,0,222,,1,27.66331,26.74932,22.11589
1786073594,26.96803,81.75327,90,0,221,,1,27.66331,26.74932,22.11589
1786073594,26.91195,81.77005,90,0,221,,1,27.66331,26.81705,22.01469
1786073595,27.09621,81.8082,90,0,222,,1,27.62944,26.74932,22.01469
1786073596,26.95468,81.82193,90,0,221,,1,27.62944,26.81705,22.11589
1786073596,26.95468,81.83109,90,0,221,,1,27.66331,26.71565,22.01469
1786073597,26.95468,81.71664,90,0,221,,1,27.66331,26.74932,22.08222
1786073598,26.96803,81.68002,90,0,221,,1,27.69717,26.78319,22.08222
1786073598,26.96803,81.88907,90,0,221,,1,27.69717,26.74932,22.11589
1786073599,26.96803,81.83566,90,0,221,,1,27.66331,26.71565,22.01469
1786073600,26.92798,81.90891,90,0,221,,1,27.66331,26.78319,22.04836
1786073600,27.05348,82.01419,90,0,221,,1,27.69717,26.74932,22.04836
1786073601,26.96803,81.9501,90,0,221,,1,27.62944,26.71565,22.01469
1786073602,26.8986,81.944,90,0,221,,1,27.66331,26.74932,22.01469
1786073602,26.95468,82.05997,90,0,222,,1,27.69717,26.71565,22.18362
1786073603,27.01076,82.02335,90,0,222,,1,27.66331,26.81705,22.04836
1786073604,26.94133,81.96384,90,0,222,,1,27.66331,26.71565,22.04836
1786073604,27.06684,82.13321,90,0,222,,1,27.69717,26.74932,22.08222
1786073605,27.05348,82.04471,90,0,222,,1,27.66331,26.85092,22.01469
1786073606,26.98405,82.13168,90,0,221,,1,27.66331,26.81705,22.11589
1786073606,26.94133,82.24307,90,0,221,,1,27.66331,26.71565,22.08222
1786073607,27.02411,82.22476,90,0,221,,1,27.69717,26.81705,22.04836
1786073608,26.98405,82.25529,90,0,221,,1,27.66331,26.74932,22.04836
1786073608,26.98405,82.45365,90,0,221,,1,27.73104,26.78319,22.04836
1786073609,26.98405,82.22476,90,0,221,,1,27.66331,26.78319,22.14976
1786073610,26.94133,82.34684,90,0,221,,1,27.66331,26.74932,22.04836
1786073610,26.96803,82.55283,90,0,221,,1,27.66331,26.71565,22.08222
1786073611,26.98405,82.51621,90,0,221,,1,27.66331,26.85092,22.08222
1786073612,26.98405,82.63981,90,0,221,,1,27.66331,26.78319,22.01469
1786073613,27.01076,82.80156,90,0,222,,1,27.69717,26.78319,22.11589
1786073613,26.96803,82.72831,90,0,222,,1,27.73104,26.78319,22.01469
1786073614,26.92798,82.68711,90,0,222,,1,27.69717,26.81705,22.08222
1786073615,26.96803,82.79088,90,0,222,,1,27.69717,26.74932,21.98083
1786073615,26.95468,82.92058,90,0,221,,1,27.66331,26.74932,22.04836
1786073616,27.02411,83.00298,90,0,221,,1,27.69717,26.78319,22.01469
1786073617,26.8986,82.77257,90,0,221,,1,27.66331,26.78319,22.04836
1786073617,26.92798,82.87328,90,0,221,,1,27.62944,26.81705,22.08222
1786073618,26.94133,82.7924,90,0,221,,1,27.62944,26.81705,22.04836
1786073619,26.96803,82.84276,90,0,221,,1,27.66331,26.78319,22.01469
1786073619,26.92798,82.83208,90,0,222,,1,27.62944,26.74932,22.08222
1786073620,26.96803,82.87328,90,0,221,,1,27.69717,26.85092,22.08222
1786073621,27.05348,82.65812,90,0,221,,1,27.62944,26.68159,22.04836
1786073621,26.88525,82.68559,90,0,221,,1,27.62944,26.78319,22.01469
1786073622,26.99741,82.70542,90,0,222,,1,27.66331,26.81705,21.98083
1786073623,26.94133,82.76341,90,0,222,,1,27.62944,26.78319,22.04836
1786073623,26.99741,82.66422,90,0,221,,1,27.66331,26.78319,22.11589
1786073624,26.96803,82.58488,90,0,221,,1,27.73104,26.74932,22.08222
1786073625,26.98405,82.61845,90,0,222,,1,27.66331,26.74932,22.08222
1786073625,27.05348,82.5864,90,0,221,,1,27.66331,26.81705,22.04836
1786073626,26.95468,82.57114,90,0,221,,1,27.66331,26.88478,22.08222
1786073627,26.88525,82.63218,90,0,221,,1,27.62944,26.74932,22.04836
1786073627,26.96803,82.62302,90,0,221,,1,27.66331,26.74932,22.08222
1786073628,26.95468,82.72678,90,0,221,,1,27.62944,26.74932,22.08222
1786073629,26.95468,82.80614,90,0,221,,1,27.66331,26.74932,22.08222
1786073629,26.92798,83.05791,90,0,221,,1,27.66331,26.78319,22.08222
1786073630,26.98405,83.18913,90,0,221,,1,27.66331,26.78319,22.08222
1786073631,27.09621,83.36462,90,0,221,,1,27.62944,26.81705,22.08222
1786073632,26.98405,83.61181,90,0,221,,1,27.66331,26.78319,22.08222
1786073632,26.99741,83.7934,90,0,222,,1,27.69717,26.74932,22.08222
1786073633,26.92798,83.91852,90,0,222,,1,27.62944,26.71565,22.08222
1786073634,26.91195,84.09094,90,0,222,,1,27.69717,26.74932,22.11589
1786073634,26.99741,84.01923,90,0,221,,1,27.62944,26.78319,22.11589
1786073635,27.02411,84.16113,90,0,221,,1,27.69717,26.78319,21.98083
1786073636,27.02411,84.08789,90,0,221,,1,27.66331,26.78319,22.08222
1786073636,26.99741,84.04974,90,0,221,,1,27.66331,26.85092,22.08222
1786073637,27.06684,84.06958,90,0,221,,1,27.66331,26.85092,22.08222
1786073638,26.99741,84.11383,90,0,221,,1,27.62944,26.74932,22.04836
1786073638,26.92798,84.05127,90,0,221,,1,27.66331,26.74932,22.01469
1786073639,26.99741,83.93683,90,0,221,,1,27.66331,26.78319,22.08222
1786073640,26.98405,83.88037,90,0,221,,1,27.62944,26.78319,22.04836
1786073640,26.94133,83.83002,90,0,221,,1,27.69717,26.78319,22.01469
1786073641,27.01076,83.79492,90,0,221,,1,27.66331,26.81705,21.98083
1786073642,27.01076,83.74303,90,0,221,,1,27.66331,26.74932,22.11589
1786073642,27.01076,83.59808,90,0,222,,1,27.69717,26.78319,22.04836
1786073643,26.95468,83.60571,90,0,222,,1,27.66331,26.74932,22.08222
1786073644,26.99741,83.61639,90,0,222,,1,27.66331,26.78319,22.04836
1786073644,26.98405,83.48821,90,0,221,,1,27.66331,26.81705,22.08222
1786073645,26.94133,83.39208,90,0,222,,1,27.69717,26.74932,22.08222
1786073646,26.96803,83.25475,90,0,221,,1,27.62944,26.78319,22.04836
1786073646,26.96803,83.26696,90,0,221,,1,27.66331,26.78319,22.08222
1786073647,26.99741,83.12047,90,0,221,,1,27.66331,26.74932,22.08222
1786073648,27.04013,83.00603,90,0,221,,1,27.66331,26.78319,22.01469
1786073648,26.92798,82.88396,90,0,221,,1,27.62944,26.74932,22.11589
1786073649,26.95468,82.7863,90,0,221,,1,27.62944,26.81705,22.11589
1786073650,26.99741,82.82903,90,0,221,,1,27.69717,26.78319,22.08222
1786073651,26.96803,82.79088,90,0,221,,1,27.69717,26.81705,22.08222
1786073651,26.98405,82.59861,90,0,221,,1,27.62944,26.74932,22.08222
1786073652,26.85588,82.72831,90,0,221,,1,27.66331,26.78319,22.08222
1786073653,26.8986,82.53452,90,0,222,,1,27.69717,26.74932,22.14976
1786073653,27.01076,82.52232,90,0,221,,1,27.66331,26.81705,22.01469
1786073654,26.92798,82.41703,90,0,222,,1,27.66331,26.78319,22.04836
1786073655,26.8986,82.50248,90,0,221,,1,27.62944,26.74932,22.04836
1786073655,26.94133,82.53452,90,0,221,,1,27.69717,26.78319,22.08222
1786073656,27.01076,82.37583,90,0,221,,1,27.62944,26.71565,22.08222
1786073657,26.96803,82.40788,90,0,221,,1,27.62944,26.74932,22.04836
1786073657,26.98405,82.47196,90,0,221,,1,27.66331,26.81705,22.08222
1786073658,26.92798,82.29191,90,0,221,,1,27.69717,26.85092,22.04836
1786073659,27.01076,82.33463,90,0,221,,1,27.69717,26.78319,22.08222
1786073659,26.8986,82.25529,90,0,221,,1,27.66331,26.78319,22.08222
1786073660,27.01076,82.36668,90,0,221,,1,27.62944,26.81705,22.01469
1786073661,26.8986,82.24307,90,0,221,,1,27.66331,26.74932,22.01469
1786073661,26.8986,82.27512,90,0,221,,1,27.66331,26.81705,22.14976
1786073662,26.94133,82.27512,90,0,222,,1,27.62944,26.78319,22.08222
1786073663,26.86923,82.15152,90,0,222,,1,27.66331,26.78319,21.9133
1786073663,26.88525,82.26139,90,0,222,,1,27.62944,26.78319,22.08222
1786073664,26.8986,82.19119,90,0,221,,1,27.66331,26.71565,22.01469
1786073665,27.01076,82.33463,90,0,222,,1,27.59557,26.74932,22.11589
1786073665,26.98405,82.25529,90,0,221,,1,27.69717,26.74932,22.14976
1786073666,26.92798,82.31174,90,0,221,,1,27.69717,26.74932,22.01469
1786073667,26.96803,82.37583,90,0,221,,1,27.59557,26.81705,22.04836
1786073667,27.01076,82.22018,90,0,221,,1,27.62944,26.78319,22.01469
1786073668,26.99741,82.22781,90,0,221,,1,27.66331,26.71565,22.14976
1786073669,26.96803,82.24155,90,0,221,,1,27.62944,26.78319,22.08222
1786073670,26.91195,82.18356,90,0,221,,1,27.69717,26.78319,22.04836
1786073670,26.99741,82.22781,90,0,221,,1,27.66331,26.71565,22.08222
1786073671,26.95468,82.17441,90,0,221,,1,27.66331,26.85092,22.08222
1786073672,26.95468,82.09201,90,0,221,,1,27.66331,26.74932,22.04836
1786073672,26.96803,82.17746,90,0,222,,1,27.62944,26.71565,22.11589
1786073673,26.91195,82.10117,90,0,222,,1,27.66331,26.81705,22.08222
1786073674,26.91195,82.04013,90,0,222,,1,27.69717,26.74932,22.08222
1786073674,26.99741,82.08286,90,0,221,,1,27.62944,26.81705,22.01469
1786073675,26.96803,82.00046,90,0,221,,1,27.62944,26.74932,22.01469
1786073676,26.92798,82.06454,90,0,221,,1,27.66331,26.68159,22.08222
1786073676,26.95468,81.95773,90,0,221,,1,27.66331,26.71565,22.08222
1786073677,26.95468,81.93637,90,0,221,,1,27.66331,26.85092,22.08222
1786073678,26.91195,81.94553,90,0,221,,1,27.66331,26.71565,22.08222
1786073678,26.98405,82.05844,90,0,221,,1,27.62944,26.81705,22.08222
1786073679,26.96803,82.01266,90,0,221,,1,27.69717,26.78319,22.08222
1786073680,26.92798,82.1683,90,0,221,,1,27.69717,26.78319,22.08222
1786073680,26.94133,81.92264,90,0,221,,1,27.66331,26.81705,21.98083
1786073681,26.86923,81.87228,90,0,221,,1,27.69717,26.88478,22.11589
1786073682,26.98405,81.944,90,0,221,,1,27.73104,26.74932,22.11589
1786073682,26.96803,81.9913,90,0,222,,1,27.62944,26.78319,22.14976
1786073683,26.94133,81.92264,90,0,221,,1,27.69717,26.81705,22.04836
1786073684,26.92798,82.04471,90,0,222,,1,27.62944,26.85092,22.08222
1786073684,26.91195,81.93637,90,0,222,,1,27.69717,26.71565,22.01469
1786073685,27.02411,82.0264,90,0,221,,1,27.66331,26.74932,21.98083
1786073686,26.95468,82.11337,90,0,221,,1,27.69717,26.78319,22.08222
1786073686,27.02411,82.12253,90,0,221,,1,27.66331,26.78319,22.04836
1786073687,26.99741,81.91653,90,0,221,,1,27.62944,26.81705,22.04836
1786073688,26.98405,82.05844,90,0,221,,1,27.66331,26.78319,22.04836
1786073689,26.95468,82.09201,90,0,221,,1,27.66331,26.74932,22.04836
1786073689,26.99741,81.99893,90,0,221,,1,27.62944,26.78319,22.01469
1786073690,26.91195,82.06912,90,0,221,,1,27.66331,26.78319,21.98083
1786073691,27.02411,82.06912,90,0,221,,1,27.62944,26.81705,22.08222
1786073691,26.94133,82.00504,90,0,221,,1,27.69717,26.78319,22.08222
1786073692,26.91195,82.05997,90,0,221,,1,27.66331,26.74932,22.01469
1786073693,26.99741,82.07217,90,0,222,,1,27.69717,26.74932,22.04836
1786073693,26.92798,82.08591,90,0,221,,1,27.66331,26.81705,22.08222
1786073694,26.86923,82.03708,90,0,221,,1,27.62944,26.78319,22.01469
1786073695,26.96803,82.18814,90,0,222,,1,27.69717,26.78319,22.11589
1786073695,26.94133,81.99435,90,0,221,,1,27.69717,26.74932,22.08222
1786073696,26.99741,82.05081,90,0,221,,1,27.69717,26.81705,22.08222
1786073697,26.92798,82.02182,90,0,221,,1,27.69717,26.78319,22.08222
1786073697,27.09621,82.0676,90,0,221,,1,27.62944,26.74932,22.08222
1786073698,26.94133,82.03555,90,0,221,,1,27.59557,26.81705,22.04836
1786073699,26.91195,82.06912,90,0,221,,1,27.66331,26.81705,22.01469
1786073699,26.99741,82.05081,90,0,221,,1,27.66331,26.78319,22.11589
1786073700,26.94133,82.11948,90,0,221,,1,27.66331,26.78319,22.08222
1786073701,26.96803,82.11795,90,0,221,,1,27.62944,26.74932,22.04836
1786073701,26.92798,82.09506,90,0,221,,1,27.62944,26.81705,22.04836
1786073702,26.92798,82.13626,90,0,221,,1,27.66331,26.78319,21.98083
1786073703,27.01076,82.09659,90,0,221,,1,27.66331,26.74932,22.08222
1786073703,26.95468,82.05081,90,0,222,,1,27.66331,26.78319,22.08222
1786073704,26.92798,82.12711,90,0,222,,1,27.69717,26.74932,22.04836
1786073705,27.02411,82.16068,90,0,221,,1,27.66331,26.71565,22.01469
1786073706,27.01076,82.14999,90,0,221,,1,27.66331,26.71565,22.14976
1786073706,26.94133,82.20187,90,0,221,,1,27.69717,26.78319,22.11589
1786073707,27.01076,82.18814,90,0,221,,1,27.62944,26.78319,22.01469
1786073708,26.95468,82.08133,90,0,221,,1,27.66331,26.74932,22.04836
1786073708,26.98405,82.20493,90,0,221,,1,27.66331,26.78319,22.04836
1786073709,26.95468,82.19577,90,0,221,,1,27.66331,26.78319,22.01469
1786073710,26.99741,82.21866,90,0,221,,1,27.69717,26.78319,22.01469
1786073710,26.99741,82.14542,90,0,221,,1,27.66331,26.74932,22.04836
1786073711,26.94133,82.14084,90,0,221,,1,27.66331,26.78319,22.08222
1786073712,26.99741,82.24765,90,0,221,,1,27.62944,26.74932,21.94696
1786073712,26.96803,82.22934,90,0,222,,1,27.66331,26.81705,21.94696
1786073713,26.94133,82.14999,90,0,221,,1,27.69717,26.74932,22.04836
1786073714,26.8986,82.11948,90,0,222,,1,27.66331,26.85092,22.04836
1786073714,26.95468,82.16373,90,0,221,,1,27.66331,26.85092,22.01469
1786073715,26.92798,82.29191,90,0,222,,1,27.62944,26.71565,22.04836
1786073716,26.91195,82.24765,90,0,221,,1,27.73104,26.71565,22.11589
1786073716,26.94133,82.24307,90,0,221,,1,27.66331,26.74932,22.04836
1786073717,26.99741,82.14542,90,0,221,,1,27.66331,26.71565,22.01469
1786073718,26.95468,82.17441,90,0,221,,1,27.62944,26.78319,22.04836
1786073718,26.8986,82.18204,90,0,221,,1,27.66331,26.71565,22.04836
1786073719,26.92798,82.0737,90,0,221,,1,27.66331,26.81705,22.08222
1786073720,26.99741,82.18661,90,0,221,,1,27.69717,26.74932,22.08222
1786073720,26.92798,82.06454,90,0,221,,1,27.62944,26.74932,22.01469
1786073721,26.94133,81.96384,90,0,221,,1,27.66331,26.71565,22.04836
1786073722,26.8986,82.12863,90,0,221,,1,27.66331,26.68159,22.01469
1786073722,26.98405,82.07828,90,0,222,,1,27.66331,26.74932,22.08222
1786073723,26.99741,81.96841,90,0,221,,1,27.62944,26.78319,22.11589
1786073724,26.96803,82.08591,90,0,221,,1,27.66331,26.71565,22.11589
1786073725,26.8986,82.05539,90,0,221,,1,27.66331,26.74932,22.14976
1786073725,26.94133,81.91196,90,0,221,,1,27.66331,26.78319,22.01469
1786073726,26.94133,81.9852,90,0,221,,1,27.66331,26.78319,22.04836
1786073727,27.09621,82.05539,90,0,221,,1,27.62944,26.78319,22.08222
1786073727,26.94133,81.96384,90,0,222,,1,27.62944,26.81705,22.11589
1786073728,26.86923,81.93484,90,0,221,,1,27.66331,26.78319,22.08222
1786073729,26.99741,81.94858,90,0,221,,1,27.69717,26.74932,22.08222
1786073729,26.96803,81.9501,90,0,221,,1,27.69717,26.81705,22.04836
1786073730,26.96803,81.94095,90,0,221,,1,27.66331,26.81705,22.08222
1786073731,26.86923,81.8616,90,0,221,,1,27.73104,26.78319,22.11589
1786073731,27.01076,81.98215,90,0,221,,1,27.66331,26.71565,22.04836
1786073732,26.94133,81.97604,90,0,221,,1,27.62944,26.78319,22.08222
1786073733,26.92798,81.91806,90,0,221,,1,27.66331,26.78319,22.04836
1786073733,26.99741,81.92722,90,0,221,,1,27.69717,26.64792,22.01469
1786073734,26.99741,81.99893,90,0,222,,1,27.62944,26.74932,22.08222
1786073735,26.96803,81.91806,90,0,221,,1,27.69717,26.81705,22.11589
1786073735,26.98405,81.92264,90,0,221,,1,27.66331,26.78319,22.08222
1786073736,27.08286,82.00351,90,0,221,,1,27.69717,26.71565,22.01469
1786073737,26.92798,81.89822,90,0,221,,1,27.69717,26.78319,22.04836
1786073737,26.95468,82.08133,90,0,221,,1,27.66331,26.85092,22.04836
1786073738,26.96803,82.10574,90,0,221,,1,27.66331,26.71565,22.04836
1786073739,27.05348,82.14999,90,0,221,,1,27.66331,26.81705,22.01469
1786073739,26.99741,82.15457,90,0,221,,1,27.62944,26.74932,22.11589
1786073740,26.88525,82.0325,90,0,221,,1,27.66331,26.74932,22.08222
1786073741,26.95468,82.14236,90,0,221,,1,27.62944,26.78319,22.14976
1786073741,27.04013,82.25986,90,0,222,,1,27.66331,26.74932,22.08222
1786073742,26.96803,82.14694,90,0,222,,1,27.66331,26.78319,22.04836
1786073743,26.96803,82.17746,90,0,221,,1,27.66331,26.88478,22.01469
1786073744,26.94133,82.24307,90,0,221,,1,27.66331,26.74932,22.04836
1786073744,26.92798,82.22018,90,0,221,,1,27.69717,26.74932,22.14976
1786073745,26.99741,82.2797,90,0,221,,1,27.62944,26.78319,22.08222
1786073746,26.98405,82.42161,90,0,222,,1,27.62944,26.78319,22.11589
1786073746,27.04013,82.39414,90,0,221,,1,27.66331,26.78319,22.14976
1786073747,26.98405,82.44297,90,0,221,,1,27.66331,26.74932,22.01469
1786073748,26.98405,82.49332,90,0,221,,1,27.66331,26.74932,22.04836
1786073748,26.99741,82.47654,90,0,221,,1,27.59557,26.78319,22.08222
1786073749,26.92798,82.60319,90,0,221,,1,27.66331,26.74932,22.08222
1786073750,26.98405,82.72221,90,0,221,,1,27.69717,26.78319,22.04836
1786073750,27.02411,82.76494,90,0,221,,1,27.62944,26.68159,21.98083
1786073751,26.99741,82.80919,90,0,221,,1,27.66331,26.74932,22.08222
1786073752,26.96803,82.79088,90,0,221,,1,27.66331,26.81705,22.04836
1786073752,27.02411,82.78325,90,0,222,,1,27.62944,26.78319,21.98083
1786073753,26.92798,82.81071,90,0,221,,1,27.73104,26.71565,22.04836
1786073754,26.94133,82.84581,90,0,221,,1,27.69717,26.68159,22.01469
1786073754,26.99741,82.97398,90,0,221,,1,27.69717,26.78319,22.04836
1786073755,26.95468,82.92973,90,0,221,,1,27.62944,26.74932,22.08222
1786073756,26.92798,82.87328,90,0,221,,1,27.62944,26.78319,22.08222
1786073756,27.01076,82.88396,90,0,221,,1,27.62944,26.74932,22.04836
1786073757,26.99741,82.96483,90,0,221,,1,27.62944,26.74932,22.08222
1786073758,26.98405,83.03349,90,0,221,,1,27.66331,26.71565,22.04836
1786073758,27.04013,82.88243,90,0,221,,1,27.66331,26.81705,22.04836
1786073759,26.91195,83.03502,90,0,221,,1,27.66331,26.78319,22.08222
1786073760,26.92798,82.91447,90,0,221,,1,27.66331,26.81705,22.01469
1786073760,26.98405,82.97093,90,0,221,,1,27.66331,26.78319,22.04836
1786073761,26.96803,82.92516,90,0,221,,1,27.66331,26.81705,22.04836
1786073762,26.95468,83.07622,90,0,221,,1,27.62944,26.81705,22.08222
1786073763,26.94133,83.0106,90,0,222,,1,27.59557,26.64792,22.14976
1786073763,26.94133,83.22728,90,0,222,,1,27.66331,26.81705,22.04836
1786073764,26.96803,83.19524,90,0,221,,1,27.69717,26.78319,22.11589
1786073765,27.02411,83.29137,90,0,222,,1,27.69717,26.81705,22.04836
1786073765,26.85588,83.15404,90,0,221,,1,27.66331,26.68159,22.01469
1786073766,26.94133,83.22728,90,0,221,,1,27.69717,26.81705,22.08222
1786073767,26.88525,83.1815,90,0,221,,1,27.66331,26.74932,22.01469
1786073767,26.96803,83.24559,90,0,221,,1,27.66331,26.71565,22.01469
1786073768,27.04013,83.23491,90,0,221,,1,27.62944,26.74932,22.11589
1786073769,26.98405,83.15709,90,0,221,,1,27.66331,26.71565,22.08222
1786073769,26.99741,83.20287,90,0,221,,1,27.66331,26.74932,22.11589
1786073770,26.94133,83.11284,90,0,221,,1,27.69717,26.78319,22.04836
1786073771,27.01076,83.15404,90,0,221,,1,27.62944,26.78319,22.04836
1786073771,26.8986,83.06096,90,0,221,,1,27.66331,26.81705,22.11589
1786073772,27.02411,83.02434,90,0,221,,1,27.66331,26.78319,22.08222
1786073773,26.92798,83.01976,90,0,222,,1,27.69717,26.74932,22.04836
1786073774,26.96803,82.9984,90,0,222,,1,27.66331,26.78319,22.04836
1786073774,26.8986,82.90532,90,0,222,,1,27.66331,26.85092,22.08222
1786073775,26.95468,82.79698,90,0,222,,1,27.69717,26.74932,22.08222
1786073775,26.95468,82.85954,90,0,222,,1,27.69717,26.81705,22.11589
1786073776,26.98405,82.80461,90,0,221,,1,27.62944,26.68159,22.01469
1786073777,26.88525,82.73594,90,0,221,,1,27.66331,26.74932,22.01469
1786073777,26.99741,82.84123,90,0,221,,1,27.62944,26.78319,22.04836
1786073778,26.92798,82.57267,90,0,221,,1,27.62944,26.74932,22.08222
1786073779,27.01076,82.76036,90,0,221,,1,27.66331,26.71565,22.08222
1786073779,27.01076,82.69932,90,0,221,,1,27.66331,26.81705,22.04836
1786073780,26.94133,82.53452,90,0,221,,1,27.66331,26.78319,22.11589
1786073781,26.96803,82.55283,90,0,221,,1,27.73104,26.78319,22.01469
1786073782,26.99741,82.58183,90,0,221,,1,27.66331,26.74932,22.04836
1786073782,26.94133,82.64896,90,0,222,,1,27.62944,26.78319,22.11589
1786073783,26.95468,82.4155,90,0,222,,1,27.66331,26.74932,22.11589
1786073784,26.86923,82.43076,90,0,222,,1,27.66331,26.78319,22.01469
1786073784,26.92798,82.46738,90,0,221,,1,27.66331,26.81705,22.08222
1786073785,26.96803,82.42924,90,0,221,,1,27.62944,26.78319,22.18362
1786073786,26.8986,82.43992,90,0,221,,1,27.62944,26.78319,22.04836
1786073786,26.92798,82.46738,90,0,221,,1,27.69717,26.78319,22.11589
1786073787,26.99741,82.42619,90,0,221,,1,27.66331,26.74932,22.04836
1786073788,26.95468,82.48569,90,0,221,,1,27.66331,26.81705,22.04836
1786073788,26.98405,82.48417,90,0,221,,1,27.62944,26.81705,21.94696
1786073789,26.91195,82.46281,90,0,222,,1,27.69717,26.74932,22.08222
1786073790,26.8986,82.60471,90,0,221,,1,27.62944,26.78319,22.08222
1786073790,26.96803,82.52079,90,0,221,,1,27.66331,26.81705,22.11589
1786073791,26.84253,82.56199,90,0,221,,1,27.66331,26.74932,22.08222
1786073792,27.01076,82.70847,90,0,221,,1,27.62944,26.74932,22.01469
1786073792,26.92798,82.58488,90,0,222,,1,27.62944,26.78319,22.04836
1786073793,26.91195,82.8275,90,0,222,,1,27.66331,26.74932,22.04836
1786073794,26.96803,82.81071,90,0,222,,1,27.66331,26.78319,22.04836
1786073794,26.98405,82.87785,90,0,222,,1,27.66331,26.78319,22.08222
1786073795,27.02411,82.98009,90,0,222,,1,27.66331,26.85092,22.04836
1786073796,26.95468,82.96178,90,0,221,,1,27.66331,26.81705,22.04836
1786073796,27.05348,83.1754,90,0,221,,1,27.62944,26.81705,22.08222
1786073797,26.94133,83.093,90,0,221,,1,27.66331,26.71565,22.11589
1786073798,26.94133,83.20897,90,0,221,,1,27.66331,26.68159,22.11589
1786073798,26.96803,83.2166,90,0,221,,1,27.62944,26.78319,22.08222
1786073799,26.98405,83.06554,90,0,221,,1,27.66331,26.74932,22.04836
1786073800,26.95468,83.08537,90,0,221,,1,27.66331,26.81705,21.98083
1786073801,26.98405,83.16777,90,0,221,,1,27.66331,26.81705,22.01469
1786073801,26.96803,82.9984,90,0,221,,1,27.69717,26.74932,22.08222
1786073802,26.92798,82.86412,90,0,221,,1,27.62944,26.74932,22.14976
1786073803,27.04013,82.90532,90,0,222,,1,27.73104,26.74932,22.11589
1786073803,26.99741,82.85039,90,0,221,,1,27.66331,26.74932,22.14976
1786073804,26.92798,82.89311,90,0,221,,1,27.69717,26.78319,22.08222
1786073805,26.95468,83.02586,90,0,221,,1,27.66331,26.74932,22.04836
1786073805,26.99741,82.98466,90,0,221,,1,27.66331,26.68159,22.04836
1786073806,26.96803,83.11131,90,0,221,,1,27.62944,26.78319,22.01469
1786073807,26.98405,83.22118,90,0,221,,1,27.69717,26.74932,22.04836
1786073807,26.95468,83.11742,90,0,221,,1,27.66331,26.74932,22.11589
1786073808,26.96803,83.299,90,0,221,,1,27.62944,26.71565,22.04836
1786073809,26.98405,83.22728,90,0,221,,1,27.66331,26.71565,22.04836
1786073809,26.99741,83.31731,90,0,221,,1,27.69717,26.78319,22.01469
1786073810,26.98405,83.39513,90,0,221,,1,27.69717,26.78319,22.04836
1786073811,27.01076,83.58892,90,0,221,,1,27.66331,26.81705,22.04836
1786073811,26.99741,83.57366,90,0,221,,1,27.66331,26.74932,22.11589
1786073812,26.8986,83.75372,90,0,222,,1,27.62944,26.81705,21.98083
1786073813,26.94133,83.94141,90,0,221,,1,27.66331,26.81705,22.01469
1786073813,26.91195,84.0589,90,0,221,,1,27.66331,26.81705,22.01469
1786073814,27.09621,84.33814,90,0,222,,1,27.66331,26.74932,22.01469
1786073815,26.92798,84.36256,90,0,221,,1,27.69717,26.78319,22.11589
1786073815,26.95468,84.47242,90,0,221,,1,27.66331,26.78319,22.04836
1786073816,26.8986,84.45716,90,0,221,,1,27.66331,26.78319,22.04836
1786073817,27.05348,84.59449,90,0,221,,1,27.66331,26.71565,22.08222
1786073817,26.92798,84.48615,90,0,221,,1,27.62944,26.78319,22.04836
1786073818,26.95468,84.36103,90,0,221,,1,27.66331,26.78319,22.08222
1786073819,26.94133,84.2649,90,0,221,,1,27.66331,26.78319,22.08222
1786073820,26.94133,84.11841,90,0,221,,1,27.66331,26.78319,22.08222
1786073820,26.91195,83.9765,90,0,221,,1,27.62944,26.78319,22.08222
1786073821,26.8986,83.93073,90,0,221,,1,27.66331,26.78319,22.08222
1786073822,26.8986,83.70184,90,0,221,,1,27.66331,26.78319,22.01469
1786073822,26.96803,83.63927,90,0,222,,1,27.62944,26.74932,22.08222
1786073823,26.98405,83.48821,90,0,222,,1,27.69717,26.74932,22.08222
1786073824,26.94133,83.49737,90,0,222,,1,27.66331,26.71565,22.08222
1786073824,26.85588,83.26696,90,0,222,,1,27.66331,26.71565,22.01469
1786073825,26.94133,83.22728,90,0,222,,1,27.66331,26.78319,22.04836
1786073826,26.88525,83.09911,90,0,221,,1,27.59557,26.78319,22.11589
1786073826,26.91195,83.02434,90,0,221,,1,27.66331,26.81705,22.04836
1786073827,26.92798,82.89311,90,0,221,,1,27.62944,26.74932,21.98083
1786073828,26.96803,83.02892,90,0,221,,1,27.66331,26.78319,22.04836
1786073828,26.96803,82.95567,90,0,221,,1,27.66331,26.71565,22.04836
1786073829,26.98405,82.80461,90,0,221,,1,27.66331,26.74932,22.04836
1786073830,26.91195,82.76494,90,0,221,,1,27.69717,26.78319,22.11589
1786073830,26.86923,82.77409,90,0,221,,1,27.66331,26.85092,22.08222
1786073831,26.92798,82.71763,90,0,221,,1,27.62944,26.81705,22.08222
1786073832,26.94133,82.59556,90,0,221,,1,27.66331,26.71565,22.04836
1786073832,26.99741,82.63218,90,0,222,,1,27.66331,26.78319,22.11589
1786073833,26.99741,82.70542,90,0,221,,1,27.69717,26.74932,22.14976
1786073834,26.99741,82.55894,90,0,222,,1,27.59557,26.91865,22.11589
1786073834,26.96803,82.59403,90,0,222,,1,27.66331,26.78319,22.04836
1786073835,26.88525,82.4979,90,0,222,,1,27.62944,26.81705,22.01469
1786073836,26.86923,82.59861,90,0,221,,1,27.66331,26.74932,22.11589
1786073836,26.95468,82.73594,90,0,221,,1,27.69717,26.78319,22.11589
1786073837,26.95468,82.64133,90,0,221,,1,27.66331,26.74932,22.04836
1786073838,26.88525,82.61234,90,0,221,,1,27.73104,26.78319,22.04836
1786073839,26.8986,82.77257,90,0,221,,1,27.66331,26.74932,22.14976
1786073839,26.95468,83.00603,90,0,221,,1,27.66331,26.68159,22.04836
1786073840,26.85588,82.80156,90,0,221,,1,27.66331,26.68159,22.04836
1786073841,27.01076,82.92516,90,0,221,,1,27.62944,26.78319,22.08222
1786073841,26.92798,82.99687,90,0,221,,1,27.66331,26.74932,22.08222
1786073842,26.96803,82.9984,90,0,221,,1,27.69717,26.74932,22.14976
1786073843,26.8986,82.96941,90,0,222,,1,27.66331,26.81705,22.11589
1786073843,26.92798,83.04875,90,0,221,,1,27.73104,26.71565,22.01469
1786073844,26.92798,82.93431,90,0,222,,1,27.66331,26.74932,22.04836
1786073845,26.94133,83.0106,90,0,222,,1,27.59557,26.78319,22.04836
1786073845,26.91195,83.09453,90,0,221,,1,27.59557,26.74932,22.14976
1786073846,27.01076,83.0518,90,0,221,,1,27.66331,26.85092,22.11589
1786073847,26.86923,83.08385,90,0,221,,1,27.66331,26.78319,22.01469
1786073847,26.92798,83.23491,90,0,221,,1,27.66331,26.85092,22.11589
1786073848,26.98405,83.18913,90,0,221,,1,27.62944,26.78319,22.04836
1786073849,26.88525,83.36767,90,0,221,,1,27.66331,26.74932,22.08222
1786073849,26.95468,83.52331,90,0,221,,1,27.69717,26.78319,22.11589
1786073850,26.91195,83.43786,90,0,221,,1,27.69717,26.85092,22.01469
1786073851,26.91195,83.5111,90,0,221,,1,27.66331,26.78319,22.01469
1786073851,26.91195,83.64385,90,0,221,,1,27.69717,26.78319,22.01469
1786073852,26.96803,83.67132,90,0,222,,1,27.66331,26.78319,22.04836
1786073853,26.95468,83.66674,90,0,222,,1,27.62944,26.81705,21.98083
1786073853,26.92798,83.57519,90,0,221,,1,27.66331,26.78319,22.04836
1786073854,26.96803,83.59808,90,0,222,,1,27.62944,26.81705,22.01469
1786073855,26.96803,83.5462,90,0,221,,1,27.62944,26.78319,22.08222
1786073855,26.98405,83.52026,90,0,221,,1,27.66331,26.71565,22.08222
1786073856,26.91195,83.35546,90,0,221,,1,27.62944,26.74932,22.08222
1786073857,26.8986,83.28985,90,0,221,,1,27.66331,26.78319,22.04836
1786073858,26.92798,83.13115,90,0,221,,1,27.69717,26.81705,22.08222
1786073858,26.96803,82.96635,90,0,221,,1,27.66331,26.91865,22.04836
1786073859,26.92798,82.94652,90,0,221,,1,27.66331,26.78319,22.08222
1786073860,27.01076,82.90685,90,0,221,,1,27.69717,26.85092,22.08222
1786073860,26.94133,83.20897,90,0,221,,1,27.66331,26.81705,22.11589
1786073861,26.88525,83.01671,90,0,221,,1,27.69717,26.74932,22.11589
1786073862,26.94133,83.23949,90,0,221,,1,27.69717,26.74932,22.04836
1786073862,27.01076,83.39056,90,0,222,,1,27.66331,26.85092,22.01469
1786073863,26.94133,83.53857,90,0,222,,1,27.66331,26.85092,22.01469
1786073864,26.99741,83.63775,90,0,222,,1,27.62944,26.74932,22.08222
1786073864,26.98405,83.76746,90,0,223,,1,27.66331,26.74932,22.11589
1786073865,26.96803,84.02228,90,0,222,,1,27.66331,26.81705,22.08222
1786073866,26.98405,84.00549,90,0,221,,1,27.62944,26.68159,22.08222
1786073866,26.91195,83.96735,90,0,221,,1,27.69717,26.88478,22.01469
1786073867,26.98405,83.9231,90,0,221,,1,27.59557,26.78319,22.04836
1786073868,26.98405,83.75677,90,0,221,,1,27.69717,26.74932,22.08222
1786073868,26.91195,83.68505,90,0,221,,1,27.69717,26.78319,22.14976
1786073869,26.91195,83.56145,90,0,221,,1,27.66331,26.74932,22.04836
1786073870,26.94133,83.40429,90,0,221,,1,27.59557,26.78319,22.14976
1786073870,26.85588,83.2578,90,0,221,,1,27.69717,26.78319,22.08222
1786073871,26.81315,83.03807,90,0,221,,1,27.66331,26.81705,22.04836
1786073872,26.92798,82.99687,90,0,221,,1,27.69717,26.85092,22.01469
1786073872,26.8986,82.77257,90,0,222,,1,27.69717,26.74932,22.04836
1786073873,26.88525,82.70542,90,0,222,,1,27.66331,26.74932,22.04836
1786073874,26.96803,82.72831,90,0,222,,1,27.66331,26.85092,22.04836
1786073874,27.01076,82.56351,90,0,221,,1,27.59557,26.81705,22.01469
1786073875,26.96803,82.29343,90,0,221,,1,27.66331,26.81705,22.11589
1786073876,26.98405,82.41093,90,0,221,,1,27.69717,26.74932,22.01469
1786073877,26.84253,82.34226,90,0,221,,1,27.66331,26.74932,22.08222
1786073877,26.98405,82.20493,90,0,221,,1,27.66331,26.78319,22.04836
1786073878,26.91195,82.16373,90,0,221,,1,27.62944,26.81705,22.04836
1786073879,26.8986,82.14999,90,0,221,,1,27.69717,26.78319,22.01469
1786073879,26.88525,82.09506,90,0,221,,1,27.66331,26.74932,22.04836
1786073880,26.96803,82.11795,90,0,221,,1,27.66331,26.78319,22.11589
1786073881,26.94133,82.04623,90,0,221,,1,27.69717,26.71565,21.98083
1786073881,26.84253,81.99893,90,0,221,,1,27.66331,26.74932,22.04836
1786073882,26.82918,81.93484,90,0,221,,1,27.66331,26.78319,22.01469
1786073883,26.92798,81.98062,90,0,222,,1,27.62944,26.74932,22.04836
1786073883,26.99741,82.04013,90,0,221,,1,27.62944,26.81705,21.98083
1786073884,26.92798,81.90891,90,0,222,,1,27.66331,26.81705,22.08222
1786073885,26.94133,81.91196,90,0,222,,1,27.62944,26.78319,22.11589
1786073885,26.92798,81.9913,90,0,221,,1,27.66331,26.71565,22.11589
1786073886,26.92798,82.05386,90,0,221,,1,27.62944,26.78319,22.04836
1786073887,26.86923,81.96384,90,0,221,,1,27.59557,26.78319,22.04836
1786073887,26.96803,81.96231,90,0,221,,1,27.66331,26.81705,22.04836
1786073888,26.8986,82.08743,90,0,221,,1,27.66331,26.74932,22.08222
1786073889,26.94133,82.08743,90,0,221,,1,27.62944,26.81705,22.11589
1786073889,26.96803,82.11795,90,0,221,,1,27.69717,26.85092,22.08222
1786073890,26.94133,82.18204,90,0,221,,1,27.69717,26.78319,22.04836
1786073891,26.92798,82.10574,90,0,221,,1,27.66331,26.81705,22.08222
1786073891,27.02411,82.06912,90,0,221,,1,27.69717,26.74932,22.08222
1786073892,26.92798,82.12711,90,0,222,,1,27.66331,26.78319,22.08222
1786073893,26.95468,82.05081,90,0,222,,1,27.62944,26.74932,22.01469
1786073894,26.94133,82.22324,90,0,222,,1,27.66331,26.71565,22.11589
1786073894,26.95468,82.15457,90,0,222,,1,27.62944,26.74932,22.01469
1786073895,26.92798,82.20035,90,0,222,,1,27.66331,26.78319,22.04836
1786073896,26.88525,82.1561,90,0,221,,1,27.66331,26.74932,21.98083
1786073896,26.92798,82.18814,90,0,221,,1,27.66331,26.78319,22.04836
1786073897,26.95468,82.02792,90,0,221,,1,27.66331,26.74932,22.04836
1786073898,26.92798,82.13626,90,0,221,,1,27.62944,26.85092,22.08222
1786073898,26.92798,82.08591,90,0,221,,1,27.62944,26.74932,22.08222
1786073899,26.91195,82.11337,90,0,221,,1,27.69717,26.71565,22.04836
1786073900,26.95468,82.01877,90,0,221,,1,27.66331,26.74932,22.01469
1786073900,26.96803,82.2095,90,0,221,,1,27.69717,26.74932,22.08222
1786073901,26.95468,82.19577,90,0,221,,1,27.62944,26.78319,22.01469
1786073902,26.94133,82.19272,90,0,221,,1,27.62944,26.81705,22.04836
1786073902,26.95468,82.14236,90,0,222,,1,27.62944,26.71565,22.04836
1786073903,26.8986,82.14999,90,0,221,,1,27.66331,26.74932,22.08222
1786073904,26.95468,82.17441,90,0,222,,1,27.69717,26.71565,22.04836
1786073904,26.96803,82.14694,90,0,222,,1,27.66331,26.74932,22.04836
1786073905,26.94133,82.23392,90,0,222,,1,27.66331,26.78319,22.01469
1786073906,26.81315,82.14694,90,0,221,,1,27.62944,26.71565,22.08222
1786073906,26.98405,82.25529,90,0,221,,1,27.66331,26.78319,22.04836
1786073907,26.88525,82.31174,90,0,221,,1,27.62944,26.74932,22.08222
1786073908,26.95468,82.3621,90,0,221,,1,27.69717,26.71565,22.04836
1786073908,26.88525,82.30106,90,0,221,,1,27.66331,26.81705,22.08222
1786073909,26.88525,82.18814,90,0,221,,1,27.66331,26.78319,22.01469
1786073910,26.94133,82.31632,90,0,221,,1,27.66331,26.85092,22.08222
1786073910,26.92798,82.41703,90,0,221,,1,27.66331,26.74932,22.08222
1786073911,27.01076,82.56351,90,0,221,,1,27.66331,26.78319,22.08222
1786073912,26.88525,82.46738,90,0,221,,1,27.66331,26.78319,22.08222
1786073913,26.94133,82.52537,90,0,222,,1,27.66331,26.78319,22.11589
1786073913,26.92798,82.57267,90,0,222,,1,27.66331,26.78319,22.08222
1786073914,26.96803,82.56351,90,0,222,,1,27.66331,26.74932,22.04836
1786073915,26.95468,82.5803,90,0,221,,1,27.66331,26.74932,22.04836
1786073915,26.91195,82.49485,90,0,221,,1,27.66331,26.74932,22.04836
1786073916,27.01076,82.58488,90,0,221,,1,27.66331,26.74932,22.04836
1786073917,26.92798,82.47959,90,0,221,,1,27.62944,26.74932,22.04836
1786073917,26.91195,82.42466,90,0,221,,1,27.69717,26.74932,22.08222
1786073918,26.8986,82.52232,90,0,221,,1,27.66331,26.78319,22.08222
1786073919,27.05348,82.47196,90,0,221,,1,27.66331,26.81705,22.01469
1786073919,26.91195,82.39262,90,0,221,,1,27.66331,26.68159,22.08222
1786073920,27.04013,82.45823,90,0,221,,1,27.62944,26.74932,22.08222
1786073921,26.95468,82.45365,90,0,221,,1,27.66331,26.78319,22.01469
1786073921,27.02411,82.50401,90,0,221,,1,27.66331,26.81705,22.01469
1786073922,26.88525,82.38499,90,0,221,,1,27.62944,26.85092,22.04836
1786073923,26.95468,82.43534,90,0,222,,1,27.66331,26.78319,22.04836
1786073923,26.95468,82.29801,90,0,222,,1,27.69717,26.78319,22.04836
1786073924,26.95468,82.43534,90,0,222,,1,27.69717,26.78319,22.04836
1786073925,26.88525,82.42619,90,0,222,,1,27.62944,26.74932,22.04836
1786073925,27.01076,82.39719,90,0,221,,1,27.66331,26.85092,22.04836
1786073926,27.06684,82.4445,90,0,221,,1,27.66331,26.74932,21.98083
1786073927,26.85588,82.40788,90,0,221,,1,27.62944,26.78319,22.11589
1786073927,26.99741,82.58183,90,0,221,,1,27.62944,26.81705,22.01469
1786073928,26.8986,82.38804,90,0,221,,1,27.66331,26.78319,22.08222
1786073929,26.96803,82.53147,90,0,221,,1,27.62944,26.81705,22.04836
1786073929,26.86923,82.50401,90,0,221,,1,27.69717,26.68159,22.04836
1786073930,26.85588,82.50248,90,0,221,,1,27.69717,26.78319,22.01469
1786073931,26.99741,82.50706,90,0,221,,1,27.66331,26.74932,22.08222
1786073932,26.8986,82.49027,90,0,221,,1,27.59557,26.74932,22.08222
1786073932,26.95468,82.59098,90,0,222,,1,27.66331,26.78319,22.04836
1786073933,26.98405,82.60777,90,0,221,,1,27.66331,26.81705,22.01469
1786073934,26.96803,82.51163,90,0,221,,1,27.66331,26.68159,22.08222
1786073934,26.98405,82.65965,90,0,221,,1,27.66331,26.81705,21.98083
1786073935,27.01076,82.62608,90,0,222,,1,27.62944,26.74932,21.98083
1786073936,26.96803,82.356,90,0,221,,1,27.69717,26.74932,22.11589
1786073936,26.95468,82.49485,90,0,221,,1,27.59557,26.71565,22.08222
1786073937,27.05348,82.5864,90,0,221,,1,27.69717,26.71565,22.08222
1786073938,26.88525,82.37431,90,0,221,,1,27.62944,26.71565,22.11589
1786073938,26.94133,82.49332,90,0,221,,1,27.66331,26.78319,22.01469
1786073939,26.95468,82.38346,90,0,221,,1,27.66331,26.78319,22.08222
1786073940,26.81315,82.39719,90,0,221,,1,27.69717,26.81705,22.08222
1786073940,26.94133,82.43076,90,0,221,,1,27.66331,26.74932,22.04836
1786073941,26.96803,82.30259,90,0,221,,1,27.69717,26.81705,22.04836
1786073942,26.94133,82.24307,90,0,221,,1,27.66331,26.68159,22.01469
1786073942,26.95468,82.34226,90,0,222,,1,27.62944,26.78319,21.98083
1786073943,26.92798,82.11795,90,0,221,,1,27.59557,26.81705,22.04836
1786073944,26.96803,82.24155,90,0,221,,1,27.66331,26.91865,22.08222
1786073944,26.8986,82.09964,90,0,222,,1,27.66331,26.74932,22.11589
1786073945,26.95468,82.00809,90,0,222,,1,27.66331,26.85092,22.14976
1786073946,26.92798,82.13626,90,0,221,,1,27.66331,26.74932,22.08222
1786073946,26.88525,81.98062,90,0,221,,1,27.66331,26.78319,22.04836
1786073947,26.91195,82.16373,90,0,221,,1,27.66331,26.74932,22.18362
1786073948,26.95468,82.12405,90,0,221,,1,27.59557,26.71565,21.98083
1786073948,26.88525,81.93942,90,0,221,,1,27.66331,26.81705,22.04836
1786073949,26.99741,81.98062,90,0,221,,1,27.66331,26.81705,22.08222
1786073950,26.8986,81.85855,90,0,221,,1,27.69717,26.78319,22.11589
1786073951,26.96803,82.08591,90,0,221,,1,27.69717,26.74932,22.04836
1786073951,26.94133,81.944,90,0,221,,1,27.66331,26.85092,22.04836
1786073952,26.88525,81.87686,90,0,222,,1,27.66331,26.78319,22.04836
1786073953,26.94133,81.8494,90,0,222,,1,27.62944,26.78319,21.94696
1786073953,27.02411,81.91348,90,0,221,,1,27.66331,26.78319,22.04836
1786073954,26.95468,81.95773,90,0,222,,1,27.62944,26.78319,21.98083
1786073955,26.98405,81.83109,90,0,222,,1,27.66331,26.78319,22.08222
1786073955,26.92798,81.96231,90,0,221,,1,27.69717,26.81705,22.04836
1786073956,26.88525,81.81277,90,0,221,,1,27.66331,26.81705,22.01469
1786073957,26.99741,81.80362,90,0,221,,1,27.66331,26.81705,22.01469
1786073957,26.8986,81.85855,90,0,221,,1,27.66331,26.71565,22.04836
1786073958,26.91195,81.84024,90,0,221,,1,27.66331,26.81705,22.01469
1786073959,26.95468,81.82193,90,0,221,,1,27.69717,26.78319,22.04836
1786073959,26.95468,81.79294,90,0,221,,1,27.66331,26.81705,22.01469
1786073960,26.92798,81.66933,90,0,221,,1,27.69717,26.78319,22.14976
1786073961,26.8986,81.73495,90,0,221,,1,27.59557,26.74932,22.04836
1786073961,26.96803,81.84482,90,0,221,,1,27.66331,26.85092,22.08222
1786073962,26.99741,81.70748,90,0,221,,1,27.59557,26.71565,22.01469
1786073963,26.95468,81.67544,90,0,221,,1,27.62944,26.71565,22.04836
1786073963,26.84253,81.77158,90,0,221,,1,27.62944,26.74932,22.08222
1786073964,26.99741,81.73952,90,0,222,,1,27.59557,26.78319,22.01469
1786073965,26.94133,81.66476,90,0,221,,1,27.66331,26.81705,22.11589
1786073965,26.98405,81.70596,90,0,221,,1,27.59557,26.71565,22.04836
1786073966,26.8986,81.77615,90,0,221,,1,27.66331,26.71565,22.11589
1786073967,26.96803,81.70138,90,0,221,,1,27.66331,26.74932,22.08222
1786073967,26.86923,81.67391,90,0,221,,1,27.66331,26.78319,22.04836
1786073968,26.96803,81.66018,90,0,221,,1,27.66331,26.71565,22.11589
1786073969,26.8986,81.7441,90,0,221,,1,27.66331,26.81705,22.11589
1786073970,26.94133,81.67391,90,0,221,,1,27.66331,26.85092,22.14976
1786073970,26.8986,81.68307,90,0,221,,1,27.66331,26.78319,22.04836
1786073971,26.94133,81.63271,90,0,221,,1,27.66331,26.85092,22.04836
1786073972,26.92798,81.59762,90,0,221,,1,27.66331,26.74932,22.08222
1786073972,26.86923,81.65255,90,0,222,,1,27.66331,26.81705,22.01469
1786073973,26.94133,81.767,90,0,221,,1,27.66331,26.74932,22.04836
1786073974,26.91195,81.54116,90,0,221,,1,27.62944,26.74932,22.04836
1786073974,27.01076,81.79752,90,0,222,,1,27.66331,26.78319,22.04836
1786073975,26.86923,81.62356,90,0,221,,1,27.66331,26.74932,22.11589
1786073976,26.96803,81.62966,90,0,221,,1,27.69717,26.71565,22.14976
1786073976,26.92798,81.66933,90,0,221,,1,27.62944,26.78319,22.11589
1786073977,26.91195,81.68459,90,0,221,,1,27.66331,26.74932,22.08222
1786073978,26.94133,81.75632,90,0,221,,1,27.62944,26.78319,22.08222
1786073978,26.91195,81.66476,90,0,221,,1,27.66331,26.74932,22.11589
1786073979,26.91195,81.68459,90,0,221,,1,27.66331,26.81705,22.01469
1786073980,26.95468,81.83109,90,0,221,,1,27.66331,26.78319,22.04836
1786073980,26.96803,81.79446,90,0,221,,1,27.66331,26.71565,22.01469
1786073981,26.91195,81.80209,90,0,221,,1,27.69717,26.85092,22.04836
1786073982,26.96803,81.77463,90,0,221,,1,27.69717,26.78319,22.01469
1786073982,26.98405,81.74715,90,0,222,,1,27.66331,26.78319,22.08222
1786073983,26.92798,81.76242,90,0,221,,1,27.62944,26.74932,22.08222
1786073984,26.98405,81.73495,90,0,222,,1,27.66331,26.81705,22.04836
1786073984,26.94133,81.85855,90,0,222,,1,27.62944,26.78319,22.08222
1786073985,26.96803,81.91806,90,0,222,,1,27.69717,26.81705,22.08222
1786073986,27.08286,81.88602,90,0,222,,1,27.66331,26.74932,22.04836
1786073986,26.91195,81.80209,90,0,221,,1,27.69717,26.74932,22.08222
1786073987,26.99741,81.70748,90,0,221,,1,27.69717,26.74932,22.14976
1786073988,26.91195,81.78073,90,0,221,,1,27.62944,26.81705,22.04836
1786073989,26.8986,81.767,90,0,221,,1,27.69717,26.81705,22.04836
1786073989,26.98405,81.81125,90,0,221,,1,27.62944,26.74932,22.11589
1786073990,26.91195,81.738,90,0,221,,1,27.62944,26.78319,22.04836
1786073991,26.86923,81.67391,90,0,221,,1,27.59557,26.71565,22.01469
1786073991,27.01076,81.66171,90,0,221,,1,27.69717,26.74932,22.04836
1786073992,27.04013,81.81277,90,0,221,,1,27.62944,26.74932,22.04836
1786073993,26.95468,81.71664,90,0,222,,1,27.69717,26.81705,22.21729
1786073993,26.94133,81.73495,90,0,222,,1,27.69717,26.71565,22.01469
1786073994,26.8986,81.7029,90,0,221,,1,27.66331,26.81705,22.01469
1786073995,26.98405,81.69375,90,0,222,,1,27.62944,26.71565,22.08222
1786073995,26.8986,81.69222,90,0,221,,1,27.62944,26.81705,22.01469
1786073996,26.88525,81.61898,90,0,221,,1,27.62944,26.74932,22.11589
1786073997,26.95468,81.6968,90,0,221,,1,27.62944,26.74932,22.08222
1786073997,26.92798,81.70138,90,0,221,,1,27.66331,26.71565,22.04836
1786073998,26.96803,81.78531,90,0,221,,1,27.66331,26.81705,22.11589
1786073999,26.98405,81.6022,90,0,221,,1,27.59557,26.74932,22.04836
1786073999,27.01076,81.79752,90,0,221,,1,27.73104,26.74932,22.01469
1786074000,26.91195,81.75784,90,0,221,,1,27.69717,26.78319,22.01469
1786074001,27.02411,81.77921,90,0,221,,1,27.66331,26.78319,22.08222
1786074001,26.96803,81.86618,90,0,221,,1,27.69717,26.71565,22.04836
1786074002,26.91195,81.80209,90,0,222,,1,27.66331,26.71565,22.01469
1786074003,26.95468,81.94858,90,0,221,,1,27.69717,26.74932,22.01469
1786074003,26.95468,81.84329,90,0,221,,1,27.73104,26.74932,22.11589
1786074004,26.96803,81.9501,90,0,222,,1,27.62944,26.74932,22.04836
1786074005,26.99741,81.82498,90,0,222,,1,27.62944,26.71565,22.08222
1786074005,27.04013,81.85397,90,0,221,,1,27.59557,26.78319,22.08222
1786074006,26.91195,81.78073,90,0,221,,1,27.69717,26.78319,22.04836
1786074007,26.91195,81.91348,90,0,221,,1,27.66331,26.64792,22.04836
1786074008,26.98405,81.8494,90,0,221,,1,27.62944,26.85092,22.08222
1786074008,26.92798,81.61898,90,0,221,,1,27.66331,26.81705,21.98083
1786074009,26.92798,81.81583,90,0,221,,1,27.66331,26.81705,22.18362
1786074010,26.8986,81.72427,90,0,221,,1,27.66331,26.78319,22.04836
1786074010,26.86923,81.64339,90,0,221,,1,27.62944,26.85092,22.04836
1786074011,26.92798,81.80667,90,0,221,,1,27.62944,26.74932,21.98083
1786074012,26.96803,81.75327,90,0,221,,1,27.69717,26.78319,22.04836
1786074012,27.02411,81.74715,90,0,222,,1,27.62944,26.74932,21.98083
1786074013,26.92798,81.65102,90,0,222,,1,27.66331,26.71565,22.04836
1786074014,26.88525,81.66933,90,0,221,,1,27.62944,26.78319,22.08222
1786074014,26.88525,81.63882,90,0,222,,1,27.66331,26.78319,22.04836
1786074015,27.09621,81.77615,90,0,221,,1,27.62944,26.78319,22.08222
1786074016,26.95468,81.81277,90,0,221,,1,27.62944,26.74932,22.11589
1786074016,27.01076,81.80667,90,0,221,,1,27.66331,26.74932,22.08222
1786074017,26.92798,81.80667,90,0,221,,1,27.66331,26.78319,22.04836
1786074018,27.06684,82.11032,90,0,221,,1,27.62944,26.74932,22.04836
1786074018,26.92798,82.13626,90,0,221,,1,27.66331,26.78319,22.01469
1786074019,26.98405,82.27818,90,0,222,,1,27.59557,26.78319,22.08222
1786074020,27.06684,82.48417,90,0,221,,1,27.69717,26.78319,22.01469
1786074020,26.98405,82.34837,90,0,221,,1,27.59557,26.78319,22.08222
1786074021,26.94133,82.61692,90,0,221,,1,27.66331,26.74932,22.08222
1786074022,26.98405,82.60777,90,0,221,,1,27.66331,26.88478,22.04836
1786074022,26.8986,82.61692,90,0,222,,1,27.66331,26.74932,22.18362
1786074023,26.88525,82.59098,90,0,222,,1,27.62944,26.81705,22.04836
1786074024,26.86923,82.41245,90,0,222,,1,27.66331,26.71565,22.11589
1786074024,26.94133,82.57725,90,0,222,,1,27.66331,26.81705,22.08222
1786074025,27.02411,82.43382,90,0,221,,1,27.66331,26.71565,22.01469
1786074026,26.96803,82.44907,90,0,221,,1,27.69717,26.74932,22.04836
1786074027,26.86923,82.36057,90,0,221,,1,27.69717,26.78319,22.08222
1786074027,26.91195,82.18356,90,0,221,,1,27.59557,26.81705,22.04836
1786074028,26.95468,82.12405,90,0,221,,1,27.69717,26.71565,22.04836
1786074029,26.86923,82.08133,90,0,221,,1,27.66331,26.81705,22.11589
1786074029,26.92798,82.11795,90,0,221,,1,27.62944,26.85092,22.08222
1786074030,26.99741,82.10422,90,0,221,,1,27.66331,26.71565,22.04836
1786074031,26.91195,82.05997,90,0,221,,1,27.69717,26.81705,22.11589
1786074031,26.94133,81.9852,90,0,221,,1,27.69717,26.74932,22.11589
1786074032,26.94133,82.14084,90,0,221,,1,27.62944,26.74932,22.04836
1786074033,27.02411,82.15152,90,0,222,,1,27.59557,26.85092,22.04836
1786074033,26.98405,82.17288,90,0,221,,1,27.62944,26.74932,22.14976
1786074034,26.94133,82.13168,90,0,221,,1,27.62944,26.81705,22.04836
1786074035,27.02411,82.33768,90,0,222,,1,27.66331,26.74932,22.01469
1786074035,26.95468,82.15457,90,0,221,,1,27.66331,26.71565,21.98083
1786074036,26.96803,82.18814,90,0,221,,1,27.66331,26.81705,22.04836
1786074037,26.99741,82.27055,90,0,221,,1,27.62944,26.71565,22.14976
1786074037,26.98405,82.12253,90,0,221,,1,27.66331,26.74932,21.98083
1786074038,26.91195,82.04929,90,0,221,,1,27.66331,26.81705,22.01469
1786074039,26.94133,82.04623,90,0,221,,1,27.66331,26.88478,22.01469
1786074039,26.98405,82.21408,90,0,221,,1,27.66331,26.74932,22.04836
1786074040,26.95468,82.01877,90,0,221,,1,27.62944,26.81705,22.04836
1786074041,26.92798,81.9501,90,0,221,,1,27.66331,26.74932,22.11589
1786074041,26.96803,82.05386,90,0,221,,1,27.62944,26.74932,22.08222
1786074042,27.01076,82.1088,90,0,221,,1,27.66331,26.71565,21.98083
1786074043,26.91195,81.98672,90,0,222,,1,27.66331,26.74932,22.08222
1786074044,26.96803,81.86618,90,0,222,,1,27.66331,26.78319,22.04836
1786074044,27.02411,81.92264,90,0,222,,1,27.62944,26.78319,21.94696
1786074045,26.88525,81.90738,90,0,221,,1,27.59557,26.81705,22.04836
1786074046,26.84253,81.87534,90,0,221,,1,27.66331,26.85092,22.01469
1786074046,27.02411,81.92264,90,0,221,,1,27.66331,26.74932,22.04836
1786074047,26.92798,81.98062,90,0,221,,1,27.69717,26.78319,22.01469
1786074048,26.99741,81.89517,90,0,221,,1,27.69717,26.74932,22.04836
1786074048,27.01076,81.95316,90,0,221,,1,27.66331,26.78319,22.08222
1786074049,26.94133,82.00504,90,0,221,,1,27.66331,26.78319,22.08222
1786074050,26.88525,81.98062,90,0,221,,1,27.73104,26.78319,22.04836
1786074050,26.98405,82.03708,90,0,221,,1,27.66331,26.71565,22.04836
1786074051,26.94133,82.08743,90,0,221,,1,27.69717,26.74932,22.01469
1786074052,26.98405,82.12253,90,0,221,,1,27.62944,26.74932,22.08222
1786074052,26.88525,82.21866,90,0,222,,1,27.69717,26.85092,22.11589
1786074053,26.96803,82.1561,90,0,222,,1,27.69717,26.85092,22.08222
1786074054,26.8986,82.12863,90,0,222,,1,27.69717,26.74932,22.04836
1786074054,26.92798,82.1683,90,0,221,,1,27.66331,26.81705,22.04836
1786074055,26.94133,82.14084,90,0,222,,1,27.66331,26.81705,22.08222
1786074056,27.01076,82.22018,90,0,221,,1,27.66331,26.81705,22.11589
1786074056,26.91195,82.17288,90,0,221,,1,27.66331,26.74932,22.11589
1786074057,27.01076,82.15915,90,0,221,,1,27.69717,26.71565,22.11589
1786074058,26.8986,82.20187,90,0,222,,1,27.69717,26.78319,22.08222
1786074058,26.98405,82.09048,90,0,221,,1,27.69717,26.71565,22.08222
1786074059,26.95468,82.13321,90,0,221,,1,27.66331,26.81705,22.08222
1786074060,26.96803,82.22018,90,0,221,,1,27.66331,26.74932,22.04836
1786074060,27.05348,82.20035,90,0,221,,1,27.66331,26.71565,22.01469
1786074061,27.02411,82.23392,90,0,221,,1,27.66331,26.71565,22.11589
1786074062,26.95468,82.2797,90,0,221,,1,27.66331,26.78319,22.01469
1786074063,26.92798,82.14694,90,0,222,,1,27.69717,26.88478,22.14976
1786074063,26.96803,82.1561,90,0,222,,1,27.66331,26.74932,22.08222
1786074064,26.95468,82.13321,90,0,222,,1,27.66331,26.68159,22.04836
1786074065,26.86923,82.11032,90,0,222,,1,27.69717,26.78319,22.08222
1786074065,26.96803,82.25224,90,0,221,,1,27.62944,26.68159,22.08222
1786074066,26.92798,82.2736,90,0,221,,1,27.66331,26.78319,22.14976
1786074067,26.94133,82.45213,90,0,221,,1,27.66331,26.78319,22.11589
1786074067,27.04013,82.54978,90,0,221,,1,27.66331,26.81705,22.04836
1786074068,26.88525,82.50858,90,0,221,,1,27.66331,26.74932,22.11589
1786074069,27.05348,82.78172,90,0,221,,1,27.66331,26.78319,22.08222
1786074069,26.99741,82.65354,90,0,221,,1,27.66331,26.71565,22.04836
1786074070,26.99741,82.71458,90,0,221,,1,27.62944,26.78319,21.98083
1786074071,26.94133,82.87785,90,0,221,,1,27.66331,26.78319,22.04836
1786074071,26.91195,82.89159,90,0,221,,1,27.66331,26.68159,22.11589
1786074072,27.01076,83.01976,90,0,221,,1,27.66331,26.81705,22.04836
1786074073,26.95468,83.19066,90,0,222,,1,27.62944,26.74932,22.04836
1786074073,27.01076,83.24559,90,0,222,,1,27.62944,26.71565,22.08222
1786074074,27.06684,83.40582,90,0,221,,1,27.66331,26.85092,22.11589
1786074075,26.91195,83.5111,90,0,222,,1,27.66331,26.78319,22.01469
1786074075,26.94133,83.66216,90,0,221,,1,27.62944,26.78319,22.11589
1786074076,26.91195,83.68505,90,0,221,,1,27.62944,26.74932,22.08222
1786074077,26.94133,83.72472,90,0,221,,1,27.62944,26.71565,22.14976
1786074077,26.99741,83.73998,90,0,221,,1,27.66331,26.74932,22.08222
1786074078,26.95468,83.61486,90,0,221,,1,27.66331,26.74932,22.04836
1786074079,26.98405,83.65301,90,0,221,,1,27.69717,26.81705,22.08222
1786074079,26.8986,83.57824,90,0,221,,1,27.69717,26.74932,21.98083
1786074080,26.91195,83.70641,90,0,221,,1,27.66331,26.74932,22.08222
1786074081,26.98405,83.31274,90,0,221,,1,27.69717,26.78319,22.08222
1786074081,26.92798,83.328,90,0,221,,1,27.66331,26.74932,22.04836
1786074082,26.96803,83.299,90,0,223,,1,27.66331,26.74932,21.98083
1786074083,26.94133,83.16624,90,0,221,,1,27.69717,26.81705,22.08222
1786074084,27.01076,83.24559,90,0,222,,1,27.62944,26.78319,22.01469
1786074084,26.99741,83.17082,90,0,222,,1,27.62944,26.81705,22.08222
1786074085,26.96803,83.2868,90,0,222,,1,27.62944,26.74932,22.08222
1786074086,26.98405,83.32342,90,0,221,,1,27.59557,26.81705,22.11589
1786074086,26.85588,83.33105,90,0,221,,1,27.69717,26.74932,22.01469
1786074087,26.99741,83.46075,90,0,221,,1,27.66331,26.81705,22.08222
1786074088,26.94133,83.56908,90,0,221,,1,27.62944,26.68159,22.04836
1786074088,26.92798,83.79492,90,0,221,,1,27.66331,26.78319,21.94696
1786074089,27.02411,83.74761,90,0,221,,1,27.66331,26.81705,22.08222
1786074090,26.96803,83.67132,90,0,221,,1,27.62944,26.74932,22.04836
1786074090,27.01076,83.69268,90,0,221,,1,27.62944,26.85092,22.04836
1786074091,26.99741,83.61639,90,0,221,,1,27.69717,26.74932,22.11589
1786074092,26.94133,83.7354,90,0,221,,1,27.66331,26.74932,21.98083
1786074092,26.99741,83.63775,90,0,222,,1,27.62944,26.81705,22.08222
1786074093,26.92798,83.59655,90,0,222,,1,27.69717,26.74932,22.04836
1786074094,26.88525,83.44091,90,0,221,,1,27.66331,26.78319,22.04836
1786074094,26.99741,83.44091,90,0,221,,1,27.69717,26.74932,22.04836
1786074095,27.02411,83.39513,90,0,222,,1,27.66331,26.81705,22.08222
1786074096,26.96803,83.37835,90,0,221,,1,27.69717,26.81705,22.01469
1786074096,26.86923,83.38293,90,0,221,,1,27.66331,26.78319,22.11589
1786074097,26.96803,83.45159,90,0,221,,1,27.66331,26.71565,22.08222
1786074098,27.04013,83.46075,90,0,221,,1,27.62944,26.78319,21.98083
1786074098,26.96803,83.60723,90,0,221,,1,27.62944,26.74932,22.08222
1786074099,26.96803,83.72167,90,0,221,,1,27.66331,26.81705,22.04836
1786074100,26.92798,83.99023,90,0,221,,1,27.66331,26.68159,21.98083
1786074101,26.91195,83.99634,90,0,221,,1,27.62944,26.85092,22.11589
1786074101,26.96803,83.98108,90,0,221,,1,27.66331,26.78319,22.04836
1786074102,26.91195,84.1825,90,0,222,,1,27.66331,26.78319,22.11589
1786074103,26.99741,84.36103,90,0,222,,1,27.66331,26.78319,22.11589
1786074103,27.01076,84.32136,90,0,221,,1,27.62944,26.81705,22.01469
1786074104,26.99741,84.54871,90,0,221,,1,27.66331,26.81705,22.04836
1786074105,26.99741,84.50446,90,0,222,,1,27.66331,26.85092,21.98083
1786074105,26.96803,84.26032,90,0,221,,1,27.62944,26.81705,22.08222
1786074106,26.98405,84.23285,90,0,221,,1,27.66331,26.71565,22.01469
1786074107,26.95468,84.21454,90,0,221,,1,27.59557,26.74932,22.01469
1786074107,26.99741,84.16418,90,0,221,,1,27.59557,26.74932,21.98083
1786074108,26.92798,84.13672,90,0,222,,1,27.73104,26.74932,22.11589
1786074109,27.06684,84.10162,90,0,222,,1,27.69717,26.71565,22.11589
1786074109,26.99741,84.08179,90,0,221,,1,27.66331,26.74932,22.04836
1786074110,27.01076,84.04211,90,0,221,,1,27.66331,26.78319,22.04836
1786074111,26.96803,83.86664,90,0,221,,1,27.62944,26.78319,22.04836
1786074111,26.96803,83.88647,90,0,221,,1,27.62944,26.78319,22.11589
1786074112,26.94133,83.88037,90,0,222,,1,27.66331,26.71565,22.08222
1786074113,26.95468,83.71709,90,0,221,,1,27.59557,26.78319,21.94696
1786074113,26.99741,83.67895,90,0,221,,1,27.66331,26.81705,22.01469
1786074114,27.01076,83.63012,90,0,222,,1,27.66331,26.74932,22.04836
1786074115,27.06684,83.62402,90,0,222,,1,27.69717,26.81705,22.01469
1786074115,26.99741,83.49279,90,0,221,,1,27.69717,26.78319,22.08222
1786074116,26.95468,83.54162,90,0,221,,1,27.66331,26.71565,22.04836
1786074117,26.92798,83.36919,90,0,221,,1,27.73104,26.74932,22.08222
1786074117,26.94133,83.38293,90,0,221,,1,27.66331,26.78319,22.08222
1786074118,26.92798,83.16319,90,0,221,,1,27.66331,26.78319,22.11589
1786074119,26.92798,83.20439,90,0,221,,1,27.69717,26.78319,22.01469
1786074120,26.99741,83.12962,90,0,221,,1,27.66331,26.85092,22.11589
1786074120,26.92798,82.97551,90,0,221,,1,27.66331,26.71565,22.04836
1786074121,26.91195,82.89159,90,0,221,,1,27.62944,26.71565,22.01469
1786074122,27.05348,82.84581,90,0,221,,1,27.73104,26.68159,22.11589
1786074122,26.99741,82.80919,90,0,222,,1,27.66331,26.78319,22.04836
1786074123,26.92798,82.68711,90,0,222,,1,27.66331,26.74932,22.04836
1786074124,26.91195,82.60929,90,0,221,,1,27.66331,26.78319,22.08222
1786074124,26.96803,82.69627,90,0,222,,1,27.62944,26.74932,22.08222
1786074125,26.88525,82.47654,90,0,222,,1,27.69717,26.78319,22.04836
1786074126,26.99741,82.48569,90,0,221,,1,27.66331,26.74932,22.18362
1786074126,26.91195,82.31937,90,0,221,,1,27.62944,26.78319,22.08222
1786074127,26.8986,82.35752,90,0,221,,1,27.66331,26.78319,22.01469
1786074128,27.04013,82.29191,90,0,221,,1,27.59557,26.78319,22.08222
1786074128,26.95468,82.21561,90,0,221,,1,27.62944,26.78319,22.01469
1786074129,26.94133,82.20187,90,0,221,,1,27.66331,26.74932,22.08222
1786074130,27.01076,82.18814,90,0,221,,1,27.69717,26.74932,22.04836
1786074130,26.86923,82.08133,90,0,221,,1,27.62944,26.74932,22.01469
1786074131,26.96803,81.9913,90,0,221,,1,27.62944,26.74932,22.08222
1786074132,27.01076,82.06454,90,0,221,,1,27.62944,26.81705,22.01469
1786074132,26.95468,82.00809,90,0,222,,1,27.69717,26.78319,22.04836
1786074133,26.94133,81.96384,90,0,221,,1,27.66331,26.85092,22.04836
1786074134,26.94133,82.11032,90,0,222,,1,27.69717,26.74932,22.04836
1786074134,26.95468,81.97757,90,0,222,,1,27.66331,26.71565,22.08222
1786074135,26.8986,81.98215,90,0,221,,1,27.66331,26.81705,22.04836
1786074136,26.91195,81.95773,90,0,221,,1,27.62944,26.81705,22.04836
1786074136,26.96803,81.94095,90,0,221,,1,27.66331,26.78319,22.08222
1786074137,26.91195,82.02792,90,0,221,,1,27.69717,26.81705,22.04836
1786074138,26.98405,81.96689,90,0,221,,1,27.66331,26.71565,22.04836
1786074139,26.8986,82.0264,90,0,221,,1,27.59557,26.74932,22.01469
1786074139,26.8986,81.93179,90,0,221,,1,27.66331,26.74932,21.98083
1786074140,26.95468,82.05081,90,0,221,,1,27.62944,26.78319,22.01469
1786074141,26.92798,81.96231,90,0,221,,1,27.66331,26.78319,22.11589
1786074141,26.8986,81.87076,90,0,221,,1,27.66331,26.74932,22.04836
1786074142,26.99741,82.01877,90,0,221,,1,27.66331,26.71565,22.11589
1786074143,26.92798,81.96231,90,0,222,,1,27.69717,26.71565,22.08222
1786074143,26.99741,81.82498,90,0,221,,1,27.69717,26.78319,22.08222
1786074144,26.8986,81.89975,90,0,221,,1,27.66331,26.71565,22.08222
1786074145,26.84253,81.91806,90,0,222,,1,27.69717,26.71565,22.01469
1786074145,26.94133,82.0264,90,0,221,,1,27.66331,26.71565,22.01469
1786074146,26.91195,81.94553,90,0,221,,1,27.62944,26.78319,22.04836
1786074147,26.94133,81.93179,90,0,221,,1,27.66331,26.81705,22.08222
1786074147,26.99741,81.98978,90,0,221,,1,27.66331,26.74932,22.01469
1786074148,27.04013,81.94858,90,0,221,,1,27.66331,26.74932,22.04836
1786074149,26.92798,81.98062,90,0,221,,1,27.69717,26.81705,22.04836
1786074149,26.99741,81.98062,90,0,221,,1,27.62944,26.78319,22.08222
1786074150,26.98405,81.98672,90,0,221,,1,27.62944,26.74932,22.08222
1786074151,26.99741,82.06302,90,0,221,,1,27.62944,26.68159,22.04836
1786074151,26.92798,81.9913,90,0,221,,1,27.69717,26.85092,22.01469
1786074152,26.98405,81.99588,90,0,221,,1,27.69717,26.81705,22.04836
1786074153,26.91195,81.90433,90,0,221,,1,27.62944,26.74932,22.01469
1786074153,26.92798,81.93942,90,0,222,,1,27.59557,26.88478,22.04836
1786074154,26.86923,81.74868,90,0,222,,1,27.69717,26.78319,22.04836
1786074155,26.99741,82.01877,90,0,221,,1,27.62944,26.81705,22.01469
1786074155,26.85588,81.94095,90,0,221,,1,27.66331,26.71565,22.11589
1786074156,26.96803,81.9913,90,0,221,,1,27.66331,26.78319,22.08222
1786074157,26.95468,81.94858,90,0,221,,1,27.69717,26.71565,21.98083
1786074158,26.94133,81.99435,90,0,221,,1,27.66331,26.78319,22.01469
1786074158,26.96803,81.96231,90,0,221,,1,27.66331,26.78319,22.04836
1786074159,26.95468,81.96841,90,0,221,,1,27.69717,26.78319,22.08222
1786074160,27.01076,81.99435,90,0,221,,1,27.62944,26.74932,22.04836
1786074160,27.05348,82.05539,90,0,221,,1,27.66331,26.74932,22.11589
1786074161,27.01076,81.92111,90,0,221,,1,27.66331,26.74932,22.08222
1786074162,26.96803,81.9913,90,0,221,,1,27.62944,26.74932,22.08222
1786074162,27.04013,81.95926,90,0,222,,1,27.66331,26.71565,21.98083
1786074163,26.94133,82.11032,90,0,222,,1,27.66331,26.74932,22.01469
1786074164,26.94133,82.32548,90,0,222,,1,27.66331,26.74932,22.08222
1786074164,26.96803,82.52079,90,0,222,,1,27.66331,26.78319,22.04836
1786074165,26.95468,82.52689,90,0,222,,1,27.73104,26.74932,22.04836
1786074166,27.02411,82.65965,90,0,221,,1,27.66331,26.74932,22.08222
1786074166,26.99741,82.71458,90,0,221,,1,27.66331,26.78319,21.98083
1786074167,26.92798,82.67643,90,0,221,,1,27.66331,26.78319,22.11589
1786074168,27.05348,82.74204,90,0,221,,1,27.66331,26.74932,22.04836
1786074168,26.94133,82.68101,90,0,221,,1,27.66331,26.78319,22.04836
1786074169,26.91195,82.7039,90,0,221,,1,27.66331,26.74932,22.11589
1786074170,26.92798,82.60319,90,0,221,,1,27.66331,26.74932,22.04836
1786074170,26.96803,82.43839,90,0,221,,1,27.66331,26.74932,22.08222
1786074171,26.98405,82.43382,90,0,221,,1,27.62944,26.85092,22.04836
1786074172,26.96803,82.39719,90,0,221,,1,27.66331,26.74932,22.01469
1786074172,26.95468,82.34226,90,0,222,,1,27.66331,26.81705,22.08222
1786074173,26.99741,82.4033,90,0,222,,1,27.62944,26.74932,22.01469
1786074174,26.92798,82.2736,90,0,221,,1,27.66331,26.85092,22.04836
1786074174,26.88525,82.21866,90,0,222,,1,27.66331,26.71565,22.11589
1786074175,26.92798,82.08591,90,0,221,,1,27.69717,26.74932,22.08222
1786074176,26.88525,82.06302,90,0,221,,1,27.66331,26.81705,22.04836
1786074177,26.91195,82.02792,90,0,221,,1,27.66331,26.81705,22.08222
1786074177,26.98405,82.05844,90,0,221,,1,27.69717,26.74932,22.11589
1786074178,26.94133,82.00504,90,0,221,,1,27.66331,26.74932,22.04836
1786074179,27.02411,81.98672,90,0,221,,1,27.62944,26.78319,22.04836
1786074179,27.01076,82.04471,90,0,221,,1,27.66331,26.74932,22.08222
1786074180,26.94133,82.01419,90,0,221,,1,27.69717,26.74932,22.08222
1786074181,26.94133,81.96384,90,0,222,,1,27.66331,26.78319,22.01469
1786074181,26.94133,82.0676,90,0,221,,1,27.66331,26.81705,22.08222
1786074182,26.92798,81.9501,90,0,221,,1,27.69717,26.81705,22.04836
1786074183,26.96803,82.00046,90,0,222,,1,27.69717,26.74932,22.01469
1786074183,26.8986,81.97299,90,0,222,,1,27.69717,26.74932,22.11589
1786074184,26.88525,82.00961,90,0,221,,1,27.62944,26.78319,22.08222
1786074185,27.02411,81.89365,90,0,222,,1,27.62944,26.81705,21.98083
1786074185,26.99741,81.90738,90,0,221,,1,27.69717,26.85092,22.04836
1786074186,26.95468,81.98672,90,0,221,,1,27.66331,26.74932,22.08222
1786074187,26.96803,81.84482,90,0,221,,1,27.66331,26.74932,22.01469
1786074187,27.04013,81.86618,90,0,221,,1,27.66331,26.74932,22.01469
1786074188,26.88525,81.78378,90,0,221,,1,27.66331,26.78319,22.11589
1786074189,26.94133,81.96384,90,0,221,,1,27.66331,26.71565,22.01469
1786074189,26.99741,81.98062,90,0,221,,1,27.73104,26.78319,22.04836
1786074190,26.95468,81.85245,90,0,221,,1,27.66331,26.74932,22.04836
1786074191,27.09621,82.13168,90,0,221,,1,27.62944,26.81705,21.94696
1786074191,27.02411,81.78836,90,0,221,,1,27.69717,26.74932,22.04836
1786074192,26.92798,81.82498,90,0,221,,1,27.62944,26.74932,22.01469
1786074193,27.02411,81.8494,90,0,221,,1,27.66331,26.81705,22.08222
1786074194,26.94133,81.9028,90,0,222,,1,27.69717,26.81705,22.01469
1786074194,26.92798,81.82498,90,0,222,,1,27.66331,26.81705,22.11589
1786074195,27.04013,81.87534,90,0,221,,1,27.66331,26.78319,22.01469
1786074196,26.96803,81.88907,90,0,221,,1,27.66331,26.74932,22.08222
1786074196,26.94133,81.87076,90,0,221,,1,27.69717,26.74932,22.04836
1786074197,26.92798,81.82498,90,0,221,,1,27.66331,26.74932,22.04836
1786074198,26.98405,81.944,90,0,221,,1,27.66331,26.71565,22.08222
1786074198,26.96803,81.91806,90,0,221,,1,27.69717,26.71565,22.04836
1786074199,27.05348,81.99435,90,0,221,,1,27.69717,26.85092,22.08222
1786074200,26.92798,81.93027,90,0,221,,1,27.69717,26.78319,22.08222
1786074200,26.96803,82.0737,90,0,221,,1,27.62944,26.78319,22.01469
1786074201,26.98405,82.01724,90,0,221,,1,27.62944,26.78319,22.04836
1786074202,27.09621,82.11948,90,0,221,,1,27.66331,26.64792,22.01469
1786074202,26.92798,82.06454,90,0,222,,1,27.66331,26.71565,22.01469
1786074203,26.96803,82.0737,90,0,222,,1,27.62944,26.74932,22.04836
1786074204,26.8986,82.03555,90,0,222,,1,27.66331,26.85092,22.01469
1786074204,26.95468,82.17441,90,0,222,,1,27.69717,26.85092,22.01469
1786074205,26.95468,82.15457,90,0,222,,1,27.62944,26.78319,22.11589
1786074206,26.96803,82.29343,90,0,222,,1,27.69717,26.71565,22.04836
1786074206,26.98405,82.27818,90,0,221,,1,27.66331,26.68159,22.04836
1786074207,26.95468,82.21561,90,0,221,,1,27.69717,26.85092,22.01469
1786074208,27.04013,82.2507,90,0,221,,1,27.62944,26.78319,22.04836
1786074208,27.02411,82.28733,90,0,221,,1,27.62944,26.81705,22.04836
1786074209,26.99741,82.22781,90,0,221,,1,27.66331,26.88478,22.04836
1786074210,26.91195,82.20493,90,0,221,,1,27.66331,26.71565,22.08222
1786074210,26.94133,82.29649,90,0,221,,1,27.73104,26.78319,22.08222
1786074211,26.88525,82.2797,90,0,221,,1,27.66331,26.78319,22.08222
1786074212,26.95468,82.2797,90,0,221,,1,27.66331,26.81705,22.14976
1786074213,26.99741,82.24765,90,0,222,,1,27.73104,26.81705,22.08222
1786074213,26.95468,82.25986,90,0,222,,1,27.69717,26.74932,22.08222
1786074214,26.92798,82.20035,90,0,221,,1,27.66331,26.81705,22.04836
1786074215,27.02411,82.21408,90,0,222,,1,27.62944,26.71565,22.04836
1786074215,26.92798,82.1683,90,0,221,,1,27.62944,26.78319,22.01469
1786074216,26.96803,82.0737,90,0,221,,1,27.73104,26.78319,22.04836
1786074217,26.94133,82.03555,90,0,221,,1,27.62944,26.74932,22.01469
1786074217,26.99741,82.04013,90,0,221,,1,27.66331,26.74932,22.01469
1786074218,26.86923,82.01724,90,0,221,,1,27.66331,26.74932,21.98083
1786074219,26.95468,82.00809,90,0,221,,1,27.69717,26.68159,22.11589
1786074219,26.96803,81.9913,90,0,221,,1,27.66331,26.78319,22.04836
1786074220,26.94133,82.13168,90,0,221,,1,27.62944,26.74932,22.01469
1786074221,27.01076,81.90891,90,0,221,,1,27.62944,26.71565,22.08222
1786074221,26.98405,82.16068,90,0,221,,1,27.62944,26.78319,22.11589
1786074222,26.92798,81.85703,90,0,221,,1,27.69717,26.74932,22.01469
1786074223,26.8986,81.84787,90,0,222,,1,27.66331,26.74932,22.08222
1786074223,27.02411,81.94553,90,0,221,,1,27.66331,26.81705,22.08222
1786074224,26.8986,81.93179,90,0,222,,1,27.62944,26.74932,22.04836
1786074225,26.94133,82.04623,90,0,222,,1,27.66331,26.68159,22.01469
1786074225,26.8986,82.04623,90,0,221,,1,27.66331,26.74932,22.04836
1786074226,26.91195,82.05997,90,0,221,,1,27.66331,26.81705,22.14976
1786074227,27.02411,82.09048,90,0,221,,1,27.62944,26.81705,22.01469
1786074227,26.99741,82.13626,90,0,221,,1,27.66331,26.78319,21.98083
1786074228,26.86923,82.11948,90,0,221,,1,27.62944,26.78319,22.11589
1786074229,26.94133,82.20187,90,0,221,,1,27.62944,26.81705,22.01469
1786074229,27.01076,82.06454,90,0,222,,1,27.69717,26.74932,22.08222
1786074230,26.95468,82.11337,90,0,221,,1,27.62944,26.78319,22.01469
1786074231,26.96803,82.11795,90,0,221,,1,27.66331,26.81705,22.08222
1786074231,26.92798,82.20035,90,0,221,,1,27.66331,26.74932,21.98083
1786074232,26.91195,82.09201,90,0,222,,1,27.62944,26.71565,22.11589
1786074233,27.02411,82.17288,90,0,221,,1,27.62944,26.74932,22.08222
1786074234,26.8986,82.13779,90,0,222,,1,27.66331,26.81705,22.11589
1786074234,26.99741,82.14542,90,0,222,,1,27.62944,26.81705,22.04836
1786074235,26.98405,82.16068,90,0,222,,1,27.66331,26.68159,22.08222
1786074236,26.96803,82.20035,90,0,221,,1,27.66331,26.71565,22.01469
1786074236,26.92798,82.10574,90,0,221,,1,27.62944,26.78319,22.08222
1786074237,26.92798,82.04471,90,0,221,,1,27.66331,26.78319,22.08222
1786074238,26.91195,82.08133,90,0,221,,1,27.62944,26.78319,22.01469
1786074238,26.98405,82.00504,90,0,221,,1,27.62944,26.78319,22.01469
1786074239,27.02411,81.97604,90,0,221,,1,27.66331,26.74932,22.04836
1786074240,26.95468,82.12405,90,0,221,,1,27.66331,26.85092,22.08222
1786074240,27.04013,82.02182,90,0,221,,1,27.62944,26.74932,22.01469
1786074241,26.99741,81.98062,90,0,221,,1,27.66331,26.71565,22.01469
1786074242,26.8986,81.95316,90,0,221,,1,27.66331,26.78319,22.08222
1786074242,26.81315,81.92111,90,0,222,,1,27.62944,26.68159,22.11589
1786074243,26.99741,81.93637,90,0,222,,1,27.66331,26.71565,22.11589
1786074244,26.96803,81.88907,90,0,222,,1,27.69717,26.74932,21.98083
1786074244,26.95468,81.84329,90,0,222,,1,27.69717,26.78319,22.01469
1786074245,26.92798,81.75327,90,0,222,,1,27.69717,26.78319,22.01469
1786074246,26.96803,81.84482,90,0,221,,1,27.66331,26.71565,22.04836
1786074246,27.04013,81.90738,90,0,221,,1,27.66331,26.78319,22.04836
1786074247,26.95468,81.87228,90,0,221,,1,27.69717,26.68159,22.04836
1786074248,26.91195,81.89365,90,0,221,,1,27.62944,26.78319,22.08222
1786074248,26.91195,81.70748,90,0,221,,1,27.66331,26.71565,22.08222
1786074249,26.99741,81.75174,90,0,221,,1,27.62944,26.74932,22.08222
1786074250,26.91195,81.74868,90,0,221,,1,27.66331,26.78319,22.11589
1786074250,26.96803,81.76242,90,0,221,,1,27.66331,26.81705,22.04836
1786074251,27.04013,81.73037,90,0,221,,1,27.62944,26.78319,22.11589
1786074252,26.8986,81.64187,90,0,221,,1,27.66331,26.74932,22.04836
1786074253,26.96803,81.71053,90,0,222,,1,27.62944,26.78319,22.04836
1786074253,26.85588,81.65102,90,0,222,,1,27.69717,26.74932,22.08222
1786074254,26.95468,81.63729,90,0,222,,1,27.62944,26.78319,22.18362
1786074255,26.86923,81.66476,90,0,221,,1,27.69717,26.71565,22.04836
1786074255,26.94133,81.61135,90,0,221,,1,27.66331,26.78319,22.01469
1786074256,26.88525,81.65713,90,0,221,,1,27.62944,26.74932,22.11589
1786074257,27.01076,81.73342,90,0,221,,1,27.69717,26.78319,22.01469
1786074257,27.02411,81.69375,90,0,221,,1,27.66331,26.81705,22.04836
1786074258,26.98405,81.74715,90,0,221,,1,27.66331,26.78319,22.04836
1786074259,26.92798,81.73342,90,0,221,,1,27.62944,26.74932,22.01469
1786074259,26.99741,81.81277,90,0,221,,1,27.69717,26.74932,22.01469
1786074260,26.94133,81.9852,90,0,221,,1,27.62944,26.85092,22.04836
1786074261,26.96803,81.89822,90,0,221,,1,27.69717,26.78319,22.01469
1786074261,26.95468,81.88449,90,0,221,,1,27.69717,26.78319,21.98083
1786074262,26.98405,82.04623,90,0,222,,1,27.66331,26.74932,22.08222
1786074263,26.99741,82.03098,90,0,221,,1,27.62944,26.74932,22.01469
1786074263,26.99741,82.16525,90,0,222,,1,27.69717,26.78319,22.08222
1786074264,26.96803,82.1561,90,0,222,,1,27.69717,26.85092,22.11589
1786074265,26.95468,82.22781,90,0,222,,1,27.66331,26.74932,22.04836
1786074265,26.94133,82.30564,90,0,221,,1,27.69717,26.81705,22.04836
1786074266,26.96803,82.36515,90,0,221,,1,27.66331,26.71565,22.08222
1786074267,27.02411,82.33768,90,0,221,,1,27.66331,26.71565,22.04836
1786074267,26.92798,82.28275,90,0,221,,1,27.62944,26.74932,22.04836
1786074268,26.91195,82.45365,90,0,221,,1,27.66331,26.71565,22.11589
1786074269,26.98405,82.27818,90,0,221,,1,27.66331,26.74932,22.04836
1786074270,26.88525,82.36515,90,0,221,,1,27.62944,26.78319,22.04836
1786074270,27.05348,82.31632,90,0,221,,1,27.62944,26.74932,22.04836
1786074271,26.85588,82.29343,90,0,221,,1,27.69717,26.78319,22.01469
1786074272,26.86923,82.27512,90,0,221,,1,27.62944,26.78319,22.08222
1786074272,27.01076,82.46128,90,0,222,,1,27.66331,26.71565,22.01469
1786074273,27.01076,82.39719,90,0,222,,1,27.69717,26.88478,22.04836
1786074274,26.98405,82.35752,90,0,222,,1,27.66331,26.74932,22.14976
1786074274,26.98405,82.38956,90,0,222,,1,27.66331,26.71565,22.04836
1786074275,26.99741,82.3209,90,0,222,,1,27.66331,26.81705,22.04836
1786074276,26.86923,82.38041,90,0,221,,1,27.66331,26.85092,22.04836
1786074276,26.96803,82.46738,90,0,221,,1,27.62944,26.74932,22.11589
1786074277,27.01076,82.47959,90,0,221,,1,27.69717,26.78319,22.01469
1786074278,26.91195,82.53605,90,0,221,,1,27.62944,26.78319,22.04836
1786074278,26.98405,82.40177,90,0,221,,1,27.69717,26.74932,22.04836
1786074279,26.91195,82.44297,90,0,221,,1,27.59557,26.81705,22.01469
1786074280,26.91195,82.54826,90,0,221,,1,27.73104,26.78319,22.01469
1786074280,27.06684,82.63065,90,0,221,,1,27.66331,26.71565,22.04836
1786074281,26.94133,82.49332,90,0,221,,1,27.66331,26.81705,22.04836
1786074282,26.94133,82.47196,90,0,221,,1,27.62944,26.71565,22.04836
1786074282,27.04013,82.57114,90,0,222,,1,27.69717,26.85092,22.01469
1786074284,26.98405,82.65965,90,0,222,,1,27.66331,26.74932,22.01469
1786074284,27.02411,82.57725,90,0,221,,1,27.66331,26.81705,22.08222
1786074284,26.98405,82.56657,90,0,222,,1,27.69717,26.78319,22.08222
1786074285,26.86923,82.65965,90,0,222,,1,27.62944,26.81705,22.04836
1786074286,26.8986,82.48112,90,0,221,,1,27.62944,26.78319,22.04836
1786074286,26.94133,82.48112,90,0,221,,1,27.66331,26.81705,22.01469
1786074287,26.95468,82.39262,90,0,221,,1,27.66331,26.74932,21.94696
1786074288,26.91195,82.30717,90,0,221,,1,27.66331,26.74932,22.04836
1786074289,26.8986,82.23239,90,0,221,,1,27.69717,26.74932,22.04836
1786074289,26.95468,82.25986,90,0,221,,1,27.69717,26.85092,22.01469
1786074290,26.8986,82.26444,90,0,221,,1,27.66331,26.71565,22.08222
1786074291,26.8986,82.15915,90,0,221,,1,27.62944,26.74932,22.08222
1786074291,26.92798,82.1683,90,0,221,,1,27.66331,26.71565,22.01469
1786074292,26.96803,82.11795,90,0,221,,1,27.59557,26.71565,22.08222
1786074293,27.02411,82.05844,90,0,221,,1,27.69717,26.71565,22.08222
1786074293,26.84253,81.98978,90,0,221,,1,27.66331,26.78319,22.04836
1786074294,26.91195,82.04013,90,0,222,,1,27.66331,26.85092,22.04836
1786074295,26.95468,82.04013,90,0,222,,1,27.66331,26.81705,22.14976
1786074295,26.99741,81.96841,90,0,221,,1,27.62944,26.78319,22.01469
1786074296,26.84253,81.84329,90,0,221,,1,27.69717,26.74932,22.04836
1786074297,27.01076,81.96231,90,0,221,,1,27.69717,26.78319,22.04836
1786074297,26.8986,81.83871,90,0,221,,1,27.69717,26.88478,22.08222
1786074298,27.04013,81.87534,90,0,221,,1,27.69717,26.88478,22.14976
1786074299,26.96803,82.0325,90,0,221,,1,27.66331,26.74932,22.01469
1786074299,26.99741,81.88449,90,0,221,,1,27.69717,26.81705,22.01469
1786074300,26.92798,81.89822,90,0,221,,1,27.66331,26.74932,22.04836
1786074301,26.96803,81.67086,90,0,221,,1,27.66331,26.74932,22.01469
1786074301,26.8986,81.71511,90,0,221,,1,27.66331,26.74932,22.08222
1786074302,26.96803,81.73342,90,0,222,,1,27.69717,26.74932,22.04836
1786074303,26.99741,81.65713,90,0,221,,1,27.66331,26.78319,22.01469
1786074303,26.91195,81.72884,90,0,222,,1,27.66331,26.74932,22.08222
1786074304,26.94133,81.767,90,0,221,,1,27.69717,26.71565,22.08222
1786074305,26.95468,81.78073,90,0,221,,1,27.66331,26.74932,22.08222
1786074305,26.92798,81.77463,90,0,221,,1,27.66331,26.78319,22.08222
1786074306,26.95468,81.78073,90,0,221,,1,27.73104,26.88478,22.08222
1786074307,26.88525,81.63882,90,0,221,,1,27.66331,26.81705,22.04836
1786074308,26.95468,81.6144,90,0,221,,1,27.69717,26.81705,22.11589
1786074308,26.92798,81.80667,90,0,221,,1,27.66331,26.74932,22.11589
1786074309,26.96803,81.68002,90,0,221,,1,27.69717,26.81705,22.01469
1786074310,26.84253,81.75174,90,0,221,,1,27.59557,26.74932,22.04836
1786074310,26.94133,81.74715,90,0,221,,1,27.7649,26.71565,22.04836
1786074311,26.95468,81.70748,90,0,221,,1,27.73104,26.78319,22.04836
1786074312,26.99741,81.84329,90,0,221,,1,27.66331,26.78319,22.04836
1786074312,26.92798,81.98062,90,0,222,,1,27.66331,26.81705,22.11589
1786074313,26.92798,82.01266,90,0,222,,1,27.66331,26.81705,22.08222
1786074314,26.95468,81.90433,90,0,221,,1,27.62944,26.74932,22.11589
1786074314,26.98405,82.04623,90,0,221,,1,27.66331,26.85092,22.08222
1786074315,27.04013,82.06302,90,0,222,,1,27.73104,26.74932,22.01469
1786074316,26.92798,82.06454,90,0,221,,1,27.62944,26.85092,22.08222
1786074316,26.94133,82.13168,90,0,221,,1,27.69717,26.78319,22.01469
1786074317,26.8986,82.03555,90,0,221,,1,27.66331,26.81705,22.11589
1786074318,26.86923,82.00809,90,0,221,,1,27.69717,26.81705,22.08222
1786074318,26.88525,82.0325,90,0,221,,1,27.62944,26.78319,22.01469
1786074319,26.98405,82.03708,90,0,221,,1,27.66331,26.74932,21.98083
1786074320,27.02411,82.15152,90,0,221,,1,27.66331,26.74932,22.01469
1786074320,26.8986,82.04623,90,0,221,,1,27.69717,26.71565,22.04836
1786074321,27.01076,82.01266,90,0,221,,1,27.62944,26.71565,21.98083
1786074322,27.05348,82.00504,90,0,221,,1,27.66331,26.71565,22.08222
1786074322,26.96803,82.0737,90,0,222,,1,27.66331,26.71565,22.04836
1786074323,26.94133,81.95468,90,0,221,,1,27.62944,26.85092,22.04836
1786074324,26.91195,81.89365,90,0,221,,1,27.69717,26.78319,22.11589
1786074324,26.98405,81.99588,90,0,222,,1,27.66331,26.78319,22.01469
1786074325,26.91195,81.92569,90,0,221,,1,27.66331,26.81705,22.04836
1786074326,26.88525,81.90738,90,0,221,,1,27.66331,26.78319,22.01469
1786074327,26.98405,81.93484,90,0,221,,1,27.66331,26.74932,22.04836
1786074327,26.95468,82.18356,90,0,221,,1,27.69717,26.71565,22.08222
1786074328,26.92798,82.05386,90,0,221,,1,27.66331,26.78319,22.04836
1786074329,27.01076,82.02335,90,0,221,,1,27.66331,26.78319,22.04836
1786074329,26.95468,82.19577,90,0,221,,1,27.66331,26.78319,22.01469
1786074330,26.99741,82.35294,90,0,221,,1,27.69717,26.85092,22.14976
1786074331,26.95468,82.29801,90,0,221,,1,27.69717,26.78319,22.04836
1786074331,27.05348,82.71915,90,0,221,,1,27.62944,26.78319,22.01469
1786074332,26.88525,82.88243,90,0,221,,1,27.62944,26.78319,22.01469
1786074333,26.99741,83.04723,90,0,222,,1,27.69717,26.71565,22.01469
1786074333,26.95468,83.00603,90,0,222,,1,27.66331,26.74932,22.04836
1786074334,26.96803,83.16319,90,0,221,,1,27.62944,26.78319,22.08222
1786074335,26.95468,83.26238,90,0,221,,1,27.66331,26.85092,22.04836
1786074335,26.98405,83.38293,90,0,221,,1,27.66331,26.81705,21.98083
1786074336,26.92798,83.25475,90,0,221,,1,27.62944,26.78319,22.08222
1786074337,26.94133,83.39208,90,0,221,,1,27.69717,26.78319,22.04836
1786074337,26.91195,83.39513,90,0,221,,1,27.66331,26.85092,22.04836
1786074338,26.96803,83.4638,90,0,221,,1,27.66331,26.78319,22.11589
1786074339,26.8986,83.34173,90,0,221,,1,27.62944,26.74932,22.04836
1786074339,26.95468,83.30511,90,0,221,,1,27.62944,26.71565,22.01469
1786074340,26.96803,83.27612,90,0,221,,1,27.62944,26.74932,21.94696
1786074341,26.94133,83.40429,90,0,221,,1,27.62944,26.81705,22.01469
1786074341,26.96803,83.30816,90,0,221,,1,27.66331,26.71565,22.08222
1786074342,26.88525,83.27612,90,0,222,,1,27.69717,26.81705,22.11589
1786074343,26.86923,83.33257,90,0,222,,1,27.66331,26.81705,22.08222
1786074344,26.99741,83.17082,90,0,221,,1,27.66331,26.74932,22.04836
1786074344,26.92798,82.96635,90,0,221,,1,27.62944,26.74932,22.08222
1786074345,26.94133,83.00145,90,0,221,,1,27.66331,26.71565,21.98083
1786074346,26.98405,83.00145,90,0,221,,1,27.66331,26.81705,22.11589
1786074346,26.95468,82.99382,90,0,221,,1,27.69717,26.71565,22.01469
1786074347,26.95468,82.7039,90,0,221,,1,27.66331,26.81705,22.01469
1786074348,26.95468,82.77715,90,0,221,,1,27.66331,26.74932,22.11589
1786074348,26.96803,82.81071,90,0,221,,1,27.69717,26.78319,22.08222
1786074349,26.96803,82.72831,90,0,221,,1,27.66331,26.78319,22.14976
1786074350,26.98405,82.61845,90,0,221,,1,27.62944,26.74932,22.08222
1786074350,26.8986,82.59556,90,0,221,,1,27.62944,26.78319,22.04836
1786074351,26.92798,82.53147,90,0,221,,1,27.69717,26.81705,22.11589
1786074352,26.94133,82.63676,90,0,221,,1,27.69717,26.85092,22.04836
1786074352,26.86923,82.56809,90,0,222,,1,27.59557,26.74932,22.04836
1786074353,26.91195,82.5803,90,0,221,,1,27.66331,26.68159,22.11589
1786074354,26.86923,82.51621,90,0,222,,1,27.62944,26.78319,22.08222
1786074354,26.91195,82.51621,90,0,221,,1,27.66331,26.71565,22.08222
1786074355,26.95468,82.52689,90,0,221,,1,27.62944,26.81705,22.08222
1786074356,26.92798,82.48875,90,0,221,,1,27.66331,26.68159,22.04836
1786074356,26.96803,82.42924,90,0,221,,1,27.66331,26.78319,22.08222
1786074357,27.05348,82.52232,90,0,221,,1,27.66331,26.78319,22.04836
1786074358,26.88525,82.31174,90,0,221,,1,27.66331,26.78319,22.11589
1786074358,26.92798,82.41703,90,0,221,,1,27.66331,26.85092,22.08222
1786074359,26.94133,82.35752,90,0,221,,1,27.66331,26.78319,22.08222
1786074360,27.01076,82.33463,90,0,221,,1,27.69717,26.78319,22.01469
1786074360,26.96803,82.28275,90,0,221,,1,27.73104,26.74932,22.04836
1786074361,26.8986,82.27512,90,0,221,,1,27.62944,26.71565,22.01469
1786074362,26.85588,82.21103,90,0,221,,1,27.66331,26.71565,22.04836
1786074362,26.94133,82.25529,90,0,222,,1,27.59557,26.71565,21.94696
1786074363,27.01076,82.28428,90,0,222,,1,27.66331,26.85092,22.04836
1786074364,26.94133,82.14999,90,0,221,,1,27.62944,26.71565,22.08222
1786074365,26.95468,82.10422,90,0,222,,1,27.62944,26.81705,22.01469
1786074365,26.98405,82.16068,90,0,222,,1,27.66331,26.74932,22.08222
1786074366,26.8986,82.15915,90,0,221,,1,27.59557,26.71565,22.04836
1786074367,26.94133,82.22324,90,0,221,,1,27.69717,26.81705,22.04836
1786074367,26.99741,82.22781,90,0,222,,1,27.59557,26.81705,22.01469
1786074368,26.96803,82.24155,90,0,221,,1,27.69717,26.74932,22.11589
1786074369,26.96803,82.52079,90,0,222,,1,27.62944,26.85092,22.04836
1786074369,26.94133,82.30564,90,0,221,,1,27.66331,26.74932,22.04836
1786074370,26.88525,82.38499,90,0,221,,1,27.62944,26.78319,22.04836
1786074371,26.95468,82.2797,90,0,221,,1,27.66331,26.74932,22.04836
1786074371,26.95468,82.4033,90,0,221,,1,27.66331,26.81705,22.04836
1786074372,26.98405,82.46281,90,0,221,,1,27.66331,26.78319,22.08222
1786074373,26.99741,82.4567,90,0,222,,1,27.62944,26.74932,22.04836
1786074373,26.96803,82.46738,90,0,222,,1,27.62944,26.68159,22.01469
1786074374,26.8986,82.43076,90,0,222,,1,27.66331,26.74932,22.08222
1786074375,26.8986,82.38804,90,0,222,,1,27.66331,26.78319,22.04836
1786074375,26.88525,82.34379,90,0,221,,1,27.66331,26.74932,22.11589
1786074376,26.84253,82.21866,90,0,221,,1,27.66331,26.78319,22.04836
1786074377,26.95468,82.34226,90,0,221,,1,27.66331,26.78319,22.08222
1786074377,27.01076,82.22018,90,0,221,,1,27.69717,26.74932,22.08222
1786074378,27.01076,82.12863,90,0,221,,1,27.66331,26.81705,22.11589
1786074379,26.95468,81.98672,90,0,221,,1,27.66331,26.71565,22.01469
1786074379,26.96803,82.0737,90,0,221,,1,27.69717,26.78319,22.08222
1786074380,26.95468,81.93637,90,0,221,,1,27.66331,26.78319,22.08222
1786074381,26.94133,82.05844,90,0,221,,1,27.66331,26.74932,21.98083
1786074381,26.92798,81.90891,90,0,221,,1,27.69717,26.78319,22.11589
1786074382,26.94133,82.05844,90,0,222,,1,27.66331,26.78319,21.98083
1786074383,26.99741,81.96841,90,0,221,,1,27.69717,26.78319,21.98083
1786074384,26.99741,81.89517,90,0,221,,1,27.62944,26.81705,22.01469
1786074384,26.98405,81.83109,90,0,222,,1,27.66331,26.81705,22.08222
1786074385,26.95468,81.85245,90,0,222,,1,27.66331,26.71565,22.01469
1786074386,26.88525,81.76242,90,0,221,,1,27.66331,26.81705,22.01469
1786074386,26.99741,81.77158,90,0,221,,1,27.69717,26.81705,22.01469
1786074387,26.92798,81.74258,90,0,221,,1,27.62944,26.74932,22.08222
1786074388,26.88525,81.63882,90,0,221,,1,27.66331,26.81705,22.08222
1786074388,26.95468,81.72884,90,0,221,,1,27.62944,26.85092,22.08222
1786074389,26.85588,81.72427,90,0,221,,1,27.59557,26.78319,22.04836
1786074390,26.85588,81.75632,90,0,221,,1,27.62944,26.78319,22.11589
1786074390,26.88525,81.72121,90,0,221,,1,27.62944,26.71565,22.01469
1786074391,26.99741,81.71969,90,0,221,,1,27.62944,26.74932,22.04836
1786074392,26.94133,81.74715,90,0,221,,1,27.62944,26.85092,22.08222
1786074392,26.92798,81.66018,90,0,222,,1,27.66331,26.78319,22.01469
1786074393,26.94133,81.72579,90,0,222,,1,27.62944,26.85092,22.14976
1786074394,26.95468,81.46944,90,0,222,,1,27.62944,26.85092,22.08222
1786074394,26.91195,81.5732,90,0,222,,1,27.62944,26.81705,22.08222
1786074395,26.84253,81.68764,90,0,222,,1,27.69717,26.74932,22.08222
1786074396,26.94133,81.57931,90,0,221,,1,27.62944,26.71565,22.08222
1786074396,26.95468,81.86313,90,0,221,,1,27.66331,26.74932,22.01469
1786074397,26.7998,81.66628,90,0,221,,1,27.66331,26.81705,22.04836
1786074398,26.92798,81.71053,90,0,221,,1,27.59557,26.78319,22.04836
1786074398,26.92798,81.66933,90,0,221,,1,27.62944,26.81705,22.01469
1786074399,26.8986,81.75632,90,0,221,,1,27.69717,26.74932,21.98083
1786074400,26.95468,81.6144,90,0,221,,1,27.69717,26.81705,21.98083
1786074400,26.99741,81.82498,90,0,221,,1,27.66331,26.81705,22.08222
1786074401,26.96803,81.70138,90,0,221,,1,27.62944,26.81705,22.11589
1786074402,26.98405,81.93484,90,0,222,,1,27.62944,26.81705,22.11589
1786074403,26.99741,81.98978,90,0,223,,1,27.69717,26.64792,22.04836
1786074403,26.98405,81.87076,90,0,222,,1,27.66331,26.81705,22.04836
1786074404,26.98405,82.03708,90,0,222,,1,27.62944,26.78319,22.01469
1786074405,26.98405,82.03708,90,0,221,,1,27.66331,26.81705,22.01469
1786074405,26.99741,82.12405,90,0,221,,1,27.69717,26.78319,22.04836
1786074406,27.01076,82.11795,90,0,221,,1,27.66331,26.78319,22.08222
1786074407,27.01076,82.25224,90,0,221,,1,27.69717,26.78319,22.08222
1786074407,26.94133,82.24307,90,0,221,,1,27.69717,26.71565,22.01469
1786074408,26.92798,82.24155,90,0,221,,1,27.69717,26.78319,22.01469
1786074409,26.8986,82.22324,90,0,221,,1,27.66331,26.71565,22.04836
1786074409,26.86923,82.28733,90,0,221,,1,27.66331,26.74932,22.04836
1786074410,27.01076,82.44907,90,0,221,,1,27.62944,26.81705,22.08222
1786074411,26.98405,82.53605,90,0,221,,1,27.59557,26.78319,22.04836
1786074411,26.92798,82.58488,90,0,221,,1,27.66331,26.78319,22.04836
1786074412,26.99741,82.69474,90,0,222,,1,27.62944,26.78319,22.04836
1786074413,27.01076,82.70847,90,0,222,,1,27.66331,26.74932,22.01469
1786074413,27.02411,82.76494,90,0,222,,1,27.69717,26.78319,22.01469
1786074414,26.95468,82.89159,90,0,221,,1,27.66331,26.74932,22.08222
1786074415,26.98405,82.98009,90,0,222,,1,27.62944,26.78319,22.04836
1786074415,27.01076,83.0396,90,0,221,,1,27.66331,26.85092,22.04836
1786074416,26.95468,83.11742,90,0,221,,1,27.66331,26.78319,21.98083
1786074417,27.06684,83.19066,90,0,221,,1,27.62944,26.74932,22.14976
1786074417,26.95468,83.27306,90,0,221,,1,27.66331,26.74932,22.01469
1786074418,26.92798,83.30816,90,0,221,,1,27.62944,26.85092,22.08222
1786074419,26.94133,83.28985,90,0,221,,1,27.69717,26.78319,22.04836
1786074419,27.02411,83.20897,90,0,221,,1,27.69717,26.71565,21.94696
1786074420,26.94133,83.33257,90,0,221,,1,27.62944,26.81705,22.01469
1786074421,26.99741,83.3875,90,0,222,,1,27.66331,26.74932,21.98083
1786074422,26.91195,83.44701,90,0,221,,1,27.66331,26.88478,22.14976
1786074422,27.05348,83.47753,90,0,222,,1,27.66331,26.78319,22.08222
1786074423,27.01076,83.45464,90,0,222,,1,27.62944,26.74932,22.11589
1786074424,26.96803,83.56603,90,0,221,,1,27.69717,26.78319,22.04836
1786074424,26.92798,83.57519,90,0,222,,1,27.66331,26.74932,22.08222
1786074425,26.96803,83.5462,90,0,222,,1,27.73104,26.74932,21.98083
1786074426,26.98405,83.52941,90,0,221,,1,27.62944,26.71565,22.11589
1786074426,26.99741,83.45007,90,0,221,,1,27.66331,26.78319,22.04836
1786074427,26.92798,83.36919,90,0,221,,1,27.62944,26.78319,22.14976
1786074428,26.96803,83.39056,90,0,221,,1,27.66331,26.78319,22.04836
1786074428,26.94133,83.31274,90,0,221,,1,27.69717,26.71565,22.04836
1786074429,26.94133,83.23949,90,0,221,,1,27.62944,26.78319,22.04836
1786074430,26.98405,83.22728,90,0,221,,1,27.73104,26.81705,22.11589
1786074430,26.98405,83.30053,90,0,221,,1,27.66331,26.74932,22.01469
1786074431,26.95468,83.20287,90,0,221,,1,27.66331,26.81705,22.04836
1786074432,26.91195,83.09453,90,0,221,,1,27.62944,26.78319,22.04836
1786074432,27.09621,83.05333,90,0,222,,1,27.66331,26.74932,22.08222
1786074433,26.94133,83.04265,90,0,222,,1,27.62944,26.78319,22.01469
1786074434,26.94133,83.11284,90,0,222,,1,27.66331,26.85092,22.04836
1786074434,26.96803,82.9984,90,0,221,,1,27.66331,26.81705,22.14976
1786074435,26.8986,82.9572,90,0,221,,1,27.66331,26.81705,22.01469
1786074436,26.99741,83.03807,90,0,221,,1,27.66331,26.81705,22.08222
1786074436,26.96803,82.97551,90,0,221,,1,27.59557,26.81705,22.08222
1786074437,26.85588,82.89311,90,0,221,,1,27.66331,26.81705,22.14976
1786074438,26.8986,83.10216,90,0,221,,1,27.66331,26.78319,22.04836
1786074438,27.02411,83.04417,90,0,221,,1,27.66331,26.81705,22.11589
1786074439,26.96803,82.98772,90,0,221,,1,27.62944,26.71565,22.08222
1786074440,26.8986,83.03044,90,0,221,,1,27.66331,26.78319,22.04836
1786074441,26.96803,83.07011,90,0,221,,1,27.69717,26.71565,22.04836
1786074441,26.94133,82.98924,90,0,221,,1,27.66331,26.74932,22.04836
1786074442,26.96803,83.12199,90,0,221,,1,27.62944,26.78319,22.01469
1786074443,27.01076,83.03044,90,0,222,,1,27.66331,26.74932,22.11589
1786074443,26.94133,83.04265,90,0,222,,1,27.62944,26.74932,22.01469
1786074444,27.02411,82.92058,90,0,221,,1,27.66331,26.74932,22.14976
1786074445,26.85588,82.93736,90,0,222,,1,27.66331,26.78319,22.01469
1786074445,26.92798,82.87328,90,0,221,,1,27.59557,26.78319,22.04836
1786074446,26.95468,82.90227,90,0,221,,1,27.62944,26.78319,22.11589
1786074447,26.84253,82.79698,90,0,221,,1,27.66331,26.74932,22.08222
1786074447,27.01076,82.78172,90,0,221,,1,27.62944,26.88478,22.11589
1786074448,26.95468,82.74662,90,0,221,,1,27.66331,26.74932,22.14976
1786074449,26.96803,82.65507,90,0,221,,1,27.66331,26.78319,22.04836
1786074449,26.94133,82.6688,90,0,221,,1,27.62944,26.78319,22.14976
1786074450,26.94133,82.59556,90,0,221,,1,27.66331,26.78319,22.11589
1786074451,26.91195,82.56809,90,0,221,,1,27.62944,26.78319,22.08222
1786074451,26.8986,82.43992,90,0,221,,1,27.66331,26.71565,22.04836
1786074452,26.99741,82.47654,90,0,221,,1,27.66331,26.81705,22.11589
1786074453,27.02411,82.45365,90,0,222,,1,27.62944,26.71565,22.01469
1786074453,26.92798,82.24155,90,0,222,,1,27.69717,26.74932,22.14976
1786074454,26.85588,82.57267,90,0,221,,1,27.66331,26.78319,22.08222
1786074455,27.01076,82.42008,90,0,222,,1,27.66331,26.74932,22.04836
1786074455,26.96803,82.67643,90,0,221,,1,27.62944,26.78319,22.04836
1786074456,26.94133,82.916,90,0,221,,1,27.69717,26.74932,22.11589
1786074457,26.95468,83.05638,90,0,221,,1,27.66331,26.78319,22.04836
1786074457,26.92798,83.02892,90,0,221,,1,27.62944,26.78319,22.11589
1786074458,26.91195,83.12657,90,0,221,,1,27.62944,26.71565,22.04836
1786074459,26.91195,83.30358,90,0,221,,1,27.62944,26.74932,22.04836
1786074460,26.99741,83.30511,90,0,221,,1,27.66331,26.81705,22.04836
1786074460,26.92798,83.47295,90,0,221,,1,27.66331,26.74932,22.04836
1786074461,26.96803,83.68963,90,0,221,,1,27.66331,26.78319,22.11589
1786074462,26.95468,83.85291,90,0,221,,1,27.69717,26.81705,22.01469
1786074462,27.04013,83.77203,90,0,222,,1,27.66331,26.74932,22.11589
1786074463,26.99741,84.01923,90,0,222,,1,27.69717,26.81705,22.08222
1786074464,26.92798,84.10468,90,0,222,,1,27.62944,26.74932,22.08222
1786074464,26.88525,84.03143,90,0,222,,1,27.66331,26.74932,22.08222
1786074465,26.98405,84.1413,90,0,221,,1,27.66331,26.78319,22.08222
1786074466,26.96803,84.29237,90,0,221,,1,27.66331,26.78319,22.08222
1786074466,26.95468,84.04974,90,0,221,,1,27.66331,26.78319,22.08222
1786074467,26.95468,84.11078,90,0,221,,1,27.69717,26.64792,22.04836
1786074468,26.98405,83.99634,90,0,221,,1,27.73104,26.78319,22.01469
1786074468,26.96803,83.87732,90,0,221,,1,27.69717,26.78319,22.08222
1786074469,26.92798,83.89563,90,0,221,,1,27.62944,26.71565,22.01469
1786074470,26.96803,83.7522,90,0,221,,1,27.66331,26.68159,22.11589
1786074470,26.8986,83.52789,90,0,221,,1,27.66331,26.74932,22.01469
1786074471,26.96803,83.48363,90,0,221,,1,27.66331,26.74932,22.14976
1786074472,26.96803,83.47448,90,0,221,,1,27.66331,26.78319,22.08222
1786074472,26.95468,83.29443,90,0,222,,1,27.66331,26.81705,22.11589
1786074473,26.91195,83.32342,90,0,222,,1,27.59557,26.71565,22.11589
1786074474,26.98405,83.25933,90,0,222,,1,27.66331,26.78319,22.08222
1786074474,27.01076,83.23643,90,0,222,,1,27.66331,26.64792,22.04836
1786074475,27.01076,83.20744,90,0,222,,1,27.73104,26.81705,22.04836
1786074476,26.91195,83.24101,90,0,221,,1,27.62944,26.81705,22.11589
1786074477,26.95468,83.02586,90,0,221,,1,27.73104,26.71565,22.08222
1786074477,26.92798,83.07927,90,0,221,,1,27.66331,26.74932,22.04836
1786074478,26.92798,83.14336,90,0,221,,1,27.66331,26.78319,22.11589
1786074479,26.86923,83.06248,90,0,221,,1,27.66331,26.71565,22.01469
1786074479,26.98405,83.10368,90,0,221,,1,27.62944,26.74932,22.08222
1786074480,26.98405,83.12657,90,0,221,,1,27.66331,26.78319,22.01469
1786074481,26.8986,83.20439,90,0,221,,1,27.69717,26.78319,22.01469
1786074481,26.99741,83.19371,90,0,221,,1,27.66331,26.78319,22.08222
1786074482,26.95468,83.25323,90,0,221,,1,27.62944,26.78319,21.98083
1786074483,26.94133,83.19829,90,0,222,,1,27.62944,26.78319,22.08222
1786074483,26.84253,83.07622,90,0,222,,1,27.62944,26.74932,22.04836
1786074484,26.8986,83.15404,90,0,222,,1,27.62944,26.74932,22.04836
1786074485,26.95468,83.27306,90,0,221,,1,27.62944,26.78319,22.01469
1786074485,26.94133,83.14488,90,0,221,,1,27.66331,26.78319,22.11589
1786074486,26.98405,83.14793,90,0,221,,1,27.69717,26.74932,22.01469
1786074487,26.96803,83.19524,90,0,221,,1,27.66331,26.74932,22.04836
1786074487,26.8986,83.14488,90,0,221,,1,27.62944,26.81705,22.04836
1786074488,26.91195,83.35546,90,0,221,,1,27.66331,26.74932,22.04836
1786074489,27.01076,83.30968,90,0,221,,1,27.66331,26.78319,22.01469
1786074489,26.8986,83.093,90,0,221,,1,27.56171,26.74932,22.11589
1786074490,26.85588,83.18456,90,0,221,,1,27.66331,26.81705,22.04836
1786074491,26.98405,83.17693,90,0,221,,1,27.66331,26.74932,22.01469
1786074491,26.98405,83.19981,90,0,221,,1,27.62944,26.81705,22.08222
1786074492,26.94133,83.14488,90,0,221,,1,27.62944,26.85092,22.08222
1786074493,26.96803,83.24559,90,0,221,,1,27.66331,26.74932,22.01469
1786074493,26.94133,83.17693,90,0,221,,1,27.56171,26.81705,22.08222
1786074494,26.8986,82.9984,90,0,222,,1,27.62944,26.78319,22.04836
1786074495,26.94133,83.07164,90,0,222,,1,27.66331,26.81705,22.04836
1786074496,26.8986,83.0518,90,0,221,,1,27.62944,26.71565,22.08222
1786074496,26.95468,83.12962,90,0,221,,1,27.66331,26.78319,22.08222
1786074497,26.95468,83.15862,90,0,221,,1,27.69717,26.81705,22.04836
1786074498,27.01076,83.0518,90,0,221,,1,27.62944,26.74932,21.98083
1786074498,26.98405,83.02434,90,0,221,,1,27.66331,26.78319,22.08222
1786074499,26.85588,82.9984,90,0,221,,1,27.66331,26.74932,22.01469
1786074500,27.01076,83.0106,90,0,221,,1,27.66331,26.85092,22.01469
1786074500,26.86923,82.91905,90,0,221,,1,27.69717,26.71565,21.98083
1786074501,26.98405,82.98009,90,0,221,,1,27.62944,26.71565,22.08222
1786074502,26.98405,82.98009,90,0,221,,1,27.62944,26.85092,22.08222
1786074502,26.92798,82.91447,90,0,222,,1,27.66331,26.78319,22.04836
1786074503,26.86923,82.93889,90,0,222,,1,27.69717,26.78319,22.04836
1786074504,26.94133,82.77257,90,0,221,,1,27.62944,26.78319,22.08222
1786074504,27.02411,82.80461,90,0,221,,1,27.66331,26.78319,22.11589
1786074505,26.92798,82.76952,90,0,222,,1,27.66331,26.78319,21.98083
1786074506,26.99741,82.89159,90,0,221,,1,27.62944,26.81705,22.08222
1786074506,26.8986,82.63676,90,0,221,,1,27.62944,26.71565,22.08222
1786074507,26.95468,82.60014,90,0,222,,1,27.73104,26.78319,22.01469
1786074508,26.92798,82.50858,90,0,221,,1,27.59557,26.74932,22.01469
1786074508,26.92798,82.47959,90,0,221,,1,27.69717,26.71565,22.08222
1786074509,26.94133,82.49332,90,0,221,,1,27.66331,26.74932,22.04836
1786074510,26.92798,82.55283,90,0,221,,1,27.62944,26.74932,22.04836
1786074510,26.94133,82.6276,90,0,221,,1,27.62944,26.78319,22.04836
1786074511,26.91195,82.61845,90,0,221,,1,27.66331,26.78319,22.04836
1786074512,26.91195,82.74204,90,0,221,,1,27.69717,26.85092,22.04836
1786074512,26.96803,82.83208,90,0,222,,1,27.62944,26.71565,22.08222
1786074513,26.94133,82.81377,90,0,222,,1,27.59557,26.81705,22.01469
1786074514,26.94133,82.916,90,0,221,,1,27.62944,26.78319,22.08222
1786074515,26.91195,82.76494,90,0,221,,1,27.66331,26.85092,22.01469
1786074515,26.99741,82.98466,90,0,221,,1,27.66331,26.81705,22.11589
1786074516,26.95468,82.98314,90,0,221,,1,27.66331,26.68159,22.01469
1786074517,27.04013,83.02892,90,0,221,,1,27.59557,26.74932,22.08222
1786074517,26.92798,83.0396,90,0,221,,1,27.66331,26.85092,22.01469
1786074518,26.98405,83.18913,90,0,221,,1,27.7649,26.74932,22.08222
1786074519,26.94133,83.37225,90,0,221,,1,27.69717,26.71565,22.04836
1786074519,26.96803,83.68963,90,0,221,,1,27.73104,26.81705,22.04836
1786074520,26.92798,83.60723,90,0,221,,1,27.66331,26.88478,22.04836
1786074521,26.91195,83.66521,90,0,221,,1,27.62944,26.78319,22.08222
1786074521,26.95468,83.7293,90,0,221,,1,27.62944,26.78319,22.08222
1786074522,26.98405,83.84985,90,0,221,,1,27.66331,26.78319,22.04836
1786074523,26.95468,83.90479,90,0,222,,1,27.69717,26.78319,22.04836
1786074523,27.01076,83.77509,90,0,222,,1,27.66331,26.78319,22.04836
1786074524,27.04013,83.94904,90,0,221,,1,27.66331,26.78319,22.08222
1786074525,26.99741,83.88495,90,0,222,,1,27.69717,26.74932,22.04836
1786074525,26.8986,83.78577,90,0,221,,1,27.69717,26.71565,22.08222
1786074526,26.91195,83.5935,90,0,221,,1,27.62944,26.85092,22.04836
1786074527,26.92798,83.72015,90,0,221,,1,27.69717,26.81705,22.08222
1786074527,26.88525,83.6881,90,0,221,,1,27.69717,26.81705,22.08222
1786074528,26.86923,83.59197,90,0,221,,1,27.69717,26.78319,22.08222
1786074529,26.8986,83.59808,90,0,221,,1,27.66331,26.78319,22.11589
1786074529,26.92798,83.53399,90,0,221,,1,27.66331,26.74932,22.08222
1786074530,26.95468,83.49126,90,0,221,,1,27.66331,26.68159,22.04836
1786074531,26.86923,83.46838,90,0,221,,1,27.62944,26.78319,22.01469
1786074531,26.96803,83.45159,90,0,221,,1,27.66331,26.78319,22.04836
1786074532,26.98405,83.59197,90,0,221,,1,27.62944,26.78319,22.08222
1786074533,26.94133,83.55993,90,0,221,,1,27.73104,26.81705,22.08222
1786074534,26.94133,83.50957,90,0,221,,1,27.69717,26.71565,22.04836
1786074534,26.94133,83.54772,90,0,222,,1,27.66331,26.74932,22.04836
1786074535,26.95468,83.40887,90,0,221,,1,27.69717,26.71565,22.11589
1786074536,26.85588,83.33105,90,0,221,,1,27.62944,26.78319,22.04836
1786074536,26.94133,83.42413,90,0,221,,1,27.69717,26.74932,22.11589
1786074537,27.05348,83.43328,90,0,221,,1,27.73104,26.74932,22.08222
1786074538,26.91195,83.46838,90,0,221,,1,27.59557,26.74932,22.08222
1786074538,26.94133,83.39208,90,0,221,,1,27.66331,26.78319,22.04836
1786074539,26.88525,83.33715,90,0,221,,1,27.66331,26.78319,22.01469
1786074540,27.02411,83.38598,90,0,221,,1,27.62944,26.81705,22.08222
1786074540,26.91195,83.34478,90,0,221,,1,27.66331,26.81705,22.04836
1786074541,26.8986,83.2578,90,0,221,,1,27.62944,26.74932,22.08222
1786074542,26.92798,83.328,90,0,221,,1,27.66331,26.81705,22.11589
1786074542,26.95468,83.20287,90,0,222,,1,27.69717,26.74932,22.08222
1786074543,26.86923,83.20744,90,0,222,,1,27.66331,26.71565,22.08222
1786074544,26.95468,83.21202,90,0,222,,1,27.66331,26.81705,22.11589
1786074544,26.92798,83.18456,90,0,222,,1,27.66331,26.78319,22.08222
1786074545,26.91195,83.15862,90,0,222,,1,27.66331,26.74932,22.08222
1786074546,26.96803,83.16319,90,0,221,,1,27.66331,26.78319,22.04836
1786074546,26.98405,83.08385,90,0,221,,1,27.62944,26.81705,22.08222
1786074547,26.8986,82.96941,90,0,221,,1,27.69717,26.78319,22.08222
1786074548,26.8986,82.97856,90,0,221,,1,27.66331,26.71565,22.01469
1786074548,26.85588,82.81071,90,0,221,,1,27.62944,26.81705,22.08222
1786074549,26.94133,82.90685,90,0,221,,1,27.62944,26.71565,22.11589
1786074550,26.95468,83.00603,90,0,221,,1,27.66331,26.78319,22.04836
1786074550,27.02411,82.90074,90,0,221,,1,27.66331,26.74932,22.04836
1786074551,26.86923,82.54826,90,0,221,,1,27.69717,26.71565,22.08222
1786074552,26.84253,82.82903,90,0,222,,1,27.66331,26.81705,22.08222
1786074553,26.91195,82.6627,90,0,222,,1,27.62944,26.78319,22.01469
1786074553,26.85588,82.68711,90,0,221,,1,27.69717,26.74932,21.98083
1786074554,26.8986,82.82292,90,0,221,,1,27.66331,26.71565,22.08222
1786074555,26.99741,82.81834,90,0,221,,1,27.62944,26.74932,22.04836
1786074555,26.98405,82.84734,90,0,221,,1,27.66331,26.78319,22.08222
1786074556,26.92798,82.89311,90,0,221,,1,27.66331,26.81705,21.98083
1786074557,26.94133,82.86565,90,0,221,,1,27.69717,26.74932,22.04836
1786074557,26.91195,82.84734,90,0,221,,1,27.66331,26.81705,22.04836
1786074558,26.92798,82.80003,90,0,221,,1,27.62944,26.71565,22.08222
1786074559,26.8986,82.72221,90,0,221,,1,27.62944,26.74932,22.01469
1786074559,27.01076,82.8748,90,0,221,,1,27.66331,26.74932,22.08222
1786074560,26.94133,82.70084,90,0,221,,1,27.66331,26.74932,22.08222
1786074561,26.7998,82.67338,90,0,221,,1,27.66331,26.71565,21.98083
1786074561,26.95468,82.87938,90,0,221,,1,27.69717,26.78319,22.11589
1786074562,26.96803,82.77867,90,0,221,,1,27.66331,26.74932,22.01469
1786074563,26.91195,82.63065,90,0,222,,1,27.66331,26.68159,22.08222
1786074563,26.91195,82.5864,90,0,222,,1,27.66331,26.81705,22.01469
1786074564,26.96803,82.64439,90,0,221,,1,27.66331,26.78319,22.04836
1786074565,26.84253,82.50858,90,0,222,,1,27.66331,26.71565,22.08222
1786074565,26.85588,82.61387,90,0,221,,1,27.66331,26.78319,22.01469
1786074566,27.08286,82.72831,90,0,221,,1,27.62944,26.78319,22.11589
1786074567,26.88525,82.54978,90,0,221,,1,27.62944,26.74932,22.08222
1786074567,26.96803,82.59403,90,0,221,,1,27.59557,26.78319,22.08222
1786074568,26.96803,82.66727,90,0,221,,1,27.59557,26.81705,22.04836
1786074569,26.92798,82.66422,90,0,221,,1,27.66331,26.78319,22.11589
1786074569,26.96803,82.67643,90,0,221,,1,27.62944,26.78319,22.11589
1786074570,26.94133,82.72221,90,0,221,,1,27.69717,26.71565,22.04836
1786074571,26.99741,82.76799,90,0,221,,1,27.66331,26.85092,22.08222
1786074572,26.8986,82.63676,90,0,221,,1,27.66331,26.81705,22.04836
1786074572,26.99741,82.94347,90,0,222,,1,27.66331,26.85092,22.08222
1786074573,26.94133,82.85649,90,0,222,,1,27.69717,26.74932,22.08222
1786074574,27.01076,83.0106,90,0,222,,1,27.69717,26.74932,22.04836
1786074574,26.8986,83.11284,90,0,222,,1,27.66331,26.74932,22.08222
1786074575,27.02411,83.16777,90,0,222,,1,27.66331,26.74932,22.08222
1786074576,26.94133,83.26849,90,0,221,,1,27.69717,26.78319,22.04836
1786074576,26.99741,83.26391,90,0,221,,1,27.62944,26.78319,22.11589
1786074577,26.95468,83.10674,90,0,221,,1,27.62944,26.74932,22.04836
1786074578,26.96803,83.19524,90,0,221,,1,27.62944,26.78319,22.04836
1786074578,26.99741,83.23186,90,0,221,,1,27.62944,26.78319,22.04836
1786074579,26.88525,83.01671,90,0,221,,1,27.62944,26.74932,22.11589
1786074580,26.92798,82.89311,90,0,221,,1,27.62944,26.74932,22.08222
1786074580,26.86923,82.83665,90,0,221,,1,27.59557,26.81705,22.08222
1786074581,26.96803,82.91447,90,0,221,,1,27.66331,26.71565,22.04836
1786074582,26.94133,82.80461,90,0,221,,1,27.62944,26.78319,22.04836
1786074582,26.98405,82.84734,90,0,223,,1,27.59557,26.81705,22.11589
1786074583,26.95468,82.6215,90,0,222,,1,27.66331,26.81705,22.04836
1786074584,26.94133,82.6688,90,0,221,,1,27.66331,26.78319,22.01469
1786074584,26.91195,82.50706,90,0,222,,1,27.66331,26.74932,22.11589
1786074585,26.95468,82.42466,90,0,222,,1,27.66331,26.74932,21.98083
1786074586,26.8986,82.52232,90,0,221,,1,27.66331,26.74932,22.08222
1786074586,26.96803,82.39719,90,0,221,,1,27.62944,26.85092,22.01469
1786074587,26.86923,82.32853,90,0,221,,1,27.66331,26.81705,22.04836
1786074588,26.94133,82.41093,90,0,221,,1,27.66331,26.68159,22.04836
1786074588,26.96803,82.48875,90,0,221,,1,27.69717,26.81705,21.98083
1786074589,26.88525,82.35294,90,0,221,,1,27.66331,26.74932,22.04836
1786074590,26.81315,82.36515,90,0,221,,1,27.66331,26.74932,22.08222
1786074591,26.92798,82.43839,90,0,221,,1,27.69717,26.81705,22.04836
1786074591,26.8986,82.42008,90,0,221,,1,27.62944,26.74932,22.08222
1786074592,26.85588,82.36668,90,0,221,,1,27.59557,26.74932,22.04836
1786074593,26.84253,82.50858,90,0,222,,1,27.62944,26.85092,22.04836
1786074593,26.8986,82.47044,90,0,222,,1,27.69717,26.71565,22.04836
1786074594,26.86923,82.6276,90,0,222,,1,27.56171,26.81705,22.08222
1786074595,26.91195,82.45365,90,0,221,,1,27.62944,26.71565,22.04836
1786074595,26.98405,82.55741,90,0,221,,1,27.62944,26.71565,22.08222
1786074596,26.95468,82.57114,90,0,222,,1,27.62944,26.81705,22.08222
1786074597,26.98405,82.63981,90,0,222,,1,27.62944,26.74932,22.04836
1786074597,26.92798,82.72831,90,0,222,,1,27.62944,26.81705,22.01469
1786074598,26.99741,82.86107,90,0,222,,1,27.69717,26.78319,22.04836
1786074599,26.98405,83.00145,90,0,222,,1,27.66331,26.81705,21.98083
1786074599,26.91195,83.10674,90,0,221,,1,27.66331,26.74932,22.04836
1786074600,26.84253,83.1403,90,0,221,,1,27.69717,26.74932,21.98083
1786074601,26.98405,83.27154,90,0,221,,1,27.62944,26.78319,22.01469
1786074601,26.99741,83.36767,90,0,221,,1,27.66331,26.78319,22.01469
1786074602,27.04013,83.52483,90,0,222,,1,27.69717,26.74932,22.04836
1786074603,26.95468,83.41802,90,0,222,,1,27.62944,26.74932,21.98083
1786074603,26.92798,83.4638,90,0,222,,1,27.69717,26.78319,22.04836
1786074604,26.98405,83.57061,90,0,222,,1,27.62944,26.74932,22.08222
1786074605,26.86923,83.47753,90,0,222,,1,27.62944,26.78319,22.08222
1786074605,27.02411,83.52026,90,0,221,,1,27.66331,26.81705,22.04836
1786074606,26.98405,83.38293,90,0,221,,1,27.62944,26.74932,22.04836
1786074607,26.8986,83.26849,90,0,221,,1,27.69717,26.81705,22.01469
1786074607,26.99741,83.30511,90,0,221,,1,27.66331,26.71565,22.04836
1786074608,26.98405,83.08385,90,0,221,,1,27.69717,26.78319,21.98083
1786074609,26.8986,82.90532,90,0,221,,1,27.59557,26.81705,22.01469
1786074610,26.8986,82.9984,90,0,222,,1,27.62944,26.74932,22.11589
1786074610,26.98405,82.84734,90,0,221,,1,27.62944,26.85092,22.08222
1786074611,26.99741,82.75883,90,0,221,,1,27.66331,26.78319,21.98083
1786074612,26.88525,82.78783,90,0,221,,1,27.59557,26.81705,22.01469
1786074612,26.96803,82.67643,90,0,222,,1,27.62944,26.78319,22.11589
1786074613,26.91195,82.60929,90,0,221,,1,27.66331,26.71565,22.18362
1786074614,26.94133,82.50248,90,0,222,,1,27.66331,26.78319,22.04836
1786074614,26.91195,82.68253,90,0,221,,1,27.69717,26.78319,21.98083
1786074615,26.94133,82.5452,90,0,222,,1,27.66331,26.74932,22.04836
1786074616,26.85588,82.49027,90,0,221,,1,27.66331,26.81705,22.08222
1786074616,26.8986,82.39872,90,0,221,,1,27.66331,26.71565,22.04836
1786074617,26.82918,82.32853,90,0,221,,1,27.62944,26.85092,22.04836
1786074618,26.94133,82.36973,90,0,221,,1,27.62944,26.64792,22.08222
1786074618,26.91195,82.38041,90,0,221,,1,27.66331,26.78319,22.08222
1786074619,26.86923,82.33921,90,0,221,,1,27.69717,26.78319,22.08222
1786074620,26.99741,82.43534,90,0,221,,1,27.66331,26.71565,22.11589
1786074620,26.96803,82.33311,90,0,221,,1,27.62944,26.78319,22.04836
1786074621,26.86923,82.26597,90,0,221,,1,27.66331,26.71565,22.04836
1786074622,26.98405,82.29801,90,0,221,,1,27.66331,26.74932,21.98083
1786074622,26.91195,82.28733,90,0,221,,1,27.69717,26.78319,22.01469
1786074623,27.01076,82.22018,90,0,221,,1,27.69717,26.78319,22.08222
1786074624,26.85588,82.15915,90,0,222,,1,27.62944,26.78319,22.11589
1786074624,26.8986,82.26444,90,0,222,,1,27.62944,26.81705,22.11589
1786074625,26.98405,82.14236,90,0,222,,1,27.73104,26.78319,21.98083
1786074626,26.96803,82.22018,90,0,221,,1,27.62944,26.71565,22.04836
1786074626,26.94133,82.16983,90,0,221,,1,27.69717,26.78319,22.08222
1786074627,26.92798,82.22934,90,0,221,,1,27.62944,26.71565,22.08222
1786074628,27.01076,82.21103,90,0,221,,1,27.62944,26.71565,22.04836
1786074629,26.85588,82.1088,90,0,221,,1,27.59557,26.78319,22.04836
1786074629,26.98405,82.05844,90,0,221,,1,27.69717,26.78319,22.08222
1786074630,26.95468,82.11337,90,0,221,,1,27.62944,26.78319,22.04836
1786074631,26.96803,82.1683,90,0,221,,1,27.59557,26.78319,22.04836
1786074631,26.94133,82.05844,90,0,221,,1,27.66331,26.74932,22.04836
1786074632,26.95468,82.18356,90,0,221,,1,27.62944,26.74932,22.08222
1786074633,26.85588,82.21103,90,0,222,,1,27.66331,26.68159,22.08222
1786074633,26.95468,82.29801,90,0,221,,1,27.62944,26.74932,22.11589
1786074634,26.96803,82.22934,90,0,222,,1,27.66331,26.85092,21.98083
1786074635,26.96803,82.0325,90,0,222,,1,27.62944,26.74932,22.01469
1786074635,26.95468,82.19577,90,0,221,,1,27.62944,26.78319,22.04836
1786074636,26.8986,82.18204,90,0,221,,1,27.66331,26.74932,22.01469
1786074637,26.98405,82.44297,90,0,221,,1,27.69717,26.71565,22.04836
1786074637,26.95468,82.34226,90,0,221,,1,27.69717,26.81705,22.04836
1786074638,26.91195,82.25681,90,0,221,,1,27.62944,26.78319,22.01469
1786074639,26.92798,82.2736,90,0,221,,1,27.62944,26.68159,22.08222
1786074639,26.95468,82.43534,90,0,221,,1,27.66331,26.81705,22.11589
1786074640,26.8986,82.53452,90,0,221,,1,27.66331,26.71565,22.04836
1786074641,26.91195,82.46281,90,0,221,,1,27.66331,26.68159,22.01469
1786074641,26.94133,82.48112,90,0,221,,1,27.66331,26.74932,22.08222
1786074642,26.92798,82.59098,90,0,221,,1,27.66331,26.74932,22.11589
1786074643,26.98405,82.6276,90,0,222,,1,27.66331,26.74932,22.08222
1786074643,26.96803,82.55283,90,0,221,,1,27.66331,26.74932,22.04836
1786074644,26.94133,82.71,90,0,221,,1,27.69717,26.78319,22.08222
1786074645,26.96803,82.68711,90,0,221,,1,27.66331,26.74932,22.01469
1786074646,26.95468,82.60929,90,0,221,,1,27.62944,26.81705,22.11589
1786074646,26.86923,82.65965,90,0,221,,1,27.62944,26.74932,22.04836
1786074647,26.94133,82.64896,90,0,221,,1,27.69717,26.78319,22.08222
1786074648,26.94133,82.57725,90,0,221,,1,27.69717,26.71565,22.08222
1786074648,26.8986,82.59556,90,0,221,,1,27.66331,26.78319,22.08222
1786074649,26.85588,82.52232,90,0,221,,1,27.66331,26.74932,22.04836
1786074650,26.94133,82.5452,90,0,221,,1,27.66331,26.74932,22.04836
1786074650,27.01076,82.55283,90,0,221,,1,27.62944,26.81705,22.08222
1786074651,27.01076,82.52232,90,0,221,,1,27.66331,26.78319,22.01469
1786074652,26.95468,82.5391,90,0,221,,1,27.66331,26.78319,22.04836
1786074652,26.96803,82.41703,90,0,223,,1,27.62944,26.74932,22.04836
1786074653,26.96803,82.40788,90,0,221,,1,27.66331,26.74932,22.01469
1786074654,26.84253,82.28886,90,0,222,,1,27.69717,26.71565,22.14976
1786074654,26.91195,82.41245,90,0,222,,1,27.69717,26.78319,22.04836
1786074655,26.99741,82.35294,90,0,222,,1,27.69717,26.71565,21.98083
1786074656,26.91195,82.4033,90,0,221,,1,27.66331,26.74932,22.01469
1786074656,27.01076,82.34379,90,0,221,,1,27.62944,26.78319,22.04836
1786074657,26.88525,82.26139,90,0,221,,1,27.62944,26.68159,22.08222
1786074658,26.94133,82.32548,90,0,221,,1,27.66331,26.81705,22.04836
1786074658,26.8986,82.26444,90,0,221,,1,27.66331,26.85092,22.04836
1786074659,26.95468,82.25986,90,0,221,,1,27.66331,26.68159,22.04836
1786074660,26.88525,82.18814,90,0,221,,1,27.62944,26.78319,22.01469
1786074660,26.95468,82.34226,90,0,221,,1,27.62944,26.78319,22.04836
1786074661,27.01076,82.14999,90,0,221,,1,27.66331,26.74932,22.04836
1786074662,27.05348,82.29649,90,0,221,,1,27.66331,26.78319,22.04836
1786074662,27.06684,82.19272,90,0,222,,1,27.66331,26.74932,22.04836
1786074663,26.8986,82.21103,90,0,221,,1,27.59557,26.78319,22.04836
1786074664,26.92798,82.18814,90,0,221,,1,27.62944,26.74932,22.08222
1786074665,26.86923,82.05844,90,0,222,,1,27.69717,26.78319,22.04836
1786074665,26.94133,82.00504,90,0,221,,1,27.59557,26.78319,22.04836
1786074666,26.94133,82.24307,90,0,221,,1,27.66331,26.81705,22.01469
1786074667,27.01076,82.13779,90,0,221,,1,27.62944,26.78319,22.11589
1786074667,26.88525,82.05386,90,0,221,,1,27.69717,26.81705,22.04836
1786074668,26.8986,82.00351,90,0,221,,1,27.62944,26.71565,22.08222
1786074669,26.85588,81.94095,90,0,221,,1,27.62944,26.74932,22.08222
1786074669,26.92798,82.01266,90,0,221,,1,27.62944,26.74932,22.04836
1786074670,26.94133,81.9028,90,0,221,,1,27.62944,26.81705,22.11589
1786074671,26.91195,81.98672,90,0,221,,1,27.73104,26.88478,22.04836
1786074671,26.91195,81.99588,90,0,221,,1,27.66331,26.78319,22.04836
1786074672,26.91195,81.90433,90,0,221,,1,27.66331,26.74932,21.98083
1786074673,27.01076,82.08591,90,0,222,,1,27.66331,26.81705,22.08222
1786074673,26.96803,82.10574,90,0,221,,1,27.66331,26.71565,22.04836
1786074674,26.91195,81.95773,90,0,221,,1,27.66331,26.81705,22.04836
1786074675,26.96803,82.02182,90,0,221,,1,27.66331,26.88478,22.08222
1786074675,26.92798,81.93027,90,0,221,,1,27.66331,26.78319,22.04836
1786074676,26.8986,81.944,90,0,221,,1,27.59557,26.71565,22.04836
1786074677,26.94133,82.08743,90,0,221,,1,27.66331,26.78319,22.14976
1786074677,26.92798,82.14694,90,0,221,,1,27.66331,26.85092,22.08222
1786074678,27.05348,82.23239,90,0,221,,1,27.66331,26.74932,21.98083
1786074679,27.02411,82.38041,90,0,221,,1,27.62944,26.78319,21.98083
1786074679,26.98405,82.61845,90,0,221,,1,27.62944,26.78319,22.08222
1786074680,27.02411,82.52537,90,0,221,,1,27.66331,26.78319,22.11589
1786074681,26.95468,82.71458,90,0,221,,1,27.66331,26.74932,22.01469
1786074681,26.8986,82.81377,90,0,221,,1,27.66331,26.81705,22.11589
1786074682,26.86923,83.10674,90,0,221,,1,27.62944,26.74932,22.08222
1786074683,26.92798,83.07927,90,0,221,,1,27.62944,26.74932,22.08222
1786074684,26.91195,83.24101,90,0,222,,1,27.69717,26.74932,22.01469
1786074684,26.96803,83.12199,90,0,221,,1,27.69717,26.74932,22.04836
1786074685,26.99741,83.28527,90,0,221,,1,27.73104,26.71565,22.08222
1786074686,26.99741,83.28527,90,0,221,,1,27.69717,26.71565,22.14976
1786074686,26.94133,83.33257,90,0,221,,1,27.59557,26.74932,22.11589
1786074687,26.95468,83.23186,90,0,221,,1,27.66331,26.71565,22.04836
1786074688,26.91195,83.34478,90,0,222,,1,27.66331,26.78319,22.04836
1786074688,26.96803,83.11131,90,0,221,,1,27.62944,26.81705,21.98083
1786074689,26.94133,83.12505,90,0,221,,1,27.66331,26.74932,22.11589
1786074690,26.92798,83.19371,90,0,221,,1,27.66331,26.81705,22.08222
1786074690,26.91195,83.05333,90,0,221,,1,27.62944,26.78319,22.04836
1786074691,26.91195,82.9511,90,0,221,,1,27.62944,26.68159,22.01469
1786074692,26.92798,83.02892,90,0,221,,1,27.66331,26.85092,22.11589
1786074692,27.01076,82.93736,90,0,222,,1,27.66331,26.74932,22.11589
1786074693,26.95468,82.90227,90,0,221,,1,27.66331,26.81705,22.08222
1786074694,26.91195,82.80614,90,0,221,,1,27.59557,26.78319,22.11589
1786074694,26.8986,82.82292,90,0,222,,1,27.66331,26.78319,22.04836
1786074695,26.96803,82.67643,90,0,221,,1,27.59557,26.78319,22.11589
1786074696,26.88525,82.76799,90,0,221,,1,27.62944,26.71565,22.08222
1786074696,26.94133,82.73289,90,0,221,,1,27.66331,26.78319,22.01469
1786074697,26.94133,82.70084,90,0,221,,1,27.62944,26.78319,22.04836
1786074698,26.8986,82.62608,90,0,221,,1,27.66331,26.85092,22.04836
1786074698,26.99741,82.79698,90,0,221,,1,27.66331,26.78319,22.01469
1786074699,26.94133,82.76341,90,0,221,,1,27.66331,26.68159,22.01469
1786074700,26.92798,82.57267,90,0,221,,1,27.66331,26.85092,22.08222
1786074700,26.94133,82.5864,90,0,221,,1,27.62944,26.74932,22.08222
1786074701,26.94133,82.61692,90,0,221,,1,27.62944,26.68159,22.01469
1786074702,26.91195,82.5864,90,0,222,,1,27.69717,26.71565,22.08222
1786074703,26.92798,82.67643,90,0,222,,1,27.66331,26.78319,22.14976
1786074703,26.8986,82.46128,90,0,221,,1,27.66331,26.78319,22.08222
1786074704,26.91195,82.56809,90,0,222,,1,27.69717,26.74932,22.08222
1786074705,27.01076,82.56351,90,0,222,,1,27.69717,26.81705,22.11589
1786074705,26.92798,82.58488,90,0,221,,1,27.69717,26.81705,22.04836
1786074706,26.94133,82.51316,90,0,221,,1,27.66331,26.71565,22.01469
1786074707,26.88525,82.54978,90,0,221,,1,27.62944,26.78319,22.08222
1786074707,26.86923,82.60777,90,0,221,,1,27.62944,26.71565,22.08222
1786074708,27.04013,82.62302,90,0,221,,1,27.66331,26.71565,22.04836
1786074709,26.92798,82.70847,90,0,221,,1,27.69717,26.71565,22.01469
1786074709,26.86923,82.49485,90,0,221,,1,27.66331,26.74932,22.08222
1786074710,27.02411,82.57725,90,0,221,,1,27.66331,26.74932,22.08222
1786074711,26.96803,82.55283,90,0,221,,1,27.62944,26.81705,22.08222
1786074711,26.99741,82.61234,90,0,221,,1,27.66331,26.78319,22.08222
1786074712,26.91195,82.56809,90,0,221,,1,27.69717,26.78319,22.04836
1786074713,26.95468,82.54826,90,0,222,,1,27.66331,26.81705,22.14976
1786074713,26.91195,82.61845,90,0,221,,1,27.62944,26.74932,22.08222
1786074714,26.99741,82.58183,90,0,221,,1,27.59557,26.81705,22.01469
1786074715,26.92798,82.61387,90,0,222,,1,27.66331,26.81705,22.01469
1786074715,26.86923,82.61845,90,0,221,,1,27.66331,26.78319,22.08222
1786074716,26.88525,82.56199,90,0,221,,1,27.66331,26.78319,22.04836
1786074717,26.92798,82.62302,90,0,221,,1,27.69717,26.81705,22.04836
1786074717,26.99741,82.6215,90,0,221,,1,27.69717,26.78319,22.08222
1786074718,26.8986,82.59556,90,0,222,,1,27.66331,26.78319,22.08222
1786074719,26.88525,82.71763,90,0,222,,1,27.62944,26.74932,22.04836
1786074719,26.96803,82.60319,90,0,222,,1,27.66331,26.74932,22.01469
1786074720,26.88525,82.65354,90,0,221,,1,27.62944,26.74932,22.11589
1786074721,27.02411,82.64896,90,0,221,,1,27.66331,26.78319,22.08222
1786074722,26.94133,82.56657,90,0,221,,1,27.66331,26.85092,21.98083
1786074722,26.98405,82.59861,90,0,222,,1,27.66331,26.81705,22.08222
1786074723,26.95468,82.65049,90,0,222,,1,27.69717,26.74932,22.08222
1786074724,26.92798,82.61387,90,0,221,,1,27.69717,26.71565,22.04836
1786074724,26.8986,82.55436,90,0,222,,1,27.62944,26.78319,22.04836
1786074725,26.88525,82.52995,90,0,221,,1,27.62944,26.74932,22.11589
1786074726,26.91195,82.5803,90,0,221,,1,27.66331,26.74932,22.04836
1786074726,26.94133,82.53452,90,0,221,,1,27.66331,26.71565,22.08222
1786074727,26.85588,82.70847,90,0,221,,1,27.66331,26.68159,22.04836
1786074728,26.96803,82.58488,90,0,221,,1,27.62944,26.78319,22.11589
1786074728,26.96803,82.60319,90,0,221,,1,27.69717,26.71565,22.04836
1786074729,26.92798,82.70847,90,0,221,,1,27.66331,26.74932,22.01469
1786074730,26.91195,82.6627,90,0,221,,1,27.66331,26.74932,22.04836
1786074730,26.92798,82.76952,90,0,221,,1,27.62944,26.71565,22.04836
1786074731,26.92798,82.66422,90,0,221,,1,27.69717,26.74932,22.08222
1786074732,27.01076,82.80156,90,0,221,,1,27.66331,26.71565,22.11589
1786074732,26.86923,82.78325,90,0,222,,1,27.69717,26.78319,22.04836
1786074733,26.86923,82.83665,90,0,222,,1,27.66331,26.71565,22.08222
1786074734,26.92798,82.86412,90,0,222,,1,27.66331,26.74932,22.04836
1786074734,26.94133,82.89769,90,0,222,,1,27.66331,26.71565,22.01469
1786074735,26.91195,82.99229,90,0,221,,1,27.73104,26.78319,22.14976
1786074736,26.91195,83.00298,90,0,221,,1,27.69717,26.71565,22.08222
1786074736,26.99741,83.04723,90,0,221,,1,27.66331,26.71565,22.04836
1786074737,27.04013,83.21355,90,0,221,,1,27.59557,26.74932,22.01469
1786074738,26.91195,83.19981,90,0,221,,1,27.69717,26.74932,22.04836
1786074738,26.94133,83.16624,90,0,221,,1,27.62944,26.71565,22.04836
1786074739,26.99741,83.23186,90,0,221,,1,27.66331,26.81705,22.08222
1786074740,26.94133,83.28069,90,0,221,,1,27.62944,26.85092,21.98083
1786074741,26.94133,83.48669,90,0,221,,1,27.59557,26.78319,21.98083
1786074741,26.94133,83.53857,90,0,221,,1,27.62944,26.78319,22.04836
1786074742,26.8986,83.61028,90,0,221,,1,27.66331,26.68159,22.04836
1786074743,26.98405,83.55993,90,0,222,,1,27.66331,26.71565,22.04836
1786074743,26.96803,83.55535,90,0,222,,1,27.66331,26.85092,22.04836
1786074744,26.85588,83.68963,90,0,221,,1,27.66331,26.81705,22.14976
1786074745,26.98405,83.77966,90,0,222,,1,27.62944,26.74932,22.08222
1786074745,26.98405,83.66521,90,0,221,,1,27.59557,26.71565,22.01469
1786074746,27.06684,83.82239,90,0,221,,1,27.66331,26.78319,22.04836
1786074747,27.01076,83.84833,90,0,221,,1,27.66331,26.74932,22.01469
1786074747,26.96803,83.74303,90,0,221,,1,27.69717,26.71565,22.04836
1786074748,26.98405,83.93225,90,0,221,,1,27.66331,26.78319,22.04836
1786074749,27.04013,84.01312,90,0,221,,1,27.66331,26.74932,22.04836
1786074749,26.98405,84.15198,90,0,221,,1,27.69717,26.81705,22.11589
1786074750,26.86923,84.10925,90,0,221,,1,27.69717,26.81705,22.01469
1786074751,26.91195,84.1825,90,0,221,,1,27.69717,26.71565,22.04836
1786074751,26.98405,84.3061,90,0,221,,1,27.66331,26.85092,22.08222
1786074752,27.04013,84.32136,90,0,221,,1,27.69717,26.68159,22.04836
1786074753,26.98405,84.25574,90,0,222,,1,27.59557,26.74932,21.98083
1786074753,26.95468,84.12299,90,0,222,,1,27.62944,26.85092,22.04836
1786074754,26.8986,84.20081,90,0,222,,1,27.66331,26.81705,22.08222
1786074755,26.96803,84.20691,90,0,222,,1,27.66331,26.74932,22.04836
1786074755,26.96803,84.20691,90,0,221,,1,27.73104,26.74932,22.08222
1786074756,26.95468,84.11078,90,0,221,,1,27.66331,26.71565,22.11589
1786074757,26.95468,84.18402,90,0,221,,1,27.62944,26.71565,22.04836
1786074757,26.99741,84.04059,90,0,221,,1,27.66331,26.74932,22.08222
1786074758,26.88525,84.05127,90,0,221,,1,27.66331,26.74932,22.08222
1786074759,26.96803,83.90784,90,0,221,,1,27.66331,26.78319,22.04836
1786074760,26.91195,83.86206,90,0,221,,1,27.66331,26.78319,22.08222
1786074760,26.96803,83.76288,90,0,221,,1,27.62944,26.78319,22.08222
1786074761,26.96803,83.91852,90,0,221,,1,27.66331,26.74932,22.08222
1786074762,26.91195,83.65606,90,0,221,,1,27.66331,26.78319,22.11589
1786074762,26.92798,83.59655,90,0,222,,1,27.62944,26.74932,22.08222
1786074763,26.86923,83.50042,90,0,222,,1,27.62944,26.81705,22.01469
1786074764,26.99741,83.40887,90,0,221,,1,27.66331,26.78319,22.04836
1786074764,26.94133,83.54772,90,0,222,,1,27.62944,26.81705,22.08222
1786074765,26.8986,83.39208,90,0,222,,1,27.66331,26.74932,22.08222
1786074766,26.8986,83.40124,90,0,221,,1,27.69717,26.78319,22.01469
1786074766,26.86923,83.27154,90,0,221,,1,27.62944,26.78319,22.04836
1786074767,27.04013,83.26391,90,0,221,,1,27.62944,26.78319,22.04836
1786074768,26.8986,83.10216,90,0,221,,1,27.66331,26.78319,22.04836
1786074768,26.8986,83.093,90,0,221,,1,27.69717,26.81705,22.08222
1786074769,26.96803,83.02892,90,0,221,,1,27.66331,26.71565,21.98083
1786074770,26.8986,82.8748,90,0,221,,1,27.66331,26.78319,22.04836
1786074770,26.96803,82.89616,90,0,221,,1,27.66331,26.78319,22.11589
1786074771,26.88525,82.76799,90,0,221,,1,27.62944,26.85092,22.08222
1786074772,26.88525,82.63218,90,0,221,,1,27.62944,26.74932,22.01469
1786074772,26.94133,82.52537,90,0,222,,1,27.62944,26.71565,22.01469
1786074773,26.8986,82.48112,90,0,222,,1,27.69717,26.74932,22.11589
1786074774,26.94133,82.39872,90,0,222,,1,27.66331,26.78319,22.08222
1786074774,26.81315,82.34379,90,0,222,,1,27.62944,26.81705,22.01469
1786074775,26.94133,82.24307,90,0,221,,1,27.62944,26.78319,22.04836
1786074776,26.96803,82.31174,90,0,221,,1,27.69717,26.78319,22.08222
1786074776,26.99741,82.35294,90,0,221,,1,27.62944,26.74932,22.08222
1786074777,26.86923,82.16068,90,0,221,,1,27.66331,26.78319,22.08222
1786074778,26.8986,82.15915,90,0,221,,1,27.66331,26.78319,22.08222
1786074779,26.94133,82.20187,90,0,221,,1,27.69717,26.81705,21.94696
1786074779,26.94133,82.0676,90,0,221,,1,27.66331,26.68159,22.08222
1786074780,26.95468,82.10422,90,0,221,,1,27.66331,26.78319,22.04836
1786074781,26.91195,82.02792,90,0,221,,1,27.66331,26.78319,22.04836
1786074781,26.92798,81.9913,90,0,221,,1,27.69717,26.81705,22.01469
1786074782,26.99741,81.98062,90,0,221,,1,27.69717,26.78319,22.08222
1786074783,26.91195,82.06912,90,0,222,,1,27.73104,26.74932,22.08222
1786074783,26.88525,82.0737,90,0,222,,1,27.66331,26.78319,22.01469
1786074784,26.96803,81.86618,90,0,222,,1,27.69717,26.78319,22.08222
1786074785,26.92798,81.93942,90,0,222,,1,27.69717,26.85092,22.04836
1786074785,26.88525,81.88602,90,0,221,,1,27.69717,26.78319,22.01469
1786074786,26.88525,81.90738,90,0,221,,1,27.62944,26.81705,22.08222
1786074787,26.96803,81.91806,90,0,221,,1,27.66331,26.71565,22.01469
1786074787,26.96803,81.98215,90,0,221,,1,27.66331,26.71565,22.04836
1786074788,26.98405,81.89365,90,0,221,,1,27.62944,26.74932,22.01469
1786074789,26.95468,81.82193,90,0,221,,1,27.62944,26.74932,22.11589
1786074789,26.99741,81.93637,90,0,221,,1,27.62944,26.78319,22.11589
1786074790,26.92798,81.85703,90,0,221,,1,27.66331,26.78319,22.04836
1786074791,26.96803,81.88907,90,0,221,,1,27.66331,26.78319,22.08222
1786074791,26.88525,81.89822,90,0,221,,1,27.66331,26.85092,22.04836
1786074792,26.99741,81.93637,90,0,222,,1,27.66331,26.81705,22.04836
1786074793,26.92798,81.85703,90,0,221,,1,27.66331,26.78319,22.04836
1786074794,26.94133,81.88144,90,0,221,,1,27.62944,26.71565,22.01469
1786074794,26.8986,81.99435,90,0,222,,1,27.62944,26.78319,22.01469
1786074795,26.85588,81.98215,90,0,222,,1,27.69717,26.78319,22.08222
1786074795,26.94133,81.9852,90,0,222,,1,27.66331,26.74932,22.11589
1786074796,26.92798,82.0325,90,0,221,,1,27.69717,26.74932,21.94696
1786074797,26.96803,82.1561,90,0,221,,1,27.62944,26.78319,22.04836
1786074798,26.86923,82.16068,90,0,221,,1,27.62944,26.68159,22.08222
1786074798,26.82918,82.17288,90,0,221,,1,27.69717,26.74932,22.11589
1786074799,26.86923,82.24612,90,0,221,,1,27.66331,26.74932,22.01469
1786074800,26.94133,82.30564,90,0,221,,1,27.59557,26.78319,22.01469
1786074800,27.01076,82.22018,90,0,221,,1,27.66331,26.74932,22.08222
1786074801,26.94133,82.35752,90,0,221,,1,27.66331,26.78319,22.04836
1786074802,26.92798,82.43839,90,0,221,,1,27.66331,26.74932,22.08222
1786074802,27.01076,82.63523,90,0,222,,1,27.66331,26.71565,22.01469
1786074803,27.01076,83.0396,90,0,221,,1,27.62944,26.78319,22.01469
1786074804,27.04013,83.04875,90,0,221,,1,27.66331,26.68159,22.04836
1786074804,26.8986,83.19829,90,0,221,,1,27.66331,26.81705,22.14976
1786074805,26.95468,83.28222,90,0,221,,1,27.62944,26.74932,22.04836
1786074806,26.98405,83.29137,90,0,221,,1,27.66331,26.81705,21.98083
1786074806,26.92798,83.328,90,0,221,,1,27.73104,26.81705,22.01469
1786074807,26.94133,83.2166,90,0,221,,1,27.66331,26.74932,22.04836
1786074808,26.91195,83.30358,90,0,221,,1,27.62944,26.78319,22.08222
1786074808,26.88525,83.17235,90,0,221,,1,27.62944,26.85092,22.01469
1786074809,26.86923,83.15709,90,0,221,,1,27.62944,26.78319,22.01469
1786074810,26.86923,83.09453,90,0,221,,1,27.66331,26.81705,22.08222
1786074810,26.98405,83.05333,90,0,221,,1,27.62944,26.68159,22.08222
1786074811,26.91195,82.98314,90,0,221,,1,27.62944,26.71565,21.98083
1786074812,26.88525,82.77867,90,0,221,,1,27.69717,26.74932,22.08222
1786074812,26.78645,82.94804,90,0,221,,1,27.62944,26.78319,22.08222
1786074813,26.94133,82.88701,90,0,222,,1,27.66331,26.78319,22.04836
1786074814,26.92798,82.93431,90,0,221,,1,27.66331,26.74932,22.04836
1786074814,26.94133,82.7512,90,0,222,,1,27.66331,26.74932,22.14976
1786074815,26.95468,82.82903,90,0,221,,1,27.69717,26.74932,22.01469
1786074816,26.88525,82.74662,90,0,221,,1,27.66331,26.81705,22.08222
1786074817,26.88525,82.81987,90,0,221,,1,27.62944,26.78319,22.08222
1786074817,26.94133,82.7512,90,0,221,,1,27.62944,26.81705,22.11589
1786074818,26.94133,82.64896,90,0,221,,1,27.62944,26.74932,22.08222
1786074819,26.91195,82.50706,90,0,221,,1,27.66331,26.78319,22.08222
1786074819,26.99741,82.66422,90,0,221,,1,27.62944,26.78319,22.04836
1786074820,26.94133,82.47196,90,0,221,,1,27.66331,26.85092,22.11589
1786074821,26.85588,82.47959,90,0,221,,1,27.66331,26.71565,22.11589
1786074821,26.86923,82.28733,90,0,221,,1,27.69717,26.78319,22.04836
1786074822,26.94133,82.33768,90,0,221,,1,27.69717,26.74932,22.08222
1786074823,26.98405,82.34837,90,0,222,,1,27.62944,26.74932,22.11589
1786074823,26.86923,82.25681,90,0,221,,1,27.66331,26.78319,22.11589
1786074824,26.92798,82.20035,90,0,222,,1,27.62944,26.74932,22.01469
1786074825,26.91195,82.10117,90,0,221,,1,27.66331,26.74932,22.11589
1786074825,26.86923,81.9852,90,0,221,,1,27.66331,26.81705,21.94696
1786074826,26.86923,82.01724,90,0,221,,1,27.66331,26.74932,22.11589
1786074827,26.92798,82.00046,90,0,221,,1,27.66331,26.81705,22.04836
1786074827,26.94133,82.03555,90,0,221,,1,27.62944,26.74932,22.01469
1786074828,26.88525,81.83414,90,0,221,,1,27.69717,26.78319,22.01469
1786074829,26.92798,81.81583,90,0,221,,1,27.66331,26.74932,22.08222
1786074829,26.91195,81.8204,90,0,221,,1,27.69717,26.81705,21.98083
1786074830,26.98405,81.89365,90,0,221,,1,27.66331,26.78319,22.11589
1786074831,26.91195,81.89365,90,0,221,,1,27.66331,26.81705,22.08222
1786074831,26.92798,81.79446,90,0,221,,1,27.69717,26.78319,22.04836
1786074832,26.92798,81.81583,90,0,221,,1,27.62944,26.85092,22.08222
1786074833,26.98405,81.78836,90,0,221,,1,27.66331,26.78319,22.11589
1786074834,26.92798,81.74258,90,0,222,,1,27.69717,26.81705,22.04836
1786074834,26.96803,81.84482,90,0,221,,1,27.66331,26.78319,22.08222
1786074835,26.88525,81.68917,90,0,222,,1,27.66331,26.71565,22.04836
1786074836,26.8986,81.64187,90,0,221,,1,27.62944,26.71565,22.04836
1786074836,26.94133,81.78836,90,0,222,,1,27.69717,26.64792,22.11589
1786074837,26.91195,81.77005,90,0,221,,1,27.66331,26.81705,22.01469
1786074838,26.91195,81.68459,90,0,221,,1,27.69717,26.81705,22.01469
1786074838,26.88525,81.65713,90,0,221,,1,27.66331,26.74932,22.04836
1786074839,26.92798,81.68917,90,0,221,,1,27.62944,26.78319,22.08222
1786074840,26.86923,81.57015,90,0,221,,1,27.66331,26.74932,22.14976
1786074840,26.8986,81.61135,90,0,221,,1,27.66331,26.71565,22.04836
1786074841,26.91195,81.64645,90,0,221,,1,27.69717,26.81705,22.01469
1786074842,26.86923,81.59304,90,0,222,,1,27.62944,26.74932,21.98083
1786074842,26.82918,81.55032,90,0,222,,1,27.66331,26.74932,21.98083
1786074843,26.98405,81.67544,90,0,221,,1,27.59557,26.81705,22.08222
1786074844,26.88525,81.62814,90,0,222,,1,27.66331,26.68159,22.04836
1786074844,26.96803,81.57778,90,0,222,,1,27.69717,26.71565,22.01469
1786074845,26.88525,81.64797,90,0,222,,1,27.69717,26.78319,22.14976
1786074846,26.92798,81.48318,90,0,221,,1,27.66331,26.78319,22.04836
1786074846,27.04013,81.65713,90,0,221,,1,27.62944,26.68159,22.14976
1786074847,26.96803,81.72121,90,0,221,,1,27.62944,26.78319,22.08222
1786074848,26.95468,81.6144,90,0,221,,1,27.69717,26.81705,22.08222
1786074848,26.94133,81.52743,90,0,221,,1,27.66331,26.71565,22.04836
1786074849,26.96803,81.58694,90,0,221,,1,27.69717,26.74932,22.08222
1786074850,26.92798,81.63882,90,0,221,,1,27.66331,26.74932,22.04836
1786074850,27.04013,81.61593,90,0,221,,1,27.62944,26.88478,22.04836
1786074851,26.98405,81.63271,90,0,221,,1,27.66331,26.78319,22.04836
1786074852,27.01076,81.65102,90,0,221,,1,27.66331,26.81705,22.08222
1786074853,26.88525,81.49233,90,0,222,,1,27.62944,26.68159,22.08222
1786074853,26.94133,81.57015,90,0,221,,1,27.69717,26.81705,22.11589
1786074854,26.91195,81.58236,90,0,222,,1,27.66331,26.81705,22.08222
1786074855,26.96803,81.53353,90,0,221,,1,27.66331,26.74932,22.08222
1786074855,26.94133,81.54726,90,0,222,,1,27.66331,26.74932,22.01469
1786074856,26.98405,81.58236,90,0,221,,1,27.66331,26.71565,22.08222
1786074857,26.94133,81.55947,90,0,221,,1,27.62944,26.74932,22.04836
1786074857,26.99741,81.62508,90,0,221,,1,27.66331,26.81705,22.04836
1786074858,26.85588,81.46487,90,0,221,,1,27.62944,26.78319,22.04836
1786074859,26.84253,81.56405,90,0,221,,1,27.69717,26.74932,22.04836
1786074859,26.8986,81.51522,90,0,221,,1,27.69717,26.85092,22.04836
1786074860,26.95468,81.59304,90,0,221,,1,27.62944,26.74932,22.04836
1786074861,26.92798,81.54574,90,0,221,,1,27.66331,26.71565,22.04836
1786074861,26.94133,81.68307,90,0,221,,1,27.62944,26.78319,22.01469
1786074862,26.92798,81.59762,90,0,222,,1,27.69717,26.74932,22.08222
1786074863,26.98405,81.62356,90,0,222,,1,27.62944,26.74932,22.04836
1786074863,27.01076,81.60983,90,0,222,,1,27.66331,26.74932,22.04836
1786074864,27.02411,81.57015,90,0,222,,1,27.66331,26.81705,22.01469
1786074865,26.88525,81.55489,90,0,222,,1,27.69717,26.85092,22.04836
1786074865,27.02411,81.55032,90,0,221,,1,27.62944,26.78319,22.04836
1786074866,27.02411,81.55947,90,0,221,,1,27.69717,26.81705,22.08222
1786074867,26.94133,81.62051,90,0,221,,1,27.62944,26.71565,22.04836
1786074867,26.86923,81.55032,90,0,221,,1,27.62944,26.78319,22.08222
1786074868,27.10956,81.55184,90,0,221,,1,27.66331,26.78319,22.08222
1786074869,26.96803,81.57778,90,0,221,,1,27.69717,26.81705,22.01469
1786074869,26.82918,81.55032,90,0,221,,1,27.66331,26.78319,22.08222
1786074870,26.98405,81.48775,90,0,221,,1,27.69717,26.81705,22.11589
1786074871,26.99741,81.54269,90,0,221,,1,27.59557,26.74932,22.01469
1786074872,26.96803,81.68002,90,0,221,,1,27.69717,26.74932,22.11589
1786074872,26.92798,81.60677,90,0,222,,1,27.62944,26.78319,22.01469
1786074873,27.05348,81.79752,90,0,221,,1,27.66331,26.78319,22.01469
1786074874,26.8986,81.79752,90,0,221,,1,27.69717,26.74932,22.04836
1786074874,26.99741,81.89517,90,0,222,,1,27.62944,26.78319,22.11589
1786074875,26.91195,82.02792,90,0,222,,1,27.62944,26.74932,22.08222
1786074876,26.94133,82.0676,90,0,221,,1,27.66331,26.74932,22.01469
1786074876,26.96803,82.13779,90,0,221,,1,27.66331,26.81705,22.11589
1786074877,26.92798,82.22934,90,0,221,,1,27.69717,26.78319,22.08222
1786074878,26.91195,82.24765,90,0,221,,1,27.66331,26.74932,22.01469
1786074878,27.02411,82.21408,90,0,221,,1,27.69717,26.74932,22.08222
1786074879,26.98405,82.24612,90,0,221,,1,27.69717,26.85092,22.08222
1786074880,26.96803,82.356,90,0,221,,1,27.66331,26.74932,22.11589
1786074880,26.98405,82.28733,90,0,221,,1,27.62944,26.71565,21.98083
1786074881,27.02411,82.44297,90,0,221,,1,27.69717,26.81705,22.04836
1786074882,27.01076,82.42008,90,0,221,,1,27.69717,26.78319,22.08222
1786074882,27.01076,82.47044,90,0,222,,1,27.66331,26.74932,22.08222
1786074883,26.88525,82.33311,90,0,222,,1,27.66331,26.81705,22.08222
1786074884,26.94133,82.45213,90,0,222,,1,27.69717,26.71565,22.01469
1786074884,26.95468,82.45365,90,0,221,,1,27.66331,26.74932,22.04836
1786074885,26.98405,82.44297,90,0,222,,1,27.59557,26.74932,22.08222
1786074886,26.85588,82.50248,90,0,221,,1,27.62944,26.78319,22.11589
1786074886,27.04013,82.48875,90,0,221,,1,27.62944,26.78319,21.98083
1786074887,26.94133,82.52537,90,0,221,,1,27.66331,26.74932,22.08222
1786074888,26.99741,82.66422,90,0,221,,1,27.66331,26.81705,22.01469
1786074888,26.92798,82.54063,90,0,221,,1,27.62944,26.78319,22.08222
1786074889,26.94133,82.71,90,0,221,,1,27.69717,26.71565,22.04836
1786074890,26.94133,82.88701,90,0,221,,1,27.69717,26.71565,22.14976
1786074891,26.96803,82.77867,90,0,221,,1,27.62944,26.71565,22.08222
1786074891,26.91195,82.94194,90,0,221,,1,27.66331,26.88478,21.98083
1786074892,26.88525,83.06706,90,0,221,,1,27.62944,26.71565,22.01469
1786074893,26.98405,83.07469,90,0,222,,1,27.66331,26.74932,22.08222
1786074893,26.94133,83.03349,90,0,222,,1,27.69717,26.74932,21.98083
1786074894,26.99741,83.12047,90,0,222,,1,27.62944,26.74932,22.04836
1786074895,27.04013,83.20439,90,0,222,,1,27.62944,26.71565,22.08222
1786074895,27.06684,83.28222,90,0,221,,1,27.62944,26.85092,22.08222
1786074896,26.91195,83.17998,90,0,221,,1,27.69717,26.81705,22.04836
1786074897,26.92798,83.20439,90,0,221,,1,27.66331,26.78319,22.08222
1786074897,26.99741,83.21355,90,0,221,,1,27.66331,26.74932,22.01469
1786074898,26.96803,83.31884,90,0,221,,1,27.59557,26.78319,22.01469
1786074899,26.95468,83.08537,90,0,221,,1,27.66331,26.74932,22.04836
1786074899,26.88525,83.16167,90,0,221,,1,27.66331,26.78319,22.08222
1786074900,26.95468,83.03502,90,0,221,,1,27.62944,26.78319,22.11589
1786074901,26.96803,83.07011,90,0,221,,1,27.69717,26.71565,22.11589
1786074901,27.02411,83.03349,90,0,221,,1,27.66331,26.74932,22.04836
1786074902,27.01076,82.916,90,0,221,,1,27.69717,26.78319,22.04836
1786074903,26.94133,82.90685,90,0,221,,1,27.69717,26.81705,22.08222
1786074903,26.8986,82.93736,90,0,221,,1,27.66331,26.71565,22.08222
1786074904,26.99741,82.78783,90,0,222,,1,27.66331,26.71565,22.08222
1786074905,26.95468,82.92058,90,0,222,,1,27.62944,26.74932,22.08222
1786074905,27.02411,82.87785,90,0,221,,1,27.66331,26.78319,22.04836
1786074906,26.99741,83.01671,90,0,221,,1,27.66331,26.74932,22.04836
1786074907,26.95468,83.00603,90,0,221,,1,27.62944,26.74932,22.08222
1786074907,26.88525,83.08842,90,0,221,,1,27.66331,26.71565,22.04836
1786074908,26.95468,82.98314,90,0,221,,1,27.62944,26.78319,22.04836
1786074909,26.96803,83.06096,90,0,221,,1,27.62944,26.74932,22.01469
1786074910,26.92798,83.09911,90,0,221,,1,27.62944,26.81705,22.11589
1786074910,26.88525,83.1815,90,0,221,,1,27.69717,26.78319,22.04836
1786074911,26.95468,83.17082,90,0,221,,1,27.69717,26.78319,22.04836
1786074912,26.94133,83.12505,90,0,221,,1,27.69717,26.74932,22.04836
1786074912,26.96803,83.19524,90,0,222,,1,27.69717,26.71565,22.04836
1786074913,26.95468,83.11742,90,0,222,,1,27.62944,26.74932,22.01469
1786074914,26.98405,82.91905,90,0,222,,1,27.66331,26.71565,22.04836
1786074914,26.86923,83.01213,90,0,221,,1,27.62944,26.78319,22.04836
1786074915,27.04013,82.85191,90,0,221,,1,27.69717,26.74932,22.08222
1786074916,26.92798,82.99687,90,0,221,,1,27.66331,26.78319,22.01469
1786074916,26.98405,82.76341,90,0,221,,1,27.66331,26.74932,21.98083
1786074917,26.94133,82.98009,90,0,221,,1,27.66331,26.78319,22.08222
1786074918,26.99741,82.85039,90,0,221,,1,27.62944,26.74932,22.04836
1786074918,26.98405,82.89769,90,0,221,,1,27.69717,26.71565,22.04836
1786074919,26.92798,82.75883,90,0,221,,1,27.62944,26.74932,22.01469
1786074920,26.96803,82.81071,90,0,221,,1,27.62944,26.85092,21.98083
1786074920,26.88525,82.71763,90,0,221,,1,27.62944,26.74932,21.98083
1786074921,26.96803,82.55283,90,0,221,,1,27.69717,26.68159,22.04836
1786074922,26.94133,82.7924,90,0,221,,1,27.66331,26.74932,21.98083
1786074922,26.98405,82.57725,90,0,222,,1,27.69717,26.74932,22.04836
1786074923,26.95468,82.55894,90,0,222,,1,27.62944,26.71565,22.08222
1786074924,26.8986,82.49027,90,0,221,,1,27.66331,26.71565,22.01469
1786074924,26.84253,82.39414,90,0,222,,1,27.62944,26.81705,22.01469
1786074925,26.91195,82.47501,90,0,221,,1,27.66331,26.71565,22.08222
1786074926,26.92798,82.29191,90,0,221,,1,27.66331,26.85092,22.01469
1786074926,26.95468,82.25986,90,0,221,,1,27.69717,26.71565,22.01469
1786074927,26.96803,82.26139,90,0,221,,1,27.62944,26.81705,22.01469
1786074928,26.85588,82.356,90,0,221,,1,27.69717,26.78319,22.11589
1786074929,26.94133,82.42161,90,0,221,,1,27.62944,26.74932,22.08222
1786074929,26.95468,82.38346,90,0,221,,1,27.59557,26.78319,22.01469
1786074930,26.98405,82.45365,90,0,221,,1,27.66331,26.78319,22.01469
1786074931,26.8986,82.39872,90,0,221,,1,27.59557,26.81705,22.01469
1786074931,26.8986,82.56657,90,0,221,,1,27.62944,26.81705,22.08222
1786074932,26.8986,82.57572,90,0,221,,1,27.62944,26.81705,22.08222
1786074933,26.92798,82.74052,90,0,222,,1,27.66331,26.71565,22.04836
1786074933,27.02411,82.75426,90,0,221,,1,27.66331,26.74932,22.08222
1786074934,26.96803,82.77867,90,0,222,,1,27.62944,26.71565,22.08222
1786074935,26.88525,82.76799,90,0,221,,1,27.69717,26.74932,22.04836
1786074935,26.8986,82.916,90,0,221,,1,27.69717,26.78319,22.04836
1786074936,26.88525,82.94347,90,0,221,,1,27.66331,26.74932,22.08222
1786074937,26.96803,83.06096,90,0,221,,1,27.62944,26.74932,22.01469
1786074937,26.95468,83.01518,90,0,221,,1,27.69717,26.71565,22.04836
1786074938,26.95468,83.02586,90,0,221,,1,27.66331,26.74932,22.01469
1786074939,26.91195,82.9511,90,0,221,,1,27.69717,26.71565,22.08222
1786074939,26.99741,83.12047,90,0,221,,1,27.62944,26.71565,22.04836
1786074940,26.95468,83.03502,90,0,221,,1,27.66331,26.81705,22.08222
1786074941,26.8986,83.0106,90,0,221,,1,27.66331,26.81705,22.08222
1786074941,26.92798,83.15251,90,0,221,,1,27.66331,26.78319,22.04836
1786074942,26.94133,83.06248,90,0,221,,1,27.59557,26.78319,22.04836
1786074943,27.01076,82.916,90,0,221,,1,27.66331,26.78319,22.11589
1786074943,26.88525,83.04723,90,0,222,,1,27.59557,26.78319,22.08222
1786074944,26.8986,83.02129,90,0,222,,1,27.62944,26.78319,22.08222
1786074945,26.98405,83.13573,90,0,222,,1,27.66331,26.74932,22.01469
1786074945,27.06684,83.14793,90,0,221,,1,27.62944,26.68159,22.08222
1786074946,26.95468,83.28222,90,0,221,,1,27.59557,26.68159,22.04836
1786074947,26.95468,83.45922,90,0,221,,1,27.62944,26.74932,22.08222
1786074948,26.99741,83.3875,90,0,221,,1,27.69717,26.74932,22.04836
1786074948,26.88525,83.37835,90,0,221,,1,27.69717,26.68159,22.04836
1786074949,26.94133,83.34173,90,0,221,,1,27.62944,26.78319,22.08222
1786074950,26.92798,83.26696,90,0,221,,1,27.69717,26.78319,22.01469
1786074950,26.92798,83.24559,90,0,221,,1,27.66331,26.78319,22.01469
1786074951,27.01076,83.14336,90,0,221,,1,27.62944,26.74932,22.11589
1786074952,26.98405,83.06554,90,0,221,,1,27.69717,26.74932,22.11589
1786074952,27.02411,82.98009,90,0,222,,1,27.66331,26.81705,21.98083
1786074953,26.91195,83.01518,90,0,222,,1,27.66331,26.78319,21.98083
1786074954,26.96803,82.80003,90,0,222,,1,27.66331,26.81705,22.01469
1786074954,26.92798,82.95567,90,0,222,,1,27.66331,26.71565,22.08222
1786074955,26.96803,82.75883,90,0,222,,1,27.62944,26.78319,22.04836
1786074956,26.94133,82.76341,90,0,221,,1,27.62944,26.71565,22.11589
1786074956,26.99741,82.66422,90,0,221,,1,27.69717,26.85092,22.04836
1786074957,26.88525,82.60319,90,0,221,,1,27.66331,26.71565,22.14976
1786074958,27.01076,82.55283,90,0,221,,1,27.66331,26.71565,22.04836
1786074958,26.91195,82.50706,90,0,221,,1,27.59557,26.85092,22.04836
1786074959,26.98405,82.53605,90,0,221,,1,27.69717,26.71565,22.04836
1786074960,26.88525,82.39414,90,0,221,,1,27.66331,26.78319,22.08222
1786074960,26.8986,82.35752,90,0,221,,1,27.62944,26.68159,22.04836
1786074961,26.91195,82.21561,90,0,221,,1,27.69717,26.78319,22.11589
1786074962,26.95468,82.33006,90,0,221,,1,27.62944,26.85092,22.04836
1786074962,26.94133,82.19272,90,0,222,,1,27.59557,26.68159,21.98083
1786074963,26.91195,81.93637,90,0,222,,1,27.66331,26.71565,22.08222
1786074964,26.94133,82.16983,90,0,222,,1,27.62944,26.71565,22.08222
1786074964,26.8986,82.01419,90,0,222,,1,27.69717,26.78319,22.08222
1786074965,26.84253,82.09506,90,0,221,,1,27.66331,26.74932,22.01469
1786074966,26.96803,82.00046,90,0,221,,1,27.69717,26.81705,21.98083
1786074967,26.88525,81.96841,90,0,221,,1,27.62944,26.78319,22.04836
1786074967,26.92798,81.86618,90,0,221,,1,27.69717,26.81705,22.01469
1786074968,26.94133,81.9852,90,0,221,,1,27.69717,26.74932,22.08222
1786074969,26.95468,81.85245,90,0,221,,1,27.66331,26.74932,22.01469
1786074969,26.88525,81.68917,90,0,221,,1,27.69717,26.68159,22.04836
1786074970,26.96803,81.79446,90,0,221,,1,27.62944,26.71565,22.01469
1786074971,26.88525,81.84482,90,0,221,,1,27.69717,26.74932,21.98083
1786074971,26.92798,81.84482,90,0,221,,1,27.66331,26.71565,22.11589
1786074972,26.95468,81.91653,90,0,221,,1,27.66331,26.81705,22.08222
1786074973,27.01076,82.04471,90,0,222,,1,27.69717,26.81705,22.08222
1786074973,26.91195,82.12253,90,0,222,,1,27.62944,26.68159,22.11589
1786074974,26.99741,82.25986,90,0,222,,1,27.69717,26.85092,22.04836
1786074975,26.95468,82.28886,90,0,222,,1,27.66331,26.74932,21.98083
1786074975,26.88525,82.2507,90,0,221,,1,27.66331,26.78319,21.98083
1786074976,26.88525,82.35294,90,0,221,,1,27.69717,26.74932,22.04836
1786074977,26.98405,82.42161,90,0,221,,1,27.66331,26.78319,22.08222
1786074977,26.92798,82.53147,90,0,221,,1,27.62944,26.74932,22.04836
1786074978,26.8986,82.60471,90,0,221,,1,27.66331,26.74932,22.08222
1786074979,26.98405,82.5452,90,0,221,,1,27.69717,26.71565,22.08222
1786074979,26.92798,82.61387,90,0,221,,1,27.66331,26.68159,22.01469
1786074980,26.84253,82.4567,90,0,221,,1,27.69717,26.74932,22.01469
1786074981,26.95468,82.50706,90,0,221,,1,27.66331,26.78319,22.08222
1786074981,26.95468,82.42466,90,0,221,,1,27.69717,26.78319,22.01469
1786074982,26.91195,82.45365,90,0,221,,1,27.69717,26.68159,22.08222
1786074983,27.04013,82.45823,90,0,222,,1,27.62944,26.74932,22.08222
1786074984,26.92798,82.53147,90,0,221,,1,27.62944,26.81705,21.98083
1786074984,26.8986,82.50248,90,0,221,,1,27.66331,26.74932,22.01469
1786074985,26.92798,82.49943,90,0,221,,1,27.69717,26.78319,22.04836
1786074986,26.94133,82.39872,90,0,221,,1,27.62944,26.74932,22.11589
1786074986,26.86923,82.33921,90,0,221,,1,27.62944,26.78319,22.08222
1786074987,26.92798,82.12711,90,0,221,,1,27.62944,26.71565,21.98083
1786074988,26.88525,82.23849,90,0,221,,1,27.62944,26.78319,21.98083
1786074988,26.99741,82.15457,90,0,221,,1,27.62944,26.74932,22.01469
1786074989,26.88525,82.13626,90,0,221,,1,27.66331,26.78319,22.01469
1786074990,26.96803,81.93027,90,0,221,,1,27.62944,26.85092,22.01469
1786074990,26.86923,82.02792,90,0,221,,1,27.69717,26.81705,22.04836
1786074991,26.85588,82.02335,90,0,221,,1,27.66331,26.71565,22.04836
1786074992,26.86923,82.16068,90,0,221,,1,27.69717,26.71565,22.08222
1786074992,26.96803,82.26139,90,0,222,,1,27.69717,26.78319,22.11589
1786074993,26.96803,82.33311,90,0,222,,1,27.66331,26.74932,22.01469
1786074994,26.98405,82.58945,90,0,221,,1,27.69717,26.74932,22.04836
1786074994,26.92798,82.47959,90,0,222,,1,27.66331,26.78319,21.87943
1786074995,26.8986,82.56657,90,0,222,,1,27.69717,26.78319,22.08222
1786074996,26.98405,82.55741,90,0,221,,1,27.66331,26.74932,22.08222
1786074996,26.95468,82.6215,90,0,221,,1,27.62944,26.74932,22.08222
1786074997,26.94133,82.52537,90,0,221,,1,27.62944,26.74932,21.94696
1786074998,26.88525,82.61234,90,0,221,,1,27.73104,26.81705,22.08222
1786074998,26.88525,82.52995,90,0,221,,1,27.66331,26.68159,22.04836
1786074999,26.98405,82.61845,90,0,221,,1,27.66331,26.78319,22.11589
1786075000,26.91195,82.53605,90,0,221,,1,27.69717,26.68159,22.04836
1786075000,26.94133,82.57725,90,0,221,,1,27.69717,26.74932,22.11589
1786075001,26.91195,82.60929,90,0,221,,1,27.66331,26.78319,22.01469
1786075002,26.85588,82.55436,90,0,221,,1,27.66331,26.71565,22.01469
1786075003,26.88525,82.63218,90,0,222,,1,27.69717,26.78319,22.11589
1786075003,26.96803,82.63523,90,0,222,,1,27.69717,26.71565,22.08222
1786075004,26.88525,82.63218,90,0,221,,1,27.66331,26.64792,22.04836
1786075005,26.94133,82.64896,90,0,221,,1,27.69717,26.78319,22.04836
1786075005,27.02411,82.77409,90,0,221,,1,27.62944,26.81705,22.04836
1786075006,26.8986,82.916,90,0,221,,1,27.66331,26.74932,22.04836
1786075007,26.88525,82.80003,90,0,221,,1,27.59557,26.71565,21.98083
1786075007,26.95468,83.03502,90,0,221,,1,27.66331,26.74932,22.04836
1786075008,26.99741,82.89159,90,0,221,,1,27.62944,26.74932,21.98083
1786075009,26.95468,82.92058,90,0,221,,1,27.62944,26.74932,22.08222
1786075009,26.94133,82.94804,90,0,221,,1,27.66331,26.71565,22.08222
1786075010,26.91195,83.01518,90,0,221,,1,27.66331,26.74932,22.01469
1786075011,26.81315,82.92516,90,0,221,,1,27.69717,26.74932,22.04836
1786075011,26.98405,82.9511,90,0,221,,1,27.66331,26.74932,22.11589
1786075012,26.88525,82.75883,90,0,222,,1,27.69717,26.74932,22.04836
1786075013,26.99741,82.80919,90,0,221,,1,27.69717,26.85092,22.08222
1786075013,26.96803,82.92516,90,0,222,,1,27.62944,26.78319,22.08222
1786075014,26.88525,82.74662,90,0,222,,1,27.69717,26.85092,22.08222
1786075015,26.92798,82.76952,90,0,222,,1,27.66331,26.78319,22.01469
1786075015,26.88525,82.74662,90,0,221,,1,27.62944,26.81705,22.14976
1786075016,26.92798,82.63523,90,0,221,,1,27.62944,26.85092,22.11589
1786075017,26.86923,82.72373,90,0,221,,1,27.66331,26.78319,21.98083
1786075017,26.98405,82.58945,90,0,221,,1,27.66331,26.78319,22.08222
1786075018,26.85588,82.57267,90,0,221,,1,27.62944,26.78319,22.08222
1786075019,26.8986,82.54368,90,0,221,,1,27.59557,26.78319,22.01469
1786075019,26.85588,82.47959,90,0,221,,1,27.69717,26.78319,22.04836
1786075020,26.92798,82.58488,90,0,221,,1,27.66331,26.78319,22.11589
1786075021,26.92798,82.49943,90,0,221,,1,27.66331,26.74932,22.08222
1786075022,26.91195,82.59861,90,0,221,,1,27.66331,26.81705,22.04836
1786075022,26.95468,82.48569,90,0,222,,1,27.62944,26.78319,22.11589
1786075023,26.88525,82.50858,90,0,222,,1,27.56171,26.78319,22.11589
1786075024,26.91195,82.37125,90,0,221,,1,27.62944,26.71565,22.01469
1786075024,26.81315,82.31174,90,0,222,,1,27.66331,26.78319,22.04836
1786075025,26.91195,82.33006,90,0,221,,1,27.62944,26.74932,21.98083
1786075026,26.86923,82.21408,90,0,221,,1,27.62944,26.71565,22.01469
1786075026,26.96803,82.28275,90,0,221,,1,27.66331,26.68159,22.11589
1786075027,26.8986,82.26444,90,0,221,,1,27.69717,26.74932,22.08222
1786075028,26.92798,82.12711,90,0,221,,1,27.66331,26.68159,22.11589
1786075028,26.94133,82.05844,90,0,221,,1,27.66331,26.78319,21.98083
1786075029,27.01076,82.20035,90,0,221,,1,27.62944,26.78319,22.04836
1786075030,26.96803,82.1561,90,0,221,,1,27.62944,26.81705,22.04836
1786075030,26.99741,82.01877,90,0,221,,1,27.62944,26.68159,22.04836
1786075031,26.88525,81.98978,90,0,221,,1,27.62944,26.68159,22.04836
1786075032,26.8986,81.87991,90,0,221,,1,27.62944,26.74932,22.04836
1786075032,26.85588,81.82651,90,0,222,,1,27.56171,26.78319,22.04836
1786075033,26.86923,81.77921,90,0,221,,1,27.66331,26.78319,22.08222
1786075034,26.96803,81.87686,90,0,222,,1,27.69717,26.74932,22.01469
1786075034,26.96803,81.84482,90,0,222,,1,27.69717,26.68159,22.04836
1786075035,26.8986,81.71511,90,0,221,,1,27.62944,26.74932,22.04836
1786075036,26.91195,81.72884,90,0,221,,1,27.62944,26.74932,22.01469
1786075036,26.86923,81.75784,90,0,221,,1,27.69717,26.85092,22.01469
1786075037,26.88525,81.63882,90,0,221,,1,27.62944,26.78319,22.04836
1786075038,26.8986,81.72427,90,0,221,,1,27.69717,26.71565,22.01469
1786075038,26.92798,81.60677,90,0,221,,1,27.69717,26.78319,22.01469
1786075039,26.91195,81.64645,90,0,221,,1,27.62944,26.81705,22.01469
1786075040,26.94133,81.57015,90,0,221,,1,27.66331,26.71565,22.04836
1786075041,26.92798,81.73342,90,0,221,,1,27.59557,26.78319,22.04836
1786075041,26.95468,81.68764,90,0,221,,1,27.69717,26.71565,22.01469
1786075042,26.94133,81.59151,90,0,221,,1,27.69717,26.78319,22.08222
1786075043,26.95468,81.73952,90,0,222,,1,27.66331,26.78319,22.11589
1786075043,26.95468,81.65713,90,0,221,,1,27.62944,26.74932,22.04836
1786075044,27.05348,81.67391,90,0,222,,1,27.62944,26.81705,22.04836
1786075045,26.99741,81.59609,90,0,221,,1,27.62944,26.74932,22.08222
1786075045,26.88525,81.64797,90,0,221,,1,27.69717,26.78319,22.04836
1786075046,26.98405,81.58236,90,0,221,,1,27.69717,26.81705,22.11589
1786075047,26.88525,81.67849,90,0,221,,1,27.59557,26.81705,22.04836
1786075047,26.92798,81.59762,90,0,221,,1,27.56171,26.78319,22.04836
1786075048,26.8986,81.52743,90,0,221,,1,27.66331,26.78319,22.01469
1786075049,26.92798,81.57778,90,0,221,,1,27.66331,26.71565,21.98083
1786075049,26.92798,81.60677,90,0,221,,1,27.66331,26.78319,22.04836
1786075050,26.8986,81.61135,90,0,221,,1,27.66331,26.78319,22.01469
1786075051,26.85588,81.49538,90,0,221,,1,27.69717,26.74932,22.08222
1786075051,26.88525,81.55489,90,0,221,,1,27.62944,26.85092,22.08222
1786075052,26.96803,81.54574,90,0,221,,1,27.62944,26.71565,22.08222
1786075053,26.96803,81.56557,90,0,222,,1,27.66331,26.85092,22.01469
1786075053,26.98405,81.6022,90,0,221,,1,27.69717,26.68159,22.04836
1786075054,26.91195,81.63424,90,0,221,,1,27.62944,26.78319,22.04836
1786075055,26.95468,81.62508,90,0,222,,1,27.66331,26.85092,22.08222
1786075055,26.98405,81.63271,90,0,221,,1,27.66331,26.85092,22.08222
1786075056,26.8986,81.53658,90,0,221,,1,27.66331,26.74932,22.04836
1786075057,26.82918,81.63424,90,0,221,,1,27.66331,26.71565,21.98083
1786075057,26.95468,81.58389,90,0,221,,1,27.62944,26.71565,22.04836
1786075058,26.98405,81.66476,90,0,221,,1,27.62944,26.78319,22.01469
1786075059,26.84253,81.57473,90,0,221,,1,27.66331,26.78319,22.04836
1786075060,26.94133,81.53811,90,0,221,,1,27.66331,26.78319,22.04836
1786075060,26.94133,81.55947,90,0,221,,1,27.62944,26.71565,22.08222
1786075061,26.8986,81.62051,90,0,221,,1,27.66331,26.78319,22.01469
1786075062,26.94133,81.54726,90,0,221,,1,27.62944,26.81705,22.01469
1786075062,26.88525,81.55489,90,0,222,,1,27.62944,26.71565,22.01469
1786075063,26.95468,81.6144,90,0,221,,1,27.69717,26.71565,22.04836
1786075064,26.95468,81.55184,90,0,221,,1,27.66331,26.78319,22.04836
1786075064,26.8986,81.44503,90,0,222,,1,27.66331,26.78319,22.04836
1786075065,26.91195,81.45876,90,0,222,,1,27.69717,26.78319,22.08222
1786075066,26.91195,81.4374,90,0,221,,1,27.62944,26.74932,22.01469
1786075066,26.99741,81.48165,90,0,221,,1,27.69717,26.74932,22.04836
1786075067,26.91195,81.42672,90,0,221,,1,27.62944,26.74932,22.08222
1786075068,26.94133,81.43587,90,0,221,,1,27.66331,26.74932,22.08222
1786075068,26.99741,81.41756,90,0,221,,1,27.66331,26.81705,22.08222
1786075069,26.92798,81.39925,90,0,221,,1,27.62944,26.74932,22.11589
1786075070,26.92798,81.52438,90,0,221,,1,27.69717,26.74932,22.01469
1786075070,26.96803,81.4313,90,0,221,,1,27.66331,26.81705,21.98083
1786075071,27.01076,81.50607,90,0,221,,1,27.69717,26.81705,22.01469
1786075072,27.04013,81.37789,90,0,221,,1,27.69717,26.74932,22.01469
1786075072,26.8986,81.48623,90,0,222,,1,27.66331,26.74932,22.04836
1786075073,26.96803,81.50454,90,0,221,,1,27.66331,26.74932,22.08222
1786075074,26.88525,81.38705,90,0,221,,1,27.62944,26.81705,22.01469
1786075074,26.91195,81.44656,90,0,222,,1,27.66331,26.74932,22.04836
1786075075,26.88525,81.34585,90,0,221,,1,27.69717,26.68159,22.04836
1786075076,26.88525,81.4725,90,0,221,,1,27.62944,26.85092,22.04836
1786075076,26.99741,81.49233,90,0,221,,1,27.62944,26.91865,22.11589
1786075077,26.95468,81.40841,90,0,221,,1,27.66331,26.74932,22.08222
1786075078,26.98405,81.47707,90,0,221,,1,27.66331,26.78319,22.08222
1786075079,26.94133,81.39162,90,0,221,,1,27.66331,26.78319,22.04836
1786075079,26.91195,81.3962,90,0,221,,1,27.62944,26.81705,22.01469
1786075080,26.94133,81.38247,90,0,221,,1,27.66331,26.74932,22.04836
1786075081,26.88525,81.38705,90,0,221,,1,27.62944,26.74932,22.04836
1786075081,26.95468,81.3962,90,0,221,,1,27.62944,26.78319,22.08222
1786075082,26.98405,81.38247,90,0,221,,1,27.66331,26.74932,22.08222
1786075083,26.96803,81.48318,90,0,221,,1,27.69717,26.78319,22.08222
1786075083,26.96803,81.51522,90,0,221,,1,27.66331,26.68159,22.04836
1786075084,26.96803,81.3901,90,0,221,,1,27.66331,26.81705,22.08222
1786075085,26.91195,81.37331,90,0,222,,1,27.66331,26.81705,22.04836
1786075085,26.91195,81.42672,90,0,221,,1,27.69717,26.64792,22.04836
1786075086,26.91195,81.49996,90,0,221,,1,27.66331,26.68159,22.01469
1786075087,26.95468,81.34585,90,0,221,,1,27.66331,26.74932,22.01469
1786075087,26.96803,81.47402,90,0,221,,1,27.62944,26.68159,22.08222
1786075088,26.94133,81.43587,90,0,221,,1,27.66331,26.78319,22.01469
1786075089,26.91195,81.49996,90,0,221,,1,27.66331,26.81705,21.98083
1786075089,26.94133,81.37179,90,0,221,,1,27.62944,26.74932,22.04836
1786075090,27.04013,81.44045,90,0,221,,1,27.69717,26.71565,22.14976
1786075091,26.96803,81.44198,90,0,221,,1,27.66331,26.78319,22.01469
1786075091,26.91195,81.3962,90,0,221,,1,27.66331,26.71565,22.04836
1786075092,26.98405,81.43587,90,0,222,,1,27.62944,26.78319,22.01469
1786075093,26.99741,81.35806,90,0,222,,1,27.59557,26.78319,22.01469
1786075093,27.01076,81.40993,90,0,221,,1,27.69717,26.74932,22.08222
1786075094,26.96803,81.49538,90,0,222,,1,27.66331,26.71565,22.11589
1786075095,26.92798,81.4313,90,0,222,,1,27.69717,26.78319,22.01469
1786075095,26.99741,81.46944,90,0,221,,1,27.66331,26.85092,22.04836
1786075096,27.02411,81.49996,90,0,221,,1,27.69717,26.71565,21.98083
1786075097,26.95468,81.51064,90,0,221,,1,27.59557,26.74932,22.11589
1786075098,26.8986,81.47707,90,0,221,,1,27.66331,26.71565,22.04836
1786075098,26.88525,81.40993,90,0,221,,1,27.62944,26.68159,22.01469
1786075099,27.02411,81.48775,90,0,221,,1,27.62944,26.74932,22.08222
1786075100,26.94133,81.44503,90,0,221,,1,27.62944,26.81705,22.04836
1786075100,26.92798,81.56557,90,0,221,,1,27.66331,26.78319,22.08222
1786075101,26.91195,81.54116,90,0,221,,1,27.69717,26.78319,22.11589
1786075102,26.95468,81.59304,90,0,221,,1,27.69717,26.78319,22.01469
1786075102,26.95468,81.67544,90,0,222,,1,27.59557,26.71565,22.11589
1786075103,26.99741,81.88449,90,0,222,,1,27.62944,26.74932,22.08222
1786075104,26.98405,81.89365,90,0,222,,1,27.62944,26.78319,22.04836
1786075104,26.99741,81.84329,90,0,221,,1,27.66331,26.64792,22.08222
1786075105,26.95468,82.17441,90,0,222,,1,27.62944,26.81705,22.11589
1786075106,26.98405,82.13168,90,0,221,,1,27.62944,26.78319,22.04836
1786075106,26.98405,82.14236,90,0,221,,1,27.62944,26.74932,22.08222
1786075107,27.04013,82.1973,90,0,221,,1,27.59557,26.74932,22.01469
1786075108,26.84253,82.21866,90,0,221,,1,27.66331,26.74932,22.04836
1786075108,26.92798,82.1683,90,0,221,,1,27.66331,26.78319,22.01469
1786075109,26.98405,82.33768,90,0,221,,1,27.62944,26.71565,22.08222
1786075110,27.05348,82.17899,90,0,221,,1,27.62944,26.74932,22.08222
1786075110,26.86923,82.17288,90,0,221,,1,27.62944,26.74932,22.08222
1786075111,26.94133,82.07828,90,0,221,,1,27.69717,26.78319,22.08222
1786075112,26.96803,82.11795,90,0,221,,1,27.66331,26.74932,22.04836
1786075113,26.95468,82.15457,90,0,222,,1,27.69717,26.81705,21.98083
1786075113,26.88525,82.17746,90,0,221,,1,27.59557,26.85092,22.08222
1786075114,26.98405,82.09048,90,0,221,,1,27.69717,26.74932,22.08222
1786075115,26.94133,82.0264,90,0,222,,1,27.59557,26.74932,22.04836
1786075115,26.86923,82.00809,90,0,221,,1,27.66331,26.78319,22.04836
1786075116,27.05348,82.07675,90,0,221,,1,27.62944,26.78319,22.01469
1786075117,26.96803,81.94095,90,0,221,,1,27.62944,26.71565,22.01469
1786075117,26.8986,81.944,90,0,221,,1,27.66331,26.71565,22.01469
1786075118,26.92798,82.02182,90,0,221,,1,27.69717,26.74932,22.04836
1786075119,26.96803,82.00046,90,0,221,,1,27.62944,26.78319,21.9133
1786075119,26.92798,82.02182,90,0,221,,1,27.62944,26.74932,22.04836
1786075120,26.94133,81.99435,90,0,221,,1,27.66331,26.78319,22.08222
1786075121,26.98405,82.05844,90,0,221,,1,27.62944,26.78319,22.04836
1786075121,26.92798,82.14694,90,0,221,,1,27.62944,26.74932,22.04836
1786075122,26.99741,82.24765,90,0,221,,1,27.66331,26.74932,22.14976
1786075123,26.99741,82.44755,90,0,221,,1,27.62944,26.78319,22.04836
1786075123,26.88525,82.40635,90,0,221,,1,27.73104,26.71565,22.04836
1786075124,26.96803,82.64439,90,0,222,,1,27.66331,26.78319,21.94696
1786075125,26.95468,82.60929,90,0,221,,1,27.69717,26.68159,22.08222
1786075125,26.8986,82.58488,90,0,221,,1,27.69717,26.78319,22.01469
1786075126,27.06684,82.67185,90,0,221,,1,27.66331,26.68159,22.01469
1786075127,26.98405,82.78325,90,0,221,,1,27.69717,26.74932,22.04836
1786075127,26.95468,82.83818,90,0,221,,1,27.62944,26.71565,22.04836
1786075128,26.92798,82.85191,90,0,221,,1,27.66331,26.74932,22.11589
1786075129,26.96803,82.98772,90,0,221,,1,27.69717,26.78319,22.04836
1786075129,26.98405,83.05333,90,0,221,,1,27.66331,26.78319,22.04836
1786075130,26.91195,82.94194,90,0,221,,1,27.66331,26.74932,21.98083
1786075131,26.99741,83.17082,90,0,221,,1,27.62944,26.78319,22.01469
1786075131,27.01076,83.18608,90,0,221,,1,27.62944,26.78319,22.04836
1786075132,26.98405,83.03349,90,0,222,,1,27.62944,26.71565,22.11589
1786075133,26.99741,83.12047,90,0,222,,1,27.66331,26.78319,22.04836
1786075134,27.06684,83.02434,90,0,221,,1,27.69717,26.81705,22.04836
1786075134,26.96803,83.15251,90,0,222,,1,27.66331,26.78319,22.04836
1786075135,26.92798,83.01976,90,0,222,,1,27.66331,26.78319,22.08222
1786075136,27.08286,83.06096,90,0,221,,1,27.66331,26.81705,22.08222
1786075136,26.98405,83.01213,90,0,221,,1,27.66331,26.71565,22.01469
1786075137,26.94133,82.98009,90,0,221,,1,27.66331,26.68159,22.11589
1786075138,26.94133,82.98009,90,0,221,,1,27.66331,26.68159,21.98083
1786075138,26.94133,82.87785,90,0,221,,1,27.66331,26.74932,21.98083
1786075139,26.91195,82.8687,90,0,221,,1,27.66331,26.74932,22.04836
1786075140,26.84253,82.78783,90,0,221,,1,27.62944,26.74932,22.04836
1786075140,26.92798,82.74052,90,0,221,,1,27.66331,26.78319,22.04836
1786075141,26.94133,82.82445,90,0,221,,1,27.62944,26.85092,22.04836
1786075142,26.91195,82.7863,90,0,221,,1,27.66331,26.81705,22.04836
1786075142,26.95468,82.73594,90,0,222,,1,27.66331,26.71565,22.01469
1786075143,26.95468,82.63065,90,0,222,,1,27.66331,26.74932,22.04836
1786075144,26.98405,82.69169,90,0,222,,1,27.62944,26.78319,22.04836
1786075144,26.96803,82.63523,90,0,222,,1,27.69717,26.74932,22.08222
1786075145,26.86923,82.60777,90,0,222,,1,27.62944,26.68159,22.11589
1786075146,26.88525,82.48875,90,0,221,,1,27.62944,26.81705,22.11589
1786075146,27.04013,82.4155,90,0,221,,1,27.66331,26.74932,22.04836
1786075147,27.04013,82.43839,90,0,221,,1,27.59557,26.74932,22.04836
1786075148,26.94133,82.46128,90,0,221,,1,27.66331,26.78319,22.04836
1786075148,26.92798,82.34379,90,0,221,,1,27.66331,26.81705,22.08222
1786075149,26.95468,82.31022,90,0,221,,1,27.69717,26.71565,22.08222
1786075150,26.95468,82.28886,90,0,221,,1,27.66331,26.81705,22.11589
1786075150,26.94133,82.33768,90,0,221,,1,27.66331,26.78319,22.08222
1786075151,26.92798,82.20035,90,0,221,,1,27.69717,26.68159,22.08222
1786075152,26.8986,82.34684,90,0,221,,1,27.66331,26.81705,22.01469
1786075153,26.95468,82.15457,90,0,222,,1,27.62944,26.71565,21.94696
1786075153,26.96803,82.13779,90,0,221,,1,27.66331,26.71565,22.08222
1786075154,26.96803,82.00046,90,0,221,,1,27.66331,26.78319,22.04836
1786075155,26.86923,82.09048,90,0,222,,1,27.66331,26.81705,22.04836
1786075155,26.91195,82.28733,90,0,221,,1,27.69717,26.81705,22.01469
1786075156,26.88525,81.93942,90,0,221,,1,27.66331,26.71565,21.98083
1786075157,27.01076,81.87686,90,0,221,,1,27.66331,26.78319,22.04836
1786075157,26.99741,82.01877,90,0,221,,1,27.69717,26.78319,21.98083
1786075158,27.01076,81.98215,90,0,221,,1,27.62944,26.71565,22.01469
1786075159,26.96803,82.00046,90,0,221,,1,27.66331,26.74932,22.08222
1786075159,26.92798,81.83566,90,0,221,,1,27.66331,26.78319,22.11589
1786075160,26.94133,81.92264,90,0,221,,1,27.62944,26.78319,22.01469
1786075161,26.98405,81.91348,90,0,221,,1,27.62944,26.74932,22.04836
1786075161,26.99741,81.82498,90,0,221,,1,27.66331,26.81705,22.01469
1786075162,26.88525,81.82498,90,0,222,,1,27.62944,26.71565,22.01469
1786075163,26.92798,81.93027,90,0,221,,1,27.66331,26.71565,22.01469
1786075163,27.02411,81.94553,90,0,222,,1,27.66331,26.78319,22.01469
1786075164,26.98405,81.91348,90,0,221,,1,27.66331,26.81705,22.11589
1786075165,26.85588,82.11795,90,0,222,,1,27.62944,26.74932,22.11589
1786075165,27.02411,81.91348,90,0,221,,1,27.66331,26.78319,22.04836
1786075166,26.8986,81.944,90,0,221,,1,27.66331,26.78319,22.04836
1786075167,26.98405,82.01724,90,0,221,,1,27.66331,26.71565,21.94696
1786075167,26.92798,81.9501,90,0,221,,1,27.66331,26.81705,22.08222
1786075168,26.95468,81.96841,90,0,221,,1,27.62944,26.71565,22.11589
1786075169,26.8986,81.92111,90,0,221,,1,27.66331,26.68159,22.04836
1786075169,26.91195,82.01724,90,0,221,,1,27.69717,26.71565,22.04836
1786075170,26.98405,82.09048,90,0,221,,1,27.66331,26.78319,22.04836
1786075171,26.88525,81.95926,90,0,221,,1,27.66331,26.78319,22.04836
1786075172,26.98405,81.99588,90,0,221,,1,27.69717,26.74932,22.08222
1786075172,26.88525,82.02182,90,0,222,,1,27.59557,26.74932,21.98083
1786075173,26.95468,82.04013,90,0,222,,1,27.66331,26.74932,22.14976
1786075174,27.01076,82.07675,90,0,221,,1,27.66331,26.74932,22.01469
1786075174,26.99741,82.08286,90,0,221,,1,27.59557,26.81705,22.04836
1786075175,26.8986,82.04623,90,0,222,,1,27.66331,26.78319,22.14976
1786075176,26.95468,82.17441,90,0,221,,1,27.69717,26.74932,22.01469
1786075176,27.02411,82.06912,90,0,221,,1,27.69717,26.78319,22.04836
1786075177,26.95468,81.98672,90,0,221,,1,27.62944,26.78319,22.08222
1786075178,26.92798,82.12711,90,0,221,,1,27.66331,26.74932,22.08222
1786075178,26.98405,82.14236,90,0,221,,1,27.66331,26.74932,22.01469
1786075179,26.92798,82.04471,90,0,221,,1,27.62944,26.71565,21.98083
1786075180,26.8986,82.0676,90,0,221,,1,27.62944,26.74932,21.98083
1786075180,26.85588,82.03555,90,0,221,,1,27.62944,26.71565,21.98083
1786075181,26.98405,81.98672,90,0,222,,1,27.62944,26.78319,22.11589
1786075182,26.8986,81.98215,90,0,221,,1,27.66331,26.74932,22.01469
1786075182,26.94133,81.95468,90,0,222,,1,27.62944,26.78319,22.08222
1786075183,26.95468,82.08133,90,0,221,,1,27.66331,26.78319,22.08222
1786075184,26.88525,81.98978,90,0,222,,1,27.62944,26.78319,22.01469
1786075184,26.98405,82.05844,90,0,221,,1,27.62944,26.74932,22.08222
1786075185,26.98405,81.99588,90,0,221,,1,27.66331,26.81705,22.11589
1786075186,26.94133,81.96384,90,0,221,,1,27.69717,26.78319,22.04836
1786075186,26.94133,81.9028,90,0,221,,1,27.73104,26.85092,22.08222
1786075187,26.8986,82.0264,90,0,221,,1,27.62944,26.81705,22.04836
1786075188,26.96803,81.98215,90,0,221,,1,27.59557,26.81705,22.04836
1786075188,27.02411,82.01724,90,0,221,,1,27.69717,26.78319,22.04836
1786075189,26.94133,81.97604,90,0,221,,1,27.66331,26.78319,22.08222
1786075190,26.96803,82.02182,90,0,221,,1,27.66331,26.81705,22.08222
1786075191,26.88525,82.04166,90,0,221,,1,27.62944,26.81705,22.14976
1786075191,26.99741,82.04013,90,0,221,,1,27.66331,26.71565,22.08222
1786075192,26.94133,81.944,90,0,221,,1,27.66331,26.71565,22.08222
1786075193,27.04013,82.0737,90,0,222,,1,27.69717,26.74932,22.04836
1786075193,26.92798,82.01266,90,0,221,,1,27.66331,26.74932,22.08222
1786075194,26.8986,81.95316,90,0,221,,1,27.62944,26.74932,22.11589
1786075195,26.91195,82.02792,90,0,222,,1,27.69717,26.74932,22.01469
1786075195,26.91195,82.12253,90,0,221,,1,27.66331,26.71565,22.08222
1786075196,26.94133,81.99435,90,0,221,,1,27.66331,26.78319,22.01469
1786075197,26.92798,82.2095,90,0,221,,1,27.66331,26.85092,22.08222
1786075197,26.91195,82.09201,90,0,221,,1,27.62944,26.74932,22.04836
1786075198,26.8986,82.08743,90,0,221,,1,27.66331,26.74932,22.04836
1786075199,26.8986,81.99435,90,0,221,,1,27.69717,26.78319,22.04836
1786075199,26.8986,82.11948,90,0,221,,1,27.62944,26.78319,22.04836
1786075200,26.8986,82.05539,90,0,221,,1,27.66331,26.71565,22.08222
1786075201,26.95468,82.07217,90,0,221,,1,27.62944,26.85092,22.08222
1786075201,26.99741,82.07217,90,0,222,,1,27.62944,26.78319,22.04836
1786075202,26.94133,82.04623,90,0,222,,1,27.62944,26.71565,22.01469
