TS,Tamb,Hamb,DirVento,VelVento,NivelAgua,NivelAguaC,radSolar,Ttanque1,Ttanque2,Ttanque3
1786417200,27.02411,81.10323,90,0,219,,0,27.79877,27.12165,22.25135
1786417201,27.04013,81.07881,90,0,219,,2,27.83244,27.22325,22.25135
1786417201,27.06684,81.12459,90,0,219,,18,27.83244,27.12165,22.25135
1786417202,27.01076,81.04829,90,0,219,,0,27.8665,27.22325,22.28502
1786417203,26.99741,81.04677,90,0,219,,0,27.83244,27.25711,22.25135
1786417203,27.06684,81.09407,90,0,219,,7,27.7649,27.15551,22.25135
1786417204,27.05348,81.03914,90,0,219,,0,27.83244,27.18938,22.25135
1786417205,26.99741,81.10628,90,0,219,,0,27.7649,27.05412,22.28502
1786417205,27.01076,81.09865,90,0,219,,0,27.79877,27.15551,22.21729
1786417206,27.01076,81.04829,90,0,219,,1,27.79877,27.18938,22.25135
1786417207,27.06684,81.01167,90,0,219,,0,27.79877,27.15551,22.21729
1786417207,27.05348,80.99794,90,0,219,,0,27.79877,27.22325,22.31888
1786417208,27.02411,81.07423,90,0,219,,5,27.83244,27.18938,22.28502
1786417209,27.02411,81.05287,90,0,219,,14,27.83244,27.18938,22.31888
1786417209,26.98405,81.03304,90,0,219,,0,27.7649,27.22325,22.25135
1786417210,26.98405,81.02083,90,0,219,,0,27.83244,27.15551,22.31888
1786417211,27.02411,81.01015,90,0,219,,10,27.8665,27.22325,22.21729
1786417212,27.01076,81.03914,90,0,219,,0,27.7649,27.25711,22.28502
1786417212,27.08286,81.0666,90,0,219,,0,27.7649,27.15551,22.25135
1786417213,27.05348,81.17494,90,0,219,,1,27.83244,27.15551,22.31888
1786417214,27.09621,81.16273,90,0,219,,15,27.7649,27.15551,22.31888
1786417214,27.13893,81.06203,90,0,220,,0,27.79877,27.29098,22.25135
1786417215,27.10956,81.08492,90,0,219,,0,27.73104,27.18938,22.28502
1786417216,27.09621,81.02998,90,0,219,,0,27.79877,27.12165,22.28502
1786417216,27.02411,81.07423,90,0,219,,0,27.79877,27.18938,22.25135
1786417217,27.05348,81.13069,90,0,219,,0,27.83244,27.12165,22.31888
1786417218,26.96803,80.99641,90,0,219,,4,27.83244,27.08778,22.31888
1786417218,27.05348,81.07118,90,0,219,,16,27.79877,27.22325,22.25135
1786417219,27.06684,81.02083,90,0,219,,0,27.7649,27.15551,22.21729
1786417220,27.06684,81.08492,90,0,219,,0,27.8665,27.18938,22.25135
1786417220,26.99741,80.95064,90,0,219,,8,27.79877,27.15551,22.25135
1786417221,27.05348,81.17494,90,0,219,,0,27.7649,27.15551,22.25135
1786417222,27.10956,81.12611,90,0,219,,0,27.83244,27.25711,22.28502
1786417222,27.01076,81.0071,90,0,219,,1,27.79877,27.15551,22.25135
1786417223,26.98405,81.09254,90,0,219,,11,27.83244,27.15551,22.28502
1786417224,27.08286,81.08949,90,0,219,,0,27.83244,27.18938,22.25135
1786417224,27.02411,81.05287,90,0,219,,0,27.7649,27.15551,22.28502
1786417225,27.05348,80.93385,90,0,219,,2,27.83244,27.18938,22.31888
1786417226,27.02411,81.07423,90,0,219,,0,27.83244,27.15551,22.25135
1786417226,27.01076,81.08949,90,0,219,,0,27.83244,27.08778,22.25135
1786417227,26.99741,80.96132,90,0,219,,0,27.83244,27.15551,22.25135
1786417228,27.10956,81.09712,90,0,219,,16,27.83244,27.12165,22.28502
1786417228,27.08286,81.02541,90,0,219,,0,27.7649,27.18938,22.28502
1786417229,27.08286,81.09712,90,0,219,,0,27.79877,27.15551,22.31888
1786417230,27.09621,81.12154,90,0,219,,7,27.79877,27.15551,22.28502
1786417231,27.06684,81.05287,90,0,219,,7,27.79877,27.08778,22.31888
1786417231,27.05348,80.97505,90,0,219,,0,27.83244,27.08778,22.28502
1786417232,26.99741,81.10628,90,0,219,,0,27.8665,27.22325,22.25135
1786417233,27.10956,81.03304,90,0,219,,7,27.79877,27.15551,22.28502
1786417233,27.04013,80.96132,90,0,219,,0,27.79877,27.12165,22.28502
1786417234,26.99741,80.98268,90,0,219,,0,27.83244,27.18938,22.28502
1786417235,27.04013,81.0666,90,0,219,,4,27.79877,27.18938,22.25135
1786417235,27.06684,81.04219,90,0,219,,5,27.79877,27.22325,22.28502
1786417236,27.05348,81.0193,90,0,219,,0,27.79877,27.15551,22.25135
1786417237,27.06684,81.01167,90,0,219,,0,27.79877,27.15551,22.21729
1786417237,27.10956,80.99184,90,0,219,,9,27.83244,27.12165,22.28502
1786417238,26.95468,81.12611,90,0,219,,0,27.79877,27.12165,22.25135
1786417239,27.04013,81.03456,90,0,219,,0,27.79877,27.22325,22.25135
1786417239,26.99741,81.04677,90,0,219,,1,27.7649,27.18938,22.25135
1786417240,26.98405,81.01015,90,0,219,,0,27.79877,27.12165,22.28502
1786417241,26.96803,81.05745,90,0,219,,0,27.83244,27.18938,22.25135
1786417241,27.05348,81.0071,90,0,219,,2,27.79877,27.15551,22.28502
1786417242,27.06684,81.12459,90,0,219,,15,27.79877,27.15551,22.25135
1786417243,27.13893,81.0193,90,0,219,,0,27.83244,27.15551,22.28502
1786417243,27.04013,81.01472,90,0,219,,0,27.83244,27.29098,22.28502
1786417244,26.98405,80.95674,90,0,220,,0,27.79877,27.22325,22.25135
1786417245,27.08286,81.05745,90,0,219,,0,27.79877,27.25711,22.25135
1786417245,27.15228,81.1078,90,0,219,,0,27.7649,27.18938,22.25135
1786417246,27.12291,80.94148,90,0,219,,5,27.79877,27.22325,22.21729
1786417247,27.13893,81.10323,90,0,219,,0,27.83244,27.15551,22.35275
1786417247,27.09621,80.86366,90,0,219,,0,27.83244,27.08778,22.28502
1786417248,27.04013,81.05745,90,0,219,,10,27.7649,27.18938,22.21729
1786417249,27.05348,80.81941,90,0,219,,9,27.90037,27.22325,22.18362
1786417250,27.10956,81.07576,90,0,219,,0,27.83244,27.15551,22.25135
1786417250,27.02411,81.01015,90,0,219,,2,27.83244,27.15551,22.28502
1786417251,27.10956,81.22072,90,0,219,,19,27.83244,27.18938,22.28502
1786417252,27.10956,80.99184,90,0,219,,0,27.83244,27.12165,22.28502
1786417252,27.01076,81.02846,90,0,219,,0,27.79877,27.29098,22.25135
1786417253,26.99741,81.02541,90,0,219,,14,27.79877,27.18938,22.31888
1786417254,26.98405,80.98878,90,0,219,,0,27.79877,27.15551,22.21729
1786417254,26.95468,81.01472,90,0,219,,0,27.79877,27.15551,22.35275
1786417255,27.05348,81.07118,90,0,219,,8,27.79877,27.15551,22.25135
1786417256,27.17899,81.13374,90,0,219,,0,27.79877,27.12165,22.35275
1786417256,27.12291,81.05745,90,0,219,,0,27.79877,27.22325,22.14976
1786417257,27.04013,80.91096,90,0,220,,4,27.79877,27.15551,22.28502
1786417258,27.02411,81.07423,90,0,219,,1,27.7649,27.22325,22.21729
1786417258,27.06684,80.96895,90,0,219,,0,27.8665,27.22325,22.31888
1786417259,27.04013,81.08797,90,0,219,,1,27.83244,27.22325,22.25135
1786417260,27.02411,81.10323,90,0,219,,10,27.79877,27.12165,22.25135
1786417260,27.06684,80.98878,90,0,219,,0,27.83244,27.15551,22.31888
1786417261,27.09621,81.07118,90,0,219,,0,27.8665,27.18938,22.25135
1786417262,27.01076,81.01625,90,0,219,,5,27.79877,27.15551,22.28502
1786417262,27.02411,81.00099,90,0,219,,0,27.79877,27.12165,22.18362
1786417263,27.08286,81.0666,90,0,219,,0,27.79877,27.18938,22.31888
1786417264,27.02411,80.88655,90,0,219,,5,27.7649,27.18938,22.21729
1786417264,26.95468,81.03456,90,0,219,,0,27.8665,27.12165,22.25135
1786417265,27.09621,81.05135,90,0,219,,0,27.7649,27.08778,22.28502
1786417266,27.01076,81.03914,90,0,219,,5,27.79877,27.18938,22.21729
1786417266,27.09621,81.02998,90,0,219,,2,27.79877,27.12165,22.21729
1786417267,27.02411,81.06203,90,0,219,,0,27.79877,27.22325,22.28502
1786417268,27.06684,81.01167,90,0,219,,0,27.79877,27.18938,22.28502
1786417269,27.05348,81.0193,90,0,219,,21,27.83244,27.18938,22.31888
1786417269,27.04013,81.02541,90,0,219,,0,27.83244,27.12165,22.28502
1786417270,27.06684,81.00099,90,0,219,,0,27.79877,27.18938,22.31888
1786417271,27.02411,81.10323,90,0,219,,18,27.79877,27.25711,22.28502
1786417271,26.98405,80.98878,90,0,219,,0,27.79877,27.12165,22.31888
1786417272,27.04013,80.98268,90,0,219,,0,27.79877,27.08778,22.28502
1786417273,27.06684,81.10323,90,0,219,,10,27.79877,27.22325,22.25135
1786417273,27.05348,81.02846,90,0,219,,6,27.83244,27.22325,22.25135
1786417274,27.05348,81.08034,90,0,219,,0,27.79877,27.08778,22.25135
1786417275,27.12291,80.95216,90,0,219,,0,27.79877,27.15551,22.25135
1786417275,26.96803,80.98421,90,0,219,,10,27.7649,27.15551,22.21729
1786417276,26.94133,80.96895,90,0,219,,0,27.83244,27.18938,22.28502
1786417277,27.06684,81.03304,90,0,219,,0,27.79877,27.12165,22.25135
1786417277,27.12291,80.97353,90,0,219,,14,27.79877,27.18938,22.25135
1786417278,27.06684,81.08492,90,0,219,,0,27.79877,27.12165,22.28502
1786417279,27.02411,80.84535,90,0,219,,0,27.79877,27.18938,22.35275
1786417279,27.06684,81.06508,90,0,219,,3,27.83244,27.22325,22.25135
1786417280,27.01076,81.0071,90,0,219,,0,27.79877,27.15551,22.35275
1786417281,27.04013,81.1078,90,0,219,,0,27.79877,27.15551,22.25135
1786417281,26.99741,81.09712,90,0,219,,13,27.79877,27.12165,22.25135
1786417282,27.05348,80.99794,90,0,219,,7,27.83244,27.15551,22.25135
1786417283,27.02411,80.98878,90,0,219,,0,27.83244,27.12165,22.28502
1786417283,27.10956,81.10323,90,0,219,,0,27.83244,27.12165,22.28502
1786417284,27.12291,81.00557,90,0,220,,2,27.79877,27.15551,22.21729
1786417285,27.08286,81.12917,90,0,219,,0,27.8665,27.15551,22.28502
1786417286,27.01076,81.15205,90,0,219,,0,27.79877,27.12165,22.21729
1786417286,27.06684,80.97963,90,0,219,,5,27.7649,27.18938,22.21729
1786417287,27.13893,81.02998,90,0,219,,0,27.79877,27.18938,22.28502
1786417288,27.02411,81.10323,90,0,219,,0,27.79877,27.12165,22.28502
1786417288,27.08286,81.0666,90,0,219,,7,27.79877,27.18938,22.25135
1786417289,26.96803,81.0071,90,0,219,,0,27.79877,27.12165,22.28502
1786417290,27.06684,80.94759,90,0,219,,0,27.79877,27.12165,22.28502
1786417290,27.02411,81.04219,90,0,219,,14,27.79877,27.18938,22.25135
1786417291,26.98405,80.9369,90,0,219,,0,27.79877,27.18938,22.28502
1786417292,26.98405,80.95674,90,0,219,,0,27.79877,27.22325,22.25135
1786417292,27.02411,81.05287,90,0,219,,9,27.7649,27.12165,22.25135
1786417293,26.95468,81.03456,90,0,219,,3,27.79877,27.15551,22.21729
1786417294,26.99741,81.08492,90,0,219,,0,27.79877,27.12165,22.25135
1786417294,27.04013,81.05745,90,0,219,,0,27.79877,27.08778,22.25135
1786417295,27.05348,81.0193,90,0,219,,2,27.79877,27.08778,22.25135
1786417296,27.10956,80.95979,90,0,219,,0,27.83244,27.22325,22.28502
1786417296,27.05348,80.97505,90,0,219,,0,27.79877,27.18938,22.25135
1786417297,27.06684,81.11543,90,0,219,,10,27.83244,27.15551,22.21729
1786417298,27.05348,81.08034,90,0,219,,0,27.79877,27.15551,22.25135
1786417298,26.96803,80.99641,90,0,219,,0,27.79877,27.18938,22.31888
1786417299,27.05348,81.07118,90,0,219,,10,27.79877,27.25711,22.31888
1786417300,27.08286,81.09712,90,0,219,,0,27.79877,27.15551,22.21729
1786417300,27.06684,81.02083,90,0,219,,0,27.83244,27.15551,22.25135
1786417301,27.04013,81.02541,90,0,219,,12,27.73104,27.12165,22.25135
1786417302,27.09621,81.09254,90,0,219,,0,27.79877,27.18938,22.35275
1786417302,27.09621,81.0605,90,0,219,,0,27.79877,27.18938,22.25135
1786417303,27.01076,81.02846,90,0,219,,5,27.79877,27.15551,22.31888
1786417304,27.06684,81.03304,90,0,219,,11,27.79877,27.15551,22.25135
1786417305,26.99741,80.94148,90,0,220,,0,27.79877,27.18938,22.31888
1786417305,27.12291,81.04677,90,0,219,,0,27.79877,27.18938,22.31888
1786417306,27.12291,81.149,90,0,219,,14,27.79877,27.08778,22.25135
1786417307,27.15228,81.04372,90,0,219,,0,27.79877,27.25711,22.21729
1786417307,27.01076,80.94301,90,0,219,,0,27.79877,27.12165,22.28502
1786417308,26.98405,81.04219,90,0,219,,7,27.79877,27.12165,22.25135
1786417309,27.12291,81.05745,90,0,219,,0,27.8665,27.18938,22.25135
1786417309,27.06684,81.07423,90,0,219,,0,27.79877,27.05412,22.25135
1786417310,26.98405,81.04219,90,0,219,,4,27.79877,27.15551,22.28502
1786417311,27.02411,81.06203,90,0,219,,0,27.7649,27.15551,22.35275
1786417311,27.04013,81.22224,90,0,219,,0,27.79877,27.12165,22.31888
1786417312,27.02411,81.04219,90,0,219,,5,27.79877,27.12165,22.21729
1786417313,27.06684,81.07423,90,0,219,,0,27.8665,27.18938,22.28502
1786417313,26.95468,81.15816,90,0,219,,0,27.79877,27.22325,22.21729
1786417314,27.04013,81.18105,90,0,219,,8,27.7649,27.15551,22.25135
1786417315,27.02411,81.21767,90,0,220,,0,27.79877,27.15551,22.31888
1786417315,27.10956,81.28176,90,0,219,,0,27.79877,27.15551,22.28502
1786417316,27.06684,81.35348,90,0,219,,9,27.83244,27.18938,22.28502
1786417317,27.09621,81.24513,90,0,219,,0,27.79877,27.22325,22.28502
1786417317,27.08286,81.33669,90,0,219,,0,27.79877,27.12165,22.25135
1786417318,26.98405,81.30007,90,0,219,,9,27.7649,27.18938,22.25135
1786417319,27.06684,81.5198,90,0,219,,0,27.79877,27.15551,22.21729
1786417319,26.98405,81.36416,90,0,219,,0,27.79877,27.18938,22.31888
1786417320,26.99741,81.3962,90,0,219,,7,27.7649,27.15551,22.21729
1786417321,27.02411,81.36416,90,0,219,,0,27.79877,27.15551,22.25135
1786417321,27.05348,81.38247,90,0,219,,0,27.79877,27.15551,22.25135
1786417322,27.02411,81.45571,90,0,219,,13,27.8665,27.15551,22.28502
1786417323,27.02411,81.42672,90,0,219,,1,27.79877,27.15551,22.28502
1786417323,27.04013,81.44045,90,0,219,,0,27.79877,27.18938,22.28502
1786417324,26.98405,81.43587,90,0,220,,0,27.79877,27.08778,22.28502
1786417325,27.02411,81.33212,90,0,219,,0,27.79877,27.12165,22.18362
1786417326,26.98405,81.43587,90,0,219,,0,27.79877,27.18938,22.28502
1786417326,26.98405,81.39468,90,0,219,,1,27.79877,27.08778,22.31888
1786417327,27.02411,81.28024,90,0,219,,10,27.83244,27.15551,22.31888
1786417328,27.02411,81.31228,90,0,219,,0,27.79877,27.25711,22.31888
1786417328,27.02411,81.30007,90,0,219,,1,27.79877,27.12165,22.28502
1786417329,27.08286,81.2253,90,0,219,,11,27.7649,27.12165,22.25135
1786417330,27.08286,81.38094,90,0,219,,0,27.83244,27.22325,22.28502
1786417330,26.99741,81.18105,90,0,219,,0,27.79877,27.15551,22.21729
1786417331,27.04013,81.25277,90,0,219,,9,27.83244,27.18938,22.21729
1786417332,26.99741,81.20241,90,0,219,,0,27.7649,27.15551,22.31888
1786417332,27.06684,81.25887,90,0,219,,0,27.8665,27.15551,22.28502
1786417333,26.99741,81.149,90,0,219,,10,27.79877,27.15551,22.28502
1786417334,27.12291,81.24513,90,0,219,,0,27.83244,27.15551,22.28502
1786417334,27.13893,81.17494,90,0,220,,0,27.83244,27.12165,22.25135
1786417335,27.06684,81.18867,90,0,219,,14,27.7649,27.12165,22.28502
1786417336,27.02411,81.19783,90,0,219,,0,27.79877,27.18938,22.31888
1786417336,27.05348,81.2665,90,0,219,,0,27.7649,27.15551,22.28502
1786417337,27.04013,81.21309,90,0,219,,10,27.79877,27.25711,22.31888
1786417338,27.05348,81.1429,90,0,219,,0,27.79877,27.15551,22.25135
1786417338,27.06684,81.12459,90,0,219,,0,27.79877,27.12165,22.25135
1786417339,27.02411,81.08339,90,0,219,,8,27.79877,27.12165,22.25135
1786417340,27.02411,81.21767,90,0,219,,0,27.79877,27.12165,22.21729
1786417340,26.98405,81.08339,90,0,219,,0,27.79877,27.22325,22.25135
1786417341,26.99741,81.15816,90,0,219,,14,27.7649,27.15551,22.28502
1786417342,27.09621,81.12154,90,0,219,,0,27.79877,27.12165,22.21729
1786417342,27.01076,81.13069,90,0,219,,0,27.79877,27.12165,22.25135
1786417343,27.08286,81.12001,90,0,219,,7,27.83244,27.08778,22.31888
1786417344,27.05348,81.1429,90,0,219,,0,27.79877,27.15551,22.28502
1786417345,27.08286,81.16121,90,0,219,,0,27.79877,27.15551,22.18362
1786417346,26.96803,81.01625,90,0,219,,9,27.8665,27.18938,22.25135
1786417346,26.99741,81.07576,90,0,219,,0,27.83244,27.18938,22.25135
1786417347,26.98405,81.05287,90,0,219,,0,27.79877,27.22325,22.25135
1786417347,27.10956,81.10323,90,0,219,,6,27.79877,27.08778,22.28502
1786417348,27.12291,81.149,90,0,219,,0,27.79877,27.15551,22.31888
1786417349,27.10956,81.09712,90,0,219,,1,27.7649,27.22325,22.25135
1786417349,27.02411,81.12459,90,0,219,,9,27.79877,27.15551,22.28502
1786417350,27.01076,81.11086,90,0,219,,0,27.79877,27.15551,22.31888
1786417351,27.04013,81.18105,90,0,219,,1,27.8665,27.15551,22.31888
1786417351,27.05348,81.07118,90,0,219,,10,27.83244,27.18938,22.25135
1786417352,27.04013,81.02541,90,0,219,,0,27.83244,27.15551,22.25135
1786417353,26.98405,81.04219,90,0,219,,2,27.79877,27.15551,22.25135
1786417353,27.06684,81.06508,90,0,219,,17,27.79877,27.18938,22.28502
1786417354,27.04013,81.18105,90,0,219,,0,27.79877,27.25711,22.25135
1786417355,27.02411,81.09254,90,0,219,,1,27.7649,27.12165,22.25135
1786417355,27.04013,81.22224,90,0,219,,8,27.79877,27.18938,22.28502
1786417356,27.04013,81.26345,90,0,219,,0,27.8665,27.15551,22.25135
1786417357,27.06684,81.45876,90,0,219,,0,27.83244,27.25711,22.28502
1786417357,27.04013,81.58389,90,0,219,,8,27.79877,27.18938,22.21729
1786417358,27.01076,81.81735,90,0,219,,0,27.83244,27.12165,22.25135
1786417359,27.05348,81.97299,90,0,219,,0,27.79877,27.15551,22.28502
1786417359,27.09621,82.15152,90,0,219,,10,27.83244,27.25711,22.21729
1786417360,27.09621,82.24307,90,0,219,,0,27.79877,27.18938,22.21729
1786417361,27.02411,82.31632,90,0,219,,0,27.79877,27.12165,22.18362
1786417361,27.02411,82.29801,90,0,219,,14,27.83244,27.08778,22.25135
1786417362,27.08286,82.21866,90,0,219,,0,27.83244,27.15551,22.25135
1786417363,27.13893,82.23392,90,0,219,,0,27.79877,27.15551,22.28502
1786417364,27.01076,82.22018,90,0,219,,17,27.83244,27.18938,22.35275
1786417364,27.02411,82.17288,90,0,220,,0,27.79877,27.15551,22.18362
1786417365,26.96803,82.0737,90,0,219,,0,27.79877,27.15551,22.31888
1786417366,26.98405,82.0264,90,0,219,,3,27.83244,27.08778,22.28502
1786417366,27.05348,81.92111,90,0,219,,0,27.79877,27.12165,22.21729
1786417367,26.94133,81.88144,90,0,219,,0,27.79877,27.18938,22.25135
1786417368,26.98405,81.84024,90,0,219,,18,27.79877,27.15551,22.21729
1786417368,26.95468,81.80209,90,0,219,,0,27.79877,27.15551,22.25135
1786417369,27.06684,81.738,90,0,219,,0,27.79877,27.15551,22.35275
1786417370,27.06684,81.67544,90,0,219,,14,27.83244,27.12165,22.25135
1786417370,27.08286,81.71053,90,0,219,,0,27.83244,27.12165,22.25135
1786417371,27.04013,81.61593,90,0,219,,0,27.7649,27.15551,22.25135
1786417372,26.96803,81.61898,90,0,219,,9,27.83244,27.12165,22.28502
1786417372,27.02411,81.55032,90,0,219,,0,27.79877,27.05412,22.25135
1786417373,26.99741,81.50149,90,0,219,,0,27.79877,27.18938,22.14976
1786417374,26.95468,81.45876,90,0,219,,15,27.79877,27.25711,22.25135
1786417374,27.04013,81.36874,90,0,220,,0,27.79877,27.15551,22.21729
1786417375,27.08286,81.3901,90,0,219,,0,27.79877,27.22325,22.31888
1786417376,27.02411,81.43587,90,0,219,,10,27.83244,27.18938,22.31888
1786417376,27.08286,81.39925,90,0,219,,0,27.7649,27.15551,22.25135
1786417377,27.04013,81.27261,90,0,219,,0,27.83244,27.05412,22.28502
1786417378,26.96803,81.27566,90,0,219,,12,27.79877,27.12165,22.21729
1786417378,26.99741,81.26192,90,0,219,,0,27.83244,27.18938,22.38642
1786417379,27.04013,81.26345,90,0,219,,0,27.83244,27.22325,22.31888
1786417380,27.08286,81.3489,90,0,219,,12,27.83244,27.22325,22.25135
1786417380,27.08286,81.32754,90,0,219,,0,27.79877,27.18938,22.25135
1786417381,27.08286,81.21309,90,0,219,,0,27.83244,27.15551,22.31888
1786417382,27.12291,81.12917,90,0,219,,18,27.79877,27.12165,22.28502
1786417383,26.99741,81.2314,90,0,219,,0,27.79877,27.15551,22.28502
1786417383,26.98405,81.22682,90,0,219,,0,27.79877,27.15551,22.35275
1786417384,27.10956,81.24055,90,0,219,,13,27.83244,27.15551,22.25135
1786417385,27.01076,81.27718,90,0,220,,0,27.83244,27.15551,22.25135
1786417385,26.99741,81.13832,90,0,219,,0,27.7649,27.15551,22.31888
1786417386,26.98405,81.10323,90,0,219,,4,27.79877,27.18938,22.28502
1786417387,27.05348,81.17494,90,0,219,,0,27.79877,27.15551,22.28502
1786417387,27.02411,81.15663,90,0,219,,0,27.83244,27.15551,22.28502
1786417388,27.05348,81.22682,90,0,219,,5,27.79877,27.15551,22.31888
1786417389,27.02411,81.20851,90,0,219,,0,27.79877,27.12165,22.35275
1786417389,27.04013,81.32601,90,0,219,,0,27.79877,27.25711,22.28502
1786417390,27.02411,81.28024,90,0,219,,19,27.83244,27.22325,22.18362
1786417391,26.99741,81.29397,90,0,219,,0,27.79877,27.15551,22.25135
1786417391,27.06684,81.49996,90,0,219,,0,27.83244,27.15551,22.25135
1786417392,27.10956,81.5732,90,0,219,,9,27.79877,27.18938,22.28502
1786417393,27.02411,81.77921,90,0,219,,0,27.83244,27.15551,22.25135
1786417393,27.01076,81.88907,90,0,219,,0,27.83244,27.12165,22.25135
1786417394,26.96803,82.09659,90,0,219,,6,27.83244,27.18938,22.28502
1786417395,27.05348,82.07675,90,0,219,,1,27.7649,27.18938,22.28502
1786417395,27.05348,82.26444,90,0,219,,0,27.83244,27.15551,22.28502
1786417396,26.98405,82.44297,90,0,219,,0,27.83244,27.12165,22.25135
1786417397,27.06684,82.63065,90,0,219,,19,27.79877,27.15551,22.25135
1786417397,27.01076,82.7512,90,0,219,,1,27.79877,27.25711,22.25135
1786417398,26.94133,82.71,90,0,219,,0,27.79877,27.12165,22.28502
1786417399,26.99741,82.82903,90,0,219,,16,27.83244,27.22325,22.25135
1786417399,27.04013,83.01671,90,0,219,,0,27.79877,27.15551,22.21729
1786417400,27.02411,83.08385,90,0,219,,0,27.83244,27.22325,22.28502
1786417401,27.02411,83.14793,90,0,219,,16,27.7649,27.15551,22.28502
1786417402,27.02411,83.12657,90,0,219,,0,27.83244,27.15551,22.21729
1786417402,27.09621,83.05333,90,0,219,,0,27.83244,27.22325,22.25135
1786417403,27.02411,83.31274,90,0,219,,8,27.79877,27.15551,22.28502
1786417404,27.06684,83.30358,90,0,219,,0,27.83244,27.22325,22.28502
1786417404,27.02411,83.19981,90,0,220,,0,27.83244,27.15551,22.25135
1786417405,27.01076,83.33105,90,0,219,,4,27.7649,27.15551,22.31888
1786417406,27.08286,83.2868,90,0,219,,5,27.83244,27.22325,22.25135
1786417406,27.01076,83.2868,90,0,219,,0,27.83244,27.22325,22.28502
1786417407,26.98405,83.22728,90,0,220,,0,27.79877,27.18938,22.25135
1786417408,27.02411,83.36462,90,0,219,,16,27.79877,27.22325,22.31888
1786417408,27.06684,83.19066,90,0,219,,0,27.7649,27.18938,22.21729
1786417409,27.04013,82.96483,90,0,219,,0,27.8665,27.18938,22.28502
1786417410,27.04013,82.89311,90,0,219,,8,27.7649,27.22325,22.25135
1786417410,27.12291,82.87328,90,0,219,,0,27.79877,27.15551,22.35275
1786417411,27.02411,82.64896,90,0,219,,0,27.83244,27.18938,22.18362
1786417412,26.96803,82.43839,90,0,219,,3,27.79877,27.12165,22.31888
1786417412,26.99741,82.24765,90,0,219,,0,27.79877,27.15551,22.25135
1786417413,27.04013,82.25986,90,0,219,,0,27.7649,27.15551,22.25135
1786417414,26.98405,82.21408,90,0,219,,0,27.83244,27.22325,22.31888
1786417414,26.96803,81.94095,90,0,220,,0,27.7649,27.15551,22.25135
1786417415,27.01076,81.98215,90,0,219,,0,27.7649,27.22325,22.35275
1786417416,26.94133,81.73495,90,0,219,,0,27.79877,27.22325,22.28502
1786417416,27.04013,81.75174,90,0,219,,10,27.83244,27.25711,22.31888
1786417417,26.95468,81.68764,90,0,219,,0,27.8665,27.18938,22.38642
1786417418,27.05348,81.78531,90,0,219,,0,27.83244,27.15551,22.35275
1786417418,26.99741,81.69833,90,0,219,,12,27.83244,27.18938,22.25135
1786417419,26.92798,81.51369,90,0,219,,0,27.79877,27.08778,22.28502
1786417420,27.02411,81.53811,90,0,219,,0,27.83244,27.22325,22.28502
1786417421,26.98405,81.38247,90,0,219,,9,27.83244,27.22325,22.31888
1786417421,27.01076,81.38094,90,0,219,,0,27.79877,27.12165,22.28502
1786417422,27.04013,81.35806,90,0,219,,0,27.83244,27.12165,22.28502
1786417423,27.09621,81.39468,90,0,219,,11,27.8665,27.15551,22.28502
1786417423,26.99741,81.2314,90,0,219,,0,27.83244,27.18938,22.31888
1786417424,27.09621,81.25735,90,0,219,,0,27.79877,27.18938,22.25135
1786417425,27.05348,81.31838,90,0,220,,0,27.79877,27.08778,22.31888
1786417425,26.99741,81.21156,90,0,219,,9,27.79877,27.18938,22.21729
1786417426,27.08286,81.25277,90,0,219,,0,27.73104,27.18938,22.18362
1786417427,27.05348,81.43282,90,0,219,,0,27.79877,27.18938,22.25135
1786417427,27.06684,81.32296,90,0,219,,6,27.7649,27.15551,22.25135
1786417428,26.94133,81.21614,90,0,219,,0,27.79877,27.15551,22.28502
1786417429,27.09621,81.21614,90,0,219,,0,27.7649,27.18938,22.28502
1786417429,26.96803,81.21309,90,0,219,,10,27.79877,27.22325,22.31888
1786417430,27.04013,81.16121,90,0,219,,0,27.8665,27.15551,22.28502
1786417431,26.8986,81.20393,90,0,219,,0,27.83244,27.25711,22.25135
1786417431,27.06684,81.23903,90,0,219,,12,27.79877,27.12165,22.25135
1786417432,26.98405,81.23903,90,0,219,,0,27.83244,27.12165,22.28502
1786417433,27.06684,81.23903,90,0,219,,0,27.83244,27.29098,22.28502
1786417433,26.96803,81.15205,90,0,219,,7,27.83244,27.18938,22.31888
1786417434,27.04013,81.20241,90,0,219,,0,27.79877,27.18938,22.35275
1786417435,27.08286,81.21309,90,0,219,,0,27.79877,27.12165,22.28502
1786417435,27.04013,81.29549,90,0,219,,3,27.83244,27.18938,22.31888
1786417436,26.99741,81.149,90,0,219,,3,27.79877,27.18938,22.28502
1786417437,27.08286,81.26345,90,0,219,,0,27.79877,27.15551,22.28502
1786417437,27.04013,81.18105,90,0,219,,0,27.79877,27.18938,22.31888
1786417438,27.02411,81.15663,90,0,219,,19,27.7649,27.12165,22.21729
1786417439,27.05348,81.21614,90,0,219,,0,27.83244,27.15551,22.28502
1786417440,26.99741,81.12917,90,0,219,,0,27.83244,27.12165,22.25135
1786417440,27.10956,81.17952,90,0,219,,10,27.83244,27.18938,22.18362
1786417441,26.96803,81.13985,90,0,219,,0,27.79877,27.18938,22.21729
1786417442,27.06684,81.22072,90,0,219,,0,27.83244,27.15551,22.28502
1786417442,27.08286,81.20241,90,0,219,,1,27.79877,27.08778,22.21729
1786417443,27.08286,81.17189,90,0,219,,12,27.83244,27.22325,22.25135
1786417444,27.04013,81.18105,90,0,219,,0,27.79877,27.12165,22.25135
1786417444,27.04013,81.04677,90,0,219,,0,27.79877,27.12165,22.28502
1786417445,27.01076,81.1429,90,0,219,,4,27.79877,27.12165,22.28502
1786417446,26.99741,81.08492,90,0,219,,0,27.83244,27.18938,22.31888
1786417446,27.05348,81.2665,90,0,219,,0,27.83244,27.25711,22.25135
1786417447,26.98405,81.14442,90,0,220,,2,27.83244,27.25711,22.25135
1786417448,27.02411,81.15663,90,0,219,,0,27.7649,27.05412,22.28502
1786417448,27.05348,81.31838,90,0,219,,0,27.79877,27.18938,22.28502
1786417449,27.05348,81.12154,90,0,219,,5,27.79877,27.15551,22.28502
1786417450,26.91195,81.11543,90,0,219,,6,27.79877,27.18938,22.31888
1786417450,27.06684,81.10323,90,0,219,,0,27.79877,27.15551,22.31888
1786417451,27.09621,81.11238,90,0,219,,0,27.83244,27.18938,22.31888
1786417452,26.99741,81.11696,90,0,219,,14,27.79877,27.18938,22.35275
1786417452,26.98405,81.14442,90,0,219,,0,27.83244,27.18938,22.25135
1786417453,27.09621,81.22682,90,0,219,,0,27.79877,27.22325,22.25135
1786417454,27.05348,81.15358,90,0,219,,19,27.83244,27.12165,22.25135
1786417454,27.10956,81.14748,90,0,219,,0,27.79877,27.25711,22.31888
1786417455,26.96803,81.05745,90,0,219,,0,27.79877,27.18938,22.31888
1786417456,27.02411,81.15663,90,0,219,,6,27.83244,27.15551,22.38642
1786417456,26.94133,81.16579,90,0,219,,0,27.83244,27.08778,22.25135
1786417457,27.02411,81.17647,90,0,219,,0,27.83244,27.22325,22.21729
1786417458,27.02411,81.06203,90,0,219,,9,27.79877,27.12165,22.21729
1786417459,27.06684,81.05287,90,0,219,,0,27.79877,27.15551,22.25135
1786417459,27.09621,81.03914,90,0,219,,0,27.79877,27.15551,22.28502
1786417460,27.01076,81.07881,90,0,219,,2,27.83244,27.18938,22.31888
1786417461,26.96803,81.12001,90,0,219,,3,27.83244,27.18938,22.25135
1786417461,26.95468,81.15816,90,0,219,,0,27.7649,27.22325,22.25135
1786417462,27.05348,81.1017,90,0,219,,0,27.79877,27.18938,22.25135
1786417463,27.06684,81.06508,90,0,219,,19,27.8665,27.08778,22.28502
1786417463,26.98405,81.14442,90,0,219,,0,27.79877,27.15551,22.18362
1786417464,27.01076,81.11086,90,0,220,,0,27.79877,27.15551,22.31888
1786417465,27.10956,81.11543,90,0,219,,7,27.79877,27.08778,22.18362
1786417465,27.04013,81.11696,90,0,219,,0,27.79877,27.15551,22.18362
1786417466,27.08286,81.01625,90,0,219,,0,27.79877,27.18938,22.28502
1786417467,27.12291,81.17189,90,0,219,,3,27.7649,27.18938,22.31888
1786417467,27.08286,81.12001,90,0,219,,0,27.79877,27.29098,22.28502
1786417468,26.92798,81.12001,90,0,219,,0,27.79877,27.22325,22.28502
1786417469,27.08286,81.05745,90,0,219,,9,27.79877,27.15551,22.25135
1786417469,27.04013,81.01472,90,0,219,,0,27.79877,27.15551,22.21729
1786417470,27.05348,81.13069,90,0,219,,0,27.79877,27.18938,22.28502
1786417471,27.08286,81.12917,90,0,219,,4,27.79877,27.15551,22.28502
1786417471,27.01076,81.08949,90,0,219,,13,27.8665,27.15551,22.21729
1786417472,27.01076,80.96437,90,0,219,,0,27.79877,27.15551,22.25135
1786417473,27.12291,81.149,90,0,219,,0,27.83244,27.12165,22.31888
1786417473,27.02411,81.15663,90,0,219,,7,27.83244,27.12165,22.28502
1786417474,27.02411,81.11238,90,0,220,,0,27.90037,27.15551,22.35275
1786417475,27.10956,81.01167,90,0,219,,0,27.79877,27.15551,22.25135
1786417475,27.09621,81.07118,90,0,219,,2,27.7649,27.22325,22.28502
1786417476,26.95468,81.17952,90,0,219,,0,27.79877,27.15551,22.28502
1786417477,27.04013,81.03456,90,0,219,,0,27.79877,27.15551,22.21729
1786417478,27.04013,81.27261,90,0,219,,4,27.79877,27.18938,22.28502
1786417478,27.04013,81.08797,90,0,219,,4,27.83244,27.12165,22.25135
1786417479,27.08286,81.00557,90,0,219,,0,27.79877,27.15551,22.25135
1786417480,27.05348,81.0193,90,0,219,,0,27.79877,27.15551,22.21729
1786417480,26.99741,81.149,90,0,219,,9,27.83244,27.15551,22.25135
1786417481,27.05348,81.11086,90,0,219,,0,27.79877,27.18938,22.21729
1786417482,26.98405,81.08339,90,0,219,,0,27.79877,27.22325,22.28502
1786417482,27.06684,81.09407,90,0,219,,5,27.79877,27.15551,22.31888
1786417483,27.02411,81.08339,90,0,219,,0,27.83244,27.12165,22.28502
1786417484,27.04013,81.0666,90,0,219,,0,27.7649,27.08778,22.28502
1786417484,27.10956,81.08492,90,0,220,,0,27.83244,27.25711,22.28502
1786417485,27.02411,81.07423,90,0,219,,0,27.79877,27.22325,22.31888
1786417486,27.02411,81.16579,90,0,219,,0,27.79877,27.15551,22.28502
1786417486,27.08286,81.149,90,0,219,,11,27.79877,27.22325,22.25135
1786417487,26.94133,81.12459,90,0,219,,4,27.83244,27.18938,22.21729
1786417488,27.12291,81.05745,90,0,219,,0,27.79877,27.18938,22.21729
1786417488,26.98405,81.10323,90,0,219,,0,27.79877,27.18938,22.31888
1786417489,26.99741,81.02541,90,0,219,,17,27.7649,27.22325,22.25135
1786417490,27.02411,80.98878,90,0,219,,0,27.83244,27.18938,22.21729
1786417490,27.05348,81.1017,90,0,219,,0,27.8665,27.22325,22.28502
1786417491,27.02411,81.09254,90,0,219,,12,27.7649,27.15551,22.31888
1786417492,26.96803,81.11086,90,0,219,,0,27.83244,27.12165,22.21729
1786417492,27.02411,81.11238,90,0,219,,0,27.7649,27.08778,22.31888
1786417493,27.08286,81.1078,90,0,219,,16,27.79877,27.18938,22.28502
1786417494,27.02411,81.11238,90,0,219,,0,27.79877,27.12165,22.28502
1786417495,27.01076,81.12154,90,0,219,,0,27.79877,27.18938,22.18362
1786417495,27.01076,81.01625,90,0,219,,5,27.79877,27.18938,22.25135
1786417496,27.04013,81.18105,90,0,219,,2,27.7649,27.15551,22.28502
1786417497,26.99741,81.17036,90,0,219,,0,27.7649,27.15551,22.31888
1786417497,27.10956,81.11543,90,0,219,,3,27.79877,27.18938,22.25135
1786417498,27.13893,81.16579,90,0,219,,14,27.83244,27.18938,22.31888
1786417499,26.96803,81.04829,90,0,219,,0,27.83244,27.15551,22.28502
1786417499,27.05348,81.1017,90,0,219,,0,27.79877,27.15551,22.25135
1786417500,27.04013,81.1078,90,0,219,,18,27.79877,27.08778,22.25135
1786417501,27.04013,81.0666,90,0,219,,0,27.79877,27.15551,22.21729
1786417501,27.01076,81.11086,90,0,219,,0,27.79877,27.22325,22.25135
1786417502,27.02411,81.02083,90,0,219,,4,27.8665,27.18938,22.28502
1786417503,26.99741,81.08492,90,0,219,,0,27.79877,27.12165,22.28502
1786417503,27.02411,81.16579,90,0,219,,0,27.79877,27.18938,22.35275
1786417504,27.06684,80.97963,90,0,219,,1,27.79877,27.15551,22.25135
1786417505,27.04013,81.13985,90,0,219,,0,27.83244,27.15551,22.21729
1786417505,27.01076,81.09865,90,0,219,,0,27.79877,27.15551,22.28502
1786417506,27.05348,81.07118,90,0,219,,0,27.79877,27.15551,22.31888
1786417507,27.08286,81.05745,90,0,219,,21,27.79877,27.29098,22.18362
1786417507,26.96803,81.07881,90,0,219,,0,27.7649,27.15551,22.25135
1786417508,27.09621,81.13374,90,0,219,,0,27.83244,27.08778,22.18362
1786417509,26.99741,81.04677,90,0,219,,5,27.7649,27.15551,22.28502
1786417509,26.95468,81.07423,90,0,219,,0,27.7649,27.15551,22.25135
1786417510,27.05348,81.23598,90,0,219,,0,27.79877,27.18938,22.21729
1786417511,27.06684,81.08492,90,0,219,,4,27.8665,27.18938,22.28502
1786417511,27.04013,81.03456,90,0,219,,0,27.83244,27.15551,22.28502
1786417512,27.02411,81.17647,90,0,219,,0,27.7649,27.22325,22.31888
1786417513,27.04013,81.07881,90,0,219,,3,27.79877,27.18938,22.21729
1786417514,27.02411,81.18867,90,0,219,,12,27.79877,27.12165,22.25135
1786417514,27.04013,81.03456,90,0,220,,0,27.90037,27.15551,22.28502
1786417515,27.05348,81.03914,90,0,219,,0,27.7649,27.18938,22.25135
1786417516,26.96803,81.04829,90,0,219,,3,27.7649,27.18938,22.28502
1786417516,27.05348,81.08949,90,0,219,,0,27.7649,27.12165,22.28502
1786417517,27.12291,81.0666,90,0,219,,0,27.83244,27.12165,22.28502
1786417518,27.04013,81.02541,90,0,219,,9,27.7649,27.12165,22.21729
1786417518,27.05348,81.25735,90,0,219,,0,27.83244,27.18938,22.25135
1786417519,27.08286,81.05745,90,0,219,,0,27.7649,27.18938,22.25135
1786417520,26.99741,81.13832,90,0,219,,1,27.83244,27.18938,22.28502
1786417520,27.02411,81.11238,90,0,219,,14,27.83244,27.12165,22.18362
1786417521,27.13893,81.09254,90,0,219,,1,27.79877,27.15551,22.28502
1786417522,26.99741,81.0666,90,0,219,,0,27.8665,27.15551,22.28502
1786417522,27.01076,81.13069,90,0,219,,8,27.79877,27.15551,22.25135
1786417523,27.17899,81.0193,90,0,219,,0,27.83244,27.15551,22.28502
1786417524,27.08286,81.16121,90,0,219,,0,27.79877,27.15551,22.25135
1786417524,26.99741,81.10628,90,0,220,,0,27.79877,27.18938,22.38642
1786417525,26.92798,81.0666,90,0,219,,0,27.79877,27.08778,22.31888
1786417526,27.02411,81.06203,90,0,219,,0,27.8665,27.25711,22.28502
1786417526,26.94133,81.12459,90,0,219,,1,27.79877,27.22325,22.28502
1786417527,27.04013,81.12917,90,0,219,,9,27.83244,27.12165,22.25135
1786417528,27.04013,80.95216,90,0,219,,0,27.79877,27.15551,22.28502
1786417528,26.99741,81.10628,90,0,219,,0,27.7649,27.15551,22.25135
1786417529,27.04013,81.09712,90,0,219,,21,27.8665,27.15551,22.21729
1786417530,26.99741,80.99336,90,0,219,,0,27.79877,27.22325,22.28502
1786417530,27.01076,81.16273,90,0,219,,0,27.7649,27.18938,22.31888
1786417531,27.02411,81.14442,90,0,219,,11,27.7649,27.15551,22.25135
1786417532,26.88525,80.99641,90,0,219,,0,27.79877,27.12165,22.28502
1786417533,27.05348,81.0605,90,0,219,,0,27.83244,27.22325,22.28502
1786417533,27.02411,81.11238,90,0,219,,12,27.83244,27.12165,22.18362
1786417534,27.09621,81.07118,90,0,219,,0,27.83244,27.18938,22.21729
1786417535,26.98405,81.17647,90,0,219,,0,27.79877,27.25711,22.21729
1786417535,27.01076,81.06966,90,0,219,,0,27.83244,27.25711,22.21729
1786417536,27.04013,81.01472,90,0,219,,7,27.83244,27.18938,22.21729
1786417537,27.06684,81.05287,90,0,219,,0,27.7649,27.18938,22.28502
1786417537,26.95468,80.96132,90,0,219,,0,27.79877,27.15551,22.31888
1786417538,27.01076,81.01625,90,0,219,,15,27.79877,27.15551,22.25135
1786417539,27.05348,81.03914,90,0,219,,0,27.79877,27.18938,22.31888
1786417539,27.04013,81.05745,90,0,219,,0,27.79877,27.18938,22.25135
1786417540,26.92798,80.97505,90,0,219,,6,27.79877,27.15551,22.21729
1786417541,27.04013,80.99336,90,0,219,,0,27.79877,27.22325,22.28502
1786417541,27.04013,81.1902,90,0,219,,0,27.79877,27.18938,22.31888
1786417542,26.98405,81.15663,90,0,219,,0,27.79877,27.08778,22.25135
1786417543,27.06684,81.14748,90,0,219,,8,27.79877,27.18938,22.35275
1786417543,27.06684,81.04219,90,0,219,,0,27.79877,27.12165,22.25135
1786417544,27.05348,81.08949,90,0,219,,0,27.79877,27.15551,22.25135
1786417545,27.12291,81.03761,90,0,219,,15,27.79877,27.18938,22.28502
1786417545,27.05348,81.1017,90,0,219,,0,27.7649,27.22325,22.18362
1786417546,27.01076,81.03914,90,0,219,,0,27.79877,27.22325,22.21729
1786417547,26.98405,81.12459,90,0,219,,2,27.8665,27.18938,22.25135
1786417547,27.02411,81.12459,90,0,219,,4,27.79877,27.18938,22.25135
1786417548,27.06684,81.15663,90,0,219,,0,27.7649,27.15551,22.25135
1786417549,27.10956,81.15663,90,0,219,,0,27.79877,27.22325,22.25135
1786417549,27.08286,81.16121,90,0,219,,6,27.79877,27.15551,22.21729
1786417550,27.08286,81.149,90,0,219,,0,27.79877,27.18938,22.21729
1786417551,27.04013,81.08797,90,0,219,,0,27.7649,27.12165,22.28502
1786417552,26.96803,81.05745,90,0,219,,11,27.79877,27.15551,22.31888
1786417552,27.01076,81.0605,90,0,219,,0,27.79877,27.12165,22.25135
1786417553,27.05348,81.19478,90,0,219,,0,27.83244,27.15551,22.28502
1786417554,27.02411,81.04219,90,0,219,,13,27.79877,27.18938,22.28502
1786417554,27.09621,81.09254,90,0,220,,0,27.83244,27.15551,22.21729
1786417555,27.06684,81.12459,90,0,219,,0,27.79877,27.18938,22.28502
1786417556,27.02411,81.18867,90,0,219,,0,27.90037,27.15551,22.35275
1786417556,27.04013,81.05745,90,0,219,,7,27.79877,27.18938,22.31888
1786417557,26.99741,81.00252,90,0,219,,0,27.79877,27.18938,22.25135
1786417558,27.06684,81.14748,90,0,219,,0,27.83244,27.15551,22.21729
1786417558,27.02411,81.14442,90,0,219,,21,27.79877,27.18938,22.25135
1786417559,27.06684,81.00099,90,0,219,,0,27.7649,27.15551,22.25135
1786417560,27.06684,81.12459,90,0,219,,0,27.79877,27.18938,22.28502
1786417560,26.99741,81.07576,90,0,219,,12,27.7649,27.08778,22.28502
1786417561,27.04013,81.09712,90,0,219,,0,27.79877,27.18938,22.28502
1786417562,26.95468,81.04372,90,0,219,,0,27.73104,27.18938,22.35275
1786417562,26.99741,81.12917,90,0,219,,1,27.7649,27.15551,22.25135
1786417563,27.02411,81.11238,90,0,219,,11,27.83244,27.15551,22.31888
1786417564,26.99741,81.09712,90,0,219,,0,27.79877,27.18938,22.28502
1786417564,27.05348,81.03914,90,0,220,,0,27.79877,27.18938,22.25135
1786417565,26.98405,81.12459,90,0,219,,11,27.79877,27.25711,22.28502
1786417566,27.01076,81.06966,90,0,219,,0,27.79877,27.18938,22.25135
1786417566,27.09621,80.94606,90,0,219,,0,27.83244,27.18938,22.28502
1786417567,26.99741,81.07576,90,0,219,,10,27.79877,27.25711,22.28502
1786417568,26.98405,80.98878,90,0,219,,0,27.73104,27.22325,22.21729
1786417568,27.09621,81.0193,90,0,219,,0,27.7649,27.18938,22.21729
1786417569,26.95468,80.99184,90,0,219,,6,27.79877,27.22325,22.28502
1786417570,27.05348,81.1429,90,0,219,,9,27.79877,27.15551,22.28502
1786417571,27.04013,81.00557,90,0,219,,0,27.7649,27.15551,22.25135
1786417571,27.10956,81.22072,90,0,219,,0,27.83244,27.18938,22.31888
1786417572,27.01076,81.0071,90,0,219,,12,27.83244,27.12165,22.28502
1786417573,27.02411,81.06203,90,0,219,,0,27.83244,27.18938,22.21729
1786417573,27.05348,81.11086,90,0,219,,0,27.83244,27.15551,22.25135
1786417574,27.10956,81.14748,90,0,219,,5,27.83244,27.29098,22.28502
1786417575,27.02411,81.02083,90,0,220,,0,27.7649,27.22325,22.35275
1786417575,27.01076,81.06966,90,0,219,,0,27.79877,27.18938,22.42028
1786417576,26.99741,80.95064,90,0,219,,1,27.83244,27.25711,22.25135
1786417577,27.04013,81.02541,90,0,219,,10,27.79877,27.08778,22.25135
1786417577,27.01076,80.97505,90,0,219,,0,27.79877,27.18938,22.18362
1786417578,27.06684,81.06508,90,0,219,,0,27.83244,27.15551,22.25135
1786417579,27.06684,81.15663,90,0,220,,1,27.79877,27.22325,22.31888
1786417579,27.06684,81.08492,90,0,219,,0,27.79877,27.15551,22.25135
1786417580,26.99741,80.97353,90,0,219,,0,27.79877,27.15551,22.31888
1786417581,27.04013,81.03456,90,0,219,,7,27.79877,27.18938,22.21729
1786417581,26.95468,81.11696,90,0,219,,1,27.79877,27.12165,22.28502
1786417582,27.09621,81.08339,90,0,219,,0,27.79877,27.12165,22.25135
1786417583,27.04013,81.00557,90,0,219,,1,27.79877,27.18938,22.25135
1786417583,27.02411,81.09254,90,0,219,,6,27.79877,27.22325,22.31888
1786417584,27.17899,81.12154,90,0,219,,0,27.79877,27.15551,22.31888
1786417585,27.04013,81.03456,90,0,220,,0,27.7649,27.15551,22.25135
1786417585,26.98405,80.97963,90,0,219,,12,27.7649,27.15551,22.31888
1786417586,27.05348,81.02846,90,0,219,,0,27.7649,27.18938,22.35275
1786417587,27.01076,81.2543,90,0,219,,0,27.79877,27.15551,22.21729
1786417587,27.01076,81.06966,90,0,219,,11,27.79877,27.18938,22.28502
1786417588,27.15228,81.04372,90,0,219,,0,27.79877,27.15551,22.21729
1786417589,27.01076,81.07881,90,0,219,,0,27.8665,27.18938,22.31888
1786417590,27.04013,81.04677,90,0,219,,1,27.79877,27.15551,22.25135
1786417590,27.05348,80.94606,90,0,219,,0,27.79877,27.12165,22.25135
1786417591,26.98405,81.08339,90,0,219,,0,27.83244,27.18938,22.31888
1786417592,27.06684,81.03304,90,0,219,,4,27.83244,27.25711,22.31888
1786417592,27.10956,81.03304,90,0,219,,0,27.8665,27.15551,22.25135
1786417593,27.05348,80.99794,90,0,219,,0,27.79877,27.22325,22.31888
1786417594,27.01076,81.06966,90,0,219,,2,27.79877,27.22325,22.28502
1786417594,27.12291,80.98421,90,0,220,,0,27.7649,27.15551,22.31888
1786417595,27.09621,81.07118,90,0,219,,0,27.83244,27.08778,22.28502
1786417596,27.06684,81.09407,90,0,219,,0,27.83244,27.15551,22.28502
1786417596,27.02411,81.05287,90,0,219,,14,27.79877,27.12165,22.31888
1786417597,27.02411,81.03304,90,0,219,,0,27.79877,27.12165,22.21729
1786417598,27.06684,81.09407,90,0,219,,0,27.79877,27.18938,22.28502
1786417598,27.02411,81.10323,90,0,219,,14,27.7649,27.18938,22.18362
1786417599,27.09621,81.03914,90,0,219,,0,27.7649,27.15551,22.25135
1786417600,27.08286,80.99336,90,0,219,,0,27.79877,27.22325,22.25135
1786417600,27.04013,81.0666,90,0,219,,12,27.8665,27.22325,22.28502
1786417601,26.94133,80.95674,90,0,219,,0,27.83244,27.15551,22.25135
1786417602,27.06684,81.10323,90,0,219,,0,27.83244,27.12165,22.21729
1786417602,27.05348,81.16273,90,0,219,,10,27.83244,27.12165,22.25135
1786417603,27.16564,81.15205,90,0,219,,0,27.83244,27.12165,22.21729
1786417604,27.08286,81.28481,90,0,219,,0,27.83244,27.15551,22.28502
1786417604,27.13893,81.15358,90,0,220,,0,27.83244,27.12165,22.28502
1786417605,27.02411,81.10323,90,0,219,,7,27.83244,27.22325,22.31888
1786417606,26.98405,81.12459,90,0,219,,0,27.79877,27.25711,22.28502
1786417606,27.12291,81.16121,90,0,219,,0,27.83244,27.18938,22.28502
1786417607,27.06684,81.08492,90,0,219,,9,27.8665,27.15551,22.21729
1786417608,27.05348,81.08034,90,0,219,,0,27.7649,27.12165,22.21729
1786417609,27.04013,81.13985,90,0,219,,0,27.83244,27.22325,22.25135
1786417609,27.02411,81.05287,90,0,219,,7,27.79877,27.15551,22.25135
1786417610,27.08286,80.97353,90,0,219,,0,27.79877,27.18938,22.25135
1786417611,27.10956,81.04372,90,0,219,,0,27.79877,27.18938,22.31888
1786417611,27.04013,81.1078,90,0,219,,6,27.83244,27.15551,22.28502
1786417612,27.02411,81.05287,90,0,219,,10,27.83244,27.12165,22.31888
1786417613,27.06684,81.06508,90,0,219,,0,27.83244,27.15551,22.28502
1786417613,27.04013,81.05745,90,0,219,,0,27.79877,27.22325,22.25135
1786417614,27.08286,81.13985,90,0,219,,6,27.7649,27.18938,22.35275
1786417615,27.08286,81.05745,90,0,220,,0,27.79877,27.22325,22.25135
1786417615,27.08286,81.07881,90,0,219,,0,27.79877,27.22325,22.28502
1786417616,27.04013,81.00557,90,0,219,,2,27.83244,27.12165,22.28502
1786417617,27.02411,81.15663,90,0,219,,0,27.79877,27.15551,22.28502
1786417617,26.99741,81.04677,90,0,219,,0,27.83244,27.25711,22.25135
1786417618,27.05348,81.08949,90,0,219,,2,27.7649,27.18938,22.25135
1786417619,27.16564,81.08949,90,0,219,,13,27.83244,27.15551,22.28502
1786417619,27.09621,81.1429,90,0,219,,0,27.8665,27.22325,22.28502
1786417620,27.08286,81.02541,90,0,219,,0,27.79877,27.12165,22.28502
1786417621,27.08286,81.07881,90,0,219,,12,27.79877,27.18938,22.28502
1786417621,26.98405,81.17647,90,0,219,,0,27.7649,27.15551,22.35275
1786417622,27.01076,81.08949,90,0,219,,0,27.8665,27.12165,22.31888
1786417623,26.98405,81.00099,90,0,219,,9,27.79877,27.22325,22.31888
1786417623,27.06684,81.10323,90,0,219,,0,27.79877,27.18938,22.21729
1786417624,27.05348,81.08034,90,0,220,,0,27.83244,27.18938,22.35275
1786417625,27.01076,80.98726,90,0,219,,7,27.83244,27.18938,22.21729
1786417625,27.16564,81.07881,90,0,219,,0,27.79877,27.18938,22.31888
1786417626,27.08286,81.07881,90,0,219,,0,27.7649,27.15551,22.25135
1786417627,27.05348,81.0071,90,0,219,,1,27.79877,27.22325,22.35275
1786417628,26.99741,81.07576,90,0,219,,2,27.7649,27.18938,22.35275
1786417628,27.08286,81.02541,90,0,219,,0,27.83244,27.12165,22.21729
1786417629,27.06684,81.00099,90,0,219,,1,27.83244,27.15551,22.31888
1786417630,26.98405,81.14442,90,0,219,,18,27.79877,27.15551,22.28502
1786417630,26.95468,81.03456,90,0,219,,0,27.83244,27.18938,22.21729
1786417631,27.08286,81.1078,90,0,219,,0,27.79877,27.15551,22.25135
1786417632,27.04013,81.08797,90,0,219,,18,27.83244,27.15551,22.25135
1786417632,27.01076,81.3077,90,0,219,,0,27.79877,27.08778,22.35275
1786417633,27.06684,81.07423,90,0,219,,0,27.83244,27.18938,22.28502
1786417634,26.95468,81.17036,90,0,219,,11,27.79877,27.18938,22.21729
1786417634,27.06684,81.02083,90,0,220,,0,27.79877,27.22325,22.21729
1786417635,27.09621,81.1429,90,0,219,,0,27.79877,27.18938,22.25135
1786417636,27.06684,81.15663,90,0,219,,0,27.90037,27.15551,22.31888
1786417636,27.06684,81.00099,90,0,219,,2,27.8665,27.12165,22.28502
1786417637,27.10956,81.17952,90,0,219,,0,27.83244,27.22325,22.35275
1786417638,26.98405,81.06203,90,0,219,,0,27.79877,27.15551,22.21729
1786417638,27.04013,80.99336,90,0,219,,3,27.79877,27.12165,22.28502
1786417639,27.12291,81.03761,90,0,219,,20,27.79877,27.15551,22.25135
1786417640,27.06684,81.08492,90,0,219,,0,27.79877,27.12165,22.28502
1786417640,27.05348,81.1017,90,0,219,,0,27.79877,27.15551,22.25135
1786417641,27.01076,81.16273,90,0,219,,7,27.83244,27.15551,22.31888
1786417642,27.06684,81.18867,90,0,219,,0,27.79877,27.08778,22.28502
1786417642,27.05348,81.13069,90,0,219,,0,27.79877,27.15551,22.28502
1786417643,27.04013,81.11696,90,0,219,,1,27.79877,27.18938,22.25135
1786417644,27.05348,81.12154,90,0,219,,9,27.83244,27.18938,22.25135
1786417644,27.10956,81.07576,90,0,220,,0,27.7649,27.22325,22.21729
1786417645,27.08286,80.99336,90,0,219,,0,27.79877,27.22325,22.31888
1786417646,27.02411,81.14442,90,0,219,,7,27.83244,27.12165,22.28502
1786417647,27.06684,81.16731,90,0,219,,0,27.7649,27.12165,22.21729
1786417647,27.05348,81.07118,90,0,219,,0,27.79877,27.25711,22.28502
1786417648,27.12291,81.04677,90,0,219,,11,27.83244,27.12165,22.28502
1786417649,27.06684,81.10323,90,0,219,,0,27.83244,27.18938,22.25135
1786417649,27.02411,81.03304,90,0,219,,0,27.79877,27.15551,22.28502
1786417650,27.01076,81.08949,90,0,219,,0,27.83244,27.12165,22.25135
1786417651,27.06684,81.11543,90,0,219,,11,27.83244,27.12165,22.25135
1786417651,27.10956,81.11543,90,0,219,,0,27.79877,27.15551,22.21729
1786417652,27.05348,81.0605,90,0,219,,0,27.83244,27.18938,22.28502
1786417653,27.05348,81.0605,90,0,219,,20,27.7649,27.18938,22.25135
1786417653,27.04013,81.05745,90,0,219,,0,27.7649,27.12165,22.31888
1786417654,27.06684,81.13527,90,0,219,,0,27.83244,27.25711,22.35275
1786417655,27.12291,81.20241,90,0,220,,0,27.79877,27.25711,22.28502
1786417655,27.05348,81.22682,90,0,219,,0,27.79877,27.15551,22.28502
1786417656,27.09621,81.34127,90,0,219,,0,27.79877,27.18938,22.31888
1786417657,27.15228,81.41756,90,0,219,,1,27.79877,27.15551,22.28502
1786417657,26.95468,81.3962,90,0,219,,0,27.79877,27.25711,22.28502
1786417658,27.05348,81.40078,90,0,219,,0,27.83244,27.15551,22.25135
1786417659,27.04013,81.41909,90,0,219,,1,27.8665,27.12165,22.25135
1786417659,27.01076,81.44198,90,0,219,,16,27.79877,27.15551,22.18362
1786417660,26.96803,81.32754,90,0,219,,0,27.79877,27.18938,22.25135
1786417661,26.95468,81.45876,90,0,219,,0,27.8665,27.15551,22.35275
1786417661,27.08286,81.18105,90,0,219,,16,27.83244,27.15551,22.18362
1786417662,26.95468,81.19936,90,0,219,,0,27.7649,27.12165,22.28502
1786417663,27.01076,81.33974,90,0,219,,0,27.83244,27.15551,22.31888
1786417663,27.04013,81.25277,90,0,219,,17,27.83244,27.12165,22.31888
1786417664,27.08286,81.18105,90,0,220,,0,27.79877,27.18938,22.28502
1786417665,27.02411,81.27108,90,0,219,,0,27.7649,27.22325,22.35275
1786417666,27.05348,81.24513,90,0,219,,8,27.79877,27.22325,22.25135
1786417666,27.01076,81.09865,90,0,219,,0,27.79877,27.18938,22.28502
1786417667,27.01076,81.21614,90,0,219,,0,27.79877,27.15551,22.21729
1786417668,26.96803,81.17189,90,0,219,,8,27.79877,27.25711,22.25135
1786417668,27.10956,81.09712,90,0,219,,18,27.8665,27.22325,22.28502
1786417669,27.05348,81.23598,90,0,219,,0,27.83244,27.18938,22.25135
1786417670,26.99741,81.22072,90,0,219,,0,27.79877,27.18938,22.28502
1786417670,27.12291,81.16121,90,0,219,,14,27.83244,27.15551,22.21729
1786417671,26.98405,81.14442,90,0,219,,0,27.79877,27.15551,22.25135
1786417672,27.06684,81.04219,90,0,219,,0,27.83244,27.18938,22.28502
1786417672,27.12291,81.20241,90,0,219,,9,27.79877,27.15551,22.28502
1786417673,27.08286,81.12917,90,0,219,,0,27.83244,27.22325,22.28502
1786417674,27.02411,81.23903,90,0,219,,0,27.83244,27.18938,22.31888
1786417674,27.06684,81.15663,90,0,220,,0,27.7649,27.15551,22.35275
1786417675,27.05348,81.30923,90,0,219,,18,27.83244,27.18938,22.25135
1786417676,27.06684,81.44656,90,0,219,,0,27.83244,27.12165,22.18362
1786417676,27.02411,81.39468,90,0,219,,0,27.83244,27.22325,22.21729
1786417677,27.09621,81.42367,90,0,220,,5,27.79877,27.12165,22.21729
1786417678,26.92798,81.33974,90,0,219,,0,27.83244,27.12165,22.31888
1786417678,27.01076,81.32754,90,0,219,,0,27.83244,27.15551,22.25135
1786417679,27.04013,81.29549,90,0,219,,6,27.79877,27.15551,22.25135
1786417680,26.94133,81.24818,90,0,219,,0,27.83244,27.15551,22.28502
1786417680,26.99741,81.21156,90,0,219,,0,27.79877,27.12165,22.21729
1786417681,27.09621,81.27718,90,0,219,,3,27.83244,27.15551,22.25135
1786417682,27.09621,81.24513,90,0,219,,7,27.73104,27.25711,22.25135
1786417682,27.02411,81.19783,90,0,219,,0,27.83244,27.12165,22.25135
1786417683,27.19501,81.27261,90,0,219,,0,27.7649,27.22325,22.28502
1786417684,27.01076,81.21614,90,0,219,,12,27.83244,27.15551,22.25135
1786417685,27.13893,81.21767,90,0,219,,0,27.7649,27.22325,22.28502
1786417685,27.08286,81.12001,90,0,219,,0,27.79877,27.22325,22.25135
1786417686,27.02411,81.13527,90,0,219,,2,27.83244,27.12165,22.21729
1786417687,27.08286,81.149,90,0,219,,0,27.7649,27.22325,22.35275
1786417687,27.02411,81.11238,90,0,219,,0,27.83244,27.25711,22.28502
1786417688,27.08286,81.25277,90,0,219,,0,27.7649,27.12165,22.28502
1786417689,27.01076,81.17189,90,0,219,,12,27.79877,27.22325,22.25135
1786417689,27.09621,81.15358,90,0,219,,0,27.79877,27.22325,22.25135
1786417690,26.98405,81.07118,90,0,219,,0,27.83244,27.08778,22.25135
1786417691,27.13893,81.25735,90,0,219,,13,27.83244,27.18938,22.28502
1786417691,27.01076,81.13069,90,0,219,,0,27.8665,27.22325,22.25135
1786417692,27.17899,81.11543,90,0,219,,0,27.83244,27.12165,22.25135
1786417693,26.99741,81.01472,90,0,219,,7,27.83244,27.08778,22.28502
1786417693,27.08286,81.19325,90,0,219,,9,27.79877,27.22325,22.21729
1786417694,27.01076,81.16273,90,0,219,,0,27.7649,27.18938,22.28502
1786417695,27.01076,81.09865,90,0,219,,0,27.79877,27.02005,22.25135
1786417695,26.96803,81.13069,90,0,219,,13,27.79877,27.15551,22.25135
1786417696,26.99741,81.08492,90,0,219,,0,27.83244,27.29098,22.31888
1786417697,27.01076,81.04829,90,0,219,,0,27.79877,27.15551,22.35275
1786417697,26.99741,81.08492,90,0,219,,10,27.7649,27.18938,22.28502
1786417698,27.01076,81.01625,90,0,219,,1,27.79877,27.12165,22.14976
1786417699,27.06684,81.16731,90,0,219,,0,27.79877,27.18938,22.35275
1786417699,27.05348,81.15358,90,0,219,,0,27.79877,27.15551,22.25135
1786417700,27.02411,81.13527,90,0,219,,6,27.7649,27.15551,22.18362
1786417701,27.02411,81.17647,90,0,219,,0,27.8665,27.15551,22.25135
1786417701,27.01076,80.99641,90,0,219,,0,27.79877,27.15551,22.25135
1786417702,27.04013,81.149,90,0,219,,8,27.83244,27.15551,22.31888
1786417703,27.02411,81.03304,90,0,219,,0,27.79877,27.22325,22.35275
1786417704,27.06684,81.06508,90,0,219,,0,27.7649,27.15551,22.31888
1786417704,27.01076,81.12154,90,0,220,,0,27.8665,27.12165,22.25135
1786417705,27.01076,81.08949,90,0,219,,3,27.83244,27.08778,22.25135
1786417706,26.98405,81.18867,90,0,220,,0,27.79877,27.12165,22.18362
1786417706,27.10956,81.12611,90,0,219,,0,27.8665,27.15551,22.21729
1786417707,26.99741,81.04677,90,0,219,,3,27.83244,27.15551,22.28502
1786417708,26.99741,81.13832,90,0,219,,0,27.79877,27.15551,22.28502
1786417708,27.06684,81.09407,90,0,219,,0,27.83244,27.25711,22.21729
1786417709,27.01076,81.02846,90,0,219,,2,27.83244,27.18938,22.28502
1786417710,26.99741,81.08492,90,0,219,,14,27.83244,27.15551,22.25135
1786417710,26.95468,81.1902,90,0,219,,0,27.83244,27.15551,22.28502
1786417711,26.92798,81.16273,90,0,219,,0,27.7649,27.22325,22.25135
1786417712,27.01076,81.17189,90,0,219,,11,27.83244,27.18938,22.21729
1786417712,27.02411,81.10323,90,0,219,,0,27.79877,27.15551,22.28502
1786417713,26.91195,81.11543,90,0,219,,0,27.7649,27.12165,22.28502
1786417714,27.08286,81.12001,90,0,219,,6,27.79877,27.15551,22.25135
1786417714,26.95468,80.99184,90,0,220,,0,27.79877,27.15551,22.21729
1786417715,27.10956,81.19936,90,0,219,,0,27.79877,27.22325,22.18362
1786417716,27.02411,81.11238,90,0,219,,0,27.79877,27.22325,22.28502
1786417716,27.12291,81.17189,90,0,219,,4,27.7649,27.15551,22.21729
1786417717,27.10956,81.16731,90,0,219,,0,27.79877,27.18938,22.25135
1786417718,27.02411,81.05287,90,0,219,,0,27.79877,27.05412,22.21729
1786417718,26.96803,81.0071,90,0,219,,12,27.79877,27.18938,22.35275
1786417719,27.06684,81.17647,90,0,219,,0,27.7649,27.15551,22.28502
1786417720,27.02411,81.16579,90,0,219,,0,27.83244,27.18938,22.25135
1786417720,27.05348,81.12154,90,0,219,,12,27.83244,27.18938,22.28502
1786417721,26.98405,81.11238,90,0,219,,0,27.7649,27.18938,22.25135
1786417722,27.06684,81.01167,90,0,219,,0,27.7649,27.15551,22.21729
1786417723,27.09621,81.08339,90,0,219,,9,27.83244,27.18938,22.21729
1786417723,27.02411,81.05287,90,0,219,,12,27.83244,27.18938,22.21729
1786417724,27.02411,81.09254,90,0,219,,0,27.83244,27.15551,22.28502
1786417725,27.05348,81.03914,90,0,220,,0,27.7649,27.15551,22.28502
1786417725,26.95468,81.00252,90,0,219,,9,27.83244,27.15551,22.25135
1786417726,27.02411,81.10323,90,0,219,,0,27.79877,27.29098,22.28502
1786417727,27.04013,81.11696,90,0,219,,0,27.83244,27.22325,22.28502
1786417727,26.98405,81.29092,90,0,219,,12,27.79877,27.15551,22.35275
1786417728,26.98405,81.10323,90,0,219,,0,27.79877,27.08778,22.25135
1786417729,27.02411,81.21767,90,0,219,,0,27.83244,27.15551,22.21729
1786417729,27.06684,81.28024,90,0,219,,13,27.79877,27.18938,22.28502
1786417730,27.04013,81.29549,90,0,219,,0,27.83244,27.15551,22.31888
1786417731,27.12291,81.3901,90,0,219,,0,27.79877,27.22325,22.21729
1786417731,26.96803,81.44198,90,0,219,,9,27.7649,27.15551,22.25135
1786417732,27.08286,81.3901,90,0,219,,0,27.8665,27.18938,22.25135
1786417733,27.04013,81.32601,90,0,219,,0,27.79877,27.12165,22.35275
1786417733,26.98405,81.34432,90,0,219,,2,27.83244,27.12165,22.25135
1786417734,27.09621,81.39468,90,0,219,,0,27.79877,27.15551,22.28502
1786417735,27.13893,81.30923,90,0,219,,0,27.83244,27.15551,22.31888
1786417735,26.98405,81.21767,90,0,219,,2,27.79877,27.15551,22.25135
1786417736,26.99741,81.20241,90,0,219,,8,27.79877,27.22325,22.31888
1786417737,27.06684,81.36416,90,0,219,,0,27.83244,27.18938,22.25135
1786417737,26.99741,81.35806,90,0,219,,0,27.79877,27.12165,22.21729
1786417738,27.04013,81.22224,90,0,219,,9,27.79877,27.15551,22.28502
1786417739,27.05348,81.20699,90,0,219,,0,27.79877,27.15551,22.21729
1786417739,27.02411,81.18867,90,0,219,,0,27.8665,27.18938,22.21729
1786417740,26.95468,81.26192,90,0,219,,6,27.7649,27.12165,22.21729
1786417741,27.04013,81.18105,90,0,219,,0,27.83244,27.15551,22.28502
1786417742,26.98405,81.10323,90,0,219,,0,27.79877,27.12165,22.35275
1786417742,26.96803,81.1841,90,0,219,,9,27.7649,27.25711,22.28502
1786417743,27.05348,81.23598,90,0,219,,0,27.8665,27.15551,22.25135
1786417744,27.12291,81.149,90,0,219,,0,27.83244,27.18938,22.28502
1786417744,27.01076,81.13069,90,0,220,,0,27.79877,27.15551,22.14976
1786417745,26.99741,81.24055,90,0,219,,5,27.79877,27.22325,22.21729
1786417746,27.12291,81.09865,90,0,219,,0,27.79877,27.18938,22.31888
1786417746,27.04013,81.18105,90,0,219,,0,27.83244,27.18938,22.28502
1786417747,26.98405,81.03304,90,0,219,,6,27.7649,27.15551,22.28502
1786417748,27.01076,80.97505,90,0,219,,0,27.83244,27.12165,22.25135
1786417748,26.94133,81.04219,90,0,219,,0,27.7649,27.18938,22.31888
1786417749,27.05348,81.08949,90,0,219,,5,27.8665,27.22325,22.25135
1786417750,27.04013,81.05745,90,0,219,,0,27.79877,27.18938,22.25135
1786417750,26.99741,81.11696,90,0,219,,0,27.83244,27.15551,22.21729
1786417751,27.01076,81.08949,90,0,219,,11,27.7649,27.22325,22.35275
1786417752,26.99741,81.13832,90,0,219,,8,27.79877,27.12165,22.28502
1786417752,27.05348,81.08949,90,0,219,,0,27.79877,27.18938,22.31888
1786417753,27.06684,81.18867,90,0,219,,0,27.7649,27.15551,22.25135
1786417754,26.99741,81.03456,90,0,219,,9,27.83244,27.12165,22.25135
1786417754,27.06684,81.14748,90,0,220,,0,27.7649,27.15551,22.31888
1786417755,27.02411,81.19783,90,0,219,,0,27.83244,27.18938,22.21729
1786417756,27.02411,80.92775,90,0,219,,7,27.79877,27.12165,22.28502
1786417756,26.98405,81.12459,90,0,219,,0,27.79877,27.22325,22.21729
1786417757,26.92798,81.03761,90,0,219,,0,27.83244,27.18938,22.25135
1786417758,27.06684,81.18867,90,0,219,,14,27.83244,27.18938,22.28502
1786417758,26.95468,80.99184,90,0,219,,0,27.83244,27.18938,22.18362
1786417759,27.08286,81.1078,90,0,219,,0,27.83244,27.18938,22.31888
1786417760,27.08286,81.09712,90,0,219,,11,27.79877,27.18938,22.28502
1786417761,27.02411,81.07423,90,0,219,,0,27.83244,27.12165,22.28502
1786417761,27.05348,81.12154,90,0,219,,0,27.83244,27.22325,22.21729
1786417762,27.04013,81.1078,90,0,219,,5,27.83244,27.12165,22.21729
1786417763,27.04013,81.08797,90,0,219,,5,27.79877,27.15551,22.25135
1786417763,26.96803,81.02846,90,0,219,,0,27.79877,27.18938,22.18362
1786417764,27.02411,81.16579,90,0,219,,0,27.83244,27.15551,22.28502
1786417765,26.95468,81.12611,90,0,220,,0,27.79877,27.15551,22.21729
1786417765,26.96803,81.0071,90,0,219,,0,27.79877,27.22325,22.31888
1786417766,27.05348,81.19478,90,0,219,,0,27.73104,27.15551,22.21729
1786417767,27.06684,81.17647,90,0,219,,7,27.8665,27.12165,22.28502
1786417767,27.05348,81.15358,90,0,219,,0,27.79877,27.18938,22.25135
1786417768,26.99741,81.09712,90,0,219,,0,27.79877,27.15551,22.28502
1786417769,27.09621,81.20699,90,0,219,,9,27.79877,27.22325,22.21729
1786417769,27.02411,81.09254,90,0,219,,0,27.83244,27.12165,22.18362
1786417770,27.08286,81.16121,90,0,219,,0,27.83244,27.15551,22.28502
1786417771,27.08286,81.08949,90,0,219,,13,27.7649,27.08778,22.31888
1786417771,27.06684,81.11543,90,0,219,,0,27.79877,27.22325,22.21729
1786417772,26.98405,81.10323,90,0,219,,0,27.79877,27.18938,22.28502
1786417773,26.99741,81.04677,90,0,219,,14,27.79877,27.15551,22.28502
1786417773,27.01076,81.15205,90,0,219,,0,27.79877,27.18938,22.31888
1786417774,27.12291,81.20241,90,0,219,,0,27.79877,27.15551,22.28502
1786417775,27.06684,81.18867,90,0,219,,5,27.7649,27.15551,22.21729
1786417775,27.05348,81.11086,90,0,219,,0,27.7649,27.15551,22.28502
1786417776,26.99741,81.17036,90,0,219,,0,27.79877,27.18938,22.25135
1786417777,27.01076,81.1841,90,0,219,,1,27.83244,27.18938,22.28502
1786417777,27.05348,81.02846,90,0,219,,12,27.83244,27.18938,22.25135
1786417778,27.04013,81.11696,90,0,219,,0,27.79877,27.15551,22.25135
1786417779,27.02411,81.07423,90,0,219,,1,27.79877,27.18938,22.28502
1786417780,27.08286,81.23445,90,0,219,,15,27.83244,27.18938,22.25135
1786417780,27.09621,81.21614,90,0,219,,0,27.83244,27.12165,22.28502
1786417781,26.99741,81.15816,90,0,219,,0,27.79877,27.22325,22.35275
1786417782,26.96803,81.20393,90,0,219,,10,27.83244,27.08778,22.31888
1786417782,27.01076,81.1429,90,0,219,,0,27.8665,27.08778,22.21729
1786417783,27.01076,81.11086,90,0,219,,0,27.79877,27.15551,22.25135
1786417784,27.02411,81.06203,90,0,219,,9,27.79877,27.18938,22.25135
1786417784,27.01076,81.15205,90,0,220,,0,27.83244,27.08778,22.31888
1786417785,27.09621,81.20699,90,0,219,,0,27.7649,27.15551,22.25135
1786417786,26.98405,81.07118,90,0,219,,5,27.83244,27.15551,22.31888
1786417786,27.08286,81.08949,90,0,219,,0,27.83244,27.15551,22.35275
1786417787,27.08286,81.08949,90,0,220,,0,27.83244,27.22325,22.28502
1786417788,27.01076,81.16273,90,0,219,,1,27.79877,27.12165,22.28502
1786417788,27.02411,81.17647,90,0,219,,13,27.7649,27.15551,22.31888
1786417789,27.16564,81.12001,90,0,219,,0,27.83244,27.12165,22.35275
1786417790,27.12291,81.20241,90,0,219,,0,27.79877,27.15551,22.31888
1786417790,27.05348,81.17494,90,0,219,,15,27.7649,27.15551,22.25135
1786417791,27.05348,81.1841,90,0,219,,0,27.7649,27.22325,22.31888
1786417792,26.96803,81.08797,90,0,219,,0,27.7649,27.22325,22.25135
1786417792,27.08286,81.1078,90,0,219,,7,27.7649,27.15551,22.25135
1786417793,27.09621,81.11238,90,0,219,,0,27.79877,27.15551,22.31888
1786417794,27.09621,81.07118,90,0,219,,0,27.79877,27.15551,22.31888
1786417794,27.09621,81.07118,90,0,220,,0,27.79877,27.15551,22.28502
1786417795,27.06684,81.04219,90,0,219,,0,27.79877,27.22325,22.25135
1786417796,26.98405,81.16579,90,0,219,,0,27.7649,27.15551,22.31888
1786417796,27.04013,81.1902,90,0,219,,3,27.79877,27.22325,22.21729
1786417797,27.10956,81.16731,90,0,219,,10,27.83244,27.08778,22.21729
1786417798,27.13893,81.23903,90,0,219,,0,27.79877,27.15551,22.28502
1786417799,27.09621,81.16273,90,0,219,,0,27.8665,27.15551,22.28502
1786417799,26.98405,81.09254,90,0,219,,11,27.7649,27.15551,22.25135
1786417800,26.98405,81.12459,90,0,219,,0,27.7649,27.12165,22.28502
1786417801,26.98405,81.08339,90,0,219,,0,27.79877,27.08778,22.25135
1786417801,27.05348,81.27718,90,0,219,,10,27.79877,27.15551,22.25135
1786417802,27.08286,81.12917,90,0,219,,0,27.7649,27.15551,22.31888
1786417803,27.05348,81.19478,90,0,219,,0,27.79877,27.18938,22.28502
1786417803,27.05348,81.12154,90,0,219,,12,27.7649,27.12165,22.25135
1786417804,27.08286,81.12001,90,0,219,,0,27.79877,27.18938,22.28502
1786417805,27.04013,81.07881,90,0,220,,0,27.79877,27.22325,22.18362
1786417805,27.02411,81.10323,90,0,219,,2,27.79877,27.18938,22.25135
1786417806,26.94133,81.13374,90,0,219,,0,27.79877,27.12165,22.18362
1786417807,27.01076,81.13069,90,0,219,,0,27.79877,27.12165,22.31888
1786417807,27.08286,81.04677,90,0,219,,7,27.79877,27.12165,22.21729
1786417808,27.05348,81.1429,90,0,219,,4,27.7649,27.12165,22.25135
1786417809,27.08286,81.12917,90,0,219,,0,27.79877,27.12165,22.28502
1786417809,26.96803,81.02846,90,0,219,,6,27.7649,27.25711,22.35275
1786417810,27.08286,81.12917,90,0,219,,15,27.83244,27.15551,22.25135
1786417811,27.01076,81.0071,90,0,219,,0,27.79877,27.15551,22.31888
1786417811,27.09621,81.07118,90,0,219,,1,27.79877,27.15551,22.25135
1786417812,26.99741,81.0666,90,0,219,,5,27.79877,27.15551,22.25135
1786417813,27.01076,80.98726,90,0,219,,0,27.83244,27.15551,22.21729
1786417813,26.99741,81.149,90,0,219,,0,27.73104,27.18938,22.21729
1786417814,27.08286,81.0666,90,0,220,,1,27.83244,27.15551,22.25135
1786417815,27.01076,81.0605,90,0,219,,0,27.79877,27.12165,22.21729
1786417815,27.06684,81.05287,90,0,219,,0,27.83244,27.12165,22.25135
1786417816,27.04013,81.07881,90,0,219,,14,27.7649,27.15551,22.25135
1786417817,27.04013,81.12917,90,0,219,,0,27.7649,27.22325,22.25135
1786417818,27.01076,81.17189,90,0,219,,0,27.79877,27.22325,22.28502
1786417818,27.10956,81.09712,90,0,219,,6,27.79877,27.08778,22.25135
1786417819,27.05348,81.1017,90,0,219,,0,27.7649,27.15551,22.25135
1786417820,27.08286,81.17189,90,0,219,,0,27.7649,27.12165,22.35275
1786417820,27.01076,81.1429,90,0,219,,12,27.79877,27.22325,22.35275
1786417821,27.01076,81.19478,90,0,219,,0,27.83244,27.15551,22.21729
1786417822,27.01076,81.13069,90,0,219,,0,27.7649,27.18938,22.38642
1786417822,27.04013,81.03456,90,0,219,,14,27.79877,27.12165,22.25135
1786417823,26.99741,81.12917,90,0,219,,0,27.79877,27.18938,22.25135
1786417824,27.06684,81.09407,90,0,219,,0,27.79877,27.12165,22.28502
1786417824,27.10956,81.15663,90,0,220,,0,27.7649,27.15551,22.28502
1786417825,26.96803,81.19325,90,0,219,,3,27.79877,27.12165,22.31888
1786417826,27.05348,81.12154,90,0,219,,0,27.83244,27.15551,22.28502
1786417826,26.95468,81.05592,90,0,219,,0,27.79877,27.22325,22.28502
1786417827,27.01076,81.08949,90,0,219,,22,27.79877,27.22325,22.21729
1786417828,27.02411,81.21767,90,0,219,,0,27.7649,27.18938,22.25135
1786417828,26.95468,81.13832,90,0,219,,0,27.8665,27.18938,22.28502
1786417829,27.12291,81.18105,90,0,219,,6,27.79877,27.15551,22.21729
1786417830,26.99741,81.1902,90,0,219,,0,27.83244,27.08778,22.31888
1786417830,27.02411,81.15663,90,0,219,,0,27.79877,27.12165,22.31888
1786417831,27.02411,81.15663,90,0,219,,12,27.83244,27.22325,22.28502
1786417832,27.02411,81.08339,90,0,219,,0,27.79877,27.15551,22.31888
1786417832,27.01076,81.1841,90,0,219,,0,27.79877,27.18938,22.18362
1786417833,27.01076,81.11086,90,0,219,,13,27.83244,27.15551,22.31888
1786417834,27.01076,81.08949,90,0,219,,6,27.7649,27.12165,22.25135
1786417835,27.08286,81.33669,90,0,219,,0,27.83244,27.15551,22.31888
1786417835,27.01076,81.17189,90,0,219,,0,27.8665,27.12165,22.25135
1786417836,27.04013,81.20241,90,0,219,,18,27.79877,27.15551,22.21729
1786417837,26.99741,81.21156,90,0,219,,0,27.79877,27.15551,22.35275
1786417837,26.99741,81.15816,90,0,219,,0,27.83244,27.08778,22.31888
1786417838,26.98405,81.12459,90,0,219,,22,27.79877,27.15551,22.21729
1786417839,27.04013,81.13985,90,0,219,,0,27.79877,27.22325,22.28502
1786417839,27.10956,81.06508,90,0,219,,0,27.8665,27.15551,22.31888
1786417840,27.09621,81.13374,90,0,219,,13,27.8665,27.15551,22.28502
1786417841,27.05348,81.12154,90,0,219,,17,27.83244,27.18938,22.28502
1786417841,27.01076,80.94301,90,0,219,,0,27.79877,27.12165,22.21729
1786417842,27.02411,81.14442,90,0,219,,0,27.83244,27.15551,22.31888
1786417843,27.06684,81.22987,90,0,219,,16,27.83244,27.22325,22.28502
1786417843,26.95468,81.04372,90,0,219,,0,27.79877,27.15551,22.28502
1786417844,26.98405,81.22682,90,0,219,,0,27.79877,27.15551,22.28502
1786417845,27.04013,81.13985,90,0,219,,0,27.83244,27.12165,22.31888
1786417845,26.98405,81.01015,90,0,219,,1,27.79877,27.22325,22.31888
1786417846,27.05348,81.11086,90,0,219,,0,27.79877,27.12165,22.31888
1786417847,27.06684,81.15663,90,0,219,,0,27.8665,27.15551,22.28502
1786417847,27.06684,81.10323,90,0,219,,11,27.7649,27.15551,22.28502
1786417848,27.06684,81.15663,90,0,219,,0,27.79877,27.15551,22.18362
1786417849,26.94133,81.09254,90,0,219,,0,27.83244,27.18938,22.31888
1786417849,26.99741,81.08492,90,0,219,,11,27.7649,27.18938,22.25135
1786417850,27.13893,81.06203,90,0,219,,0,27.79877,27.08778,22.31888
1786417851,27.08286,81.13985,90,0,219,,0,27.79877,27.12165,22.21729
1786417851,27.08286,81.12001,90,0,219,,5,27.7649,27.15551,22.28502
1786417852,27.04013,81.18105,90,0,219,,0,27.79877,27.18938,22.25135
1786417853,26.99741,80.94148,90,0,219,,0,27.83244,27.15551,22.25135
1786417853,27.06684,81.15663,90,0,219,,10,27.7649,27.15551,22.21729
1786417854,27.01076,81.09865,90,0,220,,1,27.79877,27.15551,22.21729
1786417855,26.98405,80.96895,90,0,219,,0,27.83244,27.12165,22.14976
1786417856,27.08286,80.91096,90,0,219,,0,27.79877,27.22325,22.28502
1786417856,26.98405,81.07118,90,0,219,,10,27.73104,27.15551,22.28502
1786417857,27.02411,81.15663,90,0,220,,0,27.79877,27.18938,22.38642
1786417858,27.04013,81.08797,90,0,219,,0,27.79877,27.18938,22.28502
1786417858,27.02411,81.04219,90,0,219,,11,27.79877,27.22325,22.25135
1786417859,27.05348,81.02846,90,0,219,,0,27.7649,27.18938,22.38642
1786417860,27.04013,81.18105,90,0,219,,0,27.7649,27.18938,22.31888
1786417860,27.05348,81.1429,90,0,219,,9,27.79877,27.15551,22.25135
1786417861,27.06684,81.22072,90,0,219,,0,27.79877,27.18938,22.28502
1786417862,27.06684,81.11543,90,0,219,,0,27.7649,27.12165,22.28502
1786417862,27.02411,81.13527,90,0,219,,7,27.79877,27.15551,22.25135
1786417863,27.04013,81.09712,90,0,219,,3,27.79877,27.18938,22.31888
1786417864,27.04013,80.97353,90,0,219,,0,27.79877,27.15551,22.21729
1786417864,26.99741,81.04677,90,0,220,,0,27.83244,27.18938,22.38642
1786417865,27.01076,81.08949,90,0,219,,13,27.83244,27.18938,22.25135
1786417866,27.09621,81.13374,90,0,219,,0,27.79877,27.15551,22.21729
1786417866,27.06684,81.05287,90,0,219,,0,27.79877,27.15551,22.28502
1786417867,26.95468,81.04372,90,0,219,,12,27.79877,27.18938,22.31888
1786417868,27.08286,81.08949,90,0,219,,0,27.83244,27.15551,22.25135
1786417868,26.96803,80.99641,90,0,219,,0,27.79877,27.22325,22.28502
1786417869,27.06684,81.07423,90,0,219,,1,27.83244,27.12165,22.21729
1786417870,27.05348,81.08949,90,0,219,,5,27.79877,27.18938,22.35275
1786417870,27.10956,81.26192,90,0,219,,0,27.73104,27.18938,22.28502
1786417871,26.95468,81.05592,90,0,219,,0,27.79877,27.22325,22.31888
1786417872,27.08286,81.18105,90,0,219,,11,27.79877,27.12165,22.28502
1786417872,27.12291,81.09865,90,0,219,,0,27.79877,27.18938,22.25135
1786417873,26.99741,81.13832,90,0,219,,0,27.7649,27.22325,22.21729
1786417874,27.10956,81.13527,90,0,219,,0,27.79877,27.18938,22.25135
1786417875,27.04013,81.03456,90,0,219,,7,27.79877,27.12165,22.21729
1786417875,27.02411,81.11238,90,0,219,,0,27.7649,27.18938,22.25135
1786417876,27.08286,81.16121,90,0,219,,0,27.79877,27.05412,22.28502
1786417877,26.99741,81.11696,90,0,219,,3,27.79877,27.18938,22.28502
1786417877,27.04013,81.09712,90,0,219,,0,27.73104,27.12165,22.31888
1786417878,27.02411,81.13527,90,0,219,,0,27.73104,27.12165,22.21729
1786417879,27.04013,81.04677,90,0,219,,0,27.7649,27.12165,22.25135
1786417879,27.02411,81.16579,90,0,219,,15,27.79877,27.15551,22.28502
1786417880,27.01076,80.98726,90,0,219,,0,27.83244,27.18938,22.28502
1786417881,27.09621,81.13374,90,0,219,,0,27.79877,27.22325,22.31888
1786417881,27.05348,81.11086,90,0,219,,11,27.83244,27.18938,22.21729
1786417882,27.02411,80.98878,90,0,219,,0,27.79877,27.12165,22.25135
1786417883,27.02411,81.13527,90,0,219,,0,27.79877,27.08778,22.21729
1786417883,26.99741,81.00252,90,0,219,,2,27.7649,27.12165,22.28502
1786417884,26.98405,81.06203,90,0,219,,16,27.73104,27.15551,22.25135
1786417885,27.10956,81.10323,90,0,219,,0,27.79877,27.15551,22.35275
1786417885,26.98405,81.07118,90,0,219,,0,27.79877,27.15551,22.28502
1786417886,27.02411,81.04219,90,0,219,,7,27.83244,27.12165,22.31888
1786417887,27.08286,81.17189,90,0,219,,0,27.79877,27.12165,22.28502
1786417887,26.94133,81.02998,90,0,219,,0,27.83244,27.12165,22.25135
1786417888,26.95468,81.01472,90,0,219,,5,27.79877,27.22325,22.18362
1786417889,27.02411,81.05287,90,0,219,,5,27.79877,27.12165,22.28502
1786417889,27.02411,81.04219,90,0,219,,0,27.83244,27.15551,22.25135
1786417890,27.04013,81.04677,90,0,219,,0,27.79877,27.15551,22.28502
1786417891,27.02411,81.06203,90,0,219,,14,27.79877,27.15551,22.28502
1786417891,27.12291,81.07881,90,0,219,,0,27.7649,27.15551,22.38642
1786417892,27.04013,81.02541,90,0,219,,0,27.79877,27.18938,22.21729
1786417893,27.05348,81.11086,90,0,219,,6,27.79877,27.15551,22.28502
1786417894,27.06684,81.06508,90,0,219,,0,27.79877,27.15551,22.28502
1786417894,26.99741,81.12917,90,0,219,,0,27.79877,27.15551,22.25135
1786417895,27.05348,81.0605,90,0,219,,2,27.79877,27.15551,22.21729
1786417896,27.05348,81.1017,90,0,219,,3,27.79877,27.18938,22.28502
1786417896,27.06684,81.11543,90,0,219,,0,27.79877,27.15551,22.25135
1786417897,27.10956,81.03304,90,0,219,,0,27.79877,27.12165,22.38642
1786417898,27.05348,81.0605,90,0,219,,18,27.7649,27.18938,22.28502
1786417898,27.06684,81.12459,90,0,219,,0,27.83244,27.15551,22.18362
1786417899,26.99741,81.02541,90,0,219,,0,27.83244,27.18938,22.28502
1786417900,26.98405,81.07118,90,0,219,,10,27.7649,27.15551,22.21729
1786417900,27.05348,81.07118,90,0,219,,0,27.79877,27.12165,22.21729
1786417901,26.99741,81.08492,90,0,219,,0,27.73104,27.12165,22.28502
1786417902,27.05348,81.08034,90,0,219,,8,27.79877,27.18938,22.21729
1786417902,27.05348,81.1017,90,0,219,,11,27.79877,27.18938,22.28502
1786417903,27.04013,81.08797,90,0,219,,0,27.79877,27.18938,22.28502
1786417904,26.99741,81.03456,90,0,219,,0,27.7649,27.12165,22.28502
1786417904,27.05348,81.08034,90,0,220,,0,27.7649,27.18938,22.31888
1786417905,27.04013,81.1078,90,0,219,,0,27.79877,27.15551,22.28502
1786417906,26.96803,81.08797,90,0,219,,0,27.79877,27.15551,22.28502
1786417906,27.13893,81.08339,90,0,219,,0,27.79877,27.18938,22.25135
1786417907,27.01076,80.95522,90,0,219,,0,27.83244,27.18938,22.28502
1786417908,27.01076,80.98726,90,0,219,,0,27.79877,27.22325,22.31888
1786417908,26.99741,81.02541,90,0,219,,0,27.79877,27.22325,22.31888
1786417909,27.08286,81.2253,90,0,219,,12,27.83244,27.22325,22.28502
1786417910,27.01076,81.1841,90,0,219,,0,27.7649,27.08778,22.28502
1786417910,27.06684,81.17647,90,0,219,,0,27.83244,27.15551,22.31888
1786417911,27.09621,81.15358,90,0,219,,6,27.7649,27.18938,22.25135
1786417912,26.95468,81.00252,90,0,219,,0,27.83244,27.15551,22.31888
1786417913,27.05348,81.03914,90,0,219,,0,27.79877,27.15551,22.31888
1786417913,27.12291,81.12001,90,0,219,,2,27.7649,27.12165,22.28502
1786417914,27.06684,81.03304,90,0,219,,7,27.79877,27.12165,22.31888
1786417915,27.01076,81.0605,90,0,220,,0,27.83244,27.15551,22.31888
1786417915,27.04013,81.09712,90,0,219,,0,27.79877,27.18938,22.21729
1786417916,26.95468,81.05592,90,0,219,,4,27.79877,27.12165,22.28502
1786417917,26.99741,80.92928,90,0,219,,0,27.7649,27.25711,22.31888
1786417917,27.09621,81.11238,90,0,219,,0,27.79877,27.15551,22.28502
1786417918,27.06684,81.14748,90,0,219,,14,27.79877,27.15551,22.31888
1786417919,27.08286,81.13985,90,0,219,,0,27.79877,27.18938,22.21729
1786417919,27.08286,81.05745,90,0,219,,0,27.7649,27.22325,22.28502
1786417920,26.94133,81.04219,90,0,219,,2,27.79877,27.22325,22.21729
1786417921,27.02411,81.17647,90,0,219,,0,27.79877,27.25711,22.31888
1786417921,27.05348,81.28634,90,0,219,,0,27.7649,27.22325,22.28502
1786417922,27.04013,81.07881,90,0,219,,9,27.83244,27.18938,22.31888
1786417923,27.02411,81.14442,90,0,219,,6,27.79877,27.22325,22.28502
1786417923,26.98405,81.13527,90,0,219,,0,27.79877,27.15551,22.28502
1786417924,27.05348,81.15358,90,0,219,,0,27.7649,27.12165,22.28502
1786417925,27.02411,81.10323,90,0,219,,1,27.79877,27.22325,22.28502
1786417925,27.08286,81.17189,90,0,219,,0,27.83244,27.12165,22.35275
1786417926,27.09621,81.07118,90,0,219,,0,27.7649,27.12165,22.31888
1786417927,27.04013,81.09712,90,0,219,,13,27.83244,27.22325,22.21729
1786417927,26.96803,81.04829,90,0,219,,0,27.79877,27.08778,22.28502
1786417928,27.05348,81.1429,90,0,219,,0,27.79877,27.18938,22.28502
1786417929,27.06684,81.15663,90,0,219,,17,27.79877,27.18938,22.21729
1786417929,27.10956,81.14748,90,0,219,,0,27.79877,27.12165,22.25135
1786417930,27.01076,81.08949,90,0,219,,0,27.79877,27.18938,22.21729
1786417931,27.08286,81.12001,90,0,219,,8,27.7649,27.18938,22.31888
1786417932,27.09621,81.12154,90,0,219,,0,27.79877,27.15551,22.18362
1786417932,27.06684,81.18867,90,0,219,,0,27.79877,27.15551,22.28502
1786417933,27.05348,81.20699,90,0,219,,3,27.7649,27.22325,22.28502
1786417934,27.13893,81.12154,90,0,219,,2,27.79877,27.15551,22.28502
1786417934,26.99741,81.09712,90,0,220,,0,27.7649,27.12165,22.21729
1786417935,26.98405,81.15663,90,0,219,,0,27.79877,27.25711,22.28502
1786417936,26.98405,81.16579,90,0,219,,6,27.79877,27.25711,22.25135
1786417936,27.01076,81.02846,90,0,219,,0,27.79877,27.15551,22.25135
1786417937,26.99741,81.0666,90,0,219,,0,27.83244,27.05412,22.28502
1786417938,27.05348,81.1017,90,0,219,,11,27.79877,27.18938,22.25135
1786417938,26.96803,81.09865,90,0,219,,0,27.79877,27.12165,22.28502
1786417939,27.08286,81.12001,90,0,219,,0,27.79877,27.18938,22.25135
1786417940,27.12291,81.1078,90,0,219,,7,27.79877,27.15551,22.28502
1786417940,27.04013,81.13985,90,0,219,,15,27.7649,27.08778,22.31888
1786417941,27.06684,81.16731,90,0,219,,0,27.79877,27.18938,22.25135
1786417942,27.15228,81.03304,90,0,219,,0,27.79877,27.15551,22.18362
1786417942,27.04013,81.09712,90,0,219,,16,27.79877,27.08778,22.25135
1786417943,26.95468,81.09712,90,0,219,,0,27.7649,27.22325,22.31888
1786417944,27.01076,81.06966,90,0,219,,0,27.83244,27.18938,22.28502
1786417944,27.05348,81.21614,90,0,219,,3,27.7649,27.18938,22.31888
1786417945,26.94133,81.05135,90,0,219,,1,27.7649,27.18938,22.25135
1786417946,27.01076,81.06966,90,0,219,,0,27.7649,27.12165,22.25135
1786417946,27.04013,81.0666,90,0,219,,0,27.79877,27.18938,22.25135
1786417947,27.01076,81.07881,90,0,219,,17,27.7649,27.15551,22.25135
1786417948,27.06684,81.07423,90,0,219,,0,27.79877,27.12165,22.25135
1786417948,27.04013,81.0666,90,0,219,,0,27.8665,27.18938,22.25135
1786417949,26.98405,81.01015,90,0,219,,14,27.83244,27.22325,22.28502
1786417950,26.96803,81.0071,90,0,219,,0,27.83244,27.12165,22.25135
1786417951,27.02411,81.11238,90,0,219,,0,27.7649,27.18938,22.35275
1786417951,26.94133,81.05135,90,0,219,,11,27.7649,27.15551,22.18362
1786417952,27.09621,81.11238,90,0,219,,1,27.83244,27.15551,22.25135
1786417953,27.08286,81.12001,90,0,219,,0,27.83244,27.22325,22.25135
1786417953,27.09621,81.07118,90,0,219,,0,27.79877,27.15551,22.18362
1786417954,27.08286,81.04677,90,0,219,,18,27.79877,27.15551,22.25135
1786417955,27.05348,81.0605,90,0,220,,0,27.83244,27.22325,22.28502
1786417955,27.15228,81.11543,90,0,219,,0,27.79877,27.15551,22.21729
1786417956,27.01076,81.0605,90,0,219,,13,27.79877,27.12165,22.21729
1786417957,27.01076,80.98726,90,0,219,,0,27.7649,27.15551,22.25135
1786417957,27.04013,81.04677,90,0,219,,0,27.79877,27.18938,22.28502
1786417958,27.04013,81.07881,90,0,219,,11,27.79877,27.12165,22.28502
1786417959,27.16564,81.07881,90,0,219,,0,27.79877,27.15551,22.18362
1786417959,27.06684,81.06508,90,0,219,,0,27.79877,27.18938,22.25135
1786417960,27.02411,81.12459,90,0,219,,9,27.79877,27.15551,22.28502
1786417961,26.92798,81.09865,90,0,219,,5,27.79877,27.15551,22.25135
1786417961,27.05348,81.08034,90,0,219,,0,27.79877,27.18938,22.28502
1786417962,27.05348,81.1017,90,0,219,,0,27.83244,27.08778,22.28502
1786417963,27.01076,80.92317,90,0,219,,19,27.7649,27.18938,22.18362
1786417963,27.02411,81.06203,90,0,219,,0,27.79877,27.05412,22.21729
1786417964,27.05348,81.03914,90,0,220,,0,27.79877,27.22325,22.21729
1786417965,26.99741,81.02541,90,0,219,,14,27.7649,27.18938,22.25135
1786417965,27.02411,81.23903,90,0,219,,0,27.79877,27.12165,22.28502
1786417966,26.99741,81.02541,90,0,219,,0,27.7649,27.12165,22.31888
1786417967,27.05348,81.08949,90,0,219,,5,27.7649,27.15551,22.25135
1786417967,27.06684,81.08492,90,0,219,,0,27.79877,27.15551,22.25135
1786417968,27.01076,80.91402,90,0,219,,0,27.7649,27.15551,22.28502
1786417969,27.09621,81.15358,90,0,219,,6,27.79877,27.15551,22.31888
1786417970,27.05348,81.0605,90,0,219,,0,27.7649,27.12165,22.28502
1786417970,27.02411,81.10323,90,0,219,,0,27.79877,27.22325,22.21729
1786417971,27.06684,81.01167,90,0,219,,3,27.73104,27.15551,22.31888
1786417972,27.01076,80.97505,90,0,219,,0,27.79877,27.15551,22.25135
1786417972,27.02411,81.06203,90,0,219,,0,27.83244,27.12165,22.28502
1786417973,26.98405,81.06203,90,0,219,,5,27.79877,27.12165,22.28502
1786417974,27.08286,81.03761,90,0,219,,14,27.83244,27.15551,22.21729
1786417974,26.98405,80.92775,90,0,220,,0,27.83244,27.12165,22.14976
1786417975,27.01076,81.08949,90,0,219,,0,27.7649,27.12165,22.31888
1786417976,27.01076,81.0071,90,0,219,,4,27.7649,27.15551,22.14976
1786417976,27.02411,81.00099,90,0,219,,0,27.79877,27.12165,22.25135
1786417977,27.01076,80.96437,90,0,219,,0,27.83244,27.08778,22.25135
1786417978,26.98405,81.01015,90,0,219,,11,27.79877,27.18938,22.25135
1786417978,26.96803,80.95522,90,0,219,,1,27.7649,27.22325,22.25135
1786417979,27.08286,80.99336,90,0,219,,0,27.83244,27.15551,22.35275
1786417980,26.99741,80.97353,90,0,219,,12,27.7649,27.08778,22.25135
1786417980,26.98405,80.94759,90,0,219,,0,27.83244,27.15551,22.28502
1786417981,26.99741,81.12917,90,0,219,,0,27.83244,27.18938,22.25135
1786417982,27.10956,81.12611,90,0,219,,6,27.8665,27.18938,22.21729
1786417982,27.05348,80.9659,90,0,219,,14,27.83244,27.12165,22.28502
1786417983,27.10956,81.03304,90,0,219,,0,27.7649,27.12165,22.18362
1786417984,27.05348,81.08034,90,0,219,,0,27.79877,27.12165,22.25135
1786417984,27.04013,81.149,90,0,219,,9,27.79877,27.25711,22.28502
1786417985,27.01076,81.20393,90,0,219,,0,27.79877,27.15551,22.25135
1786417986,27.02411,81.11238,90,0,219,,0,27.8665,27.18938,22.28502
1786417986,27.13893,81.13374,90,0,219,,8,27.7649,27.18938,22.25135
1786417987,27.06684,81.16731,90,0,220,,0,27.7649,27.22325,22.18362
1786417988,27.04013,81.09712,90,0,219,,0,27.79877,27.08778,22.28502
1786417989,27.02411,81.13527,90,0,219,,22,27.7649,27.12165,22.25135
1786417989,27.05348,80.99794,90,0,219,,0,27.79877,27.12165,22.28502
1786417990,27.08286,81.08949,90,0,219,,0,27.83244,27.15551,22.28502
1786417991,27.08286,81.19325,90,0,219,,15,27.83244,27.12165,22.25135
1786417991,27.06684,81.15663,90,0,219,,0,27.7649,27.18938,22.25135
1786417992,27.08286,81.12001,90,0,219,,0,27.79877,27.15551,22.25135
1786417993,27.06684,81.02083,90,0,219,,3,27.8665,27.12165,22.28502
1786417993,27.05348,81.11086,90,0,219,,12,27.79877,27.18938,22.21729
1786417994,27.04013,81.11696,90,0,219,,0,27.79877,27.12165,22.35275
1786417995,27.05348,81.1429,90,0,219,,0,27.83244,27.15551,22.28502
1786417995,27.04013,81.13985,90,0,219,,17,27.83244,27.08778,22.28502
1786417996,26.92798,80.99641,90,0,219,,0,27.79877,27.15551,22.21729
1786417997,27.09621,81.12154,90,0,219,,0,27.7649,27.15551,22.28502
1786417997,27.06684,81.08492,90,0,219,,12,27.7649,27.15551,22.21729
1786417998,27.04013,81.09712,90,0,219,,1,27.7649,27.18938,22.28502
1786417999,26.96803,81.08797,90,0,219,,0,27.83244,27.12165,22.21729
1786417999,27.08286,81.01625,90,0,219,,0,27.7649,27.18938,22.25135
1786418000,27.09621,81.07118,90,0,219,,14,27.83244,27.12165,22.25135
1786418001,27.05348,80.99794,90,0,219,,0,27.79877,27.12165,22.28502
1786418001,27.06684,81.09407,90,0,219,,0,27.79877,27.08778,22.18362
1786418002,26.99741,80.92928,90,0,219,,10,27.83244,27.05412,22.28502
1786418003,26.95468,80.88808,90,0,219,,0,27.7649,27.15551,22.25135
1786418003,27.12291,81.08949,90,0,219,,0,27.79877,27.18938,22.28502
1786418004,27.02411,81.05287,90,0,220,,0,27.79877,27.15551,22.25135
1786418005,27.09621,81.17494,90,0,219,,6,27.79877,27.12165,22.31888
1786418006,27.01076,81.03914,90,0,219,,0,27.79877,27.15551,22.18362
1786418006,27.04013,80.99336,90,0,219,,0,27.79877,27.15551,22.28502
1786418007,27.06684,81.10323,90,0,219,,2,27.8665,27.18938,22.25135
1786418008,26.99741,81.149,90,0,219,,0,27.79877,27.18938,22.25135
1786418008,26.98405,81.01015,90,0,219,,0,27.7649,27.15551,22.25135
1786418009,27.05348,81.0071,90,0,219,,7,27.83244,27.18938,22.21729
1786418010,27.13893,81.15358,90,0,219,,7,27.83244,27.12165,22.28502
1786418010,27.09621,81.05135,90,0,219,,0,27.79877,27.15551,22.21729
1786418011,27.08286,81.09712,90,0,219,,0,27.8665,27.18938,22.21729
1786418012,27.08286,81.07881,90,0,219,,10,27.7649,27.15551,22.25135
1786418012,27.04013,81.05745,90,0,219,,0,27.7649,27.18938,22.25135
1786418013,26.92798,81.0071,90,0,219,,0,27.79877,27.15551,22.31888
1786418014,27.04013,81.02541,90,0,219,,3,27.7649,27.15551,22.28502
1786418014,26.98405,81.04219,90,0,220,,1,27.79877,27.18938,22.25135
1786418015,26.99741,81.12917,90,0,219,,0,27.7649,27.12165,22.25135
1786418016,27.02411,81.09254,90,0,219,,0,27.79877,27.15551,22.28502
1786418016,27.06684,81.10323,90,0,220,,7,27.7649,27.15551,22.31888
1786418017,27.02411,81.08339,90,0,219,,0,27.79877,27.18938,22.31888
1786418018,27.08286,81.02541,90,0,219,,0,27.83244,27.12165,22.31888
1786418018,26.96803,81.09865,90,0,219,,3,27.79877,27.12165,22.28502
1786418019,26.98405,81.04219,90,0,219,,7,27.7649,27.08778,22.25135
1786418020,26.92798,81.07881,90,0,219,,0,27.7649,27.12165,22.31888
1786418020,27.04013,80.97353,90,0,219,,0,27.83244,27.18938,22.25135
1786418021,27.05348,80.99794,90,0,219,,8,27.7649,27.15551,22.35275
1786418022,27.02411,81.01015,90,0,219,,0,27.7649,27.15551,22.31888
1786418022,27.04013,81.0666,90,0,219,,0,27.83244,27.15551,22.21729
1786418023,27.02411,81.01015,90,0,219,,0,27.79877,27.15551,22.28502
1786418024,27.04013,81.09712,90,0,219,,11,27.79877,27.12165,22.28502
1786418025,27.04013,81.1902,90,0,220,,0,27.83244,27.18938,22.28502
1786418025,27.05348,81.08034,90,0,219,,0,27.83244,27.22325,22.25135
1786418026,26.99741,81.04677,90,0,219,,3,27.83244,27.08778,22.25135
1786418027,27.05348,81.13069,90,0,219,,14,27.79877,27.29098,22.28502
1786418027,27.10956,81.15663,90,0,219,,1,27.7649,27.18938,22.25135
1786418028,27.13893,81.11238,90,0,219,,0,27.83244,27.15551,22.31888
1786418029,27.05348,81.08034,90,0,219,,3,27.7649,27.12165,22.25135
1786418029,27.05348,81.11086,90,0,219,,0,27.79877,27.15551,22.21729
1786418030,27.10956,81.15663,90,0,219,,0,27.83244,27.18938,22.28502
1786418031,27.02411,80.98878,90,0,219,,0,27.79877,27.18938,22.28502
1786418031,27.02411,81.14442,90,0,219,,21,27.79877,27.18938,22.42028
1786418032,27.04013,80.97353,90,0,219,,0,27.79877,27.22325,22.25135
1786418033,26.95468,81.09712,90,0,219,,0,27.7649,27.15551,22.31888
1786418033,27.06684,81.04219,90,0,219,,14,27.79877,27.22325,22.28502
1786418034,27.10956,81.16731,90,0,219,,12,27.7649,27.15551,22.28502
1786418035,27.08286,81.04677,90,0,219,,0,27.79877,27.18938,22.25135
1786418035,27.15228,81.07576,90,0,219,,0,27.79877,27.15551,22.21729
1786418036,27.06684,81.13527,90,0,219,,12,27.7649,27.05412,22.25135
1786418037,27.01076,81.06966,90,0,219,,0,27.79877,27.15551,22.28502
1786418037,27.01076,81.0605,90,0,219,,0,27.7649,27.15551,22.25135
1786418038,26.91195,80.97047,90,0,219,,0,27.79877,27.08778,22.21729
1786418039,27.02411,81.04219,90,0,219,,14,27.79877,27.18938,22.28502
1786418039,27.05348,81.08034,90,0,219,,0,27.7649,27.15551,22.25135
1786418040,27.16564,81.18105,90,0,219,,0,27.73104,27.15551,22.25135
1786418041,27.09621,81.13374,90,0,219,,1,27.7649,27.15551,22.28502
1786418041,27.02411,81.03304,90,0,219,,13,27.79877,27.15551,22.28502
1786418042,27.01076,81.03914,90,0,219,,0,27.79877,27.15551,22.25135
1786418043,27.02411,80.98878,90,0,219,,0,27.79877,27.15551,22.28502
1786418044,27.04013,81.08797,90,0,219,,8,27.79877,27.18938,22.28502
1786418044,27.04013,81.16121,90,0,220,,0,27.79877,27.15551,22.31888
1786418045,26.99741,81.10628,90,0,219,,0,27.7649,27.08778,22.31888
1786418046,27.06684,81.10323,90,0,219,,0,27.7649,27.18938,22.35275
1786418046,27.05348,81.15358,90,0,219,,4,27.79877,27.08778,22.18362
1786418047,27.05348,81.1017,90,0,219,,5,27.7649,27.18938,22.28502
1786418048,27.12291,81.13985,90,0,219,,0,27.79877,27.15551,22.31888
1786418048,27.09621,81.0605,90,0,219,,0,27.79877,27.12165,22.21729
1786418049,27.09621,81.02998,90,0,219,,14,27.79877,27.25711,22.21729
1786418050,27.02411,81.09254,90,0,219,,0,27.7649,27.12165,22.21729
1786418050,27.08286,81.05745,90,0,219,,0,27.7649,27.15551,22.31888
1786418051,27.04013,81.09712,90,0,219,,0,27.79877,27.12165,22.25135
1786418052,27.04013,81.08797,90,0,219,,12,27.79877,27.22325,22.28502
1786418052,27.04013,81.09712,90,0,219,,0,27.79877,27.29098,22.28502
1786418053,27.04013,81.09712,90,0,219,,0,27.7649,27.15551,22.21729
1786418054,26.95468,80.95064,90,0,219,,2,27.79877,27.12165,22.25135
1786418054,27.02411,81.00099,90,0,220,,0,27.7649,27.12165,22.18362
1786418055,26.99741,81.0666,90,0,219,,0,27.7649,27.12165,22.28502
1786418056,27.10956,81.09712,90,0,219,,0,27.7649,27.12165,22.25135
1786418056,27.05348,80.97505,90,0,219,,10,27.7649,27.15551,22.31888
1786418057,27.04013,81.00557,90,0,219,,2,27.7649,27.15551,22.25135
1786418058,27.01076,81.06966,90,0,219,,0,27.7649,27.12165,22.31888
1786418058,26.95468,80.89723,90,0,219,,0,27.79877,27.08778,22.35275
1786418059,27.04013,81.09712,90,0,219,,8,27.79877,27.12165,22.25135
1786418060,27.08286,81.13985,90,0,219,,0,27.79877,27.12165,22.21729
1786418060,27.12291,81.12001,90,0,219,,0,27.79877,27.25711,22.25135
1786418061,27.06684,81.15663,90,0,219,,4,27.79877,27.18938,22.28502
1786418062,26.99741,81.02541,90,0,219,,19,27.69717,27.12165,22.28502
1786418063,27.01076,80.96437,90,0,219,,0,27.79877,27.22325,22.28502
1786418063,26.99741,81.00252,90,0,219,,0,27.79877,27.18938,22.28502
1786418064,27.02411,81.09254,90,0,219,,10,27.73104,27.15551,22.28502
1786418065,27.08286,81.1078,90,0,219,,9,27.79877,27.15551,22.18362
1786418065,27.08286,81.13985,90,0,219,,0,27.73104,27.15551,22.28502
1786418066,27.08286,81.04677,90,0,219,,0,27.79877,27.12165,22.28502
1786418067,27.01076,80.96437,90,0,219,,1,27.79877,27.15551,22.31888
1786418067,27.02411,80.98878,90,0,219,,0,27.7649,27.15551,22.21729
1786418068,27.15228,81.16731,90,0,219,,0,27.79877,27.08778,22.28502
1786418069,27.05348,81.13069,90,0,219,,0,27.83244,27.15551,22.25135
1786418069,27.09621,81.11238,90,0,219,,14,27.7649,27.15551,22.28502
1786418070,26.99741,81.02541,90,0,219,,0,27.7649,27.18938,22.21729
1786418071,26.99741,81.08492,90,0,219,,0,27.7649,27.05412,22.35275
1786418071,27.02411,81.09254,90,0,219,,2,27.79877,27.12165,22.21729
1786418072,27.05348,80.95522,90,0,219,,15,27.79877,27.15551,22.31888
1786418073,26.98405,81.09254,90,0,219,,0,27.7649,27.12165,22.14976
1786418073,27.05348,81.0605,90,0,219,,0,27.79877,27.18938,22.25135
1786418074,27.05348,81.08034,90,0,219,,1,27.83244,27.12165,22.28502
1786418075,27.06684,81.09407,90,0,220,,0,27.79877,27.22325,22.25135
1786418075,26.99741,81.02541,90,0,219,,0,27.83244,27.15551,22.21729
1786418076,27.04013,80.96132,90,0,219,,0,27.7649,27.15551,22.28502
1786418077,26.98405,81.04219,90,0,219,,1,27.7649,27.12165,22.25135
1786418077,27.01076,81.11086,90,0,219,,0,27.83244,27.08778,22.31888
1786418078,27.06684,81.06508,90,0,219,,0,27.79877,27.15551,22.25135
1786418079,27.12291,81.16121,90,0,219,,6,27.7649,27.08778,22.31888
1786418079,27.01076,81.17189,90,0,219,,19,27.7649,27.12165,22.25135
1786418080,27.04013,81.12917,90,0,219,,0,27.7649,27.18938,22.25135
1786418081,26.99741,81.15816,90,0,219,,0,27.79877,27.08778,22.31888
1786418082,26.99741,81.149,90,0,219,,1,27.79877,27.12165,22.25135
1786418082,27.10956,81.03304,90,0,219,,15,27.83244,27.12165,22.31888
1786418083,27.12291,81.08949,90,0,219,,0,27.83244,27.08778,22.31888
1786418084,27.06684,81.04219,90,0,219,,0,27.79877,27.15551,22.31888
1786418084,27.06684,81.12459,90,0,219,,2,27.79877,27.18938,22.21729
1786418085,27.06684,81.17647,90,0,219,,0,27.83244,27.15551,22.25135
1786418086,27.01076,81.09865,90,0,219,,0,27.79877,27.18938,22.14976
1786418086,27.10956,81.01167,90,0,219,,0,27.79877,27.18938,22.21729
1786418087,27.04013,81.05745,90,0,219,,7,27.73104,27.18938,22.25135
1786418088,27.05348,81.08034,90,0,219,,0,27.79877,27.18938,22.25135
1786418088,27.04013,81.21309,90,0,219,,0,27.7649,27.18938,22.31888
1786418089,26.98405,81.18867,90,0,219,,1,27.79877,27.18938,22.28502
1786418090,27.04013,81.11696,90,0,219,,11,27.73104,27.15551,22.21729
1786418090,26.94133,81.23598,90,0,219,,0,27.79877,27.15551,22.28502
1786418091,26.96803,81.09865,90,0,219,,0,27.7649,27.08778,22.28502
1786418092,27.04013,81.09712,90,0,219,,7,27.79877,27.18938,22.25135
1786418092,27.06684,81.16731,90,0,219,,14,27.7649,27.15551,22.25135
1786418093,27.09621,81.19478,90,0,219,,0,27.7649,27.12165,22.28502
1786418094,27.04013,81.1902,90,0,219,,0,27.79877,27.18938,22.25135
1786418094,27.05348,81.21614,90,0,220,,0,27.79877,27.15551,22.25135
1786418095,27.04013,81.1902,90,0,219,,0,27.7649,27.25711,22.21729
1786418096,26.98405,81.14442,90,0,219,,0,27.83244,27.18938,22.28502
1786418096,27.06684,81.04219,90,0,220,,0,27.79877,27.08778,22.25135
1786418097,26.96803,81.24361,90,0,219,,1,27.79877,27.08778,22.25135
1786418098,27.04013,81.20241,90,0,220,,0,27.79877,27.12165,22.21729
1786418098,27.08286,81.18105,90,0,219,,0,27.7649,27.15551,22.18362
1786418099,27.08286,81.25277,90,0,219,,0,27.79877,27.15551,22.25135
1786418100,26.99741,81.17036,90,0,219,,14,27.7649,27.18938,22.28502
1786418101,27.08286,81.09712,90,0,219,,0,27.79877,27.12165,22.25135
1786418101,27.06684,81.04219,90,0,219,,0,27.83244,27.15551,22.25135
1786418102,27.01076,81.13069,90,0,219,,9,27.7649,27.15551,22.25135
1786418103,27.04013,81.13985,90,0,219,,16,27.7649,27.15551,22.35275
1786418103,27.06684,81.14748,90,0,219,,0,27.7649,27.18938,22.25135
1786418104,27.06684,81.09407,90,0,219,,0,27.7649,27.12165,22.25135
1786418105,27.04013,81.20241,90,0,220,,0,27.79877,27.18938,22.28502
1786418105,27.02411,81.22682,90,0,219,,0,27.7649,27.12165,22.21729
1786418106,27.06684,81.11543,90,0,219,,0,27.7649,27.15551,22.21729
1786418107,27.06684,81.13527,90,0,219,,0,27.79877,27.12165,22.25135
1786418107,27.09621,81.18562,90,0,219,,18,27.79877,27.18938,22.28502
1786418108,27.04013,81.17036,90,0,219,,0,27.79877,27.18938,22.25135
1786418109,27.05348,81.08034,90,0,219,,0,27.79877,27.12165,22.25135
1786418109,27.01076,81.17189,90,0,219,,9,27.7649,27.12165,22.28502
1786418110,27.01076,81.1841,90,0,219,,14,27.79877,27.12165,22.25135
1786418111,27.09621,81.1017,90,0,219,,0,27.7649,27.12165,22.21729
1786418111,27.09621,81.15358,90,0,219,,0,27.79877,27.08778,22.35275
1786418112,27.01076,81.15205,90,0,219,,15,27.79877,27.12165,22.25135
1786418113,27.10956,81.18867,90,0,219,,0,27.83244,27.15551,22.21729
1786418113,27.12291,81.24513,90,0,219,,0,27.79877,27.15551,22.18362
1786418114,27.05348,81.1841,90,0,219,,0,27.79877,27.18938,22.28502
1786418115,26.98405,81.13527,90,0,219,,4,27.79877,27.08778,22.31888
1786418115,27.12291,81.18105,90,0,219,,0,27.7649,27.18938,22.28502
1786418116,27.06684,81.16731,90,0,219,,0,27.7649,27.12165,22.25135
1786418117,27.05348,81.20699,90,0,219,,5,27.79877,27.18938,22.28502
1786418117,27.04013,81.17036,90,0,219,,8,27.7649,27.12165,22.21729
1786418118,26.98405,81.13527,90,0,219,,0,27.7649,27.08778,22.25135
1786418119,27.06684,81.23903,90,0,219,,0,27.79877,27.12165,22.18362
1786418120,26.99741,81.21156,90,0,219,,15,27.7649,27.08778,22.18362
1786418120,27.04013,81.09712,90,0,219,,0,27.7649,27.12165,22.25135
1786418121,27.01076,81.15205,90,0,219,,0,27.7649,27.15551,22.18362
1786418122,27.04013,81.17036,90,0,219,,0,27.79877,27.12165,22.25135
1786418122,26.98405,81.17647,90,0,219,,13,27.7649,27.18938,22.31888
1786418123,26.99741,81.17036,90,0,219,,0,27.83244,27.18938,22.28502
1786418124,27.02411,81.04219,90,0,219,,0,27.73104,27.12165,22.25135
1786418124,27.02411,81.12459,90,0,220,,0,27.73104,27.12165,22.31888
1786418125,26.99741,81.21156,90,0,219,,12,27.7649,27.18938,22.21729
1786418126,27.02411,81.17647,90,0,219,,0,27.73104,27.22325,22.28502
1786418126,27.06684,81.20851,90,0,219,,0,27.73104,27.08778,22.25135
1786418127,27.04013,81.11696,90,0,219,,2,27.7649,27.12165,22.21729
1786418128,27.02411,81.11238,90,0,219,,19,27.7649,27.12165,22.21729
1786418128,26.95468,81.11696,90,0,219,,0,27.7649,27.12165,22.31888
1786418129,27.06684,81.20851,90,0,219,,0,27.7649,27.15551,22.25135
1786418130,26.98405,81.12459,90,0,219,,11,27.79877,27.15551,22.28502
1786418130,26.99741,81.21156,90,0,219,,9,27.73104,27.15551,22.25135
1786418131,27.02411,81.04219,90,0,219,,0,27.79877,27.12165,22.21729
1786418132,26.98405,81.07118,90,0,219,,0,27.79877,27.08778,22.28502
1786418132,27.02411,81.12459,90,0,219,,18,27.7649,27.15551,22.21729
1786418133,26.99741,81.12917,90,0,219,,0,27.73104,27.05412,22.21729
1786418134,27.09621,81.11238,90,0,219,,0,27.79877,27.12165,22.28502
1786418134,27.06684,81.02083,90,0,219,,0,27.79877,27.18938,22.31888
1786418135,27.10956,81.08492,90,0,219,,8,27.83244,27.22325,22.21729
1786418136,26.98405,81.15663,90,0,219,,0,27.7649,27.05412,22.25135
1786418136,26.94133,80.98878,90,0,219,,0,27.79877,27.12165,22.28502
1786418137,27.05348,81.1017,90,0,219,,0,27.79877,27.15551,22.25135
1786418138,27.06684,81.11543,90,0,219,,13,27.7649,27.12165,22.25135
1786418139,27.02411,81.04219,90,0,219,,0,27.73104,27.12165,22.31888
1786418139,26.91195,81.07423,90,0,219,,0,27.79877,27.12165,22.25135
1786418140,26.98405,80.96895,90,0,219,,2,27.83244,27.22325,22.31888
1786418141,27.04013,81.0666,90,0,219,,12,27.7649,27.18938,22.25135
1786418141,26.98405,81.04219,90,0,219,,0,27.73104,27.18938,22.21729
1786418142,27.02411,81.06203,90,0,219,,0,27.83244,27.15551,22.21729
1786418143,27.08286,81.149,90,0,219,,7,27.7649,27.15551,22.28502
1786418143,26.99741,81.18105,90,0,219,,11,27.83244,27.18938,22.31888
1786418144,26.95468,81.17952,90,0,220,,0,27.73104,27.08778,22.28502
1786418145,27.04013,81.22224,90,0,219,,0,27.7649,27.18938,22.21729
1786418145,27.10956,81.14748,90,0,219,,7,27.79877,27.12165,22.21729
1786418146,27.04013,81.36874,90,0,219,,0,27.79877,27.12165,22.28502
1786418147,27.08286,81.17189,90,0,219,,0,27.7649,27.08778,22.25135
1786418147,27.05348,81.15358,90,0,219,,0,27.7649,27.15551,22.28502
1786418148,27.02411,81.20851,90,0,219,,16,27.79877,27.12165,22.18362
1786418149,26.99741,81.09712,90,0,219,,0,27.7649,27.18938,22.21729
1786418149,26.98405,81.16579,90,0,219,,0,27.79877,27.12165,22.25135
1786418150,27.04013,81.11696,90,0,219,,9,27.7649,27.12165,22.21729
1786418151,27.05348,81.1429,90,0,219,,13,27.83244,27.12165,22.25135
1786418151,27.06684,81.15663,90,0,219,,0,27.7649,27.15551,22.28502
1786418152,26.99741,81.13832,90,0,219,,0,27.73104,27.15551,22.21729
1786418153,27.09621,81.1017,90,0,219,,12,27.83244,27.15551,22.31888
1786418153,27.09621,81.20699,90,0,219,,0,27.7649,27.29098,22.21729
1786418154,27.08286,81.02541,90,0,220,,0,27.79877,27.18938,22.31888
1786418155,26.96803,81.16273,90,0,219,,2,27.8665,27.22325,22.18362
1786418156,27.04013,81.1902,90,0,219,,11,27.79877,27.15551,22.35275
1786418156,27.10956,81.17952,90,0,219,,0,27.7649,27.18938,22.28502
1786418157,27.01076,81.01625,90,0,219,,0,27.7649,27.12165,22.28502
1786418158,27.09621,81.12154,90,0,219,,10,27.79877,27.15551,22.25135
1786418158,26.99741,81.07576,90,0,219,,0,27.79877,27.18938,22.21729
1786418159,27.10956,81.01167,90,0,219,,0,27.79877,27.15551,22.21729
1786418160,27.01076,81.12154,90,0,219,,2,27.83244,27.08778,22.21729
1786418160,27.04013,81.03456,90,0,219,,11,27.79877,27.15551,22.25135
1786418161,27.02411,81.13527,90,0,219,,0,27.79877,27.15551,22.28502
1786418162,26.95468,81.17952,90,0,219,,0,27.83244,27.18938,22.25135
1786418162,27.06684,81.02083,90,0,219,,10,27.79877,27.18938,22.28502
1786418163,27.08286,81.1078,90,0,219,,0,27.83244,27.12165,22.21729
1786418164,27.01076,81.11086,90,0,219,,0,27.79877,27.18938,22.25135
1786418164,26.94133,81.02998,90,0,219,,0,27.79877,27.12165,22.28502
1786418165,27.02411,81.02083,90,0,219,,7,27.79877,27.08778,22.28502
1786418166,27.05348,81.03914,90,0,219,,0,27.79877,27.12165,22.25135
1786418166,27.01076,81.0605,90,0,219,,0,27.73104,27.08778,22.21729
1786418167,27.04013,81.08797,90,0,219,,2,27.79877,27.18938,22.25135
1786418168,27.02411,81.10323,90,0,219,,0,27.7649,27.18938,22.28502
1786418168,27.04013,81.01472,90,0,219,,0,27.7649,27.15551,22.28502
1786418169,26.98405,81.12459,90,0,219,,6,27.79877,27.12165,22.28502
1786418170,27.02411,81.10323,90,0,219,,9,27.83244,27.12165,22.25135
1786418170,26.92798,81.02846,90,0,219,,0,27.79877,27.15551,22.28502
1786418171,27.02411,81.08339,90,0,219,,0,27.7649,27.18938,22.14976
1786418172,27.10956,81.01167,90,0,219,,10,27.7649,27.15551,22.25135
1786418172,27.01076,80.95522,90,0,219,,0,27.7649,27.15551,22.31888
1786418173,26.98405,81.02083,90,0,219,,0,27.79877,27.25711,22.28502
1786418174,27.06684,81.07423,90,0,219,,10,27.79877,27.22325,22.31888
1786418175,27.05348,81.08034,90,0,220,,0,27.73104,27.12165,22.31888
1786418175,26.96803,81.0666,90,0,219,,0,27.7649,27.12165,22.28502
1786418176,27.08286,81.08949,90,0,219,,0,27.83244,27.18938,22.28502
1786418177,27.04013,81.07881,90,0,219,,4,27.7649,27.18938,22.21729
1786418177,27.01076,81.24513,90,0,219,,0,27.83244,27.15551,22.25135
1786418178,27.06684,81.06508,90,0,219,,0,27.79877,27.22325,22.28502
1786418179,27.06684,81.11543,90,0,219,,10,27.7649,27.08778,22.35275
1786418179,27.05348,81.12154,90,0,219,,8,27.79877,27.12165,22.18362
1786418180,27.04013,81.09712,90,0,219,,0,27.7649,27.15551,22.25135
1786418181,27.01076,81.01625,90,0,219,,0,27.79877,27.12165,22.25135
1786418181,27.02411,81.01015,90,0,219,,14,27.83244,27.15551,22.25135
1786418182,26.94133,81.01015,90,0,219,,0,27.7649,27.25711,22.25135
1786418183,27.04013,81.08797,90,0,219,,0,27.7649,27.12165,22.21729
1786418183,27.05348,81.13069,90,0,219,,21,27.79877,27.15551,22.18362
1786418184,27.02411,81.10323,90,0,219,,3,27.7649,27.22325,22.35275
1786418185,27.05348,81.0193,90,0,219,,0,27.79877,27.12165,22.35275
1786418185,26.96803,80.99641,90,0,219,,0,27.7649,27.05412,22.25135
1786418186,26.96803,80.88197,90,0,219,,7,27.79877,27.18938,22.28502
1786418187,26.98405,81.19783,90,0,219,,0,27.79877,27.18938,22.28502
1786418187,27.08286,81.1078,90,0,219,,0,27.79877,27.15551,22.25135
1786418188,27.06684,81.18867,90,0,219,,4,27.79877,27.08778,22.25135
1786418189,27.09621,81.09254,90,0,219,,3,27.79877,27.18938,22.31888
1786418189,26.99741,81.08492,90,0,219,,0,27.79877,27.12165,22.21729
1786418190,27.04013,81.16121,90,0,219,,0,27.79877,27.15551,22.25135
1786418191,27.02411,81.06203,90,0,219,,11,27.79877,27.08778,22.25135
1786418191,26.96803,81.12001,90,0,219,,0,27.79877,27.18938,22.25135
1786418192,27.08286,81.05745,90,0,219,,0,27.7649,27.15551,22.25135
1786418193,27.02411,81.10323,90,0,219,,6,27.79877,27.18938,22.21729
1786418193,27.02411,81.09254,90,0,219,,9,27.83244,27.22325,22.25135
1786418194,27.04013,81.09712,90,0,220,,0,27.79877,27.15551,22.25135
1786418195,27.13893,81.11238,90,0,219,,0,27.79877,27.22325,22.28502
1786418196,27.10956,81.02388,90,0,219,,3,27.79877,27.18938,22.28502
1786418196,26.99741,81.0666,90,0,219,,0,27.79877,27.15551,22.25135
1786418197,26.98405,81.02083,90,0,219,,0,27.7649,27.15551,22.25135
1786418198,27.01076,81.01625,90,0,219,,7,27.79877,27.15551,22.25135
1786418198,27.05348,81.11086,90,0,219,,9,27.79877,27.18938,22.31888
1786418199,27.01076,81.03914,90,0,219,,0,27.79877,27.15551,22.25135
1786418200,27.02411,81.12459,90,0,219,,0,27.83244,27.18938,22.25135
1786418200,27.04013,80.99336,90,0,219,,3,27.79877,27.18938,22.25135
1786418201,27.04013,81.1078,90,0,219,,0,27.7649,27.25711,22.25135
1786418202,27.02411,81.14442,90,0,219,,0,27.79877,27.12165,22.28502
1786418202,27.10956,81.17952,90,0,219,,0,27.83244,27.18938,22.25135
1786418203,27.01076,81.13069,90,0,219,,12,27.79877,27.15551,22.25135
1786418204,27.01076,81.06966,90,0,219,,0,27.8665,27.08778,22.25135
1786418204,27.05348,81.12154,90,0,219,,0,27.83244,27.18938,22.28502
1786418205,27.02411,81.10323,90,0,219,,3,27.83244,27.18938,22.28502
1786418206,27.04013,81.17036,90,0,219,,3,27.79877,27.08778,22.31888
1786418206,27.06684,81.05287,90,0,219,,0,27.7649,27.18938,22.21729
1786418207,27.02411,81.08339,90,0,219,,0,27.79877,27.12165,22.21729
1786418208,27.06684,81.14748,90,0,219,,18,27.83244,27.18938,22.21729
1786418208,27.12291,81.0666,90,0,219,,0,27.79877,27.08778,22.31888
1786418209,27.08286,81.12917,90,0,219,,0,27.83244,27.22325,22.21729
1786418210,26.99741,81.0666,90,0,219,,7,27.79877,27.18938,22.28502
1786418210,27.05348,81.11086,90,0,219,,21,27.79877,27.18938,22.31888
1786418211,27.04013,81.0666,90,0,219,,0,27.7649,27.12165,22.28502
1786418212,27.04013,81.01472,90,0,219,,0,27.79877,27.18938,22.21729
1786418212,26.95468,81.10628,90,0,219,,12,27.83244,27.08778,22.31888
1786418213,27.04013,81.20241,90,0,219,,0,27.79877,27.12165,22.28502
1786418214,27.13893,81.06203,90,0,219,,0,27.7649,27.18938,22.28502
1786418215,27.04013,81.05745,90,0,219,,0,27.79877,27.05412,22.35275
1786418215,27.01076,81.0605,90,0,219,,7,27.7649,27.15551,22.21729
1786418216,26.98405,80.97963,90,0,219,,0,27.79877,27.18938,22.21729
1786418217,26.94133,81.15663,90,0,219,,0,27.83244,27.15551,22.18362
1786418217,27.08286,81.0666,90,0,219,,1,27.7649,27.18938,22.28502
1786418218,27.08286,81.12917,90,0,219,,15,27.79877,27.18938,22.31888
1786418219,26.96803,81.19325,90,0,219,,0,27.79877,27.08778,22.25135
1786418219,27.10956,81.18867,90,0,219,,0,27.79877,27.18938,22.25135
1786418220,26.95468,80.99184,90,0,219,,3,27.7649,27.08778,22.28502
1786418221,26.98405,81.07118,90,0,219,,12,27.73104,27.18938,22.28502
1786418221,27.02411,81.10323,90,0,219,,0,27.79877,27.15551,22.21729
1786418222,27.02411,80.98878,90,0,219,,0,27.79877,27.18938,22.35275
1786418223,27.06684,81.22072,90,0,219,,9,27.83244,27.15551,22.25135
1786418223,27.06684,81.16731,90,0,219,,0,27.79877,27.22325,22.31888
1786418224,26.98405,81.09254,90,0,219,,0,27.79877,27.22325,22.28502
1786418225,27.02411,80.96895,90,0,219,,0,27.83244,27.12165,22.21729
1786418225,27.04013,81.05745,90,0,219,,7,27.7649,27.15551,22.25135
1786418226,26.99741,81.2314,90,0,219,,0,27.83244,27.12165,22.25135
1786418227,27.05348,81.1017,90,0,219,,0,27.79877,27.15551,22.21729
1786418227,26.95468,81.04372,90,0,219,,9,27.79877,27.12165,22.21729
1786418228,27.04013,80.99336,90,0,219,,13,27.79877,27.08778,22.28502
1786418229,26.96803,81.05745,90,0,219,,0,27.79877,27.18938,22.28502
1786418229,27.02411,81.17647,90,0,219,,0,27.79877,27.12165,22.25135
1786418230,27.04013,81.07881,90,0,219,,14,27.7649,27.18938,22.21729
1786418231,27.02411,81.10323,90,0,219,,2,27.7649,27.12165,22.25135
1786418231,27.04013,81.02541,90,0,219,,0,27.7649,27.15551,22.25135
1786418232,26.94133,81.10323,90,0,219,,0,27.79877,27.18938,22.25135
1786418233,27.01076,81.23445,90,0,219,,11,27.7649,27.15551,22.28502
1786418234,27.04013,81.09712,90,0,219,,0,27.79877,27.22325,22.25135
1786418234,26.99741,81.08492,90,0,220,,0,27.79877,27.18938,22.25135
1786418235,27.04013,80.99336,90,0,219,,0,27.83244,27.15551,22.25135
1786418236,26.99741,81.08492,90,0,219,,6,27.79877,27.12165,22.28502
1786418236,27.01076,81.17189,90,0,219,,0,27.7649,27.22325,22.21729
1786418237,27.05348,81.17494,90,0,219,,0,27.83244,27.22325,22.31888
1786418238,26.99741,81.03456,90,0,219,,0,27.7649,27.05412,22.25135
1786418238,27.04013,81.1078,90,0,219,,15,27.79877,27.22325,22.35275
1786418239,27.05348,81.11086,90,0,219,,0,27.83244,27.18938,22.28502
1786418240,27.05348,81.1429,90,0,219,,0,27.79877,27.15551,22.35275
1786418240,27.05348,81.03914,90,0,219,,3,27.73104,27.22325,22.18362
1786418241,27.04013,81.0666,90,0,219,,21,27.79877,27.18938,22.31888
1786418242,27.02411,81.10323,90,0,219,,0,27.79877,27.12165,22.31888
1786418242,27.02411,81.07423,90,0,219,,0,27.79877,27.05412,22.28502
1786418243,27.02411,81.10323,90,0,219,,14,27.79877,27.25711,22.21729
1786418244,27.05348,81.07118,90,0,219,,14,27.79877,27.12165,22.25135
1786418244,27.05348,80.99794,90,0,220,,0,27.79877,27.18938,22.28502
1786418245,27.04013,81.05745,90,0,219,,0,27.79877,27.25711,22.28502
1786418246,27.06684,81.05287,90,0,219,,8,27.7649,27.18938,22.28502
1786418246,27.02411,81.01015,90,0,219,,2,27.7649,27.12165,22.31888
1786418247,26.99741,81.05592,90,0,219,,0,27.79877,27.08778,22.28502
1786418248,26.95468,81.00252,90,0,219,,0,27.79877,27.18938,22.31888
1786418248,26.95468,80.94148,90,0,219,,11,27.79877,27.18938,22.28502
1786418249,27.17899,81.13374,90,0,219,,0,27.79877,27.15551,22.31888
1786418250,27.05348,81.12154,90,0,219,,0,27.79877,27.18938,22.31888
1786418250,27.09621,81.13374,90,0,219,,0,27.7649,27.22325,22.31888
1786418251,27.05348,81.03914,90,0,219,,14,27.79877,27.15551,22.28502
1786418252,27.08286,81.13985,90,0,219,,0,27.83244,27.12165,22.28502
1786418253,26.99741,81.09712,90,0,219,,0,27.83244,27.22325,22.25135
1786418253,27.05348,81.05135,90,0,219,,10,27.7649,27.18938,22.28502
1786418254,27.09621,81.21614,90,0,219,,6,27.7649,27.15551,22.21729
1786418255,27.01076,81.12154,90,0,220,,0,27.7649,27.22325,22.31888
1786418255,27.05348,81.24513,90,0,219,,0,27.83244,27.12165,22.25135
1786418256,27.01076,81.04829,90,0,219,,3,27.79877,27.12165,22.31888
1786418257,27.08286,81.09712,90,0,219,,0,27.7649,27.18938,22.18362
1786418257,26.98405,81.05287,90,0,219,,0,27.83244,27.18938,22.25135
1786418258,27.09621,81.07118,90,0,219,,0,27.79877,27.15551,22.31888
1786418259,26.99741,81.13832,90,0,219,,11,27.7649,27.08778,22.31888
1786418259,27.02411,81.08339,90,0,219,,0,27.7649,27.15551,22.21729
1786418260,27.02411,81.10323,90,0,219,,0,27.79877,27.15551,22.31888
1786418261,27.08286,81.07881,90,0,219,,5,27.79877,27.22325,22.21729
1786418261,27.04013,81.03456,90,0,219,,2,27.79877,27.15551,22.21729
1786418262,27.02411,81.10323,90,0,219,,0,27.79877,27.22325,22.21729
1786418263,27.05348,81.1017,90,0,219,,0,27.83244,27.15551,22.25135
1786418263,26.92798,81.03761,90,0,219,,17,27.7649,27.12165,22.25135
1786418264,27.02411,81.14442,90,0,219,,0,27.7649,27.22325,22.31888
1786418265,27.04013,81.11696,90,0,219,,0,27.79877,27.08778,22.38642
1786418265,27.08286,81.08949,90,0,219,,3,27.79877,27.15551,22.25135
1786418266,27.04013,81.0666,90,0,219,,12,27.7649,27.18938,22.31888
1786418267,27.08286,81.08949,90,0,219,,0,27.7649,27.12165,22.18362
1786418267,27.06684,81.08492,90,0,219,,0,27.79877,27.18938,22.18362
1786418268,27.06684,81.10323,90,0,219,,11,27.79877,27.08778,22.21729
1786418269,27.08286,81.09712,90,0,219,,0,27.83244,27.22325,22.25135
1786418269,27.01076,81.21614,90,0,219,,0,27.7649,27.12165,22.31888
1786418270,27.04013,81.1078,90,0,219,,9,27.79877,27.18938,22.28502
1786418271,27.02411,81.19783,90,0,219,,6,27.7649,27.08778,22.21729
1786418272,27.06684,81.13527,90,0,219,,0,27.79877,27.15551,22.25135
1786418272,27.01076,81.08949,90,0,219,,0,27.83244,27.15551,22.28502
1786418273,27.01076,81.11086,90,0,219,,6,27.79877,27.18938,22.25135
1786418274,27.04013,81.07881,90,0,219,,0,27.79877,27.18938,22.25135
1786418274,27.04013,81.01472,90,0,220,,0,27.7649,27.22325,22.28502
1786418275,27.09621,81.1017,90,0,219,,4,27.83244,27.18938,22.18362
1786418276,27.13893,81.01015,90,0,219,,6,27.79877,27.15551,22.14976
1786418276,27.04013,81.09712,90,0,219,,0,27.79877,27.08778,22.21729
1786418277,27.05348,81.1841,90,0,220,,0,27.79877,27.15551,22.35275
1786418278,27.05348,81.15358,90,0,219,,6,27.79877,27.18938,22.28502
1786418278,27.02411,81.17647,90,0,219,,0,27.83244,27.05412,22.25135
1786418279,27.06684,81.13527,90,0,219,,0,27.79877,27.15551,22.31888
1786418280,26.98405,81.05287,90,0,219,,1,27.79877,27.08778,22.31888
1786418280,27.01076,81.08949,90,0,219,,11,27.7649,27.15551,22.28502
1786418281,26.99741,81.07576,90,0,219,,0,27.7649,27.18938,22.28502
1786418282,27.06684,81.16731,90,0,219,,0,27.7649,27.12165,22.18362
1786418282,26.99741,81.17036,90,0,219,,7,27.79877,27.08778,22.21729
1786418283,27.13893,81.19783,90,0,219,,0,27.79877,27.08778,22.25135
1786418284,26.96803,81.03761,90,0,219,,0,27.79877,27.15551,22.21729
1786418284,27.05348,81.0193,90,0,220,,0,27.7649,27.12165,22.31888
1786418285,27.04013,81.20241,90,0,219,,12,27.79877,27.12165,22.18362
1786418286,27.05348,81.1429,90,0,219,,0,27.79877,27.08778,22.31888
1786418286,26.98405,81.15663,90,0,219,,0,27.79877,27.15551,22.31888
1786418287,27.05348,81.15358,90,0,219,,7,27.79877,27.22325,22.18362
1786418288,27.02411,81.04219,90,0,219,,13,27.79877,27.18938,22.25135
1786418289,27.08286,81.05745,90,0,219,,0,27.79877,27.08778,22.28502
1786418289,27.02411,81.06203,90,0,219,,0,27.79877,27.22325,22.28502
1786418290,26.99741,81.08492,90,0,219,,10,27.79877,27.22325,22.28502
1786418291,27.09621,81.15358,90,0,219,,0,27.79877,27.18938,22.25135
1786418291,26.99741,81.00252,90,0,219,,0,27.79877,27.08778,22.25135
1786418292,26.98405,80.98878,90,0,219,,2,27.83244,27.08778,22.28502
1786418293,26.98405,81.22682,90,0,219,,16,27.79877,27.15551,22.28502
1786418293,26.98405,81.17647,90,0,219,,0,27.79877,27.18938,22.25135
1786418294,27.06684,81.13527,90,0,219,,0,27.79877,27.18938,22.28502
1786418295,27.08286,81.09712,90,0,219,,2,27.79877,27.22325,22.28502
1786418295,27.01076,81.04829,90,0,219,,2,27.79877,27.15551,22.21729
1786418296,27.10956,81.09712,90,0,219,,0,27.79877,27.15551,22.28502
1786418297,26.98405,81.10323,90,0,219,,0,27.7649,27.18938,22.25135
1786418297,26.99741,81.1902,90,0,219,,9,27.79877,27.25711,22.21729
1786418298,27.02411,81.09254,90,0,219,,0,27.79877,27.18938,22.25135
1786418299,27.04013,81.03456,90,0,219,,0,27.83244,27.12165,22.31888
1786418299,27.01076,81.11086,90,0,219,,24,27.79877,27.18938,22.21729
1786418300,27.06684,81.06508,90,0,219,,0,27.73104,27.05412,22.25135
1786418301,27.05348,81.12154,90,0,219,,0,27.83244,27.22325,22.25135
1786418301,26.99741,81.10628,90,0,219,,0,27.83244,27.12165,22.21729
1786418302,27.06684,81.13527,90,0,219,,7,27.7649,27.15551,22.28502
1786418303,27.10956,81.15663,90,0,219,,0,27.83244,27.18938,22.31888
1786418303,27.06684,81.06508,90,0,219,,0,27.83244,27.12165,22.28502
1786418304,27.02411,81.07423,90,0,220,,0,27.79877,27.15551,22.25135
1786418305,27.02411,80.9369,90,0,219,,0,27.79877,27.15551,22.28502
1786418305,27.02411,81.17647,90,0,219,,0,27.79877,27.18938,22.21729
1786418306,27.08286,81.13985,90,0,219,,0,27.7649,27.18938,22.21729
1786418307,27.05348,81.1017,90,0,219,,0,27.79877,27.12165,22.25135
1786418308,27.08286,81.07881,90,0,219,,0,27.79877,27.15551,22.28502
1786418308,27.12291,81.12001,90,0,219,,0,27.79877,27.12165,22.28502
1786418309,27.05348,81.12154,90,0,219,,6,27.79877,27.05412,22.28502
1786418310,27.05348,81.12154,90,0,219,,0,27.7649,27.18938,22.28502
1786418310,27.02411,81.09254,90,0,219,,0,27.7649,27.18938,22.28502
1786418311,27.10956,81.15663,90,0,219,,0,27.83244,27.15551,22.28502
1786418312,26.98405,81.08339,90,0,219,,23,27.83244,27.18938,22.31888
1786418312,27.02411,81.04219,90,0,219,,0,27.79877,27.15551,22.35275
1786418313,26.99741,81.24055,90,0,219,,0,27.7649,27.12165,22.31888
1786418314,27.06684,81.11543,90,0,219,,8,27.79877,27.12165,22.21729
1786418314,27.04013,81.22224,90,0,219,,0,27.83244,27.12165,22.21729
1786418315,26.99741,81.04677,90,0,219,,0,27.7649,27.15551,22.31888
1786418316,27.13893,81.09254,90,0,219,,2,27.7649,27.12165,22.31888
1786418316,27.06684,81.06508,90,0,219,,7,27.83244,27.18938,22.18362
1786418317,27.12291,81.16121,90,0,219,,0,27.83244,27.22325,22.28502
1786418318,27.05348,81.08949,90,0,219,,0,27.79877,27.15551,22.21729
1786418318,27.08286,81.0666,90,0,219,,1,27.8665,27.22325,22.25135
1786418319,27.06684,81.16731,90,0,219,,0,27.73104,27.25711,22.21729
1786418320,26.98405,81.09254,90,0,219,,0,27.7649,27.12165,22.25135
1786418320,27.08286,81.08949,90,0,219,,2,27.7649,27.22325,22.31888
1786418321,27.16564,80.98421,90,0,219,,20,27.79877,27.25711,22.21729
1786418322,27.01076,81.1841,90,0,219,,0,27.79877,27.12165,22.21729
1786418322,27.01076,81.1429,90,0,219,,0,27.83244,27.15551,22.21729
1786418323,26.94133,81.02998,90,0,219,,12,27.8665,27.08778,22.28502
1786418324,27.05348,81.03914,90,0,219,,0,27.83244,27.08778,22.25135
1786418325,26.99741,81.11696,90,0,220,,0,27.79877,27.18938,22.28502
1786418325,27.06684,81.02083,90,0,219,,0,27.79877,27.08778,22.28502
1786418326,27.04013,81.1078,90,0,219,,10,27.79877,27.22325,22.21729
1786418327,27.05348,81.13069,90,0,219,,0,27.83244,27.15551,22.25135
1786418327,27.06684,81.05287,90,0,219,,0,27.79877,27.15551,22.25135
1786418328,27.08286,81.05745,90,0,219,,14,27.83244,27.12165,22.21729
1786418329,26.99741,81.03456,90,0,219,,0,27.7649,27.18938,22.25135
1786418329,27.01076,81.11086,90,0,219,,0,27.83244,27.12165,22.28502
1786418330,27.05348,81.11086,90,0,219,,3,27.79877,27.12165,22.28502
1786418331,27.01076,81.19478,90,0,219,,11,27.7649,27.18938,22.25135
1786418331,27.01076,81.16273,90,0,219,,0,27.83244,27.15551,22.28502
1786418332,26.99741,81.10628,90,0,219,,0,27.79877,27.18938,22.28502
1786418333,26.99741,80.96132,90,0,219,,9,27.79877,27.15551,22.28502
1786418333,27.05348,81.12154,90,0,219,,0,27.8665,27.12165,22.25135
1786418334,27.06684,81.05287,90,0,219,,0,27.79877,27.15551,22.25135
1786418335,27.02411,81.11238,90,0,220,,0,27.83244,27.08778,22.28502
1786418335,27.08286,81.05745,90,0,219,,12,27.79877,27.18938,22.25135
1786418336,27.01076,81.04829,90,0,219,,0,27.79877,27.15551,22.21729
1786418337,27.04013,81.16121,90,0,219,,0,27.79877,27.12165,22.21729
1786418337,27.05348,81.1841,90,0,219,,1,27.7649,27.15551,22.25135
1786418338,27.08286,81.04677,90,0,219,,11,27.79877,27.18938,22.28502
1786418339,26.91195,81.01167,90,0,219,,0,27.7649,27.18938,22.25135
1786418339,26.99741,81.15816,90,0,219,,0,27.79877,27.18938,22.25135
1786418340,27.08286,81.04677,90,0,219,,6,27.79877,27.22325,22.28502
1786418341,27.06684,81.07423,90,0,219,,17,27.79877,27.15551,22.21729
1786418341,26.99741,80.98268,90,0,219,,0,27.79877,27.15551,22.31888
1786418342,27.02411,80.88655,90,0,219,,0,27.79877,27.12165,22.25135
1786418343,27.02411,81.06203,90,0,219,,13,27.79877,27.12165,22.21729
1786418343,26.96803,80.97505,90,0,219,,3,27.83244,27.22325,22.21729
1786418344,27.08286,81.1078,90,0,220,,0,27.79877,27.15551,22.21729
1786418345,27.08286,81.21309,90,0,219,,0,27.83244,27.15551,22.25135
1786418346,26.98405,81.22682,90,0,219,,7,27.83244,27.08778,22.25135
1786418346,27.06684,81.32296,90,0,219,,0,27.83244,27.18938,22.21729
1786418347,26.99741,81.33517,90,0,219,,0,27.83244,27.15551,22.25135
1786418348,26.98405,81.33212,90,0,219,,0,27.83244,27.15551,22.31888
1786418348,27.05348,81.46487,90,0,219,,11,27.79877,27.18938,22.21729
1786418349,27.12291,81.40993,90,0,219,,0,27.7649,27.12165,22.35275
1786418350,27.04013,81.41909,90,0,219,,0,27.79877,27.18938,22.28502
1786418350,27.02411,81.57015,90,0,219,,0,27.79877,27.15551,22.25135
1786418351,27.10956,81.41756,90,0,219,,12,27.79877,27.18938,22.11589
1786418352,27.02411,81.35348,90,0,219,,1,27.7649,27.15551,22.21729
1786418352,26.98405,81.33212,90,0,219,,0,27.83244,27.15551,22.31888
1786418353,27.01076,81.35043,90,0,219,,13,27.83244,27.15551,22.28502
1786418354,27.02411,81.30007,90,0,219,,9,27.83244,27.12165,22.21729
1786418354,27.01076,81.35958,90,0,220,,0,27.7649,27.22325,22.25135
1786418355,27.08286,81.29549,90,0,219,,0,27.83244,27.15551,22.28502
1786418356,26.95468,81.33517,90,0,219,,6,27.79877,27.15551,22.31888
1786418356,26.99741,81.37637,90,0,219,,0,27.7649,27.22325,22.31888
1786418357,26.98405,81.29092,90,0,219,,0,27.73104,27.08778,22.28502
1786418358,27.04013,81.25277,90,0,219,,0,27.83244,27.12165,22.28502
1786418358,27.05348,81.20699,90,0,219,,10,27.79877,27.12165,22.28502
1786418359,27.01076,81.2665,90,0,219,,0,27.8665,27.05412,22.21729
1786418360,26.99741,81.1902,90,0,219,,0,27.83244,27.12165,22.21729
1786418360,27.06684,81.19936,90,0,219,,0,27.83244,27.22325,22.25135
1786418361,27.08286,81.17189,90,0,219,,11,27.83244,27.22325,22.28502
1786418362,26.99741,81.17036,90,0,219,,0,27.79877,27.22325,22.25135
1786418362,27.05348,81.15358,90,0,219,,0,27.7649,27.15551,22.28502
1786418363,27.04013,81.13985,90,0,219,,5,27.79877,27.15551,22.25135
1786418364,27.05348,81.24513,90,0,219,,0,27.83244,27.15551,22.31888
1786418365,27.04013,81.21309,90,0,219,,0,27.8665,27.15551,22.25135
1786418365,27.05348,81.13069,90,0,219,,0,27.79877,27.18938,22.28502
1786418366,27.06684,81.20851,90,0,219,,5,27.79877,27.18938,22.28502
1786418367,27.13893,81.13374,90,0,219,,0,27.79877,27.18938,22.31888
1786418367,27.12291,81.16121,90,0,219,,0,27.83244,27.12165,22.21729
1786418368,27.06684,81.07423,90,0,219,,0,27.79877,27.12165,22.25135
1786418369,27.01076,81.09865,90,0,219,,6,27.83244,27.12165,22.35275
1786418369,26.99741,81.03456,90,0,219,,0,27.83244,27.22325,22.28502
1786418370,26.95468,81.10628,90,0,219,,0,27.79877,27.15551,22.21729
1786418371,27.02411,81.11238,90,0,219,,2,27.7649,27.12165,22.31888
1786418371,27.01076,81.27718,90,0,219,,15,27.79877,27.15551,22.28502
1786418372,27.08286,81.149,90,0,219,,0,27.83244,27.15551,22.25135
1786418373,26.98405,81.14442,90,0,219,,0,27.83244,27.18938,22.25135
1786418373,27.06684,81.22072,90,0,219,,11,27.83244,27.12165,22.21729
1786418374,27.02411,81.17647,90,0,219,,6,27.83244,27.12165,22.18362
1786418375,27.10956,81.14748,90,0,219,,0,27.79877,27.15551,22.25135
1786418375,26.94133,81.07118,90,0,219,,0,27.79877,27.25711,22.25135
1786418376,26.96803,81.0071,90,0,219,,7,27.79877,27.18938,22.14976
1786418377,27.06684,81.12459,90,0,219,,3,27.79877,27.15551,22.21729
1786418377,27.06684,81.19936,90,0,219,,0,27.7649,27.18938,22.28502
1786418378,27.04013,81.11696,90,0,219,,0,27.83244,27.18938,22.25135
1786418379,26.96803,81.08797,90,0,219,,11,27.83244,27.15551,22.31888
1786418379,27.09621,81.18562,90,0,219,,1,27.79877,27.18938,22.31888
1786418380,26.99741,81.05592,90,0,219,,0,27.79877,27.18938,22.25135
1786418381,26.96803,81.09865,90,0,219,,0,27.7649,27.18938,22.21729
1786418381,27.06684,81.09407,90,0,219,,10,27.7649,27.15551,22.31888
1786418382,27.02411,81.04219,90,0,219,,0,27.79877,27.15551,22.25135
1786418383,26.99741,81.03456,90,0,219,,0,27.7649,27.22325,22.21729
1786418384,27.06684,81.10323,90,0,219,,0,27.83244,27.22325,22.18362
1786418384,26.98405,81.07118,90,0,220,,1,27.73104,27.25711,22.21729
1786418385,26.94133,81.16579,90,0,219,,0,27.79877,27.15551,22.28502
1786418386,27.04013,81.12917,90,0,219,,0,27.79877,27.15551,22.28502
1786418386,26.98405,81.16579,90,0,219,,0,27.7649,27.18938,22.28502
1786418387,27.05348,81.17494,90,0,219,,3,27.79877,27.15551,22.21729
1786418388,27.05348,81.0071,90,0,219,,0,27.79877,27.15551,22.35275
1786418388,27.05348,81.05135,90,0,219,,0,27.7649,27.08778,22.28502
1786418389,26.95468,81.11696,90,0,219,,0,27.7649,27.18938,22.25135
1786418390,27.04013,81.13985,90,0,219,,6,27.7649,27.15551,22.28502
1786418390,27.01076,81.11086,90,0,219,,0,27.7649,27.08778,22.21729
1786418391,27.01076,81.11086,90,0,219,,0,27.73104,27.15551,22.28502
1786418392,27.01076,81.12154,90,0,219,,3,27.79877,27.15551,22.31888
1786418392,27.04013,81.07881,90,0,219,,10,27.83244,27.25711,22.25135
1786418393,27.04013,81.04677,90,0,219,,0,27.83244,27.25711,22.35275
1786418394,27.02411,81.07423,90,0,219,,0,27.79877,27.18938,22.21729
1786418394,26.99741,81.1902,90,0,220,,0,27.7649,27.18938,22.25135
1786418395,27.10956,81.17952,90,0,219,,11,27.83244,27.18938,22.18362
1786418396,27.02411,81.17647,90,0,219,,0,27.79877,27.05412,22.31888
1786418396,26.95468,81.13832,90,0,219,,0,27.7649,27.18938,22.31888
1786418397,26.92798,81.08797,90,0,219,,1,27.79877,27.12165,22.28502
1786418398,27.04013,81.149,90,0,219,,3,27.7649,27.15551,22.25135
1786418398,27.06684,81.15663,90,0,219,,0,27.79877,27.18938,22.25135
1786418399,27.08286,81.149,90,0,219,,0,27.7649,27.15551,22.28502
1786418400,26.99741,81.08492,90,0,219,,10,27.79877,27.25711,22.28502
1786418400,27.09621,81.17494,90,0,219,,0,27.83244,27.22325,22.25135
1786418401,26.99741,81.08492,90,0,219,,0,27.79877,27.15551,22.28502
1786418402,26.98405,81.16579,90,0,219,,0,27.79877,27.12165,22.25135
1786418403,27.08286,81.16121,90,0,219,,18,27.79877,27.15551,22.18362
1786418403,27.02411,81.06203,90,0,219,,0,27.7649,27.18938,22.31888
1786418404,27.04013,81.07881,90,0,219,,0,27.7649,27.18938,22.28502
1786418405,27.05348,81.13069,90,0,220,,3,27.79877,27.18938,22.35275
1786418405,27.15228,81.1078,90,0,219,,7,27.79877,27.18938,22.25135
1786418406,27.04013,81.07881,90,0,219,,0,27.79877,27.18938,22.28502
1786418407,26.98405,81.10323,90,0,219,,0,27.79877,27.18938,22.31888
1786418407,26.95468,81.08492,90,0,219,,5,27.83244,27.18938,22.25135
1786418408,26.99741,81.149,90,0,219,,0,27.83244,27.12165,22.28502
1786418409,27.01076,81.03914,90,0,219,,0,27.79877,27.12165,22.28502
1786418409,27.06684,81.10323,90,0,219,,0,27.79877,27.12165,22.35275
1786418410,26.95468,81.00252,90,0,219,,11,27.7649,27.12165,22.28502
1786418411,27.05348,81.08949,90,0,219,,0,27.7649,27.18938,22.31888
1786418411,27.05348,81.1841,90,0,219,,0,27.79877,27.22325,22.21729
1786418412,27.06684,81.08492,90,0,219,,11,27.79877,27.18938,22.28502
1786418413,27.08286,81.16121,90,0,219,,12,27.79877,27.22325,22.28502
1786418413,27.02411,81.17647,90,0,219,,0,27.83244,27.12165,22.25135
1786418414,26.98405,81.05287,90,0,219,,0,27.7649,27.12165,22.28502
1786418415,27.05348,81.12154,90,0,219,,10,27.83244,27.18938,22.31888
1786418416,27.10956,81.13527,90,0,219,,0,27.79877,27.22325,22.25135
1786418416,26.98405,81.16579,90,0,219,,0,27.7649,27.15551,22.25135
1786418417,27.04013,81.12917,90,0,219,,1,27.79877,27.12165,22.18362
1786418417,27.01076,81.02846,90,0,219,,8,27.79877,27.18938,22.14976
1786418418,26.98405,81.05287,90,0,219,,0,27.83244,27.18938,22.35275
1786418419,26.99741,81.04677,90,0,219,,0,27.7649,27.15551,22.31888
1786418419,27.08286,81.07881,90,0,219,,9,27.79877,27.12165,22.31888
1786418420,27.04013,81.13985,90,0,219,,0,27.79877,27.15551,22.28502
1786418421,26.96803,81.13069,90,0,219,,0,27.7649,27.15551,22.25135
1786418422,27.04013,81.16121,90,0,219,,1,27.79877,27.15551,22.28502
1786418422,27.04013,81.13985,90,0,219,,10,27.83244,27.22325,22.18362
1786418423,26.96803,81.05745,90,0,219,,0,27.79877,27.18938,22.21729
1786418424,27.05348,81.16273,90,0,219,,0,27.79877,27.15551,22.28502
1786418424,26.99741,81.07576,90,0,219,,6,27.79877,27.15551,22.18362
1786418425,27.08286,81.13985,90,0,219,,0,27.83244,27.08778,22.25135
1786418426,27.05348,81.1017,90,0,219,,0,27.83244,27.12165,22.28502
1786418426,26.99741,81.08492,90,0,219,,0,27.7649,27.15551,22.28502
1786418427,27.01076,81.09865,90,0,219,,15,27.83244,27.22325,22.28502
1786418428,26.95468,81.04372,90,0,219,,0,27.79877,27.12165,22.25135
1786418428,27.05348,81.12154,90,0,219,,0,27.7649,27.15551,22.28502
1786418429,27.10956,81.09712,90,0,219,,11,27.79877,27.15551,22.28502
1786418430,27.05348,81.19478,90,0,219,,17,27.79877,27.18938,22.28502
1786418430,27.04013,81.20241,90,0,219,,0,27.7649,27.15551,22.21729
1786418431,27.13893,81.47707,90,0,219,,0,27.7649,27.25711,22.28502
1786418432,26.96803,81.50454,90,0,219,,14,27.79877,27.18938,22.31888
1786418432,26.98405,81.6556,90,0,219,,0,27.7649,27.12165,22.31888
1786418433,27.09621,81.65255,90,0,219,,0,27.7649,27.15551,22.25135
1786418434,26.99741,81.77158,90,0,219,,0,27.83244,27.25711,22.18362
1786418434,27.04013,81.81277,90,0,219,,4,27.79877,27.18938,22.21729
1786418435,26.92798,81.89822,90,0,219,,0,27.7649,27.12165,22.25135
1786418436,27.02411,81.9028,90,0,219,,0,27.79877,27.12165,22.28502
1786418436,27.12291,81.98215,90,0,219,,3,27.79877,27.15551,22.31888
1786418437,27.08286,81.84787,90,0,219,,6,27.79877,27.08778,22.25135
1786418438,27.08286,81.89822,90,0,219,,0,27.79877,27.15551,22.31888
1786418438,27.05348,81.94095,90,0,219,,0,27.79877,27.15551,22.28502
1786418439,27.15228,82.07217,90,0,219,,2,27.7649,27.15551,22.28502
1786418440,26.99741,81.94858,90,0,219,,0,27.7649,27.08778,22.25135
1786418441,27.04013,81.80362,90,0,219,,0,27.79877,27.15551,22.25135
1786418441,27.05348,81.76547,90,0,219,,2,27.79877,27.15551,22.31888
1786418442,27.02411,81.79904,90,0,219,,14,27.83244,27.18938,22.25135
1786418443,27.08286,81.66018,90,0,219,,0,27.79877,27.12165,22.21729
1786418443,26.96803,81.62966,90,0,219,,0,27.79877,27.15551,22.25135
1786418444,27.02411,81.48775,90,0,219,,4,27.79877,27.15551,22.21729
1786418445,26.99741,81.58389,90,0,219,,0,27.79877,27.18938,22.25135
1786418445,27.09621,81.51827,90,0,219,,0,27.79877,27.18938,22.28502
1786418446,27.12291,81.55642,90,0,219,,0,27.83244,27.18938,22.25135
1786418447,27.04013,81.53353,90,0,219,,7,27.83244,27.12165,22.21729
1786418447,27.01076,81.3077,90,0,219,,0,27.83244,27.15551,22.21729
1786418448,27.05348,81.42214,90,0,219,,0,27.79877,27.18938,22.31888
1786418449,26.99741,81.33517,90,0,219,,9,27.79877,27.12165,22.28502
1786418449,27.06684,81.23903,90,0,219,,0,27.73104,27.18938,22.31888
1786418450,27.01076,81.42214,90,0,219,,0,27.79877,27.18938,22.31888
1786418451,26.96803,81.28634,90,0,219,,0,27.79877,27.15551,22.21729
1786418451,27.12291,81.26345,90,0,219,,10,27.7649,27.22325,22.28502
1786418452,27.12291,81.28481,90,0,219,,0,27.7649,27.18938,22.28502
1786418453,27.12291,81.28481,90,0,219,,0,27.7649,27.12165,22.21729
1786418453,27.10956,81.28176,90,0,219,,9,27.79877,27.15551,22.25135
1786418454,27.02411,81.28024,90,0,220,,0,27.7649,27.12165,22.18362
1786418455,27.02411,81.23903,90,0,219,,0,27.79877,27.15551,22.25135
1786418455,26.98405,81.11238,90,0,219,,0,27.83244,27.18938,22.25135
1786418456,27.04013,81.18105,90,0,219,,8,27.7649,27.15551,22.21729
1786418457,27.02411,81.20851,90,0,219,,0,27.79877,27.18938,22.25135
1786418457,27.01076,81.1429,90,0,219,,0,27.79877,27.12165,22.25135
1786418458,27.01076,81.09865,90,0,219,,11,27.7649,27.18938,22.28502
1786418459,27.04013,81.17036,90,0,219,,0,27.7649,27.08778,22.28502
1786418460,27.04013,81.18105,90,0,219,,0,27.79877,27.15551,22.31888
1786418460,27.01076,81.15205,90,0,219,,8,27.79877,27.18938,22.21729
1786418461,26.95468,81.14748,90,0,219,,0,27.79877,27.15551,22.25135
1786418462,27.08286,81.149,90,0,219,,0,27.83244,27.15551,22.25135
1786418462,27.01076,80.97505,90,0,219,,2,27.7649,27.25711,22.21729
1786418463,27.02411,81.18867,90,0,219,,23,27.79877,27.18938,22.28502
1786418464,27.06684,81.18867,90,0,219,,0,27.83244,27.08778,22.28502
1786418464,27.05348,81.17494,90,0,219,,0,27.79877,27.18938,22.21729
1786418465,26.99741,81.12917,90,0,219,,2,27.83244,27.12165,22.21729
1786418466,27.04013,81.18105,90,0,219,,0,27.79877,27.08778,22.25135
1786418466,27.02411,81.18867,90,0,219,,0,27.83244,27.22325,22.28502
1786418467,27.04013,81.07881,90,0,219,,0,27.79877,27.15551,22.28502
1786418468,26.99741,81.09712,90,0,219,,14,27.79877,27.15551,22.31888
1786418468,27.01076,81.19478,90,0,219,,0,27.79877,27.15551,22.25135
1786418469,27.10956,81.17952,90,0,219,,0,27.79877,27.15551,22.28502
1786418470,27.02411,81.09254,90,0,219,,8,27.83244,27.15551,22.31888
1786418470,27.06684,81.15663,90,0,219,,0,27.79877,27.18938,22.25135
1786418471,27.09621,81.07118,90,0,219,,0,27.83244,27.15551,22.28502
1786418472,26.96803,81.08797,90,0,219,,0,27.79877,27.22325,22.28502
1786418472,27.04013,81.07881,90,0,219,,12,27.83244,27.18938,22.28502
1786418473,26.98405,81.10323,90,0,219,,0,27.79877,27.18938,22.28502
1786418474,26.96803,81.09865,90,0,219,,0,27.83244,27.18938,22.21729
1786418474,27.12291,81.13985,90,0,219,,1,27.79877,27.18938,22.25135
1786418475,26.99741,81.10628,90,0,219,,7,27.79877,27.15551,22.21729
1786418476,27.04013,81.26345,90,0,219,,0,27.79877,27.12165,22.31888
1786418476,27.04013,81.16121,90,0,219,,0,27.7649,27.12165,22.21729
1786418477,27.02411,81.13527,90,0,219,,9,27.83244,27.12165,22.21729
1786418478,27.04013,81.17036,90,0,219,,0,27.83244,27.18938,22.25135
1786418479,27.02411,81.16579,90,0,219,,0,27.83244,27.18938,22.25135
1786418479,27.06684,81.17647,90,0,219,,0,27.83244,27.15551,22.28502
1786418480,27.05348,81.19478,90,0,219,,8,27.83244,27.15551,22.31888
1786418481,27.06684,81.09407,90,0,219,,0,27.73104,27.15551,22.28502
1786418481,26.94133,81.04219,90,0,219,,0,27.79877,27.18938,22.25135
1786418482,26.95468,80.99184,90,0,219,,5,27.7649,27.18938,22.25135
1786418483,27.02411,81.13527,90,0,219,,4,27.79877,27.15551,22.25135
1786418483,27.09621,81.15358,90,0,219,,0,27.8665,27.18938,22.31888
1786418484,27.04013,81.24361,90,0,220,,0,27.7649,27.08778,22.31888
1786418485,27.04013,81.20241,90,0,219,,1,27.7649,27.12165,22.18362
1786418485,27.01076,81.1429,90,0,219,,0,27.73104,27.18938,22.28502
1786418486,27.06684,81.10323,90,0,219,,0,27.7649,27.12165,22.18362
1786418487,27.04013,81.11696,90,0,219,,0,27.79877,27.18938,22.25135
1786418487,27.06684,81.06508,90,0,219,,12,27.79877,27.12165,22.21729
1786418488,27.06684,81.11543,90,0,219,,0,27.7649,27.22325,22.28502
1786418489,27.06684,81.06508,90,0,219,,0,27.79877,27.12165,22.25135
1786418489,27.09621,81.07118,90,0,219,,14,27.7649,27.18938,22.18362
1786418490,26.99741,81.05592,90,0,219,,7,27.79877,27.18938,22.28502
1786418491,27.06684,81.17647,90,0,219,,1,27.7649,27.15551,22.21729
1786418491,27.08286,81.13985,90,0,219,,0,27.83244,27.15551,22.28502
1786418492,26.92798,81.09865,90,0,219,,12,27.83244,27.12165,22.25135
1786418493,27.08286,81.16121,90,0,219,,0,27.79877,27.15551,22.31888
1786418493,27.02411,81.10323,90,0,219,,0,27.83244,27.15551,22.28502
1786418494,26.99741,81.149,90,0,220,,0,27.83244,27.22325,22.28502
1786418495,27.02411,81.04219,90,0,219,,5,27.83244,27.18938,22.28502
1786418495,27.10956,81.16731,90,0,219,,0,27.79877,27.15551,22.31888
1786418496,27.01076,81.13069,90,0,219,,0,27.7649,27.12165,22.28502
1786418497,27.05348,81.22682,90,0,219,,8,27.79877,27.08778,22.25135
1786418498,26.99741,81.07576,90,0,219,,9,27.73104,27.12165,22.25135
1786418498,27.04013,81.05745,90,0,219,,0,27.79877,27.12165,22.25135
1786418499,27.05348,81.2665,90,0,219,,0,27.7649,27.12165,22.21729
1786418500,27.05348,81.08034,90,0,219,,6,27.8665,27.15551,22.28502
1786418500,27.02411,81.03304,90,0,219,,0,27.79877,27.08778,22.21729
1786418501,26.98405,81.02083,90,0,219,,0,27.79877,27.12165,22.25135
1786418502,27.01076,81.09865,90,0,219,,1,27.79877,27.12165,22.28502
1786418502,27.08286,81.09712,90,0,219,,10,27.79877,27.08778,22.25135
1786418503,27.09621,81.02998,90,0,219,,0,27.83244,27.18938,22.25135
1786418504,27.02411,81.03304,90,0,219,,0,27.79877,27.18938,22.28502
1786418504,26.98405,81.08339,90,0,220,,0,27.7649,27.25711,22.28502
1786418505,26.99741,81.10628,90,0,219,,0,27.79877,27.12165,22.25135
1786418506,27.10956,81.14748,90,0,219,,0,27.79877,27.12165,22.21729
1786418506,26.98405,81.09254,90,0,219,,0,27.7649,27.25711,22.31888
1786418507,27.05348,81.12154,90,0,219,,4,27.79877,27.15551,22.28502
1786418508,27.01076,81.15205,90,0,219,,0,27.7649,27.18938,22.28502
1786418508,27.04013,81.13985,90,0,219,,0,27.79877,27.22325,22.28502
1786418509,27.01076,81.13069,90,0,219,,4,27.79877,27.18938,22.21729
1786418510,27.01076,81.1429,90,0,219,,0,27.79877,27.22325,22.28502
1786418510,27.05348,81.12154,90,0,219,,0,27.79877,27.15551,22.21729
1786418511,27.10956,81.11543,90,0,219,,1,27.79877,27.18938,22.28502
1786418512,26.95468,81.14748,90,0,219,,15,27.79877,27.18938,22.25135
1786418512,27.04013,81.17036,90,0,219,,0,27.79877,27.15551,22.28502
1786418513,27.02411,81.01015,90,0,219,,0,27.7649,27.15551,22.25135
1786418514,26.99741,81.11696,90,0,219,,10,27.7649,27.12165,22.21729
1786418514,27.02411,81.04219,90,0,219,,0,27.79877,27.18938,22.35275
1786418515,27.13893,81.20699,90,0,219,,0,27.79877,27.15551,22.25135
1786418516,26.99741,80.90028,90,0,219,,5,27.8665,27.12165,22.28502
1786418517,26.98405,81.05287,90,0,219,,11,27.79877,27.12165,22.25135
1786418517,26.94133,81.08034,90,0,219,,0,27.7649,27.12165,22.25135
1786418518,27.02411,81.10323,90,0,219,,0,27.83244,27.15551,22.28502
1786418519,27.01076,81.08949,90,0,219,,10,27.83244,27.22325,22.21729
1786418519,26.95468,81.19936,90,0,219,,0,27.83244,27.15551,22.21729
1786418520,27.06684,81.15663,90,0,219,,0,27.79877,27.18938,22.25135
1786418521,26.99741,81.0666,90,0,219,,11,27.79877,27.15551,22.18362
1786418521,26.92798,81.11086,90,0,219,,15,27.83244,27.22325,22.25135
1786418522,26.99741,81.24055,90,0,219,,0,27.79877,27.15551,22.25135
1786418523,27.12291,81.16121,90,0,219,,0,27.79877,27.15551,22.25135
1786418523,27.05348,81.15358,90,0,219,,11,27.7649,27.08778,22.31888
1786418524,26.99741,81.05592,90,0,219,,0,27.79877,27.22325,22.14976
1786418525,27.06684,81.12459,90,0,219,,0,27.79877,27.15551,22.21729
1786418525,26.95468,81.12611,90,0,219,,5,27.79877,27.15551,22.28502
1786418526,26.96803,81.01625,90,0,219,,7,27.79877,27.15551,22.28502
1786418527,26.94133,81.14442,90,0,219,,1,27.7649,27.12165,22.28502
1786418527,26.99741,81.11696,90,0,219,,0,27.83244,27.18938,22.25135
1786418528,26.99741,81.11696,90,0,219,,15,27.79877,27.12165,22.25135
1786418529,27.05348,81.24513,90,0,219,,0,27.7649,27.08778,22.25135
1786418529,27.04013,81.17036,90,0,219,,0,27.83244,27.18938,22.25135
1786418530,27.06684,81.10323,90,0,219,,2,27.83244,27.15551,22.25135
1786418531,26.99741,81.0666,90,0,219,,21,27.79877,27.12165,22.21729
1786418531,26.98405,80.91554,90,0,219,,0,27.83244,27.15551,22.31888
1786418532,27.04013,81.0666,90,0,219,,0,27.79877,27.15551,22.28502
1786418533,26.95468,81.03456,90,0,219,,10,27.79877,27.25711,22.25135
1786418533,27.06684,81.06508,90,0,219,,7,27.79877,27.18938,22.31888
1786418534,27.05348,81.11086,90,0,220,,0,27.8665,27.18938,22.25135
1786418535,27.08286,80.97353,90,0,219,,0,27.83244,27.18938,22.25135
1786418536,27.06684,81.15663,90,0,219,,8,27.79877,27.12165,22.25135
1786418536,27.05348,81.0605,90,0,219,,0,27.79877,27.18938,22.28502
1786418537,27.12291,81.149,90,0,219,,0,27.8665,27.12165,22.28502
1786418538,27.01076,81.06966,90,0,219,,0,27.79877,27.15551,22.18362
1786418538,26.99741,80.99336,90,0,219,,12,27.79877,27.08778,22.25135
1786418539,27.06684,81.17647,90,0,219,,0,27.7649,27.22325,22.25135
1786418540,27.04013,81.07881,90,0,219,,0,27.7649,27.18938,22.25135
1786418540,27.06684,81.12459,90,0,219,,3,27.7649,27.15551,22.28502
1786418541,27.02411,81.08339,90,0,219,,0,27.83244,27.12165,22.25135
1786418542,27.06684,81.10323,90,0,219,,0,27.79877,27.18938,22.21729
1786418542,27.01076,81.02846,90,0,219,,2,27.79877,27.22325,22.18362
1786418543,27.06684,81.05287,90,0,219,,15,27.79877,27.12165,22.31888
1786418544,26.96803,81.05745,90,0,219,,0,27.79877,27.22325,22.38642
1786418544,26.98405,81.05287,90,0,219,,0,27.7649,27.15551,22.21729
1786418545,26.96803,80.98421,90,0,219,,3,27.7649,27.12165,22.25135
1786418546,27.05348,81.1017,90,0,219,,0,27.79877,27.12165,22.28502
1786418546,27.10956,81.19936,90,0,219,,0,27.7649,27.12165,22.28502
1786418547,26.96803,81.03761,90,0,220,,0,27.83244,27.18938,22.21729
1786418548,26.98405,81.08339,90,0,219,,10,27.83244,27.15551,22.21729
1786418548,27.05348,81.08034,90,0,219,,0,27.7649,27.15551,22.25135
1786418549,27.01076,80.98726,90,0,219,,0,27.79877,27.18938,22.25135
1786418550,26.98405,81.13527,90,0,219,,12,27.8665,27.15551,22.18362
1786418550,27.08286,81.1078,90,0,219,,14,27.79877,27.15551,22.28502
1786418551,26.99741,81.10628,90,0,219,,0,27.7649,27.18938,22.18362
1786418552,27.02411,81.10323,90,0,219,,0,27.83244,27.12165,22.21729
1786418552,26.98405,81.09254,90,0,219,,9,27.7649,27.15551,22.28502
1786418553,27.09621,81.19478,90,0,219,,0,27.83244,27.15551,22.21729
1786418554,26.94133,81.02998,90,0,219,,0,27.79877,27.18938,22.25135
1786418555,26.96803,81.04829,90,0,219,,0,27.79877,27.15551,22.25135
1786418555,27.01076,81.12154,90,0,219,,10,27.7649,27.18938,22.25135
1786418556,27.08286,81.00557,90,0,219,,0,27.79877,27.08778,22.21729
1786418557,27.01076,81.07881,90,0,219,,0,27.7649,27.12165,22.21729
1786418557,27.09621,81.11238,90,0,219,,3,27.79877,27.15551,22.31888
1786418558,27.01076,81.13069,90,0,219,,0,27.83244,27.15551,22.21729
1786418559,26.99741,81.08492,90,0,219,,0,27.83244,27.12165,22.25135
1786418559,26.99741,81.01472,90,0,219,,0,27.79877,27.22325,22.21729
1786418560,27.04013,81.1078,90,0,219,,5,27.83244,27.15551,22.25135
1786418561,27.02411,81.07423,90,0,219,,0,27.79877,27.15551,22.25135
1786418561,27.04013,81.08797,90,0,219,,0,27.83244,27.15551,22.25135
1786418562,27.06684,81.02083,90,0,219,,3,27.8665,27.15551,22.25135
1786418563,27.05348,81.1841,90,0,219,,2,27.79877,27.15551,22.25135
1786418563,27.02411,81.11238,90,0,219,,0,27.7649,27.18938,22.28502
1786418564,27.04013,81.02541,90,0,220,,0,27.79877,27.15551,22.21729
1786418565,27.05348,81.02846,90,0,220,,2,27.7649,27.15551,22.28502
1786418565,27.01076,81.06966,90,0,220,,0,27.79877,27.08778,22.28502
1786418566,27.04013,81.01472,90,0,219,,0,27.7649,27.15551,22.14976
1786418567,27.06684,81.22987,90,0,219,,14,27.79877,27.15551,22.28502
1786418567,27.02411,81.09254,90,0,219,,2,27.83244,27.15551,22.25135
1786418568,27.06684,81.09407,90,0,219,,0,27.79877,27.15551,22.21729
1786418569,27.02411,81.07423,90,0,219,,0,27.83244,27.15551,22.25135
1786418569,27.09621,81.12154,90,0,219,,7,27.83244,27.15551,22.31888
1786418570,27.08286,81.12001,90,0,219,,0,27.79877,27.18938,22.28502
1786418571,27.02411,81.04219,90,0,219,,0,27.83244,27.18938,22.35275
1786418571,26.99741,81.03456,90,0,219,,6,27.79877,27.15551,22.28502
1786418572,27.09621,81.16273,90,0,219,,11,27.79877,27.18938,22.28502
1786418573,27.09621,81.08339,90,0,219,,1,27.8665,27.15551,22.25135
1786418574,27.09621,81.16273,90,0,219,,0,27.79877,27.08778,22.28502
1786418574,27.06684,81.08492,90,0,220,,1,27.79877,27.15551,22.35275
1786418575,27.08286,81.16121,90,0,219,,0,27.83244,27.12165,22.21729
1786418576,26.99741,81.1902,90,0,219,,0,27.79877,27.18938,22.18362
1786418576,27.06684,81.12459,90,0,219,,0,27.79877,27.22325,22.25135
1786418577,27.05348,81.12154,90,0,219,,9,27.79877,27.22325,22.21729
1786418578,27.04013,81.1902,90,0,219,,0,27.79877,27.08778,22.28502
1786418578,27.09621,81.0605,90,0,219,,0,27.7649,27.18938,22.25135
1786418579,27.13893,81.06203,90,0,219,,15,27.7649,27.12165,22.21729
1786418580,27.04013,81.1902,90,0,219,,3,27.83244,27.18938,22.25135
1786418580,27.02411,81.14442,90,0,219,,0,27.79877,27.15551,22.25135
1786418581,27.10956,81.08492,90,0,219,,0,27.79877,27.18938,22.28502
1786418582,26.91195,81.00252,90,0,219,,9,27.79877,27.18938,22.28502
1786418582,27.04013,81.07881,90,0,219,,0,27.83244,27.12165,22.21729
1786418583,27.02411,81.08339,90,0,219,,0,27.83244,27.12165,22.25135
1786418584,27.08286,81.18105,90,0,219,,1,27.83244,27.15551,22.31888
1786418584,27.01076,81.04829,90,0,220,,0,27.7649,27.12165,22.28502
1786418585,27.02411,81.13527,90,0,219,,0,27.83244,27.15551,22.25135
1786418586,27.04013,81.11696,90,0,219,,0,27.79877,27.18938,22.25135
1786418586,26.99741,80.94148,90,0,219,,5,27.83244,27.15551,22.21729
1786418587,27.05348,81.12154,90,0,219,,10,27.79877,27.15551,22.25135
1786418588,26.95468,81.15816,90,0,219,,1,27.79877,27.22325,22.21729
1786418588,27.04013,81.1078,90,0,219,,0,27.79877,27.15551,22.28502
1786418589,27.01076,81.11086,90,0,219,,11,27.79877,27.12165,22.28502
1786418590,27.02411,81.13527,90,0,219,,0,27.83244,27.15551,22.28502
1786418591,27.02411,81.09254,90,0,219,,0,27.79877,27.12165,22.28502
1786418591,27.08286,81.08949,90,0,219,,0,27.7649,27.15551,22.25135
1786418592,27.02411,81.10323,90,0,219,,15,27.79877,27.18938,22.21729
1786418593,27.16564,81.13985,90,0,219,,0,27.79877,27.18938,22.31888
1786418593,27.01076,81.16273,90,0,219,,0,27.83244,27.15551,22.25135
1786418594,27.06684,81.15663,90,0,219,,0,27.79877,27.15551,22.21729
1786418595,26.99741,81.11696,90,0,220,,0,27.79877,27.15551,22.31888
1786418595,26.98405,81.11238,90,0,219,,0,27.7649,27.22325,22.25135
1786418596,27.02411,81.08339,90,0,219,,0,27.79877,27.12165,22.21729
1786418597,27.12291,81.12001,90,0,219,,11,27.83244,27.15551,22.25135
1786418597,26.98405,81.08339,90,0,219,,0,27.79877,27.12165,22.25135
1786418598,26.99741,81.05592,90,0,219,,0,27.79877,27.15551,22.25135
1786418599,27.01076,81.09865,90,0,219,,1,27.7649,27.12165,22.28502
1786418599,27.04013,81.13985,90,0,219,,5,27.79877,27.18938,22.21729
1786418600,26.8986,81.30007,90,0,219,,0,27.83244,27.15551,22.28502
1786418601,27.06684,81.03304,90,0,219,,0,27.79877,27.15551,22.21729
1786418601,26.95468,81.08492,90,0,219,,6,27.79877,27.15551,22.21729
1786418602,27.12291,81.2253,90,0,219,,2,27.79877,27.18938,22.28502
1786418603,26.99741,81.11696,90,0,219,,0,27.79877,27.22325,22.25135
1786418603,27.01076,81.03914,90,0,219,,0,27.83244,27.15551,22.21729
1786418604,26.96803,81.04829,90,0,219,,7,27.73104,27.08778,22.21729
1786418605,27.01076,81.03914,90,0,219,,0,27.83244,27.12165,22.25135
1786418605,27.04013,81.09712,90,0,219,,0,27.8665,27.12165,22.28502
1786418606,27.01076,81.21614,90,0,219,,1,27.79877,27.08778,22.28502
1786418607,27.02411,81.11238,90,0,219,,8,27.7649,27.18938,22.31888
1786418607,26.91195,81.02388,90,0,219,,0,27.83244,27.22325,22.21729
1786418608,27.05348,81.07118,90,0,219,,0,27.79877,27.15551,22.28502
1786418609,27.02411,81.07423,90,0,219,,10,27.73104,27.15551,22.25135
1786418610,27.02411,81.16579,90,0,219,,4,27.7649,27.08778,22.25135
1786418610,26.96803,81.12001,90,0,219,,0,27.7649,27.12165,22.25135
1786418611,26.94133,81.01015,90,0,219,,0,27.79877,27.15551,22.28502
1786418612,26.99741,81.13832,90,0,219,,16,27.79877,27.12165,22.28502
1786418612,27.06684,81.07423,90,0,219,,0,27.79877,27.15551,22.31888
1786418613,27.01076,81.03914,90,0,219,,0,27.79877,27.12165,22.31888
1786418614,27.01076,81.1429,90,0,219,,10,27.83244,27.18938,22.28502
1786418614,27.09621,81.17494,90,0,220,,0,27.8665,27.22325,22.25135
1786418615,26.98405,81.10323,90,0,219,,0,27.79877,27.18938,22.21729
1786418616,27.01076,81.19478,90,0,219,,0,27.83244,27.08778,22.21729
1786418616,27.01076,80.96437,90,0,219,,7,27.79877,27.15551,22.31888
1786418617,26.95468,81.08492,90,0,220,,0,27.79877,27.15551,22.21729
1786418618,27.08286,81.13985,90,0,219,,0,27.79877,27.15551,22.25135
1786418618,26.95468,81.15816,90,0,219,,2,27.79877,27.12165,22.25135
1786418619,27.01076,81.15205,90,0,219,,17,27.7649,27.18938,22.21729
1786418620,26.94133,81.05135,90,0,219,,0,27.79877,27.12165,22.28502
1786418620,27.01076,81.13069,90,0,219,,0,27.79877,27.15551,22.28502
1786418621,26.98405,81.04219,90,0,219,,10,27.79877,27.22325,22.21729
1786418622,27.05348,81.1429,90,0,219,,0,27.79877,27.22325,22.28502
1786418622,27.04013,81.0666,90,0,219,,0,27.83244,27.15551,22.28502
1786418623,27.04013,81.1902,90,0,219,,0,27.83244,27.25711,22.25135
1786418624,27.04013,81.11696,90,0,219,,10,27.79877,27.18938,22.25135
1786418624,27.02411,81.09254,90,0,220,,0,27.8665,27.15551,22.25135
1786418625,27.01076,81.06966,90,0,219,,0,27.79877,27.18938,22.28502
1786418626,27.13893,81.13374,90,0,219,,8,27.83244,27.15551,22.28502
1786418626,27.05348,81.23598,90,0,219,,3,27.79877,27.22325,22.31888
1786418627,26.98405,81.18867,90,0,219,,0,27.8665,27.18938,22.28502
1786418628,27.01076,81.17189,90,0,219,,0,27.79877,27.12165,22.21729
1786418629,26.98405,81.13527,90,0,219,,11,27.83244,27.12165,22.28502
1786418629,26.98405,81.14442,90,0,219,,0,27.79877,27.12165,22.28502
1786418630,27.06684,81.10323,90,0,219,,0,27.79877,27.12165,22.28502
1786418631,26.95468,81.10628,90,0,219,,2,27.79877,27.12165,22.18362
1786418631,26.99741,81.09712,90,0,219,,19,27.8665,27.12165,22.28502
1786418632,26.95468,81.02388,90,0,219,,0,27.79877,27.12165,22.28502
1786418633,26.99741,81.03456,90,0,219,,0,27.79877,27.18938,22.25135
1786418633,27.06684,81.09407,90,0,219,,5,27.79877,27.18938,22.35275
1786418634,27.06684,81.12459,90,0,219,,1,27.83244,27.12165,22.28502
1786418635,27.04013,81.07881,90,0,220,,0,27.79877,27.18938,22.28502
1786418635,27.08286,81.04677,90,0,219,,0,27.79877,27.15551,22.21729
1786418636,27.01076,81.13069,90,0,219,,6,27.83244,27.15551,22.25135
1786418637,26.94133,81.02998,90,0,219,,0,27.7649,27.12165,22.31888
1786418637,27.05348,81.02846,90,0,219,,0,27.79877,27.15551,22.28502
1786418638,26.99741,80.92012,90,0,219,,9,27.7649,27.18938,22.28502
1786418639,27.01076,81.12154,90,0,219,,14,27.79877,27.12165,22.21729
1786418639,27.06684,81.19936,90,0,219,,0,27.7649,27.12165,22.21729
1786418640,27.05348,81.13069,90,0,219,,0,27.7649,27.18938,22.21729
1786418641,27.01076,81.04829,90,0,219,,8,27.73104,27.15551,22.25135
1786418641,27.04013,81.22224,90,0,219,,0,27.83244,27.18938,22.25135
1786418642,26.96803,81.13985,90,0,219,,0,27.7649,27.15551,22.38642
1786418643,27.09621,81.0605,90,0,219,,0,27.7649,27.18938,22.21729
1786418643,27.02411,81.07423,90,0,219,,9,27.7649,27.12165,22.28502
1786418644,27.04013,80.93233,90,0,220,,0,27.79877,27.18938,22.21729
1786418645,26.98405,81.09254,90,0,219,,0,27.79877,27.12165,22.28502
1786418645,27.04013,81.05745,90,0,219,,3,27.79877,27.15551,22.28502
1786418646,27.04013,81.05745,90,0,219,,17,27.7649,27.25711,22.35275
1786418647,27.06684,81.07423,90,0,219,,0,27.79877,27.18938,22.28502
1786418648,26.98405,81.12459,90,0,219,,0,27.7649,27.25711,22.18362
1786418648,26.98405,81.07118,90,0,219,,9,27.79877,27.02005,22.31888
1786418649,27.15228,81.01167,90,0,219,,0,27.7649,27.12165,22.21729
1786418650,27.06684,81.15663,90,0,219,,0,27.83244,27.15551,22.25135
1786418650,26.98405,81.13527,90,0,219,,0,27.7649,27.22325,22.14976
1786418651,27.01076,81.08949,90,0,219,,18,27.7649,27.15551,22.28502
1786418652,27.12291,81.12001,90,0,219,,0,27.83244,27.22325,22.28502
1786418652,27.01076,81.03914,90,0,219,,0,27.79877,27.18938,22.31888
1786418653,26.94133,81.05135,90,0,219,,5,27.79877,27.22325,22.28502
1786418654,27.01076,81.17189,90,0,219,,14,27.83244,27.22325,22.28502
1786418654,27.08286,81.13985,90,0,220,,0,27.79877,27.18938,22.25135
1786418655,26.94133,81.08034,90,0,219,,0,27.83244,27.15551,22.21729
1786418656,26.96803,81.0071,90,0,219,,8,27.79877,27.18938,22.21729
1786418656,27.04013,81.149,90,0,219,,0,27.79877,27.15551,22.35275
1786418657,27.05348,81.05135,90,0,219,,0,27.79877,27.25711,22.18362
1786418658,27.01076,81.04829,90,0,219,,0,27.83244,27.08778,22.25135
1786418658,27.10956,81.10323,90,0,219,,19,27.7649,27.18938,22.25135
1786418659,27.09621,81.30923,90,0,219,,0,27.83244,27.15551,22.21729
1786418660,26.98405,81.02083,90,0,219,,0,27.83244,27.22325,22.28502
1786418660,26.99741,81.07576,90,0,219,,7,27.79877,27.22325,22.28502
1786418661,27.04013,81.11696,90,0,219,,6,27.83244,27.15551,22.21729
1786418662,27.01076,81.15205,90,0,219,,0,27.79877,27.15551,22.25135
1786418662,27.04013,81.07881,90,0,219,,0,27.79877,27.05412,22.28502
1786418663,26.92798,81.21309,90,0,219,,10,27.83244,27.15551,22.21729
1786418664,26.99741,81.0666,90,0,219,,0,27.79877,27.18938,22.25135
1786418664,27.04013,81.1078,90,0,219,,0,27.79877,27.18938,22.28502
1786418665,27.05348,81.12154,90,0,219,,0,27.73104,27.15551,22.28502
1786418666,26.95468,81.07423,90,0,219,,7,27.79877,27.18938,22.31888
1786418667,27.01076,81.04829,90,0,219,,0,27.90037,27.22325,22.28502
1786418667,27.02411,81.11238,90,0,219,,0,27.7649,27.15551,22.28502
1786418668,26.98405,81.14442,90,0,219,,7,27.79877,27.12165,22.31888
1786418669,27.09621,81.1017,90,0,219,,10,27.79877,27.15551,22.25135
1786418669,27.08286,81.12001,90,0,219,,0,27.83244,27.25711,22.21729
1786418670,27.05348,81.08034,90,0,219,,0,27.79877,27.15551,22.31888
1786418671,27.08286,81.19325,90,0,219,,8,27.7649,27.12165,22.25135
1786418671,27.10956,81.12611,90,0,219,,0,27.79877,27.12165,22.28502
1786418672,27.09621,81.09254,90,0,219,,0,27.79877,27.15551,22.21729
1786418673,27.09621,81.0605,90,0,219,,0,27.79877,27.05412,22.25135
1786418673,27.05348,81.03914,90,0,219,,16,27.7649,27.15551,22.21729
1786418674,26.98405,81.03304,90,0,219,,0,27.83244,27.18938,22.28502
1786418675,26.99741,81.08492,90,0,219,,0,27.79877,27.18938,22.28502
1786418675,26.96803,81.02846,90,0,219,,1,27.7649,27.15551,22.25135
1786418676,27.06684,81.05287,90,0,219,,10,27.79877,27.18938,22.18362
1786418677,26.96803,81.08797,90,0,219,,0,27.79877,27.18938,22.25135
1786418677,27.02411,81.09254,90,0,219,,0,27.7649,27.18938,22.18362
1786418678,27.06684,81.10323,90,0,219,,7,27.79877,27.15551,22.25135
1786418679,27.06684,81.22987,90,0,219,,15,27.83244,27.15551,22.28502
1786418679,27.06684,81.16731,90,0,219,,1,27.83244,27.15551,22.25135
1786418680,27.08286,81.17189,90,0,219,,0,27.79877,27.15551,22.18362
1786418681,27.13893,81.02998,90,0,219,,6,27.7649,27.29098,22.28502
1786418681,26.91195,81.03304,90,0,219,,4,27.83244,27.18938,22.28502
1786418682,26.94133,81.09254,90,0,219,,0,27.83244,27.12165,22.28502
1786418683,27.02411,81.03304,90,0,219,,0,27.79877,27.18938,22.28502
1786418683,27.01076,81.0605,90,0,219,,16,27.79877,27.15551,22.31888
1786418684,27.06684,81.04219,90,0,220,,0,27.7649,27.12165,22.21729
1786418685,26.96803,81.24361,90,0,219,,0,27.79877,27.18938,22.31888
1786418686,27.06684,81.14748,90,0,219,,0,27.83244,27.12165,22.25135
1786418686,27.09621,81.20699,90,0,219,,6,27.83244,27.18938,22.18362
1786418687,27.04013,81.1902,90,0,219,,0,27.7649,27.12165,22.25135
1786418688,27.05348,81.12154,90,0,219,,0,27.79877,27.12165,22.28502
1786418688,27.04013,81.00557,90,0,219,,1,27.79877,27.22325,22.25135
1786418689,27.16564,81.00557,90,0,219,,7,27.83244,27.12165,22.25135
1786418690,27.05348,81.20699,90,0,219,,0,27.7649,27.12165,22.31888
1786418690,27.09621,81.17494,90,0,219,,0,27.83244,27.22325,22.28502
1786418691,26.94133,81.04219,90,0,219,,14,27.8665,27.08778,22.25135
1786418692,27.02411,81.09254,90,0,219,,6,27.7649,27.08778,22.31888
1786418692,27.02411,81.11238,90,0,219,,0,27.7649,27.08778,22.31888
1786418693,27.08286,81.1078,90,0,219,,0,27.7649,27.08778,22.21729
1786418694,26.94133,81.04219,90,0,219,,5,27.83244,27.22325,22.25135
1786418694,27.04013,81.07881,90,0,220,,0,27.7649,27.15551,22.28502
1786418695,27.02411,81.13527,90,0,219,,0,27.79877,27.12165,22.18362
1786418696,27.01076,81.11086,90,0,219,,0,27.79877,27.18938,22.14976
1786418696,27.05348,81.13069,90,0,219,,16,27.79877,27.15551,22.25135
1786418697,27.02411,81.09254,90,0,220,,0,27.7649,27.15551,22.28502
1786418698,26.99741,81.09712,90,0,219,,0,27.79877,27.22325,22.21729
1786418698,26.99741,80.96132,90,0,219,,9,27.79877,27.15551,22.25135
1786418699,27.08286,81.12001,90,0,219,,5,27.79877,27.15551,22.25135
1786418700,27.09621,81.09254,90,0,219,,0,27.79877,27.15551,22.25135
1786418700,27.06684,81.06508,90,0,219,,0,27.7649,27.15551,22.21729
1786418701,26.99741,81.15816,90,0,219,,22,27.73104,27.15551,22.25135
1786418702,26.95468,81.15816,90,0,219,,0,27.7649,27.18938,22.25135
1786418702,27.02411,81.07423,90,0,219,,0,27.7649,27.15551,22.25135
1786418703,26.98405,81.09254,90,0,219,,17,27.83244,27.22325,22.25135
1786418704,27.08286,81.09712,90,0,219,,0,27.83244,27.15551,22.21729
1786418705,27.01076,80.97505,90,0,219,,0,27.83244,27.15551,22.21729
1786418705,26.99741,81.12917,90,0,219,,0,27.79877,27.18938,22.28502
1786418706,26.98405,81.10323,90,0,219,,15,27.79877,27.18938,22.31888
1786418707,27.05348,81.1017,90,0,219,,0,27.7649,27.12165,22.25135
1786418707,27.10956,80.97963,90,0,219,,0,27.79877,27.15551,22.25135
1786418708,27.01076,81.1429,90,0,219,,20,27.79877,27.15551,22.25135
1786418709,26.96803,81.09865,90,0,219,,0,27.83244,27.15551,22.25135
1786418709,27.04013,81.07881,90,0,219,,0,27.79877,27.15551,22.28502
1786418710,27.06684,81.11543,90,0,219,,15,27.79877,27.15551,22.25135
1786418711,26.96803,81.07881,90,0,219,,0,27.83244,27.22325,22.25135
1786418711,26.99741,81.12917,90,0,219,,0,27.73104,27.15551,22.21729
1786418712,27.04013,81.02541,90,0,219,,12,27.83244,27.18938,22.28502
1786418713,26.99741,81.15816,90,0,219,,5,27.79877,27.15551,22.21729
1786418713,26.98405,81.17647,90,0,219,,0,27.83244,27.22325,22.18362
1786418714,27.08286,81.149,90,0,219,,0,27.79877,27.22325,22.28502
1786418715,27.01076,81.15205,90,0,219,,7,27.79877,27.22325,22.28502
1786418715,27.05348,81.19478,90,0,219,,0,27.79877,27.15551,22.35275
1786418716,26.98405,81.14442,90,0,219,,0,27.79877,27.12165,22.28502
1786418717,26.95468,80.99184,90,0,219,,7,27.83244,27.18938,22.21729
1786418717,26.92798,81.11086,90,0,219,,0,27.79877,27.08778,22.31888
1786418718,27.06684,81.06508,90,0,219,,0,27.83244,27.15551,22.25135
1786418719,26.99741,81.17036,90,0,219,,9,27.83244,27.12165,22.25135
1786418719,27.12291,81.12001,90,0,219,,9,27.83244,27.22325,22.31888
1786418720,26.98405,81.07118,90,0,219,,0,27.79877,27.12165,22.25135
1786418721,26.99741,81.03456,90,0,219,,0,27.79877,27.15551,22.28502
1786418721,26.95468,81.04372,90,0,219,,11,27.79877,27.18938,22.21729
1786418722,27.08286,81.12917,90,0,219,,0,27.79877,27.15551,22.25135
1786418723,26.98405,81.10323,90,0,219,,0,27.79877,27.12165,22.25135
1786418724,26.94133,81.21614,90,0,219,,9,27.79877,27.08778,22.25135
1786418724,26.95468,81.07423,90,0,220,,0,27.79877,27.12165,22.31888
1786418725,27.08286,81.149,90,0,219,,0,27.79877,27.08778,22.25135
1786418726,27.05348,81.13069,90,0,219,,0,27.83244,27.15551,22.31888
1786418726,27.02411,81.07423,90,0,219,,11,27.79877,27.15551,22.21729
1786418727,26.95468,81.01472,90,0,219,,0,27.7649,27.12165,22.21729
1786418728,27.01076,81.08949,90,0,219,,0,27.79877,27.15551,22.28502
1786418728,27.05348,81.16273,90,0,219,,7,27.79877,27.15551,22.25135
1786418729,27.02411,81.09254,90,0,219,,0,27.83244,27.15551,22.28502
1786418730,27.04013,81.32601,90,0,219,,0,27.79877,27.22325,22.28502
1786418730,27.01076,81.20393,90,0,219,,7,27.79877,27.12165,22.21729
1786418731,27.02411,81.11238,90,0,219,,0,27.79877,27.18938,22.25135
1786418732,27.06684,81.10323,90,0,219,,0,27.7649,27.15551,22.28502
1786418732,27.12291,81.12917,90,0,219,,8,27.83244,27.15551,22.28502
1786418733,26.99741,81.13832,90,0,219,,2,27.79877,27.08778,22.31888
1786418734,27.04013,81.17036,90,0,219,,0,27.7649,27.02005,22.25135
1786418734,26.95468,81.10628,90,0,220,,0,27.83244,27.18938,22.25135
1786418735,27.08286,81.08949,90,0,219,,10,27.7649,27.15551,22.28502
1786418736,27.10956,81.11543,90,0,219,,0,27.79877,27.15551,22.21729
1786418736,27.01076,81.23445,90,0,219,,0,27.79877,27.18938,22.18362
1786418737,27.04013,81.01472,90,0,219,,13,27.7649,27.18938,22.28502
1786418738,27.08286,81.19325,90,0,219,,0,27.79877,27.18938,22.21729
1786418738,27.02411,81.13527,90,0,219,,0,27.7649,27.12165,22.18362
1786418739,27.09621,81.21614,90,0,219,,17,27.7649,27.15551,22.28502
1786418740,26.98405,81.14442,90,0,219,,0,27.83244,27.18938,22.21729
1786418740,26.95468,81.15816,90,0,219,,0,27.7649,27.18938,22.28502
1786418741,27.09621,81.16273,90,0,219,,12,27.79877,27.12165,22.21729
1786418742,27.01076,81.20393,90,0,219,,2,27.79877,27.08778,22.18362
1786418743,27.06684,81.29092,90,0,219,,0,27.8665,27.22325,22.21729
1786418743,27.05348,81.15358,90,0,219,,0,27.83244,27.15551,22.31888
1786418744,27.04013,81.13985,90,0,219,,23,27.83244,27.12165,22.28502
1786418745,26.96803,80.99641,90,0,219,,0,27.7649,27.18938,22.21729
1786418745,27.01076,81.09865,90,0,219,,0,27.79877,27.18938,22.25135
1786418746,27.05348,81.12154,90,0,219,,2,27.7649,27.18938,22.18362
1786418747,26.92798,81.17189,90,0,219,,0,27.79877,27.22325,22.31888
1786418747,27.05348,81.07118,90,0,219,,0,27.79877,27.18938,22.18362
1786418748,26.94133,81.20699,90,0,219,,11,27.79877,27.12165,22.25135
1786418749,26.99741,81.21156,90,0,219,,0,27.83244,27.15551,22.25135
1786418749,27.08286,81.31686,90,0,219,,0,27.83244,27.22325,22.31888
1786418750,27.04013,81.22224,90,0,219,,3,27.79877,27.18938,22.31888
1786418751,26.96803,81.23445,90,0,219,,10,27.79877,27.12165,22.18362
1786418751,27.10956,81.30312,90,0,219,,0,27.79877,27.15551,22.25135
1786418752,27.12291,81.2253,90,0,219,,0,27.79877,27.15551,22.18362
1786418753,27.01076,81.2253,90,0,219,,35,27.83244,27.18938,22.21729
1786418753,26.96803,81.22224,90,0,219,,0,27.83244,27.15551,22.25135
1786418754,27.05348,81.16273,90,0,219,,0,27.7649,27.12165,22.31888
1786418755,27.04013,81.20241,90,0,219,,2,27.79877,27.15551,22.28502
1786418755,26.99741,81.22072,90,0,219,,0,27.83244,27.18938,22.28502
1786418756,27.04013,81.2314,90,0,219,,0,27.79877,27.15551,22.28502
1786418757,27.09621,81.17494,90,0,219,,1,27.7649,27.12165,22.25135
1786418757,26.98405,81.21767,90,0,220,,0,27.79877,27.08778,22.21729
1786418758,27.05348,81.16273,90,0,219,,0,27.79877,27.25711,22.25135
1786418759,26.98405,81.19783,90,0,219,,0,27.7649,27.15551,22.18362
1786418759,27.08286,81.1078,90,0,219,,7,27.79877,27.15551,22.28502
1786418760,27.12291,81.2543,90,0,219,,1,27.7649,27.12165,22.21729
1786418761,27.02411,81.10323,90,0,219,,0,27.79877,27.12165,22.25135
1786418762,27.15228,81.26192,90,0,219,,19,27.7649,27.22325,22.21729
1786418762,27.01076,81.08949,90,0,219,,0,27.79877,27.15551,22.25135
1786418763,27.04013,81.21309,90,0,219,,0,27.7649,27.15551,22.25135
1786418764,26.8986,81.18562,90,0,219,,6,27.79877,27.15551,22.28502
1786418764,27.10956,81.2314,90,0,220,,0,27.83244,27.15551,22.18362
1786418765,27.10956,81.2314,90,0,219,,0,27.83244,27.12165,22.21729
1786418766,27.01076,81.03914,90,0,219,,0,27.79877,27.15551,22.21729
1786418766,26.98405,81.14442,90,0,219,,23,27.79877,27.08778,22.14976
1786418767,27.12291,81.26345,90,0,219,,0,27.7649,27.15551,22.28502
1786418768,26.95468,81.27261,90,0,219,,0,27.79877,27.12165,22.31888
1786418768,27.06684,81.11543,90,0,219,,9,27.79877,27.18938,22.25135
1786418769,27.08286,81.25277,90,0,219,,0,27.79877,27.12165,22.25135
1786418770,27.01076,81.21614,90,0,219,,0,27.79877,27.12165,22.21729
1786418770,27.09621,81.45419,90,0,219,,0,27.79877,27.15551,22.25135
1786418771,27.01076,81.69222,90,0,219,,7,27.7649,27.15551,22.25135
1786418772,27.12291,81.93027,90,0,219,,0,27.7649,27.18938,22.25135
1786418772,27.09621,81.96384,90,0,219,,0,27.79877,27.15551,22.31888
1786418773,27.06684,82.14236,90,0,219,,10,27.83244,27.15551,22.25135
1786418774,27.08286,82.15915,90,0,219,,0,27.7649,27.05412,22.21729
1786418774,26.98405,82.24612,90,0,220,,0,27.79877,27.18938,22.21729
1786418775,27.02411,82.15152,90,0,219,,10,27.79877,27.18938,22.28502
1786418776,26.98405,82.23392,90,0,219,,5,27.7649,27.08778,22.25135
1786418776,27.01076,82.15915,90,0,219,,0,27.79877,27.18938,22.18362
1786418777,27.13893,82.14084,90,0,219,,0,27.79877,27.12165,22.31888
1786418778,27.04013,82.03098,90,0,219,,21,27.79877,27.18938,22.25135
1786418778,26.98405,82.07828,90,0,219,,0,27.79877,27.12165,22.21729
1786418779,27.02411,81.8616,90,0,219,,0,27.7649,27.18938,22.31888
1786418780,26.96803,81.84482,90,0,219,,5,27.69717,27.15551,22.18362
1786418781,27.01076,81.70138,90,0,219,,0,27.79877,27.18938,22.31888
1786418781,27.02411,81.9028,90,0,219,,0,27.79877,27.22325,22.25135
1786418782,27.08286,81.66933,90,0,219,,2,27.79877,27.18938,22.21729
1786418783,26.98405,81.53811,90,0,219,,14,27.79877,27.18938,22.25135
1786418783,26.99741,81.58389,90,0,219,,0,27.83244,27.05412,22.28502
1786418784,27.02411,81.55032,90,0,219,,0,27.79877,27.12165,22.25135
1786418785,26.92798,81.46334,90,0,220,,0,27.73104,27.18938,22.25135
1786418785,27.10956,81.561,90,0,219,,0,27.79877,27.15551,22.25135
1786418786,27.01076,81.47402,90,0,219,,0,27.79877,27.18938,22.28502
1786418787,26.95468,81.45876,90,0,219,,6,27.79877,27.18938,22.25135
1786418787,26.96803,81.36874,90,0,219,,5,27.7649,27.18938,22.25135
1786418788,26.94133,81.36263,90,0,219,,0,27.7649,27.15551,22.28502
1786418789,27.04013,81.50149,90,0,219,,0,27.79877,27.25711,22.28502
1786418789,26.98405,81.34432,90,0,219,,13,27.79877,27.15551,22.31888
1786418790,26.99741,81.34585,90,0,219,,0,27.83244,27.18938,22.18362
1786418791,27.05348,81.30923,90,0,219,,0,27.7649,27.15551,22.28502
1786418791,26.98405,81.25887,90,0,219,,12,27.83244,27.05412,22.28502
1786418792,26.94133,81.35348,90,0,219,,2,27.7649,27.15551,22.21729
1786418793,27.08286,81.40993,90,0,219,,0,27.79877,27.18938,22.28502
1786418793,27.04013,81.18105,90,0,219,,1,27.79877,27.18938,22.28502
1786418794,27.01076,81.2253,90,0,219,,3,27.83244,27.15551,22.25135
1786418795,26.98405,81.32143,90,0,219,,0,27.79877,27.05412,22.25135
1786418795,26.95468,81.26192,90,0,219,,0,27.79877,27.22325,22.25135
1786418796,27.04013,81.22224,90,0,219,,5,27.79877,27.18938,22.25135
1786418797,27.05348,81.19478,90,0,219,,0,27.79877,27.08778,22.31888
1786418797,27.06684,81.17647,90,0,219,,0,27.79877,27.18938,22.31888
1786418798,27.09621,81.26803,90,0,219,,0,27.79877,27.18938,22.21729
1786418799,27.06684,81.19936,90,0,219,,42,27.79877,27.15551,22.28502
1786418800,27.04013,81.149,90,0,219,,0,27.79877,27.18938,22.31888
1786418800,27.04013,81.26345,90,0,219,,0,27.73104,27.22325,22.25135
1786418801,27.06684,81.23903,90,0,219,,12,27.7649,27.12165,22.28502
1786418802,26.98405,81.26803,90,0,219,,2,27.79877,27.12165,22.25135
1786418802,27.01076,81.17189,90,0,219,,0,27.79877,27.12165,22.28502
1786418803,27.04013,81.07881,90,0,219,,0,27.79877,27.08778,22.28502
1786418804,27.02411,81.09254,90,0,219,,12,27.7649,27.15551,22.28502
1786418804,27.04013,81.0666,90,0,220,,0,27.79877,27.15551,22.25135
1786418805,27.06684,81.18867,90,0,219,,0,27.7649,27.12165,22.28502
1786418806,26.99741,81.15816,90,0,219,,9,27.79877,27.22325,22.25135
1786418806,27.08286,81.19325,90,0,219,,6,27.7649,27.18938,22.28502
1786418807,26.96803,81.16273,90,0,220,,0,27.79877,27.22325,22.28502
1786418808,27.02411,81.19783,90,0,219,,0,27.7649,27.15551,22.25135
1786418808,27.02411,81.27108,90,0,219,,11,27.7649,27.12165,22.21729
1786418809,26.99741,81.13832,90,0,219,,0,27.7649,27.18938,22.21729
1786418810,27.08286,81.12917,90,0,219,,0,27.7649,27.12165,22.25135
1786418810,27.02411,81.20851,90,0,219,,6,27.83244,27.15551,22.25135
1786418811,27.04013,81.2314,90,0,219,,6,27.79877,27.12165,22.35275
1786418812,27.01076,81.15205,90,0,219,,0,27.7649,27.12165,22.25135
1786418812,27.02411,81.14442,90,0,219,,0,27.79877,27.15551,22.31888
1786418813,27.04013,81.149,90,0,219,,12,27.79877,27.15551,22.25135
1786418814,26.99741,81.08492,90,0,219,,0,27.7649,27.12165,22.31888
1786418814,27.13893,81.15358,90,0,220,,0,27.83244,27.12165,22.25135
1786418815,27.04013,81.18105,90,0,219,,0,27.79877,27.08778,22.18362
1786418816,27.04013,81.11696,90,0,219,,8,27.7649,27.18938,22.28502
1786418816,26.98405,81.14442,90,0,219,,0,27.79877,27.18938,22.21729
1786418817,27.01076,81.13069,90,0,219,,0,27.79877,27.12165,22.31888
1786418818,26.95468,81.19936,90,0,219,,13,27.7649,27.22325,22.21729
1786418819,26.98405,81.23903,90,0,219,,0,27.7649,27.15551,22.31888
1786418819,26.96803,81.08797,90,0,219,,0,27.83244,27.15551,22.28502
1786418820,27.01076,81.0605,90,0,219,,2,27.79877,27.18938,22.31888
1786418821,27.05348,81.19478,90,0,219,,9,27.7649,27.12165,22.25135
1786418821,26.99741,81.149,90,0,219,,0,27.79877,27.12165,22.25135
1786418822,27.09621,81.28939,90,0,219,,0,27.7649,27.15551,22.25135
1786418823,27.06684,81.14748,90,0,219,,6,27.7649,27.22325,22.25135
1786418823,26.99741,81.21156,90,0,219,,0,27.73104,27.18938,22.25135
1786418824,26.98405,81.06203,90,0,219,,0,27.79877,27.15551,22.28502
1786418825,26.98405,81.15663,90,0,220,,0,27.79877,27.15551,22.28502
1786418825,26.99741,81.21156,90,0,219,,4,27.7649,27.08778,22.25135
1786418826,27.06684,81.17647,90,0,219,,0,27.79877,27.15551,22.25135
1786418827,27.01076,81.16273,90,0,219,,0,27.7649,27.18938,22.21729
1786418827,26.98405,81.18867,90,0,219,,5,27.79877,27.05412,22.35275
1786418828,26.95468,81.28176,90,0,219,,0,27.7649,27.25711,22.25135
1786418829,26.99741,81.15816,90,0,219,,0,27.79877,27.18938,22.28502
1786418829,27.04013,81.17036,90,0,219,,2,27.7649,27.12165,22.28502
1786418830,27.04013,81.17036,90,0,219,,22,27.79877,27.12165,22.18362
1786418831,27.04013,81.12917,90,0,219,,0,27.79877,27.15551,22.18362
1786418831,27.04013,81.28481,90,0,219,,0,27.79877,27.25711,22.25135
1786418832,27.08286,81.09712,90,0,219,,11,27.7649,27.22325,22.28502
1786418833,27.06684,81.14748,90,0,219,,0,27.7649,27.12165,22.28502
1786418833,27.01076,81.0605,90,0,219,,0,27.7649,27.12165,22.25135
1786418834,26.99741,81.21156,90,0,220,,0,27.7649,27.12165,22.25135
1786418835,26.99741,81.17036,90,0,219,,6,27.7649,27.15551,22.25135
1786418835,27.04013,81.20241,90,0,219,,0,27.79877,27.25711,22.21729
1786418836,26.95468,81.25277,90,0,219,,0,27.73104,27.18938,22.28502
1786418837,27.09621,81.21614,90,0,219,,7,27.7649,27.08778,22.25135
1786418838,27.01076,81.29855,90,0,219,,0,27.83244,27.12165,22.21729
1786418838,27.09621,81.64187,90,0,219,,0,27.7649,27.12165,22.21729
1786418839,26.95468,81.97757,90,0,219,,17,27.73104,27.22325,22.18362
1786418840,27.09621,82.11948,90,0,219,,17,27.83244,27.08778,22.31888
1786418840,27.01076,82.3148,90,0,219,,0,27.79877,27.12165,22.25135
1786418841,27.01076,82.42008,90,0,219,,0,27.79877,27.18938,22.31888
1786418842,26.98405,82.42161,90,0,219,,16,27.83244,27.18938,22.25135
1786418842,27.05348,82.43992,90,0,219,,0,27.79877,27.15551,22.28502
1786418843,26.98405,82.50401,90,0,219,,0,27.79877,27.15551,22.25135
1786418844,26.96803,82.40788,90,0,219,,10,27.79877,27.12165,22.28502
1786418844,27.08286,82.36515,90,0,220,,0,27.79877,27.18938,22.18362
1786418845,27.02411,82.33768,90,0,219,,0,27.79877,27.08778,22.28502
1786418846,27.05348,82.27512,90,0,219,,0,27.79877,27.12165,22.31888
1786418846,27.05348,82.20035,90,0,219,,0,27.79877,27.22325,22.25135
1786418847,26.96803,82.2095,90,0,219,,0,27.7649,27.12165,22.28502
1786418848,27.02411,82.11032,90,0,219,,0,27.79877,27.08778,22.25135
1786418848,26.94133,81.944,90,0,219,,13,27.79877,27.15551,22.28502
1786418849,27.06684,82.06912,90,0,219,,16,27.7649,27.18938,22.35275
1786418850,27.05348,81.88907,90,0,219,,0,27.79877,27.15551,22.21729
1786418850,26.98405,81.83109,90,0,219,,0,27.7649,27.15551,22.28502
1786418851,27.05348,81.85855,90,0,219,,7,27.79877,27.08778,22.21729
1786418852,27.02411,81.74715,90,0,219,,0,27.79877,27.18938,22.21729
1786418852,27.04013,81.73037,90,0,219,,0,27.79877,27.12165,22.25135
1786418853,26.96803,81.66018,90,0,219,,3,27.79877,27.18938,22.21729
1786418854,27.05348,81.7029,90,0,219,,1,27.79877,27.12165,22.25135
1786418854,27.02411,81.66476,90,0,219,,0,27.79877,27.18938,22.18362
1786418855,27.02411,81.71511,90,0,219,,0,27.83244,27.15551,22.18362
1786418856,27.09621,81.68459,90,0,219,,10,27.83244,27.18938,22.35275
1786418857,27.05348,81.60067,90,0,219,,0,27.7649,27.15551,22.25135
1786418857,27.01076,81.71206,90,0,220,,0,27.83244,27.15551,22.21729
1786418858,27.02411,81.6556,90,0,219,,6,27.79877,27.12165,22.14976
1786418859,26.96803,81.70138,90,0,219,,0,27.7649,27.15551,22.21729
1786418859,27.01076,81.63882,90,0,219,,0,27.7649,27.05412,22.25135
1786418860,27.01076,81.62966,90,0,219,,3,27.7649,27.12165,22.31888
1786418861,27.10956,81.68764,90,0,219,,11,27.79877,27.22325,22.25135
1786418861,27.09621,81.67391,90,0,219,,0,27.83244,27.15551,22.28502
1786418862,27.08286,81.61593,90,0,219,,0,27.7649,27.12165,22.25135
1786418863,26.98405,81.59151,90,0,219,,11,27.73104,27.18938,22.21729
1786418863,27.05348,81.55642,90,0,219,,0,27.83244,27.15551,22.25135
1786418864,27.02411,81.59151,90,0,219,,0,27.79877,27.22325,22.25135
1786418865,27.08286,81.54574,90,0,219,,5,27.73104,27.15551,22.35275
1786418865,27.04013,81.66933,90,0,219,,6,27.79877,27.12165,22.31888
1786418866,27.01076,81.53658,90,0,219,,0,27.7649,27.15551,22.25135
1786418867,27.09621,81.48623,90,0,219,,0,27.7649,27.15551,22.25135
1786418867,27.02411,81.55947,90,0,219,,8,27.7649,27.15551,22.28502
1786418868,27.06684,81.58236,90,0,219,,2,27.79877,27.12165,22.21729
1786418869,27.04013,81.51369,90,0,219,,0,27.7649,27.18938,22.25135
1786418869,27.02411,81.45571,90,0,219,,0,27.8665,27.18938,22.21729
1786418870,27.01076,81.47402,90,0,219,,11,27.7649,27.15551,22.25135
1786418871,26.99741,81.44045,90,0,219,,0,27.7649,27.15551,22.31888
1786418871,27.02411,81.35348,90,0,219,,0,27.7649,27.15551,22.28502
1786418872,27.01076,81.43282,90,0,219,,0,27.79877,27.18938,22.25135
1786418873,26.98405,81.44656,90,0,219,,11,27.7649,27.22325,22.25135
1786418873,27.01076,81.40078,90,0,219,,0,27.79877,27.05412,22.28502
1786418874,26.99741,81.3962,90,0,220,,0,27.73104,27.18938,22.25135
1786418875,27.04013,81.41909,90,0,219,,5,27.7649,27.15551,22.18362
1786418876,27.04013,81.4725,90,0,219,,6,27.79877,27.15551,22.31888
1786418876,27.01076,81.35043,90,0,219,,0,27.79877,27.15551,22.28502
1786418877,27.05348,81.39162,90,0,219,,0,27.83244,27.05412,22.25135
1786418878,27.01076,81.35043,90,0,219,,6,27.8665,27.12165,22.28502
1786418878,27.02411,81.40383,90,0,219,,4,27.79877,27.12165,22.25135
1786418879,27.08286,81.3901,90,0,219,,0,27.7649,27.25711,22.31888
1786418880,26.98405,81.33212,90,0,219,,0,27.73104,27.18938,22.28502
1786418880,27.01076,81.42214,90,0,219,,4,27.7649,27.12165,22.25135
1786418881,27.06684,81.29092,90,0,219,,0,27.83244,27.15551,22.25135
1786418882,27.01076,81.24513,90,0,219,,0,27.79877,27.18938,22.21729
1786418882,27.01076,81.27718,90,0,219,,0,27.73104,27.12165,22.25135
1786418883,27.06684,81.17647,90,0,219,,8,27.83244,27.18938,22.21729
1786418884,27.04013,81.26345,90,0,219,,0,27.79877,27.15551,22.21729
1786418884,26.96803,81.37789,90,0,220,,0,27.83244,27.12165,22.21729
1786418885,27.08286,81.3901,90,0,219,,2,27.7649,27.18938,22.21729
1786418886,26.98405,81.24818,90,0,219,,14,27.79877,27.12165,22.25135
1786418886,26.96803,81.24361,90,0,219,,0,27.79877,27.15551,22.25135
1786418887,26.99741,81.27261,90,0,219,,0,27.79877,27.15551,22.25135
1786418888,27.02411,81.14442,90,0,219,,12,27.7649,27.15551,22.25135
1786418888,27.05348,81.1841,90,0,219,,0,27.79877,27.08778,22.28502
1786418889,27.01076,81.19478,90,0,219,,0,27.83244,27.18938,22.25135
1786418890,27.05348,81.24513,90,0,219,,0,27.7649,27.18938,22.25135
1786418890,27.06684,81.28024,90,0,219,,18,27.79877,27.18938,22.21729
1786418891,26.99741,81.29397,90,0,219,,0,27.79877,27.18938,22.31888
1786418892,26.96803,81.12001,90,0,219,,0,27.79877,27.12165,22.28502
1786418892,27.01076,81.13069,90,0,219,,1,27.79877,27.22325,22.35275
1786418893,27.04013,81.16121,90,0,219,,17,27.7649,27.15551,22.21729
1786418894,26.95468,81.09712,90,0,219,,0,27.7649,27.12165,22.14976
1786418895,27.04013,81.17036,90,0,219,,0,27.7649,27.12165,22.21729
1786418895,27.02411,81.13527,90,0,219,,10,27.79877,27.18938,22.28502
1786418896,27.01076,81.2665,90,0,219,,9,27.7649,27.18938,22.31888
1786418897,27.08286,81.19325,90,0,219,,0,27.73104,27.18938,22.31888
1786418897,27.05348,81.17494,90,0,219,,0,27.79877,27.18938,22.21729
1786418898,27.05348,81.0071,90,0,219,,12,27.7649,27.15551,22.28502
1786418899,27.01076,81.1841,90,0,219,,0,27.7649,27.18938,22.25135
1786418899,27.04013,81.07881,90,0,219,,0,27.7649,27.12165,22.28502
1786418900,27.02411,81.20851,90,0,219,,0,27.7649,27.18938,22.25135
1786418901,27.06684,81.13527,90,0,219,,11,27.73104,27.22325,22.31888
1786418901,27.01076,81.24513,90,0,219,,0,27.73104,27.22325,22.31888
1786418902,26.98405,81.09254,90,0,219,,0,27.7649,27.15551,22.28502
1786418903,27.04013,81.13985,90,0,219,,3,27.79877,27.12165,22.31888
1786418903,27.02411,81.24818,90,0,219,,15,27.79877,27.18938,22.25135
1786418904,26.99741,81.26192,90,0,219,,0,27.79877,27.15551,22.28502
1786418905,27.02411,81.19783,90,0,219,,0,27.7649,27.22325,22.31888
1786418905,27.05348,81.12154,90,0,219,,11,27.79877,27.12165,22.18362
1786418906,27.06684,81.13527,90,0,219,,4,27.79877,27.15551,22.18362
1786418907,27.01076,81.17189,90,0,219,,0,27.7649,27.15551,22.28502
1786418907,27.02411,81.17647,90,0,219,,0,27.7649,27.18938,22.28502
1786418908,27.05348,81.11086,90,0,219,,6,27.7649,27.15551,22.28502
1786418909,27.04013,81.1902,90,0,219,,11,27.79877,27.22325,22.25135
1786418909,27.08286,81.149,90,0,219,,0,27.73104,27.25711,22.25135
1786418910,27.02411,81.13527,90,0,219,,0,27.7649,27.12165,22.25135
1786418911,27.16564,81.18105,90,0,219,,4,27.73104,27.18938,22.25135
1786418911,26.98405,81.11238,90,0,219,,17,27.79877,27.12165,22.25135
1786418912,26.94133,81.12459,90,0,219,,0,27.79877,27.15551,22.18362
1786418913,27.04013,81.13985,90,0,219,,0,27.79877,27.15551,22.28502
1786418914,27.04013,81.21309,90,0,219,,12,27.79877,27.12165,22.28502
1786418914,27.01076,81.17189,90,0,220,,0,27.79877,27.22325,22.35275
1786418915,27.02411,81.11238,90,0,219,,0,27.79877,27.12165,22.28502
1786418916,27.05348,81.13069,90,0,219,,0,27.7649,27.15551,22.25135
1786418916,27.05348,81.20699,90,0,219,,3,27.79877,27.22325,22.14976
1786418917,26.99741,81.15816,90,0,219,,2,27.83244,27.12165,22.28502
1786418918,26.96803,81.24361,90,0,219,,0,27.83244,27.18938,22.25135
1786418918,26.99741,81.1902,90,0,219,,0,27.73104,27.15551,22.35275
1786418919,27.04013,81.18105,90,0,219,,6,27.7649,27.18938,22.25135
1786418920,27.04013,81.11696,90,0,219,,15,27.83244,27.15551,22.25135
1786418920,27.06684,81.15663,90,0,219,,0,27.73104,27.15551,22.25135
1786418921,27.08286,81.17189,90,0,219,,0,27.7649,27.22325,22.14976
1786418922,27.04013,81.08797,90,0,219,,5,27.79877,27.15551,22.31888
1786418922,27.05348,81.17494,90,0,219,,18,27.79877,27.15551,22.21729
1786418923,26.99741,81.149,90,0,219,,0,27.79877,27.15551,22.28502
1786418924,26.99741,81.15816,90,0,219,,0,27.7649,27.12165,22.35275
1786418924,27.06684,81.14748,90,0,220,,0,27.79877,27.25711,22.31888
1786418925,27.01076,81.11086,90,0,219,,4,27.7649,27.18938,22.18362
1786418926,27.04013,81.08797,90,0,219,,0,27.79877,27.18938,22.28502
1786418926,26.92798,81.12001,90,0,219,,0,27.73104,27.15551,22.25135
1786418927,27.01076,81.2543,90,0,219,,0,27.7649,27.18938,22.21729
1786418928,27.08286,81.13985,90,0,219,,16,27.7649,27.15551,22.28502
1786418928,26.99741,81.17036,90,0,219,,0,27.79877,27.15551,22.28502
1786418929,27.04013,81.11696,90,0,219,,0,27.7649,27.18938,22.21729
1786418930,27.01076,81.09865,90,0,219,,5,27.79877,27.15551,22.28502
1786418930,27.01076,81.19478,90,0,219,,10,27.73104,27.18938,22.25135
1786418931,27.05348,81.1841,90,0,219,,0,27.79877,27.18938,22.28502
1786418932,27.02411,81.18867,90,0,219,,0,27.79877,27.15551,22.28502
1786418933,27.04013,81.20241,90,0,219,,9,27.7649,27.18938,22.21729
1786418933,27.02411,81.13527,90,0,219,,10,27.79877,27.15551,22.28502
1786418934,27.02411,81.12459,90,0,219,,0,27.83244,27.15551,22.31888
1786418935,27.05348,81.1429,90,0,219,,0,27.79877,27.25711,22.25135
1786418935,27.06684,81.14748,90,0,219,,3,27.83244,27.15551,22.28502
1786418936,27.01076,81.11086,90,0,219,,0,27.7649,27.22325,22.28502
1786418937,27.05348,81.12154,90,0,219,,0,27.83244,27.18938,22.21729
1786418937,26.98405,81.08339,90,0,219,,0,27.79877,27.15551,22.35275
1786418938,26.95468,81.11696,90,0,219,,7,27.83244,27.18938,22.25135
1786418939,27.15228,81.1078,90,0,219,,0,27.79877,27.12165,22.28502
1786418939,27.05348,81.08949,90,0,219,,0,27.79877,27.12165,22.25135
1786418940,27.02411,81.22682,90,0,219,,6,27.7649,27.18938,22.28502
1786418941,27.08286,81.12001,90,0,219,,5,27.7649,27.12165,22.28502
1786418941,26.99741,81.1902,90,0,219,,0,27.7649,27.15551,22.25135
1786418942,26.98405,81.16579,90,0,219,,0,27.7649,27.18938,22.21729
1786418943,27.01076,81.07881,90,0,219,,6,27.7649,27.15551,22.38642
1786418943,27.09621,81.13374,90,0,219,,0,27.83244,27.12165,22.28502
1786418944,27.01076,81.07881,90,0,220,,0,27.7649,27.25711,22.21729
1786418945,27.05348,81.15358,90,0,219,,2,27.83244,27.18938,22.25135
1786418945,27.09621,81.19478,90,0,219,,11,27.7649,27.15551,22.28502
1786418946,26.95468,81.02388,90,0,219,,0,27.79877,27.15551,22.28502
1786418947,27.10956,81.19936,90,0,219,,0,27.7649,27.12165,22.25135
1786418947,26.99741,81.03456,90,0,219,,9,27.79877,27.08778,22.25135
1786418948,27.05348,81.13069,90,0,219,,0,27.79877,27.08778,22.21729
1786418949,26.98405,81.26803,90,0,219,,0,27.79877,27.18938,22.28502
1786418949,27.08286,81.18105,90,0,219,,0,27.79877,27.12165,22.21729
1786418950,27.04013,81.12917,90,0,219,,20,27.83244,27.22325,22.28502
1786418951,27.05348,81.13069,90,0,219,,0,27.83244,27.15551,22.28502
1786418952,27.01076,81.17189,90,0,219,,0,27.7649,27.22325,22.28502
1786418952,27.01076,81.13069,90,0,219,,6,27.79877,27.25711,22.28502
1786418953,27.08286,81.12917,90,0,219,,15,27.7649,27.15551,22.21729
1786418954,27.02411,81.09254,90,0,219,,0,27.79877,27.15551,22.21729
1786418954,26.98405,81.15663,90,0,219,,0,27.7649,27.18938,22.25135
1786418955,27.04013,81.20241,90,0,219,,1,27.79877,27.15551,22.28502
1786418956,26.94133,81.02998,90,0,219,,9,27.79877,27.08778,22.25135
1786418956,27.05348,81.07118,90,0,219,,0,27.83244,27.15551,22.28502
1786418957,27.09621,81.12154,90,0,219,,0,27.79877,27.18938,22.28502
1786418958,26.98405,81.05287,90,0,219,,12,27.79877,27.12165,22.25135
1786418958,27.01076,81.12154,90,0,219,,0,27.7649,27.12165,22.21729
1786418959,27.01076,81.08949,90,0,219,,0,27.7649,27.18938,22.21729
1786418960,27.04013,81.18105,90,0,219,,0,27.79877,27.18938,22.28502
1786418960,27.04013,81.1078,90,0,219,,15,27.79877,27.18938,22.25135
1786418961,27.05348,81.1429,90,0,219,,0,27.79877,27.18938,22.28502
1786418962,26.99741,80.98268,90,0,219,,0,27.79877,27.18938,22.25135
1786418962,26.98405,81.21767,90,0,219,,0,27.7649,27.15551,22.21729
1786418963,26.94133,81.05135,90,0,219,,18,27.7649,27.12165,22.31888
1786418964,26.99741,81.09712,90,0,219,,0,27.7649,27.15551,22.28502
1786418964,26.99741,81.20241,90,0,220,,0,27.7649,27.18938,22.31888
1786418965,27.04013,81.30465,90,0,219,,0,27.79877,27.15551,22.28502
1786418966,27.04013,81.18105,90,0,219,,12,27.73104,27.18938,22.21729
1786418966,26.95468,81.06508,90,0,219,,0,27.79877,27.12165,22.25135
1786418967,26.96803,81.09865,90,0,219,,0,27.7649,27.12165,22.21729
1786418968,26.98405,81.16579,90,0,219,,6,27.79877,27.12165,22.28502
1786418968,27.06684,81.24971,90,0,219,,16,27.79877,27.15551,22.25135
1786418969,27.05348,81.16273,90,0,219,,0,27.83244,27.15551,22.31888
1786418970,26.95468,81.15816,90,0,219,,0,27.7649,27.02005,22.28502
1786418971,27.05348,81.19478,90,0,219,,7,27.83244,27.08778,22.14976
1786418971,27.09621,81.17494,90,0,219,,10,27.83244,27.15551,22.25135
1786418972,27.09621,81.34127,90,0,219,,0,27.7649,27.15551,22.28502
1786418973,27.01076,81.08949,90,0,219,,0,27.79877,27.22325,22.28502
1786418973,27.09621,81.16273,90,0,219,,8,27.79877,27.15551,22.28502
1786418974,26.98405,81.07118,90,0,220,,0,27.7649,27.15551,22.25135
1786418975,27.05348,81.1841,90,0,219,,0,27.79877,27.15551,22.28502
1786418975,26.99741,81.24055,90,0,219,,0,27.79877,27.18938,22.21729
1786418976,27.01076,81.35043,90,0,219,,4,27.79877,27.15551,22.31888
1786418977,27.12291,81.13985,90,0,219,,0,27.7649,27.12165,22.35275
1786418977,27.08286,81.17189,90,0,219,,0,27.7649,27.15551,22.21729
1786418978,27.01076,81.15205,90,0,219,,4,27.79877,27.15551,22.25135
1786418979,27.01076,81.17189,90,0,219,,5,27.83244,27.18938,22.31888
1786418979,26.95468,81.09712,90,0,219,,0,27.7649,27.22325,22.25135
1786418980,26.92798,81.13069,90,0,219,,0,27.73104,27.12165,22.18362
1786418981,26.99741,81.26192,90,0,219,,10,27.7649,27.15551,22.31888
1786418981,26.99741,81.22072,90,0,219,,0,27.7649,27.12165,22.21729
1786418982,27.05348,81.30923,90,0,219,,0,27.7649,27.15551,22.25135
1786418983,27.02411,81.18867,90,0,219,,0,27.7649,27.15551,22.21729
1786418983,27.08286,81.23445,90,0,219,,9,27.83244,27.08778,22.31888
1786418984,27.02411,81.20851,90,0,220,,0,27.79877,27.18938,22.28502
1786418985,27.04013,81.20241,90,0,219,,0,27.79877,27.18938,22.28502
1786418985,27.04013,81.17036,90,0,219,,5,27.79877,27.22325,22.25135
1786418986,27.01076,81.17189,90,0,219,,10,27.69717,27.15551,22.21729
1786418987,26.96803,81.3077,90,0,219,,0,27.7649,27.18938,22.25135
1786418987,27.04013,81.25277,90,0,219,,0,27.7649,27.08778,22.21729
1786418988,27.06684,81.23903,90,0,219,,8,27.7649,27.12165,22.21729
1786418989,27.02411,81.23903,90,0,219,,0,27.79877,27.15551,22.28502
1786418990,26.94133,81.08034,90,0,219,,0,27.83244,27.18938,22.31888
1786418990,27.05348,81.16273,90,0,219,,7,27.79877,27.12165,22.28502
1786418991,27.01076,81.1429,90,0,219,,11,27.79877,27.12165,22.21729
1786418992,26.96803,81.1841,90,0,219,,0,27.83244,27.18938,22.25135
1786418992,26.98405,81.14442,90,0,219,,0,27.7649,27.22325,22.25135
1786418993,27.02411,81.20851,90,0,219,,12,27.83244,27.18938,22.25135
1786418994,27.05348,81.1841,90,0,219,,0,27.7649,27.15551,22.21729
1786418994,27.01076,81.2253,90,0,219,,0,27.7649,27.15551,22.28502
1786418995,26.99741,81.149,90,0,219,,0,27.7649,27.18938,22.31888
1786418996,27.09621,81.0605,90,0,219,,1,27.79877,27.12165,22.28502
1786418996,27.02411,81.09254,90,0,219,,0,27.7649,27.12165,22.25135
1786418997,27.06684,81.19936,90,0,219,,0,27.79877,27.25711,22.25135
1786418998,26.98405,81.09254,90,0,219,,0,27.83244,27.18938,22.28502
1786418998,27.04013,81.05745,90,0,219,,10,27.83244,27.05412,22.31888
1786418999,27.05348,80.99794,90,0,219,,0,27.79877,27.18938,22.31888
1786419000,27.02411,81.19783,90,0,219,,0,27.73104,27.05412,22.21729
1786419000,26.98405,81.09254,90,0,219,,7,27.79877,27.12165,22.21729
1786419001,26.95468,81.05592,90,0,219,,20,27.79877,27.12165,22.25135
1786419002,26.98405,81.16579,90,0,219,,0,27.83244,27.12165,22.25135
1786419002,27.06684,81.28024,90,0,219,,0,27.79877,27.15551,22.25135
1786419003,27.01076,81.27718,90,0,219,,8,27.7649,27.29098,22.25135
1786419004,26.98405,81.16579,90,0,219,,11,27.83244,27.12165,22.21729
1786419004,27.08286,81.19325,90,0,220,,0,27.79877,27.15551,22.31888
1786419005,26.94133,81.11238,90,0,219,,0,27.79877,27.18938,22.25135
1786419006,27.06684,81.12459,90,0,219,,4,27.7649,27.18938,22.25135
1786419006,27.01076,81.08949,90,0,219,,2,27.83244,27.08778,22.25135
1786419007,27.01076,81.11086,90,0,219,,0,27.83244,27.12165,22.25135
1786419008,27.02411,81.09254,90,0,219,,0,27.79877,27.18938,22.25135
1786419009,27.06684,81.09407,90,0,219,,7,27.7649,27.18938,22.28502
1786419009,26.96803,81.09865,90,0,219,,6,27.7649,27.22325,22.25135
1786419010,27.09621,81.23903,90,0,219,,0,27.79877,27.18938,22.21729
1786419011,26.99741,81.15816,90,0,219,,0,27.79877,27.08778,22.28502
1786419011,27.06684,81.08492,90,0,219,,15,27.7649,27.12165,22.25135
1786419012,27.01076,81.07881,90,0,219,,0,27.79877,27.15551,22.25135
1786419013,27.05348,81.0605,90,0,219,,0,27.79877,27.15551,22.25135
1786419013,26.99741,81.11696,90,0,219,,0,27.79877,27.15551,22.28502
1786419014,26.95468,81.11696,90,0,220,,0,27.83244,27.12165,22.28502
1786419015,27.01076,81.09865,90,0,219,,0,27.79877,27.18938,22.28502
1786419015,26.98405,81.02083,90,0,219,,0,27.7649,27.15551,22.28502
1786419016,27.06684,81.13527,90,0,219,,0,27.7649,27.22325,22.21729
1786419017,27.02411,81.06203,90,0,219,,13,27.7649,27.18938,22.21729
1786419017,26.98405,81.05287,90,0,219,,0,27.83244,27.08778,22.18362
1786419018,27.08286,81.09712,90,0,219,,0,27.79877,27.15551,22.21729
1786419019,27.01076,81.1841,90,0,219,,7,27.79877,27.22325,22.28502
1786419019,27.04013,81.05745,90,0,219,,9,27.7649,27.12165,22.28502
1786419020,27.06684,81.19936,90,0,219,,0,27.79877,27.15551,22.28502
1786419021,27.01076,81.11086,90,0,219,,0,27.79877,27.12165,22.31888
1786419021,27.09621,81.12154,90,0,219,,11,27.79877,27.12165,22.21729
1786419022,27.04013,81.1902,90,0,219,,0,27.7649,27.18938,22.25135
1786419023,27.02411,81.13527,90,0,219,,0,27.79877,27.12165,22.25135
1786419023,27.10956,81.14748,90,0,219,,7,27.7649,27.18938,22.28502
1786419024,26.95468,81.03456,90,0,220,,2,27.7649,27.18938,22.35275
1786419025,27.06684,81.15663,90,0,219,,0,27.7649,27.22325,22.28502
1786419026,27.02411,81.10323,90,0,219,,0,27.79877,27.18938,22.25135
1786419026,26.99741,81.149,90,0,219,,8,27.83244,27.05412,22.25135
1786419027,27.05348,81.05135,90,0,219,,0,27.79877,27.15551,22.28502
1786419028,27.08286,81.1078,90,0,219,,0,27.83244,27.15551,22.28502
1786419028,27.06684,81.20851,90,0,219,,1,27.83244,27.15551,22.28502
1786419029,26.95468,81.03456,90,0,219,,7,27.83244,27.18938,22.25135
1786419030,27.06684,81.31228,90,0,219,,0,27.7649,27.18938,22.21729
1786419030,26.99741,81.25277,90,0,219,,0,27.79877,27.15551,22.21729
1786419031,26.99741,81.17036,90,0,219,,12,27.79877,27.12165,22.21729
1786419032,27.08286,81.2253,90,0,219,,0,27.73104,27.18938,22.21729
1786419032,27.04013,81.17036,90,0,219,,0,27.7649,27.18938,22.28502
1786419033,27.04013,81.11696,90,0,219,,10,27.7649,27.22325,22.28502
1786419034,26.99741,81.07576,90,0,219,,3,27.7649,27.18938,22.28502
1786419034,27.01076,81.16273,90,0,219,,0,27.73104,27.15551,22.25135
1786419035,27.01076,81.16273,90,0,219,,0,27.79877,27.08778,22.21729
1786419036,26.98405,81.05287,90,0,219,,18,27.7649,27.15551,22.21729
1786419036,27.01076,81.1841,90,0,219,,0,27.79877,27.12165,22.28502
1786419037,27.02411,81.07423,90,0,219,,0,27.83244,27.08778,22.25135
1786419038,27.02411,81.22682,90,0,219,,10,27.7649,27.18938,22.21729
1786419038,27.02411,81.17647,90,0,219,,0,27.7649,27.12165,22.25135
1786419039,27.06684,81.23903,90,0,219,,0,27.79877,27.15551,22.25135
1786419040,27.02411,81.22682,90,0,219,,3,27.7649,27.22325,22.18362
1786419040,27.02411,81.23903,90,0,219,,15,27.79877,27.02005,22.28502
1786419041,27.04013,81.1902,90,0,219,,0,27.79877,27.12165,22.35275
1786419042,27.06684,81.28024,90,0,219,,0,27.7649,27.08778,22.25135
1786419042,27.04013,81.18105,90,0,219,,10,27.83244,27.15551,22.28502
1786419043,27.01076,81.12154,90,0,219,,0,27.79877,27.05412,22.21729
1786419044,27.01076,81.21614,90,0,219,,0,27.79877,27.12165,22.31888
1786419045,26.99741,81.149,90,0,220,,0,27.7649,27.18938,22.25135
1786419045,27.02411,81.23903,90,0,219,,10,27.7649,27.15551,22.18362
1786419046,27.02411,81.11238,90,0,219,,0,27.79877,27.15551,22.28502
1786419047,26.8986,81.22682,90,0,219,,0,27.7649,27.18938,22.25135
1786419047,26.92798,81.19325,90,0,219,,6,27.83244,27.12165,22.25135
1786419048,27.08286,81.19325,90,0,219,,0,27.83244,27.15551,22.28502
1786419049,27.04013,81.24361,90,0,219,,0,27.79877,27.15551,22.28502
1786419049,27.06684,81.05287,90,0,219,,3,27.79877,27.08778,22.21729
1786419050,27.04013,81.18105,90,0,219,,18,27.79877,27.15551,22.21729
1786419051,27.09621,81.15358,90,0,219,,0,27.7649,27.12165,22.25135
1786419051,27.08286,81.29549,90,0,219,,0,27.83244,27.18938,22.25135
1786419052,27.08286,81.18105,90,0,219,,10,27.7649,27.15551,22.25135
1786419053,27.12291,81.28481,90,0,219,,0,27.79877,27.18938,22.25135
1786419053,26.91195,81.20851,90,0,219,,0,27.7649,27.18938,22.25135
1786419054,27.08286,81.27566,90,0,219,,2,27.7649,27.15551,22.25135
1786419055,27.02411,81.23903,90,0,219,,3,27.73104,27.08778,22.38642
1786419055,27.08286,81.27566,90,0,219,,0,27.79877,27.08778,22.21729
1786419056,26.99741,81.22072,90,0,219,,0,27.79877,27.18938,22.21729
1786419057,27.13893,81.25735,90,0,219,,0,27.7649,27.15551,22.21729
1786419057,27.02411,81.16579,90,0,219,,0,27.73104,27.18938,22.21729
1786419058,26.96803,81.19325,90,0,219,,0,27.7649,27.15551,22.25135
1786419059,27.05348,81.27718,90,0,219,,11,27.7649,27.18938,22.28502
1786419059,27.05348,81.22682,90,0,219,,10,27.79877,27.12165,22.25135
1786419060,27.02411,81.38247,90,0,219,,0,27.83244,27.18938,22.25135
1786419061,27.08286,81.23445,90,0,219,,0,27.7649,27.18938,22.28502
1786419061,27.01076,81.2543,90,0,219,,3,27.7649,27.22325,22.21729
1786419062,27.02411,81.28024,90,0,219,,0,27.83244,27.18938,22.25135
1786419063,27.04013,81.2314,90,0,219,,0,27.7649,27.12165,22.25135
1786419064,27.04013,81.25277,90,0,219,,3,27.7649,27.12165,22.31888
1786419064,27.05348,81.23598,90,0,220,,3,27.79877,27.12165,22.28502
1786419065,27.12291,81.19325,90,0,219,,0,27.79877,27.12165,22.21729
1786419066,27.02411,81.28024,90,0,219,,0,27.79877,27.18938,22.28502
1786419066,27.02411,81.13527,90,0,219,,3,27.7649,27.12165,22.21729
1786419067,27.02411,81.12459,90,0,219,,0,27.7649,27.22325,22.28502
1786419068,27.05348,81.38247,90,0,219,,0,27.7649,27.18938,22.25135
1786419068,27.08286,81.31686,90,0,219,,0,27.79877,27.18938,22.31888
1786419069,27.05348,81.15358,90,0,219,,11,27.83244,27.18938,22.25135
1786419070,26.99741,81.149,90,0,219,,0,27.7649,27.22325,22.21729
1786419070,27.06684,81.15663,90,0,219,,0,27.7649,27.15551,22.35275
1786419071,27.02411,81.21767,90,0,219,,5,27.79877,27.12165,22.28502
1786419072,27.02411,81.20851,90,0,219,,11,27.79877,27.18938,22.28502
1786419072,27.02411,81.19783,90,0,219,,0,27.79877,27.15551,22.31888
1786419073,27.04013,81.18105,90,0,219,,0,27.79877,27.18938,22.21729
1786419074,27.01076,81.24513,90,0,219,,6,27.79877,27.12165,22.28502
1786419074,26.99741,81.25277,90,0,220,,0,27.7649,27.08778,22.25135
1786419075,26.96803,81.23445,90,0,219,,0,27.7649,27.18938,22.28502
1786419076,27.02411,81.27108,90,0,219,,0,27.79877,27.18938,22.25135
1786419076,26.98405,81.18867,90,0,219,,11,27.79877,27.15551,22.25135
1786419077,27.02411,81.29092,90,0,219,,0,27.7649,27.12165,22.28502
1786419078,27.05348,81.20699,90,0,219,,0,27.79877,27.15551,22.25135
1786419078,27.02411,81.18867,90,0,219,,1,27.83244,27.18938,22.28502
1786419079,27.05348,81.12154,90,0,219,,0,27.79877,27.05412,22.28502
1786419080,27.06684,81.09407,90,0,219,,0,27.69717,27.12165,22.18362
1786419080,27.02411,81.25887,90,0,219,,0,27.79877,27.12165,22.28502
1786419081,27.08286,81.28481,90,0,219,,13,27.83244,27.05412,22.25135
1786419082,27.02411,81.17647,90,0,219,,0,27.83244,27.12165,22.21729
1786419083,26.94133,81.26803,90,0,219,,0,27.79877,27.12165,22.21729
1786419083,27.01076,81.13069,90,0,219,,8,27.7649,27.15551,22.28502
1786419084,27.10956,81.27108,90,0,219,,0,27.79877,27.15551,22.21729
1786419085,27.04013,81.27261,90,0,219,,0,27.79877,27.12165,22.28502
1786419085,27.09621,81.22682,90,0,219,,0,27.7649,27.08778,22.25135
1786419086,27.04013,81.16121,90,0,219,,10,27.7649,27.25711,22.25135
1786419087,26.99741,81.12917,90,0,219,,0,27.73104,27.12165,22.25135
1786419087,27.01076,81.21614,90,0,219,,0,27.7649,27.15551,22.25135
1786419088,26.96803,81.15205,90,0,219,,6,27.79877,27.08778,22.28502
1786419089,26.99741,81.27261,90,0,219,,0,27.7649,27.12165,22.28502
1786419089,26.98405,81.22682,90,0,219,,0,27.83244,27.12165,22.28502
1786419090,27.06684,81.20851,90,0,219,,0,27.7649,27.15551,22.31888
1786419091,26.99741,81.149,90,0,219,,12,27.83244,27.18938,22.31888
1786419091,26.94133,81.13374,90,0,219,,0,27.79877,27.12165,22.25135
1786419092,27.06684,81.15663,90,0,219,,0,27.79877,27.15551,22.21729
1786419093,27.01076,81.13069,90,0,219,,12,27.83244,27.12165,22.21729
1786419093,26.95468,81.13832,90,0,219,,9,27.7649,27.08778,22.28502
1786419094,27.09621,81.22682,90,0,220,,0,27.79877,27.18938,22.18362
1786419095,27.06684,81.02083,90,0,219,,0,27.7649,27.12165,22.18362
1786419095,26.98405,81.12459,90,0,219,,1,27.7649,27.08778,22.31888
1786419096,27.05348,81.33059,90,0,219,,0,27.79877,27.22325,22.28502
1786419097,27.04013,81.20241,90,0,219,,0,27.7649,27.15551,22.21729
1786419097,26.91195,80.97047,90,0,219,,0,27.83244,27.08778,22.28502
1786419098,27.08286,81.19325,90,0,219,,14,27.79877,27.08778,22.21729
1786419099,27.02411,81.17647,90,0,219,,0,27.79877,27.15551,22.14976
1786419099,27.06684,81.16731,90,0,219,,0,27.79877,27.15551,22.31888
1786419100,27.05348,81.03914,90,0,219,,0,27.79877,27.22325,22.31888
1786419101,26.96803,81.09865,90,0,219,,13,27.83244,27.12165,22.25135
1786419102,27.02411,81.11238,90,0,219,,0,27.79877,27.15551,22.25135
1786419102,27.06684,81.07423,90,0,219,,0,27.79877,27.15551,22.25135
1786419103,27.06684,81.10323,90,0,219,,2,27.8665,27.18938,22.21729
1786419104,27.02411,81.09254,90,0,219,,12,27.7649,27.12165,22.31888
1786419104,27.02411,81.28024,90,0,220,,0,27.7649,27.05412,22.18362
1786419105,26.98405,81.15663,90,0,219,,0,27.79877,27.15551,22.21729
1786419106,26.99741,81.15816,90,0,219,,2,27.79877,27.18938,22.21729
1786419106,27.02411,81.08339,90,0,219,,12,27.79877,27.12165,22.31888
1786419107,27.08286,81.149,90,0,219,,0,27.7649,27.18938,22.25135
1786419108,27.10956,81.24055,90,0,219,,0,27.79877,27.22325,22.28502
1786419108,27.04013,81.07881,90,0,219,,12,27.79877,27.05412,22.28502
1786419109,27.10956,81.08492,90,0,219,,1,27.79877,27.12165,22.21729
1786419110,27.02411,81.01015,90,0,219,,0,27.79877,27.15551,22.21729
1786419110,27.01076,81.11086,90,0,219,,0,27.83244,27.22325,22.31888
1786419111,27.09621,81.16273,90,0,219,,15,27.73104,27.12165,22.25135
1786419112,26.96803,81.16273,90,0,219,,0,27.73104,27.18938,22.25135
1786419112,27.05348,81.19478,90,0,219,,0,27.7649,27.05412,22.18362
1786419113,27.04013,81.1902,90,0,219,,8,27.83244,27.18938,22.21729
1786419114,27.02411,81.11238,90,0,219,,12,27.79877,27.15551,22.18362
1786419114,27.02411,81.17647,90,0,220,,0,27.83244,27.15551,22.35275
1786419115,26.99741,81.3138,90,0,219,,0,27.79877,27.18938,22.25135
1786419116,26.96803,81.15205,90,0,219,,3,27.79877,27.15551,22.31888
1786419116,27.01076,81.11086,90,0,219,,0,27.79877,27.15551,22.28502
1786419117,27.05348,81.17494,90,0,219,,0,27.83244,27.12165,22.21729
1786419118,27.05348,81.23598,90,0,219,,0,27.7649,27.18938,22.25135
1786419118,27.06684,81.24971,90,0,219,,15,27.79877,27.18938,22.31888
1786419119,27.02411,81.23903,90,0,219,,0,27.7649,27.22325,22.28502
1786419120,26.98405,81.16579,90,0,219,,0,27.83244,27.12165,22.21729
1786419121,27.02411,81.15663,90,0,219,,9,27.7649,27.15551,22.21729
1786419121,27.16564,81.19325,90,0,219,,0,27.73104,27.15551,22.28502
1786419122,27.06684,81.25887,90,0,219,,0,27.73104,27.12165,22.21729
1786419123,27.06684,81.25887,90,0,219,,0,27.79877,27.08778,22.21729
1786419123,27.06684,81.23903,90,0,219,,11,27.79877,27.08778,22.31888
1786419124,27.05348,81.24513,90,0,219,,0,27.7649,27.12165,22.31888
1786419125,27.08286,81.19325,90,0,220,,0,27.83244,27.18938,22.31888
1786419125,27.09621,81.13374,90,0,219,,1,27.79877,27.18938,22.25135
1786419126,27.01076,81.2665,90,0,219,,0,27.83244,27.18938,22.21729
1786419127,27.04013,81.11696,90,0,219,,0,27.7649,27.18938,22.25135
1786419127,27.05348,81.19478,90,0,219,,11,27.79877,27.12165,22.21729
1786419128,27.01076,81.15205,90,0,219,,15,27.73104,27.15551,22.25135
1786419129,27.04013,81.13985,90,0,219,,0,27.83244,27.15551,22.28502
1786419129,26.95468,81.08492,90,0,219,,0,27.83244,27.18938,22.25135
1786419130,27.05348,81.13069,90,0,219,,15,27.7649,27.15551,22.25135
1786419131,27.05348,81.1017,90,0,219,,0,27.73104,27.15551,22.25135
1786419131,27.10956,81.12611,90,0,219,,0,27.7649,27.18938,22.14976
1786419132,27.02411,81.17647,90,0,219,,11,27.79877,27.18938,22.25135
1786419133,27.02411,81.12459,90,0,219,,13,27.79877,27.15551,22.25135
1786419133,27.02411,81.15663,90,0,219,,0,27.79877,27.22325,22.35275
1786419134,26.95468,80.95064,90,0,220,,0,27.7649,27.15551,22.21729
1786419135,27.08286,81.27566,90,0,219,,8,27.79877,27.18938,22.21729
1786419135,26.94133,81.23598,90,0,219,,0,27.79877,27.18938,22.28502
1786419136,26.98405,81.16579,90,0,219,,0,27.7649,27.18938,22.25135
1786419137,27.04013,81.17036,90,0,219,,10,27.7649,27.12165,22.28502
1786419137,27.01076,81.2253,90,0,219,,7,27.79877,27.18938,22.18362
1786419138,27.01076,81.1841,90,0,219,,0,27.79877,27.15551,22.25135
1786419139,27.05348,81.2665,90,0,219,,0,27.7649,27.18938,22.31888
1786419140,27.04013,81.16121,90,0,219,,10,27.79877,27.05412,22.25135
1786419140,26.96803,81.19325,90,0,219,,0,27.79877,27.08778,22.25135
1786419141,26.98405,81.08339,90,0,219,,0,27.7649,27.18938,22.18362
1786419142,27.06684,81.10323,90,0,219,,4,27.79877,27.12165,22.31888
1786419142,27.10956,81.17952,90,0,219,,6,27.79877,27.18938,22.25135
1786419143,27.08286,81.17189,90,0,219,,0,27.79877,27.15551,22.18362
1786419144,27.05348,81.08949,90,0,219,,0,27.79877,27.08778,22.21729
1786419144,27.01076,81.13069,90,0,220,,1,27.73104,27.15551,22.25135
1786419145,26.95468,81.11696,90,0,219,,0,27.79877,27.22325,22.28502
1786419146,27.09621,81.09254,90,0,219,,0,27.83244,27.12165,22.28502
1786419146,26.94133,81.15663,90,0,219,,6,27.79877,27.18938,22.28502
1786419147,27.05348,81.08949,90,0,219,,1,27.79877,27.15551,22.25135
1786419148,27.06684,81.19936,90,0,219,,0,27.7649,27.18938,22.25135
1786419148,27.09621,81.21614,90,0,219,,0,27.83244,27.08778,22.25135
1786419149,27.02411,81.13527,90,0,219,,10,27.7649,27.15551,22.28502
1786419150,27.02411,81.12459,90,0,219,,0,27.79877,27.12165,22.28502
1786419150,27.04013,81.05745,90,0,219,,0,27.83244,27.12165,22.21729
1786419151,27.04013,81.149,90,0,219,,9,27.7649,27.12165,22.21729
1786419152,27.09621,81.30923,90,0,219,,1,27.79877,27.12165,22.28502
1786419152,27.10956,81.28176,90,0,219,,0,27.83244,27.12165,22.35275
1786419153,26.96803,80.99641,90,0,219,,1,27.7649,27.15551,22.25135
1786419154,27.02411,81.15663,90,0,219,,18,27.79877,27.12165,22.31888
1786419154,27.13893,81.26803,90,0,219,,0,27.73104,27.22325,22.28502
1786419155,27.05348,81.20699,90,0,219,,0,27.79877,27.15551,22.21729
1786419156,27.02411,81.17647,90,0,219,,9,27.79877,27.15551,22.28502
1786419156,27.02411,81.12459,90,0,219,,0,27.83244,27.15551,22.21729
1786419157,27.06684,81.18867,90,0,219,,0,27.79877,27.08778,22.28502
1786419158,26.96803,81.15205,90,0,219,,3,27.79877,27.15551,22.21729
1786419159,27.04013,81.1078,90,0,219,,13,27.79877,27.12165,22.25135
1786419159,27.01076,81.13069,90,0,219,,0,27.79877,27.12165,22.25135
1786419160,27.04013,81.1078,90,0,219,,0,27.79877,27.18938,22.28502
1786419161,27.08286,81.149,90,0,219,,8,27.79877,27.15551,22.28502
1786419161,27.02411,81.20851,90,0,219,,0,27.79877,27.12165,22.18362
1786419162,27.01076,81.12154,90,0,219,,0,27.79877,27.05412,22.21729
1786419163,27.01076,81.19478,90,0,219,,2,27.7649,27.18938,22.25135
1786419163,27.10956,81.11543,90,0,219,,18,27.7649,27.18938,22.28502
1786419164,27.02411,81.15663,90,0,219,,0,27.7649,27.15551,22.21729
1786419165,26.96803,80.98421,90,0,220,,0,27.73104,27.18938,22.25135
1786419165,26.99741,81.1902,90,0,219,,10,27.7649,27.08778,22.18362
1786419166,26.98405,81.23903,90,0,219,,0,27.79877,27.12165,22.25135
1786419167,26.99741,81.20241,90,0,219,,0,27.7649,27.08778,22.25135
1786419167,27.02411,81.03304,90,0,219,,0,27.8665,27.12165,22.14976
1786419168,27.08286,81.12001,90,0,219,,12,27.7649,27.15551,22.28502
1786419169,27.08286,81.19325,90,0,219,,0,27.79877,27.05412,22.28502
1786419169,27.06684,81.14748,90,0,219,,0,27.7649,27.12165,22.21729
1786419170,26.99741,81.11696,90,0,219,,10,27.79877,27.12165,22.21729
1786419171,27.09621,81.12154,90,0,219,,2,27.83244,27.22325,22.31888
1786419171,26.99741,81.12917,90,0,219,,0,27.83244,27.08778,22.21729
1786419172,26.99741,81.07576,90,0,219,,0,27.79877,27.12165,22.18362
1786419173,27.06684,81.14748,90,0,219,,14,27.83244,27.18938,22.21729
1786419173,27.04013,81.04677,90,0,219,,0,27.79877,27.18938,22.25135
1786419174,26.98405,81.08339,90,0,220,,0,27.79877,27.12165,22.35275
1786419175,27.08286,81.149,90,0,219,,8,27.73104,27.08778,22.28502
1786419176,26.99741,81.149,90,0,219,,8,27.7649,27.18938,22.25135
1786419176,27.06684,81.13527,90,0,219,,0,27.79877,27.18938,22.18362
1786419177,26.98405,81.16579,90,0,219,,0,27.83244,27.18938,22.21729
1786419178,27.04013,81.12917,90,0,219,,12,27.7649,27.18938,22.21729
1786419178,27.06684,81.10323,90,0,219,,0,27.79877,27.18938,22.28502
1786419179,27.05348,81.11086,90,0,219,,0,27.7649,27.18938,22.18362
1786419180,27.06684,81.06508,90,0,219,,6,27.79877,27.15551,22.18362
1786419180,27.01076,81.21614,90,0,219,,0,27.7649,27.12165,22.21729
1786419181,27.08286,81.16121,90,0,219,,0,27.79877,27.15551,22.21729
1786419182,27.08286,81.19325,90,0,219,,0,27.79877,27.15551,22.18362
1786419182,27.02411,81.09254,90,0,219,,11,27.79877,27.18938,22.14976
1786419183,26.99741,81.11696,90,0,219,,0,27.79877,27.12165,22.21729
1786419184,26.96803,81.05745,90,0,219,,0,27.79877,27.15551,22.21729
1786419184,27.06684,81.12459,90,0,220,,0,27.7649,27.25711,22.14976
1786419185,27.05348,81.0193,90,0,219,,0,27.79877,27.02005,22.25135
1786419186,27.01076,81.11086,90,0,219,,0,27.7649,27.15551,22.21729
1786419186,27.05348,81.19478,90,0,219,,0,27.7649,27.15551,22.25135
1786419187,27.04013,81.0666,90,0,220,,2,27.79877,27.22325,22.31888
1786419188,27.01076,81.15205,90,0,219,,0,27.7649,27.15551,22.21729
1786419188,27.01076,81.11086,90,0,219,,0,27.79877,27.22325,22.31888
1786419189,26.94133,81.21614,90,0,219,,2,27.7649,27.15551,22.18362
1786419190,27.13893,81.14442,90,0,219,,8,27.7649,27.18938,22.28502
1786419190,26.95468,81.04372,90,0,219,,0,27.73104,27.15551,22.28502
1786419191,27.12291,81.149,90,0,219,,0,27.7649,27.15551,22.25135
1786419192,26.92798,81.12001,90,0,219,,11,27.73104,27.12165,22.28502
1786419192,27.10956,81.13527,90,0,219,,0,27.7649,27.18938,22.28502
1786419193,26.98405,81.10323,90,0,219,,0,27.7649,27.08778,22.25135
1786419194,27.08286,81.12917,90,0,219,,4,27.83244,27.22325,22.25135
1786419195,27.01076,81.19478,90,0,219,,0,27.83244,27.22325,22.21729
1786419195,26.96803,80.99641,90,0,219,,0,27.79877,27.15551,22.25135
1786419196,26.98405,81.00099,90,0,219,,0,27.79877,27.15551,22.28502
1786419197,27.02411,81.08339,90,0,219,,0,27.73104,27.12165,22.25135
1786419197,27.06684,81.22072,90,0,219,,0,27.83244,27.12165,22.28502
1786419198,27.08286,81.08949,90,0,219,,0,27.79877,27.12165,22.25135
1786419199,27.08286,81.04677,90,0,219,,6,27.79877,27.18938,22.28502
1786419199,26.98405,81.03304,90,0,219,,12,27.79877,27.15551,22.28502
1786419200,26.98405,81.01015,90,0,219,,0,27.79877,27.12165,22.21729
1786419201,27.04013,81.18105,90,0,219,,0,27.7649,27.22325,22.31888
1786419201,26.95468,81.06508,90,0,219,,10,27.83244,27.12165,22.25135
1786419202,27.04013,81.1078,90,0,219,,0,27.79877,27.08778,22.28502
1786419203,27.01076,81.04829,90,0,219,,0,27.79877,27.15551,22.18362
1786419203,26.96803,81.16273,90,0,219,,1,27.79877,27.15551,22.25135
1786419204,27.02411,81.23903,90,0,219,,3,27.7649,27.22325,22.28502
1786419205,26.98405,81.10323,90,0,219,,0,27.73104,27.08778,22.31888
1786419205,27.06684,81.03304,90,0,219,,0,27.79877,27.18938,22.25135
1786419206,27.04013,81.20241,90,0,219,,4,27.79877,27.12165,22.28502
1786419207,27.06684,81.22987,90,0,219,,10,27.7649,27.08778,22.14976
1786419207,27.05348,81.19478,90,0,219,,0,27.7649,27.18938,22.21729
1786419208,27.08286,81.12001,90,0,219,,0,27.79877,27.12165,22.28502
1786419209,27.05348,81.08949,90,0,219,,9,27.79877,27.15551,22.28502
1786419209,27.04013,81.149,90,0,219,,0,27.7649,27.15551,22.25135
1786419210,27.04013,81.17036,90,0,219,,0,27.79877,27.15551,22.25135
1786419211,26.99741,81.10628,90,0,219,,0,27.7649,27.05412,22.28502
1786419211,27.06684,81.20851,90,0,219,,15,27.7649,27.15551,22.28502
1786419212,27.06684,81.12459,90,0,219,,0,27.79877,27.12165,22.25135
1786419213,27.08286,81.12001,90,0,219,,0,27.79877,27.08778,22.25135
1786419213,27.01076,81.13069,90,0,219,,0,27.79877,27.25711,22.28502
1786419214,27.09621,81.15358,90,0,220,,2,27.79877,27.08778,22.21729
1786419215,27.01076,81.16273,90,0,219,,0,27.83244,27.08778,22.25135
1786419216,27.01076,81.15205,90,0,219,,0,27.7649,27.08778,22.21729
1786419216,27.04013,81.12917,90,0,219,,2,27.79877,27.12165,22.25135
1786419217,27.09621,81.1429,90,0,219,,12,27.7649,27.18938,22.28502
1786419218,27.10956,81.16731,90,0,219,,0,27.7649,27.15551,22.25135
1786419218,27.02411,81.06203,90,0,219,,0,27.7649,27.18938,22.25135
1786419219,27.04013,81.07881,90,0,219,,11,27.79877,27.22325,22.25135
1786419220,27.04013,81.149,90,0,219,,0,27.73104,27.05412,22.21729
1786419220,26.98405,81.10323,90,0,219,,0,27.7649,27.15551,22.25135
1786419221,27.02411,81.16579,90,0,219,,0,27.79877,27.12165,22.31888
1786419222,27.08286,81.17189,90,0,219,,10,27.79877,27.12165,22.35275
1786419222,27.02411,81.05287,90,0,219,,0,27.7649,27.15551,22.25135
1786419223,27.12291,81.26345,90,0,219,,0,27.79877,27.18938,22.21729
1786419224,27.04013,81.0666,90,0,219,,1,27.7649,27.15551,22.25135
1786419224,26.98405,81.13527,90,0,220,,1,27.7649,27.02005,22.21729
1786419225,26.95468,81.12611,90,0,219,,0,27.73104,27.12165,22.21729
1786419226,26.99741,81.05592,90,0,219,,0,27.79877,27.05412,22.28502
1786419226,27.06684,81.05287,90,0,219,,9,27.79877,27.08778,22.28502
1786419227,27.06684,81.14748,90,0,219,,9,27.73104,27.15551,22.31888
1786419228,27.06684,81.18867,90,0,219,,0,27.7649,27.08778,22.18362
1786419228,26.95468,81.10628,90,0,219,,0,27.79877,27.12165,22.25135
1786419229,26.96803,81.01625,90,0,219,,9,27.7649,27.15551,22.25135
1786419230,27.04013,81.09712,90,0,219,,0,27.7649,27.08778,22.18362
1786419230,26.96803,81.01625,90,0,219,,0,27.79877,27.15551,22.28502
1786419231,27.04013,81.149,90,0,219,,0,27.79877,27.18938,22.25135
1786419232,27.08286,81.0666,90,0,219,,7,27.79877,27.15551,22.28502
1786419232,26.99741,81.07576,90,0,219,,0,27.83244,27.12165,22.21729
1786419233,26.99741,81.0666,90,0,219,,0,27.7649,27.18938,22.25135
1786419234,26.98405,81.26803,90,0,219,,2,27.79877,27.12165,22.18362
1786419235,27.01076,81.17189,90,0,219,,3,27.7649,27.15551,22.21729
1786419235,27.02411,81.09254,90,0,219,,0,27.79877,27.02005,22.25135
1786419236,27.01076,81.07881,90,0,219,,0,27.7649,27.08778,22.18362
1786419237,26.95468,81.07423,90,0,219,,7,27.7649,27.05412,22.28502
1786419237,27.08286,81.04677,90,0,219,,5,27.83244,27.12165,22.25135
1786419238,27.15228,81.12611,90,0,219,,0,27.7649,27.15551,22.25135
1786419239,27.09621,81.16273,90,0,219,,0,27.7649,27.12165,22.31888
1786419239,27.06684,81.10323,90,0,219,,7,27.79877,27.12165,22.25135
1786419240,27.05348,81.07118,90,0,219,,0,27.73104,27.12165,22.25135
1786419241,27.08286,81.12917,90,0,219,,0,27.7649,27.05412,22.28502
1786419241,27.05348,81.16273,90,0,219,,0,27.79877,27.18938,22.21729
1786419242,26.96803,81.02846,90,0,219,,13,27.83244,27.12165,22.31888
1786419243,26.92798,81.08797,90,0,219,,0,27.79877,27.15551,22.28502
1786419243,26.98405,81.06203,90,0,219,,0,27.79877,27.18938,22.28502
1786419244,26.94133,81.12459,90,0,219,,4,27.8665,27.15551,22.21729
1786419245,27.01076,81.09865,90,0,219,,19,27.83244,27.05412,22.28502
1786419245,27.04013,81.09712,90,0,219,,0,27.7649,27.18938,22.21729
1786419246,27.02411,81.09254,90,0,219,,0,27.79877,27.05412,22.21729
1786419247,27.02411,81.17647,90,0,219,,2,27.79877,27.08778,22.21729
1786419247,27.02411,81.07423,90,0,219,,3,27.79877,27.12165,22.18362
1786419248,27.06684,81.22072,90,0,219,,0,27.73104,27.15551,22.21729
1786419249,27.01076,81.08949,90,0,219,,0,27.7649,27.15551,22.25135
1786419249,27.04013,81.20241,90,0,219,,11,27.79877,27.08778,22.31888
1786419250,27.01076,81.17189,90,0,219,,0,27.79877,27.15551,22.21729
1786419251,26.98405,81.08339,90,0,219,,0,27.79877,27.05412,22.31888
1786419251,27.04013,81.17036,90,0,219,,1,27.79877,27.12165,22.28502
1786419252,26.95468,81.07423,90,0,219,,20,27.83244,27.15551,22.28502
1786419253,27.13893,81.18562,90,0,219,,1,27.73104,27.05412,22.25135
1786419254,26.99741,81.10628,90,0,219,,0,27.79877,27.15551,22.31888
1786419254,27.02411,81.12459,90,0,220,,0,27.7649,27.12165,22.25135
1786419255,27.02411,81.11238,90,0,219,,7,27.79877,27.18938,22.25135
1786419256,27.08286,81.149,90,0,219,,0,27.79877,27.12165,22.21729
1786419256,26.99741,81.08492,90,0,219,,0,27.79877,27.12165,22.18362
1786419257,26.95468,81.10628,90,0,219,,6,27.7649,27.18938,22.28502
1786419258,26.92798,81.07881,90,0,219,,10,27.79877,27.15551,22.21729
1786419258,27.08286,81.12001,90,0,219,,0,27.83244,27.12165,22.28502
1786419259,27.08286,81.16121,90,0,219,,0,27.79877,27.12165,22.25135
1786419260,27.01076,81.24513,90,0,219,,10,27.79877,27.15551,22.21729
1786419260,27.04013,81.09712,90,0,219,,9,27.83244,27.22325,22.28502
1786419261,27.05348,81.1841,90,0,219,,0,27.83244,27.15551,22.21729
1786419262,26.95468,81.07423,90,0,219,,0,27.79877,27.15551,22.18362
1786419262,26.99741,81.01472,90,0,219,,12,27.7649,27.08778,22.25135
1786419263,27.01076,81.07881,90,0,219,,0,27.7649,27.15551,22.31888
1786419264,27.08286,81.149,90,0,219,,0,27.79877,27.12165,22.25135
1786419264,27.05348,81.0605,90,0,220,,0,27.7649,27.15551,22.25135
1786419265,27.06684,81.11543,90,0,219,,4,27.83244,27.08778,22.21729
1786419266,26.91195,80.92928,90,0,219,,0,27.79877,27.18938,22.28502
1786419266,27.05348,81.12154,90,0,219,,0,27.7649,27.18938,22.25135
1786419267,27.08286,81.16121,90,0,219,,0,27.79877,27.15551,22.21729
1786419268,27.06684,81.14748,90,0,219,,17,27.79877,27.15551,22.21729
1786419268,27.08286,81.08949,90,0,219,,0,27.79877,27.05412,22.28502
1786419269,27.06684,81.17647,90,0,219,,0,27.79877,27.08778,22.25135
1786419270,26.98405,81.10323,90,0,219,,2,27.7649,27.18938,22.28502
1786419270,26.98405,81.19783,90,0,219,,13,27.79877,27.02005,22.25135
1786419271,27.13893,81.11238,90,0,219,,0,27.7649,27.08778,22.18362
1786419272,27.05348,81.2665,90,0,219,,0,27.83244,27.15551,22.25135
1786419273,27.04013,81.09712,90,0,219,,7,27.79877,27.18938,22.18362
1786419273,26.99741,81.149,90,0,219,,3,27.7649,27.15551,22.18362
1786419274,27.06684,81.10323,90,0,219,,0,27.73104,27.15551,22.21729
1786419275,27.08286,81.17189,90,0,220,,0,27.7649,27.12165,22.25135
1786419275,26.96803,81.04829,90,0,219,,10,27.7649,27.08778,22.25135
1786419276,27.05348,81.08034,90,0,219,,0,27.79877,27.08778,22.28502
1786419277,26.94133,81.18562,90,0,219,,0,27.7649,27.18938,22.28502
1786419277,27.04013,81.01472,90,0,219,,3,27.79877,27.15551,22.28502
1786419278,26.98405,81.11238,90,0,219,,15,27.79877,27.12165,22.21729
1786419279,27.09621,81.1017,90,0,219,,0,27.79877,27.12165,22.21729
1786419279,27.02411,81.10323,90,0,219,,0,27.79877,27.12165,22.28502
1786419280,26.99741,81.15816,90,0,219,,13,27.79877,27.15551,22.28502
1786419281,27.04013,81.04677,90,0,219,,0,27.7649,27.12165,22.31888
1786419281,27.06684,81.15663,90,0,219,,0,27.7649,27.22325,22.25135
1786419282,26.99741,81.07576,90,0,219,,0,27.79877,27.12165,22.21729
1786419283,27.08286,81.00557,90,0,219,,15,27.79877,27.15551,22.28502
1786419283,26.96803,81.1841,90,0,219,,0,27.79877,27.15551,22.25135
1786419284,26.98405,81.11238,90,0,219,,0,27.7649,27.15551,22.31888
1786419285,27.05348,81.07118,90,0,219,,5,27.7649,27.08778,22.21729
1786419285,26.99741,81.07576,90,0,219,,2,27.7649,27.12165,22.25135
1786419286,26.96803,81.13985,90,0,219,,0,27.79877,27.12165,22.25135
1786419287,27.01076,81.04829,90,0,219,,0,27.83244,27.15551,22.25135
1786419287,27.05348,81.08034,90,0,219,,16,27.79877,27.08778,22.25135
1786419288,27.04013,81.11696,90,0,219,,0,27.73104,27.18938,22.28502
1786419289,27.02411,81.10323,90,0,219,,0,27.79877,27.18938,22.25135
1786419289,27.02411,81.05287,90,0,219,,2,27.79877,27.15551,22.25135
1786419290,27.06684,81.04219,90,0,219,,21,27.83244,27.12165,22.28502
1786419291,27.04013,81.13985,90,0,219,,0,27.83244,27.12165,22.25135
1786419292,26.96803,80.99641,90,0,219,,0,27.7649,27.12165,22.25135
1786419292,26.95468,81.08492,90,0,219,,14,27.73104,27.15551,22.25135
1786419293,27.08286,81.13985,90,0,219,,4,27.8665,27.18938,22.25135
1786419294,27.06684,81.06508,90,0,219,,0,27.83244,27.22325,22.25135
1786419294,26.99741,81.0666,90,0,220,,0,27.7649,27.15551,22.21729
1786419295,27.01076,81.08949,90,0,219,,3,27.83244,27.22325,22.18362
1786419296,27.05348,81.16273,90,0,219,,0,27.79877,27.15551,22.25135
1786419296,27.01076,81.1841,90,0,219,,0,27.7649,27.08778,22.21729
1786419297,27.02411,81.21767,90,0,220,,2,27.7649,27.12165,22.28502
1786419298,27.06684,81.02083,90,0,219,,12,27.79877,27.15551,22.21729
1786419298,26.98405,81.14442,90,0,219,,0,27.79877,27.12165,22.28502
1786419299,26.96803,81.07881,90,0,219,,0,27.73104,27.15551,22.21729
1786419300,26.98405,81.05287,90,0,219,,15,27.83244,27.12165,22.21729
1786419300,27.02411,81.10323,90,0,219,,0,27.79877,27.12165,22.25135
1786419301,26.92798,81.13069,90,0,219,,0,27.79877,27.18938,22.25135
1786419302,27.06684,81.19936,90,0,219,,0,27.7649,27.08778,22.28502
1786419302,26.98405,81.14442,90,0,219,,6,27.7649,27.15551,22.25135
1786419303,27.05348,81.03914,90,0,219,,0,27.73104,27.12165,22.35275
1786419304,27.02411,81.15663,90,0,219,,0,27.79877,27.22325,22.21729
1786419304,27.06684,81.13527,90,0,220,,0,27.7649,27.12165,22.25135
1786419305,27.02411,81.19783,90,0,219,,5,27.83244,27.15551,22.31888
1786419306,27.10956,81.11543,90,0,219,,0,27.73104,27.15551,22.28502
1786419306,27.04013,81.0666,90,0,219,,0,27.79877,27.12165,22.28502
1786419307,26.98405,81.12459,90,0,219,,14,27.7649,27.08778,22.25135
1786419308,26.99741,81.18105,90,0,219,,0,27.7649,27.12165,22.14976
1786419308,27.05348,81.1017,90,0,219,,0,27.73104,27.08778,22.21729
1786419309,27.06684,81.22987,90,0,219,,7,27.73104,27.22325,22.21729
1786419310,27.04013,80.94148,90,0,219,,15,27.7649,27.12165,22.28502
1786419311,26.95468,81.11696,90,0,219,,0,27.79877,27.15551,22.21729
1786419311,27.15228,81.17952,90,0,219,,0,27.79877,27.12165,22.18362
1786419312,26.99741,81.03456,90,0,219,,22,27.79877,27.08778,22.25135
1786419313,27.08286,81.1078,90,0,219,,0,27.7649,27.18938,22.25135
1786419313,26.99741,81.11696,90,0,219,,0,27.7649,27.08778,22.21729
1786419314,27.01076,81.06966,90,0,219,,0,27.83244,27.08778,22.21729
1786419315,27.02411,81.19783,90,0,220,,0,27.79877,27.18938,22.21729
1786419315,27.13893,81.13374,90,0,219,,0,27.79877,27.18938,22.25135
1786419316,27.10956,81.24971,90,0,219,,0,27.7649,27.15551,22.18362
1786419317,26.99741,81.00252,90,0,219,,6,27.7649,27.12165,22.28502
1786419317,27.04013,81.1078,90,0,219,,18,27.7649,27.15551,22.25135
1786419318,26.99741,81.27261,90,0,219,,0,27.7649,27.22325,22.21729
1786419319,27.01076,81.09865,90,0,219,,0,27.7649,27.12165,22.31888
1786419319,26.99741,81.11696,90,0,219,,14,27.7649,27.18938,22.21729
1786419320,27.05348,81.12154,90,0,219,,0,27.7649,27.12165,22.25135
1786419321,27.05348,81.13069,90,0,219,,0,27.7649,27.12165,22.35275
1786419321,27.05348,81.1429,90,0,219,,0,27.79877,27.15551,22.28502
1786419322,26.95468,81.11696,90,0,219,,15,27.73104,27.12165,22.31888
1786419323,26.98405,81.14442,90,0,219,,0,27.7649,27.15551,22.31888
1786419323,27.02411,81.11238,90,0,219,,0,27.79877,27.15551,22.25135
1786419324,27.02411,81.24818,90,0,220,,0,27.7649,27.12165,22.21729
1786419325,27.10956,81.09712,90,0,219,,3,27.79877,27.12165,22.25135
1786419325,27.04013,81.12917,90,0,219,,0,27.7649,27.12165,22.28502
1786419326,26.98405,81.12459,90,0,219,,0,27.7649,27.08778,22.18362
1786419327,26.99741,81.12917,90,0,219,,10,27.79877,27.15551,22.21729
1786419327,27.02411,81.01015,90,0,219,,0,27.73104,27.08778,22.18362
1786419328,27.06684,81.08492,90,0,219,,0,27.7649,27.15551,22.25135
1786419329,27.02411,81.12459,90,0,219,,2,27.79877,27.18938,22.25135
1786419330,27.02411,81.07423,90,0,219,,9,27.79877,27.15551,22.25135
1786419330,27.06684,81.18867,90,0,219,,0,27.79877,27.15551,22.21729
1786419331,26.99741,81.149,90,0,219,,0,27.83244,27.15551,22.28502
1786419332,27.01076,81.2253,90,0,219,,1,27.79877,27.22325,22.18362
1786419332,27.08286,81.19325,90,0,219,,0,27.7649,27.12165,22.28502
1786419333,27.09621,81.18562,90,0,219,,0,27.7649,27.05412,22.21729
1786419334,27.08286,81.26345,90,0,219,,0,27.79877,27.12165,22.28502
1786419334,27.12291,81.17189,90,0,220,,0,27.79877,27.22325,22.25135
1786419335,27.02411,81.21767,90,0,219,,0,27.73104,27.15551,22.25135
1786419336,27.02411,81.12459,90,0,219,,0,27.7649,27.18938,22.21729
1786419336,27.10956,81.09712,90,0,219,,7,27.73104,27.12165,22.28502
1786419337,27.05348,81.1841,90,0,219,,3,27.83244,27.18938,22.25135
1786419338,27.05348,81.1841,90,0,219,,0,27.7649,27.15551,22.28502
1786419338,27.04013,81.20241,90,0,219,,0,27.7649,27.12165,22.25135
1786419339,27.08286,81.16121,90,0,219,,9,27.7649,27.05412,22.28502
1786419340,27.05348,81.19478,90,0,219,,0,27.83244,27.18938,22.21729
1786419340,26.98405,81.16579,90,0,219,,0,27.79877,27.18938,22.25135
1786419341,27.04013,81.13985,90,0,219,,4,27.7649,27.12165,22.25135
1786419342,27.04013,81.00557,90,0,219,,18,27.7649,27.18938,22.31888
1786419342,27.08286,81.18105,90,0,219,,0,27.79877,27.12165,22.21729
1786419343,27.01076,81.16273,90,0,219,,0,27.7649,27.15551,22.25135
1786419344,27.04013,81.21309,90,0,219,,18,27.7649,27.15551,22.25135
1786419344,26.99741,81.13832,90,0,219,,0,27.79877,27.05412,22.28502
1786419345,27.08286,81.23445,90,0,219,,0,27.79877,27.08778,22.18362
1786419346,27.02411,81.21767,90,0,219,,1,27.79877,27.18938,22.31888
1786419347,27.01076,81.21614,90,0,219,,6,27.79877,27.15551,22.25135
1786419347,26.99741,81.03456,90,0,219,,0,27.7649,27.15551,22.25135
1786419348,27.08286,81.26345,90,0,219,,0,27.83244,27.15551,22.28502
1786419349,27.05348,81.20699,90,0,219,,10,27.7649,27.15551,22.28502
1786419349,27.05348,81.1841,90,0,219,,0,27.7649,27.18938,22.25135
1786419350,27.04013,81.20241,90,0,219,,0,27.7649,27.15551,22.18362
1786419351,26.95468,81.19936,90,0,219,,12,27.7649,27.08778,22.21729
1786419351,26.98405,81.18867,90,0,219,,13,27.79877,27.12165,22.21729
1786419352,26.94133,81.16579,90,0,219,,0,27.7649,27.12165,22.28502
1786419353,27.05348,81.22682,90,0,219,,0,27.83244,27.15551,22.25135
1786419353,27.06684,81.10323,90,0,219,,17,27.7649,27.08778,22.14976
1786419354,27.06684,81.25887,90,0,219,,0,27.7649,27.15551,22.18362
1786419355,27.04013,81.11696,90,0,220,,0,27.79877,27.18938,22.28502
1786419355,27.01076,81.20393,90,0,219,,0,27.79877,27.15551,22.28502
1786419356,27.05348,81.28634,90,0,219,,0,27.79877,27.12165,22.28502
1786419357,27.01076,81.17189,90,0,219,,0,27.83244,27.08778,22.21729
1786419357,27.06684,81.19936,90,0,219,,9,27.7649,27.12165,22.31888
1786419358,27.04013,81.13985,90,0,219,,11,27.7649,27.15551,22.31888
1786419359,27.06684,81.16731,90,0,219,,0,27.7649,27.18938,22.28502
1786419359,27.01076,81.19478,90,0,219,,0,27.7649,27.18938,22.28502
1786419360,27.02411,81.22682,90,0,219,,18,27.79877,27.12165,22.21729
1786419361,26.98405,81.16579,90,0,219,,0,27.79877,27.15551,22.25135
1786419361,27.02411,81.17647,90,0,219,,0,27.79877,27.22325,22.25135
1786419362,27.06684,81.23903,90,0,219,,23,27.79877,27.05412,22.21729
1786419363,27.01076,81.13069,90,0,219,,0,27.7649,27.18938,22.21729
1786419363,27.10956,81.13527,90,0,219,,0,27.7649,27.05412,22.28502
1786419364,26.88525,81.1902,90,0,220,,0,27.7649,27.08778,22.25135
1786419365,27.05348,81.2665,90,0,219,,8,27.79877,27.18938,22.21729
1786419366,27.10956,81.20851,90,0,219,,0,27.83244,27.05412,22.35275
1786419366,27.08286,81.24361,90,0,219,,0,27.7649,27.18938,22.25135
1786419367,27.04013,81.1902,90,0,219,,17,27.7649,27.18938,22.21729
1786419368,26.99741,81.22072,90,0,219,,0,27.83244,27.12165,22.28502
1786419368,27.02411,81.12459,90,0,219,,0,27.73104,27.15551,22.28502
1786419369,27.01076,81.11086,90,0,219,,5,27.7649,27.15551,22.25135
1786419370,26.96803,81.11086,90,0,219,,0,27.7649,27.15551,22.25135
1786419370,26.95468,81.01472,90,0,219,,0,27.79877,27.15551,22.28502
1786419371,27.04013,81.22224,90,0,219,,0,27.83244,27.15551,22.21729
1786419372,27.04013,81.17036,90,0,219,,8,27.79877,27.22325,22.25135
1786419372,27.05348,81.25735,90,0,219,,0,27.7649,27.22325,22.25135
1786419373,26.96803,81.13985,90,0,219,,0,27.79877,27.15551,22.28502
1786419374,27.15228,81.01167,90,0,219,,8,27.7649,27.18938,22.21729
1786419374,26.96803,81.16273,90,0,220,,0,27.8665,27.12165,22.38642
1786419375,27.09621,81.25735,90,0,219,,0,27.7649,27.15551,22.25135
1786419376,27.01076,81.20393,90,0,219,,1,27.7649,27.12165,22.28502
1786419376,27.04013,81.34585,90,0,219,,3,27.79877,27.12165,22.21729
1786419377,27.01076,81.13069,90,0,219,,0,27.7649,27.18938,22.21729
1786419378,27.02411,81.14442,90,0,219,,0,27.79877,27.08778,22.25135
1786419378,26.98405,81.18867,90,0,219,,15,27.79877,27.18938,22.28502
1786419379,27.01076,81.19478,90,0,219,,0,27.79877,27.15551,22.21729
1786419380,26.88525,81.23445,90,0,219,,0,27.79877,27.15551,22.28502
1786419380,27.10956,81.16731,90,0,219,,12,27.7649,27.12165,22.31888
1786419381,27.12291,81.18105,90,0,219,,17,27.83244,27.08778,22.25135
1786419382,27.06684,81.17647,90,0,219,,0,27.7649,27.08778,22.21729
1786419382,27.08286,81.09712,90,0,219,,0,27.79877,27.05412,22.28502
1786419383,26.98405,81.12459,90,0,219,,10,27.79877,27.18938,22.21729
1786419384,27.02411,81.17647,90,0,219,,0,27.79877,27.08778,22.21729
1786419385,27.05348,81.07118,90,0,220,,0,27.83244,27.18938,22.28502
1786419385,27.10956,81.11543,90,0,219,,0,27.73104,27.12165,22.25135
1786419386,27.01076,81.11086,90,0,219,,12,27.69717,27.12165,22.18362
1786419387,26.98405,81.13527,90,0,219,,0,27.79877,27.08778,22.18362
1786419387,26.99741,81.11696,90,0,219,,0,27.79877,27.22325,22.25135
1786419388,26.96803,81.15205,90,0,219,,4,27.79877,27.15551,22.25135
1786419389,27.01076,81.11086,90,0,219,,0,27.79877,27.12165,22.18362
1786419389,26.99741,81.20241,90,0,219,,0,27.7649,27.12165,22.25135
1786419390,27.04013,81.16121,90,0,219,,0,27.7649,27.22325,22.25135
1786419391,27.01076,81.16273,90,0,219,,12,27.79877,27.18938,22.25135
1786419391,27.02411,81.17647,90,0,219,,0,27.7649,27.18938,22.28502
1786419392,27.05348,81.20699,90,0,219,,0,27.7649,27.12165,22.38642
1786419393,27.08286,81.18105,90,0,219,,6,27.7649,27.08778,22.28502
1786419393,27.06684,81.11543,90,0,219,,4,27.7649,27.22325,22.25135
1786419394,26.99741,81.2314,90,0,219,,0,27.7649,27.12165,22.25135
1786419395,27.09621,81.17494,90,0,219,,0,27.73104,27.18938,22.21729
1786419395,27.06684,81.12459,90,0,219,,6,27.79877,27.18938,22.18362
1786419396,27.01076,81.11086,90,0,219,,4,27.7649,27.15551,22.25135
1786419397,27.05348,81.1017,90,0,219,,0,27.7649,27.12165,22.18362
1786419397,27.09621,81.0605,90,0,219,,0,27.7649,27.12165,22.28502
1786419398,27.05348,81.22682,90,0,219,,12,27.7649,27.18938,22.21729
1786419399,27.05348,81.1429,90,0,219,,0,27.79877,27.18938,22.25135
1786419399,26.96803,81.13069,90,0,219,,0,27.79877,27.12165,22.21729
1786419400,27.06684,81.20851,90,0,219,,0,27.79877,27.15551,22.21729
1786419401,27.01076,81.07881,90,0,219,,13,27.79877,27.12165,22.25135
1786419401,26.96803,81.24361,90,0,219,,0,27.7649,27.12165,22.31888
1786419402,27.08286,81.09712,90,0,219,,0,27.73104,27.12165,22.21729
1786419403,27.04013,81.1078,90,0,219,,0,27.7649,27.15551,22.25135
1786419404,27.01076,81.07881,90,0,219,,19,27.79877,27.18938,22.35275
1786419404,26.99741,81.05592,90,0,220,,0,27.7649,27.08778,22.21729
1786419405,26.98405,81.11238,90,0,219,,0,27.7649,27.12165,22.28502
1786419406,26.99741,81.03456,90,0,219,,1,27.7649,27.15551,22.21729
1786419406,27.06684,81.04219,90,0,219,,9,27.66331,27.18938,22.25135
1786419407,27.06684,81.14748,90,0,219,,0,27.7649,27.22325,22.21729
1786419408,26.99741,81.28481,90,0,219,,0,27.79877,27.05412,22.25135
1786419408,27.06684,81.10323,90,0,219,,9,27.79877,27.12165,22.28502
1786419409,27.02411,81.13527,90,0,219,,12,27.79877,27.18938,22.18362
1786419410,27.02411,81.11238,90,0,219,,0,27.79877,27.15551,22.25135
1786419410,26.96803,81.11086,90,0,219,,0,27.83244,27.18938,22.25135
1786419411,26.92798,81.17189,90,0,219,,8,27.79877,27.08778,22.18362
1786419412,26.98405,81.14442,90,0,219,,2,27.7649,27.15551,22.28502
1786419412,27.04013,81.11696,90,0,219,,0,27.7649,27.08778,22.28502
1786419413,27.04013,81.20241,90,0,219,,0,27.79877,27.25711,22.25135
1786419414,27.01076,81.1429,90,0,219,,3,27.7649,27.12165,22.28502
1786419414,26.99741,81.12917,90,0,220,,0,27.73104,27.15551,22.28502
1786419415,26.96803,81.13985,90,0,219,,0,27.7649,27.18938,22.25135
1786419416,27.02411,81.24818,90,0,219,,0,27.7649,27.12165,22.28502
1786419416,27.13893,81.18562,90,0,219,,3,27.7649,27.08778,22.14976
1786419417,27.02411,81.19783,90,0,219,,0,27.7649,27.18938,22.21729
1786419418,27.08286,81.09712,90,0,219,,0,27.7649,27.15551,22.31888
1786419418,27.02411,81.12459,90,0,219,,0,27.7649,27.18938,22.28502
1786419419,27.01076,81.13069,90,0,219,,12,27.7649,27.18938,22.18362
1786419420,27.10956,81.15663,90,0,219,,0,27.73104,27.12165,22.25135
1786419420,27.06684,81.16731,90,0,219,,0,27.73104,27.15551,22.25135
1786419421,26.96803,81.03761,90,0,219,,0,27.73104,27.15551,22.31888
1786419422,26.98405,81.04219,90,0,219,,11,27.79877,27.12165,22.18362
1786419423,27.12291,81.19325,90,0,219,,0,27.83244,27.22325,22.31888
1786419423,27.08286,81.23445,90,0,219,,0,27.7649,27.05412,22.25135
1786419424,26.99741,81.12917,90,0,219,,4,27.79877,27.15551,22.25135
1786419425,27.06684,81.17647,90,0,220,,0,27.79877,27.18938,22.28502
1786419425,27.02411,81.15663,90,0,219,,0,27.79877,27.22325,22.25135
1786419426,27.09621,81.12154,90,0,219,,0,27.79877,27.15551,22.18362
1786419427,27.01076,81.27718,90,0,220,,1,27.7649,27.15551,22.25135
1786419427,27.09621,81.19478,90,0,219,,0,27.79877,27.15551,22.28502
1786419428,26.99741,81.20241,90,0,219,,0,27.73104,27.15551,22.18362
1786419429,26.95468,81.22987,90,0,219,,0,27.7649,27.18938,22.21729
1786419429,27.09621,81.28939,90,0,219,,9,27.73104,27.15551,22.21729
1786419430,26.98405,81.26803,90,0,219,,0,27.73104,27.12165,22.21729
1786419431,27.04013,81.16121,90,0,219,,0,27.79877,27.15551,22.21729
1786419431,27.05348,81.33059,90,0,219,,4,27.7649,27.12165,22.25135
1786419432,27.08286,81.30465,90,0,219,,13,27.73104,27.08778,22.21729
1786419433,27.12291,81.50454,90,0,219,,0,27.79877,27.15551,22.14976
1786419433,27.06684,81.45876,90,0,219,,0,27.79877,27.08778,22.25135
1786419434,27.12291,81.41909,90,0,219,,7,27.83244,27.15551,22.25135
1786419435,27.13893,81.47707,90,0,219,,0,27.83244,27.12165,22.21729
1786419436,26.99741,81.48165,90,0,219,,0,27.7649,27.08778,22.21729
1786419436,26.99741,81.5732,90,0,219,,0,27.83244,27.12165,22.31888
1786419437,27.10956,81.738,90,0,219,,13,27.7649,27.18938,22.25135
1786419437,27.04013,81.57473,90,0,219,,0,27.7649,27.15551,22.25135
1786419438,27.06684,81.53201,90,0,219,,0,27.79877,27.15551,22.25135
1786419439,26.96803,81.4313,90,0,219,,11,27.73104,27.15551,22.25135
1786419439,27.06684,81.45876,90,0,219,,12,27.7649,27.22325,22.25135
1786419440,26.99741,81.55184,90,0,219,,0,27.7649,27.12165,22.28502
1786419441,27.04013,81.48165,90,0,219,,0,27.79877,27.05412,22.25135
1786419442,26.96803,81.31838,90,0,219,,9,27.73104,27.12165,22.25135
1786419442,27.05348,81.49538,90,0,219,,0,27.7649,27.18938,22.25135
1786419443,26.99741,81.3962,90,0,219,,0,27.7649,27.18938,22.21729
1786419444,27.01076,81.46334,90,0,219,,0,27.73104,27.18938,22.31888
1786419444,27.04013,81.30465,90,0,220,,0,27.8665,27.18938,22.28502
1786419445,27.04013,81.34585,90,0,219,,0,27.73104,27.12165,22.18362
1786419446,27.04013,81.24361,90,0,219,,0,27.7649,27.18938,22.28502
1786419446,27.08286,81.23445,90,0,219,,5,27.7649,27.12165,22.31888
1786419447,26.96803,81.21309,90,0,219,,0,27.7649,27.12165,22.18362
1786419448,26.99741,81.33517,90,0,219,,0,27.73104,27.15551,22.25135
1786419448,27.04013,81.38705,90,0,219,,0,27.7649,27.15551,22.28502
1786419449,26.99741,81.25277,90,0,219,,6,27.7649,27.12165,22.18362
1786419450,27.01076,81.17189,90,0,219,,0,27.73104,27.12165,22.25135
1786419450,27.01076,81.27718,90,0,219,,0,27.7649,27.15551,22.25135
1786419451,27.05348,81.37179,90,0,219,,3,27.79877,27.15551,22.28502
1786419452,27.05348,81.28634,90,0,219,,11,27.83244,27.15551,22.28502
1786419452,26.95468,81.22987,90,0,219,,0,27.79877,27.15551,22.25135
1786419453,26.95468,81.13832,90,0,219,,0,27.79877,27.12165,22.25135
1786419454,27.06684,81.24971,90,0,219,,8,27.79877,27.15551,22.28502
1786419454,27.01076,81.21614,90,0,220,,0,27.7649,27.15551,22.21729
1786419455,26.96803,81.19325,90,0,219,,0,27.83244,27.05412,22.31888
1786419456,26.96803,81.23445,90,0,219,,0,27.79877,27.15551,22.28502
1786419456,27.05348,81.25735,90,0,219,,8,27.79877,27.18938,22.28502
1786419457,26.99741,81.26192,90,0,219,,0,27.7649,27.12165,22.21729
1786419458,27.02411,81.19783,90,0,219,,0,27.7649,27.08778,22.28502
1786419458,26.96803,81.05745,90,0,219,,10,27.83244,27.18938,22.21729
1786419459,27.13893,81.12154,90,0,219,,5,27.79877,27.18938,22.31888
1786419460,26.96803,81.19325,90,0,219,,0,27.73104,27.12165,22.28502
1786419461,26.99741,81.22072,90,0,219,,0,27.7649,27.05412,22.18362
1786419461,26.8986,81.20393,90,0,219,,27,27.79877,27.05412,22.28502
1786419462,27.08286,81.29549,90,0,219,,0,27.73104,27.15551,22.25135
1786419463,27.01076,81.2253,90,0,219,,0,27.7649,27.08778,22.25135
1786419463,27.02411,81.17647,90,0,219,,12,27.7649,27.08778,22.25135
1786419464,27.05348,81.27718,90,0,219,,12,27.79877,27.22325,22.25135
1786419465,27.02411,81.27108,90,0,219,,0,27.7649,27.12165,22.21729
1786419465,27.06684,81.17647,90,0,219,,0,27.7649,27.15551,22.21729
1786419466,26.96803,81.24361,90,0,219,,17,27.79877,27.08778,22.31888
1786419467,26.91195,81.21767,90,0,219,,0,27.79877,27.18938,22.28502
1786419467,27.01076,81.13069,90,0,219,,0,27.79877,27.12165,22.28502
1786419468,27.01076,81.1841,90,0,219,,7,27.7649,27.18938,22.25135
1786419469,27.10956,81.34432,90,0,219,,12,27.83244,27.15551,22.25135
1786419469,26.99741,81.28481,90,0,219,,0,27.7649,27.12165,22.31888
1786419470,27.09621,81.22682,90,0,219,,0,27.79877,27.15551,22.35275
1786419471,27.05348,81.16273,90,0,219,,16,27.79877,27.05412,22.28502
1786419471,26.94133,81.23598,90,0,219,,0,27.7649,27.12165,22.28502
1786419472,27.02411,81.22682,90,0,219,,0,27.79877,27.22325,22.21729
1786419473,26.8986,81.19478,90,0,219,,0,27.7649,27.22325,22.28502
1786419473,27.04013,81.13985,90,0,219,,12,27.7649,27.12165,22.25135
1786419474,26.96803,81.20393,90,0,220,,0,27.79877,27.12165,22.25135
1786419475,27.12291,81.38094,90,0,219,,0,27.7649,27.08778,22.25135
1786419475,27.06684,81.18867,90,0,219,,1,27.7649,27.12165,22.25135
1786419476,27.04013,81.1902,90,0,219,,9,27.7649,27.18938,22.28502
1786419477,27.01076,81.16273,90,0,219,,0,27.79877,27.12165,22.18362
1786419477,27.01076,81.11086,90,0,219,,0,27.7649,27.12165,22.28502
1786419478,27.05348,81.1841,90,0,219,,12,27.7649,27.18938,22.21729
1786419479,26.99741,81.12917,90,0,219,,11,27.79877,27.08778,22.31888
1786419480,27.06684,81.22072,90,0,219,,0,27.79877,27.08778,22.18362
1786419480,26.96803,81.07881,90,0,219,,0,27.7649,27.12165,22.25135
1786419481,27.06684,81.22072,90,0,219,,2,27.79877,27.12165,22.25135
1786419482,27.01076,81.21614,90,0,219,,9,27.79877,27.15551,22.28502
1786419482,27.09621,81.16273,90,0,219,,0,27.7649,27.15551,22.28502
1786419483,27.04013,81.24361,90,0,219,,0,27.79877,27.15551,22.21729
1786419484,27.08286,81.17189,90,0,219,,7,27.7649,27.08778,22.28502
1786419484,27.04013,81.18105,90,0,219,,3,27.83244,27.05412,22.21729
1786419485,27.05348,81.23598,90,0,219,,0,27.79877,27.02005,22.21729
1786419486,27.01076,81.17189,90,0,219,,0,27.7649,27.15551,22.28502
1786419486,27.10956,81.24971,90,0,219,,0,27.7649,27.12165,22.31888
1786419487,27.06684,81.15663,90,0,219,,1,27.7649,27.08778,22.28502
1786419488,26.8986,81.20393,90,0,219,,0,27.7649,27.05412,22.18362
1786419488,27.01076,81.11086,90,0,219,,0,27.7649,27.12165,22.25135
1786419489,27.05348,81.17494,90,0,219,,5,27.73104,27.18938,22.31888
1786419490,27.13893,81.24971,90,0,219,,0,27.7649,27.05412,22.21729
1786419490,27.05348,81.20699,90,0,219,,0,27.7649,27.15551,22.25135
1786419491,26.99741,81.27261,90,0,219,,0,27.7649,27.18938,22.25135
1786419492,27.05348,81.1841,90,0,219,,6,27.7649,27.18938,22.25135
1786419492,27.01076,81.2665,90,0,219,,0,27.79877,27.05412,22.28502
1786419493,27.05348,81.15358,90,0,219,,0,27.79877,27.18938,22.25135
1786419494,26.98405,81.18867,90,0,219,,0,27.79877,27.15551,22.25135
1786419494,26.96803,81.13985,90,0,220,,1,27.79877,27.18938,22.18362
1786419495,26.99741,81.26192,90,0,219,,0,27.73104,27.12165,22.28502
1786419496,26.96803,81.24361,90,0,219,,0,27.83244,27.25711,22.21729
1786419496,27.08286,81.23445,90,0,219,,2,27.7649,27.15551,22.18362
1786419497,26.96803,81.17189,90,0,219,,11,27.7649,27.15551,22.31888
1786419498,27.04013,81.22224,90,0,219,,0,27.7649,27.15551,22.21729
1786419499,26.96803,81.20393,90,0,219,,0,27.79877,27.15551,22.21729
1786419499,27.02411,81.19783,90,0,219,,12,27.79877,27.12165,22.28502
1786419500,26.95468,81.25277,90,0,219,,10,27.79877,27.12165,22.31888
1786419501,27.06684,81.06508,90,0,219,,0,27.73104,27.22325,22.25135
1786419501,26.98405,81.21767,90,0,219,,0,27.7649,27.15551,22.25135
1786419502,26.98405,81.23903,90,0,219,,19,27.7649,27.12165,22.21729
1786419503,27.01076,81.17189,90,0,219,,0,27.7649,27.12165,22.31888
1786419503,26.99741,81.18105,90,0,219,,0,27.7649,27.15551,22.28502
1786419504,27.04013,81.17036,90,0,220,,0,27.7649,27.12165,22.28502
1786419505,26.92798,81.02846,90,0,219,,19,27.79877,27.22325,22.25135
1786419505,27.05348,81.24513,90,0,219,,0,27.79877,27.22325,22.25135
1786419506,27.04013,81.18105,90,0,219,,0,27.73104,27.18938,22.31888
1786419507,27.02411,81.12459,90,0,219,,1,27.79877,27.12165,22.31888
1786419507,26.96803,81.05745,90,0,219,,15,27.83244,27.08778,22.25135
1786419508,27.10956,81.14748,90,0,219,,0,27.79877,27.15551,22.35275
1786419509,27.02411,81.08339,90,0,219,,0,27.73104,27.15551,22.25135
1786419509,27.05348,81.24513,90,0,219,,11,27.79877,27.18938,22.21729
1786419510,26.94133,81.18562,90,0,219,,15,27.79877,27.22325,22.28502
1786419511,26.99741,81.10628,90,0,219,,1,27.7649,27.15551,22.21729
1786419511,27.02411,81.19783,90,0,219,,0,27.79877,27.18938,22.21729
1786419512,27.01076,81.13069,90,0,219,,11,27.7649,27.08778,22.18362
1786419513,27.05348,81.27718,90,0,219,,5,27.79877,27.08778,22.31888
1786419513,27.05348,81.12154,90,0,219,,0,27.79877,27.15551,22.25135
1786419514,27.02411,81.19783,90,0,220,,0,27.7649,27.12165,22.25135
1786419515,26.98405,81.16579,90,0,220,,2,27.83244,27.18938,22.21729
1786419515,27.05348,81.25735,90,0,219,,0,27.79877,27.15551,22.21729
1786419516,27.02411,81.14442,90,0,219,,0,27.79877,27.12165,22.25135
1786419517,26.96803,81.13069,90,0,219,,0,27.83244,27.22325,22.25135
1786419518,27.06684,81.12459,90,0,219,,9,27.7649,27.08778,22.21729
1786419518,26.98405,81.08339,90,0,219,,0,27.79877,27.15551,22.28502
1786419519,27.01076,81.24513,90,0,219,,0,27.79877,27.12165,22.28502
1786419520,27.05348,81.13069,90,0,219,,0,27.73104,27.18938,22.31888
1786419520,26.95468,81.22987,90,0,219,,12,27.79877,27.15551,22.25135
1786419521,27.01076,81.19478,90,0,219,,0,27.79877,27.18938,22.18362
1786419522,27.08286,81.16121,90,0,219,,0,27.83244,27.15551,22.28502
1786419522,26.96803,81.16273,90,0,219,,12,27.7649,27.12165,22.25135
1786419523,26.99741,81.20241,90,0,219,,12,27.8665,27.15551,22.21729
1786419524,26.95468,81.06508,90,0,219,,1,27.79877,27.12165,22.21729
1786419524,27.04013,81.20241,90,0,220,,0,27.7649,27.08778,22.25135
1786419525,27.02411,81.21767,90,0,219,,4,27.7649,27.18938,22.25135
1786419526,27.06684,81.35348,90,0,219,,0,27.79877,27.15551,22.21729
1786419526,26.98405,81.15663,90,0,219,,0,27.79877,27.18938,22.25135
1786419527,27.02411,81.30007,90,0,219,,2,27.7649,27.15551,22.28502
1786419528,27.02411,81.35348,90,0,219,,25,27.7649,27.22325,22.25135
1786419528,27.02411,81.20851,90,0,219,,0,27.79877,27.18938,22.31888
1786419529,27.02411,81.23903,90,0,219,,0,27.79877,27.18938,22.18362
1786419530,27.01076,81.19478,90,0,219,,16,27.79877,27.15551,22.28502
1786419530,27.08286,81.23445,90,0,219,,0,27.73104,27.18938,22.28502
1786419531,26.98405,81.30007,90,0,219,,0,27.79877,27.12165,22.21729
1786419532,27.06684,81.34432,90,0,219,,0,27.7649,27.15551,22.25135
1786419532,26.99741,81.26192,90,0,219,,10,27.7649,27.18938,22.14976
1786419533,27.04013,81.28481,90,0,219,,0,27.7649,27.12165,22.21729
1786419534,27.09621,81.21614,90,0,219,,0,27.79877,27.18938,22.21729
1786419535,27.08286,81.31686,90,0,219,,0,27.83244,27.15551,22.31888
1786419535,26.96803,81.15205,90,0,219,,11,27.7649,27.12165,22.25135
1786419536,26.99741,81.26192,90,0,219,,0,27.7649,27.22325,22.28502
1786419537,27.06684,81.31228,90,0,219,,0,27.79877,27.15551,22.28502
1786419537,27.02411,81.21767,90,0,219,,14,27.79877,27.08778,22.25135
1786419538,27.01076,81.21614,90,0,219,,0,27.73104,27.18938,22.21729
1786419539,26.94133,81.14442,90,0,219,,0,27.79877,27.15551,22.18362
1786419539,26.99741,81.25277,90,0,219,,2,27.7649,27.12165,22.28502
1786419540,27.05348,81.23598,90,0,219,,19,27.79877,27.12165,22.25135
1786419541,27.02411,81.33212,90,0,219,,0,27.79877,27.12165,22.31888
1786419541,27.05348,81.24513,90,0,219,,0,27.79877,27.15551,22.25135
1786419542,27.04013,81.30465,90,0,219,,6,27.83244,27.18938,22.25135
1786419543,26.95468,81.22072,90,0,219,,2,27.83244,27.15551,22.21729
1786419543,26.99741,81.25277,90,0,219,,0,27.7649,27.22325,22.21729
1786419544,26.99741,81.17036,90,0,219,,0,27.7649,27.05412,22.21729
1786419545,26.95468,81.37637,90,0,219,,7,27.73104,27.22325,22.31888
1786419545,27.02411,81.16579,90,0,219,,0,27.7649,27.15551,22.28502
1786419546,27.05348,81.37179,90,0,219,,0,27.79877,27.15551,22.28502
1786419547,27.04013,81.27261,90,0,219,,1,27.83244,27.12165,22.21729
1786419547,27.04013,81.18105,90,0,219,,14,27.79877,27.08778,22.25135
1786419548,27.01076,81.15205,90,0,219,,0,27.7649,27.08778,22.28502
1786419549,27.09621,81.32143,90,0,219,,0,27.8665,27.12165,22.21729
1786419549,26.99741,81.25277,90,0,219,,0,27.79877,27.18938,22.25135
1786419550,27.06684,81.32296,90,0,219,,1,27.83244,27.12165,22.28502
1786419551,27.06684,81.28024,90,0,219,,0,27.79877,27.15551,22.18362
1786419551,26.98405,81.14442,90,0,219,,0,27.79877,26.98638,22.18362
1786419552,26.95468,81.25277,90,0,219,,18,27.79877,27.12165,22.21729
1786419553,27.04013,81.18105,90,0,219,,0,27.79877,27.15551,22.21729
1786419553,27.01076,81.16273,90,0,219,,0,27.79877,27.18938,22.25135
1786419554,26.98405,81.28024,90,0,220,,0,27.7649,27.18938,22.28502
1786419555,27.02411,81.25887,90,0,219,,5,27.7649,27.18938,22.25135
1786419556,27.04013,81.22224,90,0,219,,0,27.79877,27.15551,22.18362
1786419556,26.99741,81.11696,90,0,219,,0,27.79877,27.05412,22.25135
1786419557,26.99741,81.24055,90,0,219,,18,27.7649,27.12165,22.25135
1786419558,26.91195,81.22987,90,0,219,,5,27.79877,27.15551,22.21729
1786419558,27.01076,81.23445,90,0,219,,0,27.7649,27.12165,22.25135
1786419559,27.02411,81.13527,90,0,219,,0,27.79877,27.15551,22.18362
1786419560,27.09621,81.23903,90,0,219,,8,27.83244,27.12165,22.18362
1786419560,27.13893,81.30007,90,0,219,,0,27.7649,27.15551,22.21729
1786419561,27.02411,81.18867,90,0,219,,0,27.79877,27.18938,22.21729
1786419562,27.04013,81.13985,90,0,219,,0,27.7649,27.15551,22.21729
1786419562,27.04013,81.24361,90,0,219,,0,27.7649,27.15551,22.25135
1786419563,26.99741,81.22072,90,0,219,,0,27.79877,27.12165,22.25135
1786419564,27.05348,81.1841,90,0,219,,0,27.79877,27.08778,22.21729
1786419564,26.95468,81.22072,90,0,220,,4,27.7649,27.22325,22.18362
1786419565,27.04013,81.24361,90,0,219,,9,27.79877,27.22325,22.25135
1786419566,27.09621,81.27718,90,0,219,,0,27.79877,27.12165,22.31888
1786419566,26.86923,81.14748,90,0,219,,0,27.7649,27.12165,22.28502
1786419567,27.02411,81.27108,90,0,219,,3,27.73104,27.15551,22.28502
1786419568,26.98405,81.20851,90,0,219,,2,27.79877,27.15551,22.21729
1786419568,26.99741,81.22072,90,0,219,,0,27.83244,27.22325,22.28502
1786419569,27.01076,81.24513,90,0,219,,0,27.7649,27.08778,22.18362
1786419570,27.01076,81.20393,90,0,219,,6,27.7649,27.15551,22.25135
1786419570,26.95468,81.14748,90,0,219,,0,27.79877,27.22325,22.28502
1786419571,26.96803,81.28634,90,0,219,,0,27.79877,27.18938,22.28502
1786419572,27.01076,81.24513,90,0,219,,0,27.7649,27.22325,22.25135
1786419572,27.05348,81.27718,90,0,219,,11,27.79877,27.15551,22.28502
1786419573,27.09621,81.1429,90,0,219,,0,27.83244,27.22325,22.25135
1786419574,26.95468,81.29397,90,0,219,,0,27.79877,27.08778,22.25135
1786419575,27.04013,81.13985,90,0,220,,0,27.83244,27.18938,22.21729
1786419575,26.95468,81.17952,90,0,219,,10,27.73104,27.08778,22.21729
1786419576,27.02411,81.27108,90,0,219,,0,27.79877,27.15551,22.21729
1786419577,27.10956,81.19936,90,0,219,,0,27.83244,27.12165,22.28502
1786419577,27.06684,81.22072,90,0,219,,1,27.83244,27.12165,22.21729
1786419578,27.02411,81.28024,90,0,219,,0,27.7649,27.15551,22.28502
1786419579,27.09621,81.35043,90,0,219,,0,27.79877,27.12165,22.21729
1786419579,27.02411,81.18867,90,0,219,,0,27.7649,27.15551,22.21729
1786419580,26.94133,81.15663,90,0,219,,12,27.79877,27.22325,22.31888
1786419581,27.06684,81.12459,90,0,219,,0,27.79877,27.15551,22.21729
1786419581,27.02411,81.19783,90,0,219,,0,27.79877,27.12165,22.28502
1786419582,26.99741,81.29397,90,0,219,,3,27.7649,27.12165,22.18362
1786419583,27.09621,81.23903,90,0,219,,13,27.79877,27.08778,22.25135
1786419583,27.02411,81.13527,90,0,219,,0,27.7649,27.18938,22.25135
1786419584,26.96803,81.15205,90,0,219,,0,27.79877,27.15551,22.25135
1786419585,27.02411,81.19783,90,0,219,,1,27.7649,27.08778,22.21729
1786419585,27.02411,81.13527,90,0,219,,1,27.8665,27.18938,22.28502
1786419586,27.08286,81.2253,90,0,219,,0,27.83244,27.15551,22.18362
1786419587,26.96803,81.1841,90,0,219,,0,27.7649,27.22325,22.25135
1786419587,26.95468,81.15816,90,0,219,,12,27.79877,27.15551,22.28502
1786419588,26.98405,81.16579,90,0,219,,0,27.79877,27.15551,22.25135
1786419589,26.95468,81.11696,90,0,219,,0,27.73104,27.15551,22.25135
1786419589,27.02411,81.24818,90,0,219,,2,27.7649,27.15551,22.21729
1786419590,26.99741,81.17036,90,0,219,,16,27.79877,27.08778,22.18362
1786419591,27.08286,81.149,90,0,219,,0,27.83244,27.18938,22.25135
1786419591,27.06684,81.16731,90,0,219,,0,27.7649,27.18938,22.25135
1786419592,26.95468,81.17952,90,0,219,,13,27.7649,27.12165,22.21729
1786419593,26.99741,81.17036,90,0,219,,14,27.83244,27.18938,22.25135
1786419594,27.05348,81.16273,90,0,219,,1,27.79877,27.15551,22.25135
1786419594,26.95468,81.15816,90,0,220,,0,27.7649,27.12165,22.18362
1786419595,27.05348,81.2665,90,0,219,,5,27.83244,27.15551,22.25135
1786419596,27.09621,81.12154,90,0,219,,0,27.8665,27.08778,22.25135
1786419596,27.08286,81.21309,90,0,219,,0,27.7649,27.18938,22.25135
1786419597,27.06684,81.29092,90,0,219,,0,27.7649,27.12165,22.21729
1786419598,26.96803,81.1841,90,0,219,,15,27.7649,27.15551,22.25135
1786419598,26.99741,81.09712,90,0,219,,0,27.7649,27.15551,22.21729
1786419599,27.01076,81.04829,90,0,219,,0,27.79877,27.15551,22.21729
1786419600,27.08286,81.35806,90,0,219,,4,27.79877,27.18938,22.25135
1786419600,27.02411,81.18867,90,0,219,,19,27.83244,27.15551,22.21729
1786419601,27.10956,81.17952,90,0,219,,0,27.79877,27.22325,22.25135
1786419602,27.05348,81.23598,90,0,219,,0,27.83244,27.18938,22.25135
1786419602,27.02411,81.21767,90,0,219,,14,27.79877,27.15551,22.18362
1786419603,27.04013,81.149,90,0,219,,4,27.79877,27.15551,22.25135
1786419604,26.99741,81.21156,90,0,219,,0,27.83244,27.08778,22.21729
1786419604,27.02411,81.18867,90,0,220,,0,27.79877,27.15551,22.25135
1786419605,26.98405,81.11238,90,0,219,,7,27.79877,27.15551,22.21729
1786419606,26.96803,81.09865,90,0,219,,0,27.79877,27.22325,22.18362
1786419606,27.06684,81.34432,90,0,219,,0,27.79877,27.12165,22.21729
1786419607,27.04013,81.24361,90,0,219,,6,27.7649,27.15551,22.21729
1786419608,27.04013,81.20241,90,0,219,,11,27.79877,27.12165,22.21729
1786419608,26.99741,81.21156,90,0,219,,0,27.79877,27.15551,22.28502
1786419609,27.13893,81.21767,90,0,219,,0,27.79877,27.12165,22.38642
1786419610,27.06684,81.27108,90,0,219,,7,27.7649,27.15551,22.21729
1786419610,27.02411,81.12459,90,0,219,,0,27.7649,27.18938,22.28502
1786419611,27.04013,81.18105,90,0,219,,0,27.7649,27.15551,22.31888
1786419612,26.98405,81.21767,90,0,219,,0,27.79877,27.12165,22.25135
1786419613,27.04013,81.16121,90,0,219,,21,27.79877,27.15551,22.35275
1786419613,27.01076,81.2253,90,0,219,,0,27.79877,27.15551,22.28502
1786419614,26.99741,81.2314,90,0,219,,0,27.7649,27.18938,22.21729
1786419615,27.06684,81.37637,90,0,220,,0,27.79877,27.12165,22.21729
1786419615,26.95468,81.24055,90,0,219,,18,27.8665,27.15551,22.21729
1786419616,27.08286,81.30465,90,0,219,,0,27.79877,27.12165,22.31888
1786419617,27.05348,81.33059,90,0,219,,0,27.79877,27.15551,22.28502
1786419617,27.05348,81.33059,90,0,219,,4,27.79877,27.12165,22.25135
1786419618,26.94133,81.40383,90,0,219,,0,27.83244,27.22325,22.25135
1786419619,26.91195,81.27108,90,0,219,,0,27.7649,27.18938,22.25135
1786419619,27.05348,81.33059,90,0,219,,0,27.7649,27.15551,22.28502
1786419620,27.04013,81.49233,90,0,219,,14,27.79877,27.15551,22.21729
1786419621,26.99741,81.33517,90,0,219,,0,27.7649,27.02005,22.28502
1786419621,27.01076,81.21614,90,0,219,,0,27.7649,27.12165,22.21729
1786419622,27.05348,81.41299,90,0,219,,5,27.79877,27.12165,22.28502
1786419623,26.92798,81.39925,90,0,219,,20,27.7649,27.08778,22.18362
1786419623,27.01076,81.38094,90,0,219,,0,27.83244,27.12165,22.21729
1786419624,27.06684,81.36416,90,0,219,,0,27.79877,27.18938,22.25135
1786419625,27.06684,81.38552,90,0,219,,3,27.79877,27.08778,22.21729
1786419625,27.06684,81.42672,90,0,219,,5,27.83244,27.15551,22.21729
1786419626,26.94133,81.42367,90,0,219,,0,27.79877,27.15551,22.28502
1786419627,27.12291,81.40993,90,0,219,,0,27.7649,27.15551,22.21729
1786419627,26.99741,81.35806,90,0,219,,16,27.7649,27.22325,22.28502
1786419628,27.04013,81.42825,90,0,219,,0,27.7649,27.15551,22.18362
1786419629,27.01076,81.40993,90,0,219,,0,27.83244,27.08778,22.25135
1786419630,27.02411,81.36416,90,0,219,,0,27.79877,27.18938,22.25135
1786419630,27.08286,81.4725,90,0,219,,12,27.79877,27.15551,22.25135
1786419631,27.09621,81.55032,90,0,219,,0,27.7649,27.15551,22.21729
1786419632,27.02411,81.42672,90,0,219,,0,27.79877,27.12165,22.28502
1786419632,26.95468,81.41756,90,0,219,,0,27.79877,27.12165,22.21729
1786419633,27.02411,81.57015,90,0,219,,17,27.7649,27.15551,22.25135
1786419634,27.04013,81.35806,90,0,219,,0,27.79877,27.12165,22.28502
1786419634,27.01076,81.29855,90,0,220,,0,27.7649,27.15551,22.21729
1786419635,27.05348,81.33059,90,0,219,,0,27.7649,27.15551,22.25135
1786419636,26.96803,81.32754,90,0,219,,10,27.7649,27.15551,22.18362
1786419636,27.01076,81.31838,90,0,219,,0,27.79877,27.12165,22.25135
1786419637,27.02411,81.25887,90,0,219,,0,27.7649,27.15551,22.25135
1786419638,26.95468,81.36416,90,0,219,,2,27.79877,27.15551,22.35275
1786419638,27.06684,81.24971,90,0,219,,8,27.83244,27.15551,22.21729
1786419639,26.92798,81.28634,90,0,219,,0,27.7649,27.22325,22.14976
1786419640,26.99741,81.34585,90,0,219,,0,27.79877,27.12165,22.21729
1786419640,26.98405,81.25887,90,0,219,,3,27.79877,27.18938,22.25135
1786419641,27.06684,81.27108,90,0,219,,7,27.79877,27.15551,22.21729
1786419642,26.98405,81.26803,90,0,219,,0,27.83244,27.15551,22.28502
1786419642,27.06684,81.28024,90,0,219,,0,27.7649,27.15551,22.31888
1786419643,27.09621,81.35043,90,0,219,,7,27.79877,27.15551,22.28502
1786419644,27.10956,81.37637,90,0,219,,3,27.79877,27.08778,22.21729
1786419644,27.01076,81.21614,90,0,220,,0,27.7649,27.18938,22.28502
1786419645,27.10956,81.22072,90,0,219,,0,27.79877,27.22325,22.28502
1786419646,27.02411,81.24818,90,0,219,,2,27.79877,27.15551,22.28502
1786419646,26.98405,81.35348,90,0,219,,0,27.7649,27.25711,22.21729
1786419647,27.09621,81.32143,90,0,219,,0,27.79877,27.08778,22.28502
1786419648,27.12291,81.20241,90,0,219,,0,27.79877,27.12165,22.25135
1786419649,27.04013,81.16121,90,0,219,,11,27.79877,27.15551,22.18362
1786419649,27.02411,81.23903,90,0,219,,0,27.7649,27.12165,22.25135
1786419650,27.06684,81.18867,90,0,219,,0,27.83244,27.15551,22.31888
1786419651,27.06684,81.27108,90,0,219,,12,27.7649,27.12165,22.25135
1786419651,26.98405,81.25887,90,0,219,,17,27.79877,27.08778,22.25135
1786419652,26.99741,81.18105,90,0,219,,0,27.79877,27.18938,22.28502
1786419653,27.13893,81.22682,90,0,219,,0,27.79877,27.12165,22.21729
1786419653,27.08286,81.27566,90,0,219,,6,27.79877,27.12165,22.18362
1786419654,27.05348,81.30923,90,0,219,,0,27.7649,27.18938,22.21729
1786419655,27.12291,81.19325,90,0,220,,0,27.79877,27.08778,22.28502
1786419655,26.96803,81.20393,90,0,219,,1,27.73104,27.12165,22.28502
1786419656,26.96803,81.17189,90,0,219,,11,27.83244,27.18938,22.21729
1786419657,27.10956,81.20851,90,0,219,,0,27.79877,27.15551,22.28502
1786419657,27.05348,81.12154,90,0,219,,0,27.79877,27.08778,22.31888
1786419658,27.02411,81.19783,90,0,219,,8,27.7649,27.15551,22.35275
1786419659,26.98405,81.22682,90,0,219,,0,27.79877,27.12165,22.25135
1786419659,26.99741,81.17036,90,0,219,,0,27.83244,27.15551,22.31888
1786419660,27.06684,81.15663,90,0,219,,8,27.83244,27.12165,22.21729
1786419661,26.95468,81.19936,90,0,219,,10,27.79877,27.12165,22.28502
1786419661,27.01076,81.2253,90,0,219,,0,27.7649,27.12165,22.25135
1786419662,26.95468,81.20851,90,0,219,,0,27.83244,27.08778,22.31888
1786419663,27.04013,81.29549,90,0,219,,11,27.79877,27.15551,22.25135
1786419663,27.01076,81.2253,90,0,219,,0,27.7649,27.12165,22.21729
1786419664,27.01076,81.1429,90,0,220,,0,27.7649,27.15551,22.25135
1786419665,27.08286,81.18105,90,0,219,,1,27.79877,27.05412,22.31888
1786419665,26.98405,81.23903,90,0,219,,3,27.73104,27.18938,22.35275
1786419666,27.02411,81.14442,90,0,219,,0,27.79877,27.22325,22.21729
1786419667,27.01076,81.17189,90,0,219,,0,27.79877,27.12165,22.25135
1786419668,26.99741,81.11696,90,0,219,,14,27.79877,27.12165,22.21729
1786419668,27.01076,81.27718,90,0,219,,0,27.7649,27.12165,22.18362
1786419669,26.95468,81.1902,90,0,219,,0,27.7649,27.22325,22.35275
1786419670,26.98405,81.18867,90,0,219,,6,27.79877,27.18938,22.21729
1786419670,27.04013,81.30465,90,0,219,,0,27.79877,27.12165,22.25135
1786419671,27.09621,81.30923,90,0,219,,0,27.79877,27.08778,22.18362
1786419672,27.01076,81.24513,90,0,219,,0,27.79877,27.15551,22.25135
1786419672,27.02411,81.20851,90,0,219,,21,27.79877,27.08778,22.28502
1786419673,26.96803,81.09865,90,0,219,,0,27.83244,27.12165,22.28502
1786419674,27.13893,81.24971,90,0,219,,0,27.79877,27.18938,22.14976
1786419674,27.06684,81.24971,90,0,220,,0,27.83244,27.15551,22.25135
1786419675,27.04013,81.30465,90,0,219,,0,27.7649,27.05412,22.21729
1786419676,27.05348,81.20699,90,0,219,,0,27.79877,27.15551,22.18362
1786419676,27.01076,81.1841,90,0,219,,1,27.79877,27.18938,22.18362
1786419677,26.95468,81.15816,90,0,219,,2,27.79877,27.12165,22.25135
1786419678,27.06684,81.27108,90,0,219,,0,27.79877,27.18938,22.25135
1786419678,27.01076,81.21614,90,0,219,,0,27.7649,27.15551,22.25135
1786419679,26.99741,81.20241,90,0,219,,4,27.7649,27.08778,22.25135
1786419680,27.06684,81.22072,90,0,219,,0,27.79877,27.15551,22.28502
1786419680,26.99741,81.26192,90,0,219,,0,27.83244,27.15551,22.21729
1786419681,26.96803,81.15205,90,0,219,,2,27.83244,27.18938,22.21729
1786419682,27.06684,81.20851,90,0,219,,8,27.79877,27.15551,22.35275
1786419682,27.01076,81.31838,90,0,219,,0,27.79877,27.15551,22.31888
1786419683,27.05348,81.16273,90,0,219,,0,27.7649,27.08778,22.25135
1786419684,27.04013,81.22224,90,0,219,,9,27.7649,27.12165,22.28502
1786419684,26.95468,81.12611,90,0,220,,0,27.7649,27.18938,22.25135
1786419685,27.12291,81.21309,90,0,219,,0,27.79877,27.15551,22.21729
1786419686,26.94133,81.19783,90,0,219,,0,27.7649,27.12165,22.21729
1786419687,26.98405,81.31228,90,0,219,,13,27.8665,27.15551,22.18362
1786419687,26.98405,81.18867,90,0,219,,0,27.79877,27.12165,22.25135
1786419688,26.99741,81.18105,90,0,219,,0,27.7649,27.15551,22.25135
1786419689,27.04013,81.29549,90,0,219,,8,27.7649,27.15551,22.28502
1786419689,27.05348,81.15358,90,0,219,,9,27.7649,27.15551,22.25135
1786419690,26.96803,81.2543,90,0,219,,0,27.79877,27.08778,22.21729
1786419691,27.05348,81.20699,90,0,219,,0,27.69717,27.22325,22.21729
1786419691,27.04013,81.25277,90,0,219,,14,27.79877,27.08778,22.25135
1786419692,26.98405,81.18867,90,0,219,,0,27.7649,27.18938,22.25135
1786419693,27.01076,81.2253,90,0,219,,0,27.7649,27.18938,22.18362
1786419693,27.06684,81.19936,90,0,219,,1,27.79877,27.15551,22.28502
1786419694,26.94133,81.13374,90,0,219,,11,27.79877,27.08778,22.21729
1786419695,27.01076,81.2543,90,0,219,,0,27.7649,27.12165,22.28502
1786419695,26.98405,81.21767,90,0,219,,0,27.79877,27.08778,22.25135
1786419696,27.09621,81.13374,90,0,219,,8,27.73104,27.12165,22.31888
1786419697,27.02411,81.27108,90,0,219,,1,27.73104,27.12165,22.28502
1786419697,27.01076,81.2543,90,0,219,,0,27.79877,27.12165,22.28502
1786419698,27.02411,81.30007,90,0,219,,0,27.79877,27.08778,22.25135
1786419699,27.09621,81.20699,90,0,219,,14,27.79877,27.22325,22.28502
1786419699,26.94133,81.22682,90,0,219,,0,27.7649,27.08778,22.28502
1786419700,27.02411,81.33212,90,0,219,,0,27.7649,27.15551,22.31888
1786419701,27.01076,81.23445,90,0,219,,7,27.7649,27.15551,22.21729
1786419701,27.05348,81.25735,90,0,219,,17,27.79877,27.08778,22.25135
1786419702,27.06684,81.23903,90,0,219,,0,27.79877,27.15551,22.28502
1786419703,27.04013,81.35806,90,0,219,,0,27.83244,27.12165,22.25135
1786419703,26.98405,81.26803,90,0,219,,10,27.7649,27.18938,22.18362
1786419704,26.98405,81.31228,90,0,220,,0,27.79877,27.22325,22.28502
1786419705,26.95468,81.28176,90,0,219,,0,27.79877,27.15551,22.25135
1786419706,27.12291,81.23445,90,0,220,,0,27.7649,27.08778,22.21729
1786419706,27.02411,81.28024,90,0,219,,3,27.79877,27.18938,22.31888
1786419707,26.99741,81.26192,90,0,219,,0,27.73104,27.22325,22.28502
1786419708,27.09621,81.20699,90,0,219,,0,27.83244,27.12165,22.14976
1786419708,27.01076,81.2543,90,0,219,,16,27.7649,27.18938,22.21729
1786419709,27.05348,81.29855,90,0,219,,17,27.73104,27.18938,22.28502
1786419710,27.04013,81.26345,90,0,219,,0,27.83244,27.15551,22.25135
1786419710,27.05348,81.21614,90,0,219,,0,27.79877,27.18938,22.21729
1786419711,27.05348,81.29855,90,0,219,,12,27.79877,27.12165,22.31888
1786419712,27.04013,81.35806,90,0,219,,2,27.79877,27.18938,22.25135
1786419712,27.04013,81.33669,90,0,219,,0,27.7649,27.15551,22.21729
1786419713,27.06684,81.33212,90,0,219,,0,27.73104,27.25711,22.28502
1786419714,26.95468,81.25277,90,0,219,,13,27.7649,27.08778,22.18362
1786419714,27.01076,81.33974,90,0,220,,0,27.83244,27.15551,22.28502
1786419715,26.96803,81.3077,90,0,219,,0,27.79877,27.08778,22.18362
1786419716,27.06684,81.27108,90,0,219,,0,27.7649,27.22325,22.25135
1786419716,27.06684,81.35348,90,0,219,,5,27.79877,27.12165,22.21729
1786419717,27.01076,81.32754,90,0,219,,0,27.79877,27.12165,22.28502
1786419718,27.01076,81.33974,90,0,219,,0,27.73104,27.12165,22.21729
1786419718,27.01076,81.2665,90,0,219,,1,27.79877,27.18938,22.18362
1786419719,26.95468,81.30312,90,0,219,,9,27.79877,27.22325,22.25135
1786419720,27.01076,81.29855,90,0,219,,0,27.7649,27.15551,22.18362
1786419720,27.04013,81.30465,90,0,219,,0,27.7649,27.15551,22.25135
1786419721,26.96803,81.22224,90,0,219,,7,27.7649,27.18938,22.21729
1786419722,26.99741,81.25277,90,0,219,,10,27.83244,27.12165,22.25135
1786419722,27.01076,81.37179,90,0,219,,0,27.7649,27.15551,22.31888
1786419723,27.02411,81.24818,90,0,219,,0,27.79877,27.08778,22.28502
1786419724,26.94133,81.15663,90,0,219,,6,27.7649,27.12165,22.31888
1786419725,27.04013,81.27261,90,0,219,,1,27.7649,27.15551,22.25135
1786419725,27.05348,81.25735,90,0,219,,0,27.79877,27.15551,22.31888
1786419726,27.04013,81.26345,90,0,219,,0,27.79877,27.12165,22.25135
1786419727,26.99741,81.34585,90,0,219,,10,27.73104,27.12165,22.25135
1786419727,27.08286,81.26345,90,0,219,,3,27.83244,27.22325,22.28502
1786419728,26.99741,81.22072,90,0,219,,0,27.7649,27.15551,22.21729
1786419729,27.05348,81.2665,90,0,219,,0,27.7649,27.18938,22.25135
1786419729,27.08286,81.17189,90,0,219,,4,27.7649,27.12165,22.21729
1786419730,27.01076,81.1841,90,0,219,,5,27.7649,27.18938,22.18362
1786419731,27.02411,81.20851,90,0,219,,0,27.8665,27.08778,22.21729
1786419731,27.05348,81.19478,90,0,219,,0,27.7649,27.05412,22.25135
1786419732,27.02411,81.17647,90,0,219,,5,27.79877,27.15551,22.28502
1786419733,27.01076,81.20393,90,0,219,,1,27.7649,27.12165,22.21729
1786419733,26.96803,81.21309,90,0,219,,0,27.79877,27.12165,22.31888
1786419734,26.94133,81.25887,90,0,219,,0,27.79877,27.12165,22.21729
1786419735,27.06684,81.16731,90,0,219,,8,27.79877,27.12165,22.25135
1786419735,27.04013,81.17036,90,0,219,,0,27.79877,27.18938,22.21729
1786419736,26.96803,81.1841,90,0,219,,0,27.79877,27.12165,22.31888
1786419737,26.98405,81.18867,90,0,219,,0,27.79877,27.18938,22.25135
1786419737,27.04013,81.25277,90,0,219,,14,27.79877,27.15551,22.25135
1786419738,27.02411,81.17647,90,0,219,,0,27.79877,27.12165,22.21729
1786419739,27.04013,81.1902,90,0,219,,0,27.79877,27.15551,22.28502
1786419739,27.02411,81.23903,90,0,219,,15,27.7649,27.15551,22.28502
1786419740,27.02411,81.21767,90,0,219,,0,27.83244,27.22325,22.21729
1786419741,27.02411,81.05287,90,0,219,,0,27.79877,27.05412,22.25135
1786419741,27.02411,81.23903,90,0,219,,0,27.83244,27.25711,22.21729
1786419742,27.01076,81.23445,90,0,219,,16,27.7649,27.15551,22.35275
1786419743,27.02411,81.30007,90,0,219,,0,27.79877,27.12165,22.28502
1786419744,27.04013,81.27261,90,0,219,,0,27.79877,27.12165,22.25135
1786419744,27.06684,81.14748,90,0,220,,0,27.83244,27.08778,22.21729
1786419745,26.98405,81.29092,90,0,219,,0,27.83244,27.18938,22.28502
1786419746,27.04013,81.25277,90,0,219,,0,27.7649,27.12165,22.21729
1786419746,26.95468,81.22072,90,0,219,,0,27.7649,27.12165,22.25135
1786419747,26.95468,81.28176,90,0,219,,17,27.79877,27.12165,22.35275
1786419748,27.02411,81.31228,90,0,219,,0,27.7649,27.18938,22.25135
1786419748,27.08286,81.29549,90,0,219,,0,27.79877,27.12165,22.21729
1786419749,26.99741,81.22072,90,0,219,,5,27.79877,27.18938,22.28502
1786419750,27.06684,81.20851,90,0,219,,6,27.73104,27.12165,22.28502
1786419750,27.02411,81.30007,90,0,219,,0,27.79877,27.08778,22.25135
1786419751,26.99741,81.28481,90,0,219,,0,27.79877,27.15551,22.21729
1786419752,26.99741,81.22072,90,0,219,,22,27.79877,27.15551,22.21729
1786419752,26.99741,81.13832,90,0,219,,0,27.79877,27.08778,22.25135
1786419753,26.98405,81.26803,90,0,219,,0,27.79877,27.12165,22.21729
1786419754,27.08286,81.25277,90,0,219,,6,27.7649,27.12165,22.31888
1786419754,26.99741,81.27261,90,0,220,,1,27.83244,27.15551,22.25135
1786419755,27.05348,81.35043,90,0,219,,0,27.79877,27.12165,22.25135
1786419756,27.05348,81.29855,90,0,219,,0,27.79877,27.18938,22.21729
1786419756,27.05348,81.39162,90,0,219,,2,27.73104,27.15551,22.28502
1786419757,26.98405,81.19783,90,0,220,,0,27.73104,27.12165,22.21729
1786419758,26.95468,81.355,90,0,219,,0,27.79877,27.12165,22.28502
1786419758,26.98405,81.23903,90,0,219,,0,27.79877,27.18938,22.21729
1786419759,26.96803,81.32754,90,0,219,,6,27.7649,27.12165,22.25135
1786419760,27.05348,81.37179,90,0,219,,0,27.79877,27.08778,22.25135
1786419760,27.01076,81.29855,90,0,219,,0,27.7649,27.15551,22.25135
1786419761,26.94133,81.21614,90,0,219,,7,27.83244,27.22325,22.35275
1786419762,27.05348,81.24513,90,0,219,,3,27.73104,27.12165,22.18362
1786419763,27.08286,81.3901,90,0,219,,0,27.79877,27.15551,22.28502
1786419763,27.06684,81.30312,90,0,219,,0,27.79877,27.15551,22.21729
1786419764,27.06684,81.39468,90,0,219,,15,27.79877,27.18938,22.28502
1786419765,27.05348,81.30923,90,0,219,,0,27.7649,27.15551,22.25135
1786419765,26.99741,81.32601,90,0,219,,0,27.79877,27.18938,22.25135
1786419766,27.04013,81.39925,90,0,219,,8,27.79877,27.12165,22.31888
1786419767,26.98405,81.39468,90,0,219,,14,27.73104,27.18938,22.31888
1786419767,27.01076,81.31838,90,0,219,,0,27.79877,27.15551,22.28502
1786419768,26.95468,81.22987,90,0,219,,0,27.79877,27.05412,22.25135
1786419769,27.01076,81.2665,90,0,219,,9,27.79877,27.12165,22.21729
1786419769,27.02411,81.20851,90,0,219,,0,27.79877,27.08778,22.21729
1786419770,27.01076,81.31838,90,0,219,,0,27.7649,27.12165,22.28502
1786419771,27.12291,81.29549,90,0,219,,3,27.79877,27.18938,22.21729
1786419771,27.10956,81.36416,90,0,219,,18,27.83244,27.22325,22.28502
1786419772,27.15228,81.36721,90,0,219,,0,27.83244,27.18938,22.21729
1786419773,27.08286,81.3489,90,0,219,,0,27.83244,27.12165,22.25135
1786419773,26.99741,81.3138,90,0,219,,10,27.7649,27.08778,22.21729
1786419774,27.02411,81.30007,90,0,220,,0,27.79877,27.12165,22.11589
1786419775,27.09621,81.33059,90,0,219,,0,27.79877,27.15551,22.25135
1786419775,26.99741,81.29397,90,0,219,,0,27.79877,27.18938,22.21729
1786419776,26.96803,81.36874,90,0,219,,2,27.73104,27.08778,22.21729
1786419777,27.06684,81.28024,90,0,219,,0,27.79877,27.08778,22.25135
1786419777,27.12291,81.32754,90,0,219,,0,27.79877,27.12165,22.18362
1786419778,27.06684,81.27108,90,0,219,,10,27.7649,27.18938,22.21729
1786419779,27.09621,81.45419,90,0,219,,12,27.73104,27.15551,22.28502
1786419779,27.08286,81.59609,90,0,219,,0,27.83244,27.18938,22.25135
1786419780,27.05348,81.65102,90,0,219,,0,27.7649,27.15551,22.25135
1786419781,27.10956,82.13321,90,0,219,,12,27.83244,27.15551,22.25135
1786419782,27.08286,82.34379,90,0,219,,0,27.73104,27.12165,22.21729
1786419782,27.06684,82.60014,90,0,219,,0,27.83244,27.18938,22.21729
1786419783,27.04013,82.48875,90,0,219,,2,27.79877,27.18938,22.28502
1786419784,27.12291,82.7924,90,0,219,,12,27.79877,27.18938,22.21729
1786419784,27.05348,82.7924,90,0,220,,0,27.73104,27.08778,22.21729
1786419785,27.05348,82.67796,90,0,219,,0,27.7649,27.18938,22.21729
1786419786,26.99741,82.68559,90,0,219,,6,27.8665,27.12165,22.21729
1786419786,26.99741,82.57114,90,0,219,,1,27.79877,27.18938,22.18362
1786419787,27.05348,82.49027,90,0,219,,0,27.79877,27.08778,22.21729
1786419788,27.17899,82.33921,90,0,219,,0,27.7649,27.15551,22.25135
1786419788,27.02411,82.29801,90,0,219,,11,27.79877,27.18938,22.28502
1786419789,27.01076,82.18814,90,0,219,,0,27.7649,27.15551,22.18362
1786419790,27.05348,82.23239,90,0,219,,0,27.7649,27.12165,22.25135
1786419790,27.01076,82.04471,90,0,219,,0,27.79877,27.18938,22.25135
1786419791,27.01076,82.0325,90,0,219,,15,27.79877,27.15551,22.28502
1786419792,26.95468,81.97757,90,0,219,,0,27.7649,27.18938,22.21729
1786419792,26.98405,81.8494,90,0,219,,0,27.73104,27.12165,22.18362
1786419793,27.04013,81.83566,90,0,219,,2,27.79877,27.25711,22.25135
1786419794,27.01076,81.70138,90,0,219,,7,27.7649,27.18938,22.21729
1786419794,26.98405,81.72579,90,0,220,,0,27.7649,27.22325,22.25135
1786419795,27.04013,81.76242,90,0,219,,0,27.7649,27.18938,22.18362
1786419796,27.01076,81.65102,90,0,219,,8,27.7649,27.08778,22.18362
1786419796,27.02411,81.6556,90,0,219,,10,27.79877,27.02005,22.28502
1786419797,27.13893,81.69375,90,0,219,,0,27.7649,27.18938,22.25135
1786419798,27.09621,81.82956,90,0,219,,0,27.7649,27.12165,22.28502
1786419798,26.95468,81.84329,90,0,219,,5,27.7649,27.18938,22.18362
1786419799,26.99741,81.92722,90,0,219,,10,27.73104,27.22325,22.21729
1786419800,27.05348,81.91196,90,0,219,,0,27.7649,27.12165,22.21729
1786419801,26.99741,81.83414,90,0,219,,0,27.7649,27.12165,22.31888
1786419801,27.01076,81.98215,90,0,219,,11,27.7649,27.15551,22.18362
1786419802,27.02411,82.09048,90,0,219,,1,27.79877,27.18938,22.25135
1786419803,26.98405,82.01724,90,0,219,,0,27.7649,27.12165,22.25135
1786419803,27.08286,82.13779,90,0,219,,0,27.7649,27.15551,22.25135
1786419804,27.06684,82.11032,90,0,219,,7,27.79877,27.18938,22.28502
1786419805,27.01076,82.09659,90,0,220,,0,27.79877,27.18938,22.28502
1786419805,27.01076,82.04471,90,0,219,,0,27.7649,27.15551,22.28502
1786419806,26.96803,81.9913,90,0,219,,0,27.7649,27.12165,22.28502
1786419807,27.01076,82.05539,90,0,219,,18,27.79877,27.08778,22.28502
1786419807,27.05348,81.99435,90,0,219,,0,27.7649,27.08778,22.28502
1786419808,26.95468,81.90433,90,0,219,,0,27.7649,27.05412,22.21729
1786419809,27.06684,81.95468,90,0,219,,0,27.7649,27.15551,22.25135
1786419809,27.02411,81.75784,90,0,219,,14,27.79877,27.22325,22.18362
1786419810,27.09621,81.89059,90,0,219,,0,27.7649,27.15551,22.25135
1786419811,27.05348,81.7029,90,0,219,,0,27.79877,27.08778,22.18362
1786419811,26.99741,81.62508,90,0,219,,5,27.79877,27.15551,22.25135
1786419812,26.98405,81.64339,90,0,219,,5,27.79877,27.12165,22.28502
1786419813,26.96803,81.62966,90,0,219,,0,27.79877,27.12165,22.25135
1786419813,27.02411,81.6556,90,0,219,,0,27.73104,27.05412,22.31888
1786419814,26.99741,81.5732,90,0,219,,6,27.7649,27.08778,22.25135
1786419815,27.06684,81.54116,90,0,219,,0,27.79877,27.15551,22.21729
1786419815,27.02411,81.55947,90,0,219,,0,27.7649,27.15551,22.21729
1786419816,27.01076,81.55642,90,0,219,,0,27.79877,27.18938,22.21729
1786419817,27.06684,81.54116,90,0,219,,3,27.7649,27.12165,22.25135
1786419817,27.05348,81.46487,90,0,219,,0,27.7649,27.18938,22.25135
1786419818,27.08286,81.38094,90,0,219,,0,27.79877,27.05412,22.25135
1786419819,26.81315,81.36874,90,0,219,,6,27.83244,27.08778,22.25135
1786419820,27.02411,81.34432,90,0,219,,7,27.79877,27.18938,22.25135
1786419820,27.01076,81.38094,90,0,219,,0,27.7649,27.15551,22.14976
1786419821,26.96803,81.40993,90,0,219,,0,27.7649,27.15551,22.28502
1786419822,26.95468,81.34585,90,0,219,,9,27.79877,27.08778,22.18362
1786419822,26.99741,81.3962,90,0,219,,4,27.79877,27.18938,22.35275
1786419823,27.08286,81.40993,90,0,219,,0,27.83244,27.18938,22.28502
1786419824,27.05348,81.43282,90,0,219,,0,27.79877,27.12165,22.18362
1786419824,27.04013,81.40841,90,0,220,,0,27.79877,27.15551,22.25135
1786419825,27.02411,81.38247,90,0,219,,0,27.7649,27.12165,22.21729
1786419826,26.92798,81.36874,90,0,219,,0,27.79877,27.08778,22.31888
1786419826,26.92798,81.4725,90,0,219,,0,27.79877,27.18938,22.25135
1786419827,26.88525,81.36721,90,0,219,,3,27.83244,27.12165,22.31888
1786419828,27.02411,81.28024,90,0,219,,0,27.73104,27.08778,22.28502
1786419828,26.95468,81.34585,90,0,219,,0,27.7649,27.12165,22.25135
1786419829,27.02411,81.34432,90,0,219,,0,27.7649,27.12165,22.18362
1786419830,27.04013,81.36874,90,0,219,,15,27.79877,27.15551,22.28502
1786419830,27.02411,81.40383,90,0,219,,0,27.7649,27.22325,22.28502
1786419831,27.05348,81.28634,90,0,219,,0,27.79877,27.12165,22.28502
1786419832,27.04013,81.45113,90,0,219,,0,27.7649,27.05412,22.21729
1786419832,27.01076,81.32754,90,0,219,,7,27.79877,27.15551,22.18362
1786419833,27.01076,81.35043,90,0,219,,10,27.83244,27.12165,22.21729
1786419834,27.01076,81.35043,90,0,219,,1,27.79877,27.15551,22.14976
1786419834,27.02411,81.36416,90,0,219,,0,27.8665,27.18938,22.25135
1786419835,27.02411,81.42672,90,0,219,,6,27.7649,27.15551,22.28502
1786419836,27.09621,81.41299,90,0,219,,6,27.79877,27.15551,22.28502
1786419836,26.98405,81.36416,90,0,219,,0,27.83244,27.18938,22.28502
1786419837,27.02411,81.30007,90,0,219,,0,27.83244,27.12165,22.21729
1786419838,27.10956,81.45876,90,0,219,,15,27.79877,27.08778,22.28502
1786419839,26.95468,81.355,90,0,219,,14,27.79877,27.18938,22.25135
1786419839,27.04013,81.40841,90,0,219,,1,27.79877,27.15551,22.25135
1786419840,27.06684,81.43587,90,0,219,,0,27.7649,27.18938,22.25135
1786419841,27.06684,81.34432,90,0,219,,10,27.7649,27.22325,22.21729
1786419841,26.99741,81.38705,90,0,219,,4,27.7649,27.15551,22.28502
1786419842,27.04013,81.36874,90,0,219,,0,27.7649,27.08778,22.18362
1786419843,27.08286,81.38094,90,0,219,,0,27.79877,27.22325,22.21729
1786419843,27.13893,81.43587,90,0,219,,19,27.79877,27.12165,22.31888
1786419844,26.96803,81.29549,90,0,219,,0,27.7649,27.08778,22.31888
1786419845,27.05348,81.40078,90,0,220,,0,27.79877,27.08778,22.28502
1786419845,27.01076,81.37179,90,0,219,,0,27.7649,27.12165,22.21729
1786419846,27.12291,81.4313,90,0,219,,4,27.7649,27.22325,22.21729
1786419847,26.98405,81.37331,90,0,219,,0,27.7649,27.18938,22.21729
1786419847,27.01076,81.29855,90,0,219,,0,27.73104,27.15551,22.28502
1786419848,26.96803,81.40993,90,0,219,,0,27.79877,27.12165,22.25135
1786419849,27.05348,81.35043,90,0,219,,8,27.7649,27.12165,22.28502
1786419849,27.01076,81.38094,90,0,219,,0,27.79877,27.18938,22.31888
1786419850,27.04013,81.33669,90,0,219,,0,27.7649,27.08778,22.25135
1786419851,26.94133,81.24818,90,0,219,,2,27.73104,27.18938,22.25135
1786419851,27.05348,81.23598,90,0,219,,16,27.7649,27.15551,22.28502
1786419852,27.05348,81.40078,90,0,219,,0,27.79877,27.18938,22.28502
1786419853,26.98405,81.22682,90,0,219,,0,27.7649,27.15551,22.28502
1786419853,26.94133,81.32143,90,0,219,,6,27.79877,27.18938,22.21729
1786419854,27.02411,81.24818,90,0,220,,3,27.83244,27.15551,22.21729
1786419855,27.02411,81.27108,90,0,219,,0,27.79877,27.05412,22.18362
1786419856,27.13893,81.25735,90,0,219,,0,27.79877,27.12165,22.31888
1786419856,27.01076,81.19478,90,0,219,,5,27.79877,27.15551,22.25135
1786419857,27.04013,81.30465,90,0,219,,5,27.7649,27.15551,22.25135
1786419858,26.99741,81.42825,90,0,219,,0,27.79877,27.15551,22.25135
1786419858,27.02411,81.27108,90,0,219,,0,27.83244,27.08778,22.31888
1786419859,26.96803,81.35958,90,0,219,,5,27.7649,27.12165,22.21729
1786419860,27.01076,81.35958,90,0,219,,15,27.79877,27.05412,22.21729
1786419860,26.99741,81.30465,90,0,219,,0,27.7649,27.08778,22.25135
1786419861,27.01076,81.21614,90,0,219,,0,27.7649,27.15551,22.25135
1786419862,27.02411,81.27108,90,0,219,,2,27.7649,27.18938,22.21729
1786419862,27.05348,81.31838,90,0,219,,13,27.79877,27.12165,22.18362
1786419863,26.94133,81.25887,90,0,219,,0,27.79877,27.18938,22.25135
1786419864,26.86923,81.36416,90,0,219,,0,27.79877,27.18938,22.28502
1786419864,27.10956,81.2314,90,0,220,,0,27.79877,27.15551,22.25135
1786419865,27.01076,81.24513,90,0,219,,5,27.79877,27.12165,22.18362
1786419866,27.06684,81.15663,90,0,219,,0,27.7649,27.12165,22.21729
1786419866,26.98405,81.25887,90,0,219,,0,27.7649,27.18938,22.14976
1786419867,27.05348,81.25735,90,0,219,,0,27.79877,27.12165,22.25135
1786419868,26.99741,81.32601,90,0,219,,11,27.7649,27.15551,22.21729
1786419868,26.99741,81.24055,90,0,219,,0,27.79877,27.15551,22.18362
1786419869,26.95468,81.17952,90,0,219,,0,27.83244,27.15551,22.25135
1786419870,27.01076,81.19478,90,0,219,,0,27.83244,27.12165,22.25135
1786419870,27.02411,81.21767,90,0,219,,7,27.7649,27.22325,22.21729
1786419871,27.05348,81.2665,90,0,219,,11,27.79877,27.08778,22.25135
1786419872,26.94133,81.28024,90,0,219,,0,27.7649,27.12165,22.18362
1786419872,26.99741,81.24055,90,0,219,,0,27.7649,27.15551,22.25135
1786419873,26.98405,81.16579,90,0,219,,8,27.7649,27.15551,22.21729
1786419874,27.02411,81.19783,90,0,219,,14,27.7649,27.15551,22.25135
1786419875,26.95468,81.20851,90,0,219,,0,27.73104,27.18938,22.25135
1786419875,27.08286,81.30465,90,0,219,,0,27.7649,27.15551,22.18362
1786419876,27.05348,81.2665,90,0,219,,5,27.79877,27.18938,22.28502
1786419877,27.02411,81.23903,90,0,219,,6,27.79877,27.08778,22.28502
1786419877,27.08286,81.28481,90,0,219,,0,27.7649,27.15551,22.21729
1786419878,27.02411,81.37331,90,0,219,,0,27.73104,27.08778,22.25135
1786419879,27.02411,81.18867,90,0,219,,2,27.79877,27.15551,22.14976
1786419879,27.04013,81.26345,90,0,219,,5,27.73104,26.98638,22.25135
1786419880,27.01076,81.2665,90,0,219,,0,27.7649,27.18938,22.21729
1786419881,27.05348,81.27718,90,0,219,,0,27.7649,27.15551,22.18362
1786419881,27.01076,81.29855,90,0,219,,7,27.79877,27.22325,22.21729
1786419882,26.94133,81.16579,90,0,219,,10,27.79877,27.15551,22.28502
1786419883,26.92798,81.15205,90,0,219,,0,27.79877,27.08778,22.25135
1786419883,27.06684,81.23903,90,0,219,,0,27.79877,27.08778,22.18362
1786419884,27.09621,81.28939,90,0,219,,8,27.79877,27.18938,22.28502
1786419885,27.05348,81.22682,90,0,219,,11,27.79877,27.15551,22.28502
1786419885,27.01076,81.16273,90,0,219,,0,27.7649,27.15551,22.21729
1786419886,27.09621,81.27718,90,0,219,,0,27.79877,27.15551,22.28502
1786419887,27.06684,81.37637,90,0,219,,0,27.7649,27.18938,22.25135
1786419887,27.13893,81.21767,90,0,219,,12,27.7649,27.08778,22.21729
1786419888,26.99741,81.25277,90,0,219,,0,27.7649,27.18938,22.21729
1786419889,26.95468,81.22072,90,0,219,,0,27.7649,27.25711,22.28502
1786419889,26.99741,81.20241,90,0,219,,0,27.79877,27.15551,22.31888
1786419890,26.96803,81.13985,90,0,219,,10,27.79877,27.12165,22.21729
1786419891,27.01076,81.21614,90,0,219,,1,27.79877,27.18938,22.31888
1786419891,26.98405,81.22682,90,0,219,,0,27.83244,27.05412,22.21729
1786419892,27.05348,81.1429,90,0,219,,0,27.79877,27.18938,22.25135
1786419893,27.06684,81.24971,90,0,219,,9,27.79877,27.12165,22.28502
1786419893,27.06684,81.28024,90,0,219,,8,27.7649,27.08778,22.25135
1786419894,26.96803,81.27566,90,0,220,,0,27.7649,27.08778,22.21729
1786419895,27.04013,81.33669,90,0,219,,0,27.79877,27.15551,22.25135
1786419896,26.98405,81.26803,90,0,219,,0,27.7649,27.15551,22.14976
1786419896,26.99741,81.21156,90,0,219,,9,27.7649,27.15551,22.28502
1786419897,26.99741,81.24055,90,0,219,,0,27.73104,27.15551,22.21729
1786419898,27.04013,81.21309,90,0,219,,0,27.73104,27.15551,22.21729
1786419898,27.05348,81.21614,90,0,219,,1,27.79877,27.15551,22.18362
1786419899,27.06684,81.20851,90,0,219,,9,27.7649,27.15551,22.21729
1786419900,26.98405,81.29092,90,0,219,,0,27.7649,27.18938,22.18362
1786419900,26.95468,81.1902,90,0,219,,0,27.7649,27.08778,22.25135
1786419901,27.08286,81.149,90,0,219,,0,27.83244,27.18938,22.31888
1786419902,26.98405,81.14442,90,0,219,,11,27.7649,27.18938,22.18362
1786419902,26.98405,81.21767,90,0,219,,0,27.7649,27.18938,22.21729
1786419903,27.01076,81.2253,90,0,219,,0,27.7649,27.15551,22.31888
1786419904,27.10956,81.26192,90,0,219,,0,27.79877,27.22325,22.25135
1786419904,27.06684,81.22072,90,0,220,,0,27.83244,27.05412,22.31888
1786419905,27.04013,81.27261,90,0,219,,0,27.79877,27.15551,22.21729
1786419906,26.94133,81.20699,90,0,219,,0,27.7649,27.12165,22.28502
1786419906,27.01076,81.1841,90,0,219,,0,27.79877,27.02005,22.28502
1786419907,26.98405,81.21767,90,0,219,,19,27.79877,27.08778,22.28502
1786419908,27.04013,81.16121,90,0,219,,0,27.73104,27.12165,22.28502
1786419908,27.01076,81.29855,90,0,219,,0,27.79877,27.12165,22.18362
1786419909,26.96803,81.27566,90,0,219,,10,27.7649,27.18938,22.21729
1786419910,26.94133,81.28939,90,0,219,,18,27.79877,27.15551,22.18362
1786419910,26.96803,81.20393,90,0,219,,0,27.73104,27.18938,22.31888
1786419911,27.02411,81.25887,90,0,219,,0,27.7649,27.15551,22.28502
1786419912,27.06684,81.22987,90,0,219,,6,27.79877,27.12165,22.28502
1786419913,26.96803,81.22224,90,0,219,,2,27.79877,27.08778,22.28502
1786419913,26.95468,81.17036,90,0,219,,0,27.7649,27.12165,22.21729
1786419914,27.02411,81.15663,90,0,219,,0,27.83244,27.15551,22.21729
1786419915,27.01076,81.31838,90,0,220,,0,27.7649,27.18938,22.18362
1786419915,27.05348,81.08034,90,0,219,,0,27.7649,27.08778,22.28502
1786419916,26.99741,81.149,90,0,219,,0,27.7649,27.18938,22.21729
1786419917,27.02411,81.23903,90,0,219,,0,27.7649,27.08778,22.25135
1786419917,27.10956,81.20851,90,0,219,,1,27.83244,27.15551,22.28502
1786419918,27.02411,81.23903,90,0,219,,1,27.73104,27.12165,22.21729
1786419919,27.10956,81.24971,90,0,219,,0,27.79877,27.02005,22.21729
1786419919,27.01076,81.2543,90,0,219,,0,27.7649,27.12165,22.25135
1786419920,27.04013,81.22224,90,0,219,,11,27.73104,27.18938,22.28502
1786419921,26.99741,81.27261,90,0,219,,6,27.7649,27.12165,22.21729
1786419921,27.06684,81.25887,90,0,219,,0,27.73104,27.08778,22.14976
1786419922,27.08286,81.19325,90,0,219,,0,27.79877,27.15551,22.25135
1786419923,27.04013,81.36874,90,0,219,,12,27.7649,27.08778,22.21729
1786419923,27.02411,81.28024,90,0,219,,7,27.7649,27.12165,22.18362
1786419924,27.04013,81.22224,90,0,219,,0,27.7649,27.15551,22.21729
1786419925,27.02411,81.18867,90,0,219,,0,27.73104,27.18938,22.25135
1786419925,26.95468,81.30312,90,0,219,,3,27.7649,27.18938,22.21729
1786419926,27.02411,81.24818,90,0,219,,6,27.79877,27.18938,22.28502
1786419927,27.02411,81.22682,90,0,219,,0,27.7649,27.12165,22.28502
1786419927,27.02411,81.19783,90,0,219,,0,27.79877,27.12165,22.25135
1786419928,27.05348,81.25735,90,0,219,,12,27.7649,27.22325,22.25135
1786419929,27.09621,81.19478,90,0,219,,22,27.7649,27.12165,22.25135
1786419929,27.08286,81.36874,90,0,219,,0,27.7649,27.15551,22.21729
1786419930,26.99741,81.21156,90,0,219,,0,27.83244,27.12165,22.18362
1786419931,27.06684,81.22072,90,0,219,,11,27.7649,27.15551,22.28502
1786419932,26.98405,81.25887,90,0,219,,20,27.79877,27.08778,22.25135
1786419932,27.02411,81.23903,90,0,219,,0,27.7649,27.18938,22.25135
1786419933,27.08286,81.24361,90,0,219,,0,27.79877,27.05412,22.18362
1786419934,27.02411,81.25887,90,0,219,,13,27.7649,27.12165,22.21729
1786419934,26.94133,81.21614,90,0,220,,0,27.7649,27.12165,22.21729
1786419935,27.05348,81.29855,90,0,219,,0,27.79877,27.08778,22.28502
1786419936,27.05348,81.22682,90,0,219,,0,27.79877,27.15551,22.28502
1786419936,26.94133,81.21614,90,0,219,,1,27.7649,27.15551,22.25135
1786419937,27.05348,81.17494,90,0,219,,15,27.7649,27.08778,22.25135
1786419938,27.02411,81.24818,90,0,219,,0,27.79877,27.18938,22.25135
1786419938,27.01076,81.2665,90,0,219,,0,27.79877,27.08778,22.28502
1786419939,27.06684,81.31228,90,0,219,,12,27.79877,27.08778,22.25135
1786419940,27.04013,81.20241,90,0,219,,7,27.83244,27.08778,22.18362
1786419940,27.02411,81.18867,90,0,219,,0,27.7649,27.18938,22.25135
1786419941,26.99741,81.27261,90,0,219,,0,27.79877,27.18938,22.28502
1786419942,27.02411,81.28024,90,0,219,,10,27.7649,27.12165,22.25135
1786419942,27.04013,81.30465,90,0,219,,0,27.83244,27.08778,22.28502
1786419943,27.01076,81.2543,90,0,219,,0,27.7649,27.05412,22.25135
1786419944,26.98405,81.15663,90,0,219,,0,27.7649,27.18938,22.28502
1786419944,26.99741,81.21156,90,0,220,,1,27.83244,27.12165,22.18362
1786419945,26.92798,81.19325,90,0,219,,0,27.7649,27.15551,22.18362
1786419946,26.99741,81.32601,90,0,219,,0,27.7649,27.08778,22.21729
1786419946,27.08286,81.27566,90,0,219,,0,27.83244,27.18938,22.25135
1786419947,27.05348,81.31838,90,0,219,,19,27.83244,27.15551,22.21729
1786419948,27.06684,81.31228,90,0,219,,0,27.7649,27.12165,22.25135
1786419948,27.02411,81.30007,90,0,219,,0,27.7649,27.12165,22.28502
1786419949,27.01076,81.23445,90,0,219,,6,27.83244,27.08778,22.21729
1786419950,26.99741,81.35806,90,0,219,,16,27.79877,27.05412,22.28502
1786419951,26.99741,81.30465,90,0,219,,0,27.79877,27.08778,22.25135
1786419951,26.95468,81.22987,90,0,219,,0,27.79877,27.18938,22.28502
1786419952,26.99741,81.21156,90,0,219,,10,27.7649,27.15551,22.28502
1786419953,27.01076,81.27718,90,0,219,,5,27.83244,27.18938,22.25135
1786419953,26.98405,81.16579,90,0,219,,0,27.79877,27.12165,22.28502
1786419954,27.01076,81.23445,90,0,219,,0,27.7649,27.08778,22.21729
1786419955,26.98405,81.17647,90,0,220,,0,27.79877,27.15551,22.25135
1786419955,27.01076,81.1429,90,0,219,,0,27.83244,27.18938,22.21729
1786419956,27.02411,81.30007,90,0,219,,0,27.79877,27.18938,22.28502
1786419957,26.96803,81.21309,90,0,219,,0,27.79877,27.15551,22.25135
1786419957,27.04013,81.20241,90,0,219,,13,27.79877,27.18938,22.25135
1786419958,27.08286,81.18105,90,0,219,,0,27.79877,27.08778,22.25135
1786419959,26.98405,81.16579,90,0,219,,0,27.7649,27.15551,22.25135
1786419959,27.02411,81.12459,90,0,219,,5,27.79877,27.18938,22.25135
1786419960,26.86923,81.16731,90,0,219,,11,27.7649,27.15551,22.25135
1786419961,26.95468,81.13832,90,0,219,,0,27.79877,27.15551,22.25135
1786419961,26.98405,81.19783,90,0,219,,0,27.79877,27.12165,22.21729
1786419962,26.95468,81.15816,90,0,219,,12,27.7649,27.12165,22.28502
1786419963,27.05348,81.11086,90,0,219,,0,27.83244,27.05412,22.21729
1786419963,27.10956,81.24971,90,0,219,,0,27.79877,27.12165,22.21729
1786419964,27.05348,81.29855,90,0,219,,0,27.79877,27.18938,22.31888
1786419965,27.06684,81.15663,90,0,220,,0,27.83244,27.12165,22.21729
1786419965,26.95468,81.22072,90,0,219,,0,27.79877,27.22325,22.18362
1786419966,27.05348,81.15358,90,0,219,,0,27.83244,27.12165,22.18362
1786419967,27.05348,81.27718,90,0,219,,0,27.79877,27.12165,22.21729
1786419967,27.01076,81.23445,90,0,219,,11,27.79877,27.18938,22.25135
1786419968,27.01076,81.15205,90,0,219,,0,27.7649,27.12165,22.31888
1786419969,27.02411,81.34432,90,0,219,,0,27.79877,27.15551,22.35275
1786419970,27.08286,81.25277,90,0,219,,19,27.7649,27.18938,22.14976
1786419970,26.98405,81.29092,90,0,219,,0,27.83244,27.15551,22.31888
1786419971,26.91195,81.12611,90,0,219,,0,27.7649,27.08778,22.28502
1786419972,27.10956,81.19936,90,0,219,,0,27.83244,27.18938,22.14976
1786419972,26.99741,81.12917,90,0,219,,15,27.7649,27.12165,22.28502
1786419973,27.04013,81.16121,90,0,219,,0,27.7649,27.15551,22.21729
1786419974,26.96803,81.3077,90,0,219,,0,27.79877,27.12165,22.25135
1786419974,27.02411,81.16579,90,0,219,,2,27.79877,27.08778,22.25135
1786419975,27.09621,81.25735,90,0,219,,2,27.7649,27.08778,22.18362
1786419976,27.01076,81.2543,90,0,219,,0,27.7649,27.08778,22.25135
1786419976,27.05348,81.27718,90,0,219,,0,27.73104,27.08778,22.25135
1786419977,27.06684,81.20851,90,0,219,,8,27.7649,27.05412,22.25135
1786419978,26.99741,81.29397,90,0,219,,0,27.79877,27.22325,22.25135
1786419978,27.02411,81.21767,90,0,219,,0,27.8665,27.12165,22.31888
1786419979,26.98405,81.16579,90,0,219,,0,27.7649,27.18938,22.25135
1786419980,26.98405,81.18867,90,0,219,,22,27.79877,27.18938,22.25135
1786419980,27.09621,81.21614,90,0,219,,0,27.73104,27.12165,22.25135
1786419981,27.09621,81.19478,90,0,219,,0,27.79877,27.05412,22.25135
1786419982,27.05348,81.1841,90,0,219,,4,27.79877,27.18938,22.25135
1786419982,26.94133,81.20699,90,0,219,,12,27.79877,27.15551,22.28502
1786419983,27.05348,81.11086,90,0,219,,0,27.79877,27.18938,22.21729
1786419984,27.01076,81.17189,90,0,219,,0,27.79877,27.18938,22.21729
1786419984,26.99741,81.1902,90,0,220,,0,27.83244,27.15551,22.14976
1786419985,27.02411,81.18867,90,0,219,,1,27.7649,27.18938,22.25135
1786419986,26.99741,81.26192,90,0,219,,0,27.73104,27.15551,22.28502
1786419986,26.98405,81.20851,90,0,219,,0,27.83244,27.12165,22.25135
1786419987,26.8986,81.16579,90,0,219,,1,27.7649,27.15551,22.21729
1786419988,26.95468,81.28176,90,0,219,,0,27.79877,27.08778,22.21729
1786419989,27.06684,81.09407,90,0,219,,0,27.79877,27.05412,22.21729
1786419989,27.08286,81.149,90,0,219,,0,27.79877,27.12165,22.31888
1786419990,26.98405,81.21767,90,0,219,,5,27.79877,27.12165,22.25135
1786419991,26.96803,81.16273,90,0,219,,0,27.79877,27.15551,22.25135
1786419991,26.99741,81.15816,90,0,219,,0,27.79877,27.12165,22.21729
1786419992,26.96803,81.23445,90,0,219,,0,27.7649,27.12165,22.21729
1786419993,27.04013,81.30465,90,0,219,,20,27.69717,27.12165,22.25135
1786419993,26.98405,81.16579,90,0,219,,0,27.7649,27.18938,22.25135
1786419994,26.99741,81.0666,90,0,220,,0,27.79877,27.15551,22.31888
1786419995,27.01076,81.20393,90,0,219,,0,27.7649,27.15551,22.18362
1786419995,26.99741,81.29397,90,0,219,,13,27.7649,27.15551,22.25135
1786419996,27.02411,81.15663,90,0,219,,1,27.79877,27.12165,22.25135
1786419997,27.01076,81.17189,90,0,219,,0,27.7649,27.12165,22.28502
1786419997,26.99741,81.25277,90,0,219,,2,27.79877,27.08778,22.25135
1786419998,27.04013,81.20241,90,0,219,,13,27.79877,27.18938,22.25135
1786419999,26.95468,81.20851,90,0,219,,0,27.79877,27.15551,22.21729
1786419999,27.05348,81.21614,90,0,219,,0,27.7649,27.12165,22.18362
1786420000,26.99741,81.29397,90,0,219,,5,27.83244,27.12165,22.25135
1786420001,27.04013,81.20241,90,0,219,,9,27.7649,27.12165,22.31888
1786420001,27.10956,81.24971,90,0,219,,0,27.79877,27.12165,22.25135
1786420002,27.04013,81.16121,90,0,219,,0,27.79877,27.18938,22.31888
1786420003,27.05348,81.21614,90,0,219,,12,27.79877,27.25711,22.18362
1786420003,26.95468,81.30312,90,0,219,,0,27.79877,27.15551,22.28502
1786420004,27.08286,81.24361,90,0,220,,0,27.7649,27.12165,22.28502
1786420005,27.01076,81.17189,90,0,219,,0,27.7649,27.15551,22.21729
1786420006,27.04013,81.13985,90,0,219,,5,27.83244,27.18938,22.25135
1786420006,26.94133,81.19783,90,0,219,,0,27.7649,27.18938,22.28502
1786420007,27.01076,81.21614,90,0,219,,0,27.7649,27.12165,22.21729
1786420008,26.94133,81.14442,90,0,219,,3,27.79877,27.08778,22.28502
1786420008,27.02411,81.20851,90,0,219,,15,27.79877,27.15551,22.21729
1786420009,27.01076,81.17189,90,0,219,,0,27.7649,27.08778,22.25135
1786420010,27.05348,81.08034,90,0,219,,0,27.7649,27.12165,22.25135
1786420010,27.05348,81.15358,90,0,219,,16,27.7649,27.15551,22.25135
1786420011,26.96803,81.24361,90,0,219,,13,27.7649,27.15551,22.18362
1786420012,26.86923,80.99184,90,0,219,,0,27.73104,27.15551,22.21729
1786420012,27.01076,81.2253,90,0,219,,0,27.79877,27.12165,22.21729
1786420013,27.01076,81.17189,90,0,219,,12,27.83244,27.08778,22.21729
1786420014,27.01076,81.09865,90,0,219,,3,27.79877,27.08778,22.28502
1786420014,27.04013,81.21309,90,0,220,,0,27.79877,27.15551,22.25135
1786420015,27.04013,81.26345,90,0,219,,0,27.7649,27.15551,22.25135
1786420016,27.01076,81.21614,90,0,219,,7,27.7649,27.15551,22.21729
1786420016,27.01076,81.23445,90,0,219,,0,27.7649,27.18938,22.21729
1786420017,27.02411,81.13527,90,0,220,,0,27.7649,27.15551,22.21729
1786420018,26.98405,81.23903,90,0,219,,0,27.79877,27.08778,22.25135
1786420018,27.01076,81.13069,90,0,219,,13,27.73104,27.12165,22.18362
1786420019,27.06684,81.16731,90,0,219,,0,27.79877,27.12165,22.28502
1786420020,26.98405,81.24818,90,0,219,,0,27.7649,27.15551,22.21729
1786420020,26.98405,81.14442,90,0,219,,0,27.7649,27.08778,22.28502
1786420021,27.04013,81.32601,90,0,219,,15,27.7649,27.12165,22.21729
1786420022,26.99741,81.37637,90,0,219,,0,27.79877,27.22325,22.25135
1786420022,27.05348,81.27718,90,0,219,,0,27.7649,27.05412,22.25135
1786420023,27.04013,81.26345,90,0,219,,0,27.83244,27.18938,22.25135
1786420024,26.98405,81.12459,90,0,219,,9,27.79877,27.05412,22.28502
1786420025,26.99741,81.1902,90,0,220,,0,27.73104,27.12165,22.21729
1786420025,26.96803,81.1841,90,0,219,,0,27.7649,27.15551,22.18362
1786420026,27.08286,81.17189,90,0,219,,0,27.83244,27.18938,22.21729
1786420027,27.04013,81.18105,90,0,219,,4,27.79877,27.15551,22.21729
1786420027,26.96803,81.22224,90,0,219,,0,27.7649,27.18938,22.21729
1786420028,26.95468,81.22072,90,0,219,,0,27.79877,27.15551,22.28502
1786420029,27.09621,81.17494,90,0,219,,1,27.83244,27.18938,22.25135
1786420029,27.09621,81.24513,90,0,219,,16,27.7649,27.15551,22.18362
1786420030,27.02411,81.21767,90,0,219,,0,27.7649,27.08778,22.25135
1786420031,27.08286,81.28481,90,0,219,,0,27.79877,27.05412,22.25135
1786420031,26.95468,81.14748,90,0,219,,7,27.79877,27.15551,22.25135
1786420032,27.05348,81.25735,90,0,219,,15,27.79877,27.15551,22.25135
1786420033,27.02411,81.31228,90,0,219,,0,27.79877,27.15551,22.21729
1786420033,26.98405,81.19783,90,0,219,,0,27.79877,27.15551,22.21729
1786420034,26.99741,81.13832,90,0,219,,8,27.8665,27.12165,22.28502
1786420035,26.98405,81.24818,90,0,219,,6,27.73104,27.08778,22.25135
1786420035,26.98405,81.21767,90,0,219,,0,27.7649,27.15551,22.25135
1786420036,27.08286,81.31686,90,0,219,,0,27.7649,27.15551,22.25135
1786420037,27.01076,81.37179,90,0,219,,6,27.79877,27.22325,22.21729
1786420037,26.96803,81.2543,90,0,219,,1,27.7649,27.18938,22.28502
1786420038,27.05348,81.22682,90,0,219,,0,27.83244,27.18938,22.25135
1786420039,27.06684,81.10323,90,0,219,,0,27.79877,27.12165,22.18362
1786420039,27.02411,81.19783,90,0,219,,12,27.7649,27.15551,22.21729
1786420040,26.98405,81.16579,90,0,219,,0,27.79877,27.12165,22.21729
1786420041,26.99741,81.21156,90,0,219,,0,27.79877,27.12165,22.21729
1786420041,27.02411,81.30007,90,0,219,,0,27.79877,27.15551,22.21729
1786420042,26.95468,81.22072,90,0,219,,16,27.7649,27.18938,22.28502
1786420043,27.02411,81.25887,90,0,219,,0,27.79877,27.08778,22.28502
1786420043,27.04013,81.25277,90,0,219,,0,27.79877,27.12165,22.28502
1786420044,26.99741,81.2314,90,0,220,,0,27.83244,27.12165,22.21729
1786420045,26.95468,81.15816,90,0,219,,6,27.73104,27.15551,22.25135
1786420046,26.98405,81.22682,90,0,219,,0,27.7649,27.15551,22.21729
1786420046,27.01076,81.2253,90,0,219,,0,27.73104,27.18938,22.21729
1786420047,26.98405,81.16579,90,0,219,,0,27.83244,27.18938,22.31888
1786420048,27.05348,81.1429,90,0,219,,13,27.79877,27.18938,22.21729
1786420048,26.94133,81.25887,90,0,219,,0,27.79877,27.12165,22.21729
1786420049,26.92798,81.15205,90,0,219,,0,27.79877,27.15551,22.25135
1786420050,27.08286,81.16121,90,0,219,,14,27.7649,27.22325,22.28502
1786420050,26.95468,81.12611,90,0,219,,12,27.7649,27.18938,22.28502
1786420051,27.12291,81.12001,90,0,219,,0,27.79877,27.15551,22.25135
1786420052,27.04013,81.31686,90,0,219,,0,27.79877,27.12165,22.21729
1786420052,27.02411,81.15663,90,0,219,,5,27.79877,27.12165,22.31888
1786420053,27.05348,81.1841,90,0,219,,15,27.79877,27.18938,22.25135
1786420054,27.08286,81.149,90,0,219,,0,27.7649,27.08778,22.21729
1786420054,27.01076,81.20393,90,0,220,,0,27.7649,27.15551,22.25135
1786420055,27.08286,81.26345,90,0,219,,4,27.7649,27.12165,22.28502
1786420056,27.04013,81.20241,90,0,219,,5,27.7649,27.15551,22.25135
1786420056,26.96803,81.17189,90,0,219,,0,27.73104,27.22325,22.28502
1786420057,27.08286,81.17189,90,0,219,,0,27.83244,27.18938,22.18362
1786420058,27.02411,81.25887,90,0,219,,12,27.73104,27.08778,22.25135
1786420058,26.99741,81.13832,90,0,219,,5,27.73104,27.15551,22.25135
1786420059,27.05348,81.11086,90,0,219,,0,27.7649,27.18938,22.25135
1786420060,27.04013,81.12917,90,0,219,,0,27.83244,27.15551,22.28502
1786420060,26.99741,81.22072,90,0,219,,11,27.79877,27.22325,22.21729
1786420061,27.01076,81.08949,90,0,219,,1,27.7649,27.08778,22.28502
1786420062,27.06684,81.25887,90,0,219,,0,27.79877,27.18938,22.28502
1786420062,27.05348,81.30923,90,0,219,,0,27.7649,27.12165,22.28502
1786420063,27.02411,81.28024,90,0,219,,6,27.7649,27.18938,22.21729
1786420064,27.05348,81.2665,90,0,219,,0,27.79877,27.12165,22.21729
1786420065,27.06684,81.18867,90,0,219,,0,27.7649,27.12165,22.18362
1786420065,26.96803,81.17189,90,0,219,,0,27.79877,27.15551,22.25135
1786420066,26.98405,81.11238,90,0,219,,4,27.7649,27.18938,22.21729
1786420067,27.05348,81.28634,90,0,219,,0,27.79877,27.12165,22.21729
1786420067,27.01076,81.12154,90,0,219,,0,27.7649,27.22325,22.31888
1786420068,27.02411,81.17647,90,0,219,,0,27.7649,27.12165,22.25135
1786420069,26.96803,81.19325,90,0,219,,15,27.79877,27.15551,22.28502
1786420069,27.01076,81.16273,90,0,219,,0,27.7649,27.08778,22.31888
1786420070,27.09621,81.22682,90,0,219,,0,27.7649,27.12165,22.18362
1786420071,27.04013,81.17036,90,0,219,,0,27.7649,27.15551,22.25135
1786420071,26.95468,81.19936,90,0,219,,15,27.7649,27.12165,22.25135
1786420072,27.06684,81.14748,90,0,219,,0,27.79877,27.12165,22.25135
1786420073,26.94133,81.20699,90,0,219,,0,27.79877,27.12165,22.21729
1786420073,26.99741,81.1902,90,0,219,,0,27.7649,27.22325,22.25135
1786420074,27.02411,81.15663,90,0,219,,4,27.79877,27.12165,22.18362
1786420075,27.01076,81.24513,90,0,219,,0,27.83244,27.08778,22.28502
1786420075,27.12291,81.16121,90,0,219,,0,27.79877,27.12165,22.25135
1786420076,27.08286,81.09712,90,0,219,,0,27.83244,27.15551,22.25135
1786420077,27.06684,81.18867,90,0,219,,18,27.73104,27.08778,22.28502
1786420077,26.96803,81.20393,90,0,219,,0,27.7649,27.15551,22.25135
1786420078,27.09621,81.11238,90,0,219,,0,27.73104,27.15551,22.25135
1786420079,26.98405,81.23903,90,0,219,,0,27.79877,27.18938,22.18362
1786420079,26.99741,81.2314,90,0,219,,11,27.79877,27.15551,22.25135
1786420080,27.05348,81.17494,90,0,219,,0,27.79877,27.12165,22.28502
1786420081,26.99741,81.30465,90,0,219,,0,27.83244,27.12165,22.31888
1786420081,26.98405,81.28024,90,0,219,,0,27.79877,27.15551,22.18362
1786420082,27.04013,81.2314,90,0,219,,9,27.7649,27.15551,22.21729
1786420083,26.92798,81.02846,90,0,219,,0,27.79877,27.12165,22.21729
1786420084,26.98405,81.28024,90,0,219,,0,27.83244,27.12165,22.21729
1786420084,26.96803,81.17189,90,0,220,,0,27.7649,27.22325,22.18362
1786420085,27.02411,81.22682,90,0,219,,13,27.79877,27.15551,22.18362
1786420086,27.05348,81.30923,90,0,219,,0,27.7649,27.12165,22.21729
1786420086,27.01076,81.17189,90,0,219,,0,27.79877,27.15551,22.18362
1786420087,27.04013,81.17036,90,0,219,,5,27.79877,27.08778,22.25135
1786420088,27.04013,81.12917,90,0,219,,9,27.7649,27.12165,22.21729
1786420088,27.05348,81.08034,90,0,219,,0,27.79877,27.12165,22.18362
1786420089,27.05348,81.20699,90,0,219,,0,27.79877,27.08778,22.21729
1786420090,26.94133,81.24818,90,0,219,,4,27.79877,27.15551,22.28502
1786420090,27.04013,80.99336,90,0,219,,0,27.7649,27.15551,22.28502
1786420091,26.96803,81.13985,90,0,219,,0,27.7649,27.18938,22.28502
1786420092,27.05348,81.16273,90,0,219,,0,27.73104,27.12165,22.28502
1786420092,27.04013,81.26345,90,0,219,,5,27.79877,27.18938,22.25135
1786420093,27.01076,81.17189,90,0,219,,0,27.7649,27.15551,22.25135
1786420094,27.01076,81.15205,90,0,219,,0,27.79877,27.18938,22.21729
1786420094,27.01076,81.1429,90,0,220,,0,27.79877,27.12165,22.18362
1786420095,27.04013,81.21309,90,0,219,,9,27.79877,27.12165,22.21729
1786420096,27.05348,81.15358,90,0,219,,0,27.79877,27.12165,22.21729
1786420096,27.01076,81.33974,90,0,219,,0,27.7649,27.15551,22.35275
1786420097,27.08286,81.13985,90,0,219,,0,27.7649,27.18938,22.25135
1786420098,27.05348,81.1017,90,0,219,,14,27.8665,27.15551,22.18362
1786420098,26.95468,81.20851,90,0,219,,0,27.83244,27.08778,22.31888
1786420099,26.99741,81.08492,90,0,219,,0,27.7649,27.25711,22.21729
1786420100,27.02411,81.25887,90,0,219,,5,27.83244,27.15551,22.21729
1786420100,26.96803,81.16273,90,0,219,,14,27.79877,27.15551,22.21729
1786420101,26.98405,81.18867,90,0,219,,0,27.79877,27.05412,22.28502
1786420102,26.94133,81.12459,90,0,219,,0,27.7649,27.12165,22.28502
1786420103,27.06684,81.19936,90,0,219,,10,27.79877,27.15551,22.28502
1786420103,27.01076,81.21614,90,0,219,,7,27.79877,27.05412,22.25135
1786420104,27.02411,81.19783,90,0,219,,0,27.73104,27.22325,22.25135
1786420105,26.96803,81.13985,90,0,219,,0,27.79877,27.15551,22.25135
1786420105,26.96803,81.11086,90,0,219,,2,27.79877,27.08778,22.28502
1786420106,27.01076,81.11086,90,0,219,,7,27.7649,27.18938,22.28502
1786420107,26.99741,81.17036,90,0,219,,0,27.73104,27.12165,22.21729
1786420107,27.05348,81.21614,90,0,219,,0,27.79877,27.12165,22.21729
1786420108,27.01076,81.21614,90,0,219,,11,27.7649,27.18938,22.28502
1786420109,27.08286,81.16121,90,0,219,,0,27.7649,27.18938,22.18362
1786420109,26.95468,81.26192,90,0,219,,0,27.79877,27.08778,22.21729
1786420110,27.01076,81.20393,90,0,219,,0,27.7649,27.18938,22.18362
1786420111,27.01076,81.13069,90,0,219,,14,27.79877,27.15551,22.28502
1786420111,27.08286,81.39925,90,0,219,,0,27.79877,27.22325,22.28502
1786420112,27.05348,81.19478,90,0,219,,0,27.79877,27.15551,22.25135
1786420113,27.06684,81.23903,90,0,219,,0,27.73104,27.18938,22.21729
1786420113,26.96803,81.23445,90,0,219,,12,27.79877,27.12165,22.25135
1786420114,27.04013,81.20241,90,0,219,,0,27.83244,27.15551,22.28502
1786420115,26.99741,81.27261,90,0,219,,0,27.79877,27.08778,22.31888
1786420115,26.96803,81.28634,90,0,219,,0,27.7649,27.08778,22.11589
1786420116,27.02411,81.35348,90,0,219,,5,27.83244,27.22325,22.21729
1786420117,27.02411,81.27108,90,0,219,,0,27.7649,27.18938,22.28502
1786420117,27.05348,81.1841,90,0,219,,0,27.79877,27.15551,22.21729
1786420118,27.10956,81.27108,90,0,219,,0,27.83244,27.12165,22.28502
1786420119,27.02411,81.28024,90,0,219,,11,27.83244,27.15551,22.18362
1786420119,27.04013,81.1902,90,0,219,,0,27.79877,27.15551,22.31888
1786420120,26.91195,81.27108,90,0,219,,0,27.79877,27.18938,22.21729
1786420121,27.06684,81.15663,90,0,219,,0,27.7649,27.12165,22.28502
1786420122,27.09621,81.27718,90,0,219,,10,27.7649,27.22325,22.31888
1786420122,26.95468,81.27261,90,0,219,,0,27.79877,27.12165,22.21729
1786420123,27.12291,81.27566,90,0,219,,0,27.7649,27.12165,22.31888
1786420124,26.98405,81.25887,90,0,219,,0,27.79877,27.15551,22.25135
1786420124,27.08286,81.32754,90,0,220,,1,27.79877,27.15551,22.28502
1786420125,26.98405,81.38247,90,0,219,,0,27.7649,27.15551,22.25135
1786420126,26.99741,81.35806,90,0,219,,0,27.79877,27.08778,22.25135
1786420126,26.96803,81.40993,90,0,219,,7,27.83244,27.12165,22.18362
1786420127,26.95468,81.30312,90,0,219,,0,27.79877,27.22325,22.25135
1786420128,26.92798,81.13069,90,0,219,,0,27.7649,27.15551,22.21729
1786420128,27.01076,81.40078,90,0,219,,0,27.83244,27.08778,22.25135
1786420129,27.12291,81.35806,90,0,219,,3,27.7649,27.12165,22.28502
1786420130,26.95468,81.4374,90,0,219,,5,27.79877,27.08778,22.21729
1786420130,27.02411,81.40383,90,0,219,,0,27.79877,27.12165,22.25135
1786420131,27.04013,81.34585,90,0,219,,0,27.7649,27.08778,22.25135
1786420132,26.96803,81.3077,90,0,219,,9,27.7649,27.15551,22.28502
1786420132,27.02411,81.35348,90,0,219,,0,27.7649,27.12165,22.18362
1786420133,26.99741,81.37637,90,0,219,,0,27.79877,27.12165,22.21729
1786420134,27.08286,81.24361,90,0,219,,0,27.79877,27.18938,22.21729
1786420134,27.04013,81.32601,90,0,220,,0,27.7649,27.05412,22.31888
1786420135,27.01076,81.40993,90,0,219,,0,27.83244,27.15551,22.18362
1786420136,27.04013,81.39925,90,0,219,,0,27.79877,27.15551,22.28502
1786420136,27.05348,81.40078,90,0,219,,0,27.79877,27.18938,22.28502
1786420137,27.13893,81.47707,90,0,219,,14,27.79877,27.05412,22.25135
1786420138,27.06684,81.30312,90,0,219,,0,27.73104,27.15551,22.25135
1786420138,26.94133,81.36263,90,0,219,,0,27.7649,27.08778,22.21729
1786420139,26.98405,81.38247,90,0,219,,2,27.83244,27.15551,22.25135
1786420140,27.01076,81.33974,90,0,219,,19,27.7649,27.18938,22.21729
1786420141,27.04013,81.45113,90,0,219,,0,27.7649,27.05412,22.25135
1786420141,27.05348,81.42214,90,0,219,,0,27.83244,27.15551,22.25135
1786420142,27.08286,81.41909,90,0,219,,8,27.79877,27.12165,22.21729
1786420143,27.02411,81.42672,90,0,219,,15,27.79877,27.18938,22.14976
1786420143,26.99741,81.3962,90,0,219,,0,27.79877,27.18938,22.25135
1786420144,27.02411,81.40383,90,0,219,,0,27.79877,27.12165,22.25135
1786420145,26.98405,81.35348,90,0,220,,0,27.79877,27.15551,22.18362
1786420145,26.96803,81.47402,90,0,219,,6,27.79877,27.18938,22.25135
1786420146,27.01076,81.29855,90,0,219,,0,27.79877,27.15551,22.31888
1786420147,27.02411,81.35348,90,0,219,,0,27.7649,27.18938,22.31888
1786420147,27.05348,81.2665,90,0,219,,9,27.7649,27.12165,22.28502
1786420148,26.98405,81.47707,90,0,219,,0,27.7649,27.15551,22.25135
1786420149,27.04013,81.35806,90,0,219,,0,27.73104,27.08778,22.28502
1786420149,26.96803,81.39925,90,0,219,,0,27.7649,27.12165,22.21729
1786420150,27.02411,81.31228,90,0,219,,21,27.73104,27.08778,22.25135
1786420151,27.01076,81.3901,90,0,219,,0,27.79877,27.12165,22.21729
1786420151,27.02411,81.27108,90,0,219,,0,27.7649,27.08778,22.25135
1786420152,27.02411,81.35348,90,0,219,,3,27.7649,27.08778,22.21729
1786420153,27.02411,81.23903,90,0,219,,17,27.79877,27.08778,22.28502
1786420153,27.06684,81.37637,90,0,219,,0,27.79877,27.15551,22.28502
1786420154,27.02411,81.29092,90,0,219,,0,27.79877,27.12165,22.25135
1786420155,27.04013,81.32601,90,0,219,,0,27.73104,27.12165,22.31888
1786420155,27.13893,81.41299,90,0,219,,9,27.79877,27.05412,22.18362
1786420156,26.98405,81.29092,90,0,219,,0,27.7649,27.08778,22.21729
1786420157,27.04013,81.38705,90,0,219,,0,27.7649,27.12165,22.28502
1786420157,27.05348,81.11086,90,0,219,,7,27.79877,27.15551,22.25135
1786420158,27.02411,81.30007,90,0,219,,0,27.7649,27.15551,22.25135
1786420159,27.01076,81.40993,90,0,219,,0,27.7649,27.12165,22.21729
1786420160,26.99741,81.34585,90,0,219,,0,27.79877,27.08778,22.25135
1786420160,26.95468,81.24055,90,0,219,,12,27.7649,27.08778,22.25135
1786420161,27.05348,81.30923,90,0,219,,0,27.73104,27.05412,22.21729
1786420162,27.05348,81.30923,90,0,219,,0,27.79877,27.15551,22.35275
1786420162,27.04013,81.27261,90,0,219,,7,27.7649,27.12165,22.25135
1786420163,26.96803,81.2543,90,0,219,,11,27.83244,27.15551,22.25135
1786420164,26.99741,81.15816,90,0,219,,0,27.83244,27.12165,22.28502
1786420164,27.05348,81.24513,90,0,220,,0,27.79877,27.12165,22.28502
1786420165,27.06684,81.23903,90,0,219,,4,27.79877,27.12165,22.21729
1786420166,26.94133,81.28024,90,0,219,,6,27.7649,27.12165,22.28502
1786420166,27.12291,81.30465,90,0,219,,0,27.79877,27.18938,22.28502
1786420167,27.02411,81.27108,90,0,219,,0,27.7649,27.12165,22.18362
1786420168,26.98405,81.24818,90,0,219,,10,27.79877,27.22325,22.21729
1786420168,27.04013,81.2314,90,0,219,,1,27.79877,27.15551,22.18362
1786420169,26.99741,81.3138,90,0,219,,0,27.7649,27.18938,22.25135
1786420170,27.06684,81.27108,90,0,219,,0,27.69717,27.18938,22.25135
1786420170,26.99741,81.149,90,0,219,,16,27.7649,27.15551,22.28502
1786420171,27.08286,81.27566,90,0,219,,0,27.79877,27.12165,22.21729
1786420172,27.02411,81.11238,90,0,219,,0,27.83244,27.08778,22.31888
1786420172,26.8986,81.19478,90,0,219,,0,27.7649,27.15551,22.21729
1786420173,26.94133,81.18562,90,0,219,,5,27.7649,27.22325,22.25135
1786420174,27.04013,81.31686,90,0,219,,0,27.79877,27.12165,22.21729
1786420174,27.02411,81.28024,90,0,220,,0,27.73104,27.22325,22.21729
1786420175,26.96803,81.22224,90,0,219,,0,27.7649,27.12165,22.28502
1786420176,27.02411,81.23903,90,0,219,,2,27.79877,27.18938,22.18362
1786420176,27.02411,81.22682,90,0,219,,0,27.7649,27.22325,22.31888
1786420177,27.02411,81.27108,90,0,219,,0,27.7649,27.15551,22.28502
1786420178,27.01076,81.2665,90,0,219,,0,27.7649,27.12165,22.31888
1786420179,26.99741,81.21156,90,0,219,,27,27.7649,27.02005,22.14976
1786420179,27.04013,81.28481,90,0,219,,0,27.83244,27.15551,22.25135
1786420180,27.09621,81.28939,90,0,219,,0,27.7649,27.12165,22.25135
1786420181,27.01076,81.1841,90,0,219,,0,27.79877,27.08778,22.25135
1786420181,26.94133,81.16579,90,0,219,,14,27.79877,27.18938,22.18362
1786420182,27.12291,81.24513,90,0,219,,0,27.79877,27.15551,22.28502
1786420183,26.96803,81.1841,90,0,219,,0,27.7649,27.12165,22.28502
1786420183,26.95468,81.15816,90,0,219,,0,27.7649,27.18938,22.28502
1786420184,26.99741,81.27261,90,0,219,,8,27.7649,27.08778,22.28502
1786420185,27.06684,81.25887,90,0,220,,0,27.79877,27.18938,22.21729
1786420185,26.98405,81.16579,90,0,219,,0,27.79877,27.08778,22.25135
1786420186,27.02411,81.25887,90,0,219,,0,27.79877,27.15551,22.25135
1786420187,26.98405,81.35348,90,0,219,,11,27.7649,27.18938,22.28502
1786420187,27.08286,81.25277,90,0,219,,0,27.7649,27.15551,22.18362
1786420188,27.06684,81.19936,90,0,219,,0,27.73104,27.08778,22.18362
1786420189,27.01076,81.28634,90,0,219,,0,27.7649,27.18938,22.21729
1786420189,27.04013,81.17036,90,0,219,,10,27.7649,27.15551,22.25135
1786420190,27.01076,81.19478,90,0,219,,0,27.7649,27.12165,22.25135
1786420191,26.95468,81.07423,90,0,219,,0,27.79877,27.18938,22.28502
1786420191,26.92798,81.24361,90,0,219,,3,27.79877,27.15551,22.21729
1786420192,27.04013,81.22224,90,0,219,,14,27.79877,27.08778,22.31888
1786420193,26.98405,81.28024,90,0,219,,0,27.83244,27.15551,22.21729
1786420193,26.95468,81.20851,90,0,219,,0,27.79877,27.12165,22.25135
1786420194,26.95468,81.11696,90,0,220,,0,27.69717,27.18938,22.31888
1786420195,27.06684,81.27108,90,0,219,,2,27.7649,27.12165,22.28502
1786420196,26.96803,81.21309,90,0,219,,0,27.7649,27.12165,22.21729
1786420196,27.02411,81.23903,90,0,219,,0,27.79877,27.08778,22.21729
1786420197,26.96803,81.19325,90,0,219,,7,27.7649,27.15551,22.21729
1786420198,27.01076,81.1429,90,0,219,,0,27.79877,27.22325,22.21729
1786420198,26.99741,81.27261,90,0,219,,0,27.7649,27.12165,22.21729
1786420199,27.04013,81.30465,90,0,219,,5,27.7649,27.12165,22.25135
1786420200,27.09621,81.17494,90,0,219,,0,27.79877,27.08778,22.25135
1786420200,26.99741,81.34585,90,0,219,,0,27.83244,27.12165,22.21729
1786420201,27.02411,81.22682,90,0,219,,0,27.79877,27.18938,22.21729
1786420202,27.05348,81.16273,90,0,219,,10,27.8665,27.12165,22.21729
1786420202,26.95468,81.14748,90,0,219,,0,27.79877,27.12165,22.28502
1786420203,26.95468,81.27261,90,0,219,,0,27.7649,27.15551,22.21729
1786420204,27.02411,81.39468,90,0,219,,5,27.79877,27.05412,22.31888
1786420204,26.94133,81.23598,90,0,220,,0,27.7649,27.08778,22.31888
1786420205,26.95468,81.22987,90,0,219,,0,27.79877,27.18938,22.21729
1786420206,27.09621,81.16273,90,0,219,,0,27.7649,27.18938,22.25135
1786420206,26.99741,81.26192,90,0,219,,0,27.83244,27.18938,22.28502
1786420207,27.01076,81.1841,90,0,220,,0,27.79877,27.22325,22.18362
1786420208,27.08286,81.29549,90,0,219,,0,27.7649,27.15551,22.28502
1786420208,26.86923,81.10323,90,0,219,,15,27.79877,27.05412,22.28502
1786420209,27.05348,81.28634,90,0,219,,0,27.79877,27.12165,22.28502
1786420210,27.01076,81.37179,90,0,219,,0,27.83244,27.12165,22.25135
1786420210,27.02411,81.22682,90,0,219,,3,27.7649,27.12165,22.25135
1786420211,26.95468,81.22072,90,0,219,,0,27.79877,27.08778,22.21729
1786420212,27.05348,81.33974,90,0,219,,0,27.79877,27.15551,22.25135
1786420212,27.01076,81.40993,90,0,219,,1,27.79877,27.12165,22.25135
1786420213,27.05348,81.24513,90,0,219,,15,27.79877,27.08778,22.25135
1786420214,27.02411,81.23903,90,0,219,,0,27.79877,27.15551,22.25135
1786420215,27.05348,81.33974,90,0,219,,0,27.7649,27.05412,22.28502
1786420215,27.04013,81.41909,90,0,219,,5,27.7649,27.15551,22.18362
1786420216,27.01076,81.3077,90,0,219,,0,27.83244,27.05412,22.28502
1786420217,26.96803,81.16273,90,0,219,,0,27.79877,27.18938,22.28502
1786420217,27.01076,81.17189,90,0,219,,2,27.7649,27.12165,22.21729
1786420218,26.94133,81.40383,90,0,219,,12,27.7649,27.12165,22.21729
1786420219,27.04013,81.28481,90,0,219,,0,27.7649,27.12165,22.25135
1786420219,26.99741,81.25277,90,0,219,,0,27.79877,27.12165,22.28502
1786420220,27.06684,81.31228,90,0,219,,13,27.7649,27.12165,22.21729
1786420221,26.98405,81.19783,90,0,219,,0,27.7649,27.08778,22.21729
1786420221,27.01076,81.38094,90,0,219,,0,27.79877,27.05412,22.21729
1786420222,26.95468,81.32601,90,0,219,,12,27.7649,27.12165,22.31888
1786420223,27.04013,81.37789,90,0,219,,19,27.7649,27.05412,22.25135
1786420223,27.05348,81.39162,90,0,219,,0,27.79877,27.18938,22.18362
1786420224,27.02411,81.42672,90,0,219,,0,27.83244,27.15551,22.21729
1786420225,27.01076,81.23445,90,0,219,,16,27.73104,27.15551,22.31888
1786420225,26.96803,81.46334,90,0,219,,0,27.79877,27.12165,22.21729
1786420226,27.04013,81.22224,90,0,219,,0,27.79877,27.18938,22.28502
1786420227,27.04013,81.41909,90,0,219,,8,27.79877,27.18938,22.18362
1786420227,27.05348,81.42214,90,0,219,,9,27.8665,27.05412,22.18362
1786420228,26.99741,81.25277,90,0,219,,0,27.7649,27.15551,22.25135
1786420229,26.94133,81.24818,90,0,219,,0,27.7649,27.15551,22.28502
1786420229,26.95468,81.17036,90,0,219,,6,27.7649,27.15551,22.28502
1786420230,26.96803,81.20393,90,0,219,,0,27.79877,27.15551,22.28502
1786420231,27.01076,81.32754,90,0,219,,0,27.79877,27.15551,22.21729
1786420231,27.02411,81.22682,90,0,219,,2,27.7649,27.12165,22.31888
1786420232,27.06684,81.32296,90,0,219,,19,27.83244,27.18938,22.21729
1786420233,27.05348,81.23598,90,0,219,,0,27.79877,27.15551,22.18362
1786420234,27.01076,81.2543,90,0,219,,0,27.79877,27.18938,22.28502
1786420234,27.01076,81.29855,90,0,220,,0,27.7649,27.18938,22.31888
1786420235,27.04013,81.24361,90,0,219,,6,27.83244,27.05412,22.18362
1786420236,27.05348,81.29855,90,0,219,,0,27.7649,27.12165,22.28502
1786420236,26.96803,81.22224,90,0,219,,0,27.7649,27.18938,22.18362
1786420237,26.98405,81.35348,90,0,219,,4,27.7649,27.12165,22.21729
1786420238,27.05348,81.19478,90,0,219,,0,27.79877,27.15551,22.18362
1786420238,27.01076,81.35043,90,0,219,,0,27.79877,27.08778,22.18362
1786420239,27.01076,81.29855,90,0,219,,0,27.79877,27.12165,22.28502
1786420240,27.04013,81.26345,90,0,219,,11,27.7649,27.18938,22.21729
1786420240,26.96803,81.22224,90,0,219,,0,27.7649,27.12165,22.25135
1786420241,27.02411,81.29092,90,0,219,,0,27.79877,27.15551,22.25135
1786420242,27.06684,81.24971,90,0,219,,12,27.7649,27.18938,22.21729
1786420242,26.92798,81.27566,90,0,219,,12,27.79877,27.08778,22.21729
1786420243,27.02411,81.14442,90,0,219,,0,27.7649,27.08778,22.21729
1786420244,27.02411,81.20851,90,0,219,,0,27.79877,27.22325,22.28502
1786420244,27.02411,81.21767,90,0,220,,0,27.7649,27.18938,22.21729
1786420245,26.99741,81.10628,90,0,219,,0,27.79877,27.15551,22.25135
1786420246,26.95468,81.17952,90,0,219,,0,27.79877,27.12165,22.18362
1786420246,27.01076,81.31838,90,0,219,,1,27.7649,27.18938,22.21729
1786420247,27.04013,81.13985,90,0,219,,3,27.79877,27.18938,22.25135
1786420248,27.02411,81.22682,90,0,219,,0,27.7649,27.08778,22.25135
1786420248,27.06684,81.29092,90,0,219,,1,27.79877,27.18938,22.31888
1786420249,26.99741,81.22072,90,0,219,,16,27.7649,27.12165,22.28502
1786420250,27.05348,81.22682,90,0,219,,0,27.73104,27.25711,22.25135
1786420250,26.99741,81.28481,90,0,219,,0,27.7649,27.15551,22.31888
1786420251,27.08286,81.19325,90,0,219,,15,27.7649,27.18938,22.18362
1786420252,27.01076,81.16273,90,0,219,,0,27.79877,27.15551,22.18362
1786420253,27.02411,81.18867,90,0,219,,0,27.79877,27.12165,22.25135
1786420253,27.01076,81.20393,90,0,219,,7,27.73104,27.08778,22.25135
1786420254,27.01076,81.20393,90,0,219,,0,27.7649,27.15551,22.28502
1786420255,26.96803,81.19325,90,0,220,,0,27.73104,27.15551,22.21729
1786420255,27.04013,81.37789,90,0,219,,0,27.7649,27.12165,22.31888
1786420256,26.96803,81.23445,90,0,219,,15,27.7649,27.15551,22.21729
1786420257,27.06684,81.30312,90,0,219,,0,27.7649,27.15551,22.28502
1786420257,27.05348,81.2665,90,0,219,,0,27.79877,27.18938,22.18362
1786420258,27.02411,81.22682,90,0,219,,18,27.7649,27.18938,22.25135
1786420259,26.98405,81.24818,90,0,219,,0,27.79877,27.15551,22.18362
1786420259,26.92798,81.27566,90,0,219,,0,27.79877,27.12165,22.25135
1786420260,27.08286,81.21309,90,0,219,,6,27.7649,27.08778,22.21729
1786420261,27.01076,81.29855,90,0,219,,0,27.79877,27.15551,22.25135
1786420261,26.91195,81.16731,90,0,219,,0,27.83244,27.18938,22.25135
1786420262,27.01076,81.2543,90,0,219,,0,27.7649,27.02005,22.21729
1786420263,26.98405,81.15663,90,0,219,,12,27.7649,27.12165,22.18362
1786420263,27.01076,81.29855,90,0,219,,0,27.79877,27.12165,22.25135
1786420264,26.95468,81.27261,90,0,219,,0,27.79877,27.18938,22.21729
1786420265,26.91195,81.27108,90,0,219,,6,27.79877,27.12165,22.25135
1786420265,27.04013,81.27261,90,0,219,,0,27.83244,27.15551,22.21729
1786420266,27.08286,81.30465,90,0,219,,0,27.79877,27.08778,22.21729
1786420267,27.01076,81.27718,90,0,219,,0,27.79877,27.12165,22.35275
1786420267,27.10956,81.27108,90,0,219,,10,27.79877,27.15551,22.18362
1786420268,27.04013,81.20241,90,0,219,,0,27.7649,27.15551,22.21729
1786420269,27.04013,81.27261,90,0,219,,0,27.73104,27.22325,22.31888
1786420269,27.08286,81.28481,90,0,219,,3,27.79877,27.15551,22.21729
1786420270,27.01076,81.20393,90,0,219,,2,27.7649,27.18938,22.28502
1786420271,26.95468,81.15816,90,0,219,,0,27.79877,27.18938,22.28502
1786420272,27.06684,81.24971,90,0,219,,0,27.79877,27.18938,22.28502
1786420272,26.94133,81.30007,90,0,219,,9,27.79877,27.08778,22.21729
1786420273,26.98405,81.23903,90,0,219,,0,27.79877,27.18938,22.25135
1786420274,27.01076,81.20393,90,0,219,,0,27.7649,27.15551,22.21729
1786420274,27.05348,81.23598,90,0,220,,0,27.79877,27.18938,22.25135
1786420275,26.98405,81.34432,90,0,219,,16,27.79877,27.12165,22.18362
1786420276,27.06684,81.28024,90,0,219,,0,27.79877,27.12165,22.21729
1786420276,27.01076,81.15205,90,0,219,,0,27.7649,27.18938,22.28502
1786420277,27.08286,81.25277,90,0,220,,0,27.73104,27.08778,22.21729
1786420278,27.04013,81.30465,90,0,219,,10,27.7649,27.08778,22.21729
1786420278,26.99741,81.26192,90,0,219,,0,27.7649,27.08778,22.25135
1786420279,27.02411,81.07423,90,0,219,,0,27.7649,27.18938,22.21729
1786420280,26.94133,81.16579,90,0,219,,8,27.79877,27.12165,22.28502
1786420280,26.92798,81.31686,90,0,219,,0,27.79877,27.15551,22.21729
1786420281,27.06684,81.29092,90,0,219,,0,27.7649,27.12165,22.25135
1786420282,26.95468,81.19936,90,0,219,,0,27.7649,27.12165,22.25135
1786420282,27.06684,81.13527,90,0,219,,4,27.7649,27.15551,22.18362
1786420283,27.08286,81.26345,90,0,219,,0,27.7649,27.22325,22.18362
1786420284,27.05348,81.25735,90,0,219,,0,27.79877,27.15551,22.18362
1786420284,26.98405,81.28024,90,0,219,,8,27.7649,27.08778,22.18362
1786420285,27.05348,81.20699,90,0,219,,10,27.79877,27.12165,22.21729
1786420286,26.96803,81.13069,90,0,219,,0,27.73104,27.15551,22.21729
1786420286,26.98405,81.20851,90,0,219,,0,27.79877,27.12165,22.21729
1786420287,26.96803,81.17189,90,0,219,,7,27.79877,27.12165,22.25135
1786420288,27.02411,81.23903,90,0,219,,0,27.79877,27.15551,22.25135
1786420288,27.04013,81.29549,90,0,219,,0,27.7649,27.15551,22.21729
1786420289,27.01076,81.23445,90,0,219,,0,27.7649,27.18938,22.21729
1786420290,27.06684,81.33212,90,0,219,,6,27.7649,27.08778,22.25135
1786420291,26.99741,81.20241,90,0,219,,0,27.7649,27.15551,22.14976
1786420291,26.98405,81.20851,90,0,219,,0,27.79877,27.12165,22.25135
1786420292,26.98405,81.19783,90,0,219,,0,27.7649,27.15551,22.21729
1786420293,26.99741,81.17036,90,0,219,,14,27.79877,27.08778,22.28502
1786420293,27.05348,81.21614,90,0,219,,0,27.79877,27.18938,22.28502
1786420294,27.06684,81.31228,90,0,219,,0,27.79877,27.15551,22.21729
1786420295,26.95468,81.24055,90,0,219,,6,27.7649,27.05412,22.25135
1786420295,27.08286,81.35806,90,0,219,,13,27.7649,27.12165,22.35275
1786420296,27.06684,81.22987,90,0,219,,0,27.79877,27.15551,22.18362
1786420297,26.98405,81.31228,90,0,219,,0,27.79877,27.12165,22.21729
1786420297,26.96803,81.16273,90,0,219,,7,27.73104,27.18938,22.21729
1786420298,27.08286,81.31686,90,0,219,,5,27.79877,27.15551,22.11589
1786420299,26.96803,81.3489,90,0,219,,0,27.7649,27.15551,22.21729
1786420299,26.96803,81.23445,90,0,219,,0,27.79877,27.12165,22.25135
1786420300,27.04013,81.28481,90,0,219,,10,27.83244,27.08778,22.25135
1786420301,27.02411,81.33212,90,0,219,,0,27.7649,27.12165,22.18362
1786420301,27.01076,81.35958,90,0,219,,0,27.79877,27.15551,22.21729
1786420302,27.04013,81.38705,90,0,219,,0,27.79877,27.15551,22.25135
1786420303,26.99741,81.29397,90,0,219,,5,27.73104,27.12165,22.25135
1786420303,27.01076,81.35958,90,0,219,,0,27.83244,27.15551,22.28502
1786420304,27.10956,81.37637,90,0,220,,0,27.79877,27.12165,22.21729
1786420305,27.05348,81.51827,90,0,219,,1,27.7649,27.08778,22.21729
1786420305,27.08286,81.33669,90,0,219,,9,27.79877,27.15551,22.21729
1786420306,26.99741,81.33517,90,0,219,,0,27.7649,27.18938,22.25135
1786420307,26.98405,81.5198,90,0,219,,0,27.73104,27.12165,22.21729
1786420307,26.88525,81.40993,90,0,219,,3,27.79877,27.12165,22.18362
1786420308,26.99741,81.49233,90,0,219,,10,27.7649,27.12165,22.21729
1786420309,27.04013,81.29549,90,0,219,,1,27.73104,27.25711,22.25135
1786420310,26.95468,81.5732,90,0,219,,0,27.7649,27.12165,22.21729
1786420310,26.8986,81.35043,90,0,219,,11,27.7649,27.18938,22.28502
1786420311,27.12291,81.50454,90,0,219,,2,27.79877,27.15551,22.21729
1786420312,26.99741,81.56405,90,0,219,,0,27.7649,27.08778,22.25135
1786420312,27.01076,81.42214,90,0,219,,0,27.73104,27.12165,22.25135
1786420313,27.13893,81.45571,90,0,219,,11,27.7649,27.08778,22.28502
1786420314,27.08286,81.4313,90,0,219,,0,27.7649,27.08778,22.28502
1786420314,27.10956,81.4786,90,0,220,,0,27.7649,27.18938,22.18362
1786420315,27.02411,81.40383,90,0,219,,0,27.7649,27.15551,22.28502
1786420316,27.12291,81.50454,90,0,219,,6,27.73104,27.12165,22.28502
1786420316,27.02411,81.39468,90,0,219,,0,27.7649,27.12165,22.21729
1786420317,27.10956,81.5732,90,0,219,,0,27.79877,27.22325,22.25135
1786420318,26.98405,81.45571,90,0,219,,3,27.73104,27.15551,22.21729
1786420318,26.98405,81.49996,90,0,219,,18,27.7649,27.18938,22.25135
1786420319,26.96803,81.39925,90,0,219,,0,27.73104,27.08778,22.25135
1786420320,27.04013,81.42825,90,0,219,,0,27.7649,27.25711,22.25135
1786420320,27.06684,81.4786,90,0,219,,10,27.73104,27.12165,22.18362
1786420321,27.06684,81.45876,90,0,219,,15,27.79877,27.12165,22.28502
1786420322,27.05348,81.41299,90,0,219,,0,27.73104,27.15551,22.25135
1786420322,27.04013,81.4725,90,0,219,,0,27.79877,27.18938,22.25135
1786420323,27.04013,81.58389,90,0,219,,12,27.73104,27.25711,22.25135
1786420324,26.98405,81.35348,90,0,219,,6,27.7649,27.12165,22.28502
1786420324,27.01076,81.32754,90,0,220,,0,27.83244,27.08778,22.18362
1786420325,26.94133,81.28024,90,0,219,,0,27.7649,27.12165,22.28502
1786420326,26.96803,81.42214,90,0,219,,1,27.7649,27.15551,22.25135
1786420326,27.05348,81.21614,90,0,219,,0,27.7649,27.18938,22.25135
1786420327,26.91195,81.35348,90,0,219,,0,27.79877,27.08778,22.21729
1786420328,26.96803,81.39925,90,0,219,,0,27.79877,27.12165,22.28502
1786420329,27.08286,81.27566,90,0,219,,9,27.79877,27.08778,22.21729
1786420329,27.02411,81.44656,90,0,219,,0,27.79877,27.15551,22.18362
1786420330,26.99741,81.3962,90,0,219,,0,27.73104,27.15551,22.18362
1786420331,26.92798,81.36874,90,0,219,,0,27.83244,27.08778,22.18362
1786420331,27.05348,81.28634,90,0,219,,12,27.7649,27.22325,22.21729
1786420332,27.01076,81.29855,90,0,219,,0,27.83244,27.15551,22.25135
1786420333,26.8986,81.33059,90,0,219,,0,27.7649,27.15551,22.28502
1786420333,27.04013,81.18105,90,0,219,,0,27.73104,27.05412,22.25135
1786420334,26.95468,81.37637,90,0,219,,6,27.73104,27.15551,22.31888
1786420335,26.99741,81.22072,90,0,220,,0,27.79877,27.15551,22.21729
1786420335,27.05348,81.37179,90,0,219,,0,27.79877,27.12165,22.28502
1786420336,27.02411,81.34432,90,0,219,,0,27.7649,27.15551,22.28502
1786420337,27.02411,81.29092,90,0,219,,3,27.79877,27.25711,22.21729
1786420337,27.02411,81.15663,90,0,219,,1,27.83244,27.15551,22.31888
1786420338,26.96803,81.22224,90,0,219,,0,27.79877,27.12165,22.21729
1786420339,26.95468,81.22987,90,0,219,,0,27.7649,27.12165,22.35275
1786420339,26.99741,81.26192,90,0,219,,6,27.7649,27.12165,22.25135
1786420340,27.02411,81.34432,90,0,219,,22,27.7649,27.18938,22.25135
1786420341,27.08286,81.29549,90,0,219,,0,27.79877,27.15551,22.25135
1786420341,27.06684,81.25887,90,0,219,,0,27.7649,27.08778,22.21729
1786420342,27.02411,81.34432,90,0,219,,10,27.79877,27.05412,22.18362
1786420343,27.04013,81.30465,90,0,219,,10,27.79877,27.08778,22.25135
1786420343,26.8986,81.28939,90,0,219,,0,27.7649,27.12165,22.31888
1786420344,27.01076,81.28634,90,0,220,,0,27.79877,27.12165,22.21729
1786420345,26.96803,81.22224,90,0,219,,1,27.7649,27.15551,22.28502
1786420345,27.06684,81.28024,90,0,219,,18,27.7649,27.15551,22.21729
1786420346,27.02411,81.23903,90,0,219,,0,27.79877,27.05412,22.25135
1786420347,27.02411,81.22682,90,0,219,,0,27.73104,27.05412,22.25135
1786420348,26.99741,81.26192,90,0,219,,6,27.79877,27.15551,22.25135
1786420348,27.06684,81.23903,90,0,219,,11,27.7649,27.15551,22.28502
1786420349,26.99741,81.28481,90,0,219,,0,27.79877,27.15551,22.21729
1786420350,26.96803,81.2665,90,0,219,,0,27.7649,27.05412,22.25135
1786420350,26.96803,81.17189,90,0,219,,7,27.79877,27.12165,22.21729
1786420351,27.08286,81.40993,90,0,219,,11,27.79877,27.05412,22.25135
1786420352,26.98405,81.21767,90,0,219,,0,27.7649,27.18938,22.25135
1786420352,27.05348,81.24513,90,0,219,,0,27.83244,27.12165,22.28502
1786420353,26.98405,81.26803,90,0,219,,6,27.73104,27.08778,22.21729
1786420354,26.94133,81.36263,90,0,219,,5,27.7649,27.15551,22.21729
1786420354,27.04013,81.25277,90,0,220,,0,27.79877,27.18938,22.21729
1786420355,27.05348,81.41299,90,0,219,,0,27.7649,27.15551,22.21729
1786420356,27.02411,81.14442,90,0,219,,2,27.7649,27.05412,22.25135
1786420356,26.99741,81.11696,90,0,219,,0,27.79877,27.18938,22.28502
1786420357,26.98405,81.19783,90,0,219,,0,27.79877,27.12165,22.11589
1786420358,27.01076,81.2665,90,0,219,,0,27.7649,27.05412,22.28502
1786420358,26.98405,81.19783,90,0,219,,7,27.7649,27.05412,22.25135
1786420359,27.04013,81.50149,90,0,219,,0,27.79877,27.12165,22.31888
1786420360,26.95468,81.20851,90,0,219,,0,27.73104,27.22325,22.25135
1786420360,26.99741,81.13832,90,0,219,,1,27.79877,27.15551,22.21729
1786420361,27.01076,81.23445,90,0,219,,4,27.7649,27.15551,22.21729
1786420362,27.05348,81.2665,90,0,219,,0,27.73104,27.08778,22.28502
1786420362,27.08286,81.20241,90,0,219,,0,27.79877,27.15551,22.28502
1786420363,27.06684,81.30312,90,0,219,,11,27.7649,27.15551,22.21729
1786420364,27.04013,81.29549,90,0,219,,0,27.7649,27.12165,22.25135
1786420365,27.04013,81.1078,90,0,220,,0,27.7649,27.18938,22.14976
1786420365,26.96803,81.16273,90,0,219,,1,27.83244,27.15551,22.28502
1786420366,26.95468,81.26192,90,0,219,,15,27.73104,27.02005,22.25135
1786420367,27.05348,81.23598,90,0,219,,0,27.79877,27.18938,22.31888
1786420367,27.04013,81.27261,90,0,219,,0,27.7649,27.12165,22.25135
1786420368,26.95468,81.27261,90,0,219,,24,27.7649,27.15551,22.25135
1786420369,26.94133,81.18562,90,0,219,,1,27.79877,27.12165,22.25135
1786420369,27.08286,81.29549,90,0,219,,0,27.7649,27.12165,22.21729
1786420370,27.05348,81.29855,90,0,219,,8,27.79877,27.15551,22.28502
1786420371,26.99741,81.3962,90,0,219,,1,27.79877,27.12165,22.21729
1786420371,26.99741,81.17036,90,0,219,,0,27.79877,27.15551,22.25135
1786420372,27.02411,81.30007,90,0,219,,0,27.79877,27.15551,22.21729
1786420373,27.05348,81.24513,90,0,219,,22,27.83244,27.12165,22.31888
1786420373,26.94133,81.16579,90,0,219,,0,27.83244,27.18938,22.28502
1786420374,26.96803,81.21309,90,0,219,,0,27.7649,27.15551,22.14976
1786420375,26.94133,81.25887,90,0,219,,7,27.7649,27.18938,22.21729
1786420375,27.04013,81.33669,90,0,219,,0,27.73104,27.08778,22.21729
1786420376,27.04013,81.27261,90,0,219,,0,27.7649,27.12165,22.21729
1786420377,26.95468,81.30312,90,0,219,,0,27.79877,27.18938,22.18362
1786420377,27.08286,81.28481,90,0,219,,17,27.79877,27.15551,22.28502
1786420378,27.01076,81.21614,90,0,219,,0,27.7649,27.12165,22.21729
1786420379,26.94133,81.32143,90,0,219,,0,27.73104,27.18938,22.21729
1786420379,26.96803,81.22224,90,0,219,,12,27.79877,27.18938,22.25135
1786420380,27.02411,81.22682,90,0,219,,9,27.79877,27.12165,22.28502
1786420381,26.92798,81.20241,90,0,219,,0,27.7649,27.12165,22.28502
1786420381,27.01076,81.21614,90,0,219,,0,27.79877,27.12165,22.21729
1786420382,26.99741,81.22072,90,0,219,,18,27.79877,27.22325,22.28502
1786420383,27.04013,81.27261,90,0,219,,0,27.83244,27.15551,22.25135
1786420383,26.99741,81.27261,90,0,219,,0,27.79877,27.22325,22.21729
1786420384,27.01076,81.1429,90,0,220,,0,27.83244,27.12165,22.31888
1786420385,26.99741,81.22072,90,0,219,,7,27.7649,27.22325,22.28502
1786420386,26.95468,81.22072,90,0,219,,0,27.79877,27.12165,22.25135
1786420386,27.04013,81.21309,90,0,219,,0,27.7649,27.18938,22.25135
1786420387,27.01076,81.35958,90,0,219,,11,27.79877,27.12165,22.31888
1786420388,27.02411,81.24818,90,0,219,,11,27.7649,27.15551,22.25135
1786420388,27.08286,81.19325,90,0,219,,0,27.79877,27.15551,22.21729
1786420389,26.99741,81.13832,90,0,219,,0,27.7649,27.12165,22.25135
1786420390,26.92798,81.24361,90,0,219,,15,27.7649,27.12165,22.21729
1786420390,26.98405,81.22682,90,0,219,,0,27.7649,27.18938,22.21729
1786420391,27.02411,81.11238,90,0,219,,0,27.79877,27.15551,22.28502
1786420392,26.95468,81.1902,90,0,219,,0,27.7649,27.15551,22.18362
1786420392,27.08286,81.13985,90,0,219,,15,27.7649,27.08778,22.28502
1786420393,27.02411,81.16579,90,0,219,,0,27.79877,27.15551,22.28502
1786420394,27.01076,81.16273,90,0,219,,0,27.7649,27.12165,22.21729
1786420394,27.06684,81.30312,90,0,220,,0,27.79877,27.12165,22.25135
1786420395,26.91195,81.32296,90,0,219,,7,27.7649,27.22325,22.25135
1786420396,27.01076,81.19478,90,0,219,,0,27.7649,27.15551,22.28502
1786420396,26.95468,81.22072,90,0,219,,0,27.7649,27.05412,22.25135
1786420397,26.96803,81.16273,90,0,219,,0,27.7649,27.18938,22.21729
1786420398,27.05348,81.1429,90,0,219,,11,27.7649,27.15551,22.25135
1786420398,27.01076,81.15205,90,0,219,,0,27.7649,27.22325,22.31888
1786420399,26.94133,81.26803,90,0,219,,0,27.79877,27.18938,22.25135
1786420400,27.02411,81.28024,90,0,219,,0,27.7649,27.18938,22.18362
1786420400,27.13893,81.26803,90,0,219,,10,27.73104,27.05412,22.25135
1786420401,26.95468,81.20851,90,0,219,,0,27.7649,27.18938,22.25135
1786420402,26.99741,81.32601,90,0,219,,0,27.83244,27.08778,22.25135
1786420402,26.92798,81.2543,90,0,219,,4,27.7649,27.18938,22.25135
1786420403,27.01076,81.17189,90,0,219,,10,27.79877,27.12165,22.21729
1786420404,27.01076,81.17189,90,0,219,,0,27.7649,27.22325,22.21729
1786420405,27.02411,81.25887,90,0,219,,0,27.7649,27.05412,22.28502
1786420405,27.09621,81.29855,90,0,219,,9,27.79877,27.18938,22.25135
1786420406,26.99741,81.149,90,0,219,,11,27.73104,27.15551,22.25135
1786420407,27.01076,81.23445,90,0,219,,0,27.83244,27.15551,22.18362
1786420407,26.96803,81.16273,90,0,219,,0,27.73104,27.15551,22.25135
1786420408,27.01076,81.2665,90,0,219,,9,27.79877,27.12165,22.28502
1786420409,27.02411,81.27108,90,0,219,,0,27.73104,27.18938,22.21729
1786420409,27.04013,81.36874,90,0,219,,0,27.79877,27.15551,22.21729
1786420410,26.96803,81.22224,90,0,219,,0,27.7649,27.15551,22.25135
1786420411,27.04013,81.25277,90,0,219,,12,27.7649,27.15551,22.21729
1786420412,27.02411,81.16579,90,0,219,,0,27.7649,27.08778,22.25135
1786420412,27.08286,81.3489,90,0,219,,0,27.7649,27.15551,22.25135
1786420413,26.98405,81.25887,90,0,219,,3,27.79877,27.08778,22.18362
1786420413,26.92798,81.13985,90,0,219,,5,27.79877,27.02005,22.28502
1786420414,26.92798,81.13069,90,0,219,,0,27.7649,27.12165,22.28502
1786420415,27.12291,81.21309,90,0,219,,0,27.83244,27.12165,22.28502
1786420415,26.99741,81.10628,90,0,219,,15,27.79877,27.08778,22.21729
1786420416,27.04013,81.32601,90,0,219,,0,27.79877,27.15551,22.28502
1786420417,26.91195,81.14748,90,0,219,,0,27.7649,27.08778,22.25135
1786420417,26.99741,81.21156,90,0,219,,3,27.83244,27.18938,22.28502
1786420418,27.02411,81.35348,90,0,219,,11,27.83244,27.12165,22.25135
1786420419,27.08286,81.27566,90,0,219,,0,27.7649,27.12165,22.28502
1786420419,26.98405,81.23903,90,0,219,,0,27.73104,27.12165,22.18362
1786420420,27.01076,81.1841,90,0,219,,8,27.7649,27.15551,22.21729
1786420421,27.13893,81.28939,90,0,219,,0,27.7649,27.15551,22.21729
1786420422,26.92798,81.1841,90,0,219,,0,27.79877,27.12165,22.21729
1786420422,27.04013,81.1902,90,0,219,,0,27.73104,27.18938,22.18362
1786420423,26.91195,81.29397,90,0,219,,9,27.79877,27.18938,22.25135
1786420424,27.02411,81.30007,90,0,219,,0,27.7649,27.12165,22.25135
1786420424,27.02411,81.09254,90,0,220,,0,27.7649,27.18938,22.25135
1786420425,26.96803,81.24361,90,0,219,,0,27.73104,27.18938,22.25135
1786420426,27.06684,81.22987,90,0,219,,4,27.79877,27.15551,22.25135
1786420426,27.04013,81.20241,90,0,219,,1,27.83244,27.15551,22.25135
1786420427,27.06684,81.20851,90,0,219,,0,27.79877,27.22325,22.25135
1786420428,27.06684,81.34432,90,0,219,,1,27.79877,27.15551,22.25135
1786420428,26.95468,81.25277,90,0,219,,9,27.7649,27.08778,22.25135
1786420429,26.96803,81.2543,90,0,219,,0,27.79877,27.08778,22.21729
1786420430,27.01076,81.23445,90,0,219,,0,27.7649,27.08778,22.28502
1786420430,27.05348,81.22682,90,0,219,,3,27.79877,27.18938,22.25135
1786420431,27.06684,81.20851,90,0,219,,14,27.79877,27.15551,22.25135
1786420432,26.92798,81.2665,90,0,219,,0,27.7649,27.12165,22.25135
1786420432,27.09621,81.27718,90,0,219,,0,27.7649,27.18938,22.14976
1786420433,26.98405,81.33212,90,0,219,,5,27.7649,27.12165,22.14976
1786420434,27.12291,81.31686,90,0,219,,16,27.79877,27.15551,22.28502
1786420434,26.99741,81.26192,90,0,220,,0,27.79877,27.15551,22.21729
1786420435,27.01076,81.08949,90,0,219,,0,27.7649,27.15551,22.25135
1786420436,26.99741,81.17036,90,0,219,,0,27.73104,27.12165,22.21729
1786420436,26.95468,81.24055,90,0,219,,8,27.7649,27.12165,22.28502
1786420437,27.09621,81.23903,90,0,219,,0,27.79877,27.05412,22.25135
1786420438,26.98405,81.21767,90,0,219,,0,27.7649,27.22325,22.21729
1786420438,26.99741,81.35806,90,0,219,,2,27.79877,27.12165,22.21729
1786420439,26.98405,81.25887,90,0,219,,21,27.7649,27.15551,22.25135
1786420440,27.01076,81.2665,90,0,219,,0,27.79877,27.15551,22.21729
1786420441,26.94133,81.23598,90,0,219,,0,27.7649,27.22325,22.25135
1786420441,27.01076,81.17189,90,0,219,,0,27.83244,27.22325,22.14976
1786420442,27.05348,81.31838,90,0,219,,14,27.73104,27.22325,22.21729
1786420443,26.92798,81.27566,90,0,219,,0,27.73104,27.15551,22.25135
1786420443,26.98405,81.17647,90,0,219,,0,27.7649,27.08778,22.28502
1786420444,26.98405,81.10323,90,0,219,,5,27.7649,27.12165,22.18362
1786420445,27.05348,81.19478,90,0,220,,6,27.79877,27.12165,22.18362
1786420445,27.02411,81.25887,90,0,219,,0,27.79877,27.12165,22.21729
1786420446,26.99741,81.27261,90,0,219,,0,27.7649,27.12165,22.28502
1786420447,26.91195,81.28176,90,0,219,,0,27.7649,27.15551,22.25135
1786420447,26.98405,81.35348,90,0,219,,23,27.7649,27.15551,22.14976
1786420448,27.01076,81.24513,90,0,219,,0,27.7649,27.08778,22.25135
1786420449,26.99741,81.1902,90,0,219,,0,27.79877,27.12165,22.11589
1786420449,26.98405,81.25887,90,0,219,,4,27.7649,27.02005,22.25135
1786420450,26.98405,81.29092,90,0,219,,15,27.7649,27.18938,22.25135
1786420451,26.99741,81.22072,90,0,219,,0,27.7649,27.15551,22.25135
1786420451,27.05348,81.24513,90,0,219,,0,27.73104,27.22325,22.25135
1786420452,27.04013,81.24361,90,0,219,,2,27.7649,27.12165,22.28502
1786420453,26.96803,81.22224,90,0,219,,20,27.83244,27.08778,22.21729
1786420453,26.98405,81.31228,90,0,219,,0,27.79877,27.05412,22.25135
1786420454,27.02411,81.10323,90,0,219,,0,27.7649,27.08778,22.21729
1786420455,27.04013,81.11696,90,0,219,,3,27.7649,27.12165,22.31888
1786420455,27.08286,81.31686,90,0,219,,13,27.7649,27.05412,22.18362
1786420456,27.08286,81.21309,90,0,219,,0,27.7649,27.25711,22.25135
1786420457,27.01076,81.20393,90,0,219,,0,27.7649,27.15551,22.18362
1786420457,26.95468,81.25277,90,0,219,,13,27.7649,27.05412,22.21729
1786420458,26.95468,81.24055,90,0,219,,2,27.7649,27.08778,22.25135
1786420459,26.96803,81.17189,90,0,219,,0,27.79877,27.25711,22.21729
1786420460,27.02411,81.27108,90,0,219,,0,27.7649,27.08778,22.25135
1786420460,27.08286,81.38094,90,0,219,,10,27.7649,27.08778,22.35275
1786420461,27.01076,81.28634,90,0,219,,0,27.73104,27.12165,22.18362
1786420462,27.08286,81.25277,90,0,219,,0,27.7649,27.08778,22.25135
1786420462,26.99741,81.28481,90,0,219,,0,27.79877,27.15551,22.25135
1786420463,27.12291,81.3489,90,0,219,,6,27.7649,27.12165,22.25135
1786420464,27.01076,81.20393,90,0,219,,0,27.73104,27.18938,22.25135
1786420464,27.02411,81.20851,90,0,220,,0,27.7649,27.12165,22.21729
1786420465,26.99741,81.21156,90,0,219,,3,27.7649,27.15551,22.28502
1786420466,27.04013,81.30465,90,0,219,,7,27.79877,27.05412,22.25135
1786420466,26.98405,81.16579,90,0,219,,0,27.79877,27.15551,22.31888
1786420467,26.99741,81.22072,90,0,219,,0,27.73104,27.05412,22.14976
1786420468,27.04013,81.1902,90,0,219,,12,27.73104,27.12165,22.21729
1786420468,26.96803,81.22224,90,0,219,,0,27.79877,27.22325,22.25135
1786420469,27.01076,81.1429,90,0,219,,0,27.7649,27.22325,22.28502
1786420470,26.96803,81.22224,90,0,219,,1,27.7649,27.12165,22.25135
1786420470,27.04013,81.36874,90,0,219,,19,27.79877,27.12165,22.21729
1786420471,26.99741,81.26192,90,0,219,,0,27.79877,27.12165,22.21729
1786420472,27.08286,81.35806,90,0,219,,0,27.83244,27.05412,22.25135
1786420472,27.01076,81.35958,90,0,219,,6,27.7649,27.15551,22.21729
1786420473,26.96803,81.13069,90,0,219,,4,27.83244,27.18938,22.21729
1786420474,26.95468,81.17952,90,0,219,,0,27.7649,27.15551,22.21729
1786420474,26.98405,81.25887,90,0,219,,0,27.83244,27.12165,22.18362
1786420475,26.99741,81.1902,90,0,219,,13,27.79877,27.12165,22.25135
1786420476,27.01076,81.2665,90,0,219,,0,27.79877,27.15551,22.21729
1786420476,27.08286,81.17189,90,0,219,,0,27.7649,27.18938,22.31888
1786420477,27.05348,81.2665,90,0,219,,12,27.7649,27.12165,22.31888
1786420478,26.96803,81.27566,90,0,219,,9,27.73104,27.12165,22.21729
1786420479,26.99741,81.20241,90,0,219,,0,27.79877,27.08778,22.21729
1786420479,26.98405,81.13527,90,0,219,,0,27.79877,27.18938,22.25135
1786420480,27.02411,81.23903,90,0,219,,15,27.7649,27.18938,22.25135
1786420481,27.08286,81.27566,90,0,219,,0,27.69717,27.08778,22.25135
1786420481,27.12291,81.32754,90,0,219,,0,27.79877,27.08778,22.25135
1786420482,26.99741,81.22072,90,0,219,,2,27.7649,27.15551,22.21729
1786420483,27.10956,81.22072,90,0,219,,16,27.79877,27.12165,22.28502
1786420483,26.94133,81.26803,90,0,219,,0,27.7649,27.08778,22.25135
1786420484,26.98405,81.20851,90,0,220,,0,27.7649,27.15551,22.28502
1786420485,27.05348,81.33059,90,0,219,,1,27.7649,27.25711,22.25135
1786420485,26.91195,81.19783,90,0,219,,0,27.79877,27.15551,22.21729
1786420486,27.09621,81.50607,90,0,219,,0,27.79877,27.15551,22.21729
1786420487,27.05348,81.36263,90,0,219,,1,27.73104,27.18938,22.28502
1786420487,27.10956,81.28176,90,0,219,,11,27.73104,27.12165,22.28502
1786420488,27.13893,81.35348,90,0,219,,0,27.79877,27.18938,22.25135
1786420489,27.02411,81.42672,90,0,219,,0,27.79877,27.15551,22.18362
1786420489,27.10956,81.36416,90,0,219,,5,27.79877,27.18938,22.21729
1786420490,27.05348,81.30923,90,0,219,,0,27.79877,27.18938,22.21729
1786420491,27.02411,81.32143,90,0,219,,0,27.79877,27.18938,22.25135
1786420491,27.05348,81.38247,90,0,219,,10,27.7649,27.15551,22.21729
1786420492,27.01076,81.54574,90,0,219,,12,27.7649,27.05412,22.28502
1786420493,27.04013,81.71053,90,0,219,,0,27.73104,27.15551,22.31888
1786420493,26.99741,81.85397,90,0,219,,0,27.7649,27.08778,22.25135
1786420494,26.96803,81.98215,90,0,220,,5,27.79877,27.08778,22.21729
1786420495,27.04013,82.10422,90,0,219,,0,27.7649,27.12165,22.25135
1786420496,26.98405,82.18204,90,0,219,,0,27.79877,27.15551,22.28502
1786420496,26.99741,82.3209,90,0,219,,10,27.79877,27.12165,22.18362
1786420497,27.02411,82.33768,90,0,219,,0,27.79877,27.05412,22.21729
1786420498,27.05348,82.30564,90,0,219,,0,27.83244,27.15551,22.18362
1786420498,27.02411,82.36057,90,0,219,,0,27.7649,27.15551,22.21729
1786420499,26.94133,82.35752,90,0,219,,7,27.73104,27.15551,22.18362
1786420500,27.01076,82.25224,90,0,219,,0,27.7649,27.12165,22.25135
1786420500,26.96803,82.2736,90,0,219,,0,27.73104,27.12165,22.21729
1786420501,27.08286,82.21866,90,0,219,,6,27.7649,27.18938,22.25135
1786420502,26.95468,82.17441,90,0,219,,0,27.7649,27.08778,22.18362
1786420502,26.99741,82.08286,90,0,219,,0,27.7649,27.15551,22.21729
1786420503,27.05348,82.02335,90,0,219,,7,27.79877,27.15551,22.25135
1786420504,27.05348,81.91196,90,0,219,,10,27.7649,27.15551,22.28502
1786420504,26.99741,81.93637,90,0,219,,0,27.7649,27.18938,22.21729
1786420505,27.04013,82.00046,90,0,219,,0,27.79877,27.15551,22.28502
1786420506,26.99741,81.77158,90,0,219,,0,27.79877,27.18938,22.21729
1786420506,27.05348,81.76547,90,0,219,,0,27.7649,27.22325,22.28502
1786420507,26.99741,81.83414,90,0,219,,0,27.7649,27.18938,22.31888
1786420508,27.09621,81.84024,90,0,219,,10,27.7649,27.18938,22.21729
1786420508,26.92798,81.60677,90,0,219,,0,27.79877,27.18938,22.28502
1786420509,26.99741,81.68764,90,0,219,,0,27.7649,27.18938,22.25135
1786420510,26.99741,81.55184,90,0,219,,5,27.73104,27.12165,22.21729
1786420510,26.99741,81.5732,90,0,219,,12,27.83244,27.08778,22.28502
1786420511,27.04013,81.56405,90,0,219,,0,27.7649,27.12165,22.31888
1786420512,27.04013,81.49233,90,0,219,,0,27.79877,27.12165,22.28502
1786420512,26.8986,81.45571,90,0,219,,13,27.83244,27.12165,22.28502
1786420513,27.06684,81.43587,90,0,219,,0,27.79877,27.12165,22.21729
1786420514,27.06684,81.36416,90,0,219,,0,27.7649,27.12165,22.21729
1786420515,27.09621,81.41299,90,0,219,,0,27.79877,27.08778,22.14976
1786420515,27.05348,81.60067,90,0,219,,9,27.79877,27.15551,22.28502
1786420516,27.02411,81.40383,90,0,219,,1,27.7649,27.05412,22.28502
1786420517,27.01076,81.37179,90,0,219,,0,27.73104,27.15551,22.25135
1786420517,27.08286,81.38094,90,0,219,,11,27.7649,27.15551,22.25135
1786420518,26.95468,81.32601,90,0,219,,0,27.83244,27.08778,22.25135
1786420519,27.01076,81.35043,90,0,219,,0,27.79877,27.18938,22.25135
1786420519,26.98405,81.24818,90,0,219,,9,27.73104,27.12165,22.21729
1786420520,26.99741,81.35806,90,0,219,,16,27.73104,27.12165,22.21729
1786420521,26.99741,81.35806,90,0,219,,0,27.7649,27.15551,22.21729
1786420521,27.02411,81.36416,90,0,219,,0,27.73104,27.12165,22.28502
1786420522,27.02411,81.43587,90,0,219,,10,27.7649,27.15551,22.25135
1786420523,27.04013,81.31686,90,0,219,,0,27.83244,27.08778,22.25135
1786420523,27.04013,81.1902,90,0,219,,0,27.83244,27.12165,22.18362
1786420524,27.02411,81.29092,90,0,220,,0,27.83244,27.15551,22.25135
1786420525,27.09621,81.38247,90,0,219,,2,27.7649,27.18938,22.28502
1786420525,27.05348,81.33059,90,0,219,,0,27.73104,27.15551,22.25135
1786420526,26.96803,81.39925,90,0,219,,0,27.73104,27.18938,22.28502
1786420527,26.95468,81.38552,90,0,219,,7,27.7649,27.18938,22.28502
1786420527,26.99741,81.37637,90,0,219,,0,27.73104,27.15551,22.21729
1786420528,26.98405,81.33212,90,0,219,,0,27.83244,27.12165,22.25135
1786420529,26.95468,81.38552,90,0,219,,5,27.7649,27.15551,22.28502
1786420529,27.01076,81.40078,90,0,219,,0,27.79877,27.08778,22.18362
1786420530,26.98405,81.25887,90,0,219,,0,27.79877,27.15551,22.21729
1786420531,27.01076,81.3077,90,0,219,,0,27.8665,27.12165,22.21729
1786420531,26.92798,81.31686,90,0,219,,9,27.7649,27.15551,22.31888
1786420532,26.8986,81.20393,90,0,219,,0,27.7649,27.15551,22.28502
1786420533,26.98405,81.23903,90,0,219,,0,27.79877,27.05412,22.21729
1786420533,26.98405,81.21767,90,0,219,,12,27.7649,27.12165,22.21729
1786420534,27.06684,81.16731,90,0,220,,0,27.7649,27.15551,22.25135
1786420535,27.01076,81.27718,90,0,219,,0,27.79877,27.15551,22.28502
1786420536,27.04013,81.42825,90,0,219,,2,27.79877,27.12165,22.28502
1786420536,27.09621,81.29855,90,0,219,,17,27.83244,27.15551,22.31888
1786420537,26.99741,81.29397,90,0,219,,0,27.79877,27.18938,22.25135
1786420538,27.13893,81.30923,90,0,219,,0,27.83244,27.15551,22.21729
1786420538,26.95468,81.28176,90,0,219,,16,27.83244,27.18938,22.21729
1786420539,26.99741,81.33517,90,0,219,,0,27.7649,27.12165,22.21729
1786420540,27.04013,81.36874,90,0,219,,0,27.7649,27.08778,22.25135
1786420540,27.04013,81.34585,90,0,219,,10,27.7649,27.12165,22.28502
1786420541,27.05348,81.1429,90,0,219,,14,27.79877,27.18938,22.28502
1786420542,26.98405,81.22682,90,0,219,,0,27.7649,27.12165,22.25135
1786420542,26.95468,81.26192,90,0,219,,0,27.7649,27.18938,22.25135
1786420543,27.04013,81.32601,90,0,219,,17,27.7649,27.15551,22.25135
1786420544,26.98405,81.26803,90,0,219,,0,27.79877,27.15551,22.21729
1786420544,27.04013,81.29549,90,0,219,,0,27.83244,27.12165,22.28502
1786420545,27.02411,81.15663,90,0,219,,2,27.7649,27.15551,22.25135
1786420546,26.96803,81.3077,90,0,219,,5,27.7649,27.22325,22.18362
1786420546,27.01076,81.33974,90,0,219,,0,27.7649,27.12165,22.28502
1786420547,26.98405,81.24818,90,0,219,,0,27.79877,27.08778,22.35275
1786420548,26.95468,81.28176,90,0,219,,13,27.79877,27.08778,22.18362
1786420548,26.98405,81.28024,90,0,219,,0,27.79877,27.18938,22.28502
1786420549,27.10956,81.18867,90,0,219,,0,27.79877,27.12165,22.18362
1786420550,27.01076,81.2665,90,0,219,,13,27.79877,27.12165,22.25135
1786420550,26.92798,81.23445,90,0,219,,1,27.7649,27.15551,22.25135
1786420551,26.99741,81.25277,90,0,219,,0,27.79877,27.15551,22.21729
1786420552,26.88525,81.1902,90,0,219,,0,27.79877,27.08778,22.21729
1786420552,27.08286,81.28481,90,0,219,,19,27.79877,27.18938,22.28502
1786420553,26.98405,81.14442,90,0,219,,0,27.7649,27.08778,22.28502
1786420554,26.94133,81.19783,90,0,219,,0,27.7649,27.12165,22.25135
1786420555,27.02411,81.29092,90,0,219,,9,27.79877,27.18938,22.28502
1786420555,27.05348,81.40078,90,0,219,,0,27.7649,27.08778,22.25135
1786420556,26.95468,81.28176,90,0,219,,0,27.7649,27.08778,22.31888
1786420557,27.09621,81.35043,90,0,219,,0,27.7649,27.15551,22.21729
1786420557,26.91195,81.21767,90,0,219,,16,27.7649,27.15551,22.21729
1786420558,26.92798,81.19325,90,0,219,,0,27.79877,27.22325,22.28502
1786420559,27.01076,81.23445,90,0,219,,0,27.79877,27.18938,22.28502
1786420559,26.98405,81.22682,90,0,219,,3,27.7649,27.15551,22.25135
1786420560,26.95468,81.22987,90,0,219,,0,27.79877,27.12165,22.31888
1786420561,27.02411,81.08339,90,0,219,,0,27.7649,27.15551,22.25135
1786420561,27.02411,81.33212,90,0,219,,8,27.7649,27.08778,22.25135
1786420562,26.99741,81.27261,90,0,219,,16,27.7649,27.08778,22.21729
1786420563,26.98405,81.10323,90,0,219,,0,27.7649,27.05412,22.14976
1786420563,26.8986,81.19478,90,0,219,,0,27.7649,27.15551,22.25135
1786420564,26.94133,81.10323,90,0,220,,2,27.79877,27.05412,22.31888
1786420565,27.02411,81.24818,90,0,219,,0,27.7649,27.15551,22.18362
1786420565,26.95468,81.25277,90,0,219,,0,27.79877,27.05412,22.25135
1786420566,26.99741,81.13832,90,0,219,,5,27.73104,27.15551,22.25135
1786420567,27.08286,81.38094,90,0,219,,0,27.83244,27.22325,22.21729
1786420567,27.04013,81.11696,90,0,219,,0,27.79877,27.12165,22.25135
1786420568,27.04013,81.20241,90,0,219,,0,27.7649,27.22325,22.28502
1786420569,27.15228,81.11543,90,0,219,,9,27.79877,27.15551,22.21729
1786420569,26.94133,81.17647,90,0,219,,1,27.79877,27.08778,22.25135
1786420570,26.96803,81.16273,90,0,219,,0,27.7649,27.15551,22.31888
1786420571,26.92798,81.17189,90,0,219,,14,27.7649,27.12165,22.21729
1786420571,26.91195,81.24971,90,0,219,,0,27.83244,27.22325,22.25135
1786420572,27.04013,81.18105,90,0,219,,0,27.79877,27.12165,22.21729
1786420573,26.98405,81.18867,90,0,219,,7,27.73104,27.15551,22.25135
1786420574,26.91195,81.15816,90,0,219,,14,27.7649,27.15551,22.21729
1786420574,27.08286,81.26345,90,0,219,,0,27.73104,27.15551,22.28502
1786420575,27.12291,81.19325,90,0,219,,0,27.79877,27.08778,22.14976
1786420576,26.96803,81.03761,90,0,219,,12,27.7649,27.15551,22.21729
1786420576,26.94133,81.21614,90,0,219,,0,27.79877,27.18938,22.25135
1786420577,27.08286,81.19325,90,0,219,,0,27.73104,27.08778,22.25135
1786420578,26.98405,81.18867,90,0,219,,1,27.7649,27.15551,22.25135
1786420578,27.04013,81.17036,90,0,219,,10,27.79877,27.12165,22.28502
1786420579,27.06684,81.16731,90,0,219,,0,27.73104,27.15551,22.21729
1786420580,27.02411,81.21767,90,0,219,,0,27.7649,27.18938,22.31888
1786420580,26.99741,81.33517,90,0,219,,12,27.7649,27.22325,22.21729
1786420581,26.96803,81.13069,90,0,219,,11,27.73104,27.22325,22.25135
1786420582,27.10956,81.32296,90,0,219,,0,27.7649,27.12165,22.18362
1786420582,27.05348,81.2665,90,0,219,,0,27.79877,27.12165,22.25135
1786420583,27.02411,81.13527,90,0,219,,10,27.7649,27.12165,22.35275
1786420584,26.96803,81.19325,90,0,219,,0,27.7649,27.12165,22.21729
1786420584,27.01076,81.17189,90,0,220,,0,27.83244,27.15551,22.21729
1786420585,26.99741,81.28481,90,0,219,,0,27.83244,27.15551,22.31888
1786420586,26.96803,81.19325,90,0,219,,9,27.79877,27.15551,22.25135
1786420586,27.13893,81.23903,90,0,219,,0,27.79877,27.22325,22.28502
1786420587,27.02411,81.12459,90,0,219,,0,27.79877,27.15551,22.28502
1786420588,27.02411,81.31228,90,0,219,,7,27.7649,27.12165,22.25135
1786420588,26.99741,81.13832,90,0,219,,5,27.73104,27.08778,22.18362
1786420589,26.98405,81.13527,90,0,219,,0,27.79877,27.15551,22.25135
1786420590,27.08286,81.21309,90,0,219,,0,27.79877,27.08778,22.25135
1786420590,27.01076,81.1841,90,0,219,,9,27.79877,27.15551,22.25135
1786420591,26.94133,81.19783,90,0,219,,13,27.7649,27.08778,22.31888
1786420592,26.98405,81.23903,90,0,219,,0,27.79877,27.12165,22.18362
1786420593,26.95468,81.27261,90,0,219,,0,27.83244,27.15551,22.21729
1786420593,27.01076,81.15205,90,0,219,,6,27.79877,27.15551,22.18362
1786420594,26.99741,81.17036,90,0,219,,0,27.7649,27.18938,22.25135
1786420595,27.02411,81.22682,90,0,220,,0,27.79877,27.15551,22.28502
1786420595,27.04013,81.22224,90,0,219,,0,27.7649,27.08778,22.28502
1786420596,27.04013,81.12917,90,0,219,,4,27.7649,27.18938,22.25135
1786420597,26.92798,81.19325,90,0,219,,0,27.7649,27.15551,22.21729
1786420597,27.04013,81.27261,90,0,219,,0,27.7649,27.15551,22.21729
1786420598,26.95468,81.3138,90,0,219,,9,27.7649,27.15551,22.28502
1786420599,26.99741,81.27261,90,0,219,,12,27.7649,27.12165,22.18362
1786420599,27.08286,81.17189,90,0,219,,0,27.79877,27.18938,22.18362
1786420600,27.06684,81.24971,90,0,219,,0,27.79877,27.08778,22.18362
1786420601,26.98405,81.20851,90,0,219,,3,27.79877,27.12165,22.18362
1786420601,26.94133,81.21614,90,0,219,,0,27.69717,27.15551,22.21729
1786420602,26.96803,81.32754,90,0,219,,0,27.79877,27.15551,22.25135
1786420603,27.02411,81.27108,90,0,219,,0,27.73104,27.08778,22.21729
1786420603,27.02411,81.37331,90,0,219,,14,27.79877,27.12165,22.21729
1786420604,27.06684,81.23903,90,0,219,,0,27.79877,27.15551,22.28502
1786420605,27.04013,81.25277,90,0,219,,0,27.79877,27.15551,22.25135
1786420605,27.09621,81.1429,90,0,219,,4,27.7649,27.08778,22.28502
1786420606,26.98405,81.21767,90,0,219,,10,27.79877,27.12165,22.25135
1786420607,26.98405,81.21767,90,0,219,,0,27.7649,27.15551,22.35275
1786420607,27.04013,81.11696,90,0,219,,0,27.79877,27.15551,22.25135
1786420608,26.99741,81.20241,90,0,219,,11,27.79877,27.15551,22.25135
1786420609,26.98405,81.19783,90,0,219,,1,27.83244,27.05412,22.25135
1786420609,27.01076,81.19478,90,0,219,,0,27.79877,27.05412,22.25135
1786420610,26.99741,81.25277,90,0,219,,0,27.79877,27.12165,22.14976
1786420611,27.05348,81.15358,90,0,219,,11,27.73104,27.12165,22.25135
1786420612,27.05348,81.16273,90,0,219,,0,27.7649,27.02005,22.21729
1786420612,26.94133,81.18562,90,0,219,,0,27.7649,27.18938,22.18362
1786420613,26.92798,81.32754,90,0,219,,0,27.73104,27.15551,22.25135
1786420614,27.01076,81.19478,90,0,219,,11,27.7649,27.18938,22.18362
1786420614,26.98405,81.12459,90,0,220,,0,27.83244,27.18938,22.18362
1786420615,27.06684,81.17647,90,0,219,,0,27.79877,27.15551,22.21729
1786420616,26.95468,81.19936,90,0,219,,0,27.79877,27.12165,22.28502
1786420616,26.95468,81.22987,90,0,219,,6,27.7649,27.08778,22.28502
1786420617,26.92798,81.19325,90,0,220,,0,27.73104,27.15551,22.28502
1786420618,27.06684,81.22987,90,0,219,,0,27.79877,27.15551,22.28502
1786420618,27.02411,81.17647,90,0,219,,0,27.7649,27.18938,22.14976
1786420619,27.04013,81.27261,90,0,219,,12,27.7649,27.15551,22.21729
1786420620,27.05348,81.23598,90,0,219,,0,27.79877,27.08778,22.18362
1786420620,27.08286,81.13985,90,0,219,,0,27.73104,27.12165,22.25135
1786420621,27.01076,81.17189,90,0,219,,0,27.7649,27.15551,22.21729
1786420622,26.99741,81.22072,90,0,219,,6,27.7649,27.08778,22.18362
1786420622,27.05348,81.37179,90,0,219,,8,27.79877,27.18938,22.28502
1786420623,27.02411,81.10323,90,0,219,,0,27.73104,27.15551,22.21729
1786420624,26.99741,81.26192,90,0,219,,0,27.7649,27.08778,22.21729
1786420624,26.95468,81.09712,90,0,220,,0,27.7649,27.15551,22.25135
1786420625,26.92798,81.17189,90,0,219,,12,27.83244,27.08778,22.21729
1786420626,27.02411,81.24818,90,0,219,,0,27.83244,27.15551,22.21729
1786420626,27.01076,81.12154,90,0,219,,0,27.79877,27.12165,22.21729
1786420627,26.98405,81.21767,90,0,219,,3,27.79877,27.15551,22.14976
1786420628,27.01076,81.12154,90,0,219,,20,27.79877,27.15551,22.25135
1786420628,26.98405,81.20851,90,0,219,,0,27.7649,27.18938,22.21729
1786420629,26.96803,81.19325,90,0,219,,0,27.7649,27.15551,22.28502
1786420630,27.04013,81.17036,90,0,219,,0,27.7649,27.18938,22.21729
1786420631,27.02411,81.05287,90,0,219,,12,27.7649,27.12165,22.25135
1786420631,27.08286,81.18105,90,0,219,,0,27.79877,27.05412,22.28502
1786420632,27.05348,81.24513,90,0,219,,0,27.79877,27.12165,22.25135
1786420633,27.09621,81.25735,90,0,219,,0,27.79877,27.08778,22.18362
1786420633,26.98405,81.16579,90,0,219,,9,27.73104,27.15551,22.21729
1786420634,27.08286,81.28481,90,0,219,,2,27.7649,27.22325,22.21729
1786420635,26.94133,81.13374,90,0,219,,0,27.73104,27.15551,22.18362
1786420635,27.02411,81.22682,90,0,219,,0,27.79877,27.02005,22.25135
1786420636,26.99741,81.15816,90,0,219,,4,27.73104,27.08778,22.14976
1786420637,26.96803,81.20393,90,0,219,,3,27.7649,27.08778,22.18362
1786420637,26.92798,81.16273,90,0,219,,0,27.79877,27.22325,22.28502
1786420638,27.02411,81.21767,90,0,219,,0,27.83244,27.18938,22.25135
1786420639,27.05348,81.33974,90,0,219,,8,27.7649,27.12165,22.25135
1786420639,26.99741,81.27261,90,0,219,,18,27.79877,27.12165,22.25135
1786420640,27.01076,81.2253,90,0,219,,0,27.79877,27.12165,22.28502
1786420641,27.01076,81.15205,90,0,219,,0,27.79877,27.02005,22.31888
1786420641,26.99741,81.21156,90,0,219,,4,27.7649,27.12165,22.21729
1786420642,27.08286,81.24361,90,0,219,,16,27.7649,27.08778,22.25135
1786420643,26.98405,81.16579,90,0,219,,0,27.79877,27.15551,22.21729
1786420643,27.01076,81.23445,90,0,219,,0,27.7649,27.18938,22.21729
1786420644,26.99741,81.0666,90,0,220,,0,27.7649,27.18938,22.21729
1786420645,27.09621,81.20699,90,0,219,,12,27.79877,27.12165,22.25135
1786420646,27.06684,81.30312,90,0,219,,0,27.79877,27.12165,22.18362
1786420646,27.09621,81.29855,90,0,219,,0,27.7649,27.12165,22.28502
1786420647,27.05348,81.2665,90,0,219,,0,27.79877,27.15551,22.21729
1786420648,27.10956,81.2314,90,0,219,,9,27.83244,27.15551,22.25135
1786420648,27.04013,81.18105,90,0,219,,0,27.73104,27.12165,22.25135
1786420649,26.99741,81.25277,90,0,219,,0,27.79877,27.15551,22.25135
1786420650,26.99741,81.2314,90,0,219,,0,27.7649,27.08778,22.28502
1786420650,27.01076,81.35043,90,0,219,,16,27.7649,27.15551,22.25135
1786420651,26.95468,81.19936,90,0,219,,0,27.79877,27.08778,22.21729
1786420652,26.94133,81.14442,90,0,219,,0,27.73104,27.12165,22.28502
1786420652,26.91195,81.3138,90,0,219,,0,27.79877,27.15551,22.28502
1786420653,26.98405,81.22682,90,0,219,,13,27.79877,27.12165,22.21729
1786420654,27.01076,81.28634,90,0,219,,0,27.79877,27.18938,22.25135
1786420654,27.06684,81.37637,90,0,219,,0,27.79877,27.12165,22.21729
1786420655,27.02411,81.41451,90,0,219,,0,27.7649,27.02005,22.25135
1786420656,26.99741,81.21156,90,0,219,,17,27.79877,27.15551,22.31888
1786420656,26.94133,81.35348,90,0,219,,0,27.7649,27.08778,22.18362
1786420657,26.92798,81.24361,90,0,219,,0,27.7649,27.08778,22.28502
1786420658,27.05348,81.30923,90,0,219,,1,27.79877,27.08778,22.18362
1786420658,26.98405,81.26803,90,0,219,,16,27.79877,27.12165,22.25135
1786420659,26.96803,81.2665,90,0,219,,0,27.7649,27.18938,22.25135
1786420660,26.98405,81.34432,90,0,219,,0,27.7649,27.15551,22.25135
1786420660,26.92798,81.17189,90,0,219,,0,27.83244,27.08778,22.28502
1786420661,26.99741,81.25277,90,0,219,,11,27.83244,27.15551,22.21729
1786420662,27.04013,81.39925,90,0,219,,0,27.79877,27.05412,22.25135
1786420662,27.02411,81.21767,90,0,219,,0,27.79877,27.15551,22.25135
1786420663,27.04013,81.25277,90,0,219,,0,27.7649,27.08778,22.21729
1786420664,26.96803,81.13985,90,0,219,,15,27.79877,27.15551,22.21729
1786420665,26.99741,81.2314,90,0,220,,0,27.79877,27.08778,22.25135
1786420665,27.09621,81.12154,90,0,219,,0,27.7649,27.12165,22.25135
1786420666,27.01076,81.06966,90,0,219,,0,27.7649,27.15551,22.25135
1786420667,27.02411,81.25887,90,0,219,,2,27.7649,27.08778,22.25135
1786420667,26.92798,81.19325,90,0,219,,6,27.73104,27.15551,22.28502
1786420668,27.02411,81.27108,90,0,219,,0,27.79877,27.12165,22.21729
1786420669,26.91195,81.19783,90,0,219,,0,27.73104,27.08778,22.18362
1786420669,27.05348,81.30923,90,0,219,,11,27.7649,27.12165,22.21729
1786420670,27.06684,81.20851,90,0,219,,8,27.7649,27.18938,22.18362
1786420671,27.01076,81.27718,90,0,219,,0,27.79877,27.15551,22.25135
1786420671,26.95468,81.19936,90,0,219,,0,27.7649,27.15551,22.18362
1786420672,26.98405,81.11238,90,0,219,,6,27.79877,27.15551,22.31888
1786420673,26.99741,81.17036,90,0,219,,9,27.7649,27.12165,22.18362
1786420673,26.95468,81.19936,90,0,219,,0,27.73104,27.15551,22.31888
1786420674,26.99741,81.29397,90,0,219,,0,27.7649,27.15551,22.25135
1786420675,27.02411,81.25887,90,0,219,,3,27.7649,27.08778,22.25135
1786420675,26.98405,81.17647,90,0,219,,8,27.73104,27.15551,22.28502
1786420676,27.06684,81.18867,90,0,219,,0,27.79877,27.05412,22.18362
1786420677,27.04013,81.149,90,0,219,,0,27.7649,27.08778,22.25135
1786420677,27.01076,81.24513,90,0,219,,2,27.7649,27.12165,22.25135
1786420678,26.98405,81.20851,90,0,219,,19,27.7649,27.15551,22.18362
1786420679,27.05348,81.2665,90,0,219,,0,27.79877,27.12165,22.25135
1786420679,27.06684,81.27108,90,0,219,,0,27.73104,27.15551,22.18362
1786420680,27.08286,81.31686,90,0,219,,9,27.7649,27.08778,22.21729
1786420681,27.04013,81.24361,90,0,219,,16,27.73104,27.18938,22.25135
1786420681,26.98405,81.15663,90,0,219,,0,27.7649,27.02005,22.18362
1786420682,26.92798,81.16273,90,0,219,,0,27.7649,27.05412,22.25135
1786420683,27.04013,81.22224,90,0,219,,11,27.7649,27.22325,22.21729
1786420683,27.02411,81.31228,90,0,219,,16,27.73104,27.12165,22.14976
1786420684,26.99741,81.17036,90,0,220,,0,27.7649,27.08778,22.21729
1786420685,27.05348,81.21614,90,0,219,,0,27.79877,27.12165,22.18362
1786420686,26.98405,81.24818,90,0,219,,2,27.7649,27.15551,22.28502
1786420686,27.08286,81.2253,90,0,219,,1,27.7649,27.08778,22.31888
1786420687,27.04013,81.2314,90,0,219,,0,27.83244,27.12165,22.21729
1786420688,26.96803,81.20393,90,0,219,,0,27.7649,27.12165,22.18362
1786420688,26.95468,81.17952,90,0,219,,12,27.73104,27.12165,22.28502
1786420689,27.02411,81.25887,90,0,219,,0,27.79877,27.25711,22.18362
1786420690,26.99741,81.17036,90,0,219,,0,27.7649,27.15551,22.18362
1786420690,26.95468,81.17036,90,0,219,,0,27.7649,27.08778,22.18362
1786420691,27.02411,81.19783,90,0,219,,16,27.7649,27.15551,22.31888
1786420692,26.96803,81.27566,90,0,219,,0,27.79877,27.02005,22.28502
1786420692,26.96803,81.20393,90,0,219,,0,27.7649,27.08778,22.25135
1786420693,27.05348,81.41299,90,0,220,,9,27.7649,27.12165,22.21729
1786420694,26.94133,81.20699,90,0,219,,10,27.7649,27.12165,22.21729
1786420694,27.01076,81.2543,90,0,220,,0,27.7649,27.08778,22.28502
1786420695,27.01076,81.2665,90,0,219,,0,27.7649,27.08778,22.28502
1786420696,27.09621,81.21614,90,0,219,,2,27.7649,27.18938,22.31888
1786420696,27.01076,81.2665,90,0,219,,0,27.79877,27.22325,22.28502
1786420697,27.04013,81.34585,90,0,219,,0,27.7649,27.12165,22.28502
1786420698,27.01076,81.19478,90,0,219,,0,27.73104,27.15551,22.21729
1786420698,26.94133,81.15663,90,0,219,,12,27.83244,27.15551,22.25135
1786420699,27.01076,81.1841,90,0,219,,0,27.7649,27.15551,22.25135
1786420700,27.04013,81.29549,90,0,219,,0,27.79877,27.15551,22.18362
1786420700,27.09621,81.29855,90,0,219,,2,27.7649,27.05412,22.18362
1786420701,27.04013,81.18105,90,0,219,,11,27.79877,27.05412,22.28502
1786420702,27.04013,81.22224,90,0,219,,0,27.79877,27.15551,22.35275
1786420702,27.01076,81.12154,90,0,219,,0,27.79877,27.15551,22.28502
1786420703,26.96803,81.21309,90,0,219,,2,27.79877,27.02005,22.25135
1786420704,27.04013,81.24361,90,0,219,,9,27.7649,27.12165,22.25135
1786420705,27.05348,81.19478,90,0,219,,0,27.7649,27.12165,22.28502
1786420705,26.99741,81.35806,90,0,219,,0,27.7649,27.08778,22.21729
1786420706,27.13893,81.23903,90,0,219,,2,27.7649,27.08778,22.28502
1786420707,27.08286,81.25277,90,0,219,,10,27.7649,27.08778,22.25135
1786420707,27.06684,81.15663,90,0,219,,0,27.7649,27.12165,22.25135
1786420708,26.96803,81.22224,90,0,219,,0,27.79877,27.15551,22.21729
1786420709,26.95468,81.13832,90,0,219,,2,27.79877,27.12165,22.21729
1786420709,26.95468,81.22072,90,0,219,,20,27.7649,27.15551,22.21729
1786420710,27.01076,81.21614,90,0,219,,0,27.7649,27.18938,22.14976
1786420711,27.04013,81.18105,90,0,219,,0,27.7649,27.12165,22.25135
1786420711,27.05348,81.27718,90,0,219,,7,27.7649,27.05412,22.25135
1786420712,27.06684,81.33212,90,0,219,,12,27.7649,27.15551,22.25135
1786420713,26.99741,81.1902,90,0,219,,0,27.73104,27.08778,22.14976
1786420713,27.02411,81.38247,90,0,219,,0,27.79877,27.12165,22.25135
1786420714,27.05348,81.1841,90,0,219,,2,27.79877,27.15551,22.28502
1786420715,26.88525,81.21156,90,0,219,,16,27.79877,27.12165,22.21729
1786420715,26.96803,81.27566,90,0,219,,0,27.73104,27.12165,22.21729
1786420716,26.99741,81.2314,90,0,219,,0,27.79877,27.08778,22.31888
1786420717,26.92798,81.13069,90,0,219,,1,27.73104,27.18938,22.28502
1786420717,27.06684,81.22072,90,0,219,,11,27.7649,27.15551,22.25135
1786420718,26.91195,81.12611,90,0,219,,0,27.7649,27.12165,22.28502
1786420719,26.95468,81.17952,90,0,219,,0,27.79877,27.15551,22.25135
1786420719,27.02411,81.23903,90,0,219,,2,27.7649,27.08778,22.25135
1786420720,26.92798,81.20241,90,0,219,,12,27.7649,27.22325,22.35275
1786420721,27.02411,81.23903,90,0,219,,0,27.79877,27.15551,22.25135
1786420721,26.88525,81.2543,90,0,219,,0,27.7649,27.15551,22.25135
1786420722,27.06684,81.16731,90,0,219,,3,27.73104,27.15551,22.25135
1786420723,26.96803,81.03761,90,0,219,,8,27.79877,27.15551,22.21729
1786420724,27.01076,81.11086,90,0,219,,0,27.79877,27.22325,22.18362
1786420724,26.92798,81.2543,90,0,220,,0,27.83244,27.18938,22.21729
1786420725,26.99741,81.22072,90,0,219,,3,27.7649,27.08778,22.28502
1786420726,26.98405,81.19783,90,0,219,,0,27.83244,27.15551,22.21729
1786420726,27.04013,81.17036,90,0,219,,0,27.83244,27.08778,22.28502
1786420727,27.08286,81.24361,90,0,219,,0,27.7649,27.08778,22.18362
1786420728,27.15228,81.37637,90,0,219,,7,27.7649,27.12165,22.21729
1786420728,27.02411,81.14442,90,0,219,,0,27.79877,27.12165,22.25135
1786420729,26.92798,81.08797,90,0,219,,0,27.79877,27.12165,22.21729
1786420730,26.99741,81.17036,90,0,219,,0,27.79877,27.12165,22.28502
1786420730,27.04013,81.18105,90,0,219,,15,27.7649,27.12165,22.25135
1786420731,27.02411,81.27108,90,0,219,,0,27.79877,27.15551,22.25135
1786420732,27.02411,81.15663,90,0,219,,0,27.7649,27.15551,22.21729
1786420732,26.98405,81.22682,90,0,219,,6,27.7649,27.18938,22.28502
1786420733,27.02411,81.14442,90,0,219,,10,27.7649,27.12165,22.28502
1786420734,26.99741,81.1902,90,0,219,,0,27.79877,27.08778,22.25135
1786420734,27.04013,81.35806,90,0,219,,0,27.7649,27.15551,22.25135
1786420735,27.01076,81.23445,90,0,219,,7,27.83244,27.15551,22.31888
1786420736,27.09621,81.15358,90,0,219,,2,27.73104,27.12165,22.28502
1786420736,27.01076,81.17189,90,0,219,,0,27.7649,27.08778,22.21729
1786420737,27.01076,81.1429,90,0,219,,0,27.79877,27.18938,22.18362
1786420738,27.01076,81.15205,90,0,219,,12,27.7649,27.12165,22.25135
1786420738,26.92798,81.0666,90,0,219,,0,27.7649,27.15551,22.25135
1786420739,26.99741,81.15816,90,0,219,,0,27.83244,27.15551,22.28502
1786420740,27.02411,81.25887,90,0,219,,0,27.7649,27.12165,22.31888
1786420740,26.95468,81.3138,90,0,219,,14,27.79877,27.15551,22.31888
1786420741,26.98405,81.20851,90,0,219,,0,27.73104,27.15551,22.28502
1786420742,27.08286,81.40993,90,0,219,,0,27.79877,27.08778,22.21729
1786420743,26.99741,81.18105,90,0,219,,10,27.7649,27.12165,22.31888
1786420743,27.04013,81.20241,90,0,219,,14,27.83244,27.08778,22.25135
1786420744,27.02411,81.19783,90,0,219,,0,27.79877,27.08778,22.21729
1786420745,27.02411,81.10323,90,0,219,,0,27.73104,27.08778,22.14976
1786420745,26.96803,81.17189,90,0,219,,5,27.7649,27.15551,22.21729
1786420746,26.98405,81.13527,90,0,219,,0,27.79877,27.15551,22.18362
1786420747,26.98405,81.15663,90,0,219,,0,27.7649,27.15551,22.25135
1786420747,26.92798,81.31686,90,0,219,,0,27.7649,27.12165,22.25135
1786420748,27.08286,81.13985,90,0,219,,18,27.83244,27.25711,22.21729
1786420749,26.98405,81.15663,90,0,219,,0,27.83244,27.18938,22.18362
1786420749,26.98405,81.09254,90,0,219,,0,27.79877,27.15551,22.21729
1786420750,27.01076,81.16273,90,0,219,,2,27.83244,26.98638,22.25135
1786420751,26.95468,81.13832,90,0,219,,16,27.83244,27.22325,22.18362
1786420751,27.01076,81.20393,90,0,219,,0,27.83244,27.02005,22.31888
1786420752,26.95468,81.25277,90,0,219,,0,27.8665,27.12165,22.25135
1786420753,26.99741,81.28481,90,0,219,,11,27.79877,27.05412,22.21729
1786420753,26.96803,81.07881,90,0,219,,27,27.7649,27.15551,22.25135
1786420754,27.02411,81.19783,90,0,219,,0,27.7649,27.08778,22.28502
1786420755,26.92798,81.19325,90,0,219,,0,27.7649,27.12165,22.21729
1786420755,26.99741,81.13832,90,0,219,,10,27.79877,27.15551,22.28502
1786420756,26.94133,81.13374,90,0,219,,11,27.79877,27.12165,22.25135
1786420757,27.06684,81.19936,90,0,220,,0,27.7649,27.22325,22.21729
1786420757,26.92798,81.19325,90,0,219,,0,27.73104,27.12165,22.25135
1786420758,26.99741,81.27261,90,0,219,,15,27.7649,27.12165,22.28502
1786420759,26.99741,81.21156,90,0,219,,10,27.7649,27.15551,22.25135
1786420759,26.99741,81.10628,90,0,219,,0,27.7649,27.12165,22.21729
1786420760,27.05348,81.25735,90,0,219,,0,27.83244,27.05412,22.28502
1786420761,26.99741,81.12917,90,0,219,,14,27.7649,27.05412,22.25135
1786420762,26.98405,81.19783,90,0,219,,0,27.7649,27.18938,22.31888
1786420762,27.04013,81.25277,90,0,219,,0,27.7649,27.15551,22.18362
1786420763,26.96803,81.15205,90,0,219,,0,27.7649,27.18938,22.25135
1786420764,26.99741,81.17036,90,0,219,,14,27.79877,27.12165,22.14976
1786420764,27.04013,81.16121,90,0,220,,0,27.7649,27.08778,22.25135
1786420765,26.99741,81.42825,90,0,219,,0,27.73104,27.18938,22.28502
1786420766,27.04013,81.149,90,0,219,,0,27.79877,27.15551,22.21729
1786420766,27.01076,81.2253,90,0,219,,5,27.7649,27.12165,22.21729
1786420767,26.98405,81.22682,90,0,219,,0,27.7649,27.05412,22.21729
1786420768,27.02411,81.16579,90,0,219,,0,27.79877,27.18938,22.21729
1786420768,27.02411,81.19783,90,0,219,,6,27.83244,27.15551,22.25135
1786420769,26.98405,81.13527,90,0,219,,13,27.79877,27.12165,22.21729
1786420770,27.05348,81.24513,90,0,219,,0,27.7649,27.18938,22.25135
1786420770,27.01076,81.19478,90,0,219,,0,27.79877,27.12165,22.28502
1786420771,27.04013,81.16121,90,0,219,,3,27.79877,27.15551,22.21729
1786420772,27.02411,81.06203,90,0,219,,8,27.83244,27.05412,22.31888
1786420772,26.94133,81.21614,90,0,219,,0,27.79877,27.08778,22.21729
1786420773,26.98405,81.07118,90,0,219,,0,27.79877,27.12165,22.31888
1786420774,27.04013,81.31686,90,0,219,,11,27.83244,27.25711,22.35275
1786420774,26.95468,81.15816,90,0,220,,0,27.7649,27.15551,22.21729
1786420775,27.04013,81.34585,90,0,219,,0,27.7649,27.12165,22.25135
1786420776,26.96803,81.22224,90,0,219,,0,27.79877,27.08778,22.25135
1786420776,27.02411,81.23903,90,0,219,,3,27.7649,27.12165,22.25135
1786420777,27.06684,81.14748,90,0,219,,0,27.79877,27.15551,22.14976
1786420778,26.96803,81.20393,90,0,219,,0,27.79877,27.12165,22.21729
1786420778,26.99741,81.18105,90,0,219,,5,27.7649,27.12165,22.21729
1786420779,26.99741,81.09712,90,0,219,,9,27.7649,27.05412,22.28502
1786420780,27.01076,81.21614,90,0,219,,0,27.7649,27.05412,22.25135
1786420781,26.99741,81.37637,90,0,219,,0,27.79877,27.08778,22.25135
1786420781,27.04013,81.07881,90,0,219,,14,27.7649,27.15551,22.18362
1786420782,27.02411,81.16579,90,0,219,,12,27.7649,27.08778,22.18362
1786420783,27.02411,81.13527,90,0,219,,0,27.83244,27.15551,22.28502
1786420783,26.92798,81.11086,90,0,219,,0,27.79877,27.22325,22.28502
1786420784,27.08286,81.16121,90,0,219,,12,27.7649,27.12165,22.25135
1786420785,27.05348,81.25735,90,0,220,,0,27.83244,27.15551,22.21729
1786420785,26.98405,81.09254,90,0,219,,0,27.7649,27.08778,22.28502
1786420786,27.02411,81.20851,90,0,219,,0,27.79877,27.18938,22.25135
1786420787,26.99741,81.24055,90,0,219,,3,27.79877,27.12165,22.21729
1786420787,27.09621,81.27718,90,0,219,,0,27.73104,27.18938,22.25135
1786420788,26.91195,81.06203,90,0,219,,0,27.79877,27.05412,22.25135
1786420789,27.02411,81.23903,90,0,219,,5,27.79877,27.08778,22.25135
1786420789,26.98405,81.29092,90,0,219,,15,27.7649,27.12165,22.31888
1786420790,26.98405,81.14442,90,0,219,,0,27.7649,27.12165,22.25135
1786420791,27.05348,81.20699,90,0,219,,0,27.7649,27.12165,22.25135
1786420791,27.08286,81.18105,90,0,219,,16,27.7649,27.12165,22.28502
1786420792,26.94133,81.11238,90,0,219,,10,27.7649,27.12165,22.21729
1786420793,26.99741,81.20241,90,0,219,,0,27.73104,27.12165,22.21729
1786420793,26.91195,81.10628,90,0,219,,0,27.7649,27.12165,22.25135
1786420794,27.04013,81.22224,90,0,219,,6,27.79877,27.15551,22.28502
1786420795,26.96803,81.21309,90,0,219,,0,27.7649,27.08778,22.28502
1786420795,27.04013,81.42825,90,0,219,,0,27.79877,27.18938,22.21729
1786420796,26.94133,81.13374,90,0,219,,0,27.79877,27.08778,22.25135
1786420797,27.02411,81.30007,90,0,219,,9,27.7649,27.12165,22.21729
1786420797,26.95468,81.1902,90,0,219,,0,27.7649,27.12165,22.25135
1786420798,26.99741,81.0666,90,0,219,,0,27.7649,27.18938,22.21729
1786420799,26.99741,81.149,90,0,219,,15,27.7649,27.05412,22.28502
1786420800,26.95468,81.13832,90,0,219,,1,27.79877,27.08778,22.21729
1786420800,27.01076,81.20393,90,0,219,,0,27.79877,27.12165,22.35275
1786420801,26.96803,81.09865,90,0,219,,0,27.79877,27.12165,22.25135
1786420802,26.98405,81.19783,90,0,219,,6,27.79877,27.18938,22.25135
1786420802,26.86923,81.18562,90,0,219,,0,27.73104,27.22325,22.31888
1786420803,27.04013,81.31686,90,0,219,,0,27.69717,27.05412,22.28502
