TS,Tamb,Hamb,DirVento,VelVento,NivelAgua,NivelAguaC,radSolar,Ttanque1,Ttanque2,Ttanque3
1786935600,27.02411,79.24467,23,0,,,,27.22325,27.69717,23.16393
1786935600,27.02411,79.24467,23,0,,,,27.39258,27.7649,22.96113
1786935601,26.91195,79.17601,23,0,,,,27.29098,27.62944,22.9948
1786935602,27.05348,79.25384,23,0,,,,27.25711,27.73104,23.1978
1786935602,26.95468,79.06157,23,0,,,,27.22325,27.69717,22.96113
1786935603,27.01076,79.10735,23,0,,,,27.25711,27.73104,22.8934
1786935604,27.02411,79.24467,23,0,,,,27.22325,27.83244,22.9948
1786935604,27.09621,78.93187,23,0,,,,27.29098,27.7649,22.92727
1786935605,27.04013,78.97002,23,0,,,,27.18938,27.79877,22.96113
1786935606,27.04013,78.90898,23,0,,,,27.29098,27.7649,23.02867
1786935606,26.96803,78.91966,23,0,,,,27.29098,27.7649,23.02867
1786935607,27.06684,79.00969,23,0,,,,27.15551,27.7649,23.13006
1786935608,27.01076,78.94102,23,0,,,,27.29098,27.69717,23.23146
1786935608,27.08286,78.93797,23,0,,,,27.25711,27.83244,23.06253
1786935609,27.01076,78.82811,23,0,,,,27.25711,27.73104,22.9948
1786935610,27.12291,78.77318,23,0,,,,27.32484,27.59557,22.96113
1786935610,26.98405,78.7396,23,0,,,,27.25711,27.73104,23.13006
1786935611,27.05348,78.75792,23,0,,,,27.25711,27.66331,22.9948
1786935612,26.98405,78.78996,23,0,,,,27.25711,27.73104,23.1978
1786935612,27.05348,78.7457,23,0,,,,27.25711,27.66331,23.06253
1786935613,26.86923,78.62669,23,0,,,,27.32484,27.69717,22.92727
1786935614,27.02411,78.67551,23,0,,,,27.25711,27.62944,22.96113
1786935614,27.02411,78.61295,23,0,,,,27.22325,27.73104,22.9948
1786935615,27.04013,78.74113,23,0,,,,27.22325,27.73104,23.13006
1786935616,27.04013,78.69993,23,0,,,,27.29098,27.66331,23.02867
1786935616,26.94133,78.66636,23,0,,,,27.25711,27.90037,22.9948
1786935617,27.02411,78.72739,23,0,,,,27.29098,27.66331,23.02867
1786935618,26.92798,78.51682,23,0,,,,27.22325,27.7649,22.85974
1786935618,27.01076,78.57938,23,0,,,,27.25711,27.79877,23.16393
1786935619,26.96803,78.53819,23,0,,,,27.32484,27.73104,22.92727
1786935620,26.95468,78.56565,23,0,,,,27.22325,27.79877,23.16393
1786935620,26.98405,78.39628,23,0,,,,27.25711,27.79877,22.96113
1786935621,27.02411,78.47868,23,0,,,,27.22325,27.73104,22.96113
1786935622,26.96803,78.44358,23,0,,,,27.35871,27.73104,22.9948
1786935622,26.99741,78.31541,23,0,,,,27.12165,27.83244,22.9948
1786935623,27.04013,78.29557,23,0,,,,27.32484,27.83244,23.06253
1786935623,26.96803,78.36118,23,0,,,,27.25711,27.69717,22.92727
1786935624,26.92798,78.21469,23,0,,,,27.15551,27.90037,22.8934
1786935625,26.95468,78.21317,23,0,,,,27.32484,27.79877,22.85974
1786935625,27.01076,78.14145,23,0,,,,27.29098,27.90037,22.9948
1786935626,27.04013,78.14908,23,0,,,,27.29098,27.83244,23.02867
1786935627,26.94133,78.03159,23,0,,,,27.25711,27.73104,23.02867
1786935627,27.04013,77.99344,23,0,,,,27.25711,27.83244,22.8934
1786935628,26.96803,78.0499,23,0,,,,27.22325,27.7649,23.02867
1786935629,27.08286,77.94308,23,0,,,,27.35871,27.7649,23.16393
1786935629,26.92798,77.89426,23,0,,,,27.32484,27.7649,22.92727
1786935630,26.94133,77.76151,23,0,,,,27.25711,27.83244,23.02867
1786935631,26.91195,77.7966,23,0,,,,27.22325,27.7649,22.85974
1786935631,26.98405,77.77371,23,0,,,,27.29098,27.79877,22.92727
1786935632,26.95468,78.04532,23,0,,,,27.29098,27.90037,23.06253
1786935633,26.92798,77.72793,23,0,,,,27.25711,27.7649,22.9948
1786935633,27.05348,77.73861,23,0,,,,27.29098,27.66331,22.9948
1786935634,27.01076,77.64553,23,0,,,,27.25711,27.66331,22.9948
1786935635,26.86923,77.61044,23,0,,,,27.25711,27.7649,23.0962
1786935635,26.99741,77.61044,23,0,,,,27.22325,27.69717,22.8934
1786935636,26.99741,77.59975,23,0,,,,27.32484,27.8665,22.8934
1786935637,26.96803,77.58297,23,0,,,,27.32484,27.73104,22.9948
1786935637,26.94133,77.5967,22,0,,,,27.29098,27.52784,23.06253
1786935638,26.94133,77.5555,23,0,,,,27.35871,27.7649,22.92727
1786935639,27.01076,77.43649,23,0,,,,27.32484,27.59557,22.9948
1786935639,26.98405,77.48226,23,0,,,,27.29098,27.62944,22.9948
1786935640,26.96803,77.57229,23,0,,,,27.22325,27.66331,23.0962
1786935641,26.98405,77.49447,23,0,,,,27.32484,27.59557,22.9948
1786935641,26.92798,77.64553,23,0,,,,27.35871,27.7649,23.13006
1786935642,27.02411,77.76151,23,0,,,,27.32484,27.8665,23.06253
1786935643,26.96803,77.59212,23,0,,,,27.29098,27.79877,22.9948
1786935643,26.94133,77.54482,23,0,,,,27.18938,27.8665,23.0962
1786935644,26.99741,77.64248,23,0,,,,27.22325,27.79877,22.8934
1786935645,26.95468,77.65011,23,0,,,,27.25711,27.79877,23.02867
1786935645,27.04013,77.61044,22,0,,,,27.29098,27.59557,22.85974
1786935646,27.10956,77.70962,23,0,,,,27.32484,27.66331,22.82587
1786935647,26.95468,77.50515,23,0,,,,27.18938,27.7649,23.02867
1786935647,26.92798,77.59212,23,0,,,,27.29098,27.83244,22.92727
1786935648,27.05348,77.58297,23,0,,,,27.25711,27.73104,23.02867
1786935649,27.08286,77.73403,23,0,,,,27.29098,27.69717,23.06253
1786935649,26.95468,77.5906,23,0,,,,27.32484,27.7649,22.96113
1786935650,27.02411,77.70046,23,0,,,,27.25711,27.73104,23.1978
1786935651,27.12291,77.69283,23,0,,,,27.29098,27.7649,23.02867
1786935651,26.99741,77.73403,23,0,,,,27.29098,27.79877,22.9948
1786935652,27.01076,77.72793,23,0,,,,27.25711,27.79877,23.06253
1786935653,26.98405,77.80576,23,0,,,,27.35871,27.7649,23.06253
1786935653,27.01076,77.83017,23,0,,,,27.22325,27.7649,22.92727
1786935654,27.01076,77.77982,23,0,,,,27.25711,27.7649,23.06253
1786935655,26.95468,77.62264,23,0,,,,27.32484,27.83244,22.92727
1786935655,27.02411,77.72945,23,0,,,,27.25711,27.79877,22.96113
1786935656,27.10956,77.6791,23,0,,,,27.22325,27.79877,23.06253
1786935657,27.06684,77.66994,23,0,,,,27.32484,27.62944,23.16393
1786935657,27.01076,77.56008,23,0,,,,27.22325,27.83244,23.02867
1786935658,26.96803,77.63638,23,0,,,,27.22325,27.83244,22.9948
1786935659,26.98405,77.5967,23,0,,,,27.25711,27.69717,23.0962
1786935659,26.88525,77.62417,23,0,,,,27.25711,27.83244,23.02867
1786935660,26.98405,77.60891,23,0,,,,27.25711,27.69717,22.96113
1786935661,26.98405,77.57687,23,0,,,,27.18938,27.93403,22.9948
1786935661,27.01076,77.54025,23,0,,,,27.29098,27.66331,23.06253
1786935662,26.99741,77.673,23,0,,,,27.29098,27.69717,22.96113
1786935662,27.06684,77.74166,23,0,,,,27.22325,27.7649,22.92727
1786935663,26.99741,77.673,23,0,,,,27.25711,27.66331,23.06253
1786935664,27.05348,77.72793,23,0,,,,27.25711,27.59557,23.0962
1786935664,26.94133,77.61806,23,0,,,,27.22325,27.7649,23.0962
1786935665,27.02411,77.70962,23,0,,,,27.29098,27.73104,22.8934
1786935666,26.98405,77.6791,23,0,,,,27.35871,27.73104,23.16393
1786935666,26.95468,77.61044,23,0,,,,27.32484,27.59557,23.0962
1786935667,26.96803,77.84238,23,0,,,,27.35871,27.69717,23.06253
1786935668,27.08286,77.88052,23,0,,,,27.18938,27.69717,22.8934
1786935668,26.99741,77.82864,23,0,,,,27.25711,27.7649,23.06253
1786935669,26.99741,77.78745,23,0,,,,27.32484,27.73104,22.82587
1786935670,26.96803,77.90341,23,0,,,,27.35871,27.69717,22.9948
1786935670,27.02411,77.81491,23,0,,,,27.18938,27.83244,23.06253
1786935671,27.05348,77.83017,23,0,,,,27.39258,27.73104,22.9948
1786935672,27.04013,77.8378,23,0,,,,27.22325,27.66331,22.9948
1786935672,27.09621,77.9675,23,0,,,,27.29098,27.7649,23.13006
1786935673,26.99741,77.8378,23,0,,,,27.25711,27.73104,23.0962
1786935674,27.02411,77.81491,23,0,,,,27.29098,27.66331,23.06253
1786935674,27.02411,77.86526,23,0,,,,27.18938,27.7649,23.13006
1786935675,27.06684,77.9614,23,0,,,,27.29098,27.79877,22.96113
1786935676,27.01076,77.89426,22,0,,,,27.18938,27.7649,22.96113
1786935676,27.02411,77.86526,23,0,,,,27.25711,27.73104,23.02867
1786935677,26.98405,77.88815,23,0,,,,27.18938,27.79877,22.9948
1786935678,27.09621,77.99802,23,0,,,,27.25711,27.69717,22.9948
1786935678,27.08286,78.00412,23,0,,,,27.29098,27.83244,22.9948
1786935679,27.06684,77.93851,23,0,,,,27.39258,27.69717,23.06253
1786935680,26.98405,77.92935,23,0,,,,27.32484,27.73104,23.13006
1786935680,27.08286,77.97513,23,0,,,,27.29098,27.73104,23.02867
1786935681,27.02411,77.93851,23,0,,,,27.22325,27.66331,23.0962
1786935682,26.95468,77.99344,23,0,,,,27.35871,27.66331,23.02867
1786935682,26.96803,77.81033,23,0,,,,27.18938,27.7649,23.16393
1786935683,26.96803,77.93546,23,0,,,,27.22325,27.79877,22.8934
1786935684,27.01076,77.87442,23,0,,,,27.32484,27.56171,23.02867
1786935684,27.05348,77.84238,23,0,,,,27.32484,27.73104,22.92727
1786935685,26.92798,77.66537,23,0,,,,27.22325,27.79877,22.85974
1786935686,27.02411,77.66842,23,0,,,,27.29098,27.69717,23.13006
1786935686,27.09621,77.76913,23,0,,,,27.29098,27.7649,23.02867
1786935687,26.99741,77.72488,23,0,,,,27.22325,27.66331,22.92727
1786935688,27.04013,77.54635,23,0,,,,27.18938,27.79877,22.9948
1786935688,27.05348,77.59212,23,0,,,,27.22325,27.7649,22.96113
1786935689,27.10956,77.54482,23,0,,,,27.35871,27.66331,22.9948
1786935690,27.05348,77.57229,23,0,,,,27.22325,27.7649,23.06253
1786935690,26.96803,77.48989,23,0,,,,27.22325,27.83244,23.06253
1786935691,27.01076,77.50057,23,0,,,,27.29098,27.73104,23.0962
1786935692,27.02411,77.44106,23,0,,,,27.29098,27.62944,23.0962
1786935692,27.01076,77.48989,23,0,,,,27.29098,27.62944,23.16393
1786935693,26.98405,77.40902,23,0,,,,27.25711,27.7649,22.85974
1786935694,26.96803,77.36324,23,0,,,,27.29098,27.7649,22.96113
1786935694,26.96803,77.29305,23,0,,,,27.22325,27.62944,23.06253
1786935695,27.01076,77.22896,23,0,,,,27.25711,27.7649,22.8934
1786935696,26.92798,77.31289,23,0,,,,27.22325,27.59557,23.06253
1786935696,26.94133,77.18013,23,0,,,,27.25711,27.7649,22.92727
1786935697,27.04013,77.28848,23,0,,,,27.25711,27.8665,22.92727
1786935698,27.02411,77.10689,23,0,,,,27.22325,27.83244,22.92727
1786935698,26.92798,77.06416,23,0,,,,27.29098,27.7649,23.06253
1786935699,27.04013,77.22591,23,0,,,,27.22325,27.73104,22.792
1786935700,27.06684,77.13893,23,0,,,,27.29098,27.56171,23.06253
1786935700,26.92798,77.02296,23,0,,,,27.25711,27.62944,22.85974
1786935701,26.99741,77.07027,23,0,,,,27.29098,27.8665,22.96113
1786935701,27.01076,77.10536,23,0,,,,27.29098,27.7649,23.02867
1786935702,27.06684,77.08705,23,0,,,,27.29098,27.7649,22.96113
1786935703,27.05348,77.0428,23,0,,,,27.29098,27.66331,23.0962
1786935703,26.98405,77.16182,23,0,,,,27.29098,27.79877,22.9948
1786935704,27.02411,77.04585,23,0,,,,27.35871,27.83244,23.0962
1786935705,27.16564,77.06111,23,0,,,,27.25711,27.79877,23.0962
1786935705,27.02411,76.98329,23,0,,,,27.22325,27.79877,22.9948
1786935706,27.02411,77.02754,23,0,,,,27.25711,27.73104,23.02867
1786935707,26.99741,77.05043,23,0,,,,27.29098,27.66331,22.96113
1786935707,27.05348,77.15724,23,0,,,,27.29098,27.8665,23.0962
1786935708,27.05348,76.98177,23,0,,,,27.29098,27.69717,22.96113
1786935709,27.01076,76.78188,23,0,,,,27.22325,27.66331,23.06253
1786935709,27.01076,76.88716,23,0,,,,27.29098,27.90037,22.92727
1786935710,26.98405,76.93294,23,0,,,,27.25711,27.49417,23.02867
1786935711,26.96803,76.93752,23,0,,,,27.39258,27.69717,22.96113
1786935711,26.99741,76.94667,23,0,,,,27.22325,27.66331,23.02867
1786935712,26.99741,77.00923,23,0,,,,27.35871,27.62944,23.06253
1786935713,27.02411,76.82765,23,0,,,,27.22325,27.7649,22.92727
1786935713,26.98405,77.0367,23,0,,,,27.22325,27.7649,22.92727
1786935714,26.96803,77.05196,23,0,,,,27.32484,27.8665,22.9948
1786935715,26.99741,76.95583,23,0,,,,27.32484,27.66331,22.96113
1786935715,27.09621,76.98177,23,0,,,,27.18938,27.83244,22.9948
1786935716,27.05348,77.0428,23,0,,,,27.29098,27.69717,22.92727
1786935717,27.02411,77.02754,23,0,,,,27.35871,27.59557,22.85974
1786935717,26.98405,77.0367,23,0,,,,27.32484,27.79877,23.02867
1786935718,27.01076,77.0428,23,0,,,,27.25711,27.66331,22.9948
1786935719,26.96803,77.1252,23,0,,,,27.29098,27.69717,22.9948
1786935719,26.96803,77.09315,23,0,,,,27.29098,27.73104,22.92727
1786935720,27.02411,77.17097,23,0,,,,27.18938,27.7649,23.23146
1786935721,27.08286,77.29916,23,0,,,,27.29098,27.7649,22.9948
1786935721,27.12291,77.30831,23,0,,,,27.22325,27.7649,23.06253
1786935722,26.95468,77.34951,23,0,,,,27.22325,27.62944,23.02867
1786935723,26.99741,77.48684,23,0,,,,27.25711,27.62944,22.92727
1786935723,27.05348,77.50973,23,0,,,,27.29098,27.52784,22.9948
1786935724,27.02411,77.32662,23,0,,,,27.25711,27.59557,22.8934
1786935725,27.05348,77.45785,23,0,,,,27.29098,27.7649,23.13006
1786935725,27.06684,77.72945,23,0,,,,27.39258,27.69717,22.85974
1786935726,27.12291,77.72335,23,0,,,,27.29098,27.83244,22.92727
1786935727,27.06684,77.82559,23,0,,,,27.32484,27.73104,22.8934
1786935727,27.04013,77.91104,23,0,,,,27.29098,27.69717,22.96113
1786935728,27.02411,78.09415,23,0,,,,27.35871,27.69717,23.02867
1786935729,27.05348,78.09109,23,0,,,,27.29098,27.7649,23.13006
1786935729,27.12291,78.21317,23,0,,,,27.35871,27.66331,22.9948
1786935730,27.02411,78.24063,23,0,,,,27.18938,27.7649,22.9948
1786935731,26.95468,78.34745,23,0,,,,27.25711,27.7649,22.96113
1786935731,26.99741,78.4802,23,0,,,,27.32484,27.7649,23.02867
1786935732,27.05348,78.44358,23,0,,,,27.25711,27.7649,23.16393
1786935733,27.05348,78.54887,23,0,,,,27.29098,27.66331,23.06253
1786935733,27.02411,78.65415,23,0,,,,27.25711,27.7649,22.96113
1786935734,26.99741,78.60685,23,0,,,,27.25711,27.69717,22.9948
1786935735,26.96803,78.72587,23,0,,,,27.29098,27.83244,22.85974
1786935735,27.05348,78.76402,23,0,,,,27.29098,27.7649,22.9948
1786935736,27.01076,78.84947,23,0,,,,27.29098,27.56171,22.96113
1786935737,27.02411,78.69535,23,0,,,,27.29098,27.7649,22.96113
1786935737,27.02411,79.02953,23,0,,,,27.29098,27.62944,23.06253
1786935738,26.96803,78.95171,23,0,,,,27.25711,27.62944,23.06253
1786935739,27.08286,78.89983,23,0,,,,27.35871,27.79877,22.96113
1786935739,27.05348,78.91356,23,0,,,,27.25711,27.79877,22.92727
1786935740,27.06684,78.83116,23,0,,,,27.25711,27.79877,22.9948
1786935741,26.99741,78.88762,23,0,,,,27.25711,27.69717,22.8934
1786935741,26.8986,78.851,23,0,,,,27.22325,27.66331,22.92727
1786935742,27.02411,79.03868,23,0,,,,27.32484,27.83244,23.02867
1786935742,27.02411,78.79912,23,0,,,,27.25711,27.79877,23.02867
1786935743,27.15228,78.96544,23,0,,,,27.22325,27.66331,22.8934
1786935744,26.96803,79.00511,23,0,,,,27.29098,27.59557,22.9948
1786935744,27.04013,78.89677,23,0,,,,27.25711,27.73104,22.9948
1786935745,27.08286,78.95018,23,0,,,,27.18938,27.69717,22.85974
1786935746,26.99741,78.84489,23,0,,,,27.22325,27.83244,23.16393
1786935746,27.06684,78.8632,23,0,,,,27.25711,27.73104,23.0962
1786935747,27.01076,78.93187,23,0,,,,27.25711,27.73104,23.13006
1786935748,27.04013,78.87694,23,0,,,,27.18938,27.7649,22.9948
1786935748,26.96803,78.72587,23,0,,,,27.35871,27.66331,23.02867
1786935749,26.98405,78.6984,23,0,,,,27.29098,27.59557,22.8934
1786935750,27.06684,78.71824,23,0,,,,27.35871,27.79877,22.9948
1786935750,27.08286,78.58854,23,0,,,,27.22325,27.90037,23.16393
1786935751,27.06684,78.57175,23,0,,,,27.25711,27.7649,23.0962
1786935752,26.99741,78.5565,23,0,,,,27.25711,27.73104,23.02867
1786935752,26.95468,78.47105,23,0,,,,27.22325,27.73104,23.06253
1786935753,27.05348,78.44358,23,0,,,,27.29098,27.56171,22.9948
1786935754,27.04013,78.37797,23,0,,,,27.25711,27.83244,23.1978
1786935754,27.04013,78.25437,23,0,,,,27.22325,27.73104,23.02867
1786935755,26.98405,78.28184,23,0,,,,27.29098,27.79877,23.0962
1786935756,27.02411,78.19943,23,0,,,,27.29098,27.73104,23.0962
1786935756,26.96803,78.17349,23,0,,,,27.32484,27.73104,22.8934
1786935757,26.92798,78.00717,23,0,,,,27.29098,27.73104,22.9948
1786935758,26.95468,78.05753,23,0,,,,27.32484,27.7649,23.02867
1786935758,26.96803,78.00717,23,0,,,,27.25711,27.66331,22.92727
1786935759,27.04013,78.01633,23,0,,,,27.25711,27.62944,23.06253
1786935760,27.06684,77.98123,23,0,,,,27.29098,27.62944,23.02867
1786935760,26.96803,77.76913,23,0,,,,27.29098,27.7649,23.13006
1786935761,27.05348,77.81186,23,0,,,,27.25711,27.69717,22.9948
1786935762,27.01076,77.69588,23,0,,,,27.18938,27.66331,23.06253
1786935762,26.95468,77.61044,23,0,,,,27.15551,27.66331,22.9948
1786935763,26.98405,77.50362,23,0,,,,27.29098,27.69717,22.92727
1786935764,27.05348,77.50057,23,0,,,,27.25711,27.7649,23.16393
1786935764,27.06684,77.61806,23,0,,,,27.22325,27.7649,22.8934
1786935765,26.98405,77.36782,23,0,,,,27.25711,27.73104,23.0962
1786935766,26.96803,77.29305,23,0,,,,27.29098,27.66331,22.9948
1786935766,26.8986,77.19234,23,0,,,,27.25711,27.66331,22.92727
1786935767,27.09621,77.2198,23,0,,,,27.29098,27.9681,23.02867
1786935768,27.05348,77.23964,23,0,,,,27.22325,27.79877,22.92727
1786935768,27.01076,77.084,23,0,,,,27.25711,27.7649,23.06253
1786935769,27.01076,77.14656,23,0,,,,27.29098,27.66331,23.13006
1786935770,27.04013,77.15266,23,0,,,,27.18938,27.8665,22.96113
1786935770,27.02411,77.08705,23,0,,,,27.35871,27.7649,23.02867
1786935771,27.02411,76.98329,23,0,,,,27.22325,27.62944,23.06253
1786935772,27.04013,77.05043,23,0,,,,27.29098,27.73104,22.96113
1786935772,27.01076,76.93752,23,0,,,,27.32484,27.7649,22.9948
1786935773,27.02411,77.15114,23,0,,,,27.32484,27.79877,22.9948
1786935774,27.06684,77.00465,23,0,,,,27.22325,27.79877,22.9948
1786935774,27.01076,76.98177,23,0,,,,27.22325,27.66331,22.9948
1786935775,27.06684,77.00465,23,0,,,,27.29098,27.7649,23.02867
1786935776,27.01076,77.06416,23,0,,,,27.32484,27.73104,23.02867
1786935776,26.96803,76.93752,23,0,,,,27.18938,27.83244,23.02867
1786935777,27.02411,77.0367,23,0,,,,27.22325,27.62944,22.85974
1786935778,27.01076,77.084,23,0,,,,27.25711,27.69717,23.02867
1786935778,27.01076,77.18929,23,0,,,,27.32484,27.79877,22.96113
1786935779,27.06684,77.16029,23,0,,,,27.22325,27.56171,22.96113
1786935780,27.05348,77.22896,23,0,,,,27.32484,27.66331,22.8934
1786935780,27.04013,77.25796,23,0,,,,27.25711,27.7649,22.96113
1786935781,27.10956,77.35867,23,0,,,,27.32484,27.73104,22.9948
1786935781,27.04013,77.27932,23,0,,,,27.22325,27.62944,23.02867
1786935782,27.05348,77.48074,23,0,,,,27.29098,27.83244,22.85974
1786935783,27.04013,77.56924,23,0,,,,27.29098,27.73104,22.92727
1786935783,27.04013,77.65163,23,0,,,,27.18938,27.7649,23.06253
1786935784,26.96803,77.57229,23,0,,,,27.32484,27.7649,22.9948
1786935785,26.99741,77.65163,23,0,,,,27.22325,27.7649,23.1978
1786935785,27.06684,77.70962,23,0,,,,27.29098,27.69717,23.02867
1786935786,27.08286,77.7554,23,0,,,,27.22325,27.8665,22.8934
1786935787,27.05348,77.91562,23,0,,,,27.25711,27.69717,23.02867
1786935787,26.96803,77.81033,23,0,,,,27.32484,27.73104,23.0962
1786935788,27.08286,77.86984,23,0,,,,27.22325,27.79877,22.92727
1786935789,26.92798,77.83017,23,0,,,,27.18938,27.79877,22.96113
1786935789,26.99741,77.88968,23,0,,,,27.29098,27.79877,23.13006
1786935790,26.94133,77.81491,23,0,,,,27.32484,27.7649,23.02867
1786935791,26.84253,77.97665,23,0,,,,27.29098,27.66331,22.92727
1786935791,27.04013,78.00412,23,0,,,,27.29098,27.56171,22.96113
1786935792,26.92798,78.09109,23,0,,,,27.35871,27.56171,22.9948
1786935793,27.06684,78.11703,23,0,,,,27.22325,27.66331,22.8934
1786935793,27.01076,78.24673,23,0,,,,27.32484,27.83244,22.9948
1786935794,27.01076,78.07126,23,0,,,,27.29098,27.7649,23.0962
1786935795,27.04013,78.28642,23,0,,,,27.25711,27.56171,23.06253
1786935795,27.02411,78.30167,23,0,,,,27.22325,27.66331,23.0962
1786935796,27.04013,78.40086,23,0,,,,27.29098,27.73104,22.9948
1786935797,26.99741,78.51225,23,0,,,,27.29098,27.66331,22.96113
1786935797,27.09621,78.60838,23,0,,,,27.18938,27.73104,23.0962
1786935798,27.05348,78.79607,23,0,,,,27.29098,27.59557,23.02867
1786935799,26.98405,78.70756,23,0,,,,27.22325,27.7649,23.02867
1786935799,27.04013,78.83574,23,0,,,,27.25711,27.7649,22.9948
1786935800,26.99741,79.02342,23,0,,,,27.25711,27.7649,23.02867
1786935801,27.09621,78.95171,23,0,,,,27.29098,27.9681,23.02867
1786935801,27.06684,79.03868,23,0,,,,27.29098,27.66331,23.0962
1786935802,27.02411,79.06004,23,0,,,,27.12165,27.79877,22.96113
1786935803,27.02411,79.15312,23,0,,,,27.18938,27.7649,22.92727
1786935803,27.06684,79.16533,23,0,,,,27.35871,27.66331,23.0962
1786935804,26.96803,79.18059,23,0,,,,27.29098,27.73104,22.96113
1786935805,26.98405,79.08904,23,0,,,,27.18938,27.7649,23.0962
1786935805,27.04013,79.14702,23,0,,,,27.29098,27.69717,22.96113
1786935806,26.96803,79.19279,23,0,,,,27.32484,27.56171,22.92727
1786935807,26.98405,79.17448,23,0,,,,27.18938,27.66331,23.02867
1786935807,27.01076,79.06615,23,0,,,,27.18938,27.59557,22.92727
1786935808,26.95468,79.05089,23,0,,,,27.39258,27.69717,22.85974
1786935809,26.95468,78.97917,23,0,,,,27.18938,27.66331,23.06253
1786935809,27.02411,78.9044,23,0,,,,27.32484,27.73104,22.9948
1786935810,27.02411,78.83116,23,0,,,,27.25711,27.7649,22.96113
1786935811,26.98405,78.80064,23,0,,,,27.22325,27.7649,22.9948
1786935811,27.10956,78.7396,23,0,,,,27.25711,27.7649,23.02867
1786935812,26.96803,78.55802,23,0,,,,27.22325,27.73104,23.02867
1786935813,27.02411,78.53056,23,0,,,,27.25711,27.66331,22.82587
1786935813,27.06684,78.39628,23,0,,,,27.22325,27.66331,22.85974
1786935814,26.99741,78.38865,23,0,,,,27.32484,27.7649,23.06253
1786935815,27.08286,78.22385,23,0,,,,27.22325,27.69717,23.02867
1786935815,27.05348,78.1857,23,0,,,,27.25711,27.7649,23.02867
1786935816,27.05348,77.89426,23,0,,,,27.29098,27.62944,23.02867
1786935816,27.08286,77.94308,23,0,,,,27.25711,27.8665,23.0962
1786935817,26.99741,77.78745,23,0,,,,27.29098,27.69717,22.92727
1786935818,27.02411,77.89731,23,0,,,,27.29098,27.83244,22.96113
1786935818,27.01076,77.65621,23,0,,,,27.22325,27.79877,23.0962
1786935819,26.99741,77.57839,22,0,,,,27.29098,27.66331,22.96113
1786935820,27.10956,77.46243,23,0,,,,27.29098,27.69717,22.9948
1786935820,27.05348,77.40444,23,0,,,,27.18938,27.73104,23.06253
1786935821,26.99741,77.39071,23,0,,,,27.22325,27.8665,22.92727
1786935822,26.96803,77.24879,23,0,,,,27.32484,27.62944,22.96113
1786935822,27.05348,77.19844,23,0,,,,27.25711,27.69717,22.96113
1786935823,26.99741,77.25796,23,0,,,,27.25711,27.73104,22.96113
1786935824,26.96803,77.09315,23,0,,,,27.29098,27.79877,23.06253
1786935824,26.99741,77.10231,23,0,,,,27.32484,27.66331,23.06253
1786935825,27.01076,76.98177,23,0,,,,27.25711,27.62944,22.92727
1786935826,27.12291,76.98787,23,0,,,,27.22325,27.73104,23.02867
1786935826,27.04013,76.87343,23,0,,,,27.29098,27.73104,22.92727
1786935827,27.10956,76.91005,23,0,,,,27.25711,27.66331,22.92727
1786935828,27.01076,76.93752,23,0,,,,27.25711,27.56171,23.0962
1786935828,26.99741,76.82155,23,0,,,,27.25711,27.73104,23.02867
1786935829,26.96803,76.74067,23,0,,,,27.18938,27.7649,23.06253
1786935830,26.99741,76.75899,23,0,,,,27.29098,27.73104,23.06253
1786935830,27.04013,76.76814,23,0,,,,27.32484,27.73104,22.92727
1786935831,27.09621,76.73151,23,0,,,,27.25711,27.7649,22.9948
1786935832,26.98405,76.53925,23,0,,,,27.22325,27.83244,22.9948
1786935832,26.94133,76.62165,23,0,,,,27.25711,27.73104,23.06253
1786935833,26.95468,76.5835,23,0,,,,27.29098,27.7649,23.0962
1786935834,27.02411,76.55756,23,0,,,,27.22325,27.7649,22.82587
1786935834,27.01076,76.58503,23,0,,,,27.25711,27.69717,22.96113
1786935835,26.95468,76.61555,23,0,,,,27.29098,27.79877,23.0962
1786935836,27.05348,76.55604,23,0,,,,27.32484,27.7649,22.96113
1786935836,27.01076,76.4416,23,0,,,,27.25711,27.79877,22.9948
1786935837,26.98405,76.59876,23,0,,,,27.25711,27.69717,22.92727
1786935838,26.99741,76.56214,23,0,,,,27.22325,27.66331,22.85974
1786935838,27.06684,76.59876,23,0,,,,27.29098,27.83244,23.06253
1786935839,27.01076,76.58503,23,0,,,,27.25711,27.69717,22.92727
1786935840,26.98405,76.59876,23,0,,,,27.25711,27.7649,23.02867
1786935840,27.02411,76.61097,23,0,,,,27.22325,27.69717,23.0962
1786935841,27.02411,76.61097,23,0,,,,27.35871,27.79877,22.9948
1786935842,27.04013,76.59266,23,0,,,,27.29098,27.79877,23.02867
1786935842,26.98405,76.72541,23,0,,,,27.25711,27.69717,22.92727
1786935843,27.04013,76.83223,23,0,,,,27.18938,27.66331,22.82587
1786935844,26.96803,76.89632,23,0,,,,27.29098,27.8665,23.02867
1786935844,27.01076,76.88716,23,0,,,,27.22325,27.66331,22.8934
1786935845,27.06684,77.04738,23,0,,,,27.25711,27.62944,23.02867
1786935846,27.05348,76.89632,23,0,,,,27.22325,27.73104,23.16393
1786935846,27.01076,76.94972,23,0,,,,27.29098,27.62944,23.02867
1786935847,27.05348,77.0428,23,0,,,,27.25711,27.66331,23.0962
1786935848,27.12291,77.18471,23,0,,,,27.22325,27.66331,23.02867
1786935848,26.99741,77.24727,23,0,,,,27.29098,27.7649,22.92727
1786935849,27.04013,77.39071,23,0,,,,27.25711,27.7649,23.23146
1786935850,27.01076,77.48074,23,0,,,,27.32484,27.83244,23.16393
1786935850,27.04013,77.467,23,0,,,,27.22325,27.73104,22.9948
1786935851,27.05348,77.57229,23,0,,,,27.29098,27.83244,23.06253
1786935852,27.06684,77.62722,23,0,,,,27.32484,27.7649,22.92727
1786935852,27.10956,77.89731,23,0,,,,27.18938,27.66331,23.02867
1786935853,27.01076,77.94766,23,0,,,,27.25711,27.7649,22.96113
1786935853,26.99741,77.97208,23,0,,,,27.25711,27.73104,23.06253
1786935854,26.99741,77.99344,23,0,,,,27.25711,27.59557,23.02867
1786935855,27.09621,78.31846,23,0,,,,27.15551,27.69717,23.06253
1786935855,27.02411,78.22842,23,0,,,,27.25711,27.73104,23.06253
1786935856,27.02411,78.21927,23,0,,,,27.35871,27.8665,22.96113
1786935857,26.98405,78.47868,23,0,,,,27.25711,27.66331,23.13006
1786935857,27.06684,78.51987,23,0,,,,27.25711,27.59557,22.82587
1786935858,26.99741,78.57633,23,0,,,,27.29098,27.69717,23.0962
1786935859,27.04013,78.68009,23,0,,,,27.35871,27.90037,23.0962
1786935859,27.06684,78.72739,23,0,,,,27.25711,27.7649,23.02867
1786935860,27.04013,78.86778,23,0,,,,27.22325,27.7649,22.9948
1786935861,26.98405,78.82201,23,0,,,,27.29098,27.69717,22.9948
1786935861,26.95468,78.89525,23,0,,,,27.22325,27.79877,23.02867
1786935862,27.01076,78.88152,23,0,,,,27.29098,27.73104,23.0962
1786935863,27.04013,78.93797,23,0,,,,27.22325,27.7649,23.02867
1786935863,26.99741,78.97002,23,0,,,,27.22325,27.73104,22.92727
1786935864,27.06684,79.07072,23,0,,,,27.22325,27.7649,23.02867
1786935865,27.02411,78.78996,23,0,,,,27.29098,27.73104,23.02867
1786935865,26.96803,78.96086,23,0,,,,27.32484,27.7649,23.02867
1786935866,27.06684,78.9456,23,0,,,,27.29098,27.66331,22.96113
1786935867,27.04013,78.93797,23,0,,,,27.29098,27.73104,22.92727
1786935867,27.04013,79.00206,23,0,,,,27.15551,27.69717,22.92727
1786935868,27.08286,78.97002,23,0,,,,27.22325,27.79877,22.96113
1786935869,27.01076,78.96391,23,0,,,,27.32484,27.79877,23.16393
1786935869,27.02411,79.07988,23,0,,,,27.29098,27.73104,22.96113
1786935870,26.98405,79.03868,22,0,,,,27.29098,27.7649,23.06253
1786935871,26.96803,79.12871,23,0,,,,27.25711,27.56171,22.96113
1786935871,27.08286,79.0753,23,0,,,,27.29098,27.7649,22.92727
1786935872,27.01076,79.11955,23,0,,,,27.32484,27.73104,23.02867
1786935873,27.02411,79.05089,23,0,,,,27.25711,27.7649,23.06253
1786935873,27.08286,79.22026,23,0,,,,27.25711,27.66331,23.13006
1786935874,26.91195,79.09361,23,0,,,,27.29098,27.79877,23.06253
1786935875,27.05348,79.05699,23,0,,,,27.25711,27.73104,22.9948
1786935875,27.02411,78.99748,23,0,,,,27.32484,27.62944,22.92727
1786935876,27.05348,78.93187,23,0,,,,27.29098,27.7649,23.06253
1786935877,27.04013,79.01122,23,0,,,,27.25711,27.83244,23.06253
1786935877,27.10956,78.91508,23,0,,,,27.18938,27.62944,22.96113
1786935878,27.06684,78.95628,23,0,,,,27.25711,27.69717,23.02867
1786935879,27.05348,78.89067,23,0,,,,27.29098,27.7649,22.96113
1786935879,27.01076,78.90135,23,0,,,,27.32484,27.66331,23.02867
1786935880,26.94133,78.851,23,0,,,,27.29098,27.69717,23.23146
1786935881,27.06684,78.71824,23,0,,,,27.32484,27.83244,22.9948
1786935881,27.05348,78.94255,23,0,,,,27.22325,27.73104,22.92727
1786935882,26.99741,78.93797,22,0,,,,27.25711,27.7649,23.02867
1786935883,27.04013,78.97002,23,0,,,,27.25711,27.73104,23.06253
1786935883,26.99741,78.87694,23,0,,,,27.25711,27.59557,22.85974
1786935884,27.05348,78.90135,23,0,,,,27.29098,27.83244,23.0962
1786935885,27.08286,79.02342,23,0,,,,27.25711,27.66331,23.0962
1786935885,26.99741,79.06157,23,0,,,,27.29098,27.79877,22.9948
1786935886,26.91195,79.11497,23,0,,,,27.29098,27.73104,22.8934
1786935887,26.99741,79.17906,23,0,,,,27.29098,27.79877,22.9948
1786935887,27.08286,79.36675,23,0,,,,27.25711,27.79877,23.02867
1786935888,26.99741,79.16685,23,0,,,,27.29098,27.79877,23.1978
1786935889,26.94133,79.41253,23,0,,,,27.25711,27.69717,22.96113
1786935889,26.99741,79.42626,23,0,,,,27.29098,27.79877,22.92727
1786935890,26.98405,79.44457,23,0,,,,27.29098,27.69717,22.9948
1786935891,27.01076,79.45068,23,0,,,,27.22325,27.8665,22.96113
1786935891,27.08286,79.47814,23,0,,,,27.29098,27.73104,23.02867
1786935892,27.05348,79.55444,23,0,,,,27.25711,27.7649,23.06253
1786935892,27.08286,79.59258,23,0,,,,27.22325,27.66331,23.16393
1786935893,26.95468,79.51781,23,0,,,,27.29098,27.66331,22.92727
1786935894,26.98405,79.58801,23,0,,,,27.25711,27.66331,22.9948
1786935894,26.99741,79.42626,23,0,,,,27.29098,27.83244,23.02867
1786935895,27.04013,79.49035,23,0,,,,27.25711,27.73104,22.8934
1786935896,26.98405,79.68261,23,0,,,,27.32484,27.83244,23.02867
1786935896,27.01076,79.53307,23,0,,,,27.25711,27.73104,23.06253
1786935897,26.99741,79.67498,23,0,,,,27.22325,27.73104,22.9948
1786935898,26.96803,79.62768,23,0,,,,27.25711,27.56171,23.02867
1786935898,26.99741,79.71618,23,0,,,,27.29098,27.7649,22.8934
1786935899,27.05348,79.60632,23,0,,,,27.22325,27.7649,23.0962
1786935900,27.02411,79.57885,23,0,,,,27.29098,27.73104,23.02867
1786935900,26.98405,79.58801,23,0,,,,27.25711,27.79877,23.02867
1786935901,27.02411,79.57885,23,0,,,,27.32484,27.73104,22.92727
1786935902,26.95468,79.5407,23,0,,,,27.29098,27.79877,23.02867
1786935902,26.95468,79.45831,23,0,,,,27.22325,27.7649,22.92727
1786935903,27.02411,79.51781,23,0,,,,27.29098,27.59557,23.02867
1786935904,26.96803,79.55444,23,0,,,,27.18938,27.73104,23.02867
1786935904,27.01076,79.48119,23,0,,,,27.29098,27.79877,22.9948
1786935905,27.01076,79.3988,23,0,,,,27.25711,27.7649,23.06253
1786935906,27.02411,79.39117,23,0,,,,27.29098,27.73104,22.9948
1786935906,27.01076,79.3576,23,0,,,,27.18938,27.7649,23.02867
1786935907,26.96803,79.29504,23,0,,,,27.32484,27.83244,22.8934
1786935908,26.99741,79.38506,23,0,,,,27.25711,27.7649,23.02867
1786935908,26.99741,79.34386,23,0,,,,27.22325,27.69717,23.16393
1786935909,26.95468,79.35302,23,0,,,,27.22325,27.66331,22.92727
1786935910,26.98405,79.38049,22,0,,,,27.22325,27.79877,23.06253
1786935910,27.01076,79.28436,23,0,,,,27.25711,27.69717,23.0962
1786935911,27.12291,79.23094,23,0,,,,27.22325,27.79877,23.13006
1786935912,27.02411,79.26604,23,0,,,,27.18938,27.83244,23.02867
1786935912,27.01076,79.25231,23,0,,,,27.32484,27.62944,22.9948
1786935913,26.94133,79.07988,23,0,,,,27.32484,27.8665,23.02867
1786935914,27.01076,79.32708,23,0,,,,27.32484,27.69717,22.8934
1786935914,27.01076,79.22179,22,0,,,,27.32484,27.7649,22.9948
1786935915,26.94133,79.07988,23,0,,,,27.22325,27.69717,23.02867
1786935916,26.92798,79.20195,23,0,,,,27.25711,27.73104,23.0962
1786935916,27.04013,79.22942,23,0,,,,27.25711,27.69717,23.0962
1786935917,27.05348,79.19279,23,0,,,,27.39258,27.83244,22.96113
1786935918,27.01076,79.16075,23,0,,,,27.29098,27.62944,22.96113
1786935918,27.10956,79.18517,23,0,,,,27.25711,27.73104,22.92727
1786935919,27.05348,79.08751,23,0,,,,27.18938,27.73104,22.96113
1786935920,26.96803,79.18059,23,0,,,,27.22325,27.66331,23.13006
1786935920,27.08286,79.1577,23,0,,,,27.25711,27.83244,22.92727
1786935921,26.99741,78.94713,23,0,,,,27.32484,27.69717,22.96113
1786935922,27.02411,79.12108,23,0,,,,27.22325,27.62944,23.13006
1786935922,27.02411,79.06004,23,0,,,,27.32484,27.56171,23.02867
1786935923,27.01076,79.08751,23,0,,,,27.25711,27.7649,23.02867
1786935924,26.99741,79.09361,23,0,,,,27.32484,27.73104,22.9948
1786935924,26.98405,79.0692,23,0,,,,27.32484,27.66331,22.96113
1786935925,26.95468,79.04326,23,0,,,,27.29098,27.69717,23.06253
1786935925,27.05348,79.02495,23,0,,,,27.35871,27.83244,23.0962
1786935926,26.95468,78.95934,23,0,,,,27.32484,27.7649,22.92727
1786935927,27.01076,79.18059,23,0,,,,27.22325,27.73104,22.9948
1786935927,26.99741,79.09361,23,0,,,,27.25711,27.83244,23.02867
1786935928,27.06684,79.08904,23,0,,,,27.25711,27.79877,22.92727
1786935929,27.10956,79.15312,23,0,,,,27.22325,27.7649,23.0962
1786935929,26.94133,79.18517,23,0,,,,27.35871,27.7649,23.02867
1786935930,27.06684,79.16533,23,0,,,,27.22325,27.66331,22.96113
1786935931,27.05348,79.25384,23,0,,,,27.25711,27.79877,22.96113
1786935931,27.04013,79.34386,23,0,,,,27.29098,27.7649,23.02867
1786935932,27.04013,79.37286,23,0,,,,27.25711,27.79877,22.8934
1786935933,26.96803,79.30419,23,0,,,,27.32484,27.90037,22.96113
1786935933,26.99741,79.3225,23,0,,,,27.25711,27.83244,23.02867
1786935934,26.99741,79.30267,23,0,,,,27.29098,27.83244,22.96113
1786935935,26.99741,79.35455,23,0,,,,27.25711,27.69717,23.02867
1786935935,27.09621,79.57427,23,0,,,,27.22325,27.73104,23.0962
1786935936,27.02411,79.53613,23,0,,,,27.22325,27.7649,22.92727
1786935937,26.95468,79.5285,23,0,,,,27.15551,27.73104,22.8934
1786935937,27.09621,79.58648,23,0,,,,27.29098,27.7649,22.92727
1786935938,27.04013,79.68414,23,0,,,,27.29098,27.62944,23.02867
1786935939,27.08286,79.78027,23,0,,,,27.18938,27.79877,22.96113
1786935939,27.02411,79.8291,23,0,,,,27.22325,27.73104,23.02867
1786935940,26.98405,79.89014,23,0,,,,27.25711,27.59557,23.13006
1786935941,26.99741,79.87183,23,0,,,,27.22325,27.69717,23.16393
1786935941,27.05348,79.88556,23,0,,,,27.22325,27.66331,23.02867
1786935942,26.99741,79.89319,23,0,,,,27.29098,27.73104,22.8934
1786935943,27.04013,79.82147,23,0,,,,27.32484,27.56171,23.02867
1786935943,27.06684,79.99542,23,0,,,,27.32484,27.79877,22.92727
1786935944,26.92798,79.82147,23,0,,,,27.22325,27.7649,23.16393
1786935945,27.02411,79.87946,23,0,,,,27.18938,27.7649,22.9948
1786935945,26.99741,79.96643,23,0,,,,27.25711,27.66331,23.02867
1786935946,26.96803,79.87488,23,0,,,,27.25711,27.79877,23.02867
1786935947,27.02411,79.9115,23,0,,,,27.32484,27.79877,22.9948
1786935947,26.98405,79.94354,23,0,,,,27.18938,27.69717,22.96113
1786935948,27.02411,79.8291,23,0,,,,27.29098,27.7649,22.92727
1786935949,27.04013,79.91608,23,0,,,,27.25711,27.7649,22.92727
1786935949,26.91195,79.89319,22,0,,,,27.29098,27.69717,22.96113
1786935950,27.02411,79.80774,23,0,,,,27.22325,27.69717,22.9948
1786935951,26.99741,79.83978,23,0,,,,27.18938,27.7649,23.02867
1786935951,27.02411,79.78485,23,0,,,,27.25711,27.73104,22.9948
1786935952,27.02411,79.78485,23,0,,,,27.18938,27.73104,23.02867
1786935953,26.95468,79.71618,23,0,,,,27.25711,27.62944,23.06253
1786935953,26.99741,79.72839,23,0,,,,27.18938,27.79877,22.9948
1786935954,27.04013,79.76959,23,0,,,,27.18938,27.59557,22.96113
1786935955,26.92798,79.64751,23,0,,,,27.18938,27.79877,22.96113
1786935955,27.05348,79.65972,23,0,,,,27.25711,27.79877,22.92727
1786935956,27.09621,79.58648,23,0,,,,27.32484,27.83244,22.82587
1786935957,27.08286,79.62463,23,0,,,,27.29098,27.7649,23.02867
1786935957,26.96803,79.50103,23,0,,,,27.25711,27.73104,22.9948
1786935958,27.02411,79.51781,23,0,,,,27.29098,27.8665,23.0962
1786935959,26.94133,79.39117,23,0,,,,27.29098,27.66331,22.96113
1786935959,27.01076,79.43084,22,0,,,,27.29098,27.62944,23.02867
1786935960,26.99741,79.39422,23,0,,,,27.15551,27.90037,22.72447
1786935961,26.88525,79.3164,23,0,,,,27.22325,27.79877,22.92727
1786935961,26.95468,79.23857,23,0,,,,27.22325,27.73104,22.792
1786935962,26.95468,79.16685,23,0,,,,27.32484,27.90037,22.96113
1786935962,26.95468,79.15617,23,0,,,,27.18938,27.66331,23.13006
1786935963,26.95468,79.12566,23,0,,,,27.29098,27.59557,22.96113
1786935964,27.02411,79.07988,23,0,,,,27.25711,27.66331,23.06253
1786935964,26.98405,78.97765,23,0,,,,27.32484,27.73104,22.92727
1786935965,26.8986,78.92424,23,0,,,,27.15551,27.8665,23.06253
1786935966,27.05348,78.86015,23,0,,,,27.25711,27.7649,22.96113
1786935966,26.98405,78.91356,23,0,,,,27.25711,27.8665,22.8934
1786935967,26.94133,78.79912,23,0,,,,27.18938,27.79877,23.13006
1786935968,27.02411,78.92424,23,0,,,,27.15551,27.83244,22.8934
1786935968,26.98405,78.83116,23,0,,,,27.25711,27.83244,23.13006
1786935969,27.02411,78.74876,23,0,,,,27.25711,27.59557,22.9948
1786935970,26.92798,78.60838,23,0,,,,27.29098,27.83244,23.13006
1786935970,26.96803,78.79607,23,0,,,,27.29098,27.73104,22.9948
1786935971,26.98405,78.57175,23,0,,,,27.22325,27.66331,23.02867
1786935972,27.01076,78.45274,23,0,,,,27.29098,27.66331,23.1978
1786935972,27.01076,78.52598,23,0,,,,27.18938,27.59557,22.9948
1786935973,27.02411,78.53971,23,0,,,,27.22325,27.8665,22.9948
1786935974,27.09621,78.43443,23,0,,,,27.29098,27.7649,23.06253
1786935974,27.05348,78.54887,23,0,,,,27.22325,27.69717,22.96113
1786935975,26.99741,78.29557,23,0,,,,27.29098,27.73104,23.02867
1786935976,27.01076,78.3917,23,0,,,,27.35871,27.79877,23.02867
1786935976,26.99741,78.30473,23,0,,,,27.39258,27.7649,22.96113
1786935977,27.13893,78.34135,23,0,,,,27.22325,27.83244,23.06253
1786935978,26.98405,78.28184,23,0,,,,27.32484,27.66331,23.0962
1786935978,26.95468,78.22232,23,0,,,,27.25711,27.83244,23.0962
1786935979,27.02411,78.20859,23,0,,,,27.35871,27.62944,22.9948
1786935980,26.96803,78.19485,23,0,,,,27.32484,27.93403,23.0962
1786935980,27.12291,78.18112,23,0,,,,27.29098,27.66331,22.9948
1786935981,26.8986,78.08499,23,0,,,,27.32484,27.69717,22.92727
1786935982,27.01076,77.94766,23,0,,,,27.29098,27.66331,22.96113
1786935982,26.95468,78.05753,23,0,,,,27.29098,27.69717,22.92727
1786935983,26.91195,77.76608,23,0,,,,27.12165,27.7649,22.92727
1786935984,26.96803,77.94766,23,0,,,,27.25711,27.69717,22.9948
1786935984,26.98405,77.82407,23,0,,,,27.29098,27.79877,23.06253
1786935985,27.04013,77.7554,23,0,,,,27.25711,27.66331,22.8934
1786935986,27.01076,77.73861,23,0,,,,27.32484,27.66331,23.13006
1786935986,26.98405,77.65926,23,0,,,,27.25711,27.73104,22.9948
1786935987,27.06684,77.75235,23,0,,,,27.29098,27.56171,23.06253
1786935988,26.94133,77.51278,23,0,,,,27.29098,27.7649,22.96113
1786935988,27.04013,77.64248,23,0,,,,27.29098,27.66331,23.02867
1786935989,26.98405,77.65926,23,0,,,,27.32484,27.7649,23.06253
1786935990,27.02411,77.66842,23,0,,,,27.22325,27.83244,22.96113
1786935990,26.99741,77.56924,23,0,,,,27.32484,27.66331,23.1978
1786935991,27.06684,77.58602,23,0,,,,27.32484,27.59557,22.85974
1786935992,26.98405,77.53262,23,0,,,,27.29098,27.69717,23.0962
1786935992,27.05348,77.57229,23,0,,,,27.25711,27.69717,23.13006
1786935993,26.96803,77.48989,23,0,,,,27.29098,27.8665,22.92727
1786935994,27.10956,77.48226,23,0,,,,27.25711,27.90037,22.9948
1786935994,26.95468,77.38155,23,0,,,,27.22325,27.62944,23.02867
1786935995,26.95468,77.42275,23,0,,,,27.32484,27.8665,22.8934
1786935996,26.98405,77.43038,23,0,,,,27.29098,27.62944,23.02867
1786935996,26.91195,77.32967,23,0,,,,27.22325,27.66331,22.9948
1786935997,26.96803,77.36324,23,0,,,,27.25711,27.73104,22.9948
1786935997,26.98405,77.30679,23,0,,,,27.25711,27.62944,22.9948
1786935998,26.92798,77.33425,23,0,,,,27.15551,27.83244,22.9948
1786935999,26.94133,77.42123,23,0,,,,27.29098,27.49417,22.92727
1786936000,27.01076,77.41665,23,0,,,,27.29098,27.66331,22.96113
1786936000,27.05348,77.44869,23,0,,,,27.25711,27.69717,23.02867
1786936001,26.98405,77.5967,23,0,,,,27.29098,27.62944,22.96113
1786936001,26.98405,77.50362,23,0,,,,27.22325,27.7649,22.9948
1786936002,27.05348,77.51888,23,0,,,,27.22325,27.69717,22.9948
1786936003,26.96803,77.40444,23,0,,,,27.22325,27.8665,22.92727
1786936003,26.95468,77.48684,23,0,,,,27.22325,27.83244,22.82587
1786936004,26.95468,77.48684,23,0,,,,27.22325,27.66331,23.02867
1786936005,27.01076,77.48074,23,0,,,,27.35871,27.59557,22.8934
1786936005,27.04013,77.44411,23,0,,,,27.25711,27.73104,22.792
1786936006,26.98405,77.56466,23,0,,,,27.32484,27.83244,22.8934
1786936007,26.96803,77.40444,23,0,,,,27.29098,27.7649,22.96113
1786936007,27.04013,77.32052,23,0,,,,27.22325,27.69717,23.06253
1786936008,27.02411,77.44106,23,0,,,,27.22325,27.79877,22.9948
1786936009,27.04013,77.49599,23,0,,,,27.25711,27.73104,22.92727
1786936009,26.92798,77.38613,23,0,,,,27.32484,27.69717,22.92727
1786936010,27.04013,77.51736,23,0,,,,27.29098,27.59557,22.92727
1786936011,27.06684,77.54482,23,0,,,,27.25711,27.79877,22.92727
1786936011,27.04013,77.4548,23,0,,,,27.25711,27.79877,23.13006
1786936012,27.04013,77.65163,23,0,,,,27.22325,27.7649,22.8934
1786936013,26.99741,77.49599,23,0,,,,27.18938,27.66331,22.9948
1786936013,27.05348,77.63638,23,0,,,,27.15551,27.66331,23.02867
1786936014,26.99741,77.64248,23,0,,,,27.18938,27.7649,22.96113
1786936015,26.99741,77.56924,23,0,,,,27.29098,27.59557,23.02867
1786936015,26.99741,77.90189,23,0,,,,27.35871,27.69717,23.13006
1786936016,27.04013,77.74624,23,0,,,,27.18938,27.83244,22.92727
1786936017,26.99741,77.72488,23,0,,,,27.22325,27.73104,22.85974
1786936017,27.04013,77.86984,23,0,,,,27.22325,27.66331,22.92727
1786936018,27.08286,77.93393,23,0,,,,27.32484,27.73104,22.96113
1786936019,27.06684,78.04379,23,0,,,,27.25711,27.62944,23.0962
1786936019,26.94133,77.99954,23,0,,,,27.18938,27.66331,22.96113
1786936020,27.09621,78.11246,23,0,,,,27.25711,27.9681,22.92727
1786936021,26.98405,78.16739,23,0,,,,27.25711,27.79877,22.8934
1786936021,27.02411,78.07278,23,0,,,,27.29098,27.79877,22.8934
1786936022,27.06684,78.11703,23,0,,,,27.35871,27.66331,22.92727
1786936023,26.99741,78.15976,23,0,,,,27.18938,27.73104,23.0962
1786936023,27.02411,78.20859,23,0,,,,27.35871,27.79877,23.02867
1786936024,26.8986,78.32304,22,0,,,,27.18938,27.7649,23.06253
1786936025,27.02411,78.28184,23,0,,,,27.18938,27.83244,23.13006
1786936025,26.8986,78.33219,23,0,,,,27.29098,28.00177,22.96113
1786936026,27.06684,78.33219,23,0,,,,27.25711,27.7649,22.9948
1786936027,26.98405,78.36423,23,0,,,,27.25711,27.73104,22.96113
1786936027,26.99741,78.47105,23,0,,,,27.22325,27.66331,23.02867
1786936028,27.04013,78.50309,23,0,,,,27.22325,27.90037,22.96113
1786936029,27.05348,78.49699,23,0,,,,27.32484,27.7649,23.02867
1786936029,27.02411,78.44663,23,0,,,,27.22325,27.69717,23.02867
1786936030,26.99741,78.616,23,0,,,,27.22325,27.69717,22.9948
1786936031,26.98405,78.55192,23,0,,,,27.39258,27.79877,22.96113
1786936031,27.04013,78.57633,23,0,,,,27.22325,27.66331,22.9948
1786936032,27.01076,78.64042,23,0,,,,27.29098,27.62944,22.96113
1786936033,26.94133,78.645,23,0,,,,27.29098,27.83244,22.82587
1786936033,26.99741,78.69993,23,0,,,,27.22325,27.62944,23.0962
1786936034,27.06684,78.88304,23,0,,,,27.29098,27.90037,23.02867
1786936034,26.98405,78.77776,23,0,,,,27.29098,27.79877,22.92727
1786936035,27.04013,78.87694,23,0,,,,27.29098,27.66331,22.9948
1786936036,26.95468,78.7625,23,0,,,,27.22325,27.73104,23.02867
1786936036,27.06684,78.9044,22,0,,,,27.25711,27.69717,22.9948
1786936037,27.04013,78.83574,23,0,,,,27.32484,27.69717,22.8934
1786936038,27.01076,78.83727,23,0,,,,27.29098,27.73104,22.9948
1786936038,27.02411,78.78996,23,0,,,,27.22325,27.83244,22.96113
1786936039,27.09621,78.84947,23,0,,,,27.25711,27.69717,22.96113
1786936040,27.06684,78.84184,23,0,,,,27.18938,27.69717,23.16393
1786936040,26.95468,78.89525,23,0,,,,27.22325,27.83244,23.0962
1786936041,27.05348,78.81743,23,0,,,,27.22325,27.62944,22.96113
1786936042,27.01076,78.80827,23,0,,,,27.29098,27.49417,22.8934
1786936042,27.01076,78.81743,23,0,,,,27.29098,27.69717,22.9948
1786936043,27.02411,78.7686,23,0,,,,27.25711,27.73104,23.06253
1786936044,27.02411,78.84184,23,0,,,,27.35871,27.66331,22.9948
1786936044,26.98405,78.88304,23,0,,,,27.25711,27.7649,22.9948
1786936045,26.99741,78.82353,23,0,,,,27.32484,27.66331,22.9948
1786936046,27.02411,78.87389,23,0,,,,27.29098,27.66331,23.02867
1786936046,27.01076,78.76402,23,0,,,,27.29098,27.73104,23.02867
1786936047,26.98405,78.82201,23,0,,,,27.22325,27.79877,22.8934
1786936048,27.05348,78.62974,23,0,,,,27.42644,27.69717,22.96113
1786936048,27.02411,78.64347,23,0,,,,27.35871,27.62944,22.9948
1786936049,26.94133,78.59312,23,0,,,,27.22325,27.73104,22.96113
1786936050,26.88525,78.73197,23,0,,,,27.25711,27.66331,23.02867
1786936050,26.98405,78.61295,23,0,,,,27.29098,27.73104,23.02867
1786936051,26.96803,78.52598,23,0,,,,27.35871,27.73104,22.96113
1786936052,27.08286,78.58854,23,0,,,,27.22325,27.7649,22.9948
1786936052,27.04013,78.50309,23,0,,,,27.29098,27.73104,22.96113
1786936053,26.95468,78.51225,23,0,,,,27.18938,27.93403,23.06253
1786936054,26.99741,78.439,23,0,,,,27.32484,27.83244,23.0962
1786936054,27.01076,78.3505,23,0,,,,27.25711,27.62944,22.9948
1786936055,27.02411,78.41611,22,0,,,,27.22325,27.69717,22.9948
1786936056,26.94133,78.34287,23,0,,,,27.25711,27.7649,23.0962
1786936056,27.05348,78.41459,23,0,,,,27.12165,27.7649,22.96113
1786936057,26.99741,78.34745,23,0,,,,27.22325,27.8665,22.92727
1786936058,26.99741,78.28336,23,0,,,,27.25711,27.79877,22.96113
1786936058,27.04013,78.33677,23,0,,,,27.29098,27.56171,23.0962
1786936059,26.99741,78.20096,23,0,,,,27.29098,27.8665,23.02867
1786936060,26.99741,78.40086,23,0,,,,27.22325,27.7649,22.96113
1786936060,27.01076,78.13229,23,0,,,,27.25711,27.7649,22.9948
1786936061,27.01076,78.12314,23,0,,,,27.18938,27.73104,22.96113
1786936062,26.96803,77.99802,23,0,,,,27.22325,27.56171,23.13006
1786936062,27.01076,78.01785,23,0,,,,27.25711,27.73104,23.02867
1786936063,26.94133,77.99039,23,0,,,,27.35871,27.79877,22.9948
1786936064,26.96803,77.96597,23,0,,,,27.22325,27.83244,22.92727
1786936064,26.95468,77.95377,23,0,,,,27.32484,27.66331,23.02867
1786936065,27.04013,77.95377,23,0,,,,27.25711,27.83244,23.02867
1786936066,27.06684,77.80576,23,0,,,,27.35871,27.62944,23.0962
1786936066,26.96803,78.02701,23,0,,,,27.35871,27.79877,22.9948
1786936067,26.95468,78.06668,23,0,,,,27.22325,27.73104,23.0962
1786936068,27.01076,77.79202,23,0,,,,27.25711,27.79877,23.16393
1786936068,26.99741,77.92172,23,0,,,,27.22325,27.7649,22.92727
1786936069,27.05348,77.83017,23,0,,,,27.29098,27.73104,22.92727
1786936070,27.02411,77.85611,23,0,,,,27.15551,27.7649,22.9948
1786936070,26.92798,77.87442,23,0,,,,27.29098,27.7649,22.92727
1786936071,26.98405,77.80576,23,0,,,,27.29098,27.59557,22.9948
1786936071,26.98405,77.82407,23,0,,,,27.25711,27.79877,23.13006
1786936072,27.01076,77.91562,23,0,,,,27.29098,27.69717,22.8934
1786936073,26.95468,77.85764,23,0,,,,27.29098,27.7649,22.9948
1786936073,27.04013,77.90189,23,0,,,,27.22325,27.79877,22.9948
1786936074,26.99741,77.88052,22,0,,,,27.15551,27.83244,22.92727
1786936075,27.04013,77.8378,23,0,,,,27.18938,27.79877,23.06253
1786936075,26.94133,77.83475,23,0,,,,27.32484,27.56171,23.06253
1786936076,26.95468,77.91104,23,0,,,,27.22325,27.73104,22.92727
1786936077,27.05348,77.89426,23,0,,,,27.29098,27.7649,22.85974
1786936077,26.99741,78.00412,23,0,,,,27.18938,27.66331,22.96113
1786936078,26.96803,77.88358,23,0,,,,27.18938,27.79877,22.96113
1786936079,27.09621,77.90341,23,0,,,,27.18938,27.90037,22.92727
1786936079,27.06684,77.99954,23,0,,,,27.15551,27.83244,22.9948
1786936080,26.94133,77.94003,23,0,,,,27.25711,27.56171,22.9948
1786936081,26.95468,77.99344,23,0,,,,27.39258,27.73104,22.8934
1786936081,26.96803,78.00717,23,0,,,,27.18938,27.7649,23.06253
1786936082,27.04013,78.05753,23,0,,,,27.25711,27.62944,23.02867
1786936083,26.98405,78.12619,23,0,,,,27.25711,27.69717,22.85974
1786936083,26.96803,78.15366,23,0,,,,27.18938,27.83244,23.02867
1786936084,26.99741,78.13992,23,0,,,,27.35871,27.69717,22.9948
1786936085,27.05348,78.17349,23,0,,,,27.18938,27.73104,22.9948
1786936085,27.05348,78.27879,23,0,,,,27.18938,27.73104,22.96113
1786936086,26.99741,78.29557,23,0,,,,27.32484,28.00177,23.02867
1786936087,27.04013,78.41001,23,0,,,,27.25711,27.83244,22.96113
1786936087,27.06684,78.46647,23,0,,,,27.35871,27.56171,22.9948
1786936088,27.04013,78.68009,23,0,,,,27.22325,27.83244,22.9948
1786936089,26.96803,78.66178,23,0,,,,27.25711,27.83244,22.92727
1786936089,26.98405,78.75792,23,0,,,,27.22325,27.66331,23.02867
1786936090,27.08286,78.75334,22,0,,,,27.32484,27.62944,23.0962
1786936091,27.01076,78.76402,23,0,,,,27.12165,27.73104,22.96113
1786936091,27.01076,78.85863,23,0,,,,27.25711,27.62944,22.85974
1786936092,27.09621,78.81743,23,0,,,,27.22325,27.69717,22.9948
1786936093,27.15228,78.8098,23,0,,,,27.29098,27.62944,23.06253
1786936093,26.96803,78.62058,23,0,,,,27.25711,27.69717,23.02867
1786936094,27.02411,78.79912,23,0,,,,27.32484,27.73104,22.96113
1786936095,27.08286,78.86778,23,0,,,,27.08778,27.73104,23.02867
1786936095,26.94133,78.73655,22,0,,,,27.29098,27.83244,23.13006
1786936096,26.98405,78.7396,23,0,,,,27.22325,27.7649,22.96113
1786936097,27.09621,78.71366,23,0,,,,27.22325,27.66331,22.9948
1786936097,27.04013,78.71214,23,0,,,,27.25711,27.66331,23.06253
1786936098,27.01076,78.70298,23,0,,,,27.29098,27.69717,22.85974
1786936099,26.95468,78.64805,23,0,,,,27.29098,27.73104,22.9948
1786936099,27.01076,78.57938,23,0,,,,27.25711,27.83244,23.02867
1786936100,27.01076,78.67246,23,0,,,,27.29098,27.83244,22.92727
1786936101,26.96803,78.52598,23,0,,,,27.25711,27.83244,22.96113
1786936101,26.98405,78.66636,23,0,,,,27.18938,27.83244,23.0962
1786936102,26.98405,78.59312,23,0,,,,27.32484,27.62944,22.96113
1786936103,27.06684,78.645,23,0,,,,27.29098,27.56171,22.8934
1786936103,27.01076,78.53819,23,0,,,,27.35871,27.62944,23.0962
1786936104,27.05348,78.65263,23,0,,,,27.32484,27.56171,22.9948
1786936105,26.96803,78.58854,23,0,,,,27.25711,27.79877,23.16393
1786936105,27.05348,78.51682,23,0,,,,27.29098,27.62944,22.96113
1786936106,27.06684,78.61295,23,0,,,,27.35871,27.7649,22.9948
1786936106,27.02411,78.5626,23,0,,,,27.29098,27.73104,23.02867
1786936107,27.08286,78.66788,23,0,,,,27.39258,27.73104,23.06253
1786936108,26.99741,78.66788,23,0,,,,27.29098,27.7649,22.92727
1786936108,26.99741,78.68009,23,0,,,,27.29098,27.73104,22.9948
1786936109,27.04013,78.58549,23,0,,,,27.22325,27.59557,23.06253
1786936110,27.01076,78.68162,23,0,,,,27.29098,27.79877,22.96113
1786936110,27.02411,78.72739,23,0,,,,27.22325,27.73104,23.13006
1786936111,27.02411,78.63432,23,0,,,,27.29098,27.66331,23.1978
1786936112,27.01076,78.53819,23,0,,,,27.29098,27.7649,23.0962
1786936112,27.05348,78.69382,23,0,,,,27.25711,27.79877,22.96113
1786936113,26.96803,78.62974,23,0,,,,27.32484,27.69717,22.92727
1786936114,27.02411,78.5626,23,0,,,,27.29098,27.62944,23.02867
1786936114,27.01076,78.62974,23,0,,,,27.25711,27.83244,22.85974
1786936115,26.99741,78.59464,23,0,,,,27.25711,27.7649,22.82587
1786936116,26.99741,78.62669,23,0,,,,27.32484,27.83244,22.8934
1786936116,27.01076,78.59922,23,0,,,,27.25711,27.7649,22.8934
1786936117,27.01076,78.53819,23,0,,,,27.29098,27.73104,22.9948
1786936118,26.98405,78.38407,23,0,,,,27.22325,27.79877,22.96113
1786936118,27.04013,78.64805,23,0,,,,27.18938,27.93403,23.0962
1786936119,27.04013,78.40086,23,0,,,,27.22325,27.83244,22.92727
1786936120,27.06684,78.53056,23,0,,,,27.18938,27.73104,22.9948
1786936120,27.01076,78.38255,23,0,,,,27.15551,27.73104,23.02867
1786936121,27.01076,78.3093,23,0,,,,27.32484,27.79877,23.1978
1786936122,27.02411,78.32304,23,0,,,,27.29098,27.69717,22.92727
1786936122,27.04013,78.33677,23,0,,,,27.35871,27.83244,22.92727
1786936123,26.96803,78.27726,23,0,,,,27.18938,27.79877,22.9948
1786936124,26.96803,78.12161,23,0,,,,27.29098,27.69717,22.92727
1786936124,27.04013,78.22385,23,0,,,,27.29098,27.69717,23.1978
1786936125,27.01076,78.15366,23,0,,,,27.35871,27.69717,22.92727
1786936126,26.99741,78.05753,23,0,,,,27.35871,27.8665,23.02867
1786936126,26.92798,78.12161,23,0,,,,27.22325,27.69717,22.92727
1786936127,27.01076,78.00717,23,0,,,,27.18938,27.66331,23.02867
1786936128,26.96803,78.0499,23,0,,,,27.22325,27.79877,23.06253
1786936128,26.95468,78.10941,23,0,,,,27.29098,27.73104,22.75814
1786936129,27.01076,77.94766,23,0,,,,27.29098,27.73104,22.96113
1786936130,27.05348,77.92477,23,0,,,,27.25711,27.69717,23.13006
1786936130,27.02411,77.92935,23,0,,,,27.35871,27.62944,23.0962
1786936131,26.98405,77.82407,23,0,,,,27.25711,27.69717,22.96113
1786936132,26.98405,77.74166,23,0,,,,27.29098,27.7649,22.9948
1786936132,27.04013,77.80728,23,0,,,,27.25711,27.66331,23.02867
1786936133,26.98405,77.82407,23,0,,,,27.22325,27.7649,23.0962
1786936134,26.92798,77.73861,23,0,,,,27.18938,27.83244,23.06253
1786936134,27.01076,77.65621,23,0,,,,27.29098,27.8665,23.06253
1786936135,26.94133,77.62875,23,0,,,,27.29098,27.59557,23.02867
1786936136,26.95468,77.52651,23,0,,,,27.29098,27.8665,23.02867
1786936136,27.01076,77.70657,23,0,,,,27.32484,27.69717,22.85974
1786936137,26.98405,77.58602,23,0,,,,27.12165,27.83244,23.02867
1786936138,26.94133,77.52346,23,0,,,,27.18938,27.83244,22.92727
1786936138,27.04013,77.7142,23,0,,,,27.29098,27.9681,22.9948
1786936139,27.04013,77.61044,23,0,,,,27.15551,27.83244,22.9948
1786936140,27.08286,77.57839,23,0,,,,27.32484,27.73104,23.02867
1786936140,26.99741,77.5906,23,0,,,,27.15551,27.79877,22.9948
1786936141,27.01076,77.57229,23,0,,,,27.25711,27.62944,23.02867
1786936141,27.01076,77.54025,23,0,,,,27.29098,27.79877,22.92727
1786936142,27.06684,77.55398,23,0,,,,27.22325,27.69717,23.02867
1786936143,26.96803,77.48074,23,0,,,,27.35871,27.79877,23.06253
1786936143,26.99741,77.55856,23,0,,,,27.29098,27.73104,22.8934
1786936144,26.99741,77.673,23,0,,,,27.22325,27.66331,22.92727
1786936145,27.08286,77.73403,23,0,,,,27.32484,27.66331,22.96113
1786936145,27.06684,77.70046,23,0,,,,27.22325,27.83244,23.0962
1786936146,27.02411,77.7203,23,0,,,,27.25711,27.83244,23.16393
1786936147,26.99741,77.88052,23,0,,,,27.22325,27.66331,23.02867
1786936147,27.02411,77.85611,23,0,,,,27.22325,27.83244,22.9948
1786936148,27.04013,78.02548,23,0,,,,27.22325,27.7649,23.0962
1786936149,27.06684,78.07278,23,0,,,,27.29098,27.59557,22.96113
1786936149,27.02411,78.14603,23,0,,,,27.29098,27.7649,23.23146
1786936151,27.06684,78.19943,23,0,,,,27.29098,27.73104,22.96113
1786936151,27.04013,78.33677,23,0,,,,27.32484,27.69717,23.0962
1786936151,26.99741,78.52445,23,0,,,,27.25711,27.62944,22.8934
1786936152,26.99741,78.37797,23,0,,,,27.35871,27.8665,22.82587
1786936153,27.02411,78.57175,23,0,,,,27.22325,27.66331,22.9948
1786936153,27.02411,78.51987,23,0,,,,27.25711,27.90037,23.02867
1786936154,27.08286,78.81438,23,0,,,,27.22325,27.73104,22.9948
1786936155,27.10956,78.6862,23,0,,,,27.25711,27.66331,22.96113
1786936155,27.01076,78.78539,23,0,,,,27.29098,27.7649,23.02867
1786936156,27.02411,78.79912,23,0,,,,27.29098,27.69717,22.9948
1786936157,27.08286,78.91966,23,0,,,,27.29098,27.79877,22.8934
1786936157,26.98405,78.9044,23,0,,,,27.15551,27.73104,22.9948
1786936158,26.99741,79.01122,23,0,,,,27.32484,27.79877,22.96113
1786936159,27.13893,79.19279,23,0,,,,27.22325,27.66331,23.02867
1786936159,27.04013,79.07378,23,0,,,,27.25711,27.83244,22.92727
1786936160,27.08286,79.1989,23,0,,,,27.35871,27.52784,22.9948
1786936161,27.01076,79.24315,23,0,,,,27.22325,27.73104,22.92727
1786936161,26.99741,79.29046,23,0,,,,27.32484,27.66331,23.16393
1786936162,27.09621,79.33624,23,0,,,,27.18938,27.7649,22.9948
1786936163,26.94133,79.24467,23,0,,,,27.18938,27.69717,22.92727
1786936163,27.01076,79.29504,23,0,,,,27.32484,27.56171,22.92727
1786936164,26.98405,79.35912,23,0,,,,27.32484,27.83244,23.06253
1786936165,26.98405,79.45373,23,0,,,,27.18938,27.7649,23.02867
1786936165,27.01076,79.36675,23,0,,,,27.25711,27.59557,23.02867
1786936166,27.08286,79.51019,23,0,,,,27.32484,27.69717,22.92727
1786936167,27.05348,79.46288,23,0,,,,27.29098,27.59557,22.96113
1786936167,27.02411,79.44457,23,0,,,,27.08778,27.8665,22.92727
1786936168,26.94133,79.41253,23,0,,,,27.22325,27.69717,23.02867
1786936169,26.94133,79.33013,23,0,,,,27.25711,27.73104,22.9948
1786936169,27.02411,79.38049,23,0,,,,27.25711,27.83244,22.92727
1786936170,26.96803,79.42779,23,0,,,,27.22325,27.62944,22.9948
1786936171,27.01076,79.34844,23,0,,,,27.25711,27.62944,22.92727
1786936171,26.98405,79.22484,23,0,,,,27.22325,27.83244,22.8934
1786936172,27.04013,79.41711,23,0,,,,27.25711,27.73104,22.92727
1786936173,27.04013,79.3225,23,0,,,,27.29098,27.62944,22.92727
1786936173,26.99741,79.34386,23,0,,,,27.32484,27.59557,22.92727
1786936174,26.8986,79.33929,23,0,,,,27.32484,27.83244,22.9948
1786936175,26.98405,79.32098,23,0,,,,27.29098,27.7649,23.0962
1786936175,26.98405,79.41253,23,0,,,,27.29098,27.79877,22.9948
1786936176,27.06684,79.50561,23,0,,,,27.25711,27.79877,22.96113
1786936177,27.02411,79.44457,23,0,,,,27.22325,27.79877,23.06253
1786936177,27.06684,79.52697,23,0,,,,27.29098,27.79877,23.0962
1786936178,27.01076,79.52239,23,0,,,,27.35871,27.83244,22.8934
1786936178,27.04013,79.5407,23,0,,,,27.18938,27.8665,22.92727
1786936179,26.94133,79.54681,23,0,,,,27.25711,27.73104,23.16393
1786936180,26.99741,79.47814,23,0,,,,27.29098,27.59557,23.0962
1786936181,26.96803,79.60632,23,0,,,,27.25711,27.69717,23.02867
1786936181,27.04013,79.61395,23,0,,,,27.22325,27.8665,22.96113
1786936182,26.96803,79.52239,23,0,,,,27.29098,27.62944,22.82587
1786936182,26.96803,79.57427,23,0,,,,27.25711,27.83244,22.92727
1786936183,27.05348,79.81537,23,0,,,,27.32484,27.79877,22.92727
1786936184,27.02411,79.55596,22,0,,,,27.39258,27.69717,23.0962
1786936184,27.09621,79.65972,23,0,,,,27.29098,27.7649,22.96113
1786936185,27.08286,79.56054,23,0,,,,27.25711,27.59557,22.92727
1786936186,27.06684,79.47662,23,0,,,,27.25711,27.83244,22.9948
1786936186,26.98405,79.49645,23,0,,,,27.22325,27.69717,23.0962
1786936187,26.99741,79.4461,23,0,,,,27.25711,27.62944,23.16393
1786936188,27.01076,79.23094,23,0,,,,27.32484,27.83244,22.92727
1786936188,26.98405,79.33013,23,0,,,,27.18938,27.90037,22.8934
1786936189,26.94133,79.30877,23,0,,,,27.25711,27.83244,23.13006
1786936190,26.98405,79.10124,23,0,,,,27.32484,27.73104,23.06253
1786936190,27.09621,79.13939,23,0,,,,27.25711,27.93403,23.16393
1786936191,26.96803,79.00511,23,0,,,,27.39258,27.73104,22.9948
1786936192,26.94133,79.02953,23,0,,,,27.25711,27.7649,23.0962
1786936192,26.8986,78.8922,22,0,,,,27.29098,27.66331,23.02867
1786936193,27.02411,78.851,23,0,,,,27.15551,27.66331,22.9948
1786936194,26.98405,78.8632,23,0,,,,27.32484,27.73104,22.96113
1786936194,26.98405,78.77776,23,0,,,,27.32484,27.62944,22.96113
1786936195,27.02411,78.51987,23,0,,,,27.29098,27.83244,22.92727
1786936196,26.92798,78.55802,23,0,,,,27.25711,27.59557,23.0962
1786936196,26.99741,78.56565,23,0,,,,27.22325,27.79877,22.92727
1786936197,27.04013,78.48325,23,0,,,,27.29098,27.66331,22.92727
1786936198,27.05348,78.40238,23,0,,,,27.25711,27.62944,22.96113
1786936198,27.05348,78.32914,23,0,,,,27.22325,27.9681,23.06253
1786936199,27.04013,78.27421,23,0,,,,27.15551,27.7649,23.02867
1786936200,27.02411,78.24979,23,0,,,,27.25711,27.93403,22.96113
1786936200,26.99741,78.20096,23,0,,,,27.25711,27.83244,23.02867
1786936201,26.94133,78.08499,23,0,,,,27.22325,27.83244,22.96113
1786936202,27.02411,78.11703,23,0,,,,27.18938,27.7649,23.13006
1786936202,27.06684,78.08499,23,0,,,,27.25711,27.56171,23.06253
1786936203,26.95468,78.04532,23,0,,,,27.29098,27.73104,22.96113
1786936204,27.01076,77.97665,23,0,,,,27.29098,27.66331,22.96113
1786936204,26.96803,77.97665,23,0,,,,27.29098,27.69717,22.96113
1786936205,26.98405,77.87595,23,0,,,,27.25711,27.8665,23.02867
1786936206,27.01076,77.97665,23,0,,,,27.22325,27.66331,22.9948
1786936206,27.10956,77.97055,23,0,,,,27.35871,27.73104,22.9948
1786936207,27.02411,77.97971,23,0,,,,27.22325,27.66331,22.9948
1786936208,27.08286,77.93393,23,0,,,,27.29098,27.8665,22.9948
1786936208,26.96803,77.95682,23,0,,,,27.29098,27.79877,23.02867
1786936209,27.06684,77.97055,23,0,,,,27.25711,27.66331,22.9948
1786936210,26.92798,77.94766,23,0,,,,27.18938,27.62944,22.9948
1786936210,26.99741,77.97208,23,0,,,,27.25711,27.83244,22.96113
1786936211,26.99741,77.98428,23,0,,,,27.25711,27.90037,23.06253
1786936212,27.04013,77.98428,23,0,,,,27.25711,27.69717,22.92727
1786936212,26.98405,78.04379,23,0,,,,27.32484,27.79877,23.02867
1786936213,27.02411,77.97971,23,0,,,,27.15551,27.69717,22.96113
1786936214,27.02411,77.97971,23,0,,,,27.32484,27.73104,22.96113
1786936214,26.99741,78.10941,23,0,,,,27.29098,27.73104,22.9948
1786936215,26.99741,78.20096,23,0,,,,27.29098,27.83244,23.02867
1786936215,27.04013,78.14908,22,0,,,,27.22325,27.73104,23.0962
1786936216,26.91195,78.11703,23,0,,,,27.32484,27.62944,22.9948
1786936217,26.94133,78.11398,23,0,,,,27.25711,27.90037,22.96113
1786936217,27.06684,78.15518,23,0,,,,27.15551,27.8665,22.92727
1786936218,27.01076,78.2269,23,0,,,,27.32484,27.79877,23.06253
1786936219,27.05348,78.23758,23,0,,,,27.29098,27.66331,23.06253
1786936219,27.02411,78.11703,23,0,,,,27.29098,27.69717,23.06253
1786936220,27.10956,78.29252,23,0,,,,27.18938,27.79877,22.9948
1786936221,27.10956,78.26048,23,0,,,,27.22325,27.59557,23.0962
1786936221,26.99741,78.27421,23,0,,,,27.18938,27.62944,23.06253
1786936222,27.01076,78.25895,23,0,,,,27.18938,27.7649,22.9948
1786936223,26.98405,78.24063,23,0,,,,27.32484,27.66331,23.02867
1786936223,26.99741,78.34745,23,0,,,,27.32484,27.83244,22.9948
1786936224,26.95468,78.21317,23,0,,,,27.29098,27.79877,22.9948
1786936225,27.05348,78.34135,23,0,,,,27.22325,27.8665,23.06253
1786936225,26.99741,78.38865,23,0,,,,27.15551,28.03563,22.8934
1786936226,27.04013,78.31541,23,0,,,,27.25711,27.79877,22.9948
1786936227,26.86923,78.33677,23,0,,,,27.32484,27.62944,22.9948
1786936227,27.01076,78.49699,23,0,,,,27.25711,27.7649,22.792
1786936228,27.08286,78.5565,23,0,,,,27.18938,27.66331,22.9948
1786936229,27.06684,78.46647,23,0,,,,27.29098,27.79877,22.85974
1786936229,27.05348,78.41459,23,0,,,,27.29098,27.79877,22.9948
1786936230,27.01076,78.49699,23,0,,,,27.25711,27.62944,23.06253
1786936231,26.96803,78.4741,23,0,,,,27.22325,27.90037,22.85974
1786936231,27.02411,78.55192,23,0,,,,27.22325,27.62944,23.02867
1786936232,26.88525,78.42069,23,0,,,,27.32484,27.7649,22.8934
1786936233,26.99741,78.50309,23,0,,,,27.35871,27.7649,23.0962
1786936233,26.99741,78.51225,23,0,,,,27.22325,27.66331,23.06253
1786936234,27.01076,78.4741,23,0,,,,27.22325,27.7649,22.96113
1786936235,27.02411,78.53056,23,0,,,,27.15551,27.66331,22.8934
1786936235,27.04013,78.52445,23,0,,,,27.32484,27.7649,23.02867
1786936236,27.02411,78.45731,23,0,,,,27.29098,27.56171,22.8934
1786936237,26.96803,78.48478,23,0,,,,27.25711,27.62944,22.9948
1786936237,26.99741,78.42985,23,0,,,,27.29098,27.56171,22.9948
1786936238,27.08286,78.47105,23,0,,,,27.18938,27.7649,22.96113
1786936239,27.05348,78.46494,23,0,,,,27.25711,27.69717,23.0962
1786936239,26.98405,78.37492,23,0,,,,27.29098,27.79877,22.96113
1786936240,26.96803,78.40238,23,0,,,,27.32484,27.83244,22.792
1786936241,27.09621,78.63126,23,0,,,,27.29098,27.83244,23.02867
1786936241,27.08286,78.61753,23,0,,,,27.25711,27.83244,23.0962
1786936242,27.04013,78.45121,23,0,,,,27.22325,27.7649,22.9948
1786936243,27.05348,78.53819,23,0,,,,27.25711,27.90037,23.02867
1786936243,27.05348,78.44358,23,0,,,,27.22325,27.83244,23.02867
1786936244,27.02411,78.28184,23,0,,,,27.22325,27.79877,23.02867
1786936245,26.99741,78.40086,23,0,,,,27.29098,27.7649,22.8934
1786936245,27.09621,78.39323,23,0,,,,27.29098,27.69717,22.92727
1786936246,27.06684,78.38407,23,0,,,,27.15551,27.7649,23.02867
1786936247,26.96803,78.3505,23,0,,,,27.18938,27.69717,23.16393
1786936247,27.04013,78.42069,23,0,,,,27.22325,27.83244,22.9948
1786936248,26.98405,78.37492,23,0,,,,27.22325,27.90037,22.96113
1786936249,27.06684,78.42832,23,0,,,,27.29098,27.66331,23.0962
1786936249,27.02411,78.36423,23,0,,,,27.25711,27.7649,23.02867
1786936250,26.99741,78.24521,23,0,,,,27.25711,27.62944,22.85974
1786936251,27.01076,78.23605,23,0,,,,27.25711,27.73104,23.13006
1786936251,27.01076,78.19485,23,0,,,,27.25711,27.56171,22.8934
1786936252,27.01076,78.2269,23,0,,,,27.18938,27.7649,22.9948
1786936252,26.98405,78.17807,23,0,,,,27.25711,27.73104,22.8934
1786936253,27.02411,78.19943,23,0,,,,27.15551,27.66331,22.96113
1786936254,27.02411,78.18723,23,0,,,,27.29098,27.83244,23.06253
1786936254,27.04013,78.25437,23,0,,,,27.29098,27.66331,23.06253
1786936255,27.08286,78.18112,23,0,,,,27.25711,27.56171,22.92727
1786936256,26.96803,78.11246,23,0,,,,27.22325,27.62944,23.06253
1786936256,27.05348,78.24673,23,0,,,,27.25711,27.8665,22.82587
1786936257,27.02411,77.92935,23,0,,,,27.25711,27.79877,23.0962
1786936258,27.04013,78.06668,23,0,,,,27.32484,27.69717,23.02867
1786936258,26.95468,78.06668,23,0,,,,27.32484,27.8665,23.02867
1786936259,27.06684,78.19943,23,0,,,,27.29098,27.90037,23.0962
1786936260,27.02411,78.03159,23,0,,,,27.29098,27.56171,22.92727
1786936260,27.01076,78.00717,23,0,,,,27.25711,27.7649,23.02867
1786936261,26.99741,77.98428,23,0,,,,27.39258,27.83244,22.96113
1786936262,27.06684,77.97055,23,0,,,,27.18938,27.73104,23.02867
1786936262,26.96803,77.91562,23,0,,,,27.25711,27.7649,22.9948
1786936263,26.99741,77.93393,23,0,,,,27.32484,27.83244,22.92727
1786936264,26.96803,77.81033,23,0,,,,27.25711,27.56171,22.92727
1786936264,27.09621,77.93546,23,0,,,,27.39258,27.7649,23.02867
1786936265,27.01076,77.72793,23,0,,,,27.18938,27.7649,23.06253
1786936266,26.99741,77.77829,23,0,,,,27.22325,27.73104,23.0962
1786936266,27.01076,77.76913,23,0,,,,27.25711,27.79877,22.9948
1786936267,27.08286,77.76608,23,0,,,,27.25711,27.73104,22.96113
1786936268,27.05348,77.72793,23,0,,,,27.29098,27.7649,23.02867
1786936268,26.94133,77.76151,23,0,,,,27.29098,27.62944,22.82587
1786936269,27.08286,77.80728,23,0,,,,27.29098,27.79877,23.02867
1786936270,27.04013,77.70199,23,0,,,,27.18938,27.90037,23.0962
1786936270,27.01076,77.80118,23,0,,,,27.29098,27.93403,22.96113
1786936271,26.96803,77.70657,23,0,,,,27.29098,27.52784,22.96113
1786936272,27.06684,77.6791,23,0,,,,27.25711,27.73104,23.02867
1786936272,27.05348,77.73861,23,0,,,,27.22325,27.69717,23.16393
1786936273,26.99741,77.79813,23,0,,,,27.29098,27.66331,22.96113
1786936274,27.08286,77.93393,23,0,,,,27.22325,27.73104,22.96113
1786936274,26.91195,77.91104,23,0,,,,27.22325,27.66331,22.9948
1786936275,26.99741,77.85764,23,0,,,,27.35871,27.66331,22.9948
1786936276,27.01076,77.95682,23,0,,,,27.29098,27.69717,22.9948
1786936276,27.08286,78.07736,23,0,,,,27.25711,27.7649,22.8934
1786936277,27.08286,78.01633,23,0,,,,27.25711,27.83244,23.13006
1786936278,27.15228,78.17807,23,0,,,,27.15551,27.73104,23.02867
1786936278,27.04013,78.1918,23,0,,,,27.29098,27.56171,23.02867
1786936279,26.99741,78.30473,23,0,,,,27.32484,27.83244,22.96113
1786936280,27.01076,78.3505,23,0,,,,27.32484,27.69717,23.02867
1786936280,27.05348,78.48478,23,0,,,,27.25711,27.90037,22.9948
1786936281,27.02411,78.6862,23,0,,,,27.22325,27.69717,22.82587
1786936282,27.12291,78.86778,23,0,,,,27.29098,27.83244,22.92727
1786936282,26.99741,78.82353,23,0,,,,27.22325,27.69717,23.0962
1786936283,27.12291,79.0753,23,0,,,,27.22325,27.69717,23.06253
1786936284,27.04013,79.27062,23,0,,,,27.39258,27.73104,22.8934
1786936284,27.04013,79.18822,23,0,,,,27.15551,27.59557,22.85974
1786936285,26.98405,79.20348,23,0,,,,27.29098,27.62944,22.8934
1786936286,27.02411,79.41253,23,0,,,,27.32484,27.73104,22.9948
1786936286,26.99741,79.51019,23,0,,,,27.29098,27.69717,22.9948
1786936287,26.98405,79.48577,23,0,,,,27.22325,27.79877,23.02867
1786936287,27.02411,79.57885,23,0,,,,27.22325,27.62944,22.9948
1786936288,27.06684,79.8291,23,0,,,,27.29098,27.83244,22.8934
1786936289,27.06684,79.81689,23,0,,,,27.32484,27.69717,22.96113
1786936289,26.99741,79.94507,23,0,,,,27.32484,27.8665,22.96113
1786936290,26.99741,79.81079,23,0,,,,27.29098,27.73104,22.85974
1786936291,27.04013,79.93591,23,0,,,,27.25711,27.62944,22.9948
1786936291,27.01076,79.89777,23,0,,,,27.22325,27.66331,22.8934
1786936292,27.08286,80.05951,23,0,,,,27.25711,27.79877,23.02867
1786936293,27.02411,80.11902,23,0,,,,27.29098,27.83244,23.02867
1786936293,27.02411,80.14954,23,0,,,,27.35871,27.73104,23.02867
1786936294,27.09621,80.19989,23,0,,,,27.25711,27.66331,22.92727
1786936295,26.96803,80.13275,23,0,,,,27.22325,27.73104,22.9948
1786936295,27.06684,80.25483,23,0,,,,27.29098,27.69717,23.0962
1786936296,26.98405,80.25483,23,0,,,,27.32484,27.73104,22.92727
1786936297,26.95468,80.20447,23,0,,,,27.22325,27.69717,23.02867
1786936297,27.02411,80.25178,23,0,,,,27.25711,27.83244,22.96113
1786936298,27.05348,80.40589,23,0,,,,27.35871,27.7649,23.02867
1786936299,26.98405,80.35706,23,0,,,,27.15551,27.9681,23.0962
1786936299,27.04013,80.35096,23,0,,,,27.18938,27.62944,22.8934
1786936300,27.08286,80.52644,23,0,,,,27.35871,27.73104,22.8934
1786936301,26.94133,80.2823,23,0,,,,27.18938,27.69717,23.02867
1786936301,27.01076,80.48829,23,0,,,,27.29098,27.8665,22.96113
1786936302,26.96803,80.50813,23,0,,,,27.18938,27.66331,22.8934
1786936303,26.99741,80.37995,23,0,,,,27.29098,27.7649,22.9948
1786936303,27.01076,80.43793,23,0,,,,27.29098,27.69717,22.96113
1786936304,27.01076,80.42573,23,0,,,,27.35871,27.73104,23.06253
1786936305,27.02411,80.36622,23,0,,,,27.35871,27.62944,23.06253
1786936305,27.05348,80.31129,23,0,,,,27.35871,27.7649,22.92727
1786936306,27.12291,80.40284,23,0,,,,27.29098,27.83244,23.06253
1786936307,26.99741,80.2243,23,0,,,,27.22325,27.90037,23.13006
1786936307,26.98405,80.13733,23,0,,,,27.25711,27.69717,22.96113
1786936308,26.91195,80.15106,23,0,,,,27.25711,27.7649,22.92727
1786936309,26.94133,80.08698,23,0,,,,27.32484,27.79877,23.02867
1786936309,27.04013,79.96643,23,0,,,,27.32484,27.66331,23.0962
1786936310,27.02411,80.0351,23,0,,,,27.22325,27.69717,22.9948
1786936311,26.98405,79.98169,23,0,,,,27.29098,27.69717,22.8934
1786936311,27.05348,79.8764,23,0,,,,27.15551,27.8665,23.0962
1786936312,26.99741,79.83063,23,0,,,,27.29098,27.73104,23.0962
1786936313,26.94133,79.60021,23,0,,,,27.29098,27.69717,22.96113
1786936313,27.05348,79.55444,23,0,,,,27.25711,27.7649,22.96113
1786936314,26.94133,79.54681,23,0,,,,27.18938,27.62944,23.02867
1786936315,27.05348,79.37743,23,0,,,,27.18938,27.8665,23.06253
1786936315,26.94133,79.41253,23,0,,,,27.29098,27.66331,22.8934
1786936316,27.02411,79.28893,23,0,,,,27.25711,27.66331,23.0962
1786936317,26.99741,79.18822,23,0,,,,27.18938,27.69717,22.8934
1786936317,26.99741,79.14702,23,0,,,,27.22325,27.69717,22.96113
1786936318,26.95468,78.87694,23,0,,,,27.25711,27.7649,23.06253
1786936319,27.01076,79.01427,23,0,,,,27.22325,27.69717,23.23146
1786936319,26.98405,78.8632,23,0,,,,27.18938,27.73104,23.02867
1786936320,27.04013,78.75334,23,0,,,,27.25711,27.7649,22.96113
1786936321,26.94133,78.78996,23,0,,,,27.25711,27.69717,22.92727
1786936321,26.94133,78.69535,23,0,,,,27.22325,27.83244,23.16393
1786936322,26.92798,78.65263,23,0,,,,27.18938,27.7649,23.16393
1786936322,27.02411,78.46647,23,0,,,,27.29098,27.66331,22.96113
1786936323,26.99741,78.58549,23,0,,,,27.35871,27.59557,22.92727
1786936324,26.96803,78.50614,23,0,,,,27.22325,27.66331,23.16393
1786936324,26.94133,78.41611,23,0,,,,27.29098,27.73104,23.02867
1786936325,27.06684,78.51072,23,0,,,,27.35871,27.8665,22.96113
1786936326,26.98405,78.32304,23,0,,,,27.22325,27.79877,22.9948
1786936326,27.05348,78.25895,23,0,,,,27.25711,27.90037,23.0962
1786936327,26.92798,78.2269,23,0,,,,27.22325,27.83244,23.06253
1786936328,27.05348,78.38255,23,0,,,,27.25711,27.79877,22.9948
1786936328,27.02411,78.29099,23,0,,,,27.32484,27.79877,23.02867
1786936329,26.94133,78.28184,23,0,,,,27.29098,27.7649,23.13006
1786936330,26.96803,78.2971,23,0,,,,27.12165,27.73104,23.13006
1786936330,27.04013,78.34745,23,0,,,,27.22325,27.79877,23.0962
1786936331,27.05348,78.3505,23,0,,,,27.25711,27.7649,23.06253
1786936332,26.88525,78.34135,23,0,,,,27.22325,27.79877,22.9948
1786936332,26.96803,78.33829,23,0,,,,27.29098,27.62944,23.02867
1786936333,26.99741,78.34745,23,0,,,,27.29098,27.66331,22.96113
1786936334,26.96803,78.40238,23,0,,,,27.22325,27.69717,22.92727
1786936334,26.92798,78.37034,23,0,,,,27.18938,27.69717,23.06253
1786936335,27.04013,78.44205,23,0,,,,27.29098,27.66331,22.96113
1786936336,26.96803,78.3093,23,0,,,,27.32484,27.79877,23.02867
1786936336,27.06684,78.35508,23,0,,,,27.25711,27.8665,23.0962
1786936337,27.01076,78.36118,23,0,,,,27.29098,27.62944,22.9948
1786936338,26.92798,78.34135,23,0,,,,27.22325,27.69717,22.92727
1786936338,26.98405,78.46647,23,0,,,,27.18938,27.7649,22.9948
1786936339,26.98405,78.48936,23,0,,,,27.22325,27.79877,23.02867
1786936340,26.95468,78.46037,23,0,,,,27.22325,27.73104,23.0962
1786936340,27.01076,78.65263,23,0,,,,27.25711,27.83244,23.02867
1786936341,27.04013,78.50309,23,0,,,,27.18938,27.73104,23.13006
1786936342,27.05348,78.60838,23,0,,,,27.22325,27.8665,22.96113
1786936342,26.95468,78.49241,23,0,,,,27.12165,27.79877,22.92727
1786936343,26.96803,78.57023,23,0,,,,27.22325,27.69717,23.02867
1786936344,27.09621,78.47562,23,0,,,,27.32484,27.66331,22.85974
1786936344,27.10956,78.62211,23,0,,,,27.22325,27.73104,22.96113
1786936345,27.02411,78.72739,23,0,,,,27.25711,27.69717,22.92727
1786936346,27.06684,78.645,23,0,,,,27.25711,27.69717,23.06253
1786936346,27.02411,78.65415,23,0,,,,27.29098,27.69717,22.96113
1786936347,27.01076,78.50614,23,0,,,,27.25711,27.69717,22.9948
1786936348,26.98405,78.48936,23,0,,,,27.29098,27.79877,22.92727
1786936348,27.01076,78.62974,23,0,,,,27.25711,27.73104,22.8934
1786936349,26.96803,78.62974,23,0,,,,27.39258,27.69717,22.92727
1786936350,27.01076,78.53819,23,0,,,,27.22325,27.66331,22.8934
1786936350,27.02411,78.48783,23,0,,,,27.29098,27.79877,23.16393
1786936351,26.96803,78.46494,23,0,,,,27.18938,27.73104,22.92727
1786936352,26.95468,78.35661,23,0,,,,27.18938,27.69717,23.06253
1786936352,27.02411,78.41611,23,0,,,,27.32484,27.69717,23.02867
1786936353,27.05348,78.36118,23,0,,,,27.29098,27.8665,22.92727
1786936354,26.96803,78.2681,23,0,,,,27.35871,27.73104,22.96113
1786936354,27.01076,78.19485,23,0,,,,27.25711,27.79877,23.02867
1786936355,26.91195,78.21317,23,0,,,,27.32484,27.90037,23.02867
1786936356,27.01076,78.13229,23,0,,,,27.29098,27.79877,23.1978
1786936356,26.8986,77.97971,23,0,,,,27.29098,27.7649,23.13006
1786936357,27.05348,78.09109,23,0,,,,27.32484,27.83244,23.02867
1786936357,27.05348,77.9675,23,0,,,,27.25711,27.66331,23.02867
1786936358,26.98405,77.99039,23,0,,,,27.18938,27.69717,22.9948
1786936359,27.05348,77.92477,23,0,,,,27.22325,27.62944,22.96113
1786936360,27.10956,77.85611,22,0,,,,27.25711,27.69717,23.02867
1786936360,26.98405,77.77371,23,0,,,,27.32484,27.90037,22.8934
1786936361,26.8986,77.75235,23,0,,,,27.32484,27.73104,23.16393
1786936361,26.95468,77.73403,23,0,,,,27.35871,27.79877,22.92727
1786936362,26.92798,77.79202,23,0,,,,27.25711,27.62944,23.02867
1786936363,26.99741,77.82864,23,0,,,,27.18938,27.83244,23.13006
1786936363,26.95468,77.70199,23,0,,,,27.22325,27.7649,22.9948
1786936364,27.06684,77.79355,23,0,,,,27.25711,27.7649,23.02867
1786936365,26.95468,77.73403,23,0,,,,27.15551,27.66331,23.06253
1786936365,26.96803,77.80118,23,0,,,,27.32484,27.69717,22.82587
1786936366,26.95468,77.7142,23,0,,,,27.29098,27.90037,23.02867
1786936367,26.96803,77.53109,23,0,,,,27.35871,27.83244,23.0962
1786936367,27.04013,77.70199,23,0,,,,27.25711,27.73104,22.92727
1786936368,27.02411,77.70962,23,0,,,,27.32484,27.73104,23.02867
1786936369,27.01076,77.63638,23,0,,,,27.35871,27.69717,22.96113
1786936369,27.04013,77.56924,23,0,,,,27.22325,27.79877,22.9948
1786936370,27.01076,77.59212,23,0,,,,27.35871,27.7649,23.06253
1786936371,27.08286,77.57839,23,0,,,,27.22325,27.79877,23.02867
1786936371,26.98405,77.65011,23,0,,,,27.25711,27.73104,23.02867
1786936372,27.02411,77.60586,23,0,,,,27.32484,27.7649,22.96113
1786936373,27.01076,77.51888,23,0,,,,27.18938,27.69717,23.06253
1786936373,26.99741,77.53719,23,0,,,,27.25711,27.62944,22.92727
1786936374,26.98405,77.51278,23,0,,,,27.15551,27.69717,22.8934
1786936375,26.96803,77.51888,23,0,,,,27.29098,27.73104,23.02867
1786936375,27.05348,77.53109,23,0,,,,27.18938,27.83244,22.9948
1786936376,27.01076,77.60433,23,0,,,,27.29098,27.73104,23.0962
1786936377,26.91195,77.4548,23,0,,,,27.22325,27.69717,23.16393
1786936377,26.96803,77.44869,23,0,,,,27.22325,27.73104,23.0962
1786936378,26.95468,77.467,23,0,,,,27.25711,27.73104,23.13006
1786936379,27.04013,77.44411,23,0,,,,27.25711,27.83244,23.0962
1786936379,26.8986,77.26559,23,0,,,,27.32484,27.62944,22.92727
1786936380,27.02411,77.44106,23,0,,,,27.25711,27.69717,22.9948
1786936381,26.95468,77.40292,23,0,,,,27.32484,27.73104,22.9948
1786936381,27.05348,77.35409,23,0,,,,27.22325,27.69717,23.0962
1786936382,27.02411,77.27474,23,0,,,,27.25711,27.69717,23.0962
1786936383,26.94133,77.26559,23,0,,,,27.29098,27.69717,22.9948
1786936383,26.98405,77.37698,23,0,,,,27.25711,27.73104,23.02867
1786936384,27.04013,77.29916,23,0,,,,27.32484,27.73104,22.96113
1786936385,27.01076,77.30221,23,0,,,,27.29098,27.79877,23.13006
1786936385,26.98405,77.40902,23,0,,,,27.29098,27.7649,22.8934
1786936386,27.01076,77.48074,23,0,,,,27.22325,27.62944,22.9948
1786936387,27.06684,77.58602,23,0,,,,27.25711,27.69717,22.9948
1786936387,26.99741,77.53719,23,0,,,,27.15551,27.7649,22.9948
1786936388,27.01076,77.64553,23,0,,,,27.15551,27.66331,23.06253
1786936389,26.91195,77.62264,23,0,,,,27.32484,27.66331,23.02867
1786936389,27.01076,77.74776,23,0,,,,27.18938,27.66331,22.85974
1786936390,27.08286,77.76608,23,0,,,,27.32484,27.79877,23.06253
1786936391,27.05348,77.75998,23,0,,,,27.25711,27.66331,22.8934
1786936391,26.99741,77.74624,23,0,,,,27.25711,27.83244,23.02867
1786936392,27.04013,77.673,23,0,,,,27.15551,27.83244,22.8934
1786936393,26.96803,77.81033,23,0,,,,27.18938,27.7649,23.02867
1786936393,27.01076,77.79202,23,0,,,,27.18938,27.62944,23.02867
1786936394,27.05348,77.72793,23,0,,,,27.22325,27.62944,23.06253
1786936394,27.04013,77.77829,23,0,,,,27.25711,27.7649,23.0962
1786936395,27.01076,77.85153,23,0,,,,27.22325,27.79877,22.9948
1786936396,27.01076,77.70657,23,0,,,,27.22325,27.66331,22.96113
1786936396,27.08286,77.68215,23,0,,,,27.18938,27.83244,23.02867
1786936397,27.09621,77.76913,23,0,,,,27.35871,27.69717,23.06253
1786936398,26.99741,77.69283,23,0,,,,27.32484,27.73104,22.9948
1786936398,27.02411,77.68826,23,0,,,,27.32484,27.7649,22.96113
1786936399,27.10956,77.65926,23,0,,,,27.22325,27.7649,23.06253
1786936400,27.08286,77.69283,23,0,,,,27.22325,27.62944,23.0962
1786936400,26.96803,77.59212,23,0,,,,27.25711,27.62944,22.9948
1786936401,27.04013,77.65163,23,0,,,,27.18938,27.69717,23.02867
1786936402,26.91195,77.57839,23,0,,,,27.25711,27.69717,22.96113
1786936402,27.01076,77.67452,23,0,,,,27.25711,27.73104,22.792
1786936403,27.05348,77.66537,23,0,,,,27.22325,27.66331,22.96113
1786936404,27.02411,77.55398,23,0,,,,27.25711,27.59557,23.02867
1786936404,27.06684,77.51431,23,0,,,,27.32484,27.73104,22.9948
1786936405,27.08286,77.64248,23,0,,,,27.29098,27.66331,23.1978
1786936406,26.99741,77.55856,23,0,,,,27.25711,27.69717,23.13006
1786936406,26.95468,77.48684,23,0,,,,27.15551,27.73104,23.0962
1786936407,26.99741,77.54635,23,0,,,,27.29098,27.79877,22.96113
1786936408,27.02411,77.56466,23,0,,,,27.25711,27.69717,23.0962
1786936408,27.09621,77.50973,23,0,,,,27.29098,27.7649,23.13006
1786936409,27.02411,77.48226,23,0,,,,27.25711,27.79877,22.9948
1786936410,27.02411,77.40902,23,0,,,,27.22325,27.7649,22.9948
1786936410,27.05348,77.45785,23,0,,,,27.32484,27.66331,23.13006
1786936411,27.01076,77.48989,23,0,,,,27.35871,27.79877,22.8934
1786936412,27.09621,77.54025,23,0,,,,27.29098,27.8665,23.16393
1786936412,26.98405,77.53262,23,0,,,,27.18938,27.69717,23.06253
1786936413,27.04013,77.5906,23,0,,,,27.39258,27.73104,22.8934
1786936414,26.95468,77.53719,23,0,,,,27.32484,27.79877,22.92727
1786936414,27.02411,77.48226,23,0,,,,27.32484,27.7649,22.9948
1786936415,26.94133,77.5967,23,0,,,,27.32484,27.79877,22.96113
1786936416,27.09621,77.63638,23,0,,,,27.22325,27.83244,23.02867
1786936416,26.98405,77.56466,23,0,,,,27.29098,27.73104,23.0962
1786936417,27.05348,77.59212,23,0,,,,27.22325,27.79877,23.02867
1786936418,27.08286,77.61044,23,0,,,,27.15551,27.79877,23.0962
1786936418,27.02411,77.65926,23,0,,,,27.22325,27.7649,23.06253
1786936419,27.09621,77.68673,23,0,,,,27.29098,27.73104,22.9948
1786936420,27.08286,77.72488,23,0,,,,27.29098,27.7649,22.8934
1786936420,27.06684,77.76151,23,0,,,,27.25711,27.79877,23.02867
1786936421,27.02411,77.7203,23,0,,,,27.18938,27.73104,22.96113
1786936422,26.99741,77.69283,23,0,,,,27.32484,27.69717,22.92727
1786936422,26.98405,77.71114,23,0,,,,27.29098,27.69717,22.96113
1786936423,27.05348,77.81186,23,0,,,,27.32484,27.79877,23.02867
1786936424,26.98405,77.82407,23,0,,,,27.25711,27.66331,22.8934
1786936424,26.98405,77.89731,23,0,,,,27.12165,27.8665,22.92727
1786936425,26.99741,77.70199,23,0,,,,27.25711,27.73104,23.02867
1786936426,27.04013,77.82864,23,0,,,,27.29098,27.83244,22.96113
1786936426,27.08286,77.80728,23,0,,,,27.25711,27.79877,23.02867
1786936427,27.08286,77.86069,23,0,,,,27.25711,27.52784,22.92727
1786936428,27.05348,77.91562,23,0,,,,27.25711,27.59557,22.8934
1786936428,26.94133,77.86679,23,0,,,,27.29098,27.7649,22.96113
1786936429,26.98405,77.75235,23,0,,,,27.32484,27.7649,22.8934
1786936430,26.99741,77.84848,23,0,,,,27.15551,27.66331,22.96113
1786936430,27.01076,77.88358,22,0,,,,27.29098,27.73104,22.9948
1786936431,26.98405,77.83475,23,0,,,,27.35871,27.62944,22.9948
1786936432,26.95468,77.81644,23,0,,,,27.29098,27.66331,22.96113
1786936432,26.96803,77.82101,23,0,,,,27.18938,27.56171,22.85974
1786936433,26.96803,77.75998,23,0,,,,27.25711,27.73104,23.06253
1786936433,27.01076,77.82101,23,0,,,,27.25711,27.69717,22.92727
1786936434,27.06684,77.8439,23,0,,,,27.39258,27.69717,22.9948
1786936435,27.01076,77.95682,23,0,,,,27.35871,27.83244,22.92727
1786936435,26.98405,77.88815,23,0,,,,27.32484,27.62944,22.96113
1786936436,26.92798,77.85306,23,0,,,,27.32484,27.73104,23.16393
1786936437,27.05348,78.00717,23,0,,,,27.22325,27.69717,23.0962
1786936437,27.06684,78.03159,23,0,,,,27.29098,27.7649,22.96113
1786936438,26.96803,77.92477,23,0,,,,27.25711,27.79877,22.8934
1786936439,27.01076,78.0499,23,0,,,,27.32484,27.8665,22.9948
1786936439,27.04013,78.17197,23,0,,,,27.29098,27.73104,23.06253
1786936440,26.99741,78.16891,23,0,,,,27.32484,27.73104,23.13006
1786936441,26.99741,78.22232,23,0,,,,27.25711,27.79877,23.02867
1786936441,27.02411,78.27268,23,0,,,,27.22325,27.69717,22.96113
1786936442,26.98405,78.35508,23,0,,,,27.25711,27.69717,22.92727
1786936443,26.98405,78.34287,23,0,,,,27.25711,27.7649,23.06253
1786936443,26.99741,78.46037,23,0,,,,27.25711,27.66331,23.06253
1786936444,27.09621,78.72587,23,0,,,,27.18938,27.8665,22.9948
1786936445,27.06684,78.72739,22,0,,,,27.25711,27.79877,22.9948
1786936445,27.04013,78.7625,23,0,,,,27.29098,27.8665,23.02867
1786936446,26.96803,78.78539,22,0,,,,27.25711,27.73104,23.16393
1786936447,27.06684,78.9868,23,0,,,,27.32484,27.69717,22.85974
1786936447,26.92798,79.08751,23,0,,,,27.22325,27.79877,22.96113
1786936448,26.94133,79.03868,23,0,,,,27.29098,27.7649,23.02867
1786936449,26.99741,79.15617,23,0,,,,27.35871,27.66331,23.13006
1786936449,27.01076,79.28436,23,0,,,,27.18938,27.73104,22.96113
1786936450,27.09621,79.41863,23,0,,,,27.22325,27.8665,22.75814
1786936451,26.95468,79.4461,23,0,,,,27.32484,27.66331,23.06253
1786936451,27.10956,79.55901,23,0,,,,27.22325,27.83244,23.16393
1786936452,27.06684,79.53613,23,0,,,,27.32484,27.73104,22.8934
1786936453,27.05348,79.61852,23,0,,,,27.29098,27.62944,22.8934
1786936453,26.95468,79.5285,23,0,,,,27.32484,27.62944,23.0962
1786936454,27.04013,79.83368,23,0,,,,27.32484,27.7649,22.92727
1786936455,27.01076,79.60632,23,0,,,,27.29098,27.62944,23.0962
1786936455,27.04013,79.73754,23,0,,,,27.25711,27.62944,23.02867
1786936456,27.08286,79.74822,23,0,,,,27.25711,27.73104,23.02867
1786936457,26.99741,79.61395,23,0,,,,27.18938,27.8665,22.96113
1786936457,27.13893,79.61852,23,0,,,,27.32484,27.83244,22.9948
1786936458,27.02411,79.6292,23,0,,,,27.18938,27.73104,22.96113
1786936459,26.94133,79.53613,23,0,,,,27.32484,27.73104,22.9948
1786936459,26.95468,79.56969,23,0,,,,27.29098,27.59557,23.02867
1786936460,26.92798,79.48119,23,0,,,,27.22325,27.83244,22.9948
1786936461,27.02411,79.44457,23,0,,,,27.18938,27.8665,22.8934
1786936461,26.94133,79.26604,23,0,,,,27.29098,27.69717,23.02867
1786936462,27.05348,79.36828,23,0,,,,27.18938,27.79877,23.02867
1786936463,27.01076,79.36675,23,0,,,,27.29098,27.73104,22.82587
1786936463,26.8986,79.31792,23,0,,,,27.29098,27.69717,23.02867
1786936464,27.02411,79.20653,23,0,,,,27.29098,27.79877,23.02867
1786936465,27.06684,79.20653,23,0,,,,27.25711,27.73104,22.96113
1786936465,26.98405,79.03868,23,0,,,,27.32484,27.79877,23.02867
1786936466,26.95468,78.97917,23,0,,,,27.29098,27.79877,23.13006
1786936467,27.04013,78.97917,23,0,,,,27.35871,27.69717,22.96113
1786936467,27.04013,78.91814,23,0,,,,27.32484,27.7649,23.02867
1786936468,26.99741,78.69993,23,0,,,,27.32484,27.7649,23.13006
1786936469,26.95468,78.68009,23,0,,,,27.22325,27.7649,22.9948
1786936469,27.04013,78.83574,23,0,,,,27.22325,27.73104,22.92727
1786936470,26.96803,78.64957,23,0,,,,27.29098,27.83244,22.96113
1786936471,27.02411,78.71824,23,0,,,,27.35871,27.69717,23.13006
1786936471,26.98405,78.65415,23,0,,,,27.18938,27.79877,22.85974
1786936472,27.06684,78.69535,23,0,,,,27.22325,27.73104,22.9948
1786936472,26.96803,78.57023,23,0,,,,27.18938,27.62944,23.06253
1786936473,27.02411,78.64347,23,0,,,,27.25711,27.8665,22.8934
1786936474,26.8986,78.46647,23,0,,,,27.18938,27.7649,22.9948
1786936474,27.01076,78.62058,23,0,,,,27.22325,27.69717,23.13006
1786936475,27.02411,78.53971,23,0,,,,27.25711,27.8665,23.0962
1786936476,26.99741,78.47105,23,0,,,,27.15551,27.83244,23.1978
1786936476,27.12291,78.49241,23,0,,,,27.25711,28.0697,22.96113
1786936477,26.95468,78.42069,23,0,,,,27.22325,27.62944,23.06253
1786936478,27.02411,78.53056,23,0,,,,27.22325,27.83244,22.96113
1786936478,26.94133,78.40696,23,0,,,,27.29098,27.7649,23.13006
1786936479,26.95468,78.42832,23,0,,,,27.25711,27.56171,22.96113
1786936480,26.91195,78.38865,23,0,,,,27.32484,27.73104,22.9948
1786936480,26.99741,78.40086,23,0,,,,27.22325,27.66331,22.75814
1786936481,26.99741,78.40086,23,0,,,,27.22325,27.69717,23.02867
1786936482,26.95468,78.26505,23,0,,,,27.22325,27.73104,23.06253
1786936482,26.98405,78.27268,23,0,,,,27.25711,27.59557,22.96113
1786936483,26.98405,78.26048,23,0,,,,27.29098,27.90037,22.85974
1786936484,27.05348,78.2971,23,0,,,,27.18938,27.83244,23.02867
1786936484,27.04013,78.04532,23,0,,,,27.22325,27.79877,22.8934
1786936485,26.94133,78.10483,23,0,,,,27.22325,27.69717,23.02867
1786936486,26.95468,78.11856,23,0,,,,27.32484,27.73104,22.8934
1786936486,27.08286,78.14908,23,0,,,,27.42644,27.62944,22.9948
1786936487,26.98405,77.87595,23,0,,,,27.22325,27.79877,22.96113
1786936488,27.02411,78.08499,23,0,,,,27.15551,27.73104,23.1978
1786936488,26.84253,78.14145,23,0,,,,27.25711,27.69717,22.96113
1786936489,27.13893,78.25895,23,0,,,,27.22325,27.69717,22.8934
1786936490,26.95468,78.21317,23,0,,,,27.25711,27.73104,22.92727
1786936490,26.99741,78.30473,23,0,,,,27.25711,27.56171,22.792
1786936491,27.01076,78.28794,23,0,,,,27.18938,27.69717,22.92727
1786936492,27.05348,78.17349,23,0,,,,27.35871,27.79877,23.06253
1786936492,27.02411,78.34287,23,0,,,,27.18938,27.7649,22.9948
1786936493,26.96803,78.45274,23,0,,,,27.15551,27.69717,23.02867
1786936494,27.01076,78.48478,23,0,,,,27.18938,27.7649,23.02867
1786936494,27.01076,78.59922,23,0,,,,27.29098,27.73104,22.92727
1786936495,26.96803,78.80522,23,0,,,,27.29098,27.66331,22.9948
1786936496,27.04013,78.84642,23,0,,,,27.22325,27.66331,23.02867
1786936496,26.95468,78.85558,23,0,,,,27.22325,27.69717,22.9948
1786936497,27.02411,78.9334,23,0,,,,27.15551,27.79877,22.9948
1786936498,27.09621,79.11955,23,0,,,,27.22325,27.69717,22.9948
1786936498,26.95468,79.18822,23,0,,,,27.22325,27.79877,22.9948
1786936499,26.8986,79.33013,23,0,,,,27.22325,27.7649,23.06253
1786936500,26.94133,79.30877,23,0,,,,27.22325,27.66331,22.9948
1786936500,27.04013,79.41711,23,0,,,,27.15551,27.79877,23.02867
1786936501,26.96803,79.38659,23,0,,,,27.22325,27.79877,22.8934
1786936502,26.8986,79.55596,23,0,,,,27.22325,27.66331,22.92727
1786936502,27.01076,79.48119,23,0,,,,27.15551,27.79877,23.13006
1786936503,26.98405,79.35912,23,0,,,,27.25711,27.73104,22.96113
1786936504,26.94133,79.24467,23,0,,,,27.32484,27.66331,22.92727
1786936504,27.06684,79.13329,23,0,,,,27.29098,27.83244,23.02867
1786936505,26.99741,79.08293,23,0,,,,27.18938,27.7649,22.92727
1786936506,26.92798,78.89983,23,0,,,,27.29098,27.56171,22.92727
1786936506,26.99741,78.74113,23,0,,,,27.32484,27.73104,23.0962
1786936507,26.95468,78.69993,23,0,,,,27.32484,27.7649,22.92727
1786936508,26.94133,78.645,23,0,,,,27.25711,27.66331,23.0962
1786936508,26.91195,78.38865,23,0,,,,27.25711,27.62944,23.06253
1786936509,26.86923,78.28336,23,0,,,,27.29098,27.73104,22.96113
1786936510,27.02411,78.24979,22,0,,,,27.18938,27.79877,22.96113
1786936510,26.99741,78.16891,23,0,,,,27.25711,27.83244,22.8934
1786936511,26.98405,77.99039,23,0,,,,27.22325,27.90037,23.02867
1786936511,27.06684,78.14603,23,0,,,,27.29098,27.73104,23.02867
1786936512,27.05348,77.98581,23,0,,,,27.18938,27.73104,23.02867
1786936513,27.02411,77.97971,23,0,,,,27.29098,27.69717,22.92727
1786936513,26.95468,77.85764,23,0,,,,27.22325,27.66331,22.96113
1786936514,27.04013,77.92172,23,0,,,,27.25711,27.69717,22.85974
1786936515,26.86923,77.8378,23,0,,,,27.25711,27.93403,22.85974
1786936515,26.94133,77.7203,23,0,,,,27.25711,27.59557,22.8934
1786936516,26.98405,77.86679,23,0,,,,27.32484,27.7649,22.9948
1786936517,27.01076,77.88358,23,0,,,,27.32484,27.56171,22.92727
1786936517,26.98405,77.66842,23,0,,,,27.29098,27.79877,22.9948
1786936518,26.95468,77.77524,23,0,,,,27.25711,27.83244,22.9948
1786936519,27.01076,77.72793,23,0,,,,27.25711,27.73104,22.9948
1786936519,27.04013,77.62264,23,0,,,,27.22325,27.69717,22.96113
1786936520,26.98405,77.74166,23,0,,,,27.32484,27.73104,23.0962
1786936521,26.99741,77.69283,23,0,,,,27.25711,27.73104,22.85974
1786936521,26.96803,77.80118,23,0,,,,27.29098,27.8665,23.1978
1786936522,26.98405,77.74166,23,0,,,,27.25711,27.66331,22.85974
1786936523,27.06684,77.74166,23,0,,,,27.25711,27.79877,22.85974
1786936523,27.01076,77.79202,23,0,,,,27.25711,27.73104,22.9948
1786936524,27.06684,77.74166,23,0,,,,27.22325,27.90037,23.06253
1786936525,26.85588,77.75235,23,0,,,,27.15551,27.62944,23.02867
1786936525,27.09621,77.79202,23,0,,,,27.25711,27.62944,23.02867
1786936526,27.02411,77.81491,23,0,,,,27.18938,27.7649,22.8934
1786936527,26.95468,77.78745,23,0,,,,27.18938,27.8665,23.06253
1786936527,27.04013,77.90189,23,0,,,,27.18938,27.73104,22.85974
1786936528,27.04013,77.76608,23,0,,,,27.22325,27.59557,22.9948
1786936529,26.98405,77.7203,23,0,,,,27.32484,27.79877,22.92727
1786936529,26.94133,77.8439,23,0,,,,27.22325,27.90037,23.02867
1786936530,27.12291,77.84848,23,0,,,,27.22325,27.73104,22.9948
1786936531,26.99741,77.91104,23,0,,,,27.15551,27.7649,23.13006
1786936531,27.06684,77.82559,23,0,,,,27.25711,27.7649,22.9948
1786936532,26.96803,77.89426,23,0,,,,27.32484,27.79877,23.02867
1786936533,26.95468,77.8378,23,0,,,,27.32484,27.69717,23.0962
1786936533,27.04013,77.96292,23,0,,,,27.22325,27.59557,22.92727
1786936534,27.01076,77.89426,23,0,,,,27.25711,27.7649,22.9948
1786936535,27.01076,77.93546,23,0,,,,27.22325,27.69717,23.02867
1786936535,27.05348,77.83017,23,0,,,,27.25711,27.62944,23.02867
1786936536,27.04013,77.88968,23,0,,,,27.25711,27.69717,22.8934
1786936537,27.05348,77.87442,23,0,,,,27.29098,27.66331,23.06253
1786936537,27.04013,77.84848,23,0,,,,27.25711,27.83244,22.96113
1786936538,27.05348,77.80118,23,0,,,,27.32484,27.69717,23.02867
1786936539,26.96803,77.81033,23,0,,,,27.29098,27.90037,22.96113
1786936539,27.02411,77.8439,23,0,,,,27.29098,27.79877,22.9948
1786936540,26.99741,77.7554,23,0,,,,27.25711,27.69717,22.85974
1786936541,26.96803,77.77982,23,0,,,,27.18938,27.83244,23.06253
1786936541,27.05348,77.87442,23,0,,,,27.25711,27.73104,22.92727
1786936542,27.02411,77.78287,23,0,,,,27.22325,27.83244,22.8934
1786936543,27.06684,77.87595,23,0,,,,27.25711,27.8665,23.02867
1786936543,27.01076,77.67452,23,0,,,,27.29098,27.66331,22.9948
1786936544,27.02411,77.79355,23,0,,,,27.25711,27.90037,22.96113
1786936545,27.08286,77.59975,23,0,,,,27.29098,27.83244,22.9948
1786936545,26.99741,77.7142,23,0,,,,27.29098,27.83244,23.02867
1786936546,27.01076,77.72793,23,0,,,,27.18938,27.56171,22.8934
1786936547,27.01076,77.73861,23,0,,,,27.22325,27.62944,22.9948
1786936547,27.05348,77.86221,23,0,,,,27.25711,27.69717,22.82587
1786936548,26.95468,77.69283,23,0,,,,27.32484,27.62944,23.02867
1786936549,26.96803,77.72793,23,0,,,,27.29098,27.79877,23.06253
1786936549,26.99741,77.79813,23,0,,,,27.18938,27.83244,23.13006
1786936550,26.94133,77.82407,23,0,,,,27.35871,27.7649,23.06253
1786936551,27.02411,77.83475,23,0,,,,27.25711,27.90037,23.02867
1786936551,26.99741,77.88052,23,0,,,,27.25711,27.73104,22.9948
1786936552,27.05348,78.00717,23,0,,,,27.22325,27.79877,22.9948
1786936552,26.96803,78.00717,23,0,,,,27.29098,27.73104,23.06253
1786936553,27.01076,77.97665,23,0,,,,27.29098,27.73104,22.96113
1786936554,27.04013,78.09872,23,0,,,,27.18938,27.59557,23.02867
1786936554,26.98405,78.12619,23,0,,,,27.32484,27.62944,23.02867
1786936555,26.99741,78.14908,23,0,,,,27.22325,27.7649,22.96113
1786936556,27.04013,78.31541,23,0,,,,27.32484,27.59557,22.92727
1786936556,27.04013,78.233,23,0,,,,27.32484,27.69717,22.9948
1786936557,27.05348,78.50614,23,0,,,,27.29098,27.73104,22.9948
1786936558,26.95468,78.56565,23,0,,,,27.22325,27.8665,22.92727
1786936558,27.04013,78.69993,23,0,,,,27.22325,27.79877,22.85974
1786936559,26.98405,78.77776,23,0,,,,27.35871,27.79877,22.8934
1786936560,26.98405,78.77776,23,0,,,,27.25711,27.69717,23.06253
1786936560,27.04013,79.04326,23,0,,,,27.29098,27.69717,22.9948
1786936561,26.98405,78.78996,23,0,,,,27.25711,27.69717,23.02867
1786936562,26.99741,78.93797,23,0,,,,27.25711,27.62944,22.9948
1786936562,26.86923,78.95934,23,0,,,,27.25711,27.69717,23.02867
1786936563,27.04013,79.02342,23,0,,,,27.25711,27.8665,23.02867
1786936564,26.98405,79.17448,23,0,,,,27.22325,27.66331,22.96113
1786936564,27.05348,79.22179,23,0,,,,27.18938,27.62944,23.13006
1786936565,27.04013,79.1989,23,0,,,,27.32484,27.73104,23.0962
1786936566,27.02411,79.29809,23,0,,,,27.25711,27.59557,22.85974
1786936566,26.99741,79.22942,23,0,,,,27.29098,27.73104,22.82587
1786936567,27.01076,79.23094,23,0,,,,27.22325,27.7649,23.06253
1786936568,27.02411,79.20653,23,0,,,,27.18938,27.69717,22.96113
1786936568,27.06684,79.27673,23,0,,,,27.22325,27.7649,23.02867
1786936569,27.04013,79.31335,23,0,,,,27.22325,27.73104,23.0962
1786936570,27.06684,79.28893,23,0,,,,27.12165,27.59557,23.06253
1786936570,27.05348,79.23094,23,0,,,,27.32484,27.59557,23.06253
1786936571,26.99741,79.18822,23,0,,,,27.29098,27.69717,22.96113
1786936572,27.01076,79.16075,23,0,,,,27.29098,27.7649,22.9948
1786936572,26.95468,79.08293,23,0,,,,27.22325,27.79877,22.8934
1786936573,26.92798,79.09666,23,0,,,,27.22325,27.7649,23.02867
1786936574,26.99741,78.87694,23,0,,,,27.29098,27.69717,22.92727
1786936574,26.98405,78.92424,23,0,,,,27.22325,27.69717,22.96113
1786936575,26.94133,78.60227,23,0,,,,27.25711,27.7649,22.8934
1786936576,26.98405,78.72739,23,0,,,,27.29098,27.69717,22.96113
1786936576,26.99741,78.5565,23,0,,,,27.25711,27.8665,23.02867
1786936577,27.04013,78.56565,23,0,,,,27.32484,27.73104,22.9948
1786936578,27.02411,78.5626,23,0,,,,27.22325,27.7649,23.02867
1786936578,26.96803,78.44358,23,0,,,,27.25711,27.69717,23.0962
1786936579,27.02411,78.36423,23,0,,,,27.22325,27.79877,22.92727
1786936580,27.01076,78.21469,23,0,,,,27.25711,27.83244,22.9948
1786936580,26.98405,78.29099,23,0,,,,27.25711,27.79877,23.02867
1786936581,26.91195,78.24216,23,0,,,,27.25711,27.7649,22.92727
1786936582,27.05348,78.2971,23,0,,,,27.25711,27.66331,22.82587
1786936582,26.98405,78.15518,23,0,,,,27.25711,27.49417,22.8934
1786936583,27.06684,78.09567,23,0,,,,27.22325,27.79877,22.9948
1786936584,27.05348,78.08041,23,0,,,,27.22325,27.8665,23.06253
1786936584,26.95468,78.14908,23,0,,,,27.32484,27.69717,23.06253
1786936585,26.96803,77.87137,23,0,,,,27.29098,27.79877,23.13006
1786936586,27.01076,78.00717,23,0,,,,27.25711,27.90037,22.92727
1786936586,26.98405,77.97971,23,0,,,,27.22325,27.83244,22.9948
1786936587,26.91195,77.93393,23,0,,,,27.22325,27.7649,23.02867
1786936588,27.02411,77.94919,23,0,,,,27.32484,27.7649,23.13006
1786936588,27.04013,77.99344,23,0,,,,27.29098,27.69717,22.9948
1786936589,27.01076,77.93546,23,0,,,,27.15551,27.83244,22.8934
1786936590,26.95468,77.80728,23,0,,,,27.22325,27.59557,22.92727
1786936590,27.04013,77.94308,23,0,,,,27.25711,27.7649,22.92727
1786936591,26.99741,77.92172,23,0,,,,27.22325,27.59557,22.96113
1786936591,27.04013,77.95377,23,0,,,,27.29098,27.83244,22.792
1786936592,27.08286,77.99344,23,0,,,,27.29098,27.7649,23.06253
1786936593,27.04013,77.86069,23,0,,,,27.18938,27.69717,22.92727
1786936593,26.95468,77.88968,23,0,,,,27.32484,27.8665,23.02867
1786936594,27.02411,77.86526,23,0,,,,27.29098,27.52784,23.0962
1786936595,26.99741,77.95377,23,0,,,,27.18938,27.73104,22.9948
1786936595,27.04013,77.91104,23,0,,,,27.25711,27.83244,23.02867
1786936596,26.94133,77.91714,23,0,,,,27.18938,27.69717,23.06253
1786936597,27.06684,77.94919,23,0,,,,27.18938,27.56171,22.96113
1786936597,27.02411,78.05295,23,0,,,,27.29098,27.56171,22.9948
1786936598,27.04013,78.02548,23,0,,,,27.29098,27.7649,22.92727
1786936599,27.06684,78.01175,23,0,,,,27.29098,27.62944,23.02867
1786936599,26.91195,77.97208,23,0,,,,27.29098,27.7649,22.96113
1786936600,27.02411,77.93851,23,0,,,,27.25711,27.79877,23.02867
1786936601,27.01076,78.0499,23,0,,,,27.29098,27.79877,23.06253
1786936601,26.96803,78.05905,23,0,,,,27.22325,27.79877,23.02867
1786936602,26.98405,78.07584,23,0,,,,27.29098,27.73104,22.96113
1786936603,27.01076,78.09109,23,0,,,,27.22325,27.83244,23.06253
1786936603,26.95468,78.12772,23,0,,,,27.29098,27.69717,23.06253
1786936604,26.95468,78.22232,23,0,,,,27.25711,27.79877,23.0962
1786936605,26.94133,78.25132,23,0,,,,27.15551,27.7649,22.96113
1786936605,27.01076,78.3093,23,0,,,,27.29098,27.69717,22.96113
1786936606,26.99741,78.36881,23,0,,,,27.29098,27.66331,23.0962
1786936607,26.92798,78.39323,23,0,,,,27.46011,27.66331,22.96113
1786936607,27.04013,78.50309,23,0,,,,27.18938,27.59557,22.8934
1786936608,27.09621,78.53819,23,0,,,,27.18938,27.56171,22.9948
1786936609,27.02411,78.60227,23,0,,,,27.22325,27.83244,22.96113
1786936609,26.95468,78.59464,23,0,,,,27.25711,27.56171,22.96113
1786936610,26.98405,78.57175,23,0,,,,27.18938,27.79877,23.13006
1786936611,26.91195,78.616,23,0,,,,27.25711,27.79877,22.9948
1786936611,26.98405,78.8098,23,0,,,,27.29098,27.79877,23.06253
1786936612,26.95468,78.77165,23,0,,,,27.12165,27.7649,23.06253
1786936613,27.02411,78.96544,23,0,,,,27.18938,27.83244,23.02867
1786936613,27.04013,78.97917,23,0,,,,27.22325,27.8665,22.96113
1786936614,27.01076,78.91966,23,0,,,,27.15551,27.69717,22.85974
1786936615,27.13893,78.98375,23,0,,,,27.29098,27.7649,22.92727
1786936615,26.99741,79.11497,23,0,,,,27.32484,27.73104,23.02867
1786936616,27.01076,79.00511,23,0,,,,27.22325,27.66331,22.9948
1786936617,26.99741,78.95934,23,0,,,,27.25711,27.66331,23.02867
1786936617,26.95468,78.92729,23,0,,,,27.25711,27.83244,22.9948
1786936618,26.96803,79.06615,23,0,,,,27.22325,27.69717,22.82587
1786936619,27.04013,79.03258,23,0,,,,27.25711,27.69717,22.9948
1786936619,26.98405,79.07988,23,0,,,,27.32484,27.66331,23.1978
1786936620,26.95468,78.88762,23,0,,,,27.35871,27.7649,22.9948
1786936621,27.05348,79.09819,23,0,,,,27.22325,27.69717,23.06253
1786936621,26.95468,78.99138,23,0,,,,27.29098,27.66331,22.9948
1786936622,27.08286,79.02342,22,0,,,,27.12165,27.73104,23.06253
1786936623,27.04013,79.05241,23,0,,,,27.25711,27.83244,23.06253
1786936623,26.98405,78.84184,23,0,,,,27.22325,27.8665,23.13006
1786936624,27.02411,79.06004,23,0,,,,27.22325,27.7649,22.92727
1786936625,27.01076,78.98375,23,0,,,,27.32484,27.7649,23.0962
1786936625,27.04013,78.79454,23,0,,,,27.25711,27.79877,22.92727
1786936626,26.99741,78.88762,23,0,,,,27.29098,27.79877,22.96113
1786936627,26.98405,78.84184,23,0,,,,27.32484,27.7649,23.0962
1786936627,26.95468,78.7625,23,0,,,,27.22325,27.69717,23.02867
1786936628,26.95468,78.77165,23,0,,,,27.29098,27.69717,23.13006
1786936628,26.94133,78.6862,23,0,,,,27.29098,27.73104,23.1978
1786936629,26.96803,78.64042,23,0,,,,27.32484,27.83244,23.13006
1786936630,26.98405,78.62211,23,0,,,,27.29098,27.7649,23.02867
1786936631,27.02411,78.69535,23,0,,,,27.18938,27.83244,22.96113
1786936631,27.02411,78.60227,23,0,,,,27.29098,27.59557,22.96113
1786936632,27.09621,78.66178,23,0,,,,27.32484,27.79877,23.02867
1786936632,26.98405,78.57175,23,0,,,,27.32484,27.7649,23.02867
1786936633,26.98405,78.40696,23,0,,,,27.25711,27.83244,23.02867
1786936634,26.99741,78.4802,23,0,,,,27.29098,27.73104,23.02867
1786936634,26.95468,78.50309,23,0,,,,27.29098,27.7649,22.92727
1786936635,26.94133,78.5626,23,0,,,,27.22325,27.66331,23.13006
1786936636,27.05348,78.53819,23,0,,,,27.35871,27.73104,22.85974
1786936636,26.94133,78.44663,23,0,,,,27.29098,27.69717,22.9948
1786936637,27.04013,78.49241,23,0,,,,27.18938,27.7649,22.9948
1786936638,26.96803,78.4329,23,0,,,,27.25711,27.56171,22.85974
1786936638,26.99741,78.51225,23,0,,,,27.32484,27.83244,22.9948
1786936639,27.01076,78.55802,23,0,,,,27.32484,27.83244,23.16393
1786936640,26.92798,78.3505,23,0,,,,27.18938,27.83244,23.0962
1786936640,26.92798,78.49699,23,0,,,,27.18938,27.66331,22.92727
1786936641,27.01076,78.49699,23,0,,,,27.32484,27.7649,23.02867
1786936642,27.08286,78.54429,23,0,,,,27.25711,27.79877,23.06253
1786936642,27.01076,78.37034,23,0,,,,27.29098,27.73104,22.792
1786936643,27.05348,78.44358,23,0,,,,27.32484,27.8665,23.06253
1786936644,26.95468,78.35661,23,0,,,,27.25711,27.7649,22.85974
1786936644,27.05348,78.40238,23,0,,,,27.22325,27.69717,23.0962
1786936645,27.02411,78.37492,23,0,,,,27.32484,27.8665,22.96113
1786936646,27.05348,78.31846,23,0,,,,27.32484,27.79877,23.02867
1786936646,27.05348,78.27879,23,0,,,,27.35871,27.62944,22.92727
1786936647,26.99741,78.18112,23,0,,,,27.32484,27.73104,23.0962
1786936648,26.98405,78.26048,23,0,,,,27.32484,27.73104,23.0962
1786936648,27.02411,78.18723,23,0,,,,27.22325,27.83244,22.8934
1786936649,26.96803,78.18265,23,0,,,,27.15551,27.7649,22.92727
1786936650,26.95468,78.25437,23,0,,,,27.29098,27.66331,22.9948
1786936650,26.94133,78.08499,23,0,,,,27.18938,27.79877,22.92727
1786936651,26.98405,78.05295,23,0,,,,27.25711,27.69717,23.0962
1786936652,26.99741,78.15976,23,0,,,,27.29098,27.73104,23.0962
1786936652,26.99741,78.08957,23,0,,,,27.29098,27.7649,23.0962
1786936653,26.95468,78.02548,23,0,,,,27.29098,27.69717,22.8934
1786936654,27.04013,78.01633,23,0,,,,27.32484,27.62944,22.9948
1786936654,27.06684,78.16739,23,0,,,,27.29098,27.79877,23.06253
1786936655,26.98405,78.14603,23,0,,,,27.18938,27.66331,22.92727
1786936656,27.01076,78.13229,23,0,,,,27.25711,27.7649,22.96113
1786936656,26.98405,78.11703,23,0,,,,27.18938,27.66331,23.06253
1786936657,26.91195,78.1918,23,0,,,,27.25711,27.66331,22.9948
1786936658,27.02411,78.12619,23,0,,,,27.32484,27.59557,23.06253
1786936658,27.05348,78.19485,23,0,,,,27.25711,27.7649,23.0962
1786936659,27.08286,78.15976,23,0,,,,27.25711,27.73104,23.23146
1786936660,26.95468,78.22232,23,0,,,,27.25711,27.69717,23.0962
1786936660,27.02411,78.28184,23,0,,,,27.22325,27.7649,23.0962
1786936661,27.05348,78.1857,23,0,,,,27.22325,27.66331,22.8934
1786936662,26.96803,78.15366,23,0,,,,27.32484,27.69717,22.96113
1786936662,27.01076,78.15366,23,0,,,,27.08778,27.62944,22.96113
1786936663,27.02411,78.13535,23,0,,,,27.22325,27.8665,23.02867
1786936664,26.92798,78.25895,23,0,,,,27.29098,27.7649,22.9948
1786936664,27.02411,78.16739,23,0,,,,27.29098,27.79877,22.82587
1786936665,27.01076,78.20554,23,0,,,,27.25711,27.90037,22.9948
1786936666,27.01076,78.18265,23,0,,,,27.22325,27.59557,22.792
1786936666,27.01076,78.01785,23,0,,,,27.22325,27.79877,23.06253
1786936667,26.98405,78.09567,23,0,,,,27.29098,27.69717,23.06253
1786936667,26.99741,78.11856,23,0,,,,27.29098,27.83244,22.9948
1786936668,27.01076,78.02701,23,0,,,,27.15551,27.66331,22.96113
1786936669,27.05348,78.12314,23,0,,,,27.25711,27.66331,22.9948
1786936669,26.96803,78.00717,23,0,,,,27.25711,27.79877,23.02867
1786936670,26.99741,77.95377,23,0,,,,27.22325,27.66331,22.96113
1786936671,26.92798,78.1033,23,0,,,,27.15551,27.62944,22.9948
1786936671,27.01076,77.89426,23,0,,,,27.22325,27.83244,22.85974
1786936672,27.01076,77.83017,23,0,,,,27.32484,27.73104,22.9948
1786936673,26.95468,77.85764,23,0,,,,27.22325,27.79877,23.06253
1786936673,26.96803,77.80118,23,0,,,,27.18938,27.90037,22.8934
1786936674,27.01076,77.81186,23,0,,,,27.25711,27.73104,23.06253
1786936675,27.04013,77.81949,23,0,,,,27.25711,27.62944,23.06253
1786936675,27.02411,77.82407,23,0,,,,27.25711,27.73104,23.16393
1786936676,26.99741,77.77829,23,0,,,,27.22325,27.73104,22.96113
1786936677,27.04013,77.8378,23,0,,,,27.25711,27.73104,22.9948
1786936677,26.96803,77.72793,23,0,,,,27.29098,27.79877,23.02867
1786936678,26.98405,77.74166,23,0,,,,27.25711,27.69717,22.8934
1786936679,26.94133,77.7203,23,0,,,,27.35871,27.8665,23.13006
1786936679,27.02411,77.62722,23,0,,,,27.15551,27.79877,23.02867
1786936680,26.96803,77.67452,23,0,,,,27.25711,27.69717,23.02867
1786936681,26.98405,77.65926,23,0,,,,27.25711,27.66331,22.792
1786936681,26.95468,77.5906,23,0,,,,27.25711,27.69717,23.02867
1786936682,26.92798,77.64553,23,0,,,,27.32484,27.79877,22.85974
1786936683,27.04013,77.56924,23,0,,,,27.25711,27.59557,22.82587
1786936683,26.96803,77.62417,23,0,,,,27.32484,27.73104,22.8934
1786936684,26.94133,77.54482,23,0,,,,27.32484,27.7649,22.96113
1786936685,26.99741,77.72488,23,0,,,,27.32484,27.83244,22.9948
1786936685,26.96803,77.63638,23,0,,,,27.29098,27.73104,22.82587
1786936686,26.91195,77.40292,23,0,,,,27.29098,27.7649,23.13006
1786936687,26.99741,77.68215,23,0,,,,27.25711,27.83244,23.02867
1786936687,26.99741,77.64248,23,0,,,,27.22325,27.62944,23.16393
1786936688,26.98405,77.66842,23,0,,,,27.32484,27.73104,22.9948
1786936689,26.96803,77.76913,23,0,,,,27.25711,27.69717,23.0962
1786936689,27.01076,77.82101,23,0,,,,27.25711,27.73104,23.02867
1786936690,27.05348,77.71572,23,0,,,,27.25711,27.79877,23.06253
1786936691,26.95468,77.65011,23,0,,,,27.25711,27.62944,22.92727
1786936691,27.04013,77.96292,23,0,,,,27.35871,27.7649,22.85974
1786936692,27.02411,77.97055,23,0,,,,27.18938,27.73104,22.9948
1786936693,27.04013,77.92172,23,0,,,,27.25711,27.73104,22.96113
1786936693,26.96803,77.95682,23,0,,,,27.29098,27.79877,23.0962
1786936694,26.92798,77.91562,23,0,,,,27.22325,27.79877,22.92727
1786936695,26.92798,77.93546,23,0,,,,27.29098,27.79877,23.06253
1786936695,27.02411,77.94919,23,0,,,,27.25711,27.73104,22.92727
1786936696,26.99741,77.96292,23,0,,,,27.22325,27.83244,22.9948
1786936697,26.96803,77.91562,23,0,,,,27.29098,27.7649,22.92727
1786936697,26.94133,78.01175,23,0,,,,27.32484,27.69717,22.92727
1786936698,26.96803,77.99802,23,0,,,,27.32484,27.79877,22.9948
1786936699,26.98405,77.9614,23,0,,,,27.29098,27.62944,22.96113
1786936699,27.06684,78.01175,23,0,,,,27.29098,27.66331,22.96113
1786936700,26.94133,77.73251,23,0,,,,27.25711,27.8665,23.06253
1786936701,26.94133,78.01175,23,0,,,,27.22325,27.66331,22.9948
1786936701,27.01076,77.85153,23,0,,,,27.29098,27.7649,22.9948
1786936702,26.98405,77.8439,23,0,,,,27.29098,27.73104,22.9948
1786936703,26.98405,77.83475,23,0,,,,27.22325,27.79877,23.0962
1786936703,26.96803,77.83017,23,0,,,,27.22325,27.66331,22.9948
1786936704,27.04013,77.77829,23,0,,,,27.25711,27.69717,22.9948
1786936704,27.04013,77.88968,23,0,,,,27.15551,27.7649,23.16393
1786936705,27.05348,77.82101,23,0,,,,27.25711,27.79877,22.792
1786936706,27.04013,77.86069,23,0,,,,27.12165,27.56171,23.02867
1786936706,26.96803,77.77982,23,0,,,,27.22325,27.73104,22.8934
1786936707,26.95468,77.79813,23,0,,,,27.25711,27.7649,23.06253
1786936708,27.01076,77.75998,23,0,,,,27.18938,27.69717,23.13006
1786936708,27.01076,77.79202,23,0,,,,27.25711,27.69717,22.92727
1786936709,26.99741,77.80728,23,0,,,,27.25711,27.7649,23.02867
1786936710,27.02411,77.87595,23,0,,,,27.39258,27.7649,22.92727
1786936710,26.95468,77.99344,23,0,,,,27.29098,27.83244,22.9948
1786936711,26.95468,77.82864,23,0,,,,27.29098,27.69717,23.02867
1786936712,27.04013,78.01633,23,0,,,,27.35871,27.69717,22.92727
1786936712,26.96803,77.90341,23,0,,,,27.18938,27.69717,23.23146
1786936713,26.95468,78.03616,23,0,,,,27.25711,27.66331,23.1978
1786936714,27.02411,78.13535,23,0,,,,27.22325,27.69717,22.9948
1786936714,27.05348,78.15366,23,0,,,,27.32484,27.90037,22.96113
1786936715,27.01076,78.12314,23,0,,,,27.29098,27.8665,23.1978
1786936716,26.94133,78.19943,23,0,,,,27.22325,27.73104,22.92727
1786936716,27.06684,78.22842,23,0,,,,27.32484,27.7649,22.96113
1786936717,27.02411,78.16739,23,0,,,,27.35871,27.7649,22.85974
1786936718,26.91195,78.22232,23,0,,,,27.29098,27.69717,23.13006
1786936718,26.96803,78.28794,23,0,,,,27.25711,27.73104,22.9948
1786936719,27.01076,78.25895,23,0,,,,27.29098,27.9681,22.96113
1786936720,26.96803,78.18265,23,0,,,,27.22325,27.69717,22.8934
1786936720,27.02411,78.18723,23,0,,,,27.32484,27.7649,23.06253
1786936721,27.04013,78.18112,23,0,,,,27.25711,27.69717,22.92727
1786936722,27.04013,78.14908,23,0,,,,27.12165,27.66331,22.82587
1786936722,26.94133,78.17807,23,0,,,,27.25711,27.79877,23.02867
1786936723,26.95468,78.00412,23,0,,,,27.22325,27.79877,23.02867
1786936724,26.88525,77.93546,23,0,,,,27.25711,27.7649,23.02867
1786936724,26.96803,77.91562,23,0,,,,27.22325,27.69717,22.9948
1786936725,27.08286,77.88052,23,0,,,,27.15551,27.69717,22.96113
1786936726,27.02411,77.8439,23,0,,,,27.29098,27.73104,23.02867
1786936726,26.98405,77.87595,23,0,,,,27.32484,27.7649,23.1978
1786936727,26.98405,77.79355,22,0,,,,27.18938,27.73104,23.0962
1786936728,27.08286,77.69283,23,0,,,,27.22325,27.79877,22.9948
1786936728,26.95468,77.56924,23,0,,,,27.32484,27.62944,23.06253
1786936729,26.99741,77.56924,23,0,,,,27.25711,27.7649,23.02867
1786936730,26.99741,77.43496,23,0,,,,27.18938,27.83244,22.9948
1786936730,27.08286,77.46395,23,0,,,,27.25711,27.8665,22.9948
1786936731,26.98405,77.44106,23,0,,,,27.29098,27.93403,22.9948
1786936732,26.99741,77.43496,23,0,,,,27.25711,27.90037,22.9948
1786936732,26.94133,77.17097,23,0,,,,27.32484,27.7649,22.96113
1786936733,27.01076,77.24879,23,0,,,,27.29098,27.79877,23.0962
1786936734,27.09621,77.31289,23,0,,,,27.25711,27.69717,22.85974
1786936734,27.06684,77.28542,23,0,,,,27.29098,27.8665,22.82587
1786936735,27.04013,77.14351,23,0,,,,27.25711,27.73104,23.16393
1786936736,27.04013,77.16487,23,0,,,,27.25711,27.83244,22.92727
1786936736,27.01076,77.15724,23,0,,,,27.35871,27.66331,23.02867
1786936737,27.01076,77.14656,23,0,,,,27.22325,27.79877,23.13006
1786936738,26.96803,77.02296,23,0,,,,27.18938,27.66331,22.96113
1786936738,26.92798,77.02296,23,0,,,,27.35871,27.73104,22.96113
1786936739,27.01076,77.07332,23,0,,,,27.25711,27.79877,22.92727
1786936740,27.02411,77.15114,23,0,,,,27.32484,27.7649,22.85974
1786936740,27.04013,77.02907,23,0,,,,27.29098,27.93403,23.02867
1786936741,26.98405,77.04585,23,0,,,,27.25711,27.7649,22.85974
1786936742,26.99741,77.07942,23,0,,,,27.25711,27.90037,22.96113
1786936742,26.95468,76.90395,23,0,,,,27.35871,27.49417,22.82587
1786936743,27.02411,76.88106,23,0,,,,27.35871,27.7649,22.8934
1786936744,26.91195,76.94667,23,0,,,,27.25711,27.69717,22.9948
1786936744,27.06684,76.95125,23,0,,,,27.25711,27.8665,23.16393
1786936745,26.96803,76.93752,23,0,,,,27.25711,27.66331,23.0962
1786936745,26.96803,76.89632,23,0,,,,27.29098,27.66331,22.85974
1786936746,26.98405,76.93294,23,0,,,,27.22325,27.59557,23.02867
1786936747,27.10956,76.94209,23,0,,,,27.22325,27.59557,22.96113
1786936747,27.06684,76.84901,23,0,,,,27.22325,27.7649,22.92727
1786936748,27.05348,76.92836,23,0,,,,27.32484,27.62944,23.0962
1786936749,26.95468,76.87343,23,0,,,,27.18938,27.83244,22.92727
1786936749,27.02411,76.93141,23,0,,,,27.29098,27.79877,22.85974
1786936750,27.01076,76.93752,23,0,,,,27.29098,27.66331,23.0962
1786936751,27.02411,76.88106,23,0,,,,27.15551,27.90037,23.13006
1786936751,26.99741,76.97719,23,0,,,,27.18938,27.59557,22.96113
1786936752,26.96803,76.96956,23,0,,,,27.22325,27.73104,23.02867
1786936753,26.99741,76.91463,23,0,,,,27.32484,27.79877,22.8934
1786936753,27.05348,77.1252,23,0,,,,27.22325,27.66331,22.96113
1786936754,26.95468,76.78035,23,0,,,,27.25711,27.8665,23.02867
1786936755,27.02411,76.9955,23,0,,,,27.25711,27.69717,23.0962
1786936755,26.98405,77.0367,23,0,,,,27.25711,27.73104,22.9948
1786936756,27.01076,77.084,23,0,,,,27.25711,27.73104,22.8934
1786936757,27.04013,77.18471,23,0,,,,27.25711,27.73104,22.9948
1786936757,26.94133,77.06569,23,0,,,,27.22325,27.7649,23.13006
1786936758,27.02411,77.04585,23,0,,,,27.35871,27.7649,22.8934
1786936759,26.96803,77.11604,23,0,,,,27.22325,27.73104,23.02867
1786936759,26.94133,77.13893,23,0,,,,27.29098,27.83244,22.96113
1786936760,27.06684,77.10689,23,0,,,,27.25711,27.73104,22.96113
1786936761,27.09621,77.0428,23,0,,,,27.18938,27.7649,22.92727
1786936761,27.12291,77.05043,23,0,,,,27.25711,27.73104,22.9948
1786936762,26.98405,77.15114,23,0,,,,27.29098,27.59557,22.96113
1786936763,26.92798,77.14809,23,0,,,,27.32484,27.90037,22.8934
1786936763,27.01076,77.06416,23,0,,,,27.35871,27.79877,23.13006
1786936764,27.02411,77.13893,23,0,,,,27.25711,27.83244,22.9948
1786936765,27.01076,77.11604,23,0,,,,27.18938,27.69717,22.9948
1786936765,27.06684,77.08705,23,0,,,,27.22325,27.69717,23.02867
1786936766,26.99741,77.15266,23,0,,,,27.29098,27.66331,23.0962
1786936767,26.99741,77.10231,23,0,,,,27.29098,27.79877,22.96113
1786936767,26.98405,77.16182,23,0,,,,27.25711,27.79877,23.0962
1786936768,27.01076,77.16945,23,0,,,,27.29098,27.7649,23.06253
1786936769,27.01076,76.87801,23,0,,,,27.25711,27.66331,23.0962
1786936769,27.04013,77.14351,23,0,,,,27.18938,27.62944,22.85974
1786936770,26.95468,77.10231,23,0,,,,27.29098,27.73104,22.96113
1786936771,26.98405,77.11909,23,0,,,,27.29098,27.66331,22.9948
1786936771,27.08286,77.16487,23,0,,,,27.25711,27.73104,22.8934
1786936772,26.98405,77.11909,23,0,,,,27.35871,27.79877,22.8934
1786936773,27.06684,77.10689,23,0,,,,27.32484,27.79877,22.92727
1786936773,26.98405,77.0367,23,0,,,,27.29098,27.66331,22.96113
1786936774,26.99741,77.16487,23,0,,,,27.12165,27.69717,22.9948
1786936775,27.08286,77.11147,23,0,,,,27.22325,27.73104,22.8934
1786936775,27.04013,77.07942,23,0,,,,27.32484,27.66331,22.96113
1786936776,27.13893,77.07332,23,0,,,,27.29098,27.79877,22.9948
1786936777,27.06684,77.12978,23,0,,,,27.35871,27.62944,23.06253
1786936777,26.98405,76.9955,23,0,,,,27.18938,27.79877,22.9948
1786936778,27.05348,77.11604,23,0,,,,27.15551,27.69717,22.96113
1786936779,27.05348,77.03365,23,0,,,,27.25711,27.7649,22.92727
1786936779,26.91195,77.01839,23,0,,,,27.25711,27.69717,23.16393
1786936780,27.02411,77.05653,23,0,,,,27.32484,27.69717,23.06253
1786936781,27.05348,77.05196,23,0,,,,27.32484,27.83244,23.0962
1786936781,27.05348,77.0428,23,0,,,,27.22325,27.69717,22.96113
1786936782,27.04013,76.93599,23,0,,,,27.25711,27.66331,22.8934
1786936783,26.96803,76.93752,23,0,,,,27.32484,27.7649,23.02867
1786936783,27.08286,76.89479,23,0,,,,27.29098,27.83244,22.96113
1786936784,27.04013,76.82155,23,0,,,,27.22325,27.83244,22.85974
1786936784,27.01076,76.90852,23,0,,,,27.35871,27.62944,22.96113
1786936785,27.04013,76.96803,23,0,,,,27.15551,27.79877,22.96113
1786936786,27.02411,76.88106,23,0,,,,27.25711,27.69717,22.9948
1786936786,27.02411,76.94209,23,0,,,,27.32484,27.66331,22.9948
1786936787,27.04013,76.88564,23,0,,,,27.29098,27.83244,22.96113
1786936788,26.96803,76.83528,23,0,,,,27.29098,27.69717,22.92727
1786936788,27.08286,76.84138,23,0,,,,27.32484,27.7649,22.96113
1786936789,27.04013,76.75899,23,0,,,,27.29098,27.83244,22.96113
1786936790,26.94133,76.7773,23,0,,,,27.32484,27.83244,23.02867
1786936790,27.04013,76.69794,23,0,,,,27.22325,27.69717,22.96113
1786936791,27.01076,76.75288,23,0,,,,27.25711,27.69717,22.96113
1786936792,27.06684,76.78645,23,0,,,,27.29098,27.69717,22.85974
1786936792,27.10956,76.60181,23,0,,,,27.22325,27.83244,22.9948
1786936793,27.09621,76.84596,23,0,,,,27.29098,27.66331,22.92727
1786936794,27.09621,76.62623,23,0,,,,27.32484,27.62944,22.9948
1786936794,27.13893,76.78188,23,0,,,,27.35871,27.90037,22.8934
1786936795,26.96803,76.62623,23,0,,,,27.29098,27.52784,23.02867
1786936796,26.94133,76.59876,23,0,,,,27.29098,27.69717,22.96113
1786936796,27.05348,76.67963,23,0,,,,27.22325,27.66331,22.92727
1786936797,27.01076,76.62623,23,0,,,,27.25711,27.73104,22.8934
1786936798,27.02411,76.66285,23,0,,,,27.22325,27.56171,22.96113
1786936798,26.94133,76.56977,23,0,,,,27.25711,27.79877,22.96113
1786936799,27.05348,76.59724,23,0,,,,27.29098,27.62944,23.13006
1786936800,27.04013,76.63538,23,0,,,,27.25711,27.79877,22.92727
1786936800,26.99741,76.67658,23,0,,,,27.32484,27.7649,22.96113
1786936801,27.01076,76.69947,23,0,,,,27.22325,27.62944,23.06253
1786936802,27.05348,76.60639,23,0,,,,27.29098,27.7649,23.16393
1786936802,27.05348,76.52399,23,0,,,,27.29098,27.66331,23.0962
1786936803,27.01076,76.45075,23,0,,,,27.29098,27.79877,22.8934
1786936804,27.04013,76.6247,23,0,,,,27.29098,27.66331,23.13006
1786936804,26.99741,76.53315,23,0,,,,27.25711,27.7649,23.16393
1786936805,26.96803,76.49348,23,0,,,,27.29098,27.73104,22.9948
1786936806,26.95468,76.50111,23,0,,,,27.15551,27.69717,23.06253
1786936806,27.02411,76.55756,23,0,,,,27.29098,27.73104,22.9948
1786936807,27.04013,76.5835,23,0,,,,27.25711,27.66331,22.92727
1786936808,27.01076,76.34699,23,0,,,,27.29098,27.73104,22.9948
1786936808,27.05348,76.49348,23,0,,,,27.29098,27.66331,22.9948
1786936809,26.99741,76.43702,23,0,,,,27.15551,27.69717,22.9948
1786936810,27.02411,76.44312,23,0,,,,27.35871,27.59557,22.8934
1786936810,27.05348,76.43244,23,0,,,,27.29098,27.83244,22.9948
1786936811,26.96803,76.46143,23,0,,,,27.22325,27.83244,23.06253
1786936812,27.06684,76.41413,23,0,,,,27.22325,27.7649,22.96113
1786936812,26.8986,76.46601,23,0,,,,27.32484,27.73104,22.9948
1786936813,27.01076,76.42023,23,0,,,,27.25711,27.7649,23.02867
1786936814,27.04013,76.4889,23,0,,,,27.25711,27.69717,23.02867
1786936814,26.84253,76.43244,23,0,,,,27.22325,27.69717,22.9948
1786936815,27.04013,76.45686,23,0,,,,27.29098,27.79877,22.96113
1786936816,27.06684,76.51637,23,0,,,,27.29098,27.66331,23.06253
1786936816,27.05348,76.45075,23,0,,,,27.25711,27.59557,22.92727
1786936817,27.10956,76.44617,23,0,,,,27.32484,27.69717,22.92727
1786936818,27.04013,76.43702,23,0,,,,27.25711,27.90037,22.82587
1786936818,27.04013,76.4889,23,0,,,,27.35871,27.79877,23.06253
1786936819,27.10956,76.50568,23,0,,,,27.22325,27.73104,23.06253
1786936820,26.99741,76.35462,23,0,,,,27.35871,27.69717,23.13006
1786936820,27.05348,76.46143,23,0,,,,27.32484,27.79877,22.8934
1786936821,27.04013,76.46906,23,0,,,,27.25711,27.83244,22.9948
1786936822,27.08286,76.4477,23,0,,,,27.32484,27.7649,22.9948
1786936822,27.04013,76.37446,23,0,,,,27.29098,27.7649,22.92727
1786936823,27.02411,76.41413,23,0,,,,27.22325,27.7649,23.06253
1786936823,27.01076,76.42939,23,0,,,,27.32484,27.79877,23.02867
1786936824,27.01076,76.42939,23,0,,,,27.15551,27.83244,22.96113
1786936825,26.99741,76.46906,23,0,,,,27.25711,27.62944,22.9948
1786936825,27.04013,76.38667,23,0,,,,27.29098,27.7649,22.9948
1786936826,26.96803,76.34699,23,0,,,,27.29098,27.59557,23.02867
1786936827,27.02411,76.36073,23,0,,,,27.22325,27.69717,22.92727
1786936827,27.05348,76.4004,23,0,,,,27.32484,27.7649,23.16393
1786936828,26.99741,76.43702,23,0,,,,27.35871,27.62944,22.8934
1786936829,27.06684,76.40192,23,0,,,,27.25711,27.73104,23.0962
1786936830,26.96803,76.318,23,0,,,,27.29098,27.7649,22.8934
1786936830,26.8986,76.37293,23,0,,,,27.18938,27.73104,22.9948
1786936831,27.01076,76.34699,23,0,,,,27.32484,27.7649,22.9948
1786936831,26.96803,76.42939,23,0,,,,27.25711,27.56171,22.92727
1786936832,27.06684,76.43397,23,0,,,,27.29098,27.62944,22.9948
1786936833,27.05348,76.30579,23,0,,,,27.25711,27.73104,22.92727
1786936833,27.02411,76.46449,23,0,,,,27.22325,27.69717,22.85974
1786936834,26.96803,76.39124,23,0,,,,27.29098,27.90037,22.82587
1786936835,26.99741,76.45686,23,0,,,,27.22325,27.83244,23.02867
1786936835,26.8986,76.37293,23,0,,,,27.32484,27.59557,23.02867
1786936836,27.01076,76.39124,23,0,,,,27.25711,27.66331,22.96113
1786936837,27.08286,76.32258,23,0,,,,27.22325,27.79877,22.9948
1786936837,26.98405,76.37293,23,0,,,,27.32484,27.59557,22.92727
1786936838,27.04013,76.35462,23,0,,,,27.22325,27.7649,22.96113
1786936839,27.02411,76.52857,23,0,,,,27.25711,27.66331,22.92727
1786936839,27.02411,76.39277,23,0,,,,27.25711,27.66331,23.0962
1786936840,27.08286,76.43855,23,0,,,,27.25711,27.79877,23.02867
1786936841,27.04013,76.41871,23,0,,,,27.25711,27.7649,22.85974
1786936841,27.05348,76.46143,23,0,,,,27.32484,27.73104,23.02867
1786936842,27.01076,76.45075,23,0,,,,27.29098,27.7649,23.13006
1786936843,27.01076,76.39124,23,0,,,,27.29098,27.7649,22.8934
1786936843,26.96803,76.4828,23,0,,,,27.29098,27.73104,23.02867
1786936844,27.01076,76.51484,22,0,,,,27.22325,27.69717,23.16393
1786936845,26.99741,76.55299,23,0,,,,27.25711,27.79877,23.23146
1786936845,27.04013,76.50111,23,0,,,,27.29098,27.62944,23.06253
1786936846,27.01076,76.49348,23,0,,,,27.22325,27.79877,22.92727
1786936847,27.01076,76.54383,23,0,,,,27.29098,27.8665,23.13006
1786936847,26.99741,76.4889,23,0,,,,27.29098,27.73104,23.06253
1786936848,26.98405,76.57893,23,0,,,,27.25711,27.62944,23.02867
1786936849,27.06684,76.50568,23,0,,,,27.32484,27.66331,22.8934
1786936849,27.01076,76.56672,23,0,,,,27.29098,27.73104,23.06253
1786936850,26.99741,76.60334,23,0,,,,27.25711,27.73104,23.02867
1786936851,26.99741,76.6247,23,0,,,,27.22325,27.79877,23.06253
1786936851,27.05348,76.74372,23,0,,,,27.29098,27.66331,23.16393
1786936852,27.05348,76.62623,23,0,,,,27.25711,27.79877,22.8934
1786936853,27.01076,76.72236,23,0,,,,27.22325,27.59557,23.06253
1786936853,26.99741,76.70863,23,0,,,,27.32484,27.79877,22.9948
1786936854,27.04013,76.72999,23,0,,,,27.25711,27.73104,22.96113
1786936855,27.05348,76.74372,23,0,,,,27.22325,27.83244,22.92727
1786936855,27.10956,76.93141,23,0,,,,27.22325,27.73104,23.02867
1786936856,27.13893,76.79408,23,0,,,,27.25711,27.73104,22.8934
1786936857,27.06684,76.59876,23,0,,,,27.29098,27.83244,22.92727
1786936857,27.02411,76.73609,23,0,,,,27.22325,27.59557,22.92727
1786936858,27.01076,76.82613,23,0,,,,27.32484,27.73104,22.85974
1786936859,27.06684,76.88106,23,0,,,,27.39258,27.79877,23.0962
1786936859,27.12291,76.85359,23,0,,,,27.35871,27.8665,22.92727
1786936860,27.06684,76.82765,23,0,,,,27.22325,27.8665,23.02867
1786936861,26.94133,76.91005,23,0,,,,27.25711,27.79877,22.8934
1786936861,26.96803,76.99092,23,0,,,,27.22325,27.79877,22.85974
1786936862,27.09621,76.99092,23,0,,,,27.25711,27.83244,23.0962
1786936862,27.05348,77.01076,23,0,,,,27.22325,27.73104,23.06253
1786936863,27.04013,76.88564,23,0,,,,27.18938,27.73104,22.92727
1786936864,27.12291,76.90547,23,0,,,,27.29098,27.7649,22.96113
1786936864,27.02411,77.0779,23,0,,,,27.18938,27.7649,23.06253
1786936865,27.02411,77.0779,23,0,,,,27.29098,27.79877,22.92727
1786936866,27.04013,76.92378,23,0,,,,27.29098,27.7649,22.96113
1786936866,27.04013,76.87343,23,0,,,,27.22325,27.7649,23.02867
1786936867,27.04013,77.15266,23,0,,,,27.12165,27.7649,22.96113
1786936868,27.01076,76.9604,23,0,,,,27.29098,27.73104,23.06253
1786936868,27.06684,76.96346,22,0,,,,27.25711,27.69717,22.9948
1786936869,27.05348,76.96956,23,0,,,,27.32484,27.66331,23.06253
1786936870,27.04013,76.90395,23,0,,,,27.18938,27.73104,22.92727
1786936870,27.04013,76.89479,23,0,,,,27.32484,27.83244,22.9948
1786936871,26.99741,76.88258,23,0,,,,27.25711,27.79877,23.0962
1786936872,27.02411,76.8719,23,0,,,,27.32484,27.79877,22.8934
1786936872,26.99741,76.90395,23,0,,,,27.29098,27.73104,22.9948
1786936873,27.01076,76.86732,23,0,,,,27.22325,27.73104,23.13006
1786936874,27.02411,76.84901,23,0,,,,27.29098,27.8665,22.92727
1786936874,27.04013,76.87343,23,0,,,,27.39258,27.90037,23.06253
1786936875,26.99741,76.89479,23,0,,,,27.29098,27.7649,23.0962
1786936876,27.01076,76.87801,23,0,,,,27.25711,27.62944,22.96113
1786936876,26.98405,76.7773,23,0,,,,27.25711,27.90037,23.06253
1786936877,27.02411,76.83986,23,0,,,,27.15551,27.59557,22.96113
1786936878,26.99741,76.7483,23,0,,,,27.18938,27.79877,23.06253
1786936878,26.99741,76.76814,23,0,,,,27.18938,27.7649,22.96113
1786936879,27.05348,76.83528,23,0,,,,27.25711,27.69717,22.96113
1786936880,27.10956,76.84901,23,0,,,,27.22325,27.83244,22.96113
1786936880,27.05348,76.82613,23,0,,,,27.39258,27.7649,22.85974
1786936881,27.01076,76.83528,23,0,,,,27.35871,27.66331,23.02867
1786936882,27.06684,76.75441,23,0,,,,27.25711,27.8665,22.96113
1786936882,27.01076,76.81392,23,0,,,,27.25711,27.69717,22.9948
1786936883,27.02411,76.73609,23,0,,,,27.25711,27.66331,23.13006
1786936884,27.06684,76.73609,23,0,,,,27.25711,27.93403,22.96113
1786936884,27.05348,76.69032,23,0,,,,27.32484,27.59557,22.96113
1786936885,26.99741,76.6125,23,0,,,,27.32484,27.66331,23.1978
1786936886,26.95468,76.56214,23,0,,,,27.32484,27.79877,22.92727
1786936886,27.02411,76.62012,23,0,,,,27.22325,27.69717,22.96113
1786936887,27.05348,76.69947,23,0,,,,27.22325,27.90037,22.8934
1786936888,26.95468,76.59266,23,0,,,,27.25711,27.69717,23.06253
1786936888,26.94133,76.52857,23,0,,,,27.25711,27.7649,23.02867
1786936889,27.04013,76.55299,23,0,,,,27.25711,27.56171,22.92727
1786936890,27.01076,76.55604,23,0,,,,27.25711,27.69717,23.0962
1786936890,26.92798,76.58503,23,0,,,,27.18938,27.79877,23.02867
1786936891,27.05348,76.51484,23,0,,,,27.22325,27.69717,23.06253
1786936892,26.96803,76.52399,23,0,,,,27.25711,27.69717,22.92727
1786936892,27.04013,76.50111,23,0,,,,27.29098,27.69717,23.0962
1786936893,27.02411,76.44312,23,0,,,,27.32484,27.56171,23.02867
1786936894,27.12291,76.5713,23,0,,,,27.32484,27.8665,23.06253
1786936894,27.01076,76.52399,23,0,,,,27.29098,27.7649,22.92727
1786936895,26.99741,76.46906,23,0,,,,27.32484,27.73104,22.92727
1786936896,27.02411,76.40498,23,0,,,,27.15551,27.73104,22.96113
1786936896,27.01076,76.4828,23,0,,,,27.22325,27.69717,22.9948
1786936897,27.01076,76.39124,23,0,,,,27.25711,27.83244,22.96113
1786936898,26.98405,76.40498,23,0,,,,27.22325,27.69717,22.85974
1786936898,27.05348,76.49348,23,0,,,,27.35871,27.73104,23.02867
1786936899,27.06684,76.41413,23,0,,,,27.22325,27.7649,23.02867
1786936900,27.10956,76.41413,23,0,,,,27.25711,27.83244,23.13006
1786936900,27.02411,76.28748,23,0,,,,27.32484,27.69717,22.92727
1786936901,27.09621,76.31495,23,0,,,,27.29098,27.73104,22.9948
1786936901,27.04013,76.33326,23,0,,,,27.18938,27.66331,22.9948
1786936902,27.04013,76.29206,23,0,,,,27.22325,27.69717,22.96113
1786936903,27.02411,76.2768,23,0,,,,27.29098,27.69717,22.96113
1786936903,27.04013,76.28138,23,0,,,,27.22325,27.79877,22.9948
1786936904,27.02411,76.41413,23,0,,,,27.22325,27.73104,23.06253
1786936905,27.05348,76.4004,22,0,,,,27.35871,27.8665,22.8934
1786936905,27.01076,76.23254,23,0,,,,27.25711,27.90037,22.9948
1786936906,26.96803,76.318,22,0,,,,27.39258,27.66331,23.06253
1786936907,26.98405,76.33173,23,0,,,,27.32484,27.79877,23.06253
1786936907,26.99741,76.31342,23,0,,,,27.29098,27.69717,23.06253
1786936908,27.04013,76.21881,23,0,,,,27.32484,27.7649,22.9948
1786936909,27.05348,76.32716,23,0,,,,27.25711,27.73104,22.8934
1786936909,26.99741,76.26307,23,0,,,,27.32484,27.66331,22.8934
1786936910,27.02411,76.39277,23,0,,,,27.32484,27.7649,22.96113
1786936911,27.09621,76.45075,23,0,,,,27.29098,27.7649,23.06253
1786936911,26.94133,76.23712,23,0,,,,27.18938,27.69717,22.96113
1786936912,26.98405,76.38361,23,0,,,,27.22325,27.69717,22.8934
1786936913,26.99741,76.25085,23,0,,,,27.22325,27.8665,22.96113
1786936913,27.04013,76.32258,23,0,,,,27.22325,27.79877,22.96113
1786936914,27.04013,76.26307,23,0,,,,27.32484,27.7649,22.96113
1786936915,26.99741,76.45686,23,0,,,,27.29098,27.69717,23.02867
1786936915,27.08286,76.38667,23,0,,,,27.25711,27.7649,23.0962
1786936916,27.08286,76.29206,23,0,,,,27.22325,27.73104,23.06253
1786936917,27.05348,76.37904,23,0,,,,27.25711,27.56171,23.02867
1786936917,27.05348,76.42023,22,0,,,,27.22325,27.73104,23.1978
1786936918,26.98405,76.37293,23,0,,,,27.22325,27.66331,22.9948
1786936919,27.02411,76.23712,23,0,,,,27.32484,27.73104,22.9948
1786936919,26.99741,76.35462,23,0,,,,27.29098,27.62944,22.92727
1786936920,27.02411,76.39277,23,0,,,,27.22325,27.69717,23.06253
1786936921,27.08286,76.41871,23,0,,,,27.25711,27.83244,23.06253
1786936921,26.99741,76.33326,23,0,,,,27.25711,27.62944,22.9948
1786936922,27.01076,76.29511,23,0,,,,27.42644,27.59557,22.9948
1786936923,27.08286,76.38667,23,0,,,,27.18938,27.56171,23.0962
1786936923,27.02411,76.32868,23,0,,,,27.25711,27.7649,22.9948
1786936924,26.99741,76.39735,23,0,,,,27.35871,27.73104,22.9948
1786936925,26.94133,76.29969,23,0,,,,27.25711,27.83244,22.92727
1786936925,27.10956,76.39277,23,0,,,,27.32484,27.7649,22.85974
1786936926,26.99741,76.30122,23,0,,,,27.29098,27.7649,22.9948
1786936927,26.8986,76.27833,23,0,,,,27.15551,27.59557,23.06253
1786936927,27.01076,76.3592,23,0,,,,27.32484,27.79877,23.02867
1786936928,27.02411,76.2768,23,0,,,,27.29098,27.66331,23.16393
1786936929,26.98405,76.25849,23,0,,,,27.18938,27.66331,23.02867
1786936929,27.01076,76.19135,23,0,,,,27.22325,27.79877,22.8934
1786936930,27.08286,76.28291,23,0,,,,27.18938,27.83244,23.06253
1786936931,27.09621,76.19135,23,0,,,,27.29098,27.7649,23.02867
1786936931,27.05348,76.33631,23,0,,,,27.18938,27.73104,22.92727
1786936932,27.01076,76.31495,23,0,,,,27.25711,27.79877,22.9948
1786936933,26.98405,76.27833,23,0,,,,27.18938,27.8665,22.92727
1786936933,26.96803,76.3592,23,0,,,,27.32484,27.73104,22.85974
1786936934,26.96803,76.25544,23,0,,,,27.29098,27.79877,22.9948
1786936935,26.99741,76.18982,23,0,,,,27.18938,27.59557,22.96113
1786936935,27.06684,76.18524,23,0,,,,27.25711,27.83244,23.13006
1786936936,27.12291,76.20813,23,0,,,,27.25711,27.7649,22.8934
1786936937,27.06684,76.21729,23,0,,,,27.32484,27.8665,22.96113
1786936937,27.01076,76.13947,23,0,,,,27.18938,27.69717,22.9948
1786936938,27.02411,76.23712,23,0,,,,27.18938,27.62944,23.02867
1786936939,26.99741,76.08606,23,0,,,,27.25711,27.79877,23.06253
1786936939,27.05348,76.15015,23,0,,,,27.25711,27.66331,23.02867
1786936940,26.92798,76.13031,23,0,,,,27.32484,27.79877,22.9948
1786936941,27.02411,76.11353,23,0,,,,27.18938,27.62944,22.9948
1786936941,27.08286,76.18677,23,0,,,,27.18938,27.7649,22.96113
1786936942,27.10956,76.12268,23,0,,,,27.32484,27.69717,23.02867
1786936942,27.04013,76.15778,23,0,,,,27.32484,27.79877,22.8934
1786936943,26.96803,76.02655,23,0,,,,27.25711,27.62944,22.9948
1786936944,27.09621,76.23254,23,0,,,,27.25711,27.69717,22.9948
1786936944,27.01076,76.18219,23,0,,,,27.29098,27.7649,22.96113
1786936945,27.01076,76.0769,23,0,,,,27.22325,27.7649,23.06253
1786936946,27.05348,76.08911,23,0,,,,27.25711,27.83244,23.0962
1786936946,26.99741,75.97009,23,0,,,,27.25711,27.73104,22.8934
1786936947,26.95468,76.03418,23,0,,,,27.18938,27.62944,23.06253
1786936948,27.04013,76.03418,23,0,,,,27.25711,27.62944,22.8934
1786936948,26.99741,76.08606,23,0,,,,27.35871,27.73104,22.96113
1786936949,27.02411,76.09064,23,0,,,,27.25711,27.83244,22.92727
1786936950,27.12291,76.09521,23,0,,,,27.25711,27.73104,23.0962
1786936950,27.06684,76.06165,23,0,,,,27.32484,27.83244,23.16393
1786936951,27.04013,76.12573,23,0,,,,27.22325,27.69717,22.8934
1786936952,26.98405,75.9472,23,0,,,,27.29098,27.79877,22.92727
1786936952,27.02411,75.9884,23,0,,,,27.25711,27.69717,22.9948
1786936953,27.05348,76.09979,23,0,,,,27.18938,27.66331,23.02867
1786936954,27.01076,76.05707,23,0,,,,27.25711,27.73104,23.02867
1786936954,26.98405,75.99908,23,0,,,,27.25711,27.73104,22.9948
1786936955,27.09621,76.09827,23,0,,,,27.29098,27.7649,22.92727
1786936956,26.98405,76.12268,23,0,,,,27.25711,27.79877,22.8934
1786936956,27.05348,76.06775,23,0,,,,27.22325,27.52784,23.02867
1786936957,27.08286,76.16693,23,0,,,,27.29098,27.7649,22.96113
1786936958,27.06684,76.27833,23,0,,,,27.22325,27.62944,22.9948
1786936958,27.04013,76.13641,23,0,,,,27.25711,27.66331,22.9948
1786936959,26.96803,76.41108,23,0,,,,27.32484,27.79877,22.92727
1786936960,27.05348,76.4828,23,0,,,,27.25711,27.7649,22.9948
1786936960,27.05348,76.49348,23,0,,,,27.18938,27.90037,22.96113
1786936961,27.12291,76.68574,23,0,,,,27.39258,27.73104,22.9948
1786936962,27.02411,76.65217,23,0,,,,27.22325,27.73104,22.792
1786936962,27.06684,76.78645,23,0,,,,27.25711,27.7649,22.8934
1786936963,27.16564,77.00923,23,0,,,,27.29098,27.93403,23.06253
1786936964,27.04013,77.07027,23,0,,,,27.25711,27.59557,22.85974
1786936964,27.05348,77.14656,23,0,,,,27.18938,27.90037,22.92727
1786936965,27.04013,77.19691,23,0,,,,27.25711,27.62944,22.85974
1786936966,27.06684,77.29458,23,0,,,,27.22325,27.69717,22.9948
1786936966,27.06684,77.28542,23,0,,,,27.29098,27.79877,22.9948
1786936967,27.01076,77.46853,23,0,,,,27.35871,27.73104,22.92727
1786936968,27.01076,77.51888,23,0,,,,27.25711,27.79877,22.96113
1786936968,27.06684,77.47158,23,0,,,,27.25711,27.79877,22.9948
1786936969,27.09621,77.64553,23,0,,,,27.22325,27.59557,22.9948
1786936970,26.98405,77.76456,23,0,,,,27.22325,27.69717,23.02867
1786936970,27.02411,77.81491,23,0,,,,27.22325,27.69717,22.96113
1786936971,27.01076,77.92477,23,0,,,,27.22325,27.59557,22.92727
1786936972,27.04013,77.95377,23,0,,,,27.25711,27.59557,22.85974
1786936972,27.05348,78.01785,23,0,,,,27.15551,27.73104,22.8934
1786936973,27.04013,78.06668,23,0,,,,27.29098,27.73104,23.02867
1786936974,27.10956,78.15518,23,0,,,,27.29098,27.59557,22.96113
1786936974,26.98405,78.16739,23,0,,,,27.22325,27.59557,23.06253
1786936975,27.01076,78.11246,23,0,,,,27.25711,27.66331,22.8934
1786936976,27.01076,78.14145,23,0,,,,27.25711,27.73104,22.92727
1786936976,27.08286,78.26505,23,0,,,,27.32484,27.79877,22.9948
1786936977,26.98405,78.31083,23,0,,,,27.35871,27.69717,22.96113
1786936978,27.06684,78.38407,23,0,,,,27.22325,27.69717,23.02867
1786936978,26.99741,78.33677,23,0,,,,27.29098,27.7649,22.92727
1786936979,27.05348,78.42374,23,0,,,,27.35871,27.66331,22.92727
1786936980,27.05348,78.2269,23,0,,,,27.18938,27.83244,23.13006
1786936980,27.04013,78.27421,23,0,,,,27.15551,27.62944,23.02867
1786936981,27.06684,78.34287,23,0,,,,27.22325,27.7649,22.96113
1786936981,27.09621,78.30015,23,0,,,,27.12165,27.8665,22.85974
1786936982,26.98405,78.18723,23,0,,,,27.25711,27.7649,22.8934
1786936983,27.02411,78.14603,23,0,,,,27.25711,27.73104,22.8934
1786936983,26.98405,78.23148,23,0,,,,27.32484,27.7649,23.02867
1786936984,27.06684,78.19943,23,0,,,,27.15551,27.8665,22.92727
1786936985,27.09621,78.09109,23,0,,,,27.35871,27.73104,23.02867
1786936985,26.96803,78.07126,22,0,,,,27.29098,27.7649,22.9948
1786936986,27.05348,78.0499,23,0,,,,27.29098,27.69717,23.02867
1786936987,27.01076,78.02701,22,0,,,,27.18938,27.8665,22.8934
1786936987,27.01076,77.89426,23,0,,,,27.42644,27.79877,23.06253
1786936988,27.05348,77.97665,23,0,,,,27.22325,27.69717,23.0962
1786936989,27.05348,77.88358,23,0,,,,27.22325,27.62944,22.8934
1786936989,27.09621,77.84238,23,0,,,,27.29098,27.62944,22.8934
1786936990,26.96803,77.65469,23,0,,,,27.32484,27.69717,22.96113
1786936991,26.98405,77.73251,23,0,,,,27.32484,27.79877,23.02867
1786936991,26.92798,77.56313,23,0,,,,27.29098,27.7649,23.06253
1786936992,27.02411,77.50362,23,0,,,,27.32484,27.62944,22.96113
1786936993,26.96803,77.48989,23,0,,,,27.25711,27.56171,23.06253
1786936993,26.95468,77.43496,23,0,,,,27.32484,27.79877,22.92727
1786936994,27.10956,77.40902,23,0,,,,27.18938,27.69717,22.9948
1786936995,26.96803,77.33425,23,0,,,,27.25711,27.62944,23.02867
1786936995,27.02411,77.19234,23,0,,,,27.22325,27.62944,22.96113
1786936996,27.02411,77.26254,23,0,,,,27.32484,27.69717,23.02867
1786936997,27.02411,77.16029,23,0,,,,27.18938,27.59557,22.9948
1786936997,26.99741,77.07942,23,0,,,,27.25711,27.56171,23.13006
1786936998,27.02411,77.0367,23,0,,,,27.32484,27.79877,22.92727
1786936999,26.95468,77.02907,23,0,,,,27.29098,27.79877,22.96113
1786936999,27.01076,77.03365,23,0,,,,27.29098,27.73104,22.92727
1786937000,27.10956,76.95125,23,0,,,,27.32484,27.8665,22.9948
1786937001,27.02411,76.78645,23,0,,,,27.35871,27.7649,23.0962
1786937001,27.04013,76.86427,23,0,,,,27.22325,27.62944,23.0962
1786937002,27.10956,76.92226,23,0,,,,27.32484,27.73104,22.82587
1786937003,27.04013,76.81239,23,0,,,,27.25711,27.8665,23.06253
1786937003,27.06684,76.86885,23,0,,,,27.22325,27.73104,22.96113
1786937004,26.98405,76.78645,23,0,,,,27.22325,27.66331,23.02867
1786937005,26.91195,76.7483,23,0,,,,27.29098,27.73104,22.96113
1786937005,26.96803,76.67963,23,0,,,,27.29098,27.69717,22.96113
1786937006,27.06684,76.73609,22,0,,,,27.25711,27.73104,22.792
1786937007,26.99741,76.6125,22,0,,,,27.32484,27.90037,22.92727
1786937007,27.01076,76.71168,23,0,,,,27.25711,27.73104,23.06253
1786937008,26.96803,76.59724,23,0,,,,27.32484,27.59557,22.96113
1786937009,27.01076,76.54383,23,0,,,,27.25711,27.73104,23.0962
1786937009,27.02411,76.63996,23,0,,,,27.25711,27.69717,22.85974
1786937010,27.09621,76.65827,23,0,,,,27.32484,27.52784,22.8934
1786937011,27.04013,76.7483,23,0,,,,27.32484,27.8665,22.9948
1786937011,27.05348,76.61707,23,0,,,,27.25711,27.73104,23.02867
1786937012,27.01076,76.59724,23,0,,,,27.22325,27.73104,22.96113
1786937013,27.08286,76.63386,23,0,,,,27.18938,27.62944,22.9948
1786937013,27.01076,76.65827,23,0,,,,27.22325,27.7649,22.8934
1786937014,27.02411,76.54841,23,0,,,,27.29098,27.7649,23.02867
1786937015,26.95468,76.63538,22,0,,,,27.22325,27.83244,23.0962
1786937015,26.96803,76.61707,23,0,,,,27.22325,27.79877,22.92727
1786937016,27.02411,76.69337,23,0,,,,27.29098,27.79877,23.13006
1786937017,26.96803,76.70252,23,0,,,,27.32484,27.73104,22.96113
1786937017,27.04013,76.68574,23,0,,,,27.22325,27.79877,22.96113
1786937018,26.98405,76.66285,23,0,,,,27.25711,27.8665,22.8934
1786937018,27.01076,76.65827,23,0,,,,27.18938,27.9681,23.02867
1786937019,27.05348,76.72236,23,0,,,,27.22325,27.59557,22.92727
1786937020,27.02411,76.672,23,0,,,,27.32484,27.66331,22.92727
1786937020,26.98405,76.61097,23,0,,,,27.25711,27.83244,23.0962
1786937021,26.95468,76.6659,23,0,,,,27.25711,27.73104,23.0962
1786937022,27.06684,76.80782,23,0,,,,27.22325,27.79877,23.0962
1786937022,26.99741,76.72999,23,0,,,,27.29098,27.69717,23.0962
1786937023,27.15228,76.7132,23,0,,,,27.29098,27.7649,23.06253
1786937024,26.98405,76.62165,23,0,,,,27.22325,27.73104,23.02867
1786937024,27.01076,76.76204,23,0,,,,27.29098,27.69717,22.85974
1786937025,27.08286,76.64454,23,0,,,,27.25711,27.52784,22.9948
1786937026,27.01076,76.78188,23,0,,,,27.29098,27.73104,22.9948
1786937026,27.04013,76.69794,23,0,,,,27.29098,27.90037,23.0962
1786937027,27.04013,76.87343,23,0,,,,27.25711,27.7649,23.13006
1786937028,27.08286,76.76814,23,0,,,,27.22325,27.66331,22.9948
1786937028,26.96803,76.74067,23,0,,,,27.29098,27.69717,22.92727
1786937029,26.99741,76.89479,23,0,,,,27.25711,27.73104,23.0962
1786937030,26.98405,76.85054,23,0,,,,27.29098,27.69717,23.0962
1786937030,27.04013,76.89479,23,0,,,,27.32484,27.73104,22.9948
1786937031,27.04013,76.94667,23,0,,,,27.25711,27.83244,22.96113
1786937032,27.06684,76.94209,23,0,,,,27.32484,27.7649,22.96113
1786937032,27.06684,77.02449,23,0,,,,27.22325,27.59557,22.96113
1786937033,27.02411,77.0779,22,0,,,,27.22325,27.62944,23.16393
1786937034,26.99741,77.00923,23,0,,,,27.18938,27.66331,23.0962
1786937034,27.02411,77.0367,22,0,,,,27.22325,27.73104,22.96113
1786937035,27.01076,77.14656,23,0,,,,27.22325,27.79877,22.9948
1786937036,27.05348,77.35409,23,0,,,,27.29098,27.62944,23.1978
1786937036,26.96803,77.19844,23,0,,,,27.32484,27.73104,23.02867
1786937037,26.98405,77.37698,23,0,,,,27.29098,27.69717,22.9948
1786937038,26.98405,77.31747,23,0,,,,27.32484,27.69717,23.06253
1786937038,27.08286,77.54635,23,0,,,,27.29098,27.62944,23.06253
1786937039,27.04013,77.467,23,0,,,,27.18938,27.73104,22.9948
1786937040,27.01076,77.40444,23,0,,,,27.22325,27.90037,23.0962
1786937040,27.02411,77.54482,23,0,,,,27.29098,27.73104,22.9948
1786937041,27.06684,77.75235,23,0,,,,27.29098,27.69717,23.06253
1786937042,27.02411,77.6791,23,0,,,,27.22325,27.69717,22.9948
1786937042,27.04013,77.69283,23,0,,,,27.29098,27.8665,23.02867
1786937043,27.02411,77.85611,23,0,,,,27.22325,27.7649,23.06253
1786937044,27.02411,77.86526,23,0,,,,27.25711,27.73104,22.92727
1786937044,27.02411,77.82407,23,0,,,,27.32484,27.7649,22.82587
1786937045,27.06684,77.93851,23,0,,,,27.22325,27.73104,22.92727
1786937046,26.94133,77.88815,23,0,,,,27.25711,27.7649,23.02867
1786937046,27.09621,78.00717,23,0,,,,27.29098,27.8665,22.85974
1786937047,27.01076,77.99802,23,0,,,,27.35871,27.62944,23.02867
1786937048,27.10956,78.05295,23,0,,,,27.29098,27.69717,22.96113
1786937048,26.95468,78.03616,23,0,,,,27.25711,27.79877,23.06253
1786937049,27.04013,77.99344,23,0,,,,27.25711,27.62944,23.02867
1786937050,26.92798,78.0499,23,0,,,,27.32484,27.59557,23.02867
1786937050,27.10956,78.13687,23,0,,,,27.22325,27.69717,22.96113
1786937051,27.04013,78.04532,23,0,,,,27.32484,27.7649,22.9948
1786937052,27.04013,78.08957,23,0,,,,27.25711,27.73104,23.13006
1786937052,27.08286,78.10941,23,0,,,,27.35871,27.66331,23.16393
1786937053,27.04013,78.08957,23,0,,,,27.22325,27.7649,23.02867
1786937054,27.06684,78.16739,23,0,,,,27.32484,27.69717,22.96113
1786937054,27.01076,78.11246,23,0,,,,27.32484,27.66331,23.13006
1786937055,27.02411,78.12619,23,0,,,,27.29098,27.90037,22.96113
1786937056,26.94133,78.20859,23,0,,,,27.32484,27.73104,22.96113
1786937056,26.96803,78.27726,23,0,,,,27.25711,27.8665,22.85974
1786937057,26.95468,78.30473,23,0,,,,27.22325,27.90037,22.92727
1786937057,27.13893,78.30015,23,0,,,,27.25711,27.62944,23.13006
1786937058,27.05348,78.34135,23,0,,,,27.25711,27.73104,23.13006
1786937059,27.05348,78.39323,23,0,,,,27.25711,27.8665,22.96113
1786937059,27.12291,78.52445,23,0,,,,27.18938,27.62944,23.06253
1786937060,26.99741,78.50309,23,0,,,,27.29098,27.62944,22.96113
1786937061,27.04013,78.49241,23,0,,,,27.29098,27.69717,23.16393
1786937061,26.99741,78.65873,23,0,,,,27.25711,27.83244,23.0962
1786937062,27.09621,78.71366,23,0,,,,27.22325,27.69717,23.06253
1786937063,27.04013,78.66788,23,0,,,,27.32484,27.83244,23.13006
1786937063,26.99741,78.65873,23,0,,,,27.29098,27.69717,22.8934
1786937064,27.09621,78.70451,23,0,,,,27.32484,27.66331,22.85974
1786937065,27.06684,78.77776,23,0,,,,27.18938,27.73104,23.06253
1786937065,27.02411,78.8098,23,0,,,,27.32484,27.79877,23.06253
1786937066,27.04013,78.77165,23,0,,,,27.29098,27.79877,22.9948
1786937067,26.98405,78.84184,23,0,,,,27.25711,27.79877,23.02867
1786937067,27.09621,78.84032,23,0,,,,27.32484,27.66331,23.02867
1786937068,27.01076,78.91966,23,0,,,,27.32484,27.69717,22.9948
1786937069,26.98405,78.8098,23,0,,,,27.25711,27.83244,22.92727
1786937069,26.98405,78.8632,23,0,,,,27.18938,27.79877,22.792
1786937070,27.02411,78.92424,23,0,,,,27.29098,27.93403,22.96113
1786937071,26.98405,78.99748,23,0,,,,27.29098,27.66331,22.9948
1786937071,27.02411,78.87389,23,0,,,,27.18938,27.69717,23.06253
1786937072,27.09621,78.91356,23,0,,,,27.22325,27.52784,22.85974
1786937073,27.06684,78.96544,23,0,,,,27.25711,27.66331,23.0962
1786937073,27.02411,79.03868,23,0,,,,27.29098,27.73104,22.92727
1786937074,27.04013,79.00206,23,0,,,,27.22325,27.73104,23.0962
1786937075,27.05348,79.00511,23,0,,,,27.25711,27.73104,23.13006
1786937075,27.06684,78.91508,23,0,,,,27.25711,27.73104,23.02867
1786937076,27.06684,78.91508,23,0,,,,27.25711,27.83244,22.92727
1786937077,27.09621,78.99596,23,0,,,,27.29098,27.56171,22.85974
1786937077,27.04013,78.86778,23,0,,,,27.18938,27.7649,22.96113
1786937078,27.06684,78.8632,23,0,,,,27.25711,27.83244,23.0962
1786937079,27.02411,78.84184,23,0,,,,27.29098,27.90037,22.9948
1786937079,26.98405,78.77776,23,0,,,,27.32484,27.79877,22.8934
1786937080,27.09621,78.86015,23,0,,,,27.29098,27.69717,23.06253
1786937081,27.05348,78.65263,23,0,,,,27.25711,27.69717,22.92727
1786937081,27.09621,78.69382,23,0,,,,27.29098,27.79877,22.96113
1786937082,27.04013,78.60685,23,0,,,,27.25711,27.79877,22.96113
1786937083,27.02411,78.67551,23,0,,,,27.18938,27.83244,23.0962
1786937083,27.04013,78.44205,23,0,,,,27.25711,27.62944,23.06253
1786937084,26.95468,78.50309,23,0,,,,27.25711,27.83244,22.9948
1786937085,26.96803,78.4741,23,0,,,,27.29098,27.66331,23.0962
1786937085,27.02411,78.45731,23,0,,,,27.18938,27.7649,23.16393
1786937086,27.04013,78.46037,23,0,,,,27.22325,27.7649,22.8934
1786937087,27.06684,78.36423,23,0,,,,27.29098,27.8665,22.9948
1786937087,27.02411,78.33219,23,0,,,,27.32484,27.7649,22.9948
1786937088,26.99741,78.25437,23,0,,,,27.22325,27.79877,23.0962
1786937089,27.04013,78.37797,23,0,,,,27.22325,27.62944,23.06253
1786937089,27.02411,78.19943,23,0,,,,27.25711,27.59557,23.02867
1786937090,27.08286,78.28642,23,0,,,,27.35871,27.83244,22.85974
1786937091,26.95468,78.15976,23,0,,,,27.22325,27.7649,23.13006
1786937091,27.02411,78.16739,23,0,,,,27.29098,27.73104,23.0962
1786937092,26.94133,77.90799,23,0,,,,27.25711,27.73104,22.92727
1786937093,27.06684,78.07278,23,0,,,,27.18938,27.73104,23.02867
1786937093,26.96803,77.98581,23,0,,,,27.25711,27.69717,23.02867
1786937094,26.96803,77.94766,23,0,,,,27.22325,27.66331,23.23146
1786937095,27.04013,77.91104,23,0,,,,27.22325,27.66331,23.02867
1786937095,26.98405,77.94919,23,0,,,,27.25711,27.83244,22.96113
1786937096,27.06684,77.82559,23,0,,,,27.29098,27.83244,23.0962
1786937096,27.09621,77.93546,23,0,,,,27.22325,27.7649,23.02867
1786937097,27.01076,77.84238,23,0,,,,27.25711,27.8665,22.96113
1786937098,26.96803,77.86221,23,0,,,,27.29098,27.7649,23.0962
1786937098,26.95468,77.673,23,0,,,,27.25711,27.59557,22.9948
1786937099,27.06684,77.81491,23,0,,,,27.22325,27.73104,22.9948
1786937100,27.02411,77.7203,23,0,,,,27.22325,27.66331,22.9948
1786937100,27.02411,77.78287,23,0,,,,27.32484,27.62944,22.92727
1786937101,26.99741,77.54635,23,0,,,,27.25711,27.69717,23.0962
1786937102,27.06684,77.92935,23,0,,,,27.25711,27.69717,22.96113
1786937102,26.98405,77.76456,23,0,,,,27.29098,27.73104,23.02867
1786937103,26.98405,77.75235,23,0,,,,27.32484,27.69717,22.96113
1786937104,27.01076,77.87442,23,0,,,,27.25711,27.79877,22.92727
1786937104,26.99741,77.79813,23,0,,,,27.22325,27.66331,22.8934
1786937105,26.96803,77.90341,23,0,,,,27.25711,27.7649,23.16393
1786937106,27.02411,77.99954,23,0,,,,27.29098,27.73104,22.92727
1786937106,26.99741,77.97208,23,0,,,,27.22325,27.69717,23.0962
1786937107,27.02411,78.03159,23,0,,,,27.25711,27.66331,23.02867
1786937108,27.02411,78.21927,23,0,,,,27.22325,27.73104,23.06253
1786937108,27.08286,78.01633,23,0,,,,27.22325,27.79877,23.06253
1786937109,26.96803,78.28794,23,0,,,,27.29098,27.73104,23.0962
1786937110,26.96803,78.27726,23,0,,,,27.25711,27.73104,22.9948
1786937110,27.06684,78.39628,23,0,,,,27.25711,27.69717,22.96113
1786937111,27.06684,78.38407,23,0,,,,27.25711,27.59557,23.1978
1786937112,26.95468,78.38865,23,0,,,,27.22325,27.69717,22.9948
1786937112,26.95468,78.52445,23,0,,,,27.29098,27.62944,22.82587
1786937113,26.99741,78.68925,23,0,,,,27.32484,27.59557,22.92727
1786937114,26.95468,78.51225,23,0,,,,27.18938,27.7649,23.02867
1786937114,27.01076,78.62974,23,0,,,,27.32484,27.93403,23.02867
1786937115,26.95468,78.72129,23,0,,,,27.25711,27.79877,22.92727
1786937116,27.02411,78.88304,23,0,,,,27.29098,27.56171,22.9948
1786937116,27.13893,78.7457,23,0,,,,27.25711,27.7649,22.96113
1786937117,27.06684,78.77776,23,0,,,,27.25711,27.66331,22.96113
1786937118,27.04013,78.8037,23,0,,,,27.25711,27.9681,22.92727
1786937118,26.98405,78.63432,23,0,,,,27.29098,27.66331,22.96113
1786937119,26.96803,78.72587,23,0,,,,27.32484,27.73104,22.9948
1786937120,26.99741,78.60685,23,0,,,,27.29098,27.73104,22.9948
1786937120,26.99741,78.72129,23,0,,,,27.18938,27.7649,23.06253
1786937121,27.02411,78.71824,23,0,,,,27.32484,27.69717,22.8934
1786937122,27.02411,78.61295,23,0,,,,27.35871,27.8665,23.06253
1786937122,26.99741,78.60685,23,0,,,,27.29098,27.49417,22.8934
1786937123,26.94133,78.645,23,0,,,,27.29098,27.66331,22.96113
1786937124,26.98405,78.51987,23,0,,,,27.32484,27.73104,22.92727
1786937124,27.05348,78.52598,23,0,,,,27.15551,27.66331,22.9948
1786937125,26.98405,78.51987,23,0,,,,27.18938,27.62944,23.06253
1786937126,27.05348,78.55802,23,0,,,,27.25711,27.69717,22.92727
1786937126,27.08286,78.38865,23,0,,,,27.29098,27.66331,23.06253
1786937127,26.99741,78.42985,23,0,,,,27.25711,27.73104,22.8934
1786937128,26.98405,78.45731,23,0,,,,27.29098,27.73104,23.06253
1786937128,26.95468,78.29557,23,0,,,,27.32484,27.66331,23.0962
1786937129,27.04013,78.25437,23,0,,,,27.22325,27.66331,23.02867
1786937130,27.08286,78.27421,23,0,,,,27.29098,27.69717,23.06253
1786937130,27.06684,78.32304,23,0,,,,27.35871,27.7649,23.02867
1786937131,26.99741,78.18112,23,0,,,,27.25711,27.73104,23.0962
1786937132,27.02411,78.10483,23,0,,,,27.39258,27.79877,22.8934
1786937132,26.91195,78.01328,22,0,,,,27.18938,27.83244,22.96113
1786937133,27.08286,78.01633,23,0,,,,27.22325,27.8665,23.23146
1786937134,27.04013,77.99344,23,0,,,,27.29098,27.8665,22.96113
1786937134,26.98405,77.87595,23,0,,,,27.25711,27.79877,23.02867
1786937135,26.92798,77.87442,23,0,,,,27.29098,27.79877,22.96113
1786937135,26.94133,77.75235,23,0,,,,27.22325,27.73104,22.82587
1786937136,27.08286,77.64248,23,0,,,,27.25711,27.7649,22.96113
1786937137,27.06684,77.6791,23,0,,,,27.29098,27.90037,23.02867
1786937137,26.99741,77.54635,23,0,,,,27.18938,27.79877,22.96113
1786937138,27.08286,77.53719,23,0,,,,27.25711,27.69717,23.0962
1786937139,27.01076,77.62417,23,0,,,,27.29098,27.7649,23.13006
1786937139,26.95468,77.47616,23,0,,,,27.22325,27.69717,23.0962
1786937140,27.05348,77.37545,23,0,,,,27.25711,27.79877,23.02867
1786937141,26.98405,77.34798,23,0,,,,27.29098,27.73104,22.96113
1786937141,27.10956,77.26254,23,0,,,,27.32484,27.69717,23.0962
1786937142,26.94133,77.28542,23,0,,,,27.22325,27.66331,23.13006
1786937143,26.98405,77.10994,23,0,,,,27.29098,27.79877,23.0962
1786937143,26.88525,76.99245,23,0,,,,27.15551,27.73104,23.0962
1786937144,26.99741,77.01991,23,0,,,,27.29098,27.79877,22.96113
1786937145,27.01076,76.90852,23,0,,,,27.32484,27.69717,23.06253
1786937145,26.98405,76.9543,23,0,,,,27.29098,27.59557,23.02867
1786937146,27.05348,76.90852,23,0,,,,27.25711,27.8665,22.85974
1786937147,27.02411,76.7132,23,0,,,,27.35871,27.69717,22.792
1786937147,26.98405,76.61097,23,0,,,,27.29098,27.62944,22.9948
1786937148,26.96803,76.69032,23,0,,,,27.29098,27.79877,22.9948
1786937149,26.98405,76.54841,23,0,,,,27.29098,27.62944,23.06253
1786937149,27.04013,76.56214,23,0,,,,27.25711,27.8665,22.9948
1786937150,27.01076,76.61707,23,0,,,,27.32484,27.8665,23.02867
1786937151,26.95468,76.4889,23,0,,,,27.25711,27.62944,23.16393
1786937151,27.06684,76.54841,23,0,,,,27.22325,27.8665,22.8934
1786937152,27.02411,76.36073,23,0,,,,27.18938,27.83244,22.96113
1786937153,26.96803,76.39124,23,0,,,,27.25711,27.69717,23.02867
1786937153,26.95468,76.47974,22,0,,,,27.25711,27.73104,23.13006
1786937154,26.95468,76.34547,23,0,,,,27.32484,27.8665,23.02867
1786937155,27.04013,76.30122,23,0,,,,27.35871,27.62944,22.96113
1786937155,27.05348,76.30579,23,0,,,,27.32484,27.73104,22.8934
1786937156,27.06684,76.14404,23,0,,,,27.32484,27.69717,23.06253
1786937157,27.10956,76.31953,23,0,,,,27.29098,27.73104,23.02867
1786937157,26.98405,76.20508,23,0,,,,27.18938,27.79877,23.02867
1786937158,27.02411,76.12115,23,0,,,,27.25711,27.7649,22.9948
1786937159,27.02411,76.2768,23,0,,,,27.18938,27.73104,23.06253
1786937159,26.95468,76.11658,23,0,,,,27.22325,27.7649,23.06253
1786937160,27.05348,76.1593,23,0,,,,27.32484,27.8665,23.0962
1786937161,26.95468,76.08606,23,0,,,,27.25711,27.79877,22.9948
1786937161,26.8986,76.08453,23,0,,,,27.22325,27.73104,23.06253
1786937162,26.98405,76.06165,22,0,,,,27.29098,27.8665,23.13006
1786937163,27.01076,76.17151,23,0,,,,27.25711,27.73104,22.9948
1786937163,27.05348,76.12115,23,0,,,,27.25711,27.79877,22.8934
1786937164,26.98405,76.06165,23,0,,,,27.22325,27.7649,23.13006
1786937165,27.04013,75.98993,23,0,,,,27.25711,27.79877,22.9948
1786937165,26.96803,76.1181,23,0,,,,27.35871,27.66331,22.96113
1786937166,26.99741,76.12573,23,0,,,,27.35871,27.79877,22.92727
1786937167,27.06684,76.18524,23,0,,,,27.22325,27.66331,22.9948
1786937167,27.05348,76.12115,23,0,,,,27.22325,27.7649,22.92727
1786937168,26.98405,76.16388,23,0,,,,27.25711,27.8665,23.1978
1786937169,26.99741,76.09521,23,0,,,,27.25711,27.73104,22.92727
1786937169,26.96803,76.1181,23,0,,,,27.32484,27.69717,23.02867
1786937170,26.98405,76.20508,23,0,,,,27.18938,27.83244,23.06253
1786937171,26.99741,76.27222,23,0,,,,27.22325,27.83244,22.9948
1786937171,26.96803,76.17151,23,0,,,,27.22325,27.66331,22.9948
1786937172,26.96803,76.17151,23,0,,,,27.25711,27.79877,22.96113
1786937173,27.09621,76.2005,23,0,,,,27.22325,27.79877,23.06253
1786937173,27.04013,76.32258,23,0,,,,27.29098,27.83244,22.92727
1786937174,27.09621,76.32716,23,0,,,,27.29098,27.62944,23.0962
1786937174,26.96803,76.49348,23,0,,,,27.25711,27.69717,23.0962
1786937175,26.99741,76.5835,23,0,,,,27.29098,27.66331,22.92727
1786937176,27.08286,76.4889,23,0,,,,27.39258,27.79877,22.9948
1786937176,27.08286,76.55299,23,0,,,,27.18938,27.93403,23.02867
1786937177,27.08286,76.68574,23,0,,,,27.25711,27.83244,22.9948
1786937178,27.10956,76.73457,23,0,,,,27.32484,27.79877,23.06253
1786937178,27.09621,76.82613,23,0,,,,27.32484,27.73104,22.9948
1786937179,27.02411,76.77577,23,0,,,,27.22325,27.73104,22.96113
1786937180,27.02411,76.89021,23,0,,,,27.25711,27.66331,22.9948
1786937180,26.96803,77.0016,23,0,,,,27.29098,27.69717,22.9948
1786937181,27.01076,77.02296,23,0,,,,27.32484,27.62944,22.8934
1786937182,27.08286,77.20607,23,0,,,,27.39258,27.59557,23.06253
1786937182,27.12291,77.25643,23,0,,,,27.25711,27.7649,22.96113
1786937183,27.12291,77.25643,23,0,,,,27.25711,27.79877,22.9948
1786937184,27.02411,77.21217,23,0,,,,27.32484,27.69717,23.06253
1786937184,27.08286,77.36172,23,0,,,,27.25711,27.69717,23.06253
1786937185,27.06684,77.47158,23,0,,,,27.25711,27.83244,22.92727
1786937186,27.01076,77.37545,23,0,,,,27.32484,27.83244,23.02867
1786937186,27.06684,77.46243,23,0,,,,27.32484,27.59557,22.8934
1786937187,27.10956,77.44106,23,0,,,,27.29098,27.7649,22.9948
1786937188,26.95468,77.52651,23,0,,,,27.25711,27.7649,23.06253
1786937188,27.04013,77.66384,23,0,,,,27.25711,27.73104,23.13006
1786937189,27.06684,77.65926,23,0,,,,27.25711,27.83244,22.792
1786937190,26.98405,77.7203,23,0,,,,27.25711,27.59557,22.9948
1786937190,27.01076,77.72793,23,0,,,,27.25711,27.62944,23.0962
1786937191,27.02411,77.82407,23,0,,,,27.29098,27.69717,22.92727
1786937192,26.98405,77.86679,23,0,,,,27.22325,27.83244,22.96113
1786937192,27.05348,78.03922,23,0,,,,27.25711,27.9681,22.9948
1786937193,26.95468,78.10941,23,0,,,,27.29098,27.7649,23.13006
1786937194,26.99741,78.20096,23,0,,,,27.29098,27.83244,23.02867
1786937194,27.10956,78.16739,23,0,,,,27.29098,27.7649,23.13006
1786937195,26.91195,78.27268,23,0,,,,27.29098,27.66331,23.0962
1786937196,27.05348,78.36118,23,0,,,,27.29098,27.79877,23.06253
1786937196,26.99741,78.40086,23,0,,,,27.29098,27.73104,23.02867
1786937197,26.99741,78.53361,23,0,,,,27.18938,27.66331,23.02867
1786937198,27.05348,78.49699,23,0,,,,27.29098,27.66331,22.9948
1786937198,27.06684,78.59312,23,0,,,,27.25711,27.66331,23.06253
1786937199,27.09621,78.55802,23,0,,,,27.32484,27.8665,23.06253
1786937200,26.96803,78.46494,23,0,,,,27.32484,27.69717,23.06253
1786937200,27.02411,78.63432,23,0,,,,27.35871,27.69717,22.792
1786937201,27.04013,78.49241,22,0,,,,27.22325,27.69717,22.96113
1786937202,26.94133,78.34287,23,0,,,,27.25711,27.8665,22.92727
1786937202,26.99741,78.42985,23,0,,,,27.22325,27.79877,23.0962
1786937203,27.04013,78.35661,23,0,,,,27.32484,27.7649,23.13006
1786937204,27.09621,78.3505,23,0,,,,27.25711,27.56171,23.02867
1786937204,26.98405,78.09567,23,0,,,,27.25711,27.83244,23.02867
1786937205,27.08286,78.24521,23,0,,,,27.25711,27.93403,23.06253
1786937206,27.02411,78.05295,23,0,,,,27.29098,27.73104,23.02867
1786937206,26.99741,77.98428,23,0,,,,27.18938,27.59557,22.8934
1786937207,26.99741,77.91104,23,0,,,,27.18938,27.83244,22.96113
1786937208,27.05348,78.05905,23,0,,,,27.32484,27.73104,22.8934
1786937208,27.10956,77.8439,23,0,,,,27.25711,27.79877,22.9948
1786937209,27.08286,77.74624,23,0,,,,27.32484,27.90037,23.13006
1786937210,26.99741,77.74624,23,0,,,,27.25711,27.7649,23.0962
1786937210,26.95468,77.61044,23,0,,,,27.29098,27.83244,23.06253
1786937211,27.02411,77.58602,23,0,,,,27.25711,27.7649,22.75814
1786937212,26.96803,77.57229,23,0,,,,27.25711,27.79877,22.96113
1786937212,27.01076,77.48074,23,0,,,,27.18938,27.66331,22.92727
1786937213,27.05348,77.38461,23,0,,,,27.25711,27.73104,22.92727
1786937214,26.98405,77.40902,23,0,,,,27.32484,27.69717,22.9948
1786937214,27.08286,77.39071,23,0,,,,27.32484,27.7649,22.82587
1786937215,27.02411,77.35714,23,0,,,,27.29098,27.69717,22.96113
1786937215,27.02411,77.26254,23,0,,,,27.32484,27.73104,23.02867
1786937216,26.99741,77.14351,23,0,,,,27.32484,27.69717,23.06253
1786937217,26.99741,77.20607,23,0,,,,27.22325,27.66331,22.792
1786937217,27.04013,77.24727,23,0,,,,27.25711,27.69717,22.96113
1786937218,27.02411,77.10689,23,0,,,,27.25711,27.7649,22.92727
1786937219,27.05348,77.14656,23,0,,,,27.29098,27.66331,22.96113
1786937219,27.02411,77.17097,23,0,,,,27.29098,27.62944,22.8934
1786937221,27.06684,76.9955,23,0,,,,27.18938,27.69717,23.02867
1786937221,27.05348,76.96956,23,0,,,,27.18938,27.59557,22.96113
1786937221,27.04013,77.04128,23,0,,,,27.25711,27.79877,23.0962
1786937222,26.98405,76.90089,23,0,,,,27.39258,27.73104,22.92727
1786937223,27.01076,77.0016,23,0,,,,27.25711,27.73104,22.8934
1786937223,26.96803,77.01381,23,0,,,,27.46011,27.73104,22.9948
1786937224,27.04013,77.11147,23,0,,,,27.22325,27.90037,22.96113
1786937225,26.95468,77.14351,23,0,,,,27.18938,27.69717,23.0962
1786937225,26.94133,77.30679,23,0,,,,27.32484,27.66331,23.06253
1786937226,27.08286,77.66384,22,0,,,,27.22325,27.8665,23.13006
1786937227,27.05348,77.82101,23,0,,,,27.29098,27.66331,22.85974
1786937227,27.04013,78.15976,23,0,,,,27.25711,27.79877,22.8934
1786937228,27.05348,78.62974,23,0,,,,27.29098,27.7649,22.96113
1786937229,26.96803,78.98375,23,0,,,,27.29098,27.90037,22.96113
1786937229,27.01076,79.34844,23,0,,,,27.29098,27.69717,23.06253
1786937230,27.04013,79.4461,23,0,,,,27.22325,27.66331,23.1978
1786937231,26.95468,79.79858,23,0,,,,27.22325,27.69717,23.0962
1786937231,27.05348,79.94965,23,0,,,,27.29098,27.79877,23.0962
1786937232,26.94133,80.04425,23,0,,,,27.29098,27.7649,22.96113
1786937233,27.05348,80.15564,23,0,,,,27.25711,27.73104,22.9948
1786937233,26.99741,80.26856,23,0,,,,27.22325,27.7649,23.06253
1786937234,27.02411,80.29603,23,0,,,,27.29098,27.7649,22.96113
1786937235,26.99741,80.33875,23,0,,,,27.29098,27.9681,23.02867
1786937235,27.06684,80.24261,23,0,,,,27.22325,27.66331,22.85974
1786937236,27.01076,80.30061,23,0,,,,27.22325,27.79877,22.92727
1786937237,27.02411,80.41047,23,0,,,,27.32484,27.69717,23.13006
1786937237,27.04013,80.35096,23,0,,,,27.22325,27.73104,23.02867
1786937238,26.99741,80.33875,23,0,,,,27.25711,27.73104,23.13006
1786937239,27.04013,80.33875,23,0,,,,27.25711,27.56171,22.9948
1786937239,26.98405,80.21057,23,0,,,,27.22325,27.62944,22.9948
1786937240,26.98405,79.87946,23,0,,,,27.25711,27.73104,23.02867
1786937241,27.01076,79.80316,23,0,,,,27.22325,27.56171,23.0962
1786937241,26.92798,79.75128,23,0,,,,27.25711,27.66331,23.06253
1786937242,27.01076,79.59563,23,0,,,,27.29098,27.73104,23.13006
1786937243,27.05348,79.41863,23,0,,,,27.22325,27.69717,23.0962
1786937243,26.92798,79.34539,23,0,,,,27.25711,27.66331,23.06253
1786937244,26.98405,79.19432,23,0,,,,27.29098,27.83244,22.96113
1786937245,26.99741,79.17906,23,0,,,,27.25711,27.83244,22.8934
1786937245,27.01076,79.09666,23,0,,,,27.15551,27.62944,22.92727
1786937246,26.95468,78.92729,23,0,,,,27.25711,27.66331,22.9948
1786937247,26.96803,78.82811,23,0,,,,27.18938,27.8665,23.13006
1786937247,26.92798,78.72587,23,0,,,,27.29098,27.7649,22.9948
1786937248,27.02411,78.75792,22,0,,,,27.18938,27.69717,22.96113
1786937249,27.08286,78.87694,23,0,,,,27.29098,27.66331,22.96113
1786937249,27.04013,78.86778,23,0,,,,27.22325,27.69717,22.82587
1786937250,26.95468,78.75028,23,0,,,,27.15551,27.73104,23.06253
1786937251,26.99741,78.73197,23,0,,,,27.25711,27.7649,22.82587
1786937251,26.91195,78.616,23,0,,,,27.25711,27.69717,23.16393
1786937252,26.94133,78.70756,23,0,,,,27.29098,27.73104,22.85974
1786937253,26.99741,78.68009,23,0,,,,27.32484,27.69717,23.0962
1786937253,26.95468,78.69993,23,0,,,,27.18938,27.66331,22.9948
1786937254,26.99741,78.83574,23,0,,,,27.32484,27.83244,23.02867
1786937254,26.96803,78.98375,23,0,,,,27.22325,27.90037,23.13006
1786937255,26.99741,78.88762,23,0,,,,27.29098,27.66331,23.13006
1786937256,27.01076,78.78539,23,0,,,,27.25711,27.52784,23.13006
1786937256,26.95468,78.84489,23,0,,,,27.25711,27.8665,22.82587
1786937257,26.95468,78.87694,23,0,,,,27.32484,27.7649,23.02867
1786937258,27.06684,78.97765,23,0,,,,27.32484,27.79877,22.9948
1786937258,27.04013,78.87694,23,0,,,,27.25711,27.73104,22.96113
1786937259,27.02411,78.9334,23,0,,,,27.42644,27.73104,22.8934
1786937260,26.99741,78.8037,23,0,,,,27.32484,27.7649,22.92727
1786937260,26.99741,78.90593,22,0,,,,27.18938,27.56171,22.9948
1786937261,27.04013,78.95018,23,0,,,,27.32484,27.69717,23.02867
1786937262,26.99741,78.87694,23,0,,,,27.18938,27.69717,23.06253
1786937262,27.01076,78.72587,23,0,,,,27.25711,27.66331,23.16393
1786937263,26.95468,78.68925,23,0,,,,27.15551,27.59557,22.9948
1786937264,27.05348,78.78691,23,0,,,,27.25711,27.79877,22.82587
1786937264,27.05348,78.80827,23,0,,,,27.25711,27.8665,22.92727
1786937265,26.99741,78.73197,23,0,,,,27.29098,27.62944,22.9948
1786937266,27.08286,78.69077,23,0,,,,27.22325,27.66331,22.82587
1786937266,27.02411,78.58396,23,0,,,,27.35871,27.90037,23.06253
1786937267,26.99741,78.60685,23,0,,,,27.18938,27.69717,22.96113
1786937268,27.08286,78.63889,23,0,,,,27.35871,27.73104,22.96113
1786937268,26.99741,78.53361,23,0,,,,27.25711,27.93403,22.9948
1786937269,26.98405,78.63432,23,0,,,,27.22325,27.73104,23.02867
1786937270,26.94133,78.51072,23,0,,,,27.32484,27.59557,22.85974
1786937270,26.99741,78.45121,23,0,,,,27.22325,27.69717,22.8934
1786937271,27.13893,78.43443,23,0,,,,27.22325,27.73104,23.02867
1786937272,27.04013,78.48325,23,0,,,,27.22325,27.69717,23.0962
1786937272,26.96803,78.42374,23,0,,,,27.32484,27.69717,23.13006
1786937273,26.98405,78.53056,23,0,,,,27.22325,27.73104,22.8934
1786937274,26.98405,78.41611,23,0,,,,27.15551,27.83244,23.0962
1786937274,26.94133,78.43748,23,0,,,,27.22325,27.8665,23.06253
1786937275,26.99741,78.37797,23,0,,,,27.35871,27.66331,22.9948
1786937276,27.06684,78.29252,23,0,,,,27.25711,27.93403,22.96113
1786937276,26.91195,78.233,23,0,,,,27.18938,27.79877,22.792
1786937277,26.99741,78.37797,23,0,,,,27.25711,27.69717,22.96113
1786937278,26.95468,78.14908,23,0,,,,27.29098,27.7649,22.96113
1786937278,26.95468,78.27268,23,0,,,,27.25711,27.7649,23.0962
1786937279,26.96803,78.16281,23,0,,,,27.29098,27.79877,22.9948
1786937280,26.96803,78.09109,23,0,,,,27.32484,27.69717,22.92727
1786937280,26.98405,78.07584,23,0,,,,27.25711,27.79877,22.92727
1786937281,26.98405,78.18723,23,0,,,,27.22325,27.73104,22.82587
1786937282,26.98405,78.13535,23,0,,,,27.22325,27.93403,22.96113
1786937282,26.92798,77.98581,23,0,,,,27.32484,27.8665,22.8934
1786937283,27.06684,78.10483,23,0,,,,27.25711,27.7649,22.8934
1786937284,27.05348,78.1033,23,0,,,,27.25711,27.8665,23.13006
1786937284,27.04013,78.21317,23,0,,,,27.25711,27.73104,22.8934
1786937285,26.99741,77.94308,23,0,,,,27.22325,27.66331,22.96113
1786937286,27.01076,78.09109,23,0,,,,27.32484,27.69717,23.02867
1786937286,26.99741,78.09872,23,0,,,,27.22325,27.69717,23.02867
1786937287,27.04013,78.25437,23,0,,,,27.29098,27.90037,22.792
1786937288,27.08286,78.10941,23,0,,,,27.25711,27.73104,23.02867
1786937288,27.05348,78.21469,23,0,,,,27.15551,27.62944,22.9948
1786937289,26.98405,78.32304,23,0,,,,27.25711,27.73104,23.02867
1786937290,26.98405,78.18723,23,0,,,,27.32484,27.69717,23.02867
1786937290,27.02411,78.08499,23,0,,,,27.25711,27.8665,22.85974
1786937291,26.96803,78.3093,23,0,,,,27.32484,27.69717,22.82587
1786937292,27.02411,78.37492,23,0,,,,27.25711,27.69717,22.96113
1786937292,26.99741,78.29557,23,0,,,,27.29098,27.69717,22.9948
1786937293,26.92798,78.34135,23,0,,,,27.25711,27.66331,23.06253
1786937294,27.02411,78.57175,23,0,,,,27.22325,27.62944,22.96113
1786937294,26.98405,78.46647,23,0,,,,27.29098,27.79877,22.9948
1786937295,27.02411,78.47868,23,0,,,,27.25711,27.69717,23.06253
1786937295,27.08286,78.83574,23,0,,,,27.25711,27.56171,23.06253
1786937296,27.01076,78.72587,23,0,,,,27.32484,27.73104,22.92727
1786937297,27.13893,78.7457,23,0,,,,27.22325,27.7649,23.06253
1786937297,27.04013,78.7625,23,0,,,,27.15551,27.69717,23.13006
1786937298,27.05348,78.86015,23,0,,,,27.25711,27.69717,23.06253
1786937299,27.06684,78.9456,23,0,,,,27.25711,27.66331,22.92727
1786937299,26.95468,78.97002,23,0,,,,27.22325,27.66331,23.06253
1786937300,27.01076,79.01427,23,0,,,,27.25711,27.7649,22.92727
1786937301,26.92798,79.00511,23,0,,,,27.29098,27.73104,22.96113
1786937301,27.05348,79.03716,23,0,,,,27.25711,27.79877,22.92727
1786937302,26.92798,79.13939,23,0,,,,27.22325,27.73104,22.792
1786937303,26.96803,79.0753,23,0,,,,27.22325,27.79877,22.9948
1786937303,26.94133,79.10124,23,0,,,,27.08778,27.8665,23.06253
1786937304,26.92798,79.16075,23,0,,,,27.22325,27.73104,23.02867
1786937305,26.94133,79.20348,23,0,,,,27.32484,27.79877,23.06253
1786937305,26.92798,79.22179,23,0,,,,27.25711,27.79877,22.9948
1786937306,27.04013,79.36675,23,0,,,,27.18938,27.7649,22.96113
1786937307,26.8986,79.44152,23,0,,,,27.29098,27.79877,22.96113
1786937307,26.92798,79.29504,22,0,,,,27.29098,27.56171,22.9948
1786937308,26.91195,79.43542,23,0,,,,27.15551,27.8665,22.92727
1786937309,27.02411,79.40032,23,0,,,,27.25711,27.69717,23.06253
1786937309,26.94133,79.33013,22,0,,,,27.25711,27.59557,22.9948
1786937310,26.95468,79.51781,23,0,,,,27.25711,27.66331,22.92727
1786937311,27.04013,79.5819,23,0,,,,27.39258,27.7649,23.06253
1786937311,26.95468,79.59258,23,0,,,,27.18938,27.73104,23.06253
1786937312,26.98405,79.60937,23,0,,,,27.32484,27.79877,22.96113
1786937313,27.01076,79.65972,23,0,,,,27.29098,27.73104,22.92727
1786937313,27.06684,79.80774,23,0,,,,27.32484,27.73104,23.06253
1786937314,27.01076,79.76196,23,0,,,,27.12165,27.62944,23.02867
1786937315,27.05348,79.84436,23,0,,,,27.35871,27.62944,23.0962
1786937315,27.02411,79.84741,23,0,,,,27.35871,27.69717,22.9948
1786937316,27.02411,79.85809,23,0,,,,27.18938,27.66331,23.13006
1786937317,27.02411,79.89014,23,0,,,,27.18938,27.79877,23.0962
1786937317,27.02411,79.7757,22,0,,,,27.22325,27.62944,22.92727
1786937318,26.92798,79.81232,23,0,,,,27.25711,27.79877,22.8934
1786937319,26.99741,79.87183,23,0,,,,27.35871,27.83244,23.06253
1786937319,27.02411,79.85809,23,0,,,,27.22325,27.79877,23.02867
1786937320,26.99741,79.91302,23,0,,,,27.22325,27.7649,22.96113
1786937321,26.99741,79.82147,23,0,,,,27.25711,27.7649,23.13006
1786937321,26.99741,79.95728,23,0,,,,27.25711,27.66331,23.02867
1786937322,26.92798,79.82147,23,0,,,,27.32484,27.66331,23.06253
1786937323,26.99741,79.82147,23,0,,,,27.29098,27.73104,22.92727
1786937323,26.94133,79.76501,23,0,,,,27.25711,27.7649,22.8934
1786937324,27.02411,79.74364,23,0,,,,27.25711,27.90037,22.8934
1786937325,26.96803,79.69787,23,0,,,,27.25711,27.62944,22.9948
1786937325,27.01076,79.76196,23,0,,,,27.29098,27.62944,22.96113
1786937326,27.04013,79.69634,23,0,,,,27.29098,27.79877,22.9948
1786937327,26.98405,79.72381,23,0,,,,27.25711,27.73104,22.92727
1786937327,26.95468,79.73754,23,0,,,,27.25711,27.7649,22.9948
1786937328,26.92798,79.67803,23,0,,,,27.22325,27.90037,23.02867
1786937329,27.01076,79.61547,23,0,,,,27.29098,27.7649,23.0962
1786937329,27.05348,79.61852,23,0,,,,27.18938,27.62944,22.92727
1786937330,26.91195,79.46746,23,0,,,,27.39258,27.73104,22.96113
1786937331,26.96803,79.64751,23,0,,,,27.32484,27.8665,22.9948
1786937331,26.99741,79.56054,23,0,,,,27.25711,27.90037,22.8934
1786937332,26.96803,79.43999,23,0,,,,27.29098,27.7649,23.06253
1786937333,27.05348,79.57427,23,0,,,,27.18938,27.69717,23.02867
1786937333,27.02411,79.48577,23,0,,,,27.29098,27.73104,22.96113
1786937334,27.05348,79.41863,23,0,,,,27.29098,27.69717,23.02867
1786937334,26.99741,79.38506,23,0,,,,27.12165,27.8665,22.85974
1786937335,26.95468,79.30267,23,0,,,,27.32484,27.66331,22.85974
1786937336,26.98405,79.19432,23,0,,,,27.32484,27.69717,23.13006
1786937336,26.99741,79.21721,23,0,,,,27.25711,27.66331,22.96113
1786937337,27.08286,79.14702,23,0,,,,27.42644,27.69717,23.02867
1786937338,27.02411,79.0692,23,0,,,,27.25711,27.52784,22.96113
1786937338,27.04013,79.06462,23,0,,,,27.25711,27.69717,23.06253
1786937339,26.95468,78.77165,23,0,,,,27.22325,27.62944,23.06253
1786937340,26.92798,78.88152,23,0,,,,27.29098,27.69717,23.06253
1786937340,27.06684,78.87389,23,0,,,,27.18938,27.7649,23.02867
1786937341,26.99741,78.78233,23,0,,,,27.29098,27.79877,22.8934
1786937342,26.8986,78.67551,23,0,,,,27.32484,27.7649,22.9948
1786937342,27.04013,78.75334,23,0,,,,27.18938,27.73104,23.06253
1786937343,27.01076,78.51682,23,0,,,,27.25711,27.62944,23.0962
1786937344,26.92798,78.4329,23,0,,,,27.32484,27.69717,23.02867
1786937344,27.04013,78.48325,23,0,,,,27.25711,27.73104,22.9948
1786937345,26.88525,78.2559,23,0,,,,27.29098,27.83244,22.92727
1786937346,26.99741,78.20096,23,0,,,,27.22325,27.69717,23.02867
1786937346,26.94133,78.25132,23,0,,,,27.22325,27.79877,23.02867
1786937347,26.91195,78.14908,23,0,,,,27.25711,27.79877,22.82587
1786937348,26.92798,78.08194,23,0,,,,27.32484,27.83244,22.92727
1786937348,26.92798,78.03922,23,0,,,,27.29098,27.66331,22.9948
1786937349,26.94133,78.03159,23,0,,,,27.32484,27.73104,23.06253
1786937350,27.02411,78.0209,23,0,,,,27.29098,27.59557,22.9948
1786937350,26.91195,77.9614,23,0,,,,27.32484,27.66331,22.9948
1786937351,26.88525,77.94461,23,0,,,,27.25711,27.69717,22.92727
1786937352,26.99741,77.82864,23,0,,,,27.18938,27.69717,23.02867
1786937352,26.96803,77.81033,23,0,,,,27.25711,27.9681,23.02867
1786937353,27.01076,77.82101,23,0,,,,27.29098,27.73104,22.92727
1786937354,26.92798,77.81033,23,0,,,,27.25711,27.73104,22.9948
1786937354,26.99741,77.64248,23,0,,,,27.18938,27.7649,23.0962
1786937355,26.99741,77.74624,23,0,,,,27.29098,27.83244,23.13006
1786937356,27.01076,77.68673,23,0,,,,27.29098,27.69717,23.06253
1786937356,27.01076,77.60433,23,0,,,,27.25711,27.8665,22.96113
1786937357,27.05348,77.63638,23,0,,,,27.32484,27.79877,23.02867
1786937358,26.98405,77.66842,23,0,,,,27.22325,27.66331,22.96113
1786937358,26.98405,77.57687,23,0,,,,27.22325,27.79877,22.9948
1786937359,27.06684,77.53262,23,0,,,,27.29098,27.69717,23.1978
1786937360,26.92798,77.64553,23,0,,,,27.25711,27.66331,22.92727
1786937360,27.01076,77.62417,23,0,,,,27.32484,27.83244,22.85974
1786937361,26.99741,77.467,23,0,,,,27.35871,27.69717,22.96113
1786937362,26.99741,77.50515,23,0,,,,27.29098,27.90037,23.02867
1786937362,26.98405,77.51278,23,0,,,,27.25711,27.83244,22.96113
1786937363,26.99741,77.4548,23,0,,,,27.22325,27.62944,23.02867
1786937364,26.98405,77.39986,23,0,,,,27.29098,27.79877,23.13006
1786937364,27.02411,77.48226,23,0,,,,27.29098,27.8665,23.0962
1786937365,26.98405,77.51278,23,0,,,,27.25711,27.66331,22.8934
1786937366,26.98405,77.47311,23,0,,,,27.15551,27.73104,22.9948
1786937366,26.99741,77.37087,23,0,,,,27.25711,27.7649,23.02867
1786937367,26.95468,77.50515,23,0,,,,27.29098,27.59557,22.92727
1786937368,26.98405,77.51278,23,0,,,,27.29098,27.7649,22.8934
1786937368,26.99741,77.36172,23,0,,,,27.25711,27.69717,23.02867
1786937369,27.02411,77.44106,23,0,,,,27.25711,27.69717,22.9948
1786937370,27.08286,77.37087,23,0,,,,27.25711,27.7649,22.9948
1786937370,27.01076,77.39529,23,0,,,,27.18938,27.83244,23.02867
1786937371,26.99741,77.44411,23,0,,,,27.32484,27.8665,22.92727
1786937372,27.08286,77.40292,23,0,,,,27.25711,27.69717,22.85974
1786937372,26.95468,77.39071,23,0,,,,27.35871,27.79877,22.96113
1786937373,26.92798,77.36324,23,0,,,,27.22325,27.73104,22.85974
1786937373,27.01076,77.42733,23,0,,,,27.22325,27.7649,23.02867
1786937374,26.96803,77.40444,23,0,,,,27.32484,27.62944,23.02867
1786937375,27.01076,77.31289,23,0,,,,27.22325,27.73104,23.0962
1786937375,27.01076,77.24879,23,0,,,,27.22325,27.83244,22.96113
1786937376,27.04013,77.39071,23,0,,,,27.25711,27.73104,23.0962
1786937377,27.05348,77.38461,23,0,,,,27.29098,27.69717,23.02867
1786937377,26.96803,77.34341,23,0,,,,27.29098,27.7649,22.96113
1786937378,27.06684,77.34798,23,0,,,,27.29098,27.83244,23.02867
1786937379,26.98405,77.32662,23,0,,,,27.25711,27.7649,22.92727
1786937379,27.02411,77.38918,23,0,,,,27.25711,27.79877,23.06253
1786937380,26.99741,77.34951,23,0,,,,27.25711,27.7649,23.06253
1786937381,27.01076,77.24879,23,0,,,,27.25711,27.90037,23.06253
1786937381,26.91195,77.28848,23,0,,,,27.22325,27.8665,23.16393
1786937382,27.05348,77.27169,23,0,,,,27.15551,27.93403,23.02867
1786937383,27.02411,77.06569,23,0,,,,27.22325,27.79877,22.8934
1786937383,27.01076,77.3251,23,0,,,,27.35871,27.66331,22.792
1786937384,26.99741,77.18471,23,0,,,,27.29098,27.7649,23.06253
1786937385,27.02411,77.27474,23,0,,,,27.32484,27.79877,22.9948
1786937385,26.99741,77.28848,23,0,,,,27.32484,27.7649,22.96113
1786937386,26.96803,77.084,23,0,,,,27.18938,27.69717,22.9948
1786937387,26.95468,77.17555,23,0,,,,27.25711,27.73104,22.96113
1786937387,27.08286,77.15266,23,0,,,,27.25711,27.79877,22.9948
1786937388,27.01076,77.11604,23,0,,,,27.42644,27.69717,22.9948
1786937389,27.04013,77.09163,23,0,,,,27.15551,27.73104,22.9948
1786937389,27.04013,77.20607,23,0,,,,27.29098,27.8665,22.9948
1786937390,26.94133,77.08858,23,0,,,,27.29098,27.66331,23.13006
1786937391,26.98405,77.20149,23,0,,,,27.29098,27.7649,23.02867
1786937391,26.95468,77.25796,22,0,,,,27.25711,27.69717,23.0962
1786937392,26.94133,77.02449,23,0,,,,27.29098,27.79877,22.92727
1786937393,27.02411,77.25338,23,0,,,,27.25711,27.90037,22.9948
1786937393,26.99741,77.17555,23,0,,,,27.22325,27.73104,23.0962
1786937394,26.98405,77.27474,23,0,,,,27.25711,27.73104,22.96113
1786937395,26.95468,77.18471,23,0,,,,27.32484,27.7649,22.96113
1786937395,26.99741,77.39071,23,0,,,,27.35871,27.73104,23.02867
1786937396,26.91195,77.14351,23,0,,,,27.25711,27.69717,22.8934
1786937397,27.04013,77.26711,23,0,,,,27.25711,27.66331,22.9948
1786937397,27.01076,77.22896,23,0,,,,27.25711,27.79877,22.9948
1786937398,27.05348,77.1786,23,0,,,,27.25711,27.73104,22.92727
1786937399,27.02411,77.16029,23,0,,,,27.18938,27.7649,23.06253
1786937399,27.02411,77.25338,23,0,,,,27.25711,27.83244,23.06253
1786937400,27.02411,77.27474,23,0,,,,27.32484,27.73104,23.0962
1786937401,26.98405,77.11909,23,0,,,,27.25711,27.73104,23.02867
1786937401,27.02411,77.17097,23,0,,,,27.25711,27.69717,23.06253
1786937402,27.01076,77.10536,23,0,,,,27.25711,27.69717,23.06253
1786937403,26.99741,77.14351,23,0,,,,27.29098,27.52784,23.13006
1786937403,26.94133,77.08858,23,0,,,,27.39258,27.59557,22.8934
1786937404,27.06684,76.95125,23,0,,,,27.32484,27.8665,22.9948
1786937405,26.99741,77.07942,23,0,,,,27.25711,27.69717,23.06253
1786937405,27.06684,76.96346,23,0,,,,27.32484,27.7649,22.82587
1786937406,27.02411,76.92226,23,0,,,,27.18938,27.62944,22.8934
1786937407,27.02411,77.0367,23,0,,,,27.29098,27.69717,23.06253
1786937407,27.01076,76.85817,23,0,,,,27.35871,28.00177,23.06253
1786937408,26.96803,76.92836,23,0,,,,27.22325,27.83244,23.02867
1786937409,27.01076,76.86732,23,0,,,,27.22325,27.7649,22.96113
1786937409,27.09621,76.85512,23,0,,,,27.35871,27.62944,22.9948
1786937410,27.08286,76.93599,23,0,,,,27.39258,27.73104,23.02867
1786937411,27.05348,76.86732,23,0,,,,27.29098,27.73104,22.92727
1786937411,27.04013,76.83223,23,0,,,,27.32484,27.79877,23.02867
1786937412,27.01076,76.80476,23,0,,,,27.22325,27.69717,22.9948
1786937412,26.99741,76.87343,23,0,,,,27.25711,27.73104,23.13006
1786937413,27.01076,76.83528,23,0,,,,27.18938,27.62944,22.92727
1786937414,26.99741,76.82155,23,0,,,,27.22325,27.79877,22.92727
1786937414,26.96803,76.84596,23,0,,,,27.25711,27.69717,22.96113
1786937415,27.01076,76.98177,23,0,,,,27.35871,27.66331,23.02867
1786937416,27.05348,76.9604,23,0,,,,27.29098,27.79877,22.96113
1786937416,26.95468,76.86427,23,0,,,,27.29098,27.79877,22.9948
1786937417,27.01076,76.89632,23,0,,,,27.22325,27.66331,22.92727
1786937418,26.99741,76.89479,23,0,,,,27.29098,27.69717,22.82587
1786937418,27.05348,76.92836,23,0,,,,27.35871,27.66331,23.06253
1786937419,27.05348,77.0428,23,0,,,,27.25711,27.73104,22.96113
1786937420,26.94133,77.08858,23,0,,,,27.32484,27.73104,23.0962
1786937420,27.02411,77.15114,23,0,,,,27.29098,27.73104,23.02867
1786937421,26.91195,77.12367,23,0,,,,27.29098,27.7649,23.02867
1786937422,27.01076,77.29305,23,0,,,,27.29098,27.7649,22.96113
1786937422,27.05348,77.53109,23,0,,,,27.15551,27.69717,23.06253
1786937423,27.01076,77.54025,23,0,,,,27.29098,27.73104,22.92727
1786937424,27.05348,77.75998,23,0,,,,27.25711,27.73104,23.06253
1786937424,26.98405,77.83475,23,0,,,,27.39258,27.69717,22.9948
1786937425,27.05348,77.99802,23,0,,,,27.29098,27.59557,22.82587
1786937426,27.06684,78.19943,23,0,,,,27.22325,27.52784,23.06253
1786937426,27.10956,78.33372,23,0,,,,27.22325,27.66331,22.9948
1786937427,27.05348,78.43443,23,0,,,,27.32484,27.90037,22.9948
1786937428,27.06684,78.5626,23,0,,,,27.15551,27.8665,23.02867
1786937428,26.98405,78.7686,23,0,,,,27.32484,27.66331,22.92727
1786937429,26.96803,78.71366,23,0,,,,27.15551,27.59557,23.16393
1786937430,27.01076,78.84947,23,0,,,,27.25711,27.73104,23.06253
1786937430,27.02411,78.99748,23,0,,,,27.25711,27.8665,22.96113
1786937431,27.05348,79.10735,23,0,,,,27.29098,27.73104,22.85974
1786937432,27.01076,79.12871,23,0,,,,27.22325,27.69717,23.02867
1786937432,26.94133,79.16228,23,0,,,,27.29098,27.83244,22.96113
1786937433,27.01076,79.28436,23,0,,,,27.18938,27.73104,22.96113
1786937434,27.02411,79.37133,23,0,,,,27.22325,27.73104,23.02867
1786937434,26.94133,79.39117,23,0,,,,27.22325,27.7649,23.06253
1786937435,27.08286,79.51019,23,0,,,,27.25711,27.83244,23.0962
1786937436,27.01076,79.45068,23,0,,,,27.25711,27.79877,23.02867
1786937436,27.04013,79.5407,23,0,,,,27.29098,27.7649,22.92727
1786937437,26.92798,79.50103,23,0,,,,27.18938,27.69717,22.8934
1786937438,27.01076,79.55444,23,0,,,,27.29098,27.66331,22.9948
1786937438,27.02411,79.66125,23,0,,,,27.29098,27.62944,22.92727
1786937439,27.04013,79.65514,23,0,,,,27.25711,27.7649,22.96113
1786937440,26.95468,79.64294,23,0,,,,27.32484,27.69717,22.9948
1786937440,26.98405,79.63226,23,0,,,,27.18938,27.73104,22.92727
1786937441,27.08286,79.66582,23,0,,,,27.32484,27.66331,22.96113
1786937442,27.08286,79.67803,23,0,,,,27.29098,27.7649,22.96113
1786937442,26.98405,79.56817,23,0,,,,27.22325,27.69717,23.06253
1786937443,27.01076,79.82452,23,0,,,,27.29098,27.79877,23.0962
1786937444,26.98405,79.65209,23,0,,,,27.25711,27.69717,22.85974
1786937444,27.02411,79.56817,23,0,,,,27.25711,27.8665,23.02867
1786937445,26.96803,79.50103,23,0,,,,27.29098,27.73104,22.8934
1786937446,26.92798,79.50103,23,0,,,,27.32484,27.73104,22.92727
1786937446,27.04013,79.39574,23,0,,,,27.25711,27.79877,22.96113
1786937447,27.04013,79.35455,23,0,,,,27.29098,27.7649,23.06253
1786937448,27.01076,79.2752,23,0,,,,27.25711,27.69717,22.92727
1786937448,26.88525,79.08751,23,0,,,,27.29098,27.69717,22.9948
1786937449,26.98405,79.06004,23,0,,,,27.22325,27.83244,22.9948
1786937450,26.99741,79.04326,23,0,,,,27.25711,27.62944,22.792
1786937450,27.02411,79.22484,23,0,,,,27.15551,27.69717,23.02867
1786937451,26.99741,79.01122,23,0,,,,27.25711,27.52784,22.92727
1786937452,27.04013,79.00206,23,0,,,,27.29098,27.83244,23.0962
1786937452,26.98405,78.9044,23,0,,,,27.32484,27.59557,23.26533
1786937453,26.96803,78.86931,23,0,,,,27.18938,27.7649,22.96113
1786937453,26.96803,78.80522,22,0,,,,27.22325,27.7649,22.96113
1786937454,26.98405,78.67551,23,0,,,,27.22325,27.59557,22.8934
1786937455,26.99741,78.63584,23,0,,,,27.15551,27.62944,23.02867
1786937455,26.99741,78.73197,23,0,,,,27.32484,27.69717,22.92727
1786937456,26.92798,78.49699,23,0,,,,27.25711,27.7649,23.06253
1786937457,27.02411,78.53971,23,0,,,,27.22325,27.79877,23.0962
1786937457,27.04013,78.46037,23,0,,,,27.29098,27.7649,23.0962
1786937458,27.10956,78.38407,23,0,,,,27.22325,27.69717,23.02867
1786937459,27.01076,78.3917,23,0,,,,27.25711,27.73104,22.9948
1786937459,27.01076,78.23605,23,0,,,,27.15551,27.66331,22.92727
1786937460,27.02411,78.17654,23,0,,,,27.35871,27.73104,22.9948
1786937461,26.95468,78.1918,23,0,,,,27.18938,27.7649,22.9948
1786937461,27.01076,77.92477,23,0,,,,27.25711,27.90037,22.96113
1786937462,26.96803,77.96597,23,0,,,,27.22325,27.73104,22.96113
1786937463,26.99741,77.84848,23,0,,,,27.25711,27.56171,22.8934
1786937463,26.95468,77.80728,23,0,,,,27.15551,27.69717,22.96113
1786937464,27.04013,77.7142,23,0,,,,27.25711,27.7649,23.02867
1786937465,27.02411,77.70962,23,0,,,,27.29098,27.69717,22.9948
1786937465,26.96803,77.60433,23,0,,,,27.18938,27.8665,23.02867
1786937466,27.08286,77.56924,23,0,,,,27.25711,27.69717,23.02867
1786937467,27.06684,77.49447,23,0,,,,27.42644,27.66331,23.02867
1786937467,27.01076,77.2076,23,0,,,,27.32484,27.73104,22.9948
1786937468,27.01076,77.3251,23,0,,,,27.15551,27.73104,23.13006
1786937469,26.95468,77.24727,23,0,,,,27.15551,27.73104,23.06253
1786937469,26.98405,77.29458,22,0,,,,27.25711,27.66331,23.0962
1786937470,27.08286,77.14351,23,0,,,,27.35871,27.62944,22.8934
1786937471,26.96803,77.06416,23,0,,,,27.25711,27.79877,23.13006
1786937471,26.94133,77.06569,23,0,,,,27.15551,27.73104,22.96113
1786937472,27.02411,76.93141,23,0,,,,27.25711,27.59557,22.96113
1786937473,26.99741,76.97719,23,0,,,,27.25711,27.66331,23.0962
1786937473,26.94133,76.85054,23,0,,,,27.32484,27.69717,23.02867
1786937474,26.95468,76.78035,23,0,,,,27.25711,27.66331,22.8934
1786937475,26.94133,76.75441,23,0,,,,27.35871,27.83244,23.16393
1786937475,26.99741,76.85359,23,0,,,,27.22325,27.8665,22.92727
1786937476,27.08286,76.6125,23,0,,,,27.32484,27.83244,23.02867
1786937477,27.06684,76.68421,23,0,,,,27.35871,27.83244,22.92727
1786937477,27.04013,76.6125,23,0,,,,27.15551,27.69717,23.06253
1786937478,26.99741,76.55299,23,0,,,,27.32484,27.7649,23.02867
1786937479,27.01076,76.50263,23,0,,,,27.25711,27.79877,22.92727
1786937479,26.98405,76.56977,23,0,,,,27.22325,27.83244,22.9948
1786937480,26.98405,76.45533,23,0,,,,27.12165,27.7649,22.96113
1786937481,27.05348,76.50263,23,0,,,,27.29098,27.7649,22.96113
1786937481,26.96803,76.41108,23,0,,,,27.35871,27.62944,23.02867
1786937482,27.01076,76.45075,23,0,,,,27.18938,27.73104,23.06253
1786937483,26.99741,76.41871,23,0,,,,27.35871,27.66331,23.06253
1786937483,27.02411,76.31953,23,0,,,,27.15551,27.90037,22.92727
1786937484,26.99741,76.39735,23,0,,,,27.22325,27.79877,22.8934
1786937485,26.95468,76.17761,23,0,,,,27.32484,27.83244,22.9948
1786937485,26.95468,76.26002,23,0,,,,27.32484,27.62944,23.0962
1786937486,26.98405,76.27833,23,0,,,,27.22325,27.73104,23.13006
1786937487,26.8986,76.15472,22,0,,,,27.22325,27.69717,23.0962
1786937487,26.99741,76.39735,23,0,,,,27.39258,27.8665,23.0962
1786937488,26.98405,76.18524,23,0,,,,27.22325,27.7649,23.02867
1786937489,27.01076,76.31495,23,0,,,,27.22325,27.69717,22.96113
1786937489,27.04013,76.2417,23,0,,,,27.25711,27.79877,23.02867
1786937490,27.06684,76.30885,23,0,,,,27.29098,27.7649,22.9948
1786937491,26.98405,76.44312,23,0,,,,27.22325,27.7649,22.96113
1786937491,27.02411,76.37293,23,0,,,,27.25711,27.69717,23.0962
1786937492,26.96803,76.36835,23,0,,,,27.22325,27.59557,23.13006
1786937492,27.02411,76.46449,23,0,,,,27.32484,27.83244,23.06253
1786937493,27.05348,76.36835,23,0,,,,27.25711,27.66331,23.02867
1786937494,26.95468,76.3241,23,0,,,,27.32484,27.69717,22.96113
1786937494,27.02411,76.43244,23,0,,,,27.29098,27.69717,23.0962
1786937495,27.02411,76.49653,23,0,,,,27.25711,27.73104,22.9948
1786937496,27.02411,76.55756,23,0,,,,27.18938,27.73104,23.0962
1786937496,26.95468,76.41566,23,0,,,,27.29098,27.66331,23.06253
1786937497,27.05348,76.60639,23,0,,,,27.25711,27.69717,22.96113
1786937498,26.96803,76.65827,23,0,,,,27.29098,27.90037,22.9948
1786937498,27.01076,76.62623,23,0,,,,27.25711,27.79877,23.06253
1786937499,27.02411,76.77577,23,0,,,,27.25711,27.73104,22.8934
1786937500,26.99741,76.82155,23,0,,,,27.25711,27.79877,23.02867
1786937500,27.02411,76.82765,23,0,,,,27.18938,27.79877,23.02867
1786937501,26.96803,76.94972,23,0,,,,27.25711,27.62944,22.92727
1786937502,27.02411,76.92226,23,0,,,,27.25711,27.7649,22.9948
1786937502,27.06684,77.00465,23,0,,,,27.25711,27.7649,23.13006
1786937503,26.94133,76.9955,23,0,,,,27.35871,27.69717,22.96113
1786937504,27.02411,77.13893,23,0,,,,27.22325,27.69717,22.9948
1786937504,27.01076,77.10536,23,0,,,,27.25711,27.73104,22.96113
1786937505,26.96803,77.19844,23,0,,,,27.25711,27.69717,22.96113
1786937506,27.04013,77.13283,23,0,,,,27.25711,27.7649,23.06253
1786937506,27.02411,77.26254,23,0,,,,27.18938,27.69717,22.96113
1786937507,27.04013,77.24727,23,0,,,,27.32484,27.69717,23.0962
1786937508,26.95468,77.40292,23,0,,,,27.29098,27.8665,22.9948
1786937508,27.02411,77.37698,23,0,,,,27.25711,27.83244,23.06253
1786937509,27.06684,77.38918,23,0,,,,27.32484,27.69717,22.9948
1786937510,27.10956,77.46243,23,0,,,,27.25711,27.69717,22.85974
1786937510,26.95468,77.40292,23,0,,,,27.29098,27.8665,23.0962
1786937511,27.08286,77.62264,23,0,,,,27.25711,27.8665,22.96113
1786937512,27.02411,77.61806,23,0,,,,27.22325,27.79877,23.06253
1786937512,27.01076,77.71572,23,0,,,,27.29098,27.73104,22.9948
1786937513,27.02411,77.81491,23,0,,,,27.22325,27.69717,23.02867
1786937514,26.99741,77.84848,23,0,,,,27.29098,27.79877,23.02867
1786937514,26.99741,77.72488,23,0,,,,27.25711,27.7649,23.0962
1786937515,27.08286,77.92172,23,0,,,,27.25711,27.62944,23.13006
1786937516,27.02411,77.87595,23,0,,,,27.32484,27.83244,22.92727
1786937516,27.01076,77.76913,23,0,,,,27.25711,27.7649,23.06253
1786937517,26.95468,77.98428,23,0,,,,27.29098,27.83244,22.85974
1786937518,27.01076,77.92477,23,0,,,,27.29098,27.7649,22.92727
1786937518,27.04013,78.02548,23,0,,,,27.25711,27.79877,22.92727
1786937519,27.08286,78.15976,23,0,,,,27.25711,27.79877,22.96113
1786937520,27.02411,78.27268,23,0,,,,27.25711,27.8665,23.13006
1786937520,27.01076,78.37034,23,0,,,,27.35871,27.79877,22.92727
1786937521,26.98405,78.58091,23,0,,,,27.25711,27.79877,23.02867
1786937522,27.08286,78.73197,23,0,,,,27.22325,27.73104,23.02867
1786937522,27.01076,78.88152,23,0,,,,27.29098,27.69717,22.85974
1786937523,26.99741,79.11497,23,0,,,,27.22325,27.69717,23.02867
1786937524,27.05348,79.3164,23,0,,,,27.25711,27.83244,22.92727
1786937524,27.08286,79.4049,23,0,,,,27.22325,27.62944,23.1978
1786937525,27.06684,79.67345,23,0,,,,27.29098,27.69717,22.8934
1786937526,26.95468,79.74822,23,0,,,,27.25711,27.7649,22.96113
1786937526,27.04013,79.88403,23,0,,,,27.22325,27.8665,22.8934
1786937527,27.01076,79.93896,23,0,,,,27.25711,27.59557,22.92727
1786937528,27.06684,80.12817,23,0,,,,27.22325,27.66331,22.96113
1786937528,27.01076,80.38453,23,0,,,,27.29098,27.66331,22.9948
1786937529,26.94133,80.31434,23,0,,,,27.29098,27.62944,23.02867
1786937530,27.04013,80.35096,23,0,,,,27.18938,27.66331,22.96113
1786937530,26.98405,80.25483,23,0,,,,27.18938,27.69717,23.02867
1786937531,26.96803,80.22888,23,0,,,,27.29098,27.66331,22.9948
1786937531,27.08286,80.09155,23,0,,,,27.22325,27.69717,23.02867
1786937532,27.06684,79.99542,23,0,,,,27.32484,27.79877,23.02867
1786937533,27.01076,79.84436,23,0,,,,27.32484,27.73104,22.85974
1786937533,27.10956,79.68414,23,0,,,,27.25711,27.7649,22.85974
1786937534,27.05348,79.51324,23,0,,,,27.22325,27.66331,23.02867
1786937535,27.04013,79.36675,23,0,,,,27.22325,27.73104,23.06253
1786937535,26.94133,79.30877,23,0,,,,27.22325,27.83244,22.9948
1786937536,26.99741,79.03258,23,0,,,,27.25711,27.79877,22.9948
1786937537,27.04013,78.85558,23,0,,,,27.25711,27.66331,22.85974
1786937537,26.92798,78.76402,23,0,,,,27.29098,27.73104,23.06253
1786937538,26.99741,78.56565,23,0,,,,27.18938,27.79877,22.9948
1786937539,27.02411,78.36423,23,0,,,,27.22325,27.69717,23.0962
1786937539,26.95468,78.34745,23,0,,,,27.25711,27.59557,22.9948
1786937540,26.94133,78.19943,23,0,,,,27.29098,27.79877,23.0962
1786937541,26.98405,77.97055,23,0,,,,27.29098,27.69717,22.82587
1786937541,26.99741,78.02548,23,0,,,,27.18938,27.83244,23.02867
1786937542,26.96803,77.80118,23,0,,,,27.35871,27.7649,23.02867
1786937543,26.95468,77.76608,23,0,,,,27.25711,27.7649,23.06253
1786937543,26.98405,77.65926,23,0,,,,27.25711,27.59557,22.96113
1786937544,27.01076,77.59212,23,0,,,,27.29098,27.7649,22.85974
1786937545,26.98405,77.60891,23,0,,,,27.25711,27.79877,23.02867
1786937545,26.96803,77.43649,23,0,,,,27.18938,27.69717,23.0962
1786937546,26.96803,77.50973,23,0,,,,27.29098,27.83244,22.92727
1786937547,27.05348,77.54025,23,0,,,,27.18938,27.90037,23.02867
1786937547,26.98405,77.38918,23,0,,,,27.18938,27.73104,22.96113
1786937548,26.94133,77.48226,23,0,,,,27.25711,27.83244,22.9948
1786937549,26.92798,77.48074,23,0,,,,27.25711,27.79877,22.96113
1786937549,27.02411,77.61806,23,0,,,,27.22325,27.69717,22.96113
1786937550,27.13893,77.63638,23,0,,,,27.18938,27.73104,23.02867
1786937551,26.98405,77.57687,23,0,,,,27.39258,27.7649,23.06253
1786937551,27.04013,77.62264,23,0,,,,27.25711,27.69717,22.9948
1786937552,26.91195,77.54635,23,0,,,,27.32484,27.69717,22.9948
1786937553,26.98405,77.74166,23,0,,,,27.22325,27.8665,23.02867
1786937553,26.98405,77.76456,23,0,,,,27.25711,27.79877,22.96113
1786937554,26.95468,77.80728,23,0,,,,27.29098,27.7649,23.02867
1786937555,27.04013,77.92172,23,0,,,,27.18938,27.62944,23.13006
1786937555,26.95468,78.02548,23,0,,,,27.29098,27.79877,22.9948
1786937556,26.98405,77.99039,23,0,,,,27.29098,27.69717,23.06253
1786937557,27.05348,78.19485,23,0,,,,27.29098,27.83244,23.06253
1786937557,26.98405,78.37492,23,0,,,,27.25711,27.66331,22.8934
1786937558,27.08286,78.24521,23,0,,,,27.29098,27.7649,23.13006
1786937559,26.95468,78.38865,23,0,,,,27.18938,27.73104,22.92727
1786937559,27.04013,78.47105,23,0,,,,27.35871,27.66331,22.92727
1786937560,26.95468,78.60685,23,0,,,,27.29098,27.7649,22.9948
1786937561,26.99741,78.66788,23,0,,,,27.29098,27.83244,23.02867
1786937561,26.99741,78.75028,23,0,,,,27.25711,27.69717,22.96113
1786937562,26.98405,78.92424,23,0,,,,27.29098,27.69717,22.92727
1786937563,27.04013,78.95934,23,0,,,,27.25711,27.83244,23.02867
1786937563,26.99741,78.86778,23,0,,,,27.29098,27.73104,22.96113
1786937564,26.98405,79.08904,23,0,,,,27.12165,27.62944,23.02867
1786937565,27.01076,79.05699,23,0,,,,27.25711,27.79877,23.02867
1786937565,27.08286,79.02342,23,0,,,,27.29098,27.73104,22.82587
1786937566,26.99741,79.14702,23,0,,,,27.35871,27.73104,22.96113
1786937567,26.98405,79.11192,23,0,,,,27.32484,27.66331,23.02867
1786937567,26.95468,79.18822,23,0,,,,27.18938,27.79877,23.13006
1786937568,27.02411,79.17448,23,0,,,,27.22325,27.7649,23.16393
1786937569,27.02411,79.13329,23,0,,,,27.25711,27.66331,23.02867
1786937569,27.02411,79.27673,23,0,,,,27.25711,27.7649,23.02867
1786937570,26.95468,79.15617,23,0,,,,27.25711,27.7649,22.96113
1786937571,26.96803,79.25231,23,0,,,,27.22325,27.79877,22.9948
1786937571,27.08286,79.2813,23,0,,,,27.29098,27.83244,23.02867
1786937572,26.96803,79.30419,23,0,,,,27.29098,27.7649,22.9948
1786937572,27.02411,79.24467,23,0,,,,27.25711,27.79877,23.06253
1786937573,26.96803,79.19279,23,0,,,,27.18938,27.7649,23.13006
1786937574,26.94133,79.18517,23,0,,,,27.18938,27.73104,23.06253
1786937574,26.99741,79.2813,23,0,,,,27.22325,27.66331,23.02867
1786937575,26.96803,79.26299,23,0,,,,27.22325,27.69717,22.96113
1786937576,27.01076,79.3576,23,0,,,,27.25711,27.69717,22.85974
1786937576,26.99741,79.15617,23,0,,,,27.25711,27.73104,23.0962
1786937577,27.08286,79.2813,23,0,,,,27.32484,27.73104,23.0962
1786937578,26.99741,79.23857,23,0,,,,27.29098,27.73104,23.06253
1786937578,26.94133,79.16228,23,0,,,,27.29098,27.73104,23.0962
1786937579,27.02411,79.20653,23,0,,,,27.25711,27.69717,23.06253
1786937580,26.95468,79.22942,23,0,,,,27.32484,27.62944,23.06253
1786937580,27.09621,79.16075,23,0,,,,27.29098,27.73104,22.92727
1786937581,27.06684,79.30877,23,0,,,,27.25711,27.7649,22.8934
1786937582,27.01076,79.13939,23,0,,,,27.25711,27.83244,22.9948
1786937582,27.01076,78.97307,23,0,,,,27.29098,27.79877,22.96113
1786937583,27.02411,79.06004,23,0,,,,27.18938,27.69717,23.02867
1786937584,27.04013,79.03258,23,0,,,,27.25711,27.73104,22.96113
1786937584,27.01076,79.0753,23,0,,,,27.32484,27.83244,23.13006
1786937585,26.96803,78.96086,23,0,,,,27.15551,27.7649,23.1978
1786937586,26.95468,78.90593,23,0,,,,27.39258,27.8665,23.06253
1786937586,26.98405,78.97765,23,0,,,,27.32484,27.7649,22.96113
1786937587,26.99741,78.97002,23,0,,,,27.22325,27.73104,22.85974
1786937588,27.02411,79.03868,23,0,,,,27.29098,27.79877,22.92727
1786937588,27.08286,79.11497,23,0,,,,27.25711,27.62944,22.9948
1786937589,27.05348,79.14854,23,0,,,,27.22325,27.79877,22.92727
1786937590,26.8986,79.25689,23,0,,,,27.25711,27.79877,22.92727
1786937590,27.08286,79.2813,23,0,,,,27.22325,27.73104,23.02867
1786937591,27.01076,79.37743,23,0,,,,27.15551,27.83244,22.9948
1786937592,26.98405,79.40032,23,0,,,,27.32484,27.73104,22.92727
1786937592,26.96803,79.59563,23,0,,,,27.32484,27.7649,22.96113
1786937593,27.02411,79.69176,23,0,,,,27.25711,27.73104,22.8934
1786937594,26.99741,79.49035,23,0,,,,27.32484,27.69717,23.13006
1786937594,26.98405,79.52697,23,0,,,,27.29098,27.69717,23.06253
1786937595,26.96803,79.63683,23,0,,,,27.15551,27.59557,22.96113
1786937596,27.05348,79.58648,23,0,,,,27.22325,27.8665,22.8934
1786937596,26.94133,79.51476,23,0,,,,27.29098,27.79877,23.02867
1786937597,26.95468,79.74822,23,0,,,,27.18938,27.79877,22.9948
1786937598,26.99741,79.6231,23,0,,,,27.35871,27.73104,23.02867
1786937598,26.94133,79.57732,23,0,,,,27.29098,27.79877,23.02867
1786937599,26.95468,79.6643,23,0,,,,27.22325,27.7649,22.96113
1786937600,26.99741,79.56054,23,0,,,,27.22325,27.8665,22.96113
1786937600,27.01076,79.66888,23,0,,,,27.25711,27.62944,22.96113
1786937601,26.98405,79.68261,23,0,,,,27.32484,27.79877,23.02867
1786937602,27.02411,79.57885,23,0,,,,27.22325,27.7649,23.06253
1786937602,27.01076,79.69787,23,0,,,,27.25711,27.7649,22.92727
1786937603,26.96803,79.71923,23,0,,,,27.22325,27.66331,22.9948
1786937604,27.04013,79.68414,23,0,,,,27.32484,27.73104,22.85974
1786937604,26.85588,79.86725,23,0,,,,27.22325,27.66331,22.96113
1786937605,27.04013,79.94507,23,0,,,,27.25711,27.69717,22.8934
1786937606,26.91195,79.86115,23,0,,,,27.22325,27.69717,22.96113
1786937606,26.8986,79.86725,23,0,,,,27.29098,27.7649,22.9948
1786937607,27.06684,79.97253,23,0,,,,27.25711,27.7649,22.9948
1786937608,27.05348,79.88556,23,0,,,,27.32484,27.79877,23.13006
1786937608,26.98405,79.7757,23,0,,,,27.29098,27.83244,22.8934
1786937609,26.86923,79.66125,23,0,,,,27.18938,27.7649,22.96113
1786937610,27.04013,79.5819,23,0,,,,27.22325,27.7649,22.96113
1786937610,26.95468,79.6231,23,0,,,,27.29098,27.73104,22.92727
1786937611,26.96803,79.3164,23,0,,,,27.39258,27.8665,22.85974
1786937611,26.96803,79.27215,23,0,,,,27.29098,27.73104,23.06253
1786937612,26.99741,79.11497,23,0,,,,27.22325,27.62944,23.02867
1786937613,26.96803,78.88152,23,0,,,,27.32484,27.79877,22.96113
1786937613,26.99741,78.84489,23,0,,,,27.35871,27.83244,22.92727
1786937614,26.92798,78.82811,23,0,,,,27.25711,27.66331,22.9948
1786937615,26.96803,78.66178,23,0,,,,27.22325,27.83244,23.06253
1786937615,26.92798,78.60838,23,0,,,,27.22325,27.69717,23.02867
1786937616,27.04013,78.48325,23,0,,,,27.18938,27.69717,22.9948
1786937617,26.94133,78.42527,23,0,,,,27.22325,27.73104,22.96113
1786937617,27.01076,78.28794,23,0,,,,27.18938,27.8665,22.9948
1786937618,26.99741,78.27421,23,0,,,,27.29098,27.7649,22.9948
1786937619,26.96803,78.16281,23,0,,,,27.25711,27.7649,23.06253
1786937619,27.02411,78.11703,23,0,,,,27.29098,27.56171,22.96113
1786937620,27.05348,78.1033,23,0,,,,27.32484,27.7649,22.9948
1786937621,27.02411,77.9614,23,0,,,,27.15551,27.7649,23.06253
1786937621,26.98405,77.83475,23,0,,,,27.22325,27.62944,22.9948
1786937622,26.99741,77.91104,23,0,,,,27.22325,27.73104,22.92727
1786937623,26.91195,77.91104,23,0,,,,27.25711,27.7649,23.06253
1786937623,26.8986,77.82407,23,0,,,,27.18938,27.79877,23.0962
1786937624,27.04013,77.88968,23,0,,,,27.22325,27.66331,22.9948
1786937625,27.01076,77.9675,23,0,,,,27.18938,27.73104,23.06253
1786937625,26.99741,77.88968,23,0,,,,27.25711,27.69717,22.96113
1786937626,27.04013,78.08957,23,0,,,,27.22325,27.7649,22.96113
1786937627,26.96803,78.27726,22,0,,,,27.22325,27.73104,22.9948
1786937627,27.04013,78.233,23,0,,,,27.15551,27.66331,23.06253
1786937628,27.01076,78.28794,23,0,,,,27.18938,27.73104,23.02867
1786937629,26.94133,78.51987,23,0,,,,27.22325,27.90037,23.02867
1786937629,26.98405,78.54276,23,0,,,,27.25711,27.7649,23.13006
1786937630,26.99741,78.63584,23,0,,,,27.18938,27.79877,22.92727
1786937631,26.98405,78.61295,23,0,,,,27.29098,27.83244,23.23146
1786937631,27.04013,78.62669,23,0,,,,27.32484,27.66331,22.9948
1786937632,27.05348,78.62974,23,0,,,,27.22325,27.7649,23.13006
1786937633,26.94133,78.70756,23,0,,,,27.18938,27.79877,22.9948
1786937633,26.95468,78.68009,23,0,,,,27.25711,27.62944,23.06253
1786937634,26.99741,78.84489,23,0,,,,27.22325,27.83244,23.0962
1786937635,26.99741,78.74113,23,0,,,,27.25711,27.69717,22.8934
1786937635,27.02411,78.70756,23,0,,,,27.29098,27.79877,22.92727
1786937636,27.04013,78.75334,23,0,,,,27.22325,27.83244,22.75814
1786937637,26.99741,79.06157,23,0,,,,27.32484,27.66331,22.8934
1786937637,27.05348,79.13939,23,0,,,,27.18938,27.66331,22.9948
1786937638,26.95468,79.04326,23,0,,,,27.29098,27.62944,22.85974
1786937639,26.96803,79.23094,23,0,,,,27.25711,27.66331,22.9948
1786937639,26.96803,79.21111,23,0,,,,27.25711,27.73104,23.06253
1786937640,26.98405,79.35912,23,0,,,,27.15551,27.73104,22.96113
1786937641,26.98405,79.40032,23,0,,,,27.22325,27.62944,23.02867
1786937641,26.96803,79.49187,23,0,,,,27.18938,27.7649,23.06253
1786937642,26.96803,79.41863,23,0,,,,27.29098,27.73104,22.9948
1786937643,27.04013,79.72839,23,0,,,,27.22325,27.79877,23.06253
1786937643,26.95468,79.77875,23,0,,,,27.32484,27.66331,22.96113
1786937644,26.96803,79.75128,23,0,,,,27.25711,27.7649,23.1978
1786937645,26.99741,79.74822,23,0,,,,27.12165,27.62944,23.02867
1786937645,27.02411,79.75586,23,0,,,,27.25711,27.79877,22.85974
1786937646,26.98405,79.75586,23,0,,,,27.22325,27.7649,22.9948
1786937647,26.99741,79.63378,23,0,,,,27.25711,27.7649,23.16393
1786937647,26.96803,79.68719,23,0,,,,27.32484,27.69717,23.13006
1786937648,27.04013,79.66582,23,0,,,,27.29098,27.69717,22.9948
1786937648,27.02411,79.51781,23,0,,,,27.35871,27.66331,22.9948
1786937649,26.8986,79.35912,23,0,,,,27.22325,27.79877,23.0962
1786937650,27.05348,79.43999,23,0,,,,27.29098,27.73104,23.1978
1786937650,26.92798,79.26299,23,0,,,,27.25711,27.83244,23.02867
1786937651,27.04013,79.1577,23,0,,,,27.18938,27.66331,23.13006
1786937652,26.8986,79.0692,23,0,,,,27.22325,27.69717,23.13006
1786937652,27.04013,79.01122,23,0,,,,27.15551,27.93403,23.06253
1786937653,26.99741,78.91814,23,0,,,,27.22325,27.66331,23.13006
1786937654,27.01076,78.91966,23,0,,,,27.29098,27.83244,23.0962
1786937654,27.01076,78.88152,23,0,,,,27.25711,27.59557,23.06253
1786937655,26.99741,78.78233,23,0,,,,27.18938,27.79877,23.0962
1786937656,26.98405,78.8098,23,0,,,,27.29098,27.69717,22.96113
1786937656,26.95468,78.72129,23,0,,,,27.29098,27.7649,22.8934
1786937657,27.02411,78.78996,22,0,,,,27.29098,27.79877,22.92727
1786937658,27.02411,78.7396,23,0,,,,27.32484,27.69717,22.96113
1786937658,27.04013,78.69993,23,0,,,,27.22325,27.69717,23.02867
1786937659,27.04013,78.78233,23,0,,,,27.32484,27.69717,22.92727
1786937660,27.08286,78.82353,23,0,,,,27.29098,27.62944,22.9948
1786937660,27.08286,78.8037,23,0,,,,27.25711,27.59557,22.92727
1786937661,26.92798,78.91966,23,0,,,,27.22325,27.69717,22.96113
1786937662,27.04013,78.93797,23,0,,,,27.29098,27.69717,22.96113
1786937662,27.01076,78.90135,23,0,,,,27.29098,27.8665,22.82587
1786937663,26.94133,78.82201,23,0,,,,27.22325,27.66331,22.92727
1786937664,26.96803,78.85863,23,0,,,,27.29098,27.83244,23.06253
1786937664,27.02411,78.9334,23,0,,,,27.32484,27.66331,22.82587
1786937665,26.96803,79.01427,23,0,,,,27.18938,27.79877,22.9948
1786937666,26.98405,78.87389,23,0,,,,27.29098,27.79877,22.92727
1786937666,27.01076,79.01427,23,0,,,,27.25711,27.62944,23.0962
1786937667,27.05348,78.86015,23,0,,,,27.29098,27.66331,22.92727
1786937668,26.95468,78.85558,23,0,,,,27.29098,27.66331,22.96113
1786937668,26.92798,78.93187,23,0,,,,27.25711,27.90037,22.96113
1786937669,26.96803,78.79607,23,0,,,,27.25711,27.83244,23.0962
1786937670,27.05348,78.83727,23,0,,,,27.39258,27.7649,23.06253
1786937670,26.94133,78.7686,23,0,,,,27.29098,27.62944,23.02867
1786937671,26.99741,78.86778,23,0,,,,27.25711,27.7649,22.9948
1786937672,26.8986,78.79912,23,0,,,,27.22325,27.73104,23.06253
1786937672,26.91195,78.93797,23,0,,,,27.18938,27.7649,22.96113
1786937673,27.04013,78.87694,23,0,,,,27.22325,27.79877,22.9948
1786937674,27.02411,79.13329,23,0,,,,27.22325,27.62944,23.02867
1786937674,26.96803,79.16075,23,0,,,,27.25711,27.73104,22.9948
1786937675,26.96803,79.37743,23,0,,,,27.25711,27.62944,22.96113
1786937676,27.01076,79.65972,23,0,,,,27.22325,27.73104,22.85974
1786937676,26.96803,79.69787,23,0,,,,27.22325,27.79877,22.9948
1786937677,26.96803,79.9588,23,0,,,,27.15551,27.66331,23.0962
1786937678,26.91195,80.20447,23,0,,,,27.32484,27.7649,23.13006
1786937678,27.05348,80.27009,23,0,,,,27.25711,27.83244,22.8934
1786937679,27.04013,80.4242,23,0,,,,27.32484,27.83244,23.06253
1786937680,26.98405,80.52186,23,0,,,,27.18938,27.69717,23.23146
1786937680,27.01076,80.52033,23,0,,,,27.25711,27.7649,23.0962
1786937681,26.96803,80.54017,23,0,,,,27.29098,27.79877,22.96113
1786937682,26.99741,80.59815,23,0,,,,27.18938,27.90037,22.85974
1786937682,26.95468,80.68055,23,0,,,,27.18938,27.66331,23.23146
1786937683,26.98405,80.77211,23,0,,,,27.29098,27.69717,22.96113
1786937684,26.96803,80.95522,23,0,,,,27.15551,27.66331,23.02867
1786937684,27.01076,81.0071,23,0,,,,27.25711,27.62944,22.9948
1786937685,27.09621,81.23903,23,0,,,,27.15551,27.8665,22.92727
1786937686,27.02411,81.31228,23,0,,,,27.25711,27.93403,22.96113
1786937686,27.05348,81.40078,23,0,,,,27.29098,27.8665,23.0962
1786937687,26.99741,81.56405,23,0,,,,27.18938,27.69717,22.9948
1786937687,26.92798,81.83566,23,0,,,,27.18938,27.66331,23.06253
1786937688,26.98405,81.767,23,0,,,,27.22325,27.73104,23.06253
1786937689,26.94133,82.0676,23,0,,,,27.15551,27.73104,23.02867
1786937690,27.13893,82.18356,23,0,,,,27.15551,27.69717,22.96113
1786937690,27.02411,82.27818,22,0,,,,27.22325,27.7649,23.02867
1786937691,26.98405,82.38956,23,0,,,,27.25711,27.62944,23.13006
1786937691,26.98405,82.60777,23,0,,,,27.22325,27.79877,22.9948
1786937692,27.01076,82.68711,23,0,,,,27.18938,27.69717,23.06253
1786937693,26.95468,82.71458,23,0,,,,27.25711,27.69717,22.96113
1786937693,26.99741,82.78783,23,0,,,,27.32484,27.83244,23.02867
1786937694,27.04013,82.99687,23,0,,,,27.32484,27.62944,22.8934
1786937695,27.01076,82.8748,23,0,,,,27.25711,27.79877,22.96113
1786937695,26.98405,82.97093,23,0,,,,27.25711,27.59557,23.02867
1786937696,27.01076,82.98772,23,0,,,,27.29098,27.8665,23.02867
1786937697,27.04013,82.91447,23,0,,,,27.32484,27.56171,22.92727
1786937697,26.95468,82.73594,23,0,,,,27.22325,27.73104,23.0962
1786937698,27.01076,82.63523,23,0,,,,27.22325,27.62944,23.02867
1786937699,26.95468,82.59098,23,0,,,,27.32484,27.73104,23.06253
1786937699,26.86923,82.43076,23,0,,,,27.22325,27.49417,22.8934
1786937700,26.98405,82.36973,23,0,,,,27.25711,27.66331,22.96113
1786937701,27.01076,82.24155,23,0,,,,27.32484,27.59557,22.9948
1786937701,26.92798,82.14694,23,0,,,,27.15551,27.73104,23.02867
1786937702,26.94133,82.05844,23,0,,,,27.32484,27.90037,22.9948
1786937703,26.95468,81.90433,23,0,,,,27.18938,27.79877,22.96113
1786937703,26.95468,81.87228,23,0,,,,27.15551,27.73104,23.13006
1786937704,27.02411,81.67544,23,0,,,,27.18938,27.66331,23.02867
1786937705,27.01076,81.59762,23,0,,,,27.25711,27.69717,22.92727
1786937705,26.92798,81.61898,23,0,,,,27.25711,27.83244,23.0962
1786937706,26.99741,81.34585,23,0,,,,27.25711,27.79877,22.9948
1786937707,26.99741,81.37637,23,0,,,,27.32484,27.7649,22.96113
1786937707,26.96803,81.24361,23,0,,,,27.22325,27.79877,23.0962
1786937708,26.95468,81.22072,23,0,,,,27.32484,27.79877,23.06253
1786937709,27.01076,81.16273,23,0,,,,27.29098,27.73104,22.96113
1786937709,26.84253,81.09712,23,0,,,,27.22325,27.79877,22.9948
1786937710,27.02411,81.03304,23,0,,,,27.25711,27.62944,22.9948
1786937711,26.92798,80.87282,23,0,,,,27.29098,27.59557,23.02867
1786937711,26.8986,80.82246,23,0,,,,27.25711,27.79877,23.02867
1786937712,27.01076,80.68513,23,0,,,,27.32484,27.66331,23.06253
1786937713,26.95468,80.80568,23,0,,,,27.22325,27.62944,22.96113
1786937713,26.86923,80.6897,23,0,,,,27.35871,27.83244,22.9948
1786937714,26.95468,80.53559,23,0,,,,27.18938,27.69717,22.9948
1786937715,26.94133,80.39826,23,0,,,,27.29098,27.73104,22.92727
1786937715,26.91195,80.45167,23,0,,,,27.22325,27.83244,22.92727
1786937716,26.94133,80.38758,23,0,,,,27.29098,27.7649,23.13006
1786937717,27.01076,80.29145,23,0,,,,27.35871,27.66331,22.8934
1786937717,26.99741,80.2884,23,0,,,,27.39258,27.59557,22.9948
1786937718,26.91195,80.31586,23,0,,,,27.29098,27.9681,22.8934
1786937719,26.95468,80.13123,23,0,,,,27.25711,27.83244,22.9948
1786937719,26.96803,80.00916,23,0,,,,27.22325,27.79877,23.16393
1786937720,26.92798,79.85352,23,0,,,,27.32484,27.8665,23.02867
1786937721,26.88525,79.81232,23,0,,,,27.32484,27.83244,22.96113
1786937721,27.02411,79.8291,23,0,,,,27.18938,27.83244,22.9948
1786937722,27.01076,79.71923,23,0,,,,27.22325,27.62944,22.9948
1786937723,26.96803,79.63683,23,0,,,,27.32484,27.59557,23.02867
1786937723,26.92798,79.43999,23,0,,,,27.29098,27.69717,22.9948
1786937724,26.91195,79.45831,23,0,,,,27.32484,27.73104,23.0962
1786937725,26.96803,79.35455,23,0,,,,27.29098,27.66331,23.02867
1786937725,27.01076,79.32708,23,0,,,,27.25711,27.69717,23.0962
1786937726,26.95468,79.42626,23,0,,,,27.32484,27.7649,22.96113
1786937726,27.01076,79.24315,23,0,,,,27.29098,27.73104,22.96113
1786937727,26.95468,79.23857,23,0,,,,27.29098,27.8665,23.0962
1786937728,26.8986,79.01884,23,0,,,,27.18938,27.83244,22.9948
1786937728,26.94133,79.08904,23,0,,,,27.29098,27.8665,22.96113
1786937729,26.85588,78.96544,23,0,,,,27.25711,27.73104,22.8934
1786937730,26.91195,78.95934,23,0,,,,27.18938,27.7649,23.0962
1786937730,26.86923,78.95934,23,0,,,,27.29098,27.66331,23.02867
1786937731,26.95468,78.94713,23,0,,,,27.22325,27.73104,22.85974
1786937732,26.92798,78.82811,23,0,,,,27.25711,27.62944,22.96113
1786937732,26.96803,78.81743,23,0,,,,27.22325,27.7649,23.06253
1786937733,26.88525,78.76402,23,0,,,,27.25711,27.7649,22.92727
1786937734,26.95468,78.85558,23,0,,,,27.32484,27.73104,23.0962
1786937734,26.96803,78.81743,23,0,,,,27.22325,27.79877,23.02867
1786937735,26.94133,78.6862,23,0,,,,27.32484,27.8665,22.8934
1786937736,26.96803,78.67246,23,0,,,,27.22325,27.49417,23.02867
1786937736,26.99741,78.616,23,0,,,,27.18938,27.9681,22.9948
1786937737,26.98405,78.55192,22,0,,,,27.25711,27.69717,23.13006
1786937738,26.98405,78.71824,23,0,,,,27.32484,27.7649,22.9948
1786937738,26.95468,78.68925,23,0,,,,27.15551,27.79877,23.0962
1786937739,26.92798,78.64042,23,0,,,,27.32484,27.62944,22.96113
1786937740,26.96803,78.54734,23,0,,,,27.22325,27.79877,22.92727
1786937740,26.99741,78.57633,22,0,,,,27.29098,27.79877,22.96113
1786937741,26.95468,78.57481,23,0,,,,27.12165,27.73104,23.02867
1786937742,26.91195,78.52445,23,0,,,,27.25711,27.66331,23.02867
1786937742,27.01076,78.58854,23,0,,,,27.29098,27.62944,22.92727
1786937743,26.98405,78.46647,23,0,,,,27.25711,27.73104,23.02867
1786937744,26.98405,78.58091,23,0,,,,27.15551,27.83244,22.96113
1786937744,26.94133,78.48936,23,0,,,,27.32484,27.7649,23.0962
1786937745,26.94133,78.53971,23,0,,,,27.18938,27.66331,22.92727
1786937746,26.99741,78.52445,23,0,,,,27.25711,27.59557,23.13006
1786937746,26.96803,78.41154,23,0,,,,27.22325,27.62944,23.13006
1786937747,26.8986,78.49851,23,0,,,,27.22325,27.66331,23.0962
1786937748,26.96803,78.52598,23,0,,,,27.18938,27.83244,23.0962
1786937748,26.98405,78.38407,23,0,,,,27.32484,27.7649,22.96113
1786937749,26.98405,78.36423,23,0,,,,27.18938,27.79877,23.02867
1786937750,26.99741,78.59464,23,0,,,,27.32484,27.73104,23.13006
1786937750,26.85588,78.38407,23,0,,,,27.25711,27.7649,22.92727
1786937751,26.96803,78.50614,23,0,,,,27.15551,27.73104,23.06253
1786937752,26.98405,78.46647,23,0,,,,27.25711,27.90037,23.0962
1786937752,27.04013,78.51225,23,0,,,,27.22325,27.62944,23.02867
1786937753,26.94133,78.5626,23,0,,,,27.22325,27.8665,22.92727
1786937754,26.84253,78.31846,23,0,,,,27.25711,27.73104,22.92727
1786937754,26.98405,78.37492,23,0,,,,27.25711,27.62944,22.92727
1786937755,26.95468,78.56565,23,0,,,,27.22325,27.69717,22.9948
1786937756,26.96803,78.31846,23,0,,,,27.32484,27.69717,23.06253
1786937756,26.96803,78.53819,23,0,,,,27.22325,27.79877,22.9948
1786937757,27.05348,78.43443,23,0,,,,27.29098,27.73104,23.02867
1786937758,26.96803,78.45274,23,0,,,,27.32484,27.73104,23.02867
1786937758,26.91195,78.3978,23,0,,,,27.15551,27.7649,23.02867
1786937759,26.94133,78.43748,23,0,,,,27.25711,27.73104,22.96113
1786937760,26.92798,78.39323,23,0,,,,27.22325,27.8665,23.13006
1786937760,27.01076,78.41459,23,0,,,,27.25711,27.69717,22.8934
1786937761,26.98405,78.38407,23,0,,,,27.22325,27.62944,22.9948
1786937762,26.98405,78.34287,23,0,,,,27.18938,27.69717,22.9948
1786937762,26.96803,78.44358,23,0,,,,27.25711,27.69717,23.06253
1786937763,26.98405,78.34287,23,0,,,,27.32484,27.73104,23.16393
1786937764,26.98405,78.36423,23,0,,,,27.32484,27.7649,23.02867
1786937764,26.8986,78.28184,23,0,,,,27.22325,27.8665,23.0962
1786937765,26.8986,78.32304,22,0,,,,27.22325,27.79877,23.0962
1786937766,26.95468,78.27268,23,0,,,,27.35871,27.52784,22.92727
1786937766,27.04013,78.28642,23,0,,,,27.32484,27.62944,22.9948
1786937767,27.04013,78.30473,23,0,,,,27.35871,27.8665,22.85974
1786937767,26.91195,78.30473,23,0,,,,27.22325,27.7649,23.06253
1786937768,26.95468,78.29557,23,0,,,,27.29098,27.73104,22.9948
1786937769,27.04013,78.17197,23,0,,,,27.25711,27.73104,23.02867
1786937770,27.04013,78.33677,23,0,,,,27.32484,27.7649,23.13006
1786937770,26.91195,78.18112,23,0,,,,27.29098,27.66331,23.13006
1786937771,26.94133,78.25132,23,0,,,,27.18938,27.90037,23.0962
1786937771,26.96803,78.03922,23,0,,,,27.32484,27.7649,23.06253
1786937772,27.05348,78.27879,23,0,,,,27.25711,27.69717,22.9948
1786937773,26.96803,78.21469,23,0,,,,27.32484,27.79877,23.06253
1786937773,26.92798,78.20554,22,0,,,,27.29098,27.7649,22.9948
1786937774,27.01076,78.2681,23,0,,,,27.22325,27.83244,22.92727
1786937775,26.94133,78.14603,23,0,,,,27.25711,28.00177,23.13006
1786937775,26.99741,78.26505,23,0,,,,27.22325,27.7649,23.02867
1786937776,26.98405,78.26048,23,0,,,,27.18938,27.90037,22.96113
1786937777,26.8986,78.16739,23,0,,,,27.29098,27.66331,23.06253
1786937777,27.01076,78.2971,23,0,,,,27.25711,27.83244,23.02867
1786937778,26.8986,78.17654,23,0,,,,27.25711,27.69717,23.02867
1786937779,26.99741,78.1918,23,0,,,,27.22325,27.93403,22.82587
1786937779,26.95468,78.33677,23,0,,,,27.25711,27.83244,22.8934
1786937780,26.96803,78.24673,23,0,,,,27.18938,27.73104,22.92727
1786937781,26.99741,78.25437,23,0,,,,27.22325,27.83244,23.02867
1786937781,26.96803,78.31846,23,0,,,,27.22325,27.69717,23.02867
1786937782,27.02411,78.36423,23,0,,,,27.18938,27.7649,22.96113
1786937783,26.94133,78.37492,23,0,,,,27.29098,27.62944,23.0962
1786937783,26.96803,78.3505,23,0,,,,27.25711,27.79877,22.92727
1786937784,26.98405,78.31083,23,0,,,,27.18938,27.73104,22.92727
1786937785,27.02411,78.30167,23,0,,,,27.35871,27.79877,23.02867
1786937785,26.98405,78.38407,23,0,,,,27.18938,27.79877,22.96113
1786937786,26.99741,78.30473,23,0,,,,27.32484,27.7649,23.02867
1786937787,27.01076,78.3917,23,0,,,,27.25711,27.66331,22.8934
1786937787,26.8986,78.53971,23,0,,,,27.18938,27.7649,23.06253
1786937788,26.95468,78.42832,23,0,,,,27.18938,27.79877,23.06253
1786937789,27.01076,78.43443,23,0,,,,27.25711,27.83244,22.9948
1786937789,27.01076,78.43443,23,0,,,,27.32484,27.73104,22.96113
1786937790,27.02411,78.47868,23,0,,,,27.22325,27.66331,23.02867
1786937791,26.91195,78.32456,23,0,,,,27.18938,27.73104,23.02867
1786937791,26.94133,78.33372,23,0,,,,27.29098,27.7649,23.13006
1786937792,27.01076,78.43443,23,0,,,,27.18938,27.73104,22.96113
1786937793,26.98405,78.39628,23,0,,,,27.32484,27.83244,23.02867
1786937793,27.01076,78.50614,23,0,,,,27.15551,27.66331,22.96113
1786937794,26.95468,78.33677,23,0,,,,27.32484,27.7649,22.8934
1786937795,26.95468,78.33677,23,0,,,,27.12165,27.73104,22.85974
1786937795,26.99741,78.24521,23,0,,,,27.25711,27.73104,22.85974
1786937796,27.04013,78.40086,23,0,,,,27.32484,27.83244,22.9948
1786937797,26.98405,78.26048,23,0,,,,27.25711,27.66331,23.0962
1786937797,26.96803,78.25895,23,0,,,,27.25711,27.66331,23.06253
1786937798,26.91195,78.28336,23,0,,,,27.25711,27.66331,22.96113
1786937799,27.02411,78.16739,23,0,,,,27.29098,27.79877,23.02867
1786937799,26.94133,78.30167,23,0,,,,27.32484,27.56171,22.8934
1786937800,27.01076,78.27879,23,0,,,,27.22325,27.7649,22.9948
1786937801,27.04013,78.36881,23,0,,,,27.25711,27.79877,23.16393
1786937801,26.99741,78.16891,23,0,,,,27.25711,27.83244,22.9948
1786937802,26.99741,78.08957,23,0,,,,27.22325,27.73104,23.02867
1786937803,27.01076,78.12314,23,0,,,,27.32484,27.7649,23.0962
1786937803,26.98405,78.12619,23,0,,,,27.25711,27.69717,22.8934
1786937804,26.99741,77.99344,23,0,,,,27.25711,27.69717,22.9948
1786937805,27.05348,78.09109,23,0,,,,27.29098,27.66331,23.02867
1786937805,26.95468,78.02548,23,0,,,,27.29098,27.93403,22.8934
1786937806,27.02411,78.06363,23,0,,,,27.25711,27.73104,22.85974
1786937806,26.96803,78.02701,23,0,,,,27.22325,27.83244,22.8934
1786937807,26.94133,77.99954,23,0,,,,27.29098,27.66331,22.9948
1786937808,26.95468,77.96292,23,0,,,,27.32484,27.7649,22.8934
1786937808,26.94133,77.91714,23,0,,,,27.22325,27.7649,22.96113
1786937809,27.01076,77.83017,23,0,,,,27.25711,27.7649,23.02867
1786937810,27.02411,77.94919,23,0,,,,27.15551,27.69717,23.02867
1786937810,26.95468,77.88968,23,0,,,,27.15551,27.8665,23.02867
1786937811,26.95468,77.88968,23,0,,,,27.32484,27.83244,22.8934
1786937812,27.04013,77.90189,23,0,,,,27.25711,27.8665,23.06253
1786937812,26.99741,77.80728,23,0,,,,27.29098,27.7649,23.0962
1786937813,26.99741,77.76608,23,0,,,,27.29098,27.69717,22.9948
1786937814,27.02411,77.91714,23,0,,,,27.25711,27.73104,23.02867
1786937814,26.94133,77.81491,23,0,,,,27.32484,27.69717,23.02867
1786937815,27.04013,77.78745,23,0,,,,27.39258,27.69717,22.9948
1786937816,26.95468,77.79813,22,0,,,,27.32484,27.83244,22.8934
1786937816,26.95468,77.5906,23,0,,,,27.25711,27.7649,23.06253
1786937817,26.98405,77.74166,23,0,,,,27.18938,27.69717,23.02867
1786937818,26.84253,77.78897,23,0,,,,27.29098,27.83244,23.0962
1786937818,26.98405,77.81491,23,0,,,,27.22325,27.8665,23.06253
1786937819,27.06684,77.83475,23,0,,,,27.22325,27.83244,23.13006
1786937820,26.95468,77.80728,23,0,,,,27.18938,27.69717,22.9948
1786937820,26.96803,77.89426,23,0,,,,27.35871,27.59557,23.02867
1786937821,26.88525,77.82101,23,0,,,,27.12165,27.79877,22.96113
1786937822,27.02411,77.81491,23,0,,,,27.29098,27.83244,23.06253
1786937822,26.99741,77.88968,23,0,,,,27.22325,27.93403,23.02867
1786937823,27.02411,77.94919,23,0,,,,27.22325,27.69717,22.92727
1786937824,26.95468,78.00412,23,0,,,,27.35871,27.69717,23.0962
1786937824,26.96803,77.94766,23,0,,,,27.29098,27.73104,23.0962
1786937825,27.02411,77.97971,23,0,,,,27.29098,27.69717,22.92727
1786937826,26.99741,77.98428,23,0,,,,27.35871,27.69717,23.02867
1786937826,27.02411,78.0209,23,0,,,,27.18938,27.69717,22.9948
1786937827,26.96803,77.96597,23,0,,,,27.29098,27.69717,22.9948
1786937828,26.95468,78.13992,23,0,,,,27.29098,27.7649,23.06253
1786937828,27.01076,78.12314,23,0,,,,27.29098,27.7649,22.9948
1786937829,26.98405,78.19943,22,0,,,,27.29098,27.8665,22.85974
1786937830,26.96803,78.15366,23,0,,,,27.22325,27.73104,22.9948
1786937830,26.94133,78.17807,23,0,,,,27.22325,27.7649,22.96113
1786937831,27.02411,78.24063,23,0,,,,27.32484,27.73104,22.92727
1786937832,26.99741,78.25437,23,0,,,,27.29098,27.79877,23.0962
1786937832,26.96803,78.15366,23,0,,,,27.22325,27.69717,23.06253
1786937833,26.96803,78.2681,23,0,,,,27.25711,27.66331,23.02867
1786937834,27.01076,78.34135,23,0,,,,27.22325,27.93403,22.92727
1786937834,27.05348,78.38255,23,0,,,,27.22325,27.7649,22.96113
1786937835,26.98405,78.42832,23,0,,,,27.29098,27.79877,22.9948
1786937836,26.96803,78.3917,23,0,,,,27.25711,27.93403,23.02867
1786937836,26.98405,78.44663,23,0,,,,27.12165,27.7649,23.02867
1786937837,26.92798,78.39323,23,0,,,,27.25711,27.8665,23.13006
1786937838,27.01076,78.52598,23,0,,,,27.25711,27.73104,23.06253
1786937838,27.04013,78.53361,23,0,,,,27.22325,27.73104,22.96113
1786937839,26.88525,78.45274,23,0,,,,27.18938,27.52784,23.0962
1786937840,27.06684,78.53971,23,0,,,,27.18938,27.83244,22.85974
1786937840,27.02411,78.47868,23,0,,,,27.25711,27.66331,22.96113
1786937841,27.02411,78.47868,23,0,,,,27.29098,27.7649,22.8934
1786937842,26.94133,78.53056,23,0,,,,27.18938,27.59557,23.06253
1786937842,26.88525,78.49699,23,0,,,,27.18938,27.62944,23.02867
1786937843,27.05348,78.39323,23,0,,,,27.29098,27.73104,22.9948
1786937844,26.96803,78.42374,23,0,,,,27.25711,27.69717,22.96113
1786937844,26.99741,78.56565,23,0,,,,27.29098,27.69717,23.02867
1786937845,26.96803,78.37034,23,0,,,,27.22325,27.7649,22.85974
1786937845,27.02411,78.29099,23,0,,,,27.32484,27.62944,23.06253
1786937846,26.98405,78.29099,23,0,,,,27.29098,27.79877,23.13006
1786937847,27.01076,78.21469,23,0,,,,27.18938,27.7649,22.8934
1786937847,27.04013,78.15976,23,0,,,,27.25711,27.69717,22.96113
1786937848,27.01076,78.15366,23,0,,,,27.18938,27.73104,23.06253
1786937849,26.95468,78.14908,23,0,,,,27.32484,27.79877,23.0962
1786937849,26.95468,78.02548,23,0,,,,27.15551,27.73104,22.85974
1786937850,27.04013,78.08957,23,0,,,,27.29098,27.66331,23.06253
1786937851,26.98405,78.04379,23,0,,,,27.35871,27.62944,22.96113
1786937851,27.01076,78.01785,23,0,,,,27.29098,27.59557,22.9948
1786937852,27.05348,77.92477,23,0,,,,27.18938,27.66331,22.96113
1786937853,27.04013,77.96292,23,0,,,,27.29098,27.7649,22.92727
1786937853,27.04013,77.91104,23,0,,,,27.25711,27.69717,23.06253
1786937854,26.94133,77.87595,23,0,,,,27.22325,27.69717,22.96113
1786937855,26.95468,77.69283,23,0,,,,27.35871,27.79877,22.9948
1786937855,26.96803,77.75998,23,0,,,,27.25711,27.7649,23.06253
1786937856,26.99741,77.73403,23,0,,,,27.22325,27.62944,22.96113
1786937857,27.05348,77.72793,23,0,,,,27.18938,27.7649,22.96113
1786937857,26.92798,77.73861,23,0,,,,27.32484,27.73104,23.02867
1786937858,26.98405,77.7203,23,0,,,,27.22325,27.69717,22.8934
1786937859,26.99741,77.7554,23,0,,,,27.22325,27.83244,22.85974
1786937859,26.98405,77.85611,23,0,,,,27.25711,27.69717,22.96113
1786937860,26.92798,77.70657,23,0,,,,27.25711,27.69717,23.02867
1786937861,27.04013,77.65163,23,0,,,,27.22325,27.73104,22.96113
1786937861,26.8986,77.7203,23,0,,,,27.25711,27.73104,22.9948
1786937862,27.12291,77.79813,23,0,,,,27.18938,27.79877,23.0962
1786937863,26.92798,77.74776,23,0,,,,27.35871,27.59557,23.0962
1786937863,26.96803,77.77982,23,0,,,,27.29098,27.69717,23.0962
1786937864,26.94133,77.65926,23,0,,,,27.22325,27.79877,22.96113
1786937865,26.91195,77.65011,23,0,,,,27.18938,27.79877,23.06253
1786937865,27.04013,77.81949,23,0,,,,27.22325,27.7649,22.85974
1786937866,26.96803,77.77982,23,0,,,,27.25711,27.62944,22.8934
1786937867,27.01076,77.68673,23,0,,,,27.32484,27.7649,22.9948
1786937867,27.05348,77.62417,23,0,,,,27.22325,27.7649,22.92727
1786937868,27.01076,77.66537,23,0,,,,27.25711,27.7649,22.96113
1786937869,26.96803,77.67452,23,0,,,,27.25711,27.79877,22.92727
1786937869,27.06684,77.75235,23,0,,,,27.29098,27.79877,22.92727
1786937870,26.94133,77.73251,23,0,,,,27.22325,27.66331,23.13006
1786937871,26.96803,77.67452,23,0,,,,27.32484,27.66331,23.16393
1786937871,27.02411,77.70962,23,0,,,,27.25711,27.7649,22.96113
1786937872,26.95468,77.65011,23,0,,,,27.39258,27.59557,23.06253
1786937873,26.99741,77.78745,23,0,,,,27.15551,27.69717,22.8934
1786937873,26.98405,77.65926,23,0,,,,27.22325,27.69717,22.92727
1786937874,26.98405,77.65011,23,0,,,,27.29098,27.79877,23.0962
1786937875,26.95468,77.57839,23,0,,,,27.22325,27.73104,22.96113
1786937875,26.98405,77.61806,23,0,,,,27.32484,27.73104,22.9948
1786937876,26.98405,77.65926,23,0,,,,27.22325,27.7649,23.1978
1786937877,26.98405,77.57687,23,0,,,,27.25711,27.69717,23.13006
1786937877,26.98405,77.6379,23,0,,,,27.18938,27.93403,22.9948
1786937878,27.01076,77.64553,23,0,,,,27.25711,27.73104,22.8934
1786937879,27.02411,77.56466,23,0,,,,27.25711,27.62944,23.02867
1786937879,27.05348,77.60433,23,0,,,,27.22325,27.7649,23.02867
1786937880,26.95468,77.54635,23,0,,,,27.22325,27.69717,23.0962
1786937881,26.94133,77.5967,23,0,,,,27.22325,27.73104,22.9948
1786937881,26.92798,77.56313,23,0,,,,27.22325,27.90037,22.9948
1786937882,27.05348,77.65621,23,0,,,,27.29098,27.69717,23.02867
1786937883,26.95468,77.68215,23,0,,,,27.29098,27.8665,22.9948
1786937883,27.02411,77.61806,23,0,,,,27.22325,27.7649,22.92727
1786937884,26.98405,77.68826,23,0,,,,27.22325,27.79877,23.02867
1786937884,27.01076,77.80118,23,0,,,,27.29098,27.93403,23.0962
1786937885,27.06684,77.70046,23,0,,,,27.25711,27.7649,23.0962
1786937886,27.02411,77.70962,23,0,,,,27.25711,27.79877,22.85974
1786937886,26.98405,77.77371,22,0,,,,27.25711,27.59557,22.82587
1786937887,26.96803,77.67452,23,0,,,,27.22325,27.7649,22.92727
1786937888,27.04013,77.68215,23,0,,,,27.25711,27.66331,22.9948
1786937888,27.06684,77.83475,23,0,,,,27.25711,27.79877,23.06253
1786937889,26.94133,77.82407,23,0,,,,27.22325,27.90037,23.06253
1786937890,27.02411,77.88815,23,0,,,,27.32484,27.62944,22.92727
1786937890,27.06684,77.88815,23,0,,,,27.22325,27.73104,23.0962
1786937891,27.01076,77.85153,23,0,,,,27.25711,27.7649,22.96113
1786937892,26.98405,77.88815,23,0,,,,27.25711,27.66331,22.9948
1786937892,26.99741,77.90189,23,0,,,,27.22325,27.90037,23.0962
1786937893,26.96803,78.00717,23,0,,,,27.25711,27.90037,23.0962
1786937894,27.02411,78.01175,23,0,,,,27.29098,27.8665,23.0962
1786937894,27.12291,78.1506,23,0,,,,27.18938,27.79877,23.0962
1786937895,27.04013,78.11856,23,0,,,,27.18938,27.79877,22.85974
1786937896,26.99741,78.16891,23,0,,,,27.32484,27.59557,22.96113
1786937896,26.98405,78.28184,23,0,,,,27.32484,27.66331,23.1978
1786937897,26.99741,78.40086,23,0,,,,27.22325,27.59557,22.92727
1786937898,27.06684,78.30167,23,0,,,,27.25711,27.83244,22.8934
1786937898,26.96803,78.33829,23,0,,,,27.29098,27.7649,23.13006
1786937899,26.99741,78.34745,23,0,,,,27.22325,27.69717,22.9948
1786937900,27.08286,78.47105,23,0,,,,27.32484,27.83244,22.92727
1786937900,27.04013,78.5565,23,0,,,,27.29098,27.8665,23.13006
1786937901,27.01076,78.43443,23,0,,,,27.22325,27.69717,23.02867
1786937902,26.92798,78.57938,23,0,,,,27.29098,27.7649,22.96113
1786937902,26.95468,78.72129,23,0,,,,27.18938,27.49417,22.8934
1786937903,26.99741,78.68925,23,0,,,,27.32484,27.79877,22.9948
1786937904,26.96803,78.74418,23,0,,,,27.29098,27.79877,23.13006
1786937904,27.01076,78.80827,23,0,,,,27.22325,27.66331,22.96113
1786937905,26.99741,78.82353,22,0,,,,27.29098,27.62944,22.96113
1786937906,26.8986,78.8632,23,0,,,,27.29098,27.73104,22.82587
1786937906,27.01076,78.93187,23,0,,,,27.29098,27.62944,23.06253
1786937907,27.02411,78.99748,23,0,,,,27.22325,27.66331,23.02867
1786937908,26.99741,78.97917,23,0,,,,27.25711,27.83244,23.02867
1786937908,26.99741,78.99138,23,0,,,,27.22325,27.62944,22.96113
1786937909,27.09621,79.1516,23,0,,,,27.22325,27.66331,23.02867
1786937910,27.05348,79.23094,23,0,,,,27.25711,27.66331,22.92727
1786937910,26.8986,79.1104,23,0,,,,27.29098,27.73104,22.92727
1786937911,26.99741,79.10582,23,0,,,,27.22325,27.59557,22.96113
1786937912,27.04013,79.21721,23,0,,,,27.12165,27.73104,23.02867
1786937912,27.04013,79.33471,23,0,,,,27.32484,27.7649,22.92727
1786937913,27.01076,79.26299,23,0,,,,27.18938,27.79877,22.85974
1786937914,27.01076,79.47204,23,0,,,,27.25711,27.66331,23.0962
1786937914,26.95468,79.36217,23,0,,,,27.22325,27.7649,22.96113
1786937915,26.95468,79.4049,23,0,,,,27.15551,27.69717,23.02867
1786937916,27.01076,79.52239,23,0,,,,27.25711,27.7649,23.16393
1786937916,27.02411,79.48577,23,0,,,,27.25711,27.79877,23.06253
1786937917,27.02411,79.43237,23,0,,,,27.32484,27.59557,23.02867
1786937918,26.99741,79.56054,23,0,,,,27.29098,27.62944,22.9948
1786937918,26.8986,79.50408,22,0,,,,27.29098,27.79877,22.96113
1786937919,26.99741,79.43694,23,0,,,,27.25711,27.83244,22.9948
1786937920,27.01076,79.55444,23,0,,,,27.29098,27.83244,23.06253
1786937920,26.98405,79.37133,23,0,,,,27.32484,27.83244,23.13006
1786937921,26.99741,79.42626,23,0,,,,27.25711,27.62944,23.02867
1786937922,27.05348,79.51324,23,0,,,,27.25711,27.69717,22.8934
1786937922,26.8986,79.48577,23,0,,,,27.32484,27.83244,22.8934
1786937923,26.91195,79.47814,23,0,,,,27.25711,27.7649,23.02867
1786937923,26.95468,79.5407,23,0,,,,27.25711,27.59557,22.82587
1786937924,27.01076,79.55444,23,0,,,,27.29098,27.73104,22.85974
1786937925,27.01076,79.52239,23,0,,,,27.22325,27.7649,22.8934
1786937925,27.04013,79.62463,23,0,,,,27.29098,27.56171,22.9948
1786937926,26.91195,79.42626,23,0,,,,27.32484,27.8665,22.92727
1786937927,27.01076,79.52239,23,0,,,,27.25711,27.73104,23.02867
1786937927,26.96803,79.48119,23,0,,,,27.22325,27.8665,23.0962
1786937928,26.99741,79.54986,23,0,,,,27.25711,27.69717,22.85974
1786937929,27.02411,79.48577,23,0,,,,27.32484,27.93403,23.16393
1786937929,27.01076,79.51324,23,0,,,,27.18938,27.66331,22.96113
1786937930,26.92798,79.33624,23,0,,,,27.18938,27.93403,23.06253
1786937931,27.06684,79.56817,23,0,,,,27.29098,27.66331,23.16393
1786937931,27.05348,79.45068,23,0,,,,27.25711,27.8665,23.13006
1786937932,27.01076,79.51324,23,0,,,,27.18938,27.79877,23.02867
1786937933,26.99741,79.57275,23,0,,,,27.18938,27.79877,23.16393
1786937933,27.01076,79.53307,23,0,,,,27.22325,27.93403,23.0962
1786937934,26.99741,79.57275,23,0,,,,27.25711,27.66331,22.92727
1786937935,26.99741,79.67498,23,0,,,,27.35871,27.79877,23.02867
1786937935,26.99741,79.67498,23,0,,,,27.35871,27.79877,23.02867
1786937936,26.96803,79.57427,23,0,,,,27.25711,27.79877,23.02867
1786937937,27.04013,79.56054,23,0,,,,27.22325,27.83244,22.96113
1786937937,26.8986,79.58801,23,0,,,,27.22325,27.79877,23.02867
1786937938,26.98405,79.60937,23,0,,,,27.25711,27.79877,22.92727
1786937939,27.04013,79.5407,23,0,,,,27.22325,27.66331,22.96113
1786937939,26.95468,79.56054,23,0,,,,27.39258,27.73104,23.16393
1786937940,26.94133,79.39117,23,0,,,,27.35871,27.66331,22.9948
1786937941,27.10956,79.56817,23,0,,,,27.25711,27.69717,22.9948
1786937941,27.01076,79.3988,23,0,,,,27.32484,27.90037,23.06253
1786937942,26.99741,79.3637,23,0,,,,27.22325,27.8665,23.0962
1786937943,27.04013,79.49035,23,0,,,,27.25711,27.62944,23.16393
1786937943,27.01076,79.24315,23,0,,,,27.25711,27.69717,23.02867
1786937944,26.99741,79.17906,23,0,,,,27.22325,27.69717,22.92727
1786937945,26.94133,79.08904,23,0,,,,27.22325,27.7649,22.96113
1786937945,26.96803,78.9929,23,0,,,,27.22325,27.7649,22.96113
1786937946,26.91195,78.96849,23,0,,,,27.18938,27.79877,22.92727
1786937947,27.02411,78.91356,23,0,,,,27.32484,27.73104,22.96113
1786937947,27.08286,78.83574,23,0,,,,27.22325,27.83244,23.06253
1786937948,26.99741,78.60685,23,0,,,,27.18938,27.66331,23.0962
1786937949,26.99741,78.52445,23,0,,,,27.29098,27.69717,23.0962
1786937949,26.96803,78.57023,23,0,,,,27.32484,27.73104,23.0962
1786937950,27.04013,78.49241,23,0,,,,27.32484,27.73104,22.8934
1786937951,26.95468,78.32456,23,0,,,,27.25711,27.7649,23.02867
1786937951,27.04013,78.34745,23,0,,,,27.22325,27.7649,22.9948
1786937952,27.04013,78.22385,23,0,,,,27.25711,27.73104,22.8934
1786937953,27.06684,78.26048,23,0,,,,27.18938,27.62944,22.9948
1786937953,27.04013,78.06668,23,0,,,,27.25711,27.79877,23.02867
1786937954,26.96803,78.01785,23,0,,,,27.25711,27.66331,22.9948
1786937955,27.04013,78.07736,23,0,,,,27.29098,27.69717,22.92727
1786937955,26.91195,77.88052,23,0,,,,27.29098,27.83244,22.9948
1786937956,27.05348,77.89426,23,0,,,,27.22325,27.73104,23.06253
1786937957,26.95468,77.90189,23,0,,,,27.29098,27.73104,22.9948
1786937957,26.92798,77.68673,23,0,,,,27.32484,27.7649,22.96113
1786937958,27.06684,77.70046,23,0,,,,27.25711,27.69717,22.96113
1786937959,26.99741,77.64248,23,0,,,,27.29098,27.66331,22.9948
1786937959,26.88525,77.65469,23,0,,,,27.22325,27.73104,23.02867
1786937960,26.96803,77.51888,23,0,,,,27.29098,27.7649,23.02867
1786937961,27.04013,77.51736,23,0,,,,27.18938,27.66331,22.96113
1786937961,26.99741,77.50515,23,0,,,,27.35871,27.62944,23.06253
1786937962,26.95468,77.47616,23,0,,,,27.25711,27.7649,22.96113
1786937962,27.05348,77.59212,23,0,,,,27.25711,27.69717,23.0962
1786937963,26.8986,77.32662,23,0,,,,27.22325,27.7649,22.96113
1786937964,27.05348,77.48989,23,0,,,,27.22325,27.7649,23.02867
1786937964,26.95468,77.37087,23,0,,,,27.18938,27.73104,23.06253
1786937965,27.01076,77.51888,23,0,,,,27.15551,27.8665,23.06253
1786937966,27.06684,77.43038,23,0,,,,27.29098,27.7649,22.9948
1786937966,27.01076,77.34493,23,0,,,,27.32484,27.66331,22.9948
1786937967,26.99741,77.39071,23,0,,,,27.32484,27.66331,23.06253
1786937968,27.02411,77.48226,23,0,,,,27.29098,27.83244,22.96113
1786937968,27.02411,77.44106,23,0,,,,27.32484,27.66331,23.06253
1786937969,27.04013,77.51736,23,0,,,,27.25711,27.79877,23.0962
1786937970,27.05348,77.57229,23,0,,,,27.29098,27.7649,22.96113
1786937970,27.01076,77.46853,23,0,,,,27.18938,27.69717,23.02867
1786937971,26.95468,77.56924,23,0,,,,27.25711,27.73104,22.96113
1786937972,26.95468,77.56924,23,0,,,,27.32484,27.90037,22.9948
1786937972,26.91195,77.56924,23,0,,,,27.22325,27.83244,23.0962
1786937973,26.99741,77.62264,23,0,,,,27.25711,27.62944,22.9948
1786937974,27.01076,77.62417,23,0,,,,27.32484,27.69717,23.02867
1786937974,27.01076,77.56008,23,0,,,,27.25711,27.69717,23.13006
1786937975,27.10956,77.45022,23,0,,,,27.32484,27.62944,22.96113
1786937976,27.06684,77.61806,22,0,,,,27.22325,27.69717,22.85974
1786937976,27.06684,77.66994,23,0,,,,27.25711,27.90037,23.02867
1786937977,26.96803,77.57229,23,0,,,,27.35871,27.66331,22.92727
1786937978,26.91195,77.5906,23,0,,,,27.25711,27.66331,23.02867
1786937978,27.01076,77.53109,23,0,,,,27.29098,27.73104,23.06253
1786937979,26.95468,77.50515,23,0,,,,27.25711,27.59557,23.06253
1786937980,27.01076,77.54025,23,0,,,,27.25711,27.7649,22.9948
1786937980,26.99741,77.59975,23,0,,,,27.22325,27.73104,23.02867
1786937981,27.09621,77.68673,23,0,,,,27.22325,27.73104,23.0962
1786937982,26.98405,77.53262,23,0,,,,27.22325,27.73104,22.8934
1786937982,27.05348,77.58297,23,0,,,,27.18938,27.73104,22.8934
1786937983,27.01076,77.38461,23,0,,,,27.29098,27.69717,23.02867
1786937984,27.04013,77.42275,23,0,,,,27.32484,27.83244,22.96113
1786937984,26.98405,77.48226,23,0,,,,27.32484,27.73104,23.06253
1786937985,26.98405,77.45327,23,0,,,,27.29098,27.69717,23.13006
1786937986,26.99741,77.51736,23,0,,,,27.25711,27.56171,23.06253
1786937986,27.02411,77.44106,23,0,,,,27.29098,27.66331,23.13006
1786937987,27.04013,77.49599,23,0,,,,27.18938,27.79877,23.02867
1786937988,27.05348,77.39529,23,0,,,,27.18938,27.90037,22.92727
1786937988,26.94133,77.39986,23,0,,,,27.35871,27.73104,23.0962
1786937989,26.96803,77.34341,23,0,,,,27.29098,27.66331,23.02867
1786937990,26.91195,77.32967,23,0,,,,27.32484,27.66331,22.9948
1786937990,27.06684,77.46243,23,0,,,,27.29098,27.59557,22.9948
1786937991,26.88525,77.32204,23,0,,,,27.12165,27.73104,22.96113
1786937992,27.01076,77.41665,23,0,,,,27.22325,27.73104,23.02867
1786937992,26.98405,77.27474,23,0,,,,27.29098,27.7649,23.0962
1786937993,27.05348,77.44869,23,0,,,,27.22325,27.69717,22.96113
1786937994,27.02411,77.53262,23,0,,,,27.18938,27.79877,22.9948
1786937994,27.08286,77.51736,23,0,,,,27.25711,27.90037,23.06253
1786937995,26.94133,77.54482,23,0,,,,27.29098,27.79877,22.96113
1786937996,26.98405,77.54482,23,0,,,,27.18938,27.7649,23.06253
1786937996,26.91195,77.48531,23,0,,,,27.32484,27.66331,22.96113
1786937997,26.85588,77.62722,23,0,,,,27.29098,27.79877,22.96113
1786937998,26.94133,77.64706,23,0,,,,27.22325,27.69717,22.85974
1786937998,26.99741,77.65163,23,0,,,,27.25711,27.62944,23.02867
1786937999,26.99741,77.77829,23,0,,,,27.29098,27.79877,22.9948
1786938000,27.04013,77.93393,23,0,,,,27.29098,27.73104,22.9948
1786938000,26.94133,77.81491,23,0,,,,27.22325,27.69717,22.92727
1786938001,26.98405,77.97055,23,0,,,,27.18938,27.66331,22.9948
1786938002,27.08286,77.94308,23,0,,,,27.35871,27.73104,22.9948
1786938002,26.92798,78.0499,23,0,,,,27.25711,27.69717,22.96113
1786938003,27.01076,78.00717,23,0,,,,27.22325,27.69717,23.06253
1786938003,26.98405,77.8439,23,0,,,,27.25711,27.59557,23.0962
1786938004,26.98405,78.05295,23,0,,,,27.22325,27.7649,22.9948
1786938005,26.98405,77.99954,23,0,,,,27.32484,27.62944,22.9948
1786938005,27.04013,77.90189,23,0,,,,27.18938,27.69717,23.02867
1786938006,26.98405,77.94919,23,0,,,,27.25711,27.83244,23.06253
1786938007,26.96803,77.92477,23,0,,,,27.39258,27.73104,22.96113
1786938007,26.95468,77.93393,23,0,,,,27.35871,27.69717,23.0962
1786938008,26.96803,77.96597,23,0,,,,27.32484,27.73104,23.0962
1786938009,27.04013,77.82864,23,0,,,,27.22325,27.69717,22.9948
1786938009,27.08286,77.8378,23,0,,,,27.25711,27.7649,22.92727
1786938010,27.08286,77.81949,23,0,,,,27.15551,27.7649,23.02867
1786938011,27.06684,77.86526,23,0,,,,27.29098,27.66331,22.92727
1786938011,26.96803,77.72793,23,0,,,,27.25711,27.69717,23.16393
1786938012,27.05348,77.77982,23,0,,,,27.22325,27.79877,23.06253
1786938013,27.05348,77.62417,23,0,,,,27.22325,27.73104,22.9948
1786938013,27.04013,77.54635,23,0,,,,27.25711,27.8665,22.8934
1786938014,27.01076,77.59212,23,0,,,,27.18938,27.69717,23.02867
1786938015,26.98405,77.61806,23,0,,,,27.25711,27.7649,22.8934
1786938015,27.04013,77.53719,23,0,,,,27.35871,27.73104,23.02867
1786938016,27.08286,77.55856,23,0,,,,27.25711,27.69717,23.02867
1786938017,27.01076,77.43649,23,0,,,,27.29098,27.83244,23.02867
1786938017,27.06684,77.44106,23,0,,,,27.29098,27.83244,23.06253
1786938018,27.01076,77.26101,23,0,,,,27.22325,27.7649,22.92727
1786938019,27.02411,77.27474,23,0,,,,27.22325,27.62944,23.06253
1786938019,26.99741,77.23506,23,0,,,,27.22325,27.73104,22.8934
1786938020,27.05348,77.34493,23,0,,,,27.35871,27.83244,22.8934
1786938021,27.04013,77.20607,23,0,,,,27.32484,27.66331,22.96113
1786938021,26.96803,77.26101,23,0,,,,27.29098,27.62944,22.9948
1786938022,27.01076,77.0428,23,0,,,,27.18938,27.62944,22.9948
1786938023,27.01076,77.01381,23,0,,,,27.22325,27.83244,22.92727
1786938023,27.04013,77.15266,23,0,,,,27.22325,27.66331,23.02867
1786938024,26.96803,77.09315,23,0,,,,27.18938,27.83244,23.02867
1786938025,26.99741,77.10231,23,0,,,,27.29098,27.66331,22.92727
1786938025,26.99741,77.05959,23,0,,,,27.22325,27.73104,23.02867
1786938026,27.02411,76.92226,23,0,,,,27.25711,27.7649,22.8934
1786938027,27.02411,77.0367,23,0,,,,27.32484,27.73104,23.06253
1786938027,27.06684,76.95125,23,0,,,,27.22325,27.73104,22.8934
1786938028,26.99741,76.95583,23,0,,,,27.25711,27.73104,23.06253
1786938029,26.99741,77.02907,23,0,,,,27.25711,27.8665,22.8934
1786938029,26.98405,77.0779,23,0,,,,27.29098,27.8665,23.02867
1786938030,27.01076,76.93752,23,0,,,,27.22325,27.69717,23.02867
1786938031,27.01076,77.01381,23,0,,,,27.15551,27.59557,23.02867
1786938031,26.92798,76.9604,23,0,,,,27.18938,27.73104,23.13006
1786938032,26.94133,77.06569,22,0,,,,27.22325,27.79877,22.9948
1786938033,26.94133,77.15114,23,0,,,,27.32484,27.69717,22.96113
1786938033,27.05348,77.19844,23,0,,,,27.22325,27.73104,22.9948
1786938034,26.99741,77.11147,23,0,,,,27.29098,27.73104,22.9948
1786938035,27.06684,77.30679,23,0,,,,27.18938,27.79877,23.0962
1786938035,27.10956,77.49447,23,0,,,,27.25711,27.83244,23.16393
1786938036,26.95468,77.57839,22,0,,,,27.29098,27.7649,22.92727
1786938037,26.99741,77.84848,23,0,,,,27.15551,27.66331,22.92727
1786938037,27.04013,78.11856,23,0,,,,27.25711,27.73104,22.92727
1786938038,27.05348,78.31846,23,0,,,,27.32484,27.73104,22.85974
1786938039,26.96803,78.32914,23,0,,,,27.35871,27.66331,23.1978
1786938039,27.09621,78.67246,23,0,,,,27.35871,27.79877,23.06253
1786938040,27.08286,78.72129,22,0,,,,27.22325,27.7649,22.9948
1786938041,27.06684,78.96544,23,0,,,,27.25711,27.7649,22.92727
1786938041,27.02411,79.02953,23,0,,,,27.25711,27.83244,22.96113
1786938042,26.99741,78.93797,23,0,,,,27.29098,27.62944,22.96113
1786938042,27.02411,78.99748,23,0,,,,27.29098,27.69717,22.792
1786938043,27.04013,78.91814,23,0,,,,27.25711,27.8665,22.9948
1786938044,26.95468,78.97002,23,0,,,,27.25711,27.69717,23.02867
1786938044,27.01076,78.88152,23,0,,,,27.25711,27.79877,22.96113
1786938045,26.99741,78.74113,23,0,,,,27.29098,27.66331,22.9948
1786938046,27.01076,78.67246,23,0,,,,27.32484,27.62944,23.06253
1786938046,27.06684,78.645,23,0,,,,27.25711,27.69717,23.02867
1786938047,26.96803,78.58854,23,0,,,,27.12165,27.83244,23.0962
1786938048,26.99741,78.60685,23,0,,,,27.32484,27.69717,23.02867
1786938048,27.04013,78.73197,23,0,,,,27.25711,27.62944,23.02867
1786938049,26.8986,78.8098,23,0,,,,27.29098,27.69717,22.9948
1786938050,26.99741,78.89677,22,0,,,,27.18938,27.83244,23.13006
1786938050,27.04013,78.86778,23,0,,,,27.18938,27.73104,22.9948
1786938051,27.02411,78.851,23,0,,,,27.15551,27.69717,23.1978
1786938052,26.99741,78.86778,23,0,,,,27.25711,27.62944,22.8934
1786938052,26.99741,78.89677,23,0,,,,27.22325,27.69717,22.96113
1786938053,27.05348,78.91356,23,0,,,,27.18938,27.79877,22.96113
1786938054,26.94133,79.10124,23,0,,,,27.15551,27.62944,22.9948
1786938054,26.94133,78.6862,23,0,,,,27.22325,27.8665,22.92727
1786938055,26.99741,78.616,23,0,,,,27.22325,27.7649,23.06253
1786938056,27.04013,78.64805,23,0,,,,27.22325,27.8665,23.02867
1786938056,27.04013,78.54429,23,0,,,,27.25711,27.7649,22.92727
1786938057,26.91195,78.36881,23,0,,,,27.29098,27.66331,23.06253
1786938058,26.98405,78.28184,23,0,,,,27.18938,27.73104,23.02867
1786938058,26.94133,78.13535,23,0,,,,27.22325,27.7649,22.9948
1786938059,26.99741,78.04532,23,0,,,,27.29098,27.69717,22.9948
1786938060,26.94133,78.01175,23,0,,,,27.22325,27.66331,22.96113
1786938060,26.98405,77.87595,23,0,,,,27.22325,27.79877,23.06253
1786938061,27.01076,77.89426,23,0,,,,27.29098,27.83244,22.9948
1786938062,27.01076,77.64553,23,0,,,,27.15551,27.69717,23.02867
1786938062,27.02411,77.58602,23,0,,,,27.22325,27.7649,23.06253
1786938063,26.99741,77.68215,23,0,,,,27.18938,27.66331,22.92727
1786938064,26.94133,77.47311,23,0,,,,27.29098,27.83244,23.02867
1786938064,27.01076,77.53109,23,0,,,,27.25711,27.73104,23.0962
1786938065,27.01076,77.45785,23,0,,,,27.32484,27.8665,22.9948
1786938066,26.91195,77.37087,23,0,,,,27.29098,27.7649,22.96113
1786938066,27.06684,77.35867,23,0,,,,27.18938,27.73104,22.9948
1786938067,26.99741,77.40292,23,0,,,,27.22325,27.69717,22.96113
1786938068,26.94133,77.39986,23,0,,,,27.29098,27.66331,22.9948
1786938068,27.05348,77.27169,23,0,,,,27.22325,27.83244,22.9948
1786938069,27.04013,77.31136,23,0,,,,27.29098,27.73104,22.96113
1786938070,26.99741,77.32052,23,0,,,,27.32484,27.7649,22.96113
1786938070,26.98405,77.24422,23,0,,,,27.29098,27.69717,22.8934
1786938071,27.06684,77.29458,23,0,,,,27.18938,27.66331,23.0962
1786938072,27.06684,77.24269,23,0,,,,27.25711,27.90037,23.02867
1786938072,26.86923,77.29916,23,0,,,,27.18938,27.7649,23.06253
1786938073,26.96803,77.38461,23,0,,,,27.39258,27.66331,23.16393
1786938074,26.99741,77.25796,23,0,,,,27.22325,27.83244,23.0962
1786938074,27.02411,77.38918,23,0,,,,27.32484,27.59557,22.9948
1786938075,26.98405,77.34798,23,0,,,,27.29098,27.73104,23.06253
1786938076,27.05348,77.30221,23,0,,,,27.25711,27.66331,22.9948
1786938076,27.04013,77.467,23,0,,,,27.22325,27.79877,22.96113
1786938077,27.01076,77.40444,23,0,,,,27.22325,27.79877,23.06253
1786938078,27.15228,77.56466,23,0,,,,27.25711,27.7649,22.9948
1786938078,26.95468,77.44411,23,0,,,,27.25711,27.83244,23.02867
1786938079,26.95468,77.52651,23,0,,,,27.29098,27.62944,22.9948
1786938080,27.01076,77.54025,23,0,,,,27.15551,27.7649,22.8934
1786938080,26.99741,77.70199,23,0,,,,27.25711,27.62944,22.85974
1786938081,26.98405,77.7203,23,0,,,,27.22325,27.79877,22.85974
1786938081,26.96803,77.68673,23,0,,,,27.22325,27.73104,23.06253
1786938082,27.02411,77.90799,23,0,,,,27.25711,27.66331,22.9948
1786938083,27.02411,78.13535,23,0,,,,27.29098,27.7649,23.13006
1786938083,27.02411,78.32304,23,0,,,,27.32484,27.83244,22.82587
1786938084,26.95468,78.50309,23,0,,,,27.29098,27.79877,22.9948
1786938085,27.04013,78.57633,23,0,,,,27.18938,27.79877,23.13006
1786938085,27.01076,78.78539,22,0,,,,27.32484,27.7649,22.92727
1786938086,26.98405,78.82201,23,0,,,,27.18938,27.73104,23.0962
1786938087,27.04013,79.02342,23,0,,,,27.29098,27.7649,22.96113
1786938087,26.95468,79.10277,23,0,,,,27.22325,27.79877,23.16393
1786938088,26.99741,78.97917,23,0,,,,27.32484,27.73104,22.96113
1786938089,26.99741,79.07378,23,0,,,,27.22325,27.69717,23.0962
1786938089,26.98405,79.00969,23,0,,,,27.25711,27.79877,22.96113
1786938090,26.96803,79.06615,23,0,,,,27.32484,27.66331,23.06253
1786938091,26.92798,79.03716,23,0,,,,27.12165,27.73104,23.06253
1786938091,27.02411,79.02953,23,0,,,,27.25711,27.62944,22.92727
1786938092,26.99741,79.02342,23,0,,,,27.32484,27.90037,23.02867
1786938093,27.04013,79.04326,23,0,,,,27.29098,27.62944,23.06253
1786938093,26.98405,78.84184,23,0,,,,27.25711,27.79877,22.9948
1786938094,27.05348,78.81743,23,0,,,,27.15551,27.83244,23.0962
1786938095,26.95468,78.68925,23,0,,,,27.25711,27.69717,23.06253
1786938095,27.01076,78.71366,23,0,,,,27.25711,27.83244,22.82587
1786938096,27.02411,78.51072,23,0,,,,27.22325,27.7649,22.92727
1786938097,27.05348,78.45274,23,0,,,,27.25711,27.83244,22.92727
1786938097,26.99741,78.42985,23,0,,,,27.25711,27.7649,22.96113
1786938098,26.99741,78.41001,23,0,,,,27.32484,27.69717,23.23146
1786938099,26.96803,78.31846,23,0,,,,27.15551,27.69717,23.06253
1786938099,26.98405,78.25132,23,0,,,,27.25711,27.7649,23.06253
1786938100,26.96803,78.18265,23,0,,,,27.25711,27.66331,23.0962
1786938101,26.99741,78.25437,23,0,,,,27.35871,27.69717,23.06253
1786938101,27.06684,78.11703,23,0,,,,27.29098,27.73104,22.82587
1786938102,26.88525,78.11246,23,0,,,,27.25711,27.66331,22.9948
1786938103,26.92798,78.11246,23,0,,,,27.29098,27.59557,22.96113
1786938103,27.12291,78.13992,23,0,,,,27.18938,27.83244,23.02867
1786938104,27.04013,78.04532,23,0,,,,27.25711,27.56171,22.92727
1786938105,26.8986,78.08499,23,0,,,,27.25711,27.66331,22.92727
1786938105,27.02411,78.05295,23,0,,,,27.25711,27.79877,22.8934
1786938106,27.05348,78.09109,23,0,,,,27.32484,27.59557,23.02867
1786938107,26.92798,77.98581,23,0,,,,27.15551,27.73104,22.85974
1786938107,27.06684,78.09567,23,0,,,,27.29098,27.49417,23.06253
1786938108,26.99741,78.05753,23,0,,,,27.18938,27.7649,22.96113
1786938109,26.95468,78.21317,23,0,,,,27.15551,27.66331,23.13006
1786938109,26.91195,78.11703,23,0,,,,27.22325,27.7649,23.06253
1786938110,27.08286,78.24521,23,0,,,,27.29098,27.69717,23.06253
1786938111,26.98405,78.25132,23,0,,,,27.15551,27.7649,22.92727
1786938111,27.01076,78.13229,23,0,,,,27.25711,27.73104,22.96113
1786938112,27.06684,78.26048,23,0,,,,27.22325,27.73104,23.02867
1786938113,26.8986,78.13535,23,0,,,,27.29098,27.62944,23.0962
1786938113,27.01076,78.16281,23,0,,,,27.22325,27.69717,23.02867
1786938114,26.99741,78.13992,23,0,,,,27.29098,27.79877,23.1978
1786938115,27.08286,78.21317,23,0,,,,27.35871,27.69717,23.0962
1786938115,27.04013,78.04532,22,0,,,,27.22325,27.83244,22.92727
1786938116,27.02411,78.12619,23,0,,,,27.22325,27.69717,23.06253
1786938117,26.95468,78.233,23,0,,,,27.29098,27.73104,23.02867
1786938117,26.99741,78.18112,23,0,,,,27.18938,27.7649,22.9948
1786938118,27.01076,78.19485,23,0,,,,27.12165,27.73104,22.85974
1786938118,27.02411,78.30167,23,0,,,,27.25711,27.7649,22.8934
1786938119,27.09621,78.2269,23,0,,,,27.18938,27.8665,22.8934
1786938120,27.06684,78.18723,22,0,,,,27.25711,27.66331,22.8934
1786938120,27.02411,78.20859,23,0,,,,27.25711,27.7649,23.02867
1786938121,27.09621,78.13229,23,0,,,,27.15551,27.7649,23.02867
1786938122,26.95468,78.10941,23,0,,,,27.32484,27.66331,23.06253
1786938122,27.12291,78.08652,23,0,,,,27.25711,27.62944,23.06253
1786938123,26.95468,78.13992,23,0,,,,27.25711,27.66331,23.13006
1786938124,26.96803,78.1033,23,0,,,,27.29098,27.73104,22.96113
1786938124,27.04013,78.06668,23,0,,,,27.22325,27.56171,22.96113
1786938125,27.02411,78.17654,23,0,,,,27.25711,27.79877,23.02867
1786938126,26.96803,78.05905,23,0,,,,27.29098,27.7649,23.02867
1786938126,26.99741,78.12772,23,0,,,,27.15551,27.73104,22.9948
1786938127,26.95468,78.08957,23,0,,,,27.25711,27.69717,23.0962
1786938128,27.05348,78.07126,23,0,,,,27.22325,27.66331,22.96113
1786938128,27.04013,78.05753,23,0,,,,27.32484,27.69717,23.02867
1786938129,26.92798,78.03006,23,0,,,,27.22325,27.7649,23.16393
1786938130,26.99741,77.97208,23,0,,,,27.22325,27.59557,23.13006
1786938130,27.02411,78.10483,23,0,,,,27.22325,27.7649,22.96113
1786938131,27.01076,78.08041,23,0,,,,27.25711,27.79877,22.9948
1786938132,27.01076,78.03922,23,0,,,,27.35871,27.7649,22.92727
1786938132,26.96803,78.08041,23,0,,,,27.22325,27.83244,22.85974
1786938133,27.02411,78.10483,23,0,,,,27.18938,27.8665,23.02867
1786938134,26.92798,78.0499,23,0,,,,27.29098,27.83244,23.06253
1786938134,26.95468,78.00412,23,0,,,,27.29098,27.83244,22.9948
1786938135,26.86923,78.03464,23,0,,,,27.29098,27.8665,22.8934
1786938136,26.98405,78.10483,23,0,,,,27.08778,27.8665,22.92727
1786938136,27.02411,78.15518,23,0,,,,27.22325,27.7649,23.13006
1786938137,27.02411,78.16739,23,0,,,,27.29098,27.66331,22.9948
1786938138,26.98405,78.07584,23,0,,,,27.25711,27.7649,22.92727
1786938138,26.99741,78.14908,23,0,,,,27.32484,27.73104,23.02867
1786938139,26.98405,78.13535,23,0,,,,27.15551,27.69717,23.06253
1786938140,26.95468,78.233,23,0,,,,27.25711,27.73104,23.02867
1786938140,26.99741,78.11856,23,0,,,,27.29098,27.69717,23.0962
1786938141,26.95468,78.36881,23,0,,,,27.25711,27.69717,22.85974
1786938142,26.8986,78.24063,23,0,,,,27.25711,27.69717,22.9948
1786938142,27.06684,78.34287,23,0,,,,27.29098,27.66331,23.16393
1786938143,26.98405,78.47868,23,0,,,,27.29098,27.79877,22.9948
1786938144,26.99741,78.56565,23,0,,,,27.32484,27.73104,23.06253
1786938144,27.04013,78.71214,23,0,,,,27.29098,27.7649,22.9948
1786938145,27.08286,78.68009,23,0,,,,27.29098,27.83244,22.82587
1786938146,26.95468,78.83574,23,0,,,,27.32484,27.79877,22.8934
1786938146,26.98405,78.7396,23,0,,,,27.18938,27.7649,23.06253
1786938147,26.96803,78.88152,23,0,,,,27.39258,27.69717,22.8934
1786938148,27.06684,78.92424,23,0,,,,27.25711,27.59557,22.9948
1786938148,27.05348,79.11955,23,0,,,,27.32484,27.79877,23.0962
1786938149,27.05348,79.14854,23,0,,,,27.22325,27.59557,22.96113
1786938150,26.98405,79.07988,23,0,,,,27.35871,27.73104,22.8934
1786938150,27.02411,79.07988,23,0,,,,27.22325,27.69717,22.8934
1786938151,26.94133,79.04784,23,0,,,,27.29098,27.79877,22.92727
1786938152,26.98405,79.21568,23,0,,,,27.18938,27.62944,22.82587
1786938152,26.98405,79.06004,23,0,,,,27.22325,27.69717,22.75814
1786938153,27.04013,79.12566,23,0,,,,27.29098,27.56171,22.9948
1786938154,26.99741,79.15617,23,0,,,,27.32484,27.73104,22.96113
1786938154,26.99741,79.00053,23,0,,,,27.32484,27.69717,22.9948
1786938155,27.01076,79.06615,23,0,,,,27.22325,27.73104,22.96113
1786938156,26.98405,78.99748,23,0,,,,27.25711,27.73104,22.96113
1786938156,27.04013,79.01122,23,0,,,,27.25711,27.73104,23.13006
1786938157,26.99741,79.03258,23,0,,,,27.25711,27.83244,23.02867
1786938157,26.95468,79.00053,23,0,,,,27.15551,27.83244,22.96113
1786938158,27.02411,79.20653,23,0,,,,27.25711,27.83244,22.9948
1786938159,26.95468,79.18822,23,0,,,,27.25711,27.79877,23.06253
1786938159,27.04013,79.30267,23,0,,,,27.18938,27.83244,23.02867
1786938160,26.98405,79.30877,23,0,,,,27.25711,27.66331,22.9948
1786938161,27.08286,79.61395,23,0,,,,27.22325,27.66331,23.02867
1786938161,27.08286,79.93591,23,0,,,,27.15551,27.93403,22.9948
1786938162,27.04013,79.97711,23,0,,,,27.32484,27.83244,23.02867
1786938163,26.98405,80.14954,23,0,,,,27.22325,27.79877,23.02867
1786938163,26.99741,80.32807,23,0,,,,27.25711,27.79877,22.9948
1786938164,27.01076,80.2182,23,0,,,,27.18938,27.66331,23.02867
1786938165,26.99741,80.09003,23,0,,,,27.22325,27.79877,23.06253
1786938165,27.01076,80.0946,23,0,,,,27.22325,27.79877,23.06253
1786938166,27.05348,79.9176,23,0,,,,27.22325,27.79877,22.96113
1786938167,27.01076,79.92676,23,0,,,,27.35871,27.90037,22.9948
1786938167,27.06684,80.04578,22,0,,,,27.22325,27.79877,22.9948
1786938168,27.01076,80,23,0,,,,27.25711,27.7649,23.06253
1786938169,27.06684,80.10834,23,0,,,,27.25711,27.73104,22.96113
1786938169,27.02411,80.15869,23,0,,,,27.18938,27.62944,22.9948
1786938170,27.02411,80.23193,23,0,,,,27.29098,27.7649,23.13006
1786938171,27.02411,80.21057,23,0,,,,27.22325,27.62944,22.92727
1786938171,27.09621,80.31434,23,0,,,,27.25711,27.79877,23.02867
1786938172,26.96803,80.25024,23,0,,,,27.32484,27.66331,22.9948
1786938173,27.09621,80.06409,23,0,,,,27.35871,27.7649,22.9948
1786938173,26.91195,79.99542,23,0,,,,27.25711,27.7649,23.06253
1786938174,26.88525,79.77112,23,0,,,,27.29098,27.7649,22.9948
1786938175,26.92798,79.71008,23,0,,,,27.22325,27.9681,23.0962
1786938175,26.92798,79.58648,23,0,,,,27.25711,27.59557,22.96113
1786938176,26.99741,79.46746,23,0,,,,27.32484,27.7649,22.96113
1786938177,26.8986,79.41253,23,0,,,,27.25711,27.79877,22.85974
1786938177,26.99741,79.27062,23,0,,,,27.22325,27.69717,23.16393
1786938178,26.98405,79.27673,23,0,,,,27.32484,27.66331,22.9948
1786938179,26.98405,79.23552,23,0,,,,27.22325,27.83244,23.02867
1786938179,26.99741,79.18822,23,0,,,,27.15551,27.66331,23.06253
1786938180,26.94133,78.99748,23,0,,,,27.32484,27.83244,22.9948
1786938181,27.02411,78.99748,22,0,,,,27.25711,27.83244,22.96113
1786938181,26.99741,79.01122,23,0,,,,27.25711,27.79877,22.96113
1786938182,26.95468,78.95934,23,0,,,,27.25711,27.79877,22.9948
1786938183,27.01076,79.11955,23,0,,,,27.22325,27.8665,23.13006
1786938183,26.91195,78.87694,23,0,,,,27.22325,27.59557,22.9948
1786938184,26.94133,78.9334,23,0,,,,27.25711,27.83244,22.8934
1786938185,26.98405,78.7396,23,0,,,,27.18938,27.66331,23.02867
1786938185,26.96803,79.01427,23,0,,,,27.25711,27.69717,22.92727
1786938186,27.04013,78.87694,23,0,,,,27.29098,27.7649,23.02867
1786938187,26.96803,78.74418,23,0,,,,27.22325,27.79877,23.06253
1786938187,27.02411,78.75792,23,0,,,,27.25711,27.66331,22.92727
1786938188,26.92798,78.58854,23,0,,,,27.18938,27.7649,23.13006
1786938189,27.02411,78.61295,23,0,,,,27.29098,27.8665,23.06253
1786938189,27.09621,78.62058,23,0,,,,27.25711,27.83244,23.16393
1786938190,27.06684,78.49851,23,0,,,,27.35871,27.7649,22.82587
1786938191,26.99741,78.56565,23,0,,,,27.12165,27.73104,22.85974
1786938191,27.02411,78.55192,23,0,,,,27.18938,27.73104,22.85974
1786938192,26.94133,78.70756,23,0,,,,27.25711,27.73104,23.0962
1786938193,27.05348,78.62974,23,0,,,,27.35871,27.69717,23.13006
1786938193,27.01076,78.9929,23,0,,,,27.15551,27.83244,22.8934
1786938194,27.01076,79.24315,23,0,,,,27.22325,27.93403,22.96113
1786938195,27.02411,79.40032,23,0,,,,27.39258,27.62944,22.9948
1786938195,27.04013,79.63378,23,0,,,,27.18938,27.7649,22.9948
1786938196,26.96803,79.9588,23,0,,,,27.25711,27.73104,22.92727
1786938196,27.04013,80.15106,23,0,,,,27.35871,27.8665,22.9948
1786938197,27.02411,80.29603,23,0,,,,27.29098,27.7649,22.96113
1786938198,26.96803,80.49744,23,0,,,,27.25711,27.8665,22.96113
1786938198,27.06684,80.61646,23,0,,,,27.25711,27.66331,22.96113
1786938199,27.01076,80.72785,23,0,,,,27.32484,27.7649,22.9948
1786938200,26.98405,80.60426,23,0,,,,27.32484,27.73104,23.13006
1786938200,26.99741,80.65003,23,0,,,,27.22325,27.56171,23.0962
1786938201,26.98405,80.41962,23,0,,,,27.29098,27.8665,22.96113
1786938202,26.95468,80.46235,23,0,,,,27.25711,27.79877,23.06253
1786938202,27.01076,80.25024,23,0,,,,27.29098,27.73104,22.8934
1786938203,26.91195,80.23346,22,0,,,,27.22325,27.79877,23.06253
1786938204,26.88525,80.06256,23,0,,,,27.25711,27.69717,23.02867
1786938204,27.01076,80.06256,23,0,,,,27.29098,27.90037,22.96113
1786938205,27.01076,79.98016,23,0,,,,27.29098,27.69717,23.02867
1786938206,27.04013,79.97711,23,0,,,,27.22325,27.7649,22.92727
1786938206,26.94133,80.05493,23,0,,,,27.32484,27.73104,22.9948
1786938207,26.99741,80.06866,23,0,,,,27.25711,27.66331,22.96113
1786938208,26.92798,80.0824,23,0,,,,27.29098,27.7649,23.02867
1786938208,26.99741,80.03967,23,0,,,,27.25711,27.73104,23.0962
1786938209,27.01076,80.03052,23,0,,,,27.25711,27.7649,22.96113
1786938210,26.96803,80.05035,22,0,,,,27.22325,27.73104,22.92727
1786938210,26.95468,80.16327,23,0,,,,27.25711,27.79877,22.9948
1786938211,26.99741,80.11292,23,0,,,,27.29098,27.79877,23.02867
1786938212,27.05348,80.10529,23,0,,,,27.29098,27.66331,22.8934
1786938212,26.91195,80.04883,23,0,,,,27.22325,27.69717,23.06253
1786938213,26.99741,80.06866,23,0,,,,27.29098,27.66331,22.85974
1786938214,26.99741,80.11292,22,0,,,,27.35871,27.66331,22.92727
1786938214,26.99741,79.98627,23,0,,,,27.18938,27.79877,23.06253
1786938215,26.98405,79.87946,23,0,,,,27.18938,27.66331,22.96113
1786938216,26.96803,79.77112,23,0,,,,27.18938,27.69717,22.9948
1786938216,27.01076,79.9176,23,0,,,,27.29098,27.62944,22.96113
1786938217,27.06684,79.85809,23,0,,,,27.35871,27.59557,22.96113
1786938218,27.01076,79.65972,23,0,,,,27.18938,27.69717,23.06253
1786938218,26.99741,79.51934,23,0,,,,27.25711,27.79877,23.0962
1786938219,26.91195,79.39422,23,0,,,,27.32484,27.7649,22.96113
1786938220,26.8986,79.33929,23,0,,,,27.29098,27.69717,23.06253
1786938220,26.95468,79.22942,23,0,,,,27.18938,27.66331,22.92727
1786938221,26.98405,79.21568,22,0,,,,27.35871,27.66331,23.02867
1786938222,26.98405,79.03868,23,0,,,,27.22325,27.73104,23.0962
1786938222,26.98405,79.03868,23,0,,,,27.22325,27.69717,22.9948
1786938223,26.94133,78.8922,23,0,,,,27.32484,27.69717,23.06253
1786938224,26.86923,78.87389,23,0,,,,27.29098,27.69717,22.8934
1786938224,26.96803,78.81743,23,0,,,,27.22325,27.7649,23.0962
1786938225,26.95468,78.72129,23,0,,,,27.12165,27.7649,22.92727
1786938226,26.91195,78.73045,23,0,,,,27.35871,27.7649,22.96113
1786938226,26.95468,78.77165,23,0,,,,27.25711,27.83244,23.06253
1786938227,27.02411,78.79912,23,0,,,,27.25711,27.7649,22.9948
1786938228,26.95468,78.68925,23,0,,,,27.29098,27.79877,22.9948
1786938228,26.95468,78.81438,23,0,,,,27.22325,27.69717,22.8934
1786938229,27.02411,78.8098,23,0,,,,27.22325,27.73104,22.96113
1786938230,26.96803,78.72587,23,0,,,,27.32484,27.62944,23.0962
1786938230,27.01076,78.91966,23,0,,,,27.29098,27.62944,22.8934
1786938231,26.99741,78.616,23,0,,,,27.22325,27.62944,22.96113
1786938232,27.01076,78.9929,23,0,,,,27.25711,27.93403,22.96113
1786938232,27.01076,78.88152,23,0,,,,27.25711,27.59557,22.96113
1786938233,26.99741,78.97917,22,0,,,,27.08778,27.66331,22.92727
1786938234,26.8986,79.01884,23,0,,,,27.25711,27.7649,23.06253
1786938234,26.86923,79.04173,23,0,,,,27.22325,27.7649,23.02867
1786938235,26.98405,79.25689,23,0,,,,27.35871,27.62944,22.9948
1786938235,27.02411,79.33013,23,0,,,,27.22325,27.90037,22.9948
1786938236,27.01076,79.37743,23,0,,,,27.22325,27.90037,23.06253
1786938237,26.92798,79.55444,23,0,,,,27.18938,27.73104,22.9948
1786938237,26.96803,79.81232,23,0,,,,27.22325,27.69717,23.06253
1786938238,27.05348,80.08545,23,0,,,,27.32484,27.7649,23.06253
1786938239,26.95468,80.34791,22,0,,,,27.22325,27.7649,22.9948
1786938240,26.99741,80.70344,23,0,,,,27.18938,27.69717,22.96113
1786938240,26.99741,80.84688,23,0,,,,27.39258,27.69717,22.92727
1786938241,26.88525,80.91096,23,0,,,,27.29098,27.66331,22.96113
1786938241,26.98405,81.12459,23,0,,,,27.18938,27.83244,22.9948
1786938242,26.96803,81.24361,23,0,,,,27.18938,27.73104,22.92727
1786938243,27.04013,81.48165,23,0,,,,27.15551,27.83244,23.02867
1786938243,26.99741,81.54269,23,0,,,,27.22325,27.8665,22.9948
1786938244,26.98405,81.64339,23,0,,,,27.25711,27.73104,22.8934
1786938245,26.98405,81.69375,23,0,,,,27.29098,27.8665,23.02867
1786938245,26.86923,81.65255,23,0,,,,27.22325,27.90037,22.92727
1786938246,26.98405,81.79904,23,0,,,,27.29098,27.66331,23.02867
1786938247,26.99741,81.82498,23,0,,,,27.22325,27.7649,23.06253
1786938247,26.98405,81.78836,23,0,,,,27.29098,27.79877,23.02867
1786938248,27.05348,81.89975,23,0,,,,27.32484,27.73104,22.9948
1786938249,26.95468,81.78073,23,0,,,,27.22325,27.69717,22.8934
1786938249,27.01076,81.98215,23,0,,,,27.29098,27.62944,22.96113
1786938250,26.86923,81.8082,23,0,,,,27.22325,27.73104,23.02867
1786938251,26.92798,81.72121,23,0,,,,27.29098,27.66331,22.9948
1786938251,26.99741,81.71969,23,0,,,,27.25711,27.79877,22.9948
1786938252,26.91195,81.68459,23,0,,,,27.25711,27.83244,23.0962
1786938253,26.94133,81.69375,23,0,,,,27.18938,27.83244,23.06253
1786938253,26.86923,81.64339,23,0,,,,27.29098,27.7649,22.9948
1786938254,26.91195,81.74868,23,0,,,,27.29098,27.8665,22.92727
1786938255,27.02411,81.61135,23,0,,,,27.18938,27.7649,22.92727
1786938255,27.04013,81.81277,23,0,,,,27.18938,27.66331,22.8934
1786938256,26.91195,81.68459,23,0,,,,27.22325,27.73104,22.96113
1786938257,27.01076,81.68307,23,0,,,,27.18938,27.73104,22.96113
1786938257,27.01076,81.84787,23,0,,,,27.25711,27.83244,23.0962
1786938258,26.95468,81.84329,23,0,,,,27.32484,27.66331,22.96113
1786938259,26.94133,81.82956,23,0,,,,27.25711,27.79877,22.96113
1786938259,27.01076,81.75327,23,0,,,,27.15551,27.69717,23.0962
1786938260,26.95468,81.77005,23,0,,,,27.25711,27.73104,22.92727
1786938261,26.99741,81.86313,23,0,,,,27.18938,27.73104,22.9948
1786938261,26.96803,81.68917,23,0,,,,27.22325,27.7649,22.8934
1786938262,26.92798,81.57778,23,0,,,,27.22325,27.79877,23.06253
1786938263,26.86923,81.59304,23,0,,,,27.15551,27.73104,22.96113
1786938263,26.88525,81.60677,23,0,,,,27.25711,27.73104,22.92727
1786938264,26.91195,81.64645,23,0,,,,27.22325,27.73104,23.06253
1786938265,26.98405,81.49996,23,0,,,,27.35871,27.69717,23.02867
1786938265,26.95468,81.5732,23,0,,,,27.35871,27.83244,22.96113
1786938266,26.99741,81.58389,23,0,,,,27.22325,27.62944,22.75814
1786938267,26.88525,81.37789,23,0,,,,27.22325,27.79877,22.9948
1786938267,27.01076,81.3077,23,0,,,,27.22325,27.73104,23.0962
1786938268,26.94133,81.30007,23,0,,,,27.22325,27.69717,22.9948
1786938269,26.92798,81.46334,23,0,,,,27.32484,27.7649,22.96113
1786938269,26.91195,81.36416,23,0,,,,27.29098,27.69717,23.02867
1786938270,26.94133,81.40383,23,0,,,,27.29098,27.8665,22.96113
1786938271,26.86923,81.41451,23,0,,,,27.25711,27.8665,23.02867
1786938271,26.92798,81.42214,23,0,,,,27.25711,27.66331,23.13006
1786938272,26.92798,81.48318,23,0,,,,27.22325,27.66331,22.96113
1786938273,26.86923,81.40536,23,0,,,,27.22325,27.73104,22.92727
1786938273,26.98405,81.42367,23,0,,,,27.18938,27.83244,23.06253
1786938274,26.94133,81.41451,23,0,,,,27.32484,27.59557,22.9948
1786938274,26.99741,81.12917,23,0,,,,27.15551,27.69717,23.0962
1786938275,26.91195,81.21767,23,0,,,,27.22325,27.73104,23.13006
1786938276,26.88525,81.08797,23,0,,,,27.25711,27.66331,22.8934
1786938276,27.01076,80.95522,23,0,,,,27.32484,27.7649,22.9948
1786938277,26.94133,80.86519,23,0,,,,27.22325,27.73104,22.96113
1786938278,27.02411,80.75074,23,0,,,,27.25711,27.73104,22.92727
1786938278,26.92798,80.63172,23,0,,,,27.12165,27.66331,22.8934
1786938279,26.94133,80.5539,23,0,,,,27.29098,27.8665,22.8934
1786938280,26.98405,80.37843,23,0,,,,27.18938,27.73104,22.9948
1786938280,26.95468,80.29603,23,0,,,,27.35871,27.73104,23.13006
1786938281,26.91195,80.25636,23,0,,,,27.22325,27.79877,22.92727
1786938282,26.94133,80.04425,23,0,,,,27.18938,27.7649,22.8934
1786938282,26.96803,79.96796,23,0,,,,27.32484,27.66331,23.13006
1786938283,26.91195,80.01678,23,0,,,,27.25711,27.7649,22.96113
1786938284,27.02411,79.81689,23,0,,,,27.22325,27.56171,22.96113
1786938284,26.96803,79.65972,23,0,,,,27.32484,27.7649,23.02867
1786938285,26.98405,79.63226,23,0,,,,27.35871,27.79877,23.02867
1786938286,26.96803,79.76196,23,0,,,,27.22325,27.69717,23.02867
1786938286,26.92798,79.65667,23,0,,,,27.22325,27.69717,22.9948
1786938287,27.05348,79.55444,23,0,,,,27.29098,27.73104,23.02867
1786938288,26.95468,79.51781,23,0,,,,27.29098,27.73104,22.92727
1786938288,27.05348,79.3164,23,0,,,,27.39258,27.79877,22.92727
1786938289,26.94133,79.30877,23,0,,,,27.29098,27.7649,23.02867
1786938290,27.01076,79.43084,23,0,,,,27.32484,27.62944,22.96113
1786938290,26.8986,79.34844,23,0,,,,27.25711,27.79877,22.9948
1786938291,26.94133,79.26604,23,0,,,,27.25711,27.83244,22.96113
1786938292,26.92798,79.22179,23,0,,,,27.18938,27.79877,22.96113
1786938292,27.08286,79.2813,22,0,,,,27.22325,27.62944,23.1978
1786938293,26.94133,79.15312,23,0,,,,27.15551,27.73104,23.13006
1786938294,26.99741,79.08293,23,0,,,,27.22325,27.73104,22.9948
1786938294,26.92798,79.0753,23,0,,,,27.18938,27.66331,23.02867
1786938295,26.8986,79.03716,23,0,,,,27.25711,27.69717,22.92727
1786938296,26.91195,79.10277,23,0,,,,27.22325,27.66331,23.0962
1786938296,26.94133,79.15312,23,0,,,,27.22325,27.7649,22.9948
1786938297,27.02411,79.14244,23,0,,,,27.32484,27.69717,22.9948
1786938298,26.8986,78.99748,23,0,,,,27.32484,27.7649,23.06253
1786938298,26.86923,79.04173,23,0,,,,27.18938,27.7649,22.9948
1786938299,26.98405,78.9868,23,0,,,,27.25711,27.66331,23.23146
1786938300,26.95468,79.00053,23,0,,,,27.29098,27.66331,23.02867
1786938300,26.92798,78.98375,23,0,,,,27.32484,27.69717,23.0962
1786938301,26.88525,78.96086,23,0,,,,27.32484,27.7649,22.9948
1786938302,26.96803,79.03716,23,0,,,,27.29098,27.73104,22.96113
1786938302,26.98405,79.06004,23,0,,,,27.29098,27.59557,23.0962
1786938303,26.99741,79.00053,23,0,,,,27.25711,27.73104,22.92727
1786938304,27.02411,79.06004,23,0,,,,27.29098,27.73104,23.06253
1786938304,26.95468,79.02037,23,0,,,,27.22325,27.7649,22.96113
1786938305,26.96803,78.91966,23,0,,,,27.25711,27.7649,22.96113
1786938306,26.95468,79.00053,23,0,,,,27.18938,27.66331,23.06253
1786938306,26.92798,79.12871,23,0,,,,27.22325,27.73104,23.02867
1786938307,27.01076,79.0753,23,0,,,,27.29098,27.73104,22.96113
1786938308,26.95468,78.93797,23,0,,,,27.15551,27.73104,22.9948
1786938308,26.96803,79.02495,23,0,,,,27.29098,27.62944,23.0962
1786938309,26.98405,79.02953,23,0,,,,27.25711,27.79877,22.92727
1786938310,26.99741,79.12566,23,0,,,,27.25711,27.7649,22.96113
1786938310,26.96803,79.02495,23,0,,,,27.25711,27.62944,22.96113
1786938311,26.96803,79.16075,23,0,,,,27.18938,27.7649,22.92727
1786938312,26.94133,79.06004,23,0,,,,27.22325,27.7649,22.82587
1786938312,26.92798,79.22179,23,0,,,,27.18938,27.62944,22.96113
1786938313,27.01076,79.11955,23,0,,,,27.25711,27.83244,23.13006
1786938313,27.09621,79.29504,23,0,,,,27.25711,27.8665,22.8934
1786938314,27.01076,79.23094,23,0,,,,27.25711,27.66331,23.0962
1786938315,26.99741,79.2813,23,0,,,,27.29098,27.69717,22.9948
1786938315,27.01076,79.26299,23,0,,,,27.25711,27.7649,22.9948
1786938316,26.98405,79.21568,23,0,,,,27.32484,27.7649,22.9948
1786938317,26.99741,79.2813,23,0,,,,27.25711,27.79877,23.02867
1786938317,26.96803,79.47204,23,0,,,,27.29098,27.69717,22.96113
1786938318,26.99741,79.45831,23,0,,,,27.25711,27.56171,23.13006
1786938319,26.98405,79.44457,23,0,,,,27.15551,27.79877,23.0962
1786938319,27.02411,79.53613,23,0,,,,27.29098,27.73104,23.1978
1786938320,26.99741,79.4995,23,0,,,,27.22325,27.79877,23.02867
1786938321,26.95468,79.4461,23,0,,,,27.29098,27.7649,23.13006
1786938321,26.96803,79.48119,23,0,,,,27.25711,27.83244,22.9948
1786938322,27.02411,79.53613,23,0,,,,27.32484,27.79877,23.02867
1786938323,27.05348,79.52392,23,0,,,,27.29098,27.69717,23.0962
1786938323,26.94133,79.50408,23,0,,,,27.25711,27.69717,23.02867
1786938324,26.88525,79.51019,23,0,,,,27.25711,27.7649,23.0962
1786938325,26.92798,79.43999,23,0,,,,27.22325,27.7649,22.9948
1786938325,26.92798,79.41863,23,0,,,,27.25711,27.73104,22.75814
1786938326,26.92798,79.37743,23,0,,,,27.32484,27.73104,22.96113
1786938327,26.94133,79.33013,23,0,,,,27.25711,27.73104,23.02867
1786938327,27.04013,79.29046,23,0,,,,27.18938,27.66331,22.8934
1786938328,26.98405,79.34997,23,0,,,,27.22325,27.59557,23.13006
1786938329,26.96803,79.29504,23,0,,,,27.25711,27.7649,23.06253
1786938329,27.04013,79.24925,23,0,,,,27.32484,27.69717,23.02867
1786938330,27.01076,79.16075,23,0,,,,27.32484,27.83244,22.96113
1786938331,26.94133,79.15312,23,0,,,,27.18938,27.7649,23.1978
1786938331,26.95468,78.92729,23,0,,,,27.29098,27.62944,22.9948
1786938332,26.99741,78.97002,23,0,,,,27.25711,27.62944,23.02867
1786938333,27.04013,79.04326,23,0,,,,27.29098,27.73104,22.9948
1786938333,27.01076,78.79607,23,0,,,,27.32484,27.56171,23.02867
1786938334,26.95468,78.83574,23,0,,,,27.22325,27.69717,22.8934
1786938335,26.84253,78.71214,23,0,,,,27.35871,27.83244,23.06253
1786938335,26.99741,78.63584,23,0,,,,27.29098,27.7649,23.02867
1786938336,26.99741,78.616,23,0,,,,27.25711,27.7649,22.9948
1786938337,26.88525,78.64042,23,0,,,,27.25711,27.83244,23.02867
1786938337,26.95468,78.47105,23,0,,,,27.22325,27.69717,23.02867
1786938338,27.04013,78.34745,23,0,,,,27.29098,27.66331,23.02867
1786938339,26.8986,78.38407,23,0,,,,27.15551,27.66331,22.96113
1786938339,26.96803,78.32914,23,0,,,,27.22325,27.79877,22.96113
1786938340,26.96803,78.24673,23,0,,,,27.25711,27.69717,22.9948
1786938341,27.01076,78.23605,23,0,,,,27.32484,27.79877,22.92727
1786938341,27.08286,78.18112,23,0,,,,27.29098,27.66331,23.02867
1786938342,27.04013,78.17197,23,0,,,,27.25711,27.62944,23.02867
1786938343,26.96803,78.02701,23,0,,,,27.29098,27.7649,23.13006
1786938343,26.98405,78.03159,23,0,,,,27.15551,27.69717,23.02867
1786938344,27.02411,78.04379,23,0,,,,27.22325,27.73104,22.92727
1786938345,26.88525,77.93546,23,0,,,,27.25711,27.7649,22.92727
1786938345,26.99741,77.93393,23,0,,,,27.25711,27.8665,23.06253
1786938346,27.04013,77.86069,23,0,,,,27.22325,27.73104,22.96113
1786938347,26.98405,77.90799,23,0,,,,27.32484,27.83244,23.02867
1786938347,26.92798,77.79202,23,0,,,,27.22325,27.79877,23.02867
1786938348,26.91195,77.69283,23,0,,,,27.25711,27.59557,22.92727
1786938349,26.98405,77.78439,23,0,,,,27.29098,27.66331,23.13006
1786938349,26.94133,77.74166,23,0,,,,27.32484,27.7649,23.06253
1786938350,26.99741,77.92172,23,0,,,,27.29098,27.83244,22.92727
1786938351,26.94133,77.71114,23,0,,,,27.29098,27.8665,22.9948
1786938351,27.01076,77.72793,23,0,,,,27.32484,27.7649,22.96113
1786938352,27.06684,77.76151,23,0,,,,27.29098,27.7649,22.9948
1786938353,27.04013,77.73403,23,0,,,,27.25711,27.73104,23.06253
1786938353,27.05348,77.66537,23,0,,,,27.25711,27.69717,23.06253
1786938354,26.91195,77.70199,23,0,,,,27.25711,27.83244,23.02867
1786938354,26.95468,77.66079,23,0,,,,27.32484,27.7649,22.9948
1786938355,26.94133,77.64706,23,0,,,,27.22325,27.73104,23.06253
1786938356,27.01076,77.73861,23,0,,,,27.22325,27.79877,22.96113
1786938356,26.92798,77.67452,23,0,,,,27.15551,27.73104,22.96113
1786938357,26.98405,77.68826,23,0,,,,27.29098,27.7649,22.92727
1786938358,27.05348,77.65621,23,0,,,,27.29098,27.7649,23.06253
1786938358,26.95468,77.68215,23,0,,,,27.25711,27.69717,22.9948
1786938359,27.01076,77.64553,23,0,,,,27.25711,27.62944,22.96113
1786938360,27.04013,77.69283,23,0,,,,27.29098,27.79877,22.96113
1786938360,26.92798,77.75998,22,0,,,,27.18938,27.7649,23.06253
1786938361,26.92798,77.82101,23,0,,,,27.22325,27.73104,22.96113
1786938362,27.04013,77.65163,23,0,,,,27.29098,27.66331,22.92727
1786938362,26.99741,77.77829,23,0,,,,27.25711,27.8665,22.9948
1786938363,26.94133,77.77371,23,0,,,,27.25711,27.73104,22.92727
1786938364,27.06684,77.65926,23,0,,,,27.29098,27.52784,22.96113
1786938364,27.01076,77.83017,23,0,,,,27.25711,27.62944,23.0962
1786938365,26.99741,77.72488,23,0,,,,27.25711,27.7649,23.02867
1786938366,26.88525,77.68673,23,0,,,,27.25711,27.7649,23.1978
1786938366,26.84253,77.83017,23,0,,,,27.35871,27.59557,23.0962
1786938367,26.92798,77.89426,23,0,,,,27.25711,27.79877,23.13006
1786938368,26.95468,77.74624,23,0,,,,27.22325,27.62944,23.02867
1786938368,26.99741,77.81644,23,0,,,,27.22325,27.7649,22.75814
1786938369,26.99741,77.91104,23,0,,,,27.25711,27.79877,23.06253
1786938370,27.02411,77.91714,23,0,,,,27.32484,27.73104,22.96113
1786938370,26.94133,77.8439,23,0,,,,27.18938,27.7649,22.92727
1786938371,26.98405,77.90799,23,0,,,,27.29098,27.62944,22.96113
1786938372,26.98405,77.97055,23,0,,,,27.25711,27.79877,23.13006
1786938372,26.96803,78.01785,23,0,,,,27.32484,27.83244,22.96113
1786938373,27.01076,78.00717,23,0,,,,27.25711,27.7649,22.96113
1786938374,26.95468,77.92172,23,0,,,,27.32484,27.83244,23.06253
1786938374,27.02411,78.13535,23,0,,,,27.18938,27.73104,22.96113
1786938375,27.02411,77.93851,22,0,,,,27.25711,27.73104,22.92727
1786938376,26.92798,78.05905,23,0,,,,27.25711,27.73104,22.9948
1786938376,26.94133,77.99039,23,0,,,,27.22325,27.73104,22.92727
1786938377,26.98405,78.03159,23,0,,,,27.25711,27.59557,22.9948
1786938378,26.96803,78.02701,23,0,,,,27.25711,27.79877,23.02867
1786938378,26.99741,78.09872,23,0,,,,27.25711,27.79877,23.13006
1786938379,26.98405,78.02243,23,0,,,,27.25711,27.66331,22.9948
1786938380,27.06684,78.06363,23,0,,,,27.25711,27.69717,23.0962
1786938380,26.94133,77.99954,23,0,,,,27.25711,27.73104,23.0962
1786938381,27.06684,78.12619,23,0,,,,27.25711,27.79877,22.9948
1786938382,27.04013,78.06668,23,0,,,,27.25711,27.7649,22.9948
1786938382,26.86923,77.98428,23,0,,,,27.18938,27.7649,22.92727
1786938383,26.96803,78.02701,23,0,,,,27.25711,27.83244,22.8934
1786938384,26.86923,77.91104,23,0,,,,27.22325,27.49417,23.02867
1786938384,26.99741,77.93393,23,0,,,,27.22325,27.69717,23.06253
1786938385,26.94133,77.94003,23,0,,,,27.18938,27.73104,22.9948
1786938386,26.98405,77.99039,23,0,,,,27.29098,27.62944,22.92727
1786938386,26.99741,77.85764,23,0,,,,27.39258,27.7649,23.06253
1786938387,27.02411,77.88815,23,0,,,,27.29098,27.69717,22.92727
1786938388,27.02411,77.91714,23,0,,,,27.25711,27.7649,22.9948
1786938388,27.06684,77.86526,23,0,,,,27.29098,27.62944,22.9948
1786938389,27.02411,77.83475,23,0,,,,27.29098,27.79877,22.96113
1786938390,27.01076,77.72793,23,0,,,,27.35871,27.69717,22.96113
1786938390,26.96803,77.84238,23,0,,,,27.25711,27.66331,22.92727
1786938391,26.98405,77.87595,23,0,,,,27.32484,27.69717,22.92727
1786938392,26.99741,77.93393,23,0,,,,27.22325,27.83244,22.9948
1786938392,26.92798,77.84238,23,0,,,,27.18938,27.69717,22.92727
1786938393,26.92798,77.81033,23,0,,,,27.32484,27.62944,23.02867
1786938393,27.06684,77.92935,23,0,,,,27.29098,27.73104,22.92727
1786938394,26.98405,77.9614,23,0,,,,27.22325,27.8665,22.92727
1786938395,26.96803,77.87137,23,0,,,,27.25711,27.73104,23.02867
1786938395,26.99741,77.84848,23,0,,,,27.32484,27.79877,22.92727
1786938396,26.99741,77.94308,23,0,,,,27.25711,27.79877,22.9948
1786938397,26.98405,77.99039,23,0,,,,27.25711,27.8665,22.9948
1786938397,26.96803,78.02701,23,0,,,,27.25711,27.66331,23.13006
1786938398,26.95468,77.92172,23,0,,,,27.29098,27.69717,22.92727
1786938399,26.94133,78.07278,23,0,,,,27.25711,27.62944,23.02867
1786938399,27.06684,78.04379,23,0,,,,27.29098,27.49417,22.96113
1786938400,26.99741,78.00412,23,0,,,,27.22325,27.73104,22.9948
1786938401,26.98405,77.97971,23,0,,,,27.29098,27.83244,22.9948
1786938401,27.08286,78.04532,23,0,,,,27.32484,27.62944,22.85974
1786938402,26.98405,78.07584,23,0,,,,27.32484,27.7649,22.9948
1786938403,27.02411,78.06363,23,0,,,,27.29098,27.7649,22.92727
1786938403,26.8986,78.13535,23,0,,,,27.35871,27.69717,22.92727
1786938404,27.05348,78.15366,23,0,,,,27.22325,27.66331,23.02867
1786938405,27.04013,78.25437,23,0,,,,27.22325,27.69717,22.96113
1786938405,26.96803,78.19485,23,0,,,,27.25711,27.69717,22.82587
1786938406,26.95468,78.24216,23,0,,,,27.35871,27.83244,23.02867
1786938407,27.08286,78.26505,23,0,,,,27.22325,27.69717,23.0962
1786938407,26.95468,78.27268,23,0,,,,27.29098,27.8665,23.06253
1786938408,26.95468,78.31541,23,0,,,,27.25711,27.7649,22.92727
1786938409,26.99741,78.38865,23,0,,,,27.18938,27.59557,22.82587
1786938409,27.04013,78.42069,23,0,,,,27.32484,27.73104,23.0962
1786938410,26.95468,78.45121,23,0,,,,27.29098,27.73104,23.02867
1786938411,27.04013,78.46037,23,0,,,,27.25711,27.69717,22.82587
1786938411,27.06684,78.55192,23,0,,,,27.18938,27.69717,22.96113
1786938412,26.98405,78.59312,23,0,,,,27.29098,27.79877,23.0962
1786938413,26.96803,78.51682,23,0,,,,27.25711,27.83244,23.06253
1786938413,26.98405,78.53056,23,0,,,,27.29098,27.83244,23.06253
1786938414,26.98405,78.70756,23,0,,,,27.22325,27.66331,22.9948
1786938415,26.92798,78.74418,23,0,,,,27.25711,27.59557,22.96113
1786938415,26.95468,78.68009,23,0,,,,27.29098,27.79877,23.06253
1786938416,26.96803,78.62058,23,0,,,,27.29098,27.73104,22.85974
1786938417,26.94133,78.7686,23,0,,,,27.29098,27.69717,22.82587
1786938417,27.01076,78.69382,23,0,,,,27.25711,27.69717,22.9948
1786938418,27.06684,78.69535,23,0,,,,27.22325,27.59557,22.92727
1786938419,26.95468,78.73197,23,0,,,,27.29098,27.66331,22.9948
1786938419,27.02411,78.6862,23,0,,,,27.22325,27.69717,22.92727
1786938420,26.96803,78.54734,23,0,,,,27.35871,27.7649,22.96113
1786938421,26.95468,78.51225,23,0,,,,27.25711,27.62944,23.16393
1786938421,27.02411,78.41611,23,0,,,,27.22325,27.79877,22.9948
1786938422,26.98405,78.43748,23,0,,,,27.35871,27.79877,23.06253
1786938423,27.05348,78.40238,23,0,,,,27.29098,27.7649,22.96113
1786938423,26.98405,78.20859,23,0,,,,27.32484,27.73104,22.8934
1786938424,26.94133,78.22842,23,0,,,,27.22325,27.59557,22.9948
1786938425,27.12291,78.21317,23,0,,,,27.29098,27.66331,22.96113
1786938425,26.91195,78.16891,23,0,,,,27.18938,27.7649,22.96113
1786938426,26.96803,78.02701,23,0,,,,27.25711,27.7649,22.9948
1786938427,26.99741,77.95377,23,0,,,,27.32484,27.7649,22.9948
1786938427,27.10956,78.01175,23,0,,,,27.32484,27.7649,23.02867
1786938428,26.91195,77.86984,23,0,,,,27.32484,27.69717,22.9948
1786938429,27.01076,77.77982,23,0,,,,27.22325,27.7649,23.06253
1786938429,27.01076,77.70657,23,0,,,,27.25711,27.66331,23.06253
1786938430,26.91195,77.5906,23,0,,,,27.22325,27.66331,23.06253
1786938431,26.99741,77.70199,23,0,,,,27.32484,27.73104,22.8934
1786938431,26.92798,77.51888,23,0,,,,27.35871,27.62944,23.13006
1786938432,26.96803,77.51888,23,0,,,,27.22325,27.79877,23.02867
1786938432,27.02411,77.44106,23,0,,,,27.29098,27.8665,23.13006
1786938433,27.05348,77.53109,23,0,,,,27.25711,27.73104,22.96113
1786938434,26.99741,77.40292,23,0,,,,27.22325,27.83244,22.96113
1786938434,26.96803,77.30221,23,0,,,,27.22325,27.8665,23.16393
1786938435,26.99741,77.36172,23,0,,,,27.22325,27.69717,22.9948
1786938436,26.99741,77.29916,23,0,,,,27.25711,27.83244,22.8934
1786938436,27.06684,77.29458,23,0,,,,27.25711,27.66331,22.8934
1786938437,27.02411,77.24269,23,0,,,,27.22325,27.7649,22.92727
1786938438,27.05348,77.1786,23,0,,,,27.29098,27.83244,23.13006
1786938438,26.96803,77.26101,23,0,,,,27.22325,27.66331,22.9948
1786938439,26.98405,77.24422,23,0,,,,27.25711,27.7649,23.13006
1786938440,26.94133,77.29763,23,0,,,,27.29098,27.73104,22.96113
1786938440,27.06684,77.26254,22,0,,,,27.25711,27.83244,23.06253
1786938441,26.99741,77.16487,23,0,,,,27.18938,27.90037,23.06253
1786938442,26.94133,77.16182,23,0,,,,27.22325,27.7649,22.92727
1786938442,27.08286,77.22591,23,0,,,,27.22325,27.66331,22.92727
1786938443,26.98405,77.15114,23,0,,,,27.25711,27.90037,22.96113
1786938444,26.95468,77.23506,23,0,,,,27.35871,27.7649,23.0962
1786938444,26.95468,77.17555,23,0,,,,27.29098,27.56171,22.96113
1786938445,27.01076,77.33425,23,0,,,,27.32484,27.62944,22.9948
1786938446,27.06684,77.15114,23,0,,,,27.22325,27.73104,22.85974
1786938446,27.08286,77.13283,23,0,,,,27.22325,27.7649,23.02867
1786938447,26.98405,77.0367,23,0,,,,27.18938,27.83244,22.9948
1786938448,27.02411,77.08705,23,0,,,,27.32484,27.73104,23.02867
1786938448,27.08286,77.05043,23,0,,,,27.25711,27.8665,23.06253
1786938449,27.02411,77.15114,23,0,,,,27.25711,27.7649,22.96113
1786938450,26.99741,77.05959,22,0,,,,27.25711,27.7649,22.96113
1786938450,26.99741,77.07027,23,0,,,,27.25711,27.90037,23.0962
1786938451,26.98405,77.05653,23,0,,,,27.22325,27.79877,23.02867
1786938452,27.04013,77.05959,23,0,,,,27.29098,27.69717,22.96113
1786938452,27.02411,76.96346,23,0,,,,27.22325,27.7649,23.13006
1786938453,27.05348,77.07332,23,0,,,,27.29098,27.62944,22.96113
1786938454,27.04013,77.11147,23,0,,,,27.25711,27.73104,22.92727
1786938454,27.02411,77.04585,23,0,,,,27.29098,27.7649,23.02867
1786938455,27.01076,77.23964,23,0,,,,27.29098,27.73104,22.92727
1786938456,26.99741,77.54635,23,0,,,,27.32484,27.7649,22.96113
1786938456,27.01076,77.64553,23,0,,,,27.22325,27.7649,23.06253
1786938457,27.01076,78.00717,23,0,,,,27.22325,27.69717,22.96113
1786938458,26.92798,78.13229,23,0,,,,27.25711,27.79877,23.0962
1786938458,27.05348,78.41459,23,0,,,,27.25711,27.8665,22.92727
1786938459,27.04013,78.54429,23,0,,,,27.29098,27.83244,23.0962
1786938460,26.99741,78.616,23,0,,,,27.29098,27.8665,23.0962
1786938460,26.99741,78.68009,23,0,,,,27.22325,27.69717,23.02867
1786938461,26.98405,78.80064,23,0,,,,27.22325,27.69717,22.96113
1786938462,27.02411,78.84184,23,0,,,,27.22325,27.73104,23.0962
1786938462,26.98405,78.6862,23,0,,,,27.18938,27.7649,22.96113
1786938463,26.99741,78.69993,22,0,,,,27.25711,27.62944,23.02867
1786938464,26.94133,78.70756,23,0,,,,27.25711,27.7649,23.0962
1786938464,27.01076,78.57938,23,0,,,,27.25711,27.73104,22.9948
1786938465,27.06684,78.53056,23,0,,,,27.25711,27.83244,22.85974
1786938466,26.99741,78.45121,23,0,,,,27.15551,27.69717,22.96113
1786938466,26.92798,78.52598,23,0,,,,27.25711,27.73104,22.96113
1786938467,26.95468,78.42069,23,0,,,,27.32484,27.83244,23.0962
1786938468,26.94133,78.25132,23,0,,,,27.25711,27.69717,23.02867
1786938468,27.02411,78.29099,23,0,,,,27.35871,27.73104,22.96113
1786938469,27.08286,78.18112,23,0,,,,27.25711,27.62944,23.06253
1786938470,26.94133,78.13535,23,0,,,,27.25711,27.69717,22.82587
1786938470,26.99741,78.11856,23,0,,,,27.29098,27.69717,22.9948
1786938471,27.02411,77.97971,23,0,,,,27.15551,27.69717,23.13006
1786938471,27.01076,78.03922,23,0,,,,27.18938,27.83244,23.0962
1786938472,26.99741,77.86984,23,0,,,,27.22325,27.7649,23.13006
1786938473,27.06684,77.88815,23,0,,,,27.22325,27.66331,23.0962
1786938473,26.98405,77.89731,23,0,,,,27.25711,27.62944,23.06253
1786938474,26.92798,77.81033,23,0,,,,27.22325,27.73104,22.96113
1786938475,26.99741,77.72488,23,0,,,,27.32484,27.69717,23.13006
1786938475,26.99741,77.78745,23,0,,,,27.18938,27.83244,22.96113
1786938476,26.99741,77.66079,23,0,,,,27.29098,27.73104,23.02867
1786938477,27.04013,77.81949,23,0,,,,27.18938,27.69717,22.96113
1786938477,27.01076,77.74776,23,0,,,,27.32484,27.7649,22.9948
1786938478,26.98405,77.60891,22,0,,,,27.25711,27.56171,22.96113
1786938479,27.01076,77.65621,23,0,,,,27.29098,27.73104,22.9948
1786938479,26.94133,77.64706,23,0,,,,27.32484,27.7649,22.9948
1786938480,27.02411,77.68826,23,0,,,,27.25711,27.69717,23.06253
1786938481,27.09621,77.67757,23,0,,,,27.29098,27.83244,22.92727
1786938481,27.02411,77.62722,23,0,,,,27.22325,27.7649,23.06253
1786938482,27.01076,77.61349,23,0,,,,27.29098,27.56171,23.02867
1786938483,27.06684,77.6791,23,0,,,,27.29098,27.7649,23.02867
1786938483,27.05348,77.76913,23,0,,,,27.29098,27.66331,23.06253
1786938484,26.96803,77.65469,23,0,,,,27.32484,27.7649,23.0962
1786938485,26.99741,77.66079,23,0,,,,27.25711,27.7649,23.02867
1786938485,27.01076,77.71572,23,0,,,,27.29098,27.69717,23.02867
1786938486,27.01076,77.77982,23,0,,,,27.22325,27.7649,22.92727
1786938487,26.96803,77.73861,23,0,,,,27.22325,27.7649,22.92727
1786938487,26.94133,77.77371,23,0,,,,27.25711,27.7649,23.0962
1786938488,26.96803,77.90341,23,0,,,,27.29098,27.73104,22.82587
1786938489,26.98405,77.87595,23,0,,,,27.18938,27.59557,22.96113
1786938489,27.02411,77.93851,23,0,,,,27.25711,27.83244,23.02867
1786938490,26.95468,77.80728,23,0,,,,27.25711,27.83244,22.96113
1786938491,26.96803,77.90341,23,0,,,,27.22325,27.7649,23.06253
1786938491,26.96803,78.03922,23,0,,,,27.29098,27.66331,23.02867
1786938492,26.8986,77.99954,23,0,,,,27.29098,27.83244,22.9948
1786938493,26.99741,78.1918,23,0,,,,27.22325,27.59557,23.06253
1786938493,26.99741,78.09872,23,0,,,,27.22325,27.69717,22.85974
1786938494,27.02411,78.24979,23,0,,,,27.25711,27.69717,23.13006
1786938495,26.99741,78.30473,23,0,,,,27.39258,27.66331,22.92727
1786938495,27.02411,78.34287,23,0,,,,27.18938,27.79877,22.92727
1786938496,26.99741,78.51225,23,0,,,,27.29098,27.69717,22.9948
1786938497,26.96803,78.75487,23,0,,,,27.22325,27.7649,22.8934
1786938497,27.05348,78.86931,23,0,,,,27.29098,27.69717,23.02867
1786938498,26.94133,78.9044,23,0,,,,27.22325,27.83244,23.02867
1786938499,26.98405,79.08904,22,0,,,,27.32484,27.7649,22.75814
1786938499,26.8986,79.24467,23,0,,,,27.32484,27.73104,23.02867
1786938500,27.01076,79.32708,23,0,,,,27.32484,27.83244,23.0962
1786938501,26.94133,79.44457,23,0,,,,27.15551,27.7649,22.9948
1786938501,27.06684,79.44457,23,0,,,,27.29098,27.73104,23.06253
1786938502,27.09621,79.49187,23,0,,,,27.32484,27.93403,23.02867
1786938503,26.94133,79.51476,23,0,,,,27.22325,27.7649,23.06253
1786938503,27.02411,79.49645,23,0,,,,27.22325,27.7649,23.02867
1786938504,26.92798,79.54223,23,0,,,,27.25711,27.7649,22.8934
1786938505,26.94133,79.55596,23,0,,,,27.29098,27.7649,23.02867
1786938505,26.99741,79.45831,23,0,,,,27.29098,27.79877,23.06253
1786938506,27.04013,79.5407,23,0,,,,27.25711,27.7649,23.06253
1786938507,26.98405,79.35912,23,0,,,,27.22325,27.83244,22.92727
1786938507,27.01076,79.28436,23,0,,,,27.29098,27.90037,22.96113
1786938508,26.91195,79.27062,23,0,,,,27.22325,27.69717,22.92727
1786938509,26.98405,79.27673,23,0,,,,27.25711,27.7649,22.92727
1786938509,27.05348,79.23094,23,0,,,,27.25711,27.69717,23.02867
1786938510,27.02411,79.03868,23,0,,,,27.18938,27.83244,22.96113
1786938511,27.04013,78.99138,23,0,,,,27.22325,27.83244,22.92727
1786938511,26.98405,78.92424,23,0,,,,27.22325,27.66331,23.1978
1786938512,26.95468,78.97002,23,0,,,,27.25711,27.83244,22.82587
1786938512,27.01076,78.72587,23,0,,,,27.25711,27.7649,22.92727
1786938513,26.98405,78.78996,23,0,,,,27.29098,27.69717,22.92727
1786938514,27.10956,78.67551,23,0,,,,27.25711,27.69717,23.02867
1786938514,27.05348,78.65263,23,0,,,,27.18938,27.62944,23.06253
1786938515,27.06684,78.63432,23,0,,,,27.25711,27.69717,23.0962
1786938516,27.02411,78.7396,23,0,,,,27.32484,27.73104,22.9948
1786938516,27.02411,78.5626,23,0,,,,27.29098,27.73104,23.06253
1786938517,26.99741,78.4802,23,0,,,,27.29098,27.7649,23.02867
1786938518,26.98405,78.5626,23,0,,,,27.29098,27.79877,23.02867
1786938518,26.95468,78.46037,23,0,,,,27.25711,27.7649,23.16393
1786938519,26.95468,78.3978,23,0,,,,27.32484,27.69717,23.02867
1786938520,27.02411,78.49851,23,0,,,,27.32484,27.66331,22.82587
1786938520,27.06684,78.48783,23,0,,,,27.35871,27.66331,22.92727
1786938521,26.95468,78.55344,23,0,,,,27.22325,27.7649,22.92727
1786938522,27.05348,78.48478,23,0,,,,27.25711,27.66331,23.06253
1786938522,27.02411,78.57175,23,0,,,,27.22325,27.73104,22.92727
1786938523,26.99741,78.51225,23,0,,,,27.18938,27.7649,22.96113
1786938524,27.02411,78.49851,23,0,,,,27.32484,27.83244,22.9948
1786938524,27.01076,78.51682,23,0,,,,27.29098,27.7649,22.96113
1786938525,27.09621,78.62058,23,0,,,,27.22325,27.69717,23.0962
1786938526,27.04013,78.57633,23,0,,,,27.32484,27.83244,23.0962
1786938526,27.02411,78.51072,23,0,,,,27.29098,27.69717,23.02867
1786938527,26.96803,78.52598,23,0,,,,27.25711,27.79877,23.06253
1786938528,26.98405,78.645,23,0,,,,27.39258,27.73104,23.02867
1786938528,26.98405,78.51987,23,0,,,,27.29098,27.7649,22.9948
1786938529,26.98405,78.53056,23,0,,,,27.32484,27.69717,23.02867
1786938530,26.91195,78.4802,23,0,,,,27.32484,27.73104,23.0962
1786938530,26.96803,78.64042,23,0,,,,27.25711,27.7649,22.92727
1786938531,27.04013,78.71214,23,0,,,,27.32484,27.66331,22.96113
1786938532,26.94133,78.59312,23,0,,,,27.29098,27.79877,23.06253
1786938532,27.08286,78.52445,23,0,,,,27.32484,27.73104,22.96113
1786938533,26.95468,78.439,23,0,,,,27.29098,27.69717,23.02867
1786938534,27.04013,78.38865,23,0,,,,27.22325,27.62944,22.96113
1786938534,26.94133,78.26963,23,0,,,,27.25711,27.73104,22.9948
1786938535,26.95468,78.233,23,0,,,,27.35871,27.7649,22.96113
1786938536,26.98405,78.24063,23,0,,,,27.15551,27.83244,23.06253
1786938536,27.09621,78.2269,23,0,,,,27.32484,27.73104,23.02867
1786938537,26.98405,78.10483,23,0,,,,27.29098,27.73104,23.0962
1786938538,26.99741,78.04532,23,0,,,,27.29098,27.69717,23.16393
1786938538,27.06684,77.97055,23,0,,,,27.25711,27.7649,22.96113
1786938539,26.95468,77.96292,23,0,,,,27.29098,27.83244,22.82587
1786938540,26.88525,77.84238,23,0,,,,27.18938,27.69717,23.02867
1786938540,27.02411,77.94919,23,0,,,,27.22325,27.66331,22.9948
1786938541,26.96803,77.86221,23,0,,,,27.22325,27.73104,22.792
1786938542,26.99741,77.84848,23,0,,,,27.29098,27.69717,22.9948
1786938542,27.08286,77.79813,23,0,,,,27.29098,27.79877,22.8934
1786938543,26.94133,77.75235,23,0,,,,27.29098,27.73104,23.06253
1786938544,27.01076,77.72793,23,0,,,,27.22325,27.69717,22.8934
1786938544,27.01076,77.79202,23,0,,,,27.32484,27.66331,23.06253
1786938545,27.04013,77.79813,23,0,,,,27.18938,27.8665,22.9948
1786938546,26.96803,77.65469,23,0,,,,27.18938,27.73104,22.9948
1786938546,26.95468,77.68215,23,0,,,,27.39258,27.7649,22.92727
1786938547,27.01076,77.62417,23,0,,,,27.29098,27.59557,22.92727
1786938548,26.96803,77.48989,23,0,,,,27.25711,27.7649,22.96113
1786938548,27.02411,77.72945,23,0,,,,27.29098,27.7649,23.13006
1786938549,27.01076,77.53109,23,0,,,,27.29098,27.83244,22.85974
1786938550,26.96803,77.62417,23,0,,,,27.18938,27.66331,23.0962
1786938550,27.01076,77.69588,23,0,,,,27.32484,27.62944,22.96113
1786938551,26.92798,77.62417,23,0,,,,27.29098,27.93403,22.92727
1786938551,26.91195,77.54635,23,0,,,,27.22325,27.7649,23.0962
1786938552,27.04013,77.65163,23,0,,,,27.22325,27.83244,23.06253
1786938553,26.98405,77.52346,23,0,,,,27.29098,27.62944,22.96113
1786938553,26.98405,77.75235,23,0,,,,27.22325,27.73104,23.06253
1786938554,27.05348,77.48074,23,0,,,,27.29098,27.83244,23.23146
1786938555,26.96803,77.60433,23,0,,,,27.29098,27.90037,22.92727
1786938555,26.91195,77.59975,23,0,,,,27.32484,27.73104,22.9948
1786938556,27.04013,77.59975,23,0,,,,27.25711,27.69717,22.96113
1786938557,27.02411,77.58602,23,0,,,,27.25711,27.56171,22.96113
1786938557,26.96803,77.37545,23,0,,,,27.29098,27.73104,22.96113
1786938558,27.09621,77.69588,23,0,,,,27.22325,27.73104,22.9948
1786938559,26.95468,77.56924,23,0,,,,27.22325,27.66331,23.0962
1786938559,27.05348,77.58297,23,0,,,,27.18938,27.73104,22.9948
1786938560,26.96803,77.53109,23,0,,,,27.22325,27.7649,22.9948
1786938561,26.99741,77.70199,23,0,,,,27.22325,27.69717,22.9948
1786938561,27.09621,77.76913,23,0,,,,27.25711,27.8665,23.06253
1786938562,27.01076,77.57229,23,0,,,,27.15551,27.79877,23.06253
1786938563,26.96803,77.69588,23,0,,,,27.29098,27.69717,22.96113
1786938563,27.01076,77.63638,23,0,,,,27.29098,27.59557,22.9948
1786938564,26.95468,77.73403,23,0,,,,27.29098,27.56171,22.8934
1786938565,26.95468,77.74624,23,0,,,,27.25711,27.83244,22.92727
1786938565,27.01076,77.64553,23,0,,,,27.29098,27.69717,22.96113
1786938566,26.98405,77.65926,23,0,,,,27.25711,27.66331,22.85974
1786938567,27.02411,77.56466,23,0,,,,27.22325,27.79877,23.02867
1786938567,27.04013,77.5906,23,0,,,,27.32484,27.73104,23.0962
1786938568,27.01076,77.62417,23,0,,,,27.29098,27.83244,23.0962
1786938569,26.95468,77.5906,23,0,,,,27.18938,27.79877,23.02867
1786938569,27.01076,77.55093,23,0,,,,27.18938,27.7649,22.9948
1786938570,27.02411,77.60586,23,0,,,,27.25711,27.83244,22.96113
1786938571,27.04013,77.64248,23,0,,,,27.22325,27.8665,23.02867
1786938571,27.01076,77.56008,23,0,,,,27.32484,27.79877,23.13006
1786938572,26.98405,77.58602,23,0,,,,27.15551,27.73104,22.92727
1786938573,27.02411,77.46243,23,0,,,,27.22325,27.73104,22.85974
1786938573,27.05348,77.53109,23,0,,,,27.29098,27.69717,23.02867
1786938574,27.02411,77.58602,23,0,,,,27.22325,27.62944,22.9948
1786938575,27.02411,77.58602,23,0,,,,27.32484,27.7649,23.02867
1786938575,27.10956,77.6379,23,0,,,,27.35871,27.73104,23.0962
1786938576,27.05348,77.54025,23,0,,,,27.32484,27.7649,22.96113
1786938577,26.98405,77.45327,23,0,,,,27.22325,27.83244,23.06253
1786938577,27.02411,77.51278,23,0,,,,27.29098,27.62944,23.02867
1786938578,27.01076,77.3251,23,0,,,,27.25711,27.73104,22.9948
1786938579,26.98405,77.54482,23,0,,,,27.25711,27.7649,23.02867
1786938579,26.99741,77.49599,23,0,,,,27.32484,27.7649,23.13006
1786938580,26.99741,77.53719,23,0,,,,27.25711,27.79877,23.13006
1786938581,26.95468,77.4548,23,0,,,,27.29098,27.8665,22.9948
1786938581,27.01076,77.44869,23,0,,,,27.29098,27.7649,23.0962
1786938582,26.96803,77.39529,23,0,,,,27.25711,27.56171,23.02867
1786938583,26.91195,77.34951,23,0,,,,27.22325,27.79877,22.92727
1786938583,27.01076,77.33425,23,0,,,,27.29098,27.69717,22.9948
1786938584,26.95468,77.34035,23,0,,,,27.15551,27.79877,23.02867
1786938585,26.95468,77.24727,23,0,,,,27.35871,27.59557,23.02867
1786938585,27.02411,77.36782,23,0,,,,27.32484,27.73104,23.0962
1786938586,27.02411,77.37698,23,0,,,,27.18938,27.73104,22.96113
1786938586,27.01076,77.26101,23,0,,,,27.29098,27.7649,23.13006
1786938587,27.04013,77.20607,23,0,,,,27.25711,27.79877,23.16393
1786938588,27.06684,77.37698,23,0,,,,27.35871,27.73104,23.06253
1786938588,26.95468,77.20607,23,0,,,,27.32484,27.69717,22.9948
1786938589,26.95468,77.21523,23,0,,,,27.25711,27.83244,23.06253
1786938590,26.92798,77.12825,23,0,,,,27.18938,27.79877,22.9948
1786938590,26.95468,77.37087,23,0,,,,27.29098,27.7649,22.9948
1786938591,27.05348,77.3251,23,0,,,,27.25711,27.69717,22.92727
1786938592,27.08286,77.07942,23,0,,,,27.22325,27.73104,22.85974
1786938592,26.88525,77.12825,23,0,,,,27.29098,27.69717,22.96113
1786938593,26.98405,77.08858,23,0,,,,27.25711,27.79877,22.9948
1786938594,26.94133,77.18013,23,0,,,,27.18938,27.79877,23.02867
1786938594,26.99741,77.12367,23,0,,,,27.29098,27.62944,22.9948
1786938595,27.01076,77.15724,23,0,,,,27.32484,27.79877,22.9948
1786938596,27.05348,77.13741,23,0,,,,27.29098,27.69717,22.85974
1786938596,26.94133,77.17097,23,0,,,,27.25711,27.69717,22.85974
1786938597,26.99741,77.07942,23,0,,,,27.29098,27.79877,22.96113
1786938598,27.02411,77.21217,23,0,,,,27.18938,27.66331,22.9948
1786938598,27.09621,77.15724,23,0,,,,27.25711,27.69717,22.9948
1786938599,27.02411,77.20149,23,0,,,,27.25711,27.8665,22.96113
1786938600,26.98405,77.27474,23,0,,,,27.25711,27.7649,22.75814
1786938600,26.98405,77.27474,23,0,,,,27.29098,27.66331,23.0962
1786938601,27.06684,77.32662,23,0,,,,27.25711,27.79877,22.9948
1786938602,27.04013,77.32052,23,0,,,,27.32484,27.73104,23.1978
1786938602,27.02411,77.30679,23,0,,,,27.29098,27.79877,22.92727
1786938603,27.08286,77.39071,23,0,,,,27.29098,27.66331,22.82587
1786938604,26.94133,77.43038,23,0,,,,27.15551,27.7649,22.96113
1786938604,26.94133,77.38918,23,0,,,,27.29098,27.73104,23.02867
1786938605,26.91195,77.40292,23,0,,,,27.29098,27.69717,22.8934
1786938606,27.01076,77.57229,23,0,,,,27.22325,27.66331,23.06253
1786938606,27.01076,77.56008,23,0,,,,27.25711,27.83244,22.92727
1786938607,27.06684,77.57381,23,0,,,,27.32484,27.83244,23.06253
1786938608,27.08286,77.52651,23,0,,,,27.35871,27.79877,22.92727
1786938608,26.98405,77.57687,23,0,,,,27.18938,27.66331,23.02867
1786938609,26.98405,77.56466,23,0,,,,27.29098,27.7649,23.02867
1786938610,26.98405,77.61806,22,0,,,,27.25711,27.83244,22.8934
1786938610,26.92798,77.54177,23,0,,,,27.25711,27.69717,23.06253
1786938611,27.02411,77.43038,23,0,,,,27.29098,27.56171,23.13006
1786938612,27.10956,77.50362,23,0,,,,27.22325,27.73104,22.92727
1786938612,27.05348,77.59212,23,0,,,,27.25711,27.52784,22.85974
1786938613,26.96803,77.55093,23,0,,,,27.29098,27.7649,23.06253
1786938614,27.06684,77.51431,23,0,,,,27.22325,27.46011,23.02867
1786938614,26.98405,77.60891,23,0,,,,27.22325,27.62944,23.02867
1786938615,27.04013,77.5906,23,0,,,,27.18938,27.7649,23.13006
1786938616,27.02411,77.65926,23,0,,,,27.25711,27.7649,23.06253
1786938616,27.04013,77.54635,23,0,,,,27.22325,27.7649,22.92727
1786938617,27.01076,77.61349,23,0,,,,27.25711,27.79877,22.96113
1786938618,26.95468,77.56924,23,0,,,,27.22325,27.7649,23.0962
1786938618,27.04013,77.62264,23,0,,,,27.18938,27.83244,22.9948
1786938619,26.95468,77.56924,23,0,,,,27.32484,27.69717,22.85974
1786938620,27.04013,77.61044,23,0,,,,27.25711,27.7649,23.13006
1786938620,26.8986,77.53262,23,0,,,,27.25711,27.79877,22.9948
1786938621,26.96803,77.68673,23,0,,,,27.18938,27.73104,22.96113
1786938622,26.99741,77.66079,23,0,,,,27.25711,27.7649,22.8934
1786938622,26.95468,77.78745,23,0,,,,27.25711,27.8665,23.02867
1786938623,26.98405,77.62875,23,0,,,,27.25711,27.59557,22.96113
1786938624,27.06684,77.68826,23,0,,,,27.25711,27.79877,23.0962
1786938624,27.05348,77.75998,23,0,,,,27.25711,27.8665,22.96113
1786938625,26.99741,77.62264,23,0,,,,27.25711,27.7649,23.06253
1786938625,26.99741,77.8378,23,0,,,,27.18938,27.62944,22.92727
1786938626,27.01076,77.62417,23,0,,,,27.35871,27.79877,23.02867
1786938627,26.98405,77.65926,23,0,,,,27.29098,27.69717,23.16393
1786938627,26.99741,77.68215,23,0,,,,27.18938,27.83244,22.96113
1786938628,26.98405,77.65926,23,0,,,,27.25711,27.90037,22.9948
1786938629,27.01076,77.64553,23,0,,,,27.32484,27.73104,22.92727
1786938629,26.99741,77.51736,23,0,,,,27.22325,27.7649,22.82587
1786938630,27.05348,77.71572,23,0,,,,27.29098,27.73104,22.9948
1786938631,26.98405,77.60891,23,0,,,,27.15551,27.7649,22.96113
1786938631,26.96803,77.57229,23,0,,,,27.29098,27.73104,23.02867
1786938632,27.04013,77.6318,23,0,,,,27.22325,27.83244,23.1978
1786938633,27.12291,77.70199,23,0,,,,27.25711,27.69717,22.9948
1786938633,27.05348,77.53109,23,0,,,,27.25711,27.79877,23.02867
1786938634,27.01076,77.58297,23,0,,,,27.18938,27.73104,22.82587
1786938635,27.06684,77.53262,23,0,,,,27.29098,27.73104,23.0962
1786938635,26.95468,77.50515,23,0,,,,27.25711,27.8665,23.16393
1786938636,26.95468,77.52651,23,0,,,,27.35871,27.7649,22.8934
1786938637,26.91195,77.36172,23,0,,,,27.18938,27.79877,23.02867
1786938637,27.08286,77.47616,23,0,,,,27.39258,27.7649,22.96113
1786938638,27.01076,77.41665,23,0,,,,27.22325,27.7649,23.02867
1786938639,27.02411,77.40902,23,0,,,,27.32484,27.8665,22.96113
1786938639,27.02411,77.46243,23,0,,,,27.32484,27.83244,22.9948
1786938640,26.99741,77.50515,23,0,,,,27.22325,27.73104,22.9948
1786938641,26.98405,77.43038,23,0,,,,27.25711,27.83244,22.9948
1786938641,26.94133,77.37698,23,0,,,,27.22325,27.69717,23.0962
1786938642,27.02411,77.39834,23,0,,,,27.12165,27.83244,22.9948
1786938643,26.96803,77.34341,23,0,,,,27.25711,27.73104,22.92727
1786938643,27.05348,77.38461,23,0,,,,27.25711,27.69717,23.0962
1786938644,27.04013,77.38155,23,0,,,,27.18938,27.7649,23.02867
1786938645,27.01076,77.42733,23,0,,,,27.29098,27.69717,23.02867
1786938645,27.01076,77.18929,23,0,,,,27.29098,27.7649,23.02867
1786938646,27.05348,77.3251,23,0,,,,27.29098,27.69717,22.85974
1786938647,26.98405,77.29458,23,0,,,,27.35871,27.73104,22.96113
1786938647,26.92798,77.23048,23,0,,,,27.25711,27.7649,23.02867
1786938648,27.04013,77.31136,23,0,,,,27.15551,27.7649,22.9948
1786938649,27.01076,77.31289,23,0,,,,27.35871,27.66331,23.02867
1786938649,26.96803,77.2198,23,0,,,,27.25711,27.79877,23.13006
1786938650,27.04013,77.19691,23,0,,,,27.32484,27.66331,22.92727
1786938651,26.94133,77.05653,23,0,,,,27.25711,27.79877,22.92727
1786938651,26.98405,77.12978,23,0,,,,27.18938,27.83244,22.92727
1786938652,27.10956,77.15114,23,0,,,,27.29098,27.79877,23.16393
1786938653,27.02411,77.0779,23,0,,,,27.18938,27.8665,22.92727
1786938653,26.94133,77.06569,23,0,,,,27.25711,27.79877,23.06253
1786938654,27.01076,77.02296,23,0,,,,27.29098,27.79877,22.9948
1786938655,27.04013,77.07942,23,0,,,,27.22325,27.7649,22.96113
1786938655,26.85588,76.8597,23,0,,,,27.25711,27.7649,22.92727
1786938656,26.96803,76.90852,23,0,,,,27.29098,27.7649,22.9948
1786938657,27.02411,76.89021,23,0,,,,27.22325,27.62944,22.9948
1786938657,26.99741,76.89479,23,0,,,,27.29098,27.69717,22.8934
1786938658,27.08286,76.88564,23,0,,,,27.25711,27.7649,23.06253
1786938659,27.04013,76.84138,23,0,,,,27.25711,27.73104,23.02867
1786938659,26.96803,76.80476,23,0,,,,27.29098,27.83244,23.06253
1786938660,27.01076,76.86732,23,0,,,,27.25711,27.73104,23.13006
1786938661,27.01076,76.71168,23,0,,,,27.29098,27.66331,22.9948
1786938661,27.02411,76.74372,23,0,,,,27.18938,27.66331,22.8934
1786938662,27.05348,76.72236,23,0,,,,27.29098,27.7649,22.96113
1786938663,27.06684,76.61097,23,0,,,,27.29098,27.79877,22.9948
1786938663,26.98405,76.61097,23,0,,,,27.35871,27.73104,22.9948
1786938664,27.02411,76.52857,23,0,,,,27.32484,27.7649,23.02867
1786938664,27.01076,76.56672,23,0,,,,27.32484,27.59557,22.96113
1786938665,27.01076,76.50263,23,0,,,,27.22325,27.69717,23.02867
1786938666,26.98405,76.50721,23,0,,,,27.18938,27.66331,22.9948
1786938666,26.95468,76.37751,23,0,,,,27.32484,27.62944,22.96113
1786938667,26.98405,76.43397,23,0,,,,27.29098,27.79877,23.02867
1786938668,26.95468,76.42786,23,0,,,,27.29098,27.7649,22.8934
1786938668,27.08286,76.43855,23,0,,,,27.22325,27.62944,23.02867
1786938669,27.01076,76.4004,23,0,,,,27.22325,27.69717,23.02867
1786938670,26.91195,76.30427,23,0,,,,27.32484,27.73104,22.9948
1786938670,26.98405,76.35157,23,0,,,,27.18938,27.93403,23.0962
1786938671,26.99741,76.28138,23,0,,,,27.15551,27.83244,23.02867
1786938672,27.12291,76.35462,23,0,,,,27.25711,27.62944,22.92727
1786938672,27.01076,76.23254,23,0,,,,27.32484,27.7649,22.92727
1786938673,27.04013,76.26307,23,0,,,,27.22325,27.73104,22.96113
1786938674,27.10956,76.32868,23,0,,,,27.15551,27.66331,22.96113
1786938674,26.91195,76.25085,23,0,,,,27.18938,27.62944,23.02867
1786938675,27.04013,76.30122,23,0,,,,27.22325,27.69717,22.96113
1786938676,27.06684,76.21729,23,0,,,,27.32484,27.66331,22.96113
1786938676,27.02411,76.18524,23,0,,,,27.18938,27.83244,23.13006
1786938677,27.09621,76.28596,23,0,,,,27.22325,27.79877,22.96113
1786938678,27.02411,76.31953,23,0,,,,27.29098,27.7649,23.02867
1786938678,27.01076,76.24475,23,0,,,,27.18938,27.73104,22.92727
1786938679,26.96803,76.2646,23,0,,,,27.22325,27.73104,22.9948
1786938680,27.01076,76.30579,23,0,,,,27.25711,27.79877,22.9948
1786938680,26.99741,76.35462,23,0,,,,27.22325,27.7649,22.8934
1786938681,27.01076,76.37904,23,0,,,,27.32484,27.7649,22.9948
1786938682,26.99741,76.33326,23,0,,,,27.25711,27.66331,22.85974
1786938682,26.99741,76.31342,23,0,,,,27.22325,27.73104,23.16393
1786938683,26.99741,76.28138,23,0,,,,27.29098,27.66331,22.9948
1786938684,27.09621,76.4416,23,0,,,,27.25711,27.73104,23.02867
1786938684,26.96803,76.39124,23,0,,,,27.25711,27.73104,23.13006
1786938685,27.04013,76.56214,23,0,,,,27.25711,27.62944,23.02867
1786938686,27.01076,76.54383,23,0,,,,27.29098,27.73104,22.8934
1786938686,26.96803,76.55604,23,0,,,,27.18938,27.73104,22.92727
1786938687,27.05348,76.43244,23,0,,,,27.22325,27.7649,22.8934
1786938688,26.8986,76.50721,23,0,,,,27.29098,27.69717,22.96113
1786938688,27.02411,76.55756,23,0,,,,27.25711,27.73104,23.13006
1786938689,27.01076,76.71168,23,0,,,,27.22325,27.7649,22.8934
1786938690,26.99741,76.68879,23,0,,,,27.32484,27.66331,23.06253
1786938690,27.01076,76.69032,23,0,,,,27.18938,27.66331,23.02867
1786938691,26.99741,76.68879,23,0,,,,27.22325,27.69717,22.92727
1786938692,26.96803,76.74067,23,0,,,,27.29098,27.7649,22.9948
1786938692,26.96803,76.76204,23,0,,,,27.25711,27.66331,22.92727
1786938693,26.98405,76.8185,23,0,,,,27.22325,27.7649,22.92727
1786938694,27.02411,76.8719,23,0,,,,27.25711,27.73104,22.9948
1786938694,26.96803,77.01381,23,0,,,,27.18938,27.66331,23.02867
1786938695,26.94133,76.80782,23,0,,,,27.29098,27.66331,23.02867
1786938696,27.06684,77.09773,23,0,,,,27.29098,27.8665,22.9948
1786938696,27.01076,76.84596,23,0,,,,27.22325,27.69717,23.06253
1786938697,27.04013,76.94667,23,0,,,,27.25711,27.66331,22.9948
1786938698,27.05348,76.85512,23,0,,,,27.25711,27.7649,22.96113
1786938698,26.94133,76.94209,23,0,,,,27.22325,27.69717,23.02867
1786938699,26.91195,76.93599,23,0,,,,27.32484,27.8665,22.8934
1786938700,27.02411,76.91005,23,0,,,,27.18938,27.83244,23.06253
1786938700,27.05348,77.07332,23,0,,,,27.29098,27.59557,23.13006
1786938701,27.04013,76.94667,23,0,,,,27.15551,27.83244,22.92727
1786938701,26.98405,77.02754,23,0,,,,27.29098,27.69717,22.9948
1786938702,27.05348,77.0428,23,0,,,,27.29098,27.73104,22.96113
1786938703,27.04013,76.96803,23,0,,,,27.22325,27.56171,22.85974
1786938703,27.06684,77.0367,23,0,,,,27.29098,27.79877,23.02867
1786938704,27.05348,77.01076,23,0,,,,27.25711,27.79877,22.9948
1786938705,26.95468,77.18471,23,0,,,,27.22325,27.59557,22.96113
1786938705,27.04013,77.10231,23,0,,,,27.25711,27.73104,23.02867
1786938706,27.04013,77.15266,23,0,,,,27.29098,27.69717,22.9948
1786938707,27.01076,77.084,23,0,,,,27.25711,27.59557,23.06253
1786938707,27.02411,77.06569,23,0,,,,27.25711,27.8665,23.16393
1786938708,27.09621,77.05501,22,0,,,,27.25711,27.52784,22.96113
1786938709,27.08286,77.10231,23,0,,,,27.22325,27.73104,22.8934
1786938709,27.06684,77.13893,23,0,,,,27.22325,27.8665,23.16393
1786938710,27.04013,76.96803,23,0,,,,27.22325,27.79877,22.8934
1786938711,27.01076,77.06416,23,0,,,,27.32484,27.79877,22.85974
1786938711,27.02411,77.02754,23,0,,,,27.29098,27.69717,23.02867
1786938712,27.05348,77.0016,23,0,,,,27.32484,27.73104,22.92727
1786938713,26.98405,76.98329,23,0,,,,27.25711,27.66331,23.06253
1786938713,27.06684,77.0779,23,0,,,,27.25711,27.73104,23.0962
1786938714,27.01076,77.084,23,0,,,,27.22325,27.69717,22.9948
1786938715,27.05348,77.02296,23,0,,,,27.25711,27.73104,22.9948
1786938715,26.98405,76.94209,23,0,,,,27.29098,27.8665,22.9948
1786938716,26.95468,76.89479,23,0,,,,27.29098,27.79877,22.96113
1786938717,27.04013,76.95583,23,0,,,,27.32484,27.79877,22.85974
1786938717,27.09621,76.98177,23,0,,,,27.25711,27.66331,22.9948
1786938718,27.05348,76.87801,23,0,,,,27.22325,27.69717,22.85974
1786938719,27.01076,76.98177,23,0,,,,27.29098,27.73104,22.8934
1786938719,26.95468,76.92378,23,0,,,,27.32484,27.7649,22.8934
1786938720,27.06684,76.95125,23,0,,,,27.22325,27.73104,22.92727
1786938721,26.96803,76.9604,23,0,,,,27.25711,27.73104,23.0962
1786938721,27.06684,76.96346,23,0,,,,27.22325,27.66331,22.9948
1786938722,26.96803,76.85817,23,0,,,,27.25711,27.83244,22.96113
1786938723,27.01076,76.82613,23,0,,,,27.25711,27.69717,22.96113
1786938723,27.08286,76.89479,23,0,,,,27.25711,27.83244,22.9948
1786938724,26.99741,76.91463,22,0,,,,27.29098,27.73104,22.92727
1786938725,27.01076,76.91768,23,0,,,,27.32484,27.7649,22.96113
1786938725,26.95468,76.82155,23,0,,,,27.29098,27.79877,23.02867
1786938726,26.95468,76.90395,23,0,,,,27.25711,27.79877,23.06253
1786938727,26.98405,76.89021,23,0,,,,27.22325,27.62944,22.8934
1786938727,26.98405,76.85054,23,0,,,,27.25711,27.8665,23.0962
1786938728,26.88525,76.75288,23,0,,,,27.22325,27.79877,22.8934
1786938729,26.86923,76.79103,23,0,,,,27.32484,27.7649,22.9948
1786938729,26.95468,76.82155,23,0,,,,27.22325,27.69717,23.02867
1786938730,26.99741,76.89479,23,0,,,,27.35871,27.79877,22.92727
1786938731,26.98405,76.92226,23,0,,,,27.29098,27.7649,22.8934
1786938731,26.99741,76.83223,23,0,,,,27.22325,27.66331,23.0962
1786938732,27.04013,76.70863,23,0,,,,27.15551,27.66331,22.82587
1786938733,27.01076,76.79408,23,0,,,,27.22325,27.73104,22.96113
1786938733,26.94133,76.74525,23,0,,,,27.22325,27.7649,23.02867
1786938734,26.98405,76.82765,23,0,,,,27.22325,27.59557,23.02867
1786938735,26.98405,76.8719,23,0,,,,27.18938,27.83244,23.13006
1786938735,27.05348,76.69947,23,0,,,,27.32484,27.59557,22.92727
1786938736,27.02411,76.70405,23,0,,,,27.25711,27.66331,23.02867
1786938737,27.13893,76.72083,23,0,,,,27.22325,27.69717,22.96113
1786938737,26.94133,76.71626,23,0,,,,27.25711,27.90037,22.96113
1786938738,27.04013,76.68574,23,0,,,,27.22325,27.79877,23.06253
1786938739,27.06684,76.74525,23,0,,,,27.29098,27.83244,22.96113
1786938739,27.04013,76.64454,23,0,,,,27.12165,27.8665,23.02867
1786938740,27.01076,76.75288,23,0,,,,27.32484,27.69717,22.96113
1786938740,27.04013,76.70863,23,0,,,,27.29098,27.69717,23.02867
1786938741,27.04013,76.75899,23,0,,,,27.29098,27.8665,22.9948
1786938742,26.91195,76.64454,23,0,,,,27.22325,27.7649,23.0962
1786938742,26.96803,76.61707,23,0,,,,27.25711,27.69717,22.9948
1786938743,27.01076,76.65827,23,0,,,,27.25711,27.66331,23.16393
1786938744,27.04013,76.69794,23,0,,,,27.25711,27.7649,22.9948
1786938744,26.98405,76.56977,23,0,,,,27.32484,27.79877,22.9948
1786938745,27.04013,76.6125,23,0,,,,27.15551,27.73104,23.02867
1786938746,26.99741,76.65675,23,0,,,,27.29098,27.79877,23.13006
1786938746,27.06684,76.69337,23,0,,,,27.35871,27.83244,22.96113
1786938747,27.06684,76.63996,23,0,,,,27.15551,27.66331,22.85974
1786938748,27.05348,76.76204,23,0,,,,27.18938,27.69717,22.9948
1786938748,26.91195,76.5835,23,0,,,,27.29098,27.7649,23.13006
1786938749,26.96803,76.63844,23,0,,,,27.22325,27.73104,23.06253
1786938750,27.01076,76.71168,23,0,,,,27.29098,27.79877,23.0962
1786938750,27.09621,76.64759,22,0,,,,27.18938,27.79877,23.06253
1786938751,27.06684,76.73609,23,0,,,,27.25711,27.7649,22.92727
1786938752,27.01076,76.69947,23,0,,,,27.25711,27.62944,22.9948
1786938752,26.96803,76.69032,23,0,,,,27.32484,27.66331,22.96113
1786938753,27.09621,76.67048,23,0,,,,27.25711,27.8665,23.02867
1786938754,27.02411,76.8185,23,0,,,,27.18938,27.79877,22.8934
1786938754,27.06684,76.77577,23,0,,,,27.22325,27.7649,22.9948
1786938755,27.05348,76.81392,23,0,,,,27.25711,27.83244,22.92727
1786938756,27.01076,76.77272,23,0,,,,27.29098,27.7649,23.02867
1786938756,27.09621,76.89937,23,0,,,,27.25711,27.79877,23.02867
1786938757,27.02411,76.89937,23,0,,,,27.15551,27.69717,23.0962
1786938758,27.05348,76.89632,23,0,,,,27.29098,27.73104,23.06253
1786938758,27.09621,77.02296,23,0,,,,27.35871,27.73104,23.02867
1786938759,27.08286,77.00923,23,0,,,,27.18938,27.69717,23.02867
1786938760,26.98405,77.0367,23,0,,,,27.25711,27.62944,22.9948
1786938760,26.95468,77.10231,23,0,,,,27.25711,27.66331,22.92727
1786938761,27.06684,77.18013,23,0,,,,27.25711,27.83244,23.0962
1786938762,26.95468,77.26711,23,0,,,,27.22325,27.73104,23.0962
1786938762,27.01076,77.18929,23,0,,,,27.18938,27.7649,23.02867
1786938763,27.06684,77.32662,23,0,,,,27.25711,27.7649,22.92727
1786938764,26.98405,77.36782,23,0,,,,27.32484,27.73104,22.96113
1786938764,27.08286,77.39071,23,0,,,,27.15551,27.69717,23.13006
1786938765,26.95468,77.54635,23,0,,,,27.08778,27.7649,22.85974
1786938766,27.06684,77.55398,23,0,,,,27.25711,27.7649,23.06253
1786938766,27.08286,77.55856,23,0,,,,27.32484,27.73104,22.9948
1786938767,27.06684,77.49447,23,0,,,,27.22325,27.7649,22.9948
1786938768,27.05348,77.51888,23,0,,,,27.25711,27.73104,22.8934
1786938768,27.10956,77.70962,23,0,,,,27.29098,27.59557,23.02867
1786938769,27.05348,77.70657,23,0,,,,27.22325,27.7649,23.16393
1786938770,27.04013,77.81949,23,0,,,,27.22325,27.73104,22.96113
1786938770,26.98405,77.73251,23,0,,,,27.29098,27.62944,22.8934
1786938771,26.98405,77.81491,23,0,,,,27.29098,27.66331,22.92727
1786938772,27.01076,77.84238,23,0,,,,27.25711,27.73104,23.06253
1786938772,26.98405,77.92935,23,0,,,,27.18938,27.79877,22.82587
1786938773,27.02411,77.88815,23,0,,,,27.29098,27.79877,22.96113
1786938774,26.98405,78.03159,23,0,,,,27.18938,27.69717,22.96113
1786938774,27.01076,77.95682,23,0,,,,27.25711,27.73104,23.06253
1786938775,26.99741,78.06668,23,0,,,,27.29098,27.66331,22.96113
1786938776,26.98405,78.03159,23,0,,,,27.15551,27.7649,23.02867
1786938776,27.04013,78.13992,23,0,,,,27.32484,27.66331,22.92727
1786938777,27.04013,78.15976,23,0,,,,27.22325,27.79877,23.02867
1786938778,26.94133,78.06363,23,0,,,,27.15551,27.79877,22.8934
1786938778,27.02411,78.18723,23,0,,,,27.25711,27.66331,22.9948
1786938779,27.08286,78.21317,23,0,,,,27.22325,27.9681,23.06253
1786938780,26.98405,78.21927,23,0,,,,27.35871,27.66331,23.06253
1786938780,27.09621,78.24673,23,0,,,,27.18938,27.79877,22.9948
1786938781,26.99741,78.27421,23,0,,,,27.22325,27.83244,22.9948
1786938781,27.05348,78.2269,23,0,,,,27.35871,27.66331,23.02867
1786938782,27.01076,78.2971,23,0,,,,27.35871,27.66331,22.9948
1786938783,27.10956,78.25132,23,0,,,,27.22325,27.83244,22.96113
1786938783,27.02411,78.16739,23,0,,,,27.22325,27.69717,22.9948
1786938784,27.05348,78.27879,23,0,,,,27.25711,27.73104,22.9948
1786938785,26.98405,78.32304,23,0,,,,27.22325,27.69717,23.0962
1786938785,27.01076,78.3505,23,0,,,,27.29098,27.69717,22.96113
1786938786,27.02411,78.22842,23,0,,,,27.29098,27.79877,22.92727
1786938787,27.01076,78.34135,23,0,,,,27.22325,27.7649,23.06253
1786938787,27.12291,78.3978,23,0,,,,27.25711,27.79877,22.9948
1786938788,27.05348,78.42374,23,0,,,,27.25711,27.73104,22.92727
1786938789,27.02411,78.46647,23,0,,,,27.29098,27.66331,22.9948
1786938789,26.95468,78.54429,23,0,,,,27.18938,27.69717,22.96113
1786938790,27.02411,78.57175,23,0,,,,27.18938,27.73104,22.8934
1786938791,27.09621,78.54887,23,0,,,,27.32484,27.66331,22.96113
1786938791,27.09621,78.68467,23,0,,,,27.32484,27.79877,22.92727
1786938792,27.04013,78.63889,23,0,,,,27.29098,27.73104,22.96113
1786938793,26.8986,78.66636,23,0,,,,27.29098,27.69717,22.9948
1786938793,27.06684,78.67551,23,0,,,,27.32484,27.73104,23.13006
1786938794,27.01076,78.70298,23,0,,,,27.25711,27.8665,22.92727
1786938795,27.04013,78.78233,23,0,,,,27.25711,27.62944,22.9948
1786938795,26.94133,78.645,23,0,,,,27.25711,27.66331,22.8934
1786938796,27.02411,78.74876,23,0,,,,27.32484,27.8665,23.02867
1786938797,26.92798,78.62058,23,0,,,,27.35871,27.7649,22.85974
1786938797,26.98405,78.88304,23,0,,,,27.25711,27.69717,23.02867
1786938798,26.99741,78.89677,23,0,,,,27.22325,27.69717,23.06253
1786938799,26.98405,78.95628,23,0,,,,27.18938,27.79877,22.9948
1786938799,26.96803,78.85863,23,0,,,,27.29098,27.66331,22.8934
1786938800,27.05348,78.88152,23,0,,,,27.25711,27.79877,22.9948
1786938801,26.96803,78.79607,23,0,,,,27.18938,27.66331,22.792
1786938801,26.92798,78.67246,23,0,,,,27.29098,27.7649,22.9948
1786938802,27.04013,78.77165,23,0,,,,27.18938,27.79877,22.9948
1786938803,27.01076,78.81743,23,0,,,,27.32484,27.73104,23.02867
1786938803,26.98405,78.71824,23,0,,,,27.25711,27.73104,23.06253
1786938804,26.98405,78.7396,23,0,,,,27.29098,27.7649,22.9948
1786938805,27.08286,78.57633,23,0,,,,27.22325,27.73104,22.92727
1786938805,27.01076,78.51682,23,0,,,,27.32484,27.79877,23.0962
1786938806,27.04013,78.52445,23,0,,,,27.25711,27.66331,22.9948
1786938807,26.99741,78.439,23,0,,,,27.32484,27.83244,22.92727
1786938807,27.02411,78.51072,23,0,,,,27.22325,27.7649,22.96113
1786938808,27.04013,78.33677,23,0,,,,27.32484,27.8665,22.9948
1786938809,27.05348,78.43443,23,0,,,,27.22325,27.66331,22.9948
1786938809,26.95468,78.30473,23,0,,,,27.22325,27.73104,23.02867
1786938810,26.95468,78.21317,23,0,,,,27.25711,27.7649,23.02867
1786938811,27.01076,78.24673,23,0,,,,27.29098,27.7649,23.06253
1786938811,26.92798,78.23758,23,0,,,,27.29098,27.83244,23.06253
1786938812,27.04013,78.21317,23,0,,,,27.18938,27.7649,22.9948
1786938813,26.98405,78.05295,23,0,,,,27.22325,27.79877,22.9948
1786938813,27.02411,78.10483,23,0,,,,27.29098,27.93403,22.8934
1786938814,26.96803,77.99802,23,0,,,,27.25711,27.66331,22.82587
1786938815,26.94133,78.06363,23,0,,,,27.22325,27.66331,22.96113
1786938815,27.01076,78.03922,23,0,,,,27.32484,27.8665,22.92727
1786938816,27.02411,78.05295,23,0,,,,27.18938,27.73104,23.13006
1786938817,27.04013,78.13077,23,0,,,,27.18938,27.7649,23.0962
1786938817,27.05348,78.11246,23,0,,,,27.29098,27.7649,22.96113
1786938818,27.08286,77.98581,23,0,,,,27.22325,27.73104,22.92727
1786938818,27.01076,77.98581,23,0,,,,27.25711,27.59557,23.02867
1786938819,27.01076,78.07126,23,0,,,,27.25711,27.7649,23.06253
1786938820,26.98405,77.90799,23,0,,,,27.25711,27.66331,22.96113
1786938820,26.98405,77.94919,23,0,,,,27.25711,27.66331,22.9948
1786938821,26.92798,78.03006,23,0,,,,27.32484,27.73104,22.8934
1786938822,26.98405,77.94003,23,0,,,,27.25711,27.7649,23.0962
1786938822,27.04013,77.94308,23,0,,,,27.25711,27.73104,22.96113
1786938823,26.96803,77.98581,23,0,,,,27.22325,27.69717,23.06253
1786938824,27.06684,78.03159,23,0,,,,27.29098,27.66331,23.02867
1786938824,27.01076,78.03922,23,0,,,,27.25711,27.73104,22.9948
1786938825,26.99741,77.99344,23,0,,,,27.22325,27.7649,23.1978
1786938826,26.99741,77.95377,23,0,,,,27.25711,27.8665,22.92727
1786938826,27.02411,77.97971,23,0,,,,27.25711,27.62944,23.0962
1786938827,26.99741,77.95377,23,0,,,,27.22325,27.79877,22.9948
1786938828,26.96803,77.96597,23,0,,,,27.25711,27.79877,23.02867
1786938828,26.99741,77.86984,23,0,,,,27.25711,27.69717,22.8934
1786938829,27.01076,77.90341,23,0,,,,27.29098,27.69717,23.0962
1786938830,26.96803,77.87137,23,0,,,,27.25711,27.73104,22.82587
1786938830,27.04013,77.86984,23,0,,,,27.29098,27.79877,23.0962
1786938831,26.99741,78.03616,23,0,,,,27.22325,27.90037,23.02867
1786938832,27.01076,77.97665,23,0,,,,27.18938,27.69717,22.92727
1786938832,27.04013,77.99344,23,0,,,,27.29098,27.79877,22.9948
1786938833,26.96803,77.98581,23,0,,,,27.29098,27.69717,22.8934
1786938834,27.01076,77.97665,23,0,,,,27.29098,27.69717,22.92727
1786938834,27.06684,77.99954,23,0,,,,27.35871,27.59557,22.9948
1786938835,27.13893,78.03922,23,0,,,,27.29098,27.7649,23.13006
1786938836,27.01076,77.9675,22,0,,,,27.32484,27.79877,22.96113
1786938836,27.01076,78.07126,23,0,,,,27.22325,27.8665,22.96113
1786938837,26.96803,78.07126,23,0,,,,27.18938,27.73104,22.96113
1786938838,26.99741,78.00412,23,0,,,,27.35871,27.59557,23.02867
1786938838,27.01076,77.94766,23,0,,,,27.22325,27.73104,22.9948
1786938839,27.01076,78.00717,23,0,,,,27.32484,27.66331,23.16393
1786938840,26.98405,78.09567,23,0,,,,27.25711,27.79877,23.02867
1786938840,26.94133,77.95834,23,0,,,,27.32484,27.62944,23.13006
1786938841,26.98405,77.99039,23,0,,,,27.22325,27.79877,23.06253
1786938842,27.02411,78.01175,23,0,,,,27.29098,27.73104,22.96113
1786938842,27.06684,78.08499,23,0,,,,27.22325,27.66331,22.96113
1786938843,26.98405,77.85611,23,0,,,,27.29098,27.7649,23.0962
1786938844,27.06684,77.97055,23,0,,,,27.22325,27.73104,23.0962
1786938844,27.04013,77.90189,23,0,,,,27.32484,27.7649,22.8934
1786938845,26.98405,77.99039,23,0,,,,27.46011,27.79877,22.92727
1786938846,26.98405,77.8439,23,0,,,,27.15551,27.8665,22.9948
1786938846,27.08286,77.88052,23,0,,,,27.22325,27.79877,23.02867
1786938847,27.04013,77.88052,23,0,,,,27.22325,27.7649,22.96113
1786938848,26.91195,77.85764,23,0,,,,27.32484,27.8665,22.9948
1786938848,27.01076,77.83017,23,0,,,,27.29098,27.66331,23.06253
1786938849,26.99741,77.80728,23,0,,,,27.22325,27.83244,22.96113
1786938850,27.04013,77.81949,23,0,,,,27.29098,27.83244,23.02867
1786938850,27.05348,77.80118,23,0,,,,27.35871,27.90037,22.96113
1786938851,27.04013,77.82864,23,0,,,,27.25711,27.69717,22.96113
1786938852,26.99741,77.64248,23,0,,,,27.25711,27.66331,23.02867
1786938852,27.12291,77.79813,22,0,,,,27.22325,27.69717,22.9948
1786938853,26.99741,77.72488,23,0,,,,27.22325,27.69717,22.9948
1786938854,26.99741,77.673,23,0,,,,27.22325,27.69717,22.96113
1786938854,27.02411,77.55398,23,0,,,,27.22325,27.79877,22.96113
1786938855,27.01076,77.63638,23,0,,,,27.32484,27.66331,22.96113
1786938856,26.95468,77.61044,23,0,,,,27.22325,27.7649,23.06253
1786938856,27.02411,77.6791,23,0,,,,27.08778,27.7649,22.9948
1786938857,27.01076,77.67452,23,0,,,,27.29098,27.73104,22.85974
1786938857,26.99741,77.52651,23,0,,,,27.22325,27.83244,23.02867
1786938858,27.01076,77.64553,23,0,,,,27.29098,27.79877,23.16393
1786938859,26.98405,77.47311,23,0,,,,27.15551,27.66331,22.92727
1786938859,27.01076,77.48989,23,0,,,,27.12165,27.69717,22.9948
1786938860,26.99741,77.3312,23,0,,,,27.29098,27.66331,22.9948
1786938861,27.01076,77.36324,23,0,,,,27.22325,27.7649,22.9948
1786938861,27.05348,77.28085,23,0,,,,27.29098,27.62944,23.06253
1786938862,26.99741,77.25796,23,0,,,,27.32484,27.7649,22.9948
1786938863,26.99741,77.26711,23,0,,,,27.32484,27.73104,23.02867
1786938863,27.12291,77.24727,23,0,,,,27.32484,27.7649,22.92727
1786938864,26.92798,77.2076,23,0,,,,27.22325,27.79877,23.06253
1786938865,26.92798,77.15724,23,0,,,,27.32484,27.59557,23.0962
1786938865,26.96803,77.22896,23,0,,,,27.22325,27.69717,22.8934
1786938866,26.99741,77.12367,23,0,,,,27.22325,27.83244,22.96113
1786938867,26.98405,77.23354,23,0,,,,27.22325,27.69717,22.9948
1786938867,26.99741,77.19386,23,0,,,,27.35871,27.73104,23.02867
1786938868,27.04013,77.11147,23,0,,,,27.32484,27.69717,22.96113
1786938869,27.06684,77.12978,23,0,,,,27.25711,27.83244,23.0962
1786938869,27.02411,77.10689,23,0,,,,27.18938,27.83244,23.13006
1786938870,27.02411,77.12978,23,0,,,,27.32484,27.69717,22.92727
1786938871,27.02411,77.04585,23,0,,,,27.15551,27.79877,22.96113
1786938871,26.98405,77.02754,23,0,,,,27.25711,27.73104,22.82587
1786938872,26.95468,76.98787,23,0,,,,27.25711,27.83244,22.92727
1786938873,26.95468,76.97719,23,0,,,,27.25711,27.7649,23.0962
1786938873,26.99741,76.96803,23,0,,,,27.18938,27.73104,22.92727
1786938874,26.99741,76.93599,23,0,,,,27.25711,27.52784,22.92727
1786938875,27.04013,77.00923,23,0,,,,27.25711,27.62944,22.9948
1786938875,27.02411,76.91005,23,0,,,,27.25711,27.7649,22.96113
1786938876,27.06684,76.89174,23,0,,,,27.25711,27.66331,22.9948
1786938877,27.02411,76.92226,23,0,,,,27.29098,27.7649,22.85974
1786938877,26.86923,76.83223,23,0,,,,27.25711,27.69717,22.96113
1786938878,27.06684,76.77577,23,0,,,,27.18938,27.7649,22.92727
1786938879,26.99741,76.82155,23,0,,,,27.15551,27.79877,23.0962
1786938879,27.01076,76.87801,23,0,,,,27.25711,27.73104,23.06253
1786938880,26.99741,76.81239,23,0,,,,27.22325,27.7649,23.06253
1786938881,27.02411,76.72541,23,0,,,,27.25711,27.79877,22.9948
1786938881,27.04013,76.87343,23,0,,,,27.32484,27.7649,23.02867
1786938882,27.04013,76.6247,23,0,,,,27.22325,27.83244,23.1978
1786938883,27.01076,76.75288,23,0,,,,27.18938,27.73104,23.06253
1786938883,26.99741,76.65675,23,0,,,,27.25711,27.73104,23.02867
1786938884,26.95468,76.6247,23,0,,,,27.25711,27.73104,23.02867
1786938885,26.98405,76.48737,23,0,,,,27.32484,27.69717,22.92727
1786938885,26.95468,76.63538,23,0,,,,27.15551,27.7649,23.02867
1786938886,26.99741,76.63538,23,0,,,,27.29098,27.66331,22.96113
1786938887,27.04013,76.5835,23,0,,,,27.18938,27.66331,23.0962
1786938887,27.08286,76.5835,23,0,,,,27.25711,27.66331,22.92727
1786938888,27.04013,76.50111,23,0,,,,27.35871,27.66331,23.02867
1786938889,26.99741,76.50111,23,0,,,,27.22325,27.90037,22.96113
1786938889,27.04013,76.55299,23,0,,,,27.18938,27.73104,22.9948
1786938890,27.05348,76.49348,23,0,,,,27.35871,27.69717,22.92727
1786938891,27.12291,76.56214,23,0,,,,27.29098,27.7649,22.85974
1786938891,27.06684,76.36073,23,0,,,,27.18938,27.66331,23.06253
1786938892,27.06684,76.42481,23,0,,,,27.22325,27.69717,22.96113
1786938893,27.02411,76.42481,23,0,,,,27.25711,27.83244,23.06253
1786938893,27.01076,76.30579,23,0,,,,27.25711,27.59557,22.96113
1786938894,27.02411,76.35157,23,0,,,,27.25711,27.73104,22.92727
1786938895,26.88525,76.29664,23,0,,,,27.29098,27.69717,22.792
1786938895,27.02411,76.42481,23,0,,,,27.25711,27.73104,22.9948
1786938896,27.04013,76.33326,23,0,,,,27.29098,27.73104,22.92727
1786938896,26.98405,76.37293,23,0,,,,27.22325,27.7649,22.9948
1786938897,26.98405,76.33173,23,0,,,,27.25711,27.83244,23.02867
1786938898,26.99741,76.38667,23,0,,,,27.22325,27.7649,22.92727
1786938898,27.06684,76.49653,23,0,,,,27.25711,27.66331,23.0962
1786938899,27.02411,76.21729,23,0,,,,27.32484,27.7649,23.06253
1786938900,26.92798,76.30579,23,0,,,,27.29098,27.83244,22.9948
1786938900,27.04013,76.34547,23,0,,,,27.29098,27.69717,22.96113
1786938901,26.95468,76.2417,23,0,,,,27.15551,27.73104,22.9948
1786938902,27.05348,76.25544,23,0,,,,27.22325,27.7649,23.02867
1786938902,26.98405,76.33173,23,0,,,,27.29098,27.59557,22.9948
1786938903,27.05348,76.30579,23,0,,,,27.25711,27.69717,23.02867
1786938904,26.92798,76.37904,23,0,,,,27.35871,27.69717,22.96113
1786938904,27.08286,76.28291,23,0,,,,27.25711,27.73104,22.92727
1786938905,26.96803,76.32716,23,0,,,,27.25711,27.73104,22.9948
1786938906,27.04013,76.39735,23,0,,,,27.25711,27.69717,22.8934
1786938906,27.01076,76.36835,22,0,,,,27.25711,27.69717,22.85974
1786938907,26.95468,76.4065,23,0,,,,27.22325,27.83244,22.96113
1786938908,27.08286,76.45686,23,0,,,,27.32484,27.73104,22.96113
1786938908,26.8986,76.53925,23,0,,,,27.25711,27.73104,23.13006
1786938909,27.05348,76.57587,22,0,,,,27.32484,27.7649,22.9948
1786938910,27.10956,76.56977,23,0,,,,27.22325,27.66331,22.96113
1786938910,26.88525,76.55604,23,0,,,,27.29098,27.73104,23.02867
1786938911,27.08286,76.73914,23,0,,,,27.32484,27.62944,23.02867
1786938912,27.01076,76.78188,23,0,,,,27.22325,27.8665,22.792
1786938912,27.06684,76.77577,23,0,,,,27.29098,27.73104,22.92727
1786938913,27.01076,76.75288,23,0,,,,27.29098,27.83244,23.06253
1786938914,27.01076,76.82613,23,0,,,,27.18938,27.79877,22.9948
1786938914,27.01076,76.83528,23,0,,,,27.22325,27.69717,22.96113
1786938915,27.05348,76.88716,23,0,,,,27.25711,27.66331,22.82587
1786938916,26.92798,76.98177,23,0,,,,27.29098,27.93403,22.9948
1786938916,27.02411,76.94209,23,0,,,,27.18938,27.73104,22.92727
1786938917,27.15228,77.04738,23,0,,,,27.32484,27.83244,23.02867
1786938918,27.08286,77.05043,23,0,,,,27.29098,27.73104,22.92727
1786938918,26.99741,77.00008,23,0,,,,27.29098,27.79877,22.9948
1786938919,27.02411,77.05653,23,0,,,,27.29098,27.90037,22.8934
1786938920,27.06684,77.16029,23,0,,,,27.35871,27.66331,22.9948
1786938920,26.99741,77.12367,23,0,,,,27.18938,27.79877,23.06253
1786938921,27.05348,77.1664,23,0,,,,27.18938,27.7649,22.8934
1786938922,26.96803,77.26101,23,0,,,,27.29098,27.56171,23.0962
1786938922,26.96803,77.31289,23,0,,,,27.22325,27.73104,23.16393
1786938923,27.08286,77.07942,23,0,,,,27.25711,27.7649,23.06253
1786938924,27.06684,77.17097,23,0,,,,27.32484,27.69717,22.96113
1786938924,27.08286,77.26711,23,0,,,,27.22325,27.79877,23.06253
1786938925,26.8986,77.22133,23,0,,,,27.25711,27.66331,23.13006
1786938926,27.09621,77.28085,23,0,,,,27.25711,27.66331,23.06253
1786938926,26.98405,77.37698,23,0,,,,27.15551,27.73104,23.13006
1786938927,26.94133,77.34798,23,0,,,,27.12165,27.59557,22.96113
1786938928,26.92798,77.41665,23,0,,,,27.18938,27.66331,22.96113
1786938928,26.96803,77.31289,23,0,,,,27.22325,27.79877,22.8934
1786938929,27.04013,77.4136,23,0,,,,27.29098,27.83244,22.96113
1786938930,27.05348,77.50057,23,0,,,,27.32484,27.7649,22.8934
1786938930,27.02411,77.49447,23,0,,,,27.22325,27.7649,22.92727
1786938931,27.09621,77.54025,23,0,,,,27.35871,27.62944,23.06253
1786938932,27.08286,77.55856,23,0,,,,27.25711,27.73104,22.9948
1786938932,27.01076,77.68673,23,0,,,,27.25711,27.8665,22.96113
1786938933,26.99741,77.6318,23,0,,,,27.29098,27.66331,23.06253
1786938934,27.08286,77.7142,23,0,,,,27.22325,27.59557,23.02867
1786938934,27.04013,77.79813,23,0,,,,27.15551,27.79877,22.9948
1786938935,27.02411,77.72945,23,0,,,,27.29098,27.7649,22.8934
1786938935,26.99741,77.88968,23,0,,,,27.25711,27.62944,22.96113
1786938936,27.04013,77.88052,23,0,,,,27.18938,27.79877,23.06253
1786938937,27.09621,77.87442,23,0,,,,27.29098,27.49417,22.8934
1786938937,27.02411,77.90799,23,0,,,,27.22325,27.73104,22.92727
1786938938,27.04013,77.90189,23,0,,,,27.25711,27.66331,22.8934
1786938939,27.02411,77.97055,23,0,,,,27.29098,27.69717,22.92727
1786938939,27.06684,78.03159,23,0,,,,27.22325,27.69717,23.02867
1786938940,26.94133,77.97971,23,0,,,,27.25711,27.69717,22.82587
1786938941,27.01076,78.16281,23,0,,,,27.29098,27.73104,22.9948
1786938941,27.05348,78.09109,23,0,,,,27.25711,27.7649,22.9948
1786938942,27.04013,78.01633,23,0,,,,27.22325,27.56171,22.96113
1786938943,27.01076,78.24673,23,0,,,,27.29098,27.73104,23.02867
1786938943,27.05348,78.27879,23,0,,,,27.15551,27.7649,22.8934
1786938944,26.99741,78.26505,23,0,,,,27.15551,27.62944,22.96113
1786938945,27.05348,78.2269,23,0,,,,27.35871,27.59557,22.96113
1786938945,27.01076,78.27879,23,0,,,,27.25711,27.62944,23.02867
1786938946,27.10956,78.34287,23,0,,,,27.15551,27.93403,23.06253
1786938947,27.02411,78.30167,23,0,,,,27.22325,27.90037,22.92727
1786938947,27.05348,78.31846,23,0,,,,27.18938,27.83244,22.9948
1786938948,27.05348,78.39323,23,0,,,,27.29098,27.79877,22.9948
1786938949,27.08286,78.38865,23,0,,,,27.25711,27.7649,23.02867
1786938949,27.06684,78.51072,23,0,,,,27.15551,27.69717,23.0962
1786938950,27.05348,78.4741,23,0,,,,27.35871,27.83244,23.13006
1786938951,26.92798,78.42374,23,0,,,,27.29098,27.73104,22.85974
1786938951,27.04013,78.47105,23,0,,,,27.29098,27.69717,23.16393
1786938952,27.01076,78.52598,23,0,,,,27.35871,27.79877,23.06253
1786938953,27.01076,78.62058,23,0,,,,27.18938,27.69717,23.16393
1786938953,26.94133,78.58091,23,0,,,,27.18938,27.83244,22.96113
1786938954,27.02411,78.49851,23,0,,,,27.25711,27.73104,23.06253
1786938955,26.98405,78.49851,23,0,,,,27.25711,27.69717,22.9948
1786938955,27.10956,78.44816,23,0,,,,27.25711,27.73104,23.02867
1786938956,27.05348,78.50614,23,0,,,,27.25711,27.7649,23.0962
1786938957,27.01076,78.57023,23,0,,,,27.25711,27.73104,23.1978
1786938957,26.95468,78.52445,23,0,,,,27.25711,27.7649,22.96113
1786938958,27.08286,78.65873,23,0,,,,27.32484,27.7649,22.92727
1786938959,26.95468,78.4802,23,0,,,,27.25711,27.69717,22.9948
1786938959,27.05348,78.59922,23,0,,,,27.25711,27.7649,22.92727
1786938960,27.06684,78.57175,23,0,,,,27.25711,27.73104,22.9948
1786938961,27.05348,78.54887,23,0,,,,27.22325,27.83244,22.8934
1786938961,26.99741,78.4802,23,0,,,,27.29098,27.7649,22.85974
1786938962,27.09621,78.46494,23,0,,,,27.29098,27.7649,22.96113
1786938963,27.02411,78.49851,23,0,,,,27.22325,27.73104,22.92727
1786938963,27.06684,78.58396,23,0,,,,27.29098,27.7649,23.06253
1786938964,27.01076,78.46494,23,0,,,,27.32484,27.8665,22.8934
1786938965,27.02411,78.53971,23,0,,,,27.18938,27.83244,22.9948
1786938965,27.10956,78.42832,23,0,,,,27.22325,27.83244,22.96113
1786938966,26.99741,78.36881,23,0,,,,27.29098,27.8665,23.02867
1786938967,27.04013,78.45121,23,0,,,,27.25711,27.73104,22.85974
1786938967,26.98405,78.33372,23,0,,,,27.25711,27.7649,23.06253
1786938968,26.99741,78.45121,23,0,,,,27.15551,27.73104,22.92727
1786938969,27.09621,78.3505,23,0,,,,27.18938,27.66331,23.02867
1786938969,26.99741,78.27421,23,0,,,,27.22325,27.73104,22.9948
1786938970,27.01076,78.2269,23,0,,,,27.32484,27.90037,22.96113
1786938971,27.04013,78.233,23,0,,,,27.32484,27.79877,23.02867
1786938971,26.99741,78.20096,23,0,,,,27.29098,27.69717,23.0962
1786938972,27.04013,78.1918,23,0,,,,27.35871,27.83244,22.96113
1786938973,27.04013,78.1918,23,0,,,,27.22325,27.7649,22.9948
1786938973,27.04013,78.20096,23,0,,,,27.32484,27.73104,23.06253
1786938974,27.02411,78.22842,23,0,,,,27.25711,27.69717,23.13006
1786938974,26.98405,78.10483,23,0,,,,27.29098,27.73104,23.06253
1786938975,27.05348,78.08041,23,0,,,,27.22325,27.73104,22.85974
1786938976,26.99741,78.18112,23,0,,,,27.22325,27.7649,22.96113
1786938976,27.02411,77.99039,23,0,,,,27.29098,27.83244,22.792
1786938977,26.96803,77.99802,23,0,,,,27.22325,27.62944,22.92727
1786938978,27.04013,77.86984,23,0,,,,27.32484,27.56171,23.02867
1786938978,27.01076,77.89426,23,0,,,,27.15551,27.7649,22.85974
1786938979,26.96803,77.88358,23,0,,,,27.29098,27.7649,22.96113
1786938980,27.02411,77.91714,23,0,,,,27.29098,27.62944,22.9948
1786938980,27.08286,77.83017,23,0,,,,27.22325,27.69717,22.92727
1786938981,26.99741,77.62264,23,0,,,,27.25711,27.66331,22.96113
1786938982,26.95468,77.80728,23,0,,,,27.15551,27.66331,23.02867
1786938982,26.95468,77.673,23,0,,,,27.25711,27.69717,23.02867
1786938983,27.10956,77.6379,23,0,,,,27.18938,27.83244,23.06253
1786938984,27.02411,77.5967,23,0,,,,27.15551,27.73104,23.0962
1786938984,27.06684,77.6379,23,0,,,,27.25711,27.62944,23.13006
1786938985,26.96803,77.63638,23,0,,,,27.22325,27.83244,23.02867
1786938986,26.95468,77.64248,23,0,,,,27.32484,27.83244,23.02867
1786938986,27.05348,77.55093,23,0,,,,27.15551,27.79877,23.0962
1786938987,27.01076,77.63638,23,0,,,,27.22325,27.69717,22.8934
1786938988,27.12291,77.6318,23,0,,,,27.15551,27.83244,23.0962
1786938988,27.05348,77.50973,23,0,,,,27.12165,27.69717,23.06253
1786938989,27.08286,77.53719,23,0,,,,27.32484,27.79877,23.06253
1786938990,27.04013,77.6318,23,0,,,,27.32484,27.79877,23.0962
1786938990,26.91195,77.47616,23,0,,,,27.25711,27.66331,22.9948
1786938991,26.88525,77.43649,23,0,,,,27.29098,27.83244,23.06253
1786938992,26.92798,77.48074,23,0,,,,27.15551,27.7649,22.92727
1786938992,27.08286,77.57839,23,0,,,,27.22325,27.73104,22.792
1786938993,27.06684,77.39834,23,0,,,,27.29098,27.7649,23.06253
1786938994,27.08286,77.46395,23,0,,,,27.29098,27.69717,23.02867
1786938994,27.02411,77.39834,23,0,,,,27.29098,27.52784,22.96113
1786938995,27.01076,77.37545,23,0,,,,27.25711,27.59557,23.02867
1786938996,27.01076,77.36324,23,0,,,,27.15551,27.62944,23.02867
1786938996,26.95468,77.27932,23,0,,,,27.39258,27.56171,23.13006
1786938997,27.04013,77.24727,23,0,,,,27.25711,27.73104,22.96113
1786938998,27.04013,77.34035,23,0,,,,27.25711,27.79877,22.96113
1786938998,27.06684,77.37698,23,0,,,,27.29098,27.69717,23.06253
1786938999,27.05348,77.36324,23,0,,,,27.35871,27.7649,23.06253
1786939000,27.05348,77.39529,23,0,,,,27.29098,27.69717,23.02867
1786939000,27.02411,77.19234,23,0,,,,27.18938,27.69717,22.9948
1786939001,26.98405,77.22133,23,0,,,,27.29098,27.9681,23.06253
1786939002,26.94133,77.17097,23,0,,,,27.18938,27.66331,22.92727
1786939002,27.09621,77.18929,23,0,,,,27.22325,27.79877,22.9948
1786939003,26.99741,77.28848,23,0,,,,27.29098,27.69717,22.85974
1786939004,26.99741,77.19386,23,0,,,,27.35871,27.73104,22.8934
1786939004,27.01076,77.10536,23,0,,,,27.35871,27.83244,23.02867
1786939005,26.98405,77.17097,23,0,,,,27.22325,27.83244,23.06253
1786939006,27.05348,77.1252,23,0,,,,27.32484,27.69717,22.96113
1786939006,26.95468,77.24727,23,0,,,,27.22325,27.73104,23.02867
1786939007,26.99741,77.23506,23,0,,,,27.32484,27.69717,22.8934
1786939008,27.05348,76.99092,23,0,,,,27.18938,27.79877,22.8934
1786939008,27.08286,77.13283,23,0,,,,27.29098,27.79877,22.92727
1786939009,26.96803,77.11604,23,0,,,,27.22325,27.7649,22.9948
1786939010,27.02411,77.02754,23,0,,,,27.32484,27.69717,22.8934
1786939010,27.02411,77.11909,23,0,,,,27.12165,27.66331,22.92727
1786939011,26.96803,77.09315,23,0,,,,27.32484,27.73104,23.06253
1786939012,27.01076,77.16945,23,0,,,,27.22325,27.73104,23.0962
1786939012,27.05348,77.084,23,0,,,,27.32484,27.7649,22.85974
1786939013,27.09621,77.06416,23,0,,,,27.18938,27.73104,22.9948
1786939013,27.04013,77.05959,23,0,,,,27.25711,27.62944,22.92727
1786939014,27.02411,77.12978,23,0,,,,27.29098,27.79877,23.13006
1786939015,27.01076,77.03365,23,0,,,,27.25711,27.66331,23.06253
1786939015,27.04013,77.05959,23,0,,,,27.32484,27.66331,22.9948
1786939016,27.05348,76.94972,23,0,,,,27.22325,27.69717,23.02867
1786939017,27.06684,76.89174,23,0,,,,27.32484,27.56171,23.06253
1786939017,27.04013,76.97719,23,0,,,,27.29098,27.62944,22.8934
1786939018,26.98405,77.19234,23,0,,,,27.22325,27.79877,22.92727
1786939019,26.99741,77.00923,23,0,,,,27.29098,27.7649,23.13006
1786939019,26.96803,76.90852,23,0,,,,27.25711,27.83244,22.8934
1786939020,27.08286,77.01991,23,0,,,,27.22325,27.73104,22.96113
1786939021,27.05348,77.06416,23,0,,,,27.22325,27.73104,22.85974
1786939021,27.05348,76.9604,23,0,,,,27.29098,27.7649,23.0962
1786939022,27.01076,77.03365,23,0,,,,27.18938,27.69717,22.85974
1786939023,27.09621,76.95888,23,0,,,,27.32484,27.73104,22.96113
1786939023,27.09621,77.05501,23,0,,,,27.25711,27.69717,22.92727
1786939024,27.01076,76.9604,23,0,,,,27.25711,27.66331,22.75814
1786939025,26.95468,76.92378,23,0,,,,27.22325,27.69717,22.9948
1786939025,27.04013,77.12367,23,0,,,,27.29098,27.73104,23.13006
1786939026,27.01076,77.0016,22,0,,,,27.22325,27.69717,22.9948
1786939027,27.06684,76.94209,23,0,,,,27.25711,27.66331,23.06253
1786939027,27.05348,76.9604,23,0,,,,27.22325,27.73104,22.9948
1786939028,27.05348,77.15724,23,0,,,,27.29098,27.69717,22.85974
1786939029,26.95468,77.14351,23,0,,,,27.22325,27.73104,23.02867
1786939029,27.08286,77.07027,23,0,,,,27.22325,27.73104,22.8934
1786939030,27.04013,77.07942,23,0,,,,27.22325,27.79877,22.9948
1786939031,27.01076,77.16945,23,0,,,,27.29098,27.7649,23.06253
1786939031,26.98405,77.11909,23,0,,,,27.29098,27.66331,23.0962
1786939032,27.05348,77.11604,23,0,,,,27.29098,27.93403,22.92727
1786939033,27.01076,77.11604,23,0,,,,27.29098,27.73104,23.06253
1786939033,27.04013,77.15266,23,0,,,,27.29098,27.69717,22.96113
1786939034,27.09621,77.29305,23,0,,,,27.39258,27.66331,22.96113
1786939035,27.04013,77.19691,23,0,,,,27.29098,27.7649,23.06253
1786939035,26.98405,77.27474,23,0,,,,27.29098,27.69717,22.9948
1786939036,27.09621,77.1252,23,0,,,,27.25711,27.69717,22.92727
1786939037,26.94133,77.23354,23,0,,,,27.22325,27.79877,22.96113
1786939037,27.01076,77.2076,23,0,,,,27.29098,27.56171,22.96113
1786939038,26.98405,77.16182,23,0,,,,27.29098,27.69717,22.96113
1786939039,27.06684,77.24269,23,0,,,,27.18938,27.7649,22.92727
1786939039,26.98405,77.16182,23,0,,,,27.29098,27.7649,23.02867
1786939040,27.01076,77.22896,23,0,,,,27.18938,27.62944,22.96113
1786939041,27.09621,77.26101,23,0,,,,27.22325,27.69717,23.13006
1786939041,27.06684,77.20302,23,0,,,,27.22325,27.69717,22.9948
1786939042,27.04013,77.17555,23,0,,,,27.29098,27.73104,22.9948
1786939043,27.04013,77.18471,23,0,,,,27.29098,27.73104,22.9948
1786939043,27.04013,77.12367,23,0,,,,27.29098,27.69717,23.02867
1786939044,27.01076,77.18929,23,0,,,,27.32484,27.66331,22.8934
1786939045,27.02411,77.16029,23,0,,,,27.18938,27.73104,22.96113
1786939045,27.01076,77.19844,23,0,,,,27.32484,27.83244,22.96113
1786939046,27.06684,77.27474,23,0,,,,27.25711,27.66331,22.96113
1786939047,26.95468,77.11147,23,0,,,,27.25711,27.73104,22.9948
1786939047,27.04013,77.28848,23,0,,,,27.18938,27.73104,22.9948
1786939048,26.92798,77.30373,23,0,,,,27.39258,27.8665,22.9948
1786939049,26.91195,77.16487,23,0,,,,27.29098,27.69717,22.92727
1786939049,27.02411,77.17097,23,0,,,,27.18938,27.7649,22.9948
1786939050,26.92798,77.23048,23,0,,,,27.25711,27.73104,22.8934
1786939051,27.01076,77.28085,23,0,,,,27.29098,27.66331,23.06253
1786939051,26.99741,77.14351,23,0,,,,27.29098,27.73104,22.9948
1786939052,27.05348,77.14656,23,0,,,,27.22325,27.73104,22.96113
1786939052,27.02411,77.15114,23,0,,,,27.29098,27.79877,23.02867
1786939053,26.99741,77.20607,23,0,,,,27.25711,27.66331,23.0962
1786939054,26.96803,77.11604,23,0,,,,27.15551,27.7649,22.9948
1786939054,26.99741,77.05043,23,0,,,,27.32484,27.83244,22.92727
1786939055,27.06684,77.15114,23,0,,,,27.32484,27.7649,22.9948
1786939056,27.01076,77.14656,23,0,,,,27.15551,27.79877,23.02867
1786939056,27.09621,77.07332,23,0,,,,27.29098,27.56171,22.9948
1786939057,26.98405,77.12978,23,0,,,,27.22325,27.79877,22.9948
1786939058,27.06684,77.04738,23,0,,,,27.32484,27.8665,23.16393
1786939058,26.98405,77.16182,23,0,,,,27.25711,27.7649,22.92727
1786939059,27.01076,77.10536,23,0,,,,27.18938,27.66331,22.9948
1786939060,27.05348,76.96956,23,0,,,,27.25711,27.66331,22.92727
1786939060,27.04013,77.11147,23,0,,,,27.15551,27.8665,22.92727
1786939061,26.99741,77.03822,23,0,,,,27.29098,27.52784,22.8934
1786939062,27.01076,76.96956,22,0,,,,27.25711,27.7649,22.96113
1786939062,27.04013,77.15266,23,0,,,,27.32484,27.7649,23.02867
1786939063,26.98405,77.08858,23,0,,,,27.22325,27.73104,22.92727
1786939064,27.01076,77.06416,23,0,,,,27.25711,27.69717,23.13006
1786939064,27.05348,77.03365,22,0,,,,27.25711,27.8665,22.92727
1786939065,27.05348,77.02296,23,0,,,,27.22325,27.79877,23.02867
1786939066,26.95468,77.00923,23,0,,,,27.22325,27.59557,23.06253
1786939066,27.01076,76.92836,23,0,,,,27.29098,27.83244,22.92727
1786939067,27.02411,77.16029,22,0,,,,27.22325,27.69717,22.9948
1786939068,27.01076,77.084,23,0,,,,27.32484,27.73104,22.9948
1786939068,26.95468,77.15572,23,0,,,,27.22325,27.83244,22.96113
1786939069,26.99741,76.97719,23,0,,,,27.32484,27.73104,22.8934
1786939070,26.99741,76.97719,23,0,,,,27.25711,27.8665,22.92727
1786939070,26.94133,76.83986,23,0,,,,27.25711,27.69717,23.02867
1786939071,27.01076,76.93752,23,0,,,,27.29098,27.69717,22.92727
1786939072,27.06684,77.0779,23,0,,,,27.25711,27.66331,23.0962
1786939072,26.94133,77.0367,23,0,,,,27.22325,27.79877,23.02867
1786939073,27.01076,77.10536,23,0,,,,27.35871,27.79877,23.06253
1786939074,27.04013,77.13283,23,0,,,,27.22325,27.73104,22.96113
1786939074,27.02411,76.9955,23,0,,,,27.29098,27.7649,22.96113
1786939075,26.98405,77.04585,23,0,,,,27.25711,27.79877,22.8934
1786939076,27.02411,76.98329,23,0,,,,27.32484,27.79877,23.06253
1786939076,27.09621,77.01076,23,0,,,,27.35871,27.79877,23.0962
1786939077,26.96803,77.09315,23,0,,,,27.29098,27.79877,23.0962
1786939078,27.02411,76.98329,23,0,,,,27.25711,27.7649,23.02867
1786939078,26.99741,77.12367,23,0,,,,27.29098,27.93403,22.8934
1786939079,27.02411,77.19234,23,0,,,,27.29098,27.66331,22.92727
1786939080,27.12291,77.09163,23,0,,,,27.18938,27.69717,22.82587
1786939080,26.98405,77.13893,23,0,,,,27.32484,27.79877,22.82587
1786939081,27.06684,77.06569,23,0,,,,27.29098,27.59557,22.85974
1786939082,26.99741,77.22591,23,0,,,,27.22325,27.69717,22.9948
1786939082,27.01076,77.30221,23,0,,,,27.29098,27.73104,22.96113
1786939083,26.98405,77.17097,23,0,,,,27.29098,27.73104,23.0962
1786939084,27.04013,77.19691,23,0,,,,27.25711,27.66331,22.9948
1786939084,26.96803,77.22896,23,0,,,,27.25711,27.69717,22.92727
1786939085,26.96803,77.30221,23,0,,,,27.18938,27.73104,22.85974
1786939086,27.08286,77.19691,23,0,,,,27.32484,27.66331,23.02867
1786939086,27.06684,77.16029,23,0,,,,27.25711,27.79877,22.96113
1786939087,26.95468,77.24727,23,0,,,,27.15551,27.69717,23.06253
1786939088,27.05348,77.22896,23,0,,,,27.22325,27.83244,22.9948
1786939088,27.01076,77.2076,23,0,,,,27.29098,27.69717,22.82587
1786939089,27.02411,77.17097,23,0,,,,27.22325,27.79877,23.06253
1786939090,27.02411,77.08705,23,0,,,,27.25711,27.83244,23.02867
1786939090,27.01076,77.22896,23,0,,,,27.22325,27.69717,22.8934
1786939091,26.99741,77.12367,23,0,,,,27.35871,27.66331,23.0962
1786939092,27.01076,77.2076,23,0,,,,27.25711,27.73104,23.06253
1786939092,26.99741,77.20607,23,0,,,,27.12165,27.59557,22.96113
1786939093,27.02411,77.32662,23,0,,,,27.22325,27.73104,22.96113
1786939093,27.05348,77.24879,23,0,,,,27.22325,27.69717,23.0962
1786939094,27.13893,77.48989,23,0,,,,27.22325,27.79877,22.92727
1786939095,27.04013,77.34035,23,0,,,,27.22325,27.7649,22.9948
1786939095,27.08286,77.35256,23,0,,,,27.22325,27.69717,23.16393
1786939096,27.05348,77.41665,23,0,,,,27.25711,27.8665,22.8934
1786939097,26.99741,77.42275,23,0,,,,27.25711,27.59557,23.0962
1786939097,27.02411,77.43038,23,0,,,,27.22325,27.73104,23.02867
1786939098,27.05348,77.40444,23,0,,,,27.32484,27.7649,23.06253
1786939099,27.02411,77.41817,23,0,,,,27.29098,27.66331,23.06253
1786939099,27.02411,77.48226,23,0,,,,27.22325,27.79877,22.9948
1786939100,27.06684,77.46243,23,0,,,,27.22325,27.79877,23.02867
1786939101,27.08286,77.59975,23,0,,,,27.35871,27.79877,22.92727
1786939101,27.04013,77.59975,23,0,,,,27.18938,27.56171,22.92727
1786939102,27.02411,77.52346,23,0,,,,27.22325,27.66331,23.13006
1786939103,26.99741,77.64248,23,0,,,,27.22325,27.62944,22.8934
1786939103,26.99741,77.59975,23,0,,,,27.25711,27.66331,22.8934
1786939104,27.04013,77.61044,23,0,,,,27.35871,27.83244,22.8934
1786939105,26.98405,77.65011,23,0,,,,27.22325,27.79877,22.85974
1786939105,26.99741,77.56924,23,0,,,,27.25711,27.69717,22.92727
1786939106,27.01076,77.73861,23,0,,,,27.18938,27.69717,22.92727
1786939107,27.04013,77.88968,23,0,,,,27.25711,27.73104,23.06253
1786939107,27.06684,77.78287,22,0,,,,27.22325,27.69717,23.02867
1786939108,27.02411,77.90799,23,0,,,,27.29098,27.79877,23.13006
1786939109,26.99741,77.98428,23,0,,,,27.15551,27.90037,22.9948
1786939109,26.96803,77.76913,23,0,,,,27.22325,27.73104,23.06253
1786939110,26.99741,77.85764,23,0,,,,27.25711,27.7649,23.06253
1786939111,26.99741,77.84848,23,0,,,,27.29098,27.66331,22.96113
1786939111,27.01076,77.88358,23,0,,,,27.22325,27.59557,22.9948
1786939112,27.04013,77.76608,23,0,,,,27.22325,27.52784,23.02867
1786939113,27.01076,77.89426,23,0,,,,27.25711,27.69717,22.96113
1786939113,27.04013,77.8378,23,0,,,,27.15551,27.46011,22.92727
1786939114,26.99741,77.68215,23,0,,,,27.18938,27.69717,22.9948
1786939115,27.01076,77.80118,23,0,,,,27.22325,27.69717,23.02867
1786939115,26.95468,77.66079,23,0,,,,27.29098,27.66331,22.96113
1786939116,26.94133,77.79355,23,0,,,,27.29098,27.7649,23.06253
1786939117,27.01076,77.41665,23,0,,,,27.22325,27.7649,23.02867
1786939117,26.96803,77.53109,23,0,,,,27.18938,27.69717,23.02867
1786939118,27.04013,77.53719,23,0,,,,27.29098,27.69717,22.96113
1786939119,26.95468,77.34035,23,0,,,,27.22325,27.79877,22.96113
1786939119,26.99741,77.4136,23,0,,,,27.29098,27.8665,22.85974
1786939120,27.06684,77.39834,23,0,,,,27.32484,27.79877,22.9948
1786939121,26.99741,77.23506,23,0,,,,27.18938,27.73104,22.792
1786939121,27.10956,77.06569,23,0,,,,27.12165,27.66331,22.9948
1786939122,27.04013,77.25796,23,0,,,,27.18938,27.66331,22.8934
1786939123,26.96803,77.07332,23,0,,,,27.25711,27.83244,23.06253
1786939123,27.06684,77.01534,23,0,,,,27.35871,27.62944,22.92727
1786939124,26.96803,76.92836,23,0,,,,27.18938,27.7649,23.13006
1786939125,26.96803,76.83528,23,0,,,,27.29098,27.83244,22.92727
1786939125,26.99741,76.89479,23,0,,,,27.25711,27.73104,23.06253
1786939126,26.98405,76.79866,23,0,,,,27.18938,27.66331,23.02867
1786939127,27.02411,76.8185,23,0,,,,27.22325,27.8665,23.13006
1786939127,26.98405,76.71626,23,0,,,,27.22325,27.8665,22.85974
1786939128,27.01076,76.72236,23,0,,,,27.25711,27.8665,22.9948
1786939129,27.04013,76.6125,23,0,,,,27.22325,27.66331,22.82587
1786939129,27.01076,76.64912,23,0,,,,27.29098,27.69717,22.8934
1786939130,27.01076,76.61707,23,0,,,,27.29098,27.93403,22.9948
1786939131,27.01076,76.67048,23,0,,,,27.35871,27.83244,22.96113
1786939131,27.01076,76.58503,23,0,,,,27.22325,27.73104,22.96113
1786939132,26.99741,76.70863,23,0,,,,27.29098,27.7649,23.02867
1786939132,26.98405,76.56977,22,0,,,,27.22325,27.7649,22.8934
1786939133,27.02411,76.65217,23,0,,,,27.18938,27.7649,23.02867
1786939134,27.01076,76.62623,23,0,,,,27.22325,27.62944,23.02867
1786939134,27.02411,76.79561,23,0,,,,27.18938,27.69717,22.9948
1786939135,27.04013,76.73914,23,0,,,,27.29098,27.7649,22.92727
1786939136,27.08286,76.74982,23,0,,,,27.25711,27.73104,22.92727
1786939136,27.08286,76.80019,23,0,,,,27.18938,27.7649,23.06253
1786939137,27.01076,76.77272,23,0,,,,27.25711,27.62944,22.96113
1786939138,27.09621,76.83528,23,0,,,,27.29098,27.59557,22.96113
1786939138,26.94133,76.89021,23,0,,,,27.18938,27.69717,23.02867
1786939139,27.05348,76.83528,23,0,,,,27.29098,27.56171,23.06253
1786939140,27.02411,76.89937,23,0,,,,27.25711,27.7649,22.9948
1786939140,27.01076,76.79408,23,0,,,,27.25711,27.79877,23.06253
1786939141,27.08286,76.94667,23,0,,,,27.32484,27.73104,22.92727
1786939142,27.06684,77.01534,23,0,,,,27.25711,27.69717,23.02867
1786939142,27.10956,77.20302,23,0,,,,27.32484,27.83244,22.85974
1786939143,26.99741,77.4548,23,0,,,,27.25711,27.62944,22.96113
1786939144,27.02411,77.75235,23,0,,,,27.22325,27.73104,22.96113
1786939144,27.10956,78.0209,23,0,,,,27.35871,27.69717,23.06253
1786939145,27.01076,78.2269,23,0,,,,27.25711,27.62944,22.9948
1786939146,26.98405,78.61295,23,0,,,,27.22325,27.62944,23.02867
1786939146,27.01076,78.85863,23,0,,,,27.15551,27.83244,22.85974
1786939147,27.02411,78.8632,23,0,,,,27.29098,27.73104,23.02867
1786939148,26.91195,78.96849,23,0,,,,27.29098,27.66331,23.0962
1786939148,26.99741,78.88762,23,0,,,,27.22325,27.69717,23.02867
1786939149,27.02411,79.15312,23,0,,,,27.25711,27.7649,23.13006
1786939150,27.08286,79.21111,23,0,,,,27.22325,27.73104,23.06253
1786939150,26.99741,79.34386,23,0,,,,27.22325,27.8665,23.0962
1786939151,27.08286,79.5407,23,0,,,,27.29098,27.69717,22.9948
1786939152,26.99741,79.57275,23,0,,,,27.29098,27.69717,22.8934
1786939152,27.09621,79.63836,23,0,,,,27.25711,27.7649,23.0962
1786939153,27.06684,79.8291,23,0,,,,27.29098,27.59557,22.9948
1786939154,27.02411,79.9939,23,0,,,,27.29098,27.7649,23.02867
1786939154,27.05348,80.24109,23,0,,,,27.22325,27.73104,23.02867
1786939155,27.04013,80.33875,23,0,,,,27.22325,27.62944,23.06253
1786939156,26.99741,80.4242,23,0,,,,27.29098,27.7649,23.0962
1786939156,27.04013,80.55848,23,0,,,,27.22325,27.73104,22.9948
1786939157,27.04013,80.40284,23,0,,,,27.22325,27.73104,22.92727
1786939158,27.06684,80.53407,23,0,,,,27.22325,27.69717,23.02867
1786939158,26.95468,80.46235,23,0,,,,27.12165,27.7649,22.96113
1786939159,27.05348,80.44862,23,0,,,,27.22325,27.56171,22.82587
1786939160,26.99741,80.33875,23,0,,,,27.35871,27.69717,22.9948
1786939160,26.95468,80.21362,23,0,,,,27.29098,27.69717,22.9948
1786939161,27.06684,80.15869,23,0,,,,27.25711,27.7649,22.9948
1786939162,26.92798,79.94812,23,0,,,,27.18938,27.8665,23.02867
1786939162,27.12291,79.78943,23,0,,,,27.32484,27.7649,22.92727
1786939163,26.96803,79.68719,23,0,,,,27.12165,27.83244,22.92727
1786939164,26.95468,79.54986,23,0,,,,27.32484,27.7649,22.9948
1786939164,26.98405,79.47662,23,0,,,,27.29098,27.73104,23.02867
1786939165,26.94133,79.39117,23,0,,,,27.25711,27.62944,22.9948
1786939166,27.02411,79.29809,23,0,,,,27.18938,27.66331,22.92727
1786939166,26.94133,79.29809,23,0,,,,27.25711,27.8665,23.06253
1786939167,27.08286,79.08446,23,0,,,,27.18938,27.7649,22.96113
1786939168,26.94133,79.03868,23,0,,,,27.22325,27.73104,23.02867
1786939168,27.04013,79.01122,23,0,,,,27.18938,27.7649,22.96113
1786939169,26.96803,78.95171,23,0,,,,27.35871,27.7649,22.9948
1786939170,26.95468,78.77165,23,0,,,,27.32484,27.7649,22.96113
1786939170,26.99741,78.81438,22,0,,,,27.25711,27.62944,23.0962
1786939171,27.04013,78.57633,23,0,,,,27.25711,27.69717,22.96113
1786939171,26.98405,78.60227,23,0,,,,27.35871,27.62944,22.9948
1786939172,26.99741,78.68009,23,0,,,,27.32484,27.59557,22.9948
1786939173,27.02411,78.63432,23,0,,,,27.15551,27.7649,22.96113
1786939173,26.99741,78.60685,23,0,,,,27.29098,27.7649,22.92727
1786939174,27.01076,78.51682,23,0,,,,27.25711,27.79877,22.92727
1786939175,27.02411,78.5626,23,0,,,,27.18938,27.7649,22.9948
1786939175,26.98405,78.49851,23,0,,,,27.18938,27.59557,22.92727
1786939176,27.09621,78.47562,23,0,,,,27.22325,27.83244,23.06253
1786939177,27.02411,78.44663,23,0,,,,27.22325,27.69717,22.9948
1786939177,27.08286,78.51225,23,0,,,,27.29098,27.62944,22.9948
1786939178,27.01076,78.32914,23,0,,,,27.25711,27.79877,22.82587
1786939179,27.02411,78.27268,23,0,,,,27.25711,27.73104,22.85974
1786939179,26.98405,78.30167,23,0,,,,27.18938,27.7649,22.96113
1786939180,26.96803,78.19485,23,0,,,,27.32484,27.69717,22.92727
1786939181,27.05348,78.20554,23,0,,,,27.25711,27.73104,22.8934
1786939181,27.09621,78.19485,23,0,,,,27.15551,27.8665,23.06253
1786939182,27.01076,78.02701,23,0,,,,27.18938,27.66331,23.02867
1786939183,27.05348,78.09109,23,0,,,,27.22325,27.7649,22.9948
1786939183,26.92798,78.14145,23,0,,,,27.22325,27.73104,23.06253
1786939184,27.05348,78.03922,23,0,,,,27.18938,27.79877,22.9948
1786939185,26.96803,77.98581,23,0,,,,27.22325,27.79877,23.16393
1786939185,26.98405,78.03159,23,0,,,,27.22325,27.8665,23.0962
1786939186,26.96803,78.0499,23,0,,,,27.25711,27.69717,22.92727
1786939187,27.01076,78.15366,23,0,,,,27.29098,27.7649,22.9948
1786939187,27.04013,78.14908,23,0,,,,27.32484,27.7649,23.16393
1786939188,27.04013,78.04532,23,0,,,,27.18938,27.69717,22.8934
1786939189,26.94133,78.02243,23,0,,,,27.29098,27.69717,23.0962
1786939189,26.98405,78.10483,23,0,,,,27.18938,27.7649,22.92727
1786939190,27.04013,78.21317,23,0,,,,27.25711,27.83244,22.9948
1786939191,27.04013,78.1918,23,0,,,,27.22325,27.7649,23.06253
1786939191,26.99741,78.14908,23,0,,,,27.29098,27.79877,22.96113
1786939192,27.02411,78.24063,23,0,,,,27.32484,27.73104,23.13006
1786939193,26.96803,78.17349,23,0,,,,27.25711,27.69717,23.06253
1786939193,27.09621,78.28794,23,0,,,,27.32484,27.73104,22.92727
1786939194,26.95468,78.233,23,0,,,,27.18938,27.83244,22.96113
1786939195,26.99741,78.29557,23,0,,,,27.12165,27.62944,22.9948
1786939195,26.96803,78.40238,23,0,,,,27.25711,27.69717,23.02867
1786939196,26.98405,78.24063,23,0,,,,27.22325,27.7649,22.96113
1786939197,27.02411,78.22842,23,0,,,,27.29098,27.73104,22.85974
1786939197,26.98405,78.19943,23,0,,,,27.22325,27.73104,22.9948
1786939198,26.92798,78.19485,23,0,,,,27.25711,27.7649,22.9948
1786939199,26.95468,78.27268,23,0,,,,27.39258,27.69717,22.92727
1786939199,27.05348,78.3505,23,0,,,,27.12165,27.7649,22.8934
1786939200,27.01076,78.32914,23,0,,,,27.25711,27.66331,23.13006
1786939201,26.98405,78.27268,23,0,,,,27.22325,27.66331,22.92727
1786939201,27.01076,78.28794,23,0,,,,27.32484,27.69717,22.96113
1786939202,27.05348,78.34135,23,0,,,,27.29098,27.73104,22.96113
1786939203,27.09621,78.40238,23,0,,,,27.18938,27.69717,23.02867
