TS,Tamb,Hamb,DirVento,VelVento,NivelAgua,NivelAguaC,radSolar,Ttanque1,Ttanque2,Ttanque3
1786330800,26.74372,85.57412,90,0,217,,0,27.39258,26.74932,21.8119
1786330800,26.71435,85.40017,90,0,218,,8,27.35871,26.68159,21.84556
1786330801,26.59953,85.36813,90,0,217,,0,27.35871,26.68159,21.8119
1786330802,26.6743,85.40932,90,0,217,,0,27.35871,26.61406,21.8119
1786330802,26.74372,85.35592,90,0,218,,0,27.39258,26.64792,21.74417
1786330803,26.75708,85.43221,90,0,218,,1,27.39258,26.68159,21.87943
1786330804,26.75708,85.39101,90,0,218,,0,27.35871,26.74932,21.8119
1786330804,26.74372,85.38644,90,0,218,,0,27.35871,26.64792,21.77803
1786330805,26.6743,85.40017,90,0,218,,1,27.35871,26.68159,21.9133
1786330806,26.701,85.41543,90,0,218,,8,27.39258,26.68159,21.87943
1786330806,26.68765,85.34982,90,0,218,,0,27.39258,26.61406,21.77803
1786330807,26.71435,85.36813,90,0,217,,0,27.39258,26.74932,21.84556
1786330808,26.6556,85.2491,90,0,218,,5,27.39258,26.64792,21.74417
1786330809,26.68765,85.29031,90,0,218,,0,27.39258,26.68159,21.77803
1786330809,26.6743,85.28573,90,0,218,,0,27.35871,26.68159,21.77803
1786330810,26.73037,85.28115,90,0,217,,0,27.32484,26.74932,21.8119
1786330811,26.74372,85.33608,90,0,217,,2,27.35871,26.68159,21.8119
1786330811,26.68765,85.32845,90,0,218,,0,27.35871,26.71565,21.8119
1786330812,26.75708,85.32845,90,0,218,,0,27.39258,26.71565,21.8119
1786330813,26.6743,85.25368,90,0,218,,0,27.46011,26.61406,21.84556
1786330813,26.68765,85.19569,90,0,218,,2,27.39258,26.58019,21.77803
1786330814,26.75708,85.2781,90,0,218,,0,27.42644,26.78319,21.8119
1786330815,26.6743,85.17128,90,0,218,,0,27.39258,26.74932,21.8119
1786330815,26.75708,85.12245,90,0,218,,3,27.35871,26.74932,21.9133
1786330816,26.61288,85.1133,90,0,218,,11,27.32484,26.68159,21.84556
1786330817,26.73037,85.29031,90,0,218,,0,27.42644,26.64792,21.84556
1786330817,26.68765,85.18501,90,0,217,,0,27.39258,26.74932,21.9133
1786330818,26.58618,85.13618,90,0,217,,3,27.35871,26.71565,21.87943
1786330819,26.81315,85.20943,90,0,218,,2,27.32484,26.71565,21.8119
1786330819,26.71435,85.17128,90,0,218,,0,27.35871,26.64792,21.84556
1786330820,26.75708,85.08125,90,0,218,,0,27.35871,26.74932,21.8119
1786330821,26.71435,85.19112,90,0,218,,3,27.39258,26.78319,21.87943
1786330821,26.71435,85.12093,90,0,218,,0,27.35871,26.64792,21.74417
1786330822,26.75708,85.18196,90,0,218,,0,27.35871,26.61406,21.8119
1786330823,26.78645,85.14992,90,0,218,,0,27.39258,26.78319,21.77803
1786330823,26.75708,85.20485,90,0,218,,1,27.39258,26.61406,21.74417
1786330824,26.701,85.16823,90,0,218,,0,27.35871,26.64792,21.8119
1786330825,26.6743,85.07973,90,0,218,,0,27.42644,26.71565,21.84556
1786330825,26.68765,85.18501,90,0,217,,0,27.39258,26.68159,21.84556
1786330826,26.73037,85.14534,90,0,217,,9,27.35871,26.64792,21.84556
1786330827,26.73037,85.1667,90,0,218,,0,27.39258,26.71565,21.8119
1786330828,26.701,85.15755,90,0,218,,0,27.39258,26.71565,21.84556
1786330828,26.701,85.18959,90,0,218,,2,27.35871,26.68159,21.77803
1786330829,26.74372,85.15907,90,0,217,,6,27.35871,26.74932,21.87943
1786330830,26.68765,85.18501,90,0,218,,0,27.35871,26.64792,21.8119
1786330830,26.68765,85.21706,90,0,217,,0,27.42644,26.71565,21.84556
1786330831,26.74372,85.23232,90,0,218,,13,27.39258,26.68159,21.8119
1786330832,26.73037,85.25979,90,0,218,,5,27.39258,26.64792,21.77803
1786330832,26.77043,85.22774,90,0,218,,0,27.35871,26.71565,21.84556
1786330833,26.73037,85.3727,90,0,218,,0,27.35871,26.71565,21.84556
1786330834,26.71435,85.31472,90,0,218,,3,27.35871,26.71565,21.74417
1786330834,26.64225,85.29641,90,0,218,,0,27.35871,26.68159,21.8119
1786330835,26.71435,85.37881,90,0,218,,0,27.39258,26.81705,21.87943
1786330836,26.78645,85.38796,90,0,217,,0,27.39258,26.71565,21.77803
1786330836,26.77043,85.39559,90,0,218,,5,27.39258,26.71565,21.9133
1786330837,26.68765,85.3193,90,0,218,,0,27.39258,26.68159,21.77803
1786330838,26.75708,85.44289,90,0,218,,0,27.42644,26.68159,21.77803
1786330838,26.71435,85.45205,90,0,218,,3,27.42644,26.74932,21.8119
1786330839,26.73037,85.51614,90,0,218,,5,27.42644,26.71565,21.77803
1786330840,26.64225,85.59853,90,0,217,,0,27.35871,26.64792,21.77803
1786330840,26.78645,85.69924,90,0,218,,0,27.39258,26.64792,21.84556
1786330841,26.64225,85.73129,90,0,217,,1,27.35871,26.68159,21.87943
1786330842,26.701,85.73586,90,0,218,,0,27.39258,26.68159,21.84556
1786330843,26.7998,85.72213,90,0,218,,0,27.35871,26.64792,21.84556
1786330843,26.6743,85.76181,90,0,218,,1,27.42644,26.68159,21.9133
1786330844,26.71435,85.83505,90,0,218,,1,27.39258,26.71565,21.84556
1786330845,26.73037,85.69314,90,0,218,,0,27.35871,26.68159,21.84556
1786330845,26.6743,85.72976,90,0,218,,0,27.35871,26.74932,21.84556
1786330846,26.75708,85.7847,90,0,218,,7,27.35871,26.71565,21.84556
1786330847,26.701,85.70687,90,0,218,,0,27.39258,26.68159,21.84556
1786330847,26.6556,85.69466,90,0,218,,0,27.35871,26.64792,21.74417
1786330848,26.73037,85.81674,90,0,218,,5,27.35871,26.64792,21.9133
1786330849,26.6289,85.72976,90,0,218,,0,27.35871,26.71565,21.77803
1786330849,26.74372,85.73891,90,0,218,,0,27.42644,26.71565,21.84556
1786330850,26.71435,85.77249,90,0,218,,0,27.39258,26.68159,21.77803
1786330851,26.6743,85.68856,90,0,217,,7,27.39258,26.71565,21.8119
1786330851,26.78645,85.88541,90,0,218,,0,27.35871,26.61406,21.87943
1786330852,26.75708,85.77554,90,0,218,,0,27.35871,26.71565,21.84556
1786330853,26.68765,85.94949,90,0,218,,0,27.46011,26.71565,21.84556
1786330853,26.74372,85.98611,90,0,218,,0,27.39258,26.64792,21.77803
1786330854,26.68765,85.92813,90,0,218,,0,27.39258,26.71565,21.77803
1786330855,26.701,85.94186,90,0,218,,5,27.39258,26.68159,21.87943
1786330855,26.75708,86.02274,90,0,218,,2,27.39258,26.78319,21.8119
1786330856,26.701,85.93271,90,0,218,,0,27.42644,26.64792,21.8119
1786330857,26.75708,86.01053,90,0,218,,0,27.35871,26.64792,21.8119
1786330857,26.78645,86.01968,90,0,218,,2,27.35871,26.71565,21.8119
1786330858,26.71435,85.88541,90,0,218,,0,27.39258,26.61406,21.8119
1786330859,26.6743,86.009,90,0,218,,0,27.39258,26.71565,21.8119
1786330859,26.701,86.20279,90,0,217,,4,27.39258,26.64792,21.74417
1786330860,26.6556,86.01511,90,0,218,,0,27.35871,26.71565,21.77803
1786330861,26.73037,86.12802,90,0,218,,0,27.42644,26.85092,21.8119
1786330861,26.75708,86.17532,90,0,218,,5,27.39258,26.68159,21.8119
1786330862,26.73037,86.16006,90,0,218,,0,27.39258,26.68159,21.84556
1786330863,26.71435,86.20584,90,0,218,,0,27.39258,26.71565,21.8119
1786330863,26.701,86.23331,90,0,218,,0,27.39258,26.64792,21.84556
1786330864,26.74372,86.34928,90,0,218,,0,27.35871,26.64792,21.77803
1786330865,26.75708,86.33097,90,0,218,,0,27.39258,26.71565,21.77803
1786330866,26.77043,86.39811,90,0,218,,0,27.39258,26.71565,21.8119
1786330866,26.75708,86.52781,90,0,217,,14,27.39258,26.74932,21.84556
1786330867,26.73037,86.5507,90,0,218,,0,27.35871,26.64792,21.84556
1786330868,26.73037,86.58274,90,0,218,,0,27.39258,26.64792,21.8119
1786330868,26.77043,86.4683,90,0,218,,3,27.35871,26.71565,21.77803
1786330869,26.701,86.59495,90,0,217,,0,27.42644,26.71565,21.74417
1786330870,26.71435,86.68192,90,0,218,,0,27.35871,26.68159,21.8119
1786330870,26.73037,86.5919,90,0,217,,5,27.35871,26.71565,21.84556
1786330871,26.701,86.62699,90,0,218,,0,27.32484,26.71565,21.8119
1786330872,26.71435,86.70176,90,0,217,,0,27.39258,26.64792,21.8119
1786330872,26.73037,86.67735,90,0,219,,0,27.35871,26.61406,21.8119
1786330873,26.68765,86.61021,90,0,218,,0,27.39258,26.68159,21.87943
1786330874,26.86923,86.73685,90,0,218,,0,27.32484,26.64792,21.84556
1786330874,26.6743,86.77348,90,0,218,,0,27.39258,26.71565,21.8119
1786330875,26.77043,86.73838,90,0,218,,0,27.39258,26.74932,21.87943
1786330876,26.75708,86.81926,90,0,217,,0,27.39258,26.71565,21.77803
1786330876,26.74372,86.70023,90,0,217,,0,27.42644,26.64792,21.77803
1786330877,26.6556,86.6865,90,0,217,,6,27.35871,26.78319,21.87943
1786330878,26.701,86.72923,90,0,217,,0,27.35871,26.64792,21.77803
1786330878,26.64225,86.65141,90,0,218,,0,27.42644,26.74932,21.8119
1786330879,26.77043,86.73838,90,0,217,,9,27.39258,26.64792,21.8119
1786330880,26.71435,86.57816,90,0,218,,0,27.35871,26.68159,21.77803
1786330880,26.77043,86.6453,90,0,218,,0,27.39258,26.71565,21.74417
1786330881,26.71435,86.60868,90,0,218,,6,27.35871,26.71565,21.8119
1786330882,26.81315,86.58579,90,0,218,,0,27.35871,26.71565,21.8119
1786330883,26.71435,86.59953,90,0,219,,0,27.32484,26.64792,21.84556
1786330883,26.68765,86.5095,90,0,218,,0,27.39258,26.68159,21.84556
1786330884,26.6743,86.44083,90,0,218,,9,27.32484,26.71565,21.77803
1786330885,26.701,86.52323,90,0,218,,0,27.35871,26.68159,21.8119
1786330885,26.701,86.47135,90,0,218,,0,27.39258,26.61406,21.8119
1786330886,26.71435,86.51713,90,0,218,,4,27.39258,26.68159,21.84556
1786330887,26.68765,86.40421,90,0,218,,0,27.39258,26.71565,21.8119
1786330887,26.68765,86.42558,90,0,217,,0,27.39258,26.74932,21.8119
1786330888,26.74372,86.37064,90,0,218,,0,27.42644,26.64792,21.8119
1786330889,26.74372,86.30656,90,0,217,,2,27.35871,26.68159,21.8119
1786330889,26.71435,86.21652,90,0,217,,0,27.35871,26.71565,21.77803
1786330890,26.71435,86.18448,90,0,218,,0,27.39258,26.64792,21.9133
1786330891,26.71435,86.19669,90,0,217,,4,27.39258,26.64792,21.77803
1786330891,26.75708,86.09598,90,0,217,,0,27.35871,26.61406,21.87943
1786330892,26.701,86.02731,90,0,218,,0,27.32484,26.71565,21.84556
1786330893,26.73037,86.0563,90,0,218,,0,27.32484,26.68159,21.8119
1786330893,26.6556,85.91898,90,0,218,,6,27.39258,26.71565,21.8119
1786330894,26.6289,85.93271,90,0,218,,0,27.39258,26.68159,21.87943
1786330895,26.71435,85.7908,90,0,218,,0,27.32484,26.68159,21.74417
1786330895,26.701,85.89151,90,0,217,,5,27.35871,26.68159,21.77803
1786330896,26.68765,85.80453,90,0,217,,0,27.35871,26.64792,21.8119
1786330897,26.77043,85.72518,90,0,218,,0,27.39258,26.71565,21.77803
1786330897,26.74372,85.45052,90,0,218,,4,27.35871,26.61406,21.77803
1786330898,26.6556,85.65194,90,0,217,,6,27.35871,26.71565,21.87943
1786330899,26.68765,85.6199,90,0,217,,0,27.35871,26.64792,21.8119
1786330899,26.64225,85.60616,90,0,218,,0,27.39258,26.68159,21.8119
1786330900,26.6556,85.4551,90,0,217,,10,27.35871,26.74932,21.74417
1786330901,26.68765,85.47341,90,0,217,,0,27.39258,26.64792,21.8119
1786330902,26.73037,85.44595,90,0,217,,0,27.35871,26.68159,21.74417
1786330902,26.75708,85.57565,90,0,218,,0,27.42644,26.78319,21.77803
1786330903,26.64225,85.4612,90,0,218,,0,27.35871,26.71565,21.77803
1786330904,26.74372,85.42916,90,0,218,,0,27.32484,26.68159,21.84556
1786330904,26.74372,85.54208,90,0,218,,0,27.42644,26.71565,21.8119
1786330905,26.6743,85.57412,90,0,218,,5,27.39258,26.71565,21.8119
1786330906,26.68765,85.4139,90,0,217,,0,27.39258,26.74932,21.87943
1786330906,26.6556,85.46578,90,0,218,,0,27.42644,26.71565,21.84556
1786330907,26.81315,85.43832,90,0,218,,10,27.39258,26.71565,21.84556
1786330908,26.74372,85.37728,90,0,217,,0,27.35871,26.71565,21.8119
1786330908,26.6556,85.36355,90,0,217,,0,27.42644,26.64792,21.87943
1786330909,26.6743,85.40017,90,0,218,,1,27.39258,26.68159,21.8119
1786330910,26.78645,85.38796,90,0,217,,0,27.35871,26.71565,21.84556
1786330910,26.77043,85.50698,90,0,217,,0,27.39258,26.64792,21.84556
1786330911,26.75708,85.39101,90,0,217,,7,27.35871,26.68159,21.84556
1786330912,26.6743,85.37728,90,0,217,,1,27.35871,26.74932,21.8119
1786330912,26.71435,85.48257,90,0,218,,0,27.32484,26.64792,21.87943
1786330913,26.6743,85.32693,90,0,218,,0,27.39258,26.74932,21.84556
1786330914,26.6289,85.32388,90,0,218,,3,27.35871,26.78319,21.8119
1786330914,26.78645,85.40017,90,0,218,,0,27.35871,26.74932,21.9133
1786330915,26.73037,85.40475,90,0,218,,0,27.39258,26.71565,21.77803
1786330916,26.64225,85.37881,90,0,217,,5,27.35871,26.71565,21.77803
1786330916,26.71435,85.40017,90,0,217,,0,27.42644,26.71565,21.84556
1786330917,26.701,85.29183,90,0,218,,0,27.39258,26.68159,21.87943
1786330918,26.74372,85.40932,90,0,217,,0,27.39258,26.71565,21.84556
1786330918,26.701,85.52987,90,0,218,,0,27.35871,26.61406,21.77803
1786330919,26.61288,85.35134,90,0,218,,0,27.35871,26.64792,21.84556
1786330920,26.71435,85.42001,90,0,217,,2,27.35871,26.64792,21.77803
1786330921,26.71435,85.37881,90,0,217,,4,27.35871,26.68159,21.74417
1786330921,26.73037,85.43679,90,0,217,,0,27.39258,26.68159,21.87943
1786330922,26.6556,85.25979,90,0,218,,0,27.35871,26.61406,21.8119
1786330923,26.6743,85.26437,90,0,218,,0,27.35871,26.71565,21.9133
1786330923,26.64225,85.31777,90,0,218,,0,27.39258,26.68159,21.67663
1786330924,26.74372,85.39712,90,0,218,,0,27.35871,26.64792,21.8119
1786330925,26.701,85.39559,90,0,218,,6,27.35871,26.74932,21.84556
1786330925,26.73037,85.34066,90,0,218,,7,27.35871,26.68159,21.9133
1786330926,26.77043,85.34219,90,0,217,,0,27.32484,26.71565,21.77803
1786330927,26.68765,85.30862,90,0,217,,0,27.39258,26.68159,21.84556
1786330927,26.6556,85.28115,90,0,217,,2,27.35871,26.71565,21.84556
1786330928,26.68765,85.19569,90,0,217,,0,27.35871,26.71565,21.84556
1786330929,26.78645,85.27657,90,0,217,,0,27.42644,26.71565,21.74417
1786330929,26.78645,85.40932,90,0,217,,5,27.35871,26.71565,21.84556
1786330930,26.7998,85.34982,90,0,217,,7,27.39258,26.71565,21.84556
1786330931,26.81315,85.34219,90,0,217,,0,27.39258,26.68159,21.8119
1786330931,26.74372,85.45968,90,0,218,,0,27.39258,26.64792,21.84556
1786330932,26.6743,85.34676,90,0,218,,5,27.39258,26.71565,21.9133
1786330933,26.701,85.49783,90,0,219,,0,27.39258,26.68159,21.84556
1786330933,26.71435,85.37881,90,0,218,,0,27.42644,26.74932,21.77803
1786330934,26.71435,85.42001,90,0,218,,2,27.35871,26.74932,21.84556
1786330935,26.6743,85.34676,90,0,218,,0,27.39258,26.68159,21.84556
1786330935,26.73037,85.40475,90,0,217,,0,27.39258,26.61406,21.84556
1786330936,26.71435,85.31472,90,0,217,,0,27.39258,26.68159,21.74417
1786330937,26.77043,85.37423,90,0,218,,8,27.35871,26.61406,21.8119
1786330937,26.6743,85.38796,90,0,218,,0,27.39258,26.64792,21.8119
1786330938,26.71435,85.33761,90,0,218,,0,27.35871,26.64792,21.8119
1786330939,26.6743,85.36813,90,0,218,,3,27.39258,26.68159,21.84556
1786330940,26.71435,85.38796,90,0,218,,0,27.39258,26.74932,21.84556
1786330940,26.64225,85.30556,90,0,218,,0,27.35871,26.68159,21.84556
1786330941,26.73037,85.30099,90,0,218,,0,27.32484,26.68159,21.9133
1786330942,26.6556,85.25979,90,0,218,,7,27.35871,26.64792,21.8119
1786330942,26.77043,85.272,90,0,219,,0,27.35871,26.68159,21.8119
1786330943,26.75708,85.26742,90,0,218,,0,27.39258,26.74932,21.8119
1786330944,26.7998,85.25826,90,0,218,,1,27.42644,26.78319,21.8119
1786330944,26.75708,85.22621,90,0,218,,0,27.39258,26.71565,21.84556
1786330945,26.77043,85.32235,90,0,218,,0,27.35871,26.71565,21.84556
1786330946,26.68765,85.22621,90,0,218,,0,27.32484,26.64792,21.8119
1786330946,26.77043,85.29183,90,0,217,,6,27.39258,26.74932,21.84556
1786330947,26.6743,85.33608,90,0,218,,0,27.39258,26.68159,21.8119
1786330948,26.7998,85.48714,90,0,218,,0,27.39258,26.74932,21.9133
1786330948,26.77043,85.3315,90,0,218,,5,27.35871,26.81705,21.84556
1786330949,26.64225,85.33761,90,0,218,,0,27.39258,26.71565,21.84556
1786330950,26.73037,85.3727,90,0,217,,0,27.35871,26.71565,21.84556
1786330950,26.75708,85.23537,90,0,217,,4,27.35871,26.64792,21.74417
1786330951,26.74372,85.30556,90,0,218,,9,27.39258,26.64792,21.8119
1786330952,26.701,85.29183,90,0,218,,0,27.32484,26.68159,21.8119
1786330952,26.6289,85.46883,90,0,218,,0,27.35871,26.74932,21.84556
1786330953,26.71435,85.33761,90,0,218,,2,27.35871,26.71565,21.87943
1786330954,26.64225,85.34982,90,0,218,,0,27.39258,26.61406,21.84556
1786330954,26.74372,85.35592,90,0,218,,0,27.35871,26.71565,21.77803
1786330955,26.71435,85.42001,90,0,218,,0,27.35871,26.61406,21.8119
1786330956,26.77043,85.3315,90,0,218,,3,27.39258,26.64792,21.87943
1786330956,26.701,85.19875,90,0,218,,0,27.39258,26.71565,21.77803
1786330957,26.71435,85.40017,90,0,218,,0,27.39258,26.74932,21.8119
1786330958,26.77043,85.54818,90,0,217,,5,27.42644,26.71565,21.84556
1786330959,26.64225,85.33761,90,0,217,,0,27.39258,26.68159,21.84556
1786330959,26.701,85.40627,90,0,218,,0,27.35871,26.71565,21.84556
1786330960,26.7998,85.46578,90,0,218,,6,27.35871,26.71565,21.84556
1786330961,26.701,85.25063,90,0,217,,5,27.35871,26.71565,21.87943
1786330961,26.74372,85.27352,90,0,218,,0,27.42644,26.71565,21.9133
1786330962,26.82918,85.45205,90,0,218,,0,27.42644,26.78319,21.77803
1786330963,26.6743,85.21248,90,0,218,,2,27.39258,26.68159,21.8119
1786330963,26.6743,85.33608,90,0,218,,0,27.35871,26.68159,21.74417
1786330964,26.71435,85.22316,90,0,218,,0,27.35871,26.68159,21.77803
1786330965,26.701,85.24147,90,0,218,,0,27.42644,26.74932,21.8119
1786330965,26.68765,85.22621,90,0,218,,1,27.35871,26.74932,21.8119
1786330966,26.81315,85.28268,90,0,217,,0,27.39258,26.71565,21.8119
1786330967,26.6556,85.18654,90,0,218,,0,27.39258,26.68159,21.87943
1786330967,26.68765,85.16365,90,0,217,,12,27.35871,26.68159,21.87943
1786330968,26.7998,85.3727,90,0,217,,0,27.39258,26.64792,21.8119
1786330969,26.6743,85.18044,90,0,217,,0,27.39258,26.68159,21.84556
1786330969,26.78645,85.32693,90,0,217,,12,27.35871,26.71565,21.84556
1786330970,26.75708,85.34982,90,0,218,,0,27.35871,26.74932,21.8119
1786330971,26.73037,85.2491,90,0,218,,0,27.42644,26.68159,21.87943
1786330971,26.74372,85.22163,90,0,217,,0,27.42644,26.64792,21.8119
1786330972,26.6289,85.23232,90,0,218,,5,27.39258,26.74932,21.77803
1786330973,26.74372,85.22163,90,0,219,,0,27.39258,26.68159,21.8119
1786330973,26.78645,85.24452,90,0,218,,0,27.39258,26.71565,21.77803
1786330974,26.6743,85.23232,90,0,218,,2,27.39258,26.74932,21.8119
1786330975,26.73037,85.13618,90,0,218,,0,27.39258,26.64792,21.74417
1786330975,26.73037,85.10414,90,0,218,,0,27.46011,26.71565,21.84556
1786330976,26.78645,85.09956,90,0,218,,4,27.35871,26.74932,21.77803
1786330977,26.73037,85.19569,90,0,217,,4,27.42644,26.68159,21.84556
1786330978,26.78645,85.24452,90,0,217,,0,27.42644,26.71565,21.84556
1786330978,26.68765,85.20485,90,0,218,,0,27.39258,26.71565,21.77803
1786330979,26.71435,85.16212,90,0,217,,5,27.35871,26.78319,21.77803
1786330980,26.75708,85.23537,90,0,218,,0,27.35871,26.68159,21.84556
1786330980,26.74372,85.20027,90,0,218,,0,27.35871,26.74932,21.87943
1786330981,26.7998,85.2781,90,0,218,,3,27.39258,26.68159,21.84556
1786330982,26.81315,85.33608,90,0,217,,0,27.39258,26.71565,21.87943
1786330982,26.73037,85.3193,90,0,218,,0,27.39258,26.74932,21.8119
1786330983,26.78645,85.37728,90,0,218,,0,27.42644,26.64792,21.84556
1786330984,26.701,85.38644,90,0,218,,2,27.39258,26.71565,21.87943
1786330984,26.71435,85.47036,90,0,218,,0,27.42644,26.68159,21.8119
1786330985,26.77043,85.56039,90,0,218,,0,27.32484,26.71565,21.77803
1786330986,26.71435,85.57565,90,0,218,,2,27.32484,26.68159,21.74417
1786330986,26.74372,85.66567,90,0,217,,0,27.39258,26.68159,21.84556
1786330987,26.75708,85.72213,90,0,218,,0,27.35871,26.68159,21.77803
1786330988,26.6556,85.63058,90,0,218,,2,27.35871,26.61406,21.87943
1786330988,26.78645,85.90524,90,0,217,,12,27.35871,26.68159,21.77803
1786330989,26.82918,85.99069,90,0,217,,0,27.39258,26.71565,21.87943
1786330990,26.6743,85.84421,90,0,217,,0,27.35871,26.64792,21.8119
1786330990,26.71435,85.87625,90,0,218,,8,27.39258,26.74932,21.84556
1786330991,26.701,86.0975,90,0,217,,0,27.39258,26.68159,21.84556
1786330992,26.73037,86.02426,90,0,218,,0,27.39258,26.68159,21.87943
1786330992,26.78645,86.22568,90,0,218,,0,27.35871,26.68159,21.87943
1786330993,26.71435,86.12344,90,0,218,,0,27.42644,26.61406,21.84556
1786330994,26.77043,86.07767,90,0,218,,0,27.39258,26.74932,21.8119
1786330994,26.74372,85.94492,90,0,218,,0,27.39258,26.61406,21.8119
1786330995,26.84253,86.11887,90,0,218,,16,27.39258,26.68159,21.77803
1786330996,26.78645,86.01968,90,0,218,,0,27.35871,26.68159,21.74417
1786330997,26.68765,86.11581,90,0,218,,0,27.42644,26.68159,21.87943
1786330997,26.74372,86.01816,90,0,218,,8,27.35871,26.68159,21.8119
1786330998,26.78645,86.11124,90,0,217,,0,27.35871,26.68159,21.8119
1786330999,26.74372,86.07919,90,0,217,,0,27.39258,26.64792,21.8119
1786330999,26.71435,86.02884,90,0,218,,1,27.35871,26.71565,21.84556
1786331000,26.81315,86.02731,90,0,218,,5,27.39258,26.71565,21.84556
1786331001,26.74372,86.00595,90,0,217,,0,27.42644,26.71565,21.84556
1786331001,26.78645,85.94644,90,0,217,,0,27.39258,26.68159,21.8119
1786331002,26.73037,85.86862,90,0,218,,5,27.39258,26.74932,21.77803
1786331003,26.75708,85.97849,90,0,218,,0,27.35871,26.71565,21.8119
1786331003,26.64225,85.90829,90,0,218,,0,27.32484,26.74932,21.84556
1786331004,26.68765,85.94949,90,0,218,,7,27.42644,26.78319,21.84556
1786331005,26.74372,85.94492,90,0,218,,0,27.42644,26.74932,21.87943
1786331005,26.6743,85.9968,90,0,218,,0,27.35871,26.74932,21.8119
1786331006,26.78645,85.97696,90,0,218,,0,27.35871,26.68159,21.8119
1786331007,26.73037,85.95102,90,0,218,,3,27.39258,26.61406,21.87943
1786331007,26.701,85.86252,90,0,218,,0,27.35871,26.68159,21.8119
1786331008,26.71435,85.80301,90,0,218,,0,27.32484,26.68159,21.84556
1786331009,26.75708,85.89914,90,0,217,,10,27.35871,26.74932,21.77803
1786331009,26.78645,85.92661,90,0,217,,7,27.39258,26.61406,21.84556
1786331010,26.84253,85.85947,90,0,217,,0,27.35871,26.68159,21.84556
1786331011,26.71435,85.81216,90,0,217,,0,27.39258,26.64792,21.84556
1786331011,26.81315,85.78928,90,0,217,,5,27.39258,26.68159,21.8119
1786331012,26.68765,85.69314,90,0,218,,0,27.32484,26.71565,21.84556
1786331013,26.81315,85.78012,90,0,218,,0,27.39258,26.71565,21.84556
1786331013,26.6556,85.71603,90,0,218,,0,27.39258,26.78319,21.77803
1786331014,26.68765,85.64889,90,0,218,,1,27.35871,26.71565,21.8119
1786331015,26.78645,85.69924,90,0,218,,0,27.39258,26.68159,21.77803
1786331016,26.71435,85.67941,90,0,218,,0,27.35871,26.68159,21.8119
1786331016,26.75708,85.65804,90,0,218,,9,27.32484,26.78319,21.84556
1786331017,26.71435,85.626,90,0,217,,4,27.35871,26.68159,21.77803
1786331018,26.64225,85.57565,90,0,218,,0,27.35871,26.71565,21.84556
1786331018,26.71435,85.49172,90,0,218,,0,27.35871,26.58019,21.8119
1786331019,26.74372,85.51003,90,0,218,,2,27.39258,26.74932,21.77803
1786331020,26.75708,85.42306,90,0,218,,0,27.42644,26.68159,21.8119
1786331020,26.74372,85.42916,90,0,217,,0,27.35871,26.68159,21.77803
1786331021,26.71435,85.44137,90,0,217,,0,27.39258,26.71565,21.77803
1786331022,26.73037,85.43679,90,0,217,,3,27.39258,26.71565,21.84556
1786331022,26.701,85.40627,90,0,219,,0,27.35871,26.64792,21.84556
1786331023,26.6556,85.34219,90,0,218,,0,27.42644,26.58019,21.8119
1786331024,26.701,85.34219,90,0,218,,0,27.35871,26.68159,21.77803
1786331024,26.6556,85.3727,90,0,218,,0,27.35871,26.74932,21.84556
1786331025,26.74372,85.45052,90,0,218,,0,27.42644,26.71565,21.77803
1786331026,26.75708,85.4017,90,0,217,,0,27.35871,26.71565,21.77803
1786331026,26.68765,85.42306,90,0,218,,5,27.39258,26.71565,21.84556
1786331027,26.701,85.30404,90,0,218,,0,27.39258,26.74932,21.74417
1786331028,26.77043,85.38338,90,0,217,,0,27.32484,26.68159,21.8119
1786331028,26.61288,85.29946,90,0,218,,7,27.35871,26.64792,21.8119
1786331029,26.81315,85.39559,90,0,218,,5,27.42644,26.71565,21.87943
1786331030,26.74372,85.34524,90,0,218,,0,27.39258,26.64792,21.8119
1786331030,26.68765,85.3193,90,0,217,,0,27.32484,26.64792,21.77803
1786331031,26.74372,85.26284,90,0,217,,4,27.39258,26.74932,21.8119
1786331032,26.73037,85.26894,90,0,218,,0,27.39258,26.68159,21.77803
1786331032,26.7998,85.29031,90,0,218,,0,27.35871,26.64792,21.84556
1786331033,26.75708,85.2781,90,0,218,,0,27.32484,26.71565,21.7105
1786331034,26.74372,85.24147,90,0,218,,3,27.39258,26.64792,21.84556
1786331035,26.75708,85.37881,90,0,218,,0,27.32484,26.68159,21.84556
1786331035,26.68765,85.34982,90,0,218,,0,27.39258,26.71565,21.84556
1786331036,26.75708,85.2781,90,0,217,,4,27.35871,26.61406,21.77803
1786331037,26.74372,85.28268,90,0,218,,1,27.35871,26.71565,21.87943
1786331037,26.75708,85.34982,90,0,217,,0,27.35871,26.68159,21.8119
1786331038,26.75708,85.41085,90,0,218,,0,27.35871,26.64792,21.74417
1786331039,26.68765,85.4551,90,0,218,,5,27.46011,26.64792,21.8119
1786331039,26.701,85.47799,90,0,218,,0,27.42644,26.68159,21.8119
1786331040,26.73037,85.51614,90,0,217,,0,27.39258,26.71565,21.8119
1786331041,26.74372,85.58327,90,0,217,,8,27.39258,26.74932,21.84556
1786331041,26.58618,85.57107,90,0,218,,6,27.39258,26.68159,21.77803
1786331042,26.71435,85.63515,90,0,217,,0,27.39258,26.74932,21.84556
1786331043,26.73037,85.61074,90,0,218,,0,27.39258,26.74932,21.77803
1786331043,26.701,85.64278,90,0,218,,1,27.39258,26.64792,21.87943
1786331044,26.6556,85.85947,90,0,218,,0,27.35871,26.68159,21.84556
1786331045,26.64225,85.89609,90,0,218,,0,27.35871,26.64792,21.84556
1786331045,26.68765,86.17838,90,0,218,,0,27.35871,26.68159,21.74417
1786331046,26.77043,86.26231,90,0,217,,6,27.35871,26.68159,21.8119
1786331047,26.7998,86.45762,90,0,218,,0,27.39258,26.71565,21.84556
1786331047,26.73037,86.6865,90,0,218,,0,27.35871,26.74932,21.9133
1786331048,26.73037,86.67735,90,0,217,,5,27.39258,26.64792,21.74417
1786331049,26.78645,86.83757,90,0,218,,5,27.35871,26.71565,21.8119
1786331049,26.77043,86.81163,90,0,217,,0,27.39258,26.64792,21.7105
1786331050,26.71435,86.90776,90,0,218,,0,27.35871,26.64792,21.77803
1786331051,26.71435,86.92912,90,0,218,,6,27.35871,26.74932,21.74417
1786331051,26.71435,86.94896,90,0,217,,0,27.39258,26.71565,21.84556
1786331052,26.6556,87.00694,90,0,218,,0,27.35871,26.71565,21.77803
1786331053,26.73037,86.98558,90,0,218,,3,27.35871,26.68159,21.84556
1786331054,26.6556,86.95659,90,0,218,,1,27.39258,26.64792,21.84556
1786331054,26.68765,86.92149,90,0,218,,0,27.35871,26.68159,21.9133
1786331055,26.73037,86.94438,90,0,218,,0,27.42644,26.68159,21.84556
1786331056,26.71435,86.84825,90,0,218,,5,27.39258,26.74932,21.87943
1786331056,26.74372,86.81468,90,0,217,,0,27.39258,26.71565,21.7105
1786331057,26.78645,86.80553,90,0,218,,0,27.35871,26.78319,21.8119
1786331058,26.64225,86.80705,90,0,218,,4,27.39258,26.68159,21.87943
1786331058,26.75708,86.77501,90,0,217,,0,27.35871,26.71565,21.8119
1786331059,26.78645,86.66056,90,0,218,,0,27.32484,26.68159,21.77803
1786331060,26.77043,86.66514,90,0,218,,3,27.39258,26.64792,21.8119
1786331060,26.73037,86.58274,90,0,217,,3,27.39258,26.68159,21.87943
1786331061,26.6743,86.62852,90,0,217,,0,27.35871,26.68159,21.84556
1786331062,26.701,86.71854,90,0,218,,0,27.39258,26.68159,21.74417
1786331062,26.6289,86.63767,90,0,219,,0,27.35871,26.71565,21.74417
1786331063,26.6556,86.62394,90,0,218,,0,27.35871,26.74932,21.8119
1786331064,26.74372,86.67887,90,0,218,,0,27.39258,26.74932,21.8119
1786331064,26.68765,86.56901,90,0,218,,0,27.39258,26.74932,21.84556
1786331065,26.701,86.51255,90,0,218,,0,27.35871,26.71565,21.84556
1786331066,26.6556,86.58274,90,0,218,,0,27.35871,26.71565,21.77803
1786331066,26.74372,86.56443,90,0,218,,9,27.39258,26.71565,21.87943
1786331067,26.73037,86.48051,90,0,217,,0,27.39258,26.68159,21.87943
1786331068,26.701,86.49119,90,0,217,,0,27.35871,26.61406,21.84556
1786331068,26.82918,86.47593,90,0,217,,3,27.35871,26.71565,21.8119
1786331069,26.75708,86.36301,90,0,218,,0,27.35871,26.68159,21.8119
1786331070,26.701,86.30656,90,0,218,,0,27.42644,26.68159,21.87943
1786331070,26.68765,86.24857,90,0,217,,1,27.39258,26.71565,21.87943
1786331071,26.701,86.22415,90,0,217,,4,27.39258,26.61406,21.77803
1786331072,26.68765,86.11581,90,0,218,,0,27.39258,26.64792,21.84556
1786331073,26.7998,86.13718,90,0,218,,0,27.35871,26.68159,21.77803
1786331073,26.68765,86.05478,90,0,218,,6,27.35871,26.64792,21.77803
1786331074,26.68765,85.96933,90,0,218,,0,27.39258,26.64792,21.77803
1786331075,26.68765,85.89914,90,0,218,,0,27.39258,26.71565,21.8119
1786331075,26.68765,85.89914,90,0,217,,3,27.32484,26.74932,21.84556
1786331076,26.6743,85.82285,90,0,217,,0,27.35871,26.68159,21.84556
1786331077,26.73037,85.80759,90,0,218,,0,27.32484,26.64792,21.8119
1786331077,26.6556,85.77554,90,0,217,,1,27.39258,26.68159,21.84556
1786331078,26.64225,85.76181,90,0,218,,11,27.39258,26.71565,21.87943
1786331079,26.73037,85.63058,90,0,217,,0,27.46011,26.68159,21.8119
1786331079,26.6556,85.58022,90,0,218,,0,27.35871,26.71565,21.84556
1786331080,26.71435,85.52377,90,0,217,,7,27.35871,26.74932,21.84556
1786331081,26.68765,85.5787,90,0,218,,0,27.35871,26.68159,21.84556
1786331081,26.61288,85.62905,90,0,217,,0,27.35871,26.68159,21.84556
1786331082,26.74372,85.45968,90,0,218,,1,27.39258,26.78319,21.8119
1786331083,26.701,85.41543,90,0,219,,0,27.35871,26.74932,21.77803
1786331083,26.71435,85.4612,90,0,218,,0,27.35871,26.68159,21.77803
1786331084,26.74372,85.45052,90,0,218,,0,27.35871,26.74932,21.8119
1786331085,26.61288,85.40475,90,0,218,,7,27.39258,26.74932,21.8119
1786331085,26.64225,85.35897,90,0,218,,0,27.39258,26.71565,21.74417
1786331086,26.71435,85.35897,90,0,218,,0,27.35871,26.68159,21.77803
1786331087,26.701,85.36507,90,0,218,,2,27.42644,26.74932,21.8119
1786331087,26.75708,85.28725,90,0,217,,0,27.35871,26.68159,21.77803
1786331088,26.701,85.35439,90,0,217,,0,27.39258,26.71565,21.87943
1786331089,26.77043,85.22774,90,0,218,,1,27.32484,26.64792,21.77803
1786331089,26.71435,85.15297,90,0,218,,6,27.42644,26.71565,21.8119
1786331090,26.74372,85.18044,90,0,218,,0,27.39258,26.64792,21.77803
1786331091,26.73037,85.1667,90,0,218,,0,27.35871,26.74932,21.84556
1786331092,26.75708,85.23537,90,0,217,,6,27.35871,26.71565,21.8119
1786331092,26.77043,85.25979,90,0,218,,0,27.39258,26.68159,21.9133
1786331093,26.6743,85.04768,90,0,218,,0,27.42644,26.74932,21.77803
1786331094,26.78645,85.24452,90,0,218,,2,27.39258,26.74932,21.8119
1786331094,26.74372,85.16823,90,0,218,,0,27.42644,26.71565,21.9133
1786331095,26.68765,85.14534,90,0,218,,0,27.39258,26.74932,21.8119
1786331096,26.6743,85.14076,90,0,217,,0,27.35871,26.64792,21.8119
1786331096,26.68765,85.10262,90,0,218,,3,27.32484,26.68159,21.8119
1786331097,26.6743,85.06752,90,0,218,,0,27.35871,26.68159,21.87943
1786331098,26.701,85.09499,90,0,218,,0,27.35871,26.68159,21.8119
1786331098,26.71435,84.99733,90,0,218,,1,27.39258,26.68159,21.84556
1786331099,26.6743,85.12093,90,0,217,,0,27.39258,26.68159,21.77803
1786331100,26.701,85.16823,90,0,217,,0,27.39258,26.71565,21.8119
1786331100,26.73037,85.04311,90,0,217,,1,27.39258,26.74932,21.74417
1786331101,26.81315,85.16823,90,0,217,,6,27.35871,26.68159,21.8119
1786331102,26.81315,85.09499,90,0,217,,0,27.35871,26.64792,21.84556
1786331102,26.59953,85.16212,90,0,218,,0,27.39258,26.68159,21.84556
1786331103,26.74372,85.18044,90,0,218,,3,27.35871,26.78319,21.84556
1786331104,26.6743,84.98512,90,0,218,,0,27.42644,26.64792,21.8119
1786331104,26.7998,85.08125,90,0,218,,0,27.39258,26.64792,21.87943
1786331105,26.73037,85.14534,90,0,218,,0,27.35871,26.71565,21.77803
1786331106,26.75708,85.18196,90,0,218,,6,27.35871,26.64792,21.84556
1786331106,26.77043,85.14839,90,0,218,,0,27.39258,26.74932,21.77803
1786331107,26.73037,85.1133,90,0,218,,0,27.35871,26.68159,21.8119
1786331108,26.73037,85.28115,90,0,217,,10,27.35871,26.68159,21.74417
1786331108,26.71435,85.15297,90,0,217,,0,27.32484,26.71565,21.87943
1786331109,26.701,85.16823,90,0,217,,0,27.42644,26.61406,21.94696
1786331110,26.77043,85.17586,90,0,218,,2,27.35871,26.71565,21.8119
1786331111,26.6556,85.11635,90,0,217,,4,27.46011,26.64792,21.8119
1786331111,26.75708,85.19417,90,0,218,,0,27.35871,26.68159,21.8119
1786331112,26.75708,85.13161,90,0,218,,0,27.32484,26.68159,21.8119
1786331113,26.6743,85.08888,90,0,218,,0,27.42644,26.71565,21.87943
1786331113,26.73037,85.23994,90,0,218,,0,27.35871,26.71565,21.8119
1786331114,26.701,85.15755,90,0,218,,0,27.39258,26.68159,21.8119
1786331115,26.71435,85.03853,90,0,218,,1,27.35871,26.61406,21.84556
1786331115,26.77043,85.22774,90,0,218,,0,27.39258,26.64792,21.8119
1786331116,26.71435,85.12093,90,0,217,,0,27.32484,26.71565,21.8119
1786331117,26.68765,85.20485,90,0,217,,0,27.39258,26.71565,21.77803
1786331117,26.71435,85.16212,90,0,218,,9,27.39258,26.64792,21.84556
1786331118,26.81315,85.09499,90,0,218,,0,27.39258,26.64792,21.84556
1786331119,26.75708,85.3193,90,0,218,,0,27.35871,26.74932,21.87943
1786331119,26.6289,85.06599,90,0,218,,8,27.39258,26.64792,21.84556
1786331120,26.74372,85.00648,90,0,218,,0,27.42644,26.68159,21.84556
1786331121,26.86923,85.14381,90,0,218,,0,27.35871,26.71565,21.74417
1786331121,26.7998,85.13466,90,0,217,,3,27.35871,26.74932,21.84556
1786331122,26.73037,85.15755,90,0,218,,0,27.35871,26.71565,21.84556
1786331123,26.74372,85.08583,90,0,219,,0,27.35871,26.64792,21.74417
1786331123,26.71435,85.01564,90,0,218,,7,27.35871,26.74932,21.84556
1786331124,26.6743,85.12093,90,0,218,,1,27.35871,26.64792,21.74417
1786331125,26.701,85.10719,90,0,218,,0,27.39258,26.74932,21.77803
1786331125,26.64225,85.02937,90,0,217,,0,27.39258,26.68159,21.84556
1786331126,26.68765,84.93782,90,0,218,,4,27.35871,26.78319,21.8119
1786331127,26.6556,85.11635,90,0,218,,0,27.39258,26.71565,21.77803
1786331127,26.75708,85.12245,90,0,218,,0,27.39258,26.71565,21.84556
1786331128,26.71435,85.05836,90,0,218,,3,27.39258,26.71565,21.9133
1786331129,26.77043,85.05226,90,0,218,,0,27.39258,26.68159,21.77803
1786331130,26.82918,84.92409,90,0,218,,0,27.35871,26.71565,21.84556
1786331130,26.74372,84.91188,90,0,218,,5,27.35871,26.64792,21.8119
1786331131,26.73037,84.98055,90,0,218,,0,27.39258,26.68159,21.84556
1786331132,26.701,84.95155,90,0,217,,0,27.35871,26.68159,21.77803
1786331132,26.75708,84.98817,90,0,219,,0,27.32484,26.74932,21.77803
1786331133,26.6289,84.7654,90,0,218,,2,27.39258,26.68159,21.8119
1786331134,26.73037,84.9073,90,0,218,,0,27.32484,26.78319,21.84556
1786331134,26.71435,84.93477,90,0,218,,0,27.35871,26.78319,21.84556
1786331135,26.71435,84.93477,90,0,218,,6,27.35871,26.74932,21.84556
1786331136,26.6743,84.93324,90,0,218,,0,27.39258,26.78319,21.8119
1786331136,26.58618,84.87831,90,0,217,,0,27.42644,26.61406,21.8119
1786331137,26.73037,84.84627,90,0,218,,3,27.39258,26.64792,21.77803
1786331138,26.71435,84.89204,90,0,218,,0,27.35871,26.68159,21.84556
1786331138,26.6289,84.9012,90,0,218,,0,27.32484,26.64792,21.74417
1786331139,26.68765,84.9485,90,0,218,,2,27.35871,26.71565,21.77803
1786331140,26.75708,84.99886,90,0,217,,0,27.39258,26.78319,21.8119
1786331140,26.71435,85.13161,90,0,217,,0,27.35871,26.74932,21.8119
1786331141,26.74372,85.09804,90,0,218,,0,27.39258,26.64792,21.77803
1786331142,26.74372,85.24147,90,0,218,,4,27.35871,26.74932,21.77803
1786331142,26.71435,85.40017,90,0,219,,0,27.35871,26.68159,21.84556
1786331143,26.73037,85.4139,90,0,218,,0,27.39258,26.64792,21.8119
1786331144,26.75708,85.63821,90,0,218,,2,27.39258,26.61406,21.84556
1786331144,26.73037,85.82742,90,0,218,,0,27.42644,26.71565,21.84556
1786331145,26.81315,86.03799,90,0,218,,0,27.39258,26.68159,21.9133
1786331146,26.68765,86.19821,90,0,218,,1,27.32484,26.78319,21.84556
1786331146,26.71435,86.2562,90,0,218,,0,27.42644,26.78319,21.84556
1786331147,26.73037,86.21042,90,0,218,,0,27.35871,26.71565,21.84556
1786331148,26.6743,86.30808,90,0,217,,1,27.39258,26.74932,21.87943
1786331149,26.6743,86.30808,90,0,218,,0,27.35871,26.64792,21.84556
1786331149,26.77043,86.38895,90,0,218,,0,27.39258,26.61406,21.84556
1786331150,26.74372,86.52628,90,0,217,,3,27.39258,26.68159,21.8119
1786331151,26.77043,86.3447,90,0,217,,0,27.35871,26.68159,21.8119
1786331151,26.7998,86.44541,90,0,217,,0,27.29098,26.68159,21.8119
1786331152,26.6743,86.38132,90,0,218,,1,27.39258,26.71565,21.84556
1786331153,26.75708,86.19821,90,0,218,,0,27.39258,26.61406,21.9133
1786331153,26.77043,86.3035,90,0,218,,0,27.39258,26.64792,21.8119
1786331154,26.73037,86.16922,90,0,218,,0,27.39258,26.71565,21.87943
1786331155,26.7998,86.21042,90,0,218,,4,27.39258,26.68159,21.74417
1786331155,26.7998,86.12497,90,0,218,,0,27.35871,26.68159,21.8119
1786331156,26.71435,86.18448,90,0,217,,0,27.39258,26.64792,21.77803
1786331157,26.73037,86.01358,90,0,217,,5,27.39258,26.71565,21.8119
1786331157,26.6556,86.0563,90,0,218,,0,27.39258,26.74932,21.8119
1786331158,26.6556,86.02426,90,0,217,,0,27.39258,26.68159,21.8119
1786331159,26.75708,85.87625,90,0,218,,7,27.42644,26.81705,21.87943
1786331159,26.77043,85.96323,90,0,217,,0,27.42644,26.68159,21.8119
1786331160,26.74372,85.88235,90,0,218,,0,27.35871,26.68159,21.74417
1786331161,26.6556,86.00443,90,0,218,,1,27.35871,26.64792,21.84556
1786331161,26.74372,85.88235,90,0,218,,5,27.32484,26.74932,21.8119
1786331162,26.701,85.96323,90,0,218,,0,27.32484,26.71565,21.84556
1786331163,26.77043,85.94186,90,0,218,,0,27.35871,26.68159,21.77803
1786331163,26.74372,85.7496,90,0,218,,13,27.32484,26.68159,21.9133
1786331164,26.68765,85.75418,90,0,218,,0,27.39258,26.68159,21.77803
1786331165,26.6743,85.7908,90,0,218,,0,27.39258,26.61406,21.84556
1786331165,26.6743,85.8732,90,0,218,,2,27.32484,26.64792,21.8119
1786331166,26.71435,85.85489,90,0,218,,0,27.39258,26.71565,21.8119
1786331167,26.701,85.69466,90,0,218,,0,27.35871,26.68159,21.84556
1786331168,26.71435,85.76181,90,0,217,,0,27.35871,26.71565,21.74417
1786331168,26.73037,85.78622,90,0,218,,0,27.39258,26.71565,21.77803
1786331169,26.77043,85.77707,90,0,217,,0,27.32484,26.68159,21.84556
1786331170,26.75708,85.72213,90,0,218,,5,27.39258,26.71565,21.84556
1786331170,26.78645,85.59701,90,0,218,,0,27.35871,26.71565,21.77803
1786331171,26.61288,85.70229,90,0,217,,0,27.35871,26.68159,21.8119
1786331172,26.71435,85.7206,90,0,218,,1,27.39258,26.68159,21.77803
1786331172,26.7998,85.67178,90,0,218,,0,27.35871,26.78319,21.9133
1786331173,26.6556,85.67178,90,0,218,,0,27.42644,26.68159,21.84556
1786331174,26.6289,85.65652,90,0,218,,0,27.42644,26.68159,21.84556
1786331174,26.7998,85.71297,90,0,218,,4,27.39258,26.68159,21.84556
1786331175,26.701,85.64278,90,0,218,,0,27.39258,26.61406,21.77803
1786331176,26.73037,85.58938,90,0,218,,0,27.39258,26.64792,21.8119
1786331176,26.701,85.69466,90,0,218,,5,27.42644,26.71565,21.77803
1786331177,26.701,85.64278,90,0,217,,0,27.35871,26.74932,21.8119
1786331178,26.71435,85.55581,90,0,217,,0,27.35871,26.71565,21.8119
1786331178,26.701,85.63363,90,0,217,,4,27.35871,26.78319,21.84556
1786331179,26.74372,85.57412,90,0,218,,0,27.39258,26.74932,21.9133
1786331180,26.71435,85.63515,90,0,217,,0,27.39258,26.68159,21.84556
1786331180,26.73037,85.68398,90,0,217,,6,27.35871,26.64792,21.8119
1786331181,26.74372,85.58327,90,0,218,,0,27.35871,26.74932,21.87943
1786331182,26.701,85.58327,90,0,218,,0,27.39258,26.68159,21.8119
1786331182,26.6743,85.60616,90,0,219,,0,27.39258,26.78319,21.8119
1786331183,26.78645,85.72976,90,0,218,,0,27.35871,26.61406,21.8119
1786331184,26.68765,85.54665,90,0,218,,0,27.35871,26.64792,21.84556
1786331184,26.6289,85.54208,90,0,218,,0,27.39258,26.68159,21.87943
1786331185,26.68765,85.55733,90,0,218,,1,27.39258,26.74932,21.8119
1786331186,26.78645,85.5848,90,0,218,,0,27.35871,26.68159,21.8119
1786331187,26.7998,85.66109,90,0,217,,0,27.35871,26.71565,21.8119
1786331187,26.6556,85.67178,90,0,218,,9,27.39258,26.71565,21.84556
1786331188,26.68765,85.76639,90,0,218,,0,27.42644,26.74932,21.8119
1786331189,26.74372,85.88235,90,0,217,,0,27.39258,26.74932,21.8119
1786331189,26.68765,86.11581,90,0,217,,1,27.39258,26.71565,21.87943
1786331190,26.77043,86.20126,90,0,218,,0,27.39258,26.61406,21.8119
1786331191,26.73037,86.21042,90,0,218,,0,27.39258,26.71565,21.84556
1786331191,26.68765,86.42558,90,0,218,,1,27.35871,26.68159,21.77803
1786331192,26.75708,86.50797,90,0,217,,0,27.39258,26.64792,21.84556
1786331193,26.75708,86.66361,90,0,218,,0,27.35871,26.68159,21.74417
1786331193,26.88525,86.83299,90,0,218,,10,27.39258,26.68159,21.74417
1786331194,26.73037,86.7277,90,0,218,,1,27.35871,26.71565,21.84556
1786331195,26.77043,87.08018,90,0,218,,0,27.39258,26.64792,21.8119
1786331195,26.74372,87.02983,90,0,218,,0,27.39258,26.68159,21.77803
1786331196,26.81315,87.16411,90,0,217,,7,27.35871,26.71565,21.87943
1786331197,26.701,87.23582,90,0,218,,0,27.39258,26.64792,21.8119
1786331197,26.6556,87.13054,90,0,218,,0,27.35871,26.71565,21.9133
1786331198,26.71435,87.2694,90,0,217,,1,27.35871,26.68159,21.84556
1786331199,26.75708,87.29229,90,0,217,,0,27.39258,26.64792,21.87943
1786331199,26.68765,87.18089,90,0,218,,0,27.39258,26.71565,21.77803
1786331200,26.6556,87.15953,90,0,218,,2,27.39258,26.71565,21.87943
1786331201,26.73037,87.26482,90,0,217,,0,27.35871,26.71565,21.77803
1786331201,26.73037,87.08934,90,0,217,,0,27.39258,26.64792,21.84556
1786331202,26.74372,87.10307,90,0,218,,0,27.35871,26.71565,21.8119
1786331203,26.71435,87.07561,90,0,218,,5,27.39258,26.71565,21.87943
1786331204,26.6289,86.92607,90,0,218,,0,27.39258,26.68159,21.84556
1786331204,26.78645,86.97032,90,0,218,,0,27.39258,26.68159,21.8119
1786331205,26.68765,86.95354,90,0,218,,0,27.39258,26.68159,21.77803
1786331206,26.71435,86.84825,90,0,218,,0,27.39258,26.71565,21.77803
1786331206,26.78645,87.01305,90,0,218,,0,27.39258,26.64792,21.84556
1786331207,26.75708,86.86046,90,0,218,,2,27.39258,26.68159,21.77803
1786331208,26.6743,86.80553,90,0,217,,0,27.39258,26.64792,21.8119
1786331208,26.64225,86.79637,90,0,218,,0,27.39258,26.71565,21.77803
1786331209,26.77043,86.75975,90,0,217,,9,27.32484,26.61406,21.84556
1786331210,26.71435,86.59953,90,0,218,,4,27.35871,26.68159,21.94696
1786331210,26.701,86.75975,90,0,217,,0,27.35871,26.68159,21.8119
1786331211,26.701,86.64683,90,0,218,,0,27.39258,26.71565,21.87943
1786331212,26.73037,86.5919,90,0,217,,11,27.39258,26.74932,21.84556
1786331212,26.73037,86.6453,90,0,219,,0,27.32484,26.71565,21.84556
1786331213,26.84253,86.63615,90,0,218,,0,27.42644,26.74932,21.8119
1786331214,26.73037,86.77959,90,0,218,,1,27.39258,26.68159,21.84556
1786331214,26.71435,86.53696,90,0,218,,0,27.39258,26.68159,21.74417
1786331215,26.81315,86.71091,90,0,218,,0,27.39258,26.71565,21.77803
1786331216,26.71435,86.64988,90,0,218,,5,27.35871,26.68159,21.8119
1786331216,26.64225,86.61021,90,0,218,,0,27.39258,26.68159,21.87943
1786331217,26.75708,86.59037,90,0,217,,0,27.39258,26.68159,21.84556
1786331218,26.701,86.63615,90,0,218,,1,27.35871,26.74932,21.84556
1786331218,26.74372,86.77348,90,0,218,,6,27.42644,26.71565,21.8119
1786331219,26.701,86.61478,90,0,217,,0,27.39258,26.71565,21.84556
1786331220,26.71435,86.60868,90,0,218,,0,27.39258,26.74932,21.84556
1786331220,26.71435,86.60868,90,0,217,,7,27.39258,26.64792,21.77803
1786331221,26.71435,86.54612,90,0,218,,0,27.39258,26.68159,21.84556
1786331222,26.68765,86.53086,90,0,218,,0,27.39258,26.68159,21.84556
1786331223,26.68765,86.62241,90,0,219,,0,27.39258,26.64792,21.9133
1786331223,26.61288,86.51865,90,0,218,,0,27.39258,26.74932,21.8119
1786331224,26.701,86.49119,90,0,218,,0,27.32484,26.68159,21.77803
1786331225,26.77043,86.58274,90,0,218,,0,27.35871,26.64792,21.7105
1786331225,26.6556,86.50034,90,0,217,,7,27.39258,26.68159,21.74417
1786331226,26.68765,86.46677,90,0,218,,0,27.39258,26.68159,21.8119
1786331227,26.6556,86.43626,90,0,218,,0,27.35871,26.64792,21.84556
1786331227,26.71435,86.39353,90,0,218,,5,27.35871,26.74932,21.84556
1786331228,26.68765,86.32182,90,0,218,,0,27.39258,26.71565,21.84556
1786331229,26.71435,86.35233,90,0,217,,0,27.35871,26.68159,21.77803
1786331229,26.71435,86.32944,90,0,218,,5,27.35871,26.61406,21.77803
1786331230,26.73037,86.37675,90,0,218,,0,27.35871,26.71565,21.8119
1786331231,26.6556,86.39506,90,0,218,,0,27.39258,26.68159,21.8119
1786331231,26.73037,86.29282,90,0,218,,1,27.39258,26.71565,21.84556
1786331232,26.75708,86.23941,90,0,217,,0,27.35871,26.68159,21.8119
1786331233,26.6743,86.24399,90,0,219,,0,27.39258,26.71565,21.77803
1786331233,26.73037,86.16922,90,0,218,,2,27.35871,26.68159,21.87943
1786331234,26.6556,86.18906,90,0,218,,0,27.39258,26.68159,21.87943
1786331235,26.6743,86.1326,90,0,218,,0,27.39258,26.71565,21.8119
1786331235,26.73037,86.08682,90,0,218,,2,27.35871,26.64792,21.84556
1786331236,26.6289,86.02731,90,0,218,,6,27.39258,26.64792,21.84556
1786331237,26.701,85.99527,90,0,218,,0,27.35871,26.68159,21.8119
1786331237,26.6556,85.89151,90,0,218,,0,27.35871,26.68159,21.8119
1786331238,26.701,85.95407,90,0,217,,5,27.39258,26.74932,21.87943
1786331239,26.73037,85.93271,90,0,217,,0,27.35871,26.64792,21.77803
1786331239,26.74372,85.78928,90,0,218,,0,27.32484,26.71565,21.84556
1786331240,26.74372,85.78012,90,0,218,,3,27.39258,26.71565,21.84556
1786331241,26.73037,85.82742,90,0,218,,0,27.35871,26.71565,21.8119
1786331241,26.6743,85.77097,90,0,217,,0,27.39258,26.78319,21.77803
1786331242,26.71435,85.73129,90,0,218,,3,27.32484,26.68159,21.8119
1786331243,26.75708,85.70229,90,0,218,,0,27.39258,26.81705,21.77803
1786331244,26.75708,85.62905,90,0,218,,0,27.39258,26.71565,21.87943
1786331244,26.75708,85.6199,90,0,218,,2,27.35871,26.64792,21.8119
1786331245,26.6743,85.64736,90,0,218,,0,27.39258,26.68159,21.8119
1786331246,26.77043,85.62142,90,0,218,,0,27.42644,26.74932,21.8119
1786331246,26.71435,85.5848,90,0,217,,4,27.39258,26.64792,21.8119
1786331247,26.75708,85.45205,90,0,218,,7,27.32484,26.64792,21.74417
1786331248,26.77043,85.42458,90,0,217,,0,27.39258,26.68159,21.8119
1786331248,26.74372,85.53292,90,0,218,,0,27.35871,26.68159,21.8119
1786331249,26.68765,85.39254,90,0,218,,8,27.39258,26.71565,21.84556
1786331250,26.73037,85.61074,90,0,218,,0,27.39258,26.64792,21.8119
1786331250,26.74372,85.65652,90,0,218,,0,27.35871,26.81705,21.74417
1786331251,26.64225,85.75266,90,0,218,,2,27.39258,26.74932,21.84556
1786331252,26.68765,85.8259,90,0,217,,0,27.39258,26.64792,21.8119
1786331252,26.74372,85.84116,90,0,219,,0,27.32484,26.71565,21.84556
1786331253,26.701,85.87167,90,0,218,,7,27.39258,26.74932,21.87943
1786331254,26.701,85.91287,90,0,218,,0,27.42644,26.71565,21.77803
1786331254,26.74372,86.03799,90,0,218,,0,27.39258,26.71565,21.84556
1786331255,26.78645,86.02884,90,0,218,,0,27.32484,26.68159,21.87943
1786331256,26.701,85.99527,90,0,217,,5,27.42644,26.68159,21.74417
1786331256,26.82918,85.99069,90,0,218,,0,27.35871,26.71565,21.84556
1786331257,26.68765,85.91898,90,0,217,,0,27.39258,26.71565,21.8119
1786331258,26.701,86.11887,90,0,217,,2,27.32484,26.71565,21.77803
1786331258,26.71435,86.02884,90,0,217,,0,27.39258,26.71565,21.8119
1786331259,26.701,85.97391,90,0,217,,0,27.39258,26.68159,21.74417
1786331260,26.6289,86.12039,90,0,218,,1,27.39258,26.64792,21.87943
1786331260,26.6743,86.0502,90,0,217,,3,27.32484,26.71565,21.84556
1786331261,26.77043,86.04562,90,0,218,,0,27.39258,26.71565,21.87943
1786331262,26.75708,86.13412,90,0,218,,0,27.39258,26.68159,21.77803
1786331263,26.68765,86.11581,90,0,218,,0,27.39258,26.64792,21.8119
1786331263,26.74372,86.15244,90,0,218,,0,27.35871,26.71565,21.8119
1786331264,26.6556,86.12802,90,0,218,,0,27.35871,26.68159,21.8119
1786331265,26.71435,86.16464,90,0,218,,0,27.39258,26.74932,21.84556
1786331265,26.81315,86.2562,90,0,217,,4,27.35871,26.71565,21.84556
1786331266,26.71435,86.19669,90,0,218,,0,27.39258,26.74932,21.77803
1786331267,26.64225,86.17532,90,0,217,,0,27.42644,26.74932,21.8119
1786331267,26.74372,86.20279,90,0,218,,2,27.39258,26.68159,21.9133
1786331268,26.74372,86.26536,90,0,217,,4,27.35871,26.68159,21.84556
1786331269,26.71435,86.22568,90,0,217,,0,27.35871,26.71565,21.84556
1786331269,26.75708,86.47593,90,0,218,,0,27.35871,26.64792,21.87943
1786331270,26.74372,86.23483,90,0,217,,6,27.39258,26.68159,21.77803
1786331271,26.6743,86.1738,90,0,217,,0,27.39258,26.78319,21.77803
1786331271,26.68765,86.34318,90,0,218,,0,27.39258,26.68159,21.84556
1786331272,26.701,86.28367,90,0,218,,0,27.35871,26.74932,21.84556
1786331273,26.68765,86.19821,90,0,219,,0,27.35871,26.68159,21.8119
1786331273,26.6743,86.22568,90,0,218,,0,27.35871,26.71565,21.84556
1786331274,26.74372,86.20279,90,0,218,,0,27.35871,26.71565,21.77803
1786331275,26.75708,86.22873,90,0,218,,1,27.39258,26.68159,21.74417
1786331275,26.701,86.16006,90,0,217,,0,27.39258,26.68159,21.8119
1786331276,26.71435,86.11124,90,0,217,,0,27.35871,26.78319,21.84556
1786331277,26.73037,86.08682,90,0,217,,0,27.35871,26.64792,21.77803
1786331277,26.75708,86.14633,90,0,217,,8,27.39258,26.68159,21.84556
1786331278,26.6289,85.97696,90,0,218,,0,27.39258,26.64792,21.84556
1786331279,26.6556,85.98306,90,0,218,,0,27.39258,26.68159,21.8119
1786331279,26.73037,86.04562,90,0,218,,10,27.39258,26.64792,21.84556
1786331280,26.71435,85.90524,90,0,218,,0,27.35871,26.71565,21.87943
1786331281,26.64225,85.93729,90,0,218,,0,27.39258,26.68159,21.8119
1786331282,26.71435,85.95865,90,0,217,,4,27.35871,26.71565,21.77803
1786331282,26.701,85.83047,90,0,218,,1,27.39258,26.71565,21.8119
1786331283,26.74372,85.9144,90,0,218,,0,27.35871,26.71565,21.84556
1786331284,26.64225,85.87625,90,0,218,,0,27.42644,26.68159,21.9133
1786331284,26.64225,85.89609,90,0,218,,2,27.39258,26.71565,21.9133
1786331285,26.75708,86.09598,90,0,218,,0,27.35871,26.78319,21.8119
1786331286,26.61288,86.09598,90,0,217,,0,27.35871,26.78319,21.9133
1786331286,26.74372,86.18295,90,0,218,,10,27.35871,26.71565,21.84556
1786331287,26.57282,86.22873,90,0,217,,0,27.35871,26.64792,21.8119
1786331288,26.75708,86.35233,90,0,218,,0,27.39258,26.64792,21.9133
1786331288,26.73037,86.43626,90,0,218,,1,27.35871,26.71565,21.8119
1786331289,26.6743,86.47288,90,0,218,,0,27.35871,26.71565,21.84556
1786331290,26.77043,86.68803,90,0,218,,0,27.39258,26.81705,21.84556
1786331290,26.73037,86.77959,90,0,218,,3,27.35871,26.74932,21.84556
1786331291,26.73037,86.77959,90,0,217,,0,27.42644,26.68159,21.84556
1786331292,26.6556,86.9337,90,0,217,,0,27.42644,26.68159,21.77803
1786331292,26.74372,86.95811,90,0,219,,0,27.35871,26.68159,21.84556
1786331293,26.81315,87.04051,90,0,218,,0,27.35871,26.64792,21.84556
1786331294,26.77043,87.00847,90,0,218,,0,27.35871,26.71565,21.8119
1786331294,26.68765,87.07713,90,0,218,,4,27.39258,26.78319,21.87943
1786331295,26.68765,87.13054,90,0,218,,0,27.35871,26.68159,21.84556
1786331296,26.71435,87.28161,90,0,218,,0,27.35871,26.61406,21.84556
1786331296,26.701,87.14427,90,0,218,,0,27.29098,26.71565,21.77803
1786331297,26.701,87.11223,90,0,217,,2,27.35871,26.64792,21.8119
1786331298,26.73037,87.27703,90,0,218,,0,27.32484,26.74932,21.8119
1786331298,26.6743,87.24956,90,0,217,,0,27.35871,26.74932,21.84556
1786331299,26.71435,87.28161,90,0,218,,10,27.35871,26.64792,21.7105
1786331300,26.77043,87.25567,90,0,218,,0,27.35871,26.71565,21.87943
1786331301,26.71435,87.2694,90,0,217,,0,27.32484,26.71565,21.87943
1786331301,26.68765,87.0985,90,0,218,,7,27.35871,26.64792,21.87943
1786331302,26.64225,87.187,90,0,218,,0,27.42644,26.64792,21.8119
1786331303,26.6556,87.18089,90,0,218,,0,27.39258,26.74932,21.77803
1786331303,26.6556,87.13054,90,0,218,,2,27.35871,26.81705,21.77803
1786331304,26.71435,87.34264,90,0,218,,5,27.42644,26.68159,21.84556
1786331305,26.77043,87.31823,90,0,218,,0,27.39258,26.78319,21.77803
1786331305,26.73037,87.23277,90,0,218,,0,27.39258,26.64792,21.87943
1786331306,26.701,87.26788,90,0,218,,9,27.39258,26.74932,21.84556
1786331307,26.701,87.19463,90,0,218,,0,27.39258,26.68159,21.77803
1786331307,26.6743,87.19615,90,0,218,,0,27.39258,26.68159,21.8119
1786331308,26.64225,87.158,90,0,217,,6,27.35871,26.68159,21.8119
1786331309,26.73037,87.19157,90,0,218,,0,27.39258,26.74932,21.84556
1786331309,26.59953,87.16716,90,0,217,,0,27.35871,26.68159,21.84556
1786331310,26.73037,87.10002,90,0,217,,1,27.39258,26.64792,21.84556
1786331311,26.74372,87.19615,90,0,217,,0,27.42644,26.71565,21.84556
1786331311,26.68765,87.16869,90,0,218,,0,27.39258,26.71565,21.8119
1786331312,26.59953,87.04356,90,0,218,,0,27.42644,26.64792,21.8119
1786331313,26.71435,86.96117,90,0,219,,0,27.42644,26.71565,21.8119
1786331313,26.58618,86.87114,90,0,218,,0,27.35871,26.68159,21.84556
1786331314,26.58618,86.79179,90,0,218,,0,27.39258,26.71565,21.84556
1786331315,26.68765,86.76585,90,0,218,,8,27.35871,26.68159,21.87943
1786331315,26.74372,86.75059,90,0,218,,0,27.35871,26.68159,21.87943
1786331316,26.71435,86.6926,90,0,217,,0,27.35871,26.71565,21.7105
1786331317,26.59953,86.54612,90,0,218,,1,27.35871,26.64792,21.8119
1786331317,26.75708,86.56901,90,0,218,,0,27.39258,26.68159,21.84556
1786331318,26.6743,86.36149,90,0,218,,0,27.32484,26.71565,21.84556
1786331319,26.6743,86.38132,90,0,217,,1,27.35871,26.68159,21.8119
1786331320,26.71435,86.27909,90,0,218,,0,27.35871,26.64792,21.8119
1786331320,26.6289,86.34776,90,0,218,,0,27.42644,26.68159,21.8119
1786331321,26.68765,86.26994,90,0,218,,2,27.35871,26.71565,21.8119
1786331322,26.6556,86.10666,90,0,218,,0,27.39258,26.64792,21.77803
1786331322,26.68765,86.17838,90,0,219,,0,27.35871,26.61406,21.77803
1786331323,26.75708,86.11429,90,0,218,,1,27.35871,26.74932,21.84556
1786331324,26.74372,86.27604,90,0,218,,0,27.35871,26.71565,21.84556
1786331324,26.68765,86.10513,90,0,218,,0,27.35871,26.71565,21.84556
1786331325,26.6289,86.28519,90,0,218,,0,27.39258,26.71565,21.87943
1786331326,26.71435,86.12344,90,0,217,,5,27.35871,26.68159,21.84556
1786331326,26.6289,86.15091,90,0,218,,0,27.35871,26.61406,21.8119
1786331327,26.74372,86.30656,90,0,217,,0,27.35871,26.74932,21.77803
1786331328,26.6289,86.37064,90,0,217,,7,27.39258,26.68159,21.8119
1786331328,26.71435,86.43168,90,0,218,,0,27.32484,26.68159,21.84556
1786331329,26.7998,86.56901,90,0,218,,0,27.39258,26.71565,21.84556
1786331330,26.6556,86.5095,90,0,218,,11,27.39258,26.68159,21.87943
1786331330,26.77043,86.81163,90,0,218,,3,27.39258,26.71565,21.8119
1786331331,26.75708,86.66361,90,0,218,,0,27.32484,26.71565,21.77803
1786331332,26.68765,86.95354,90,0,217,,0,27.42644,26.54632,21.94696
1786331332,26.77043,87.02983,90,0,218,,0,27.35871,26.74932,21.8119
1786331333,26.701,87.05882,90,0,218,,0,27.39258,26.68159,21.8119
1786331334,26.73037,87.15038,90,0,218,,0,27.32484,26.64792,21.74417
1786331334,26.71435,87.1458,90,0,218,,8,27.39258,26.68159,21.87943
1786331335,26.701,87.15343,90,0,218,,0,27.35871,26.74932,21.84556
1786331336,26.71435,87.158,90,0,217,,0,27.35871,26.74932,21.84556
1786331336,26.77043,87.31823,90,0,217,,3,27.39258,26.68159,21.84556
1786331337,26.701,87.25567,90,0,217,,0,27.39258,26.74932,21.84556
1786331338,26.81315,87.10307,90,0,217,,0,27.39258,26.68159,21.84556
1786331339,26.6743,87.02068,90,0,217,,6,27.39258,26.64792,21.8119
1786331339,26.73037,87.03593,90,0,217,,8,27.39258,26.71565,21.8119
1786331340,26.74372,86.95811,90,0,218,,0,27.39258,26.74932,21.84556
1786331341,26.74372,86.94743,90,0,217,,0,27.39258,26.68159,21.9133
1786331341,26.75708,86.97185,90,0,217,,11,27.42644,26.71565,21.87943
1786331342,26.701,86.92607,90,0,218,,0,27.42644,26.71565,21.7105
1786331343,26.75708,87.11681,90,0,218,,0,27.39258,26.74932,21.84556
1786331343,26.75708,87.13969,90,0,218,,3,27.35871,26.68159,21.8119
1786331344,26.74372,87.21751,90,0,218,,0,27.35871,26.68159,21.8119
1786331345,26.74372,87.393,90,0,218,,0,27.35871,26.74932,21.84556
1786331345,26.75708,87.34264,90,0,217,,1,27.35871,26.71565,21.77803
1786331346,26.6556,87.42046,90,0,218,,0,27.29098,26.68159,21.77803
1786331347,26.701,87.6997,90,0,217,,0,27.35871,26.71565,21.8119
1786331347,26.73037,87.66766,90,0,217,,3,27.32484,26.68159,21.8119
1786331348,26.78645,87.91333,90,0,217,,5,27.32484,26.68159,21.87943
1786331349,26.74372,87.84619,90,0,217,,0,27.39258,26.74932,21.84556
1786331349,26.74372,87.91028,90,0,217,,0,27.39258,26.64792,21.87943
1786331350,26.73037,88.10101,90,0,217,,10,27.39258,26.71565,21.74417
1786331351,26.7998,88.17426,90,0,217,,0,27.39258,26.68159,21.84556
1786331351,26.78645,88.14832,90,0,217,,0,27.32484,26.78319,21.77803
1786331352,26.78645,88.16968,90,0,218,,1,27.39258,26.68159,21.8119
1786331353,26.77043,88.25819,90,0,218,,0,27.39258,26.68159,21.8119
1786331353,26.74372,88.23987,90,0,218,,0,27.35871,26.64792,21.84556
1786331354,26.75708,88.27497,90,0,218,,5,27.39258,26.78319,21.8119
1786331355,26.61288,88.06897,90,0,218,,0,27.39258,26.68159,21.8119
1786331355,26.71435,88.12848,90,0,218,,0,27.35871,26.68159,21.87943
1786331356,26.74372,88.11627,90,0,217,,1,27.39258,26.68159,21.94696
1786331357,26.74372,87.8996,90,0,217,,3,27.35871,26.64792,21.84556
1786331358,26.6556,87.89655,90,0,217,,0,27.39258,26.71565,21.8119
1786331358,26.68765,87.61578,90,0,218,,0,27.35871,26.64792,21.8119
1786331359,26.78645,87.66308,90,0,217,,15,27.39258,26.78319,21.8119
1786331360,26.68765,87.46929,90,0,217,,0,27.35871,26.71565,21.8119
1786331360,26.71435,87.29229,90,0,217,,0,27.35871,26.71565,21.87943
1786331361,26.71435,87.13664,90,0,218,,4,27.35871,26.68159,21.8119
1786331362,26.64225,86.97185,90,0,217,,0,27.39258,26.71565,21.8119
1786331362,26.75708,87.05424,90,0,218,,0,27.39258,26.71565,21.87943
1786331363,26.6743,86.84673,90,0,218,,2,27.35871,26.74932,21.87943
1786331364,26.6289,86.77043,90,0,218,,2,27.39258,26.74932,21.84556
1786331364,26.74372,86.72007,90,0,218,,0,27.39258,26.74932,21.8119
1786331365,26.68765,86.48661,90,0,218,,0,27.39258,26.78319,21.84556
1786331366,26.6743,86.43168,90,0,217,,6,27.35871,26.68159,21.84556
1786331366,26.6556,86.33555,90,0,217,,0,27.39258,26.71565,21.8119
1786331367,26.6556,86.23026,90,0,217,,0,27.39258,26.68159,21.87943
1786331368,26.73037,86.21042,90,0,217,,12,27.32484,26.71565,21.77803
1786331368,26.71435,86.15549,90,0,218,,0,27.42644,26.71565,21.84556
1786331369,26.75708,86.01053,90,0,217,,0,27.35871,26.64792,21.87943
1786331370,26.6743,85.9968,90,0,217,,11,27.39258,26.68159,21.8119
1786331370,26.6556,85.88083,90,0,218,,1,27.35871,26.61406,21.8119
1786331371,26.59953,85.80301,90,0,218,,0,27.35871,26.78319,21.8119
1786331372,26.68765,85.85794,90,0,217,,0,27.39258,26.78319,21.87943
1786331372,26.701,85.93271,90,0,218,,4,27.35871,26.71565,21.8119
1786331373,26.68765,85.85794,90,0,218,,0,27.39258,26.71565,21.87943
1786331374,26.61288,85.68093,90,0,218,,0,27.32484,26.71565,21.84556
1786331374,26.6743,85.76181,90,0,218,,3,27.39258,26.68159,21.84556
1786331375,26.6289,85.66567,90,0,218,,0,27.32484,26.64792,21.8119
1786331376,26.75708,85.73129,90,0,218,,0,27.39258,26.68159,21.8119
1786331377,26.71435,85.68856,90,0,217,,16,27.39258,26.74932,21.87943
1786331377,26.75708,85.80301,90,0,217,,4,27.35871,26.61406,21.87943
1786331378,26.701,85.69466,90,0,218,,0,27.32484,26.68159,21.87943
1786331379,26.6289,85.68551,90,0,218,,0,27.35871,26.71565,21.74417
1786331379,26.57282,85.74349,90,0,217,,12,27.35871,26.68159,21.8119
1786331380,26.78645,85.7496,90,0,217,,0,27.35871,26.64792,21.77803
1786331381,26.6289,85.66567,90,0,217,,0,27.39258,26.71565,21.8119
1786331381,26.68765,85.67025,90,0,217,,9,27.42644,26.74932,21.8119
1786331382,26.68765,85.77249,90,0,217,,0,27.35871,26.71565,21.77803
1786331383,26.71435,85.77249,90,0,218,,0,27.32484,26.71565,21.9133
1786331383,26.64225,85.71145,90,0,218,,1,27.39258,26.68159,21.8119
1786331384,26.68765,85.88998,90,0,218,,0,27.35871,26.68159,21.8119
1786331385,26.68765,85.76639,90,0,218,,0,27.39258,26.68159,21.84556
1786331385,26.68765,85.89914,90,0,217,,0,27.35871,26.68159,21.87943
1786331386,26.701,85.78928,90,0,217,,0,27.35871,26.68159,21.77803
1786331387,26.75708,85.94949,90,0,217,,0,27.39258,26.68159,21.77803
1786331387,26.78645,85.89609,90,0,217,,0,27.39258,26.68159,21.84556
1786331388,26.6556,85.96323,90,0,217,,10,27.32484,26.74932,21.8119
1786331389,26.74372,86.10971,90,0,217,,0,27.39258,26.71565,21.8119
1786331389,26.73037,86.21042,90,0,217,,0,27.35871,26.71565,21.8119
1786331390,26.6556,86.1387,90,0,217,,9,27.32484,26.68159,21.77803
1786331391,26.6743,86.2562,90,0,217,,0,27.39258,26.71565,21.84556
1786331391,26.71435,86.14328,90,0,217,,0,27.39258,26.64792,21.8119
1786331392,26.6556,86.24246,90,0,218,,0,27.42644,26.64792,21.9133
1786331393,26.64225,86.29893,90,0,218,,9,27.35871,26.64792,21.8119
1786331394,26.6556,86.39506,90,0,218,,0,27.39258,26.71565,21.8119
1786331394,26.71435,86.30808,90,0,218,,0,27.35871,26.71565,21.84556
1786331395,26.75708,86.54917,90,0,218,,7,27.32484,26.74932,21.74417
1786331396,26.75708,86.65141,90,0,218,,0,27.42644,26.58019,21.74417
1786331396,26.73037,86.55985,90,0,218,,0,27.35871,26.71565,21.8119
1786331397,26.73037,86.6865,90,0,217,,8,27.35871,26.64792,21.84556
1786331398,26.701,86.75975,90,0,217,,2,27.35871,26.71565,21.74417
1786331398,26.74372,86.74143,90,0,218,,0,27.35871,26.68159,21.87943
1786331399,26.68765,86.8101,90,0,217,,0,27.39258,26.68159,21.84556
1786331400,26.73037,86.91234,90,0,217,,11,27.42644,26.58019,21.84556
1786331400,26.701,87.04967,90,0,217,,0,27.39258,26.71565,21.8119
1786331401,26.68765,86.86961,90,0,217,,0,27.35871,26.74932,21.84556
1786331402,26.6556,86.90318,90,0,217,,7,27.42644,26.64792,21.8119
1786331402,26.73037,86.90318,90,0,218,,2,27.39258,26.71565,21.77803
1786331403,26.68765,86.92149,90,0,218,,0,27.39258,26.71565,21.84556
1786331404,26.75708,87.0161,90,0,218,,0,27.35871,26.58019,21.8119
1786331404,26.74372,86.78264,90,0,218,,8,27.39258,26.74932,21.84556
1786331405,26.73037,86.8925,90,0,218,,0,27.39258,26.64792,21.84556
1786331406,26.74372,86.74143,90,0,218,,0,27.39258,26.68159,21.77803
1786331406,26.701,86.70023,90,0,217,,4,27.39258,26.68159,21.84556
1786331407,26.78645,86.76433,90,0,218,,0,27.35871,26.71565,21.87943
1786331408,26.85588,86.81468,90,0,217,,0,27.35871,26.64792,21.84556
1786331408,26.701,86.70634,90,0,217,,0,27.42644,26.68159,21.84556
1786331409,26.68765,86.64225,90,0,217,,13,27.35871,26.64792,21.8119
1786331410,26.64225,86.64072,90,0,217,,0,27.39258,26.61406,21.8119
1786331410,26.74372,86.67887,90,0,217,,0,27.35871,26.64792,21.77803
1786331411,26.75708,86.67277,90,0,218,,5,27.42644,26.78319,21.77803
1786331412,26.6743,86.54459,90,0,217,,0,27.42644,26.64792,21.8119
1786331413,26.6743,86.63767,90,0,218,,0,27.39258,26.64792,21.77803
1786331413,26.81315,86.67887,90,0,218,,1,27.35871,26.71565,21.8119
1786331414,26.701,86.61478,90,0,218,,7,27.35871,26.74932,21.8119
1786331415,26.701,86.47135,90,0,218,,0,27.35871,26.71565,21.77803
1786331415,26.75708,86.62241,90,0,218,,0,27.42644,26.68159,21.84556
1786331416,26.6556,86.5629,90,0,218,,8,27.35871,26.64792,21.84556
1786331417,26.71435,86.58732,90,0,217,,0,27.39258,26.68159,21.8119
1786331417,26.701,86.32639,90,0,217,,0,27.35871,26.64792,21.77803
1786331418,26.6743,86.46372,90,0,218,,2,27.39258,26.68159,21.8119
1786331419,26.68765,86.44541,90,0,217,,0,27.39258,26.68159,21.84556
1786331419,26.6289,86.215,90,0,217,,0,27.39258,26.71565,21.87943
1786331420,26.77043,86.28367,90,0,217,,3,27.39258,26.81705,21.84556
1786331421,26.701,86.17075,90,0,218,,8,27.39258,26.74932,21.84556
1786331421,26.701,86.21194,90,0,217,,0,27.39258,26.64792,21.87943
1786331422,26.64225,86.21957,90,0,217,,0,27.35871,26.64792,21.84556
1786331423,26.77043,86.27146,90,0,218,,5,27.39258,26.71565,21.84556
1786331423,26.701,86.01511,90,0,218,,0,27.39258,26.61406,21.77803
1786331424,26.6743,85.9556,90,0,218,,0,27.35871,26.71565,21.8119
1786331425,26.71435,85.82285,90,0,218,,0,27.32484,26.61406,21.8119
1786331425,26.6743,85.69772,90,0,217,,0,27.39258,26.78319,21.8119
1786331426,26.6556,85.71603,90,0,218,,0,27.35871,26.61406,21.87943
1786331427,26.71435,85.73129,90,0,217,,12,27.35871,26.71565,21.84556
1786331427,26.71435,85.48257,90,0,217,,7,27.35871,26.71565,21.84556
1786331428,26.71435,85.56496,90,0,218,,0,27.35871,26.74932,21.87943
1786331429,26.71435,85.52377,90,0,217,,0,27.35871,26.64792,21.87943
1786331429,26.6556,85.46578,90,0,217,,12,27.39258,26.71565,21.84556
1786331430,26.6743,85.5436,90,0,217,,0,27.39258,26.71565,21.77803
1786331431,26.59953,85.47036,90,0,217,,0,27.35871,26.68159,21.8119
1786331431,26.68765,85.38186,90,0,217,,14,27.39258,26.68159,21.8119
1786331432,26.71435,85.31472,90,0,218,,0,27.42644,26.68159,21.77803
1786331433,26.7998,85.3315,90,0,218,,0,27.35871,26.71565,21.84556
1786331434,26.73037,85.28115,90,0,218,,3,27.39258,26.74932,21.87943
1786331434,26.701,85.16823,90,0,218,,7,27.42644,26.64792,21.87943
1786331435,26.6743,85.14076,90,0,218,,0,27.39258,26.68159,21.87943
1786331436,26.6289,85.0248,90,0,218,,0,27.42644,26.64792,21.84556
1786331436,26.6556,85.02174,90,0,218,,15,27.39258,26.68159,21.77803
1786331437,26.71435,84.91493,90,0,217,,0,27.35871,26.68159,21.77803
1786331438,26.6743,84.92409,90,0,217,,0,27.39258,26.64792,21.8119
1786331438,26.6556,84.80507,90,0,218,,1,27.39258,26.74932,21.77803
1786331439,26.68765,84.95766,90,0,217,,0,27.35871,26.64792,21.8119
1786331440,26.6556,84.88747,90,0,217,,0,27.32484,26.61406,21.8119
1786331440,26.6289,84.75624,90,0,217,,2,27.39258,26.71565,21.8119
1786331441,26.64225,84.87373,90,0,217,,8,27.46011,26.64792,21.84556
1786331442,26.71435,84.88289,90,0,217,,0,27.35871,26.68159,21.8119
1786331442,26.6556,84.75471,90,0,218,,0,27.35871,26.68159,21.84556
1786331443,26.73037,84.89662,90,0,218,,1,27.39258,26.68159,21.8119
1786331444,26.71435,84.74708,90,0,218,,0,27.42644,26.68159,21.84556
1786331444,26.701,84.8188,90,0,218,,0,27.39258,26.68159,21.8119
1786331445,26.75708,84.73792,90,0,218,,3,27.39258,26.64792,21.8119
1786331446,26.71435,84.71503,90,0,217,,0,27.35871,26.78319,21.84556
1786331446,26.6289,84.7364,90,0,217,,0,27.39258,26.71565,21.84556
1786331447,26.74372,84.68604,90,0,217,,4,27.39258,26.71565,21.84556
1786331448,26.71435,84.73792,90,0,217,,14,27.35871,26.64792,21.8119
1786331448,26.61288,84.69062,90,0,218,,0,27.35871,26.68159,21.87943
1786331449,26.71435,84.63569,90,0,217,,0,27.32484,26.71565,21.9133
1786331450,26.701,84.73335,90,0,217,,10,27.39258,26.68159,21.8119
1786331450,26.6743,84.72724,90,0,218,,0,27.39258,26.58019,21.77803
1786331451,26.64225,84.81117,90,0,218,,0,27.39258,26.64792,21.87943
1786331452,26.61288,84.75166,90,0,218,,10,27.39258,26.68159,21.74417
1786331453,26.73037,84.88747,90,0,218,,0,27.35871,26.71565,21.77803
1786331453,26.6743,84.82033,90,0,218,,0,27.35871,26.64792,21.8119
1786331454,26.6289,84.78828,90,0,218,,0,27.35871,26.74932,21.84556
1786331455,26.84253,84.79286,90,0,218,,11,27.35871,26.64792,21.84556
1786331455,26.7998,84.92561,90,0,217,,0,27.42644,26.71565,21.84556
1786331456,26.73037,84.9485,90,0,218,,0,27.39258,26.58019,21.8119
1786331457,26.75708,85.00801,90,0,217,,16,27.39258,26.74932,21.77803
1786331457,26.61288,84.97902,90,0,217,,0,27.35871,26.71565,21.9133
1786331458,26.77043,84.99275,90,0,218,,0,27.35871,26.74932,21.84556
1786331459,26.701,85.11787,90,0,218,,2,27.35871,26.74932,21.8119
1786331459,26.6743,85.14076,90,0,217,,7,27.35871,26.71565,21.84556
1786331460,26.71435,84.95613,90,0,217,,0,27.35871,26.71565,21.87943
1786331461,26.64225,85.04921,90,0,218,,0,27.35871,26.64792,21.84556
1786331461,26.6743,85.04768,90,0,217,,14,27.39258,26.68159,21.8119
1786331462,26.6556,85.04311,90,0,218,,0,27.39258,26.68159,21.8119
1786331463,26.6743,85.14076,90,0,218,,0,27.35871,26.64792,21.87943
1786331463,26.74372,85.18044,90,0,218,,4,27.39258,26.71565,21.8119
1786331464,26.73037,85.21706,90,0,218,,0,27.42644,26.71565,21.84556
1786331465,26.81315,85.28268,90,0,218,,0,27.39258,26.61406,21.8119
1786331465,26.68765,85.16365,90,0,218,,0,27.35871,26.64792,21.77803
1786331466,26.74372,85.23232,90,0,217,,6,27.35871,26.71565,21.8119
1786331467,26.73037,85.15755,90,0,217,,0,27.35871,26.68159,21.77803
1786331467,26.6743,85.26437,90,0,217,,0,27.35871,26.71565,21.84556
1786331468,26.6743,85.28573,90,0,217,,6,27.35871,26.68159,21.8119
1786331469,26.6743,85.22316,90,0,217,,0,27.35871,26.71565,21.77803
1786331469,26.6743,85.14076,90,0,217,,0,27.39258,26.71565,21.77803
1786331470,26.74372,85.15907,90,0,217,,2,27.32484,26.71565,21.84556
1786331471,26.75708,85.26742,90,0,217,,7,27.35871,26.71565,21.8119
1786331472,26.71435,85.25521,90,0,217,,0,27.39258,26.71565,21.87943
1786331472,26.73037,85.18654,90,0,218,,0,27.39258,26.64792,21.8119
1786331473,26.71435,85.31472,90,0,218,,4,27.35871,26.64792,21.77803
1786331474,26.701,85.12703,90,0,218,,0,27.39258,26.64792,21.8119
1786331474,26.73037,85.22774,90,0,218,,0,27.39258,26.68159,21.8119
1786331475,26.6743,85.05684,90,0,218,,0,27.42644,26.74932,21.87943
1786331476,26.6743,85.20332,90,0,218,,11,27.35871,26.74932,21.87943
1786331476,26.6556,85.10414,90,0,217,,0,27.39258,26.68159,21.8119
1786331477,26.68765,85.16365,90,0,217,,0,27.35871,26.71565,21.8119
1786331478,26.74372,85.13008,90,0,217,,5,27.39258,26.68159,21.8119
1786331478,26.68765,85.10262,90,0,217,,5,27.35871,26.71565,21.8119
1786331479,26.68765,85.10262,90,0,217,,0,27.35871,26.68159,21.8119
1786331480,26.71435,85.11177,90,0,217,,0,27.46011,26.64792,21.84556
1786331480,26.71435,85.08888,90,0,217,,7,27.39258,26.74932,21.8119
1786331481,26.75708,85.18196,90,0,218,,0,27.39258,26.64792,21.87943
1786331482,26.77043,85.06294,90,0,217,,0,27.35871,26.68159,21.7105
1786331482,26.71435,85.15297,90,0,218,,0,27.39258,26.74932,21.9133
1786331483,26.75708,84.99886,90,0,218,,5,27.42644,26.64792,21.8119
1786331484,26.6556,85.07515,90,0,218,,0,27.39258,26.68159,21.87943
1786331484,26.68765,85.3727,90,0,218,,0,27.39258,26.64792,21.8119
1786331485,26.74372,85.18044,90,0,218,,0,27.35871,26.71565,21.84556
1786331486,26.73037,85.28115,90,0,218,,1,27.35871,26.74932,21.87943
1786331486,26.75708,85.18196,90,0,217,,0,27.35871,26.74932,21.8119
1786331487,26.68765,85.04921,90,0,217,,0,27.35871,26.71565,21.8119
1786331488,26.78645,85.13008,90,0,217,,14,27.35871,26.68159,21.8119
1786331488,26.701,85.09499,90,0,218,,0,27.39258,26.64792,21.8119
1786331489,26.71435,85.03853,90,0,217,,0,27.39258,26.71565,21.8119
1786331490,26.74372,85.11787,90,0,217,,3,27.35871,26.61406,21.84556
1786331491,26.6556,85.07515,90,0,218,,10,27.39258,26.64792,21.74417
1786331491,26.6743,85.02632,90,0,218,,0,27.42644,26.68159,21.8119
1786331492,26.71435,85.12093,90,0,218,,0,27.39258,26.71565,21.77803
1786331493,26.73037,85.1255,90,0,218,,0,27.39258,26.68159,21.84556
1786331493,26.71435,85.06752,90,0,218,,0,27.39258,26.71565,21.8119
1786331494,26.74372,85.04463,90,0,218,,0,27.35871,26.68159,21.8119
1786331495,26.701,85.11787,90,0,218,,0,27.39258,26.68159,21.8119
1786331495,26.73037,85.1133,90,0,218,,8,27.35871,26.58019,21.84556
1786331496,26.71435,85.18196,90,0,217,,0,27.39258,26.81705,21.74417
1786331497,26.77043,85.0843,90,0,217,,0,27.32484,26.74932,21.8119
1786331497,26.74372,85.15907,90,0,217,,2,27.42644,26.74932,21.7105
1786331498,26.74372,85.15907,90,0,217,,8,27.39258,26.71565,21.77803
1786331499,26.73037,85.19569,90,0,218,,0,27.39258,26.68159,21.87943
1786331499,26.6743,85.20332,90,0,217,,0,27.39258,26.68159,21.8119
1786331500,26.84253,85.1255,90,0,217,,7,27.35871,26.71565,21.8119
1786331501,26.71435,85.18196,90,0,218,,2,27.39258,26.71565,21.87943
1786331501,26.6743,85.15907,90,0,218,,0,27.35871,26.68159,21.84556
1786331502,26.64225,85.14076,90,0,217,,0,27.39258,26.68159,21.8119
1786331503,26.73037,85.1667,90,0,218,,0,27.35871,26.64792,21.8119
1786331503,26.68765,85.23689,90,0,218,,0,27.35871,26.64792,21.74417
1786331504,26.82918,85.28725,90,0,218,,0,27.42644,26.64792,21.87943
1786331505,26.7998,85.3193,90,0,218,,0,27.39258,26.71565,21.8119
1786331505,26.73037,85.22774,90,0,217,,9,27.32484,26.78319,21.8119
1786331506,26.77043,85.35134,90,0,218,,0,27.35871,26.68159,21.8119
1786331507,26.701,85.272,90,0,217,,0,27.39258,26.68159,21.8119
1786331507,26.6556,85.28115,90,0,217,,6,27.39258,26.68159,21.74417
1786331508,26.6556,85.23994,90,0,218,,0,27.42644,26.68159,21.84556
1786331509,26.78645,85.30556,90,0,217,,0,27.35871,26.74932,21.77803
1786331510,26.75708,85.34982,90,0,217,,0,27.39258,26.68159,21.84556
1786331510,26.74372,85.37728,90,0,217,,12,27.46011,26.68159,21.84556
1786331511,26.6556,85.28115,90,0,218,,0,27.32484,26.71565,21.8119
1786331512,26.75708,85.43221,90,0,217,,0,27.42644,26.68159,21.8119
1786331512,26.64225,85.25521,90,0,218,,0,27.35871,26.78319,21.87943
1786331513,26.701,85.37423,90,0,218,,8,27.42644,26.64792,21.84556
1786331514,26.81315,85.31472,90,0,218,,0,27.39258,26.68159,21.87943
1786331514,26.701,85.39559,90,0,218,,0,27.35871,26.74932,21.8119
1786331515,26.73037,85.43679,90,0,218,,5,27.39258,26.64792,21.84556
1786331516,26.7998,85.4963,90,0,218,,0,27.39258,26.68159,21.87943
1786331516,26.77043,85.47799,90,0,218,,0,27.35871,26.71565,21.84556
1786331517,26.77043,85.42458,90,0,217,,3,27.35871,26.61406,21.77803
1786331518,26.73037,85.44595,90,0,217,,8,27.39258,26.74932,21.74417
1786331518,26.701,85.43832,90,0,217,,0,27.39258,26.61406,21.8119
1786331519,26.68765,85.66109,90,0,217,,0,27.35871,26.61406,21.77803
1786331520,26.6743,85.49172,90,0,217,,9,27.32484,26.68159,21.84556
1786331520,26.71435,85.48257,90,0,217,,0,27.35871,26.68159,21.8119
1786331521,26.701,85.58327,90,0,218,,0,27.39258,26.68159,21.8119
1786331522,26.701,85.55123,90,0,217,,8,27.35871,26.71565,21.84556
1786331522,26.82918,85.61684,90,0,218,,0,27.42644,26.68159,21.77803
1786331523,26.64225,85.62905,90,0,218,,0,27.35871,26.71565,21.8119
1786331524,26.701,85.65347,90,0,218,,0,27.35871,26.58019,21.84556
1786331524,26.74372,85.69772,90,0,218,,5,27.35871,26.64792,21.8119
1786331525,26.75708,85.81369,90,0,218,,0,27.39258,26.68159,21.8119
1786331526,26.6743,85.88541,90,0,217,,0,27.39258,26.64792,21.84556
1786331526,26.78645,85.9556,90,0,217,,6,27.39258,26.64792,21.77803
1786331527,26.7998,86.25163,90,0,217,,6,27.32484,26.78319,21.84556
1786331528,26.6743,86.12039,90,0,217,,0,27.46011,26.64792,21.87943
1786331529,26.77043,86.2211,90,0,218,,0,27.35871,26.71565,21.84556
1786331529,26.71435,86.38132,90,0,217,,16,27.39258,26.68159,21.77803
1786331530,26.6556,86.29282,90,0,217,,0,27.35871,26.71565,21.84556
1786331531,26.71435,86.48508,90,0,218,,0,27.42644,26.74932,21.87943
1786331531,26.71435,86.37217,90,0,218,,7,27.35871,26.64792,21.8119
1786331532,26.74372,86.39964,90,0,217,,0,27.35871,26.64792,21.87943
1786331533,26.68765,86.36301,90,0,218,,0,27.35871,26.64792,21.84556
1786331533,26.77043,86.4683,90,0,218,,0,27.39258,26.71565,21.77803
1786331534,26.73037,86.50034,90,0,218,,5,27.35871,26.64792,21.87943
1786331535,26.6743,86.38132,90,0,218,,0,27.39258,26.71565,21.84556
1786331535,26.6289,86.47135,90,0,217,,0,27.35871,26.68159,21.84556
1786331536,26.78645,86.52628,90,0,218,,10,27.35871,26.78319,21.77803
1786331537,26.6289,86.53239,90,0,217,,0,27.39258,26.64792,21.77803
1786331537,26.701,86.54154,90,0,217,,0,27.32484,26.68159,21.84556
1786331538,26.6743,86.52628,90,0,217,,5,27.39258,26.61406,21.8119
1786331539,26.75708,86.48661,90,0,218,,0,27.42644,26.71565,21.8119
1786331539,26.6556,86.54002,90,0,217,,0,27.35871,26.68159,21.8119
1786331540,26.73037,86.50034,90,0,217,,12,27.35871,26.68159,21.77803
1786331541,26.75708,86.55833,90,0,218,,2,27.39258,26.68159,21.77803
1786331541,26.75708,86.50797,90,0,217,,0,27.35871,26.78319,21.74417
1786331542,26.77043,86.45914,90,0,218,,0,27.35871,26.68159,21.84556
1786331543,26.77043,86.5919,90,0,218,,1,27.39258,26.74932,21.84556
1786331543,26.64225,86.41337,90,0,218,,0,27.42644,26.71565,21.77803
1786331544,26.6289,86.49424,90,0,217,,0,27.35871,26.74932,21.84556
1786331545,26.6743,86.36149,90,0,218,,1,27.39258,26.68159,21.77803
1786331545,26.6743,86.24399,90,0,218,,0,27.39258,26.71565,21.87943
1786331546,26.75708,86.23941,90,0,218,,0,27.39258,26.64792,21.77803
1786331547,26.73037,86.14786,90,0,217,,0,27.39258,26.68159,21.87943
1786331548,26.71435,86.04105,90,0,217,,7,27.42644,26.68159,21.84556
1786331548,26.6743,86.07004,90,0,218,,0,27.39258,26.71565,21.84556
1786331549,26.73037,85.92203,90,0,217,,0,27.35871,26.71565,21.8119
1786331550,26.68765,85.96017,90,0,217,,11,27.32484,26.71565,21.9133
1786331550,26.6743,85.7908,90,0,217,,3,27.35871,26.71565,21.9133
1786331551,26.6556,86.0563,90,0,218,,0,27.35871,26.68159,21.84556
1786331552,26.701,86.1387,90,0,217,,0,27.39258,26.71565,21.8119
1786331552,26.73037,86.1799,90,0,218,,0,27.39258,26.81705,21.8119
1786331553,26.77043,86.29435,90,0,218,,0,27.39258,26.74932,21.77803
1786331554,26.64225,86.19669,90,0,218,,0,27.39258,26.64792,21.84556
1786331554,26.74372,86.27604,90,0,218,,6,27.35871,26.78319,21.8119
1786331555,26.6743,86.27604,90,0,218,,3,27.39258,26.68159,21.74417
1786331556,26.71435,86.28825,90,0,218,,0,27.39258,26.64792,21.84556
1786331556,26.75708,86.31113,90,0,218,,0,27.39258,26.68159,21.84556
1786331557,26.68765,86.33402,90,0,217,,7,27.39258,26.68159,21.84556
1786331558,26.701,86.30656,90,0,217,,0,27.39258,26.71565,21.84556
1786331558,26.7998,86.29282,90,0,218,,0,27.35871,26.71565,21.84556
1786331559,26.6289,86.26536,90,0,217,,1,27.39258,26.64792,21.8119
1786331560,26.68765,86.02274,90,0,217,,10,27.32484,26.74932,21.8119
1786331560,26.6743,86.1326,90,0,217,,0,27.39258,26.64792,21.77803
1786331561,26.6743,86.20584,90,0,218,,0,27.39258,26.64792,21.84556
1786331562,26.701,86.05936,90,0,217,,14,27.42644,26.74932,21.87943
1786331562,26.74372,85.96475,90,0,218,,2,27.35871,26.74932,21.8119
1786331563,26.6743,85.832,90,0,218,,0,27.35871,26.68159,21.84556
1786331564,26.71435,85.88541,90,0,218,,0,27.42644,26.71565,21.84556
1786331564,26.75708,85.8259,90,0,217,,9,27.39258,26.64792,21.84556
1786331565,26.73037,85.94034,90,0,218,,0,27.35871,26.71565,21.8119
1786331566,26.74372,85.84116,90,0,218,,0,27.35871,26.74932,21.77803
1786331567,26.68765,85.79538,90,0,217,,10,27.35871,26.64792,21.87943
1786331567,26.71435,85.88541,90,0,217,,11,27.35871,26.68159,21.84556
1786331568,26.71435,85.7908,90,0,217,,0,27.39258,26.74932,21.87943
1786331569,26.78645,85.82285,90,0,217,,0,27.39258,26.71565,21.87943
1786331569,26.68765,85.84573,90,0,217,,7,27.35871,26.71565,21.77803
1786331570,26.73037,85.80759,90,0,217,,0,27.42644,26.68159,21.8119
1786331571,26.6289,85.80911,90,0,218,,0,27.42644,26.61406,21.74417
1786331571,26.701,85.78928,90,0,217,,0,27.35871,26.68159,21.77803
1786331572,26.71435,85.75266,90,0,217,,16,27.35871,26.68159,21.84556
1786331573,26.701,85.85031,90,0,218,,0,27.39258,26.68159,21.84556
1786331573,26.77043,85.76791,90,0,218,,0,27.35871,26.68159,21.74417
1786331574,26.701,85.68551,90,0,218,,1,27.35871,26.71565,21.84556
1786331575,26.6743,85.72976,90,0,218,,2,27.35871,26.74932,21.84556
1786331575,26.6556,85.69466,90,0,217,,0,27.35871,26.74932,21.84556
1786331576,26.81315,85.65347,90,0,218,,0,27.39258,26.68159,21.87943
1786331577,26.71435,85.6672,90,0,217,,9,27.35871,26.71565,21.84556
1786331577,26.701,85.62142,90,0,217,,0,27.39258,26.61406,21.84556
1786331578,26.6289,85.56191,90,0,217,,0,27.46011,26.71565,21.77803
1786331579,26.78645,85.7084,90,0,218,,0,27.35871,26.64792,21.84556
1786331579,26.64225,85.60616,90,0,217,,14,27.39258,26.64792,21.8119
1786331580,26.78645,85.65652,90,0,217,,0,27.42644,26.68159,21.8119
1786331581,26.74372,85.61532,90,0,217,,0,27.39258,26.68159,21.84556
1786331581,26.64225,85.83505,90,0,217,,11,27.35871,26.68159,21.77803
1786331582,26.6556,85.62142,90,0,217,,0,27.39258,26.61406,21.84556
1786331583,26.701,85.77707,90,0,218,,0,27.42644,26.74932,21.87943
1786331584,26.701,85.75876,90,0,218,,0,27.35871,26.68159,21.87943
1786331584,26.77043,85.77707,90,0,218,,1,27.35871,26.64792,21.8119
1786331585,26.73037,85.73586,90,0,218,,0,27.35871,26.68159,21.8119
1786331586,26.71435,85.73129,90,0,217,,0,27.35871,26.71565,21.7105
1786331586,26.6556,85.68398,90,0,218,,1,27.35871,26.71565,21.87943
1786331587,26.71435,85.92813,90,0,217,,10,27.39258,26.71565,21.84556
1786331588,26.73037,85.74502,90,0,217,,0,27.39258,26.71565,21.8119
1786331588,26.71435,85.94644,90,0,217,,0,27.35871,26.64792,21.87943
1786331589,26.77043,85.92203,90,0,218,,6,27.35871,26.68159,21.8119
1786331590,26.78645,85.832,90,0,217,,6,27.35871,26.61406,21.84556
1786331590,26.6289,85.8732,90,0,217,,0,27.35871,26.74932,21.84556
1786331591,26.78645,85.90524,90,0,218,,0,27.39258,26.64792,21.8119
1786331592,26.701,85.87167,90,0,217,,4,27.35871,26.68159,21.8119
1786331592,26.61288,86.09598,90,0,218,,0,27.35871,26.68159,21.8119
1786331593,26.6556,86.00443,90,0,218,,0,27.35871,26.78319,21.8119
1786331594,26.68765,86.03342,90,0,218,,0,27.32484,26.74932,21.8119
1786331594,26.75708,86.05173,90,0,218,,11,27.39258,26.61406,21.84556
1786331595,26.7998,86.01358,90,0,218,,0,27.35871,26.74932,21.84556
1786331596,26.6556,86.12802,90,0,217,,0,27.35871,26.74932,21.8119
1786331596,26.75708,86.09598,90,0,218,,1,27.35871,26.71565,21.8119
1786331597,26.77043,86.08835,90,0,217,,14,27.35871,26.74932,21.77803
1786331598,26.73037,86.16922,90,0,217,,0,27.32484,26.68159,21.8119
1786331598,26.74372,86.12955,90,0,218,,0,27.39258,26.71565,21.87943
1786331599,26.68765,86.05478,90,0,217,,8,27.32484,26.74932,21.87943
1786331600,26.77043,86.06851,90,0,217,,7,27.35871,26.71565,21.87943
1786331600,26.68765,86.05478,90,0,217,,0,27.35871,26.68159,21.84556
1786331601,26.701,86.30656,90,0,217,,0,27.39258,26.64792,21.84556
1786331602,26.68765,86.01358,90,0,218,,9,27.42644,26.74932,21.87943
1786331603,26.68765,85.99222,90,0,218,,0,27.39258,26.71565,21.8119
1786331603,26.68765,85.99222,90,0,218,,0,27.35871,26.68159,21.84556
1786331604,26.75708,86.09598,90,0,218,,0,27.35871,26.71565,21.87943
1786331605,26.73037,86.07767,90,0,218,,6,27.35871,26.71565,21.87943
1786331605,26.64225,85.99985,90,0,218,,0,27.39258,26.71565,21.87943
1786331606,26.6743,86.06088,90,0,218,,0,27.39258,26.68159,21.84556
1786331607,26.71435,85.97849,90,0,217,,7,27.39258,26.61406,21.84556
1786331607,26.73037,85.98306,90,0,217,,10,27.35871,26.64792,21.84556
1786331608,26.6743,86.02884,90,0,217,,0,27.32484,26.61406,21.84556
1786331609,26.6289,86.05936,90,0,218,,0,27.39258,26.71565,21.77803
1786331609,26.6743,85.9678,90,0,217,,11,27.35871,26.68159,21.8119
1786331610,26.82918,85.94949,90,0,217,,0,27.35871,26.71565,21.8119
1786331611,26.75708,85.87625,90,0,218,,0,27.39258,26.71565,21.8119
1786331611,26.6743,85.9556,90,0,217,,0,27.39258,26.71565,21.84556
1786331612,26.6743,85.93576,90,0,217,,10,27.32484,26.64792,21.84556
1786331613,26.71435,85.99985,90,0,218,,0,27.39258,26.58019,21.84556
1786331613,26.78645,86.21652,90,0,218,,0,27.35871,26.68159,21.8119
1786331614,26.73037,85.96323,90,0,218,,1,27.32484,26.71565,21.87943
1786331615,26.73037,85.96323,90,0,218,,7,27.35871,26.74932,21.87943
1786331615,26.64225,85.90829,90,0,218,,0,27.39258,26.71565,21.9133
1786331616,26.701,85.99527,90,0,217,,0,27.39258,26.68159,21.87943
1786331617,26.6743,85.81216,90,0,217,,8,27.35871,26.74932,21.77803
1786331617,26.71435,85.86404,90,0,217,,0,27.35871,26.71565,21.8119
1786331618,26.68765,85.70229,90,0,217,,0,27.39258,26.68159,21.84556
1786331619,26.71435,85.80301,90,0,218,,2,27.35871,26.64792,21.8119
1786331619,26.68765,85.64889,90,0,217,,14,27.39258,26.68159,21.8119
1786331620,26.74372,85.64431,90,0,217,,0,27.39258,26.74932,21.84556
1786331621,26.68765,85.56954,90,0,218,,0,27.35871,26.71565,21.77803
1786331621,26.701,85.64278,90,0,217,,1,27.39258,26.68159,21.84556
1786331622,26.701,85.61227,90,0,218,,0,27.35871,26.74932,21.74417
1786331623,26.6743,85.52377,90,0,218,,0,27.39258,26.74932,21.87943
1786331624,26.73037,85.47494,90,0,218,,0,27.42644,26.71565,21.87943
1786331624,26.6743,85.30556,90,0,218,,10,27.42644,26.74932,21.77803
1786331625,26.73037,85.31319,90,0,217,,0,27.35871,26.68159,21.74417
1786331626,26.71435,85.4612,90,0,217,,0,27.35871,26.64792,21.8119
1786331626,26.75708,85.37881,90,0,218,,7,27.39258,26.68159,21.77803
1786331627,26.75708,85.47494,90,0,217,,12,27.39258,26.64792,21.74417
1786331628,26.68765,85.39254,90,0,217,,0,27.42644,26.71565,21.8119
1786331628,26.73037,85.40475,90,0,218,,0,27.35871,26.71565,21.84556
1786331629,26.68765,85.44595,90,0,218,,2,27.42644,26.78319,21.77803
1786331630,26.6743,85.47036,90,0,217,,0,27.35871,26.68159,21.8119
1786331630,26.6743,85.34676,90,0,217,,0,27.42644,26.68159,21.87943
1786331631,26.75708,85.52529,90,0,217,,10,27.32484,26.64792,21.77803
1786331632,26.68765,85.47341,90,0,217,,13,27.35871,26.68159,21.77803
1786331632,26.73037,85.53902,90,0,218,,0,27.39258,26.68159,21.77803
1786331633,26.6743,85.33608,90,0,218,,0,27.39258,26.68159,21.8119
1786331634,26.701,85.49783,90,0,218,,3,27.32484,26.68159,21.87943
1786331634,26.81315,85.44747,90,0,218,,0,27.35871,26.68159,21.8119
1786331635,26.77043,85.46883,90,0,218,,0,27.35871,26.74932,21.8119
1786331636,26.78645,85.44137,90,0,218,,5,27.32484,26.74932,21.87943
1786331636,26.68765,85.4139,90,0,218,,2,27.39258,26.68159,21.84556
1786331637,26.77043,85.38338,90,0,217,,0,27.39258,26.74932,21.8119
1786331638,26.73037,85.4139,90,0,217,,0,27.35871,26.61406,21.84556
1786331638,26.6289,85.46883,90,0,217,,6,27.35871,26.61406,21.8119
1786331639,26.73037,85.54818,90,0,218,,0,27.39258,26.68159,21.84556
1786331640,26.74372,85.38644,90,0,217,,0,27.39258,26.74932,21.9133
1786331640,26.71435,85.38796,90,0,217,,7,27.46011,26.68159,21.77803
1786331641,26.71435,85.40932,90,0,217,,2,27.35871,26.64792,21.94696
1786331642,26.78645,85.45052,90,0,218,,0,27.39258,26.68159,21.87943
1786331643,26.6743,85.38796,90,0,218,,0,27.39258,26.64792,21.8119
1786331643,26.64225,85.30556,90,0,218,,0,27.42644,26.71565,21.84556
1786331644,26.73037,85.35134,90,0,218,,0,27.39258,26.68159,21.87943
1786331645,26.68765,85.34982,90,0,218,,0,27.39258,26.68159,21.77803
1786331645,26.6556,85.32235,90,0,217,,0,27.39258,26.68159,21.84556
1786331646,26.74372,85.34524,90,0,217,,2,27.35871,26.64792,21.77803
1786331647,26.6289,85.34524,90,0,217,,0,27.32484,26.68159,21.77803
1786331647,26.74372,85.34524,90,0,217,,0,27.39258,26.71565,21.84556
1786331648,26.6743,85.40932,90,0,217,,0,27.35871,26.68159,21.74417
1786331649,26.71435,85.33761,90,0,217,,6,27.46011,26.74932,21.84556
1786331649,26.74372,85.40932,90,0,217,,0,27.35871,26.71565,21.84556
1786331650,26.75708,85.43221,90,0,217,,0,27.32484,26.64792,21.87943
1786331651,26.6743,85.47036,90,0,217,,0,27.42644,26.61406,21.8119
1786331651,26.68765,85.4017,90,0,217,,7,27.39258,26.61406,21.8119
1786331652,26.71435,85.40932,90,0,217,,0,27.39258,26.68159,21.8119
1786331653,26.7998,85.58938,90,0,218,,0,27.39258,26.64792,21.84556
1786331653,26.6289,85.31319,90,0,218,,0,27.39258,26.68159,21.8119
1786331654,26.701,85.47799,90,0,217,,13,27.29098,26.71565,21.84556
1786331655,26.71435,85.57565,90,0,217,,0,27.32484,26.64792,21.8119
1786331655,26.701,85.51003,90,0,217,,0,27.35871,26.61406,21.84556
1786331656,26.71435,85.57565,90,0,217,,5,27.39258,26.74932,21.84556
1786331657,26.71435,85.42001,90,0,217,,6,27.35871,26.71565,21.77803
1786331657,26.59953,85.51156,90,0,217,,0,27.35871,26.68159,21.84556
1786331658,26.81315,85.59243,90,0,218,,0,27.35871,26.64792,21.84556
1786331659,26.64225,85.67941,90,0,218,,5,27.39258,26.64792,21.8119
1786331659,26.77043,85.58022,90,0,218,,0,27.39258,26.74932,21.87943
1786331660,26.71435,85.60769,90,0,218,,0,27.32484,26.68159,21.9133
1786331661,26.74372,85.65652,90,0,218,,0,27.42644,26.71565,21.8119
1786331662,26.6556,85.61074,90,0,217,,14,27.42644,26.71565,21.9133
1786331662,26.71435,85.6672,90,0,218,,0,27.39258,26.68159,21.77803
1786331663,26.75708,85.73129,90,0,218,,0,27.35871,26.64792,21.87943
1786331664,26.77043,85.66262,90,0,218,,2,27.39258,26.58019,21.8119
1786331664,26.68765,85.71297,90,0,218,,6,27.42644,26.64792,21.84556
1786331665,26.74372,85.71755,90,0,218,,0,27.39258,26.64792,21.8119
1786331666,26.74372,85.75876,90,0,217,,0,27.39258,26.68159,21.8119
1786331666,26.6556,85.88083,90,0,218,,0,27.39258,26.64792,21.9133
1786331667,26.64225,85.67941,90,0,217,,0,27.39258,26.71565,21.87943
1786331668,26.74372,85.9556,90,0,217,,0,27.35871,26.68159,21.8119
1786331668,26.75708,85.87625,90,0,217,,4,27.39258,26.71565,21.77803
1786331669,26.701,85.90372,90,0,218,,10,27.39258,26.74932,21.74417
1786331670,26.6743,85.89456,90,0,217,,0,27.35871,26.71565,21.84556
1786331670,26.74372,85.92661,90,0,217,,0,27.39258,26.68159,21.77803
1786331671,26.64225,85.87625,90,0,217,,5,27.42644,26.78319,21.84556
1786331672,26.7998,85.91898,90,0,217,,0,27.32484,26.71565,21.84556
1786331672,26.71435,85.89609,90,0,218,,0,27.35871,26.61406,21.87943
1786331673,26.68765,86.08377,90,0,217,,5,27.39258,26.71565,21.84556
1786331674,26.61288,85.97238,90,0,218,,0,27.42644,26.71565,21.8119
1786331674,26.77043,85.96323,90,0,218,,0,27.39258,26.64792,21.87943
1786331675,26.6289,85.88235,90,0,218,,0,27.39258,26.68159,21.8119
1786331676,26.6743,85.82285,90,0,217,,8,27.39258,26.71565,21.8119
1786331676,26.74372,85.88235,90,0,217,,0,27.35871,26.74932,21.77803
1786331677,26.68765,85.96017,90,0,217,,0,27.39258,26.68159,21.84556
1786331678,26.74372,85.92661,90,0,217,,6,27.32484,26.71565,21.8119
1786331678,26.73037,85.93271,90,0,217,,0,27.39258,26.68159,21.84556
1786331679,26.78645,85.89609,90,0,217,,0,27.39258,26.71565,21.8119
1786331680,26.64225,85.81369,90,0,217,,10,27.35871,26.68159,21.8119
1786331681,26.73037,85.77707,90,0,217,,15,27.35871,26.64792,21.77803
1786331681,26.71435,85.80301,90,0,217,,0,27.39258,26.74932,21.8119
1786331682,26.701,85.74807,90,0,218,,0,27.39258,26.68159,21.8119
1786331683,26.71435,85.86404,90,0,218,,5,27.35871,26.85092,21.84556
1786331683,26.6743,85.78012,90,0,218,,0,27.39258,26.64792,21.87943
1786331684,26.74372,85.79996,90,0,218,,0,27.35871,26.78319,21.8119
1786331685,26.701,85.80911,90,0,218,,0,27.39258,26.74932,21.8119
1786331685,26.74372,85.73891,90,0,217,,10,27.32484,26.71565,21.8119
1786331686,26.73037,85.90067,90,0,218,,0,27.35871,26.58019,21.8119
1786331687,26.64225,85.79385,90,0,217,,0,27.39258,26.64792,21.8119
1786331687,26.6743,85.65652,90,0,218,,4,27.35871,26.64792,21.8119
1786331688,26.73037,85.90067,90,0,218,,0,27.35871,26.68159,21.9133
1786331689,26.6556,85.76639,90,0,218,,0,27.35871,26.74932,21.8119
1786331689,26.6743,85.74044,90,0,217,,1,27.35871,26.68159,21.84556
1786331690,26.71435,85.75266,90,0,218,,7,27.42644,26.64792,21.77803
1786331691,26.68765,85.77249,90,0,218,,0,27.32484,26.64792,21.8119
1786331691,26.68765,85.76639,90,0,218,,0,27.32484,26.68159,21.77803
1786331692,26.6743,85.626,90,0,218,,0,27.39258,26.68159,21.8119
1786331693,26.77043,85.70382,90,0,219,,0,27.39258,26.68159,21.87943
1786331693,26.6743,85.82285,90,0,218,,0,27.42644,26.74932,21.74417
1786331694,26.71435,85.73129,90,0,218,,0,27.42644,26.68159,21.8119
1786331695,26.77043,85.74502,90,0,218,,1,27.35871,26.71565,21.87943
1786331695,26.73037,85.67178,90,0,217,,0,27.35871,26.61406,21.87943
1786331696,26.74372,85.78928,90,0,218,,0,27.42644,26.71565,21.8119
1786331697,26.71435,85.75266,90,0,218,,1,27.35871,26.71565,21.84556
1786331697,26.701,85.71603,90,0,217,,3,27.35871,26.64792,21.87943
1786331698,26.6556,85.77554,90,0,217,,0,27.39258,26.64792,21.74417
1786331699,26.71435,85.75266,90,0,218,,0,27.35871,26.64792,21.84556
1786331700,26.81315,85.94492,90,0,218,,2,27.42644,26.61406,21.77803
1786331700,26.64225,85.8259,90,0,218,,0,27.35871,26.61406,21.8119
1786331701,26.68765,85.94034,90,0,218,,0,27.35871,26.64792,21.8119
1786331702,26.71435,85.90524,90,0,217,,5,27.39258,26.68159,21.8119
1786331702,26.73037,85.94034,90,0,218,,1,27.39258,26.78319,21.8119
1786331703,26.82918,85.94034,90,0,218,,0,27.35871,26.68159,21.84556
1786331704,26.71435,86.02884,90,0,218,,0,27.32484,26.64792,21.8119
1786331704,26.6743,85.9556,90,0,218,,6,27.32484,26.61406,21.67663
1786331705,26.701,86.06851,90,0,218,,0,27.35871,26.71565,21.8119
1786331706,26.74372,86.0914,90,0,218,,0,27.39258,26.68159,21.74417
1786331706,26.78645,86.16464,90,0,217,,1,27.39258,26.71565,21.74417
1786331707,26.77043,86.1387,90,0,217,,4,27.39258,26.68159,21.84556
1786331708,26.68765,86.05478,90,0,217,,0,27.35871,26.71565,21.98083
1786331708,26.74372,86.19363,90,0,218,,0,27.39258,26.68159,21.84556
1786331709,26.701,86.15091,90,0,217,,3,27.35871,26.71565,21.8119
1786331710,26.77043,86.2211,90,0,218,,2,27.29098,26.64792,21.84556
1786331710,26.74372,86.03799,90,0,218,,0,27.35871,26.71565,21.9133
1786331711,26.71435,86.10208,90,0,217,,0,27.42644,26.74932,21.84556
1786331712,26.71435,86.23788,90,0,218,,5,27.35871,26.71565,21.8119
1786331712,26.75708,86.11429,90,0,218,,0,27.35871,26.74932,21.8119
1786331713,26.71435,86.08224,90,0,218,,0,27.35871,26.71565,21.77803
1786331714,26.61288,86.07309,90,0,218,,0,27.32484,26.71565,21.84556
1786331714,26.73037,85.96323,90,0,218,,2,27.35871,26.71565,21.8119
1786331715,26.68765,85.94034,90,0,218,,0,27.39258,26.71565,21.84556
1786331716,26.75708,86.10208,90,0,218,,0,27.39258,26.68159,21.8119
1786331716,26.64225,86.12344,90,0,217,,7,27.39258,26.64792,21.8119
1786331717,26.6556,86.08682,90,0,217,,9,27.35871,26.68159,21.74417
1786331718,26.78645,86.01968,90,0,218,,0,27.35871,26.71565,21.87943
1786331719,26.6289,85.98611,90,0,218,,0,27.42644,26.68159,21.8119
1786331719,26.75708,85.97849,90,0,218,,5,27.32484,26.68159,21.77803
1786331720,26.6556,85.91898,90,0,218,,7,27.35871,26.71565,21.84556
1786331721,26.6556,86.12802,90,0,218,,0,27.42644,26.58019,21.9133
1786331721,26.75708,86.07309,90,0,217,,0,27.42644,26.61406,21.77803
1786331722,26.6556,85.98306,90,0,218,,7,27.39258,26.68159,21.8119
1786331723,26.68765,85.90982,90,0,218,,0,27.39258,26.74932,21.87943
1786331723,26.6743,86.06088,90,0,218,,0,27.42644,26.71565,21.74417
1786331724,26.6743,85.9678,90,0,218,,0,27.35871,26.71565,21.74417
1786331725,26.71435,85.91745,90,0,218,,0,27.35871,26.64792,21.87943
1786331725,26.6743,85.9678,90,0,218,,0,27.39258,26.68159,21.84556
1786331726,26.701,86.05936,90,0,217,,0,27.39258,26.74932,21.84556
1786331727,26.7998,86.07462,90,0,217,,3,27.32484,26.74932,21.87943
1786331727,26.77043,85.95102,90,0,218,,4,27.39258,26.74932,21.84556
1786331728,26.81315,86.00595,90,0,218,,0,27.35871,26.68159,21.84556
1786331729,26.71435,86.14328,90,0,218,,0,27.35871,26.71565,21.77803
1786331729,26.77043,85.96323,90,0,217,,6,27.39258,26.71565,21.8119
1786331730,26.59953,85.86404,90,0,217,,0,27.39258,26.71565,21.87943
1786331731,26.71435,86.06088,90,0,218,,0,27.39258,26.64792,21.84556
1786331731,26.6743,85.88541,90,0,218,,0,27.39258,26.68159,21.84556
1786331732,26.73037,85.81674,90,0,218,,1,27.39258,26.68159,21.8119
1786331733,26.74372,85.80911,90,0,218,,0,27.35871,26.71565,21.87943
1786331733,26.64225,85.62905,90,0,218,,0,27.39258,26.71565,21.77803
1786331734,26.78645,85.74044,90,0,218,,4,27.35871,26.71565,21.87943
1786331735,26.701,85.72671,90,0,218,,2,27.39258,26.64792,21.8119
1786331735,26.6743,85.59701,90,0,218,,0,27.35871,26.68159,21.74417
1786331736,26.64225,85.56649,90,0,218,,0,27.35871,26.64792,21.77803
1786331737,26.73037,85.65194,90,0,218,,5,27.35871,26.64792,21.8119
1786331738,26.81315,85.64431,90,0,217,,0,27.32484,26.68159,21.74417
1786331738,26.74372,85.66567,90,0,218,,0,27.35871,26.64792,21.84556
1786331739,26.77043,85.66262,90,0,218,,0,27.39258,26.68159,21.74417
1786331740,26.7998,85.71297,90,0,218,,11,27.35871,26.71565,21.84556
1786331740,26.701,85.62142,90,0,218,,0,27.39258,26.61406,21.8119
1786331741,26.71435,85.73129,90,0,218,,0,27.39258,26.71565,21.8119
1786331742,26.6556,85.79538,90,0,217,,1,27.42644,26.64792,21.8119
1786331742,26.701,85.72671,90,0,218,,0,27.39258,26.78319,21.8119
1786331743,26.71435,85.7084,90,0,218,,0,27.39258,26.78319,21.8119
1786331744,26.75708,85.79385,90,0,218,,0,27.39258,26.68159,21.87943
1786331744,26.701,85.83047,90,0,218,,2,27.35871,26.68159,21.84556
1786331745,26.73037,85.78622,90,0,218,,0,27.42644,26.74932,21.87943
1786331746,26.68765,85.71297,90,0,218,,0,27.35871,26.64792,21.87943
1786331746,26.701,85.76791,90,0,217,,0,27.35871,26.71565,21.84556
1786331747,26.74372,85.84116,90,0,218,,9,27.35871,26.64792,21.84556
1786331748,26.71435,85.69924,90,0,217,,0,27.35871,26.71565,21.8119
1786331748,26.6743,85.78012,90,0,217,,0,27.35871,26.68159,21.8119
1786331749,26.68765,85.64889,90,0,218,,5,27.32484,26.68159,21.8119
1786331750,26.71435,85.68856,90,0,218,,3,27.39258,26.78319,21.8119
1786331750,26.6556,85.69466,90,0,217,,0,27.35871,26.64792,21.87943
1786331751,26.73037,85.66262,90,0,218,,0,27.35871,26.71565,21.84556
1786331752,26.68765,85.72213,90,0,217,,3,27.35871,26.71565,21.77803
1786331752,26.74372,85.60616,90,0,219,,0,27.39258,26.71565,21.87943
1786331753,26.68765,85.56954,90,0,218,,0,27.35871,26.64792,21.84556
1786331754,26.73037,85.77707,90,0,218,,0,27.35871,26.74932,21.77803
1786331755,26.6743,85.7206,90,0,218,,1,27.39258,26.64792,21.77803
1786331755,26.75708,85.74349,90,0,217,,0,27.39258,26.61406,21.84556
1786331756,26.64225,85.77249,90,0,218,,0,27.35871,26.78319,21.8119
1786331757,26.68765,85.76639,90,0,217,,0,27.35871,26.71565,21.8119
1786331757,26.6743,85.832,90,0,217,,5,27.32484,26.68159,21.84556
1786331758,26.68765,85.81674,90,0,218,,0,27.39258,26.64792,21.87943
1786331759,26.74372,85.92661,90,0,218,,0,27.39258,26.68159,21.8119
1786331759,26.71435,85.94644,90,0,217,,0,27.42644,26.58019,21.84556
1786331760,26.73037,85.95102,90,0,218,,5,27.39258,26.71565,21.77803
1786331761,26.68765,86.05478,90,0,217,,0,27.35871,26.68159,21.84556
1786331761,26.74372,86.02884,90,0,218,,0,27.39258,26.68159,21.84556
1786331762,26.75708,86.14633,90,0,218,,1,27.42644,26.68159,21.84556
1786331763,26.74372,86.19363,90,0,218,,0,27.39258,26.64792,21.84556
1786331763,26.6743,86.0914,90,0,218,,0,27.39258,26.78319,21.77803
1786331764,26.61288,86.17838,90,0,218,,0,27.42644,26.78319,21.84556
1786331765,26.75708,86.25773,90,0,218,,10,27.39258,26.68159,21.74417
1786331765,26.68765,86.12497,90,0,218,,0,27.35871,26.68159,21.84556
1786331766,26.701,86.22415,90,0,217,,0,27.35871,26.71565,21.87943
1786331767,26.73037,86.32487,90,0,218,,1,27.32484,26.71565,21.8119
1786331767,26.78645,86.28825,90,0,218,,2,27.35871,26.71565,21.84556
1786331768,26.77043,86.20126,90,0,217,,0,27.39258,26.68159,21.87943
1786331769,26.6289,86.1738,90,0,217,,0,27.35871,26.64792,21.87943
1786331769,26.75708,86.23941,90,0,218,,2,27.39258,26.68159,21.8119
1786331770,26.6556,86.09598,90,0,218,,0,27.39258,26.71565,21.77803
1786331771,26.68765,86.30198,90,0,217,,0,27.35871,26.61406,21.77803
1786331771,26.701,86.08682,90,0,217,,4,27.32484,26.68159,21.8119
1786331772,26.75708,86.12497,90,0,218,,2,27.32484,26.71565,21.8119
1786331773,26.74372,86.15244,90,0,218,,0,27.32484,26.71565,21.87943
1786331774,26.73037,86.0563,90,0,218,,0,27.32484,26.71565,21.74417
1786331774,26.68765,86.05478,90,0,218,,6,27.35871,26.78319,21.84556
1786331775,26.73037,86.11581,90,0,218,,0,27.42644,26.64792,21.84556
1786331776,26.68765,86.01358,90,0,217,,0,27.35871,26.71565,21.77803
1786331776,26.6556,86.03647,90,0,218,,3,27.35871,26.61406,21.77803
1786331777,26.68765,86.03342,90,0,218,,5,27.46011,26.64792,21.9133
1786331778,26.6743,85.90524,90,0,218,,0,27.39258,26.71565,21.84556
1786331778,26.701,86.02731,90,0,218,,0,27.39258,26.68159,21.74417
1786331779,26.73037,85.90982,90,0,218,,10,27.35871,26.71565,21.77803
1786331780,26.701,85.94186,90,0,217,,0,27.39258,26.64792,21.84556
1786331780,26.6743,85.9678,90,0,217,,0,27.42644,26.64792,21.8119
1786331781,26.6743,85.9968,90,0,217,,6,27.39258,26.68159,21.8119
1786331782,26.74372,85.88235,90,0,218,,9,27.35871,26.71565,21.8119
1786331782,26.81315,85.97391,90,0,218,,0,27.32484,26.71565,21.9133
1786331783,26.68765,85.88998,90,0,218,,0,27.35871,26.71565,21.77803
1786331784,26.73037,85.97238,90,0,218,,5,27.39258,26.64792,21.8119
1786331784,26.68765,85.8671,90,0,218,,0,27.39258,26.71565,21.84556
1786331785,26.73037,85.95102,90,0,218,,0,27.39258,26.74932,21.94696
1786331786,26.68765,85.88998,90,0,217,,0,27.39258,26.64792,21.84556
1786331786,26.71435,85.83505,90,0,218,,13,27.35871,26.68159,21.84556
1786331787,26.85588,85.80301,90,0,218,,0,27.39258,26.74932,21.8119
1786331788,26.6556,85.73586,90,0,218,,0,27.35871,26.71565,21.84556
1786331788,26.68765,85.68093,90,0,218,,0,27.42644,26.71565,21.87943
1786331789,26.71435,85.69924,90,0,217,,2,27.39258,26.64792,21.84556
1786331790,26.74372,85.832,90,0,218,,0,27.35871,26.64792,21.77803
1786331790,26.6743,85.85336,90,0,218,,0,27.35871,26.68159,21.84556
1786331791,26.75708,85.8259,90,0,217,,3,27.39258,26.64792,21.84556
1786331792,26.8986,85.91745,90,0,218,,0,27.39258,26.74932,21.84556
1786331793,26.74372,85.98611,90,0,218,,0,27.39258,26.61406,21.84556
1786331793,26.77043,86.25315,90,0,218,,0,27.39258,26.71565,21.8119
1786331794,26.71435,86.38132,90,0,218,,0,27.39258,26.61406,21.84556
1786331795,26.74372,86.57664,90,0,218,,0,27.42644,26.74932,21.84556
1786331795,26.77043,86.69718,90,0,218,,0,27.39258,26.68159,21.87943
1786331796,26.74372,86.83452,90,0,218,,2,27.39258,26.71565,21.84556
1786331797,26.78645,86.99321,90,0,217,,1,27.35871,26.71565,21.84556
1786331797,26.82918,87.3045,90,0,217,,0,27.35871,26.68159,21.8119
1786331798,26.82918,87.3457,90,0,218,,0,27.39258,26.68159,21.8119
1786331799,26.74372,87.34112,90,0,217,,1,27.35871,26.61406,21.74417
1786331799,26.71435,87.45708,90,0,217,,0,27.39258,26.68159,21.84556
1786331800,26.84253,87.55627,90,0,218,,0,27.42644,26.71565,21.77803
1786331801,26.701,87.74395,90,0,218,,0,27.46011,26.71565,21.84556
1786331801,26.77043,87.7409,90,0,218,,4,27.42644,26.71565,21.84556
1786331802,26.81315,87.83551,90,0,217,,0,27.42644,26.68159,21.8119
1786331803,26.61288,87.89502,90,0,219,,0,27.35871,26.64792,21.8119
1786331803,26.81315,87.96979,90,0,218,,0,27.39258,26.74932,21.84556
1786331804,26.6743,87.98199,90,0,218,,2,27.42644,26.71565,21.8119
1786331805,26.6743,88.03387,90,0,218,,0,27.32484,26.64792,21.8119
1786331805,26.68765,88.13,90,0,217,,0,27.39258,26.71565,21.87943
1786331806,26.75708,88.11017,90,0,217,,4,27.35871,26.64792,21.77803
1786331807,26.74372,88.08728,90,0,217,,5,27.42644,26.54632,21.8119
1786331807,26.73037,88.0705,90,0,217,,0,27.32484,26.64792,21.84556
1786331808,26.73037,88.00946,90,0,218,,0,27.39258,26.61406,21.84556
1786331809,26.71435,88.02472,90,0,218,,3,27.42644,26.68159,21.84556
1786331809,26.68765,87.95453,90,0,217,,2,27.35871,26.68159,21.77803
1786331810,26.7998,87.9057,90,0,218,,0,27.35871,26.71565,21.77803
1786331811,26.74372,87.80499,90,0,218,,0,27.39258,26.68159,21.87943
1786331812,26.75708,87.74853,90,0,218,,9,27.35871,26.64792,21.9133
1786331812,26.82918,87.96521,90,0,218,,0,27.32484,26.68159,21.8119
1786331813,26.701,87.87671,90,0,218,,0,27.39258,26.68159,21.8119
1786331814,26.73037,87.89502,90,0,218,,0,27.39258,26.68159,21.8119
1786331814,26.78645,87.90112,90,0,218,,2,27.39258,26.78319,21.84556
1786331815,26.73037,87.87366,90,0,218,,0,27.32484,26.68159,21.77803
1786331816,26.701,88.04303,90,0,217,,0,27.39258,26.74932,21.8119
1786331816,26.6743,87.90112,90,0,218,,0,27.35871,26.71565,21.77803
1786331817,26.71435,87.82788,90,0,218,,5,27.32484,26.71565,21.77803
1786331818,26.71435,87.86908,90,0,218,,0,27.35871,26.68159,21.84556
1786331818,26.73037,87.67681,90,0,217,,0,27.39258,26.61406,21.87943
1786331819,26.68765,87.83093,90,0,218,,1,27.39258,26.68159,21.87943
1786331820,26.701,87.67071,90,0,217,,9,27.39258,26.74932,21.84556
1786331820,26.68765,87.58373,90,0,218,,0,27.42644,26.74932,21.77803
1786331821,26.6743,87.57,90,0,218,,0,27.39258,26.68159,21.8119
1786331822,26.6743,87.41436,90,0,217,,4,27.39258,26.71565,21.74417
1786331822,26.61288,87.31365,90,0,218,,0,27.39258,26.64792,21.84556
1786331823,26.64225,87.36401,90,0,218,,0,27.39258,26.71565,21.84556
1786331824,26.73037,87.32738,90,0,218,,0,27.35871,26.68159,21.77803
1786331824,26.81315,87.25872,90,0,218,,0,27.42644,26.68159,21.8119
1786331825,26.6743,87.04051,90,0,218,,4,27.35871,26.71565,21.84556
1786331826,26.6289,87.01762,90,0,218,,0,27.35871,26.71565,21.74417
1786331826,26.6743,86.981,90,0,218,,0,27.35871,26.68159,21.77803
1786331827,26.68765,86.91081,90,0,218,,4,27.42644,26.68159,21.84556
1786331828,26.701,86.94743,90,0,218,,9,27.39258,26.71565,21.77803
1786331828,26.71435,86.87572,90,0,218,,0,27.39258,26.64792,21.67663
1786331829,26.701,86.86198,90,0,217,,0,27.35871,26.74932,21.84556
1786331830,26.64225,86.75517,90,0,218,,6,27.39258,26.81705,21.77803
1786331831,26.71435,86.78416,90,0,218,,5,27.39258,26.68159,21.8119
1786331831,26.68765,86.73685,90,0,218,,0,27.35871,26.68159,21.8119
1786331832,26.68765,86.71397,90,0,218,,0,27.39258,26.64792,21.84556
1786331833,26.68765,86.73685,90,0,218,,0,27.39258,26.64792,21.77803
1786331833,26.68765,86.7979,90,0,218,,2,27.35871,26.68159,21.87943
1786331834,26.6743,86.84673,90,0,218,,0,27.35871,26.71565,21.84556
1786331835,26.701,86.71854,90,0,218,,0,27.35871,26.68159,21.77803
1786331835,26.58618,86.82994,90,0,218,,8,27.39258,26.71565,21.74417
1786331836,26.71435,86.88792,90,0,218,,0,27.39258,26.71565,21.74417
1786331837,26.73037,86.9337,90,0,218,,0,27.39258,26.68159,21.87943
1786331837,26.73037,86.95354,90,0,217,,0,27.35871,26.71565,21.87943
1786331838,26.6743,86.97032,90,0,217,,5,27.35871,26.64792,21.74417
1786331839,26.73037,86.97643,90,0,217,,0,27.39258,26.68159,21.84556
1786331839,26.75708,87.09544,90,0,218,,0,27.35871,26.61406,21.77803
1786331840,26.6743,87.03136,90,0,218,,7,27.39258,26.64792,21.8119
1786331841,26.74372,87.08171,90,0,218,,3,27.35871,26.68159,21.84556
1786331841,26.75708,87.02525,90,0,218,,0,27.42644,26.71565,21.8119
1786331842,26.71435,87.01305,90,0,218,,0,27.35871,26.68159,21.87943
1786331843,26.6289,86.97948,90,0,219,,0,27.35871,26.61406,21.8119
1786331843,26.64225,86.84673,90,0,218,,0,27.39258,26.78319,21.74417
1786331844,26.64225,86.9398,90,0,218,,0,27.39258,26.64792,21.84556
1786331845,26.74372,86.78264,90,0,218,,0,27.39258,26.68159,21.84556
1786331845,26.64225,86.7338,90,0,218,,3,27.39258,26.68159,21.77803
1786331846,26.64225,86.75517,90,0,217,,0,27.35871,26.68159,21.77803
1786331847,26.74372,86.86656,90,0,218,,0,27.39258,26.61406,21.84556
1786331847,26.74372,86.72007,90,0,217,,2,27.32484,26.64792,21.77803
1786331848,26.6556,86.69566,90,0,218,,5,27.39258,26.64792,21.84556
1786331849,26.71435,86.62852,90,0,218,,0,27.35871,26.68159,21.77803
1786331850,26.71435,86.61936,90,0,218,,0,27.39258,26.61406,21.8119
1786331850,26.74372,86.55375,90,0,218,,1,27.39258,26.74932,21.87943
1786331851,26.701,86.3798,90,0,218,,6,27.35871,26.64792,21.84556
1786331852,26.68765,86.3859,90,0,217,,0,27.39258,26.61406,21.77803
1786331852,26.71435,86.32944,90,0,219,,0,27.39258,26.68159,21.84556
1786331853,26.6556,86.20126,90,0,218,,5,27.35871,26.68159,21.77803
1786331854,26.74372,86.19363,90,0,218,,0,27.42644,26.61406,21.8119
1786331854,26.6556,86.1799,90,0,218,,0,27.39258,26.68159,21.74417
1786331855,26.75708,86.16617,90,0,218,,0,27.42644,26.68159,21.8119
1786331856,26.75708,86.15549,90,0,217,,1,27.39258,26.71565,21.87943
1786331856,26.6289,86.07767,90,0,217,,4,27.42644,26.74932,21.8119
1786331857,26.61288,86.00137,90,0,218,,0,27.39258,26.71565,21.8119
1786331858,26.71435,86.07309,90,0,218,,0,27.42644,26.68159,21.77803
1786331858,26.81315,85.99527,90,0,218,,0,27.39258,26.71565,21.84556
1786331859,26.6289,85.82132,90,0,218,,4,27.39258,26.68159,21.84556
1786331860,26.71435,85.84421,90,0,218,,0,27.39258,26.64792,21.77803
1786331860,26.68765,85.76639,90,0,218,,0,27.39258,26.81705,21.8119
1786331861,26.68765,85.8259,90,0,218,,0,27.35871,26.71565,21.87943
1786331862,26.68765,85.81674,90,0,217,,11,27.35871,26.71565,21.84556
1786331862,26.73037,85.75723,90,0,218,,0,27.35871,26.68159,21.8119
1786331863,26.64225,85.74349,90,0,218,,0,27.32484,26.68159,21.84556
1786331864,26.64225,85.84573,90,0,218,,0,27.42644,26.64792,21.77803
1786331864,26.77043,85.89151,90,0,218,,4,27.39258,26.71565,21.84556
1786331865,26.701,85.94186,90,0,218,,0,27.35871,26.74932,21.84556
1786331866,26.73037,86.06546,90,0,218,,0,27.35871,26.78319,21.8119
1786331866,26.71435,86.0914,90,0,217,,4,27.39258,26.68159,21.8119
1786331867,26.6556,86.16922,90,0,218,,4,27.32484,26.68159,21.84556
1786331868,26.6556,86.2211,90,0,218,,0,27.35871,26.68159,21.87943
1786331869,26.71435,86.41184,90,0,218,,0,27.39258,26.61406,21.8119
1786331869,26.74372,86.421,90,0,217,,3,27.42644,26.64792,21.87943
1786331870,26.68765,86.53086,90,0,217,,4,27.39258,26.71565,21.74417
1786331871,26.6289,86.54459,90,0,217,,0,27.39258,26.71565,21.84556
1786331871,26.59953,86.60868,90,0,217,,0,27.39258,26.61406,21.77803
1786331872,26.7998,86.7567,90,0,217,,5,27.39258,26.68159,21.8119
1786331873,26.71435,86.77501,90,0,218,,0,27.39258,26.74932,21.8119
1786331873,26.71435,86.80553,90,0,218,,0,27.35871,26.71565,21.84556
1786331874,26.68765,86.8513,90,0,218,,0,27.35871,26.58019,21.87943
1786331875,26.71435,86.88792,90,0,218,,0,27.39258,26.58019,21.74417
1786331875,26.71435,86.91997,90,0,218,,0,27.39258,26.68159,21.77803
1786331876,26.71435,86.96117,90,0,218,,0,27.42644,26.71565,21.77803
1786331877,26.73037,86.82994,90,0,217,,8,27.39258,26.68159,21.84556
1786331877,26.6743,86.81468,90,0,218,,12,27.35871,26.64792,21.77803
1786331878,26.64225,86.82841,90,0,218,,0,27.42644,26.71565,21.8119
1786331879,26.701,86.65598,90,0,218,,0,27.39258,26.71565,21.87943
1786331879,26.6289,86.56443,90,0,217,,4,27.35871,26.74932,21.9133
1786331880,26.77043,86.61478,90,0,217,,0,27.35871,26.78319,21.8119
1786331881,26.74372,86.55375,90,0,218,,0,27.42644,26.71565,21.87943
1786331881,26.6289,86.57359,90,0,218,,0,27.42644,26.64792,21.87943
1786331882,26.71435,86.51713,90,0,218,,2,27.42644,26.61406,21.8119
1786331883,26.61288,86.49882,90,0,218,,0,27.35871,26.61406,21.7105
1786331883,26.73037,86.5095,90,0,218,,0,27.39258,26.78319,21.8119
1786331884,26.71435,86.53696,90,0,218,,0,27.35871,26.71565,21.74417
1786331885,26.6289,86.51408,90,0,218,,9,27.42644,26.68159,21.9133
1786331885,26.74372,86.47288,90,0,218,,0,27.39258,26.68159,21.84556
1786331886,26.6556,86.45914,90,0,217,,0,27.32484,26.61406,21.87943
1786331887,26.6289,86.55375,90,0,218,,2,27.32484,26.74932,21.8119
1786331888,26.701,86.57359,90,0,218,,3,27.35871,26.68159,21.8119
1786331888,26.74372,86.66972,90,0,218,,0,27.32484,26.68159,21.8119
1786331889,26.701,86.75975,90,0,218,,0,27.39258,26.64792,21.77803
1786331890,26.6743,86.57664,90,0,217,,4,27.35871,26.71565,21.8119
1786331890,26.701,86.63615,90,0,217,,7,27.42644,26.68159,21.84556
1786331891,26.6743,86.60868,90,0,218,,0,27.35871,26.64792,21.84556
1786331892,26.6743,86.73228,90,0,218,,0,27.35871,26.64792,21.77803
1786331892,26.71435,86.70176,90,0,218,,0,27.39258,26.74932,21.8119
1786331893,26.74372,86.77348,90,0,218,,0,27.35871,26.71565,21.9133
1786331894,26.73037,86.74754,90,0,218,,0,27.32484,26.74932,21.87943
1786331894,26.6743,86.78416,90,0,218,,0,27.42644,26.71565,21.77803
1786331895,26.701,86.82384,90,0,218,,0,27.35871,26.71565,21.8119
1786331896,26.701,86.75975,90,0,217,,0,27.35871,26.74932,21.84556
1786331896,26.64225,86.6926,90,0,217,,0,27.39258,26.74932,21.77803
1786331897,26.6556,86.61326,90,0,217,,0,27.42644,26.71565,21.84556
1786331898,26.73037,86.66514,90,0,217,,8,27.42644,26.71565,21.87943
1786331898,26.74372,86.54612,90,0,218,,0,27.39258,26.71565,21.8119
1786331899,26.61288,86.60105,90,0,217,,0,27.32484,26.64792,21.87943
1786331900,26.68765,86.56901,90,0,218,,5,27.35871,26.61406,21.8119
1786331900,26.71435,86.52628,90,0,218,,9,27.39258,26.61406,21.84556
1786331901,26.64225,86.47593,90,0,217,,0,27.35871,26.68159,21.84556
1786331902,26.6743,86.55527,90,0,218,,0,27.39258,26.68159,21.84556
1786331903,26.6289,86.49424,90,0,219,,0,27.39258,26.71565,21.84556
1786331903,26.68765,86.62241,90,0,218,,1,27.39258,26.68159,21.9133
1786331904,26.68765,86.59037,90,0,218,,0,27.42644,26.71565,21.77803
1786331904,26.71435,86.71091,90,0,218,,0,27.32484,26.74932,21.74417
1786331905,26.6289,86.5034,90,0,218,,2,27.35871,26.74932,21.8119
1786331906,26.68765,86.47746,90,0,218,,0,27.32484,26.64792,21.87943
1786331907,26.77043,86.57206,90,0,218,,0,27.35871,26.68159,21.77803
1786331907,26.74372,86.48203,90,0,218,,0,27.35871,26.74932,21.87943
1786331908,26.73037,86.50034,90,0,218,,11,27.35871,26.71565,21.8119
1786331909,26.74372,86.44083,90,0,218,,0,27.39258,26.74932,21.84556
1786331909,26.73037,86.45762,90,0,218,,0,27.42644,26.71565,21.84556
1786331910,26.71435,86.47593,90,0,217,,8,27.35871,26.71565,21.8119
1786331911,26.73037,86.32487,90,0,218,,2,27.39258,26.68159,21.84556
1786331911,26.74372,86.35844,90,0,218,,0,27.39258,26.68159,21.84556
1786331912,26.73037,86.4271,90,0,217,,0,27.35871,26.68159,21.8119
1786331913,26.78645,86.36149,90,0,218,,0,27.35871,26.68159,21.77803
1786331913,26.68765,86.26078,90,0,218,,0,27.39258,26.74932,21.87943
1786331914,26.71435,86.32029,90,0,218,,0,27.35871,26.64792,21.8119
1786331915,26.71435,86.40269,90,0,218,,0,27.35871,26.64792,21.9133
1786331915,26.78645,86.28825,90,0,217,,11,27.35871,26.68159,21.8119
1786331916,26.6289,86.40879,90,0,218,,0,27.39258,26.71565,21.8119
1786331917,26.77043,86.25315,90,0,217,,0,27.35871,26.68159,21.8119
1786331917,26.73037,86.31266,90,0,217,,1,27.39258,26.61406,21.77803
1786331918,26.68765,86.37522,90,0,217,,7,27.39258,26.64792,21.77803
1786331919,26.701,86.36759,90,0,217,,0,27.35871,26.71565,21.9133
1786331919,26.6743,86.39048,90,0,218,,0,27.39258,26.68159,21.87943
1786331920,26.701,86.44999,90,0,218,,5,27.39258,26.71565,21.74417
1786331921,26.64225,86.43473,90,0,218,,5,27.39258,26.71565,21.74417
1786331921,26.6743,86.39048,90,0,218,,0,27.32484,26.68159,21.87943
1786331922,26.68765,86.53086,90,0,218,,0,27.35871,26.74932,21.77803
1786331923,26.75708,86.54002,90,0,218,,3,27.35871,26.68159,21.87943
1786331923,26.73037,86.48966,90,0,218,,3,27.35871,26.64792,21.84556
1786331924,26.81315,86.59495,90,0,218,,0,27.39258,26.74932,21.84556
1786331925,26.75708,86.40421,90,0,218,,0,27.39258,26.71565,21.84556
1786331926,26.6556,86.45914,90,0,217,,6,27.39258,26.68159,21.8119
1786331926,26.7998,86.45762,90,0,218,,0,27.42644,26.64792,21.77803
1786331927,26.6556,86.4683,90,0,218,,0,27.39258,26.74932,21.8119
1786331928,26.6289,86.32639,90,0,218,,0,27.39258,26.68159,21.77803
1786331928,26.6556,86.35691,90,0,217,,3,27.35871,26.64792,21.84556
1786331929,26.61288,86.37217,90,0,218,,0,27.39258,26.68159,21.8119
1786331930,26.61288,86.29282,90,0,217,,0,27.39258,26.68159,21.8119
1786331930,26.75708,86.21957,90,0,218,,0,27.39258,26.74932,21.77803
1786331931,26.701,86.10971,90,0,218,,2,27.39258,26.68159,21.84556
1786331932,26.71435,86.18448,90,0,217,,0,27.42644,26.71565,21.77803
1786331932,26.84253,86.21194,90,0,218,,0,27.39258,26.71565,21.8119
1786331933,26.71435,86.36149,90,0,218,,10,27.35871,26.64792,21.87943
1786331934,26.61288,85.96017,90,0,218,,2,27.35871,26.71565,21.84556
1786331934,26.68765,86.13718,90,0,218,,0,27.39258,26.64792,21.77803
1786331935,26.77043,86.02426,90,0,218,,0,27.39258,26.68159,21.74417
1786331936,26.71435,85.92813,90,0,218,,1,27.39258,26.74932,21.84556
1786331936,26.71435,85.93576,90,0,218,,0,27.35871,26.74932,21.84556
1786331937,26.77043,85.99527,90,0,218,,0,27.46011,26.74932,21.8119
1786331938,26.6556,85.97238,90,0,218,,0,27.35871,26.64792,21.84556
1786331938,26.81315,86.06851,90,0,217,,5,27.35871,26.61406,21.77803
1786331939,26.61288,85.97238,90,0,218,,0,27.39258,26.68159,21.77803
1786331940,26.68765,85.96017,90,0,217,,0,27.42644,26.68159,21.74417
1786331940,26.6743,86.0502,90,0,218,,0,27.39258,26.74932,21.9133
1786331941,26.74372,86.03799,90,0,218,,10,27.35871,26.74932,21.84556
1786331942,26.71435,86.12344,90,0,217,,0,27.32484,26.74932,21.8119
1786331943,26.6556,86.02426,90,0,218,,0,27.35871,26.64792,21.77803
1786331943,26.75708,86.11429,90,0,218,,2,27.32484,26.68159,21.9133
1786331944,26.6556,86.14786,90,0,218,,3,27.39258,26.68159,21.8119
1786331945,26.701,86.21194,90,0,218,,0,27.39258,26.71565,21.84556
1786331945,26.701,86.22415,90,0,217,,0,27.42644,26.64792,21.84556
1786331946,26.5568,86.10971,90,0,218,,8,27.35871,26.71565,21.77803
1786331947,26.701,86.17075,90,0,218,,5,27.35871,26.64792,21.77803
1786331947,26.77043,86.26231,90,0,218,,0,27.35871,26.68159,21.84556
1786331948,26.71435,86.18448,90,0,218,,0,27.39258,26.64792,21.8119
1786331949,26.6556,86.12802,90,0,218,,9,27.39258,26.68159,21.8119
1786331949,26.74372,86.12955,90,0,217,,0,27.39258,26.61406,21.84556
1786331950,26.64225,86.10208,90,0,218,,0,27.39258,26.68159,21.84556
1786331951,26.6556,86.04562,90,0,217,,0,27.35871,26.64792,21.77803
1786331951,26.74372,86.0914,90,0,218,,2,27.42644,26.64792,21.77803
1786331952,26.73037,86.0563,90,0,218,,0,27.39258,26.71565,21.74417
1786331953,26.75708,86.16617,90,0,218,,0,27.39258,26.71565,21.8119
1786331953,26.71435,85.95865,90,0,218,,0,27.39258,26.64792,21.8119
1786331954,26.71435,85.9678,90,0,218,,4,27.35871,26.71565,21.9133
1786331955,26.75708,85.99069,90,0,218,,0,27.39258,26.68159,21.77803
1786331955,26.68765,85.99222,90,0,217,,0,27.35871,26.61406,21.8119
1786331956,26.77043,86.06851,90,0,218,,6,27.32484,26.64792,21.87943
1786331957,26.701,85.97391,90,0,218,,9,27.35871,26.68159,21.84556
1786331957,26.73037,86.01358,90,0,217,,0,27.39258,26.68159,21.84556
1786331958,26.64225,86.01053,90,0,218,,0,27.32484,26.68159,21.84556
1786331959,26.701,85.83963,90,0,217,,9,27.42644,26.71565,21.87943
1786331959,26.6743,85.8732,90,0,218,,0,27.39258,26.68159,21.8119
1786331960,26.68765,85.94034,90,0,218,,0,27.35871,26.68159,21.87943
1786331961,26.75708,85.79385,90,0,218,,0,27.32484,26.71565,21.8119
1786331961,26.78645,85.93729,90,0,217,,7,27.39258,26.71565,21.9133
1786331962,26.6289,85.80911,90,0,218,,0,27.39258,26.64792,21.77803
1786331963,26.701,85.83047,90,0,218,,0,27.35871,26.54632,21.8119
1786331964,26.71435,85.88541,90,0,218,,6,27.39258,26.71565,21.9133
1786331964,26.75708,85.77554,90,0,218,,6,27.35871,26.68159,21.77803
1786331965,26.6556,85.79538,90,0,218,,0,27.35871,26.71565,21.84556
1786331966,26.77043,85.93271,90,0,218,,0,27.39258,26.74932,21.77803
1786331966,26.6556,85.76639,90,0,218,,6,27.32484,26.71565,21.8119
1786331967,26.64225,85.76181,90,0,218,,0,27.39258,26.68159,21.84556
1786331968,26.73037,85.81674,90,0,218,,0,27.32484,26.71565,21.84556
1786331968,26.68765,85.8259,90,0,218,,0,27.39258,26.74932,21.8119
1786331969,26.701,85.80911,90,0,218,,8,27.39258,26.74932,21.77803
1786331970,26.701,85.65347,90,0,217,,0,27.35871,26.71565,21.84556
1786331970,26.74372,85.7496,90,0,218,,0,27.35871,26.64792,21.77803
1786331971,26.75708,85.76334,90,0,217,,3,27.39258,26.71565,21.8119
1786331972,26.73037,85.88998,90,0,217,,1,27.35871,26.71565,21.84556
1786331972,26.7998,85.8259,90,0,219,,0,27.32484,26.61406,21.8119
1786331973,26.71435,85.73129,90,0,218,,0,27.35871,26.64792,21.77803
1786331974,26.74372,85.72976,90,0,218,,1,27.35871,26.68159,21.84556
1786331974,26.701,85.73586,90,0,218,,0,27.35871,26.64792,21.74417
1786331975,26.75708,85.79385,90,0,218,,0,27.42644,26.64792,21.8119
1786331976,26.6743,85.77097,90,0,218,,7,27.39258,26.68159,21.84556
1786331976,26.78645,85.7206,90,0,218,,1,27.35871,26.74932,21.94696
1786331977,26.73037,85.69314,90,0,218,,0,27.35871,26.68159,21.84556
1786331978,26.701,85.89151,90,0,218,,0,27.39258,26.68159,21.77803
1786331978,26.73037,85.90067,90,0,218,,5,27.39258,26.68159,21.74417
1786331979,26.68765,85.88998,90,0,218,,0,27.39258,26.58019,21.87943
1786331980,26.6556,85.91898,90,0,218,,0,27.39258,26.78319,21.8119
1786331980,26.59953,85.94644,90,0,218,,2,27.35871,26.71565,21.77803
1786331981,26.6556,85.85947,90,0,218,,5,27.42644,26.68159,21.8119
1786331982,26.68765,85.99222,90,0,218,,0,27.39258,26.68159,21.9133
1786331983,26.701,85.97391,90,0,218,,0,27.42644,26.71565,21.8119
1786331983,26.6743,86.07004,90,0,218,,4,27.35871,26.71565,21.87943
1786331984,26.78645,85.98764,90,0,218,,0,27.35871,26.64792,21.87943
1786331985,26.78645,86.01968,90,0,218,,0,27.39258,26.68159,21.77803
1786331985,26.68765,86.01358,90,0,217,,0,27.42644,26.78319,21.84556
1786331986,26.73037,86.10666,90,0,217,,2,27.32484,26.71565,21.84556
1786331987,26.6556,85.97238,90,0,218,,0,27.42644,26.78319,21.77803
1786331987,26.701,86.01511,90,0,218,,0,27.35871,26.78319,21.77803
1786331988,26.74372,85.9556,90,0,218,,1,27.39258,26.61406,21.77803
1786331989,26.73037,85.88998,90,0,218,,4,27.35871,26.71565,21.8119
1786331989,26.6289,85.86252,90,0,218,,0,27.39258,26.68159,21.77803
1786331990,26.6289,85.91287,90,0,218,,0,27.39258,26.64792,21.8119
1786331991,26.6743,85.84421,90,0,217,,6,27.35871,26.78319,21.84556
1786331991,26.71435,85.76181,90,0,218,,0,27.32484,26.71565,21.8119
1786331992,26.68765,85.76639,90,0,218,,0,27.39258,26.68159,21.8119
1786331993,26.84253,85.85947,90,0,218,,0,27.35871,26.64792,21.8119
1786331993,26.73037,85.81674,90,0,218,,3,27.35871,26.71565,21.8119
1786331994,26.74372,85.92661,90,0,218,,0,27.35871,26.74932,21.77803
1786331995,26.75708,85.90829,90,0,218,,0,27.35871,26.71565,21.77803
1786331995,26.64225,85.80301,90,0,217,,1,27.42644,26.74932,21.8119
1786331996,26.701,85.78928,90,0,218,,6,27.35871,26.64792,21.77803
1786331997,26.73037,85.76639,90,0,217,,0,27.39258,26.71565,21.87943
1786331997,26.64225,85.91745,90,0,217,,0,27.39258,26.71565,21.87943
1786331998,26.73037,85.79538,90,0,218,,7,27.39258,26.64792,21.8119
1786331999,26.71435,85.86404,90,0,218,,0,27.35871,26.68159,21.9133
1786331999,26.73037,86.03342,90,0,217,,0,27.39258,26.74932,21.87943
1786332000,26.74372,86.12955,90,0,218,,0,27.32484,26.68159,21.8119
1786332001,26.77043,86.16922,90,0,218,,9,27.39258,26.64792,21.8119
1786332002,26.701,86.21194,90,0,218,,0,27.35871,26.71565,21.84556
1786332002,26.71435,86.35233,90,0,218,,0,27.39258,26.68159,21.84556
1786332003,26.75708,86.20737,90,0,218,,4,27.39258,26.74932,21.84556
1786332004,26.71435,86.38132,90,0,218,,1,27.35871,26.78319,21.8119
1786332004,26.71435,86.52628,90,0,218,,0,27.42644,26.68159,21.77803
1786332005,26.68765,86.48661,90,0,218,,0,27.39258,26.71565,21.77803
1786332006,26.701,86.5034,90,0,217,,7,27.35871,26.68159,21.8119
1786332006,26.77043,86.55375,90,0,218,,0,27.35871,26.81705,21.87943
1786332007,26.71435,86.47593,90,0,218,,0,27.35871,26.61406,21.84556
1786332008,26.74372,86.48203,90,0,217,,4,27.35871,26.64792,21.8119
1786332008,26.75708,86.57816,90,0,217,,9,27.39258,26.71565,21.77803
1786332009,26.701,86.51255,90,0,217,,0,27.35871,26.71565,21.77803
1786332010,26.77043,86.52171,90,0,217,,0,27.39258,26.71565,21.84556
1786332010,26.68765,86.41337,90,0,217,,5,27.39258,26.71565,21.8119
1786332011,26.7998,86.47746,90,0,218,,0,27.39258,26.64792,21.84556
1786332012,26.64225,86.20737,90,0,217,,0,27.32484,26.71565,21.84556
1786332012,26.6743,86.19363,90,0,218,,0,27.35871,26.68159,21.8119
1786332013,26.74372,86.28519,90,0,218,,1,27.39258,26.74932,21.84556
1786332014,26.6289,86.215,90,0,218,,0,27.35871,26.68159,21.8119
1786332014,26.71435,86.18448,90,0,218,,0,27.42644,26.71565,21.8119
1786332015,26.71435,86.10208,90,0,217,,5,27.42644,26.64792,21.8119
1786332016,26.68765,86.03342,90,0,218,,5,27.32484,26.71565,21.8119
1786332016,26.701,86.00595,90,0,218,,0,27.35871,26.74932,21.84556
1786332017,26.78645,85.93729,90,0,218,,0,27.35871,26.68159,21.84556
1786332018,26.68765,85.8671,90,0,218,,4,27.39258,26.71565,21.8119
1786332018,26.77043,85.85947,90,0,218,,0,27.39258,26.68159,21.84556
1786332019,26.701,85.76791,90,0,217,,0,27.32484,26.64792,21.77803
1786332020,26.71435,85.80301,90,0,218,,0,27.39258,26.68159,21.87943
1786332021,26.74372,85.75876,90,0,217,,9,27.39258,26.68159,21.8119
1786332021,26.58618,85.71603,90,0,217,,0,27.32484,26.85092,21.8119
1786332022,26.701,85.56191,90,0,218,,0,27.35871,26.64792,21.8119
1786332023,26.77043,85.53902,90,0,218,,1,27.42644,26.81705,21.84556
1786332023,26.68765,85.58938,90,0,218,,3,27.35871,26.71565,21.77803
1786332024,26.6556,85.42458,90,0,218,,0,27.42644,26.74932,21.74417
1786332025,26.64225,85.52529,90,0,218,,0,27.39258,26.71565,21.84556
1786332025,26.6556,85.56954,90,0,218,,7,27.39258,26.81705,21.87943
1786332026,26.73037,85.52834,90,0,217,,0,27.39258,26.71565,21.87943
1786332027,26.58618,85.42764,90,0,218,,0,27.39258,26.74932,21.8119
1786332027,26.68765,85.3605,90,0,218,,0,27.42644,26.68159,21.8119
1786332028,26.6743,85.36813,90,0,218,,1,27.39258,26.71565,21.87943
1786332029,26.71435,85.44137,90,0,217,,0,27.35871,26.71565,21.8119
1786332029,26.71435,85.36813,90,0,218,,0,27.42644,26.68159,21.8119
1786332030,26.6289,85.31319,90,0,218,,0,27.39258,26.61406,21.84556
1786332031,26.701,85.51003,90,0,218,,7,27.35871,26.74932,21.84556
1786332031,26.77043,85.53902,90,0,217,,0,27.42644,26.71565,21.87943
1786332032,26.78645,85.77249,90,0,218,,0,27.42644,26.74932,21.8119
1786332033,26.74372,85.93576,90,0,219,,0,27.32484,26.71565,21.84556
1786332033,26.7998,86.23941,90,0,218,,0,27.39258,26.64792,21.8119
1786332034,26.6743,86.2974,90,0,218,,0,27.39258,26.74932,21.8119
1786332035,26.64225,86.48661,90,0,218,,0,27.39258,26.74932,21.87943
1786332035,26.6556,86.73685,90,0,218,,5,27.35871,26.74932,21.8119
1786332036,26.701,86.93523,90,0,217,,0,27.42644,26.71565,21.8119
1786332037,26.75708,86.87877,90,0,217,,0,27.32484,26.78319,21.77803
1786332037,26.77043,86.8925,90,0,217,,0,27.39258,26.54632,21.8119
1786332038,26.73037,86.84215,90,0,217,,12,27.42644,26.61406,21.84556
1786332039,26.74372,86.94743,90,0,217,,0,27.39258,26.64792,21.8119
1786332040,26.82918,87.13664,90,0,218,,0,27.39258,26.64792,21.77803
1786332040,26.71435,86.97185,90,0,217,,9,27.35871,26.71565,21.8119
1786332041,26.71435,86.94896,90,0,218,,9,27.39258,26.61406,21.77803
1786332042,26.73037,87.06798,90,0,217,,0,27.39258,26.68159,21.84556
1786332042,26.75708,87.00389,90,0,218,,0,27.39258,26.68159,21.87943
1786332043,26.6743,86.981,90,0,218,,1,27.32484,26.68159,21.9133
1786332044,26.77043,87.02983,90,0,218,,0,27.39258,26.74932,21.84556
1786332044,26.68765,86.86046,90,0,218,,0,27.35871,26.74932,21.9133
1786332045,26.74372,86.97948,90,0,218,,0,27.35871,26.64792,21.8119
1786332046,26.86923,86.90166,90,0,217,,5,27.32484,26.71565,21.87943
1786332046,26.701,86.86198,90,0,218,,2,27.39258,26.71565,21.8119
1786332047,26.6556,86.78874,90,0,218,,0,27.32484,26.74932,21.77803
1786332048,26.73037,86.8925,90,0,218,,0,27.35871,26.71565,21.77803
1786332048,26.74372,86.89708,90,0,218,,2,27.39258,26.74932,21.87943
1786332049,26.701,86.94743,90,0,217,,10,27.39258,26.74932,21.84556
1786332050,26.6556,86.6865,90,0,218,,0,27.35871,26.64792,21.7105
1786332050,26.6743,86.92912,90,0,218,,0,27.35871,26.71565,21.77803
1786332051,26.73037,86.85283,90,0,218,,5,27.32484,26.68159,21.87943
1786332052,26.78645,86.86656,90,0,218,,6,27.39258,26.68159,21.84556
1786332052,26.71435,86.88792,90,0,219,,0,27.42644,26.68159,21.87943
1786332053,26.6289,86.91692,90,0,218,,0,27.39258,26.78319,21.8119
1786332054,26.64225,86.91997,90,0,218,,2,27.39258,26.64792,21.84556
1786332054,26.73037,86.98558,90,0,218,,0,27.32484,26.71565,21.87943
1786332055,26.7998,87.0161,90,0,217,,0,27.35871,26.68159,21.84556
1786332056,26.73037,86.97643,90,0,217,,0,27.35871,26.74932,21.8119
1786332056,26.75708,87.07561,90,0,217,,3,27.39258,26.68159,21.84556
1786332057,26.77043,87.12138,90,0,218,,9,27.35871,26.71565,21.84556
1786332058,26.75708,87.08629,90,0,218,,0,27.39258,26.64792,21.87943
1786332059,26.701,86.93523,90,0,218,,0,27.32484,26.64792,21.84556
1786332059,26.74372,87.15495,90,0,217,,2,27.39258,26.74932,21.84556
1786332060,26.6743,87.09392,90,0,218,,9,27.32484,26.68159,21.8119
1786332061,26.73037,87.00694,90,0,217,,0,27.39258,26.61406,21.8119
1786332061,26.71435,87.11681,90,0,217,,0,27.35871,26.74932,21.8119
1786332062,26.75708,87.00389,90,0,217,,5,27.42644,26.74932,21.8119
1786332063,26.73037,87.03593,90,0,218,,1,27.39258,26.71565,21.74417
1786332063,26.64225,86.96117,90,0,218,,0,27.39258,26.64792,21.8119
1786332064,26.74372,86.94743,90,0,218,,0,27.35871,26.71565,21.84556
1786332065,26.73037,86.90318,90,0,218,,2,27.39258,26.68159,21.77803
1786332065,26.6289,86.76128,90,0,217,,7,27.42644,26.68159,21.9133
1786332066,26.71435,86.85741,90,0,218,,0,27.42644,26.74932,21.8119
1786332067,26.73037,86.97643,90,0,217,,0,27.39258,26.68159,21.8119
1786332067,26.58618,86.73838,90,0,217,,2,27.39258,26.68159,21.84556
1786332068,26.75708,86.86046,90,0,218,,2,27.32484,26.71565,21.87943
1786332069,26.74372,86.81468,90,0,218,,0,27.49417,26.61406,21.87943
1786332069,26.6556,87.00694,90,0,217,,0,27.35871,26.64792,21.77803
1786332070,26.6556,86.84215,90,0,218,,1,27.35871,26.71565,21.8119
1786332071,26.6556,86.86046,90,0,218,,5,27.35871,26.68159,21.8119
1786332071,26.6556,86.95659,90,0,218,,0,27.42644,26.74932,21.77803
1786332072,26.73037,86.91234,90,0,218,,0,27.32484,26.74932,21.77803
1786332073,26.6289,86.76128,90,0,218,,1,27.39258,26.64792,21.77803
1786332073,26.64225,86.78722,90,0,218,,8,27.35871,26.68159,21.8119
1786332074,26.6556,86.6865,90,0,218,,0,27.39258,26.74932,21.84556
1786332075,26.6289,86.69718,90,0,218,,0,27.35871,26.74932,21.87943
1786332076,26.71435,86.61936,90,0,218,,1,27.39258,26.68159,21.84556
1786332076,26.75708,86.75517,90,0,218,,3,27.39258,26.71565,21.8119
1786332077,26.71435,86.78416,90,0,218,,0,27.39258,26.61406,21.77803
1786332078,26.71435,86.58732,90,0,218,,0,27.35871,26.64792,21.8119
1786332078,26.75708,86.59953,90,0,218,,6,27.42644,26.68159,21.8119
1786332079,26.71435,86.58732,90,0,217,,0,27.39258,26.71565,21.77803
1786332080,26.6743,86.64988,90,0,218,,0,27.39258,26.71565,21.8119
1786332080,26.61288,86.55985,90,0,218,,0,27.39258,26.61406,21.77803
1786332081,26.61288,86.55985,90,0,218,,9,27.35871,26.74932,21.77803
1786332082,26.64225,86.61021,90,0,217,,0,27.35871,26.71565,21.84556
1786332082,26.6743,86.60868,90,0,219,,0,27.39258,26.81705,21.8119
1786332083,26.6743,86.46372,90,0,218,,0,27.35871,26.71565,21.84556
1786332084,26.6289,86.31724,90,0,218,,0,27.35871,26.71565,21.87943
1786332084,26.6743,86.2974,90,0,218,,0,27.32484,26.68159,21.77803
1786332085,26.6556,86.28367,90,0,218,,0,27.42644,26.68159,21.87943
1786332086,26.64225,86.21957,90,0,218,,0,27.35871,26.64792,21.84556
1786332086,26.71435,86.12344,90,0,217,,9,27.32484,26.78319,21.84556
1786332087,26.75708,86.06393,90,0,218,,0,27.35871,26.71565,21.8119
1786332088,26.68765,86.12497,90,0,218,,0,27.39258,26.68159,21.84556
1786332088,26.6743,86.0914,90,0,217,,1,27.35871,26.64792,21.77803
1786332089,26.73037,85.98306,90,0,217,,9,27.39258,26.68159,21.8119
1786332090,26.701,85.87167,90,0,218,,0,27.39258,26.71565,21.74417
1786332090,26.701,85.94186,90,0,218,,0,27.42644,26.71565,21.8119
1786332091,26.59953,85.97849,90,0,217,,1,27.35871,26.68159,21.8119
1786332092,26.71435,86.02884,90,0,218,,12,27.35871,26.71565,21.8119
1786332092,26.68765,86.14633,90,0,218,,0,27.32484,26.68159,21.94696
1786332093,26.73037,86.31266,90,0,218,,0,27.39258,26.71565,21.87943
1786332094,26.71435,86.23788,90,0,218,,0,27.39258,26.68159,21.84556
1786332095,26.68765,86.35386,90,0,218,,0,27.39258,26.68159,21.87943
1786332095,26.6556,86.3447,90,0,218,,0,27.35871,26.68159,21.8119
1786332096,26.73037,86.5095,90,0,218,,0,27.39258,26.74932,21.84556
1786332097,26.701,86.45914,90,0,218,,3,27.42644,26.61406,21.8119
1786332097,26.7998,86.51865,90,0,217,,9,27.39258,26.71565,21.8119
1786332098,26.68765,86.48661,90,0,218,,0,27.39258,26.74932,21.74417
1786332099,26.701,86.71854,90,0,218,,0,27.39258,26.68159,21.87943
1786332099,26.6743,86.48508,90,0,218,,8,27.39258,26.68159,21.8119
1786332100,26.73037,86.6453,90,0,218,,8,27.39258,26.71565,21.87943
1786332101,26.701,86.60563,90,0,218,,0,27.29098,26.61406,21.8119
1786332101,26.61288,86.59037,90,0,218,,0,27.32484,26.68159,21.84556
1786332102,26.6289,86.61784,90,0,218,,5,27.42644,26.74932,21.84556
1786332103,26.64225,86.57816,90,0,218,,0,27.39258,26.71565,21.84556
1786332103,26.7998,86.65446,90,0,218,,0,27.35871,26.61406,21.9133
1786332104,26.68765,86.65446,90,0,218,,0,27.35871,26.71565,21.84556
1786332105,26.74372,86.71091,90,0,218,,2,27.35871,26.68159,21.8119
1786332105,26.701,86.88335,90,0,217,,0,27.35871,26.68159,21.8119
1786332106,26.71435,86.74296,90,0,217,,0,27.39258,26.68159,21.77803
1786332107,26.6289,86.80247,90,0,218,,0,27.35871,26.74932,21.84556
1786332107,26.6743,86.83757,90,0,218,,11,27.39258,26.64792,21.84556
1786332108,26.73037,86.82994,90,0,217,,0,27.39258,26.71565,21.84556
1786332109,26.71435,86.76433,90,0,218,,0,27.39258,26.74932,21.8119
1786332109,26.71435,86.86656,90,0,218,,6,27.35871,26.71565,21.84556
1786332110,26.6743,86.85588,90,0,217,,7,27.35871,26.78319,21.8119
1786332111,26.68765,86.86961,90,0,218,,0,27.35871,26.74932,21.84556
1786332111,26.73037,86.7277,90,0,218,,0,27.39258,26.71565,21.8119
1786332112,26.59953,86.81621,90,0,218,,0,27.39258,26.78319,21.8119
1786332113,26.6743,86.73228,90,0,218,,0,27.39258,26.61406,21.7105
1786332114,26.64225,86.74296,90,0,218,,0,27.35871,26.68159,21.84556
1786332114,26.6743,86.59647,90,0,218,,0,27.42644,26.68159,21.8119
1786332115,26.6556,86.61326,90,0,218,,2,27.35871,26.71565,21.8119
1786332116,26.701,86.60563,90,0,217,,0,27.39258,26.78319,21.87943
1786332116,26.6743,86.51408,90,0,217,,0,27.35871,26.68159,21.9133
1786332117,26.6743,86.54459,90,0,218,,0,27.39258,26.71565,21.84556
1786332118,26.64225,86.51713,90,0,217,,6,27.39258,26.68159,21.74417
1786332118,26.75708,86.54917,90,0,218,,0,27.35871,26.68159,21.84556
1786332119,26.61288,86.67429,90,0,217,,0,27.32484,26.68159,21.8119
1786332120,26.6743,86.68192,90,0,218,,5,27.39258,26.61406,21.84556
1786332120,26.68765,86.64225,90,0,217,,0,27.39258,26.74932,21.84556
1786332121,26.77043,86.75975,90,0,217,,0,27.32484,26.64792,21.87943
1786332122,26.6289,86.53239,90,0,217,,0,27.35871,26.71565,21.74417
1786332122,26.64225,86.48661,90,0,219,,0,27.35871,26.74932,21.77803
1786332123,26.71435,86.53696,90,0,218,,0,27.35871,26.71565,21.8119
1786332124,26.5568,86.48203,90,0,218,,0,27.39258,26.74932,21.8119
1786332124,26.68765,86.53696,90,0,218,,1,27.42644,26.68159,21.77803
1786332125,26.68765,86.53696,90,0,218,,0,27.39258,26.61406,21.77803
1786332126,26.701,86.60563,90,0,218,,0,27.39258,26.61406,21.84556
1786332126,26.71435,86.49577,90,0,218,,0,27.32484,26.68159,21.8119
1786332127,26.701,86.45914,90,0,218,,7,27.35871,26.64792,21.8119
1786332128,26.75708,86.46677,90,0,217,,1,27.42644,26.74932,21.8119
1786332128,26.75708,86.48661,90,0,218,,0,27.32484,26.71565,21.8119
1786332129,26.71435,86.45304,90,0,217,,0,27.32484,26.64792,21.77803
1786332130,26.64225,86.48661,90,0,218,,7,27.39258,26.68159,21.8119
1786332130,26.59953,86.34928,90,0,218,,0,27.42644,26.64792,21.77803
1786332131,26.68765,86.31266,90,0,217,,0,27.39258,26.68159,21.77803
1786332132,26.6743,86.36149,90,0,218,,0,27.42644,26.68159,21.8119
1786332133,26.71435,86.19669,90,0,218,,0,27.35871,26.74932,21.8119
1786332133,26.6289,86.32639,90,0,218,,0,27.39258,26.71565,21.8119
1786332134,26.6743,86.1738,90,0,218,,0,27.39258,26.68159,21.84556
1786332135,26.71435,86.26688,90,0,218,,1,27.39258,26.68159,21.7105
1786332135,26.64225,86.14633,90,0,217,,8,27.39258,26.71565,21.9133
1786332136,26.64225,86.26994,90,0,217,,0,27.42644,26.64792,21.87943
1786332137,26.6743,86.11124,90,0,218,,0,27.42644,26.71565,21.77803
1786332137,26.6743,86.07919,90,0,218,,2,27.39258,26.68159,21.87943
1786332138,26.701,86.19211,90,0,218,,1,27.39258,26.74932,21.84556
1786332139,26.57282,86.12497,90,0,217,,0,27.42644,26.74932,21.87943
1786332139,26.701,86.03647,90,0,217,,0,27.35871,26.68159,21.84556
1786332140,26.68765,86.10513,90,0,218,,5,27.35871,26.68159,21.8119
1786332141,26.75708,86.07309,90,0,218,,0,27.32484,26.68159,21.87943
1786332141,26.68765,86.07462,90,0,218,,0,27.35871,26.64792,21.74417
1786332142,26.64225,85.99985,90,0,218,,0,27.42644,26.74932,21.8119
1786332143,26.71435,86.06088,90,0,218,,0,27.42644,26.68159,21.84556
1786332143,26.6743,85.9678,90,0,218,,0,27.32484,26.64792,21.84556
1786332144,26.75708,85.85489,90,0,218,,0,27.35871,26.68159,21.77803
1786332145,26.71435,85.95865,90,0,218,,3,27.35871,26.64792,21.77803
1786332145,26.74372,85.832,90,0,218,,6,27.39258,26.68159,21.87943
1786332146,26.75708,85.96933,90,0,218,,0,27.42644,26.71565,21.8119
1786332147,26.68765,85.8259,90,0,218,,0,27.32484,26.64792,21.84556
1786332147,26.74372,85.90372,90,0,218,,3,27.39258,26.61406,21.84556
1786332148,26.6743,85.93576,90,0,218,,0,27.35871,26.71565,21.9133
1786332149,26.75708,85.87625,90,0,217,,0,27.39258,26.68159,21.74417
1786332149,26.701,85.95407,90,0,218,,0,27.35871,26.71565,21.8119
1786332150,26.64225,85.96933,90,0,218,,2,27.35871,26.68159,21.8119
1786332151,26.73037,85.78622,90,0,218,,0,27.42644,26.68159,21.84556
1786332152,26.71435,85.93576,90,0,218,,0,27.39258,26.81705,21.94696
1786332152,26.701,85.98611,90,0,219,,0,27.35871,26.74932,21.84556
1786332153,26.701,85.95407,90,0,218,,3,27.42644,26.71565,21.84556
1786332154,26.77043,86.0975,90,0,218,,0,27.35871,26.61406,21.8119
1786332154,26.6556,86.01511,90,0,218,,0,27.35871,26.71565,21.8119
1786332155,26.6743,86.01968,90,0,218,,1,27.39258,26.64792,21.87943
1786332156,26.6556,85.89151,90,0,218,,1,27.32484,26.64792,21.8119
1786332156,26.71435,85.90524,90,0,218,,0,27.39258,26.64792,21.74417
1786332157,26.6289,85.85336,90,0,218,,0,27.32484,26.78319,21.8119
1786332158,26.6556,85.73586,90,0,217,,3,27.32484,26.68159,21.74417
1786332158,26.6556,85.77554,90,0,217,,0,27.39258,26.71565,21.84556
1786332159,26.57282,85.8259,90,0,218,,0,27.39258,26.61406,21.8119
1786332160,26.701,85.73586,90,0,217,,0,27.39258,26.71565,21.77803
1786332160,26.73037,85.78622,90,0,218,,4,27.39258,26.74932,21.84556
1786332161,26.6289,85.70687,90,0,217,,0,27.39258,26.74932,21.84556
1786332162,26.75708,85.64889,90,0,218,,0,27.39258,26.71565,21.84556
1786332162,26.75708,85.64889,90,0,218,,0,27.35871,26.71565,21.87943
1786332163,26.6556,85.64278,90,0,218,,0,27.39258,26.74932,21.8119
1786332164,26.64225,85.55581,90,0,218,,0,27.32484,26.68159,21.84556
1786332164,26.6743,85.57412,90,0,218,,0,27.35871,26.64792,21.84556
1786332165,26.58618,85.52987,90,0,218,,0,27.35871,26.71565,21.84556
1786332166,26.6743,85.47952,90,0,218,,0,27.35871,26.71565,21.84556
1786332166,26.64225,85.42306,90,0,218,,0,27.35871,26.61406,21.9133
1786332167,26.701,85.43832,90,0,218,,5,27.39258,26.68159,21.8119
1786332168,26.78645,85.52377,90,0,217,,14,27.39258,26.71565,21.8119
1786332168,26.6556,85.49783,90,0,218,,0,27.35871,26.64792,21.84556
1786332169,26.6556,85.36355,90,0,218,,0,27.42644,26.71565,21.8119
1786332170,26.71435,85.31472,90,0,218,,1,27.42644,26.64792,21.84556
1786332171,26.701,85.29183,90,0,218,,0,27.35871,26.71565,21.74417
1786332171,26.74372,85.29488,90,0,218,,0,27.35871,26.64792,21.9133
1786332172,26.64225,85.22621,90,0,218,,0,27.39258,26.71565,21.74417
1786332173,26.6743,85.23232,90,0,218,,7,27.39258,26.61406,21.8119
1786332173,26.75708,85.34982,90,0,218,,0,27.39258,26.74932,21.87943
1786332174,26.74372,85.31472,90,0,218,,0,27.39258,26.74932,21.84556
1786332175,26.77043,85.25979,90,0,218,,6,27.39258,26.61406,21.87943
1786332175,26.73037,85.29031,90,0,218,,3,27.39258,26.68159,21.77803
1786332176,26.73037,85.21706,90,0,217,,0,27.35871,26.64792,21.84556
1786332177,26.64225,85.42306,90,0,217,,0,27.35871,26.71565,21.84556
1786332177,26.73037,85.38338,90,0,217,,1,27.39258,26.71565,21.8119
1786332178,26.73037,85.46578,90,0,218,,0,27.35871,26.68159,21.8119
1786332179,26.73037,85.67178,90,0,218,,0,27.35871,26.68159,21.84556
1786332179,26.77043,85.64278,90,0,218,,3,27.35871,26.68159,21.84556
1786332180,26.6743,85.5436,90,0,218,,1,27.35871,26.64792,21.87943
1786332181,26.73037,85.70382,90,0,217,,0,27.42644,26.61406,21.87943
1786332181,26.73037,85.68398,90,0,217,,0,27.35871,26.74932,21.77803
1786332182,26.6743,85.69772,90,0,218,,0,27.35871,26.71565,21.87943
1786332183,26.73037,85.77707,90,0,218,,0,27.42644,26.74932,21.84556
1786332183,26.6289,85.69772,90,0,218,,0,27.35871,26.68159,21.84556
1786332184,26.68765,85.84573,90,0,218,,0,27.42644,26.64792,21.8119
1786332185,26.6743,85.8732,90,0,218,,2,27.35871,26.58019,21.87943
1786332185,26.701,85.83963,90,0,218,,0,27.39258,26.61406,21.84556
1786332186,26.71435,85.89609,90,0,218,,0,27.35871,26.68159,21.87943
1786332187,26.6743,85.9678,90,0,218,,3,27.35871,26.74932,21.77803
1786332187,26.77043,86.03647,90,0,218,,0,27.46011,26.64792,21.77803
1786332188,26.68765,86.10513,90,0,218,,0,27.32484,26.64792,21.84556
1786332189,26.74372,86.16159,90,0,217,,3,27.39258,26.68159,21.9133
1786332190,26.75708,86.36301,90,0,217,,0,27.39258,26.68159,21.87943
1786332190,26.7998,86.32182,90,0,218,,0,27.32484,26.71565,21.8119
1786332191,26.73037,86.5095,90,0,217,,0,27.39258,26.71565,21.84556
1786332192,26.73037,86.57206,90,0,218,,3,27.35871,26.64792,21.8119
1786332192,26.71435,86.52628,90,0,218,,0,27.39258,26.71565,21.8119
1786332193,26.73037,86.77959,90,0,218,,0,27.35871,26.71565,21.87943
1786332194,26.6743,86.66972,90,0,218,,0,27.42644,26.68159,21.8119
1786332194,26.68765,86.71397,90,0,218,,0,27.39258,26.64792,21.77803
1786332195,26.6556,86.76891,90,0,218,,0,27.35871,26.64792,21.84556
1786332196,26.71435,86.84825,90,0,218,,0,27.42644,26.64792,21.84556
1786332196,26.73037,86.77959,90,0,217,,10,27.35871,26.71565,21.77803
1786332197,26.74372,86.82384,90,0,217,,0,27.32484,26.68159,21.77803
1786332198,26.6743,86.77348,90,0,217,,0,27.39258,26.74932,21.9133
1786332198,26.68765,86.7979,90,0,217,,5,27.35871,26.71565,21.84556
1786332199,26.701,86.72923,90,0,218,,0,27.32484,26.64792,21.77803
1786332200,26.6289,86.75059,90,0,218,,0,27.39258,26.71565,21.84556
1786332200,26.73037,86.66514,90,0,218,,0,27.39258,26.68159,21.77803
1786332201,26.73037,86.61326,90,0,218,,9,27.32484,26.71565,21.8119
1786332202,26.71435,86.64072,90,0,218,,0,27.39258,26.78319,21.8119
1786332202,26.68765,86.40421,90,0,218,,0,27.35871,26.78319,21.77803
1786332203,26.6556,86.6041,90,0,218,,0,27.32484,26.68159,21.8119
1786332204,26.73037,86.5095,90,0,218,,0,27.35871,26.61406,21.8119
1786332204,26.68765,86.47746,90,0,218,,0,27.42644,26.71565,21.84556
1786332205,26.73037,86.4683,90,0,218,,0,27.32484,26.74932,21.74417
1786332206,26.6743,86.49424,90,0,217,,9,27.39258,26.68159,21.8119
1786332206,26.74372,86.35844,90,0,217,,0,27.35871,26.74932,21.8119
1786332207,26.64225,86.43473,90,0,218,,0,27.39258,26.64792,21.84556
1786332208,26.71435,86.47593,90,0,217,,8,27.35871,26.68159,21.77803
1786332209,26.75708,86.40421,90,0,218,,1,27.39258,26.68159,21.84556
1786332209,26.6289,86.37064,90,0,218,,0,27.35871,26.81705,21.9133
1786332210,26.75708,86.31113,90,0,217,,0,27.29098,26.71565,21.8119
1786332211,26.6556,86.35691,90,0,218,,10,27.32484,26.68159,21.84556
1786332211,26.71435,86.30808,90,0,218,,0,27.32484,26.78319,21.84556
1786332212,26.61288,86.24857,90,0,217,,0,27.39258,26.61406,21.77803
1786332213,26.68765,86.23026,90,0,218,,0,27.39258,26.71565,21.9133
1786332213,26.75708,86.34318,90,0,218,,5,27.39258,26.61406,21.77803
1786332214,26.73037,86.16922,90,0,218,,0,27.35871,26.61406,21.8119
1786332215,26.64225,86.27909,90,0,218,,0,27.39258,26.68159,21.74417
1786332215,26.73037,86.12802,90,0,218,,5,27.39258,26.68159,21.84556
1786332216,26.701,86.10971,90,0,218,,0,27.39258,26.68159,21.8119
1786332217,26.6743,86.10056,90,0,218,,0,27.35871,26.71565,21.77803
1786332217,26.64225,86.05173,90,0,218,,0,27.39258,26.68159,21.8119
1786332218,26.73037,86.1799,90,0,218,,3,27.35871,26.68159,21.87943
1786332219,26.7998,85.96017,90,0,218,,0,27.35871,26.74932,21.77803
1786332219,26.71435,86.06088,90,0,217,,0,27.35871,26.68159,21.84556
1786332220,26.6743,86.07004,90,0,217,,0,27.35871,26.71565,21.87943
1786332221,26.82918,86.13412,90,0,218,,6,27.39258,26.64792,21.84556
1786332221,26.701,86.11887,90,0,217,,0,27.46011,26.64792,21.8119
1786332222,26.74372,86.0502,90,0,218,,0,27.35871,26.71565,21.8119
1786332223,26.77043,85.99527,90,0,219,,0,27.35871,26.61406,21.8119
1786332223,26.7998,85.98154,90,0,218,,3,27.32484,26.78319,21.84556
1786332224,26.6743,85.9556,90,0,218,,0,27.32484,26.61406,21.87943
1786332225,26.73037,85.98306,90,0,218,,0,27.39258,26.71565,21.8119
1786332225,26.64225,85.95865,90,0,218,,0,27.35871,26.61406,21.8119
1786332226,26.71435,86.06088,90,0,218,,3,27.39258,26.71565,21.84556
1786332227,26.6743,85.93576,90,0,217,,2,27.39258,26.68159,21.74417
1786332228,26.75708,86.07309,90,0,217,,0,27.35871,26.71565,21.84556
1786332228,26.6556,86.06546,90,0,218,,0,27.42644,26.78319,21.84556
1786332229,26.64225,86.09293,90,0,218,,0,27.35871,26.64792,21.77803
1786332230,26.6743,86.02884,90,0,217,,3,27.39258,26.64792,21.8119
1786332230,26.68765,86.13718,90,0,218,,0,27.39258,26.64792,21.77803
1786332231,26.6289,86.14175,90,0,218,,0,27.39258,26.64792,21.9133
1786332232,26.68765,86.28977,90,0,218,,5,27.35871,26.68159,21.87943
1786332232,26.68765,86.21042,90,0,218,,0,27.39258,26.68159,21.84556
1786332233,26.701,86.36759,90,0,218,,0,27.35871,26.68159,21.77803
1786332234,26.68765,86.36301,90,0,218,,0,27.35871,26.71565,21.8119
1786332234,26.68765,86.39353,90,0,218,,0,27.39258,26.64792,21.8119
1786332235,26.73037,86.4271,90,0,218,,3,27.32484,26.64792,21.84556
1786332236,26.701,86.47135,90,0,217,,0,27.39258,26.74932,21.74417
1786332236,26.6743,86.38132,90,0,218,,0,27.39258,26.68159,21.8119
1786332237,26.6743,86.39048,90,0,218,,0,27.39258,26.68159,21.8119
1786332238,26.64225,86.35233,90,0,217,,3,27.39258,26.74932,21.8119
1786332238,26.73037,86.40726,90,0,218,,0,27.39258,26.68159,21.9133
1786332239,26.6743,86.39048,90,0,217,,0,27.32484,26.68159,21.8119
1786332240,26.74372,86.47288,90,0,217,,0,27.39258,26.71565,21.84556
1786332240,26.6289,86.32639,90,0,218,,5,27.39258,26.68159,21.74417
1786332241,26.6289,86.32639,90,0,218,,0,27.35871,26.61406,21.84556
1786332242,26.73037,86.26078,90,0,218,,0,27.42644,26.68159,21.7105
1786332242,26.71435,86.28825,90,0,218,,0,27.35871,26.68159,21.74417
1786332243,26.701,86.21194,90,0,218,,2,27.39258,26.71565,21.9133
1786332244,26.78645,86.30808,90,0,218,,0,27.39258,26.68159,21.84556
1786332244,26.71435,86.22568,90,0,218,,0,27.42644,26.68159,21.84556
1786332245,26.78645,86.39353,90,0,218,,1,27.39258,26.61406,21.8119
1786332246,26.6743,86.31724,90,0,218,,10,27.35871,26.74932,21.8119
1786332247,26.71435,86.28825,90,0,218,,0,27.35871,26.74932,21.8119
1786332247,26.701,86.26231,90,0,218,,0,27.35871,26.68159,21.77803
1786332248,26.61288,86.21042,90,0,218,,11,27.39258,26.71565,21.87943
1786332249,26.6289,86.14175,90,0,217,,11,27.35871,26.68159,21.8119
1786332249,26.68765,86.12497,90,0,218,,0,27.35871,26.68159,21.84556
1786332250,26.78645,86.24704,90,0,218,,0,27.39258,26.68159,21.8119
1786332251,26.64225,86.10208,90,0,218,,3,27.39258,26.64792,21.74417
1786332251,26.74372,86.1738,90,0,218,,0,27.42644,26.68159,21.7105
1786332252,26.71435,86.22568,90,0,218,,0,27.35871,26.68159,21.77803
1786332253,26.701,86.03647,90,0,219,,0,27.35871,26.64792,21.84556
1786332253,26.64225,86.10208,90,0,218,,1,27.39258,26.64792,21.84556
1786332254,26.73037,86.16922,90,0,218,,0,27.42644,26.71565,21.84556
1786332255,26.73037,86.12802,90,0,218,,0,27.35871,26.71565,21.87943
1786332255,26.68765,86.11581,90,0,218,,2,27.39258,26.78319,21.8119
1786332256,26.77043,86.16922,90,0,217,,6,27.39258,26.68159,21.84556
1786332257,26.73037,86.12802,90,0,217,,0,27.39258,26.74932,21.87943
1786332257,26.6556,86.16922,90,0,218,,0,27.39258,26.71565,21.8119
1786332258,26.701,86.07919,90,0,218,,1,27.35871,26.68159,21.74417
1786332259,26.6743,86.0502,90,0,217,,7,27.42644,26.71565,21.84556
1786332259,26.74372,85.98611,90,0,218,,0,27.32484,26.64792,21.8119
1786332260,26.74372,85.97696,90,0,218,,0,27.32484,26.71565,21.8119
1786332261,26.74372,85.98611,90,0,218,,1,27.42644,26.78319,21.84556
1786332261,26.6556,86.01511,90,0,218,,0,27.39258,26.68159,21.7105
1786332262,26.58618,85.92203,90,0,218,,0,27.42644,26.64792,21.84556
1786332263,26.64225,85.96933,90,0,218,,0,27.39258,26.61406,21.84556
1786332264,26.701,85.91287,90,0,218,,5,27.39258,26.68159,21.87943
1786332264,26.74372,85.88235,90,0,218,,0,27.39258,26.68159,21.84556
1786332265,26.68765,85.72213,90,0,218,,0,27.35871,26.64792,21.84556
1786332266,26.6743,85.88541,90,0,217,,0,27.42644,26.71565,21.84556
1786332266,26.73037,85.83658,90,0,217,,1,27.39258,26.68159,21.8119
1786332267,26.6289,85.70687,90,0,217,,0,27.35871,26.71565,21.8119
1786332268,26.71435,85.84421,90,0,218,,0,27.35871,26.61406,21.9133
1786332268,26.64225,85.72213,90,0,217,,0,27.35871,26.71565,21.87943
1786332269,26.6743,85.68856,90,0,218,,3,27.35871,26.64792,21.77803
1786332270,26.68765,85.69314,90,0,217,,0,27.39258,26.64792,21.84556
1786332270,26.64225,85.69009,90,0,217,,0,27.35871,26.71565,21.77803
1786332271,26.6743,85.6672,90,0,217,,0,27.39258,26.64792,21.84556
1786332272,26.6743,85.68856,90,0,218,,3,27.35871,26.71565,21.8119
1786332272,26.68765,85.69314,90,0,219,,0,27.39258,26.64792,21.8119
1786332273,26.74372,85.64431,90,0,218,,0,27.39258,26.68159,21.84556
1786332274,26.74372,85.78012,90,0,218,,0,27.39258,26.74932,21.74417
1786332274,26.6289,85.78012,90,0,218,,2,27.35871,26.68159,21.77803
1786332275,26.7998,85.70229,90,0,218,,0,27.35871,26.64792,21.8119
1786332276,26.6556,85.65194,90,0,218,,0,27.39258,26.74932,21.84556
1786332276,26.71435,85.68856,90,0,218,,1,27.39258,26.64792,21.8119
1786332277,26.68765,85.69314,90,0,217,,8,27.39258,26.68159,21.8119
1786332278,26.701,85.85031,90,0,218,,0,27.35871,26.68159,21.84556
1786332278,26.73037,85.88998,90,0,218,,0,27.35871,26.64792,21.87943
1786332279,26.78645,85.89609,90,0,218,,7,27.39258,26.68159,21.84556
1786332280,26.74372,86.07919,90,0,217,,9,27.39258,26.74932,21.84556
1786332280,26.75708,85.99985,90,0,218,,0,27.39258,26.71565,21.8119
1786332281,26.77043,86.03647,90,0,217,,0,27.46011,26.61406,21.77803
1786332282,26.68765,86.21042,90,0,218,,1,27.35871,26.68159,21.8119
1786332283,26.77043,86.16006,90,0,218,,0,27.39258,26.68159,21.77803
1786332283,26.74372,86.27604,90,0,218,,0,27.35871,26.71565,21.87943
1786332284,26.74372,86.43015,90,0,218,,0,27.39258,26.64792,21.8119
1786332285,26.78645,86.52628,90,0,218,,0,27.39258,26.61406,21.8119
1786332285,26.61288,86.38438,90,0,217,,0,27.39258,26.64792,21.8119
1786332286,26.71435,86.50492,90,0,218,,0,27.35871,26.78319,21.84556
1786332287,26.75708,86.61021,90,0,218,,0,27.42644,26.64792,21.8119
1786332287,26.7998,86.63309,90,0,218,,11,27.42644,26.58019,21.8119
1786332288,26.701,86.70634,90,0,217,,0,27.35871,26.68159,21.84556
1786332289,26.71435,86.58732,90,0,218,,0,27.39258,26.68159,21.77803
1786332289,26.74372,86.67887,90,0,218,,5,27.39258,26.71565,21.8119
1786332290,26.73037,86.6865,90,0,218,,2,27.39258,26.64792,21.84556
1786332291,26.68765,86.60105,90,0,218,,0,27.35871,26.74932,21.8119
1786332291,26.64225,86.45457,90,0,218,,0,27.35871,26.64792,21.87943
1786332292,26.73037,86.45762,90,0,218,,6,27.35871,26.74932,21.77803
1786332293,26.75708,86.41337,90,0,218,,0,27.32484,26.81705,21.87943
1786332293,26.68765,86.28977,90,0,218,,0,27.39258,26.68159,21.74417
1786332294,26.6556,86.35691,90,0,218,,0,27.39258,26.71565,21.84556
1786332295,26.77043,86.5629,90,0,218,,0,27.42644,26.68159,21.94696
1786332295,26.6743,86.36149,90,0,217,,0,27.39258,26.64792,21.8119
1786332296,26.6743,86.30808,90,0,217,,0,27.42644,26.64792,21.9133
1786332297,26.74372,86.421,90,0,218,,2,27.35871,26.74932,21.87943
1786332297,26.71435,86.40269,90,0,217,,0,27.39258,26.68159,21.77803
1786332298,26.73037,86.48966,90,0,217,,0,27.35871,26.71565,21.84556
1786332299,26.78645,86.41337,90,0,217,,5,27.42644,26.71565,21.8119
1786332299,26.78645,86.45304,90,0,218,,0,27.35871,26.71565,21.77803
1786332300,26.68765,86.40421,90,0,218,,0,27.46011,26.71565,21.8119
1786332301,26.64225,86.39353,90,0,217,,2,27.35871,26.64792,21.87943
1786332301,26.71435,86.44389,90,0,217,,0,27.39258,26.68159,21.74417
1786332302,26.71435,86.46372,90,0,218,,0,27.35871,26.71565,21.77803
1786332303,26.73037,86.35691,90,0,218,,0,27.42644,26.74932,21.8119
1786332304,26.75708,86.38438,90,0,218,,5,27.35871,26.68159,21.8119
1786332304,26.64225,86.33097,90,0,218,,0,27.39258,26.81705,21.8119
1786332305,26.6556,86.3035,90,0,218,,0,27.39258,26.68159,21.87943
1786332306,26.6289,86.40879,90,0,217,,2,27.35871,26.71565,21.8119
1786332306,26.64225,86.32029,90,0,217,,0,27.39258,26.71565,21.77803
1786332307,26.71435,86.2562,90,0,218,,0,27.32484,26.74932,21.77803
1786332308,26.6743,86.30808,90,0,218,,0,27.39258,26.64792,21.84556
1786332308,26.6556,86.25163,90,0,218,,0,27.39258,26.74932,21.8119
1786332309,26.73037,86.37675,90,0,217,,0,27.39258,26.61406,21.8119
1786332310,26.6289,86.28519,90,0,217,,0,27.35871,26.71565,21.8119
1786332310,26.71435,86.38132,90,0,218,,7,27.35871,26.78319,21.8119
1786332311,26.71435,86.42252,90,0,218,,0,27.39258,26.68159,21.84556
1786332312,26.701,86.20279,90,0,218,,0,27.35871,26.74932,21.8119
1786332312,26.6556,86.27146,90,0,218,,0,27.39258,26.68159,21.77803
1786332313,26.73037,86.28367,90,0,218,,0,27.42644,26.61406,21.8119
1786332314,26.7998,86.39506,90,0,218,,0,27.42644,26.71565,21.9133
1786332314,26.73037,86.27146,90,0,218,,0,27.35871,26.71565,21.77803
1786332315,26.71435,86.38132,90,0,218,,5,27.29098,26.64792,21.8119
1786332316,26.74372,86.48203,90,0,218,,0,27.39258,26.74932,21.8119
1786332316,26.77043,86.36759,90,0,218,,0,27.35871,26.68159,21.84556
1786332317,26.701,86.48203,90,0,218,,9,27.39258,26.71565,21.77803
1786332318,26.6556,86.63309,90,0,218,,0,27.35871,26.74932,21.87943
1786332318,26.68765,86.53086,90,0,218,,0,27.39258,26.68159,21.8119
1786332319,26.74372,86.67887,90,0,218,,0,27.39258,26.68159,21.8119
1786332320,26.6743,86.66056,90,0,218,,9,27.39258,26.68159,21.8119
1786332320,26.74372,86.72923,90,0,218,,0,27.39258,26.68159,21.84556
1786332321,26.71435,86.80553,90,0,218,,0,27.35871,26.68159,21.84556
1786332322,26.701,86.77959,90,0,218,,1,27.39258,26.74932,21.77803
1786332323,26.71435,86.75212,90,0,218,,0,27.32484,26.74932,21.77803
1786332323,26.64225,86.7338,90,0,218,,0,27.39258,26.71565,21.84556
1786332324,26.64225,86.77501,90,0,218,,0,27.42644,26.68159,21.84556
1786332325,26.73037,86.8101,90,0,218,,1,27.39258,26.68159,21.9133
1786332325,26.74372,86.75059,90,0,218,,0,27.39258,26.74932,21.74417
1786332326,26.71435,86.71091,90,0,218,,0,27.35871,26.68159,21.84556
1786332327,26.74372,86.58579,90,0,218,,2,27.39258,26.71565,21.87943
1786332327,26.71435,86.56748,90,0,218,,3,27.35871,26.61406,21.77803
1786332328,26.701,86.52323,90,0,217,,0,27.35871,26.68159,21.87943
1786332329,26.6289,86.44999,90,0,218,,0,27.39258,26.68159,21.8119
1786332329,26.74372,86.2562,90,0,218,,3,27.39258,26.68159,21.84556
1786332330,26.61288,86.32182,90,0,218,,0,27.35871,26.68159,21.74417
1786332331,26.71435,86.30808,90,0,218,,0,27.42644,26.58019,21.77803
1786332331,26.73037,86.29282,90,0,218,,0,27.42644,26.71565,21.74417
1786332332,26.73037,86.25163,90,0,218,,1,27.42644,26.74932,21.74417
1786332333,26.6556,86.20126,90,0,218,,0,27.39258,26.64792,21.9133
1786332333,26.6556,86.1799,90,0,218,,0,27.39258,26.68159,21.87943
1786332334,26.64225,86.10208,90,0,218,,2,27.39258,26.71565,21.8119
1786332335,26.6743,86.0914,90,0,218,,0,27.39258,26.68159,21.8119
1786332335,26.6289,86.26536,90,0,217,,0,27.35871,26.68159,21.77803
1786332336,26.71435,86.20584,90,0,218,,0,27.42644,26.68159,21.77803
1786332337,26.75708,86.11429,90,0,218,,6,27.35871,26.68159,21.77803
1786332337,26.81315,86.15091,90,0,217,,0,27.42644,26.78319,21.87943
1786332338,26.7998,86.01358,90,0,217,,0,27.35871,26.78319,21.84556
1786332339,26.71435,86.02884,90,0,218,,3,27.39258,26.68159,21.84556
1786332339,26.701,86.21194,90,0,218,,0,27.32484,26.64792,21.8119
1786332340,26.68765,86.11581,90,0,217,,0,27.42644,26.64792,21.8119
1786332341,26.6556,86.16006,90,0,218,,5,27.39258,26.78319,21.8119
1786332342,26.58618,86.23026,90,0,217,,3,27.32484,26.78319,21.84556
1786332342,26.6556,86.10666,90,0,218,,0,27.32484,26.64792,21.77803
1786332343,26.73037,86.10666,90,0,218,,0,27.35871,26.81705,21.87943
1786332344,26.68765,86.10513,90,0,218,,0,27.35871,26.68159,21.77803
1786332344,26.73037,86.11581,90,0,218,,0,27.39258,26.71565,21.8119
1786332345,26.6556,86.12802,90,0,218,,0,27.39258,26.64792,21.84556
1786332346,26.68765,86.14633,90,0,218,,6,27.32484,26.68159,21.77803
1786332346,26.75708,86.11429,90,0,218,,0,27.42644,26.61406,21.84556
1786332347,26.75708,86.08377,90,0,218,,0,27.35871,26.74932,21.74417
1786332348,26.6743,86.18448,90,0,218,,9,27.39258,26.81705,21.84556
1786332348,26.701,86.07919,90,0,218,,0,27.42644,26.68159,21.8119
1786332349,26.73037,85.99222,90,0,218,,0,27.39258,26.68159,21.84556
1786332350,26.68765,86.23026,90,0,218,,7,27.39258,26.68159,21.84556
1786332350,26.71435,86.19669,90,0,218,,1,27.35871,26.71565,21.84556
1786332351,26.6743,86.15244,90,0,217,,0,27.32484,26.68159,21.77803
1786332352,26.61288,86.12497,90,0,217,,3,27.42644,26.71565,21.87943
1786332352,26.81315,86.24399,90,0,218,,1,27.39258,26.64792,21.84556
1786332353,26.6556,86.18906,90,0,218,,0,27.39258,26.68159,21.77803
1786332354,26.74372,86.18295,90,0,218,,0,27.35871,26.71565,21.8119
1786332354,26.75708,86.24857,90,0,218,,4,27.39258,26.78319,21.8119
1786332355,26.78645,86.16464,90,0,218,,0,27.35871,26.68159,21.8119
1786332356,26.6743,86.2974,90,0,217,,0,27.39258,26.68159,21.9133
1786332356,26.73037,86.31266,90,0,217,,3,27.39258,26.68159,21.84556
1786332357,26.71435,86.28825,90,0,217,,0,27.35871,26.74932,21.77803
1786332358,26.77043,86.3035,90,0,218,,0,27.35871,26.74932,21.77803
1786332358,26.71435,86.30808,90,0,217,,1,27.39258,26.64792,21.8119
1786332359,26.71435,86.38132,90,0,218,,0,27.35871,26.68159,21.8119
1786332360,26.74372,86.2974,90,0,218,,0,27.39258,26.68159,21.84556
1786332361,26.75708,86.38438,90,0,218,,1,27.39258,26.71565,21.8119
1786332361,26.6743,86.45304,90,0,218,,0,27.39258,26.68159,21.8119
1786332362,26.6556,86.27146,90,0,218,,0,27.39258,26.71565,21.74417
1786332363,26.6743,86.27604,90,0,218,,0,27.39258,26.74932,21.77803
1786332363,26.73037,86.29282,90,0,218,,0,27.39258,26.71565,21.77803
1786332364,26.81315,86.26536,90,0,218,,0,27.35871,26.78319,21.77803
1786332365,26.701,86.17075,90,0,218,,0,27.42644,26.74932,21.77803
1786332365,26.6556,86.07462,90,0,218,,6,27.35871,26.68159,21.74417
1786332366,26.71435,86.32029,90,0,218,,0,27.39258,26.64792,21.84556
1786332367,26.74372,86.16159,90,0,218,,0,27.35871,26.68159,21.8119
1786332367,26.701,86.1387,90,0,218,,2,27.39258,26.74932,21.8119
1786332368,26.6743,86.0502,90,0,217,,0,27.35871,26.61406,21.8119
1786332369,26.73037,86.16006,90,0,218,,0,27.35871,26.74932,21.8119
1786332369,26.64225,86.02274,90,0,218,,4,27.39258,26.68159,21.74417
1786332370,26.61288,86.09598,90,0,218,,0,27.35871,26.64792,21.84556
1786332371,26.68765,86.04257,90,0,218,,0,27.35871,26.64792,21.8119
1786332371,26.73037,86.27146,90,0,218,,0,27.35871,26.71565,21.77803
1786332372,26.6743,86.22568,90,0,218,,5,27.39258,26.68159,21.8119
1786332373,26.77043,86.23331,90,0,218,,0,27.35871,26.71565,21.8119
1786332373,26.6743,86.2974,90,0,218,,0,27.35871,26.74932,21.84556
1786332374,26.6289,86.24399,90,0,218,,2,27.35871,26.68159,21.74417
1786332375,26.68765,86.28062,90,0,218,,0,27.39258,26.64792,21.84556
1786332375,26.74372,86.31724,90,0,218,,0,27.35871,26.68159,21.8119
1786332376,26.6556,86.43626,90,0,218,,4,27.35871,26.71565,21.84556
1786332377,26.61288,86.29282,90,0,217,,2,27.42644,26.74932,21.87943
1786332377,26.75708,86.50797,90,0,218,,0,27.39258,26.64792,21.84556
1786332378,26.6743,86.47288,90,0,218,,0,27.35871,26.64792,21.8119
1786332379,26.71435,86.61936,90,0,218,,7,27.35871,26.71565,21.87943
1786332380,26.701,86.5034,90,0,217,,0,27.32484,26.61406,21.87943
1786332380,26.74372,86.4622,90,0,217,,0,27.35871,26.71565,21.77803
1786332381,26.64225,86.56748,90,0,218,,9,27.35871,26.68159,21.84556
1786332382,26.73037,86.52171,90,0,218,,0,27.39258,26.68159,21.8119
1786332382,26.6556,86.41642,90,0,219,,0,27.39258,26.68159,21.77803
1786332383,26.78645,86.60868,90,0,218,,0,27.35871,26.61406,21.8119
1786332384,26.6743,86.44083,90,0,218,,0,27.39258,26.68159,21.87943
1786332384,26.74372,86.4622,90,0,218,,0,27.35871,26.68159,21.74417
1786332385,26.74372,86.47288,90,0,218,,0,27.39258,26.68159,21.77803
1786332386,26.701,86.31571,90,0,218,,12,27.35871,26.61406,21.84556
1786332386,26.6556,86.33555,90,0,218,,0,27.39258,26.68159,21.84556
1786332387,26.75708,86.42558,90,0,217,,0,27.39258,26.61406,21.8119
1786332388,26.73037,86.36607,90,0,217,,9,27.39258,26.64792,21.87943
1786332388,26.74372,86.2974,90,0,217,,0,27.35871,26.64792,21.84556
1786332389,26.68765,86.32182,90,0,217,,0,27.35871,26.68159,21.84556
1786332390,26.68765,86.23026,90,0,217,,5,27.39258,26.74932,21.8119
1786332390,26.6743,86.26688,90,0,217,,6,27.35871,26.81705,21.8119
1786332391,26.701,86.24246,90,0,218,,0,27.32484,26.68159,21.87943
1786332392,26.71435,86.32029,90,0,217,,0,27.39258,26.64792,21.87943
1786332392,26.59953,86.20584,90,0,218,,0,27.39258,26.68159,21.8119
1786332393,26.74372,86.0914,90,0,218,,0,27.39258,26.68159,21.74417
1786332394,26.57282,86.11429,90,0,218,,0,27.39258,26.74932,21.8119
1786332394,26.68765,86.16617,90,0,218,,2,27.39258,26.68159,21.87943
1786332395,26.73037,86.0563,90,0,218,,0,27.42644,26.74932,21.8119
1786332396,26.701,86.07919,90,0,218,,0,27.35871,26.74932,21.84556
1786332396,26.6743,85.92355,90,0,218,,0,27.39258,26.71565,21.84556
1786332397,26.64225,85.85489,90,0,217,,13,27.35871,26.64792,21.84556
1786332398,26.58618,85.87167,90,0,218,,0,27.35871,26.64792,21.8119
1786332399,26.77043,85.92203,90,0,218,,0,27.39258,26.68159,21.8119
1786332399,26.6743,85.79996,90,0,218,,2,27.35871,26.71565,21.8119
1786332400,26.701,85.70687,90,0,218,,1,27.39258,26.68159,21.8119
1786332401,26.74372,85.69772,90,0,217,,0,27.35871,26.71565,21.8119
1786332401,26.6556,85.74502,90,0,217,,0,27.35871,26.68159,21.84556
1786332402,26.61288,85.68093,90,0,218,,9,27.35871,26.68159,21.87943
1786332403,26.68765,85.58938,90,0,218,,0,27.39258,26.71565,21.8119
1786332403,26.68765,85.5787,90,0,218,,0,27.39258,26.64792,21.84556
1786332404,26.61288,85.52834,90,0,218,,0,27.35871,26.71565,21.8119
1786332405,26.6743,85.60616,90,0,218,,2,27.42644,26.74932,21.8119
1786332405,26.74372,85.7496,90,0,218,,0,27.42644,26.64792,21.77803
1786332406,26.6743,85.52377,90,0,217,,0,27.35871,26.64792,21.8119
1786332407,26.68765,85.51614,90,0,217,,11,27.39258,26.68159,21.84556
1786332407,26.61288,85.35134,90,0,217,,10,27.42644,26.81705,21.77803
1786332408,26.71435,85.43221,90,0,218,,0,27.42644,26.68159,21.77803
1786332409,26.73037,85.42458,90,0,217,,0,27.46011,26.61406,21.8119
1786332409,26.68765,85.4017,90,0,218,,8,27.35871,26.64792,21.8119
1786332410,26.64225,85.37881,90,0,217,,0,27.35871,26.71565,21.8119
1786332411,26.71435,85.45205,90,0,217,,0,27.39258,26.74932,21.8119
1786332411,26.75708,85.39101,90,0,218,,0,27.35871,26.68159,21.84556
1786332412,26.73037,85.34066,90,0,218,,0,27.35871,26.71565,21.84556
1786332413,26.71435,85.40017,90,0,219,,0,27.35871,26.68159,21.8119
1786332413,26.75708,85.29946,90,0,218,,0,27.35871,26.71565,21.87943
1786332414,26.75708,85.29946,90,0,218,,0,27.39258,26.61406,21.8119
1786332415,26.68765,85.4139,90,0,218,,3,27.32484,26.64792,21.74417
1786332415,26.6556,85.25979,90,0,218,,0,27.42644,26.68159,21.77803
1786332416,26.6289,85.24147,90,0,217,,0,27.46011,26.64792,21.8119
1786332417,26.71435,85.48257,90,0,218,,6,27.35871,26.61406,21.9133
1786332418,26.701,85.39559,90,0,217,,6,27.39258,26.68159,21.8119
1786332418,26.75708,85.42306,90,0,217,,0,27.39258,26.74932,21.8119
1786332419,26.68765,85.3605,90,0,217,,0,27.39258,26.74932,21.77803
1786332420,26.68765,85.29031,90,0,217,,2,27.39258,26.68159,21.84556
1786332420,26.701,85.32235,90,0,217,,1,27.39258,26.71565,21.87943
1786332421,26.61288,85.3193,90,0,218,,0,27.39258,26.68159,21.8119
1786332422,26.58618,85.49783,90,0,217,,0,27.39258,26.71565,21.84556
1786332422,26.77043,85.46883,90,0,218,,0,27.35871,26.71565,21.84556
1786332423,26.75708,85.47494,90,0,218,,0,27.42644,26.71565,21.9133
1786332424,26.701,85.40627,90,0,218,,0,27.39258,26.71565,21.9133
1786332424,26.78645,85.48257,90,0,218,,0,27.39258,26.64792,21.77803
1786332425,26.77043,85.52834,90,0,218,,3,27.42644,26.64792,21.84556
1786332426,26.68765,85.43374,90,0,218,,0,27.39258,26.71565,21.84556
1786332426,26.68765,85.44595,90,0,218,,0,27.32484,26.74932,21.84556
1786332427,26.59953,85.38796,90,0,217,,2,27.39258,26.71565,21.8119
1786332428,26.701,85.46578,90,0,218,,4,27.39258,26.71565,21.8119
1786332428,26.68765,85.50546,90,0,218,,0,27.42644,26.71565,21.8119
1786332429,26.71435,85.53445,90,0,218,,0,27.39258,26.71565,21.8119
1786332430,26.701,85.49783,90,0,217,,0,27.39258,26.68159,21.87943
1786332430,26.701,85.51919,90,0,218,,0,27.35871,26.74932,21.77803
1786332431,26.68765,85.43374,90,0,218,,0,27.35871,26.61406,21.8119
1786332432,26.73037,85.71297,90,0,218,,0,27.35871,26.68159,21.84556
1786332433,26.75708,85.51461,90,0,218,,0,27.42644,26.71565,21.8119
1786332433,26.64225,85.54665,90,0,218,,0,27.35871,26.74932,21.77803
1786332434,26.6743,85.42916,90,0,218,,0,27.39258,26.64792,21.8119
1786332434,26.6289,85.58327,90,0,218,,3,27.39258,26.74932,21.8119
1786332435,26.64225,85.54665,90,0,218,,3,27.42644,26.71565,21.8119
1786332436,26.6556,85.38338,90,0,218,,0,27.35871,26.71565,21.84556
1786332437,26.68765,85.4551,90,0,218,,0,27.42644,26.64792,21.8119
1786332437,26.71435,85.49172,90,0,217,,5,27.39258,26.68159,21.8119
1786332438,26.73037,85.48714,90,0,217,,0,27.32484,26.68159,21.94696
1786332439,26.77043,85.52834,90,0,217,,0,27.39258,26.68159,21.84556
1786332439,26.71435,85.5848,90,0,217,,0,27.35871,26.68159,21.84556
1786332440,26.74372,85.45968,90,0,218,,5,27.39258,26.64792,21.74417
1786332441,26.78645,85.5024,90,0,218,,0,27.39258,26.71565,21.8119
1786332441,26.701,85.51919,90,0,218,,0,27.35871,26.64792,21.8119
1786332442,26.64225,85.4017,90,0,218,,1,27.35871,26.74932,21.8119
1786332443,26.6743,85.42001,90,0,218,,0,27.39258,26.61406,21.77803
1786332443,26.6743,85.52377,90,0,218,,0,27.35871,26.71565,21.84556
1786332444,26.68765,85.4551,90,0,218,,0,27.39258,26.74932,21.8119
1786332445,26.64225,85.4017,90,0,218,,6,27.39258,26.64792,21.8119
1786332445,26.75708,85.45205,90,0,218,,0,27.35871,26.68159,21.77803
1786332446,26.75708,85.45205,90,0,218,,0,27.35871,26.61406,21.8119
1786332447,26.68765,85.4017,90,0,217,,6,27.35871,26.71565,21.77803
1786332447,26.701,85.43832,90,0,218,,1,27.35871,26.64792,21.84556
1786332448,26.6556,85.53902,90,0,218,,0,27.39258,26.68159,21.84556
1786332449,26.71435,85.48257,90,0,217,,0,27.35871,26.71565,21.84556
1786332449,26.71435,85.49172,90,0,217,,8,27.35871,26.71565,21.84556
1786332450,26.6743,85.47036,90,0,218,,0,27.39258,26.71565,21.77803
1786332451,26.68765,85.68093,90,0,218,,0,27.35871,26.64792,21.8119
1786332451,26.61288,85.74502,90,0,217,,1,27.35871,26.68159,21.8119
1786332452,26.701,85.67483,90,0,218,,7,27.39258,26.68159,21.8119
1786332453,26.701,85.70687,90,0,218,,0,27.42644,26.64792,21.9133
1786332454,26.75708,85.80301,90,0,218,,0,27.39258,26.68159,21.87943
1786332454,26.6556,85.88083,90,0,218,,2,27.39258,26.68159,21.77803
1786332455,26.64225,85.83505,90,0,218,,3,27.35871,26.68159,21.9133
1786332456,26.73037,85.78622,90,0,217,,0,27.35871,26.74932,21.77803
1786332456,26.75708,85.94034,90,0,218,,0,27.39258,26.71565,21.77803
1786332457,26.75708,85.84573,90,0,217,,8,27.32484,26.68159,21.8119
1786332458,26.78645,85.8732,90,0,217,,0,27.32484,26.68159,21.84556
1786332458,26.75708,85.89914,90,0,217,,0,27.35871,26.61406,21.84556
1786332459,26.68765,85.91898,90,0,218,,0,27.39258,26.64792,21.77803
1786332460,26.75708,85.94949,90,0,217,,4,27.39258,26.74932,21.77803
1786332460,26.75708,86.06393,90,0,218,,0,27.35871,26.74932,21.84556
1786332461,26.75708,85.95865,90,0,218,,0,27.35871,26.71565,21.8119
1786332462,26.75708,85.99069,90,0,217,,0,27.42644,26.74932,21.8119
1786332462,26.68765,86.00137,90,0,218,,0,27.42644,26.68159,21.77803
1786332463,26.6743,85.9556,90,0,218,,0,27.39258,26.68159,21.77803
1786332464,26.61288,86.02274,90,0,218,,0,27.35871,26.74932,21.77803
1786332464,26.68765,86.02274,90,0,218,,0,27.39258,26.64792,21.8119
1786332465,26.68765,86.15701,90,0,218,,5,27.46011,26.68159,21.87943
1786332466,26.61288,86.07309,90,0,218,,0,27.46011,26.71565,21.8119
1786332466,26.75708,86.09598,90,0,218,,0,27.39258,26.74932,21.84556
1786332467,26.71435,86.06088,90,0,218,,8,27.35871,26.74932,21.84556
1786332468,26.701,86.17075,90,0,217,,0,27.35871,26.64792,21.84556
1786332468,26.6743,86.1738,90,0,217,,0,27.39258,26.71565,21.84556
1786332469,26.6556,85.98306,90,0,217,,1,27.39258,26.64792,21.84556
1786332470,26.6743,86.07919,90,0,217,,9,27.39258,26.68159,21.87943
1786332470,26.75708,86.12497,90,0,218,,0,27.35871,26.68159,21.84556
1786332471,26.6743,85.94644,90,0,218,,0,27.35871,26.71565,21.8119
1786332472,26.71435,86.009,90,0,218,,1,27.35871,26.71565,21.84556
1786332473,26.74372,85.92661,90,0,219,,0,27.39258,26.68159,21.8119
1786332473,26.75708,85.97849,90,0,218,,0,27.32484,26.74932,21.87943
1786332474,26.61288,85.91898,90,0,218,,0,27.39258,26.64792,21.87943
1786332475,26.75708,85.97849,90,0,218,,3,27.39258,26.64792,21.84556
1786332475,26.68765,85.92813,90,0,217,,0,27.39258,26.68159,21.8119
1786332476,26.6556,86.06546,90,0,218,,0,27.42644,26.68159,21.84556
1786332477,26.71435,86.05173,90,0,218,,0,27.35871,26.74932,21.8119
1786332477,26.5568,85.89151,90,0,218,,1,27.39258,26.71565,21.74417
1786332478,26.77043,86.1387,90,0,217,,0,27.39258,26.64792,21.77803
1786332479,26.74372,86.00595,90,0,218,,0,27.35871,26.68159,21.9133
1786332479,26.73037,86.09598,90,0,217,,3,27.35871,26.68159,21.84556
1786332480,26.74372,85.9968,90,0,218,,0,27.39258,26.71565,21.87943
1786332481,26.701,86.0975,90,0,217,,0,27.42644,26.64792,21.84556
1786332481,26.701,86.07919,90,0,217,,6,27.35871,26.64792,21.84556
1786332482,26.74372,86.0914,90,0,218,,3,27.39258,26.74932,21.84556
1786332483,26.64225,86.07309,90,0,219,,0,27.35871,26.71565,21.74417
1786332483,26.68765,86.14633,90,0,218,,0,27.39258,26.68159,21.84556
1786332484,26.73037,86.10666,90,0,218,,0,27.35871,26.78319,21.84556
1786332485,26.6743,86.21652,90,0,218,,0,27.39258,26.71565,21.77803
1786332485,26.6556,86.1387,90,0,218,,0,27.35871,26.61406,21.84556
1786332486,26.701,85.94186,90,0,217,,0,27.39258,26.68159,21.77803
1786332487,26.78645,86.18448,90,0,217,,1,27.39258,26.74932,21.77803
1786332487,26.58618,85.95407,90,0,217,,0,27.35871,26.68159,21.8119
1786332488,26.78645,86.10208,90,0,217,,0,27.35871,26.68159,21.8119
1786332489,26.73037,85.97238,90,0,218,,1,27.39258,26.68159,21.84556
1786332489,26.6556,86.08682,90,0,218,,4,27.39258,26.74932,21.84556
1786332490,26.73037,85.93271,90,0,217,,0,27.39258,26.74932,21.84556
1786332491,26.64225,85.87625,90,0,218,,0,27.29098,26.68159,21.77803
1786332491,26.78645,85.99985,90,0,218,,7,27.39258,26.68159,21.9133
1786332492,26.6289,85.79996,90,0,218,,0,27.35871,26.71565,21.8119
1786332493,26.71435,85.81216,90,0,218,,0,27.39258,26.78319,21.77803
1786332494,26.71435,85.83505,90,0,218,,1,27.42644,26.71565,21.8119
1786332494,26.74372,86.01816,90,0,218,,5,27.42644,26.68159,21.74417
1786332495,26.701,85.93271,90,0,218,,0,27.39258,26.68159,21.67663
1786332496,26.68765,85.94034,90,0,218,,0,27.39258,26.68159,21.87943
1786332496,26.68765,85.85794,90,0,218,,5,27.32484,26.68159,21.77803
1786332497,26.6556,85.80759,90,0,218,,0,27.39258,26.68159,21.8119
1786332498,26.73037,85.94034,90,0,218,,0,27.39258,26.64792,21.77803
1786332498,26.73037,85.90982,90,0,218,,2,27.35871,26.64792,21.77803
1786332499,26.73037,85.90067,90,0,218,,2,27.39258,26.68159,21.77803
1786332500,26.701,85.81827,90,0,218,,0,27.32484,26.74932,21.77803
1786332500,26.71435,85.92813,90,0,218,,0,27.35871,26.64792,21.74417
1786332501,26.6556,85.70382,90,0,218,,8,27.35871,26.64792,21.8119
1786332502,26.75708,85.7847,90,0,218,,0,27.35871,26.74932,21.87943
1786332502,26.77043,85.75723,90,0,218,,0,27.35871,26.68159,21.8119
1786332503,26.701,85.69466,90,0,218,,0,27.35871,26.71565,21.8119
1786332504,26.71435,85.626,90,0,218,,5,27.39258,26.64792,21.84556
1786332504,26.71435,85.69924,90,0,218,,0,27.39258,26.64792,21.87943
1786332505,26.701,85.60311,90,0,218,,0,27.39258,26.71565,21.8119
1786332506,26.6743,85.59701,90,0,218,,2,27.35871,26.68159,21.8119
1786332506,26.77043,85.52834,90,0,218,,0,27.35871,26.64792,21.84556
1786332507,26.71435,85.5024,90,0,218,,0,27.42644,26.74932,21.87943
1786332508,26.6743,85.5436,90,0,218,,2,27.39258,26.68159,21.8119
1786332508,26.701,85.60311,90,0,218,,9,27.39258,26.68159,21.84556
1786332509,26.6289,85.58327,90,0,218,,0,27.32484,26.64792,21.77803
1786332510,26.6743,85.52377,90,0,217,,0,27.35871,26.68159,21.84556
1786332510,26.6743,85.56496,90,0,218,,3,27.35871,26.71565,21.84556
1786332511,26.75708,85.64889,90,0,218,,0,27.35871,26.71565,21.87943
1786332512,26.68765,85.75418,90,0,218,,0,27.35871,26.68159,21.8119
1786332513,26.71435,85.65804,90,0,218,,0,27.42644,26.81705,21.8119
1786332513,26.6289,85.64431,90,0,218,,10,27.39258,26.68159,21.77803
1786332514,26.75708,85.89914,90,0,218,,0,27.35871,26.74932,21.84556
1786332515,26.6289,85.83047,90,0,218,,0,27.39258,26.71565,21.87943
1786332515,26.6556,85.85947,90,0,217,,5,27.35871,26.68159,21.84556
1786332516,26.75708,86.02274,90,0,217,,0,27.39258,26.68159,21.8119
1786332517,26.701,85.89151,90,0,217,,0,27.42644,26.71565,21.87943
1786332517,26.71435,86.02884,90,0,217,,0,27.39258,26.74932,21.87943
1786332518,26.64225,85.95865,90,0,217,,8,27.35871,26.74932,21.84556
1786332519,26.78645,86.0502,90,0,218,,0,27.39258,26.64792,21.77803
1786332519,26.701,85.98611,90,0,218,,0,27.35871,26.68159,21.77803
1786332520,26.71435,85.95865,90,0,218,,2,27.35871,26.74932,21.8119
1786332521,26.68765,85.94034,90,0,218,,0,27.39258,26.68159,21.77803
1786332521,26.7998,85.94186,90,0,218,,0,27.42644,26.71565,21.84556
1786332522,26.71435,85.9678,90,0,218,,0,27.42644,26.64792,21.84556
1786332523,26.71435,85.97849,90,0,219,,0,27.39258,26.74932,21.87943
1786332523,26.75708,86.09598,90,0,218,,0,27.35871,26.64792,21.84556
1786332524,26.71435,85.7908,90,0,218,,0,27.35871,26.68159,21.84556
1786332525,26.7998,86.02274,90,0,218,,0,27.39258,26.74932,21.84556
1786332525,26.74372,85.9968,90,0,218,,0,27.32484,26.71565,21.77803
1786332526,26.73037,85.98306,90,0,218,,0,27.32484,26.68159,21.8119
1786332527,26.81315,85.92355,90,0,218,,1,27.35871,26.68159,21.84556
1786332527,26.75708,86.03189,90,0,217,,5,27.39258,26.64792,21.84556
1786332528,26.6743,85.9678,90,0,218,,0,27.39258,26.74932,21.87943
1786332529,26.74372,86.00595,90,0,217,,0,27.35871,26.71565,21.84556
1786332529,26.6743,86.0502,90,0,218,,2,27.35871,26.68159,21.8119
1786332530,26.73037,86.00443,90,0,218,,0,27.39258,26.71565,21.87943
1786332531,26.68765,85.90982,90,0,218,,0,27.39258,26.71565,21.87943
1786332532,26.73037,85.95102,90,0,217,,0,27.39258,26.68159,21.8119
1786332532,26.701,85.87167,90,0,218,,0,27.39258,26.64792,21.8119
1786332533,26.701,85.87167,90,0,218,,0,27.39258,26.78319,21.8119
1786332534,26.78645,85.78165,90,0,218,,0,27.35871,26.74932,21.84556
1786332534,26.61288,85.74502,90,0,218,,0,27.35871,26.74932,21.9133
1786332535,26.68765,85.79538,90,0,218,,0,27.42644,26.64792,21.84556
1786332536,26.74372,85.68551,90,0,218,,0,27.46011,26.68159,21.8119
1786332536,26.75708,85.74349,90,0,217,,0,27.39258,26.64792,21.9133
1786332537,26.6289,85.62447,90,0,218,,2,27.42644,26.68159,21.84556
1786332538,26.68765,85.67025,90,0,217,,0,27.42644,26.64792,21.84556
1786332538,26.78645,85.5436,90,0,218,,0,27.39258,26.78319,21.9133
1786332539,26.64225,85.51461,90,0,217,,3,27.35871,26.74932,21.77803
1786332540,26.68765,85.55733,90,0,218,,3,27.42644,26.71565,21.8119
1786332540,26.71435,85.4612,90,0,218,,0,27.42644,26.74932,21.84556
1786332541,26.64225,85.41085,90,0,218,,0,27.35871,26.64792,21.84556
1786332542,26.6743,85.45052,90,0,217,,0,27.35871,26.68159,21.8119
1786332542,26.68765,85.4017,90,0,218,,0,27.35871,26.74932,21.87943
1786332543,26.73037,85.50698,90,0,218,,0,27.39258,26.78319,21.8119
1786332544,26.701,85.40627,90,0,218,,0,27.35871,26.71565,21.84556
1786332544,26.68765,85.5375,90,0,218,,0,27.39258,26.68159,21.8119
1786332545,26.59953,85.626,90,0,218,,0,27.35871,26.68159,21.87943
1786332546,26.75708,85.77554,90,0,217,,0,27.39258,26.68159,21.84556
1786332546,26.78645,85.92661,90,0,218,,0,27.39258,26.68159,21.8119
1786332547,26.71435,86.05173,90,0,217,,2,27.39258,26.68159,21.84556
1786332548,26.71435,86.15549,90,0,217,,0,27.35871,26.74932,21.84556
1786332548,26.81315,86.32639,90,0,217,,0,27.35871,26.64792,21.8119
1786332549,26.6556,86.37675,90,0,218,,3,27.35871,26.71565,21.84556
1786332550,26.78645,86.41337,90,0,218,,0,27.32484,26.71565,21.8119
1786332551,26.74372,86.421,90,0,217,,0,27.35871,26.74932,21.8119
1786332551,26.77043,86.38895,90,0,218,,0,27.39258,26.68159,21.84556
1786332552,26.75708,86.46677,90,0,218,,4,27.35871,26.78319,21.84556
1786332553,26.68765,86.44541,90,0,218,,0,27.35871,26.61406,21.77803
1786332553,26.74372,86.37064,90,0,218,,0,27.39258,26.71565,21.77803
1786332554,26.74372,86.49424,90,0,218,,0,27.39258,26.71565,21.77803
1786332555,26.75708,86.56901,90,0,218,,4,27.39258,26.71565,21.8119
1786332555,26.75708,86.65141,90,0,217,,0,27.42644,26.64792,21.8119
1786332556,26.74372,86.5034,90,0,218,,0,27.35871,26.61406,21.8119
1786332557,26.6556,86.58274,90,0,218,,5,27.39258,26.68159,21.84556
1786332557,26.74372,86.57664,90,0,218,,5,27.39258,26.78319,21.84556
1786332558,26.6556,86.5095,90,0,218,,0,27.42644,26.74932,21.77803
1786332559,26.77043,86.65598,90,0,217,,0,27.35871,26.78319,21.84556
1786332559,26.77043,86.49119,90,0,217,,2,27.39258,26.68159,21.84556
1786332560,26.59953,86.56748,90,0,218,,0,27.35871,26.74932,21.77803
1786332561,26.68765,86.63309,90,0,217,,0,27.39258,26.74932,21.77803
1786332561,26.701,86.53239,90,0,217,,0,27.35871,26.68159,21.9133
1786332562,26.78645,86.58732,90,0,218,,2,27.35871,26.61406,21.84556
1786332563,26.75708,86.55833,90,0,218,,0,27.42644,26.71565,21.77803
1786332563,26.61288,86.5095,90,0,218,,0,27.39258,26.68159,21.84556
1786332564,26.6743,86.66972,90,0,218,,1,27.39258,26.64792,21.84556
1786332565,26.73037,86.5919,90,0,218,,3,27.42644,26.71565,21.8119
1786332565,26.6289,86.37064,90,0,218,,0,27.42644,26.64792,21.84556
1786332566,26.68765,86.53086,90,0,218,,0,27.35871,26.78319,21.8119
1786332567,26.75708,86.26994,90,0,218,,2,27.39258,26.71565,21.84556
1786332567,26.61288,86.36607,90,0,218,,0,27.35871,26.74932,21.8119
1786332568,26.64225,86.28977,90,0,218,,0,27.39258,26.61406,21.8119
1786332569,26.74372,86.30656,90,0,218,,0,27.35871,26.68159,21.87943
1786332570,26.68765,86.21957,90,0,218,,5,27.35871,26.68159,21.74417
1786332570,26.73037,86.29282,90,0,218,,0,27.39258,26.61406,21.77803
1786332571,26.701,86.06851,90,0,218,,0,27.39258,26.64792,21.77803
1786332572,26.73037,86.27146,90,0,218,,4,27.35871,26.58019,21.8119
1786332572,26.73037,86.16006,90,0,218,,0,27.35871,26.68159,21.77803
1786332573,26.68765,86.21957,90,0,218,,0,27.42644,26.74932,21.8119
1786332574,26.68765,86.26994,90,0,218,,0,27.39258,26.61406,21.77803
1786332574,26.6289,86.34776,90,0,218,,6,27.39258,26.68159,21.84556
1786332575,26.71435,86.18448,90,0,218,,0,27.35871,26.71565,21.87943
1786332576,26.75708,86.23941,90,0,217,,0,27.42644,26.68159,21.8119
1786332576,26.6556,86.25163,90,0,218,,9,27.32484,26.74932,21.8119
1786332577,26.71435,86.27909,90,0,218,,0,27.39258,26.68159,21.8119
1786332578,26.59953,86.20584,90,0,217,,0,27.39258,26.78319,21.77803
1786332578,26.73037,86.14786,90,0,218,,2,27.42644,26.71565,21.84556
1786332579,26.5568,86.10971,90,0,218,,7,27.39258,26.64792,21.87943
1786332580,26.77043,86.0563,90,0,218,,0,27.39258,26.71565,21.84556
1786332580,26.6743,86.0502,90,0,217,,0,27.39258,26.71565,21.77803
1786332581,26.73037,86.11581,90,0,217,,3,27.35871,26.71565,21.8119
1786332582,26.58618,86.00595,90,0,218,,0,27.35871,26.71565,21.8119
1786332582,26.6556,86.06546,90,0,219,,0,27.35871,26.78319,21.8119
1786332583,26.73037,86.09598,90,0,218,,1,27.39258,26.68159,21.84556
1786332584,26.77043,86.0975,90,0,218,,4,27.42644,26.71565,21.74417
1786332584,26.7998,86.12497,90,0,218,,0,27.39258,26.74932,21.84556
1786332585,26.68765,86.06393,90,0,218,,0,27.39258,26.61406,21.77803
1786332586,26.6556,86.02426,90,0,217,,8,27.39258,26.68159,21.84556
1786332587,26.73037,86.10666,90,0,217,,0,27.35871,26.61406,21.8119
1786332587,26.73037,86.2211,90,0,218,,0,27.35871,26.74932,21.7105
1786332588,26.71435,86.01968,90,0,218,,6,27.39258,26.64792,21.77803
1786332589,26.68765,86.12497,90,0,218,,7,27.39258,26.68159,21.87943
1786332589,26.6289,86.15091,90,0,218,,0,27.35871,26.64792,21.77803
1786332590,26.71435,86.10208,90,0,218,,0,27.42644,26.64792,21.8119
1786332591,26.6556,86.2211,90,0,218,,3,27.46011,26.68159,21.77803
1786332591,26.73037,86.20126,90,0,218,,0,27.42644,26.64792,21.84556
1786332592,26.77043,86.1799,90,0,218,,0,27.32484,26.78319,21.77803
1786332593,26.57282,86.01053,90,0,218,,0,27.39258,26.71565,21.87943
1786332593,26.74372,86.20279,90,0,218,,5,27.39258,26.74932,21.8119
1786332594,26.71435,86.16464,90,0,218,,0,27.32484,26.78319,21.84556
1786332595,26.68765,86.21042,90,0,218,,0,27.35871,26.68159,21.84556
1786332595,26.74372,86.10971,90,0,218,,3,27.39258,26.68159,21.9133
1786332596,26.701,86.1387,90,0,218,,6,27.35871,26.68159,21.74417
1786332597,26.71435,86.14328,90,0,218,,0,27.35871,26.64792,21.8119
1786332597,26.701,86.11887,90,0,217,,0,27.35871,26.71565,21.84556
1786332598,26.77043,86.16922,90,0,218,,5,27.35871,26.71565,21.87943
1786332599,26.68765,86.05478,90,0,218,,0,27.42644,26.68159,21.84556
1786332599,26.68765,86.16617,90,0,218,,0,27.32484,26.74932,21.8119
1786332600,26.68765,86.21042,90,0,217,,0,27.35871,26.61406,21.8119
1786332601,26.6743,86.2562,90,0,218,,0,27.35871,26.71565,21.84556
1786332601,26.68765,86.13718,90,0,218,,0,27.39258,26.68159,21.84556
1786332602,26.75708,86.17532,90,0,218,,0,27.35871,26.71565,21.87943
1786332603,26.64225,86.16617,90,0,218,,0,27.35871,26.64792,21.8119
1786332603,26.78645,86.30808,90,0,218,,1,27.39258,26.64792,21.87943
1786332604,26.74372,86.30656,90,0,218,,0,27.35871,26.71565,21.87943
1786332605,26.68765,86.24857,90,0,218,,0,27.35871,26.71565,21.8119
1786332606,26.71435,86.22568,90,0,218,,3,27.42644,26.68159,21.8119
1786332606,26.73037,86.33402,90,0,218,,0,27.39258,26.71565,21.84556
1786332607,26.73037,86.29282,90,0,218,,0,27.39258,26.68159,21.87943
1786332608,26.74372,86.34928,90,0,217,,0,27.42644,26.64792,21.8119
1786332608,26.68765,86.26994,90,0,218,,10,27.35871,26.68159,21.9133
1786332609,26.6743,86.30808,90,0,217,,0,27.35871,26.68159,21.84556
1786332610,26.71435,86.22568,90,0,218,,0,27.35871,26.74932,21.84556
1786332610,26.77043,86.28367,90,0,217,,3,27.39258,26.64792,21.87943
1786332611,26.77043,86.36759,90,0,217,,10,27.39258,26.64792,21.8119
1786332612,26.74372,86.20279,90,0,218,,0,27.39258,26.68159,21.84556
1786332612,26.6743,86.14328,90,0,218,,0,27.35871,26.68159,21.84556
1786332613,26.71435,86.22568,90,0,218,,1,27.42644,26.71565,21.84556
1786332614,26.6556,86.21194,90,0,218,,0,27.35871,26.68159,21.8119
1786332614,26.64225,86.25773,90,0,218,,0,27.35871,26.64792,21.74417
1786332615,26.701,86.24246,90,0,218,,0,27.39258,26.68159,21.84556
1786332616,26.68765,86.31266,90,0,218,,3,27.35871,26.74932,21.84556
1786332616,26.75708,86.28977,90,0,218,,0,27.39258,26.64792,21.8119
1786332617,26.64225,86.20737,90,0,218,,0,27.35871,26.71565,21.8119
1786332618,26.75708,86.36301,90,0,218,,6,27.35871,26.68159,21.77803
1786332618,26.68765,86.31266,90,0,218,,0,27.39258,26.68159,21.8119
1786332619,26.6743,86.1326,90,0,218,,0,27.32484,26.74932,21.77803
1786332620,26.75708,86.19821,90,0,218,,2,27.35871,26.68159,21.84556
1786332620,26.6743,86.21652,90,0,218,,0,27.42644,26.71565,21.8119
1786332621,26.71435,86.32944,90,0,218,,0,27.35871,26.64792,21.77803
1786332622,26.75708,86.50797,90,0,218,,2,27.35871,26.71565,21.87943
1786332623,26.701,86.55375,90,0,219,,0,27.35871,26.68159,21.84556
1786332623,26.73037,86.6865,90,0,218,,0,27.35871,26.71565,21.9133
1786332624,26.75708,86.72312,90,0,218,,0,27.39258,26.68159,21.9133
1786332625,26.71435,86.81621,90,0,218,,1,27.39258,26.68159,21.8119
1786332625,26.68765,87.02525,90,0,218,,0,27.42644,26.78319,21.77803
1786332626,26.81315,86.95811,90,0,217,,0,27.39258,26.64792,21.8119
1786332627,26.64225,86.9398,90,0,218,,4,27.35871,26.64792,21.84556
1786332627,26.68765,86.92149,90,0,218,,6,27.39258,26.71565,21.84556
1786332628,26.6289,86.96727,90,0,217,,0,27.39258,26.71565,21.8119
1786332629,26.701,86.96727,90,0,217,,0,27.35871,26.64792,21.84556
1786332629,26.71435,87.01305,90,0,217,,2,27.39258,26.68159,21.84556
1786332630,26.78645,86.92912,90,0,218,,0,27.32484,26.68159,21.8119
1786332631,26.6556,86.91234,90,0,217,,0,27.39258,26.71565,21.84556
1786332631,26.73037,86.82079,90,0,217,,0,27.39258,26.68159,21.8119
1786332632,26.6743,86.89708,90,0,217,,10,27.39258,26.68159,21.84556
1786332633,26.73037,86.88029,90,0,218,,0,27.35871,26.61406,21.9133
1786332633,26.64225,86.79637,90,0,218,,0,27.32484,26.68159,21.87943
1786332634,26.73037,86.5919,90,0,218,,0,27.39258,26.58019,21.9133
1786332635,26.71435,86.47593,90,0,218,,1,27.39258,26.68159,21.84556
1786332635,26.68765,86.44541,90,0,218,,0,27.35871,26.68159,21.87943
1786332636,26.71435,86.47593,90,0,218,,0,27.39258,26.68159,21.84556
1786332637,26.68765,86.3859,90,0,218,,6,27.39258,26.74932,21.84556
1786332637,26.701,86.28367,90,0,218,,0,27.39258,26.74932,21.84556
1786332638,26.57282,86.26994,90,0,218,,0,27.42644,26.64792,21.84556
1786332639,26.6556,86.10666,90,0,218,,0,27.42644,26.64792,21.84556
1786332639,26.6556,86.11581,90,0,218,,7,27.32484,26.71565,21.77803
1786332640,26.6743,86.02884,90,0,217,,0,27.39258,26.68159,21.87943
1786332641,26.701,85.95407,90,0,218,,0,27.39258,26.64792,21.8119
1786332641,26.6556,85.97238,90,0,218,,6,27.32484,26.71565,21.7105
1786332642,26.73037,85.93271,90,0,218,,1,27.42644,26.71565,21.8119
1786332643,26.57282,85.68093,90,0,218,,0,27.39258,26.64792,21.84556
1786332644,26.68765,85.8671,90,0,218,,0,27.32484,26.71565,21.87943
1786332644,26.68765,85.71297,90,0,218,,2,27.42644,26.74932,21.84556
1786332645,26.64225,85.65804,90,0,218,,0,27.35871,26.71565,21.87943
1786332646,26.6556,85.66262,90,0,218,,0,27.39258,26.74932,21.77803
1786332646,26.78645,85.67635,90,0,218,,0,27.39258,26.64792,21.84556
1786332647,26.6556,85.74502,90,0,218,,5,27.32484,26.68159,21.84556
1786332648,26.59953,85.67941,90,0,217,,0,27.35871,26.64792,21.84556
1786332648,26.73037,85.90982,90,0,218,,0,27.35871,26.64792,21.84556
1786332649,26.73037,85.79538,90,0,218,,3,27.35871,26.68159,21.84556
1786332650,26.73037,85.77707,90,0,218,,5,27.39258,26.74932,21.77803
1786332650,26.6743,85.90524,90,0,218,,0,27.35871,26.74932,21.8119
1786332651,26.71435,86.06088,90,0,218,,0,27.35871,26.64792,21.8119
1786332652,26.701,86.11887,90,0,217,,1,27.39258,26.74932,21.77803
1786332652,26.75708,86.03189,90,0,218,,0,27.35871,26.71565,21.87943
1786332653,26.75708,86.21957,90,0,218,,0,27.32484,26.68159,21.8119
1786332654,26.71435,86.30808,90,0,218,,0,27.32484,26.78319,21.87943
1786332654,26.64225,86.17532,90,0,218,,4,27.39258,26.74932,21.77803
1786332655,26.6743,86.2562,90,0,218,,0,27.39258,26.68159,21.8119
1786332656,26.74372,86.34928,90,0,217,,0,27.35871,26.71565,21.8119
1786332656,26.701,86.29435,90,0,218,,2,27.39258,26.68159,21.84556
1786332657,26.701,86.31571,90,0,218,,5,27.42644,26.71565,21.8119
1786332658,26.73037,86.26078,90,0,217,,0,27.35871,26.74932,21.77803
1786332658,26.74372,86.30656,90,0,217,,0,27.42644,26.71565,21.8119
1786332659,26.71435,86.32029,90,0,217,,3,27.39258,26.64792,21.77803
1786332660,26.6743,86.31724,90,0,218,,0,27.35871,26.74932,21.8119
1786332660,26.73037,86.39811,90,0,217,,0,27.35871,26.64792,21.87943
1786332661,26.71435,86.40269,90,0,217,,0,27.39258,26.78319,21.8119
1786332662,26.6556,86.32487,90,0,217,,2,27.39258,26.71565,21.9133
1786332663,26.6556,86.36607,90,0,217,,0,27.35871,26.61406,21.84556
1786332663,26.73037,86.45762,90,0,217,,0,27.39258,26.68159,21.8119
1786332664,26.71435,86.39353,90,0,217,,0,27.39258,26.68159,21.87943
1786332665,26.7998,86.54154,90,0,218,,3,27.35871,26.74932,21.77803
1786332665,26.73037,86.3859,90,0,217,,0,27.39258,26.74932,21.87943
1786332666,26.701,86.58274,90,0,217,,0,27.39258,26.71565,21.84556
1786332667,26.68765,86.66361,90,0,217,,2,27.39258,26.68159,21.87943
1786332667,26.71435,86.71091,90,0,218,,0,27.39258,26.71565,21.77803
1786332668,26.701,86.80247,90,0,217,,0,27.35871,26.68159,21.77803
1786332669,26.75708,86.87877,90,0,218,,0,27.35871,26.68159,21.84556
1786332669,26.75708,87.0161,90,0,218,,6,27.39258,26.68159,21.8119
1786332670,26.68765,86.88029,90,0,218,,0,27.42644,26.71565,21.87943
1786332671,26.71435,87.04356,90,0,218,,0,27.39258,26.64792,21.77803
1786332671,26.71435,87.07561,90,0,218,,0,27.35871,26.64792,21.84556
1786332672,26.71435,87.05272,90,0,218,,5,27.42644,26.68159,21.84556
1786332673,26.74372,87.10307,90,0,219,,0,27.39258,26.74932,21.84556
1786332673,26.74372,86.99931,90,0,218,,0,27.42644,26.78319,21.77803
1786332674,26.73037,87.17174,90,0,218,,0,27.35871,26.71565,21.87943
1786332675,26.701,87.27703,90,0,218,,0,27.35871,26.68159,21.9133
1786332675,26.74372,87.27856,90,0,217,,0,27.42644,26.64792,21.84556
1786332676,26.75708,87.27245,90,0,217,,0,27.35871,26.71565,21.87943
1786332677,26.75708,87.42809,90,0,217,,4,27.35871,26.68159,21.87943
1786332677,26.68765,87.32433,90,0,217,,7,27.35871,26.64792,21.87943
1786332678,26.59953,87.3518,90,0,217,,0,27.35871,26.64792,21.77803
1786332679,26.74372,87.35027,90,0,217,,0,27.35871,26.68159,21.77803
1786332679,26.6556,87.45098,90,0,217,,7,27.39258,26.71565,21.84556
1786332680,26.71435,87.43725,90,0,217,,0,27.39258,26.68159,21.84556
1786332681,26.701,87.32738,90,0,217,,0,27.35871,26.71565,21.8119
1786332682,26.71435,87.37316,90,0,218,,0,27.35871,26.71565,21.77803
1786332682,26.6289,87.39147,90,0,218,,6,27.35871,26.71565,21.8119
1786332683,26.73037,87.31823,90,0,218,,0,27.39258,26.71565,21.87943
1786332684,26.701,87.24651,90,0,218,,0,27.35871,26.68159,21.77803
1786332684,26.701,87.25567,90,0,218,,0,27.35871,26.68159,21.74417
1786332685,26.6743,87.08476,90,0,218,,0,27.39258,26.64792,21.8119
1786332686,26.6743,87.15495,90,0,218,,0,27.39258,26.71565,21.87943
1786332686,26.73037,87.08018,90,0,218,,0,27.35871,26.71565,21.84556
1786332687,26.59953,86.90776,90,0,218,,10,27.39258,26.74932,21.8119
1786332688,26.701,86.93523,90,0,217,,0,27.35871,26.71565,21.84556
1786332688,26.6743,86.90776,90,0,217,,0,27.35871,26.68159,21.8119
1786332689,26.701,86.96727,90,0,217,,9,27.35871,26.68159,21.84556
1786332690,26.77043,87.05882,90,0,217,,0,27.39258,26.68159,21.8119
1786332690,26.75708,87.00389,90,0,217,,0,27.39258,26.68159,21.8119
1786332691,26.77043,87.09087,90,0,218,,0,27.35871,26.68159,21.8119
1786332692,26.71435,87.2282,90,0,217,,8,27.35871,26.71565,21.84556
1786332692,26.71435,87.187,90,0,218,,0,27.42644,26.74932,21.84556
1786332693,26.6556,87.22362,90,0,218,,0,27.39258,26.78319,21.84556
1786332694,26.59953,87.23735,90,0,218,,2,27.35871,26.74932,21.84556
1786332694,26.6743,87.25872,90,0,218,,0,27.35871,26.74932,21.8119
1786332695,26.6743,87.20836,90,0,218,,0,27.42644,26.61406,21.77803
1786332696,26.701,87.35943,90,0,218,,0,27.39258,26.74932,21.87943
1786332696,26.71435,87.2282,90,0,218,,6,27.32484,26.68159,21.8119
1786332697,26.73037,87.20378,90,0,218,,0,27.39258,26.64792,21.8119
1786332698,26.6289,87.15343,90,0,218,,0,27.32484,26.71565,21.8119
1786332698,26.71435,87.20836,90,0,218,,3,27.39258,26.74932,21.87943
1786332699,26.6743,87.23735,90,0,217,,4,27.35871,26.71565,21.8119
1786332700,26.74372,87.22667,90,0,218,,0,27.42644,26.74932,21.84556
1786332701,26.701,87.01762,90,0,218,,0,27.35871,26.68159,21.9133
1786332701,26.6289,87.04051,90,0,218,,4,27.39258,26.64792,21.8119
1786332702,26.6556,87.10002,90,0,218,,0,27.32484,26.64792,21.84556
1786332703,26.6289,87.07103,90,0,218,,0,27.32484,26.74932,21.77803
1786332703,26.75708,87.02525,90,0,218,,0,27.39258,26.71565,21.87943
1786332704,26.75708,87.05424,90,0,218,,0,27.42644,26.71565,21.8119
1786332705,26.73037,86.86198,90,0,218,,0,27.42644,26.68159,21.77803
1786332705,26.82918,86.93065,90,0,218,,0,27.35871,26.74932,21.8119
1786332706,26.73037,86.86198,90,0,218,,3,27.39258,26.68159,21.87943
1786332707,26.61288,86.78722,90,0,218,,1,27.39258,26.74932,21.87943
1786332707,26.64225,86.83757,90,0,218,,0,27.39258,26.68159,21.84556
1786332708,26.71435,86.91997,90,0,218,,0,27.32484,26.71565,21.84556
1786332709,26.71435,86.82536,90,0,218,,7,27.39258,26.81705,21.8119
1786332709,26.73037,86.85283,90,0,218,,0,27.39258,26.71565,21.84556
1786332710,26.6556,86.80095,90,0,218,,0,27.39258,26.64792,21.77803
1786332711,26.6289,86.64683,90,0,218,,7,27.39258,26.68159,21.77803
1786332711,26.74372,86.66972,90,0,217,,13,27.32484,26.71565,21.8119
1786332712,26.6743,86.61784,90,0,218,,0,27.39258,26.74932,21.8119
1786332713,26.701,86.61478,90,0,218,,0,27.39258,26.68159,21.8119
1786332713,26.64225,86.47593,90,0,218,,2,27.39258,26.71565,21.94696
1786332714,26.61288,86.5095,90,0,218,,0,27.39258,26.71565,21.84556
1786332715,26.71435,86.47593,90,0,218,,0,27.42644,26.71565,21.84556
1786332715,26.71435,86.46372,90,0,217,,1,27.39258,26.78319,21.7105
1786332716,26.61288,86.44541,90,0,218,,7,27.39258,26.61406,21.77803
1786332717,26.73037,86.40726,90,0,217,,0,27.35871,26.68159,21.87943
1786332717,26.75708,86.59953,90,0,218,,0,27.39258,26.68159,21.84556
1786332718,26.75708,86.49577,90,0,217,,3,27.32484,26.71565,21.84556
1786332719,26.71435,86.48508,90,0,218,,2,27.35871,26.61406,21.84556
1786332720,26.64225,86.29893,90,0,217,,0,27.39258,26.58019,21.84556
1786332720,26.6556,86.37675,90,0,218,,0,27.39258,26.71565,21.77803
1786332721,26.6556,86.28367,90,0,217,,9,27.35871,26.68159,21.84556
1786332722,26.6556,86.25163,90,0,218,,0,27.35871,26.64792,21.8119
1786332722,26.64225,86.23788,90,0,218,,0,27.35871,26.71565,21.8119
1786332723,26.701,86.35691,90,0,218,,0,27.32484,26.74932,21.84556
1786332724,26.77043,86.3447,90,0,218,,3,27.39258,26.71565,21.87943
1786332724,26.6743,86.27604,90,0,218,,0,27.35871,26.74932,21.8119
1786332725,26.74372,86.2974,90,0,218,,0,27.39258,26.68159,21.84556
1786332726,26.61288,86.26078,90,0,218,,6,27.39258,26.74932,21.87943
1786332726,26.68765,86.32182,90,0,217,,0,27.32484,26.74932,21.77803
1786332727,26.701,86.36759,90,0,218,,0,27.35871,26.71565,21.84556
1786332728,26.64225,86.38132,90,0,218,,0,27.39258,26.74932,21.84556
1786332728,26.78645,86.50492,90,0,218,,6,27.39258,26.68159,21.8119
1786332729,26.68765,86.63309,90,0,218,,0,27.35871,26.74932,21.9133
1786332730,26.701,86.82384,90,0,218,,0,27.32484,26.74932,21.77803
1786332730,26.71435,86.99321,90,0,218,,4,27.39258,26.74932,21.84556
1786332731,26.75708,87.14885,90,0,218,,0,27.32484,26.71565,21.8119
1786332732,26.75708,87.33349,90,0,218,,0,27.39258,26.71565,21.8119
1786332732,26.73037,87.38842,90,0,219,,0,27.32484,26.68159,21.74417
1786332733,26.71435,87.54864,90,0,218,,8,27.35871,26.68159,21.84556
1786332734,26.73037,87.68902,90,0,218,,0,27.35871,26.71565,21.84556
1786332734,26.78645,87.93317,90,0,218,,0,27.32484,26.61406,21.8119
1786332735,26.6556,87.8645,90,0,218,,2,27.39258,26.71565,21.8119
1786332736,26.71435,87.97284,90,0,218,,0,27.39258,26.68159,21.77803
1786332736,26.74372,88.03387,90,0,217,,0,27.32484,26.64792,21.8119
1786332737,26.6743,87.98199,90,0,218,,0,27.46011,26.74932,21.84556
1786332738,26.701,88.00031,90,0,218,,3,27.32484,26.74932,21.84556
1786332739,26.701,88.05219,90,0,217,,0,27.39258,26.64792,21.77803
1786332739,26.73037,88.09338,90,0,217,,0,27.35871,26.64792,21.84556
1786332740,26.71435,88.03693,90,0,217,,1,27.35871,26.68159,21.77803
1786332741,26.701,88.04303,90,0,218,,0,27.42644,26.61406,21.8119
1786332741,26.68765,87.88281,90,0,218,,0,27.42644,26.68159,21.87943
1786332742,26.701,87.75311,90,0,217,,0,27.35871,26.71565,21.87943
1786332743,26.701,87.85535,90,0,218,,1,27.39258,26.68159,21.77803
1786332743,26.68765,87.66613,90,0,218,,0,27.39258,26.78319,21.8119
1786332744,26.701,87.69054,90,0,218,,0,27.35871,26.68159,21.77803
1786332745,26.71435,87.62188,90,0,218,,1,27.35871,26.71565,21.87943
1786332745,26.59953,87.53796,90,0,218,,0,27.39258,26.68159,21.77803
1786332746,26.64225,87.53948,90,0,218,,0,27.35871,26.71565,21.84556
1786332747,26.701,87.35027,90,0,218,,6,27.42644,26.74932,21.8119
1786332747,26.701,87.32738,90,0,217,,11,27.39258,26.68159,21.87943
1786332748,26.6556,87.21294,90,0,217,,0,27.39258,26.64792,21.87943
1786332749,26.58618,87.14122,90,0,218,,0,27.35871,26.68159,21.8119
1786332749,26.701,87.11223,90,0,218,,9,27.35871,26.71565,21.8119
1786332750,26.77043,86.98863,90,0,217,,0,27.39258,26.71565,21.87943
1786332751,26.74372,87.06187,90,0,218,,0,27.42644,26.71565,21.84556
1786332751,26.701,86.99931,90,0,218,,3,27.35871,26.64792,21.8119
1786332752,26.6289,87.07103,90,0,218,,0,27.39258,26.68159,21.84556
1786332753,26.71435,86.87572,90,0,218,,0,27.32484,26.58019,21.94696
1786332753,26.6743,86.87572,90,0,218,,0,27.39258,26.74932,21.84556
1786332754,26.73037,86.85283,90,0,218,,7,27.39258,26.68159,21.87943
1786332755,26.6556,86.8101,90,0,218,,0,27.39258,26.68159,21.77803
1786332755,26.701,86.86198,90,0,218,,0,27.39258,26.64792,21.84556
1786332756,26.74372,86.88487,90,0,218,,3,27.39258,26.74932,21.77803
1786332757,26.6556,86.84215,90,0,217,,0,27.42644,26.78319,21.84556
1786332758,26.64225,86.80705,90,0,218,,0,27.39258,26.71565,21.77803
1786332758,26.68765,86.90166,90,0,217,,3,27.39258,26.68159,21.84556
1786332759,26.71435,86.86656,90,0,218,,3,27.42644,26.74932,21.87943
1786332760,26.64225,86.91081,90,0,218,,0,27.39258,26.74932,21.84556
1786332760,26.74372,86.97948,90,0,217,,0,27.39258,26.61406,21.8119
1786332761,26.6743,86.79332,90,0,218,,9,27.42644,26.71565,21.87943
1786332762,26.6289,86.83452,90,0,217,,0,27.39258,26.71565,21.8119
1786332762,26.61288,86.88029,90,0,218,,0,27.32484,26.68159,21.77803
1786332763,26.73037,87.01762,90,0,218,,3,27.35871,26.64792,21.8119
1786332764,26.6289,86.87419,90,0,218,,0,27.39258,26.64792,21.8119
1786332764,26.71435,86.78416,90,0,218,,0,27.42644,26.64792,21.9133
1786332765,26.74372,86.93828,90,0,218,,3,27.42644,26.71565,21.84556
1786332766,26.73037,87.02678,90,0,218,,0,27.39258,26.74932,21.84556
1786332766,26.73037,86.80095,90,0,218,,0,27.42644,26.68159,21.8119
1786332767,26.71435,86.78416,90,0,218,,6,27.35871,26.71565,21.77803
1786332768,26.71435,86.64988,90,0,218,,0,27.42644,26.74932,21.8119
1786332768,26.6289,86.91692,90,0,217,,0,27.39258,26.74932,21.77803
1786332769,26.6743,86.75212,90,0,217,,0,27.39258,26.71565,21.77803
1786332770,26.73037,86.73685,90,0,217,,8,27.39258,26.71565,21.8119
1786332770,26.68765,86.73685,90,0,218,,0,27.35871,26.68159,21.87943
1786332771,26.73037,86.6041,90,0,218,,0,27.39258,26.81705,21.77803
1786332772,26.61288,86.55985,90,0,217,,0,27.39258,26.61406,21.74417
1786332772,26.701,86.5629,90,0,218,,0,27.35871,26.71565,21.77803
1786332773,26.64225,86.45457,90,0,218,,0,27.39258,26.74932,21.8119
1786332774,26.6556,86.43626,90,0,218,,0,27.35871,26.71565,21.84556
1786332774,26.6556,86.27146,90,0,218,,0,27.39258,26.68159,21.74417
1786332775,26.68765,86.21957,90,0,218,,0,27.39258,26.78319,21.77803
1786332776,26.6743,86.27604,90,0,218,,0,27.39258,26.74932,21.8119
1786332777,26.6743,86.15244,90,0,217,,5,27.39258,26.74932,21.77803
1786332777,26.6743,86.0502,90,0,217,,0,27.39258,26.68159,21.74417
1786332778,26.6289,86.0502,90,0,218,,0,27.35871,26.68159,21.84556
1786332779,26.701,86.05936,90,0,218,,3,27.42644,26.74932,21.8119
1786332779,26.71435,85.9678,90,0,218,,0,27.35871,26.64792,21.84556
1786332780,26.71435,86.15549,90,0,217,,0,27.39258,26.64792,21.87943
1786332781,26.64225,85.99069,90,0,217,,3,27.39258,26.68159,21.84556
1786332781,26.71435,85.86404,90,0,218,,4,27.39258,26.64792,21.9133
1786332782,26.6556,85.85947,90,0,218,,0,27.42644,26.74932,21.84556
1786332783,26.74372,85.86252,90,0,218,,0,27.39258,26.71565,21.84556
1786332783,26.61288,85.77554,90,0,218,,0,27.39258,26.68159,21.87943
1786332784,26.6556,85.84879,90,0,218,,0,27.42644,26.68159,21.84556
1786332785,26.6289,85.70687,90,0,218,,0,27.35871,26.71565,21.8119
1786332785,26.6743,85.84421,90,0,218,,5,27.42644,26.68159,21.8119
1786332786,26.6743,85.7084,90,0,218,,0,27.35871,26.64792,21.87943
1786332787,26.6289,85.70687,90,0,218,,0,27.39258,26.64792,21.84556
1786332787,26.77043,85.79843,90,0,218,,2,27.39258,26.68159,21.84556
1786332788,26.75708,85.8259,90,0,218,,6,27.39258,26.71565,21.9133
1786332789,26.64225,85.76181,90,0,217,,0,27.39258,26.68159,21.8119
1786332789,26.68765,85.63973,90,0,217,,0,27.39258,26.64792,21.8119
1786332790,26.64225,85.83505,90,0,218,,7,27.39258,26.71565,21.8119
1786332791,26.64225,85.73129,90,0,218,,0,27.35871,26.68159,21.8119
1786332791,26.73037,85.66262,90,0,217,,0,27.39258,26.71565,21.84556
1786332792,26.73037,85.79538,90,0,218,,7,27.35871,26.71565,21.77803
1786332793,26.64225,85.84573,90,0,218,,3,27.39258,26.68159,21.8119
1786332794,26.6743,85.78012,90,0,218,,0,27.39258,26.68159,21.8119
1786332794,26.61288,85.72518,90,0,218,,0,27.35871,26.71565,21.8119
1786332795,26.6556,85.72518,90,0,218,,2,27.39258,26.68159,21.77803
1786332796,26.73037,85.75723,90,0,217,,0,27.32484,26.71565,21.8119
1786332796,26.701,85.89151,90,0,217,,0,27.39258,26.71565,21.8119
1786332797,26.701,85.79843,90,0,217,,5,27.35871,26.71565,21.8119
1786332798,26.71435,85.84421,90,0,217,,0,27.39258,26.68159,21.84556
1786332798,26.73037,85.90067,90,0,217,,0,27.39258,26.68159,21.77803
1786332799,26.71435,86.01968,90,0,217,,0,27.35871,26.71565,21.8119
1786332800,26.701,85.97391,90,0,217,,10,27.39258,26.61406,21.84556
1786332800,26.71435,86.17532,90,0,218,,0,27.39258,26.64792,21.87943
1786332801,26.59953,85.97849,90,0,217,,0,27.32484,26.68159,21.87943
1786332802,26.6289,86.07767,90,0,218,,5,27.39258,26.71565,21.77803
1786332802,26.68765,86.15701,90,0,219,,0,27.35871,26.71565,21.8119
1786332803,26.61288,86.21957,90,0,218,,0,27.39258,26.71565,21.84556
1786332804,26.6556,86.29282,90,0,218,,0,27.35871,26.68159,21.8119
1786332804,26.701,86.19211,90,0,218,,1,27.39258,26.68159,21.64277
1786332805,26.77043,86.1799,90,0,218,,0,27.35871,26.68159,21.84556
1786332806,26.64225,86.07309,90,0,218,,0,27.39258,26.68159,21.8119
1786332806,26.73037,86.14786,90,0,218,,5,27.39258,26.71565,21.84556
1786332807,26.68765,86.13718,90,0,218,,0,27.39258,26.74932,21.8119
1786332808,26.73037,86.12802,90,0,218,,0,27.42644,26.61406,21.77803
1786332808,26.6743,86.10056,90,0,218,,6,27.35871,26.64792,21.84556
1786332809,26.74372,86.0914,90,0,217,,4,27.35871,26.74932,21.77803
1786332810,26.64225,86.06393,90,0,218,,0,27.39258,26.64792,21.77803
1786332810,26.6556,86.06546,90,0,217,,0,27.39258,26.64792,21.77803
1786332811,26.64225,85.92661,90,0,218,,3,27.32484,26.68159,21.84556
1786332812,26.6743,85.97696,90,0,217,,0,27.39258,26.68159,21.77803
1786332812,26.68765,85.84573,90,0,219,,0,27.42644,26.74932,21.77803
1786332813,26.64225,85.99985,90,0,218,,1,27.35871,26.68159,21.84556
1786332814,26.701,85.85031,90,0,218,,0,27.39258,26.74932,21.77803
1786332815,26.701,85.90372,90,0,218,,0,27.35871,26.68159,21.87943
1786332815,26.57282,85.87778,90,0,217,,0,27.39258,26.74932,21.87943
1786332816,26.71435,85.7908,90,0,217,,5,27.35871,26.68159,21.84556
1786332817,26.64225,85.78165,90,0,217,,0,27.39258,26.78319,21.8119
1786332817,26.701,85.70687,90,0,217,,0,27.39258,26.74932,21.77803
1786332818,26.6743,85.85336,90,0,217,,9,27.35871,26.68159,21.8119
1786332819,26.64225,85.64889,90,0,218,,0,27.35871,26.74932,21.84556
1786332819,26.64225,85.69009,90,0,217,,0,27.35871,26.68159,21.77803
1786332820,26.78645,85.68856,90,0,217,,3,27.35871,26.68159,21.77803
1786332821,26.6289,85.70687,90,0,217,,0,27.35871,26.61406,21.84556
1786332821,26.6556,85.63058,90,0,218,,0,27.39258,26.68159,21.8119
1786332822,26.73037,85.78622,90,0,218,,0,27.42644,26.74932,21.8119
1786332823,26.73037,85.69314,90,0,218,,0,27.35871,26.68159,21.87943
1786332823,26.68765,85.8259,90,0,218,,0,27.35871,26.64792,21.84556
1786332824,26.6289,85.73891,90,0,218,,0,27.35871,26.68159,21.84556
1786332825,26.6556,85.75723,90,0,218,,0,27.35871,26.71565,21.74417
1786332825,26.6743,85.7908,90,0,217,,0,27.35871,26.64792,21.87943
1786332826,26.77043,85.80759,90,0,218,,0,27.39258,26.71565,21.8119
1786332827,26.6743,85.79996,90,0,218,,0,27.39258,26.64792,21.8119
1786332827,26.64225,85.83505,90,0,218,,1,27.35871,26.71565,21.9133
1786332828,26.6556,85.75723,90,0,217,,0,27.39258,26.68159,21.77803
1786332829,26.6743,85.72976,90,0,217,,0,27.35871,26.74932,21.8119
1786332829,26.64225,85.88693,90,0,218,,7,27.39258,26.68159,21.87943
1786332830,26.71435,85.68856,90,0,218,,0,27.35871,26.68159,21.87943
1786332831,26.73037,85.66262,90,0,218,,0,27.39258,26.68159,21.8119
1786332831,26.75708,85.85489,90,0,218,,0,27.42644,26.71565,21.77803
1786332832,26.6289,85.7496,90,0,218,,0,27.35871,26.68159,21.87943
1786332833,26.73037,85.88083,90,0,218,,0,27.35871,26.61406,21.87943
1786332834,26.6556,85.94186,90,0,218,,0,27.35871,26.64792,21.84556
1786332834,26.6556,85.74502,90,0,218,,5,27.39258,26.71565,21.8119
1786332835,26.701,85.75876,90,0,218,,0,27.35871,26.68159,21.8119
1786332836,26.6556,85.93118,90,0,218,,0,27.42644,26.68159,21.87943
1786332836,26.68765,85.7847,90,0,218,,1,27.39258,26.68159,21.77803
1786332837,26.71435,85.77249,90,0,218,,0,27.42644,26.74932,21.8119
1786332838,26.73037,85.79538,90,0,218,,0,27.39258,26.64792,21.77803
1786332838,26.82918,85.76334,90,0,218,,0,27.39258,26.71565,21.84556
1786332839,26.73037,85.68398,90,0,217,,9,27.32484,26.68159,21.77803
1786332840,26.71435,85.60769,90,0,218,,0,27.39258,26.71565,21.77803
1786332840,26.68765,85.75418,90,0,217,,0,27.35871,26.68159,21.84556
1786332841,26.6556,85.80759,90,0,217,,2,27.35871,26.71565,21.8119
1786332842,26.75708,85.91898,90,0,218,,8,27.46011,26.68159,21.77803
1786332842,26.77043,85.96323,90,0,218,,0,27.39258,26.68159,21.84556
1786332843,26.73037,86.1799,90,0,218,,0,27.35871,26.68159,21.8119
1786332844,26.71435,86.35233,90,0,218,,2,27.35871,26.68159,21.84556
1786332844,26.75708,86.50797,90,0,218,,0,27.46011,26.68159,21.8119
1786332845,26.64225,86.53696,90,0,218,,0,27.35871,26.68159,21.84556
1786332846,26.73037,86.67735,90,0,217,,0,27.35871,26.74932,21.84556
1786332846,26.701,86.75059,90,0,217,,11,27.32484,26.74932,21.84556
1786332847,26.74372,86.78264,90,0,218,,0,27.32484,26.71565,21.8119
1786332848,26.701,86.68803,90,0,218,,0,27.39258,26.71565,21.8119
1786332848,26.74372,86.77348,90,0,217,,9,27.35871,26.71565,21.84556
1786332849,26.75708,86.74601,90,0,217,,5,27.42644,26.74932,21.84556
1786332850,26.701,86.63615,90,0,217,,0,27.39258,26.68159,21.8119
1786332850,26.59953,86.71091,90,0,218,,0,27.35871,26.71565,21.87943
1786332851,26.68765,86.72465,90,0,218,,11,27.42644,26.64792,21.8119
1786332852,26.77043,86.75975,90,0,218,,0,27.35871,26.68159,21.8119
1786332853,26.61288,86.73685,90,0,218,,0,27.35871,26.61406,21.8119
1786332853,26.73037,86.82079,90,0,218,,0,27.35871,26.68159,21.8119
1786332854,26.57282,86.87877,90,0,218,,5,27.39258,26.68159,21.84556
1786332855,26.64225,86.95201,90,0,218,,0,27.39258,26.68159,21.8119
1786332855,26.6556,86.99779,90,0,218,,0,27.35871,26.64792,21.77803
1786332856,26.74372,87.04051,90,0,218,,2,27.35871,26.74932,21.84556
1786332857,26.701,86.96727,90,0,218,,2,27.42644,26.68159,21.8119
1786332857,26.71435,87.158,90,0,217,,0,27.39258,26.71565,21.8119
1786332858,26.64225,87.08476,90,0,218,,0,27.39258,26.68159,21.8119
1786332859,26.82918,87.18089,90,0,218,,5,27.39258,26.64792,21.8119
1786332859,26.7998,87.33654,90,0,217,,0,27.35871,26.68159,21.77803
1786332860,26.74372,87.29076,90,0,217,,0,27.39258,26.68159,21.8119
1786332861,26.75708,87.41589,90,0,217,,4,27.32484,26.71565,21.7105
1786332861,26.6556,87.56542,90,0,218,,0,27.35871,26.64792,21.77803
1786332862,26.74372,87.62035,90,0,218,,0,27.39258,26.71565,21.84556
1786332863,26.75708,87.73937,90,0,219,,0,27.39258,26.64792,21.9133
1786332863,26.85588,87.8584,90,0,218,,3,27.39258,26.71565,21.84556
1786332864,26.75708,87.98657,90,0,218,,0,27.42644,26.71565,21.8119
1786332865,26.71435,87.98352,90,0,218,,0,27.39258,26.74932,21.84556
1786332865,26.73037,88.15289,90,0,217,,3,27.42644,26.71565,21.77803
1786332866,26.7998,88.30854,90,0,218,,0,27.35871,26.74932,21.8119
1786332867,26.81315,88.33143,90,0,217,,0,27.39258,26.64792,21.8119
1786332867,26.73037,88.32075,90,0,218,,6,27.42644,26.64792,21.8119
1786332868,26.7998,88.44129,90,0,218,,1,27.35871,26.68159,21.74417
1786332869,26.88525,88.50843,90,0,217,,0,27.35871,26.74932,21.84556
1786332869,26.71435,88.46876,90,0,218,,0,27.35871,26.71565,21.87943
1786332870,26.77043,88.49622,90,0,217,,0,27.32484,26.74932,21.77803
1786332871,26.75708,88.43061,90,0,218,,0,27.42644,26.74932,21.84556
1786332872,26.74372,88.46723,90,0,218,,0,27.39258,26.74932,21.84556
1786332872,26.77043,88.50538,90,0,219,,0,27.32484,26.64792,21.77803
1786332873,26.73037,88.47334,90,0,218,,0,27.42644,26.71565,21.8119
1786332874,26.701,88.38483,90,0,218,,0,27.32484,26.74932,21.87943
1786332874,26.78645,88.40925,90,0,218,,0,27.32484,26.64792,21.87943
1786332875,26.71435,88.27192,90,0,218,,5,27.39258,26.64792,21.87943
1786332876,26.7998,88.4535,90,0,217,,0,27.39258,26.68159,21.84556
1786332876,26.701,88.29939,90,0,217,,0,27.42644,26.71565,21.8119
1786332877,26.6743,88.41688,90,0,218,,2,27.39258,26.68159,21.8119
1786332878,26.81315,88.29023,90,0,217,,0,27.35871,26.61406,21.84556
1786332878,26.6556,88.13306,90,0,218,,0,27.39258,26.78319,21.8119
1786332879,26.77043,88.24902,90,0,217,,6,27.42644,26.71565,21.84556
1786332880,26.6289,88.07355,90,0,218,,2,27.32484,26.74932,21.87943
1786332880,26.6743,87.97284,90,0,218,,0,27.35871,26.74932,21.84556
1786332881,26.701,88.06439,90,0,217,,0,27.35871,26.64792,21.84556
1786332882,26.701,88.04303,90,0,218,,12,27.39258,26.68159,21.77803
1786332882,26.6556,87.96826,90,0,218,,0,27.35871,26.68159,21.84556
1786332883,26.68765,87.73937,90,0,218,,0,27.39258,26.71565,21.8119
1786332884,26.6743,87.72564,90,0,218,,0,27.39258,26.74932,21.77803
1786332884,26.6743,87.72564,90,0,218,,0,27.39258,26.64792,21.84556
1786332885,26.74372,87.6936,90,0,218,,0,27.39258,26.68159,21.87943
1786332886,26.6556,87.57458,90,0,217,,0,27.39258,26.68159,21.84556
1786332886,26.6556,87.51202,90,0,217,,8,27.42644,26.68159,21.87943
1786332887,26.6743,87.60204,90,0,218,,0,27.42644,26.71565,21.87943
1786332888,26.701,87.47387,90,0,217,,0,27.39258,26.71565,21.8119
1786332888,26.6743,87.57,90,0,217,,15,27.35871,26.71565,21.77803
1786332889,26.74372,87.59899,90,0,218,,0,27.35871,26.71565,21.8119
1786332890,26.64225,87.4876,90,0,217,,0,27.35871,26.68159,21.8119
1786332891,26.701,87.43267,90,0,218,,2,27.35871,26.64792,21.74417
1786332891,26.71435,87.61272,90,0,217,,7,27.39258,26.71565,21.8119
1786332892,26.73037,87.55322,90,0,218,,0,27.39258,26.71565,21.77803
1786332893,26.6743,87.57,90,0,218,,0,27.42644,26.68159,21.77803
1786332893,26.701,87.77295,90,0,218,,4,27.42644,26.68159,21.84556
1786332894,26.6743,87.63103,90,0,218,,0,27.39258,26.71565,21.74417
1786332895,26.78645,87.64324,90,0,218,,0,27.39258,26.68159,21.84556
1786332895,26.73037,87.69817,90,0,218,,5,27.39258,26.74932,21.84556
1786332896,26.73037,87.69817,90,0,218,,4,27.39258,26.71565,21.84556
1786332897,26.6289,87.60815,90,0,217,,0,27.39258,26.68159,21.77803
1786332897,26.701,87.69054,90,0,218,,0,27.39258,26.71565,21.84556
1786332898,26.701,87.62035,90,0,217,,7,27.42644,26.71565,21.84556
1786332899,26.71435,87.6936,90,0,218,,0,27.35871,26.64792,21.8119
1786332899,26.73037,87.64782,90,0,218,,0,27.35871,26.71565,21.84556
1786332900,26.64225,87.4876,90,0,217,,3,27.39258,26.68159,21.77803
1786332901,26.6556,87.56542,90,0,217,,3,27.32484,26.68159,21.77803
1786332901,26.75708,87.53948,90,0,217,,0,27.39258,26.64792,21.77803
1786332902,26.6289,87.46166,90,0,218,,0,27.42644,26.71565,21.8119
1786332903,26.6289,87.57915,90,0,218,,0,27.39258,26.68159,21.8119
1786332903,26.59953,87.44335,90,0,218,,0,27.39258,26.68159,21.87943
1786332904,26.78645,87.50744,90,0,218,,0,27.35871,26.71565,21.7105
1786332905,26.64225,87.43725,90,0,218,,2,27.42644,26.64792,21.8119
1786332905,26.73037,87.51202,90,0,217,,4,27.35871,26.74932,21.8119
1786332906,26.71435,87.56084,90,0,217,,0,27.32484,26.64792,21.84556
1786332907,26.6743,87.5288,90,0,218,,0,27.42644,26.64792,21.77803
1786332907,26.74372,87.51659,90,0,217,,2,27.35871,26.64792,21.8119
1786332908,26.59953,87.37316,90,0,217,,0,27.42644,26.68159,21.7105
1786332909,26.64225,87.36401,90,0,217,,0,27.35871,26.71565,21.84556
1786332910,26.6556,87.40063,90,0,218,,1,27.35871,26.64792,21.84556
1786332910,26.6556,87.34722,90,0,217,,0,27.39258,26.74932,21.8119
1786332911,26.78645,87.4464,90,0,218,,0,27.32484,26.68159,21.87943
1786332912,26.61288,87.28313,90,0,218,,1,27.42644,26.61406,21.77803
1786332912,26.73037,87.45098,90,0,218,,0,27.35871,26.64792,21.84556
1786332913,26.6289,87.32891,90,0,218,,0,27.32484,26.68159,21.77803
1786332914,26.6556,87.27703,90,0,218,,0,27.35871,26.71565,21.77803
1786332914,26.71435,87.2404,90,0,218,,8,27.39258,26.64792,21.87943
1786332915,26.71435,87.42504,90,0,218,,0,27.39258,26.64792,21.98083
1786332916,26.74372,87.29076,90,0,217,,0,27.35871,26.68159,21.84556
1786332916,26.6556,87.28619,90,0,218,,3,27.35871,26.64792,21.77803
1786332917,26.68765,87.39758,90,0,218,,0,27.35871,26.74932,21.87943
1786332918,26.6556,87.38842,90,0,217,,0,27.35871,26.71565,21.77803
1786332918,26.6556,87.33654,90,0,217,,0,27.35871,26.68159,21.77803
1786332919,26.64225,87.30145,90,0,217,,7,27.39258,26.71565,21.87943
1786332920,26.71435,87.26025,90,0,218,,0,27.46011,26.68159,21.84556
1786332920,26.64225,87.21904,90,0,218,,0,27.32484,26.64792,21.8119
1786332921,26.61288,87.31365,90,0,217,,5,27.39258,26.71565,21.87943
1786332922,26.74372,87.31976,90,0,218,,0,27.46011,26.61406,21.87943
1786332922,26.6556,87.35638,90,0,219,,0,27.42644,26.74932,21.9133
1786332923,26.68765,87.25414,90,0,218,,0,27.32484,26.71565,21.84556
1786332924,26.6556,87.3045,90,0,218,,0,27.35871,26.74932,21.8119
1786332924,26.75708,87.23125,90,0,218,,0,27.39258,26.64792,21.77803
1786332925,26.64225,87.33349,90,0,218,,0,27.42644,26.68159,21.9133
1786332926,26.71435,87.4052,90,0,217,,6,27.32484,26.68159,21.84556
1786332926,26.73037,87.31823,90,0,217,,0,27.39258,26.71565,21.8119
1786332927,26.74372,87.36095,90,0,218,,0,27.35871,26.64792,21.8119
1786332928,26.68765,87.40673,90,0,218,,8,27.35871,26.68159,21.87943
1786332929,26.75708,87.49828,90,0,217,,0,27.29098,26.78319,21.77803
1786332929,26.68765,87.37774,90,0,218,,0,27.29098,26.78319,21.8119
1786332930,26.6743,87.38384,90,0,218,,5,27.35871,26.68159,21.8119
1786332931,26.6743,87.33196,90,0,218,,0,27.32484,26.71565,21.84556
1786332931,26.68765,87.24193,90,0,217,,0,27.39258,26.68159,21.84556
1786332932,26.701,87.27703,90,0,218,,0,27.35871,26.71565,21.84556
1786332933,26.6743,87.187,90,0,218,,2,27.35871,26.71565,21.84556
1786332933,26.68765,87.158,90,0,218,,0,27.35871,26.74932,21.8119
1786332934,26.61288,87.02525,90,0,218,,0,27.42644,26.68159,21.7105
1786332935,26.71435,87.24956,90,0,218,,1,27.42644,26.68159,21.74417
1786332935,26.6289,87.06187,90,0,218,,0,27.42644,26.74932,21.84556
1786332936,26.74372,87.02068,90,0,218,,0,27.39258,26.61406,21.84556
1786332937,26.68765,86.99474,90,0,218,,0,27.46011,26.58019,21.84556
1786332937,26.61288,87.11833,90,0,218,,7,27.35871,26.74932,21.77803
1786332938,26.64225,87.05424,90,0,217,,0,27.39258,26.61406,21.8119
1786332939,26.73037,87.03593,90,0,217,,0,27.42644,26.68159,21.84556
1786332939,26.64225,87.0222,90,0,218,,5,27.39258,26.71565,21.77803
1786332940,26.6743,86.96117,90,0,218,,0,27.35871,26.74932,21.84556
1786332941,26.73037,86.9337,90,0,217,,0,27.39258,26.78319,21.77803
1786332941,26.701,86.98863,90,0,217,,0,27.39258,26.68159,21.84556
1786332942,26.701,86.88335,90,0,218,,2,27.42644,26.68159,21.8119
1786332943,26.74372,86.90623,90,0,218,,0,27.35871,26.71565,21.8119
1786332943,26.61288,87.0573,90,0,218,,0,27.39258,26.74932,21.77803
1786332944,26.6556,87.00694,90,0,218,,0,27.35871,26.68159,21.8119
1786332945,26.68765,87.19005,90,0,218,,4,27.39258,26.71565,21.84556
1786332945,26.68765,87.07713,90,0,218,,0,27.39258,26.68159,21.84556
1786332946,26.7998,87.28619,90,0,218,,0,27.39258,26.74932,21.84556
1786332947,26.73037,87.23277,90,0,217,,0,27.39258,26.74932,21.77803
1786332948,26.73037,87.30602,90,0,218,,5,27.35871,26.71565,21.74417
1786332948,26.6289,87.50591,90,0,218,,0,27.39258,26.68159,21.8119
1786332949,26.78645,87.63409,90,0,218,,0,27.39258,26.71565,21.8119
1786332950,26.81315,87.75464,90,0,218,,0,27.39258,26.71565,21.84556
1786332950,26.71435,87.78668,90,0,218,,3,27.42644,26.74932,21.8119
1786332951,26.82918,87.86298,90,0,218,,0,27.35871,26.71565,21.84556
1786332952,26.6743,87.79584,90,0,217,,0,27.39258,26.64792,21.77803
1786332952,26.74372,87.91028,90,0,219,,0,27.42644,26.74932,21.84556
1786332953,26.75708,87.94537,90,0,218,,0,27.42644,26.64792,21.7105
1786332954,26.73037,88.02014,90,0,218,,0,27.35871,26.64792,21.77803
1786332954,26.61288,87.87366,90,0,218,,0,27.42644,26.71565,21.84556
1786332955,26.6743,87.95148,90,0,218,,0,27.32484,26.64792,21.84556
1786332956,26.6289,87.90875,90,0,217,,4,27.35871,26.74932,21.8119
1786332956,26.701,87.83551,90,0,218,,0,27.35871,26.68159,21.8119
1786332957,26.75708,87.79889,90,0,217,,0,27.42644,26.74932,21.84556
1786332958,26.73037,87.92706,90,0,218,,5,27.39258,26.61406,21.8119
1786332958,26.701,87.84619,90,0,217,,1,27.35871,26.74932,21.74417
1786332959,26.73037,87.72106,90,0,218,,0,27.35871,26.71565,21.84556
1786332960,26.6743,87.71343,90,0,217,,0,27.42644,26.71565,21.87943
1786332960,26.64225,87.70428,90,0,218,,5,27.35871,26.68159,21.77803
1786332961,26.6743,87.68139,90,0,217,,0,27.39258,26.74932,21.8119
1786332962,26.6556,87.61578,90,0,217,,0,27.35871,26.74932,21.84556
1786332962,26.71435,87.51965,90,0,218,,0,27.39258,26.64792,21.74417
1786332963,26.6556,87.58526,90,0,218,,5,27.35871,26.74932,21.9133
1786332964,26.701,87.62035,90,0,218,,0,27.42644,26.74932,21.8119
1786332964,26.68765,87.58373,90,0,218,,0,27.39258,26.64792,21.8119
1786332965,26.77043,87.52422,90,0,217,,1,27.35871,26.64792,21.87943
1786332966,26.74372,87.53796,90,0,218,,5,27.42644,26.68159,21.77803
1786332967,26.71435,87.4876,90,0,218,,0,27.35871,26.68159,21.84556
1786332967,26.6289,87.38232,90,0,217,,0,27.39258,26.74932,21.77803
1786332968,26.6289,87.23735,90,0,217,,6,27.39258,26.68159,21.84556
1786332969,26.68765,87.32433,90,0,218,,5,27.39258,26.68159,21.84556
1786332969,26.701,87.25567,90,0,218,,0,27.39258,26.68159,21.8119
1786332970,26.6289,87.12291,90,0,218,,0,27.29098,26.58019,21.8119
1786332971,26.6556,87.15953,90,0,218,,0,27.39258,26.71565,21.77803
1786332971,26.61288,87.11833,90,0,217,,2,27.35871,26.74932,21.87943
1786332972,26.6289,86.92607,90,0,217,,0,27.35871,26.71565,21.84556
1786332973,26.6289,86.90623,90,0,218,,0,27.42644,26.71565,21.8119
1786332973,26.59953,86.91692,90,0,218,,2,27.35871,26.74932,21.87943
1786332974,26.59953,86.77348,90,0,218,,0,27.39258,26.68159,21.87943
1786332975,26.6743,86.91692,90,0,218,,0,27.42644,26.68159,21.8119
1786332975,26.75708,86.86046,90,0,217,,0,27.39258,26.61406,21.8119
1786332976,26.68765,86.71397,90,0,217,,6,27.35871,26.68159,21.8119
1786332977,26.6743,86.70023,90,0,218,,0,27.39258,26.71565,21.77803
1786332977,26.6556,86.58274,90,0,218,,0,27.35871,26.68159,21.8119
1786332978,26.701,86.54154,90,0,218,,0,27.39258,26.68159,21.84556
1786332979,26.6743,86.53544,90,0,218,,2,27.39258,26.68159,21.87943
1786332979,26.73037,86.57206,90,0,217,,0,27.32484,26.68159,21.8119
1786332980,26.6556,86.54002,90,0,218,,0,27.39258,26.64792,21.9133
1786332981,26.6743,86.48508,90,0,218,,2,27.35871,26.74932,21.8119
1786332981,26.6743,86.55527,90,0,218,,9,27.32484,26.64792,21.87943
1786332982,26.71435,86.59953,90,0,219,,0,27.39258,26.68159,21.84556
1786332983,26.68765,86.61021,90,0,218,,0,27.39258,26.71565,21.84556
1786332984,26.701,86.62699,90,0,218,,0,27.39258,26.71565,21.84556
1786332984,26.68765,86.78722,90,0,218,,0,27.35871,26.64792,21.77803
1786332985,26.68765,86.88029,90,0,218,,0,27.42644,26.71565,21.77803
1786332986,26.73037,86.90318,90,0,218,,0,27.35871,26.64792,21.87943
1786332986,26.64225,86.81621,90,0,217,,10,27.39258,26.71565,21.84556
1786332987,26.73037,86.87114,90,0,217,,0,27.39258,26.64792,21.8119
1786332988,26.6743,86.80553,90,0,218,,0,27.35871,26.71565,21.87943
1786332988,26.77043,86.91539,90,0,217,,1,27.39258,26.74932,21.8119
1786332989,26.6289,86.63767,90,0,218,,9,27.32484,26.61406,21.8119
1786332990,26.68765,86.73685,90,0,217,,0,27.35871,26.61406,21.8119
1786332990,26.6289,86.55375,90,0,217,,0,27.35871,26.68159,21.8119
1786332991,26.68765,86.61021,90,0,217,,5,27.42644,26.71565,21.84556
1786332992,26.71435,86.57816,90,0,218,,1,27.39258,26.71565,21.84556
1786332992,26.6556,86.5507,90,0,218,,0,27.42644,26.68159,21.77803
1786332993,26.6743,86.47288,90,0,218,,0,27.39258,26.68159,21.84556
1786332994,26.68765,86.40421,90,0,218,,4,27.32484,26.71565,21.77803
1786332994,26.6743,86.34013,90,0,218,,0,27.39258,26.68159,21.84556
1786332995,26.68765,86.3859,90,0,218,,0,27.39258,26.71565,21.8119
1786332996,26.57282,86.26078,90,0,217,,0,27.42644,26.68159,21.84556
1786332996,26.701,86.27451,90,0,217,,3,27.35871,26.71565,21.8119
1786332997,26.75708,86.25773,90,0,218,,0,27.39258,26.64792,21.8119
1786332998,26.59953,86.19669,90,0,217,,0,27.32484,26.68159,21.8119
1786332998,26.68765,86.16617,90,0,217,,10,27.35871,26.64792,21.84556
1786332999,26.6743,86.07919,90,0,218,,6,27.35871,26.71565,21.84556
1786333000,26.6556,86.16006,90,0,218,,0,27.42644,26.61406,21.84556
1786333000,26.68765,86.01358,90,0,217,,0,27.35871,26.68159,21.84556
1786333001,26.6743,86.0914,90,0,218,,3,27.39258,26.71565,21.84556
1786333002,26.6743,85.92355,90,0,217,,0,27.35871,26.68159,21.8119
1786333003,26.59953,86.05173,90,0,218,,0,27.39258,26.71565,21.8119
1786333003,26.6289,85.93271,90,0,218,,0,27.39258,26.64792,21.7105
1786333004,26.68765,85.92813,90,0,218,,3,27.39258,26.78319,21.84556
1786333005,26.701,85.92355,90,0,218,,0,27.42644,26.74932,21.84556
1786333005,26.71435,85.94644,90,0,217,,0,27.35871,26.68159,21.87943
1786333006,26.6556,85.86862,90,0,218,,1,27.35871,26.68159,21.87943
1786333007,26.71435,85.92813,90,0,218,,7,27.29098,26.68159,21.77803
1786333007,26.6743,85.85336,90,0,217,,0,27.39258,26.64792,21.87943
1786333008,26.6289,86.1738,90,0,218,,0,27.42644,26.68159,21.84556
1786333009,26.58618,85.78622,90,0,218,,0,27.32484,26.64792,21.8119
1786333009,26.701,85.73586,90,0,217,,9,27.35871,26.71565,21.8119
1786333010,26.74372,85.832,90,0,218,,1,27.42644,26.68159,21.84556
1786333011,26.61288,85.77554,90,0,218,,0,27.39258,26.71565,21.84556
1786333011,26.71435,85.89609,90,0,218,,6,27.35871,26.68159,21.87943
1786333012,26.6743,85.82285,90,0,217,,0,27.39258,26.64792,21.77803
1786333013,26.6743,85.8732,90,0,218,,0,27.39258,26.71565,21.87943
1786333013,26.6289,85.85336,90,0,218,,0,27.35871,26.61406,21.9133
1786333014,26.701,85.73586,90,0,218,,1,27.35871,26.68159,21.8119
1786333015,26.6743,85.78012,90,0,218,,0,27.39258,26.68159,21.8119
1786333015,26.58618,85.75723,90,0,218,,0,27.32484,26.64792,21.74417
1786333016,26.6289,85.71755,90,0,218,,2,27.42644,26.64792,21.84556
1786333017,26.78645,85.81216,90,0,218,,5,27.39258,26.64792,21.84556
1786333017,26.71435,85.73129,90,0,218,,0,27.39258,26.74932,21.77803
1786333018,26.6556,85.76639,90,0,217,,0,27.35871,26.68159,21.8119
1786333019,26.701,85.77707,90,0,217,,4,27.39258,26.64792,21.84556
1786333019,26.701,85.72671,90,0,218,,0,27.39258,26.71565,21.87943
1786333020,26.6743,85.79996,90,0,217,,0,27.39258,26.71565,21.84556
1786333021,26.68765,85.80453,90,0,217,,1,27.35871,26.71565,21.8119
1786333021,26.71435,85.73129,90,0,217,,4,27.32484,26.64792,21.77803
1786333022,26.701,85.64278,90,0,218,,0,27.39258,26.71565,21.7105
1786333023,26.71435,85.64736,90,0,218,,0,27.42644,26.71565,21.9133
1786333024,26.6556,85.71603,90,0,218,,2,27.39258,26.71565,21.77803
1786333024,26.68765,85.72213,90,0,218,,0,27.39258,26.68159,21.74417
1786333025,26.75708,85.65804,90,0,218,,0,27.39258,26.71565,21.84556
1786333026,26.64225,85.64889,90,0,218,,0,27.39258,26.68159,21.74417
1786333026,26.73037,85.73586,90,0,217,,7,27.39258,26.71565,21.8119
1786333027,26.6743,85.63515,90,0,217,,0,27.39258,26.61406,21.84556
1786333028,26.701,85.72671,90,0,218,,0,27.39258,26.71565,21.84556
1786333028,26.73037,85.77707,90,0,218,,2,27.35871,26.61406,21.77803
1786333029,26.701,85.60311,90,0,218,,0,27.35871,26.74932,21.8119
1786333030,26.6743,85.64736,90,0,217,,0,27.39258,26.68159,21.8119
1786333030,26.68765,85.64889,90,0,217,,0,27.35871,26.68159,21.8119
1786333031,26.71435,85.63515,90,0,218,,4,27.32484,26.71565,21.84556
1786333032,26.68765,85.63973,90,0,218,,0,27.35871,26.74932,21.8119
1786333032,26.6289,85.59396,90,0,218,,0,27.39258,26.71565,21.87943
1786333033,26.6743,85.55276,90,0,218,,2,27.32484,26.71565,21.9133
1786333034,26.75708,85.67941,90,0,218,,0,27.39258,26.68159,21.8119
1786333034,26.59953,85.65804,90,0,218,,0,27.35871,26.64792,21.8119
1786333035,26.71435,85.64736,90,0,218,,0,27.46011,26.68159,21.77803
1786333036,26.77043,85.66262,90,0,217,,0,27.39258,26.71565,21.87943
1786333036,26.701,85.59243,90,0,217,,0,27.35871,26.71565,21.77803
1786333037,26.73037,85.58022,90,0,218,,0,27.35871,26.68159,21.77803
1786333038,26.73037,85.56954,90,0,217,,3,27.39258,26.71565,21.84556
1786333038,26.68765,85.48409,90,0,218,,2,27.39258,26.64792,21.87943
1786333039,26.58618,85.58938,90,0,217,,0,27.39258,26.68159,21.8119
1786333040,26.74372,85.58327,90,0,217,,0,27.42644,26.64792,21.87943
1786333040,26.6743,85.49172,90,0,218,,11,27.35871,26.61406,21.77803
1786333041,26.701,85.61227,90,0,218,,0,27.35871,26.64792,21.8119
1786333042,26.64225,85.52529,90,0,218,,0,27.35871,26.74932,21.7105
1786333043,26.6743,85.44137,90,0,218,,0,27.35871,26.64792,21.8119
1786333043,26.73037,85.63058,90,0,218,,0,27.42644,26.61406,21.8119
1786333044,26.68765,85.4139,90,0,218,,0,27.39258,26.71565,21.8119
1786333045,26.64225,85.53445,90,0,218,,0,27.39258,26.81705,21.77803
1786333045,26.701,85.47799,90,0,218,,11,27.42644,26.68159,21.87943
1786333046,26.68765,85.51614,90,0,218,,0,27.39258,26.64792,21.8119
1786333047,26.71435,85.4612,90,0,218,,0,27.39258,26.74932,21.74417
1786333047,26.6556,85.50698,90,0,217,,7,27.42644,26.71565,21.84556
1786333048,26.64225,85.4612,90,0,218,,0,27.35871,26.71565,21.84556
1786333049,26.74372,85.37728,90,0,218,,0,27.32484,26.68159,21.9133
1786333049,26.68765,85.4139,90,0,218,,7,27.42644,26.71565,21.84556
1786333050,26.701,85.33303,90,0,218,,9,27.35871,26.74932,21.8119
1786333051,26.64225,85.43221,90,0,217,,0,27.39258,26.71565,21.87943
1786333051,26.73037,85.42458,90,0,218,,0,27.35871,26.64792,21.8119
1786333052,26.81315,85.34219,90,0,218,,1,27.39258,26.78319,21.77803
1786333053,26.6556,85.35134,90,0,218,,0,27.39258,26.71565,21.8119
1786333053,26.701,85.41543,90,0,218,,0,27.32484,26.68159,21.87943
1786333054,26.68765,85.38186,90,0,218,,2,27.35871,26.61406,21.8119
1786333055,26.68765,85.44595,90,0,218,,0,27.39258,26.71565,21.8119
1786333055,26.73037,85.43679,90,0,218,,0,27.35871,26.64792,21.84556
1786333056,26.68765,85.39254,90,0,218,,0,27.35871,26.64792,21.84556
1786333057,26.73037,85.3727,90,0,218,,7,27.39258,26.68159,21.77803
1786333057,26.71435,85.33761,90,0,218,,0,27.39258,26.71565,21.8119
1786333058,26.74372,85.48867,90,0,218,,0,27.35871,26.68159,21.74417
1786333059,26.6743,85.53292,90,0,218,,4,27.39258,26.68159,21.8119
1786333059,26.6289,85.47952,90,0,217,,2,27.46011,26.68159,21.8119
1786333060,26.74372,85.45052,90,0,217,,0,27.32484,26.68159,21.77803
1786333061,26.6743,85.5024,90,0,218,,0,27.35871,26.71565,21.9133
1786333062,26.71435,85.49172,90,0,217,,2,27.42644,26.71565,21.84556
1786333062,26.6743,85.35592,90,0,218,,0,27.39258,26.68159,21.77803
1786333063,26.701,85.37423,90,0,218,,0,27.35871,26.71565,21.84556
1786333064,26.6743,85.47952,90,0,218,,5,27.35871,26.64792,21.84556
1786333064,26.71435,85.49172,90,0,218,,0,27.35871,26.74932,21.84556
1786333065,26.68765,85.47341,90,0,218,,0,27.39258,26.71565,21.94696
1786333066,26.64225,85.48257,90,0,217,,0,27.42644,26.71565,21.8119
1786333066,26.701,85.40627,90,0,218,,9,27.35871,26.68159,21.8119
1786333067,26.701,85.44747,90,0,217,,0,27.39258,26.71565,21.84556
1786333068,26.68765,85.3727,90,0,217,,0,27.35871,26.78319,21.84556
1786333068,26.71435,85.4612,90,0,217,,4,27.35871,26.74932,21.84556
1786333069,26.59953,85.36813,90,0,217,,0,27.39258,26.71565,21.8119
1786333070,26.77043,85.46883,90,0,217,,0,27.39258,26.74932,21.8119
1786333070,26.68765,85.6199,90,0,218,,2,27.39258,26.71565,21.77803
1786333071,26.78645,85.59701,90,0,217,,4,27.39258,26.71565,21.77803
1786333072,26.74372,85.626,90,0,217,,0,27.29098,26.68159,21.84556
1786333072,26.6289,85.63363,90,0,219,,0,27.39258,26.68159,21.84556
1786333073,26.68765,85.61074,90,0,218,,7,27.35871,26.74932,21.9133
1786333074,26.71435,85.95865,90,0,218,,0,27.39258,26.64792,21.84556
1786333074,26.73037,85.71297,90,0,218,,0,27.39258,26.68159,21.84556
1786333075,26.75708,85.79385,90,0,218,,0,27.39258,26.68159,21.84556
1786333076,26.6556,85.77554,90,0,218,,4,27.39258,26.68159,21.87943
1786333076,26.74372,85.72976,90,0,217,,0,27.35871,26.71565,21.84556
1786333077,26.701,85.83047,90,0,217,,0,27.39258,26.71565,21.8119
1786333078,26.68765,85.80453,90,0,217,,4,27.35871,26.61406,21.8119
1786333078,26.68765,85.72213,90,0,218,,0,27.42644,26.68159,21.77803
1786333079,26.701,85.66262,90,0,217,,0,27.35871,26.68159,21.77803
1786333080,26.71435,85.74044,90,0,218,,0,27.35871,26.71565,21.8119
1786333081,26.701,85.68551,90,0,217,,7,27.32484,26.74932,21.8119
1786333081,26.74372,85.71755,90,0,218,,0,27.42644,26.64792,21.87943
1786333082,26.701,85.63363,90,0,218,,0,27.39258,26.68159,21.8119
1786333083,26.64225,85.65804,90,0,218,,0,27.42644,26.54632,21.84556
1786333083,26.701,85.69466,90,0,218,,0,27.39258,26.71565,21.8119
1786333084,26.68765,85.73434,90,0,218,,0,27.35871,26.71565,21.84556
1786333085,26.6743,85.74044,90,0,218,,0,27.35871,26.74932,21.87943
1786333085,26.68765,85.71297,90,0,218,,9,27.35871,26.71565,21.9133
1786333086,26.71435,85.74044,90,0,217,,0,27.35871,26.68159,21.77803
1786333087,26.73037,85.77707,90,0,218,,0,27.39258,26.74932,21.87943
1786333087,26.6289,85.70687,90,0,217,,2,27.39258,26.68159,21.77803
1786333088,26.77043,85.84879,90,0,218,,0,27.35871,26.64792,21.77803
1786333089,26.74372,86.02884,90,0,217,,0,27.39258,26.71565,21.84556
1786333089,26.74372,86.28519,90,0,218,,0,27.39258,26.68159,21.8119
1786333090,26.77043,86.26231,90,0,217,,6,27.42644,26.71565,21.84556
1786333091,26.73037,86.36607,90,0,217,,0,27.39258,26.74932,21.77803
1786333091,26.74372,86.56443,90,0,217,,0,27.35871,26.71565,21.84556
1786333092,26.74372,86.58579,90,0,218,,2,27.39258,26.74932,21.8119
1786333093,26.7998,86.64225,90,0,219,,0,27.39258,26.68159,21.87943
1786333093,26.68765,86.55985,90,0,218,,0,27.32484,26.78319,21.77803
1786333094,26.75708,86.71549,90,0,218,,2,27.35871,26.71565,21.8119
1786333095,26.74372,86.66972,90,0,218,,1,27.35871,26.71565,21.9133
1786333095,26.73037,86.6041,90,0,218,,0,27.35871,26.74932,21.87943
1786333096,26.68765,86.63309,90,0,217,,0,27.39258,26.71565,21.87943
1786333097,26.71435,86.60868,90,0,218,,7,27.32484,26.64792,21.77803
1786333097,26.6743,86.47288,90,0,217,,0,27.39258,26.58019,21.84556
1786333098,26.6556,86.6865,90,0,217,,0,27.35871,26.64792,21.84556
1786333099,26.68765,86.48661,90,0,217,,8,27.39258,26.74932,21.84556
1786333100,26.68765,86.41337,90,0,217,,0,27.39258,26.68159,21.84556
1786333100,26.71435,86.47593,90,0,218,,0,27.35871,26.71565,21.77803
1786333101,26.75708,86.44541,90,0,217,,0,27.32484,26.68159,21.77803
1786333102,26.71435,86.36149,90,0,218,,9,27.35871,26.71565,21.8119
1786333102,26.701,86.38895,90,0,219,,0,27.42644,26.71565,21.84556
1786333103,26.68765,86.26994,90,0,218,,0,27.39258,26.64792,21.8119
1786333104,26.78645,86.41337,90,0,218,,0,27.39258,26.78319,21.84556
1786333104,26.74372,86.39048,90,0,218,,0,27.32484,26.71565,21.8119
1786333105,26.73037,86.35691,90,0,218,,0,27.35871,26.64792,21.84556
1786333106,26.6743,86.34013,90,0,218,,8,27.35871,26.74932,21.8119
1786333106,26.75708,86.19821,90,0,217,,8,27.39258,26.71565,21.77803
1786333107,26.701,86.31571,90,0,217,,0,27.35871,26.71565,21.84556
1786333108,26.6556,86.14786,90,0,217,,0,27.42644,26.71565,21.8119
1786333108,26.74372,86.18295,90,0,218,,9,27.35871,26.64792,21.87943
1786333109,26.74372,86.20279,90,0,218,,0,27.35871,26.68159,21.84556
1786333110,26.6556,86.23026,90,0,218,,0,27.39258,26.71565,21.8119
1786333110,26.68765,86.06393,90,0,218,,5,27.39258,26.64792,21.87943
1786333111,26.6743,86.14328,90,0,218,,0,27.42644,26.68159,21.8119
1786333112,26.68765,85.96933,90,0,218,,0,27.35871,26.71565,21.74417
1786333112,26.77043,86.12802,90,0,218,,0,27.42644,26.68159,21.84556
1786333113,26.6743,86.06088,90,0,218,,1,27.39258,26.68159,21.8119
1786333114,26.75708,85.95865,90,0,218,,0,27.35871,26.71565,21.77803
1786333114,26.64225,86.08224,90,0,218,,0,27.39258,26.78319,21.8119
1786333115,26.701,86.10971,90,0,218,,11,27.39258,26.71565,21.77803
1786333116,26.75708,86.10208,90,0,218,,0,27.39258,26.68159,21.77803
1786333116,26.73037,86.02426,90,0,218,,0,27.39258,26.68159,21.8119
1786333117,26.77043,85.98306,90,0,218,,7,27.42644,26.61406,21.84556
1786333118,26.6743,85.98764,90,0,218,,0,27.32484,26.64792,21.8119
1786333119,26.74372,86.10971,90,0,218,,0,27.39258,26.68159,21.9133
1786333119,26.71435,86.12344,90,0,218,,0,27.39258,26.68159,21.77803
1786333120,26.73037,86.12802,90,0,218,,3,27.39258,26.71565,21.8119
1786333121,26.75708,86.09598,90,0,217,,0,27.39258,26.71565,21.8119
1786333121,26.68765,86.04257,90,0,218,,0,27.35871,26.68159,21.87943
1786333122,26.68765,85.99222,90,0,218,,3,27.35871,26.64792,21.84556
1786333123,26.61288,86.11581,90,0,218,,0,27.42644,26.64792,21.84556
1786333123,26.73037,86.23026,90,0,218,,0,27.39258,26.64792,21.9133
1786333124,26.68765,86.11581,90,0,218,,0,27.32484,26.71565,21.9133
1786333125,26.6743,86.0914,90,0,218,,0,27.39258,26.68159,21.8119
1786333125,26.61288,86.14633,90,0,218,,0,27.39258,26.64792,21.8119
1786333126,26.68765,86.06393,90,0,218,,0,27.32484,26.71565,21.87943
1786333127,26.71435,86.12344,90,0,217,,6,27.35871,26.68159,21.8119
1786333127,26.74372,86.12955,90,0,218,,0,27.35871,26.68159,21.84556
1786333128,26.68765,85.92813,90,0,218,,0,27.32484,26.64792,21.77803
1786333129,26.75708,85.91898,90,0,218,,3,27.35871,26.71565,21.77803
1786333129,26.75708,85.99069,90,0,217,,5,27.32484,26.68159,21.77803
1786333130,26.71435,86.02884,90,0,217,,0,27.42644,26.68159,21.84556
1786333131,26.71435,86.02884,90,0,218,,0,27.39258,26.71565,21.8119
1786333131,26.701,85.86252,90,0,217,,6,27.35871,26.71565,21.87943
1786333132,26.68765,85.91898,90,0,218,,0,27.39258,26.61406,21.77803
1786333133,26.74372,85.94492,90,0,218,,0,27.39258,26.71565,21.8119
1786333133,26.6289,85.78928,90,0,218,,0,27.32484,26.71565,21.8119
1786333134,26.64225,85.84573,90,0,218,,7,27.35871,26.68159,21.8119
1786333135,26.73037,85.90982,90,0,218,,0,27.42644,26.74932,21.84556
1786333135,26.6743,85.93576,90,0,218,,0,27.42644,26.68159,21.84556
1786333136,26.701,85.87167,90,0,217,,3,27.35871,26.68159,21.87943
1786333137,26.74372,85.93576,90,0,218,,0,27.39258,26.68159,21.87943
1786333138,26.78645,85.91745,90,0,218,,0,27.32484,26.68159,21.8119
1786333138,26.75708,85.97849,90,0,218,,0,27.39258,26.71565,21.87943
1786333139,26.77043,85.93271,90,0,218,,3,27.35871,26.74932,21.87943
1786333140,26.6556,85.86862,90,0,218,,0,27.32484,26.68159,21.77803
1786333140,26.7998,85.85794,90,0,217,,0,27.39258,26.74932,21.87943
1786333141,26.701,85.94186,90,0,218,,4,27.39258,26.71565,21.84556
1786333142,26.6556,85.88083,90,0,217,,4,27.35871,26.64792,21.77803
1786333142,26.701,86.01511,90,0,218,,0,27.39258,26.71565,21.84556
1786333143,26.73037,86.12802,90,0,218,,0,27.39258,26.68159,21.87943
1786333144,26.701,86.00595,90,0,218,,2,27.35871,26.68159,21.9133
1786333144,26.6556,85.94186,90,0,218,,0,27.39258,26.64792,21.84556
1786333145,26.6556,85.83963,90,0,218,,0,27.39258,26.64792,21.84556
1786333146,26.701,85.89151,90,0,218,,2,27.39258,26.71565,21.84556
1786333146,26.68765,85.73434,90,0,217,,10,27.39258,26.61406,21.8119
1786333147,26.68765,85.76639,90,0,217,,0,27.42644,26.71565,21.8119
1786333148,26.73037,85.65194,90,0,217,,0,27.39258,26.68159,21.8119
1786333148,26.701,85.77707,90,0,217,,10,27.39258,26.68159,21.8119
1786333149,26.73037,85.67178,90,0,218,,0,27.46011,26.61406,21.84556
1786333150,26.6289,85.46883,90,0,218,,0,27.35871,26.68159,21.8119
1786333150,26.6743,85.51156,90,0,217,,2,27.35871,26.74932,21.8119
1786333151,26.701,85.56191,90,0,217,,7,27.39258,26.68159,21.74417
1786333152,26.6743,85.47952,90,0,218,,0,27.39258,26.68159,21.84556
1786333153,26.71435,85.5436,90,0,219,,0,27.39258,26.61406,21.84556
1786333153,26.68765,85.5787,90,0,218,,10,27.35871,26.74932,21.87943
1786333154,26.73037,85.56954,90,0,218,,0,27.35871,26.68159,21.74417
1786333154,26.71435,85.42001,90,0,218,,0,27.39258,26.68159,21.9133
1786333155,26.71435,85.57565,90,0,218,,6,27.39258,26.68159,21.77803
1786333156,26.701,85.37423,90,0,218,,2,27.39258,26.64792,21.77803
1786333157,26.64225,85.47341,90,0,217,,0,27.35871,26.68159,21.87943
1786333157,26.68765,85.42306,90,0,217,,0,27.42644,26.78319,21.8119
1786333158,26.74372,85.47036,90,0,218,,2,27.39258,26.64792,21.87943
1786333159,26.74372,85.56191,90,0,217,,0,27.39258,26.64792,21.84556
1786333159,26.68765,85.52529,90,0,218,,0,27.35871,26.71565,21.9133
1786333160,26.78645,85.5436,90,0,218,,2,27.35871,26.71565,21.8119
1786333161,26.6556,85.51919,90,0,217,,6,27.35871,26.71565,21.84556
1786333161,26.58618,85.45663,90,0,217,,0,27.39258,26.68159,21.8119
1786333162,26.74372,85.55276,90,0,218,,0,27.39258,26.68159,21.84556
1786333163,26.6289,85.51003,90,0,218,,0,27.42644,26.71565,21.87943
1786333163,26.71435,85.53445,90,0,218,,0,27.35871,26.71565,21.87943
1786333164,26.7998,85.4963,90,0,218,,0,27.39258,26.68159,21.87943
1786333165,26.71435,85.56496,90,0,218,,1,27.35871,26.68159,21.9133
1786333165,26.6743,85.57412,90,0,218,,0,27.32484,26.68159,21.8119
1786333166,26.6743,85.69772,90,0,217,,0,27.35871,26.78319,21.84556
1786333167,26.68765,85.68093,90,0,218,,0,27.35871,26.68159,21.77803
1786333167,26.701,85.57107,90,0,218,,6,27.39258,26.74932,21.8119
1786333168,26.54345,85.56954,90,0,218,,0,27.35871,26.68159,21.77803
1786333169,26.73037,85.80759,90,0,217,,0,27.46011,26.68159,21.87943
1786333169,26.68765,85.55733,90,0,217,,5,27.35871,26.68159,21.8119
1786333170,26.71435,85.7206,90,0,217,,0,27.35871,26.61406,21.7105
1786333171,26.77043,85.83963,90,0,217,,0,27.32484,26.68159,21.84556
1786333171,26.6289,85.89456,90,0,218,,7,27.35871,26.71565,21.8119
1786333172,26.73037,85.95102,90,0,218,,0,27.39258,26.68159,21.8119
1786333173,26.6556,86.01511,90,0,218,,0,27.35871,26.74932,21.87943
1786333174,26.61288,85.98154,90,0,218,,0,27.35871,26.74932,21.84556
1786333174,26.7998,86.12497,90,0,218,,5,27.42644,26.64792,21.77803
1786333175,26.6743,86.19363,90,0,218,,0,27.39258,26.68159,21.77803
1786333176,26.77043,86.14786,90,0,218,,0,27.35871,26.64792,21.8119
1786333176,26.75708,86.03189,90,0,218,,5,27.39258,26.68159,21.8119
1786333177,26.6556,86.09598,90,0,218,,0,27.35871,26.68159,21.8119
1786333178,26.6556,86.01511,90,0,218,,0,27.35871,26.64792,21.87943
1786333178,26.6743,86.07919,90,0,217,,2,27.32484,26.71565,21.84556
1786333179,26.6556,86.07462,90,0,218,,9,27.42644,26.68159,21.8119
1786333180,26.82918,86.34013,90,0,218,,0,27.39258,26.78319,21.8119
1786333180,26.78645,85.9556,90,0,218,,0,27.35871,26.64792,21.77803
1786333181,26.6289,86.00595,90,0,217,,6,27.39258,26.71565,21.8119
1786333182,26.71435,85.97849,90,0,218,,0,27.39258,26.71565,21.84556
1786333182,26.701,85.97391,90,0,218,,0,27.39258,26.74932,21.8119
1786333183,26.84253,86.10971,90,0,218,,0,27.39258,26.68159,21.8119
1786333184,26.701,86.10971,90,0,218,,2,27.39258,26.68159,21.84556
1786333184,26.77043,86.29435,90,0,218,,0,27.39258,26.68159,21.8119
1786333185,26.71435,86.35233,90,0,218,,0,27.35871,26.71565,21.87943
1786333186,26.71435,86.24704,90,0,217,,5,27.35871,26.74932,21.84556
1786333186,26.71435,86.22568,90,0,217,,0,27.39258,26.74932,21.8119
1786333187,26.73037,86.35691,90,0,218,,0,27.32484,26.71565,21.8119
1786333188,26.68765,86.28062,90,0,217,,0,27.35871,26.64792,21.8119
1786333188,26.701,86.36759,90,0,218,,5,27.35871,26.68159,21.8119
1786333189,26.75708,86.39506,90,0,218,,0,27.39258,26.71565,21.74417
1786333190,26.6743,86.36149,90,0,217,,0,27.39258,26.71565,21.84556
1786333190,26.64225,86.26994,90,0,218,,2,27.29098,26.64792,21.8119
1786333191,26.701,86.32639,90,0,218,,0,27.35871,26.68159,21.87943
1786333192,26.68765,86.32182,90,0,218,,0,27.35871,26.64792,21.84556
1786333193,26.6556,86.37675,90,0,218,,0,27.39258,26.71565,21.87943
1786333193,26.77043,86.36759,90,0,218,,0,27.39258,26.74932,21.87943
1786333194,26.74372,86.2562,90,0,218,,0,27.35871,26.68159,21.84556
1786333195,26.6743,86.37064,90,0,218,,0,27.39258,26.74932,21.87943
1786333195,26.73037,86.32487,90,0,218,,1,27.39258,26.68159,21.9133
1786333196,26.73037,86.29282,90,0,218,,6,27.42644,26.61406,21.84556
1786333197,26.68765,86.34318,90,0,218,,0,27.35871,26.78319,21.74417
1786333197,26.75708,86.15549,90,0,218,,0,27.39258,26.74932,21.87943
1786333198,26.701,86.29435,90,0,218,,7,27.39258,26.64792,21.77803
1786333199,26.77043,86.25315,90,0,217,,7,27.42644,26.71565,21.84556
1786333199,26.75708,86.24857,90,0,218,,0,27.42644,26.64792,21.87943
1786333200,26.75708,86.21957,90,0,218,,0,27.39258,26.71565,21.77803
1786333201,26.701,86.18295,90,0,217,,9,27.35871,26.68159,21.84556
1786333201,26.64225,86.29893,90,0,218,,0,27.42644,26.71565,21.77803
1786333202,26.71435,86.08224,90,0,218,,0,27.32484,26.64792,21.8119
1786333203,26.74372,86.23483,90,0,218,,0,27.35871,26.74932,21.77803
1786333203,26.6556,86.11581,90,0,218,,0,27.35871,26.68159,21.87943
1786333204,26.6743,86.15244,90,0,218,,0,27.35871,26.71565,21.8119
1786333205,26.78645,86.07004,90,0,218,,0,27.39258,26.68159,21.8119
1786333205,26.71435,86.12344,90,0,218,,1,27.42644,26.71565,21.8119
1786333206,26.64225,85.99985,90,0,218,,8,27.42644,26.81705,21.8119
1786333207,26.6289,86.05936,90,0,218,,0,27.35871,26.74932,21.8119
1786333207,26.64225,86.08224,90,0,217,,0,27.32484,26.64792,21.87943
1786333208,26.701,86.1387,90,0,218,,0,27.35871,26.78319,21.8119
1786333209,26.71435,85.93576,90,0,218,,1,27.39258,26.78319,21.84556
1786333209,26.77043,85.94186,90,0,217,,0,27.39258,26.71565,21.77803
1786333210,26.74372,85.9968,90,0,218,,0,27.42644,26.64792,21.8119
1786333211,26.74372,85.97696,90,0,218,,6,27.35871,26.64792,21.87943
1786333211,26.68765,86.15701,90,0,218,,0,27.39258,26.71565,21.8119
1786333212,26.73037,86.21042,90,0,218,,0,27.35871,26.71565,21.77803
1786333213,26.71435,86.04105,90,0,218,,0,27.32484,26.71565,21.8119
1786333214,26.82918,86.17532,90,0,218,,2,27.35871,26.68159,21.87943
1786333214,26.71435,86.43168,90,0,218,,0,27.42644,26.71565,21.84556
1786333215,26.74372,86.31724,90,0,218,,0,27.42644,26.64792,21.74417
1786333216,26.71435,86.43168,90,0,218,,6,27.39258,26.64792,21.8119
1786333216,26.74372,86.421,90,0,218,,0,27.32484,26.71565,21.8119
1786333217,26.6743,86.46372,90,0,217,,0,27.32484,26.71565,21.8119
1786333218,26.71435,86.48508,90,0,218,,0,27.39258,26.64792,21.84556
1786333218,26.71435,86.49577,90,0,218,,7,27.32484,26.74932,21.87943
1786333219,26.6743,86.46372,90,0,218,,0,27.42644,26.61406,21.84556
1786333220,26.64225,86.43473,90,0,217,,0,27.39258,26.64792,21.84556
1786333220,26.6556,86.44846,90,0,218,,2,27.35871,26.68159,21.84556
1786333221,26.59953,86.34928,90,0,218,,0,27.39258,26.71565,21.8119
1786333222,26.71435,86.44389,90,0,217,,0,27.39258,26.68159,21.84556
1786333222,26.701,86.36759,90,0,218,,0,27.35871,26.68159,21.98083
1786333223,26.73037,86.26078,90,0,218,,3,27.42644,26.71565,21.94696
1786333224,26.75708,86.27909,90,0,218,,0,27.39258,26.81705,21.84556
1786333224,26.75708,86.37217,90,0,218,,0,27.35871,26.64792,21.84556
1786333225,26.73037,86.28367,90,0,218,,1,27.42644,26.71565,21.8119
1786333226,26.64225,86.13412,90,0,218,,0,27.35871,26.68159,21.8119
1786333226,26.6556,86.20126,90,0,218,,0,27.32484,26.64792,21.77803
1786333227,26.6743,86.24399,90,0,218,,1,27.39258,26.71565,21.77803
1786333228,26.71435,86.06088,90,0,218,,7,27.39258,26.71565,21.84556
1786333228,26.73037,86.02426,90,0,218,,0,27.39258,26.74932,21.87943
1786333229,26.73037,85.98306,90,0,217,,0,27.39258,26.64792,21.8119
1786333230,26.6289,86.05936,90,0,218,,1,27.35871,26.71565,21.77803
1786333230,26.71435,85.95865,90,0,217,,0,27.42644,26.71565,21.77803
1786333231,26.74372,85.93576,90,0,217,,0,27.32484,26.71565,21.8119
1786333232,26.68765,86.01358,90,0,218,,0,27.35871,26.64792,21.87943
1786333233,26.71435,85.99985,90,0,218,,0,27.32484,26.71565,21.84556
1786333233,26.73037,85.90067,90,0,218,,0,27.39258,26.68159,21.8119
1786333234,26.701,85.96323,90,0,218,,0,27.39258,26.71565,21.8119
1786333235,26.59953,85.89609,90,0,218,,3,27.39258,26.64792,21.8119
1786333235,26.6743,85.97696,90,0,217,,0,27.39258,26.71565,21.74417
1786333236,26.701,85.83047,90,0,217,,0,27.35871,26.64792,21.84556
1786333237,26.64225,85.87625,90,0,217,,4,27.39258,26.68159,21.84556
1786333237,26.68765,85.99222,90,0,217,,0,27.39258,26.71565,21.84556
1786333238,26.75708,85.97849,90,0,218,,0,27.39258,26.64792,21.74417
1786333239,26.64225,85.8671,90,0,218,,3,27.35871,26.64792,21.9133
1786333239,26.71435,86.08224,90,0,218,,6,27.39258,26.64792,21.7105
1786333240,26.6289,85.96475,90,0,218,,0,27.32484,26.71565,21.9133
1786333241,26.6556,85.94186,90,0,218,,0,27.42644,26.71565,21.77803
1786333241,26.64225,85.99985,90,0,218,,4,27.42644,26.68159,21.84556
1786333242,26.75708,86.07309,90,0,218,,0,27.42644,26.61406,21.8119
1786333243,26.77043,86.11887,90,0,219,,0,27.39258,26.71565,21.8119
1786333243,26.71435,86.1326,90,0,218,,3,27.35871,26.71565,21.84556
1786333244,26.6743,86.1738,90,0,218,,1,27.35871,26.74932,21.94696
1786333245,26.6743,86.06088,90,0,218,,0,27.32484,26.64792,21.87943
1786333245,26.74372,86.24704,90,0,217,,0,27.35871,26.68159,21.84556
1786333246,26.71435,86.41184,90,0,217,,6,27.42644,26.74932,21.77803
1786333247,26.78645,86.30808,90,0,218,,0,27.35871,26.61406,21.87943
1786333247,26.6556,86.33555,90,0,218,,0,27.35871,26.74932,21.77803
1786333248,26.59953,86.37064,90,0,217,,7,27.39258,26.74932,21.84556
1786333249,26.64225,86.40269,90,0,217,,7,27.39258,26.61406,21.8119
1786333250,26.74372,86.43015,90,0,217,,0,27.39258,26.68159,21.87943
1786333250,26.68765,86.5095,90,0,218,,0,27.32484,26.74932,21.74417
1786333251,26.71435,86.57816,90,0,218,,3,27.35871,26.71565,21.74417
1786333252,26.73037,86.5507,90,0,218,,0,27.35871,26.68159,21.77803
1786333252,26.701,86.55375,90,0,219,,0,27.39258,26.74932,21.8119
1786333253,26.75708,86.49577,90,0,218,,0,27.39258,26.74932,21.77803
1786333254,26.6556,86.50034,90,0,218,,2,27.39258,26.74932,21.77803
1786333254,26.71435,86.59953,90,0,218,,0,27.42644,26.64792,21.8119
1786333255,26.73037,86.54154,90,0,218,,0,27.35871,26.68159,21.84556
1786333256,26.71435,86.54612,90,0,217,,6,27.39258,26.71565,21.8119
1786333256,26.77043,86.53239,90,0,218,,0,27.32484,26.68159,21.77803
1786333257,26.7998,86.51865,90,0,218,,0,27.35871,26.64792,21.84556
1786333258,26.75708,86.59953,90,0,217,,2,27.39258,26.68159,21.84556
1786333258,26.7998,86.49882,90,0,218,,2,27.39258,26.68159,21.74417
1786333259,26.6556,86.39506,90,0,218,,0,27.42644,26.68159,21.8119
1786333260,26.74372,86.51408,90,0,218,,0,27.35871,26.68159,21.74417
1786333260,26.701,86.47135,90,0,218,,1,27.35871,26.71565,21.77803
1786333261,26.71435,86.42252,90,0,218,,0,27.35871,26.71565,21.8119
1786333262,26.75708,86.37217,90,0,217,,0,27.35871,26.64792,21.77803
1786333262,26.68765,86.31266,90,0,218,,0,27.39258,26.64792,21.8119
1786333263,26.6556,86.37675,90,0,218,,4,27.35871,26.64792,21.77803
1786333264,26.701,86.34776,90,0,218,,0,27.39258,26.71565,21.84556
1786333264,26.71435,86.36149,90,0,218,,0,27.39258,26.74932,21.8119
1786333265,26.75708,86.28977,90,0,218,,0,27.39258,26.64792,21.87943
1786333266,26.68765,86.28977,90,0,217,,0,27.39258,26.68159,21.87943
1786333266,26.61288,86.21042,90,0,217,,0,27.35871,26.78319,21.74417
1786333267,26.75708,86.40421,90,0,217,,2,27.39258,26.68159,21.84556
1786333268,26.68765,86.28062,90,0,218,,5,27.35871,26.64792,21.8119
1786333269,26.74372,86.18295,90,0,217,,0,27.39258,26.68159,21.87943
1786333269,26.58618,86.15091,90,0,217,,0,27.35871,26.74932,21.8119
1786333270,26.77043,86.29435,90,0,218,,5,27.42644,26.71565,21.8119
1786333271,26.85588,86.20584,90,0,217,,0,27.35871,26.68159,21.8119
1786333271,26.6743,86.19363,90,0,217,,0,27.39258,26.74932,21.87943
1786333272,26.61288,86.19821,90,0,218,,2,27.35871,26.64792,21.84556
1786333273,26.71435,86.20584,90,0,218,,0,27.39258,26.61406,21.8119
1786333273,26.701,86.18295,90,0,218,,0,27.39258,26.64792,21.84556
1786333274,26.6556,86.14786,90,0,218,,0,27.32484,26.68159,21.74417
1786333275,26.64225,86.17532,90,0,218,,3,27.39258,26.71565,21.74417
1786333275,26.75708,86.25773,90,0,218,,0,27.39258,26.71565,21.8119
1786333276,26.71435,86.16464,90,0,217,,0,27.39258,26.64792,21.84556
1786333277,26.74372,86.12039,90,0,217,,2,27.32484,26.64792,21.77803
1786333277,26.78645,86.21652,90,0,217,,8,27.32484,26.61406,21.77803
1786333278,26.68765,86.13718,90,0,218,,0,27.39258,26.71565,21.8119
1786333279,26.71435,86.23788,90,0,218,,0,27.35871,26.68159,21.8119
1786333279,26.68765,86.14633,90,0,218,,4,27.39258,26.71565,21.84556
1786333280,26.68765,86.26078,90,0,217,,0,27.39258,26.64792,21.8119
1786333281,26.73037,86.2211,90,0,218,,0,27.35871,26.71565,21.84556
1786333281,26.75708,86.34318,90,0,218,,0,27.39258,26.74932,21.8119
1786333282,26.701,86.23331,90,0,218,,4,27.39258,26.68159,21.84556
1786333283,26.71435,86.36149,90,0,219,,0,27.39258,26.58019,21.77803
1786333283,26.78645,86.26688,90,0,218,,0,27.35871,26.74932,21.84556
1786333284,26.68765,86.16617,90,0,218,,6,27.35871,26.68159,21.84556
1786333285,26.59953,86.18448,90,0,218,,1,27.42644,26.74932,21.8119
1786333285,26.6743,86.10056,90,0,217,,0,27.42644,26.68159,21.77803
1786333286,26.6556,86.2211,90,0,218,,0,27.39258,26.68159,21.8119
1786333287,26.701,86.22415,90,0,217,,8,27.32484,26.64792,21.8119
1786333288,26.71435,86.27909,90,0,217,,0,27.35871,26.71565,21.74417
1786333288,26.6743,86.21652,90,0,218,,0,27.39258,26.71565,21.84556
1786333289,26.74372,86.215,90,0,218,,0,27.32484,26.71565,21.87943
1786333290,26.71435,86.14328,90,0,218,,5,27.35871,26.71565,21.84556
1786333290,26.6556,86.01511,90,0,217,,0,27.39258,26.68159,21.84556
1786333291,26.61288,86.09598,90,0,218,,0,27.39258,26.68159,21.77803
1786333292,26.6556,86.07462,90,0,218,,10,27.35871,26.64792,21.8119
1786333292,26.64225,86.03189,90,0,218,,0,27.35871,26.74932,21.8119
1786333293,26.75708,86.09598,90,0,218,,0,27.35871,26.68159,21.77803
1786333294,26.75708,86.13412,90,0,218,,0,27.35871,26.68159,21.87943
1786333294,26.68765,86.11581,90,0,218,,8,27.35871,26.61406,21.8119
1786333295,26.73037,85.96323,90,0,218,,0,27.32484,26.68159,21.8119
1786333296,26.71435,86.01968,90,0,218,,0,27.35871,26.71565,21.87943
1786333296,26.64225,86.08224,90,0,218,,2,27.39258,26.68159,21.74417
1786333297,26.64225,86.02274,90,0,218,,12,27.39258,26.64792,21.84556
1786333298,26.701,86.07919,90,0,218,,0,27.32484,26.74932,21.87943
1786333298,26.75708,85.99985,90,0,217,,0,27.35871,26.71565,21.84556
1786333299,26.75708,85.99069,90,0,217,,8,27.35871,26.74932,21.87943
1786333300,26.73037,85.90067,90,0,218,,0,27.32484,26.74932,21.84556
1786333300,26.68765,85.89914,90,0,218,,0,27.35871,26.68159,21.84556
1786333301,26.74372,85.92661,90,0,217,,0,27.39258,26.71565,21.74417
1786333302,26.68765,85.92813,90,0,217,,3,27.39258,26.68159,21.84556
1786333302,26.61288,85.90829,90,0,218,,0,27.39258,26.71565,21.8119
1786333303,26.68765,85.94034,90,0,218,,0,27.39258,26.68159,21.8119
1786333304,26.6556,85.96323,90,0,218,,1,27.35871,26.74932,21.84556
1786333304,26.73037,85.96323,90,0,218,,1,27.35871,26.71565,21.84556
1786333305,26.64225,85.77249,90,0,218,,0,27.39258,26.61406,21.84556
1786333306,26.74372,85.94492,90,0,218,,0,27.29098,26.71565,21.77803
1786333307,26.68765,85.99222,90,0,217,,11,27.35871,26.71565,21.8119
1786333307,26.6289,85.90372,90,0,218,,9,27.39258,26.71565,21.8119
1786333308,26.71435,85.91745,90,0,218,,0,27.39258,26.74932,21.84556
1786333309,26.77043,86.04562,90,0,218,,0,27.39258,26.74932,21.8119
1786333309,26.71435,85.97849,90,0,217,,4,27.39258,26.64792,21.84556
1786333310,26.78645,86.06088,90,0,218,,1,27.39258,26.71565,21.74417
1786333311,26.74372,86.0914,90,0,218,,0,27.39258,26.71565,21.87943
1786333311,26.81315,86.08835,90,0,218,,0,27.39258,26.68159,21.87943
1786333312,26.68765,86.06393,90,0,217,,15,27.35871,26.71565,21.87943
1786333313,26.6743,86.009,90,0,218,,0,27.42644,26.68159,21.87943
1786333313,26.7998,85.93118,90,0,218,,0,27.39258,26.68159,21.77803
1786333314,26.74372,86.12955,90,0,218,,0,27.39258,26.74932,21.84556
1786333315,26.74372,86.22568,90,0,218,,2,27.32484,26.71565,21.8119
1786333315,26.81315,86.26536,90,0,218,,0,27.42644,26.61406,21.77803
1786333316,26.73037,86.21042,90,0,218,,0,27.35871,26.71565,21.8119
1786333317,26.701,86.23331,90,0,218,,12,27.35871,26.74932,21.87943
1786333317,26.701,86.25315,90,0,218,,1,27.29098,26.74932,21.84556
1786333318,26.701,86.1387,90,0,218,,0,27.35871,26.78319,21.77803
1786333319,26.57282,86.22873,90,0,218,,0,27.39258,26.68159,21.84556
1786333319,26.701,86.22415,90,0,217,,5,27.39258,26.78319,21.84556
1786333320,26.6556,86.12802,90,0,217,,0,27.32484,26.64792,21.84556
1786333321,26.701,86.22415,90,0,218,,0,27.35871,26.64792,21.74417
1786333321,26.701,86.12955,90,0,218,,2,27.39258,26.78319,21.84556
1786333322,26.73037,86.13718,90,0,218,,1,27.39258,26.68159,21.9133
1786333323,26.73037,86.16006,90,0,218,,0,27.39258,26.71565,21.8119
1786333323,26.7998,86.26231,90,0,218,,0,27.42644,26.64792,21.87943
1786333324,26.75708,86.23941,90,0,218,,1,27.39258,26.71565,21.8119
1786333325,26.73037,86.20126,90,0,218,,0,27.39258,26.68159,21.9133
1786333326,26.71435,86.21652,90,0,218,,0,27.35871,26.68159,21.84556
1786333326,26.6556,86.16006,90,0,217,,0,27.39258,26.71565,21.87943
1786333327,26.6556,86.16006,90,0,218,,5,27.39258,26.68159,21.8119
1786333328,26.701,86.08682,90,0,217,,0,27.42644,26.68159,21.87943
1786333328,26.77043,86.1799,90,0,217,,0,27.39258,26.68159,21.74417
1786333329,26.6556,86.1387,90,0,218,,1,27.35871,26.68159,21.8119
1786333330,26.7998,86.23026,90,0,218,,0,27.42644,26.74932,21.77803
1786333330,26.68765,86.14633,90,0,218,,0,27.35871,26.64792,21.8119
1786333331,26.61288,86.11581,90,0,218,,0,27.39258,26.68159,21.87943
1786333332,26.64225,86.18753,90,0,217,,4,27.39258,26.64792,21.77803
1786333332,26.71435,86.18448,90,0,219,,0,27.42644,26.74932,21.8119
1786333333,26.68765,86.21957,90,0,218,,0,27.42644,26.64792,21.77803
1786333334,26.74372,86.0914,90,0,218,,1,27.32484,26.74932,21.8119
1786333334,26.71435,86.24704,90,0,218,,6,27.35871,26.74932,21.9133
1786333335,26.6289,86.18295,90,0,218,,0,27.39258,26.74932,21.84556
1786333336,26.6743,86.32944,90,0,218,,0,27.42644,26.71565,21.87943
1786333336,26.73037,86.33402,90,0,218,,2,27.32484,26.64792,21.87943
1786333337,26.6289,86.26536,90,0,217,,0,27.35871,26.74932,21.87943
1786333338,26.6743,86.421,90,0,217,,0,27.35871,26.68159,21.87943
1786333338,26.701,86.5034,90,0,217,,0,27.42644,26.74932,21.84556
1786333339,26.71435,86.37217,90,0,217,,6,27.35871,26.71565,21.8119
1786333340,26.77043,86.31571,90,0,217,,0,27.39258,26.61406,21.77803
1786333340,26.61288,86.38438,90,0,218,,0,27.42644,26.71565,21.84556
1786333341,26.701,86.38895,90,0,218,,5,27.32484,26.64792,21.87943
1786333342,26.6743,86.45304,90,0,218,,0,27.35871,26.71565,21.74417
1786333342,26.75708,86.52781,90,0,218,,0,27.39258,26.64792,21.8119
1786333343,26.68765,86.43626,90,0,218,,0,27.42644,26.74932,21.8119
1786333344,26.77043,86.4271,90,0,218,,1,27.35871,26.71565,21.87943
1786333345,26.701,86.5034,90,0,218,,0,27.35871,26.64792,21.84556
1786333345,26.77043,86.52171,90,0,218,,0,27.39258,26.71565,21.8119
1786333346,26.75708,86.59037,90,0,217,,1,27.39258,26.74932,21.87943
1786333347,26.75708,86.59953,90,0,217,,0,27.35871,26.68159,21.87943
1786333347,26.68765,86.33402,90,0,217,,0,27.39258,26.68159,21.8119
1786333348,26.6743,86.48508,90,0,218,,1,27.39258,26.68159,21.84556
1786333349,26.61288,86.39353,90,0,217,,3,27.32484,26.68159,21.84556
1786333349,26.71435,86.41184,90,0,218,,0,27.35871,26.64792,21.8119
1786333350,26.57282,86.28977,90,0,217,,0,27.35871,26.74932,21.8119
1786333351,26.71435,86.27909,90,0,218,,7,27.39258,26.71565,21.8119
1786333351,26.6556,86.24246,90,0,217,,0,27.35871,26.64792,21.84556
1786333352,26.74372,86.37064,90,0,218,,0,27.39258,26.68159,21.8119
1786333353,26.78645,86.26688,90,0,218,,2,27.35871,26.68159,21.8119
1786333353,26.7998,86.23026,90,0,218,,1,27.39258,26.68159,21.8119
1786333354,26.64225,86.21957,90,0,218,,0,27.35871,26.68159,21.77803
1786333355,26.75708,86.20737,90,0,218,,0,27.35871,26.78319,21.74417
1786333355,26.6556,86.2211,90,0,218,,7,27.42644,26.71565,21.84556
1786333356,26.6743,86.1738,90,0,217,,0,27.35871,26.64792,21.84556
1786333357,26.71435,86.07309,90,0,218,,0,27.35871,26.64792,21.77803
1786333357,26.6743,85.9968,90,0,218,,4,27.32484,26.71565,21.77803
1786333358,26.6743,85.97696,90,0,218,,0,27.39258,26.68159,21.84556
1786333359,26.64225,85.99985,90,0,218,,0,27.39258,26.68159,21.8119
1786333359,26.6556,85.91898,90,0,218,,0,27.35871,26.68159,21.77803
1786333360,26.701,85.96323,90,0,218,,14,27.35871,26.71565,21.8119
1786333361,26.68765,85.92813,90,0,218,,0,27.42644,26.71565,21.8119
1786333361,26.73037,85.97238,90,0,218,,0,27.39258,26.61406,21.77803
1786333362,26.68765,85.99222,90,0,218,,0,27.39258,26.68159,21.8119
1786333363,26.73037,85.88083,90,0,218,,0,27.39258,26.68159,21.77803
1786333364,26.68765,86.06393,90,0,218,,0,27.29098,26.74932,21.77803
1786333364,26.75708,85.96933,90,0,218,,0,27.35871,26.64792,21.74417
1786333365,26.68765,86.01358,90,0,218,,8,27.39258,26.68159,21.8119
1786333366,26.81315,86.04715,90,0,218,,0,27.39258,26.78319,21.84556
1786333366,26.6743,86.11124,90,0,218,,0,27.42644,26.71565,21.77803
1786333367,26.77043,86.11887,90,0,218,,3,27.35871,26.71565,21.84556
1786333368,26.6743,86.21652,90,0,218,,0,27.35871,26.64792,21.8119
1786333368,26.71435,86.32029,90,0,218,,0,27.35871,26.68159,21.8119
1786333369,26.64225,86.39353,90,0,217,,0,27.35871,26.71565,21.8119
1786333370,26.701,86.39811,90,0,217,,4,27.35871,26.71565,21.87943
1786333370,26.68765,86.58121,90,0,218,,0,27.35871,26.74932,21.8119
1786333371,26.77043,86.57206,90,0,218,,0,27.39258,26.68159,21.84556
1786333372,26.7998,86.69566,90,0,218,,5,27.35871,26.64792,21.77803
1786333372,26.71435,86.74296,90,0,218,,0,27.35871,26.74932,21.7105
1786333373,26.73037,86.85283,90,0,218,,0,27.42644,26.71565,21.87943
1786333374,26.73037,87.02678,90,0,218,,0,27.39258,26.71565,21.77803
1786333374,26.61288,86.88029,90,0,218,,0,27.35871,26.68159,21.9133
1786333375,26.6556,86.76891,90,0,218,,0,27.39258,26.68159,21.8119
1786333376,26.77043,86.81163,90,0,218,,0,27.42644,26.78319,21.84556
1786333376,26.6289,86.70939,90,0,218,,6,27.39258,26.68159,21.9133
1786333377,26.6743,86.72007,90,0,217,,0,27.39258,26.68159,21.8119
1786333378,26.6743,86.56748,90,0,218,,0,27.35871,26.74932,21.77803
1786333378,26.6556,86.50034,90,0,217,,7,27.39258,26.71565,21.8119
1786333379,26.6743,86.50492,90,0,218,,0,27.35871,26.68159,21.84556
1786333380,26.68765,86.30198,90,0,217,,0,27.42644,26.71565,21.77803
1786333380,26.6743,86.28825,90,0,217,,2,27.39258,26.68159,21.77803
1786333381,26.701,86.17075,90,0,218,,0,27.35871,26.64792,21.8119
1786333382,26.71435,86.12344,90,0,218,,0,27.35871,26.71565,21.77803
1786333383,26.6556,86.03647,90,0,218,,0,27.39258,26.68159,21.8119
1786333383,26.74372,86.03799,90,0,218,,4,27.35871,26.68159,21.84556
1786333384,26.71435,85.97849,90,0,218,,0,27.39258,26.68159,21.77803
1786333385,26.7998,86.00137,90,0,218,,0,27.39258,26.68159,21.8119
1786333385,26.74372,86.03799,90,0,217,,6,27.35871,26.64792,21.84556
1786333386,26.73037,86.0563,90,0,218,,0,27.39258,26.71565,21.8119
1786333387,26.78645,86.36149,90,0,217,,0,27.35871,26.74932,21.87943
1786333387,26.73037,86.45762,90,0,218,,1,27.35871,26.68159,21.8119
1786333388,26.77043,86.58274,90,0,217,,3,27.35871,26.68159,21.84556
1786333389,26.701,86.66819,90,0,218,,0,27.39258,26.64792,21.87943
1786333389,26.86923,86.91081,90,0,218,,0,27.42644,26.68159,21.84556
1786333390,26.6556,86.9337,90,0,218,,6,27.42644,26.64792,21.9133
1786333391,26.701,87.02983,90,0,218,,0,27.39258,26.71565,21.77803
1786333391,26.71435,87.09544,90,0,218,,0,27.32484,26.68159,21.8119
1786333392,26.68765,87.15038,90,0,218,,0,27.35871,26.68159,21.84556
1786333393,26.74372,86.99931,90,0,219,,0,27.35871,26.74932,21.9133
1786333393,26.71435,87.1046,90,0,218,,0,27.35871,26.71565,21.84556
1786333394,26.701,87.12291,90,0,218,,0,27.46011,26.78319,21.84556
1786333395,26.6556,86.99779,90,0,218,,0,27.42644,26.71565,21.84556
1786333395,26.6556,86.9337,90,0,217,,12,27.29098,26.78319,21.84556
1786333396,26.6556,86.94438,90,0,218,,0,27.39258,26.71565,21.87943
1786333397,26.64225,86.77501,90,0,217,,0,27.39258,26.74932,21.87943
1786333397,26.6289,86.79179,90,0,217,,3,27.35871,26.74932,21.87943
1786333398,26.73037,86.5919,90,0,217,,5,27.39258,26.71565,21.84556
1786333399,26.73037,86.5507,90,0,218,,0,27.35871,26.71565,21.77803
1786333399,26.78645,86.59647,90,0,217,,0,27.39258,26.68159,21.84556
1786333400,26.73037,86.6453,90,0,217,,10,27.35871,26.64792,21.8119
1786333401,26.71435,86.72312,90,0,218,,7,27.32484,26.71565,21.8119
1786333402,26.74372,86.70023,90,0,218,,0,27.35871,26.64792,21.84556
1786333402,26.74372,86.74143,90,0,218,,0,27.32484,26.68159,21.77803
1786333403,26.75708,86.79637,90,0,218,,0,27.39258,26.64792,21.87943
1786333404,26.68765,86.98405,90,0,218,,0,27.35871,26.68159,21.8119
1786333404,26.701,87.00847,90,0,218,,0,27.35871,26.78319,21.84556
1786333405,26.71435,87.158,90,0,218,,0,27.35871,26.74932,21.9133
1786333406,26.75708,87.28313,90,0,218,,4,27.42644,26.71565,21.84556
1786333406,26.73037,87.36858,90,0,218,,0,27.35871,26.71565,21.74417
1786333407,26.68765,87.32433,90,0,218,,0,27.35871,26.74932,21.77803
1786333408,26.6743,87.3518,90,0,217,,0,27.39258,26.61406,21.77803
1786333408,26.701,87.29992,90,0,218,,9,27.35871,26.68159,21.9133
1786333409,26.6743,87.51659,90,0,217,,0,27.39258,26.71565,21.84556
1786333410,26.701,87.5349,90,0,217,,0,27.35871,26.68159,21.77803
1786333410,26.73037,87.57458,90,0,218,,0,27.39258,26.64792,21.84556
1786333411,26.64225,87.50744,90,0,218,,5,27.39258,26.78319,21.84556
1786333412,26.73037,87.59747,90,0,218,,0,27.39258,26.64792,21.74417
1786333412,26.73037,87.65697,90,0,218,,0,27.39258,26.68159,21.84556
1786333413,26.73037,87.65697,90,0,218,,2,27.35871,26.64792,21.84556
1786333414,26.701,87.80347,90,0,218,,2,27.35871,26.74932,21.87943
1786333414,26.77043,87.92859,90,0,218,,0,27.35871,26.71565,21.77803
1786333415,26.701,87.91791,90,0,218,,0,27.35871,26.68159,21.77803
1786333416,26.73037,87.87366,90,0,218,,6,27.42644,26.71565,21.74417
1786333416,26.74372,87.91943,90,0,218,,9,27.42644,26.68159,21.87943
1786333417,26.71435,87.92249,90,0,217,,0,27.35871,26.71565,21.8119
1786333418,26.68765,87.78973,90,0,218,,0,27.32484,26.68159,21.8119
1786333418,26.71435,87.91333,90,0,218,,5,27.42644,26.71565,21.84556
1786333419,26.71435,87.93317,90,0,217,,6,27.35871,26.68159,21.84556
1786333420,26.71435,87.82788,90,0,217,,0,27.35871,26.61406,21.77803
1786333421,26.71435,87.71648,90,0,217,,0,27.35871,26.74932,21.77803
1786333421,26.78645,87.78668,90,0,218,,6,27.35871,26.68159,21.74417
1786333422,26.73037,87.47997,90,0,218,,6,27.35871,26.61406,21.87943
1786333423,26.68765,87.48913,90,0,218,,0,27.39258,26.64792,21.87943
1786333423,26.68765,87.43877,90,0,218,,0,27.39258,26.68159,21.84556
1786333424,26.68765,87.28313,90,0,218,,1,27.32484,26.68159,21.84556
1786333425,26.6743,87.0634,90,0,218,,0,27.32484,26.74932,21.8119
1786333425,26.701,86.94743,90,0,217,,0,27.39258,26.64792,21.84556
1786333426,26.6743,86.79332,90,0,217,,0,27.39258,26.71565,21.84556
1786333427,26.6556,86.8925,90,0,217,,4,27.35871,26.74932,21.8119
1786333427,26.75708,86.8391,90,0,218,,0,27.35871,26.71565,21.8119
1786333428,26.73037,86.5919,90,0,217,,0,27.35871,26.71565,21.8119
1786333429,26.64225,86.54612,90,0,217,,1,27.32484,26.71565,21.8119
1786333429,26.61288,86.52781,90,0,218,,7,27.39258,26.81705,21.7105
1786333430,26.6743,86.54459,90,0,217,,0,27.42644,26.74932,21.8119
1786333431,26.701,86.48203,90,0,217,,0,27.39258,26.68159,21.8119
1786333431,26.701,86.59495,90,0,217,,3,27.35871,26.61406,21.8119
1786333432,26.74372,86.61784,90,0,218,,0,27.35871,26.68159,21.94696
1786333433,26.68765,86.76585,90,0,219,,0,27.35871,26.74932,21.8119
1786333433,26.6556,86.8513,90,0,218,,0,27.42644,26.68159,21.77803
1786333434,26.73037,86.86198,90,0,218,,0,27.39258,26.74932,21.77803
1786333435,26.6556,86.90318,90,0,218,,0,27.39258,26.68159,21.84556
1786333435,26.64225,86.78722,90,0,218,,0,27.35871,26.68159,21.84556
1786333436,26.701,86.91539,90,0,218,,0,27.32484,26.74932,21.84556
1786333437,26.73037,86.98558,90,0,218,,3,27.39258,26.74932,21.8119
1786333437,26.6743,86.91692,90,0,218,,0,27.39258,26.74932,21.8119
1786333438,26.77043,86.95659,90,0,217,,0,27.39258,26.61406,21.77803
1786333439,26.6556,87.0573,90,0,217,,1,27.35871,26.74932,21.84556
1786333440,26.73037,86.98558,90,0,217,,0,27.39258,26.61406,21.8119
1786333440,26.68765,87.22209,90,0,218,,0,27.39258,26.68159,21.8119
1786333441,26.701,87.09087,90,0,218,,0,27.39258,26.71565,21.8119
1786333442,26.68765,87.16869,90,0,218,,6,27.39258,26.68159,21.77803
1786333442,26.71435,86.981,90,0,218,,0,27.35871,26.68159,21.9133
1786333443,26.64225,87.08476,90,0,218,,0,27.39258,26.74932,21.74417
1786333444,26.6743,87.05272,90,0,218,,1,27.39258,26.71565,21.84556
1786333444,26.73037,87.02678,90,0,218,,0,27.39258,26.78319,21.77803
1786333445,26.71435,87.11681,90,0,218,,0,27.35871,26.71565,21.77803
1786333446,26.701,86.95659,90,0,218,,0,27.32484,26.68159,21.77803
1786333446,26.64225,87.08476,90,0,217,,6,27.39258,26.71565,21.84556
1786333447,26.68765,86.95354,90,0,217,,0,27.35871,26.68159,21.87943
1786333448,26.71435,86.89861,90,0,218,,0,27.39258,26.64792,21.77803
1786333448,26.78645,86.89708,90,0,217,,6,27.39258,26.74932,21.84556
1786333449,26.68765,86.74601,90,0,217,,5,27.39258,26.74932,21.77803
1786333450,26.73037,86.70634,90,0,218,,0,27.42644,26.68159,21.9133
1786333450,26.75708,86.57816,90,0,218,,0,27.42644,26.71565,21.87943
1786333451,26.6289,86.52171,90,0,218,,6,27.39258,26.61406,21.84556
1786333452,26.68765,86.41337,90,0,217,,0,27.35871,26.68159,21.87943
1786333452,26.701,86.5034,90,0,218,,0,27.35871,26.64792,21.84556
1786333453,26.701,86.43931,90,0,218,,0,27.39258,26.68159,21.77803
1786333454,26.75708,86.48661,90,0,218,,3,27.39258,26.68159,21.8119
1786333454,26.68765,86.5095,90,0,218,,0,27.39258,26.74932,21.8119
1786333455,26.74372,86.64988,90,0,218,,0,27.39258,26.71565,21.8119
1786333456,26.6289,86.68803,90,0,218,,5,27.39258,26.64792,21.77803
1786333456,26.75708,86.48661,90,0,217,,0,27.39258,26.74932,21.8119
1786333457,26.71435,86.79637,90,0,217,,0,27.39258,26.68159,21.8119
1786333458,26.75708,86.93065,90,0,217,,0,27.39258,26.68159,21.84556
1786333459,26.77043,86.94438,90,0,218,,7,27.39258,26.68159,21.8119
1786333459,26.75708,87.09544,90,0,218,,0,27.39258,26.71565,21.84556
1786333460,26.701,87.20378,90,0,217,,0,27.32484,26.71565,21.87943
1786333461,26.64225,87.17784,90,0,217,,7,27.35871,26.68159,21.8119
1786333461,26.68765,87.22209,90,0,218,,5,27.35871,26.58019,21.77803
1786333462,26.71435,87.38384,90,0,218,,0,27.32484,26.64792,21.87943
1786333463,26.6743,87.49676,90,0,219,,0,27.39258,26.71565,21.84556
1786333463,26.701,87.37926,90,0,218,,2,27.46011,26.68159,21.8119
1786333464,26.6556,87.45098,90,0,218,,0,27.39258,26.78319,21.87943
1786333465,26.75708,87.47997,90,0,218,,0,27.35871,26.64792,21.77803
1786333465,26.74372,87.52575,90,0,218,,7,27.39258,26.61406,21.8119
1786333466,26.6743,87.51659,90,0,218,,0,27.39258,26.71565,21.77803
1786333467,26.78645,87.24956,90,0,218,,0,27.39258,26.85092,21.87943
1786333467,26.701,87.33807,90,0,218,,0,27.35871,26.68159,21.84556
1786333468,26.68765,87.19005,90,0,217,,3,27.35871,26.78319,21.74417
1786333469,26.64225,87.09544,90,0,218,,0,27.39258,26.71565,21.87943
1786333469,26.64225,87.12749,90,0,217,,0,27.39258,26.71565,21.8119
1786333470,26.71435,87.07561,90,0,217,,2,27.39258,26.68159,21.74417
1786333471,26.68765,87.04509,90,0,217,,0,27.39258,26.68159,21.8119
1786333471,26.6743,86.981,90,0,218,,0,27.42644,26.71565,21.8119
1786333472,26.78645,86.97032,90,0,218,,0,27.39258,26.68159,21.8119
1786333473,26.68765,86.8513,90,0,218,,6,27.35871,26.71565,21.77803
1786333473,26.6556,86.86046,90,0,218,,0,27.39258,26.71565,21.8119
1786333474,26.73037,86.73685,90,0,218,,0,27.42644,26.78319,21.84556
1786333475,26.71435,86.64988,90,0,218,,0,27.32484,26.71565,21.77803
1786333475,26.701,86.59495,90,0,218,,0,27.39258,26.64792,21.87943
1786333476,26.75708,86.59953,90,0,217,,0,27.32484,26.64792,21.84556
1786333477,26.71435,86.45304,90,0,218,,0,27.35871,26.68159,21.84556
1786333478,26.6289,86.53239,90,0,218,,2,27.42644,26.68159,21.84556
1786333478,26.68765,86.42558,90,0,217,,0,27.39258,26.74932,21.87943
1786333479,26.78645,86.51713,90,0,218,,0,27.39258,26.71565,21.8119
1786333480,26.71435,86.62852,90,0,218,,2,27.35871,26.68159,21.8119
1786333480,26.61288,86.37217,90,0,217,,0,27.39258,26.64792,21.84556
1786333481,26.64225,86.49577,90,0,217,,0,27.42644,26.64792,21.8119
1786333482,26.701,86.54154,90,0,217,,0,27.39258,26.68159,21.84556
1786333482,26.6743,86.39048,90,0,219,,0,27.39258,26.71565,21.74417
1786333483,26.64225,86.56748,90,0,218,,0,27.35871,26.71565,21.8119
1786333484,26.71435,86.76433,90,0,218,,0,27.35871,26.74932,21.8119
1786333484,26.68765,86.54917,90,0,218,,0,27.35871,26.78319,21.84556
1786333485,26.6556,86.44846,90,0,218,,0,27.39258,26.68159,21.8119
1786333486,26.68765,86.42558,90,0,217,,0,27.35871,26.71565,21.8119
1786333486,26.64225,86.34318,90,0,217,,0,27.42644,26.71565,21.77803
1786333487,26.74372,86.32639,90,0,217,,7,27.35871,26.68159,21.84556
1786333488,26.78645,86.36149,90,0,218,,0,27.39258,26.68159,21.87943
1786333488,26.6289,86.32639,90,0,218,,0,27.42644,26.64792,21.84556
1786333489,26.68765,86.19821,90,0,218,,3,27.35871,26.68159,21.84556
1786333490,26.64225,85.97849,90,0,218,,0,27.42644,26.68159,21.9133
1786333490,26.68765,86.05478,90,0,218,,0,27.39258,26.68159,21.8119
1786333491,26.73037,85.88083,90,0,217,,1,27.35871,26.71565,21.84556
1786333492,26.701,85.83047,90,0,217,,8,27.35871,26.74932,21.84556
1786333493,26.74372,85.84116,90,0,218,,0,27.42644,26.71565,21.84556
1786333493,26.5568,85.73891,90,0,218,,0,27.32484,26.71565,21.8119
1786333494,26.6289,85.69772,90,0,218,,0,27.39258,26.71565,21.84556
1786333494,26.6743,85.5436,90,0,218,,0,27.35871,26.68159,21.8119
1786333495,26.68765,85.5375,90,0,218,,0,27.39258,26.71565,21.84556
1786333496,26.61288,85.5787,90,0,218,,0,27.35871,26.71565,21.84556
1786333497,26.6743,85.53292,90,0,218,,6,27.35871,26.71565,21.87943
1786333497,26.74372,85.40932,90,0,218,,0,27.39258,26.68159,21.84556
1786333498,26.701,85.37423,90,0,218,,0,27.39258,26.71565,21.8119
1786333499,26.71435,85.33761,90,0,218,,7,27.42644,26.74932,21.8119
1786333499,26.6743,85.31472,90,0,218,,0,27.35871,26.74932,21.8119
1786333500,26.701,85.26284,90,0,217,,0,27.35871,26.71565,21.84556
1786333501,26.64225,85.08125,90,0,217,,3,27.35871,26.68159,21.9133
1786333501,26.61288,85.1545,90,0,218,,6,27.39258,26.74932,21.84556
1786333502,26.64225,85.11177,90,0,217,,0,27.39258,26.64792,21.84556
1786333503,26.6556,85.2079,90,0,218,,0,27.35871,26.64792,21.84556
1786333503,26.6556,85.0843,90,0,218,,2,27.29098,26.64792,21.8119
1786333504,26.59953,85.07973,90,0,218,,0,27.39258,26.68159,21.8119
1786333505,26.701,84.95155,90,0,218,,0,27.39258,26.64792,21.8119
1786333505,26.68765,84.97902,90,0,218,,1,27.39258,26.71565,21.84556
1786333506,26.75708,85.01717,90,0,217,,3,27.35871,26.68159,21.77803
1786333507,26.74372,84.85085,90,0,217,,0,27.32484,26.71565,21.77803
1786333507,26.59953,84.90273,90,0,217,,0,27.42644,26.64792,21.77803
1786333508,26.64225,84.85237,90,0,217,,5,27.39258,26.64792,21.8119
1786333509,26.73037,84.83711,90,0,217,,0,27.32484,26.64792,21.8119
1786333509,26.701,84.8188,90,0,218,,0,27.35871,26.64792,21.84556
1786333510,26.68765,84.9485,90,0,218,,1,27.35871,26.78319,21.77803
1786333511,26.6743,84.89204,90,0,218,,9,27.35871,26.71565,21.87943
1786333511,26.71435,84.85085,90,0,217,,0,27.35871,26.68159,21.87943
1786333512,26.6743,84.74708,90,0,218,,0,27.42644,26.64792,21.77803
1786333513,26.6556,84.78371,90,0,218,,5,27.39258,26.61406,21.9133
1786333513,26.6743,84.82948,90,0,218,,0,27.35871,26.74932,21.77803
1786333514,26.6743,84.90273,90,0,218,,0,27.32484,26.64792,21.84556
1786333515,26.73037,84.80507,90,0,218,,0,27.35871,26.68159,21.74417
1786333516,26.6743,84.87068,90,0,217,,6,27.39258,26.68159,21.87943
1786333516,26.701,84.93019,90,0,218,,0,27.42644,26.71565,21.87943
1786333517,26.78645,84.87984,90,0,218,,0,27.35871,26.71565,21.77803
1786333518,26.73037,84.8661,90,0,218,,9,27.35871,26.64792,21.84556
1786333518,26.701,84.77455,90,0,218,,2,27.39258,26.71565,21.84556
1786333519,26.71435,84.74708,90,0,217,,0,27.39258,26.68159,21.8119
1786333520,26.68765,84.80202,90,0,217,,0,27.35871,26.64792,21.77803
1786333520,26.61288,84.85542,90,0,218,,17,27.42644,26.64792,21.8119
1786333521,26.64225,84.90578,90,0,217,,0,27.35871,26.71565,21.74417
1786333522,26.6556,84.9897,90,0,217,,0,27.42644,26.68159,21.84556
1786333522,26.74372,84.97444,90,0,218,,0,27.39258,26.71565,21.77803
1786333523,26.6743,84.92409,90,0,218,,3,27.39258,26.71565,21.84556
1786333524,26.6743,84.89204,90,0,218,,0,27.35871,26.74932,21.77803
1786333524,26.7998,84.97902,90,0,218,,0,27.35871,26.74932,21.84556
1786333525,26.58618,84.92104,90,0,218,,6,27.39258,26.74932,21.84556
1786333526,26.73037,85.02022,90,0,218,,8,27.39258,26.71565,21.87943
1786333526,26.701,84.93019,90,0,217,,0,27.35871,26.68159,21.84556
1786333527,26.71435,85.13161,90,0,218,,0,27.35871,26.78319,21.9133
1786333528,26.68765,85.10262,90,0,218,,3,27.35871,26.58019,21.84556
1786333528,26.68765,85.16365,90,0,217,,0,27.39258,26.61406,21.87943
1786333529,26.73037,85.0721,90,0,217,,0,27.39258,26.68159,21.84556
1786333530,26.7998,85.13466,90,0,218,,0,27.39258,26.68159,21.87943
1786333530,26.701,85.20943,90,0,218,,6,27.35871,26.71565,21.84556
1786333531,26.64225,85.10262,90,0,218,,0,27.35871,26.71565,21.77803
1786333532,26.73037,85.2491,90,0,218,,0,27.39258,26.71565,21.77803
1786333533,26.68765,85.17586,90,0,219,,0,27.35871,26.68159,21.8119
1786333533,26.71435,85.28573,90,0,218,,5,27.32484,26.71565,21.84556
1786333534,26.77043,85.22774,90,0,218,,0,27.39258,26.71565,21.7105
1786333535,26.74372,85.25368,90,0,218,,0,27.35871,26.64792,21.9133
1786333535,26.6289,85.26284,90,0,218,,2,27.39258,26.71565,21.87943
1786333536,26.701,85.32235,90,0,217,,4,27.39258,26.68159,21.77803
1786333537,26.74372,85.28268,90,0,217,,0,27.39258,26.71565,21.87943
1786333537,26.68765,85.22621,90,0,217,,0,27.32484,26.68159,21.84556
1786333538,26.71435,85.28573,90,0,217,,3,27.35871,26.64792,21.84556
1786333539,26.78645,85.40932,90,0,218,,5,27.42644,26.58019,21.84556
1786333539,26.74372,85.37728,90,0,217,,0,27.35871,26.74932,21.8119
1786333540,26.71435,85.31472,90,0,217,,0,27.35871,26.68159,21.8119
1786333541,26.71435,85.37881,90,0,218,,2,27.35871,26.61406,21.74417
1786333541,26.701,85.32235,90,0,217,,3,27.39258,26.71565,21.84556
1786333542,26.74372,85.37728,90,0,217,,0,27.42644,26.68159,21.87943
1786333543,26.701,85.48867,90,0,218,,0,27.39258,26.58019,21.8119
1786333543,26.701,85.40627,90,0,218,,1,27.42644,26.74932,21.8119
1786333544,26.74372,85.45968,90,0,218,,0,27.35871,26.71565,21.8119
1786333545,26.71435,85.56496,90,0,218,,0,27.35871,26.68159,21.8119
1786333545,26.6556,85.46578,90,0,217,,0,27.39258,26.68159,21.9133
1786333546,26.77043,85.47799,90,0,218,,1,27.42644,26.74932,21.84556
1786333547,26.701,85.47799,90,0,217,,0,27.39258,26.68159,21.77803
1786333547,26.68765,85.5787,90,0,217,,0,27.35871,26.68159,21.8119
1786333548,26.6289,85.59396,90,0,218,,5,27.39258,26.71565,21.8119
1786333549,26.61288,85.42458,90,0,218,,4,27.39258,26.71565,21.8119
1786333549,26.73037,85.51614,90,0,217,,0,27.39258,26.68159,21.84556
1786333550,26.68765,85.56954,90,0,217,,0,27.32484,26.64792,21.87943
1786333551,26.74372,85.55276,90,0,218,,3,27.39258,26.71565,21.84556
1786333551,26.75708,85.52529,90,0,218,,0,27.39258,26.68159,21.84556
1786333552,26.81315,85.55123,90,0,218,,0,27.39258,26.68159,21.77803
1786333553,26.74372,85.57412,90,0,218,,0,27.35871,26.68159,21.77803
1786333554,26.73037,85.53902,90,0,218,,1,27.39258,26.71565,21.74417
1786333554,26.6743,85.56496,90,0,218,,0,27.39258,26.74932,21.8119
1786333555,26.82918,85.64889,90,0,218,,0,27.39258,26.68159,21.87943
1786333556,26.68765,85.62905,90,0,218,,4,27.39258,26.61406,21.9133
1786333556,26.74372,85.69772,90,0,218,,3,27.35871,26.71565,21.8119
1786333557,26.75708,85.74349,90,0,218,,0,27.35871,26.68159,21.8119
1786333558,26.73037,85.66262,90,0,218,,0,27.32484,26.68159,21.74417
1786333558,26.74372,85.72976,90,0,217,,6,27.42644,26.68159,21.77803
1786333559,26.701,85.78928,90,0,218,,0,27.39258,26.68159,21.8119
1786333560,26.6556,85.70382,90,0,217,,0,27.42644,26.68159,21.77803
1786333560,26.71435,85.7206,90,0,218,,5,27.39258,26.64792,21.84556
1786333561,26.84253,85.75723,90,0,217,,21,27.32484,26.64792,21.8119
1786333562,26.61288,85.88998,90,0,217,,0,27.35871,26.74932,21.84556
1786333562,26.75708,85.8671,90,0,218,,0,27.39258,26.64792,21.87943
1786333563,26.701,85.86252,90,0,218,,0,27.39258,26.71565,21.77803
1786333564,26.71435,85.80301,90,0,218,,0,27.35871,26.78319,21.84556
1786333564,26.71435,85.77249,90,0,218,,0,27.32484,26.71565,21.84556
1786333565,26.6743,85.77097,90,0,218,,0,27.35871,26.74932,21.8119
1786333566,26.74372,85.80911,90,0,218,,4,27.39258,26.71565,21.84556
1786333566,26.71435,85.82285,90,0,217,,0,27.39258,26.68159,21.7105
1786333567,26.701,85.74807,90,0,218,,0,27.35871,26.74932,21.77803
1786333568,26.6556,85.72518,90,0,218,,3,27.35871,26.64792,21.84556
1786333568,26.68765,85.83658,90,0,218,,6,27.32484,26.68159,21.77803
1786333569,26.61288,85.70229,90,0,218,,0,27.35871,26.81705,21.8119
1786333570,26.73037,85.79538,90,0,218,,0,27.29098,26.68159,21.8119
1786333570,26.6743,85.7206,90,0,218,,2,27.35871,26.61406,21.8119
1786333571,26.64225,85.67025,90,0,217,,1,27.35871,26.68159,21.9133
1786333572,26.77043,85.71603,90,0,218,,0,27.32484,26.61406,21.84556
1786333573,26.74372,85.78928,90,0,218,,0,27.39258,26.71565,21.8119
1786333573,26.701,85.69466,90,0,218,,7,27.35871,26.71565,21.8119
1786333574,26.71435,85.7908,90,0,218,,0,27.32484,26.71565,21.77803
1786333575,26.71435,85.7084,90,0,218,,0,27.39258,26.68159,21.87943
1786333575,26.77043,85.63363,90,0,217,,0,27.39258,26.74932,21.84556
1786333576,26.701,85.67483,90,0,217,,4,27.32484,26.68159,21.8119
1786333577,26.74372,85.56191,90,0,217,,0,27.42644,26.71565,21.84556
1786333577,26.71435,85.76181,90,0,218,,0,27.39258,26.58019,21.77803
1786333578,26.75708,85.63821,90,0,218,,4,27.42644,26.71565,21.8119
1786333579,26.74372,85.626,90,0,218,,7,27.35871,26.71565,21.84556
1786333579,26.75708,85.70229,90,0,217,,0,27.39258,26.64792,21.77803
1786333580,26.77043,85.49783,90,0,217,,0,27.39258,26.71565,21.77803
1786333581,26.74372,85.58327,90,0,218,,4,27.39258,26.71565,21.8119
1786333581,26.71435,85.61684,90,0,218,,0,27.39258,26.68159,21.77803
1786333582,26.75708,85.70229,90,0,218,,0,27.35871,26.81705,21.84556
1786333583,26.71435,85.7084,90,0,218,,0,27.35871,26.71565,21.8119
1786333583,26.61288,85.6199,90,0,218,,1,27.42644,26.74932,21.8119
1786333584,26.75708,85.70229,90,0,218,,0,27.39258,26.78319,21.8119
1786333585,26.74372,85.65652,90,0,218,,0,27.39258,26.71565,21.84556
1786333585,26.77043,85.68398,90,0,218,,1,27.35871,26.68159,21.87943
1786333586,26.71435,85.69924,90,0,217,,0,27.35871,26.64792,21.87943
1786333587,26.6556,85.69466,90,0,218,,0,27.35871,26.71565,21.74417
1786333587,26.77043,85.71603,90,0,217,,0,27.39258,26.74932,21.87943
1786333588,26.71435,85.80301,90,0,217,,3,27.39258,26.68159,21.87943
1786333589,26.6743,85.60616,90,0,218,,0,27.39258,26.61406,21.84556
1786333589,26.701,85.71603,90,0,217,,0,27.35871,26.68159,21.87943
1786333590,26.78645,85.79385,90,0,217,,2,27.39258,26.68159,21.84556
1786333591,26.73037,85.67178,90,0,218,,0,27.35871,26.61406,21.8119
1786333592,26.71435,85.73129,90,0,217,,0,27.39258,26.68159,21.84556
1786333592,26.77043,85.80759,90,0,218,,0,27.42644,26.64792,21.87943
1786333593,26.6556,85.76639,90,0,218,,1,27.39258,26.71565,21.87943
1786333594,26.71435,85.76181,90,0,218,,0,27.39258,26.64792,21.84556
1786333594,26.77043,85.78928,90,0,218,,0,27.32484,26.68159,21.8119
1786333595,26.73037,85.77707,90,0,218,,2,27.35871,26.68159,21.87943
1786333596,26.73037,85.80759,90,0,218,,0,27.39258,26.61406,21.8119
1786333596,26.73037,85.78622,90,0,218,,0,27.35871,26.71565,21.94696
1786333597,26.74372,85.82132,90,0,217,,1,27.39258,26.74932,21.84556
1786333598,26.78645,85.8732,90,0,218,,10,27.39258,26.71565,21.77803
1786333598,26.75708,85.94949,90,0,217,,0,27.35871,26.64792,21.8119
1786333599,26.77043,85.79843,90,0,217,,0,27.39258,26.68159,21.77803
1786333600,26.71435,85.98764,90,0,218,,6,27.39258,26.64792,21.8119
1786333600,26.64225,85.88693,90,0,218,,0,27.35871,26.68159,21.8119
1786333601,26.71435,85.88541,90,0,217,,0,27.39258,26.71565,21.84556
1786333602,26.74372,85.92661,90,0,218,,7,27.39258,26.64792,21.8119
1786333602,26.71435,85.97849,90,0,218,,0,27.39258,26.68159,21.9133
1786333603,26.74372,85.89456,90,0,218,,0,27.32484,26.61406,21.77803
1786333604,26.75708,85.96933,90,0,218,,0,27.35871,26.74932,21.8119
1786333604,26.75708,86.07309,90,0,218,,8,27.39258,26.68159,21.77803
1786333605,26.77043,86.04562,90,0,218,,0,27.35871,26.64792,21.84556
1786333606,26.75708,85.96933,90,0,218,,0,27.32484,26.68159,21.84556
1786333606,26.77043,85.84879,90,0,218,,5,27.35871,26.64792,21.84556
1786333607,26.71435,85.85489,90,0,218,,4,27.35871,26.71565,21.9133
1786333608,26.78645,85.82285,90,0,217,,0,27.39258,26.68159,21.87943
1786333608,26.71435,86.04105,90,0,217,,0,27.35871,26.71565,21.77803
1786333609,26.74372,85.92661,90,0,218,,13,27.32484,26.71565,21.9133
1786333610,26.7998,85.86862,90,0,217,,0,27.39258,26.71565,21.8119
1786333611,26.6743,86.02884,90,0,218,,0,27.39258,26.74932,21.87943
1786333611,26.71435,85.97849,90,0,217,,5,27.35871,26.68159,21.8119
1786333612,26.75708,86.01053,90,0,218,,2,27.42644,26.71565,21.8119
1786333613,26.84253,85.97238,90,0,218,,0,27.39258,26.68159,21.8119
1786333613,26.6556,86.00443,90,0,218,,0,27.32484,26.74932,21.7105
1786333614,26.71435,85.92813,90,0,218,,12,27.39258,26.64792,21.74417
1786333615,26.75708,85.89914,90,0,218,,0,27.39258,26.58019,21.84556
1786333615,26.68765,85.94949,90,0,218,,0,27.39258,26.64792,21.84556
1786333616,26.6743,85.98764,90,0,218,,7,27.35871,26.74932,21.84556
1786333617,26.85588,85.9144,90,0,217,,0,27.35871,26.68159,21.84556
1786333617,26.701,85.78928,90,0,217,,0,27.39258,26.61406,21.87943
1786333618,26.71435,85.87625,90,0,218,,0,27.35871,26.68159,21.8119
1786333619,26.64225,85.87625,90,0,217,,9,27.35871,26.71565,21.8119
1786333619,26.6556,85.90067,90,0,217,,0,27.42644,26.68159,21.84556
1786333620,26.75708,85.8259,90,0,218,,0,27.42644,26.68159,21.84556
1786333621,26.6556,85.89151,90,0,218,,2,27.42644,26.68159,21.8119
1786333621,26.73037,85.95102,90,0,218,,0,27.39258,26.68159,21.87943
1786333622,26.68765,85.94034,90,0,218,,0,27.42644,26.64792,21.84556
1786333623,26.81315,86.02731,90,0,218,,0,27.35871,26.61406,21.84556
1786333623,26.6556,85.94186,90,0,218,,6,27.39258,26.78319,21.8119
1786333624,26.71435,86.08224,90,0,218,,0,27.39258,26.71565,21.84556
1786333625,26.71435,86.08224,90,0,218,,0,27.39258,26.74932,21.84556
1786333625,26.6289,86.16159,90,0,217,,4,27.42644,26.71565,21.8119
1786333626,26.75708,86.22873,90,0,217,,0,27.35871,26.64792,21.77803
1786333627,26.74372,86.14175,90,0,218,,0,27.39258,26.68159,21.77803
1786333627,26.71435,86.21652,90,0,218,,0,27.39258,26.71565,21.77803
1786333628,26.73037,86.21042,90,0,217,,6,27.39258,26.61406,21.9133
1786333629,26.701,86.18295,90,0,218,,0,27.32484,26.64792,21.77803
1786333630,26.81315,86.19211,90,0,218,,0,27.39258,26.68159,21.8119
1786333630,26.73037,86.24246,90,0,218,,4,27.42644,26.71565,21.8119
1786333631,26.68765,86.14633,90,0,218,,3,27.39258,26.68159,21.77803
1786333632,26.6743,86.10056,90,0,217,,0,27.35871,26.71565,21.8119
1786333632,26.71435,86.12344,90,0,218,,0,27.32484,26.71565,21.8119
1786333633,26.68765,86.04257,90,0,218,,2,27.39258,26.68159,21.8119
1786333634,26.61288,86.06393,90,0,218,,0,27.35871,26.71565,21.84556
1786333634,26.64225,85.99985,90,0,218,,0,27.35871,26.78319,21.84556
1786333635,26.68765,86.11581,90,0,218,,0,27.39258,26.78319,21.7105
1786333636,26.6289,85.90372,90,0,218,,5,27.39258,26.71565,21.77803
1786333636,26.701,85.91287,90,0,217,,0,27.35871,26.71565,21.8119
1786333637,26.75708,85.8671,90,0,218,,0,27.42644,26.71565,21.87943
1786333638,26.68765,85.98154,90,0,218,,0,27.39258,26.61406,21.8119
1786333638,26.74372,85.90372,90,0,218,,2,27.35871,26.74932,21.77803
1786333639,26.75708,85.92813,90,0,218,,7,27.32484,26.71565,21.74417
1786333640,26.701,85.80911,90,0,218,,0,27.39258,26.71565,21.87943
1786333640,26.701,85.85031,90,0,218,,0,27.35871,26.74932,21.8119
1786333641,26.82918,85.90829,90,0,218,,1,27.42644,26.74932,21.87943
1786333642,26.75708,85.73129,90,0,218,,3,27.35871,26.71565,21.77803
1786333642,26.6556,85.71603,90,0,219,,0,27.39258,26.61406,21.77803
1786333643,26.68765,85.85794,90,0,218,,0,27.42644,26.68159,21.8119
1786333644,26.7998,85.93118,90,0,218,,0,27.39258,26.74932,21.84556
1786333644,26.701,85.70687,90,0,218,,7,27.35871,26.68159,21.84556
1786333645,26.74372,85.77097,90,0,218,,0,27.39258,26.64792,21.8119
1786333646,26.701,85.62142,90,0,218,,0,27.35871,26.64792,21.8119
1786333646,26.71435,85.7084,90,0,217,,0,27.32484,26.68159,21.87943
1786333647,26.77043,85.60159,90,0,217,,4,27.39258,26.71565,21.84556
1786333648,26.78645,85.60616,90,0,217,,0,27.42644,26.68159,21.84556
1786333649,26.74372,85.63363,90,0,218,,0,27.39258,26.78319,21.8119
1786333649,26.68765,85.58938,90,0,217,,0,27.39258,26.68159,21.77803
1786333650,26.75708,85.50546,90,0,217,,2,27.39258,26.68159,21.77803
1786333651,26.73037,85.61074,90,0,217,,0,27.35871,26.64792,21.8119
1786333651,26.75708,85.54665,90,0,218,,0,27.35871,26.61406,21.84556
1786333652,26.68765,85.52529,90,0,217,,0,27.35871,26.71565,21.84556
1786333653,26.6743,85.55276,90,0,218,,0,27.42644,26.64792,21.84556
1786333653,26.6743,85.5024,90,0,218,,0,27.35871,26.64792,21.8119
1786333654,26.6743,85.53292,90,0,218,,0,27.35871,26.71565,21.8119
1786333655,26.701,85.70687,90,0,218,,0,27.39258,26.64792,21.87943
1786333655,26.6743,85.51156,90,0,217,,6,27.35871,26.64792,21.77803
1786333656,26.75708,85.52529,90,0,217,,0,27.35871,26.64792,21.77803
1786333657,26.701,85.59243,90,0,218,,0,27.46011,26.68159,21.8119
1786333657,26.701,85.51003,90,0,217,,6,27.39258,26.68159,21.84556
1786333658,26.71435,85.5436,90,0,218,,2,27.39258,26.71565,21.74417
1786333659,26.701,85.60311,90,0,218,,0,27.39258,26.68159,21.84556
1786333659,26.701,85.63363,90,0,218,,0,27.32484,26.68159,21.84556
1786333660,26.75708,85.58785,90,0,217,,5,27.35871,26.68159,21.8119
1786333661,26.75708,85.64889,90,0,217,,0,27.39258,26.74932,21.84556
1786333661,26.74372,85.60616,90,0,217,,0,27.35871,26.64792,21.77803
1786333662,26.6743,85.63515,90,0,218,,0,27.42644,26.68159,21.8119
1786333663,26.6556,85.74502,90,0,218,,2,27.35871,26.71565,21.87943
1786333663,26.75708,85.7847,90,0,218,,0,27.35871,26.71565,21.8119
1786333664,26.701,85.68551,90,0,218,,0,27.35871,26.68159,21.8119
1786333665,26.68765,85.6199,90,0,218,,0,27.39258,26.71565,21.8119
1786333665,26.6289,85.71755,90,0,218,,5,27.35871,26.64792,21.84556
1786333666,26.75708,85.72213,90,0,218,,0,27.39258,26.74932,21.94696
1786333667,26.6743,85.74044,90,0,218,,0,27.35871,26.64792,21.84556
1786333668,26.6289,85.72976,90,0,218,,5,27.39258,26.71565,21.84556
1786333668,26.68765,85.76639,90,0,217,,5,27.35871,26.71565,21.84556
1786333669,26.7998,85.79538,90,0,217,,0,27.42644,26.71565,21.77803
1786333670,26.73037,85.77707,90,0,218,,0,27.32484,26.71565,21.8119
1786333670,26.68765,85.73434,90,0,218,,0,27.42644,26.64792,21.87943
1786333671,26.701,85.76791,90,0,217,,0,27.39258,26.68159,21.87943
1786333672,26.6556,85.83963,90,0,218,,0,27.32484,26.71565,21.8119
1786333672,26.73037,85.84879,90,0,218,,0,27.35871,26.61406,21.84556
1786333673,26.74372,85.82132,90,0,218,,4,27.46011,26.74932,21.8119
1786333674,26.75708,85.8671,90,0,218,,0,27.35871,26.68159,21.8119
1786333674,26.78645,85.93729,90,0,218,,0,27.32484,26.64792,21.84556
1786333675,26.71435,85.83505,90,0,218,,1,27.32484,26.74932,21.84556
1786333676,26.74372,85.94492,90,0,218,,7,27.32484,26.68159,21.87943
1786333676,26.75708,85.77554,90,0,218,,0,27.32484,26.64792,21.87943
1786333677,26.74372,85.80911,90,0,218,,0,27.42644,26.64792,21.8119
1786333678,26.73037,85.77707,90,0,217,,7,27.39258,26.71565,21.84556
1786333678,26.6743,85.76181,90,0,218,,5,27.32484,26.64792,21.9133
1786333679,26.81315,85.91287,90,0,217,,0,27.42644,26.68159,21.84556
1786333680,26.73037,85.79538,90,0,218,,0,27.42644,26.61406,21.8119
1786333680,26.75708,85.81369,90,0,218,,4,27.32484,26.64792,21.77803
1786333681,26.68765,85.75418,90,0,217,,0,27.42644,26.74932,21.8119
1786333682,26.6556,85.81827,90,0,218,,0,27.32484,26.64792,21.8119
1786333682,26.64225,85.79385,90,0,218,,0,27.35871,26.71565,21.87943
1786333683,26.701,85.86252,90,0,218,,3,27.32484,26.71565,21.7105
1786333684,26.74372,85.88235,90,0,218,,0,27.39258,26.64792,21.84556
1786333684,26.75708,86.04257,90,0,218,,0,27.32484,26.78319,21.77803
1786333685,26.75708,85.81369,90,0,218,,0,27.39258,26.74932,21.74417
1786333686,26.73037,85.98306,90,0,217,,2,27.39258,26.68159,21.84556
1786333687,26.64225,85.84573,90,0,218,,0,27.35871,26.61406,21.84556
1786333687,26.74372,85.97696,90,0,218,,0,27.32484,26.74932,21.77803
1786333688,26.75708,86.13412,90,0,218,,0,27.35871,26.64792,21.8119
1786333689,26.78645,85.9678,90,0,218,,4,27.39258,26.64792,21.84556
1786333689,26.7998,86.14633,90,0,217,,0,27.39258,26.71565,21.77803
1786333690,26.701,85.99527,90,0,218,,0,27.39258,26.58019,21.77803
1786333691,26.77043,86.12802,90,0,218,,5,27.42644,26.61406,21.8119
1786333691,26.74372,85.9556,90,0,218,,6,27.39258,26.78319,21.87943
1786333692,26.68765,86.00137,90,0,217,,0,27.42644,26.64792,21.74417
1786333693,26.68765,86.03342,90,0,219,,0,27.39258,26.71565,21.87943
1786333693,26.73037,86.11581,90,0,218,,1,27.39258,26.68159,21.9133
1786333694,26.64225,86.06393,90,0,218,,5,27.39258,26.78319,21.77803
1786333695,26.71435,86.1326,90,0,218,,0,27.39258,26.68159,21.84556
1786333695,26.81315,86.03799,90,0,218,,0,27.39258,26.74932,21.8119
1786333696,26.71435,86.05173,90,0,218,,1,27.35871,26.61406,21.8119
1786333697,26.701,86.11887,90,0,218,,0,27.35871,26.61406,21.84556
1786333697,26.61288,86.02274,90,0,217,,0,27.42644,26.64792,21.87943
1786333698,26.71435,86.05173,90,0,217,,0,27.42644,26.74932,21.8119
1786333699,26.71435,86.0914,90,0,218,,10,27.39258,26.71565,21.87943
1786333699,26.701,85.94186,90,0,218,,0,27.39258,26.68159,21.77803
1786333700,26.77043,86.00443,90,0,218,,0,27.39258,26.71565,21.87943
1786333701,26.77043,86.02426,90,0,218,,0,27.39258,26.68159,21.84556
1786333701,26.75708,86.11429,90,0,218,,8,27.39258,26.74932,21.84556
1786333702,26.78645,85.9556,90,0,218,,0,27.35871,26.78319,21.87943
1786333703,26.73037,86.06546,90,0,218,,0,27.39258,26.64792,21.8119
1786333704,26.701,86.00595,90,0,218,,0,27.39258,26.68159,21.8119
1786333704,26.6743,85.9678,90,0,218,,5,27.42644,26.64792,21.8119
1786333705,26.57282,85.94034,90,0,218,,0,27.32484,26.64792,21.84556
1786333706,26.64225,85.89609,90,0,218,,0,27.39258,26.71565,21.84556
1786333706,26.75708,85.96933,90,0,218,,6,27.35871,26.68159,21.8119
1786333707,26.77043,86.03647,90,0,218,,0,27.32484,26.74932,21.84556
1786333708,26.71435,86.04105,90,0,218,,0,27.35871,26.64792,21.74417
1786333708,26.701,85.85031,90,0,217,,0,27.39258,26.71565,21.8119
1786333709,26.6743,86.01968,90,0,217,,5,27.39258,26.68159,21.8119
1786333710,26.68765,85.94949,90,0,217,,0,27.35871,26.78319,21.8119
1786333710,26.68765,85.92813,90,0,217,,0,27.39258,26.74932,21.74417
1786333711,26.71435,85.86404,90,0,218,,2,27.35871,26.68159,21.74417
1786333712,26.71435,85.82285,90,0,217,,9,27.35871,26.71565,21.8119
1786333712,26.6743,85.7206,90,0,218,,0,27.39258,26.64792,21.9133
1786333713,26.6743,85.77097,90,0,218,,0,27.42644,26.64792,21.84556
1786333714,26.75708,85.91898,90,0,218,,4,27.39258,26.64792,21.74417
1786333714,26.77043,85.70382,90,0,218,,0,27.39258,26.64792,21.84556
1786333715,26.71435,85.78165,90,0,218,,0,27.32484,26.64792,21.84556
1786333716,26.68765,85.68093,90,0,217,,0,27.35871,26.71565,21.77803
1786333716,26.64225,85.72213,90,0,217,,5,27.35871,26.71565,21.87943
1786333717,26.75708,85.71145,90,0,218,,0,27.39258,26.74932,21.84556
1786333718,26.68765,85.72213,90,0,218,,0,27.42644,26.71565,21.87943
1786333718,26.74372,85.71755,90,0,217,,1,27.39258,26.68159,21.87943
1786333719,26.75708,85.75266,90,0,218,,9,27.35871,26.71565,21.8119
1786333720,26.68765,85.59853,90,0,217,,0,27.39258,26.71565,21.84556
1786333720,26.71435,85.87625,90,0,218,,0,27.35871,26.68159,21.84556
1786333721,26.6743,85.79996,90,0,218,,2,27.35871,26.68159,21.77803
1786333722,26.6556,85.77554,90,0,218,,3,27.39258,26.74932,21.77803
1786333723,26.74372,85.86252,90,0,219,,0,27.39258,26.64792,21.74417
1786333723,26.7998,85.75418,90,0,218,,0,27.46011,26.71565,21.84556
1786333724,26.64225,85.67025,90,0,218,,0,27.35871,26.68159,21.77803
1786333725,26.71435,85.81216,90,0,218,,0,27.32484,26.68159,21.84556
1786333725,26.77043,85.80759,90,0,218,,0,27.39258,26.71565,21.77803
1786333726,26.68765,85.7847,90,0,217,,0,27.42644,26.74932,21.8119
1786333727,26.74372,85.75876,90,0,217,,6,27.39258,26.68159,21.8119
1786333727,26.78645,85.92661,90,0,218,,0,27.35871,26.71565,21.87943
1786333728,26.64225,85.77249,90,0,218,,0,27.35871,26.68159,21.8119
1786333729,26.71435,85.86404,90,0,218,,0,27.39258,26.68159,21.84556
1786333729,26.701,85.92355,90,0,217,,8,27.39258,26.74932,21.77803
1786333730,26.73037,85.77707,90,0,217,,0,27.35871,26.68159,21.77803
1786333731,26.73037,85.81674,90,0,217,,0,27.35871,26.61406,21.9133
1786333731,26.6743,85.78012,90,0,218,,0,27.46011,26.71565,21.8119
1786333732,26.75708,85.79385,90,0,218,,6,27.42644,26.68159,21.87943
1786333733,26.77043,85.77707,90,0,218,,0,27.39258,26.71565,21.84556
1786333733,26.71435,85.74044,90,0,218,,0,27.35871,26.71565,21.9133
1786333734,26.701,85.65347,90,0,218,,0,27.39258,26.64792,21.84556
1786333735,26.71435,85.59701,90,0,218,,7,27.32484,26.71565,21.74417
1786333735,26.74372,85.64431,90,0,218,,0,27.39258,26.61406,21.84556
1786333736,26.75708,85.7847,90,0,218,,0,27.42644,26.68159,21.84556
1786333737,26.7998,85.80453,90,0,218,,7,27.35871,26.61406,21.8119
1786333737,26.77043,85.84879,90,0,217,,4,27.39258,26.74932,21.8119
1786333738,26.68765,85.69314,90,0,218,,0,27.35871,26.68159,21.8119
1786333739,26.73037,85.79538,90,0,218,,0,27.35871,26.78319,21.8119
1786333739,26.73037,85.90067,90,0,218,,2,27.32484,26.64792,21.77803
1786333740,26.701,85.99527,90,0,218,,0,27.42644,26.68159,21.8119
1786333741,26.73037,86.00443,90,0,217,,0,27.46011,26.71565,21.84556
1786333742,26.7998,86.02274,90,0,218,,0,27.39258,26.71565,21.8119
1786333742,26.75708,86.04257,90,0,218,,0,27.35871,26.64792,21.8119
1786333743,26.701,85.96323,90,0,218,,0,27.39258,26.74932,21.8119
1786333744,26.64225,85.95865,90,0,218,,0,27.39258,26.74932,21.84556
1786333744,26.59953,85.98764,90,0,218,,0,27.42644,26.64792,21.7105
1786333745,26.71435,86.12344,90,0,218,,5,27.39258,26.64792,21.8119
1786333746,26.71435,85.99985,90,0,217,,0,27.42644,26.68159,21.84556
1786333746,26.75708,86.03189,90,0,217,,0,27.39258,26.64792,21.74417
1786333747,26.6743,85.90524,90,0,218,,2,27.35871,26.68159,21.8119
1786333748,26.701,85.92355,90,0,218,,0,27.32484,26.74932,21.87943
1786333748,26.71435,85.91745,90,0,218,,0,27.35871,26.74932,21.9133
1786333749,26.77043,85.88083,90,0,217,,0,27.39258,26.68159,21.77803
1786333750,26.6556,85.94186,90,0,218,,10,27.39258,26.74932,21.84556
1786333750,26.701,85.87167,90,0,217,,0,27.42644,26.68159,21.77803
1786333751,26.75708,85.80301,90,0,218,,0,27.35871,26.61406,21.77803
1786333752,26.75708,85.80301,90,0,218,,2,27.35871,26.64792,21.74417
1786333752,26.75708,85.81369,90,0,218,,0,27.39258,26.64792,21.84556
1786333753,26.81315,85.90372,90,0,218,,0,27.32484,26.74932,21.87943
1786333754,26.59953,85.84421,90,0,218,,0,27.39258,26.71565,21.84556
1786333754,26.78645,85.86404,90,0,218,,1,27.42644,26.71565,21.8119
1786333755,26.701,85.85031,90,0,218,,0,27.35871,26.74932,21.74417
1786333756,26.6556,85.74502,90,0,218,,0,27.32484,26.74932,21.87943
1786333756,26.6743,85.7206,90,0,218,,0,27.35871,26.61406,21.77803
1786333757,26.73037,85.74502,90,0,217,,6,27.42644,26.71565,21.77803
1786333758,26.6556,85.70382,90,0,217,,0,27.39258,26.68159,21.8119
1786333758,26.68765,85.72213,90,0,218,,0,27.39258,26.74932,21.84556
1786333759,26.71435,85.81216,90,0,218,,2,27.39258,26.74932,21.84556
1786333760,26.74372,85.70687,90,0,217,,9,27.42644,26.64792,21.87943
1786333761,26.71435,85.73129,90,0,217,,0,27.42644,26.74932,21.87943
1786333761,26.68765,85.91898,90,0,217,,0,27.35871,26.71565,21.77803
1786333762,26.78645,85.92661,90,0,218,,0,27.39258,26.64792,21.87943
1786333763,26.6556,85.83963,90,0,218,,0,27.35871,26.68159,21.84556
1786333763,26.71435,85.77249,90,0,218,,0,27.39258,26.64792,21.84556
1786333764,26.6743,85.79996,90,0,218,,0,27.39258,26.71565,21.8119
1786333765,26.81315,86.08835,90,0,218,,4,27.35871,26.68159,21.77803
1786333765,26.71435,85.90524,90,0,218,,0,27.35871,26.68159,21.87943
1786333766,26.74372,86.1738,90,0,217,,0,27.42644,26.68159,21.87943
1786333767,26.78645,85.97696,90,0,218,,0,27.39258,26.64792,21.8119
1786333767,26.68765,85.91898,90,0,218,,1,27.35871,26.64792,21.84556
1786333768,26.73037,85.83658,90,0,218,,0,27.42644,26.64792,21.84556
1786333769,26.73037,85.95102,90,0,218,,0,27.42644,26.68159,21.84556
1786333769,26.6556,86.02426,90,0,218,,0,27.35871,26.68159,21.77803
1786333770,26.701,85.78928,90,0,217,,2,27.35871,26.61406,21.87943
1786333771,26.68765,85.74349,90,0,218,,0,27.39258,26.71565,21.77803
1786333771,26.73037,85.79538,90,0,218,,0,27.39258,26.61406,21.84556
1786333772,26.701,85.83047,90,0,218,,0,27.39258,26.71565,21.8119
1786333773,26.68765,85.77249,90,0,219,,0,27.35871,26.74932,21.84556
1786333773,26.73037,85.81674,90,0,218,,0,27.39258,26.64792,21.87943
1786333774,26.68765,85.87778,90,0,218,,0,27.39258,26.68159,21.8119
1786333775,26.6289,85.72976,90,0,218,,0,27.35871,26.74932,21.87943
1786333775,26.74372,85.8732,90,0,218,,10,27.39258,26.74932,21.8119
1786333776,26.6743,85.72976,90,0,218,,0,27.39258,26.64792,21.84556
1786333777,26.73037,85.93271,90,0,217,,0,27.35871,26.61406,21.84556
1786333777,26.701,85.69466,90,0,218,,0,27.39258,26.68159,21.8119
1786333778,26.68765,85.7847,90,0,217,,8,27.39258,26.64792,21.8119
1786333779,26.701,85.78928,90,0,217,,0,27.35871,26.74932,21.84556
1786333780,26.77043,85.77707,90,0,217,,0,27.35871,26.64792,21.77803
1786333780,26.701,85.87167,90,0,218,,0,27.35871,26.71565,21.8119
1786333781,26.74372,85.71755,90,0,218,,6,27.39258,26.64792,21.8119
1786333782,26.75708,85.91898,90,0,218,,0,27.35871,26.58019,21.77803
1786333782,26.73037,85.77707,90,0,218,,0,27.32484,26.71565,21.84556
1786333783,26.77043,85.82742,90,0,218,,0,27.35871,26.71565,21.8119
1786333784,26.71435,85.86404,90,0,218,,0,27.35871,26.61406,21.77803
1786333784,26.61288,85.76334,90,0,218,,0,27.35871,26.68159,21.77803
1786333785,26.701,85.83047,90,0,218,,0,27.35871,26.64792,21.77803
1786333786,26.78645,85.832,90,0,218,,5,27.39258,26.58019,21.8119
1786333786,26.701,85.85031,90,0,218,,10,27.39258,26.68159,21.84556
1786333787,26.71435,85.7908,90,0,218,,0,27.39258,26.68159,21.77803
1786333788,26.6743,85.85336,90,0,217,,0,27.39258,26.68159,21.84556
1786333788,26.71435,85.7908,90,0,218,,7,27.35871,26.64792,21.84556
1786333789,26.71435,85.85489,90,0,218,,1,27.35871,26.68159,21.84556
1786333790,26.78645,85.93729,90,0,218,,0,27.39258,26.61406,21.87943
1786333790,26.64225,85.78165,90,0,218,,0,27.35871,26.68159,21.84556
1786333791,26.701,85.88235,90,0,217,,2,27.39258,26.68159,21.94696
1786333792,26.74372,85.82132,90,0,218,,0,27.46011,26.74932,21.84556
1786333792,26.6743,85.74044,90,0,218,,0,27.39258,26.81705,21.84556
1786333793,26.71435,85.89609,90,0,218,,3,27.39258,26.64792,21.84556
1786333794,26.6743,85.88541,90,0,218,,0,27.39258,26.71565,21.8119
1786333794,26.73037,85.88998,90,0,218,,0,27.32484,26.74932,21.7105
1786333795,26.68765,86.03342,90,0,218,,0,27.35871,26.64792,21.87943
1786333796,26.701,86.00595,90,0,217,,4,27.39258,26.64792,21.87943
1786333796,26.71435,85.9678,90,0,217,,0,27.39258,26.71565,21.84556
1786333797,26.71435,85.85489,90,0,217,,0,27.35871,26.71565,21.84556
1786333798,26.73037,86.00443,90,0,217,,0,27.32484,26.68159,21.77803
1786333799,26.73037,86.04562,90,0,218,,5,27.39258,26.71565,21.84556
1786333799,26.6743,85.93576,90,0,218,,0,27.35871,26.68159,21.77803
1786333800,26.68765,86.06393,90,0,218,,0,27.39258,26.64792,21.8119
1786333801,26.77043,86.10666,90,0,218,,0,27.39258,26.68159,21.8119
1786333801,26.77043,86.27146,90,0,217,,4,27.39258,26.64792,21.8119
1786333802,26.6743,86.2974,90,0,217,,0,27.42644,26.71565,21.8119
1786333803,26.71435,86.27909,90,0,218,,0,27.39258,26.68159,21.74417
1786333803,26.78645,86.32944,90,0,218,,1,27.35871,26.78319,21.84556
1786333804,26.75708,86.39506,90,0,218,,1,27.32484,26.68159,21.87943
1786333805,26.73037,86.36607,90,0,218,,0,27.39258,26.71565,21.84556
1786333805,26.74372,86.3386,90,0,218,,0,27.32484,26.71565,21.8119
1786333806,26.74372,86.3386,90,0,218,,1,27.35871,26.68159,21.8119
1786333807,26.77043,86.38895,90,0,218,,5,27.35871,26.61406,21.77803
1786333807,26.68765,86.40421,90,0,217,,0,27.35871,26.68159,21.84556
1786333808,26.78645,86.38132,90,0,218,,0,27.32484,26.64792,21.8119
1786333809,26.6289,86.27451,90,0,218,,7,27.39258,26.71565,21.87943
1786333809,26.75708,86.35233,90,0,218,,7,27.42644,26.71565,21.77803
1786333810,26.6556,86.29282,90,0,218,,0,27.35871,26.71565,21.84556
1786333811,26.81315,86.23483,90,0,217,,0,27.39258,26.61406,21.84556
1786333811,26.6556,86.23026,90,0,218,,3,27.35871,26.68159,21.84556
1786333812,26.701,86.17075,90,0,218,,1,27.35871,26.71565,21.9133
1786333813,26.74372,86.24704,90,0,218,,0,27.39258,26.71565,21.8119
1786333813,26.6556,86.28367,90,0,218,,0,27.39258,26.78319,21.8119
1786333814,26.71435,86.22568,90,0,218,,5,27.39258,26.68159,21.77803
1786333815,26.71435,86.19669,90,0,218,,0,27.32484,26.74932,21.8119
1786333815,26.68765,86.08377,90,0,218,,0,27.35871,26.64792,21.87943
1786333816,26.6289,86.01816,90,0,218,,0,27.39258,26.71565,21.84556
1786333817,26.6556,86.14786,90,0,218,,11,27.42644,26.68159,21.77803
1786333818,26.77043,86.1799,90,0,218,,0,27.35871,26.64792,21.87943
1786333818,26.73037,86.0563,90,0,217,,0,27.42644,26.71565,21.84556
1786333819,26.71435,86.05173,90,0,218,,1,27.35871,26.68159,21.8119
1786333820,26.68765,86.02274,90,0,218,,11,27.39258,26.64792,21.77803
1786333820,26.6743,86.009,90,0,218,,0,27.42644,26.71565,21.77803
1786333821,26.77043,86.03647,90,0,218,,0,27.39258,26.68159,21.8119
1786333822,26.6743,85.91745,90,0,218,,2,27.35871,26.68159,21.8119
1786333822,26.74372,85.92661,90,0,218,,0,27.35871,26.71565,21.9133
1786333823,26.75708,85.89914,90,0,218,,0,27.39258,26.64792,21.84556
1786333824,26.74372,85.75876,90,0,218,,0,27.35871,26.71565,21.8119
1786333824,26.5568,85.86252,90,0,218,,0,27.35871,26.64792,21.77803
1786333825,26.73037,85.79538,90,0,218,,0,27.42644,26.68159,21.84556
1786333826,26.6289,85.78928,90,0,217,,0,27.42644,26.71565,21.9133
1786333826,26.73037,85.85947,90,0,218,,0,27.39258,26.68159,21.84556
1786333827,26.73037,85.79538,90,0,217,,10,27.39258,26.74932,21.87943
1786333828,26.74372,85.94492,90,0,217,,0,27.39258,26.64792,21.84556
1786333828,26.64225,85.81369,90,0,218,,0,27.35871,26.68159,21.87943
1786333829,26.68765,85.92813,90,0,218,,0,27.42644,26.68159,21.84556
1786333830,26.75708,86.07309,90,0,218,,3,27.35871,26.61406,21.74417
1786333830,26.71435,86.18448,90,0,217,,0,27.39258,26.68159,21.8119
1786333831,26.68765,85.89914,90,0,217,,0,27.35871,26.74932,21.77803
1786333832,26.6289,85.86252,90,0,217,,0,27.35871,26.61406,21.84556
1786333832,26.75708,86.04257,90,0,219,,0,27.39258,26.64792,21.84556
1786333833,26.71435,85.95865,90,0,218,,0,27.35871,26.74932,21.77803
1786333834,26.75708,86.03189,90,0,218,,0,27.39258,26.68159,21.84556
1786333834,26.74372,86.07004,90,0,218,,0,27.42644,26.64792,21.7105
1786333835,26.64225,86.02274,90,0,218,,0,27.32484,26.74932,21.8119
1786333836,26.71435,85.91745,90,0,217,,0,27.35871,26.68159,21.8119
1786333837,26.64225,85.77249,90,0,218,,0,27.39258,26.71565,21.8119
1786333837,26.6556,86.04562,90,0,217,,1,27.39258,26.71565,21.84556
1786333838,26.77043,85.99527,90,0,218,,3,27.35871,26.74932,21.87943
1786333839,26.68765,85.84573,90,0,218,,0,27.35871,26.58019,21.8119
1786333839,26.6743,85.89456,90,0,218,,0,27.35871,26.71565,21.84556
1786333840,26.74372,85.96475,90,0,217,,4,27.39258,26.64792,21.87943
1786333841,26.68765,85.85794,90,0,217,,1,27.35871,26.64792,21.8119
1786333841,26.701,85.87167,90,0,217,,0,27.39258,26.68159,21.84556
1786333842,26.74372,85.88235,90,0,218,,0,27.35871,26.68159,21.87943
1786333843,26.75708,85.79385,90,0,218,,0,27.32484,26.74932,21.94696
1786333843,26.78645,85.85336,90,0,218,,0,27.35871,26.61406,21.84556
1786333844,26.701,85.81827,90,0,218,,0,27.39258,26.64792,21.9133
1786333845,26.74372,85.94492,90,0,218,,0,27.39258,26.71565,21.8119
1786333845,26.71435,85.85489,90,0,218,,3,27.39258,26.64792,21.84556
1786333846,26.71435,85.83505,90,0,218,,0,27.42644,26.68159,21.84556
1786333847,26.68765,85.89914,90,0,218,,0,27.42644,26.68159,21.8119
1786333847,26.74372,85.96475,90,0,218,,0,27.32484,26.71565,21.84556
1786333848,26.68765,85.96933,90,0,217,,7,27.39258,26.68159,21.77803
1786333849,26.6289,86.06851,90,0,218,,0,27.39258,26.68159,21.8119
1786333849,26.73037,86.02426,90,0,218,,0,27.35871,26.68159,21.84556
1786333850,26.78645,86.19669,90,0,218,,5,27.39258,26.78319,21.8119
1786333851,26.68765,86.24857,90,0,218,,12,27.39258,26.74932,21.8119
1786333851,26.68765,86.21957,90,0,218,,0,27.35871,26.74932,21.84556
1786333852,26.64225,86.29893,90,0,218,,0,27.32484,26.74932,21.8119
1786333853,26.6556,86.28367,90,0,218,,0,27.35871,26.71565,21.8119
1786333854,26.73037,86.26078,90,0,218,,10,27.35871,26.68159,21.67663
1786333854,26.74372,86.28519,90,0,218,,0,27.39258,26.61406,21.8119
1786333855,26.68765,86.33402,90,0,218,,0,27.39258,26.71565,21.77803
1786333856,26.74372,86.215,90,0,218,,4,27.35871,26.78319,21.8119
1786333856,26.6556,86.24246,90,0,218,,0,27.35871,26.64792,21.8119
1786333857,26.6289,86.18295,90,0,217,,0,27.39258,26.71565,21.84556
1786333858,26.71435,86.23788,90,0,218,,0,27.35871,26.71565,21.87943
1786333858,26.74372,86.22568,90,0,218,,9,27.39258,26.71565,21.8119
1786333859,26.75708,86.31113,90,0,218,,0,27.39258,26.64792,21.84556
1786333860,26.71435,86.20584,90,0,218,,0,27.42644,26.71565,21.77803
1786333860,26.74372,86.34928,90,0,218,,0,27.39258,26.71565,21.87943
1786333861,26.73037,86.2211,90,0,218,,1,27.32484,26.71565,21.84556
1786333862,26.7998,86.29282,90,0,217,,0,27.32484,26.64792,21.84556
1786333862,26.74372,86.40879,90,0,219,,0,27.42644,26.71565,21.8119
1786333863,26.71435,86.34013,90,0,218,,0,27.39258,26.71565,21.7105
1786333864,26.74372,86.35844,90,0,218,,0,27.39258,26.64792,21.84556
1786333864,26.74372,86.35844,90,0,218,,0,27.39258,26.74932,21.8119
1786333865,26.701,86.32639,90,0,218,,0,27.42644,26.71565,21.8119
1786333866,26.6289,86.32639,90,0,218,,0,27.39258,26.64792,21.8119
1786333866,26.64225,86.41337,90,0,218,,3,27.35871,26.64792,21.84556
1786333867,26.6289,86.40879,90,0,218,,0,27.32484,26.68159,21.84556
1786333868,26.73037,86.44846,90,0,218,,0,27.32484,26.71565,21.8119
1786333868,26.701,86.39811,90,0,218,,0,27.35871,26.68159,21.84556
1786333869,26.71435,86.29893,90,0,218,,2,27.35871,26.74932,21.8119
1786333870,26.71435,86.43168,90,0,217,,0,27.39258,26.64792,21.77803
1786333870,26.68765,86.41337,90,0,217,,0,27.32484,26.71565,21.77803
1786333871,26.71435,86.42252,90,0,217,,0,27.39258,26.71565,21.8119
1786333872,26.75708,86.38438,90,0,218,,7,27.39258,26.71565,21.8119
1786333873,26.71435,86.43168,90,0,218,,0,27.32484,26.68159,21.84556
1786333873,26.82918,86.49577,90,0,218,,0,27.35871,26.68159,21.7105
1786333874,26.75708,86.43473,90,0,218,,0,27.35871,26.64792,21.8119
1786333875,26.75708,86.46677,90,0,218,,5,27.32484,26.68159,21.74417
1786333875,26.73037,86.3859,90,0,217,,0,27.42644,26.71565,21.84556
1786333876,26.6743,86.27604,90,0,218,,0,27.35871,26.68159,21.84556
1786333877,26.73037,86.5095,90,0,218,,0,27.35871,26.68159,21.77803
1786333877,26.68765,86.5095,90,0,217,,1,27.35871,26.64792,21.84556
1786333878,26.68765,86.43626,90,0,218,,1,27.39258,26.71565,21.8119
1786333879,26.73037,86.33402,90,0,217,,0,27.42644,26.68159,21.84556
1786333879,26.74372,86.3386,90,0,217,,0,27.35871,26.68159,21.74417
1786333880,26.73037,86.41642,90,0,217,,2,27.42644,26.64792,21.84556
1786333881,26.6743,86.31724,90,0,217,,7,27.39258,26.68159,21.9133
1786333881,26.73037,86.28367,90,0,217,,0,27.32484,26.74932,21.84556
1786333882,26.73037,86.32487,90,0,218,,0,27.35871,26.58019,21.8119
1786333883,26.68765,86.28062,90,0,219,,0,27.42644,26.71565,21.8119
1786333883,26.82918,86.45457,90,0,218,,2,27.35871,26.78319,21.84556
1786333884,26.6556,86.23026,90,0,218,,0,27.39258,26.71565,21.77803
1786333885,26.701,86.23331,90,0,218,,0,27.39258,26.78319,21.8119
1786333885,26.71435,86.27909,90,0,217,,4,27.39258,26.64792,21.77803
1786333886,26.71435,86.22568,90,0,217,,9,27.35871,26.74932,21.8119
1786333887,26.74372,86.05936,90,0,218,,0,27.32484,26.71565,21.9133
1786333887,26.701,86.18295,90,0,218,,0,27.32484,26.68159,21.8119
1786333888,26.6556,86.07462,90,0,218,,2,27.35871,26.68159,21.84556
1786333889,26.74372,86.05936,90,0,218,,8,27.39258,26.68159,21.74417
1786333889,26.68765,85.92813,90,0,218,,0,27.35871,26.68159,21.7105
1786333890,26.75708,85.90829,90,0,218,,0,27.42644,26.71565,21.94696
1786333891,26.71435,85.91745,90,0,218,,14,27.39258,26.68159,21.84556
1786333891,26.6743,85.86404,90,0,217,,0,27.42644,26.64792,21.8119
1786333892,26.61288,85.77554,90,0,218,,0,27.35871,26.64792,21.8119
1786333893,26.701,85.78928,90,0,218,,0,27.35871,26.78319,21.87943
1786333894,26.73037,85.92203,90,0,218,,5,27.39258,26.74932,21.8119
1786333894,26.73037,85.82742,90,0,218,,0,27.39258,26.68159,21.84556
1786333895,26.78645,85.77249,90,0,218,,0,27.42644,26.61406,21.8119
1786333896,26.71435,85.73129,90,0,217,,3,27.39258,26.61406,21.84556
1786333896,26.64225,85.71145,90,0,218,,5,27.35871,26.71565,21.77803
1786333897,26.73037,85.66262,90,0,218,,0,27.35871,26.68159,21.84556
1786333898,26.68765,85.6199,90,0,218,,0,27.39258,26.74932,21.84556
1786333898,26.59953,85.60616,90,0,218,,5,27.35871,26.64792,21.84556
1786333899,26.6743,85.47036,90,0,217,,0,27.35871,26.71565,21.8119
1786333900,26.73037,85.67178,90,0,218,,0,27.32484,26.71565,21.87943
1786333900,26.61288,85.5375,90,0,218,,3,27.35871,26.64792,21.84556
1786333901,26.701,85.53902,90,0,218,,6,27.35871,26.64792,21.74417
1786333902,26.75708,85.53445,90,0,218,,0,27.39258,26.74932,21.84556
1786333902,26.77043,85.39559,90,0,218,,0,27.29098,26.64792,21.8119
1786333903,26.6556,85.39559,90,0,218,,1,27.35871,26.68159,21.84556
1786333904,26.6556,85.44595,90,0,218,,0,27.39258,26.68159,21.8119
1786333904,26.701,85.39559,90,0,218,,0,27.32484,26.71565,21.84556
1786333905,26.77043,85.46883,90,0,218,,0,27.39258,26.74932,21.9133
1786333906,26.6556,85.3727,90,0,217,,0,27.39258,26.71565,21.77803
1786333906,26.6556,85.44595,90,0,217,,0,27.32484,26.74932,21.8119
1786333907,26.74372,85.31472,90,0,218,,0,27.35871,26.68159,21.8119
1786333908,26.701,85.58327,90,0,218,,1,27.35871,26.68159,21.77803
1786333908,26.74372,85.39712,90,0,217,,5,27.39258,26.61406,21.87943
1786333909,26.73037,85.36355,90,0,217,,0,27.39258,26.68159,21.8119
1786333910,26.71435,85.40017,90,0,217,,0,27.35871,26.68159,21.77803
1786333910,26.701,85.49783,90,0,217,,4,27.39258,26.71565,21.8119
1786333911,26.75708,85.43221,90,0,218,,0,27.32484,26.71565,21.77803
1786333912,26.6743,85.36813,90,0,218,,0,27.32484,26.71565,21.8119
1786333913,26.701,85.37423,90,0,219,,0,27.35871,26.68159,21.8119
1786333913,26.68765,85.32845,90,0,218,,5,27.42644,26.71565,21.77803
1786333914,26.6556,85.38338,90,0,218,,0,27.42644,26.61406,21.87943
1786333915,26.77043,85.39559,90,0,218,,0,27.39258,26.61406,21.84556
1786333915,26.73037,85.46578,90,0,217,,1,27.39258,26.68159,21.87943
1786333916,26.59953,85.29488,90,0,217,,0,27.35871,26.64792,21.77803
1786333917,26.701,85.49783,90,0,218,,0,27.39258,26.64792,21.74417
1786333917,26.73037,85.48714,90,0,218,,1,27.39258,26.61406,21.8119
1786333918,26.6556,85.40475,90,0,217,,3,27.35871,26.64792,21.8119
1786333919,26.71435,85.69924,90,0,218,,0,27.39258,26.71565,21.9133
1786333919,26.71435,85.51156,90,0,218,,0,27.39258,26.64792,21.84556
1786333920,26.7998,85.58938,90,0,217,,8,27.35871,26.71565,21.77803
1786333921,26.6743,85.55276,90,0,218,,2,27.35871,26.71565,21.74417
1786333921,26.74372,85.39712,90,0,218,,0,27.29098,26.71565,21.77803
1786333922,26.78645,85.51156,90,0,218,,0,27.32484,26.71565,21.8119
1786333923,26.81315,85.52987,90,0,218,,7,27.35871,26.74932,21.84556
1786333923,26.73037,85.45663,90,0,218,,0,27.39258,26.64792,21.87943
1786333924,26.68765,85.58938,90,0,218,,0,27.39258,26.74932,21.84556
1786333925,26.6556,85.60159,90,0,218,,0,27.39258,26.71565,21.84556
1786333925,26.6743,85.626,90,0,217,,4,27.35871,26.78319,21.84556
1786333926,26.84253,85.67178,90,0,218,,0,27.39258,26.64792,21.87943
1786333927,26.73037,85.56954,90,0,218,,0,27.35871,26.61406,21.77803
1786333927,26.77043,85.67178,90,0,217,,10,27.35871,26.74932,21.74417
1786333928,26.71435,85.53445,90,0,217,,0,27.42644,26.68159,21.84556
1786333929,26.81315,85.57107,90,0,217,,0,27.39258,26.71565,21.84556
1786333929,26.74372,85.68551,90,0,217,,1,27.32484,26.78319,21.84556
1786333930,26.68765,85.62905,90,0,217,,7,27.42644,26.64792,21.9133
1786333931,26.71435,85.77249,90,0,218,,0,27.35871,26.71565,21.84556
1786333932,26.77043,85.80759,90,0,217,,0,27.39258,26.68159,21.87943
1786333932,26.71435,85.84421,90,0,218,,0,27.42644,26.64792,21.8119
1786333933,26.71435,86.08224,90,0,218,,0,27.35871,26.61406,21.8119
1786333934,26.81315,86.12955,90,0,218,,0,27.35871,26.71565,21.8119
1786333934,26.77043,86.16006,90,0,218,,0,27.35871,26.68159,21.74417
1786333935,26.74372,86.28519,90,0,218,,6,27.32484,26.71565,21.8119
1786333936,26.74372,86.39964,90,0,218,,0,27.39258,26.64792,21.87943
1786333936,26.74372,86.44999,90,0,217,,0,27.32484,26.68159,21.84556
1786333937,26.78645,86.46372,90,0,217,,5,27.39258,26.71565,21.8119
1786333938,26.7998,86.39506,90,0,218,,0,27.32484,26.71565,21.8119
1786333938,26.7998,86.65446,90,0,217,,0,27.35871,26.68159,21.84556
1786333939,26.68765,86.61021,90,0,217,,0,27.42644,26.64792,21.74417
1786333940,26.6289,86.63767,90,0,218,,3,27.39258,26.74932,21.87943
1786333940,26.6743,86.51408,90,0,218,,0,27.35871,26.68159,21.77803
1786333941,26.701,86.58274,90,0,217,,0,27.35871,26.68159,21.84556
1786333942,26.74372,86.54612,90,0,218,,1,27.35871,26.68159,21.77803
1786333942,26.81315,86.51255,90,0,218,,1,27.35871,26.68159,21.8119
1786333943,26.74372,86.58579,90,0,218,,0,27.39258,26.74932,21.84556
1786333944,26.7998,86.43626,90,0,218,,0,27.35871,26.61406,21.74417
1786333944,26.71435,86.52628,90,0,218,,0,27.35871,26.74932,21.8119
1786333945,26.75708,86.43473,90,0,218,,0,27.32484,26.74932,21.77803
1786333946,26.6743,86.41184,90,0,217,,0,27.35871,26.68159,21.8119
1786333946,26.73037,86.44846,90,0,218,,2,27.39258,26.68159,21.77803
1786333947,26.68765,86.40421,90,0,218,,6,27.39258,26.64792,21.84556
1786333948,26.71435,86.43168,90,0,217,,0,27.39258,26.68159,21.84556
1786333948,26.81315,86.3798,90,0,218,,0,27.35871,26.64792,21.8119
1786333949,26.78645,86.30808,90,0,218,,0,27.39258,26.74932,21.8119
1786333950,26.701,86.28367,90,0,218,,0,27.39258,26.78319,21.8119
1786333951,26.73037,86.23026,90,0,218,,0,27.35871,26.61406,21.84556
1786333951,26.75708,86.09598,90,0,218,,0,27.39258,26.64792,21.8119
1786333952,26.74372,86.20279,90,0,218,,5,27.39258,26.81705,21.8119
1786333953,26.6743,86.1326,90,0,218,,0,27.35871,26.74932,21.8119
1786333953,26.71435,86.12344,90,0,218,,0,27.35871,26.68159,21.84556
1786333954,26.701,86.15091,90,0,218,,2,27.42644,26.71565,21.8119
1786333955,26.75708,86.07309,90,0,218,,2,27.42644,26.74932,21.8119
1786333955,26.7998,86.10666,90,0,218,,0,27.35871,26.71565,21.8119
1786333956,26.74372,86.00595,90,0,218,,0,27.42644,26.78319,21.8119
1786333957,26.6556,86.12802,90,0,217,,8,27.35871,26.64792,21.77803
1786333957,26.78645,86.26688,90,0,218,,0,27.39258,26.68159,21.67663
1786333958,26.73037,86.1799,90,0,218,,0,27.42644,26.68159,21.8119
1786333959,26.701,86.18295,90,0,217,,0,27.42644,26.74932,21.84556
1786333959,26.68765,86.19821,90,0,217,,9,27.39258,26.64792,21.84556
1786333960,26.71435,86.24704,90,0,217,,0,27.39258,26.68159,21.84556
1786333961,26.68765,86.28062,90,0,217,,0,27.39258,26.64792,21.84556
1786333961,26.6743,86.38132,90,0,218,,9,27.42644,26.68159,21.8119
1786333962,26.73037,86.44846,90,0,218,,1,27.42644,26.71565,21.84556
1786333963,26.73037,86.5095,90,0,218,,0,27.32484,26.64792,21.84556
1786333963,26.78645,86.56748,90,0,218,,0,27.35871,26.68159,21.87943
1786333964,26.73037,86.48051,90,0,218,,0,27.39258,26.71565,21.77803
1786333965,26.74372,86.54612,90,0,218,,0,27.35871,26.71565,21.9133
1786333965,26.82918,86.56901,90,0,217,,0,27.39258,26.71565,21.8119
1786333966,26.74372,86.55375,90,0,218,,0,27.35871,26.74932,21.9133
1786333967,26.64225,86.64072,90,0,218,,2,27.39258,26.68159,21.8119
1786333967,26.6743,86.56748,90,0,217,,0,27.35871,26.68159,21.77803
1786333968,26.75708,86.54002,90,0,217,,0,27.42644,26.71565,21.84556
1786333969,26.73037,86.58274,90,0,218,,1,27.35871,26.64792,21.87943
1786333970,26.64225,86.65141,90,0,218,,0,27.35871,26.71565,21.8119
1786333970,26.68765,86.55985,90,0,218,,0,27.35871,26.68159,21.8119
1786333971,26.6743,86.59647,90,0,217,,0,27.32484,26.61406,21.8119
1786333972,26.68765,86.69566,90,0,217,,9,27.39258,26.68159,21.8119
1786333972,26.71435,86.62852,90,0,218,,0,27.35871,26.64792,21.77803
1786333973,26.77043,86.61478,90,0,218,,0,27.42644,26.68159,21.8119
1786333974,26.6556,86.78874,90,0,218,,1,27.39258,26.64792,21.74417
1786333974,26.71435,86.71091,90,0,218,,1,27.35871,26.64792,21.8119
1786333975,26.64225,86.67277,90,0,218,,0,27.35871,26.71565,21.87943
1786333976,26.74372,86.65903,90,0,218,,0,27.42644,26.68159,21.8119
1786333976,26.84253,86.6453,90,0,218,,8,27.32484,26.68159,21.84556
1786333977,26.74372,86.63767,90,0,217,,0,27.39258,26.68159,21.87943
1786333978,26.6743,86.68192,90,0,217,,0,27.39258,26.64792,21.8119
1786333978,26.75708,86.56901,90,0,218,,0,27.35871,26.71565,21.84556
1786333979,26.73037,86.66514,90,0,217,,7,27.35871,26.54632,21.8119
1786333980,26.81315,86.58579,90,0,218,,0,27.39258,26.61406,21.8119
1786333980,26.71435,86.48508,90,0,217,,0,27.35871,26.61406,21.7105
1786333981,26.71435,86.49577,90,0,218,,0,27.42644,26.68159,21.84556
1786333982,26.73037,86.52171,90,0,218,,5,27.39258,26.61406,21.8119
1786333982,26.6743,86.39964,90,0,218,,0,27.39258,26.68159,21.84556
1786333983,26.71435,86.43168,90,0,218,,0,27.39258,26.61406,21.74417
1786333984,26.6556,86.31266,90,0,218,,0,27.39258,26.68159,21.77803
1786333984,26.78645,86.26688,90,0,218,,0,27.35871,26.71565,21.74417
1786333985,26.64225,86.13412,90,0,218,,0,27.39258,26.74932,21.8119
1786333986,26.71435,86.23788,90,0,217,,0,27.35871,26.64792,21.77803
1786333987,26.74372,86.12955,90,0,218,,0,27.39258,26.64792,21.77803
1786333987,26.74372,86.14175,90,0,217,,3,27.39258,26.68159,21.9133
1786333988,26.71435,86.009,90,0,217,,0,27.39258,26.71565,21.84556
1786333989,26.73037,86.20126,90,0,218,,0,27.35871,26.71565,21.8119
1786333989,26.73037,85.83658,90,0,217,,0,27.39258,26.68159,21.77803
1786333990,26.6556,85.91898,90,0,218,,0,27.39258,26.74932,21.84556
1786333991,26.82918,85.94949,90,0,217,,0,27.35871,26.68159,21.84556
1786333991,26.6289,85.83047,90,0,217,,0,27.39258,26.68159,21.8119
1786333992,26.74372,85.84116,90,0,218,,0,27.39258,26.71565,21.8119
1786333993,26.75708,85.94949,90,0,218,,0,27.35871,26.64792,21.7105
1786333993,26.68765,85.80453,90,0,218,,0,27.39258,26.61406,21.8119
1786333994,26.74372,85.78928,90,0,218,,0,27.46011,26.68159,21.84556
1786333995,26.74372,85.73891,90,0,218,,0,27.42644,26.68159,21.74417
1786333995,26.68765,85.8671,90,0,218,,3,27.35871,26.68159,21.87943
1786333996,26.6743,85.7496,90,0,218,,1,27.35871,26.64792,21.8119
1786333997,26.6289,85.58327,90,0,218,,0,27.35871,26.68159,21.84556
1786333997,26.701,85.70687,90,0,217,,0,27.39258,26.64792,21.8119
1786333998,26.68765,85.69314,90,0,217,,4,27.35871,26.61406,21.87943
1786333999,26.71435,85.75266,90,0,218,,0,27.39258,26.71565,21.84556
1786333999,26.71435,85.73129,90,0,218,,0,27.39258,26.68159,21.8119
1786334000,26.59953,85.67941,90,0,218,,0,27.35871,26.68159,21.84556
1786334001,26.71435,85.7206,90,0,217,,5,27.35871,26.64792,21.8119
1786334001,26.6743,85.74044,90,0,218,,0,27.35871,26.68159,21.77803
1786334002,26.701,85.69466,90,0,218,,0,27.32484,26.71565,21.84556
1786334003,26.68765,85.77249,90,0,218,,0,27.35871,26.64792,21.77803
1786334003,26.77043,85.75723,90,0,218,,0,27.39258,26.74932,21.77803
1786334004,26.77043,85.68398,90,0,218,,0,27.39258,26.68159,21.84556
1786334005,26.6556,85.61074,90,0,218,,0,27.35871,26.74932,21.84556
1786334006,26.58618,85.66262,90,0,217,,0,27.32484,26.68159,21.8119
1786334006,26.701,85.80911,90,0,217,,7,27.39258,26.71565,21.77803
1786334007,26.77043,85.84879,90,0,217,,0,27.39258,26.71565,21.77803
1786334008,26.701,85.85031,90,0,218,,0,27.32484,26.71565,21.8119
1786334008,26.74372,85.90372,90,0,218,,3,27.39258,26.74932,21.84556
1786334009,26.71435,85.86404,90,0,217,,10,27.39258,26.74932,21.77803
1786334010,26.75708,85.79385,90,0,217,,0,27.39258,26.74932,21.9133
1786334010,26.75708,85.89914,90,0,217,,0,27.39258,26.74932,21.77803
1786334011,26.6556,85.78622,90,0,217,,7,27.39258,26.74932,21.8119
1786334012,26.701,85.78928,90,0,218,,8,27.39258,26.71565,21.8119
1786334012,26.71435,85.76181,90,0,219,,0,27.35871,26.68159,21.8119
1786334013,26.68765,85.96017,90,0,218,,0,27.35871,26.68159,21.74417
1786334014,26.75708,85.83505,90,0,218,,4,27.35871,26.64792,21.87943
1786334014,26.71435,85.69924,90,0,218,,0,27.35871,26.71565,21.84556
1786334015,26.71435,85.77249,90,0,218,,0,27.39258,26.68159,21.8119
1786334016,26.701,85.71603,90,0,217,,0,27.35871,26.68159,21.84556
1786334016,26.6743,85.7496,90,0,217,,9,27.39258,26.68159,21.87943
1786334017,26.68765,85.64889,90,0,218,,0,27.35871,26.71565,21.8119
1786334018,26.64225,85.65804,90,0,217,,0,27.35871,26.68159,21.87943
1786334018,26.701,85.66262,90,0,217,,0,27.35871,26.68159,21.8119
1786334019,26.77043,85.70382,90,0,218,,12,27.39258,26.68159,21.84556
1786334020,26.6743,85.76181,90,0,218,,0,27.39258,26.71565,21.8119
1786334020,26.71435,85.78165,90,0,217,,0,27.35871,26.61406,21.74417
1786334021,26.71435,85.80301,90,0,217,,1,27.39258,26.71565,21.84556
1786334022,26.68765,85.88998,90,0,218,,7,27.39258,26.64792,21.84556
1786334022,26.6743,85.9968,90,0,219,,0,27.35871,26.68159,21.8119
1786334023,26.64225,85.92661,90,0,218,,0,27.39258,26.64792,21.84556
1786334024,26.6743,86.02884,90,0,218,,3,27.39258,26.68159,21.77803
1786334025,26.68765,85.92813,90,0,218,,3,27.39258,26.74932,21.8119
1786334025,26.78645,86.009,90,0,218,,0,27.35871,26.78319,21.9133
1786334026,26.71435,86.11124,90,0,217,,0,27.39258,26.71565,21.84556
1786334027,26.6556,86.18906,90,0,217,,6,27.35871,26.71565,21.8119
1786334027,26.71435,85.97849,90,0,218,,8,27.39258,26.74932,21.77803
1786334028,26.71435,86.10208,90,0,218,,0,27.42644,26.71565,21.77803
1786334029,26.78645,86.10208,90,0,218,,0,27.35871,26.64792,21.8119
1786334029,26.6556,86.10666,90,0,218,,2,27.35871,26.64792,21.84556
1786334030,26.68765,86.13718,90,0,217,,0,27.35871,26.61406,21.84556
1786334031,26.78645,86.20584,90,0,217,,0,27.35871,26.64792,21.77803
1786334031,26.68765,86.08377,90,0,218,,0,27.39258,26.61406,21.8119
1786334032,26.71435,86.15549,90,0,218,,3,27.35871,26.58019,21.77803
1786334033,26.81315,86.19211,90,0,218,,0,27.35871,26.68159,21.8119
1786334033,26.71435,86.04105,90,0,218,,0,27.39258,26.68159,21.77803
1786334034,26.6743,86.10056,90,0,218,,0,27.39258,26.71565,21.98083
1786334035,26.71435,86.21652,90,0,218,,9,27.42644,26.64792,21.84556
1786334035,26.6743,86.12039,90,0,217,,0,27.39258,26.68159,21.84556
1786334036,26.6743,86.10056,90,0,217,,0,27.39258,26.78319,21.77803
1786334037,26.73037,86.13718,90,0,217,,4,27.39258,26.71565,21.8119
1786334037,26.7998,86.08682,90,0,218,,5,27.35871,26.71565,21.8119
1786334038,26.64225,86.12344,90,0,217,,0,27.39258,26.71565,21.87943
1786334039,26.73037,86.16922,90,0,218,,0,27.39258,26.64792,21.8119
1786334039,26.6743,86.02884,90,0,217,,2,27.32484,26.68159,21.84556
1786334040,26.75708,85.99069,90,0,217,,3,27.39258,26.68159,21.8119
1786334041,26.73037,86.14786,90,0,218,,0,27.39258,26.71565,21.8119
1786334041,26.701,86.06851,90,0,218,,0,27.39258,26.64792,21.8119
1786334042,26.6289,86.08835,90,0,218,,5,27.39258,26.78319,21.8119
1786334043,26.64225,86.09293,90,0,218,,0,27.39258,26.81705,21.8119
1786334044,26.81315,86.10056,90,0,218,,0,27.35871,26.64792,21.84556
1786334044,26.71435,86.02884,90,0,218,,0,27.39258,26.71565,21.8119
1786334045,26.75708,85.99985,90,0,218,,0,27.35871,26.71565,21.84556
1786334046,26.73037,86.04562,90,0,218,,0,27.42644,26.68159,21.8119
1786334046,26.64225,86.04257,90,0,217,,0,27.39258,26.71565,21.84556
1786334047,26.77043,86.01511,90,0,217,,0,27.42644,26.74932,21.77803
1786334048,26.6743,85.89456,90,0,218,,9,27.39258,26.68159,21.87943
1786334048,26.71435,86.06088,90,0,217,,0,27.39258,26.64792,21.84556
1786334049,26.75708,85.95865,90,0,217,,0,27.35871,26.74932,21.84556
1786334050,26.71435,85.88541,90,0,218,,0,27.42644,26.68159,21.84556
1786334050,26.6743,85.81216,90,0,217,,6,27.42644,26.74932,21.74417
1786334051,26.61288,85.85794,90,0,217,,0,27.35871,26.64792,21.84556
1786334052,26.701,85.87167,90,0,217,,0,27.35871,26.71565,21.87943
1786334052,26.68765,85.69314,90,0,218,,0,27.35871,26.71565,21.8119
1786334053,26.73037,85.80759,90,0,218,,2,27.39258,26.68159,21.84556
1786334054,26.71435,85.7206,90,0,218,,0,27.35871,26.71565,21.84556
1786334054,26.75708,85.67941,90,0,218,,0,27.39258,26.64792,21.77803
1786334055,26.6556,85.64278,90,0,218,,1,27.39258,26.68159,21.8119
1786334056,26.6556,85.72518,90,0,218,,8,27.35871,26.64792,21.74417
1786334056,26.73037,85.73586,90,0,217,,0,27.39258,26.71565,21.84556
1786334057,26.701,85.76791,90,0,217,,0,27.32484,26.74932,21.8119
1786334058,26.78645,85.77249,90,0,218,,5,27.42644,26.68159,21.8119
1786334058,26.77043,85.79843,90,0,218,,2,27.39258,26.71565,21.77803
1786334059,26.75708,85.76334,90,0,217,,0,27.32484,26.71565,21.84556
1786334060,26.7998,85.78622,90,0,217,,0,27.32484,26.64792,21.87943
1786334060,26.77043,85.75723,90,0,217,,1,27.39258,26.61406,21.9133
1786334061,26.77043,85.66262,90,0,217,,0,27.35871,26.71565,21.9133
1786334062,26.78645,85.77249,90,0,218,,0,27.39258,26.68159,21.9133
1786334063,26.77043,85.72518,90,0,218,,0,27.39258,26.74932,21.84556
1786334063,26.77043,85.67178,90,0,218,,1,27.32484,26.71565,21.84556
1786334064,26.6289,85.76791,90,0,218,,0,27.39258,26.71565,21.8119
1786334065,26.64225,85.73129,90,0,218,,0,27.39258,26.74932,21.7105
1786334065,26.68765,85.87778,90,0,217,,2,27.35871,26.71565,21.8119
1786334066,26.6743,85.64736,90,0,218,,11,27.39258,26.78319,21.8119
1786334067,26.6556,85.63058,90,0,218,,0,27.42644,26.64792,21.84556
1786334067,26.73037,85.66262,90,0,218,,0,27.32484,26.71565,21.8119
1786334068,26.73037,85.69314,90,0,218,,1,27.39258,26.74932,21.84556
1786334069,26.73037,85.68398,90,0,218,,8,27.39258,26.74932,21.77803
1786334069,26.73037,85.70382,90,0,217,,0,27.39258,26.74932,21.77803
1786334070,26.81315,85.79996,90,0,217,,0,27.39258,26.71565,21.84556
1786334071,26.74372,85.78928,90,0,218,,2,27.35871,26.64792,21.77803
1786334071,26.73037,85.76639,90,0,218,,6,27.39258,26.68159,21.8119
1786334072,26.75708,85.80301,90,0,218,,0,27.39258,26.74932,21.9133
1786334073,26.73037,85.61074,90,0,219,,0,27.35871,26.71565,21.74417
1786334073,26.6556,85.76639,90,0,218,,0,27.39258,26.74932,21.77803
1786334074,26.77043,85.82742,90,0,218,,1,27.39258,26.71565,21.8119
1786334075,26.74372,85.65652,90,0,218,,0,27.42644,26.64792,21.8119
1786334075,26.71435,85.83505,90,0,217,,0,27.39258,26.64792,21.8119
1786334076,26.74372,85.77097,90,0,218,,0,27.35871,26.68159,21.84556
1786334077,26.78645,85.79996,90,0,217,,6,27.39258,26.64792,21.77803
1786334077,26.68765,85.74349,90,0,218,,0,27.39258,26.74932,21.84556
1786334078,26.71435,85.73129,90,0,218,,0,27.32484,26.68159,21.8119
1786334079,26.68765,85.67025,90,0,218,,0,27.42644,26.61406,21.77803
1786334079,26.68765,85.73434,90,0,217,,2,27.39258,26.74932,21.8119
1786334080,26.78645,85.9556,90,0,218,,0,27.35871,26.74932,21.9133
1786334081,26.71435,85.7908,90,0,217,,0,27.35871,26.74932,21.8119
1786334082,26.6743,85.79996,90,0,218,,0,27.39258,26.64792,21.84556
1786334082,26.73037,85.69314,90,0,218,,1,27.35871,26.71565,21.77803
1786334083,26.73037,85.70382,90,0,218,,0,27.35871,26.68159,21.8119
1786334084,26.75708,85.7847,90,0,218,,0,27.39258,26.64792,21.77803
1786334084,26.75708,85.67941,90,0,218,,0,27.35871,26.71565,21.9133
1786334085,26.6743,85.6672,90,0,218,,3,27.39258,26.64792,21.77803
1786334086,26.75708,85.76334,90,0,217,,0,27.35871,26.64792,21.84556
1786334086,26.73037,85.67178,90,0,218,,0,27.39258,26.74932,21.9133
1786334087,26.6743,85.60616,90,0,218,,0,27.42644,26.68159,21.84556
1786334088,26.73037,85.67178,90,0,217,,4,27.32484,26.71565,21.84556
1786334088,26.64225,85.55581,90,0,218,,0,27.39258,26.64792,21.84556
1786334089,26.6743,85.5848,90,0,218,,0,27.35871,26.64792,21.84556
1786334090,26.701,85.60311,90,0,217,,0,27.35871,26.64792,21.84556
1786334090,26.701,85.68551,90,0,217,,11,27.32484,26.74932,21.8119
1786334091,26.6743,85.61532,90,0,218,,0,27.39258,26.71565,21.8119
1786334092,26.77043,85.63363,90,0,217,,0,27.35871,26.74932,21.84556
1786334092,26.701,85.74807,90,0,218,,0,27.35871,26.68159,21.87943
1786334093,26.77043,85.65194,90,0,218,,1,27.35871,26.68159,21.77803
1786334094,26.75708,85.81369,90,0,218,,0,27.35871,26.64792,21.84556
1786334094,26.6743,85.61532,90,0,218,,0,27.39258,26.74932,21.74417
1786334095,26.6556,85.79538,90,0,218,,0,27.39258,26.68159,21.84556
1786334096,26.701,85.68551,90,0,218,,6,27.39258,26.74932,21.84556
1786334096,26.75708,85.58785,90,0,217,,0,27.39258,26.68159,21.74417
1786334097,26.701,85.72671,90,0,218,,0,27.39258,26.74932,21.87943
1786334098,26.74372,85.77097,90,0,218,,0,27.32484,26.64792,21.87943
1786334098,26.71435,85.84421,90,0,217,,8,27.39258,26.71565,21.87943
1786334099,26.77043,85.92203,90,0,217,,0,27.35871,26.74932,21.8119
1786334100,26.68765,85.92813,90,0,218,,0,27.39258,26.61406,21.84556
1786334101,26.73037,85.90067,90,0,218,,0,27.42644,26.64792,21.8119
1786334101,26.81315,86.08835,90,0,218,,6,27.39258,26.71565,21.84556
1786334102,26.73037,86.24246,90,0,219,,0,27.35871,26.71565,21.9133
1786334103,26.61288,86.17838,90,0,218,,0,27.42644,26.71565,21.74417
1786334103,26.74372,86.37064,90,0,218,,0,27.42644,26.64792,21.8119
1786334104,26.73037,86.29282,90,0,218,,1,27.39258,26.71565,21.8119
1786334105,26.75708,86.33097,90,0,218,,0,27.39258,26.68159,21.9133
1786334105,26.78645,86.43168,90,0,218,,0,27.35871,26.71565,21.8119
1786334106,26.73037,86.35691,90,0,217,,11,27.39258,26.61406,21.84556
1786334107,26.701,86.3798,90,0,218,,9,27.35871,26.64792,21.8119
1786334107,26.75708,86.40421,90,0,218,,0,27.42644,26.64792,21.84556
1786334108,26.6743,86.36149,90,0,218,,0,27.39258,26.64792,21.8119
1786334109,26.701,86.30656,90,0,218,,0,27.35871,26.71565,21.8119
1786334109,26.77043,86.28367,90,0,218,,0,27.39258,26.68159,21.74417
1786334110,26.71435,86.28825,90,0,218,,0,27.39258,26.74932,21.77803
1786334111,26.701,86.26231,90,0,218,,0,27.39258,26.78319,21.87943
1786334111,26.71435,86.23788,90,0,218,,9,27.39258,26.68159,21.8119
1786334112,26.61288,86.23941,90,0,218,,0,27.39258,26.74932,21.98083
1786334113,26.75708,86.14633,90,0,219,,0,27.39258,26.51246,21.8119
1786334113,26.77043,86.16006,90,0,218,,0,27.39258,26.74932,21.87943
1786334114,26.73037,86.29282,90,0,218,,6,27.39258,26.64792,21.84556
1786334115,26.6556,85.90067,90,0,218,,0,27.39258,26.64792,21.84556
1786334115,26.6289,85.80911,90,0,218,,0,27.42644,26.74932,21.84556
1786334116,26.68765,85.84573,90,0,217,,3,27.29098,26.71565,21.7105
1786334117,26.68765,85.89914,90,0,218,,0,27.35871,26.58019,21.77803
1786334117,26.701,85.78928,90,0,218,,0,27.39258,26.71565,21.84556
1786334118,26.73037,85.72518,90,0,218,,1,27.42644,26.68159,21.8119
1786334119,26.7998,85.77554,90,0,217,,8,27.35871,26.71565,21.77803
1786334120,26.73037,85.72518,90,0,218,,0,27.35871,26.71565,21.77803
1786334120,26.71435,85.75266,90,0,217,,0,27.39258,26.71565,21.84556
1786334121,26.71435,85.69924,90,0,217,,14,27.42644,26.64792,21.8119
1786334122,26.71435,85.75266,90,0,217,,0,27.39258,26.68159,21.8119
1786334122,26.68765,85.5375,90,0,219,,0,27.35871,26.71565,21.8119
1786334123,26.68765,85.51614,90,0,218,,0,27.39258,26.71565,21.9133
1786334124,26.57282,85.60769,90,0,218,,3,27.39258,26.71565,21.8119
1786334124,26.6289,85.80911,90,0,218,,0,27.35871,26.64792,21.8119
1786334125,26.6743,85.7496,90,0,218,,0,27.35871,26.61406,21.8119
1786334126,26.77043,85.75723,90,0,217,,3,27.39258,26.64792,21.84556
1786334126,26.84253,86.03647,90,0,217,,0,27.35871,26.74932,21.77803
1786334127,26.73037,85.94034,90,0,218,,0,27.32484,26.64792,21.8119
1786334128,26.73037,86.10666,90,0,218,,0,27.42644,26.68159,21.8119
1786334128,26.68765,86.19821,90,0,217,,11,27.39258,26.74932,21.84556
1786334129,26.77043,86.12802,90,0,218,,0,27.35871,26.68159,21.8119
1786334130,26.71435,86.22568,90,0,217,,0,27.32484,26.71565,21.77803
1786334130,26.75708,86.37217,90,0,217,,6,27.39258,26.64792,21.74417
1786334131,26.6556,86.24246,90,0,217,,5,27.39258,26.71565,21.74417
1786334132,26.73037,86.35691,90,0,217,,0,27.39258,26.64792,21.87943
1786334132,26.74372,86.43015,90,0,218,,0,27.39258,26.64792,21.8119
1786334133,26.64225,86.31113,90,0,218,,0,27.39258,26.64792,21.74417
1786334134,26.77043,86.3035,90,0,218,,0,27.42644,26.71565,21.84556
1786334134,26.73037,86.5095,90,0,218,,0,27.35871,26.71565,21.84556
1786334135,26.6743,86.44083,90,0,218,,0,27.42644,26.64792,21.7105
1786334136,26.82918,86.40421,90,0,217,,11,27.39258,26.74932,21.8119
1786334136,26.74372,86.32639,90,0,217,,0,27.32484,26.64792,21.87943
1786334137,26.74372,86.35844,90,0,218,,0,27.35871,26.68159,21.77803
1786334138,26.6289,86.14175,90,0,218,,7,27.35871,26.71565,21.77803
1786334139,26.701,86.26231,90,0,218,,10,27.39258,26.68159,21.8119
1786334139,26.71435,86.2562,90,0,217,,0,27.35871,26.71565,21.84556
1786334140,26.71435,86.18448,90,0,218,,0,27.32484,26.74932,21.87943
1786334141,26.59953,85.92661,90,0,218,,2,27.39258,26.68159,21.8119
1786334141,26.68765,86.14633,90,0,218,,4,27.39258,26.68159,21.8119
1786334142,26.64225,86.01053,90,0,217,,0,27.39258,26.71565,21.84556
1786334143,26.77043,86.11887,90,0,218,,0,27.42644,26.64792,21.8119
1786334143,26.75708,85.96933,90,0,218,,4,27.42644,26.71565,21.87943
1786334144,26.71435,85.92813,90,0,218,,0,27.35871,26.61406,21.9133
1786334145,26.74372,85.96475,90,0,218,,0,27.35871,26.68159,21.87943
1786334145,26.701,85.85031,90,0,218,,0,27.39258,26.71565,21.8119
1786334146,26.61288,85.90829,90,0,218,,1,27.39258,26.71565,21.77803
1786334147,26.6556,86.01511,90,0,217,,0,27.39258,26.64792,21.77803
1786334147,26.701,85.98611,90,0,217,,0,27.29098,26.71565,21.8119
1786334148,26.74372,86.215,90,0,218,,1,27.42644,26.71565,21.84556
1786334149,26.73037,86.32487,90,0,217,,5,27.39258,26.74932,21.77803
1786334149,26.701,86.33555,90,0,218,,0,27.39258,26.61406,21.8119
1786334150,26.74372,86.421,90,0,217,,0,27.35871,26.74932,21.77803
1786334151,26.68765,86.46677,90,0,217,,1,27.35871,26.68159,21.84556
1786334151,26.74372,86.62699,90,0,217,,1,27.35871,26.61406,21.87943
1786334152,26.75708,86.66361,90,0,218,,0,27.35871,26.71565,21.87943
1786334153,26.78645,86.85741,90,0,219,,0,27.42644,26.64792,21.74417
1786334153,26.71435,86.90776,90,0,218,,5,27.35871,26.78319,21.87943
1786334154,26.78645,87.04356,90,0,218,,0,27.35871,26.64792,21.77803
1786334155,26.75708,87.15953,90,0,218,,0,27.32484,26.71565,21.77803
1786334155,26.64225,87.2404,90,0,218,,1,27.35871,26.71565,21.8119
1786334156,26.82918,87.21904,90,0,218,,5,27.35871,26.68159,21.84556
1786334157,26.75708,87.29229,90,0,218,,0,27.32484,26.64792,21.84556
1786334158,26.73037,87.40063,90,0,218,,0,27.35871,26.68159,21.87943
1786334158,26.75708,87.31518,90,0,218,,3,27.35871,26.68159,21.77803
1786334159,26.701,87.26788,90,0,218,,0,27.39258,26.74932,21.8119
1786334160,26.75708,87.23125,90,0,218,,0,27.39258,26.68159,21.8119
1786334160,26.75708,87.15953,90,0,217,,0,27.32484,26.74932,21.8119
1786334161,26.75708,87.08629,90,0,217,,2,27.32484,26.61406,21.77803
1786334162,26.75708,87.04509,90,0,218,,0,27.35871,26.71565,21.67663
1786334162,26.6743,86.981,90,0,219,,0,27.35871,26.74932,21.87943
1786334163,26.71435,87.05272,90,0,218,,3,27.39258,26.71565,21.84556
1786334164,26.6743,87.08476,90,0,218,,0,27.39258,26.71565,21.77803
1786334164,26.701,87.16258,90,0,218,,0,27.32484,26.71565,21.77803
1786334165,26.81315,87.25872,90,0,218,,0,27.35871,26.74932,21.87943
1786334166,26.701,87.23582,90,0,218,,2,27.35871,26.71565,21.77803
1786334166,26.71435,87.24956,90,0,218,,0,27.35871,26.71565,21.8119
1786334167,26.6556,87.32738,90,0,217,,0,27.35871,26.64792,21.84556
1786334168,26.74372,87.393,90,0,218,,0,27.39258,26.68159,21.9133
1786334168,26.77043,87.42046,90,0,218,,5,27.39258,26.64792,21.84556
1786334169,26.68765,87.3045,90,0,218,,0,27.32484,26.64792,21.8119
1786334170,26.77043,87.22362,90,0,218,,0,27.35871,26.68159,21.8119
1786334170,26.71435,87.29229,90,0,217,,9,27.35871,26.74932,21.77803
1786334171,26.75708,87.23125,90,0,218,,5,27.39258,26.71565,21.77803
1786334172,26.61288,87.13054,90,0,218,,0,27.39258,26.74932,21.77803
1786334172,26.7998,86.94286,90,0,218,,0,27.39258,26.58019,21.87943
1786334173,26.64225,86.88792,90,0,218,,2,27.35871,26.68159,21.9133
1786334174,26.701,86.81163,90,0,218,,1,27.39258,26.71565,21.77803
1786334174,26.73037,86.9337,90,0,218,,0,27.35871,26.68159,21.84556
1786334175,26.71435,86.77501,90,0,218,,0,27.39258,26.68159,21.84556
1786334176,26.73037,86.70634,90,0,218,,3,27.39258,26.61406,21.8119
1786334177,26.73037,86.70634,90,0,218,,0,27.35871,26.71565,21.9133
1786334177,26.77043,86.55375,90,0,218,,0,27.35871,26.71565,21.77803
1786334178,26.78645,86.66972,90,0,217,,0,27.42644,26.68159,21.8119
1786334179,26.701,86.66819,90,0,218,,1,27.35871,26.64792,21.84556
1786334179,26.6556,86.41642,90,0,217,,0,27.39258,26.68159,21.8119
1786334180,26.6743,86.46372,90,0,218,,0,27.39258,26.68159,21.84556
1786334181,26.6289,86.39811,90,0,217,,0,27.35871,26.61406,21.77803
1786334181,26.6743,86.36149,90,0,218,,4,27.32484,26.61406,21.84556
1786334182,26.6556,86.39506,90,0,218,,0,27.35871,26.74932,21.87943
1786334183,26.6556,86.33555,90,0,218,,0,27.39258,26.74932,21.84556
1786334183,26.82918,86.28977,90,0,218,,0,27.42644,26.71565,21.94696
1786334184,26.701,86.31571,90,0,218,,4,27.35871,26.68159,21.9133
1786334185,26.71435,86.15549,90,0,218,,0,27.35871,26.68159,21.77803
1786334185,26.68765,86.11581,90,0,218,,0,27.35871,26.68159,21.84556
1786334186,26.71435,85.99985,90,0,217,,0,27.35871,26.68159,21.77803
1786334187,26.6289,86.18295,90,0,217,,6,27.35871,26.64792,21.77803
1786334187,26.6556,86.24246,90,0,218,,0,27.35871,26.71565,21.87943
1786334188,26.78645,86.30808,90,0,217,,0,27.39258,26.61406,21.77803
1786334189,26.6289,86.215,90,0,217,,0,27.32484,26.68159,21.84556
1786334189,26.75708,86.49577,90,0,217,,12,27.35871,26.68159,21.77803
1786334190,26.75708,86.63157,90,0,218,,0,27.35871,26.68159,21.77803
1786334191,26.84253,86.5629,90,0,217,,0,27.32484,26.71565,21.87943
1786334191,26.71435,86.84825,90,0,218,,2,27.39258,26.74932,21.9133
1786334192,26.68765,86.9749,90,0,218,,6,27.32484,26.64792,21.8119
1786334193,26.73037,87.06798,90,0,218,,0,27.35871,26.61406,21.74417
1786334194,26.74372,87.13512,90,0,218,,0,27.35871,26.64792,21.8119
1786334194,26.701,87.15343,90,0,218,,1,27.35871,26.68159,21.87943
1786334195,26.73037,87.25414,90,0,218,,4,27.35871,26.68159,21.84556
1786334196,26.7998,87.2633,90,0,218,,0,27.35871,26.78319,21.8119
1786334196,26.75708,87.49828,90,0,217,,0,27.42644,26.64792,21.8119
1786334197,26.78645,87.50744,90,0,217,,4,27.39258,26.68159,21.9133
1786334198,26.73037,87.51202,90,0,217,,0,27.39258,26.68159,21.8119
1786334198,26.6743,87.53796,90,0,218,,0,27.35871,26.68159,21.9133
1786334199,26.74372,87.41436,90,0,218,,0,27.39258,26.64792,21.8119
1786334200,26.64225,87.21904,90,0,218,,9,27.39258,26.71565,21.84556
1786334200,26.71435,87.32281,90,0,218,,0,27.39258,26.74932,21.9133
1786334201,26.6289,87.06187,90,0,217,,0,27.39258,26.64792,21.77803
1786334202,26.68765,87.06645,90,0,218,,0,27.35871,26.68159,21.8119
1786334202,26.73037,86.94438,90,0,219,,0,27.42644,26.71565,21.8119
1786334203,26.71435,86.79637,90,0,218,,0,27.35871,26.64792,21.77803
1786334204,26.6743,86.61784,90,0,218,,0,27.32484,26.64792,21.8119
1786334204,26.71435,86.6926,90,0,218,,3,27.35871,26.74932,21.87943
1786334205,26.6743,86.58732,90,0,218,,1,27.39258,26.71565,21.77803
1786334206,26.68765,86.56901,90,0,217,,0,27.35871,26.64792,21.9133
1786334206,26.77043,86.65598,90,0,218,,0,27.39258,26.68159,21.84556
1786334207,26.6556,86.70634,90,0,218,,2,27.35871,26.71565,21.84556
1786334208,26.6289,86.79179,90,0,217,,3,27.39258,26.71565,21.84556
1786334208,26.81315,86.86504,90,0,218,,0,27.42644,26.68159,21.8119
1786334209,26.68765,86.91081,90,0,218,,0,27.35871,26.61406,21.87943
1786334210,26.75708,87.07561,90,0,217,,5,27.42644,26.68159,21.87943
1786334210,26.71435,86.99321,90,0,217,,2,27.39258,26.68159,21.84556
1786334211,26.71435,87.05272,90,0,217,,0,27.39258,26.68159,21.84556
1786334212,26.64225,87.03441,90,0,218,,0,27.39258,26.68159,21.84556
1786334213,26.6289,86.92607,90,0,219,,0,27.29098,26.71565,21.77803
1786334213,26.68765,86.96269,90,0,218,,0,27.39258,26.71565,21.77803
1786334214,26.6556,86.83299,90,0,218,,0,27.35871,26.64792,21.77803
1786334215,26.7998,86.8513,90,0,218,,0,27.39258,26.74932,21.8119
1786334215,26.61288,86.6926,90,0,218,,5,27.35871,26.81705,21.77803
1786334216,26.71435,86.67277,90,0,218,,0,27.39258,26.64792,21.8119
1786334217,26.73037,86.6865,90,0,218,,0,27.35871,26.68159,21.8119
1786334217,26.68765,86.65446,90,0,218,,0,27.35871,26.64792,21.87943
1786334218,26.73037,86.58274,90,0,218,,4,27.35871,26.68159,21.84556
1786334219,26.73037,86.48051,90,0,218,,0,27.35871,26.71565,21.77803
1786334219,26.6556,86.4271,90,0,218,,0,27.42644,26.68159,21.8119
1786334220,26.73037,86.48051,90,0,217,,1,27.35871,26.68159,21.87943
1786334221,26.7998,86.3859,90,0,217,,6,27.39258,26.71565,21.8119
1786334221,26.6743,86.26688,90,0,217,,0,27.35871,26.68159,21.8119
1786334222,26.6743,86.41184,90,0,218,,0,27.39258,26.74932,21.84556
1786334223,26.71435,86.37217,90,0,219,,0,27.35871,26.68159,21.9133
1786334223,26.71435,86.22568,90,0,218,,2,27.42644,26.68159,21.84556
1786334224,26.71435,86.15549,90,0,218,,0,27.32484,26.64792,21.87943
1786334225,26.73037,86.24246,90,0,218,,0,27.35871,26.71565,21.77803
1786334225,26.6743,86.15244,90,0,218,,6,27.42644,26.68159,21.8119
1786334226,26.68765,86.16617,90,0,217,,1,27.42644,26.71565,21.8119
1786334227,26.701,86.15091,90,0,217,,0,27.35871,26.68159,21.8119
1786334227,26.6743,86.04105,90,0,218,,0,27.35871,26.68159,21.84556
1786334228,26.701,86.02731,90,0,217,,5,27.39258,26.68159,21.77803
1786334229,26.74372,86.07919,90,0,217,,0,27.39258,26.68159,21.77803
1786334229,26.73037,86.07767,90,0,218,,0,27.39258,26.64792,21.8119
1786334230,26.75708,86.05173,90,0,218,,0,27.42644,26.71565,21.8119
1786334231,26.701,86.03647,90,0,217,,6,27.35871,26.68159,21.77803
1786334231,26.6743,86.1326,90,0,218,,0,27.39258,26.61406,21.74417
1786334232,26.77043,86.27146,90,0,218,,0,27.35871,26.74932,21.8119
1786334233,26.74372,86.19363,90,0,218,,0,27.32484,26.78319,21.8119
1786334234,26.73037,86.24246,90,0,218,,2,27.39258,26.64792,21.84556
1786334234,26.6743,86.26688,90,0,218,,0,27.39258,26.68159,21.84556
1786334235,26.57282,86.20737,90,0,218,,0,27.35871,26.78319,21.84556
1786334236,26.6743,86.41184,90,0,218,,0,27.42644,26.68159,21.84556
1786334236,26.71435,86.42252,90,0,217,,6,27.35871,26.74932,21.84556
1786334237,26.73037,86.35691,90,0,217,,0,27.42644,26.61406,21.84556
1786334238,26.71435,86.37217,90,0,218,,0,27.35871,26.64792,21.8119
1786334238,26.74372,86.5034,90,0,217,,0,27.35871,26.71565,21.8119
1786334239,26.64225,86.41337,90,0,217,,2,27.35871,26.71565,21.77803
1786334240,26.68765,86.44541,90,0,217,,0,27.39258,26.68159,21.8119
1786334240,26.64225,86.48661,90,0,217,,0,27.35871,26.74932,21.87943
1786334241,26.6556,86.5095,90,0,217,,0,27.39258,26.68159,21.87943
1786334242,26.6289,86.43015,90,0,217,,10,27.35871,26.64792,21.84556
1786334242,26.73037,86.5095,90,0,218,,0,27.42644,26.68159,21.74417
1786334243,26.6743,86.52628,90,0,218,,0,27.35871,26.64792,21.87943
1786334244,26.6743,86.41184,90,0,218,,0,27.39258,26.71565,21.77803
1786334244,26.6743,86.36149,90,0,218,,4,27.39258,26.68159,21.74417
1786334245,26.77043,86.43931,90,0,217,,0,27.35871,26.68159,21.87943
1786334246,26.6743,86.41184,90,0,217,,0,27.35871,26.74932,21.77803
1786334246,26.81315,86.33555,90,0,218,,5,27.35871,26.71565,21.84556
1786334247,26.64225,86.32029,90,0,218,,7,27.35871,26.71565,21.74417
1786334248,26.73037,86.31266,90,0,217,,0,27.35871,26.78319,21.8119
1786334248,26.7998,86.31266,90,0,218,,0,27.39258,26.64792,21.8119
1786334249,26.77043,86.23331,90,0,218,,1,27.42644,26.68159,21.74417
1786334250,26.73037,86.27146,90,0,218,,7,27.35871,26.74932,21.77803
1786334250,26.71435,86.20584,90,0,218,,0,27.42644,26.64792,21.8119
1786334251,26.82918,86.39353,90,0,217,,0,27.42644,26.68159,21.8119
1786334252,26.71435,86.18448,90,0,218,,0,27.39258,26.68159,21.87943
1786334253,26.75708,86.11429,90,0,219,,0,27.39258,26.71565,21.84556
1786334253,26.68765,86.18906,90,0,218,,0,27.35871,26.68159,21.77803
1786334254,26.701,86.21194,90,0,218,,0,27.35871,26.68159,21.8119
1786334255,26.73037,86.06546,90,0,218,,1,27.32484,26.68159,21.8119
1786334255,26.6289,86.01816,90,0,218,,0,27.35871,26.68159,21.8119
1786334256,26.6743,86.1326,90,0,218,,0,27.32484,26.71565,21.87943
1786334257,26.7998,86.02274,90,0,218,,0,27.35871,26.64792,21.77803
1786334257,26.73037,86.02426,90,0,218,,5,27.35871,26.71565,21.87943
1786334258,26.6289,86.12039,90,0,218,,0,27.35871,26.71565,21.8119
1786334259,26.74372,85.94492,90,0,218,,0,27.39258,26.78319,21.9133
1786334259,26.75708,86.14633,90,0,217,,5,27.39258,26.68159,21.87943
1786334260,26.68765,86.01358,90,0,217,,6,27.32484,26.64792,21.84556
1786334261,26.73037,86.12802,90,0,217,,0,27.35871,26.64792,21.8119
1786334261,26.71435,85.99985,90,0,217,,0,27.42644,26.68159,21.77803
1786334262,26.6743,86.07919,90,0,218,,0,27.32484,26.64792,21.77803
1786334263,26.68765,85.98154,90,0,219,,0,27.35871,26.68159,21.84556
1786334263,26.64225,85.92661,90,0,218,,0,27.39258,26.74932,21.8119
1786334264,26.74372,86.01816,90,0,218,,0,27.39258,26.68159,21.8119
1786334265,26.74372,86.00595,90,0,218,,3,27.35871,26.68159,21.8119
1786334265,26.78645,86.08224,90,0,218,,0,27.39258,26.64792,21.77803
1786334266,26.73037,86.08682,90,0,217,,0,27.35871,26.78319,21.77803
1786334267,26.75708,86.04257,90,0,218,,6,27.32484,26.68159,21.74417
1786334267,26.701,86.12955,90,0,218,,7,27.39258,26.74932,21.87943
1786334268,26.64225,86.23788,90,0,218,,0,27.42644,26.68159,21.84556
1786334269,26.6743,86.53544,90,0,217,,0,27.39258,26.71565,21.84556
1786334269,26.71435,86.42252,90,0,218,,5,27.35871,26.68159,21.77803
1786334270,26.75708,86.63157,90,0,217,,0,27.35871,26.71565,21.77803
1786334271,26.6743,86.81468,90,0,218,,0,27.39258,26.64792,21.84556
1786334272,26.6556,86.71549,90,0,217,,0,27.35871,26.61406,21.77803
1786334272,26.73037,86.74754,90,0,218,,3,27.35871,26.74932,21.84556
1786334273,26.73037,86.7567,90,0,218,,0,27.35871,26.61406,21.84556
1786334274,26.77043,86.82079,90,0,218,,0,27.35871,26.71565,21.84556
1786334274,26.59953,86.73228,90,0,218,,0,27.32484,26.64792,21.8119
1786334275,26.71435,86.64072,90,0,218,,6,27.35871,26.68159,21.74417
1786334276,26.74372,86.76128,90,0,217,,0,27.39258,26.68159,21.77803
1786334276,26.74372,86.80247,90,0,217,,0,27.39258,26.71565,21.8119
1786334277,26.64225,86.57816,90,0,217,,2,27.35871,26.64792,21.77803
1786334278,26.85588,86.63767,90,0,218,,0,27.35871,26.71565,21.84556
1786334278,26.701,86.53239,90,0,217,,0,27.42644,26.71565,21.87943
1786334279,26.73037,86.57206,90,0,218,,0,27.32484,26.71565,21.77803
1786334280,26.68765,86.49882,90,0,218,,9,27.35871,26.78319,21.8119
1786334280,26.74372,86.421,90,0,218,,0,27.39258,26.74932,21.87943
1786334281,26.74372,86.58579,90,0,217,,0,27.42644,26.71565,21.84556
1786334282,26.6743,86.41184,90,0,218,,0,27.39258,26.71565,21.9133
1786334282,26.77043,86.50034,90,0,218,,0,27.32484,26.71565,21.77803
1786334283,26.73037,86.24246,90,0,218,,0,27.39258,26.71565,21.84556
1786334284,26.64225,86.34318,90,0,218,,0,27.39258,26.71565,21.84556
1786334284,26.6289,86.31724,90,0,218,,0,27.42644,26.71565,21.84556
1786334285,26.7998,86.33402,90,0,218,,1,27.32484,26.71565,21.84556
1786334286,26.6556,86.32487,90,0,217,,0,27.35871,26.78319,21.77803
1786334286,26.6289,86.20279,90,0,218,,0,27.35871,26.64792,21.8119
1786334287,26.71435,86.20584,90,0,217,,0,27.35871,26.74932,21.87943
1786334288,26.71435,86.23788,90,0,217,,4,27.35871,26.71565,21.74417
1786334288,26.81315,86.26536,90,0,217,,0,27.35871,26.68159,21.8119
1786334289,26.71435,86.20584,90,0,217,,0,27.39258,26.78319,21.74417
1786334290,26.6743,86.1326,90,0,218,,0,27.32484,26.71565,21.87943
1786334291,26.73037,86.16006,90,0,217,,2,27.35871,26.61406,21.77803
1786334291,26.78645,86.25773,90,0,217,,0,27.39258,26.71565,21.84556
1786334292,26.6743,86.15244,90,0,217,,0,27.35871,26.71565,21.77803
1786334293,26.64225,86.11429,90,0,218,,0,27.39258,26.74932,21.74417
1786334293,26.701,86.11887,90,0,218,,8,27.39258,26.68159,21.8119
1786334294,26.71435,86.11124,90,0,218,,0,27.39258,26.54632,21.84556
1786334295,26.74372,86.15244,90,0,218,,0,27.32484,26.74932,21.77803
1786334295,26.71435,86.20584,90,0,218,,1,27.32484,26.68159,21.84556
1786334296,26.71435,86.16464,90,0,217,,5,27.39258,26.74932,21.77803
1786334297,26.6556,86.18906,90,0,218,,0,27.35871,26.61406,21.84556
1786334297,26.64225,86.16617,90,0,217,,0,27.35871,26.78319,21.8119
1786334298,26.68765,86.32182,90,0,218,,1,27.35871,26.68159,21.8119
1786334299,26.64225,86.33097,90,0,217,,0,27.39258,26.68159,21.8119
1786334299,26.6289,86.47135,90,0,218,,0,27.39258,26.58019,21.77803
1786334300,26.71435,86.43168,90,0,218,,0,27.35871,26.71565,21.77803
1786334301,26.68765,86.53696,90,0,218,,7,27.32484,26.68159,21.8119
1786334301,26.77043,86.53239,90,0,217,,0,27.35871,26.68159,21.84556
1786334302,26.74372,86.56443,90,0,218,,0,27.39258,26.68159,21.87943
1786334303,26.71435,86.56748,90,0,218,,0,27.39258,26.68159,21.77803
1786334303,26.68765,86.46677,90,0,218,,1,27.39258,26.71565,21.8119
1786334304,26.68765,86.47746,90,0,218,,0,27.35871,26.64792,21.77803
1786334305,26.74372,86.51408,90,0,218,,0,27.42644,26.68159,21.84556
1786334305,26.64225,86.39353,90,0,218,,0,27.39258,26.64792,21.77803
1786334306,26.68765,86.44541,90,0,217,,9,27.35871,26.74932,21.84556
1786334307,26.6556,86.39506,90,0,217,,0,27.35871,26.71565,21.77803
1786334307,26.75708,86.32182,90,0,218,,0,27.35871,26.64792,21.84556
1786334308,26.68765,86.12497,90,0,217,,0,27.35871,26.74932,21.8119
1786334309,26.77043,86.33555,90,0,217,,11,27.35871,26.71565,21.74417
1786334310,26.6289,86.05936,90,0,218,,0,27.42644,26.68159,21.84556
1786334310,26.64225,85.93729,90,0,217,,0,27.39258,26.68159,21.87943
1786334311,26.74372,85.88235,90,0,217,,0,27.35871,26.68159,21.77803
1786334312,26.68765,85.81674,90,0,217,,4,27.39258,26.64792,21.84556
1786334312,26.73037,85.75723,90,0,219,,0,27.35871,26.64792,21.84556
1786334313,26.68765,85.77249,90,0,218,,0,27.32484,26.64792,21.84556
1786334314,26.701,85.76791,90,0,218,,0,27.39258,26.64792,21.74417
1786334314,26.6556,85.68398,90,0,218,,3,27.35871,26.71565,21.77803
1786334315,26.64225,85.78165,90,0,218,,0,27.39258,26.68159,21.8119
1786334316,26.6556,85.72518,90,0,217,,0,27.35871,26.71565,21.84556
1786334316,26.6743,85.67635,90,0,217,,5,27.32484,26.71565,21.84556
1786334317,26.6743,85.72976,90,0,217,,12,27.39258,26.74932,21.77803
1786334318,26.68765,85.73434,90,0,217,,0,27.32484,26.68159,21.8119
1786334318,26.73037,85.67178,90,0,217,,0,27.35871,26.81705,21.84556
1786334319,26.74372,85.66567,90,0,218,,1,27.39258,26.68159,21.87943
1786334320,26.77043,85.64278,90,0,217,,4,27.35871,26.78319,21.84556
1786334320,26.74372,85.69772,90,0,217,,0,27.39258,26.71565,21.8119
1786334321,26.78645,85.78165,90,0,218,,0,27.39258,26.68159,21.8119
1786334322,26.73037,85.70382,90,0,217,,3,27.39258,26.71565,21.84556
1786334322,26.71435,85.78165,90,0,219,,0,27.39258,26.74932,21.87943
1786334323,26.68765,85.68093,90,0,218,,0,27.39258,26.71565,21.77803
1786334324,26.75708,85.71145,90,0,218,,0,27.39258,26.74932,21.87943
1786334324,26.6743,85.78012,90,0,218,,5,27.35871,26.68159,21.74417
1786334325,26.75708,85.79385,90,0,218,,0,27.32484,26.64792,21.8119
1786334326,26.6743,85.76181,90,0,218,,0,27.39258,26.71565,21.87943
1786334326,26.68765,85.94034,90,0,218,,0,27.35871,26.68159,21.8119
1786334327,26.6556,85.91287,90,0,217,,2,27.32484,26.68159,21.84556
1786334328,26.71435,86.01968,90,0,217,,0,27.46011,26.74932,21.8119
1786334329,26.59953,86.11124,90,0,217,,0,27.35871,26.68159,21.8119
1786334329,26.71435,86.22568,90,0,218,,0,27.35871,26.68159,21.74417
1786334330,26.6556,86.28367,90,0,217,,9,27.35871,26.71565,21.8119
1786334331,26.71435,86.39353,90,0,217,,0,27.39258,26.64792,21.84556
1786334331,26.75708,86.52781,90,0,217,,0,27.39258,26.71565,21.8119
1786334332,26.75708,86.64225,90,0,217,,0,27.39258,26.74932,21.84556
1786334333,26.82918,86.67277,90,0,218,,0,27.39258,26.71565,21.74417
1786334333,26.73037,86.90318,90,0,218,,0,27.32484,26.64792,21.8119
1786334334,26.68765,87.01305,90,0,218,,0,27.32484,26.71565,21.84556
1786334335,26.78645,87.1046,90,0,218,,0,27.39258,26.68159,21.77803
1786334335,26.68765,87.158,90,0,218,,7,27.39258,26.64792,21.77803
1786334336,26.82918,87.23125,90,0,217,,0,27.35871,26.68159,21.8119
1786334337,26.701,87.25567,90,0,218,,0,27.39258,26.64792,21.84556
1786334337,26.59953,87.4342,90,0,218,,0,27.39258,26.68159,21.84556
1786334338,26.75708,87.51965,90,0,218,,9,27.39258,26.78319,21.77803
1786334339,26.77043,87.40063,90,0,218,,0,27.35871,26.74932,21.8119
1786334339,26.71435,87.4754,90,0,217,,0,27.32484,26.64792,21.84556
1786334340,26.701,87.46471,90,0,218,,1,27.35871,26.68159,21.8119
1786334341,26.73037,87.34722,90,0,218,,9,27.39258,26.68159,21.84556
1786334341,26.701,87.32738,90,0,217,,0,27.42644,26.64792,21.77803
1786334342,26.68765,87.38689,90,0,218,,0,27.35871,26.74932,21.9133
1786334343,26.73037,87.38842,90,0,218,,1,27.32484,26.68159,21.74417
1786334343,26.701,87.22362,90,0,218,,5,27.35871,26.68159,21.8119
1786334344,26.6743,87.2694,90,0,218,,0,27.39258,26.64792,21.9133
1786334345,26.68765,87.10765,90,0,218,,0,27.32484,26.68159,21.84556
1786334346,26.6556,87.06798,90,0,218,,3,27.35871,26.64792,21.77803
1786334346,26.6556,87.03593,90,0,218,,0,27.35871,26.71565,21.74417
1786334347,26.71435,86.87572,90,0,217,,0,27.35871,26.68159,21.84556
1786334348,26.61288,86.8391,90,0,218,,0,27.35871,26.71565,21.84556
1786334348,26.6556,86.61326,90,0,217,,1,27.39258,26.68159,21.8119
1786334349,26.701,86.63615,90,0,217,,0,27.32484,26.74932,21.77803
1786334350,26.68765,86.55985,90,0,218,,0,27.39258,26.68159,21.84556
1786334350,26.6743,86.36149,90,0,218,,0,27.35871,26.64792,21.9133
1786334351,26.75708,86.45457,90,0,218,,3,27.32484,26.74932,21.77803
1786334352,26.74372,86.3386,90,0,218,,0,27.35871,26.68159,21.8119
1786334352,26.6743,86.20584,90,0,218,,0,27.35871,26.58019,21.8119
1786334353,26.6556,86.21194,90,0,218,,0,27.35871,26.68159,21.8119
1786334354,26.64225,86.10208,90,0,218,,0,27.39258,26.71565,21.77803
1786334354,26.74372,85.96475,90,0,218,,0,27.39258,26.64792,21.74417
1786334355,26.701,85.80911,90,0,218,,0,27.35871,26.74932,21.84556
1786334356,26.701,85.89151,90,0,218,,0,27.42644,26.71565,21.8119
1786334356,26.64225,85.75266,90,0,218,,3,27.32484,26.74932,21.8119
1786334357,26.701,85.78928,90,0,218,,0,27.32484,26.68159,21.8119
1786334358,26.59953,85.7084,90,0,217,,0,27.35871,26.68159,21.84556
1786334358,26.701,85.75876,90,0,217,,0,27.39258,26.64792,21.84556
1786334359,26.6743,85.67635,90,0,217,,10,27.39258,26.64792,21.87943
1786334360,26.6743,85.72976,90,0,218,,0,27.42644,26.68159,21.7105
1786334360,26.64225,85.75266,90,0,217,,0,27.35871,26.64792,21.87943
1786334361,26.6556,85.77554,90,0,217,,0,27.35871,26.71565,21.74417
1786334362,26.64225,85.83505,90,0,218,,5,27.39258,26.71565,21.8119
1786334362,26.6743,85.81216,90,0,219,,0,27.39258,26.64792,21.9133
1786334363,26.71435,85.80301,90,0,218,,0,27.42644,26.71565,21.8119
1786334364,26.701,85.89151,90,0,218,,0,27.35871,26.68159,21.84556
1786334365,26.6556,85.88083,90,0,218,,2,27.35871,26.71565,21.77803
1786334365,26.64225,85.83505,90,0,218,,0,27.39258,26.64792,21.87943
1786334366,26.68765,85.75418,90,0,218,,0,27.35871,26.78319,21.77803
1786334367,26.7998,85.87778,90,0,218,,8,27.39258,26.74932,21.77803
1786334367,26.71435,85.86404,90,0,218,,6,27.39258,26.74932,21.84556
1786334368,26.6556,85.76639,90,0,218,,0,27.32484,26.68159,21.87943
1786334369,26.68765,85.71297,90,0,218,,0,27.39258,26.71565,21.8119
1786334369,26.74372,85.79996,90,0,218,,7,27.42644,26.71565,21.87943
1786334370,26.6743,85.7908,90,0,218,,5,27.39258,26.68159,21.84556
1786334371,26.77043,85.90067,90,0,218,,0,27.35871,26.78319,21.77803
1786334371,26.75708,85.90829,90,0,218,,0,27.35871,26.68159,21.8119
1786334372,26.68765,85.85794,90,0,217,,2,27.39258,26.74932,21.77803
1786334373,26.71435,85.90524,90,0,218,,0,27.35871,26.64792,21.87943
1786334373,26.68765,85.90982,90,0,218,,0,27.32484,26.71565,21.8119
1786334374,26.73037,86.04562,90,0,218,,0,27.35871,26.71565,21.74417
1786334375,26.78645,86.04105,90,0,218,,3,27.35871,26.71565,21.77803
1786334375,26.71435,86.05173,90,0,217,,5,27.39258,26.71565,21.8119
1786334376,26.71435,86.01968,90,0,217,,0,27.42644,26.71565,21.77803
1786334377,26.61288,85.92813,90,0,217,,0,27.39258,26.68159,21.87943
1786334377,26.6743,86.1326,90,0,217,,2,27.35871,26.78319,21.84556
1786334378,26.64225,86.04257,90,0,218,,10,27.42644,26.74932,21.84556
1786334379,26.74372,86.0502,90,0,218,,0,27.39258,26.68159,21.74417
1786334379,26.701,86.03647,90,0,218,,0,27.39258,26.61406,21.8119
1786334380,26.701,86.17075,90,0,217,,1,27.39258,26.64792,21.8119
1786334381,26.74372,86.0914,90,0,218,,7,27.39258,26.68159,21.84556
1786334381,26.6743,86.19363,90,0,218,,0,27.35871,26.64792,21.8119
1786334382,26.7998,86.09598,90,0,218,,0,27.35871,26.78319,21.8119
1786334383,26.73037,86.2211,90,0,218,,5,27.32484,26.68159,21.8119
1786334384,26.701,86.15091,90,0,218,,4,27.32484,26.68159,21.84556
1786334384,26.77043,86.1799,90,0,218,,0,27.39258,26.61406,21.8119
1786334385,26.74372,86.10971,90,0,218,,0,27.42644,26.64792,21.84556
1786334386,26.73037,86.21042,90,0,217,,3,27.39258,26.68159,21.8119
1786334386,26.701,86.1387,90,0,218,,6,27.35871,26.71565,21.74417
1786334387,26.6743,86.07919,90,0,218,,0,27.39258,26.74932,21.84556
1786334388,26.68765,86.15701,90,0,217,,0,27.35871,26.64792,21.77803
1786334388,26.64225,86.16617,90,0,217,,2,27.35871,26.71565,21.87943
1786334389,26.78645,86.1738,90,0,217,,6,27.35871,26.71565,21.8119
1786334390,26.6743,86.15244,90,0,218,,0,27.35871,26.61406,21.87943
1786334390,26.6556,86.12802,90,0,217,,0,27.42644,26.71565,21.8119
1786334391,26.701,86.1387,90,0,218,,0,27.35871,26.61406,21.84556
1786334392,26.73037,86.18906,90,0,218,,9,27.32484,26.71565,21.84556
1786334392,26.6289,86.24399,90,0,219,,0,27.35871,26.61406,21.8119
1786334393,26.6743,86.15244,90,0,218,,0,27.39258,26.71565,21.8119
1786334394,26.81315,86.06851,90,0,218,,0,27.42644,26.74932,21.77803
1786334394,26.6556,86.21194,90,0,218,,2,27.39258,26.61406,21.8119
1786334395,26.701,86.0975,90,0,218,,0,27.42644,26.61406,21.84556
1786334396,26.75708,86.13412,90,0,218,,0,27.42644,26.74932,21.8119
1786334396,26.73037,86.18906,90,0,217,,0,27.39258,26.68159,21.84556
1786334397,26.68765,85.94949,90,0,217,,5,27.39258,26.71565,21.8119
1786334398,26.68765,85.96933,90,0,217,,0,27.39258,26.74932,21.84556
1786334398,26.68765,86.04257,90,0,217,,0,27.39258,26.68159,21.77803
1786334399,26.75708,86.03189,90,0,218,,0,27.35871,26.64792,21.8119
1786334400,26.6743,85.94644,90,0,217,,5,27.35871,26.68159,21.77803
1786334400,26.73037,85.98306,90,0,217,,0,27.39258,26.68159,21.87943
1786334401,26.701,86.00595,90,0,218,,0,27.32484,26.71565,21.8119
1786334402,26.73037,86.01358,90,0,218,,0,27.32484,26.64792,21.77803
