TS,Tamb,Hamb,DirVento,VelVento,NivelAgua,NivelAguaC,radSolar,Ttanque1,Ttanque2,Ttanque3
1785812400,26.81315,79.88861,90,0,226,,1,26.98638,25.36221,21.40631
1785812400,26.82918,80.00458,90,0,226,,1,26.98638,25.32835,21.37264
1785812401,26.86923,80.05798,90,0,226,,1,26.98638,25.36221,21.40631
1785812402,26.84253,79.97711,90,0,226,,1,27.02005,25.36221,21.37264
1785812402,26.73037,80.05341,90,0,227,,1,27.02005,25.36221,21.37264
1785812403,26.82918,80.01678,90,0,226,,1,27.02005,25.39588,21.37264
1785812404,26.81315,80.04425,90,0,226,,1,26.98638,25.36221,21.44018
1785812404,26.77043,79.92676,90,0,226,,1,26.98638,25.29448,21.37264
1785812405,26.85588,79.99084,90,0,226,,1,26.91865,25.39588,21.40631
1785812406,26.78645,80.06714,90,0,226,,1,26.98638,25.29448,21.40631
1785812406,26.85588,79.99084,90,0,226,,1,27.02005,25.26061,21.40631
1785812407,26.84253,79.92676,90,0,226,,1,26.98638,25.36221,21.44018
1785812408,26.94133,80.01373,90,0,226,,1,27.02005,25.36221,21.40631
1785812408,26.84253,80.03967,90,0,226,,1,27.02005,25.36221,21.47404
1785812409,26.88525,79.96796,90,0,226,,1,27.02005,25.36221,21.44018
1785812410,26.84253,79.96643,90,0,226,,1,27.02005,25.36221,21.33878
1785812410,26.85588,80.01221,90,0,226,,1,26.95252,25.32835,21.44018
1785812411,26.77043,80.03204,90,0,226,,1,26.98638,25.36221,21.37264
1785812412,26.86923,79.91302,90,0,226,,1,26.98638,25.36221,21.44018
1785812412,26.88525,79.91608,90,0,227,,1,27.05412,25.39588,21.44018
1785812413,26.78645,79.98474,90,0,226,,1,26.95252,25.39588,21.44018
1785812414,26.7998,79.99847,90,0,226,,1,26.98638,25.32835,21.47404
1785812414,26.88525,79.90692,90,0,226,,1,27.02005,25.32835,21.40631
1785812415,26.86923,79.97253,90,0,226,,1,26.95252,25.29448,21.40631
1785812416,26.84253,79.93591,90,0,226,,1,26.95252,25.32835,21.40631
1785812416,26.82918,79.75739,90,0,226,,1,27.02005,25.36221,21.40631
1785812417,26.82918,79.93439,90,0,226,,1,27.02005,25.36221,21.44018
1785812418,26.84253,79.93591,90,0,226,,1,27.02005,25.39588,21.44018
1785812419,26.86923,79.94354,90,0,226,,1,26.95252,25.26061,21.37264
1785812419,26.86923,79.91302,90,0,226,,1,26.98638,25.32835,21.33878
1785812420,26.85588,79.98016,90,0,226,,1,27.02005,25.42974,21.33878
1785812421,26.8986,79.85657,90,0,226,,1,27.02005,25.39588,21.33878
1785812421,26.82918,80.01678,90,0,226,,1,27.02005,25.32835,21.47404
1785812422,26.85588,79.94965,90,0,226,,1,26.98638,25.32835,21.33878
1785812423,26.88525,79.93896,90,0,227,,1,26.95252,25.39588,21.44018
1785812423,26.92798,79.9588,90,0,226,,1,27.02005,25.36221,21.40631
1785812424,26.75708,79.82147,90,0,226,,1,26.98638,25.26061,21.40631
1785812425,26.86923,79.8703,90,0,226,,1,26.95252,25.36221,21.44018
1785812425,26.7998,79.85352,90,0,227,,1,27.02005,25.32835,21.40631
1785812426,26.78645,80.01678,90,0,226,,1,26.98638,25.29448,21.40631
1785812427,26.84253,79.98932,90,0,226,,1,26.95252,25.29448,21.44018
1785812427,26.84253,79.99847,90,0,226,,1,26.98638,25.29448,21.44018
1785812428,26.82918,80.09003,90,0,226,,1,26.95252,25.36221,21.37264
1785812429,26.82918,79.96338,90,0,226,,1,27.02005,25.39588,21.44018
1785812429,26.78645,79.9527,90,0,226,,1,27.02005,25.42974,21.40631
1785812430,26.73037,80,90,0,226,,1,27.05412,25.29448,21.40631
1785812431,26.86923,80.02594,90,0,226,,1,27.02005,25.32835,21.40631
1785812431,26.75708,79.93439,90,0,226,,1,26.98638,25.42974,21.37264
1785812432,26.88525,79.98932,90,0,226,,1,27.02005,25.36221,21.44018
1785812433,26.7998,79.89471,90,0,226,,1,27.02005,25.36221,21.40631
1785812433,26.8986,80.02289,90,0,226,,1,26.98638,25.36221,21.40631
1785812434,26.81315,79.94965,90,0,226,,1,27.02005,25.42974,21.44018
1785812435,26.88525,79.93896,90,0,226,,1,26.98638,25.36221,21.37264
1785812435,26.85588,79.85657,90,0,226,,1,27.05412,25.32835,21.44018
1785812436,26.86923,79.90234,90,0,226,,1,26.98638,25.36221,21.37264
1785812437,26.85588,79.92065,90,0,226,,1,27.02005,25.29448,21.44018
1785812438,26.78645,79.91302,90,0,226,,1,26.98638,25.29448,21.44018
1785812438,26.8986,79.92065,90,0,226,,1,26.98638,25.36221,21.37264
1785812439,26.81315,79.8764,90,0,226,,1,26.95252,25.32835,21.44018
1785812440,26.82918,79.8291,90,0,226,,1,26.98638,25.42974,21.44018
1785812440,26.85588,79.98016,90,0,226,,1,26.98638,25.36221,21.44018
1785812441,26.88525,79.94812,90,0,226,,1,26.95252,25.29448,21.37264
1785812442,26.701,79.92981,90,0,226,,1,26.98638,25.32835,21.40631
1785812442,26.7998,79.92676,90,0,227,,1,26.98638,25.29448,21.40631
1785812443,26.7998,80.03967,90,0,226,,1,26.98638,25.39588,21.33878
1785812444,26.82918,79.94354,90,0,226,,1,27.05412,25.22675,21.37264
1785812444,26.82918,79.9527,90,0,226,,1,26.95252,25.36221,21.33878
1785812445,26.82918,79.84894,90,0,226,,1,26.98638,25.32835,21.40631
1785812446,26.88525,79.89471,90,0,226,,1,26.98638,25.32835,21.37264
1785812446,26.81315,79.9588,90,0,226,,1,26.98638,25.32835,21.44018
1785812447,26.81315,79.99084,90,0,226,,1,26.98638,25.36221,21.40631
1785812448,26.84253,79.97711,90,0,226,,1,27.02005,25.32835,21.40631
1785812448,26.8986,79.97101,90,0,226,,1,26.95252,25.29448,21.44018
1785812449,26.7998,79.96643,90,0,226,,1,26.95252,25.32835,21.44018
1785812450,26.77043,79.9588,90,0,226,,1,27.02005,25.36221,21.44018
1785812450,26.77043,79.93896,90,0,226,,1,27.02005,25.42974,21.40631
1785812451,26.7998,79.90387,90,0,226,,1,27.02005,25.29448,21.33878
1785812452,26.77043,79.85657,90,0,226,,1,26.98638,25.29448,21.37264
1785812452,26.75708,79.95422,90,0,227,,1,26.95252,25.36221,21.33878
1785812453,26.74372,79.88098,90,0,226,,1,26.95252,25.42974,21.40631
1785812454,26.88525,79.94812,90,0,226,,1,26.91865,25.42974,21.40631
1785812454,26.85588,79.92065,90,0,226,,1,27.02005,25.32835,21.44018
1785812455,26.73037,79.90845,90,0,226,,1,27.02005,25.32835,21.37264
1785812456,26.78645,79.86115,90,0,226,,1,26.98638,25.32835,21.37264
1785812456,26.86923,79.94354,90,0,226,,1,26.95252,25.32835,21.37264
1785812457,26.91195,79.86115,90,0,226,,1,26.98638,25.32835,21.40631
1785812458,26.71435,79.87183,90,0,226,,1,27.02005,25.39588,21.40631
1785812459,26.75708,79.85199,90,0,226,,1,26.98638,25.32835,21.40631
1785812459,26.78645,79.90234,90,0,226,,1,26.95252,25.29448,21.37264
1785812460,26.7998,79.89471,90,0,226,,1,27.02005,25.32835,21.40631
1785812461,26.86923,79.98474,90,0,226,,1,26.98638,25.39588,21.37264
1785812461,26.75708,79.82147,90,0,226,,1,26.98638,25.39588,21.40631
1785812462,26.82918,79.7467,90,0,226,,1,26.98638,25.36221,21.47404
1785812463,26.78645,79.9939,90,0,227,,1,26.95252,25.32835,21.40631
1785812463,26.84253,79.90692,90,0,226,,1,26.95252,25.32835,21.37264
1785812464,26.88525,79.86572,90,0,226,,1,26.98638,25.36221,21.44018
1785812465,26.74372,79.94049,90,0,226,,1,26.98638,25.36221,21.40631
1785812465,26.82918,79.8703,90,0,226,,1,27.02005,25.32835,21.37264
1785812466,26.86923,79.91302,90,0,226,,1,26.95252,25.32835,21.44018
1785812467,26.78645,79.90234,90,0,226,,1,26.95252,25.29448,21.37264
1785812467,26.82918,80.02594,90,0,226,,1,26.98638,25.32835,21.40631
1785812468,26.78645,79.92218,90,0,226,,1,26.91865,25.39588,21.40631
1785812469,26.82918,79.94354,90,0,226,,1,26.98638,25.29448,21.33878
1785812469,26.82918,79.88098,90,0,226,,1,26.95252,25.29448,21.37264
1785812470,26.81315,79.92981,90,0,226,,1,27.02005,25.39588,21.40631
1785812471,26.75708,79.96643,90,0,226,,1,26.98638,25.32835,21.33878
1785812471,26.85588,79.77417,90,0,226,,1,26.98638,25.32835,21.44018
1785812472,26.81315,79.77417,90,0,226,,1,26.98638,25.36221,21.37264
1785812473,26.7998,79.87488,90,0,226,,1,26.98638,25.42974,21.44018
1785812473,26.78645,79.84894,90,0,226,,1,26.98638,25.32835,21.37264
1785812474,26.94133,79.88861,90,0,226,,1,27.02005,25.32835,21.40631
1785812475,26.73037,79.98016,90,0,226,,1,26.98638,25.32835,21.44018
1785812475,26.86923,79.88098,90,0,226,,1,27.02005,25.29448,21.44018
1785812476,26.86923,79.94354,90,0,226,,1,26.98638,25.39588,21.33878
1785812477,26.73037,79.82452,90,0,226,,1,27.02005,25.29448,21.37264
1785812478,26.77043,79.89777,90,0,226,,1,27.02005,25.26061,21.37264
1785812478,26.81315,80.02289,90,0,226,,1,26.98638,25.29448,21.40631
1785812479,26.88525,79.93896,90,0,226,,1,26.95252,25.39588,21.27125
1785812480,26.7998,79.89471,90,0,226,,1,27.02005,25.32835,21.44018
1785812480,26.73037,79.9176,90,0,226,,1,26.98638,25.32835,21.40631
1785812481,26.85588,79.90845,90,0,226,,1,26.98638,25.39588,21.37264
1785812482,26.78645,79.91302,90,0,226,,1,26.98638,25.39588,21.40631
1785812482,26.85588,79.88861,90,0,227,,1,26.98638,25.32835,21.47404
1785812483,26.8986,79.81537,90,0,226,,1,27.05412,25.32835,21.44018
1785812484,26.84253,79.94507,90,0,226,,1,26.95252,25.36221,21.37264
1785812484,26.82918,79.8703,90,0,226,,1,27.02005,25.29448,21.47404
1785812485,26.73037,79.75281,90,0,226,,1,26.95252,25.32835,21.40631
1785812486,26.7998,79.83063,90,0,226,,1,27.02005,25.32835,21.33878
1785812486,26.81315,79.85657,90,0,226,,1,26.95252,25.29448,21.40631
1785812487,26.7998,79.93439,90,0,226,,1,27.02005,25.32835,21.33878
1785812488,26.91195,79.89319,90,0,226,,1,27.02005,25.32835,21.40631
1785812488,26.78645,79.97253,90,0,226,,1,26.98638,25.36221,21.37264
1785812489,26.7998,79.99847,90,0,226,,1,26.95252,25.46361,21.44018
1785812490,26.88525,80.0946,90,0,226,,1,26.98638,25.32835,21.37264
1785812490,26.88525,79.89471,90,0,226,,1,26.95252,25.36221,21.30491
1785812491,26.8986,79.9527,90,0,226,,1,27.02005,25.36221,21.47404
1785812492,26.81315,79.92065,90,0,226,,1,27.02005,25.32835,21.47404
1785812492,26.86923,79.8703,90,0,226,,1,27.02005,25.46361,21.44018
1785812493,26.84253,79.93591,90,0,226,,1,26.95252,25.29448,21.44018
1785812494,26.84253,79.92676,90,0,226,,1,26.95252,25.39588,21.44018
1785812494,26.81315,79.92065,90,0,226,,1,26.95252,25.39588,21.37264
1785812495,26.86923,79.89014,90,0,226,,1,26.98638,25.32835,21.40631
1785812496,26.73037,79.93896,90,0,226,,1,27.02005,25.36221,21.37264
1785812497,26.7998,79.84283,90,0,226,,1,26.98638,25.32835,21.44018
1785812497,26.75708,79.92523,90,0,226,,1,27.02005,25.39588,21.37264
1785812498,26.85588,79.78485,90,0,226,,1,27.02005,25.36221,21.40631
1785812499,26.7998,79.78943,90,0,226,,1,26.98638,25.32835,21.44018
1785812499,26.77043,79.86572,90,0,226,,1,26.98638,25.36221,21.37264
1785812500,26.82918,79.8703,90,0,226,,1,27.02005,25.36221,21.47404
1785812501,26.86923,79.84894,90,0,226,,1,27.02005,25.32835,21.44018
1785812501,26.81315,79.93896,90,0,226,,1,26.98638,25.39588,21.40631
1785812502,26.77043,79.80316,90,0,226,,1,26.98638,25.39588,21.44018
1785812503,26.7998,79.78943,90,0,226,,1,26.95252,25.26061,21.33878
1785812503,26.77043,79.79248,90,0,226,,1,26.98638,25.39588,21.40631
1785812504,26.82918,79.88098,90,0,226,,1,27.02005,25.42974,21.40631
1785812505,26.81315,79.97101,90,0,226,,1,26.98638,25.29448,21.37264
1785812505,26.81315,79.98016,90,0,226,,1,26.98638,25.29448,21.33878
1785812506,26.85588,79.90845,90,0,226,,1,26.95252,25.32835,21.44018
1785812507,26.86923,79.86115,90,0,226,,1,26.98638,25.39588,21.44018
1785812507,26.85588,79.86725,90,0,226,,1,26.98638,25.29448,21.44018
1785812508,26.75708,79.89471,90,0,226,,1,27.02005,25.39588,21.37264
1785812509,26.75708,79.92523,90,0,226,,1,26.98638,25.39588,21.40631
1785812509,26.85588,79.90845,90,0,226,,1,27.02005,25.36221,21.44018
1785812510,26.701,80.09613,90,0,226,,1,27.02005,25.29448,21.40631
1785812511,26.85588,79.85657,90,0,226,,1,26.98638,25.36221,21.44018
1785812511,26.82918,79.84894,90,0,226,,1,26.98638,25.36221,21.40631
1785812512,26.81315,79.89777,90,0,227,,1,27.02005,25.26061,21.30491
1785812513,26.91195,79.89319,90,0,226,,1,27.02005,25.36221,21.50771
1785812514,26.84253,79.89471,90,0,226,,1,27.02005,25.42974,21.44018
1785812514,26.77043,79.84436,90,0,226,,1,27.02005,25.29448,21.47404
1785812515,26.85588,79.92981,90,0,226,,1,26.98638,25.36221,21.50771
1785812516,26.81315,79.92981,90,0,226,,1,26.95252,25.32835,21.40631
1785812516,26.86923,79.8703,90,0,226,,1,26.98638,25.32835,21.44018
1785812517,26.94133,79.9527,90,0,226,,1,27.02005,25.42974,21.40631
1785812518,26.74372,79.81689,90,0,226,,1,27.05412,25.42974,21.40631
1785812518,26.86923,79.91302,90,0,226,,1,27.02005,25.36221,21.44018
1785812519,26.81315,79.92065,90,0,226,,1,27.02005,25.32835,21.44018
1785812520,26.81315,79.88861,90,0,226,,1,26.98638,25.39588,21.47404
1785812520,26.78645,80.06714,90,0,226,,1,26.95252,25.39588,21.50771
1785812521,26.74372,80.00458,90,0,226,,1,27.02005,25.29448,21.37264
1785812522,26.86923,80.01678,90,0,226,,1,26.95252,25.26061,21.44018
1785812522,26.82918,79.90234,90,0,227,,1,27.02005,25.32835,21.47404
1785812523,26.77043,79.96796,90,0,226,,1,27.02005,25.26061,21.44018
1785812524,26.81315,80.05341,90,0,226,,1,26.95252,25.39588,21.47404
1785812524,26.7998,79.92676,90,0,226,,1,27.02005,25.36221,21.27125
1785812525,26.82918,80.04883,90,0,227,,1,26.98638,25.32835,21.40631
1785812526,26.85588,80.03204,90,0,226,,1,26.95252,25.36221,21.40631
1785812526,26.77043,80.06409,90,0,226,,1,26.98638,25.36221,21.40631
1785812527,26.78645,80.02594,90,0,226,,1,26.98638,25.36221,21.37264
1785812528,26.84253,80.17395,90,0,226,,1,26.95252,25.36221,21.37264
1785812528,26.85588,80.09613,90,0,226,,1,26.98638,25.42974,21.33878
1785812529,26.77043,80.01221,90,0,226,,1,26.98638,25.32835,21.44018
1785812530,26.82918,80.09003,90,0,226,,1,26.98638,25.36221,21.30491
1785812530,26.82918,80.05798,90,0,226,,1,26.95252,25.32835,21.37264
1785812531,26.86923,80.20142,90,0,226,,1,26.95252,25.29448,21.40631
1785812532,26.86923,80.14038,90,0,226,,1,26.98638,25.39588,21.33878
1785812532,26.78645,80.14038,90,0,227,,1,26.95252,25.36221,21.44018
1785812533,26.82918,80.14038,90,0,226,,1,26.98638,25.42974,21.37264
1785812534,26.81315,80.17853,90,0,226,,1,27.02005,25.32835,21.33878
1785812535,26.82918,80.06866,90,0,226,,1,27.02005,25.42974,21.40631
1785812535,26.86923,80.17242,90,0,226,,1,26.98638,25.39588,21.47404
1785812536,26.78645,80.11902,90,0,226,,1,26.98638,25.39588,21.44018
1785812537,26.75708,80.08087,90,0,226,,1,27.02005,25.29448,21.44018
1785812537,26.84253,80.05035,90,0,226,,1,26.98638,25.36221,21.44018
1785812538,26.84253,80.01831,90,0,226,,1,26.98638,25.36221,21.40631
1785812539,26.77043,80.15564,90,0,226,,1,26.98638,25.46361,21.44018
1785812539,26.81315,80.06409,90,0,226,,1,26.98638,25.39588,21.40631
1785812540,26.84253,79.99847,90,0,226,,1,26.98638,25.39588,21.37264
1785812541,26.7998,79.98627,90,0,226,,1,27.02005,25.36221,21.40631
1785812541,26.84253,80.15411,90,0,226,,1,26.98638,25.39588,21.40631
1785812542,26.86923,80.09918,90,0,226,,1,27.05412,25.32835,21.50771
1785812543,26.81315,79.99084,90,0,226,,1,26.98638,25.32835,21.33878
1785812543,26.78645,80.03662,90,0,226,,1,26.98638,25.42974,21.40631
1785812544,26.88525,80.10376,90,0,226,,1,27.08778,25.36221,21.37264
1785812545,26.81315,80.14648,90,0,226,,1,26.95252,25.32835,21.47404
1785812545,26.85588,80.1358,90,0,226,,1,26.98638,25.36221,21.40631
1785812546,26.78645,80.20142,90,0,226,,1,26.98638,25.32835,21.40631
1785812547,26.78645,80.12817,90,0,226,,1,26.98638,25.32835,21.33878
1785812547,26.73037,80.11444,90,0,226,,1,26.95252,25.39588,21.47404
1785812548,26.74372,80.12817,90,0,226,,1,27.02005,25.32835,21.40631
1785812549,26.91195,80.21362,90,0,226,,1,26.95252,25.32835,21.37264
1785812549,26.77043,80.10376,90,0,226,,1,26.95252,25.32835,21.33878
1785812550,26.75708,80.18311,90,0,226,,1,27.05412,25.26061,21.40631
1785812551,26.8986,80.13733,90,0,226,,1,27.02005,25.36221,21.44018
1785812551,26.7998,80.0824,90,0,226,,1,27.02005,25.32835,21.40631
1785812552,26.78645,80.11902,90,0,227,,1,26.98638,25.26061,21.33878
1785812553,26.75708,80.25636,90,0,226,,1,26.98638,25.39588,21.44018
1785812554,26.78645,80.20142,90,0,226,,1,26.98638,25.32835,21.40631
1785812554,26.75708,80.15411,90,0,226,,1,27.02005,25.29448,21.33878
1785812555,26.81315,80.17853,90,0,226,,1,27.02005,25.32835,21.47404
1785812556,26.81315,80.15564,90,0,226,,1,26.98638,25.29448,21.37264
1785812556,26.75708,80.14191,90,0,226,,1,26.98638,25.39588,21.40631
1785812557,26.81315,79.9588,90,0,226,,1,26.98638,25.36221,21.47404
1785812558,26.77043,80.06409,90,0,226,,1,27.05412,25.39588,21.40631
1785812558,26.82918,80.04883,90,0,226,,1,26.95252,25.32835,21.44018
1785812559,26.7998,80.00916,90,0,226,,1,26.98638,25.26061,21.44018
1785812560,26.74372,80.08698,90,0,226,,1,26.98638,25.32835,21.40631
1785812560,26.81315,80.05341,90,0,226,,1,26.98638,25.36221,21.40631
1785812561,26.88525,80.13275,90,0,226,,1,27.02005,25.29448,21.37264
1785812562,26.7998,80.05951,90,0,226,,1,26.98638,25.39588,21.37264
1785812562,26.7998,79.99847,90,0,227,,1,27.02005,25.39588,21.30491
1785812563,26.81315,79.92981,90,0,226,,1,26.98638,25.32835,21.40631
1785812564,26.77043,80.04425,90,0,226,,1,26.98638,25.32835,21.44018
1785812564,26.78645,80.03662,90,0,226,,1,27.02005,25.36221,21.40631
1785812565,26.82918,80.02594,90,0,227,,1,26.98638,25.36221,21.40631
1785812566,26.91195,80.10986,90,0,226,,1,27.02005,25.39588,21.44018
1785812566,26.84253,80.07172,90,0,226,,1,26.98638,25.32835,21.33878
1785812567,26.81315,79.93896,90,0,226,,1,26.98638,25.36221,21.40631
1785812568,26.84253,80.03967,90,0,226,,1,26.98638,25.32835,21.30491
1785812568,26.7998,80.0824,90,0,226,,1,26.98638,25.32835,21.40631
1785812569,26.85588,80.06409,90,0,226,,1,26.95252,25.32835,21.40631
1785812570,26.73037,79.99084,90,0,226,,1,27.02005,25.32835,21.33878
1785812570,26.7998,80.05951,90,0,226,,1,26.98638,25.39588,21.40631
1785812571,26.75708,80.01831,90,0,226,,1,26.95252,25.26061,21.44018
1785812572,26.77043,79.96796,90,0,226,,1,26.98638,25.36221,21.33878
1785812573,26.82918,80.10834,90,0,227,,1,26.98638,25.36221,21.33878
1785812573,26.82918,80.03662,90,0,226,,1,26.98638,25.32835,21.37264
1785812574,26.94133,79.97101,90,0,226,,1,26.95252,25.36221,21.40631
1785812575,26.86923,79.92218,90,0,226,,1,26.91865,25.32835,21.40631
1785812575,26.92798,80.06256,90,0,226,,1,26.98638,25.32835,21.44018
1785812576,26.81315,79.94965,90,0,226,,1,26.98638,25.32835,21.37264
1785812577,26.7998,79.91608,90,0,226,,1,26.98638,25.39588,21.47404
1785812577,26.88525,80.06256,90,0,226,,1,27.02005,25.32835,21.44018
1785812578,26.84253,79.99847,90,0,226,,1,26.98638,25.39588,21.40631
1785812579,26.86923,79.96338,90,0,226,,1,26.98638,25.36221,21.44018
1785812579,26.86923,79.96338,90,0,226,,1,27.02005,25.36221,21.37264
1785812580,26.81315,79.92981,90,0,226,,1,27.02005,25.32835,21.40631
1785812581,26.88525,80.03052,90,0,226,,1,26.98638,25.36221,21.33878
1785812581,26.8986,80.04425,90,0,226,,1,26.98638,25.36221,21.44018
1785812582,26.75708,79.87183,90,0,226,,1,26.95252,25.39588,21.37264
1785812583,26.84253,80.03967,90,0,226,,1,26.98638,25.29448,21.33878
1785812583,26.7998,80.0824,90,0,226,,1,26.95252,25.36221,21.37264
1785812584,26.85588,79.98016,90,0,226,,1,27.02005,25.39588,21.33878
1785812585,26.85588,80.03204,90,0,226,,1,26.98638,25.36221,21.47404
1785812585,26.84253,80.03967,90,0,226,,1,26.95252,25.32835,21.37264
1785812586,26.81315,80.05341,90,0,226,,1,27.02005,25.36221,21.30491
1785812587,26.73037,79.94812,90,0,226,,1,26.98638,25.32835,21.44018
1785812587,26.82918,80.10834,90,0,226,,1,27.02005,25.29448,21.40631
1785812588,26.81315,79.97101,90,0,226,,1,26.95252,25.29448,21.40631
1785812589,26.75708,79.98627,90,0,226,,1,26.98638,25.39588,21.37264
1785812589,26.84253,79.93591,90,0,226,,1,26.95252,25.36221,21.47404
1785812590,26.77043,80.07324,90,0,226,,1,27.02005,25.32835,21.37264
1785812591,26.81315,80,90,0,226,,1,26.98638,25.29448,21.40631
1785812592,26.84253,80.05035,90,0,226,,1,26.98638,25.32835,21.37264
1785812592,26.86923,80.06866,90,0,226,,1,26.98638,25.36221,21.33878
1785812593,26.88525,80.01831,90,0,226,,1,26.98638,25.29448,21.40631
1785812594,26.81315,79.9588,90,0,226,,1,26.98638,25.36221,21.40631
1785812594,26.77043,79.93896,90,0,226,,1,26.98638,25.29448,21.44018
1785812595,26.84253,80.03052,90,0,226,,1,26.95252,25.32835,21.40631
1785812596,26.82918,79.93439,90,0,226,,1,27.02005,25.36221,21.40631
1785812596,26.77043,79.99084,90,0,226,,1,26.95252,25.36221,21.37264
1785812597,26.82918,80.02594,90,0,226,,1,26.98638,25.39588,21.44018
1785812598,26.74372,80.00458,90,0,226,,1,26.98638,25.36221,21.44018
1785812598,26.92798,80.00916,90,0,226,,1,26.98638,25.36221,21.37264
1785812599,26.85588,79.88861,90,0,226,,1,26.98638,25.26061,21.40631
1785812600,26.81315,80.03204,90,0,226,,1,26.98638,25.36221,21.40631
1785812600,26.88525,79.96796,90,0,226,,1,27.02005,25.29448,21.47404
1785812601,26.75708,80.01831,90,0,226,,1,27.05412,25.36221,21.33878
1785812602,26.82918,80.09918,90,0,226,,1,26.95252,25.32835,21.40631
1785812602,26.81315,80,90,0,227,,1,26.98638,25.32835,21.37264
1785812603,26.7998,80.00916,90,0,226,,1,27.05412,25.36221,21.40631
1785812604,26.85588,80.04425,90,0,226,,1,26.98638,25.39588,21.40631
1785812604,26.86923,79.89014,90,0,226,,1,26.98638,25.36221,21.40631
1785812605,26.81315,80,90,0,226,,1,26.98638,25.32835,21.40631
1785812606,26.84253,80.00916,90,0,226,,1,26.98638,25.32835,21.40631
1785812606,26.88525,80.00916,90,0,226,,1,26.98638,25.42974,21.37264
1785812607,26.81315,80.02289,90,0,226,,1,26.98638,25.39588,21.33878
1785812608,26.85588,80.09613,90,0,226,,1,26.98638,25.32835,21.33878
1785812608,26.77043,80.06409,90,0,226,,1,26.95252,25.29448,21.44018
1785812609,26.7998,79.93439,90,0,226,,1,26.98638,25.32835,21.44018
1785812610,26.84253,80.06256,90,0,226,,1,27.02005,25.36221,21.40631
1785812611,26.82918,80.04883,90,0,226,,1,27.02005,25.36221,21.40631
1785812611,26.82918,80.00458,90,0,226,,1,27.05412,25.39588,21.44018
1785812612,26.84253,80.13275,90,0,226,,1,27.02005,25.32835,21.37264
1785812613,26.82918,80.02594,90,0,226,,1,27.02005,25.32835,21.44018
1785812613,26.75708,79.98627,90,0,226,,1,27.02005,25.39588,21.33878
1785812614,26.7998,79.96643,90,0,226,,1,26.98638,25.32835,21.33878
1785812615,26.92798,80.06256,90,0,226,,1,26.98638,25.32835,21.33878
1785812615,26.77043,80.05341,90,0,226,,1,26.95252,25.32835,21.40631
1785812616,26.7998,79.98627,90,0,226,,1,27.02005,25.36221,21.44018
1785812617,26.82918,79.91302,90,0,226,,1,26.98638,25.36221,21.44018
1785812617,26.86923,80.01678,90,0,226,,1,26.98638,25.29448,21.44018
1785812618,26.77043,80.02136,90,0,226,,1,26.98638,25.42974,21.37264
1785812619,26.88525,79.99847,90,0,226,,1,26.95252,25.36221,21.44018
1785812619,26.88525,79.99847,90,0,226,,1,26.98638,25.39588,21.33878
1785812620,26.81315,80.05341,90,0,226,,1,27.05412,25.32835,21.37264
1785812621,26.77043,80.01221,90,0,226,,1,26.98638,25.36221,21.37264
1785812621,26.75708,80.05035,90,0,226,,1,26.98638,25.32835,21.40631
1785812622,26.8986,80.02289,90,0,226,,1,27.05412,25.39588,21.44018
1785812623,26.81315,79.98016,90,0,226,,1,27.02005,25.39588,21.40631
1785812623,26.91195,79.92218,90,0,226,,1,26.98638,25.32835,21.37264
1785812624,26.73037,79.99084,90,0,226,,1,27.05412,25.32835,21.40631
1785812625,26.82918,80.05798,90,0,226,,1,27.02005,25.36221,21.44018
1785812625,26.78645,80.02594,90,0,226,,1,27.02005,25.32835,21.40631
1785812626,26.92798,80.0412,90,0,226,,1,26.98638,25.32835,21.37264
1785812627,26.84253,79.98932,90,0,226,,1,26.98638,25.36221,21.33878
1785812627,26.88525,80.18616,90,0,226,,1,26.98638,25.32835,21.33878
1785812628,26.81315,80.14648,90,0,226,,1,27.02005,25.32835,21.37264
1785812629,26.85588,80.07629,90,0,226,,1,26.98638,25.32835,21.47404
1785812630,26.81315,80,90,0,226,,1,27.02005,25.29448,21.40631
1785812630,26.81315,79.92981,90,0,226,,1,26.98638,25.36221,21.44018
1785812631,26.84253,79.93591,90,0,226,,1,26.98638,25.32835,21.37264
1785812632,26.7998,79.92676,90,0,226,,1,26.98638,25.36221,21.37264
1785812632,26.77043,80.0824,90,0,227,,1,27.02005,25.46361,21.37264
1785812633,26.78645,79.84894,90,0,226,,1,26.98638,25.36221,21.47404
1785812634,26.82918,79.89319,90,0,226,,1,26.98638,25.32835,21.40631
1785812634,26.88525,80.06256,90,0,226,,1,27.02005,25.29448,21.40631
1785812635,26.88525,79.89471,90,0,226,,1,26.98638,25.36221,21.50771
1785812636,26.84253,79.88403,90,0,226,,1,26.98638,25.36221,21.33878
1785812636,26.85588,80.01221,90,0,226,,1,27.02005,25.32835,21.33878
1785812637,26.71435,79.93439,90,0,226,,1,26.98638,25.36221,21.40631
1785812638,26.7998,79.90387,90,0,226,,1,27.02005,25.32835,21.40631
1785812638,26.85588,79.94049,90,0,226,,1,27.02005,25.36221,21.33878
1785812639,26.81315,80.04425,90,0,226,,1,26.98638,25.29448,21.44018
1785812640,26.7998,80.01831,90,0,226,,1,26.98638,25.32835,21.37264
1785812640,26.88525,80.03052,90,0,226,,1,26.98638,25.36221,21.37264
1785812641,26.73037,79.97101,90,0,226,,1,26.98638,25.32835,21.40631
1785812642,26.77043,79.90845,90,0,226,,1,26.95252,25.32835,21.37264
1785812642,26.86923,79.94354,90,0,227,,1,26.98638,25.32835,21.44018
1785812643,26.7998,79.92676,90,0,226,,1,27.02005,25.32835,21.40631
1785812644,26.82918,80.02594,90,0,226,,1,26.98638,25.32835,21.37264
1785812644,26.7998,80.05035,90,0,226,,1,26.98638,25.32835,21.40631
1785812645,26.7998,79.94507,90,0,226,,1,26.98638,25.36221,21.47404
1785812646,26.85588,80.00305,90,0,226,,1,27.05412,25.32835,21.44018
1785812646,26.85588,80.00305,90,0,226,,1,27.02005,25.32835,21.40631
1785812647,26.86923,79.80774,90,0,226,,1,26.98638,25.32835,21.37264
1785812648,26.84253,79.93591,90,0,226,,1,26.98638,25.39588,21.44018
1785812649,26.81315,79.93896,90,0,226,,1,27.02005,25.32835,21.47404
1785812649,26.81315,79.94965,90,0,226,,1,27.05412,25.32835,21.40631
1785812650,26.81315,80.01221,90,0,226,,1,26.95252,25.32835,21.44018
1785812651,26.84253,79.94507,90,0,226,,1,26.98638,25.36221,21.37264
1785812651,26.74372,79.89014,90,0,226,,1,27.02005,25.32835,21.33878
1785812652,26.73037,79.98016,90,0,226,,1,26.98638,25.32835,21.37264
1785812653,26.84253,79.96643,90,0,226,,1,26.98638,25.39588,21.44018
1785812653,26.85588,79.89929,90,0,226,,1,26.98638,25.36221,21.33878
1785812654,26.81315,79.92981,90,0,226,,1,26.98638,25.29448,21.44018
1785812655,26.88525,80.01831,90,0,226,,1,26.98638,25.32835,21.37264
1785812655,26.81315,79.83521,90,0,226,,1,26.98638,25.36221,21.40631
1785812656,26.81315,79.92981,90,0,226,,1,26.98638,25.36221,21.44018
1785812657,26.78645,79.93134,90,0,226,,1,26.95252,25.32835,21.37264
1785812657,26.77043,79.9176,90,0,226,,1,27.02005,25.32835,21.47404
1785812658,26.84253,79.90692,90,0,226,,1,26.98638,25.29448,21.40631
1785812659,26.7998,79.95728,90,0,226,,1,27.02005,25.36221,21.44018
1785812659,26.84253,79.90692,90,0,226,,1,27.02005,25.42974,21.33878
1785812660,26.71435,79.92218,90,0,226,,1,26.98638,25.29448,21.44018
1785812661,26.77043,79.90845,90,0,226,,1,26.98638,25.32835,21.37264
1785812661,26.7998,79.97711,90,0,226,,1,27.02005,25.29448,21.44018
1785812662,26.84253,80.03052,90,0,226,,1,26.95252,25.36221,21.47404
1785812663,26.81315,79.82452,90,0,226,,1,26.98638,25.22675,21.40631
1785812663,26.85588,79.98016,90,0,226,,1,27.02005,25.42974,21.40631
1785812664,26.73037,79.85657,90,0,226,,1,26.98638,25.36221,21.40631
1785812665,26.86923,79.92218,90,0,226,,1,27.02005,25.39588,21.40631
1785812665,26.78645,79.9527,90,0,226,,1,26.95252,25.39588,21.37264
1785812666,26.81315,79.8764,90,0,226,,1,26.91865,25.39588,21.40631
1785812667,26.81315,79.93896,90,0,226,,1,26.95252,25.36221,21.37264
1785812668,26.86923,79.9527,90,0,226,,1,26.98638,25.36221,21.33878
1785812668,26.81315,80.02289,90,0,226,,1,26.98638,25.39588,21.37264
1785812669,26.82918,79.90234,90,0,226,,1,26.98638,25.36221,21.40631
1785812670,26.73037,79.89777,90,0,226,,1,26.98638,25.32835,21.44018
1785812670,26.84253,80.03052,90,0,226,,1,26.98638,25.36221,21.40631
1785812671,26.86923,79.91302,90,0,226,,1,26.98638,25.32835,21.40631
1785812672,26.78645,79.91302,90,0,226,,1,27.02005,25.29448,21.47404
1785812672,26.88525,80.05035,90,0,227,,1,26.95252,25.29448,21.44018
1785812673,26.81315,79.97101,90,0,226,,1,26.98638,25.32835,21.37264
1785812674,26.7998,79.95728,90,0,226,,1,26.95252,25.22675,21.37264
1785812674,26.81315,79.9588,90,0,226,,1,26.98638,25.36221,21.40631
1785812675,26.81315,79.93896,90,0,227,,1,27.02005,25.36221,21.37264
1785812676,26.82918,79.96338,90,0,226,,1,26.98638,25.36221,21.47404
1785812676,26.73037,79.89777,90,0,226,,1,27.02005,25.32835,21.37264
1785812677,26.91195,79.90234,90,0,226,,1,26.95252,25.29448,21.40631
1785812678,26.82918,79.92218,90,0,226,,1,26.98638,25.39588,21.44018
1785812678,26.86923,79.96338,90,0,226,,1,26.95252,25.26061,21.44018
1785812679,26.7998,79.99847,90,0,226,,1,26.95252,25.39588,21.33878
1785812680,26.91195,80.04883,90,0,226,,1,27.05412,25.36221,21.44018
1785812680,26.77043,79.99084,90,0,226,,1,26.95252,25.42974,21.44018
1785812681,26.82918,80.00458,90,0,226,,1,26.95252,25.39588,21.37264
1785812682,26.82918,79.92218,90,0,226,,1,26.95252,25.36221,21.50771
1785812682,26.82918,79.94354,90,0,227,,1,26.98638,25.26061,21.44018
1785812683,26.8986,80.00305,90,0,226,,1,26.95252,25.29448,21.44018
1785812684,26.81315,80.02289,90,0,226,,1,27.02005,25.26061,21.40631
1785812684,26.71435,79.94507,90,0,226,,1,27.02005,25.29448,21.40631
1785812685,26.68765,79.88556,90,0,226,,1,26.98638,25.29448,21.40631
1785812686,26.84253,79.88403,90,0,226,,1,27.02005,25.36221,21.47404
1785812687,26.82918,79.88098,90,0,226,,1,26.95252,25.36221,21.44018
1785812687,26.74372,79.92065,90,0,226,,1,27.02005,25.32835,21.40631
1785812688,26.7998,79.94507,90,0,226,,1,26.98638,25.26061,21.37264
1785812689,26.85588,79.94049,90,0,226,,1,26.98638,25.39588,21.37264
1785812689,26.7998,79.90387,90,0,226,,1,26.98638,25.36221,21.40631
1785812690,26.75708,79.94507,90,0,226,,1,27.02005,25.36221,21.40631
1785812691,26.85588,79.94049,90,0,226,,1,27.02005,25.32835,21.40631
1785812691,26.82918,79.98474,90,0,226,,1,27.02005,25.32835,21.40631
1785812692,26.701,79.80621,90,0,226,,1,26.98638,25.36221,21.37264
1785812693,26.8986,79.89929,90,0,227,,1,26.98638,25.39588,21.33878
1785812693,26.81315,79.86725,90,0,226,,1,26.98638,25.42974,21.33878
1785812694,26.75708,79.90387,90,0,226,,1,26.98638,25.36221,21.40631
1785812695,26.81315,79.88861,90,0,226,,1,26.98638,25.32835,21.40631
1785812695,26.8986,79.90845,90,0,226,,1,26.95252,25.42974,21.30491
1785812696,26.82918,79.9527,90,0,226,,1,26.95252,25.29448,21.37264
1785812697,26.81315,79.89777,90,0,226,,1,26.98638,25.36221,21.37264
1785812697,26.86923,79.84894,90,0,226,,1,26.98638,25.36221,21.40631
1785812698,26.82918,79.98474,90,0,226,,1,27.05412,25.32835,21.40631
1785812699,26.7998,79.94507,90,0,226,,1,27.02005,25.29448,21.37264
1785812699,26.91195,79.93439,90,0,226,,1,26.98638,25.32835,21.37264
1785812700,26.75708,79.92523,90,0,226,,1,26.98638,25.36221,21.40631
1785812701,26.82918,79.88098,90,0,226,,1,26.95252,25.39588,21.40631
1785812701,26.81315,79.97101,90,0,226,,1,26.98638,25.36221,21.40631
1785812702,26.7998,79.97711,90,0,226,,1,26.98638,25.36221,21.44018
1785812703,26.78645,79.9939,90,0,226,,1,26.98638,25.39588,21.44018
1785812703,26.84253,79.91608,90,0,226,,1,27.02005,25.36221,21.37264
1785812704,26.84253,80.00916,90,0,226,,1,27.02005,25.36221,21.47404
1785812705,26.84253,80.00916,90,0,226,,1,27.02005,25.32835,21.37264
1785812705,26.85588,80.09613,90,0,226,,1,26.98638,25.29448,21.40631
1785812706,26.86923,79.98474,90,0,226,,1,27.02005,25.36221,21.40631
1785812707,26.75708,79.90387,90,0,226,,1,27.02005,25.39588,21.40631
1785812708,26.84253,79.96643,90,0,226,,1,26.98638,25.39588,21.40631
1785812708,26.81315,79.92065,90,0,226,,1,27.02005,25.36221,21.40631
1785812709,26.75708,79.93439,90,0,226,,1,26.98638,25.36221,21.37264
1785812710,26.78645,79.91302,90,0,226,,1,26.98638,25.26061,21.37264
1785812710,26.71435,79.84283,90,0,226,,1,27.02005,25.39588,21.37264
1785812711,26.84253,80.03052,90,0,226,,1,26.95252,25.36221,21.37264
1785812712,26.84253,79.86267,90,0,226,,1,26.98638,25.36221,21.33878
1785812712,26.82918,80.03662,90,0,227,,1,27.05412,25.39588,21.40631
1785812713,26.91195,79.98474,90,0,226,,1,26.98638,25.42974,21.37264
1785812714,26.77043,79.94812,90,0,226,,1,26.95252,25.39588,21.40631
1785812714,26.81315,79.85657,90,0,226,,1,27.02005,25.29448,21.37264
1785812715,26.74372,79.93134,90,0,226,,1,26.98638,25.42974,21.37264
1785812716,26.85588,79.89929,90,0,226,,1,26.98638,25.36221,21.37264
1785812716,26.78645,80.07782,90,0,226,,1,26.91865,25.36221,21.37264
1785812717,26.82918,79.97253,90,0,226,,1,26.95252,25.29448,21.33878
1785812718,26.73037,80.05341,90,0,226,,1,26.98638,25.36221,21.40631
1785812718,26.84253,80.07172,90,0,226,,1,27.02005,25.36221,21.37264
1785812719,26.85588,79.85657,90,0,226,,1,27.02005,25.32835,21.33878
1785812720,26.85588,79.9588,90,0,226,,1,27.05412,25.39588,21.37264
1785812720,26.81315,79.9588,90,0,226,,1,26.95252,25.36221,21.40631
1785812721,26.82918,79.96338,90,0,226,,1,27.02005,25.32835,21.40631
1785812722,26.84253,79.92676,90,0,226,,1,26.98638,25.29448,21.37264
1785812722,26.7998,80.0824,90,0,226,,1,26.95252,25.36221,21.40631
1785812723,26.84253,79.89471,90,0,226,,1,26.98638,25.32835,21.44018
1785812724,26.84253,80.00916,90,0,226,,1,27.02005,25.39588,21.44018
1785812724,26.81315,79.9588,90,0,226,,1,27.02005,25.36221,21.33878
1785812725,26.75708,79.94507,90,0,226,,1,26.98638,25.39588,21.40631
1785812726,26.85588,79.94965,90,0,226,,1,27.02005,25.32835,21.44018
1785812727,26.78645,79.9527,90,0,226,,1,26.98638,25.36221,21.44018
1785812727,26.82918,79.94354,90,0,226,,1,27.02005,25.32835,21.47404
1785812728,26.86923,79.8291,90,0,226,,1,26.98638,25.32835,21.40631
1785812729,26.85588,79.94965,90,0,226,,1,27.02005,25.32835,21.40631
1785812729,26.88525,79.92676,90,0,226,,1,26.98638,25.32835,21.37264
1785812730,26.81315,79.97101,90,0,226,,1,26.95252,25.29448,21.44018
1785812731,26.81315,79.98016,90,0,226,,1,26.95252,25.26061,21.40631
1785812731,26.81315,79.88861,90,0,226,,1,27.02005,25.32835,21.40631
1785812732,26.88525,80.05035,90,0,226,,1,26.98638,25.39588,21.44018
1785812733,26.81315,80.01221,90,0,227,,1,26.98638,25.39588,21.40631
1785812733,26.81315,79.90845,90,0,226,,1,26.98638,25.29448,21.40631
1785812734,26.84253,80.0824,90,0,226,,1,26.95252,25.29448,21.40631
1785812735,26.78645,80.05798,90,0,226,,1,27.02005,25.32835,21.44018
1785812735,26.88525,79.95728,90,0,226,,1,26.95252,25.29448,21.44018
1785812736,26.84253,79.96643,90,0,226,,1,26.95252,25.26061,21.40631
1785812737,26.77043,80.05341,90,0,226,,1,26.98638,25.36221,21.44018
1785812737,26.84253,79.87488,90,0,226,,1,26.98638,25.32835,21.40631
1785812738,26.84253,80.03967,90,0,226,,1,27.02005,25.39588,21.40631
1785812739,26.75708,79.92523,90,0,226,,1,26.98638,25.39588,21.50771
1785812739,26.82918,79.96338,90,0,226,,1,26.98638,25.32835,21.44018
1785812740,26.7998,79.99847,90,0,226,,1,26.98638,25.39588,21.37264
1785812741,26.68765,79.92676,90,0,226,,1,26.98638,25.36221,21.40631
1785812741,26.82918,80.04883,90,0,226,,1,26.98638,25.32835,21.40631
1785812742,26.84253,79.91608,90,0,226,,1,26.98638,25.39588,21.40631
1785812743,26.81315,80.04425,90,0,226,,1,26.98638,25.32835,21.44018
1785812743,26.82918,79.9527,90,0,226,,1,27.02005,25.32835,21.47404
1785812744,26.82918,79.86115,90,0,226,,1,26.98638,25.36221,21.44018
1785812745,26.85588,79.94965,90,0,226,,1,27.02005,25.39588,21.44018
1785812746,26.85588,79.90845,90,0,226,,1,26.95252,25.39588,21.44018
1785812746,26.75708,79.89471,90,0,226,,1,27.05412,25.32835,21.47404
1785812747,26.86923,80.02594,90,0,226,,1,26.98638,25.36221,21.37264
1785812748,26.78645,79.9527,90,0,226,,1,27.02005,25.39588,21.37264
1785812748,26.85588,79.84741,90,0,226,,1,27.02005,25.42974,21.33878
1785812749,26.78645,79.97253,90,0,226,,1,26.95252,25.32835,21.40631
1785812750,26.75708,79.92523,90,0,226,,1,26.98638,25.32835,21.40631
1785812750,26.701,79.94049,90,0,226,,1,27.02005,25.29448,21.40631
1785812751,26.74372,79.9527,90,0,226,,1,26.98638,25.36221,21.37264
1785812752,26.82918,79.96338,90,0,226,,1,27.02005,25.32835,21.40631
1785812752,26.68765,79.90692,90,0,227,,1,26.98638,25.29448,21.33878
1785812753,26.75708,79.89471,90,0,226,,1,27.02005,25.32835,21.44018
1785812754,26.82918,79.93439,90,0,226,,1,26.98638,25.36221,21.37264
1785812754,26.86923,79.80774,90,0,226,,1,26.95252,25.39588,21.37264
1785812755,26.8986,79.89929,90,0,226,,1,26.98638,25.32835,21.37264
1785812756,26.81315,79.93896,90,0,226,,1,26.98638,25.29448,21.40631
1785812756,26.85588,79.88861,90,0,226,,1,26.95252,25.39588,21.44018
1785812757,26.78645,79.83826,90,0,226,,1,26.98638,25.29448,21.40631
1785812758,26.75708,79.99847,90,0,226,,1,27.02005,25.32835,21.33878
1785812758,26.82918,79.96338,90,0,226,,1,27.02005,25.39588,21.50771
1785812759,26.81315,80.01221,90,0,226,,1,27.02005,25.36221,21.40631
1785812760,26.85588,80.01221,90,0,226,,1,27.05412,25.32835,21.40631
1785812760,26.81315,80,90,0,226,,1,27.02005,25.32835,21.37264
1785812761,26.74372,79.93134,90,0,226,,1,27.02005,25.32835,21.50771
1785812762,26.78645,79.83826,90,0,226,,1,26.98638,25.29448,21.47404
1785812763,26.81315,79.94965,90,0,227,,1,26.98638,25.29448,21.44018
1785812763,26.81315,79.83521,90,0,226,,1,26.98638,25.32835,21.37264
1785812764,26.84253,79.92676,90,0,226,,1,27.05412,25.36221,21.47404
1785812765,26.77043,79.96796,90,0,226,,1,26.95252,25.36221,21.47404
1785812765,26.75708,79.96643,90,0,226,,1,26.98638,25.36221,21.40631
1785812766,26.82918,80.04883,90,0,226,,1,26.98638,25.32835,21.44018
1785812767,26.75708,79.88403,90,0,226,,1,27.02005,25.36221,21.40631
1785812767,26.77043,79.89777,90,0,226,,1,26.95252,25.36221,21.44018
1785812768,26.85588,79.90845,90,0,226,,1,26.98638,25.29448,21.37264
1785812769,26.84253,79.92676,90,0,226,,1,26.98638,25.32835,21.47404
1785812769,26.84253,79.96643,90,0,226,,1,26.98638,25.39588,21.40631
1785812770,26.8986,79.82605,90,0,226,,1,26.98638,25.36221,21.40631
1785812771,26.78645,79.88098,90,0,226,,1,27.02005,25.32835,21.44018
1785812771,26.74372,79.8703,90,0,226,,1,27.02005,25.32835,21.44018
1785812772,26.84253,79.99847,90,0,226,,1,26.95252,25.39588,21.37264
1785812773,26.81315,79.86725,90,0,226,,1,26.95252,25.36221,21.40631
1785812773,26.78645,79.9939,90,0,226,,1,27.02005,25.32835,21.40631
1785812774,26.82918,79.90234,90,0,226,,1,26.98638,25.32835,21.40631
1785812775,26.75708,79.96643,90,0,226,,1,26.98638,25.36221,21.33878
1785812775,26.77043,79.93896,90,0,226,,1,26.98638,25.39588,21.44018
1785812776,26.75708,79.91608,90,0,226,,1,26.98638,25.32835,21.47404
1785812777,26.81315,79.8764,90,0,226,,1,26.98638,25.36221,21.44018
1785812777,26.78645,79.93134,90,0,226,,1,26.98638,25.36221,21.27125
1785812778,26.78645,80.09613,90,0,226,,1,26.98638,25.32835,21.47404
1785812779,26.82918,79.80774,90,0,226,,1,26.98638,25.39588,21.40631
1785812779,26.85588,79.92981,90,0,226,,1,26.98638,25.39588,21.40631
1785812780,26.81315,79.93896,90,0,226,,1,26.98638,25.32835,21.44018
1785812781,26.88525,79.85352,90,0,226,,1,27.02005,25.29448,21.40631
1785812781,26.77043,79.99084,90,0,226,,1,27.02005,25.26061,21.40631
1785812782,26.85588,79.80316,90,0,227,,1,26.98638,25.36221,21.40631
1785812783,26.82918,80.00458,90,0,226,,1,26.95252,25.39588,21.50771
1785812784,26.81315,79.81537,90,0,226,,1,27.05412,25.32835,21.33878
1785812784,26.78645,79.88098,90,0,226,,1,26.98638,25.36221,21.47404
1785812785,26.7998,79.93439,90,0,226,,1,27.02005,25.36221,21.47404
1785812786,26.74372,79.76501,90,0,226,,1,26.98638,25.29448,21.44018
1785812786,26.85588,79.85657,90,0,226,,1,26.98638,25.36221,21.40631
1785812787,26.78645,79.84894,90,0,226,,1,27.02005,25.36221,21.44018
1785812788,26.86923,79.97253,90,0,226,,1,26.95252,25.39588,21.37264
1785812788,26.78645,79.94354,90,0,226,,1,26.95252,25.29448,21.40631
1785812789,26.77043,79.9176,90,0,226,,1,27.05412,25.36221,21.40631
1785812790,26.7998,79.89471,90,0,226,,1,27.05412,25.32835,21.40631
1785812790,26.88525,79.92676,90,0,226,,1,27.05412,25.32835,21.33878
1785812791,26.78645,79.91302,90,0,226,,1,26.91865,25.32835,21.47404
1785812792,26.74372,79.97253,90,0,226,,1,26.98638,25.32835,21.37264
1785812792,26.84253,79.92676,90,0,227,,1,27.02005,25.32835,21.44018
1785812793,26.85588,80.01221,90,0,226,,1,26.95252,25.32835,21.44018
1785812794,26.82918,79.84894,90,0,226,,1,27.02005,25.26061,21.40631
1785812794,26.85588,79.92981,90,0,226,,1,27.02005,25.36221,21.44018
1785812795,26.84253,79.96643,90,0,226,,1,26.98638,25.36221,21.44018
1785812796,26.82918,79.93439,90,0,226,,1,27.05412,25.46361,21.47404
1785812796,26.81315,79.90845,90,0,226,,1,26.98638,25.36221,21.33878
1785812797,26.85588,79.83521,90,0,226,,1,27.05412,25.29448,21.37264
1785812798,26.84253,79.92676,90,0,226,,1,26.98638,25.36221,21.47404
1785812798,26.86923,79.94354,90,0,226,,1,26.98638,25.39588,21.40631
1785812799,26.86923,79.98474,90,0,226,,1,27.02005,25.29448,21.40631
1785812800,26.74372,79.8291,90,0,226,,1,26.98638,25.29448,21.33878
1785812800,26.77043,79.89777,90,0,226,,1,27.02005,25.39588,21.40631
1785812801,26.75708,79.90387,90,0,226,,1,26.91865,25.36221,21.40631
1785812802,26.75708,79.89471,90,0,226,,1,27.02005,25.32835,21.37264
1785812803,26.7998,79.96643,90,0,226,,1,27.02005,25.32835,21.47404
1785812803,26.84253,79.86267,90,0,226,,1,26.95252,25.32835,21.40631
1785812804,26.82918,79.97253,90,0,226,,1,26.95252,25.36221,21.44018
1785812805,26.7998,79.87488,90,0,226,,1,27.05412,25.32835,21.44018
1785812805,26.92798,79.9588,90,0,226,,1,27.02005,25.39588,21.40631
1785812806,26.78645,79.94354,90,0,226,,1,27.02005,25.32835,21.44018
1785812807,26.7998,79.97711,90,0,226,,1,27.05412,25.39588,21.40631
1785812807,26.77043,79.9176,90,0,226,,1,26.98638,25.39588,21.37264
1785812808,26.73037,79.97101,90,0,226,,1,26.98638,25.32835,21.40631
1785812809,26.81315,79.80316,90,0,226,,1,26.98638,25.32835,21.40631
1785812809,26.77043,79.9588,90,0,226,,1,27.02005,25.32835,21.40631
1785812810,26.7998,79.98627,90,0,226,,1,26.98638,25.39588,21.44018
1785812811,26.75708,79.91608,90,0,226,,1,26.98638,25.32835,21.47404
1785812811,26.7998,79.97711,90,0,226,,1,27.02005,25.36221,21.47404
1785812812,26.8986,79.92065,90,0,226,,1,26.95252,25.32835,21.40631
1785812813,26.81315,80.06409,90,0,226,,1,26.95252,25.36221,21.44018
1785812813,26.7998,79.87488,90,0,226,,1,27.02005,25.32835,21.40631
1785812814,26.92798,80.07324,90,0,226,,1,26.95252,25.36221,21.37264
1785812815,26.77043,79.96796,90,0,226,,1,26.98638,25.42974,21.40631
1785812815,26.82918,79.84894,90,0,226,,1,26.98638,25.32835,21.37264
1785812816,26.84253,79.94507,90,0,226,,1,26.98638,25.36221,21.40631
1785812817,26.7998,80.01831,90,0,226,,1,26.98638,25.36221,21.33878
1785812817,26.84253,79.90692,90,0,226,,1,27.02005,25.39588,21.44018
1785812818,26.81315,79.88861,90,0,226,,1,27.02005,25.32835,21.37264
1785812819,26.88525,79.93896,90,0,226,,1,26.98638,25.32835,21.40631
1785812819,26.77043,79.82452,90,0,226,,1,27.02005,25.32835,21.47404
1785812820,26.81315,80.0946,90,0,226,,1,26.98638,25.29448,21.44018
1785812821,26.85588,79.9588,90,0,226,,1,26.98638,25.36221,21.50771
1785812822,26.74372,79.89014,90,0,226,,1,26.98638,25.29448,21.40631
1785812822,26.82918,79.79706,90,0,227,,1,26.98638,25.39588,21.40631
1785812823,26.82918,80.02594,90,0,226,,1,26.98638,25.32835,21.44018
1785812824,26.91195,79.80774,90,0,226,,1,27.02005,25.32835,21.33878
1785812824,26.91195,79.98474,90,0,226,,1,26.98638,25.32835,21.40631
1785812825,26.81315,79.99084,90,0,226,,1,27.05412,25.39588,21.33878
1785812826,26.85588,79.85657,90,0,226,,1,26.98638,25.39588,21.33878
1785812826,26.84253,79.98932,90,0,226,,1,26.98638,25.32835,21.44018
1785812827,26.77043,79.8764,90,0,226,,1,27.02005,25.39588,21.40631
1785812828,26.77043,79.88861,90,0,226,,1,27.02005,25.36221,21.37264
1785812828,26.85588,79.98016,90,0,226,,1,26.95252,25.42974,21.40631
1785812829,26.7998,79.84283,90,0,226,,1,27.02005,25.36221,21.44018
1785812830,26.82918,79.9527,90,0,226,,1,27.02005,25.32835,21.40631
1785812830,26.84253,79.98932,90,0,226,,1,26.98638,25.32835,21.40631
1785812831,26.82918,80.02594,90,0,226,,1,26.98638,25.39588,21.40631
1785812832,26.78645,79.88098,90,0,226,,1,26.95252,25.36221,21.44018
1785812832,26.7998,80.00916,90,0,227,,1,26.95252,25.32835,21.37264
1785812833,26.85588,79.85657,90,0,226,,1,27.05412,25.32835,21.44018
1785812834,26.85588,79.98016,90,0,226,,1,26.98638,25.36221,21.47404
1785812834,26.7998,79.97711,90,0,226,,1,26.98638,25.32835,21.37264
1785812835,26.7998,79.89471,90,0,226,,1,26.98638,25.39588,21.37264
1785812836,26.81315,80,90,0,226,,1,26.98638,25.29448,21.37264
1785812836,26.8986,79.98169,90,0,226,,1,26.95252,25.32835,21.40631
1785812837,26.77043,79.94812,90,0,226,,1,27.02005,25.32835,21.37264
1785812838,26.78645,79.86115,90,0,226,,1,27.02005,25.36221,21.40631
1785812838,26.74372,79.97253,90,0,226,,1,27.02005,25.36221,21.40631
1785812839,26.84253,79.86267,90,0,226,,1,26.98638,25.32835,21.40631
1785812840,26.85588,79.97101,90,0,226,,1,26.98638,25.32835,21.40631
1785812841,26.7998,79.92676,90,0,226,,1,26.98638,25.39588,21.40631
1785812841,26.75708,79.89471,90,0,226,,1,27.02005,25.32835,21.40631
1785812842,26.78645,79.88098,90,0,226,,1,26.98638,25.36221,21.40631
1785812843,26.7998,79.91608,90,0,226,,1,26.98638,25.36221,21.44018
1785812843,26.7998,79.86267,90,0,226,,1,27.02005,25.32835,21.37264
1785812844,26.84253,79.97711,90,0,226,,1,27.02005,25.29448,21.37264
1785812845,26.82918,80.06866,90,0,226,,1,26.98638,25.36221,21.37264
1785812845,26.85588,79.94049,90,0,226,,1,26.98638,25.29448,21.44018
1785812846,26.78645,79.9939,90,0,226,,1,26.95252,25.32835,21.37264
1785812847,26.7998,79.99847,90,0,226,,1,26.98638,25.36221,21.37264
1785812847,26.78645,79.92218,90,0,226,,1,26.95252,25.42974,21.44018
1785812848,26.85588,79.88861,90,0,226,,1,27.02005,25.26061,21.37264
1785812849,26.78645,79.88098,90,0,226,,1,26.95252,25.39588,21.44018
1785812849,26.82918,79.92218,90,0,226,,1,26.98638,25.32835,21.40631
1785812850,26.82918,79.89319,90,0,226,,1,27.05412,25.36221,21.37264
1785812851,26.84253,79.97711,90,0,226,,1,27.02005,25.32835,21.44018
1785812851,26.88525,79.94812,90,0,226,,1,27.02005,25.36221,21.40631
1785812852,26.88525,79.88556,90,0,226,,1,27.05412,25.32835,21.40631
1785812853,26.73037,79.93896,90,0,226,,1,26.98638,25.36221,21.37264
1785812853,26.82918,79.98474,90,0,226,,1,26.98638,25.36221,21.47404
1785812854,26.82918,79.92218,90,0,226,,1,26.98638,25.42974,21.33878
1785812855,26.84253,79.89471,90,0,226,,1,27.02005,25.39588,21.44018
1785812855,26.78645,79.94354,90,0,226,,1,26.98638,25.36221,21.37264
1785812856,26.81315,80,90,0,226,,1,26.98638,25.39588,21.33878
1785812857,26.7998,79.71923,90,0,226,,1,26.98638,25.39588,21.37264
1785812857,26.84253,79.95728,90,0,226,,1,26.98638,25.32835,21.44018
1785812858,26.74372,79.92065,90,0,226,,1,27.02005,25.39588,21.33878
1785812859,26.78645,79.88098,90,0,226,,1,26.98638,25.36221,21.40631
1785812860,26.78645,79.94354,90,0,226,,1,26.98638,25.36221,21.40631
1785812860,26.7998,79.89471,90,0,226,,1,26.91865,25.32835,21.40631
1785812861,26.78645,79.88098,90,0,226,,1,26.98638,25.36221,21.47404
1785812862,26.84253,79.91608,90,0,226,,1,26.98638,25.36221,21.47404
1785812862,26.81315,79.92981,90,0,227,,1,26.98638,25.32835,21.44018
1785812863,26.81315,79.94965,90,0,226,,1,26.95252,25.36221,21.40631
1785812864,26.85588,79.90845,90,0,226,,1,27.02005,25.32835,21.37264
1785812864,26.78645,79.94354,90,0,226,,1,26.98638,25.29448,21.33878
1785812865,26.73037,79.8764,90,0,226,,1,26.98638,25.36221,21.44018
1785812866,26.81315,80.02289,90,0,226,,1,26.98638,25.39588,21.44018
1785812866,26.81315,79.92065,90,0,226,,1,26.98638,25.39588,21.44018
1785812867,26.86923,79.88098,90,0,226,,1,26.98638,25.36221,21.40631
1785812868,26.84253,79.92676,90,0,226,,1,26.98638,25.42974,21.47404
1785812868,26.78645,79.97253,90,0,226,,1,26.98638,25.36221,21.44018
1785812869,26.82918,79.99542,90,0,226,,1,27.02005,25.36221,21.40631
1785812870,26.81315,79.97101,90,0,226,,1,27.05412,25.32835,21.50771
1785812870,26.81315,79.85657,90,0,226,,1,27.02005,25.39588,21.40631
1785812871,26.82918,79.97253,90,0,226,,1,26.98638,25.36221,21.44018
1785812872,26.81315,79.99084,90,0,226,,1,26.98638,25.36221,21.40631
1785812872,26.7998,79.95728,90,0,227,,1,26.95252,25.32835,21.40631
1785812873,26.82918,79.91302,90,0,226,,1,26.98638,25.39588,21.37264
1785812874,26.77043,79.98016,90,0,226,,1,26.95252,25.36221,21.40631
1785812874,26.71435,79.87183,90,0,226,,1,26.98638,25.42974,21.40631
1785812875,26.82918,80.02594,90,0,226,,1,26.95252,25.36221,21.30491
1785812876,26.78645,80.04578,90,0,226,,1,26.98638,25.29448,21.30491
1785812876,26.84253,79.94507,90,0,226,,1,27.02005,25.32835,21.37264
1785812877,26.7998,79.95728,90,0,226,,1,27.02005,25.36221,21.37264
1785812878,26.92798,79.96796,90,0,226,,1,26.98638,25.42974,21.40631
1785812879,26.81315,79.83521,90,0,226,,1,26.95252,25.36221,21.37264
1785812879,26.78645,79.88098,90,0,226,,1,27.02005,25.36221,21.40631
1785812880,26.77043,79.85657,90,0,226,,1,26.98638,25.36221,21.40631
1785812881,26.7998,79.95728,90,0,226,,1,26.98638,25.39588,21.37264
1785812881,26.81315,79.88861,90,0,226,,1,27.02005,25.32835,21.40631
1785812882,26.78645,79.94354,90,0,226,,1,27.02005,25.32835,21.44018
1785812883,26.78645,80.07782,90,0,227,,1,26.98638,25.32835,21.40631
1785812883,26.85588,79.8764,90,0,226,,1,26.98638,25.42974,21.44018
1785812884,26.81315,79.93896,90,0,226,,1,26.98638,25.32835,21.44018
1785812885,26.7998,79.97711,90,0,226,,1,27.05412,25.36221,21.40631
1785812885,26.84253,79.91608,90,0,226,,1,27.02005,25.32835,21.37264
1785812886,26.78645,79.94354,90,0,226,,1,26.98638,25.32835,21.33878
1785812887,26.7998,79.93439,90,0,226,,1,27.02005,25.36221,21.37264
1785812887,26.78645,79.91302,90,0,226,,1,26.98638,25.36221,21.44018
1785812888,26.85588,80.08545,90,0,226,,1,27.02005,25.36221,21.40631
1785812889,26.75708,79.87183,90,0,226,,1,27.02005,25.36221,21.37264
1785812889,26.82918,79.93439,90,0,226,,1,26.98638,25.36221,21.37264
1785812890,26.73037,79.92676,90,0,226,,1,26.98638,25.36221,21.37264
1785812891,26.7998,79.89471,90,0,226,,1,26.98638,25.29448,21.37264
1785812891,26.78645,80.02594,90,0,226,,1,27.02005,25.36221,21.40631
1785812892,26.84253,79.94507,90,0,226,,1,27.02005,25.39588,21.37264
1785812893,26.88525,79.93896,90,0,226,,1,27.05412,25.36221,21.44018
1785812893,26.82918,79.98474,90,0,226,,1,27.02005,25.32835,21.40631
1785812894,26.84253,79.93591,90,0,226,,1,26.98638,25.32835,21.37264
1785812895,26.81315,79.8764,90,0,226,,1,27.02005,25.32835,21.40631
1785812895,26.77043,79.9176,90,0,226,,1,26.98638,25.32835,21.40631
1785812896,26.7998,79.88403,90,0,226,,1,26.98638,25.29448,21.40631
1785812897,26.7998,80.00916,90,0,226,,1,27.05412,25.32835,21.44018
1785812898,26.85588,79.79401,90,0,226,,1,26.95252,25.39588,21.40631
1785812898,26.78645,80.00458,90,0,226,,1,27.02005,25.36221,21.33878
1785812899,26.7998,79.95728,90,0,226,,1,26.95252,25.29448,21.44018
1785812900,26.8986,79.99084,90,0,226,,1,26.98638,25.36221,21.44018
1785812900,26.84253,79.97711,90,0,226,,1,26.98638,25.36221,21.40631
1785812901,26.81315,79.93896,90,0,226,,1,26.98638,25.39588,21.40631
1785812902,26.78645,79.88098,90,0,226,,1,26.98638,25.42974,21.44018
1785812902,26.85588,79.97101,90,0,227,,1,26.98638,25.32835,21.40631
1785812903,26.78645,80.03662,90,0,226,,1,26.98638,25.36221,21.37264
1785812904,26.74372,80.12817,90,0,226,,1,27.02005,25.39588,21.37264
1785812904,26.7998,80.05035,90,0,226,,1,26.98638,25.29448,21.37264
1785812905,26.82918,79.94354,90,0,227,,1,26.95252,25.29448,21.40631
1785812906,26.74372,79.96185,90,0,226,,1,26.98638,25.29448,21.44018
1785812906,26.84253,79.85352,90,0,226,,1,26.95252,25.39588,21.40631
1785812907,26.74372,79.85809,90,0,226,,1,26.98638,25.36221,21.37264
1785812908,26.88525,79.92676,90,0,226,,1,26.91865,25.42974,21.40631
1785812908,26.81315,79.89777,90,0,226,,1,26.98638,25.36221,21.40631
1785812909,26.84253,79.90692,90,0,226,,1,26.98638,25.36221,21.44018
1785812910,26.75708,79.91608,90,0,226,,1,27.02005,25.36221,21.33878
1785812910,26.85588,80.02289,90,0,226,,1,26.98638,25.32835,21.37264
1785812911,26.91195,79.96338,90,0,226,,1,26.98638,25.32835,21.33878
1785812912,26.78645,79.97253,90,0,226,,1,26.98638,25.39588,21.37264
1785812912,26.82918,80.02594,90,0,227,,1,26.98638,25.32835,21.44018
1785812913,26.78645,79.98474,90,0,226,,1,27.05412,25.36221,21.40631
1785812914,26.7998,79.96643,90,0,226,,1,26.95252,25.29448,21.44018
1785812914,26.82918,79.98474,90,0,226,,1,26.98638,25.39588,21.40631
1785812915,26.78645,80.01678,90,0,226,,1,26.98638,25.29448,21.44018
1785812916,26.86923,80.01678,90,0,226,,1,27.02005,25.42974,21.37264
1785812917,26.8986,80.09613,90,0,226,,1,26.98638,25.29448,21.33878
1785812917,26.77043,80.11444,90,0,226,,1,26.98638,25.36221,21.44018
1785812918,26.82918,79.93439,90,0,226,,1,26.98638,25.29448,21.33878
1785812919,26.82918,80.09918,90,0,226,,1,26.98638,25.32835,21.44018
1785812919,26.77043,80.0946,90,0,226,,1,26.98638,25.32835,21.44018
1785812920,26.88525,80.2182,90,0,226,,1,26.98638,25.36221,21.47404
1785812921,26.77043,80.1358,90,0,226,,1,26.98638,25.36221,21.37264
1785812921,26.82918,80.14038,90,0,226,,1,26.95252,25.32835,21.44018
1785812922,26.81315,80.15564,90,0,226,,1,26.91865,25.36221,21.33878
1785812923,26.81315,80.17853,90,0,227,,1,27.02005,25.32835,21.44018
1785812923,26.84253,80.14191,90,0,226,,1,26.98638,25.39588,21.44018
1785812924,26.91195,80.16022,90,0,226,,1,27.02005,25.39588,21.30491
1785812925,26.71435,80.09918,90,0,226,,1,27.02005,25.32835,21.40631
1785812925,26.86923,80.20142,90,0,226,,1,26.95252,25.36221,21.47404
1785812926,26.81315,80.21973,90,0,226,,1,26.98638,25.26061,21.37264
1785812927,26.85588,80.08545,90,0,226,,1,27.05412,25.39588,21.40631
1785812927,26.86923,80.05798,90,0,226,,1,26.98638,25.39588,21.37264
1785812928,26.85588,80.08545,90,0,226,,1,26.98638,25.36221,21.50771
1785812929,26.81315,80.17853,90,0,226,,1,27.02005,25.32835,21.40631
1785812929,26.7998,79.95728,90,0,226,,1,27.02005,25.36221,21.40631
1785812930,26.78645,80.11902,90,0,226,,1,27.02005,25.36221,21.33878
1785812931,26.84253,80.14191,90,0,226,,1,26.98638,25.42974,21.40631
1785812931,26.86923,79.9527,90,0,226,,1,27.02005,25.36221,21.33878
1785812932,26.73037,80.06409,90,0,226,,1,26.98638,25.36221,21.40631
1785812933,26.7998,80.05035,90,0,226,,1,27.02005,25.32835,21.37264
1785812933,26.75708,80.00763,90,0,226,,1,26.95252,25.36221,21.33878
1785812934,26.85588,80.16785,90,0,226,,1,26.98638,25.42974,21.40631
1785812935,26.84253,79.99847,90,0,226,,1,27.02005,25.36221,21.40631
1785812936,26.84253,80.16479,90,0,226,,1,26.98638,25.32835,21.47404
1785812936,26.68765,79.96796,90,0,226,,1,26.98638,25.29448,21.44018
1785812937,26.74372,79.9527,90,0,226,,1,26.98638,25.36221,21.44018
1785812938,26.82918,80.00458,90,0,226,,1,26.98638,25.32835,21.44018
1785812938,26.77043,80.0824,90,0,226,,1,27.05412,25.32835,21.44018
1785812939,26.7998,80.03967,90,0,226,,1,27.02005,25.36221,21.44018
1785812940,26.81315,80.0946,90,0,226,,1,26.95252,25.36221,21.44018
1785812940,26.85588,80.07629,90,0,226,,1,26.98638,25.36221,21.44018
1785812941,26.78645,79.91302,90,0,226,,1,26.98638,25.36221,21.37264
1785812942,26.77043,79.92676,90,0,226,,1,26.98638,25.32835,21.44018
1785812942,26.84253,80.07172,90,0,227,,1,27.02005,25.36221,21.37264
1785812943,26.74372,80.00458,90,0,226,,1,27.02005,25.42974,21.37264
1785812944,26.7998,79.97711,90,0,226,,1,27.02005,25.39588,21.37264
1785812944,26.71435,79.95422,90,0,226,,1,26.98638,25.32835,21.44018
1785812945,26.7998,80.07172,90,0,226,,1,26.98638,25.32835,21.47404
1785812946,26.7998,79.92676,90,0,226,,1,26.91865,25.36221,21.44018
1785812946,26.7998,79.97711,90,0,226,,1,27.02005,25.29448,21.47404
1785812947,26.82918,80.06866,90,0,226,,1,26.98638,25.36221,21.44018
1785812948,26.82918,79.93439,90,0,226,,1,27.02005,25.39588,21.40631
1785812948,26.74372,79.96185,90,0,226,,1,26.98638,25.32835,21.40631
1785812949,26.77043,79.92676,90,0,226,,1,26.98638,25.29448,21.37264
1785812950,26.78645,80.00458,90,0,226,,1,27.02005,25.39588,21.40631
1785812950,26.85588,80.14648,90,0,226,,1,26.98638,25.32835,21.44018
1785812951,26.7998,80.05035,90,0,226,,1,27.02005,25.39588,21.40631
1785812952,26.81315,79.9588,90,0,226,,1,26.98638,25.29448,21.40631
1785812952,26.84253,80.03052,90,0,227,,1,27.02005,25.36221,21.50771
1785812953,26.82918,79.97253,90,0,226,,1,27.02005,25.42974,21.44018
1785812954,26.81315,79.94965,90,0,226,,1,27.02005,25.36221,21.44018
1785812955,26.85588,80.00305,90,0,226,,1,26.98638,25.36221,21.44018
1785812955,26.84253,79.95728,90,0,226,,1,27.02005,25.39588,21.40631
1785812956,26.73037,79.9588,90,0,226,,1,26.98638,25.42974,21.37264
1785812957,26.91195,80.02594,90,0,226,,1,26.98638,25.32835,21.40631
1785812957,26.78645,79.98474,90,0,226,,1,26.98638,25.26061,21.40631
1785812958,26.81315,79.92981,90,0,226,,1,26.98638,25.36221,21.44018
1785812959,26.75708,80.01831,90,0,226,,1,27.02005,25.36221,21.44018
1785812959,26.701,79.9527,90,0,226,,1,26.98638,25.26061,21.47404
1785812960,26.81315,79.9588,90,0,226,,1,26.95252,25.36221,21.37264
1785812961,26.75708,79.93439,90,0,226,,1,27.02005,25.36221,21.37264
1785812961,26.7998,79.93439,90,0,226,,1,26.98638,25.39588,21.40631
1785812962,26.82918,80.00458,90,0,226,,1,26.95252,25.36221,21.37264
1785812963,26.8986,79.90845,90,0,227,,1,27.02005,25.39588,21.37264
1785812963,26.84253,79.73907,90,0,226,,1,26.98638,25.42974,21.44018
1785812964,26.82918,80.03662,90,0,226,,1,26.95252,25.36221,21.40631
1785812965,26.85588,79.8764,90,0,226,,1,26.95252,25.29448,21.33878
1785812965,26.82918,80.01678,90,0,226,,1,27.02005,25.39588,21.47404
1785812966,26.78645,79.96338,90,0,226,,1,26.98638,25.46361,21.37264
1785812967,26.81315,79.92981,90,0,226,,1,27.02005,25.42974,21.44018
1785812967,26.86923,79.98474,90,0,226,,1,26.98638,25.29448,21.44018
1785812968,26.77043,79.9176,90,0,226,,1,26.98638,25.32835,21.44018
1785812969,26.86923,79.8291,90,0,226,,1,27.02005,25.36221,21.37264
1785812969,26.75708,79.93439,90,0,226,,1,26.95252,25.32835,21.40631
1785812970,26.82918,80.00458,90,0,226,,1,26.98638,25.36221,21.47404
1785812971,26.88525,80.05035,90,0,226,,1,26.98638,25.29448,21.40631
1785812971,26.7998,79.88403,90,0,226,,1,26.98638,25.32835,21.37264
1785812972,26.78645,79.9527,90,0,226,,1,26.98638,25.32835,21.44018
1785812973,26.88525,80.0412,90,0,226,,1,26.95252,25.39588,21.47404
1785812974,26.7998,79.97711,90,0,226,,1,26.98638,25.39588,21.37264
1785812974,26.75708,79.92523,90,0,226,,1,27.05412,25.36221,21.44018
1785812975,26.74372,79.92065,90,0,226,,1,26.98638,25.39588,21.47404
1785812976,26.81315,79.94965,90,0,226,,1,26.98638,25.36221,21.47404
1785812976,26.701,79.97253,90,0,226,,1,26.95252,25.36221,21.47404
1785812977,26.7998,79.95728,90,0,226,,1,26.91865,25.42974,21.40631
1785812978,26.7998,79.98627,90,0,226,,1,26.98638,25.36221,21.40631
1785812978,26.86923,79.88098,90,0,226,,1,26.95252,25.26061,21.44018
1785812979,26.84253,80.01831,90,0,226,,1,26.95252,25.39588,21.47404
1785812980,26.84253,79.90692,90,0,226,,1,26.98638,25.32835,21.47404
1785812980,26.94133,79.9115,90,0,226,,1,26.98638,25.39588,21.40631
1785812981,26.78645,79.96338,90,0,226,,1,26.98638,25.42974,21.44018
1785812982,26.84253,79.89471,90,0,226,,1,27.02005,25.39588,21.40631
1785812982,26.7998,79.92676,90,0,227,,1,26.98638,25.29448,21.47404
1785812983,26.81315,79.99084,90,0,226,,1,26.98638,25.32835,21.40631
1785812984,26.86923,79.96338,90,0,226,,1,27.02005,25.36221,21.37264
1785812984,26.78645,79.79706,90,0,226,,1,26.95252,25.29448,21.37264
1785812985,26.82918,80.07782,90,0,227,,1,26.98638,25.36221,21.44018
1785812986,26.75708,79.79858,90,0,226,,1,27.02005,25.32835,21.40631
1785812986,26.84253,80.03052,90,0,226,,1,26.98638,25.39588,21.37264
1785812987,26.7998,80.03967,90,0,226,,1,26.95252,25.36221,21.33878
1785812988,26.84253,79.92676,90,0,226,,1,26.98638,25.32835,21.44018
1785812988,26.81315,79.90845,90,0,226,,1,27.02005,25.36221,21.40631
1785812989,26.82918,79.94354,90,0,226,,1,27.02005,25.36221,21.40631
1785812990,26.73037,79.98016,90,0,226,,1,26.95252,25.29448,21.44018
1785812990,26.84253,80.00916,90,0,226,,1,27.05412,25.29448,21.44018
1785812991,26.88525,80.01831,90,0,226,,1,26.95252,25.29448,21.40631
1785812992,26.84253,79.92676,90,0,226,,1,26.98638,25.32835,21.47404
1785812993,26.77043,79.96796,90,0,226,,1,27.05412,25.26061,21.44018
1785812993,26.85588,80.10529,90,0,226,,1,26.98638,25.32835,21.40631
1785812994,26.75708,79.90387,90,0,226,,1,26.95252,25.32835,21.37264
1785812995,26.77043,80.02136,90,0,226,,1,26.98638,25.36221,21.37264
1785812995,26.85588,79.94965,90,0,226,,1,26.98638,25.36221,21.37264
1785812996,26.78645,79.96338,90,0,226,,1,26.98638,25.29448,21.33878
1785812997,26.7998,79.94507,90,0,226,,1,26.95252,25.36221,21.40631
1785812997,26.7998,79.93439,90,0,226,,1,26.98638,25.32835,21.44018
1785812998,26.8986,79.93134,90,0,226,,1,26.98638,25.36221,21.40631
1785812999,26.84253,80.03967,90,0,226,,1,26.98638,25.39588,21.40631
1785812999,26.75708,79.96643,90,0,226,,1,26.95252,25.39588,21.47404
1785813000,26.75708,79.96643,90,0,226,,1,26.98638,25.42974,21.40631
1785813001,26.85588,79.94965,90,0,226,,1,27.05412,25.32835,21.37264
1785813001,26.84253,79.98932,90,0,226,,1,26.98638,25.32835,21.47404
1785813002,26.81315,79.93896,90,0,226,,1,26.98638,25.36221,21.40631
1785813003,26.81315,79.88861,90,0,226,,1,26.95252,25.39588,21.37264
1785813003,26.78645,79.94354,90,0,226,,1,26.98638,25.39588,21.40631
1785813004,26.81315,79.89777,90,0,226,,1,26.98638,25.39588,21.40631
1785813005,26.92798,79.9176,90,0,226,,1,26.98638,25.39588,21.33878
1785813005,26.81315,79.93896,90,0,226,,1,26.98638,25.32835,21.44018
1785813006,26.7998,79.94507,90,0,226,,1,27.02005,25.39588,21.44018
1785813007,26.7998,79.88403,90,0,226,,1,26.98638,25.42974,21.47404
1785813007,26.7998,79.91608,90,0,226,,1,27.02005,25.39588,21.40631
1785813008,26.74372,79.9115,90,0,226,,1,27.02005,25.36221,21.47404
1785813009,26.75708,79.93439,90,0,226,,1,26.98638,25.39588,21.37264
1785813009,26.82918,79.84894,90,0,226,,1,26.98638,25.32835,21.44018
1785813010,26.81315,79.80316,90,0,226,,1,26.95252,25.32835,21.44018
1785813011,26.84253,79.97711,90,0,226,,1,26.95252,25.39588,21.37264
1785813012,26.84253,79.94507,90,0,226,,1,27.02005,25.36221,21.33878
1785813012,26.82918,79.92218,90,0,227,,1,26.98638,25.32835,21.47404
1785813013,26.78645,79.96338,90,0,226,,1,26.98638,25.39588,21.40631
1785813014,26.7998,79.84283,90,0,226,,1,27.02005,25.32835,21.44018
1785813014,26.86923,79.8703,90,0,226,,1,27.02005,25.32835,21.37264
1785813015,26.84253,79.90692,90,0,226,,1,27.02005,25.36221,21.37264
1785813016,26.74372,79.9527,90,0,226,,1,26.98638,25.36221,21.40631
1785813016,26.8986,79.87946,90,0,226,,1,26.98638,25.32835,21.40631
1785813017,26.78645,79.98474,90,0,226,,1,27.02005,25.39588,21.37264
1785813018,26.73037,79.93896,90,0,226,,1,26.98638,25.36221,21.44018
1785813018,26.82918,79.88098,90,0,226,,1,26.98638,25.32835,21.33878
1785813019,26.7998,79.90387,90,0,226,,1,27.02005,25.32835,21.37264
1785813020,26.84253,79.90692,90,0,226,,1,26.98638,25.36221,21.40631
1785813020,26.85588,79.97101,90,0,226,,1,27.05412,25.29448,21.37264
1785813021,26.82918,80.04883,90,0,226,,1,27.05412,25.32835,21.40631
1785813022,26.74372,79.96185,90,0,226,,1,27.02005,25.36221,21.40631
1785813022,26.73037,80.01221,90,0,227,,1,27.02005,25.36221,21.33878
1785813023,26.85588,79.98016,90,0,226,,1,27.02005,25.39588,21.33878
1785813024,26.7998,79.97711,90,0,226,,1,26.95252,25.36221,21.44018
1785813024,26.84253,79.93591,90,0,226,,1,26.95252,25.36221,21.47404
1785813025,26.74372,79.9115,90,0,226,,1,26.95252,25.29448,21.47404
1785813026,26.88525,79.94812,90,0,226,,1,27.02005,25.26061,21.40631
1785813026,26.8986,79.84741,90,0,226,,1,27.02005,25.39588,21.44018
1785813027,26.78645,79.93134,90,0,226,,1,26.95252,25.36221,21.40631
1785813028,26.77043,79.93896,90,0,226,,1,26.98638,25.32835,21.44018
1785813028,26.85588,79.88861,90,0,226,,1,27.05412,25.39588,21.44018
1785813029,26.86923,79.8703,90,0,226,,1,27.02005,25.32835,21.40631
1785813030,26.82918,79.9527,90,0,226,,1,27.02005,25.39588,21.40631
1785813031,26.82918,79.8291,90,0,226,,1,26.98638,25.36221,21.30491
1785813031,26.82918,79.90234,90,0,226,,1,27.02005,25.32835,21.40631
1785813032,26.81315,79.9588,90,0,226,,1,26.98638,25.32835,21.40631
1785813033,26.82918,79.9527,90,0,226,,1,26.98638,25.32835,21.33878
1785813033,26.84253,79.98932,90,0,226,,1,26.98638,25.29448,21.44018
1785813034,26.86923,79.90234,90,0,226,,1,27.02005,25.29448,21.30491
1785813035,26.82918,80.02594,90,0,226,,1,27.02005,25.36221,21.40631
1785813035,26.7998,79.99847,90,0,226,,1,26.98638,25.32835,21.40631
1785813036,26.85588,80.10529,90,0,226,,1,26.98638,25.32835,21.40631
1785813037,26.86923,79.84894,90,0,226,,1,27.02005,25.36221,21.33878
1785813037,26.82918,79.99542,90,0,226,,1,26.98638,25.36221,21.40631
1785813038,26.84253,80.01831,90,0,226,,1,26.98638,25.29448,21.40631
1785813039,26.75708,79.84283,90,0,226,,1,26.95252,25.39588,21.44018
1785813039,26.85588,79.99084,90,0,226,,1,27.02005,25.29448,21.47404
1785813040,26.84253,79.90692,90,0,226,,1,27.02005,25.32835,21.33878
1785813041,26.68765,79.98016,90,0,226,,1,26.98638,25.36221,21.40631
1785813041,26.85588,79.99084,90,0,226,,1,27.02005,25.39588,21.44018
1785813042,26.82918,79.96338,90,0,226,,1,26.98638,25.36221,21.40631
1785813043,26.85588,80.03204,90,0,226,,1,27.02005,25.36221,21.37264
1785813043,26.84253,79.96643,90,0,226,,1,26.95252,25.32835,21.44018
1785813044,26.81315,80.06409,90,0,226,,1,26.98638,25.29448,21.40631
1785813045,26.85588,80.02289,90,0,226,,1,26.98638,25.32835,21.37264
1785813045,26.78645,79.8703,90,0,226,,1,26.98638,25.36221,21.40631
1785813046,26.78645,79.9939,90,0,226,,1,26.95252,25.42974,21.44018
1785813047,26.8986,79.96185,90,0,226,,1,26.95252,25.36221,21.33878
1785813047,26.78645,80.05798,90,0,226,,1,26.98638,25.36221,21.33878
1785813048,26.84253,80.07172,90,0,226,,1,26.98638,25.42974,21.44018
1785813049,26.82918,79.97253,90,0,226,,1,26.98638,25.39588,21.37264
1785813049,26.74372,80.09613,90,0,226,,1,26.95252,25.36221,21.44018
1785813050,26.73037,79.99084,90,0,226,,1,27.02005,25.32835,21.40631
1785813051,26.84253,80.03052,90,0,226,,1,26.95252,25.46361,21.37264
1785813052,26.78645,80.07782,90,0,226,,1,26.95252,25.32835,21.40631
1785813052,26.81315,80.02289,90,0,227,,1,26.98638,25.36221,21.44018
1785813053,26.78645,79.9939,90,0,226,,1,27.02005,25.36221,21.44018
1785813054,26.82918,79.98474,90,0,226,,1,27.02005,25.42974,21.44018
1785813054,26.7998,80.03052,90,0,226,,1,26.98638,25.36221,21.30491
1785813055,26.77043,80,90,0,226,,1,27.02005,25.36221,21.50771
1785813056,26.7998,79.96643,90,0,226,,1,26.98638,25.32835,21.47404
1785813056,26.88525,80.0824,90,0,226,,1,26.91865,25.32835,21.47404
1785813057,26.74372,80.04578,90,0,226,,1,26.98638,25.26061,21.40631
1785813058,26.74372,80.05798,90,0,226,,1,26.95252,25.29448,21.44018
1785813058,26.88525,80.0412,90,0,226,,1,27.02005,25.32835,21.40631
1785813059,26.81315,79.98016,90,0,226,,1,27.02005,25.32835,21.40631
1785813060,26.78645,80.08698,90,0,226,,1,26.98638,25.36221,21.40631
1785813060,26.77043,80.02136,90,0,226,,1,27.05412,25.42974,21.44018
1785813061,26.84253,79.98932,90,0,226,,1,27.02005,25.26061,21.37264
1785813062,26.82918,79.97253,90,0,226,,1,26.98638,25.36221,21.37264
1785813062,26.82918,79.98474,90,0,227,,1,26.98638,25.29448,21.47404
1785813063,26.78645,79.96338,90,0,226,,1,26.98638,25.36221,21.47404
1785813064,26.75708,79.85199,90,0,226,,1,26.98638,25.36221,21.44018
1785813064,26.77043,79.9176,90,0,226,,1,27.02005,25.39588,21.40631
1785813065,26.84253,80.01831,90,0,226,,1,26.95252,25.42974,21.44018
1785813066,26.75708,80.09003,90,0,226,,1,27.02005,25.39588,21.37264
1785813066,26.81315,79.94965,90,0,226,,1,26.98638,25.32835,21.44018
1785813067,26.81315,79.93896,90,0,226,,1,26.98638,25.39588,21.30491
1785813068,26.75708,80.00763,90,0,226,,1,26.98638,25.39588,21.44018
1785813068,26.73037,79.92676,90,0,226,,1,26.98638,25.32835,21.40631
1785813069,26.77043,79.94812,90,0,226,,1,27.02005,25.39588,21.33878
1785813070,26.8986,79.94049,90,0,226,,1,27.02005,25.36221,21.44018
1785813071,26.91195,79.96338,90,0,226,,1,26.98638,25.32835,21.44018
1785813071,26.75708,79.93439,90,0,226,,1,26.98638,25.36221,21.40631
1785813072,26.82918,80.00458,90,0,226,,1,27.02005,25.39588,21.47404
1785813073,26.7998,80.0824,90,0,227,,1,26.98638,25.39588,21.40631
1785813073,26.84253,79.89471,90,0,226,,1,27.05412,25.39588,21.37264
1785813074,26.84253,80.03052,90,0,226,,1,26.98638,25.39588,21.40631
1785813075,26.81315,79.88861,90,0,226,,1,27.05412,25.36221,21.40631
1785813075,26.84253,79.99847,90,0,226,,1,26.95252,25.32835,21.40631
1785813076,26.81315,79.98016,90,0,226,,1,27.02005,25.36221,21.40631
1785813077,26.88525,80.00916,90,0,226,,1,26.98638,25.36221,21.40631
1785813077,26.71435,79.86267,90,0,226,,1,27.02005,25.36221,21.40631
1785813078,26.8986,79.9527,90,0,226,,1,27.05412,25.36221,21.47404
1785813079,26.81315,80.01221,90,0,226,,1,27.02005,25.32835,21.44018
1785813079,26.77043,79.92676,90,0,226,,1,26.98638,25.36221,21.37264
1785813080,26.85588,79.97101,90,0,226,,1,26.98638,25.36221,21.37264
1785813081,26.81315,80,90,0,226,,1,26.98638,25.32835,21.37264
1785813081,26.85588,80.02289,90,0,226,,1,26.98638,25.36221,21.40631
1785813082,26.7998,79.95728,90,0,226,,1,26.98638,25.36221,21.37264
1785813083,26.74372,79.97253,90,0,226,,1,26.91865,25.36221,21.44018
1785813083,26.75708,79.94507,90,0,226,,1,26.95252,25.26061,21.44018
1785813084,26.86923,80.03662,90,0,226,,1,26.95252,25.36221,21.40631
1785813085,26.73037,79.9176,90,0,226,,1,27.02005,25.22675,21.44018
1785813085,26.82918,79.96338,90,0,226,,1,27.02005,25.32835,21.44018
1785813086,26.77043,80.07324,90,0,226,,1,27.02005,25.36221,21.44018
1785813087,26.86923,80.05798,90,0,226,,1,26.98638,25.29448,21.40631
1785813087,26.77043,79.96796,90,0,226,,1,27.02005,25.29448,21.40631
1785813088,26.82918,79.8703,90,0,226,,1,27.02005,25.39588,21.44018
1785813089,26.84253,80.05035,90,0,226,,1,27.05412,25.36221,21.37264
1785813090,26.7998,79.98627,90,0,226,,1,26.95252,25.39588,21.37264
1785813090,26.84253,80.03052,90,0,226,,1,26.95252,25.32835,21.40631
1785813091,26.7998,79.88403,90,0,226,,1,26.98638,25.39588,21.44018
1785813092,26.81315,80.04425,90,0,226,,1,26.95252,25.42974,21.44018
1785813092,26.81315,79.98016,90,0,227,,1,26.98638,25.32835,21.40631
1785813093,26.78645,80.03662,90,0,226,,1,27.02005,25.36221,21.50771
1785813094,26.81315,79.93896,90,0,226,,1,27.02005,25.36221,21.33878
1785813094,26.7998,80.05035,90,0,226,,1,27.05412,25.36221,21.40631
1785813095,26.88525,79.95728,90,0,226,,1,26.95252,25.32835,21.44018
1785813096,26.85588,79.97101,90,0,226,,1,26.98638,25.36221,21.44018
1785813096,26.7998,79.97711,90,0,226,,1,27.02005,25.29448,21.44018
1785813097,26.77043,79.9176,90,0,226,,1,27.02005,25.39588,21.40631
1785813098,26.7998,79.92676,90,0,226,,1,26.95252,25.36221,21.40631
1785813098,26.86923,79.98474,90,0,226,,1,26.98638,25.36221,21.37264
1785813099,26.94133,79.97101,90,0,226,,1,26.95252,25.36221,21.47404
1785813100,26.73037,79.9176,90,0,226,,1,26.98638,25.39588,21.37264
1785813100,26.82918,79.98474,90,0,226,,1,27.02005,25.29448,21.37264
1785813101,26.81315,80.01221,90,0,226,,1,26.98638,25.36221,21.37264
1785813102,26.7998,80.00916,90,0,226,,1,27.02005,25.36221,21.40631
1785813102,26.82918,79.92218,90,0,227,,1,27.02005,25.29448,21.37264
1785813103,26.77043,79.71008,90,0,226,,1,26.98638,25.29448,21.47404
1785813104,26.82918,79.90234,90,0,226,,1,26.98638,25.36221,21.44018
1785813104,26.85588,79.94049,90,0,226,,1,26.98638,25.36221,21.40631
1785813105,26.701,80.06409,90,0,226,,1,26.98638,25.36221,21.40631
1785813106,26.75708,79.81079,90,0,226,,1,26.98638,25.29448,21.33878
1785813106,26.77043,79.8764,90,0,226,,1,27.05412,25.32835,21.44018
1785813107,26.85588,79.88861,90,0,226,,1,26.98638,25.42974,21.40631
1785813108,26.7998,80.01831,90,0,226,,1,26.98638,25.32835,21.37264
1785813109,26.701,79.78485,90,0,226,,1,26.91865,25.39588,21.47404
1785813109,26.77043,79.85657,90,0,226,,1,26.98638,25.32835,21.37264
1785813110,26.7998,79.99847,90,0,226,,1,27.02005,25.36221,21.40631
1785813111,26.7998,79.91608,90,0,226,,1,27.02005,25.42974,21.40631
1785813111,26.78645,79.97253,90,0,226,,1,26.98638,25.36221,21.47404
1785813112,26.81315,80.06409,90,0,226,,1,26.98638,25.39588,21.37264
1785813113,26.82918,79.97253,90,0,227,,1,26.98638,25.36221,21.33878
1785813113,26.82918,79.90234,90,0,226,,1,27.02005,25.36221,21.44018
1785813114,26.8986,80.0351,90,0,226,,1,26.98638,25.36221,21.40631
1785813115,26.73037,79.98016,90,0,226,,1,26.95252,25.36221,21.47404
1785813115,26.6743,79.84283,90,0,226,,1,26.95252,25.42974,21.37264
1785813116,26.77043,80.05341,90,0,226,,1,27.02005,25.29448,21.37264
1785813117,26.77043,80.01221,90,0,226,,1,26.98638,25.32835,21.44018
1785813117,26.7998,79.81079,90,0,226,,1,27.02005,25.32835,21.37264
1785813118,26.84253,80.03052,90,0,226,,1,27.02005,25.32835,21.33878
1785813119,26.82918,79.96338,90,0,226,,1,26.95252,25.36221,21.44018
1785813119,26.82918,79.96338,90,0,226,,1,26.95252,25.39588,21.33878
1785813120,26.86923,79.98474,90,0,226,,1,27.02005,25.32835,21.33878
1785813121,26.81315,79.86725,90,0,226,,1,27.02005,25.36221,21.44018
1785813121,26.78645,80.01678,90,0,226,,1,27.02005,25.32835,21.33878
1785813122,26.85588,79.86725,90,0,226,,1,27.02005,25.32835,21.47404
1785813123,26.75708,79.88403,90,0,226,,1,27.02005,25.29448,21.47404
1785813123,26.82918,79.97253,90,0,226,,1,27.02005,25.36221,21.40631
1785813124,26.81315,79.88861,90,0,226,,1,26.98638,25.39588,21.40631
1785813125,26.85588,79.94049,90,0,226,,1,26.98638,25.36221,21.37264
1785813125,26.82918,79.92218,90,0,226,,1,26.95252,25.36221,21.44018
1785813126,26.77043,79.86572,90,0,226,,1,26.98638,25.36221,21.40631
1785813127,26.82918,79.93439,90,0,226,,1,27.02005,25.32835,21.40631
1785813128,26.7998,79.97711,90,0,226,,1,26.95252,25.32835,21.44018
1785813128,26.82918,79.88098,90,0,226,,1,27.02005,25.29448,21.47404
1785813129,26.7998,79.94507,90,0,226,,1,27.02005,25.32835,21.40631
1785813130,26.78645,79.92218,90,0,226,,1,27.02005,25.36221,21.47404
1785813130,26.75708,79.94507,90,0,226,,1,27.02005,25.32835,21.40631
1785813131,26.77043,79.96796,90,0,226,,1,26.98638,25.42974,21.40631
1785813132,26.75708,79.79858,90,0,226,,1,27.02005,25.32835,21.37264
1785813132,26.84253,80.00916,90,0,227,,1,26.98638,25.36221,21.30491
1785813133,26.78645,79.93134,90,0,226,,1,27.02005,25.36221,21.44018
1785813134,26.85588,79.94965,90,0,226,,1,26.95252,25.39588,21.37264
1785813134,26.74372,79.88098,90,0,226,,1,27.02005,25.36221,21.47404
1785813135,26.84253,79.87488,90,0,226,,1,26.95252,25.39588,21.44018
1785813136,26.7998,79.89471,90,0,226,,1,26.98638,25.32835,21.44018
1785813136,26.82918,79.90234,90,0,226,,1,26.98638,25.39588,21.47404
1785813137,26.84253,79.76044,90,0,226,,1,27.02005,25.32835,21.40631
1785813138,26.77043,79.84436,90,0,226,,1,26.98638,25.36221,21.40631
1785813138,26.75708,79.83063,90,0,226,,1,26.95252,25.39588,21.44018
1785813139,26.86923,79.99542,90,0,226,,1,26.95252,25.36221,21.40631
1785813140,26.81315,79.92065,90,0,226,,1,26.98638,25.36221,21.44018
1785813140,26.85588,80.06409,90,0,226,,1,27.02005,25.29448,21.47404
1785813141,26.78645,79.94354,90,0,226,,1,26.98638,25.29448,21.44018
1785813142,26.78645,79.84894,90,0,226,,1,26.98638,25.26061,21.44018
1785813142,26.84253,79.90692,90,0,227,,1,27.02005,25.36221,21.40631
1785813143,26.74372,79.90234,90,0,226,,1,27.05412,25.39588,21.33878
1785813144,26.78645,79.89014,90,0,226,,1,27.02005,25.42974,21.33878
1785813144,26.81315,79.94965,90,0,226,,1,27.02005,25.36221,21.47404
1785813145,26.7998,79.98627,90,0,226,,1,26.98638,25.36221,21.44018
1785813146,26.82918,79.97253,90,0,226,,1,26.98638,25.36221,21.40631
1785813147,26.7998,80.05951,90,0,226,,1,27.02005,25.36221,21.37264
1785813147,26.81315,79.92981,90,0,226,,1,27.02005,25.36221,21.40631
1785813148,26.78645,79.96338,90,0,226,,1,27.02005,25.29448,21.37264
1785813149,26.7998,79.95728,90,0,226,,1,27.02005,25.39588,21.40631
1785813149,26.7998,79.88403,90,0,226,,1,26.98638,25.36221,21.47404
1785813150,26.85588,79.92065,90,0,226,,1,26.98638,25.36221,21.47404
1785813151,26.78645,79.88098,90,0,226,,1,26.98638,25.36221,21.37264
1785813151,26.7998,79.95728,90,0,226,,1,26.98638,25.36221,21.37264
1785813152,26.88525,79.87488,90,0,226,,1,27.02005,25.36221,21.40631
1785813153,26.77043,79.86572,90,0,227,,1,27.05412,25.29448,21.40631
1785813153,26.85588,79.90845,90,0,226,,1,26.98638,25.32835,21.33878
1785813154,26.78645,79.94354,90,0,226,,1,26.98638,25.39588,21.40631
1785813155,26.82918,79.92218,90,0,226,,1,27.05412,25.36221,21.37264
1785813155,26.74372,79.8291,90,0,226,,1,26.98638,25.42974,21.40631
1785813156,26.81315,79.85657,90,0,226,,1,27.02005,25.36221,21.40631
1785813157,26.86923,79.96338,90,0,226,,1,27.05412,25.36221,21.37264
1785813157,26.84253,79.92676,90,0,226,,1,27.02005,25.36221,21.44018
1785813158,26.7998,79.89471,90,0,226,,1,27.02005,25.42974,21.44018
1785813159,26.77043,80.01221,90,0,226,,1,26.95252,25.29448,21.33878
1785813159,26.78645,79.86115,90,0,226,,1,27.02005,25.36221,21.44018
1785813160,26.8986,79.98169,90,0,226,,1,27.02005,25.42974,21.40631
1785813161,26.74372,79.88098,90,0,226,,1,26.98638,25.39588,21.40631
1785813161,26.81315,79.89777,90,0,226,,1,27.02005,25.36221,21.37264
1785813162,26.7998,79.87488,90,0,226,,1,26.95252,25.36221,21.44018
1785813163,26.81315,79.9588,90,0,226,,1,27.02005,25.39588,21.47404
1785813164,26.81315,79.94965,90,0,226,,1,26.98638,25.36221,21.37264
1785813164,26.74372,79.96185,90,0,226,,1,26.98638,25.36221,21.47404
1785813165,26.78645,79.92218,90,0,226,,1,26.95252,25.49748,21.40631
1785813166,26.88525,79.97711,90,0,226,,1,27.02005,25.36221,21.40631
1785813166,26.77043,79.83521,90,0,226,,1,26.95252,25.36221,21.40631
1785813167,26.75708,79.84283,90,0,226,,1,27.05412,25.36221,21.37264
1785813168,26.81315,79.8764,90,0,226,,1,26.98638,25.36221,21.47404
1785813168,26.81315,79.93896,90,0,226,,1,26.98638,25.32835,21.44018
1785813169,26.82918,79.91302,90,0,226,,1,26.91865,25.36221,21.44018
1785813170,26.73037,79.99084,90,0,226,,1,26.98638,25.39588,21.44018
1785813170,26.74372,79.98474,90,0,226,,1,27.02005,25.39588,21.40631
1785813171,26.82918,80.02594,90,0,226,,1,27.02005,25.36221,21.40631
1785813172,26.82918,79.93439,90,0,226,,1,26.98638,25.36221,21.44018
1785813172,26.85588,79.92981,90,0,227,,1,27.02005,25.32835,21.40631
1785813173,26.7998,79.90387,90,0,226,,1,27.02005,25.42974,21.33878
1785813174,26.88525,80.11292,90,0,226,,1,27.05412,25.36221,21.33878
1785813174,26.75708,79.92523,90,0,226,,1,27.02005,25.32835,21.50771
1785813175,26.95468,79.98474,90,0,226,,1,26.98638,25.29448,21.44018
1785813176,26.75708,79.90387,90,0,226,,1,26.98638,25.42974,21.33878
1785813176,26.86923,79.8703,90,0,226,,1,26.98638,25.42974,21.37264
1785813177,26.91195,79.90234,90,0,226,,1,26.98638,25.39588,21.50771
1785813178,26.81315,79.9588,90,0,226,,1,26.98638,25.32835,21.44018
1785813178,26.81315,79.85657,90,0,226,,1,27.02005,25.36221,21.44018
1785813179,26.85588,80.03204,90,0,226,,1,26.98638,25.32835,21.37264
1785813180,26.85588,79.89929,90,0,226,,1,27.02005,25.29448,21.40631
1785813180,26.75708,79.86267,90,0,226,,1,27.02005,25.39588,21.40631
1785813181,26.85588,79.98016,90,0,226,,1,27.02005,25.36221,21.37264
1785813182,26.82918,79.94354,90,0,226,,1,27.02005,25.36221,21.44018
1785813183,26.75708,79.91608,90,0,226,,1,26.98638,25.29448,21.44018
1785813183,26.82918,80.05798,90,0,226,,1,27.02005,25.42974,21.40631
1785813184,26.74372,80.04578,90,0,226,,1,26.98638,25.36221,21.47404
1785813185,26.77043,80.02136,90,0,226,,1,27.02005,25.29448,21.44018
1785813185,26.86923,80.09003,90,0,226,,1,27.02005,25.36221,21.44018
1785813186,26.85588,80.09613,90,0,226,,1,26.98638,25.36221,21.44018
1785813187,26.7998,80.16327,90,0,226,,1,26.98638,25.42974,21.44018
1785813187,26.88525,79.98932,90,0,226,,1,27.05412,25.36221,21.44018
1785813188,26.81315,79.88861,90,0,226,,1,27.02005,25.36221,21.44018
1785813189,26.74372,79.85809,90,0,226,,1,26.95252,25.32835,21.40631
1785813189,26.84253,80.09155,90,0,226,,1,27.02005,25.36221,21.40631
1785813190,26.8986,79.99084,90,0,226,,1,26.98638,25.29448,21.33878
1785813191,26.7998,80.05035,90,0,226,,1,26.98638,25.29448,21.40631
1785813191,26.88525,80.0946,90,0,226,,1,27.02005,25.29448,21.40631
1785813192,26.84253,80.07172,90,0,226,,1,26.98638,25.39588,21.40631
1785813193,26.84253,79.92676,90,0,227,,1,27.05412,25.32835,21.40631
1785813193,26.77043,79.92676,90,0,226,,1,26.98638,25.32835,21.40631
1785813194,26.81315,79.98016,90,0,226,,1,27.02005,25.32835,21.33878
1785813195,26.8986,79.94049,90,0,226,,1,26.98638,25.32835,21.40631
1785813195,26.7998,79.92676,90,0,226,,1,26.98638,25.39588,21.47404
1785813196,26.7998,80.03052,90,0,226,,1,26.98638,25.36221,21.44018
1785813197,26.7998,79.96643,90,0,226,,1,27.02005,25.36221,21.40631
1785813197,26.81315,80.02289,90,0,226,,1,26.98638,25.32835,21.40631
1785813198,26.74372,80.01373,90,0,226,,1,26.98638,25.29448,21.50771
1785813199,26.86923,79.92218,90,0,226,,1,27.02005,25.36221,21.37264
1785813199,26.86923,80.07782,90,0,226,,1,27.02005,25.36221,21.40631
1785813200,26.84253,79.98932,90,0,226,,1,27.02005,25.36221,21.40631
1785813201,26.82918,80.04883,90,0,226,,1,26.98638,25.32835,21.47404
1785813201,26.7998,80.01831,90,0,226,,1,26.98638,25.32835,21.40631
1785813202,26.85588,79.94965,90,0,226,,1,26.95252,25.29448,21.40631
1785813203,26.84253,79.98932,90,0,226,,1,26.98638,25.39588,21.37264
1785813204,26.84253,79.96643,90,0,226,,1,26.95252,25.29448,21.40631
1785813204,26.77043,79.9176,90,0,226,,1,26.98638,25.29448,21.37264
1785813205,26.85588,80.03204,90,0,226,,1,26.98638,25.29448,21.40631
1785813206,26.82918,80.06866,90,0,226,,1,27.02005,25.42974,21.44018
1785813206,26.82918,80.00458,90,0,226,,1,26.95252,25.39588,21.40631
1785813207,26.81315,79.90845,90,0,226,,1,27.02005,25.26061,21.40631
1785813208,26.85588,80.03204,90,0,226,,1,27.02005,25.29448,21.40631
1785813208,26.7998,80.03967,90,0,226,,1,26.95252,25.32835,21.33878
1785813209,26.75708,79.97711,90,0,226,,1,26.98638,25.39588,21.37264
1785813210,26.78645,79.94354,90,0,226,,1,27.05412,25.39588,21.44018
1785813210,26.81315,80.12665,90,0,226,,1,26.95252,25.36221,21.37264
1785813211,26.77043,79.8764,90,0,226,,1,27.02005,25.42974,21.37264
1785813212,26.81315,79.92981,90,0,226,,1,26.98638,25.39588,21.44018
1785813212,26.81315,79.98016,90,0,227,,1,26.95252,25.29448,21.50771
1785813213,26.78645,79.97253,90,0,226,,1,27.02005,25.29448,21.40631
1785813214,26.8986,79.96185,90,0,226,,1,26.95252,25.39588,21.40631
1785813214,26.81315,79.92981,90,0,226,,1,26.98638,25.36221,21.44018
1785813215,26.8986,80.06409,90,0,226,,1,26.98638,25.32835,21.33878
1785813216,26.77043,79.9588,90,0,226,,1,26.98638,25.39588,21.37264
1785813216,26.84253,79.95728,90,0,226,,1,26.95252,25.32835,21.44018
1785813217,26.81315,79.97101,90,0,226,,1,27.02005,25.36221,21.33878
1785813218,26.8986,79.93134,90,0,226,,1,26.91865,25.32835,21.44018
1785813218,26.84253,79.92676,90,0,226,,1,26.98638,25.42974,21.50771
1785813219,26.92798,80.00916,90,0,226,,1,27.02005,25.36221,21.47404
1785813220,26.85588,79.97101,90,0,226,,1,26.98638,25.36221,21.44018
1785813220,26.81315,79.88861,90,0,226,,1,26.98638,25.36221,21.37264
1785813221,26.81315,79.88861,90,0,226,,1,26.98638,25.36221,21.44018
1785813222,26.85588,79.89929,90,0,226,,1,27.02005,25.32835,21.37264
1785813223,26.77043,79.89777,90,0,227,,1,26.95252,25.29448,21.40631
1785813223,26.7998,79.93439,90,0,226,,1,27.02005,25.32835,21.44018
1785813224,26.84253,79.88403,90,0,226,,1,27.02005,25.29448,21.40631
1785813225,26.88525,79.96796,90,0,226,,1,26.98638,25.36221,21.33878
1785813225,26.84253,80.09155,90,0,226,,1,26.95252,25.39588,21.40631
1785813226,26.73037,79.9588,90,0,226,,1,27.02005,25.36221,21.44018
1785813227,26.86923,79.94354,90,0,226,,1,27.02005,25.39588,21.40631
1785813227,26.82918,79.90234,90,0,226,,1,26.98638,25.29448,21.47404
1785813228,26.86923,79.98474,90,0,226,,1,26.98638,25.29448,21.37264
1785813229,26.85588,79.8764,90,0,226,,1,26.98638,25.36221,21.37264
1785813229,26.86923,79.79706,90,0,226,,1,26.95252,25.29448,21.37264
1785813230,26.8986,79.88861,90,0,226,,1,26.98638,25.39588,21.40631
1785813231,26.86923,79.92218,90,0,226,,1,27.02005,25.36221,21.44018
1785813231,26.7998,79.82147,90,0,226,,1,27.02005,25.32835,21.37264
1785813232,26.84253,79.85352,90,0,226,,1,27.02005,25.39588,21.40631
1785813233,26.88525,79.79248,90,0,226,,1,27.02005,25.42974,21.47404
1785813233,26.85588,80.06409,90,0,226,,1,26.98638,25.39588,21.37264
1785813234,26.82918,79.94354,90,0,226,,1,27.02005,25.32835,21.33878
1785813235,26.86923,79.90234,90,0,226,,1,27.02005,25.39588,21.37264
1785813235,26.82918,79.9527,90,0,226,,1,27.02005,25.36221,21.44018
1785813236,26.7998,79.83063,90,0,226,,1,26.98638,25.36221,21.44018
1785813237,26.81315,79.8764,90,0,226,,1,26.98638,25.39588,21.44018
1785813237,26.85588,79.92981,90,0,226,,1,26.98638,25.42974,21.40631
1785813238,26.86923,79.89014,90,0,226,,1,26.98638,25.36221,21.40631
1785813239,26.8986,79.9527,90,0,226,,1,26.98638,25.36221,21.44018
1785813239,26.81315,79.8764,90,0,226,,1,27.02005,25.36221,21.40631
1785813240,26.85588,79.88861,90,0,226,,1,26.95252,25.36221,21.44018
1785813241,26.78645,79.75739,90,0,226,,1,26.98638,25.39588,21.40631
1785813242,26.81315,79.90845,90,0,226,,1,27.05412,25.29448,21.44018
1785813242,26.85588,79.92981,90,0,227,,1,27.02005,25.32835,21.47404
1785813243,26.85588,79.88861,90,0,226,,1,27.05412,25.32835,21.44018
1785813244,26.81315,79.80316,90,0,226,,1,26.98638,25.36221,21.50771
1785813244,26.86923,79.91302,90,0,226,,1,27.02005,25.32835,21.47404
1785813245,26.74372,79.88098,90,0,226,,1,27.02005,25.29448,21.40631
1785813246,26.85588,79.84741,90,0,226,,1,27.05412,25.32835,21.40631
1785813246,26.84253,79.88403,90,0,226,,1,26.95252,25.26061,21.40631
1785813247,26.74372,79.94049,90,0,226,,1,27.02005,25.36221,21.47404
1785813248,26.7998,79.93439,90,0,226,,1,27.02005,25.26061,21.44018
1785813248,26.7998,79.86267,90,0,226,,1,26.95252,25.36221,21.40631
1785813249,26.77043,79.81232,90,0,226,,1,27.02005,25.29448,21.37264
1785813250,26.75708,79.78943,90,0,226,,1,26.98638,25.29448,21.40631
1785813250,26.85588,79.86725,90,0,226,,1,26.98638,25.29448,21.44018
1785813251,26.7998,79.80164,90,0,226,,1,26.95252,25.32835,21.37264
1785813252,26.82918,79.86115,90,0,226,,1,27.02005,25.32835,21.40631
1785813252,26.78645,79.89014,90,0,227,,1,26.98638,25.36221,21.44018
1785813253,26.88525,79.79248,90,0,226,,1,26.98638,25.39588,21.44018
1785813254,26.85588,79.90845,90,0,226,,1,27.02005,25.39588,21.40631
1785813254,26.73037,79.92676,90,0,226,,1,26.98638,25.36221,21.44018
1785813255,26.88525,79.93896,90,0,226,,1,26.98638,25.26061,21.37264
1785813256,26.6556,79.77417,90,0,226,,1,27.02005,25.32835,21.44018
1785813256,26.86923,79.91302,90,0,226,,1,27.02005,25.42974,21.37264
1785813257,26.85588,79.89929,90,0,226,,1,27.02005,25.32835,21.44018
1785813258,26.75708,79.81079,90,0,226,,1,26.95252,25.36221,21.37264
1785813258,26.81315,79.90845,90,0,226,,1,26.98638,25.32835,21.44018
1785813259,26.7998,79.78943,90,0,226,,1,27.02005,25.36221,21.44018
1785813260,26.73037,79.88861,90,0,226,,1,26.98638,25.32835,21.44018
1785813261,26.77043,79.86572,90,0,226,,1,27.02005,25.39588,21.40631
1785813261,26.82918,79.84894,90,0,226,,1,27.02005,25.39588,21.40631
1785813262,26.81315,79.8764,90,0,226,,1,26.98638,25.32835,21.47404
1785813263,26.86923,79.93439,90,0,226,,1,27.02005,25.32835,21.40631
1785813263,26.74372,79.8291,90,0,226,,1,27.02005,25.29448,21.37264
1785813264,26.78645,79.83826,90,0,226,,1,27.02005,25.39588,21.47404
1785813265,26.78645,79.8703,90,0,226,,1,26.95252,25.32835,21.37264
1785813265,26.77043,79.83521,90,0,226,,1,26.98638,25.32835,21.44018
1785813266,26.7998,79.93439,90,0,226,,1,26.98638,25.36221,21.37264
1785813267,26.78645,79.8703,90,0,226,,1,26.98638,25.32835,21.37264
1785813267,26.84253,79.78027,90,0,226,,1,26.98638,25.36221,21.40631
1785813268,26.85588,79.97101,90,0,226,,1,26.98638,25.36221,21.37264
1785813269,26.88525,79.89471,90,0,226,,1,26.98638,25.42974,21.40631
1785813269,26.75708,79.88403,90,0,226,,1,26.95252,25.29448,21.44018
1785813270,26.84253,79.93591,90,0,226,,1,26.95252,25.32835,21.37264
1785813271,26.86923,79.9527,90,0,226,,1,26.98638,25.32835,21.44018
1785813271,26.78645,79.81689,90,0,226,,1,26.98638,25.39588,21.40631
1785813272,26.71435,79.77875,90,0,226,,1,26.98638,25.39588,21.44018
1785813273,26.7998,79.94507,90,0,226,,1,27.02005,25.36221,21.44018
1785813273,26.7998,79.83063,90,0,226,,1,27.02005,25.39588,21.37264
1785813274,26.85588,79.94965,90,0,226,,1,26.98638,25.32835,21.47404
1785813275,26.78645,79.96338,90,0,226,,1,26.98638,25.36221,21.40631
1785813275,26.84253,80.00916,90,0,226,,1,26.98638,25.36221,21.44018
1785813276,26.7998,79.87488,90,0,226,,1,26.98638,25.36221,21.37264
1785813277,26.86923,80.01678,90,0,226,,1,26.98638,25.36221,21.37264
1785813277,26.82918,79.94354,90,0,226,,1,27.02005,25.29448,21.40631
1785813278,26.7998,79.99847,90,0,226,,1,26.98638,25.39588,21.40631
1785813279,26.82918,79.96338,90,0,226,,1,27.02005,25.36221,21.40631
1785813280,26.77043,79.92676,90,0,226,,1,26.98638,25.36221,21.33878
1785813280,26.85588,80.00305,90,0,226,,1,26.98638,25.32835,21.37264
1785813281,26.77043,79.9176,90,0,226,,1,27.02005,25.42974,21.40631
1785813282,26.78645,79.97253,90,0,226,,1,26.95252,25.36221,21.40631
1785813282,26.74372,79.9115,90,0,227,,1,26.98638,25.39588,21.30491
1785813283,26.91195,79.92218,90,0,226,,1,26.98638,25.32835,21.47404
1785813284,26.81315,79.98016,90,0,226,,1,27.02005,25.36221,21.47404
1785813284,26.84253,80.05035,90,0,226,,1,26.95252,25.36221,21.44018
1785813285,26.81315,80.12665,90,0,226,,1,26.98638,25.32835,21.47404
1785813286,26.81315,79.9588,90,0,226,,1,26.98638,25.36221,21.37264
1785813286,26.77043,80,90,0,226,,1,26.98638,25.36221,21.44018
1785813287,26.7998,80.05035,90,0,226,,1,27.02005,25.36221,21.40631
1785813288,26.77043,79.8764,90,0,226,,1,26.98638,25.39588,21.47404
1785813288,26.86923,80.09918,90,0,226,,1,26.98638,25.29448,21.37264
1785813289,26.74372,79.90234,90,0,226,,1,27.05412,25.29448,21.37264
1785813290,26.82918,79.89319,90,0,226,,1,27.02005,25.32835,21.37264
1785813290,26.82918,80.09003,90,0,226,,1,26.98638,25.32835,21.47404
1785813291,26.81315,79.86725,90,0,226,,1,26.95252,25.39588,21.40631
1785813292,26.88525,79.89471,90,0,226,,1,26.98638,25.32835,21.40631
1785813292,26.84253,80.06256,90,0,226,,1,27.02005,25.39588,21.37264
1785813293,26.75708,79.94507,90,0,226,,1,26.95252,25.36221,21.40631
1785813294,26.78645,79.97253,90,0,226,,1,26.98638,25.36221,21.44018
1785813294,26.84253,80.03052,90,0,226,,1,26.98638,25.36221,21.40631
1785813295,26.82918,79.96338,90,0,226,,1,26.98638,25.32835,21.37264
1785813296,26.78645,79.96338,90,0,226,,1,26.95252,25.32835,21.40631
1785813296,26.82918,80.04883,90,0,226,,1,26.95252,25.32835,21.37264
1785813297,26.84253,79.90692,90,0,226,,1,26.98638,25.36221,21.37264
1785813298,26.82918,79.96338,90,0,226,,1,27.05412,25.39588,21.37264
1785813299,26.77043,79.9588,90,0,226,,1,26.98638,25.39588,21.40631
1785813299,26.82918,80.00458,90,0,226,,1,27.02005,25.29448,21.44018
1785813300,26.85588,80.05493,90,0,226,,1,26.98638,25.39588,21.44018
1785813301,26.78645,79.97253,90,0,226,,1,26.98638,25.36221,21.47404
1785813301,26.86923,79.94354,90,0,226,,1,26.95252,25.29448,21.47404
1785813302,26.78645,79.97253,90,0,226,,1,27.02005,25.39588,21.40631
1785813303,26.81315,79.86725,90,0,226,,1,26.95252,25.36221,21.44018
1785813303,26.84253,79.99847,90,0,226,,1,26.95252,25.36221,21.54157
1785813304,26.77043,79.96796,90,0,226,,1,26.95252,25.32835,21.40631
1785813305,26.82918,79.88098,90,0,226,,1,26.95252,25.32835,21.50771
1785813305,26.85588,79.85657,90,0,226,,1,26.98638,25.42974,21.44018
1785813306,26.78645,80.06714,90,0,226,,1,26.98638,25.32835,21.47404
1785813307,26.84253,79.98932,90,0,226,,1,26.98638,25.32835,21.37264
1785813307,26.71435,79.92218,90,0,226,,1,26.91865,25.36221,21.44018
1785813308,26.78645,79.92218,90,0,226,,1,26.95252,25.32835,21.44018
1785813309,26.81315,79.9588,90,0,226,,1,27.02005,25.39588,21.40631
1785813309,26.85588,79.84741,90,0,226,,1,27.05412,25.32835,21.44018
1785813310,26.84253,79.87488,90,0,226,,1,26.98638,25.32835,21.47404
1785813311,26.78645,80.05798,90,0,226,,1,27.02005,25.32835,21.40631
1785813311,26.91195,79.94507,90,0,226,,1,26.98638,25.36221,21.33878
1785813312,26.77043,79.93896,90,0,226,,1,27.05412,25.36221,21.40631
1785813313,26.81315,79.85657,90,0,226,,1,27.02005,25.29448,21.40631
1785813313,26.84253,79.88403,90,0,226,,1,26.98638,25.36221,21.50771
1785813314,26.91195,79.95422,90,0,226,,1,27.02005,25.36221,21.40631
1785813315,26.85588,80.01221,90,0,226,,1,27.02005,25.36221,21.37264
1785813315,26.7998,79.97711,90,0,226,,1,26.98638,25.36221,21.44018
1785813316,26.7998,80.01831,90,0,226,,1,26.95252,25.39588,21.40631
1785813317,26.84253,79.94507,90,0,226,,1,27.02005,25.32835,21.40631
1785813318,26.78645,79.91302,90,0,226,,1,26.98638,25.39588,21.33878
1785813318,26.701,79.9527,90,0,226,,1,26.98638,25.36221,21.44018
1785813319,26.82918,79.90234,90,0,226,,1,26.98638,25.36221,21.44018
1785813320,26.71435,80.01831,90,0,226,,1,26.98638,25.39588,21.37264
1785813320,26.84253,80.01831,90,0,226,,1,26.95252,25.39588,21.37264
1785813321,26.78645,79.89014,90,0,226,,1,27.02005,25.39588,21.40631
1785813322,26.78645,79.80774,90,0,226,,1,27.02005,25.36221,21.40631
1785813322,26.81315,79.92065,90,0,227,,1,27.05412,25.39588,21.54157
1785813323,26.85588,79.99084,90,0,226,,1,26.95252,25.36221,21.37264
1785813324,26.74372,79.88098,90,0,226,,1,26.98638,25.36221,21.40631
1785813324,26.88525,79.90692,90,0,226,,1,26.98638,25.32835,21.37264
1785813325,26.81315,79.9588,90,0,226,,1,27.02005,25.29448,21.40631
1785813326,26.71435,79.93439,90,0,226,,1,27.02005,25.29448,21.40631
1785813326,26.82918,79.89319,90,0,226,,1,26.98638,25.39588,21.44018
1785813327,26.74372,80.00458,90,0,226,,1,27.02005,25.36221,21.44018
1785813328,26.82918,79.90234,90,0,226,,1,27.05412,25.36221,21.40631
1785813328,26.8986,79.84741,90,0,226,,1,26.98638,25.29448,21.40631
1785813329,26.7998,79.81079,90,0,226,,1,27.02005,25.32835,21.47404
1785813330,26.88525,79.94812,90,0,226,,1,26.98638,25.36221,21.40631
1785813330,26.81315,79.99084,90,0,226,,1,27.02005,25.39588,21.47404
1785813331,26.82918,79.94354,90,0,226,,1,26.98638,25.32835,21.44018
1785813332,26.88525,79.94812,90,0,226,,1,26.98638,25.42974,21.37264
1785813332,26.82918,79.91302,90,0,226,,1,26.95252,25.42974,21.47404
1785813333,26.81315,79.93896,90,0,226,,1,26.98638,25.46361,21.44018
1785813334,26.8986,79.98169,90,0,226,,1,27.02005,25.36221,21.47404
1785813334,26.88525,79.88556,90,0,226,,1,27.02005,25.39588,21.44018
1785813335,26.82918,80.04883,90,0,226,,1,27.02005,25.36221,21.40631
1785813336,26.85588,79.9588,90,0,226,,1,27.05412,25.32835,21.40631
1785813337,26.85588,79.80316,90,0,226,,1,27.02005,25.36221,21.40631
1785813337,26.86923,79.8703,90,0,226,,1,27.02005,25.32835,21.40631
1785813338,26.88525,79.97711,90,0,226,,1,26.98638,25.32835,21.50771
1785813339,26.8986,80.01221,90,0,226,,1,27.02005,25.32835,21.47404
1785813339,26.84253,79.91608,90,0,226,,1,26.98638,25.32835,21.37264
1785813340,26.86923,79.93439,90,0,226,,1,26.98638,25.32835,21.47404
1785813341,26.7998,79.91608,90,0,226,,1,27.02005,25.39588,21.40631
1785813341,26.84253,79.97711,90,0,226,,1,27.02005,25.39588,21.40631
1785813342,26.86923,79.9527,90,0,226,,1,27.02005,25.36221,21.44018
1785813343,26.7998,79.91608,90,0,226,,1,26.98638,25.36221,21.37264
1785813343,26.82918,79.9527,90,0,226,,1,26.98638,25.39588,21.37264
1785813344,26.77043,79.9176,90,0,226,,1,27.02005,25.36221,21.37264
1785813345,26.82918,79.92218,90,0,226,,1,26.98638,25.39588,21.30491
1785813345,26.7998,79.88403,90,0,226,,1,26.98638,25.32835,21.37264
1785813346,26.84253,79.98932,90,0,226,,1,26.98638,25.32835,21.40631
1785813347,26.81315,79.8764,90,0,226,,1,26.98638,25.32835,21.40631
1785813347,26.81315,79.9588,90,0,226,,1,27.02005,25.39588,21.44018
1785813348,26.88525,79.88556,90,0,226,,1,26.98638,25.29448,21.40631
1785813349,26.78645,79.97253,90,0,226,,1,26.98638,25.39588,21.40631
1785813349,26.84253,79.89471,90,0,226,,1,27.02005,25.29448,21.37264
1785813350,26.81315,79.92065,90,0,226,,1,26.98638,25.36221,21.33878
1785813351,26.81315,79.94965,90,0,226,,1,27.02005,25.32835,21.44018
1785813351,26.86923,79.93439,90,0,226,,1,26.98638,25.36221,21.37264
1785813352,26.84253,79.93591,90,0,226,,1,27.02005,25.29448,21.44018
1785813353,26.82918,79.89319,90,0,226,,1,27.02005,25.36221,21.47404
1785813354,26.84253,79.87488,90,0,226,,1,27.02005,25.32835,21.40631
1785813354,26.84253,79.93591,90,0,226,,1,26.95252,25.42974,21.37264
1785813355,26.81315,79.92981,90,0,226,,1,27.05412,25.46361,21.40631
1785813356,26.82918,79.92218,90,0,226,,1,27.02005,25.39588,21.44018
1785813356,26.74372,79.94049,90,0,226,,1,27.05412,25.36221,21.37264
1785813357,26.81315,79.90845,90,0,226,,1,26.98638,25.32835,21.37264
1785813358,26.86923,79.8291,90,0,226,,1,26.98638,25.36221,21.47404
1785813358,26.84253,79.86267,90,0,226,,1,26.98638,25.32835,21.40631
1785813359,26.85588,79.94965,90,0,226,,1,26.95252,25.36221,21.44018
1785813360,26.86923,79.89014,90,0,226,,1,27.02005,25.36221,21.40631
1785813360,26.74372,79.7757,90,0,226,,1,27.02005,25.32835,21.44018
1785813361,26.78645,79.88098,90,0,226,,1,27.02005,25.39588,21.40631
1785813362,26.8986,79.9527,90,0,226,,1,27.02005,25.36221,21.37264
1785813362,26.7998,79.88403,90,0,227,,1,26.98638,25.39588,21.40631
1785813363,26.78645,79.84894,90,0,226,,1,27.02005,25.36221,21.44018
1785813364,26.7998,79.95728,90,0,226,,1,26.95252,25.32835,21.44018
1785813364,26.8986,79.96185,90,0,226,,1,26.98638,25.29448,21.50771
1785813365,26.7998,79.86267,90,0,226,,1,26.98638,25.39588,21.37264
1785813366,26.78645,79.94354,90,0,226,,1,26.98638,25.36221,21.37264
1785813366,26.82918,79.91302,90,0,226,,1,27.02005,25.36221,21.44018
1785813367,26.7998,80.03967,90,0,226,,1,27.05412,25.36221,21.37264
1785813368,26.81315,79.92065,90,0,226,,1,26.98638,25.36221,21.50771
1785813368,26.7998,79.94507,90,0,226,,1,26.98638,25.32835,21.37264
1785813369,26.94133,79.92065,90,0,226,,1,26.95252,25.32835,21.37264
1785813370,26.7998,79.90387,90,0,226,,1,26.98638,25.39588,21.37264
1785813370,26.78645,79.88098,90,0,226,,1,27.02005,25.26061,21.40631
1785813371,26.73037,79.9588,90,0,226,,1,26.95252,25.32835,21.44018
1785813372,26.82918,79.97253,90,0,226,,1,26.98638,25.36221,21.47404
1785813373,26.86923,79.96338,90,0,227,,1,27.05412,25.36221,21.47404
1785813373,26.85588,79.94049,90,0,226,,1,27.02005,25.39588,21.40631
1785813374,26.84253,79.96643,90,0,226,,1,27.02005,25.32835,21.40631
1785813375,26.77043,79.76196,90,0,226,,1,27.02005,25.32835,21.33878
1785813375,26.77043,79.94812,90,0,226,,1,27.02005,25.42974,21.37264
1785813376,26.7998,79.91608,90,0,226,,1,26.98638,25.36221,21.44018
1785813377,26.88525,79.93896,90,0,226,,1,26.98638,25.29448,21.37264
1785813377,26.82918,79.94354,90,0,226,,1,27.02005,25.32835,21.40631
1785813378,26.74372,79.92065,90,0,226,,1,26.98638,25.36221,21.44018
1785813379,26.81315,79.99084,90,0,226,,1,27.02005,25.36221,21.37264
1785813379,26.86923,79.94354,90,0,226,,1,27.02005,25.36221,21.44018
1785813380,26.82918,79.96338,90,0,226,,1,27.02005,25.32835,21.44018
1785813381,26.84253,80.01831,90,0,226,,1,26.98638,25.39588,21.40631
1785813381,26.77043,79.93896,90,0,226,,1,27.02005,25.36221,21.44018
1785813382,26.81315,79.92981,90,0,226,,1,27.02005,25.39588,21.33878
1785813383,26.85588,80.09613,90,0,226,,1,26.98638,25.39588,21.40631
1785813383,26.84253,79.98932,90,0,226,,1,26.98638,25.39588,21.40631
1785813384,26.82918,80.06866,90,0,226,,1,26.95252,25.32835,21.40631
1785813385,26.81315,80.07324,90,0,226,,1,26.98638,25.36221,21.50771
1785813385,26.82918,79.93439,90,0,226,,1,26.98638,25.32835,21.47404
1785813386,26.78645,79.92218,90,0,226,,1,27.02005,25.39588,21.37264
1785813387,26.88525,79.86572,90,0,226,,1,26.95252,25.39588,21.40631
1785813387,26.82918,79.89319,90,0,226,,1,27.02005,25.36221,21.37264
1785813388,26.88525,80.00916,90,0,226,,1,26.98638,25.42974,21.40631
1785813389,26.82918,80.00458,90,0,226,,1,26.98638,25.32835,21.44018
1785813389,26.7998,80.11292,90,0,226,,1,26.95252,25.36221,21.33878
1785813390,26.7998,80.05035,90,0,226,,1,27.05412,25.42974,21.44018
1785813391,26.77043,79.94812,90,0,226,,1,27.02005,25.42974,21.40631
1785813391,26.77043,80.02136,90,0,226,,1,26.98638,25.29448,21.44018
1785813392,26.82918,80.19226,90,0,226,,1,27.02005,25.32835,21.40631
1785813393,26.82918,80.09918,90,0,226,,1,26.98638,25.36221,21.37264
1785813394,26.81315,80.20905,90,0,226,,1,27.02005,25.32835,21.40631
1785813394,26.84253,80.20599,90,0,226,,1,26.98638,25.36221,21.37264
1785813395,26.75708,80.21515,90,0,226,,1,26.98638,25.36221,21.50771
1785813396,26.82918,80.29603,90,0,226,,1,27.05412,25.36221,21.50771
1785813396,26.88525,80.2884,90,0,226,,1,26.98638,25.36221,21.44018
1785813397,26.81315,80.29145,90,0,226,,1,26.98638,25.39588,21.40631
1785813398,26.85588,80.37537,90,0,226,,1,27.05412,25.39588,21.37264
1785813398,26.84253,80.36164,90,0,226,,1,26.98638,25.32835,21.40631
1785813399,26.85588,80.35554,90,0,226,,1,26.98638,25.32835,21.40631
1785813400,26.7998,80.25636,90,0,226,,1,27.05412,25.42974,21.40631
1785813400,26.82918,80.26398,90,0,226,,1,26.98638,25.42974,21.40631
1785813401,26.7998,80.36164,90,0,226,,1,27.02005,25.32835,21.47404
1785813402,26.85588,80.25178,90,0,226,,1,26.98638,25.39588,21.44018
1785813402,26.68765,80.177,90,0,227,,1,27.02005,25.39588,21.40631
1785813403,26.77043,80.1358,90,0,226,,1,26.95252,25.36221,21.40631
1785813404,26.91195,80.31586,90,0,226,,1,27.02005,25.39588,21.40631
1785813404,26.82918,80.18158,90,0,226,,1,26.98638,25.29448,21.40631
1785813405,26.7998,80.20599,90,0,226,,1,27.02005,25.26061,21.47404
1785813406,26.77043,80.1236,90,0,226,,1,26.98638,25.36221,21.54157
1785813406,26.84253,80.18616,90,0,226,,1,26.98638,25.32835,21.37264
1785813407,26.84253,80.15411,90,0,226,,1,26.98638,25.36221,21.47404
1785813408,26.77043,80.07324,90,0,226,,1,27.02005,25.36221,21.37264
1785813408,26.77043,80.1236,90,0,226,,1,26.98638,25.32835,21.40631
1785813409,26.82918,80.2243,90,0,226,,1,27.02005,25.29448,21.40631
1785813410,26.85588,80.18768,90,0,226,,1,26.95252,25.32835,21.33878
1785813410,26.84253,80.07172,90,0,226,,1,27.02005,25.36221,21.40631
1785813411,26.82918,80.02594,90,0,226,,1,27.02005,25.29448,21.33878
1785813412,26.7998,80.07172,90,0,226,,1,27.02005,25.39588,21.40631
1785813413,26.73037,80.177,90,0,227,,1,26.98638,25.36221,21.33878
1785813413,26.74372,80.08698,90,0,226,,1,27.05412,25.32835,21.40631
1785813414,26.7998,80.12207,90,0,226,,1,27.02005,25.36221,21.44018
1785813415,26.84253,80.05035,90,0,226,,1,26.98638,25.32835,21.47404
1785813415,26.77043,80.03204,90,0,226,,1,27.02005,25.32835,21.40631
1785813416,26.7998,80.11292,90,0,226,,1,26.98638,25.32835,21.40631
1785813417,26.74372,80.11749,90,0,226,,1,27.02005,25.39588,21.37264
1785813417,26.78645,80.08698,90,0,226,,1,26.95252,25.36221,21.44018
1785813418,26.74372,80.11749,90,0,226,,1,26.98638,25.36221,21.37264
1785813419,26.81315,80.18768,90,0,226,,1,27.02005,25.32835,21.44018
1785813419,26.7998,79.89471,90,0,226,,1,27.02005,25.32835,21.40631
1785813420,26.86923,80.00458,90,0,226,,1,26.98638,25.39588,21.33878
1785813421,26.8986,79.9527,90,0,226,,1,27.02005,25.36221,21.40631
1785813421,26.7998,80.00916,90,0,226,,1,26.95252,25.36221,21.44018
1785813422,26.85588,79.99084,90,0,226,,1,27.05412,25.39588,21.33878
1785813423,26.86923,79.97253,90,0,226,,1,26.91865,25.29448,21.40631
1785813423,26.88525,80.06256,90,0,226,,1,27.02005,25.36221,21.37264
1785813424,26.75708,80.10986,90,0,226,,1,26.98638,25.36221,21.47404
1785813425,26.8986,79.96185,90,0,226,,1,27.05412,25.36221,21.40631
1785813425,26.81315,80,90,0,226,,1,27.02005,25.32835,21.40631
1785813426,26.78645,79.92218,90,0,226,,1,26.98638,25.36221,21.40631
1785813427,26.78645,79.96338,90,0,226,,1,26.98638,25.36221,21.40631
1785813427,26.7998,79.93439,90,0,226,,1,27.02005,25.32835,21.40631
1785813428,26.81315,80.01221,90,0,226,,1,27.02005,25.36221,21.47404
1785813429,26.77043,80.03204,90,0,226,,1,27.02005,25.36221,21.40631
1785813429,26.85588,80.18768,90,0,226,,1,26.95252,25.32835,21.44018
1785813430,26.81315,80.05341,90,0,226,,1,26.98638,25.39588,21.40631
1785813431,26.91195,79.89319,90,0,226,,1,26.98638,25.36221,21.40631
1785813432,26.82918,79.93439,90,0,226,,1,27.02005,25.42974,21.47404
1785813432,26.74372,80.00458,90,0,227,,1,26.98638,25.36221,21.47404
1785813433,26.81315,79.88861,90,0,226,,1,27.05412,25.36221,21.47404
1785813434,26.85588,79.97101,90,0,226,,1,26.98638,25.39588,21.40631
1785813434,26.7998,79.98627,90,0,226,,1,26.98638,25.39588,21.44018
1785813435,26.75708,79.98627,90,0,226,,1,26.98638,25.36221,21.47404
1785813436,26.75708,80.09003,90,0,226,,1,26.98638,25.39588,21.44018
1785813436,26.78645,80.04578,90,0,226,,1,27.02005,25.36221,21.44018
1785813437,26.84253,79.94507,90,0,226,,1,26.95252,25.39588,21.50771
1785813438,26.85588,79.97101,90,0,226,,1,27.02005,25.36221,21.40631
1785813438,26.74372,79.84894,90,0,226,,1,26.98638,25.39588,21.47404
1785813439,26.78645,79.89014,90,0,226,,1,27.02005,25.36221,21.44018
1785813440,26.82918,79.88098,90,0,226,,1,27.02005,25.36221,21.37264
1785813440,26.84253,79.93591,90,0,226,,1,26.98638,25.32835,21.47404
1785813441,26.81315,79.89777,90,0,226,,1,26.98638,25.29448,21.40631
1785813442,26.74372,79.9115,90,0,226,,1,26.95252,25.32835,21.47404
1785813442,26.82918,79.80774,90,0,227,,1,26.98638,25.32835,21.44018
1785813443,26.86923,79.84894,90,0,226,,1,26.98638,25.36221,21.40631
1785813444,26.7998,80.03967,90,0,226,,1,27.02005,25.36221,21.33878
1785813444,26.71435,79.93439,90,0,226,,1,26.98638,25.39588,21.44018
1785813445,26.77043,79.89777,90,0,226,,1,26.95252,25.36221,21.40631
1785813446,26.82918,80.04883,90,0,226,,1,26.98638,25.32835,21.47404
1785813446,26.86923,79.88098,90,0,226,,1,27.02005,25.39588,21.44018
1785813447,26.86923,80.04578,90,0,226,,1,26.95252,25.39588,21.40631
1785813448,26.77043,79.88861,90,0,226,,1,26.95252,25.32835,21.44018
1785813448,26.94133,79.96338,90,0,226,,1,27.05412,25.32835,21.37264
1785813449,26.78645,79.90234,90,0,226,,1,27.02005,25.32835,21.44018
1785813450,26.8986,79.9527,90,0,226,,1,27.02005,25.36221,21.40631
1785813451,26.86923,79.84894,90,0,226,,1,26.98638,25.36221,21.30491
1785813451,26.8986,79.99084,90,0,226,,1,27.02005,25.42974,21.47404
1785813452,26.81315,79.93896,90,0,226,,1,26.98638,25.32835,21.40631
1785813453,26.88525,80.03052,90,0,226,,1,26.98638,25.42974,21.33878
1785813453,26.81315,79.88861,90,0,226,,1,26.98638,25.36221,21.37264
1785813454,26.73037,79.97101,90,0,226,,1,27.02005,25.36221,21.40631
1785813455,26.85588,79.94965,90,0,226,,1,26.98638,25.32835,21.44018
1785813455,26.85588,79.98016,90,0,226,,1,26.95252,25.32835,21.44018
1785813456,26.82918,79.91302,90,0,226,,1,26.98638,25.32835,21.44018
1785813457,26.85588,79.88861,90,0,226,,1,26.98638,25.39588,21.40631
1785813457,26.81315,79.98016,90,0,226,,1,27.02005,25.42974,21.37264
1785813458,26.84253,79.85352,90,0,226,,1,27.02005,25.39588,21.44018
1785813459,26.82918,79.86115,90,0,226,,1,26.98638,25.29448,21.40631
1785813459,26.82918,80.01678,90,0,226,,1,27.05412,25.42974,21.40631
1785813460,26.81315,80.03204,90,0,226,,1,26.95252,25.26061,21.47404
1785813461,26.86923,79.90234,90,0,226,,1,26.98638,25.32835,21.44018
1785813461,26.701,79.94049,90,0,226,,1,26.95252,25.36221,21.40631
1785813462,26.75708,79.81079,90,0,226,,1,27.02005,25.39588,21.37264
1785813463,26.81315,79.89777,90,0,226,,1,26.98638,25.36221,21.40631
1785813463,26.86923,79.9527,90,0,226,,1,26.98638,25.32835,21.44018
1785813464,26.81315,80,90,0,226,,1,26.98638,25.32835,21.44018
1785813465,26.98405,79.97253,90,0,226,,1,27.02005,25.42974,21.37264
1785813465,26.82918,79.92218,90,0,226,,1,27.05412,25.32835,21.40631
1785813466,26.85588,80.00305,90,0,226,,1,26.98638,25.32835,21.44018
1785813467,26.74372,79.94049,90,0,226,,1,26.91865,25.32835,21.37264
1785813467,26.81315,79.8764,90,0,226,,1,26.98638,25.36221,21.40631
1785813468,26.84253,79.84283,90,0,226,,1,26.98638,25.36221,21.40631
1785813469,26.88525,79.92676,90,0,226,,1,27.02005,25.39588,21.37264
1785813470,26.75708,79.88403,90,0,226,,1,26.95252,25.36221,21.40631
1785813470,26.77043,79.8764,90,0,226,,1,26.98638,25.32835,21.47404
1785813471,26.81315,80.01221,90,0,226,,1,26.95252,25.32835,21.44018
1785813472,26.78645,79.93134,90,0,226,,1,27.02005,25.36221,21.54157
1785813472,26.84253,79.94507,90,0,227,,1,26.98638,25.36221,21.40631
1785813473,26.75708,79.84283,90,0,226,,1,27.02005,25.32835,21.37264
1785813474,26.88525,79.85352,90,0,226,,1,26.98638,25.32835,21.50771
1785813474,26.82918,79.97253,90,0,226,,1,26.95252,25.32835,21.33878
1785813475,26.82918,79.7879,90,0,226,,1,26.98638,25.36221,21.44018
1785813476,26.86923,80.00458,90,0,226,,1,27.02005,25.39588,21.44018
1785813476,26.85588,79.97101,90,0,226,,1,26.98638,25.32835,21.40631
1785813477,26.82918,79.93439,90,0,226,,1,27.02005,25.32835,21.40631
1785813478,26.7998,79.88403,90,0,226,,1,27.02005,25.29448,21.40631
1785813478,26.78645,79.88098,90,0,226,,1,26.98638,25.36221,21.47404
1785813479,26.73037,79.83521,90,0,226,,1,26.98638,25.32835,21.40631
1785813480,26.81315,79.84436,90,0,226,,1,27.02005,25.39588,21.40631
1785813480,26.77043,79.84436,90,0,226,,1,26.95252,25.36221,21.40631
1785813481,26.75708,79.86267,90,0,226,,1,27.02005,25.32835,21.44018
1785813482,26.82918,79.90234,90,0,226,,1,26.95252,25.39588,21.33878
1785813482,26.7998,79.92676,90,0,227,,1,26.95252,25.39588,21.40631
1785813483,26.86923,79.88098,90,0,226,,1,27.02005,25.36221,21.40631
1785813484,26.7998,80.01831,90,0,226,,1,27.02005,25.36221,21.47404
1785813484,26.85588,79.89929,90,0,226,,1,26.98638,25.36221,21.44018
1785813485,26.6556,80.00305,90,0,226,,1,26.98638,25.36221,21.44018
1785813486,26.81315,79.94965,90,0,226,,1,27.02005,25.36221,21.40631
1785813486,26.77043,79.90845,90,0,226,,1,27.02005,25.32835,21.47404
1785813487,26.91195,79.90234,90,0,226,,1,27.05412,25.36221,21.44018
1785813488,26.85588,79.99084,90,0,226,,1,27.02005,25.32835,21.50771
1785813489,26.85588,79.98016,90,0,226,,1,26.98638,25.32835,21.44018
1785813489,26.6743,79.84283,90,0,226,,1,26.98638,25.36221,21.40631
1785813490,26.84253,79.94507,90,0,226,,1,27.02005,25.39588,21.40631
1785813491,26.82918,79.88098,90,0,226,,1,26.95252,25.29448,21.37264
1785813491,26.74372,79.84894,90,0,226,,1,26.98638,25.42974,21.47404
1785813492,26.82918,80.00458,90,0,226,,1,26.95252,25.36221,21.40631
1785813493,26.75708,79.92523,90,0,227,,1,26.98638,25.29448,21.40631
1785813493,26.86923,79.97253,90,0,226,,1,27.02005,25.29448,21.37264
1785813494,26.82918,80.02594,90,0,226,,1,27.02005,25.39588,21.40631
1785813495,26.68765,79.93896,90,0,226,,1,26.98638,25.32835,21.47404
1785813495,26.77043,80.06409,90,0,226,,1,27.02005,25.32835,21.47404
1785813496,26.86923,80.02594,90,0,226,,1,26.98638,25.32835,21.40631
1785813497,26.84253,79.96643,90,0,226,,1,27.02005,25.39588,21.37264
1785813497,26.81315,80.07324,90,0,226,,1,26.98638,25.36221,21.40631
1785813498,26.88525,79.98932,90,0,226,,1,26.98638,25.32835,21.40631
1785813499,26.86923,79.98474,90,0,226,,1,27.02005,25.36221,21.44018
1785813499,26.84253,79.91608,90,0,226,,1,27.05412,25.36221,21.44018
1785813500,26.82918,79.93439,90,0,226,,1,26.98638,25.36221,21.47404
1785813501,26.7998,79.91608,90,0,226,,1,27.02005,25.39588,21.40631
1785813501,26.78645,79.89014,90,0,226,,1,26.98638,25.36221,21.44018
1785813502,26.84253,80.03052,90,0,226,,1,27.05412,25.26061,21.44018
1785813503,26.84253,79.92676,90,0,226,,1,26.98638,25.49748,21.40631
1785813503,26.74372,79.80621,90,0,226,,1,26.98638,25.36221,21.37264
1785813504,26.7998,79.93439,90,0,226,,1,27.02005,25.39588,21.40631
1785813505,26.7998,79.96643,90,0,226,,1,26.98638,25.36221,21.40631
1785813505,26.82918,80.02594,90,0,226,,1,26.98638,25.32835,21.44018
1785813506,26.701,79.81689,90,0,226,,1,27.02005,25.39588,21.44018
1785813507,26.84253,79.98932,90,0,226,,1,26.98638,25.29448,21.40631
1785813507,26.81315,79.99084,90,0,226,,1,26.98638,25.39588,21.47404
1785813508,26.82918,79.97253,90,0,226,,1,26.95252,25.36221,21.40631
1785813509,26.84253,79.92676,90,0,226,,1,26.95252,25.39588,21.47404
1785813510,26.82918,80.11902,90,0,226,,1,27.02005,25.32835,21.40631
1785813510,26.82918,80.06866,90,0,226,,1,26.98638,25.42974,21.40631
1785813511,26.81315,80,90,0,226,,1,27.02005,25.32835,21.37264
1785813512,26.85588,80.11444,90,0,226,,1,27.02005,25.39588,21.37264
1785813512,26.78645,80.22278,90,0,227,,1,26.98638,25.39588,21.50771
1785813513,26.85588,80.24109,90,0,226,,1,26.98638,25.42974,21.37264
1785813514,26.81315,80.15564,90,0,226,,1,26.98638,25.36221,21.37264
1785813514,26.77043,80.25024,90,0,226,,1,27.02005,25.36221,21.40631
1785813515,26.81315,80.2823,90,0,227,,1,26.98638,25.36221,21.40631
1785813516,26.85588,80.39674,90,0,226,,1,26.98638,25.32835,21.47404
1785813516,26.85588,80.29145,90,0,226,,1,27.02005,25.32835,21.37264
1785813517,26.84253,80.36164,90,0,226,,1,26.98638,25.36221,21.44018
1785813518,26.77043,80.35249,90,0,226,,1,27.02005,25.36221,21.33878
1785813518,26.88525,80.39368,90,0,226,,1,27.02005,25.39588,21.37264
1785813519,26.82918,80.32807,90,0,226,,1,26.95252,25.32835,21.44018
1785813520,26.8986,80.23193,90,0,226,,1,26.98638,25.32835,21.40631
1785813520,26.78645,80.20142,90,0,226,,1,27.02005,25.36221,21.44018
1785813521,26.75708,80.17395,90,0,226,,1,26.98638,25.29448,21.37264
1785813522,26.77043,80.18768,90,0,226,,1,26.98638,25.32835,21.37264
1785813522,26.77043,80.18768,90,0,227,,1,26.98638,25.39588,21.44018
1785813523,26.7998,80.18616,90,0,226,,1,26.98638,25.42974,21.44018
1785813524,26.8986,80.0351,90,0,226,,1,26.98638,25.32835,21.40631
1785813524,26.7998,80.03967,90,0,226,,1,27.02005,25.39588,21.37264
1785813525,26.78645,80.10834,90,0,226,,1,26.98638,25.36221,21.37264
1785813526,26.82918,80.03662,90,0,226,,1,26.95252,25.36221,21.40631
1785813526,26.88525,80.15411,90,0,226,,1,27.02005,25.42974,21.40631
1785813527,26.82918,80.16022,90,0,226,,1,27.02005,25.39588,21.44018
1785813528,26.86923,79.9527,90,0,226,,1,27.02005,25.39588,21.37264
1785813529,26.82918,80.06866,90,0,226,,1,26.98638,25.32835,21.44018
1785813529,26.81315,80.05341,90,0,226,,1,26.98638,25.36221,21.47404
1785813530,26.88525,79.95728,90,0,226,,1,27.02005,25.36221,21.40631
1785813531,26.71435,80.09918,90,0,226,,1,26.98638,25.32835,21.37264
1785813531,26.78645,79.97253,90,0,226,,1,26.98638,25.36221,21.40631
1785813532,26.8986,79.96185,90,0,226,,1,26.98638,25.36221,21.44018
1785813533,26.75708,80.09003,90,0,227,,1,27.02005,25.39588,21.40631
1785813533,26.81315,79.99084,90,0,226,,1,26.98638,25.36221,21.37264
1785813534,26.84253,79.97711,90,0,226,,1,27.02005,25.39588,21.44018
1785813535,26.84253,79.99847,90,0,226,,1,26.98638,25.36221,21.44018
1785813535,26.85588,79.8764,90,0,226,,1,26.98638,25.32835,21.37264
1785813536,26.8986,80.05493,90,0,226,,1,27.02005,25.32835,21.40631
1785813537,26.78645,79.94354,90,0,226,,1,26.98638,25.42974,21.44018
1785813537,26.8986,80.04425,90,0,226,,1,26.95252,25.32835,21.33878
1785813538,26.81315,79.90845,90,0,226,,1,27.02005,25.29448,21.44018
1785813539,26.81315,79.93896,90,0,226,,1,26.98638,25.29448,21.40631
1785813539,26.77043,79.99084,90,0,226,,1,26.98638,25.36221,21.44018
1785813540,26.78645,80.04578,90,0,226,,1,26.98638,25.36221,21.37264
1785813541,26.84253,79.94507,90,0,226,,1,27.05412,25.36221,21.44018
1785813541,26.88525,79.93896,90,0,226,,1,26.98638,25.32835,21.44018
1785813542,26.82918,79.92218,90,0,226,,1,27.02005,25.39588,21.40631
1785813543,26.81315,80.04425,90,0,226,,1,27.02005,25.36221,21.44018
1785813543,26.74372,79.8703,90,0,226,,1,26.98638,25.32835,21.40631
1785813544,26.75708,79.90387,90,0,226,,1,26.95252,25.36221,21.47404
1785813545,26.78645,80.00458,90,0,227,,1,26.98638,25.42974,21.33878
1785813545,26.88525,79.85352,90,0,226,,1,27.02005,25.39588,21.44018
1785813546,26.7998,79.86267,90,0,226,,1,27.02005,25.32835,21.44018
1785813547,26.85588,79.90845,90,0,226,,1,26.98638,25.39588,21.47404
1785813548,26.85588,79.92981,90,0,226,,1,27.02005,25.36221,21.40631
1785813548,26.82918,79.92218,90,0,226,,1,27.02005,25.39588,21.47404
1785813549,26.78645,79.7757,90,0,226,,1,27.02005,25.39588,21.30491
1785813550,26.7998,79.97711,90,0,226,,1,27.05412,25.36221,21.37264
1785813550,26.78645,79.84894,90,0,226,,1,26.98638,25.42974,21.37264
1785813551,26.82918,79.90234,90,0,226,,1,27.05412,25.32835,21.47404
1785813552,26.75708,79.82147,90,0,226,,1,26.98638,25.39588,21.44018
1785813552,26.8986,79.88861,90,0,227,,1,27.02005,25.36221,21.40631
1785813553,26.82918,79.86115,90,0,226,,1,26.95252,25.36221,21.44018
1785813554,26.85588,79.9588,90,0,226,,1,27.05412,25.42974,21.40631
1785813554,26.78645,79.93134,90,0,226,,1,26.98638,25.39588,21.40631
1785813555,26.82918,79.79706,90,0,226,,1,26.98638,25.39588,21.37264
1785813556,26.88525,79.93896,90,0,226,,1,26.95252,25.39588,21.33878
1785813556,26.84253,79.92676,90,0,226,,1,26.98638,25.42974,21.37264
1785813557,26.7998,79.87488,90,0,226,,1,26.98638,25.32835,21.44018
1785813558,26.85588,79.92981,90,0,226,,1,26.98638,25.42974,21.40631
1785813558,26.86923,79.93439,90,0,226,,1,26.95252,25.39588,21.50771
1785813559,26.7998,79.90387,90,0,226,,1,26.98638,25.42974,21.44018
1785813560,26.77043,79.78333,90,0,226,,1,26.98638,25.36221,21.33878
1785813560,26.74372,79.88098,90,0,226,,1,26.98638,25.36221,21.40631
1785813561,26.81315,79.88861,90,0,226,,1,27.02005,25.32835,21.40631
1785813562,26.88525,79.99847,90,0,226,,1,26.98638,25.36221,21.47404
1785813562,26.82918,79.86115,90,0,227,,1,27.02005,25.39588,21.47404
1785813563,26.75708,79.82147,90,0,226,,1,26.98638,25.29448,21.40631
1785813564,26.77043,79.84436,90,0,226,,1,27.02005,25.29448,21.37264
1785813564,26.77043,79.9176,90,0,226,,1,26.98638,25.36221,21.40631
1785813565,26.88525,79.83368,90,0,226,,1,26.98638,25.29448,21.44018
1785813566,26.82918,79.93439,90,0,226,,1,26.98638,25.32835,21.47404
1785813567,26.81315,79.93896,90,0,226,,1,26.98638,25.39588,21.37264
1785813567,26.81315,79.84436,90,0,226,,1,26.98638,25.32835,21.47404
1785813568,26.77043,79.92676,90,0,226,,1,26.98638,25.46361,21.44018
1785813569,26.75708,79.93439,90,0,226,,1,26.98638,25.36221,21.33878
1785813569,26.78645,79.84894,90,0,226,,1,27.05412,25.32835,21.44018
1785813570,26.78645,79.7467,90,0,226,,1,27.05412,25.36221,21.40631
1785813571,26.78645,79.83826,90,0,226,,1,26.98638,25.32835,21.40631
1785813571,26.7998,79.88403,90,0,226,,1,26.95252,25.36221,21.40631
1785813572,26.84253,79.90692,90,0,226,,1,26.98638,25.32835,21.44018
1785813573,26.73037,79.85657,90,0,227,,1,27.02005,25.29448,21.44018
1785813573,26.84253,80.03052,90,0,226,,1,26.95252,25.36221,21.40631
1785813574,26.75708,79.91608,90,0,226,,1,26.95252,25.32835,21.37264
1785813575,26.77043,79.90845,90,0,226,,1,26.98638,25.42974,21.44018
1785813575,26.8986,79.86725,90,0,226,,1,26.98638,25.32835,21.40631
1785813576,26.8986,79.9527,90,0,226,,1,27.02005,25.32835,21.40631
1785813577,26.84253,79.94507,90,0,226,,1,26.98638,25.42974,21.44018
1785813577,26.84253,80.01831,90,0,226,,1,26.95252,25.32835,21.44018
1785813578,26.85588,79.94965,90,0,226,,1,27.05412,25.32835,21.33878
1785813579,26.85588,79.92981,90,0,226,,1,26.98638,25.36221,21.40631
1785813579,26.77043,79.82452,90,0,226,,1,27.02005,25.26061,21.40631
1785813580,26.84253,79.90692,90,0,226,,1,27.02005,25.36221,21.47404
1785813581,26.7998,79.77112,90,0,226,,1,26.98638,25.32835,21.44018
1785813581,26.7998,79.88403,90,0,226,,1,27.02005,25.32835,21.44018
1785813582,26.86923,79.91302,90,0,226,,1,27.02005,25.32835,21.37264
1785813583,26.7998,79.88403,90,0,226,,1,27.02005,25.36221,21.44018
1785813584,26.81315,79.8764,90,0,226,,1,26.98638,25.32835,21.40631
1785813584,26.81315,79.92065,90,0,226,,1,26.95252,25.32835,21.44018
1785813585,26.81315,79.92065,90,0,226,,1,26.98638,25.42974,21.44018
1785813586,26.86923,79.80774,90,0,226,,1,27.02005,25.36221,21.40631
1785813586,26.82918,79.79706,90,0,226,,1,26.98638,25.36221,21.37264
1785813587,26.78645,79.9527,90,0,226,,1,27.02005,25.32835,21.44018
1785813588,26.73037,79.89777,90,0,226,,1,26.98638,25.36221,21.47404
1785813588,26.86923,79.99542,90,0,226,,1,26.95252,25.32835,21.37264
1785813589,26.88525,79.94812,90,0,226,,1,26.98638,25.42974,21.33878
1785813590,26.82918,79.83978,90,0,226,,1,27.02005,25.32835,21.40631
1785813590,26.7998,79.92676,90,0,226,,1,26.98638,25.32835,21.47404
1785813591,26.7998,79.91608,90,0,226,,1,27.02005,25.36221,21.37264
1785813592,26.73037,79.89777,90,0,226,,1,27.05412,25.29448,21.44018
1785813592,26.81315,79.92065,90,0,227,,1,26.98638,25.32835,21.50771
1785813593,26.8986,79.97101,90,0,226,,1,27.02005,25.32835,21.40631
1785813594,26.85588,79.92981,90,0,226,,1,27.02005,25.36221,21.37264
1785813594,26.78645,79.94354,90,0,226,,1,27.05412,25.36221,21.44018
1785813595,26.81315,79.83521,90,0,226,,1,27.08778,25.29448,21.40631
1785813596,26.7998,79.88403,90,0,226,,1,26.98638,25.32835,21.44018
1785813596,26.75708,79.79858,90,0,226,,1,26.98638,25.36221,21.44018
1785813597,26.74372,79.85809,90,0,226,,1,26.98638,25.36221,21.44018
1785813598,26.75708,79.88403,90,0,226,,1,26.98638,25.32835,21.44018
1785813598,26.85588,79.90845,90,0,226,,1,26.98638,25.32835,21.40631
1785813599,26.88525,79.92676,90,0,226,,1,27.02005,25.36221,21.47404
1785813600,26.81315,79.88861,90,0,226,,1,27.02005,25.36221,21.44018
1785813600,26.78645,79.94354,90,0,226,,1,26.98638,25.32835,21.40631
1785813601,26.77043,79.8764,90,0,226,,1,26.95252,25.36221,21.47404
1785813602,26.82918,80.00458,90,0,226,,1,26.98638,25.39588,21.40631
1785813603,26.82918,79.90234,90,0,226,,1,27.02005,25.39588,21.44018
1785813603,26.78645,79.91302,90,0,226,,1,27.02005,25.39588,21.40631
1785813604,26.78645,79.92218,90,0,226,,1,26.98638,25.42974,21.44018
1785813605,26.82918,79.92218,90,0,226,,1,27.02005,25.32835,21.40631
1785813605,26.7998,79.95728,90,0,226,,1,27.02005,25.32835,21.44018
1785813606,26.82918,79.9527,90,0,226,,1,27.02005,25.36221,21.40631
1785813607,26.82918,79.92218,90,0,226,,1,27.02005,25.32835,21.47404
1785813607,26.81315,79.88861,90,0,226,,1,26.95252,25.36221,21.47404
1785813608,26.82918,79.96338,90,0,226,,1,26.95252,25.39588,21.44018
1785813609,26.77043,79.93896,90,0,226,,1,27.05412,25.29448,21.40631
1785813609,26.85588,79.94965,90,0,226,,1,26.98638,25.46361,21.37264
1785813610,26.85588,79.94049,90,0,226,,1,27.02005,25.36221,21.40631
1785813611,26.82918,80.00458,90,0,226,,1,26.98638,25.36221,21.47404
1785813611,26.84253,79.97711,90,0,226,,1,27.05412,25.32835,21.47404
1785813612,26.73037,80,90,0,226,,1,26.98638,25.36221,21.44018
1785813613,26.7998,79.83063,90,0,226,,1,27.02005,25.39588,21.37264
1785813614,26.701,79.9939,90,0,226,,1,26.98638,25.39588,21.37264
1785813614,26.84253,79.95728,90,0,226,,1,26.98638,25.29448,21.47404
1785813615,26.7998,79.96643,90,0,226,,1,26.95252,25.32835,21.44018
1785813615,26.74372,79.97253,90,0,226,,1,27.02005,25.32835,21.44018
1785813616,26.74372,79.9939,90,0,226,,1,27.02005,25.39588,21.37264
1785813617,26.81315,80,90,0,226,,1,27.02005,25.39588,21.47404
1785813617,26.7998,79.92676,90,0,226,,1,26.98638,25.36221,21.40631
1785813618,26.81315,79.94965,90,0,226,,1,26.98638,25.36221,21.44018
1785813619,26.78645,80.10834,90,0,226,,1,26.98638,25.42974,21.47404
1785813619,26.77043,80.04425,90,0,226,,1,26.98638,25.42974,21.44018
1785813620,26.75708,79.99847,90,0,226,,1,26.98638,25.32835,21.44018
1785813621,26.81315,80.03204,90,0,226,,1,26.95252,25.36221,21.47404
1785813621,26.92798,80.02136,90,0,226,,1,27.02005,25.32835,21.40631
1785813622,26.82918,79.94354,90,0,227,,1,26.98638,25.36221,21.44018
1785813623,26.84253,79.95728,90,0,226,,1,27.02005,25.29448,21.40631
1785813624,26.82918,79.90234,90,0,226,,1,26.98638,25.36221,21.40631
1785813624,26.85588,79.98016,90,0,226,,1,26.98638,25.32835,21.44018
1785813625,26.86923,80.03662,90,0,226,,1,26.98638,25.39588,21.44018
1785813626,26.81315,80,90,0,226,,1,26.98638,25.42974,21.47404
1785813626,26.7998,79.98627,90,0,226,,1,27.02005,25.46361,21.37264
1785813627,26.91195,80.00458,90,0,226,,1,27.02005,25.39588,21.44018
1785813628,26.77043,80.01221,90,0,226,,1,27.02005,25.36221,21.47404
1785813628,26.81315,80.02289,90,0,226,,1,27.02005,25.36221,21.50771
1785813629,26.84253,80.00916,90,0,226,,1,26.98638,25.39588,21.44018
1785813630,26.7998,79.97711,90,0,226,,1,27.02005,25.36221,21.40631
1785813630,26.81315,79.89777,90,0,226,,1,26.98638,25.32835,21.44018
1785813631,26.85588,80.05493,90,0,226,,1,26.98638,25.32835,21.37264
1785813632,26.7998,79.77875,90,0,226,,1,27.02005,25.36221,21.44018
1785813632,26.78645,79.94354,90,0,227,,1,26.98638,25.39588,21.37264
1785813633,26.85588,79.84741,90,0,226,,1,27.05412,25.29448,21.40631
1785813634,26.84253,79.98932,90,0,226,,1,27.02005,25.36221,21.33878
1785813634,26.77043,79.90845,90,0,226,,1,26.98638,25.36221,21.44018
1785813635,26.81315,79.88861,90,0,226,,1,27.02005,25.39588,21.40631
1785813636,26.86923,79.90234,90,0,226,,1,26.98638,25.39588,21.37264
1785813636,26.82918,79.88098,90,0,226,,1,27.02005,25.36221,21.44018
1785813637,26.81315,79.92065,90,0,226,,1,26.98638,25.29448,21.40631
1785813638,26.77043,79.89777,90,0,226,,1,27.02005,25.39588,21.50771
1785813638,26.78645,79.81689,90,0,226,,1,26.95252,25.36221,21.44018
1785813639,26.88525,79.97711,90,0,226,,1,26.98638,25.42974,21.40631
1785813640,26.701,79.82605,90,0,226,,1,27.02005,25.29448,21.44018
1785813640,26.74372,79.97253,90,0,226,,1,26.95252,25.39588,21.33878
1785813641,26.85588,79.90845,90,0,226,,1,26.95252,25.32835,21.40631
1785813642,26.81315,79.84436,90,0,226,,1,27.05412,25.39588,21.44018
1785813643,26.81315,79.73296,90,0,226,,1,27.02005,25.29448,21.47404
1785813643,26.84253,79.93591,90,0,226,,1,26.95252,25.36221,21.50771
1785813644,26.73037,79.9588,90,0,226,,1,27.02005,25.39588,21.40631
1785813645,26.78645,79.9939,90,0,226,,1,26.98638,25.32835,21.44018
1785813645,26.86923,80.00458,90,0,226,,1,26.98638,25.29448,21.40631
1785813646,26.82918,79.94354,90,0,226,,1,26.98638,25.36221,21.40631
1785813647,26.81315,79.8764,90,0,226,,1,27.02005,25.39588,21.40631
1785813647,26.84253,79.93591,90,0,226,,1,26.98638,25.29448,21.44018
1785813648,26.73037,79.90845,90,0,226,,1,27.02005,25.36221,21.44018
1785813649,26.77043,80.15564,90,0,226,,1,26.98638,25.32835,21.40631
1785813649,26.81315,79.85657,90,0,226,,1,27.02005,25.36221,21.37264
1785813650,26.85588,79.94965,90,0,226,,1,26.98638,25.32835,21.47404
1785813651,26.82918,79.92218,90,0,226,,1,26.95252,25.32835,21.37264
1785813651,26.81315,79.88861,90,0,226,,1,27.02005,25.36221,21.37264
1785813652,26.85588,79.92981,90,0,226,,1,26.98638,25.32835,21.40631
1785813653,26.75708,79.93439,90,0,227,,1,26.98638,25.39588,21.44018
1785813653,26.82918,80.04883,90,0,226,,1,26.98638,25.42974,21.44018
1785813654,26.84253,79.98932,90,0,226,,1,26.98638,25.39588,21.40631
1785813655,26.86923,79.81689,90,0,226,,1,26.98638,25.39588,21.37264
1785813655,26.81315,79.94965,90,0,226,,1,26.98638,25.36221,21.40631
1785813656,26.81315,79.98016,90,0,226,,1,26.98638,25.32835,21.40631
1785813657,26.84253,79.94507,90,0,226,,1,27.02005,25.29448,21.40631
1785813657,26.7998,79.92676,90,0,226,,1,26.98638,25.36221,21.47404
1785813658,26.85588,80.02289,90,0,226,,1,26.98638,25.32835,21.44018
1785813659,26.74372,79.9115,90,0,226,,1,27.05412,25.36221,21.40631
1785813659,26.88525,80.0412,90,0,226,,1,27.02005,25.29448,21.47404
1785813660,26.74372,79.96185,90,0,226,,1,27.02005,25.29448,21.50771
1785813661,26.75708,79.93439,90,0,226,,1,26.98638,25.36221,21.40631
1785813662,26.81315,79.99084,90,0,226,,1,27.02005,25.36221,21.44018
1785813662,26.91195,80.02594,90,0,227,,1,27.02005,25.39588,21.37264
1785813663,26.81315,79.97101,90,0,226,,1,27.02005,25.36221,21.47404
1785813664,26.86923,80.10834,90,0,226,,1,26.98638,25.39588,21.37264
1785813664,26.78645,79.93134,90,0,226,,1,27.02005,25.32835,21.37264
1785813665,26.78645,79.88098,90,0,226,,1,26.98638,25.32835,21.40631
1785813666,26.8986,79.82605,90,0,226,,1,26.95252,25.39588,21.40631
1785813666,26.86923,79.97253,90,0,226,,1,26.98638,25.39588,21.40631
1785813667,26.75708,79.91608,90,0,226,,1,27.02005,25.39588,21.44018
1785813668,26.78645,79.89014,90,0,226,,1,27.02005,25.39588,21.40631
1785813668,26.77043,79.93896,90,0,226,,1,26.98638,25.36221,21.40631
1785813669,26.86923,79.97253,90,0,226,,1,27.02005,25.36221,21.40631
1785813670,26.7998,79.94507,90,0,226,,1,27.02005,25.49748,21.44018
1785813670,26.78645,79.97253,90,0,226,,1,27.02005,25.42974,21.50771
1785813671,26.84253,79.96643,90,0,226,,1,27.02005,25.39588,21.37264
1785813672,26.81315,79.84436,90,0,226,,1,26.98638,25.36221,21.44018
1785813672,26.81315,79.94965,90,0,227,,1,26.98638,25.39588,21.47404
1785813673,26.84253,80.00916,90,0,226,,1,26.98638,25.32835,21.40631
1785813674,26.7998,79.95728,90,0,226,,1,27.02005,25.42974,21.44018
1785813674,26.78645,80.02594,90,0,226,,1,26.98638,25.39588,21.40631
1785813675,26.7998,79.98627,90,0,226,,1,27.02005,25.36221,21.40631
1785813676,26.81315,79.97101,90,0,226,,1,26.98638,25.39588,21.40631
1785813676,26.85588,79.98016,90,0,226,,1,27.02005,25.39588,21.33878
1785813677,26.78645,79.88098,90,0,226,,1,27.02005,25.32835,21.37264
1785813678,26.82918,79.96338,90,0,226,,1,26.98638,25.39588,21.47404
1785813678,26.73037,79.9176,90,0,226,,1,27.02005,25.32835,21.40631
1785813679,26.86923,79.92218,90,0,226,,1,26.98638,25.32835,21.40631
1785813680,26.82918,80.02594,90,0,226,,1,27.02005,25.29448,21.37264
1785813681,26.77043,79.9588,90,0,226,,1,27.02005,25.36221,21.40631
1785813681,26.71435,79.93439,90,0,226,,1,27.02005,25.39588,21.47404
1785813682,26.74372,79.98474,90,0,226,,1,26.98638,25.36221,21.40631
1785813683,26.77043,79.9588,90,0,226,,1,27.05412,25.36221,21.50771
1785813683,26.7998,79.96643,90,0,226,,1,27.02005,25.36221,21.44018
1785813684,26.82918,79.93439,90,0,226,,1,26.98638,25.29448,21.37264
1785813685,26.78645,79.93134,90,0,226,,1,27.02005,25.29448,21.37264
1785813685,26.78645,79.90234,90,0,226,,1,26.98638,25.42974,21.40631
1785813686,26.7998,79.96643,90,0,226,,1,26.95252,25.39588,21.40631
1785813687,26.7998,79.97711,90,0,226,,1,27.02005,25.36221,21.40631
1785813687,26.88525,79.82147,90,0,226,,1,26.98638,25.36221,21.47404
1785813688,26.74372,79.88098,90,0,226,,1,27.02005,25.29448,21.37264
1785813689,26.81315,79.97101,90,0,226,,1,27.02005,25.39588,21.37264
1785813689,26.77043,79.96796,90,0,226,,1,27.02005,25.32835,21.40631
1785813690,26.91195,79.97559,90,0,226,,1,26.95252,25.36221,21.37264
1785813691,26.82918,80.01678,90,0,226,,1,27.02005,25.36221,21.50771
1785813691,26.78645,79.91302,90,0,226,,1,27.02005,25.42974,21.44018
1785813692,26.77043,80,90,0,226,,1,27.02005,25.29448,21.40631
1785813693,26.75708,79.87183,90,0,226,,1,26.98638,25.32835,21.30491
1785813693,26.7998,79.97711,90,0,226,,1,26.98638,25.32835,21.33878
1785813694,26.77043,79.99084,90,0,226,,1,27.05412,25.29448,21.37264
1785813695,26.74372,79.93134,90,0,226,,1,27.05412,25.39588,21.40631
1785813695,26.81315,80.03204,90,0,226,,1,27.05412,25.39588,21.44018
1785813696,26.82918,79.97253,90,0,226,,1,26.98638,25.36221,21.40631
1785813697,26.77043,79.96796,90,0,226,,1,27.02005,25.29448,21.37264
1785813697,26.75708,79.94507,90,0,226,,1,27.02005,25.42974,21.44018
1785813698,26.77043,79.88861,90,0,226,,1,27.02005,25.42974,21.44018
1785813699,26.68765,79.9588,90,0,226,,1,27.02005,25.39588,21.44018
1785813700,26.78645,79.92218,90,0,226,,1,26.98638,25.36221,21.44018
1785813700,26.77043,79.96796,90,0,226,,1,27.02005,25.29448,21.40631
1785813701,26.7998,80.00916,90,0,226,,1,27.02005,25.36221,21.40631
1785813702,26.7998,79.88403,90,0,226,,1,26.98638,25.36221,21.44018
1785813702,26.7998,79.97711,90,0,227,,1,26.98638,25.36221,21.50771
1785813703,26.8986,79.98169,90,0,226,,1,26.98638,25.36221,21.40631
1785813704,26.81315,80,90,0,226,,1,26.98638,25.39588,21.47404
1785813704,26.91195,79.95422,90,0,226,,1,27.05412,25.29448,21.33878
1785813705,26.7998,80.01831,90,0,226,,1,27.02005,25.29448,21.44018
1785813706,26.7998,79.91608,90,0,226,,1,27.05412,25.29448,21.40631
1785813706,26.86923,79.9527,90,0,226,,1,27.02005,25.32835,21.44018
1785813707,26.75708,79.91608,90,0,226,,1,26.98638,25.29448,21.33878
1785813708,26.81315,79.92981,90,0,226,,1,27.02005,25.39588,21.40631
1785813708,26.77043,79.84436,90,0,226,,1,26.98638,25.32835,21.40631
1785813709,26.81315,79.9588,90,0,226,,1,26.95252,25.39588,21.37264
1785813710,26.85588,79.8764,90,0,226,,1,26.95252,25.36221,21.44018
1785813710,26.78645,79.84894,90,0,226,,1,26.98638,25.42974,21.47404
1785813711,26.74372,79.9527,90,0,226,,1,27.02005,25.29448,21.37264
1785813712,26.78645,79.90234,90,0,226,,1,27.02005,25.36221,21.47404
1785813712,26.71435,79.89319,90,0,227,,1,26.98638,25.36221,21.44018
1785813713,26.81315,79.93896,90,0,226,,1,26.98638,25.32835,21.47404
1785813714,26.78645,79.90234,90,0,226,,1,26.95252,25.39588,21.44018
1785813714,26.7998,80.0824,90,0,226,,1,27.02005,25.36221,21.44018
1785813715,26.82918,79.90234,90,0,226,,1,26.98638,25.32835,21.37264
1785813716,26.78645,79.96338,90,0,226,,1,27.02005,25.26061,21.40631
1785813716,26.85588,79.94049,90,0,226,,1,26.98638,25.36221,21.50771
1785813717,26.86923,80.05798,90,0,226,,1,27.02005,25.39588,21.40631
1785813718,26.78645,80.02594,90,0,226,,1,26.98638,25.36221,21.44018
1785813719,26.77043,79.83521,90,0,226,,1,27.05412,25.36221,21.44018
1785813719,26.84253,79.95728,90,0,226,,1,27.05412,25.36221,21.37264
1785813720,26.82918,79.89319,90,0,226,,1,26.98638,25.36221,21.44018
1785813721,26.81315,79.8764,90,0,226,,1,26.98638,25.36221,21.37264
1785813721,26.84253,79.95728,90,0,226,,1,26.95252,25.32835,21.44018
1785813722,26.7998,79.92676,90,0,226,,1,27.02005,25.36221,21.37264
1785813723,26.81315,79.92065,90,0,227,,1,26.95252,25.39588,21.44018
1785813723,26.86923,80.06866,90,0,226,,1,27.02005,25.32835,21.44018
1785813724,26.82918,79.91302,90,0,226,,1,27.02005,25.32835,21.44018
1785813725,26.85588,79.94965,90,0,226,,1,26.98638,25.26061,21.40631
1785813725,26.75708,79.79858,90,0,226,,1,26.98638,25.32835,21.37264
1785813726,26.82918,79.89319,90,0,226,,1,27.02005,25.29448,21.40631
1785813727,26.75708,80.01831,90,0,226,,1,27.02005,25.39588,21.40631
1785813727,26.75708,79.77875,90,0,226,,1,26.98638,25.39588,21.44018
1785813728,26.77043,79.92676,90,0,226,,1,26.98638,25.42974,21.47404
1785813729,26.86923,79.89014,90,0,226,,1,26.98638,25.32835,21.47404
1785813729,26.75708,79.86267,90,0,226,,1,27.02005,25.39588,21.37264
1785813730,26.84253,79.94507,90,0,226,,1,27.02005,25.36221,21.37264
1785813731,26.84253,79.89471,90,0,226,,1,26.98638,25.39588,21.40631
1785813731,26.7998,79.94507,90,0,226,,1,27.02005,25.39588,21.40631
1785813732,26.81315,79.8764,90,0,226,,1,26.98638,25.36221,21.33878
1785813733,26.7998,79.78943,90,0,226,,1,26.95252,25.36221,21.47404
1785813733,26.77043,79.83521,90,0,226,,1,26.95252,25.32835,21.40631
1785813734,26.78645,79.9527,90,0,226,,1,26.98638,25.39588,21.40631
1785813735,26.81315,79.97101,90,0,226,,1,27.02005,25.32835,21.40631
1785813735,26.7998,79.93439,90,0,226,,1,26.98638,25.32835,21.44018
1785813736,26.78645,79.92218,90,0,226,,1,26.98638,25.36221,21.50771
1785813737,26.74372,79.8703,90,0,226,,1,26.98638,25.36221,21.44018
1785813738,26.78645,79.9527,90,0,226,,1,26.98638,25.36221,21.37264
1785813738,26.84253,79.87488,90,0,226,,1,26.98638,25.39588,21.40631
1785813739,26.81315,79.8764,90,0,226,,1,27.05412,25.26061,21.47404
1785813740,26.81315,79.94965,90,0,226,,1,27.02005,25.26061,21.37264
1785813740,26.73037,79.9176,90,0,226,,1,26.98638,25.36221,21.40631
1785813741,26.88525,79.98932,90,0,226,,1,26.98638,25.46361,21.44018
1785813742,26.7998,79.94507,90,0,226,,1,26.98638,25.39588,21.44018
1785813742,26.95468,79.95422,90,0,227,,1,26.95252,25.39588,21.44018
1785813743,26.81315,79.78333,90,0,226,,1,26.95252,25.32835,21.40631
1785813744,26.77043,79.99084,90,0,226,,1,26.98638,25.36221,21.47404
1785813744,26.77043,80.01221,90,0,226,,1,27.02005,25.39588,21.50771
1785813745,26.88525,80.0412,90,0,226,,1,26.98638,25.39588,21.44018
1785813746,26.82918,79.96338,90,0,226,,1,27.05412,25.39588,21.44018
1785813746,26.81315,79.85657,90,0,226,,1,27.02005,25.36221,21.44018
1785813747,26.75708,79.95422,90,0,226,,1,26.98638,25.39588,21.37264
1785813748,26.85588,79.92065,90,0,226,,1,27.05412,25.36221,21.44018
1785813748,26.74372,79.89014,90,0,226,,1,26.98638,25.29448,21.47404
1785813749,26.78645,79.89014,90,0,226,,1,26.98638,25.32835,21.40631
1785813750,26.84253,79.89471,90,0,226,,1,26.98638,25.36221,21.40631
1785813750,26.86923,79.99542,90,0,226,,1,27.02005,25.36221,21.47404
1785813751,26.77043,79.90845,90,0,226,,1,27.02005,25.39588,21.44018
1785813752,26.7998,79.93439,90,0,226,,1,26.98638,25.36221,21.47404
1785813752,26.84253,79.90692,90,0,227,,1,26.95252,25.32835,21.37264
1785813753,26.84253,79.89471,90,0,226,,1,27.02005,25.42974,21.50771
1785813754,26.85588,79.94965,90,0,226,,1,27.02005,25.29448,21.44018
1785813754,26.84253,79.93591,90,0,226,,1,26.98638,25.32835,21.30491
1785813755,26.78645,79.94354,90,0,226,,1,26.98638,25.39588,21.40631
1785813756,26.85588,80.01221,90,0,226,,1,27.05412,25.39588,21.37264
1785813757,26.78645,80.01678,90,0,226,,1,27.02005,25.32835,21.47404
1785813757,26.81315,80.02289,90,0,226,,1,26.98638,25.36221,21.50771
1785813758,26.7998,79.82147,90,0,226,,1,27.02005,25.32835,21.44018
1785813759,26.81315,79.90845,90,0,226,,1,27.02005,25.36221,21.50771
1785813759,26.7998,79.95728,90,0,226,,1,27.02005,25.36221,21.37264
1785813760,26.77043,79.90845,90,0,226,,1,26.98638,25.36221,21.37264
1785813761,26.78645,79.98474,90,0,226,,1,26.98638,25.32835,21.40631
1785813761,26.78645,79.93134,90,0,226,,1,26.95252,25.39588,21.37264
1785813762,26.77043,79.96796,90,0,226,,1,27.02005,25.39588,21.44018
1785813763,26.81315,80.03204,90,0,227,,1,27.02005,25.36221,21.37264
1785813763,26.84253,79.94507,90,0,226,,1,26.95252,25.39588,21.40631
1785813764,26.84253,79.95728,90,0,226,,1,27.02005,25.32835,21.40631
1785813765,26.85588,79.9588,90,0,226,,1,26.95252,25.39588,21.40631
1785813765,26.84253,79.93591,90,0,226,,1,26.98638,25.36221,21.44018
1785813766,26.85588,79.88861,90,0,226,,1,27.02005,25.32835,21.44018
1785813767,26.81315,80,90,0,226,,1,27.05412,25.39588,21.37264
1785813767,26.7998,79.86267,90,0,226,,1,26.95252,25.42974,21.40631
1785813768,26.85588,79.89929,90,0,226,,1,27.02005,25.39588,21.44018
1785813769,26.7998,79.89471,90,0,226,,1,26.98638,25.32835,21.47404
1785813769,26.81315,79.99084,90,0,226,,1,26.98638,25.39588,21.40631
1785813770,26.82918,80.01678,90,0,226,,1,27.02005,25.32835,21.33878
1785813771,26.7998,79.97711,90,0,226,,1,27.02005,25.36221,21.40631
1785813771,26.73037,79.97101,90,0,226,,1,27.05412,25.39588,21.47404
1785813772,26.82918,80.03662,90,0,226,,1,27.05412,25.39588,21.47404
1785813773,26.7998,79.98627,90,0,226,,1,26.95252,25.36221,21.37264
1785813774,26.7998,79.97711,90,0,226,,1,27.02005,25.36221,21.40631
1785813774,26.81315,79.9588,90,0,226,,1,26.98638,25.29448,21.50771
1785813775,26.85588,80.07629,90,0,226,,1,26.98638,25.46361,21.44018
1785813776,26.75708,79.88403,90,0,226,,1,27.08778,25.29448,21.50771
1785813776,26.77043,79.96796,90,0,226,,1,26.98638,25.29448,21.40631
1785813777,26.84253,80.07172,90,0,226,,1,26.95252,25.36221,21.37264
1785813778,26.85588,79.9588,90,0,226,,1,26.95252,25.32835,21.40631
1785813778,26.74372,79.97253,90,0,226,,1,26.98638,25.36221,21.37264
1785813779,26.84253,79.92676,90,0,226,,1,26.98638,25.39588,21.40631
1785813780,26.84253,79.95728,90,0,226,,1,26.98638,25.42974,21.40631
1785813780,26.77043,79.94812,90,0,226,,1,26.98638,25.32835,21.40631
1785813781,26.78645,80.07782,90,0,226,,1,27.02005,25.39588,21.44018
1785813782,26.85588,80.01221,90,0,226,,1,26.98638,25.39588,21.44018
1785813782,26.81315,80,90,0,226,,1,27.02005,25.29448,21.40631
1785813783,26.84253,80.00916,90,0,226,,1,27.02005,25.29448,21.47404
1785813784,26.85588,79.85657,90,0,226,,1,27.02005,25.36221,21.40631
1785813784,26.85588,80.04425,90,0,226,,1,26.95252,25.36221,21.37264
1785813785,26.74372,79.97253,90,0,226,,1,26.98638,25.39588,21.37264
1785813786,26.77043,79.99084,90,0,226,,1,26.98638,25.36221,21.37264
1785813786,26.8986,80.07629,90,0,226,,1,26.91865,25.36221,21.44018
1785813787,26.82918,79.98474,90,0,226,,1,26.98638,25.36221,21.40631
1785813788,26.85588,79.9588,90,0,226,,1,26.98638,25.39588,21.50771
1785813788,26.85588,80.07629,90,0,226,,1,26.98638,25.32835,21.40631
1785813789,26.78645,79.91302,90,0,226,,1,26.98638,25.29448,21.47404
1785813790,26.75708,80.09003,90,0,226,,1,26.98638,25.39588,21.44018
1785813790,26.7998,80.01831,90,0,226,,1,26.98638,25.39588,21.33878
1785813791,26.86923,80.10834,90,0,226,,1,27.02005,25.32835,21.37264
1785813792,26.84253,79.91608,90,0,226,,1,27.05412,25.39588,21.47404
1785813792,26.77043,79.99084,90,0,227,,1,26.98638,25.32835,21.44018
1785813793,26.81315,80,90,0,226,,1,27.02005,25.39588,21.40631
1785813794,26.82918,79.97253,90,0,226,,1,26.98638,25.42974,21.40631
1785813795,26.92798,79.90692,90,0,226,,1,26.98638,25.39588,21.37264
1785813795,26.82918,79.94354,90,0,226,,1,27.02005,25.36221,21.47404
1785813796,26.81315,79.9588,90,0,226,,1,26.98638,25.36221,21.44018
1785813797,26.82918,80.00458,90,0,226,,1,27.02005,25.36221,21.40631
1785813797,26.81315,80.0946,90,0,226,,1,26.98638,25.36221,21.37264
1785813798,26.78645,79.90234,90,0,226,,1,27.02005,25.29448,21.47404
1785813799,26.88525,79.98932,90,0,226,,1,26.98638,25.36221,21.44018
1785813799,26.77043,79.93896,90,0,226,,1,27.02005,25.39588,21.37264
1785813800,26.84253,80.05035,90,0,226,,1,26.98638,25.39588,21.47404
1785813801,26.8986,79.96185,90,0,226,,1,26.98638,25.32835,21.37264
1785813801,26.78645,79.98474,90,0,226,,1,26.98638,25.42974,21.44018
1785813802,26.78645,79.96338,90,0,226,,1,27.05412,25.36221,21.40631
1785813803,26.82918,80.03662,90,0,226,,1,26.95252,25.36221,21.37264
1785813803,26.88525,80.01831,90,0,226,,1,27.02005,25.39588,21.47404
1785813804,26.81315,79.92065,90,0,226,,1,26.98638,25.36221,21.47404
1785813805,26.7998,80.03052,90,0,226,,1,27.02005,25.29448,21.47404
1785813805,26.86923,79.89014,90,0,226,,1,26.98638,25.32835,21.50771
1785813806,26.81315,79.94965,90,0,226,,1,27.02005,25.32835,21.47404
1785813807,26.77043,79.83521,90,0,226,,1,27.02005,25.39588,21.44018
1785813807,26.7998,79.97711,90,0,226,,1,26.98638,25.32835,21.40631
1785813808,26.84253,79.99847,90,0,226,,1,26.98638,25.29448,21.44018
1785813809,26.88525,79.96796,90,0,226,,1,26.98638,25.32835,21.44018
1785813809,26.81315,79.9588,90,0,226,,1,26.98638,25.42974,21.37264
1785813810,26.7998,79.95728,90,0,226,,1,27.02005,25.39588,21.40631
1785813811,26.75708,79.94507,90,0,226,,1,27.02005,25.39588,21.40631
1785813811,26.71435,80.02747,90,0,226,,1,27.05412,25.36221,21.37264
1785813812,26.82918,79.91302,90,0,226,,1,26.98638,25.36221,21.47404
1785813813,26.82918,79.89319,90,0,226,,1,26.98638,25.39588,21.40631
1785813814,26.78645,79.96338,90,0,226,,1,27.02005,25.36221,21.47404
1785813814,26.91195,79.96338,90,0,226,,1,26.95252,25.32835,21.44018
1785813815,26.7998,79.89471,90,0,226,,1,27.02005,25.32835,21.40631
1785813816,26.7998,79.92676,90,0,226,,1,26.98638,25.39588,21.47404
1785813816,26.77043,80.02136,90,0,226,,1,27.02005,25.32835,21.40631
1785813817,26.77043,79.88861,90,0,226,,1,26.98638,25.39588,21.44018
1785813818,26.77043,79.96796,90,0,226,,1,26.98638,25.32835,21.40631
1785813818,26.7998,79.85352,90,0,226,,1,26.98638,25.36221,21.40631
1785813819,26.85588,79.99084,90,0,226,,1,26.95252,25.32835,21.50771
1785813820,26.77043,79.82452,90,0,226,,1,26.98638,25.36221,21.33878
1785813820,26.85588,79.92981,90,0,226,,1,26.98638,25.32835,21.44018
1785813821,26.78645,79.88098,90,0,226,,1,26.98638,25.39588,21.40631
1785813822,26.7998,79.82147,90,0,226,,1,27.02005,25.32835,21.40631
1785813822,26.77043,79.90845,90,0,227,,1,26.98638,25.39588,21.47404
1785813823,26.84253,79.93591,90,0,226,,1,27.02005,25.39588,21.44018
1785813824,26.92798,79.92676,90,0,226,,1,26.98638,25.39588,21.37264
1785813824,26.88525,79.93896,90,0,226,,1,27.05412,25.42974,21.47404
1785813825,26.77043,79.88861,90,0,227,,1,27.02005,25.32835,21.40631
1785813826,26.81315,79.89777,90,0,226,,1,27.02005,25.39588,21.40631
1785813826,26.82918,79.9527,90,0,226,,1,26.98638,25.36221,21.47404
1785813827,26.77043,79.8764,90,0,226,,1,26.98638,25.36221,21.44018
1785813828,26.82918,79.96338,90,0,226,,1,26.98638,25.32835,21.40631
1785813828,26.8986,79.98169,90,0,226,,1,27.05412,25.42974,21.40631
1785813829,26.84253,79.99847,90,0,226,,1,26.95252,25.32835,21.47404
1785813830,26.86923,79.92218,90,0,226,,1,27.02005,25.29448,21.44018
1785813830,26.81315,79.92981,90,0,226,,1,27.02005,25.29448,21.37264
1785813831,26.82918,79.89319,90,0,226,,1,27.02005,25.32835,21.44018
1785813832,26.84253,79.85352,90,0,226,,1,26.98638,25.36221,21.44018
1785813833,26.81315,79.92981,90,0,226,,1,26.98638,25.39588,21.44018
1785813833,26.86923,79.8291,90,0,226,,1,27.02005,25.39588,21.47404
1785813834,26.86923,79.84894,90,0,226,,1,26.95252,25.39588,21.44018
1785813835,26.7998,79.88403,90,0,226,,1,27.02005,25.49748,21.44018
1785813835,26.77043,79.83521,90,0,226,,1,27.02005,25.36221,21.44018
1785813836,26.84253,79.86267,90,0,226,,1,27.02005,25.36221,21.40631
1785813837,26.84253,79.94507,90,0,226,,1,27.02005,25.36221,21.37264
1785813837,26.84253,79.84283,90,0,226,,1,26.95252,25.36221,21.44018
1785813838,26.78645,79.88098,90,0,226,,1,27.02005,25.36221,21.47404
1785813839,26.85588,79.92065,90,0,226,,1,27.02005,25.39588,21.44018
1785813839,26.77043,79.92676,90,0,226,,1,27.02005,25.32835,21.44018
1785813840,26.7998,79.98627,90,0,226,,1,26.98638,25.36221,21.44018
1785813841,26.7998,79.78943,90,0,226,,1,27.02005,25.32835,21.37264
1785813841,26.7998,80.00916,90,0,226,,1,27.02005,25.29448,21.44018
1785813842,26.78645,79.91302,90,0,226,,1,27.02005,25.42974,21.40631
1785813843,26.7998,79.96643,90,0,226,,1,26.98638,25.36221,21.47404
1785813843,26.91195,79.84894,90,0,226,,1,27.02005,25.39588,21.44018
1785813844,26.84253,79.92676,90,0,226,,1,26.98638,25.36221,21.37264
1785813845,26.81315,79.92065,90,0,226,,1,27.02005,25.32835,21.40631
1785813845,26.82918,79.88098,90,0,226,,1,26.98638,25.32835,21.37264
1785813846,26.82918,79.81689,90,0,226,,1,27.02005,25.32835,21.47404
1785813847,26.78645,79.92218,90,0,226,,1,26.98638,25.26061,21.44018
1785813847,26.81315,79.8764,90,0,226,,1,26.98638,25.32835,21.40631
1785813848,26.7998,79.92676,90,0,226,,1,26.98638,25.36221,21.40631
1785813849,26.77043,79.94812,90,0,226,,1,26.98638,25.39588,21.44018
1785813849,26.78645,79.89014,90,0,226,,1,26.95252,25.36221,21.44018
1785813850,26.82918,79.92218,90,0,226,,1,27.08778,25.32835,21.44018
1785813851,26.84253,79.95728,90,0,226,,1,27.02005,25.42974,21.40631
1785813851,26.82918,79.8703,90,0,226,,1,26.98638,25.42974,21.33878
1785813852,26.74372,79.98474,90,0,227,,1,26.98638,25.36221,21.37264
1785813853,26.85588,79.94965,90,0,226,,1,27.02005,25.36221,21.40631
1785813854,26.85588,79.9588,90,0,226,,1,26.98638,25.36221,21.33878
1785813854,26.82918,79.79706,90,0,226,,1,27.02005,25.32835,21.40631
1785813855,26.82918,79.89319,90,0,226,,1,27.02005,25.32835,21.44018
1785813856,26.78645,79.7879,90,0,226,,1,27.02005,25.39588,21.40631
1785813856,26.78645,80.01678,90,0,226,,1,27.05412,25.36221,21.40631
1785813857,26.84253,79.97711,90,0,226,,1,26.98638,25.42974,21.33878
1785813858,26.81315,79.9588,90,0,226,,1,27.02005,25.39588,21.44018
1785813858,26.7998,79.92676,90,0,226,,1,26.98638,25.36221,21.33878
1785813859,26.82918,79.96338,90,0,226,,1,26.95252,25.32835,21.37264
1785813860,26.7998,79.92676,90,0,226,,1,27.02005,25.42974,21.44018
1785813860,26.81315,79.92981,90,0,226,,1,26.98638,25.32835,21.40631
1785813861,26.71435,79.89319,90,0,226,,1,27.02005,25.32835,21.40631
1785813862,26.75708,79.83063,90,0,226,,1,26.98638,25.29448,21.44018
1785813862,26.78645,79.91302,90,0,227,,1,27.05412,25.46361,21.47404
1785813863,26.78645,80.00458,90,0,226,,1,26.98638,25.36221,21.40631
1785813864,26.85588,79.92981,90,0,226,,1,26.98638,25.36221,21.37264
1785813864,26.7998,79.84283,90,0,226,,1,27.02005,25.32835,21.40631
1785813865,26.75708,79.87183,90,0,227,,1,27.05412,25.36221,21.40631
1785813866,26.86923,79.96338,90,0,226,,1,27.02005,25.39588,21.40631
1785813866,26.78645,79.89014,90,0,226,,1,26.98638,25.39588,21.47404
1785813867,26.85588,79.81537,90,0,226,,1,26.98638,25.39588,21.40631
1785813868,26.77043,79.90845,90,0,226,,1,27.05412,25.32835,21.37264
1785813868,26.86923,79.92218,90,0,226,,1,26.98638,25.39588,21.47404
1785813869,26.7998,79.93439,90,0,226,,1,27.02005,25.39588,21.47404
1785813870,26.7998,79.98627,90,0,226,,1,26.98638,25.36221,21.33878
1785813870,26.78645,79.93134,90,0,226,,1,26.98638,25.32835,21.44018
1785813871,26.78645,80.00458,90,0,226,,1,27.02005,25.39588,21.37264
1785813872,26.82918,79.94354,90,0,226,,1,27.02005,25.39588,21.44018
1785813873,26.75708,80.01831,90,0,226,,1,27.05412,25.36221,21.37264
1785813873,26.7998,79.95728,90,0,226,,1,27.02005,25.29448,21.44018
1785813874,26.82918,79.90234,90,0,226,,1,27.02005,25.36221,21.47404
1785813875,26.81315,79.72076,90,0,226,,1,27.02005,25.39588,21.37264
1785813875,26.91195,79.8291,90,0,226,,1,26.98638,25.29448,21.37264
1785813876,26.81315,79.97101,90,0,226,,1,27.05412,25.39588,21.44018
1785813877,26.7998,79.82147,90,0,226,,1,27.05412,25.42974,21.37264
1785813877,26.78645,79.9527,90,0,226,,1,26.98638,25.36221,21.40631
1785813878,26.91195,80.02594,90,0,226,,1,26.98638,25.36221,21.40631
1785813879,26.81315,79.84436,90,0,226,,1,27.02005,25.32835,21.37264
1785813879,26.86923,79.90234,90,0,226,,1,27.02005,25.39588,21.40631
1785813880,26.86923,79.9527,90,0,226,,1,26.98638,25.36221,21.40631
1785813881,26.78645,79.91302,90,0,226,,1,27.02005,25.32835,21.44018
1785813881,26.78645,79.92218,90,0,226,,1,26.98638,25.32835,21.47404
1785813882,26.82918,79.93439,90,0,226,,1,27.02005,25.42974,21.44018
1785813883,26.78645,79.84894,90,0,226,,1,26.98638,25.36221,21.40631
1785813883,26.8986,79.88861,90,0,226,,1,26.98638,25.36221,21.44018
1785813884,26.77043,79.96796,90,0,226,,1,27.02005,25.42974,21.47404
1785813885,26.75708,79.86267,90,0,226,,1,26.95252,25.39588,21.44018
1785813885,26.85588,79.94049,90,0,226,,1,26.98638,25.36221,21.40631
1785813886,26.91195,79.98474,90,0,226,,1,27.02005,25.36221,21.47404
1785813887,26.78645,80.07782,90,0,226,,1,27.02005,25.32835,21.44018
1785813887,26.701,79.81689,90,0,226,,1,26.98638,25.36221,21.44018
1785813888,26.78645,79.8703,90,0,226,,1,26.98638,25.39588,21.47404
1785813889,26.7998,79.80164,90,0,226,,1,27.02005,25.29448,21.40631
1785813889,26.82918,79.98474,90,0,226,,1,26.98638,25.32835,21.37264
1785813890,26.88525,80.03052,90,0,226,,1,27.02005,25.36221,21.33878
1785813891,26.7998,79.82147,90,0,226,,1,26.98638,25.36221,21.40631
1785813892,26.82918,79.8291,90,0,226,,1,27.02005,25.32835,21.47404
1785813892,26.82918,80.04883,90,0,227,,1,26.98638,25.32835,21.40631
1785813893,26.78645,79.94354,90,0,226,,1,27.05412,25.36221,21.37264
1785813894,26.81315,79.78333,90,0,226,,1,26.95252,25.36221,21.40631
1785813894,26.77043,79.94812,90,0,226,,1,26.98638,25.36221,21.40631
1785813895,26.85588,79.88861,90,0,226,,1,27.02005,25.39588,21.50771
1785813896,26.75708,79.90387,90,0,226,,1,27.02005,25.46361,21.50771
1785813896,26.7998,79.85352,90,0,226,,1,27.05412,25.36221,21.44018
1785813897,26.75708,79.84283,90,0,226,,1,27.02005,25.32835,21.47404
1785813898,26.77043,80.03204,90,0,226,,1,27.02005,25.29448,21.37264
1785813898,26.85588,79.85657,90,0,226,,1,27.02005,25.39588,21.44018
1785813899,26.8986,79.92065,90,0,226,,1,27.02005,25.36221,21.40631
1785813900,26.82918,79.90234,90,0,226,,1,26.98638,25.32835,21.40631
1785813900,26.88525,79.93896,90,0,226,,1,26.98638,25.29448,21.44018
1785813901,26.88525,79.99847,90,0,226,,1,26.98638,25.39588,21.40631
1785813902,26.88525,79.96796,90,0,226,,1,27.02005,25.42974,21.44018
1785813902,26.77043,79.82452,90,0,227,,1,27.02005,25.39588,21.40631
1785813903,26.73037,79.93896,90,0,226,,1,26.98638,25.36221,21.40631
1785813904,26.77043,80,90,0,226,,1,26.98638,25.42974,21.44018
1785813904,26.84253,79.82147,90,0,226,,1,27.02005,25.36221,21.47404
1785813905,26.82918,79.8291,90,0,226,,1,27.02005,25.36221,21.37264
1785813906,26.75708,79.90387,90,0,226,,1,27.02005,25.29448,21.40631
1785813906,26.77043,79.96796,90,0,226,,1,27.02005,25.29448,21.40631
1785813907,26.82918,79.96338,90,0,226,,1,26.95252,25.39588,21.40631
1785813908,26.75708,79.81079,90,0,226,,1,27.02005,25.32835,21.44018
1785813908,26.77043,79.90845,90,0,226,,1,26.98638,25.39588,21.40631
1785813909,26.85588,79.86725,90,0,226,,1,27.02005,25.36221,21.37264
1785813910,26.68765,79.92676,90,0,226,,1,26.98638,25.39588,21.37264
1785813911,26.78645,79.8291,90,0,226,,1,26.98638,25.36221,21.40631
1785813911,26.81315,79.99084,90,0,226,,1,26.95252,25.32835,21.40631
1785813912,26.82918,79.96338,90,0,226,,1,26.95252,25.36221,21.37264
1785813913,26.74372,79.7757,90,0,227,,1,27.02005,25.39588,21.37264
1785813913,26.82918,79.86115,90,0,226,,1,27.02005,25.46361,21.47404
1785813914,26.73037,79.86572,90,0,226,,1,27.02005,25.29448,21.44018
1785813915,26.7998,79.97711,90,0,226,,1,26.95252,25.32835,21.44018
1785813915,26.85588,79.92065,90,0,226,,1,27.02005,25.36221,21.44018
1785813916,26.88525,79.82147,90,0,226,,1,27.05412,25.32835,21.44018
1785813917,26.82918,79.91302,90,0,226,,1,26.95252,25.29448,21.44018
1785813917,26.82918,79.98474,90,0,226,,1,26.95252,25.32835,21.47404
1785813918,26.75708,79.84283,90,0,226,,1,26.98638,25.39588,21.40631
1785813919,26.82918,79.91302,90,0,226,,1,27.02005,25.29448,21.47404
1785813919,26.74372,79.98474,90,0,226,,1,27.02005,25.32835,21.47404
1785813920,26.84253,79.95728,90,0,226,,1,26.98638,25.36221,21.44018
1785813921,26.7998,79.95728,90,0,226,,1,26.98638,25.32835,21.47404
1785813921,26.73037,79.88861,90,0,226,,1,26.98638,25.36221,21.37264
1785813922,26.78645,79.93134,90,0,226,,1,26.95252,25.32835,21.37264
1785813923,26.77043,79.98016,90,0,226,,1,26.98638,25.32835,21.37264
1785813923,26.77043,79.86572,90,0,226,,1,27.05412,25.42974,21.44018
1785813924,26.68765,79.9588,90,0,226,,1,26.98638,25.36221,21.44018
1785813925,26.85588,79.90845,90,0,226,,1,27.05412,25.36221,21.47404
1785813925,26.82918,79.90234,90,0,226,,1,27.02005,25.39588,21.37264
1785813926,26.81315,79.88861,90,0,226,,1,26.98638,25.39588,21.47404
1785813927,26.73037,79.92676,90,0,226,,1,27.02005,25.36221,21.33878
1785813927,26.81315,79.97101,90,0,226,,1,27.02005,25.42974,21.40631
1785813928,26.82918,79.90234,90,0,226,,1,27.02005,25.39588,21.40631
1785813929,26.73037,79.88861,90,0,226,,1,27.08778,25.36221,21.37264
1785813930,26.77043,79.9588,90,0,226,,1,27.02005,25.46361,21.40631
1785813930,26.74372,79.94049,90,0,226,,1,27.02005,25.32835,21.47404
1785813931,26.84253,79.90692,90,0,226,,1,26.98638,25.29448,21.40631
1785813932,26.86923,80.03662,90,0,226,,1,27.02005,25.36221,21.40631
1785813932,26.81315,79.99084,90,0,227,,1,27.05412,25.46361,21.47404
1785813933,26.78645,80.03662,90,0,226,,1,26.98638,25.36221,21.37264
1785813934,26.82918,80.10834,90,0,226,,1,26.98638,25.32835,21.40631
1785813934,26.85588,79.9588,90,0,226,,1,27.02005,25.39588,21.44018
1785813935,26.75708,79.94507,90,0,226,,1,26.98638,25.36221,21.37264
1785813936,26.73037,79.90845,90,0,226,,1,27.02005,25.36221,21.44018
1785813936,26.82918,80.05798,90,0,226,,1,26.98638,25.36221,21.40631
1785813937,26.78645,79.8703,90,0,226,,1,27.02005,25.36221,21.44018
1785813938,26.85588,79.81537,90,0,226,,1,26.95252,25.39588,21.47404
1785813938,26.77043,80.05341,90,0,226,,1,27.02005,25.36221,21.40631
1785813939,26.73037,79.8764,90,0,226,,1,27.05412,25.39588,21.37264
1785813940,26.71435,79.83063,90,0,226,,1,26.98638,25.42974,21.44018
1785813940,26.8986,79.94049,90,0,226,,1,26.98638,25.36221,21.40631
1785813941,26.85588,80.02289,90,0,226,,1,27.02005,25.42974,21.37264
1785813942,26.71435,79.91302,90,0,226,,1,26.98638,25.26061,21.40631
1785813942,26.7998,79.99847,90,0,227,,1,26.95252,25.36221,21.40631
1785813943,26.84253,79.94507,90,0,226,,1,26.98638,25.32835,21.37264
1785813944,26.81315,80.01221,90,0,226,,1,27.02005,25.42974,21.40631
1785813944,26.82918,79.9527,90,0,226,,1,26.98638,25.39588,21.37264
1785813945,26.7998,80.03967,90,0,226,,1,27.02005,25.26061,21.37264
1785813946,26.75708,79.96643,90,0,226,,1,26.95252,25.32835,21.47404
1785813946,26.82918,79.97253,90,0,226,,1,27.02005,25.36221,21.40631
1785813947,26.84253,80.01831,90,0,226,,1,27.02005,25.36221,21.40631
1785813948,26.85588,80.01221,90,0,226,,1,27.02005,25.29448,21.37264
1785813949,26.7998,79.90387,90,0,226,,1,26.98638,25.36221,21.40631
1785813949,26.85588,80.03204,90,0,226,,1,26.98638,25.32835,21.44018
1785813950,26.75708,80.02747,90,0,226,,1,26.98638,25.36221,21.50771
1785813951,26.7998,80.0824,90,0,226,,1,26.98638,25.32835,21.44018
1785813951,26.77043,80.02136,90,0,226,,1,26.98638,25.29448,21.37264
1785813952,26.78645,79.93134,90,0,226,,1,27.02005,25.36221,21.37264
1785813953,26.7998,80.03967,90,0,227,,1,27.05412,25.32835,21.47404
1785813953,26.78645,79.89014,90,0,226,,1,26.98638,25.46361,21.47404
1785813954,26.85588,79.97101,90,0,226,,1,27.05412,25.36221,21.40631
1785813955,26.81315,80.06409,90,0,226,,1,27.02005,25.36221,21.44018
1785813955,26.88525,80.01831,90,0,226,,1,27.02005,25.39588,21.44018
1785813956,26.82918,80.17242,90,0,226,,1,27.02005,25.36221,21.44018
1785813957,26.78645,79.8703,90,0,226,,1,27.02005,25.36221,21.44018
1785813957,26.7998,79.99847,90,0,226,,1,26.98638,25.39588,21.47404
1785813958,26.7998,79.97711,90,0,226,,1,27.02005,25.36221,21.37264
1785813959,26.81315,79.9588,90,0,226,,1,27.02005,25.42974,21.40631
1785813959,26.8986,79.99084,90,0,226,,1,26.95252,25.39588,21.44018
1785813960,26.73037,80.07324,90,0,226,,1,26.98638,25.36221,21.50771
1785813961,26.78645,79.94354,90,0,226,,1,26.98638,25.32835,21.37264
1785813961,26.77043,79.90845,90,0,226,,1,27.02005,25.36221,21.37264
1785813962,26.81315,80.01221,90,0,226,,1,27.02005,25.22675,21.44018
1785813963,26.82918,79.86115,90,0,226,,1,27.02005,25.32835,21.44018
1785813963,26.7998,80.09003,90,0,226,,1,26.98638,25.36221,21.40631
1785813964,26.81315,79.98016,90,0,226,,1,26.98638,25.36221,21.44018
1785813965,26.74372,79.9939,90,0,226,,1,27.02005,25.36221,21.37264
1785813965,26.77043,79.90845,90,0,226,,1,27.02005,25.36221,21.47404
1785813966,26.7998,79.97711,90,0,226,,1,26.98638,25.32835,21.44018
1785813967,26.86923,80.09918,90,0,226,,1,26.95252,25.36221,21.40631
1785813968,26.88525,80.03052,90,0,226,,1,26.98638,25.36221,21.50771
1785813968,26.82918,80.02594,90,0,226,,1,27.05412,25.36221,21.44018
1785813969,26.81315,79.97101,90,0,226,,1,26.98638,25.39588,21.44018
1785813970,26.77043,80.03204,90,0,226,,1,27.02005,25.36221,21.40631
1785813970,26.84253,79.94507,90,0,226,,1,27.02005,25.42974,21.30491
1785813971,26.7998,79.92676,90,0,226,,1,27.02005,25.36221,21.50771
1785813972,26.85588,80.05493,90,0,226,,1,26.98638,25.36221,21.30491
1785813972,26.85588,79.90845,90,0,227,,1,26.98638,25.36221,21.47404
1785813973,26.78645,79.98474,90,0,226,,1,26.98638,25.39588,21.40631
1785813974,26.701,79.82605,90,0,226,,1,27.02005,25.29448,21.44018
1785813974,26.81315,80.02289,90,0,226,,1,26.95252,25.42974,21.47404
1785813975,26.85588,79.90845,90,0,226,,1,27.02005,25.36221,21.40631
1785813976,26.91195,80.01678,90,0,226,,1,26.98638,25.39588,21.44018
1785813976,26.77043,79.9176,90,0,226,,1,27.02005,25.39588,21.40631
1785813977,26.81315,79.89777,90,0,226,,1,27.05412,25.39588,21.47404
1785813978,26.81315,79.9588,90,0,226,,1,27.05412,25.36221,21.40631
1785813978,26.77043,79.83521,90,0,226,,1,27.05412,25.36221,21.37264
1785813979,26.75708,79.97711,90,0,226,,1,26.98638,25.42974,21.44018
1785813980,26.81315,79.98016,90,0,226,,1,27.05412,25.36221,21.44018
1785813980,26.86923,79.92218,90,0,226,,1,27.02005,25.39588,21.40631
1785813981,26.7998,79.97711,90,0,226,,1,27.02005,25.29448,21.47404
1785813982,26.81315,80,90,0,226,,1,26.98638,25.39588,21.40631
1785813982,26.88525,79.92676,90,0,227,,1,27.02005,25.36221,21.47404
1785813983,26.85588,79.94965,90,0,226,,1,27.02005,25.29448,21.44018
1785813984,26.7998,79.98627,90,0,226,,1,27.02005,25.39588,21.33878
1785813984,26.8986,79.98169,90,0,226,,1,27.02005,25.42974,21.40631
1785813985,26.85588,80.07629,90,0,226,,1,26.98638,25.32835,21.40631
1785813986,26.8986,79.92065,90,0,226,,1,26.98638,25.36221,21.40631
1785813987,26.82918,79.97253,90,0,226,,1,27.02005,25.36221,21.47404
1785813987,26.84253,79.89471,90,0,226,,1,26.95252,25.36221,21.47404
1785813988,26.68765,79.80316,90,0,226,,1,26.98638,25.39588,21.44018
1785813989,26.84253,79.95728,90,0,226,,1,26.98638,25.39588,21.40631
1785813989,26.78645,80.02594,90,0,226,,1,27.02005,25.36221,21.40631
1785813990,26.77043,79.90845,90,0,226,,1,26.95252,25.36221,21.44018
1785813991,26.75708,80.00763,90,0,226,,1,26.98638,25.29448,21.47404
1785813991,26.84253,79.99847,90,0,226,,1,26.98638,25.29448,21.44018
1785813992,26.81315,79.9588,90,0,226,,1,27.02005,25.32835,21.40631
1785813993,26.84253,79.86267,90,0,227,,1,27.05412,25.42974,21.50771
1785813993,26.82918,79.94354,90,0,226,,1,27.02005,25.36221,21.44018
1785813994,26.74372,79.9115,90,0,226,,1,27.02005,25.36221,21.44018
1785813995,26.81315,79.92065,90,0,226,,1,27.05412,25.32835,21.40631
1785813995,26.85588,79.99084,90,0,226,,1,26.98638,25.39588,21.33878
1785813996,26.77043,79.9176,90,0,226,,1,26.98638,25.39588,21.44018
1785813997,26.74372,79.98474,90,0,226,,1,26.98638,25.29448,21.37264
1785813997,26.88525,79.87488,90,0,226,,1,26.98638,25.39588,21.40631
1785813998,26.75708,79.91608,90,0,226,,1,26.98638,25.36221,21.44018
1785813999,26.85588,79.99084,90,0,226,,1,27.02005,25.32835,21.40631
1785813999,26.84253,79.98932,90,0,226,,1,26.95252,25.39588,21.40631
1785814000,26.77043,79.86572,90,0,226,,1,26.98638,25.39588,21.40631
1785814001,26.88525,79.99847,90,0,226,,1,27.05412,25.39588,21.47404
1785814001,26.81315,79.9588,90,0,226,,1,26.98638,25.39588,21.40631
1785814002,26.74372,79.94049,90,0,226,,1,26.98638,25.39588,21.50771
1785814003,26.81315,79.88861,90,0,226,,1,26.98638,25.32835,21.44018
1785814004,26.84253,79.97711,90,0,226,,1,27.05412,25.42974,21.40631
1785814004,26.77043,79.90845,90,0,226,,1,27.02005,25.32835,21.37264
1785814005,26.7998,79.99847,90,0,226,,1,27.05412,25.32835,21.47404
1785814006,26.77043,79.99084,90,0,226,,1,27.02005,25.46361,21.37264
1785814006,26.75708,80.02747,90,0,226,,1,27.02005,25.29448,21.40631
1785814007,26.81315,79.92981,90,0,226,,1,26.95252,25.26061,21.44018
1785814008,26.7998,79.89471,90,0,226,,1,27.02005,25.42974,21.33878
1785814008,26.81315,79.8764,90,0,226,,1,26.98638,25.29448,21.40631
1785814009,26.8986,79.85657,90,0,226,,1,26.98638,25.32835,21.40631
1785814010,26.7998,79.92676,90,0,226,,1,27.02005,25.32835,21.44018
1785814010,26.81315,80.03204,90,0,226,,1,26.95252,25.29448,21.44018
1785814011,26.82918,79.89319,90,0,226,,1,26.95252,25.39588,21.44018
1785814012,26.84253,79.96643,90,0,226,,1,26.98638,25.32835,21.50771
1785814012,26.77043,80.01221,90,0,227,,1,26.98638,25.36221,21.37264
1785814013,26.82918,79.98474,90,0,226,,1,26.98638,25.39588,21.37264
1785814014,26.81315,80.02289,90,0,226,,1,26.95252,25.36221,21.47404
1785814014,26.84253,79.98932,90,0,226,,1,26.98638,25.46361,21.44018
1785814015,26.84253,79.98932,90,0,226,,1,26.95252,25.36221,21.33878
1785814016,26.77043,79.93896,90,0,226,,1,27.02005,25.39588,21.44018
1785814016,26.78645,79.91302,90,0,226,,1,26.98638,25.42974,21.40631
1785814017,26.85588,80.02289,90,0,226,,1,26.98638,25.32835,21.40631
1785814018,26.82918,80.04883,90,0,226,,1,27.05412,25.32835,21.33878
1785814018,26.8986,80.06409,90,0,226,,1,26.98638,25.36221,21.44018
1785814019,26.82918,80.14038,90,0,226,,1,27.02005,25.39588,21.47404
1785814020,26.81315,79.9588,90,0,226,,1,27.02005,25.46361,21.33878
1785814020,26.85588,80.03204,90,0,226,,1,26.95252,25.46361,21.37264
1785814021,26.85588,80.04425,90,0,226,,1,27.02005,25.32835,21.40631
1785814022,26.82918,80.05798,90,0,226,,1,27.02005,25.32835,21.54157
1785814022,26.77043,80.06409,90,0,226,,1,26.98638,25.36221,21.37264
1785814023,26.86923,80.01678,90,0,226,,1,26.98638,25.29448,21.40631
1785814024,26.84253,80.05035,90,0,226,,1,27.02005,25.29448,21.37264
1785814025,26.86923,80.07782,90,0,226,,1,27.02005,25.42974,21.44018
1785814025,26.77043,79.99084,90,0,226,,1,26.98638,25.36221,21.37264
1785814026,26.84253,80.06256,90,0,226,,1,27.02005,25.36221,21.40631
1785814027,26.77043,80.01221,90,0,226,,1,27.05412,25.36221,21.40631
1785814027,26.78645,80.05798,90,0,226,,1,26.98638,25.29448,21.44018
1785814028,26.84253,80.15411,90,0,226,,1,26.98638,25.29448,21.40631
1785814029,26.7998,80.05951,90,0,226,,1,26.98638,25.36221,21.47404
1785814029,26.84253,80.10071,90,0,226,,1,26.95252,25.32835,21.40631
1785814030,26.84253,79.96643,90,0,226,,1,26.98638,25.32835,21.40631
1785814031,26.74372,79.88098,90,0,226,,1,26.98638,25.29448,21.44018
1785814031,26.77043,79.90845,90,0,226,,1,27.02005,25.42974,21.47404
1785814032,26.82918,80.05798,90,0,226,,1,27.05412,25.39588,21.44018
1785814033,26.85588,80.03204,90,0,226,,1,27.05412,25.32835,21.40631
1785814033,26.82918,80.04883,90,0,226,,1,26.95252,25.39588,21.40631
1785814034,26.86923,79.96338,90,0,226,,1,27.02005,25.36221,21.37264
1785814035,26.73037,80,90,0,226,,1,27.02005,25.36221,21.44018
1785814035,26.74372,79.98474,90,0,226,,1,26.95252,25.39588,21.40631
1785814036,26.85588,80.02289,90,0,226,,1,27.02005,25.32835,21.44018
1785814037,26.88525,79.95728,90,0,226,,1,27.02005,25.42974,21.40631
1785814037,26.84253,79.90692,90,0,226,,1,26.95252,25.42974,21.44018
1785814038,26.7998,80.0824,90,0,226,,1,26.98638,25.36221,21.40631
1785814039,26.82918,79.94354,90,0,226,,1,27.05412,25.32835,21.44018
1785814039,26.86923,79.94354,90,0,226,,1,26.98638,25.36221,21.47404
1785814040,26.86923,79.93439,90,0,226,,1,27.05412,25.39588,21.47404
1785814041,26.7998,79.91608,90,0,226,,1,27.02005,25.39588,21.40631
1785814041,26.81315,79.90845,90,0,226,,1,27.02005,25.26061,21.40631
1785814042,26.84253,79.93591,90,0,227,,1,27.02005,25.39588,21.47404
1785814043,26.84253,79.91608,90,0,226,,1,26.98638,25.36221,21.37264
1785814044,26.81315,80.02289,90,0,226,,1,27.02005,25.36221,21.44018
1785814044,26.7998,79.93439,90,0,226,,1,26.95252,25.36221,21.44018
1785814045,26.81315,79.92065,90,0,226,,1,27.02005,25.39588,21.40631
1785814046,26.82918,80.02594,90,0,226,,1,26.98638,25.39588,21.40631
1785814046,26.77043,79.94812,90,0,226,,1,26.98638,25.29448,21.47404
1785814047,26.82918,80.09003,90,0,226,,1,27.05412,25.36221,21.44018
1785814048,26.68765,79.94812,90,0,226,,1,26.98638,25.39588,21.40631
1785814048,26.75708,80.08087,90,0,226,,1,26.98638,25.32835,21.37264
1785814049,26.78645,79.91302,90,0,226,,1,27.02005,25.36221,21.37264
1785814050,26.81315,79.75281,90,0,226,,1,26.95252,25.32835,21.44018
1785814050,26.86923,79.97253,90,0,226,,1,27.02005,25.32835,21.44018
1785814051,26.86923,79.97253,90,0,226,,1,27.05412,25.39588,21.44018
1785814052,26.84253,79.92676,90,0,226,,1,27.08778,25.39588,21.44018
1785814052,26.74372,79.9115,90,0,227,,1,26.98638,25.36221,21.40631
1785814053,26.81315,79.85657,90,0,226,,1,27.02005,25.39588,21.40631
1785814054,26.85588,79.89929,90,0,226,,1,27.08778,25.42974,21.44018
1785814054,26.74372,79.88098,90,0,226,,1,26.98638,25.36221,21.44018
1785814055,26.7998,79.95728,90,0,226,,1,27.05412,25.29448,21.50771
1785814056,26.82918,79.90234,90,0,226,,1,26.98638,25.39588,21.40631
1785814056,26.7998,79.94507,90,0,226,,1,26.98638,25.32835,21.44018
1785814057,26.81315,79.82452,90,0,226,,1,26.98638,25.32835,21.33878
1785814058,26.78645,79.88098,90,0,226,,1,26.98638,25.36221,21.37264
1785814058,26.77043,79.96796,90,0,226,,1,26.98638,25.42974,21.37264
1785814059,26.74372,80.00458,90,0,226,,1,26.98638,25.42974,21.37264
1785814060,26.84253,79.98932,90,0,226,,1,27.02005,25.36221,21.44018
1785814060,26.81315,80.01221,90,0,226,,1,27.02005,25.39588,21.40631
1785814061,26.78645,79.97253,90,0,226,,1,27.02005,25.36221,21.40631
1785814062,26.7998,80.03052,90,0,226,,1,27.02005,25.36221,21.40631
1785814063,26.78645,80.04578,90,0,226,,1,27.02005,25.46361,21.40631
1785814063,26.7998,79.98627,90,0,226,,1,26.98638,25.39588,21.44018
1785814064,26.7998,80.05951,90,0,226,,1,26.98638,25.36221,21.44018
1785814065,26.71435,79.96643,90,0,226,,1,26.98638,25.42974,21.37264
1785814065,26.91195,79.98474,90,0,226,,1,27.02005,25.39588,21.40631
1785814066,26.7998,79.98627,90,0,226,,1,27.02005,25.39588,21.40631
1785814067,26.81315,79.94965,90,0,226,,1,26.98638,25.36221,21.40631
1785814067,26.75708,80.01831,90,0,226,,1,26.98638,25.29448,21.37264
1785814068,26.7998,79.98627,90,0,226,,1,26.98638,25.39588,21.47404
1785814069,26.77043,79.9588,90,0,226,,1,27.02005,25.39588,21.40631
1785814069,26.7998,79.89471,90,0,226,,1,26.98638,25.32835,21.47404
1785814070,26.7998,79.94507,90,0,226,,1,27.02005,25.42974,21.40631
1785814071,26.8986,79.9527,90,0,226,,1,27.02005,25.36221,21.40631
1785814071,26.7998,79.93439,90,0,226,,1,26.98638,25.39588,21.44018
1785814072,26.73037,79.85657,90,0,226,,1,26.98638,25.39588,21.40631
1785814073,26.78645,79.91302,90,0,226,,1,27.02005,25.46361,21.44018
1785814073,26.82918,79.96338,90,0,226,,1,26.95252,25.32835,21.40631
1785814074,26.85588,80.02289,90,0,226,,1,27.02005,25.32835,21.37264
1785814075,26.85588,79.92981,90,0,226,,1,26.98638,25.32835,21.33878
1785814075,26.82918,79.94354,90,0,226,,1,26.98638,25.39588,21.40631
1785814076,26.82918,79.98474,90,0,226,,1,26.98638,25.36221,21.33878
1785814077,26.75708,80.01831,90,0,226,,1,26.98638,25.32835,21.44018
1785814077,26.74372,79.92065,90,0,226,,1,26.98638,25.36221,21.33878
1785814078,26.78645,79.97253,90,0,226,,1,26.98638,25.36221,21.44018
1785814079,26.82918,79.93439,90,0,226,,1,27.02005,25.36221,21.44018
1785814079,26.7998,80.01831,90,0,226,,1,26.98638,25.39588,21.47404
1785814080,26.7998,80.00916,90,0,226,,1,27.02005,25.32835,21.44018
1785814081,26.77043,79.99084,90,0,226,,1,27.02005,25.39588,21.37264
1785814082,26.85588,79.86725,90,0,226,,1,26.95252,25.39588,21.40631
1785814082,26.88525,79.91608,90,0,227,,1,26.98638,25.29448,21.40631
1785814083,26.78645,79.93134,90,0,226,,1,26.98638,25.39588,21.44018
1785814084,26.7998,79.89471,90,0,226,,1,27.05412,25.39588,21.44018
1785814084,26.86923,80.00458,90,0,226,,1,26.98638,25.36221,21.37264
1785814085,26.81315,79.9588,90,0,226,,1,26.98638,25.39588,21.44018
1785814086,26.86923,79.98474,90,0,226,,1,27.02005,25.42974,21.40631
1785814086,26.84253,80.06256,90,0,226,,1,26.98638,25.32835,21.47404
1785814087,26.81315,80.05341,90,0,226,,1,26.98638,25.39588,21.37264
1785814088,26.8986,79.94049,90,0,226,,1,27.02005,25.36221,21.37264
1785814088,26.81315,79.9588,90,0,226,,1,26.98638,25.36221,21.47404
1785814089,26.7998,80.00916,90,0,226,,1,26.98638,25.39588,21.33878
1785814090,26.84253,79.98932,90,0,226,,1,26.98638,25.36221,21.40631
1785814090,26.78645,79.8703,90,0,226,,1,26.98638,25.36221,21.37264
1785814091,26.82918,79.98474,90,0,226,,1,26.98638,25.36221,21.44018
1785814092,26.77043,79.94812,90,0,226,,1,26.98638,25.36221,21.40631
1785814092,26.78645,79.89014,90,0,227,,1,27.02005,25.36221,21.44018
1785814093,26.78645,79.80774,90,0,226,,1,26.91865,25.36221,21.47404
1785814094,26.75708,79.93439,90,0,226,,1,26.98638,25.36221,21.40631
1785814094,26.82918,79.94354,90,0,226,,1,26.98638,25.42974,21.40631
1785814095,26.84253,79.96643,90,0,226,,1,26.98638,25.36221,21.50771
1785814096,26.82918,79.98474,90,0,226,,1,27.05412,25.36221,21.47404
1785814096,26.78645,79.91302,90,0,226,,1,27.02005,25.46361,21.44018
1785814097,26.74372,79.83826,90,0,226,,1,26.95252,25.36221,21.50771
1785814098,26.86923,79.99542,90,0,226,,1,26.98638,25.36221,21.33878
1785814098,26.7998,79.89471,90,0,226,,1,26.95252,25.39588,21.44018
1785814099,26.77043,80,90,0,226,,1,26.98638,25.32835,21.44018
1785814100,26.86923,79.89014,90,0,226,,1,26.98638,25.36221,21.40631
1785814101,26.82918,79.92218,90,0,226,,1,26.98638,25.36221,21.37264
1785814101,26.7998,79.91608,90,0,226,,1,26.95252,25.39588,21.40631
1785814102,26.85588,79.99084,90,0,226,,1,26.95252,25.39588,21.47404
1785814103,26.82918,79.93439,90,0,226,,1,27.02005,25.36221,21.40631
1785814103,26.81315,79.93896,90,0,226,,1,26.98638,25.36221,21.47404
1785814104,26.77043,79.96796,90,0,226,,1,26.98638,25.36221,21.40631
1785814105,26.78645,80.07782,90,0,226,,1,26.98638,25.36221,21.47404
1785814105,26.78645,79.8291,90,0,226,,1,26.98638,25.32835,21.44018
1785814106,26.77043,79.92676,90,0,226,,1,26.98638,25.32835,21.44018
1785814107,26.74372,80.0351,90,0,226,,1,27.05412,25.42974,21.40631
1785814107,26.81315,79.99084,90,0,226,,1,27.02005,25.36221,21.33878
1785814108,26.71435,79.92218,90,0,226,,1,26.98638,25.42974,21.47404
1785814109,26.81315,80.05341,90,0,226,,1,26.98638,25.36221,21.44018
1785814109,26.86923,79.96338,90,0,226,,1,26.98638,25.32835,21.40631
1785814110,26.84253,79.96643,90,0,226,,1,26.98638,25.32835,21.40631
1785814111,26.78645,80.04578,90,0,226,,1,27.02005,25.36221,21.40631
1785814111,26.78645,79.86115,90,0,226,,1,27.02005,25.36221,21.37264
1785814112,26.85588,80.01221,90,0,226,,1,27.02005,25.42974,21.47404
1785814113,26.77043,79.79248,90,0,226,,1,26.98638,25.42974,21.47404
1785814113,26.84253,80.01831,90,0,226,,1,27.02005,25.39588,21.37264
1785814114,26.77043,80,90,0,226,,1,26.98638,25.29448,21.40631
1785814115,26.88525,80.07172,90,0,226,,1,26.95252,25.36221,21.47404
1785814115,26.7998,80.11292,90,0,226,,1,27.02005,25.36221,21.44018
1785814116,26.88525,80.10376,90,0,226,,1,27.02005,25.32835,21.40631
1785814117,26.85588,79.99084,90,0,226,,1,27.02005,25.46361,21.40631
1785814117,26.86923,80.01678,90,0,226,,1,26.95252,25.39588,21.44018
1785814118,26.86923,80.09918,90,0,226,,1,27.05412,25.39588,21.44018
1785814119,26.85588,80.01221,90,0,226,,1,27.02005,25.39588,21.40631
1785814120,26.84253,80.03052,90,0,226,,1,26.98638,25.36221,21.44018
1785814120,26.74372,80.09613,90,0,226,,1,26.98638,25.36221,21.47404
1785814121,26.84253,79.90692,90,0,226,,1,27.02005,25.42974,21.47404
1785814122,26.84253,79.99847,90,0,226,,1,26.98638,25.32835,21.44018
1785814122,26.84253,79.96643,90,0,227,,1,26.98638,25.36221,21.50771
1785814123,26.85588,80.02289,90,0,226,,1,26.98638,25.36221,21.47404
1785814124,26.81315,80.10376,90,0,226,,1,26.98638,25.32835,21.50771
1785814124,26.77043,79.9176,90,0,226,,1,26.95252,25.36221,21.37264
1785814125,26.84253,80.16479,90,0,226,,1,26.95252,25.32835,21.40631
1785814126,26.78645,79.90234,90,0,226,,1,26.98638,25.42974,21.40631
1785814126,26.81315,80.03204,90,0,226,,1,27.05412,25.39588,21.33878
1785814127,26.85588,79.94965,90,0,226,,1,26.98638,25.39588,21.40631
1785814128,26.78645,79.96338,90,0,226,,1,27.02005,25.36221,21.40631
1785814128,26.7998,79.97711,90,0,226,,1,27.02005,25.36221,21.44018
1785814129,26.77043,80.10376,90,0,226,,1,26.98638,25.39588,21.40631
1785814130,26.81315,79.99084,90,0,226,,1,26.98638,25.36221,21.40631
1785814130,26.7998,80.05951,90,0,226,,1,27.02005,25.36221,21.47404
1785814131,26.7998,80.00916,90,0,226,,1,27.02005,25.32835,21.44018
1785814132,26.84253,80.03967,90,0,226,,1,27.02005,25.32835,21.37264
1785814132,26.81315,80,90,0,227,,1,26.95252,25.36221,21.33878
1785814133,26.78645,79.94354,90,0,226,,1,26.98638,25.26061,21.37264
1785814134,26.82918,79.98474,90,0,226,,1,26.95252,25.36221,21.44018
1785814134,26.84253,80.05035,90,0,226,,1,26.98638,25.32835,21.44018
1785814135,26.82918,80.05798,90,0,226,,1,26.98638,25.39588,21.40631
1785814136,26.81315,80.06409,90,0,226,,1,26.95252,25.39588,21.47404
1785814136,26.82918,80.00458,90,0,226,,1,27.02005,25.39588,21.40631
1785814137,26.7998,80.03967,90,0,226,,1,27.08778,25.36221,21.44018
1785814138,26.7998,79.91608,90,0,226,,1,27.02005,25.36221,21.44018
1785814139,26.82918,79.9527,90,0,226,,1,27.02005,25.39588,21.40631
1785814139,26.78645,80.01678,90,0,226,,1,27.05412,25.36221,21.44018
1785814140,26.75708,79.96643,90,0,226,,1,27.02005,25.39588,21.40631
1785814141,26.84253,80.00916,90,0,226,,1,27.02005,25.36221,21.44018
1785814141,26.82918,79.96338,90,0,226,,1,27.02005,25.36221,21.47404
1785814142,26.7998,79.94507,90,0,226,,1,26.98638,25.36221,21.44018
1785814143,26.78645,79.98474,90,0,227,,1,26.98638,25.29448,21.50771
1785814143,26.81315,79.98016,90,0,226,,1,27.02005,25.32835,21.44018
1785814144,26.85588,80.03204,90,0,226,,1,27.05412,25.39588,21.40631
1785814145,26.78645,79.92218,90,0,226,,1,26.98638,25.36221,21.44018
1785814145,26.78645,79.98474,90,0,227,,1,26.95252,25.36221,21.50771
1785814146,26.75708,79.94507,90,0,226,,1,27.02005,25.36221,21.40631
1785814147,26.7998,80.03967,90,0,226,,1,26.98638,25.32835,21.33878
1785814147,26.81315,80,90,0,226,,1,27.05412,25.39588,21.40631
1785814148,26.82918,79.96338,90,0,226,,1,27.02005,25.29448,21.44018
1785814149,26.75708,79.95422,90,0,226,,1,26.98638,25.32835,21.44018
1785814149,26.75708,80.00763,90,0,226,,1,27.02005,25.39588,21.37264
1785814150,26.86923,80.02594,90,0,226,,1,27.02005,25.39588,21.40631
1785814151,26.8986,80.01221,90,0,226,,1,26.98638,25.39588,21.44018
1785814151,26.82918,79.94354,90,0,226,,1,26.98638,25.32835,21.40631
1785814152,26.81315,79.92065,90,0,226,,1,27.02005,25.39588,21.44018
1785814153,26.7998,80.00916,90,0,226,,1,26.91865,25.36221,21.44018
1785814153,26.73037,79.8764,90,0,226,,1,27.02005,25.36221,21.37264
1785814154,26.71435,79.95422,90,0,226,,1,27.02005,25.32835,21.44018
1785814155,26.77043,79.98016,90,0,226,,1,26.95252,25.42974,21.40631
1785814155,26.7998,79.87488,90,0,227,,1,27.02005,25.39588,21.40631
1785814156,26.73037,79.98016,90,0,226,,1,27.02005,25.32835,21.40631
1785814157,26.82918,79.98474,90,0,226,,1,27.02005,25.29448,21.40631
1785814158,26.84253,79.97711,90,0,226,,1,26.98638,25.39588,21.40631
1785814158,26.81315,79.9588,90,0,226,,1,26.98638,25.32835,21.40631
1785814159,26.81315,79.8764,90,0,226,,1,26.98638,25.39588,21.44018
1785814160,26.78645,79.92218,90,0,226,,1,26.98638,25.36221,21.44018
1785814160,26.81315,79.90845,90,0,226,,1,27.02005,25.36221,21.40631
1785814161,26.82918,79.98474,90,0,226,,1,27.02005,25.32835,21.47404
1785814162,26.75708,79.94507,90,0,226,,1,27.02005,25.36221,21.47404
1785814162,26.84253,79.90692,90,0,226,,1,27.02005,25.29448,21.44018
1785814163,26.82918,79.86115,90,0,226,,1,27.02005,25.32835,21.50771
1785814164,26.82918,80.01678,90,0,226,,1,27.02005,25.32835,21.40631
1785814164,26.86923,80.06866,90,0,226,,1,27.02005,25.36221,21.47404
1785814165,26.84253,79.77112,90,0,226,,1,27.02005,25.29448,21.40631
1785814166,26.82918,79.90234,90,0,226,,1,27.02005,25.32835,21.44018
1785814166,26.84253,79.93591,90,0,226,,1,26.98638,25.46361,21.44018
1785814167,26.85588,79.98016,90,0,226,,1,26.98638,25.32835,21.44018
1785814168,26.81315,79.93896,90,0,226,,1,27.02005,25.39588,21.47404
1785814168,26.7998,79.96643,90,0,226,,1,27.02005,25.42974,21.44018
1785814169,26.77043,79.82452,90,0,226,,1,27.02005,25.32835,21.47404
1785814170,26.88525,79.91608,90,0,226,,1,26.98638,25.36221,21.50771
1785814170,26.82918,79.88098,90,0,226,,1,26.95252,25.32835,21.47404
1785814171,26.82918,79.9527,90,0,226,,1,27.02005,25.36221,21.40631
1785814172,26.78645,79.9939,90,0,226,,1,26.95252,25.36221,21.40631
1785814172,26.81315,79.89777,90,0,227,,1,26.98638,25.42974,21.44018
1785814173,26.81315,79.94965,90,0,226,,1,26.98638,25.39588,21.40631
1785814174,26.81315,79.92981,90,0,226,,1,27.02005,25.36221,21.40631
1785814174,26.85588,79.94965,90,0,226,,1,26.98638,25.36221,21.37264
1785814175,26.85588,79.9588,90,0,226,,1,26.98638,25.39588,21.40631
1785814176,26.75708,79.92523,90,0,226,,1,27.02005,25.42974,21.40631
1785814177,26.78645,79.93134,90,0,226,,1,27.02005,25.32835,21.44018
1785814177,26.85588,79.88861,90,0,226,,1,26.98638,25.39588,21.40631
1785814178,26.73037,79.97101,90,0,226,,1,26.95252,25.39588,21.47404
1785814179,26.85588,80.02289,90,0,226,,1,27.02005,25.42974,21.40631
1785814179,26.77043,79.9176,90,0,226,,1,26.98638,25.32835,21.37264
1785814180,26.85588,79.94965,90,0,226,,1,26.95252,25.32835,21.47404
1785814181,26.84253,80.00916,90,0,226,,1,26.95252,25.32835,21.44018
1785814181,26.78645,79.8291,90,0,226,,1,27.12165,25.36221,21.40631
1785814182,26.81315,79.97101,90,0,226,,1,26.98638,25.39588,21.50771
1785814183,26.78645,79.93134,90,0,227,,1,26.98638,25.36221,21.44018
1785814183,26.81315,79.88861,90,0,226,,1,26.98638,25.39588,21.37264
1785814184,26.78645,80.02594,90,0,226,,1,26.98638,25.36221,21.44018
1785814185,26.77043,79.99084,90,0,226,,1,27.05412,25.39588,21.44018
1785814185,26.75708,79.88403,90,0,226,,1,26.98638,25.36221,21.44018
1785814186,26.75708,80.07172,90,0,226,,1,26.95252,25.36221,21.37264
1785814187,26.78645,80.05798,90,0,226,,1,27.02005,25.42974,21.40631
1785814187,26.701,79.85809,90,0,226,,1,27.05412,25.32835,21.40631
1785814188,26.78645,80.07782,90,0,226,,1,26.98638,25.39588,21.40631
1785814189,26.85588,80.04425,90,0,226,,1,27.02005,25.39588,21.47404
1785814189,26.78645,79.90234,90,0,226,,1,26.95252,25.36221,21.37264
1785814190,26.81315,79.80316,90,0,226,,1,26.98638,25.39588,21.37264
1785814191,26.78645,79.89014,90,0,226,,1,27.02005,25.39588,21.40631
1785814191,26.701,79.8703,90,0,226,,1,26.95252,25.39588,21.37264
1785814192,26.82918,79.88098,90,0,226,,1,27.02005,25.46361,21.44018
1785814193,26.77043,80.02136,90,0,226,,1,27.02005,25.36221,21.40631
1785814193,26.81315,79.93896,90,0,226,,1,26.98638,25.42974,21.40631
1785814194,26.81315,79.89777,90,0,226,,1,27.02005,25.32835,21.50771
1785814195,26.85588,79.94049,90,0,226,,1,26.98638,25.39588,21.47404
1785814196,26.84253,79.92676,90,0,226,,1,26.95252,25.29448,21.44018
1785814196,26.78645,79.9939,90,0,226,,1,26.98638,25.36221,21.44018
1785814197,26.94133,80.00305,90,0,226,,1,26.98638,25.29448,21.44018
1785814198,26.84253,79.98932,90,0,226,,1,27.02005,25.32835,21.40631
1785814198,26.85588,79.94965,90,0,226,,1,26.98638,25.32835,21.40631
1785814199,26.7998,79.96643,90,0,226,,1,26.98638,25.32835,21.44018
1785814200,26.91195,80.05798,90,0,226,,1,27.02005,25.36221,21.40631
1785814200,26.82918,79.97253,90,0,226,,1,26.98638,25.36221,21.50771
1785814201,26.73037,79.94812,90,0,226,,1,26.95252,25.36221,21.37264
1785814202,26.85588,80.00305,90,0,226,,1,27.02005,25.26061,21.44018
1785814202,26.78645,79.92218,90,0,227,,1,27.05412,25.39588,21.44018
1785814203,26.81315,80.16785,90,0,226,,1,26.98638,25.29448,21.33878
1785814204,26.74372,79.9939,90,0,226,,1,27.05412,25.32835,21.44018
1785814204,26.81315,80.01221,90,0,226,,1,26.98638,25.36221,21.40631
1785814205,26.74372,80.00458,90,0,227,,1,26.98638,25.42974,21.44018
1785814206,26.88525,79.97711,90,0,226,,1,26.98638,25.39588,21.40631
1785814206,26.78645,80.18158,90,0,226,,1,27.02005,25.39588,21.40631
1785814207,26.82918,79.94354,90,0,226,,1,27.02005,25.42974,21.47404
1785814208,26.75708,80.00763,90,0,226,,1,27.02005,25.42974,21.47404
1785814208,26.7998,80.03052,90,0,226,,1,26.98638,25.39588,21.40631
1785814209,26.81315,80.08545,90,0,226,,1,26.98638,25.32835,21.40631
1785814210,26.77043,79.9176,90,0,226,,1,27.02005,25.39588,21.37264
1785814210,26.7998,79.89471,90,0,226,,1,27.05412,25.42974,21.47404
1785814211,26.86923,79.94354,90,0,226,,1,26.98638,25.36221,21.40631
1785814212,26.7998,79.93439,90,0,226,,1,27.02005,25.32835,21.44018
1785814212,26.88525,80.13275,90,0,226,,1,27.02005,25.29448,21.44018
1785814213,26.88525,80.01831,90,0,226,,1,27.02005,25.36221,21.44018
1785814214,26.75708,79.99847,90,0,226,,1,26.95252,25.36221,21.40631
1785814215,26.84253,80.06256,90,0,226,,1,27.05412,25.32835,21.47404
1785814215,26.82918,79.96338,90,0,226,,1,26.98638,25.39588,21.47404
1785814216,26.77043,80.05341,90,0,226,,1,27.02005,25.39588,21.40631
1785814217,26.84253,80.05035,90,0,226,,1,27.05412,25.36221,21.37264
1785814217,26.7998,80.14191,90,0,226,,1,26.98638,25.22675,21.44018
1785814218,26.78645,79.97253,90,0,226,,1,26.95252,25.36221,21.47404
1785814219,26.81315,80.02289,90,0,226,,1,27.02005,25.46361,21.44018
1785814219,26.7998,79.97711,90,0,226,,1,26.98638,25.32835,21.40631
1785814220,26.71435,79.97559,90,0,226,,1,27.05412,25.36221,21.40631
1785814221,26.82918,79.96338,90,0,226,,1,27.02005,25.36221,21.47404
1785814221,26.84253,79.92676,90,0,226,,1,26.98638,25.32835,21.47404
1785814222,26.84253,79.96643,90,0,226,,1,26.95252,25.36221,21.40631
1785814223,26.7998,79.89471,90,0,226,,1,27.02005,25.29448,21.44018
1785814223,26.84253,79.97711,90,0,226,,1,26.98638,25.42974,21.47404
1785814224,26.88525,79.95728,90,0,226,,1,27.02005,25.46361,21.44018
1785814225,26.86923,79.93439,90,0,226,,1,26.98638,25.32835,21.44018
1785814225,26.82918,79.97253,90,0,226,,1,27.02005,25.36221,21.40631
1785814226,26.78645,79.8703,90,0,226,,1,26.98638,25.39588,21.47404
1785814227,26.77043,80.07324,90,0,226,,1,26.98638,25.39588,21.44018
1785814227,26.78645,79.97253,90,0,226,,1,27.02005,25.39588,21.40631
1785814228,26.73037,79.97101,90,0,226,,1,26.98638,25.32835,21.40631
1785814229,26.84253,79.96643,90,0,226,,1,26.98638,25.29448,21.44018
1785814229,26.82918,80.07782,90,0,226,,1,26.98638,25.42974,21.40631
1785814230,26.86923,79.88098,90,0,226,,1,27.02005,25.32835,21.37264
1785814231,26.82918,79.84894,90,0,226,,1,27.02005,25.32835,21.40631
1785814231,26.7998,79.96643,90,0,226,,1,27.02005,25.39588,21.50771
1785814232,26.8986,79.99084,90,0,227,,1,27.02005,25.29448,21.44018
1785814233,26.94133,80.05493,90,0,226,,1,27.02005,25.32835,21.44018
1785814234,26.78645,79.90234,90,0,226,,1,27.02005,25.39588,21.44018
1785814234,26.84253,80.00916,90,0,226,,1,27.02005,25.32835,21.40631
1785814235,26.78645,80.02594,90,0,226,,1,26.98638,25.39588,21.37264
1785814236,26.84253,80.00916,90,0,226,,1,27.02005,25.49748,21.44018
1785814236,26.84253,79.90692,90,0,226,,1,27.02005,25.39588,21.44018
1785814237,26.78645,80.00458,90,0,226,,1,27.02005,25.36221,21.50771
1785814238,26.78645,80.04578,90,0,226,,1,27.02005,25.39588,21.40631
1785814238,26.85588,80.01221,90,0,226,,1,27.05412,25.36221,21.44018
1785814239,26.86923,79.92218,90,0,226,,1,26.98638,25.39588,21.40631
1785814240,26.91195,80.03662,90,0,226,,1,26.98638,25.39588,21.47404
1785814240,26.84253,79.97711,90,0,226,,1,26.98638,25.39588,21.40631
1785814241,26.85588,79.86725,90,0,226,,1,26.98638,25.36221,21.37264
1785814242,26.75708,79.83063,90,0,226,,1,26.98638,25.36221,21.44018
1785814242,26.75708,79.99847,90,0,227,,1,27.02005,25.42974,21.44018
1785814243,26.7998,79.85352,90,0,226,,1,26.95252,25.36221,21.37264
1785814244,26.78645,79.9939,90,0,226,,1,27.02005,25.36221,21.47404
1785814244,26.81315,79.9588,90,0,226,,1,27.02005,25.39588,21.47404
1785814245,26.77043,79.93896,90,0,226,,1,27.05412,25.32835,21.47404
1785814246,26.82918,79.98474,90,0,226,,1,26.98638,25.36221,21.47404
1785814246,26.8986,79.94049,90,0,226,,1,27.05412,25.32835,21.44018
1785814247,26.78645,79.97253,90,0,226,,1,27.05412,25.36221,21.47404
1785814248,26.75708,80.07172,90,0,226,,1,27.02005,25.39588,21.33878
1785814248,26.81315,79.88861,90,0,226,,1,27.05412,25.39588,21.40631
1785814249,26.91195,80.07782,90,0,226,,1,27.02005,25.32835,21.44018
1785814250,26.84253,79.99847,90,0,226,,1,27.02005,25.36221,21.47404
1785814250,26.7998,80.05951,90,0,226,,1,27.02005,25.39588,21.40631
1785814251,26.81315,80.02289,90,0,226,,1,27.02005,25.36221,21.47404
1785814252,26.86923,80.04578,90,0,226,,1,27.05412,25.36221,21.44018
1785814253,26.88525,79.85352,90,0,227,,1,27.02005,25.39588,21.47404
1785814253,26.78645,79.8703,90,0,226,,1,27.02005,25.36221,21.40631
1785814254,26.84253,79.85352,90,0,226,,1,26.98638,25.42974,21.50771
1785814255,26.86923,79.96338,90,0,226,,1,26.98638,25.32835,21.50771
1785814255,26.85588,79.94049,90,0,226,,1,27.05412,25.36221,21.37264
1785814256,26.84253,79.87488,90,0,226,,1,26.98638,25.36221,21.44018
1785814257,26.78645,79.96338,90,0,226,,1,26.95252,25.36221,21.47404
1785814257,26.84253,80.01831,90,0,226,,1,27.05412,25.32835,21.47404
1785814258,26.82918,79.90234,90,0,226,,1,27.02005,25.39588,21.44018
1785814259,26.8986,80.01221,90,0,226,,1,27.05412,25.39588,21.44018
1785814259,26.77043,79.86572,90,0,226,,1,27.02005,25.39588,21.47404
1785814260,26.77043,79.80316,90,0,226,,1,26.98638,25.36221,21.44018
1785814261,26.81315,79.98016,90,0,226,,1,26.98638,25.36221,21.47404
1785814261,26.78645,79.93134,90,0,226,,1,26.98638,25.46361,21.44018
1785814262,26.78645,79.92218,90,0,226,,1,26.98638,25.36221,21.40631
1785814263,26.91195,79.98474,90,0,226,,1,27.02005,25.36221,21.47404
1785814263,26.7998,79.91608,90,0,226,,1,27.02005,25.32835,21.40631
1785814264,26.78645,79.91302,90,0,226,,1,26.98638,25.32835,21.47404
1785814265,26.8986,79.96185,90,0,226,,1,27.05412,25.39588,21.37264
1785814265,26.84253,79.96643,90,0,226,,1,27.02005,25.39588,21.47404
1785814266,26.81315,80.04425,90,0,226,,1,27.02005,25.42974,21.40631
1785814267,26.84253,79.91608,90,0,226,,1,27.02005,25.29448,21.44018
1785814267,26.85588,79.88861,90,0,226,,1,27.02005,25.36221,21.50771
1785814268,26.7998,79.92676,90,0,226,,1,27.02005,25.39588,21.37264
1785814269,26.75708,79.86267,90,0,226,,1,27.02005,25.32835,21.47404
1785814269,26.92798,79.97711,90,0,226,,1,27.05412,25.32835,21.37264
1785814270,26.8986,79.98169,90,0,226,,1,27.05412,25.32835,21.40631
1785814271,26.71435,79.93439,90,0,226,,1,26.95252,25.42974,21.47404
1785814272,26.91195,80.01678,90,0,226,,1,26.95252,25.36221,21.40631
1785814272,26.82918,79.80774,90,0,226,,1,26.98638,25.39588,21.40631
1785814273,26.86923,79.91302,90,0,226,,1,27.02005,25.36221,21.40631
1785814274,26.7998,79.91608,90,0,226,,1,27.05412,25.36221,21.30491
1785814274,26.75708,79.95422,90,0,226,,1,27.05412,25.39588,21.44018
1785814275,26.82918,79.86115,90,0,226,,1,26.98638,25.26061,21.37264
1785814276,26.85588,79.94965,90,0,226,,1,26.95252,25.46361,21.40631
1785814276,26.7998,79.90387,90,0,226,,1,27.02005,25.29448,21.37264
1785814277,26.82918,79.86115,90,0,226,,1,26.98638,25.36221,21.37264
1785814278,26.82918,79.79706,90,0,226,,1,26.98638,25.36221,21.44018
1785814278,26.7998,79.83063,90,0,226,,1,26.98638,25.39588,21.47404
1785814279,26.92798,80.00916,90,0,226,,1,27.02005,25.36221,21.47404
1785814280,26.82918,79.86115,90,0,226,,1,26.98638,25.42974,21.33878
1785814280,26.77043,79.98016,90,0,226,,1,26.98638,25.36221,21.47404
1785814281,26.78645,79.92218,90,0,226,,1,26.98638,25.36221,21.40631
1785814282,26.7998,79.97711,90,0,226,,1,27.02005,25.42974,21.47404
1785814282,26.82918,79.88098,90,0,227,,1,27.02005,25.39588,21.37264
1785814283,26.85588,79.92981,90,0,226,,1,27.02005,25.32835,21.47404
1785814284,26.81315,80.01221,90,0,226,,1,26.98638,25.32835,21.40631
1785814284,26.84253,79.91608,90,0,226,,1,27.02005,25.46361,21.44018
1785814285,26.88525,79.94812,90,0,226,,1,26.98638,25.36221,21.40631
1785814286,26.77043,79.86572,90,0,226,,1,26.98638,25.39588,21.37264
1785814286,26.75708,79.87183,90,0,226,,1,26.98638,25.39588,21.40631
1785814287,26.84253,79.93591,90,0,226,,1,27.05412,25.36221,21.40631
1785814288,26.73037,79.92676,90,0,226,,1,26.98638,25.39588,21.47404
1785814288,26.86923,80.00458,90,0,226,,1,27.02005,25.36221,21.44018
1785814289,26.78645,79.89014,90,0,226,,1,27.02005,25.39588,21.47404
1785814290,26.84253,79.92676,90,0,226,,1,27.02005,25.39588,21.37264
1785814291,26.75708,79.82147,90,0,226,,1,26.95252,25.26061,21.40631
1785814291,26.78645,79.91302,90,0,226,,1,26.98638,25.29448,21.40631
1785814292,26.73037,79.9588,90,0,226,,1,26.98638,25.36221,21.44018
1785814293,26.77043,80,90,0,226,,1,26.95252,25.32835,21.40631
1785814293,26.82918,79.88098,90,0,226,,1,26.98638,25.39588,21.40631
1785814294,26.7998,79.85352,90,0,226,,1,26.98638,25.29448,21.40631
1785814295,26.85588,79.99084,90,0,226,,1,26.98638,25.36221,21.44018
1785814295,26.74372,79.88098,90,0,226,,1,27.05412,25.32835,21.37264
1785814296,26.82918,79.93439,90,0,226,,1,26.98638,25.39588,21.44018
1785814297,26.7998,79.91608,90,0,226,,1,26.98638,25.42974,21.44018
1785814297,26.7998,79.85352,90,0,226,,1,27.02005,25.36221,21.37264
1785814298,26.82918,79.91302,90,0,226,,1,26.98638,25.39588,21.40631
1785814299,26.84253,79.86267,90,0,226,,1,27.02005,25.39588,21.47404
1785814299,26.74372,79.92065,90,0,226,,1,26.98638,25.32835,21.37264
1785814300,26.7998,79.90387,90,0,226,,1,27.02005,25.36221,21.44018
1785814301,26.81315,79.8764,90,0,226,,1,26.95252,25.36221,21.44018
1785814301,26.71435,79.88403,90,0,226,,1,26.95252,25.32835,21.40631
1785814302,26.81315,79.92065,90,0,226,,1,26.98638,25.29448,21.40631
1785814303,26.7998,80.00916,90,0,226,,1,26.95252,25.39588,21.33878
1785814303,26.81315,79.92981,90,0,226,,1,26.98638,25.39588,21.50771
1785814304,26.86923,80.00458,90,0,226,,1,27.02005,25.36221,21.44018
1785814305,26.84253,79.92676,90,0,226,,1,26.98638,25.36221,21.37264
1785814305,26.75708,79.91608,90,0,226,,1,26.98638,25.32835,21.40631
1785814306,26.84253,79.91608,90,0,226,,1,27.02005,25.36221,21.40631
1785814307,26.86923,79.98474,90,0,226,,1,27.05412,25.39588,21.37264
1785814307,26.78645,79.89014,90,0,226,,1,27.02005,25.36221,21.47404
1785814308,26.82918,79.90234,90,0,226,,1,27.02005,25.39588,21.40631
1785814309,26.82918,79.93439,90,0,226,,1,26.98638,25.32835,21.40631
1785814310,26.81315,79.8764,90,0,226,,1,26.98638,25.42974,21.40631
1785814310,26.77043,79.98016,90,0,226,,1,26.98638,25.32835,21.37264
1785814311,26.75708,79.97711,90,0,226,,1,27.05412,25.32835,21.44018
1785814312,26.88525,79.89471,90,0,226,,1,26.98638,25.36221,21.47404
1785814312,26.7998,79.92676,90,0,227,,1,26.98638,25.32835,21.44018
1785814313,26.84253,79.94507,90,0,226,,1,26.98638,25.36221,21.47404
1785814314,26.81315,79.88861,90,0,226,,1,27.02005,25.39588,21.44018
1785814314,26.75708,79.78943,90,0,226,,1,27.05412,25.42974,21.37264
1785814315,26.77043,79.99084,90,0,226,,1,27.05412,25.46361,21.40631
1785814316,26.82918,79.92218,90,0,226,,1,27.02005,25.36221,21.40631
1785814316,26.7998,79.92676,90,0,226,,1,27.02005,25.32835,21.44018
1785814317,26.7998,79.89471,90,0,226,,1,27.02005,25.36221,21.47404
1785814318,26.7998,79.96643,90,0,226,,1,26.95252,25.32835,21.44018
1785814318,26.77043,79.8764,90,0,226,,1,27.02005,25.32835,21.40631
1785814319,26.82918,79.86115,90,0,226,,1,26.98638,25.32835,21.44018
1785814320,26.85588,79.84741,90,0,226,,1,26.98638,25.32835,21.40631
1785814320,26.7998,79.95728,90,0,226,,1,26.98638,25.29448,21.40631
1785814321,26.85588,79.88861,90,0,226,,1,26.98638,25.29448,21.37264
1785814322,26.82918,79.88098,90,0,226,,1,26.98638,25.39588,21.44018
1785814322,26.75708,79.92523,90,0,227,,1,27.02005,25.32835,21.47404
1785814323,26.74372,79.93134,90,0,226,,1,27.02005,25.39588,21.47404
1785814324,26.84253,79.94507,90,0,226,,1,26.98638,25.32835,21.47404
1785814324,26.86923,79.89014,90,0,226,,1,27.02005,25.39588,21.47404
1785814325,26.8986,79.92065,90,0,226,,1,26.98638,25.36221,21.44018
1785814326,26.74372,79.9939,90,0,226,,1,27.02005,25.39588,21.44018
1785814326,26.82918,79.90234,90,0,226,,1,26.98638,25.36221,21.37264
1785814327,26.78645,79.84894,90,0,226,,1,26.95252,25.39588,21.44018
1785814328,26.78645,79.93134,90,0,226,,1,27.02005,25.32835,21.44018
1785814329,26.73037,79.90845,90,0,226,,1,26.98638,25.39588,21.44018
1785814329,26.78645,79.97253,90,0,226,,1,27.02005,25.32835,21.44018
1785814330,26.82918,79.89319,90,0,226,,1,27.02005,25.39588,21.37264
1785814331,26.7998,79.89471,90,0,226,,1,27.02005,25.32835,21.40631
1785814331,26.73037,79.84436,90,0,226,,1,27.02005,25.39588,21.44018
1785814332,26.78645,79.9527,90,0,226,,1,27.02005,25.42974,21.40631
1785814333,26.82918,79.88098,90,0,227,,1,27.05412,25.42974,21.37264
1785814333,26.78645,79.9527,90,0,226,,1,27.02005,25.39588,21.44018
1785814334,26.84253,79.97711,90,0,226,,1,27.02005,25.32835,21.40631
1785814335,26.81315,79.92981,90,0,226,,1,26.98638,25.39588,21.47404
1785814335,26.82918,79.97253,90,0,226,,1,26.98638,25.36221,21.47404
1785814336,26.78645,80.06714,90,0,226,,1,27.05412,25.36221,21.33878
1785814337,26.78645,79.91302,90,0,226,,1,27.02005,25.32835,21.50771
1785814337,26.78645,80.00458,90,0,226,,1,26.98638,25.39588,21.44018
1785814338,26.73037,79.99084,90,0,226,,1,26.98638,25.39588,21.44018
1785814339,26.84253,79.95728,90,0,226,,1,27.02005,25.39588,21.40631
1785814339,26.77043,80,90,0,226,,1,26.98638,25.42974,21.40631
1785814340,26.82918,79.98474,90,0,226,,1,26.95252,25.32835,21.47404
1785814341,26.78645,79.90234,90,0,226,,1,27.02005,25.29448,21.33878
1785814341,26.78645,79.9527,90,0,226,,1,27.05412,25.32835,21.37264
1785814342,26.82918,80.03662,90,0,226,,1,27.02005,25.32835,21.37264
1785814343,26.86923,79.97253,90,0,226,,1,27.02005,25.39588,21.40631
1785814343,26.78645,79.9939,90,0,226,,1,27.05412,25.32835,21.37264
1785814344,26.75708,79.97711,90,0,226,,1,27.05412,25.42974,21.40631
1785814345,26.85588,80.05493,90,0,226,,1,27.02005,25.39588,21.33878
1785814345,26.84253,80.03052,90,0,226,,1,27.02005,25.36221,21.40631
1785814346,26.7998,80.03967,90,0,226,,1,26.98638,25.39588,21.47404
1785814347,26.77043,80.03204,90,0,226,,1,26.98638,25.36221,21.47404
1785814348,26.82918,80.15106,90,0,226,,1,26.98638,25.32835,21.40631
1785814348,26.75708,79.99847,90,0,226,,1,27.02005,25.36221,21.40631
1785814349,26.81315,80.0946,90,0,226,,1,27.02005,25.36221,21.44018
1785814350,26.75708,80.13123,90,0,226,,1,27.02005,25.32835,21.33878
1785814350,26.8986,80.08698,90,0,226,,1,27.08778,25.22675,21.40631
1785814351,26.81315,79.97101,90,0,226,,1,26.95252,25.39588,21.47404
1785814352,26.77043,80,90,0,226,,1,26.98638,25.32835,21.44018
1785814352,26.86923,79.99542,90,0,227,,1,27.02005,25.36221,21.37264
1785814353,26.8986,80.07629,90,0,226,,1,27.02005,25.32835,21.40631
1785814354,26.74372,79.98474,90,0,226,,1,27.02005,25.36221,21.40631
1785814354,26.82918,80.06866,90,0,226,,1,26.98638,25.42974,21.47404
1785814355,26.7998,79.92676,90,0,226,,1,27.05412,25.36221,21.40631
1785814356,26.701,80.0351,90,0,226,,1,26.98638,25.36221,21.44018
1785814356,26.81315,80.01221,90,0,226,,1,27.02005,25.39588,21.40631
1785814357,26.7998,80.00916,90,0,226,,1,27.02005,25.39588,21.37264
1785814358,26.88525,79.95728,90,0,226,,1,27.02005,25.32835,21.37264
1785814358,26.85588,79.97101,90,0,226,,1,26.98638,25.36221,21.40631
1785814359,26.78645,79.91302,90,0,226,,1,27.02005,25.39588,21.44018
1785814360,26.82918,79.94354,90,0,226,,1,26.98638,25.39588,21.44018
1785814360,26.77043,79.85657,90,0,226,,1,26.98638,25.42974,21.37264
1785814361,26.92798,80.0946,90,0,226,,1,26.98638,25.42974,21.44018
1785814362,26.78645,79.93134,90,0,226,,1,26.98638,25.36221,21.44018
1785814362,26.75708,79.99847,90,0,227,,1,27.05412,25.36221,21.40631
1785814363,26.85588,79.97101,90,0,226,,1,27.02005,25.32835,21.44018
1785814364,26.7998,79.90387,90,0,226,,1,26.98638,25.42974,21.40631
1785814364,26.701,80.0351,90,0,226,,1,27.02005,25.32835,21.37264
1785814365,26.84253,79.88403,90,0,226,,1,26.98638,25.39588,21.47404
1785814366,26.81315,79.98016,90,0,226,,1,27.02005,25.39588,21.40631
1785814367,26.73037,79.8764,90,0,226,,1,27.02005,25.39588,21.37264
1785814367,26.77043,79.9176,90,0,226,,1,26.98638,25.36221,21.37264
1785814368,26.84253,79.95728,90,0,226,,1,26.98638,25.39588,21.30491
1785814369,26.84253,79.90692,90,0,226,,1,26.98638,25.39588,21.47404
1785814369,26.86923,80.00458,90,0,226,,1,26.98638,25.39588,21.40631
1785814370,26.77043,79.98016,90,0,226,,1,27.02005,25.29448,21.37264
1785814371,26.82918,79.92218,90,0,226,,1,27.02005,25.36221,21.37264
1785814371,26.75708,79.94507,90,0,226,,1,26.98638,25.39588,21.40631
1785814372,26.74372,79.83826,90,0,226,,1,27.02005,25.29448,21.47404
1785814373,26.75708,79.96643,90,0,227,,1,27.02005,25.36221,21.44018
1785814373,26.78645,79.96338,90,0,226,,1,27.02005,25.32835,21.47404
1785814374,26.82918,79.94354,90,0,226,,1,27.05412,25.36221,21.40631
1785814375,26.73037,79.90845,90,0,226,,1,27.02005,25.36221,21.37264
1785814375,26.7998,79.90387,90,0,226,,1,27.02005,25.32835,21.47404
1785814376,26.7998,79.99847,90,0,226,,1,26.98638,25.36221,21.40631
1785814377,26.82918,79.90234,90,0,226,,1,27.05412,25.29448,21.44018
1785814377,26.85588,79.92981,90,0,226,,1,26.98638,25.39588,21.40631
1785814378,26.7998,79.94507,90,0,226,,1,27.02005,25.39588,21.47404
1785814379,26.73037,80.02136,90,0,226,,1,26.98638,25.36221,21.40631
1785814379,26.7998,80.03052,90,0,226,,1,26.98638,25.39588,21.40631
1785814380,26.81315,79.83521,90,0,226,,1,26.95252,25.36221,21.37264
1785814381,26.82918,79.96338,90,0,226,,1,27.02005,25.32835,21.50771
1785814381,26.86923,80.04578,90,0,226,,1,26.98638,25.36221,21.40631
1785814382,26.85588,79.89929,90,0,226,,1,27.05412,25.39588,21.44018
1785814383,26.84253,79.98932,90,0,226,,1,26.98638,25.46361,21.40631
1785814383,26.77043,79.9588,90,0,226,,1,27.02005,25.32835,21.40631
1785814384,26.82918,79.96338,90,0,226,,1,27.02005,25.32835,21.47404
1785814385,26.78645,79.94354,90,0,226,,1,27.05412,25.36221,21.47404
1785814386,26.7998,80.03967,90,0,226,,1,26.98638,25.39588,21.47404
1785814386,26.82918,79.92218,90,0,226,,1,27.05412,25.39588,21.44018
1785814387,26.85588,80.02289,90,0,226,,1,27.02005,25.39588,21.40631
1785814388,26.88525,79.91608,90,0,226,,1,26.98638,25.39588,21.37264
1785814388,26.81315,79.89777,90,0,226,,1,27.02005,25.29448,21.40631
1785814389,26.7998,79.93439,90,0,226,,1,26.98638,25.36221,21.50771
1785814390,26.77043,79.93896,90,0,226,,1,27.05412,25.32835,21.47404
1785814390,26.7998,79.88403,90,0,226,,1,26.98638,25.39588,21.47404
1785814391,26.78645,79.90234,90,0,226,,1,27.02005,25.36221,21.33878
1785814392,26.77043,79.96796,90,0,226,,1,26.95252,25.42974,21.40631
1785814392,26.82918,79.92218,90,0,227,,1,26.98638,25.32835,21.50771
1785814393,26.78645,80.01678,90,0,226,,1,26.98638,25.36221,21.44018
1785814394,26.8986,80.16785,90,0,226,,1,27.05412,25.26061,21.40631
1785814394,26.81315,79.88861,90,0,226,,1,27.02005,25.46361,21.37264
1785814395,26.701,79.79706,90,0,227,,1,26.95252,25.32835,21.33878
1785814396,26.78645,79.9939,90,0,226,,1,26.98638,25.32835,21.37264
1785814396,26.85588,79.99084,90,0,226,,1,26.98638,25.36221,21.40631
1785814397,26.81315,80,90,0,226,,1,27.02005,25.32835,21.37264
1785814398,26.81315,80.02289,90,0,226,,1,27.02005,25.32835,21.50771
1785814398,26.86923,79.8291,90,0,226,,1,26.98638,25.36221,21.47404
1785814399,26.81315,80.07324,90,0,226,,1,27.05412,25.32835,21.40631
1785814400,26.78645,79.90234,90,0,226,,1,27.02005,25.36221,21.40631
1785814400,26.81315,79.98016,90,0,226,,1,27.02005,25.39588,21.44018
1785814401,26.84253,80.07172,90,0,226,,1,27.02005,25.36221,21.44018
1785814402,26.82918,79.98474,90,0,226,,1,27.02005,25.36221,21.50771
1785814402,26.81315,79.98016,90,0,227,,1,26.98638,25.29448,21.47404
1785814403,26.82918,80.01678,90,0,226,,1,27.02005,25.32835,21.47404
1785814404,26.84253,80.07172,90,0,226,,1,26.98638,25.39588,21.40631
1785814405,26.84253,79.98932,90,0,226,,1,26.95252,25.32835,21.44018
1785814405,26.82918,79.99542,90,0,226,,1,27.02005,25.32835,21.47404
1785814406,26.85588,80.00305,90,0,226,,1,27.05412,25.39588,21.40631
1785814407,26.77043,79.96796,90,0,226,,1,26.95252,25.39588,21.47404
1785814407,26.7998,80.01831,90,0,226,,1,26.98638,25.36221,21.44018
1785814408,26.81315,79.98016,90,0,226,,1,26.98638,25.39588,21.40631
1785814409,26.92798,80.02136,90,0,226,,1,27.02005,25.36221,21.50771
1785814409,26.82918,80.11902,90,0,226,,1,26.98638,25.36221,21.44018
1785814410,26.74372,80.00458,90,0,226,,1,26.98638,25.39588,21.47404
1785814411,26.81315,80.04425,90,0,226,,1,27.02005,25.39588,21.33878
1785814411,26.81315,79.93896,90,0,226,,1,26.98638,25.39588,21.40631
1785814412,26.7998,80.07172,90,0,226,,1,27.02005,25.32835,21.40631
1785814413,26.77043,79.94812,90,0,227,,1,27.02005,25.32835,21.50771
1785814413,26.75708,79.99847,90,0,226,,1,26.98638,25.36221,21.40631
1785814414,26.91195,79.90234,90,0,226,,1,26.98638,25.42974,21.44018
1785814415,26.75708,79.99847,90,0,226,,1,27.02005,25.36221,21.37264
1785814415,26.82918,80.03662,90,0,226,,1,27.02005,25.42974,21.37264
1785814416,26.81315,79.99084,90,0,226,,1,27.02005,25.32835,21.33878
1785814417,26.77043,80.14648,90,0,226,,1,27.05412,25.39588,21.37264
1785814417,26.74372,80.07629,90,0,226,,1,27.02005,25.36221,21.40631
1785814418,26.75708,80.10986,90,0,226,,1,26.98638,25.32835,21.44018
1785814419,26.78645,80.09613,90,0,226,,1,27.02005,25.39588,21.44018
1785814419,26.81315,80.08545,90,0,226,,1,26.98638,25.42974,21.44018
1785814420,26.8986,80.07629,90,0,226,,1,26.98638,25.36221,21.40631
1785814421,26.75708,79.97711,90,0,226,,1,26.98638,25.39588,21.44018
1785814421,26.8986,80.00305,90,0,226,,1,26.98638,25.32835,21.47404
1785814422,26.7998,80.01831,90,0,226,,1,27.02005,25.32835,21.40631
1785814423,26.88525,80.11292,90,0,226,,1,27.02005,25.39588,21.47404
1785814424,26.81315,80.14648,90,0,226,,1,27.02005,25.36221,21.37264
1785814424,26.7998,80.07172,90,0,226,,1,27.02005,25.36221,21.44018
1785814425,26.78645,79.9939,90,0,226,,1,26.95252,25.46361,21.44018
1785814426,26.73037,79.89777,90,0,226,,1,27.02005,25.29448,21.37264
1785814426,26.91195,80.05798,90,0,226,,1,27.02005,25.39588,21.40631
1785814427,26.7998,80.10071,90,0,226,,1,26.98638,25.32835,21.40631
1785814428,26.77043,80.07324,90,0,226,,1,27.02005,25.36221,21.40631
1785814428,26.88525,80.05035,90,0,226,,1,26.98638,25.36221,21.44018
1785814429,26.77043,80.05341,90,0,226,,1,27.02005,25.29448,21.40631
1785814430,26.81315,79.9588,90,0,226,,1,27.02005,25.39588,21.40631
1785814430,26.81315,80,90,0,226,,1,26.98638,25.36221,21.40631
1785814431,26.77043,80.04425,90,0,226,,1,27.02005,25.46361,21.37264
1785814432,26.86923,80.02594,90,0,226,,1,26.98638,25.36221,21.44018
1785814432,26.7998,79.98627,90,0,227,,1,26.98638,25.36221,21.50771
1785814433,26.78645,79.83826,90,0,226,,1,27.02005,25.29448,21.40631
1785814434,26.84253,79.99847,90,0,226,,1,27.05412,25.42974,21.44018
1785814434,26.82918,80.05798,90,0,226,,1,27.02005,25.36221,21.47404
1785814435,26.78645,79.9939,90,0,226,,1,27.02005,25.32835,21.40631
1785814436,26.84253,80.0824,90,0,226,,1,27.05412,25.36221,21.44018
1785814436,26.73037,79.99084,90,0,226,,1,26.98638,25.32835,21.44018
1785814437,26.85588,79.97101,90,0,226,,1,26.98638,25.36221,21.37264
1785814438,26.77043,79.89777,90,0,226,,1,27.02005,25.36221,21.37264
1785814438,26.77043,80.06409,90,0,226,,1,27.02005,25.39588,21.40631
1785814439,26.85588,80.02289,90,0,226,,1,26.98638,25.36221,21.44018
1785814440,26.7998,79.93439,90,0,226,,1,26.98638,25.29448,21.47404
1785814440,26.85588,79.86725,90,0,226,,1,27.02005,25.39588,21.47404
1785814441,26.85588,79.99084,90,0,226,,1,26.98638,25.36221,21.37264
1785814442,26.7998,79.96643,90,0,226,,1,26.98638,25.39588,21.37264
1785814443,26.7998,79.91608,90,0,227,,1,27.02005,25.29448,21.40631
1785814443,26.78645,79.8291,90,0,226,,1,27.02005,25.32835,21.44018
1785814444,26.74372,79.97253,90,0,226,,1,27.02005,25.29448,21.40631
1785814445,26.78645,79.96338,90,0,226,,1,27.05412,25.36221,21.47404
1785814445,26.88525,79.96796,90,0,226,,1,26.98638,25.36221,21.44018
1785814446,26.86923,80.09918,90,0,226,,1,27.02005,25.32835,21.40631
1785814447,26.81315,80.11444,90,0,226,,1,27.02005,25.32835,21.47404
1785814447,26.85588,80.05493,90,0,226,,1,27.05412,25.39588,21.40631
1785814448,26.7998,80.0824,90,0,226,,1,26.98638,25.36221,21.40631
1785814449,26.82918,80.20142,90,0,226,,1,27.02005,25.32835,21.44018
1785814449,26.81315,80.48829,90,0,226,,1,27.05412,25.39588,21.47404
1785814450,26.84253,80.52949,90,0,226,,1,26.98638,25.32835,21.44018
1785814451,26.88525,80.61189,90,0,226,,1,26.95252,25.36221,21.47404
1785814451,26.7998,80.59968,90,0,226,,1,26.98638,25.32835,21.40631
1785814452,26.74372,80.61646,90,0,226,,1,27.08778,25.29448,21.37264
1785814453,26.7998,80.82857,90,0,226,,1,27.05412,25.36221,21.40631
1785814453,26.7998,80.64088,90,0,226,,1,26.98638,25.42974,21.44018
1785814454,26.7998,80.76448,90,0,226,,1,26.95252,25.39588,21.54157
1785814455,26.7998,80.73243,90,0,226,,1,26.98638,25.36221,21.40631
1785814455,26.86923,80.68055,90,0,226,,1,27.05412,25.46361,21.44018
1785814456,26.85588,80.68665,90,0,226,,1,26.98638,25.32835,21.44018
1785814457,26.81315,80.65461,90,0,226,,1,27.02005,25.36221,21.44018
1785814457,26.86923,80.63935,90,0,226,,1,26.98638,25.29448,21.44018
1785814458,26.78645,80.62714,90,0,226,,1,26.98638,25.46361,21.44018
1785814459,26.78645,80.53407,90,0,226,,1,27.02005,25.29448,21.47404
1785814459,26.86923,80.52491,90,0,226,,1,26.98638,25.39588,21.44018
1785814460,26.7998,80.53864,90,0,226,,1,27.05412,25.29448,21.40631
1785814461,26.74372,80.28382,90,0,226,,1,26.98638,25.32835,21.47404
1785814461,26.82918,80.35706,90,0,226,,1,27.02005,25.42974,21.47404
1785814462,26.92798,80.25024,90,0,226,,1,27.05412,25.29448,21.47404
1785814463,26.84253,80.3296,90,0,226,,1,26.98638,25.32835,21.44018
1785814464,26.85588,80.15869,90,0,226,,1,27.02005,25.36221,21.40631
1785814464,26.78645,80.09613,90,0,226,,1,27.02005,25.39588,21.40631
1785814465,26.82918,80.23346,90,0,226,,1,26.98638,25.32835,21.40631
1785814466,26.81315,80.14648,90,0,226,,1,27.02005,25.42974,21.47404
1785814466,26.77043,80.18768,90,0,226,,1,26.98638,25.32835,21.47404
1785814467,26.82918,80.2243,90,0,226,,1,26.98638,25.39588,21.40631
1785814468,26.92798,80.19684,90,0,226,,1,27.05412,25.39588,21.40631
1785814468,26.81315,80.08545,90,0,226,,1,26.98638,25.36221,21.47404
1785814469,26.86923,80.04578,90,0,226,,1,26.95252,25.39588,21.37264
1785814470,26.7998,80.11292,90,0,226,,1,27.02005,25.29448,21.44018
1785814470,26.82918,80.07782,90,0,226,,1,27.02005,25.32835,21.44018
1785814471,26.86923,80.05798,90,0,226,,1,27.02005,25.36221,21.44018
1785814472,26.73037,79.98016,90,0,226,,1,27.02005,25.36221,21.40631
1785814472,26.7998,80.05035,90,0,227,,1,27.05412,25.36221,21.37264
1785814473,26.78645,80.09613,90,0,226,,1,27.02005,25.39588,21.44018
1785814474,26.7998,80.05951,90,0,226,,1,26.98638,25.39588,21.50771
1785814474,26.78645,80.05798,90,0,226,,1,27.02005,25.36221,21.40631
1785814475,26.78645,79.97253,90,0,226,,1,27.02005,25.32835,21.37264
1785814476,26.84253,79.97711,90,0,226,,1,26.98638,25.36221,21.50771
1785814476,26.81315,80.1358,90,0,226,,1,27.05412,25.32835,21.33878
1785814477,26.77043,79.9588,90,0,226,,1,26.98638,25.39588,21.44018
1785814478,26.81315,80.08545,90,0,226,,1,26.98638,25.36221,21.44018
1785814478,26.75708,79.97711,90,0,226,,1,27.02005,25.36221,21.47404
1785814479,26.85588,80.02289,90,0,226,,1,26.98638,25.36221,21.37264
1785814480,26.77043,80.01221,90,0,226,,1,27.05412,25.32835,21.44018
1785814480,26.7998,79.95728,90,0,226,,1,27.02005,25.39588,21.40631
1785814481,26.91195,80.05798,90,0,226,,1,26.95252,25.39588,21.50771
1785814482,26.82918,79.93439,90,0,226,,1,27.02005,25.46361,21.40631
1785814483,26.85588,79.99084,90,0,226,,1,27.02005,25.36221,21.50771
1785814483,26.82918,79.96338,90,0,226,,1,27.08778,25.32835,21.47404
1785814484,26.85588,80.07629,90,0,226,,1,26.98638,25.36221,21.44018
1785814485,26.82918,80.00458,90,0,226,,1,27.02005,25.32835,21.44018
1785814485,26.82918,79.88098,90,0,226,,1,27.05412,25.32835,21.40631
1785814486,26.82918,79.94354,90,0,226,,1,27.02005,25.36221,21.37264
1785814487,26.85588,79.9588,90,0,226,,1,26.98638,25.29448,21.37264
1785814487,26.81315,79.94965,90,0,226,,1,27.02005,25.36221,21.47404
1785814488,26.88525,80.03052,90,0,226,,1,27.02005,25.36221,21.40631
1785814489,26.73037,79.97101,90,0,226,,1,27.02005,25.39588,21.47404
1785814489,26.77043,79.88861,90,0,226,,1,26.98638,25.36221,21.40631
1785814490,26.84253,80.03052,90,0,226,,1,27.02005,25.42974,21.40631
1785814491,26.7998,79.99847,90,0,226,,1,27.02005,25.36221,21.37264
1785814491,26.78645,79.8703,90,0,226,,1,26.98638,25.36221,21.44018
1785814492,26.85588,79.98016,90,0,226,,1,26.98638,25.32835,21.44018
1785814493,26.73037,79.93896,90,0,226,,1,27.02005,25.39588,21.40631
1785814493,26.85588,79.99084,90,0,226,,1,26.98638,25.39588,21.40631
1785814494,26.81315,79.9588,90,0,226,,1,26.98638,25.39588,21.47404
1785814495,26.77043,79.79248,90,0,226,,1,27.02005,25.46361,21.44018
1785814495,26.85588,79.94049,90,0,226,,1,26.95252,25.39588,21.40631
1785814496,26.86923,79.92218,90,0,226,,1,27.02005,25.39588,21.40631
1785814497,26.85588,79.94965,90,0,226,,1,26.98638,25.42974,21.40631
1785814497,26.78645,79.97253,90,0,226,,1,26.98638,25.36221,21.47404
1785814498,26.82918,79.9527,90,0,226,,1,27.02005,25.32835,21.44018
1785814499,26.7998,79.83063,90,0,226,,1,27.02005,25.36221,21.47404
1785814500,26.77043,79.9588,90,0,226,,1,27.02005,25.39588,21.40631
1785814500,26.91195,79.98474,90,0,226,,1,26.98638,25.42974,21.40631
1785814501,26.75708,80.02747,90,0,226,,1,26.98638,25.32835,21.44018
1785814502,26.77043,79.88861,90,0,226,,1,27.02005,25.39588,21.47404
1785814502,26.85588,79.79401,90,0,227,,1,27.05412,25.36221,21.44018
1785814503,26.82918,79.92218,90,0,226,,1,26.95252,25.39588,21.40631
1785814504,26.7998,79.95728,90,0,226,,1,26.98638,25.36221,21.40631
1785814504,26.7998,79.94507,90,0,226,,1,26.95252,25.39588,21.37264
1785814505,26.82918,79.92218,90,0,226,,1,26.98638,25.32835,21.37264
1785814506,26.84253,80.00916,90,0,226,,1,27.02005,25.39588,21.40631
1785814506,26.82918,79.98474,90,0,226,,1,27.02005,25.32835,21.44018
1785814507,26.85588,80.03204,90,0,226,,1,26.98638,25.36221,21.37264
1785814508,26.81315,79.9588,90,0,226,,1,26.95252,25.36221,21.44018
1785814508,26.7998,80.11292,90,0,226,,1,27.02005,25.32835,21.44018
1785814509,26.74372,80.04578,90,0,226,,1,26.98638,25.42974,21.44018
1785814510,26.75708,80.07172,90,0,226,,1,27.02005,25.42974,21.40631
1785814510,26.75708,80.01831,90,0,226,,1,27.02005,25.36221,21.44018
1785814511,26.75708,80.13123,90,0,226,,1,27.02005,25.39588,21.47404
1785814512,26.81315,80.16785,90,0,226,,1,27.02005,25.42974,21.44018
1785814512,26.82918,80.12817,90,0,227,,1,26.98638,25.39588,21.44018
1785814513,26.78645,80.09613,90,0,227,,1,27.05412,25.36221,21.44018
1785814514,26.78645,80.07782,90,0,226,,1,26.98638,25.36221,21.44018
1785814514,26.8986,80.16785,90,0,226,,1,27.02005,25.36221,21.40631
1785814515,26.81315,80.02289,90,0,226,,1,27.02005,25.39588,21.44018
1785814516,26.78645,80.09613,90,0,226,,1,27.02005,25.36221,21.47404
1785814516,26.77043,80.16785,90,0,226,,1,27.05412,25.32835,21.44018
1785814517,26.82918,80.03662,90,0,226,,1,27.02005,25.36221,21.44018
1785814518,26.82918,80.01678,90,0,226,,1,27.05412,25.36221,21.44018
1785814519,26.81315,80.15564,90,0,226,,1,27.05412,25.39588,21.40631
1785814519,26.81315,80.14648,90,0,226,,1,27.02005,25.39588,21.44018
1785814520,26.84253,80.09155,90,0,226,,1,26.98638,25.39588,21.44018
1785814521,26.78645,80.05798,90,0,226,,1,27.05412,25.29448,21.50771
1785814521,26.84253,80.12207,90,0,226,,1,26.98638,25.39588,21.44018
1785814522,26.94133,80.0351,90,0,226,,1,27.02005,25.36221,21.44018
1785814523,26.81315,80.05341,90,0,226,,1,27.02005,25.39588,21.44018
1785814523,26.77043,80.01221,90,0,226,,1,26.98638,25.26061,21.40631
1785814524,26.77043,80.0824,90,0,226,,1,26.98638,25.42974,21.47404
1785814525,26.77043,80.03204,90,0,226,,1,26.95252,25.36221,21.40631
1785814525,26.75708,79.92523,90,0,226,,1,27.05412,25.32835,21.47404
1785814526,26.7998,80.13275,90,0,226,,1,27.02005,25.39588,21.44018
1785814527,26.78645,80.03662,90,0,226,,1,26.95252,25.39588,21.40631
1785814527,26.7998,80.03967,90,0,226,,1,26.98638,25.32835,21.44018
1785814528,26.7998,79.98627,90,0,226,,1,27.02005,25.46361,21.44018
1785814529,26.77043,80.04425,90,0,226,,1,26.98638,25.32835,21.44018
1785814529,26.82918,79.99542,90,0,226,,1,26.98638,25.36221,21.47404
1785814530,26.84253,79.95728,90,0,226,,1,26.98638,25.36221,21.44018
1785814531,26.74372,80.00458,90,0,226,,1,26.98638,25.39588,21.47404
1785814531,26.77043,79.92676,90,0,226,,1,26.98638,25.39588,21.40631
1785814532,26.8986,80.02289,90,0,226,,1,26.98638,25.32835,21.44018
1785814533,26.7998,79.93439,90,0,226,,1,26.98638,25.39588,21.40631
1785814533,26.73037,79.98016,90,0,226,,1,27.02005,25.36221,21.40631
1785814534,26.8986,79.97101,90,0,226,,1,27.02005,25.36221,21.30491
1785814535,26.75708,79.96643,90,0,226,,1,27.02005,25.39588,21.47404
1785814535,26.84253,79.92676,90,0,226,,1,27.02005,25.39588,21.40631
1785814536,26.78645,79.97253,90,0,226,,1,26.98638,25.36221,21.40631
1785814537,26.77043,80.01221,90,0,226,,1,27.02005,25.36221,21.44018
1785814538,26.77043,79.94812,90,0,226,,1,26.98638,25.36221,21.47404
1785814538,26.85588,79.94049,90,0,226,,1,26.98638,25.39588,21.47404
1785814539,26.7998,79.98627,90,0,226,,1,26.98638,25.42974,21.37264
1785814540,26.78645,79.93134,90,0,226,,1,27.05412,25.36221,21.40631
1785814540,26.88525,79.99847,90,0,226,,1,26.98638,25.36221,21.44018
1785814541,26.74372,80.02594,90,0,226,,1,26.98638,25.29448,21.40631
1785814542,26.71435,79.94507,90,0,226,,1,27.08778,25.36221,21.40631
1785814542,26.74372,79.90234,90,0,227,,1,26.98638,25.32835,21.40631
1785814543,26.78645,79.89014,90,0,226,,1,27.02005,25.39588,21.40631
1785814544,26.88525,79.93896,90,0,226,,1,27.05412,25.42974,21.40631
1785814544,26.7998,79.95728,90,0,226,,1,27.02005,25.39588,21.44018
1785814545,26.6743,79.86267,90,0,227,,1,26.98638,25.39588,21.44018
1785814546,26.82918,79.96338,90,0,226,,1,27.02005,25.36221,21.40631
1785814546,26.85588,80.00305,90,0,226,,1,27.02005,25.36221,21.37264
1785814547,26.74372,80.0351,90,0,226,,1,27.02005,25.32835,21.37264
1785814548,26.7998,79.96643,90,0,226,,1,27.02005,25.36221,21.40631
1785814548,26.86923,80.06866,90,0,226,,1,27.02005,25.32835,21.37264
1785814549,26.84253,79.92676,90,0,226,,1,27.02005,25.36221,21.37264
1785814550,26.82918,80.01678,90,0,226,,1,26.98638,25.39588,21.47404
1785814550,26.74372,80.01373,90,0,226,,1,27.02005,25.42974,21.44018
1785814551,26.86923,80.00458,90,0,226,,1,27.02005,25.36221,21.40631
1785814552,26.71435,79.98627,90,0,226,,1,27.02005,25.36221,21.33878
1785814552,26.81315,80,90,0,227,,1,27.02005,25.39588,21.37264
1785814553,26.82918,79.99542,90,0,226,,1,27.02005,25.39588,21.33878
1785814554,26.84253,79.99847,90,0,226,,1,26.98638,25.32835,21.44018
1785814554,26.81315,80.1358,90,0,226,,1,26.98638,25.36221,21.44018
1785814555,26.82918,80.15106,90,0,226,,1,27.02005,25.32835,21.44018
1785814556,26.75708,80.15411,90,0,226,,1,26.95252,25.36221,21.40631
1785814557,26.7998,80.0824,90,0,226,,1,26.98638,25.32835,21.47404
1785814557,26.82918,80.19226,90,0,226,,1,27.05412,25.36221,21.40631
1785814558,26.701,80.16937,90,0,226,,1,26.98638,25.29448,21.40631
1785814559,26.81315,80.29145,90,0,226,,1,27.02005,25.32835,21.37264
1785814559,26.81315,80.32349,90,0,226,,1,26.98638,25.29448,21.47404
1785814560,26.78645,80.25178,90,0,226,,1,27.02005,25.36221,21.50771
1785814561,26.8986,80.32349,90,0,226,,1,27.02005,25.32835,21.44018
1785814561,26.85588,80.47913,90,0,226,,1,26.98638,25.36221,21.44018
1785814562,26.8986,80.41962,90,0,226,,1,27.02005,25.42974,21.44018
1785814563,26.78645,80.31586,90,0,227,,1,27.02005,25.36221,21.40631
1785814563,26.81315,80.35554,90,0,226,,1,27.02005,25.42974,21.47404
1785814564,26.78645,80.39826,90,0,226,,1,27.02005,25.32835,21.47404
1785814565,26.7998,80.39216,90,0,226,,1,27.02005,25.39588,21.44018
1785814565,26.84253,80.35096,90,0,226,,1,26.95252,25.32835,21.44018
1785814566,26.7998,80.19531,90,0,226,,1,27.05412,25.36221,21.44018
1785814567,26.77043,80.21973,90,0,226,,1,26.98638,25.39588,21.37264
1785814567,26.81315,80.31129,90,0,226,,1,27.02005,25.32835,21.47404
1785814568,26.74372,80.24261,90,0,226,,1,27.02005,25.32835,21.40631
1785814569,26.7998,80.25636,90,0,226,,1,26.98638,25.32835,21.44018
1785814569,26.84253,80.32044,90,0,226,,1,27.08778,25.32835,21.40631
1785814570,26.82918,80.24567,90,0,226,,1,26.98638,25.26061,21.44018
1785814571,26.8986,80.12665,90,0,226,,1,27.02005,25.42974,21.47404
1785814571,26.78645,80.22278,90,0,226,,1,27.05412,25.39588,21.37264
1785814572,26.77043,80.0824,90,0,226,,1,27.05412,25.39588,21.44018
1785814573,26.81315,80.25941,90,0,226,,1,27.02005,25.36221,21.50771
1785814573,26.74372,80.04578,90,0,226,,1,26.98638,25.32835,21.33878
1785814574,26.86923,80.20142,90,0,226,,1,27.05412,25.42974,21.50771
1785814575,26.74372,80.16937,90,0,226,,1,27.08778,25.29448,21.44018
1785814576,26.7998,80.3296,90,0,226,,1,27.02005,25.36221,21.50771
1785814576,26.77043,80.34333,90,0,226,,1,27.02005,25.42974,21.47404
1785814577,26.84253,80.54932,90,0,226,,1,26.98638,25.29448,21.40631
1785814578,26.85588,80.56153,90,0,226,,1,26.98638,25.39588,21.40631
1785814578,26.81315,80.61341,90,0,226,,1,26.98638,25.39588,21.47404
1785814579,26.81315,80.79958,90,0,226,,1,27.02005,25.26061,21.47404
1785814580,26.81315,80.81941,90,0,226,,1,26.98638,25.32835,21.47404
1785814580,26.78645,80.80415,90,0,226,,1,27.02005,25.39588,21.40631
1785814581,26.78645,80.89571,90,0,226,,1,27.02005,25.39588,21.47404
1785814582,26.8986,80.9369,90,0,226,,1,27.02005,25.32835,21.44018
1785814582,26.81315,80.88197,90,0,227,,1,27.02005,25.46361,21.40631
1785814583,26.78645,80.94759,90,0,226,,1,26.98638,25.36221,21.44018
1785814584,26.85588,81.02998,90,0,226,,1,27.02005,25.36221,21.30491
1785814584,26.95468,80.86824,90,0,226,,1,26.98638,25.32835,21.40631
1785814585,26.86923,81.02388,90,0,226,,1,26.98638,25.36221,21.44018
1785814586,26.88525,80.92317,90,0,226,,1,27.02005,25.39588,21.40631
1785814586,26.88525,80.84993,90,0,226,,1,27.02005,25.42974,21.47404
1785814587,26.77043,80.78737,90,0,226,,1,26.98638,25.39588,21.40631
1785814588,26.82918,80.76295,90,0,226,,1,26.95252,25.39588,21.40631
1785814588,26.77043,80.75838,90,0,226,,1,27.08778,25.42974,21.44018
1785814589,26.81315,80.83162,90,0,226,,1,26.98638,25.36221,21.33878
1785814590,26.8986,80.74921,90,0,226,,1,27.02005,25.39588,21.47404
1785814590,26.77043,80.59052,90,0,226,,1,26.98638,25.36221,21.40631
1785814591,26.75708,80.52644,90,0,226,,1,27.02005,25.36221,21.47404
1785814592,26.75708,80.54475,90,0,226,,1,26.98638,25.39588,21.47404
1785814593,26.82918,80.53559,90,0,226,,1,27.02005,25.29448,21.50771
1785814593,26.74372,80.54322,90,0,226,,1,27.02005,25.39588,21.50771
1785814594,26.86923,80.61646,90,0,226,,1,27.02005,25.36221,21.40631
1785814595,26.81315,80.38453,90,0,226,,1,27.02005,25.36221,21.44018
1785814595,26.7998,80.383,90,0,226,,1,26.98638,25.36221,21.37264
1785814596,26.82918,80.35706,90,0,226,,1,27.05412,25.36221,21.50771
1785814597,26.75708,80.28687,90,0,226,,1,27.02005,25.39588,21.47404
1785814597,26.81315,80.34333,90,0,226,,1,27.02005,25.39588,21.33878
1785814598,26.82918,80.19226,90,0,226,,1,26.98638,25.39588,21.47404
1785814599,26.88525,80.32044,90,0,226,,1,26.98638,25.39588,21.40631
1785814599,26.75708,80.23346,90,0,226,,1,26.95252,25.36221,21.47404
1785814600,26.78645,80.21362,90,0,226,,1,27.02005,25.39588,21.40631
1785814601,26.7998,80.26551,90,0,226,,1,27.02005,25.39588,21.47404
1785814601,26.74372,80.16937,90,0,226,,1,27.05412,25.42974,21.44018
1785814602,26.86923,80.2243,90,0,226,,1,27.02005,25.32835,21.44018
1785814603,26.84253,80.2182,90,0,226,,1,26.98638,25.39588,21.47404
1785814603,26.78645,79.98474,90,0,226,,1,27.02005,25.42974,21.37264
1785814604,26.78645,80.16937,90,0,226,,1,27.02005,25.36221,21.40631
1785814605,26.8986,80.17853,90,0,226,,1,26.95252,25.36221,21.40631
1785814605,26.78645,80.14954,90,0,226,,1,27.05412,25.39588,21.47404
1785814606,26.84253,80.07172,90,0,226,,1,27.05412,25.39588,21.44018
1785814607,26.78645,80.14038,90,0,226,,1,26.98638,25.42974,21.44018
1785814607,26.73037,80.07324,90,0,226,,1,26.98638,25.46361,21.40631
1785814608,26.81315,80.02289,90,0,226,,1,27.02005,25.36221,21.44018
1785814609,26.701,80.11749,90,0,226,,1,26.95252,25.36221,21.40631
1785814609,26.82918,80.02594,90,0,226,,1,26.98638,25.39588,21.44018
1785814610,26.82918,80.17242,90,0,226,,1,26.95252,25.32835,21.44018
1785814611,26.81315,80.08545,90,0,226,,1,26.98638,25.29448,21.40631
1785814611,26.82918,80.09003,90,0,226,,1,27.02005,25.42974,21.44018
1785814612,26.81315,80.02289,90,0,226,,1,27.02005,25.39588,21.40631
1785814613,26.86923,80.04578,90,0,226,,1,26.98638,25.36221,21.47404
1785814614,26.74372,80.00458,90,0,226,,1,26.98638,25.29448,21.44018
1785814614,26.77043,80.05341,90,0,226,,1,27.02005,25.32835,21.44018
1785814615,26.84253,80.17395,90,0,226,,1,27.02005,25.39588,21.37264
1785814616,26.77043,80.0946,90,0,226,,1,26.98638,25.39588,21.40631
1785814616,26.84253,80.01831,90,0,226,,1,27.02005,25.36221,21.47404
1785814617,26.78645,79.88098,90,0,226,,1,26.98638,25.39588,21.47404
1785814618,26.84253,80.10071,90,0,226,,1,27.02005,25.32835,21.33878
1785814618,26.71435,79.96643,90,0,226,,1,27.02005,25.36221,21.44018
1785814619,26.91195,79.96338,90,0,226,,1,27.02005,25.32835,21.40631
1785814620,26.86923,80.11902,90,0,226,,1,26.98638,25.36221,21.44018
1785814620,26.73037,80.07324,90,0,226,,1,27.02005,25.42974,21.44018
1785814621,26.78645,80.06714,90,0,226,,1,26.98638,25.32835,21.37264
1785814622,26.77043,79.94812,90,0,226,,1,26.98638,25.32835,21.40631
1785814622,26.78645,80.07782,90,0,227,,1,26.98638,25.39588,21.47404
1785814623,26.77043,80.05341,90,0,226,,1,26.98638,25.32835,21.40631
1785814624,26.84253,80.00916,90,0,226,,1,26.98638,25.39588,21.50771
1785814624,26.74372,80.04578,90,0,226,,1,27.02005,25.46361,21.44018
1785814625,26.77043,80.05341,90,0,226,,1,27.05412,25.32835,21.47404
1785814626,26.85588,80.05493,90,0,226,,1,27.02005,25.36221,21.47404
1785814626,26.86923,80.09918,90,0,226,,1,26.98638,25.42974,21.44018
1785814627,26.81315,80.02289,90,0,226,,1,27.02005,25.32835,21.40631
1785814628,26.82918,79.99542,90,0,226,,1,27.02005,25.36221,21.47404
1785814628,26.81315,80,90,0,226,,1,27.02005,25.39588,21.44018
1785814629,26.91195,80.09003,90,0,226,,1,26.98638,25.36221,21.47404
1785814630,26.82918,79.93439,90,0,226,,1,27.05412,25.32835,21.33878
1785814630,26.7998,80.05951,90,0,226,,1,27.02005,25.36221,21.47404
1785814631,26.75708,80.05035,90,0,226,,1,26.98638,25.32835,21.50771
1785814632,26.77043,79.9588,90,0,226,,1,26.98638,25.36221,21.50771
1785814633,26.86923,79.98474,90,0,227,,1,27.02005,25.39588,21.40631
1785814633,26.74372,80.00458,90,0,227,,1,27.02005,25.36221,21.40631
1785814634,26.75708,79.91608,90,0,227,,1,26.98638,25.39588,21.40631
1785814635,26.81315,79.98016,90,0,226,,1,26.98638,25.36221,21.40631
1785814635,26.82918,80.02594,90,0,226,,1,27.02005,25.36221,21.44018
1785814636,26.73037,79.89777,90,0,226,,1,26.98638,25.36221,21.40631
1785814637,26.68765,80.05341,90,0,226,,1,27.05412,25.32835,21.40631
1785814637,26.82918,80.04883,90,0,226,,1,27.02005,25.42974,21.40631
1785814638,26.77043,80.10376,90,0,226,,1,26.98638,25.39588,21.47404
1785814639,26.86923,80.03662,90,0,226,,1,27.02005,25.32835,21.40631
1785814639,26.75708,79.98627,90,0,226,,1,26.95252,25.36221,21.44018
1785814640,26.82918,79.94354,90,0,226,,1,26.98638,25.32835,21.37264
1785814641,26.81315,80.02289,90,0,226,,1,27.02005,25.32835,21.50771
1785814641,26.84253,79.94507,90,0,226,,1,26.98638,25.32835,21.44018
1785814642,26.77043,79.96796,90,0,226,,1,27.05412,25.39588,21.40631
1785814643,26.78645,79.90234,90,0,226,,1,27.02005,25.39588,21.40631
1785814643,26.86923,80.01678,90,0,226,,1,27.02005,25.39588,21.40631
1785814644,26.81315,80,90,0,226,,1,26.98638,25.36221,21.40631
1785814645,26.71435,79.90387,90,0,226,,1,27.05412,25.46361,21.40631
1785814645,26.77043,79.86572,90,0,226,,1,26.98638,25.46361,21.47404
1785814646,26.85588,79.97101,90,0,226,,1,27.05412,25.42974,21.44018
1785814647,26.7998,79.95728,90,0,226,,1,27.02005,25.39588,21.44018
1785814647,26.77043,79.99084,90,0,226,,1,27.02005,25.32835,21.37264
1785814648,26.78645,79.9939,90,0,226,,1,27.02005,25.36221,21.37264
1785814649,26.88525,79.89471,90,0,226,,1,27.02005,25.39588,21.33878
1785814649,26.84253,79.89471,90,0,226,,1,27.05412,25.29448,21.47404
1785814650,26.77043,79.94812,90,0,226,,1,27.02005,25.32835,21.37264
1785814651,26.77043,79.92676,90,0,226,,1,26.98638,25.42974,21.40631
1785814652,26.75708,79.91608,90,0,226,,1,26.95252,25.39588,21.44018
1785814652,26.78645,79.90234,90,0,227,,1,27.05412,25.29448,21.44018
1785814653,26.74372,79.92065,90,0,226,,1,26.98638,25.39588,21.54157
1785814654,26.82918,79.97253,90,0,226,,1,26.98638,25.39588,21.37264
1785814654,26.84253,79.96643,90,0,226,,1,27.02005,25.42974,21.44018
1785814655,26.84253,79.92676,90,0,226,,1,27.02005,25.32835,21.40631
1785814656,26.74372,79.96185,90,0,226,,1,26.98638,25.39588,21.37264
1785814656,26.7998,79.89471,90,0,226,,1,27.05412,25.36221,21.40631
1785814657,26.85588,80.05493,90,0,226,,1,27.02005,25.36221,21.40631
1785814658,26.8986,80.07629,90,0,226,,1,26.98638,25.36221,21.44018
1785814658,26.85588,79.98016,90,0,226,,1,27.02005,25.32835,21.44018
1785814659,26.73037,79.94812,90,0,226,,1,27.02005,25.36221,21.40631
1785814660,26.88525,79.96796,90,0,226,,1,27.05412,25.32835,21.33878
1785814660,26.7998,79.98627,90,0,226,,1,26.98638,25.32835,21.37264
1785814661,26.84253,79.94507,90,0,226,,1,26.98638,25.46361,21.44018
1785814662,26.7998,79.91608,90,0,226,,1,26.98638,25.32835,21.37264
1785814662,26.7998,80.03967,90,0,227,,1,27.05412,25.39588,21.50771
1785814663,26.7998,79.93439,90,0,226,,1,27.02005,25.32835,21.44018
1785814664,26.701,79.84894,90,0,226,,1,27.02005,25.39588,21.33878
1785814664,26.84253,79.95728,90,0,226,,1,27.02005,25.42974,21.44018
1785814665,26.81315,79.92065,90,0,226,,1,26.98638,25.29448,21.44018
1785814666,26.7998,79.99847,90,0,226,,1,27.02005,25.36221,21.40631
1785814666,26.73037,80,90,0,226,,1,27.02005,25.39588,21.37264
1785814667,26.73037,79.9176,90,0,226,,1,27.02005,25.39588,21.44018
1785814668,26.86923,79.99542,90,0,226,,1,26.98638,25.36221,21.37264
1785814668,26.7998,79.97711,90,0,226,,1,27.02005,25.36221,21.44018
1785814669,26.75708,79.96643,90,0,226,,1,27.02005,25.32835,21.50771
1785814670,26.78645,80.00458,90,0,226,,1,27.05412,25.39588,21.40631
1785814671,26.82918,79.77875,90,0,226,,1,27.02005,25.42974,21.37264
1785814671,26.7998,79.94507,90,0,226,,1,27.02005,25.32835,21.44018
1785814672,26.77043,80.02136,90,0,226,,1,27.02005,25.39588,21.40631
1785814673,26.84253,79.88403,90,0,226,,1,26.98638,25.36221,21.44018
1785814673,26.84253,79.98932,90,0,226,,1,27.02005,25.42974,21.44018
1785814674,26.77043,80,90,0,226,,1,27.02005,25.36221,21.44018
1785814675,26.88525,79.98932,90,0,226,,1,26.98638,25.39588,21.47404
1785814675,26.86923,80.00458,90,0,226,,1,26.95252,25.36221,21.44018
1785814676,26.77043,79.86572,90,0,226,,1,27.05412,25.39588,21.47404
1785814677,26.85588,80.00305,90,0,226,,1,27.02005,25.36221,21.44018
1785814677,26.7998,80.0824,90,0,226,,1,27.02005,25.32835,21.47404
1785814678,26.88525,79.99847,90,0,226,,1,26.98638,25.36221,21.50771
1785814679,26.73037,79.9176,90,0,226,,1,26.98638,25.36221,21.47404
1785814679,26.77043,79.9588,90,0,226,,1,27.02005,25.39588,21.47404
1785814680,26.81315,80.02289,90,0,226,,1,27.02005,25.32835,21.47404
1785814681,26.77043,79.96796,90,0,226,,1,26.98638,25.39588,21.44018
1785814681,26.82918,79.91302,90,0,226,,1,27.02005,25.42974,21.44018
1785814682,26.86923,79.9527,90,0,226,,1,26.98638,25.39588,21.44018
1785814683,26.84253,79.96643,90,0,226,,1,27.02005,25.46361,21.54157
1785814684,26.78645,79.90234,90,0,226,,1,27.02005,25.29448,21.47404
1785814684,26.75708,80.10986,90,0,226,,1,27.05412,25.39588,21.30491
1785814685,26.81315,80.08545,90,0,226,,1,27.02005,25.32835,21.40631
1785814685,26.86923,79.90234,90,0,226,,1,27.02005,25.26061,21.47404
1785814686,26.81315,79.83521,90,0,226,,1,26.98638,25.32835,21.37264
1785814687,26.82918,79.92218,90,0,226,,1,27.02005,25.39588,21.47404
1785814687,26.91195,79.95422,90,0,226,,1,27.02005,25.39588,21.37264
1785814688,26.84253,79.84283,90,0,226,,1,27.02005,25.39588,21.47404
1785814689,26.73037,79.98016,90,0,226,,1,26.95252,25.36221,21.40631
1785814690,26.82918,79.91302,90,0,226,,1,26.98638,25.29448,21.40631
1785814690,26.82918,79.96338,90,0,226,,1,27.02005,25.36221,21.44018
1785814691,26.86923,80.02594,90,0,226,,1,26.98638,25.32835,21.44018
1785814692,26.81315,80.05341,90,0,226,,1,27.05412,25.36221,21.40631
1785814692,26.78645,79.9527,90,0,226,,1,27.02005,25.39588,21.44018
1785814693,26.81315,79.93896,90,0,226,,1,27.02005,25.46361,21.47404
1785814694,26.77043,79.89777,90,0,226,,1,26.98638,25.29448,21.50771
1785814694,26.74372,79.98474,90,0,226,,1,27.02005,25.36221,21.44018
1785814695,26.85588,79.89929,90,0,226,,1,27.02005,25.39588,21.44018
1785814696,26.75708,79.92523,90,0,226,,1,26.98638,25.36221,21.40631
1785814696,26.81315,80.16785,90,0,226,,1,26.95252,25.39588,21.47404
1785814697,26.81315,80.04425,90,0,226,,1,26.98638,25.29448,21.40631
1785814698,26.84253,79.87488,90,0,226,,1,26.95252,25.39588,21.37264
1785814698,26.7998,79.99847,90,0,226,,1,26.98638,25.36221,21.47404
1785814699,26.84253,80.05035,90,0,226,,1,27.02005,25.39588,21.40631
1785814700,26.95468,80.05798,90,0,226,,1,26.98638,25.32835,21.33878
1785814700,26.82918,79.91302,90,0,226,,1,26.98638,25.39588,21.44018
1785814701,26.82918,79.98474,90,0,226,,1,27.02005,25.36221,21.40631
1785814702,26.85588,79.99084,90,0,226,,1,27.02005,25.36221,21.40631
1785814702,26.73037,79.98016,90,0,226,,1,27.02005,25.39588,21.47404
1785814703,26.74372,79.81689,90,0,226,,1,26.98638,25.36221,21.40631
1785814704,26.7998,79.96643,90,0,226,,1,27.02005,25.32835,21.47404
1785814704,26.78645,79.9939,90,0,226,,1,27.02005,25.29448,21.44018
1785814705,26.75708,80.00763,90,0,226,,1,26.98638,25.42974,21.47404
1785814706,26.88525,79.96796,90,0,226,,1,27.05412,25.36221,21.44018
1785814706,26.77043,79.86572,90,0,226,,1,27.05412,25.36221,21.44018
1785814707,26.82918,80.02594,90,0,226,,1,26.98638,25.32835,21.40631
1785814708,26.77043,79.93896,90,0,226,,1,27.02005,25.36221,21.50771
1785814709,26.77043,79.93896,90,0,226,,1,26.98638,25.36221,21.50771
1785814709,26.78645,79.9939,90,0,226,,1,26.98638,25.36221,21.40631
1785814710,26.81315,80.15564,90,0,226,,1,26.98638,25.39588,21.40631
1785814711,26.75708,79.97711,90,0,226,,1,27.05412,25.36221,21.37264
1785814711,26.84253,79.96643,90,0,226,,1,27.02005,25.32835,21.47404
1785814712,26.78645,79.92218,90,0,226,,1,27.02005,25.36221,21.40631
1785814713,26.82918,79.88098,90,0,227,,1,26.98638,25.29448,21.33878
1785814713,26.74372,79.97253,90,0,226,,1,26.98638,25.36221,21.40631
1785814714,26.8986,79.98169,90,0,226,,1,27.02005,25.32835,21.44018
1785814715,26.77043,79.94812,90,0,226,,1,27.02005,25.39588,21.40631
1785814715,26.82918,79.98474,90,0,226,,1,26.98638,25.32835,21.40631
1785814716,26.81315,80,90,0,226,,1,26.98638,25.29448,21.44018
1785814717,26.81315,79.94965,90,0,226,,1,27.05412,25.36221,21.50771
1785814717,26.94133,80.0351,90,0,226,,1,27.02005,25.42974,21.44018
1785814718,26.81315,79.8764,90,0,226,,1,26.98638,25.36221,21.40631
1785814719,26.84253,79.97711,90,0,226,,1,27.02005,25.36221,21.44018
1785814719,26.78645,79.98474,90,0,226,,1,26.98638,25.39588,21.40631
1785814720,26.84253,79.90692,90,0,226,,1,27.02005,25.39588,21.40631
1785814721,26.78645,79.97253,90,0,226,,1,26.98638,25.46361,21.44018
1785814721,26.7998,79.96643,90,0,226,,1,27.05412,25.39588,21.37264
1785814722,26.73037,80.04425,90,0,226,,1,27.02005,25.39588,21.37264
1785814723,26.78645,79.98474,90,0,226,,1,27.05412,25.32835,21.47404
1785814723,26.78645,79.92218,90,0,226,,1,26.98638,25.29448,21.40631
1785814724,26.74372,79.98474,90,0,226,,1,26.98638,25.26061,21.37264
1785814725,26.82918,79.96338,90,0,226,,1,26.98638,25.32835,21.40631
1785814725,26.78645,79.94354,90,0,226,,1,26.98638,25.39588,21.40631
1785814726,26.92798,80,90,0,226,,1,27.02005,25.42974,21.40631
1785814727,26.74372,80.02594,90,0,226,,1,27.02005,25.32835,21.44018
1785814728,26.75708,80.07172,90,0,226,,1,26.98638,25.42974,21.47404
1785814728,26.75708,79.98627,90,0,226,,1,27.02005,25.32835,21.44018
1785814729,26.7998,80.09003,90,0,226,,1,26.98638,25.32835,21.40631
1785814730,26.701,79.96185,90,0,226,,1,27.02005,25.29448,21.47404
1785814730,26.81315,80.01221,90,0,226,,1,27.02005,25.32835,21.40631
1785814731,26.7998,80.03052,90,0,226,,1,27.02005,25.32835,21.37264
1785814732,26.81315,79.98016,90,0,226,,1,27.02005,25.39588,21.44018
1785814732,26.81315,79.8764,90,0,227,,1,26.95252,25.42974,21.44018
1785814733,26.85588,79.97101,90,0,226,,1,27.05412,25.42974,21.40631
1785814734,26.68765,79.98016,90,0,226,,1,27.05412,25.39588,21.47404
1785814734,26.74372,79.98474,90,0,226,,1,27.02005,25.39588,21.44018
1785814735,26.84253,80.01831,90,0,226,,1,27.02005,25.29448,21.40631
1785814736,26.7998,79.98627,90,0,226,,1,26.98638,25.36221,21.44018
1785814736,26.78645,79.9527,90,0,226,,1,26.95252,25.46361,21.50771
1785814737,26.7998,80.01831,90,0,226,,1,26.98638,25.36221,21.44018
1785814738,26.81315,79.92065,90,0,226,,1,27.05412,25.32835,21.40631
1785814738,26.86923,79.9527,90,0,226,,1,27.02005,25.42974,21.47404
1785814739,26.84253,79.96643,90,0,226,,1,27.02005,25.36221,21.44018
1785814740,26.81315,79.9588,90,0,226,,1,27.02005,25.39588,21.47404
1785814740,26.85588,79.92065,90,0,226,,1,27.02005,25.39588,21.37264
1785814741,26.82918,79.96338,90,0,226,,1,27.02005,25.29448,21.33878
1785814742,26.84253,79.92676,90,0,226,,1,27.02005,25.36221,21.44018
1785814742,26.7998,79.96643,90,0,227,,1,27.05412,25.39588,21.33878
1785814743,26.86923,79.90234,90,0,226,,1,26.98638,25.36221,21.40631
1785814744,26.81315,79.89777,90,0,226,,1,27.02005,25.32835,21.40631
1785814744,26.77043,80,90,0,226,,1,27.02005,25.39588,21.40631
1785814745,26.8986,80.05493,90,0,226,,1,27.02005,25.36221,21.40631
1785814746,26.86923,80.11902,90,0,226,,1,27.02005,25.39588,21.44018
1785814747,26.7998,80.00916,90,0,226,,1,27.02005,25.36221,21.40631
1785814747,26.86923,79.96338,90,0,226,,1,27.02005,25.32835,21.33878
1785814748,26.75708,79.81079,90,0,226,,1,26.98638,25.32835,21.40631
1785814749,26.82918,79.91302,90,0,226,,1,26.98638,25.36221,21.47404
1785814749,26.74372,80.04578,90,0,226,,1,27.02005,25.32835,21.47404
1785814750,26.82918,79.92218,90,0,226,,1,26.98638,25.39588,21.47404
1785814751,26.74372,79.90234,90,0,226,,1,27.02005,25.36221,21.44018
1785814751,26.75708,79.77875,90,0,226,,1,26.98638,25.42974,21.40631
1785814752,26.78645,79.9939,90,0,226,,1,26.98638,25.32835,21.44018
1785814753,26.7998,79.91608,90,0,227,,1,26.98638,25.32835,21.37264
1785814753,26.7998,80.03052,90,0,226,,1,26.98638,25.39588,21.37264
1785814754,26.85588,79.90845,90,0,226,,1,26.98638,25.46361,21.50771
1785814755,26.85588,80.07629,90,0,226,,1,27.02005,25.36221,21.44018
1785814755,26.75708,79.95422,90,0,226,,1,27.02005,25.39588,21.47404
1785814756,26.81315,79.84436,90,0,226,,1,27.02005,25.46361,21.40631
1785814757,26.78645,79.92218,90,0,226,,1,27.02005,25.46361,21.44018
1785814757,26.85588,79.94965,90,0,226,,1,27.05412,25.36221,21.44018
1785814758,26.81315,79.97101,90,0,226,,1,27.05412,25.42974,21.44018
1785814759,26.86923,79.99542,90,0,226,,1,26.98638,25.36221,21.47404
1785814759,26.82918,79.99542,90,0,226,,1,27.02005,25.36221,21.37264
1785814760,26.7998,79.87488,90,0,226,,1,26.98638,25.36221,21.37264
1785814761,26.75708,79.92523,90,0,226,,1,26.98638,25.39588,21.44018
1785814761,26.77043,80,90,0,226,,1,26.98638,25.42974,21.40631
1785814762,26.75708,79.87183,90,0,226,,1,26.98638,25.36221,21.40631
1785814763,26.81315,79.92981,90,0,226,,1,26.95252,25.32835,21.44018
1785814763,26.78645,79.92218,90,0,226,,1,27.02005,25.42974,21.47404
1785814764,26.82918,79.83978,90,0,226,,1,26.98638,25.36221,21.44018
1785814765,26.74372,79.8703,90,0,226,,1,26.98638,25.39588,21.50771
1785814766,26.78645,79.89014,90,0,226,,1,27.02005,25.36221,21.44018
1785814766,26.77043,79.85657,90,0,226,,1,27.02005,25.32835,21.37264
1785814767,26.86923,79.93439,90,0,226,,1,27.05412,25.39588,21.50771
1785814768,26.85588,80.05493,90,0,226,,1,27.02005,25.39588,21.40631
1785814768,26.74372,79.97253,90,0,226,,1,26.98638,25.32835,21.40631
1785814769,26.78645,79.8291,90,0,226,,1,27.02005,25.36221,21.44018
1785814770,26.85588,79.90845,90,0,226,,1,27.02005,25.32835,21.44018
1785814770,26.7998,79.94507,90,0,226,,1,26.98638,25.36221,21.47404
1785814771,26.84253,79.95728,90,0,226,,1,26.98638,25.42974,21.47404
1785814772,26.91195,80.00458,90,0,226,,1,27.02005,25.42974,21.44018
1785814772,26.82918,79.97253,90,0,227,,1,27.02005,25.32835,21.44018
1785814773,26.86923,79.94354,90,0,226,,1,27.02005,25.29448,21.50771
1785814774,26.75708,79.95422,90,0,226,,1,27.05412,25.39588,21.37264
1785814774,26.78645,79.9527,90,0,226,,1,27.02005,25.42974,21.37264
1785814775,26.82918,79.91302,90,0,227,,1,27.05412,25.39588,21.44018
1785814776,26.84253,79.94507,90,0,226,,1,27.02005,25.32835,21.40631
1785814776,26.86923,80.07782,90,0,226,,1,26.98638,25.39588,21.47404
1785814777,26.88525,80.10376,90,0,226,,1,26.98638,25.36221,21.40631
1785814778,26.75708,79.90387,90,0,226,,1,27.02005,25.36221,21.44018
1785814778,26.77043,79.9176,90,0,226,,1,27.02005,25.36221,21.47404
1785814779,26.77043,79.92676,90,0,226,,1,27.02005,25.32835,21.44018
1785814780,26.84253,79.99847,90,0,226,,1,27.02005,25.39588,21.44018
1785814780,26.77043,79.93896,90,0,226,,1,27.02005,25.29448,21.44018
1785814781,26.86923,79.8291,90,0,226,,1,27.02005,25.36221,21.44018
1785814782,26.81315,80.01221,90,0,226,,1,26.98638,25.32835,21.44018
1785814783,26.84253,79.78027,90,0,227,,1,26.98638,25.42974,21.40631
1785814783,26.77043,79.85657,90,0,226,,1,27.02005,25.36221,21.40631
1785814784,26.7998,79.87488,90,0,226,,1,27.02005,25.39588,21.33878
1785814785,26.82918,79.92218,90,0,226,,1,27.02005,25.39588,21.40631
1785814785,26.7998,79.94507,90,0,226,,1,26.98638,25.36221,21.44018
1785814786,26.75708,79.86267,90,0,226,,1,27.02005,25.42974,21.44018
1785814787,26.78645,79.90234,90,0,226,,1,27.02005,25.36221,21.40631
1785814787,26.85588,80.17853,90,0,226,,1,27.05412,25.46361,21.33878
1785814788,26.77043,80.05341,90,0,226,,1,26.98638,25.42974,21.50771
1785814789,26.84253,80.01831,90,0,226,,1,27.02005,25.36221,21.47404
1785814789,26.82918,79.94354,90,0,226,,1,27.05412,25.36221,21.47404
1785814790,26.74372,79.94049,90,0,226,,1,26.95252,25.36221,21.44018
1785814791,26.7998,79.93439,90,0,226,,1,27.02005,25.36221,21.44018
1785814791,26.7998,79.96643,90,0,226,,1,26.95252,25.36221,21.40631
1785814792,26.78645,79.98474,90,0,226,,1,27.02005,25.36221,21.40631
1785814793,26.77043,79.93896,90,0,227,,1,26.98638,25.29448,21.47404
1785814793,26.81315,79.9588,90,0,226,,1,27.02005,25.36221,21.37264
1785814794,26.7998,79.99847,90,0,226,,1,27.02005,25.39588,21.33878
1785814795,26.701,79.97253,90,0,226,,1,27.02005,25.29448,21.44018
1785814795,26.88525,80.03052,90,0,226,,1,27.02005,25.32835,21.44018
1785814796,26.75708,79.90387,90,0,226,,1,26.98638,25.39588,21.37264
1785814797,26.78645,80.03662,90,0,226,,1,26.95252,25.42974,21.40631
1785814797,26.82918,80.02594,90,0,226,,1,26.98638,25.36221,21.44018
1785814798,26.91195,80.04883,90,0,226,,1,27.02005,25.36221,21.44018
1785814799,26.701,80.00458,90,0,226,,1,26.98638,25.36221,21.33878
1785814799,26.84253,80.05035,90,0,226,,1,26.98638,25.39588,21.44018
1785814800,26.81315,79.99084,90,0,226,,1,26.98638,25.36221,21.47404
1785814801,26.7998,80.00916,90,0,226,,1,27.02005,25.29448,21.47404
1785814801,26.86923,79.99542,90,0,226,,1,26.95252,25.29448,21.44018
1785814802,26.92798,79.94812,90,0,226,,1,27.02005,25.39588,21.37264
1785814803,26.84253,79.96643,90,0,226,,1,26.98638,25.36221,21.40631
1785814804,26.75708,79.90387,90,0,226,,1,27.02005,25.32835,21.44018
1785814804,26.81315,80,90,0,226,,1,27.02005,25.36221,21.47404
1785814805,26.85588,79.9588,90,0,226,,1,27.02005,25.39588,21.40631
1785814806,26.7998,80.01831,90,0,226,,1,27.02005,25.32835,21.40631
1785814806,26.75708,79.92523,90,0,226,,1,27.02005,25.42974,21.44018
1785814807,26.7998,79.95728,90,0,226,,1,27.05412,25.42974,21.40631
1785814808,26.74372,79.96185,90,0,226,,1,27.02005,25.36221,21.40631
1785814808,26.75708,79.92523,90,0,226,,1,27.02005,25.39588,21.37264
1785814809,26.7998,80.05035,90,0,226,,1,26.98638,25.29448,21.44018
1785814810,26.82918,79.91302,90,0,226,,1,27.02005,25.32835,21.47404
1785814810,26.82918,79.97253,90,0,226,,1,27.02005,25.32835,21.40631
1785814811,26.91195,79.92218,90,0,226,,1,27.02005,25.36221,21.40631
1785814812,26.81315,80,90,0,226,,1,27.05412,25.32835,21.47404
1785814812,26.82918,80.04883,90,0,227,,1,27.02005,25.32835,21.37264
1785814813,26.85588,80.01221,90,0,226,,1,26.98638,25.42974,21.37264
1785814814,26.81315,79.93896,90,0,226,,1,27.02005,25.36221,21.40631
1785814814,26.68765,79.93896,90,0,226,,1,27.02005,25.39588,21.47404
1785814815,26.78645,79.93134,90,0,227,,1,26.98638,25.39588,21.47404
1785814816,26.74372,79.9527,90,0,226,,1,27.02005,25.36221,21.44018
1785814816,26.7998,80.03967,90,0,226,,1,27.05412,25.39588,21.44018
1785814817,26.7998,79.95728,90,0,226,,1,26.95252,25.36221,21.44018
1785814818,26.8986,80.09613,90,0,226,,1,27.02005,25.36221,21.40631
1785814818,26.81315,79.98016,90,0,226,,1,27.02005,25.39588,21.40631
1785814819,26.78645,80.05798,90,0,226,,1,27.02005,25.46361,21.47404
1785814820,26.73037,79.9588,90,0,226,,1,27.02005,25.42974,21.44018
1785814820,26.74372,79.96185,90,0,226,,1,26.98638,25.36221,21.47404
1785814821,26.78645,79.9527,90,0,226,,1,27.02005,25.29448,21.37264
1785814822,26.75708,79.97711,90,0,226,,1,27.02005,25.36221,21.47404
1785814823,26.73037,79.92676,90,0,227,,1,26.98638,25.29448,21.40631
1785814823,26.85588,80.07629,90,0,226,,1,26.95252,25.32835,21.37264
1785814824,26.7998,79.96643,90,0,226,,1,27.02005,25.36221,21.40631
1785814825,26.7998,79.85352,90,0,226,,1,26.95252,25.42974,21.47404
1785814825,26.84253,80.01831,90,0,226,,1,27.05412,25.32835,21.44018
1785814826,26.81315,79.93896,90,0,226,,1,27.02005,25.39588,21.44018
1785814827,26.7998,79.91608,90,0,226,,1,27.02005,25.36221,21.40631
1785814827,26.7998,79.92676,90,0,226,,1,27.05412,25.36221,21.40631
1785814828,26.77043,79.9588,90,0,226,,1,26.98638,25.36221,21.37264
1785814829,26.7998,80.05951,90,0,226,,1,26.98638,25.39588,21.44018
1785814829,26.84253,80.00916,90,0,226,,1,26.95252,25.36221,21.54157
1785814830,26.84253,80.13275,90,0,226,,1,27.02005,25.36221,21.44018
1785814831,26.78645,80.01678,90,0,226,,1,27.02005,25.36221,21.47404
1785814831,26.82918,79.91302,90,0,226,,1,26.98638,25.42974,21.40631
1785814832,26.82918,79.86115,90,0,226,,1,27.05412,25.36221,21.44018
1785814833,26.84253,79.94507,90,0,226,,1,26.98638,25.36221,21.40631
1785814833,26.84253,80.00916,90,0,226,,1,27.05412,25.42974,21.40631
1785814834,26.75708,79.96643,90,0,226,,1,26.95252,25.46361,21.44018
1785814835,26.84253,80.09155,90,0,226,,1,27.05412,25.29448,21.44018
1785814835,26.78645,79.89014,90,0,226,,1,27.02005,25.39588,21.47404
1785814836,26.84253,79.88403,90,0,226,,1,26.98638,25.39588,21.40631
1785814837,26.81315,79.84436,90,0,226,,1,26.98638,25.29448,21.40631
1785814837,26.77043,79.90845,90,0,226,,1,26.95252,25.36221,21.37264
1785814838,26.81315,80.06409,90,0,226,,1,27.02005,25.36221,21.40631
1785814839,26.77043,80.11444,90,0,226,,1,27.02005,25.36221,21.47404
1785814839,26.7998,80.00916,90,0,226,,1,27.02005,25.39588,21.44018
1785814840,26.84253,79.91608,90,0,226,,1,27.02005,25.36221,21.47404
1785814841,26.85588,80.01221,90,0,226,,1,26.98638,25.39588,21.44018
1785814842,26.7998,79.87488,90,0,226,,1,27.02005,25.32835,21.44018
1785814842,26.75708,79.88403,90,0,227,,1,27.02005,25.39588,21.44018
1785814843,26.78645,80.01678,90,0,226,,1,27.08778,25.32835,21.40631
1785814844,26.73037,80.01221,90,0,226,,1,27.05412,25.32835,21.44018
1785814844,26.84253,79.97711,90,0,226,,1,26.98638,25.39588,21.47404
1785814845,26.94133,80.02289,90,0,226,,1,27.02005,25.39588,21.37264
1785814846,26.82918,80.03662,90,0,226,,1,26.98638,25.29448,21.47404
1785814846,26.86923,80.10834,90,0,226,,1,27.02005,25.32835,21.54157
1785814847,26.85588,80.03204,90,0,226,,1,26.98638,25.36221,21.40631
1785814848,26.86923,79.9527,90,0,226,,1,27.02005,25.39588,21.40631
1785814848,26.75708,79.93439,90,0,226,,1,27.05412,25.32835,21.44018
1785814849,26.78645,80.01678,90,0,226,,1,27.02005,25.26061,21.44018
1785814850,26.81315,80.01221,90,0,226,,1,26.98638,25.32835,21.37264
1785814850,26.81315,79.93896,90,0,226,,1,27.02005,25.36221,21.44018
1785814851,26.88525,79.95728,90,0,226,,1,27.02005,25.29448,21.44018
1785814852,26.82918,80.01678,90,0,226,,1,26.98638,25.39588,21.40631
1785814852,26.8986,79.99084,90,0,227,,1,27.02005,25.42974,21.47404
1785814853,26.78645,79.9527,90,0,226,,1,27.02005,25.39588,21.44018
1785814854,26.86923,80.00458,90,0,226,,1,27.02005,25.39588,21.44018
1785814854,26.78645,79.93134,90,0,226,,1,27.02005,25.32835,21.37264
1785814855,26.82918,80.00458,90,0,226,,1,27.02005,25.39588,21.47404
1785814856,26.7998,79.87488,90,0,226,,1,27.02005,25.36221,21.40631
1785814856,26.77043,80.03204,90,0,226,,1,27.05412,25.32835,21.40631
1785814857,26.7998,79.93439,90,0,226,,1,26.98638,25.36221,21.44018
1785814858,26.75708,80.02747,90,0,226,,1,26.98638,25.32835,21.44018
1785814858,26.82918,79.90234,90,0,226,,1,27.02005,25.36221,21.44018
1785814859,26.77043,79.94812,90,0,226,,1,27.05412,25.39588,21.47404
1785814860,26.91195,79.91302,90,0,226,,1,26.95252,25.39588,21.40631
1785814861,26.77043,79.96796,90,0,226,,1,27.02005,25.32835,21.47404
1785814861,26.78645,79.91302,90,0,226,,1,27.05412,25.42974,21.44018
1785814862,26.84253,79.91608,90,0,226,,1,27.02005,25.39588,21.40631
1785814863,26.81315,80.04425,90,0,226,,1,27.02005,25.32835,21.50771
1785814863,26.84253,79.94507,90,0,226,,1,26.95252,25.36221,21.47404
1785814864,26.77043,79.93896,90,0,226,,1,26.95252,25.32835,21.40631
1785814865,26.701,79.82605,90,0,226,,1,27.02005,25.39588,21.40631
1785814865,26.78645,79.98474,90,0,226,,1,26.98638,25.36221,21.44018
1785814866,26.86923,80.06866,90,0,226,,1,26.98638,25.46361,21.40631
1785814867,26.82918,80.03662,90,0,226,,1,27.02005,25.39588,21.40631
1785814867,26.7998,80.01831,90,0,226,,1,27.02005,25.36221,21.37264
1785814868,26.82918,79.94354,90,0,226,,1,27.02005,25.39588,21.44018
1785814869,26.7998,79.97711,90,0,226,,1,27.02005,25.32835,21.37264
1785814869,26.7998,79.99847,90,0,226,,1,27.05412,25.36221,21.44018
1785814870,26.82918,79.96338,90,0,226,,1,27.02005,25.32835,21.40631
1785814871,26.77043,79.90845,90,0,226,,1,26.98638,25.32835,21.40631
1785814871,26.84253,80.17395,90,0,226,,1,27.02005,25.32835,21.47404
1785814872,26.86923,79.99542,90,0,226,,1,27.02005,25.32835,21.44018
1785814873,26.82918,80.02594,90,0,226,,1,27.02005,25.39588,21.47404
1785814873,26.7998,79.93439,90,0,226,,1,26.98638,25.36221,21.40631
1785814874,26.74372,79.97253,90,0,226,,1,27.05412,25.36221,21.37264
1785814875,26.74372,80.06714,90,0,226,,1,27.02005,25.36221,21.54157
1785814875,26.8986,80.08698,90,0,226,,1,27.02005,25.32835,21.47404
1785814876,26.82918,79.98474,90,0,226,,1,27.02005,25.36221,21.44018
1785814877,26.74372,79.89014,90,0,226,,1,27.02005,25.32835,21.40631
1785814877,26.74372,79.9115,90,0,226,,1,27.02005,25.39588,21.47404
1785814878,26.81315,79.99084,90,0,226,,1,27.05412,25.29448,21.44018
1785814879,26.7998,79.97711,90,0,226,,1,27.02005,25.32835,21.40631
1785814880,26.82918,79.8703,90,0,226,,1,26.98638,25.36221,21.37264
1785814880,26.81315,80,90,0,226,,1,26.98638,25.39588,21.44018
1785814881,26.7998,80.01831,90,0,226,,1,27.02005,25.36221,21.40631
1785814882,26.77043,79.9176,90,0,226,,1,26.98638,25.29448,21.50771
1785814882,26.7998,79.91608,90,0,227,,1,27.05412,25.36221,21.50771
1785814883,26.82918,80.02594,90,0,226,,1,26.98638,25.39588,21.40631
1785814884,26.75708,80.02747,90,0,226,,1,26.95252,25.36221,21.40631
1785814884,26.84253,80.06256,90,0,226,,1,26.98638,25.29448,21.44018
1785814885,26.82918,79.94354,90,0,226,,1,26.98638,25.32835,21.37264
1785814886,26.85588,80.02289,90,0,226,,1,27.05412,25.36221,21.40631
1785814886,26.84253,80.03052,90,0,226,,1,27.02005,25.36221,21.50771
1785814887,26.7998,79.95728,90,0,226,,1,26.98638,25.36221,21.40631
1785814888,26.78645,79.98474,90,0,226,,1,26.98638,25.29448,21.50771
1785814888,26.7998,80.05951,90,0,226,,1,26.98638,25.36221,21.30491
1785814889,26.86923,79.94354,90,0,226,,1,27.05412,25.36221,21.37264
1785814890,26.86923,80.06866,90,0,226,,1,27.02005,25.36221,21.40631
1785814890,26.84253,79.95728,90,0,226,,1,26.98638,25.32835,21.44018
1785814891,26.88525,80.0824,90,0,226,,1,26.98638,25.32835,21.47404
1785814892,26.82918,79.93439,90,0,226,,1,27.02005,25.36221,21.47404
1785814892,26.82918,79.92218,90,0,227,,1,26.98638,25.36221,21.33878
1785814893,26.88525,79.94812,90,0,226,,1,27.02005,25.42974,21.44018
1785814894,26.86923,79.91302,90,0,226,,1,27.02005,25.39588,21.40631
1785814894,26.78645,80.01678,90,0,226,,1,27.02005,25.32835,21.37264
1785814895,26.81315,79.99084,90,0,226,,1,26.98638,25.29448,21.47404
1785814896,26.75708,79.88403,90,0,226,,1,27.02005,25.36221,21.37264
1785814896,26.7998,80.09003,90,0,226,,1,27.02005,25.32835,21.37264
1785814897,26.74372,79.85809,90,0,226,,1,27.05412,25.32835,21.44018
1785814898,26.78645,79.92218,90,0,226,,1,27.02005,25.36221,21.47404
1785814899,26.7998,79.97711,90,0,226,,1,26.98638,25.32835,21.40631
1785814899,26.78645,79.91302,90,0,226,,1,27.02005,25.39588,21.47404
1785814900,26.88525,80.0824,90,0,226,,1,26.98638,25.32835,21.40631
1785814901,26.78645,80.03662,90,0,226,,1,26.98638,25.42974,21.47404
1785814901,26.75708,79.98627,90,0,226,,1,27.02005,25.36221,21.40631
1785814902,26.82918,80.00458,90,0,226,,1,26.98638,25.36221,21.44018
1785814903,26.81315,80.04425,90,0,227,,1,26.98638,25.32835,21.33878
1785814903,26.77043,79.93896,90,0,226,,1,27.02005,25.32835,21.47404
1785814904,26.81315,80.06409,90,0,226,,1,26.98638,25.32835,21.40631
1785814905,26.78645,79.96338,90,0,226,,1,26.98638,25.39588,21.40631
1785814905,26.85588,79.99084,90,0,226,,1,27.02005,25.29448,21.40631
1785814906,26.7998,80.05035,90,0,226,,1,27.05412,25.39588,21.37264
1785814907,26.74372,80.14954,90,0,226,,1,27.02005,25.32835,21.40631
1785814907,26.78645,79.96338,90,0,226,,1,27.02005,25.36221,21.44018
1785814908,26.84253,80.06256,90,0,226,,1,27.02005,25.39588,21.40631
1785814909,26.77043,80.04425,90,0,226,,1,26.98638,25.36221,21.47404
1785814909,26.78645,79.8703,90,0,226,,1,26.98638,25.36221,21.44018
1785814910,26.85588,79.94965,90,0,226,,1,27.02005,25.39588,21.47404
1785814911,26.78645,79.9527,90,0,226,,1,27.02005,25.39588,21.40631
1785814911,26.78645,79.8291,90,0,226,,1,26.98638,25.39588,21.40631
1785814912,26.75708,79.95422,90,0,226,,1,27.05412,25.36221,21.40631
1785814913,26.75708,80.03967,90,0,226,,1,27.02005,25.36221,21.40631
1785814913,26.88525,80.00916,90,0,226,,1,27.05412,25.39588,21.44018
1785814914,26.7998,80.01831,90,0,226,,1,26.98638,25.39588,21.44018
1785814915,26.77043,79.86572,90,0,226,,1,26.98638,25.36221,21.40631
1785814915,26.85588,79.94965,90,0,226,,1,27.02005,25.36221,21.40631
1785814916,26.81315,79.88861,90,0,226,,1,26.98638,25.39588,21.40631
1785814917,26.77043,79.96796,90,0,226,,1,26.95252,25.39588,21.44018
1785814918,26.78645,79.96338,90,0,226,,1,27.05412,25.42974,21.47404
1785814918,26.84253,79.98932,90,0,226,,1,27.02005,25.39588,21.44018
1785814919,26.81315,79.89777,90,0,226,,1,26.98638,25.36221,21.47404
1785814920,26.82918,79.92218,90,0,226,,1,27.02005,25.36221,21.44018
1785814920,26.78645,80.03662,90,0,226,,1,27.02005,25.39588,21.44018
1785814921,26.8986,79.93134,90,0,226,,1,26.95252,25.36221,21.40631
1785814922,26.7998,80.00916,90,0,226,,1,26.98638,25.39588,21.37264
1785814922,26.78645,79.9939,90,0,227,,1,27.05412,25.32835,21.47404
1785814923,26.75708,79.94507,90,0,226,,1,27.02005,25.39588,21.44018
1785814924,26.82918,80.01678,90,0,226,,1,26.98638,25.39588,21.44018
1785814924,26.85588,79.92065,90,0,226,,1,26.98638,25.39588,21.47404
1785814925,26.75708,79.87183,90,0,227,,1,27.05412,25.32835,21.37264
1785814926,26.84253,79.89471,90,0,226,,1,26.98638,25.36221,21.40631
1785814926,26.77043,79.86572,90,0,226,,1,26.98638,25.36221,21.44018
1785814927,26.86923,79.93439,90,0,226,,1,27.02005,25.39588,21.44018
1785814928,26.78645,79.88098,90,0,226,,1,27.02005,25.39588,21.47404
1785814928,26.78645,80.01678,90,0,226,,1,26.98638,25.39588,21.40631
1785814929,26.7998,79.92676,90,0,226,,1,27.02005,25.29448,21.40631
1785814930,26.85588,80.02289,90,0,226,,1,27.05412,25.39588,21.44018
1785814930,26.84253,79.98932,90,0,226,,1,27.02005,25.36221,21.37264
1785814931,26.82918,80.03662,90,0,226,,1,27.05412,25.46361,21.40631
1785814932,26.91195,79.92218,90,0,226,,1,27.05412,25.32835,21.47404
1785814932,26.81315,79.97101,90,0,227,,1,27.02005,25.36221,21.47404
1785814933,26.7998,79.93439,90,0,226,,1,27.05412,25.32835,21.44018
1785814934,26.82918,79.9527,90,0,226,,1,26.98638,25.32835,21.47404
1785814934,26.82918,80.03662,90,0,226,,1,27.05412,25.46361,21.47404
1785814935,26.86923,80.03662,90,0,226,,1,27.02005,25.36221,21.47404
1785814936,26.86923,80.05798,90,0,226,,1,27.02005,25.32835,21.40631
1785814937,26.78645,79.86115,90,0,226,,1,26.95252,25.32835,21.44018
1785814937,26.82918,79.96338,90,0,226,,1,27.05412,25.29448,21.40631
1785814938,26.7998,80.16327,90,0,226,,1,26.95252,25.36221,21.37264
1785814939,26.78645,80.00458,90,0,226,,1,27.02005,25.32835,21.47404
1785814939,26.74372,79.90234,90,0,226,,1,26.95252,25.39588,21.33878
1785814940,26.86923,79.89014,90,0,226,,1,26.98638,25.39588,21.44018
1785814941,26.86923,79.89014,90,0,226,,1,27.02005,25.46361,21.40631
1785814941,26.84253,79.98932,90,0,226,,1,26.98638,25.32835,21.37264
1785814942,26.82918,79.8703,90,0,226,,1,27.02005,25.42974,21.40631
1785814943,26.85588,79.98016,90,0,227,,1,27.08778,25.39588,21.40631
1785814943,26.75708,79.95422,90,0,226,,1,26.95252,25.46361,21.40631
1785814944,26.85588,79.9588,90,0,226,,1,27.05412,25.29448,21.44018
1785814945,26.86923,79.94354,90,0,226,,1,27.02005,25.36221,21.47404
1785814945,26.7998,79.96643,90,0,226,,1,27.02005,25.36221,21.47404
1785814946,26.7998,79.93439,90,0,226,,1,26.98638,25.42974,21.40631
1785814947,26.78645,79.9527,90,0,226,,1,27.05412,25.42974,21.44018
1785814947,26.81315,80.02289,90,0,226,,1,26.98638,25.39588,21.50771
1785814948,26.82918,79.96338,90,0,226,,1,27.02005,25.42974,21.47404
1785814949,26.78645,79.9939,90,0,226,,1,27.05412,25.36221,21.33878
1785814949,26.75708,79.87183,90,0,226,,1,26.95252,25.42974,21.47404
1785814950,26.7998,79.99847,90,0,226,,1,27.02005,25.39588,21.44018
1785814951,26.86923,79.96338,90,0,226,,1,26.98638,25.32835,21.44018
1785814951,26.84253,79.94507,90,0,226,,1,27.02005,25.39588,21.44018
1785814952,26.7998,79.96643,90,0,226,,1,26.98638,25.36221,21.47404
1785814953,26.81315,79.97101,90,0,226,,1,27.05412,25.36221,21.37264
1785814953,26.86923,79.99542,90,0,226,,1,27.02005,25.36221,21.40631
1785814954,26.73037,79.97101,90,0,226,,1,27.05412,25.39588,21.40631
1785814955,26.82918,79.92218,90,0,226,,1,26.98638,25.36221,21.40631
1785814956,26.68765,79.9588,90,0,226,,1,27.02005,25.32835,21.47404
1785814956,26.86923,79.9527,90,0,226,,1,27.02005,25.32835,21.37264
1785814957,26.82918,79.93439,90,0,226,,1,27.05412,25.32835,21.44018
1785814958,26.77043,79.98016,90,0,226,,1,26.95252,25.42974,21.47404
1785814958,26.78645,79.91302,90,0,226,,1,26.98638,25.29448,21.40631
1785814959,26.84253,80.01831,90,0,226,,1,26.95252,25.42974,21.47404
1785814960,26.81315,79.94965,90,0,226,,1,27.05412,25.36221,21.40631
1785814960,26.78645,79.89014,90,0,226,,1,27.05412,25.29448,21.40631
1785814961,26.81315,79.90845,90,0,226,,1,27.05412,25.39588,21.50771
1785814962,26.71435,79.93439,90,0,226,,1,27.02005,25.32835,21.44018
1785814962,26.7998,79.95728,90,0,227,,1,27.02005,25.36221,21.44018
1785814963,26.84253,79.89471,90,0,226,,1,26.98638,25.39588,21.40631
1785814964,26.82918,79.97253,90,0,226,,1,26.98638,25.36221,21.40631
1785814964,26.7998,79.89471,90,0,226,,1,27.02005,25.29448,21.30491
1785814965,26.77043,79.9176,90,0,226,,1,26.98638,25.32835,21.37264
1785814966,26.84253,80.00916,90,0,226,,1,27.02005,25.36221,21.44018
1785814966,26.81315,80.01221,90,0,226,,1,27.05412,25.39588,21.40631
1785814967,26.77043,79.88861,90,0,226,,1,26.95252,25.29448,21.44018
1785814968,26.84253,79.95728,90,0,226,,1,27.05412,25.39588,21.33878
1785814968,26.77043,79.96796,90,0,226,,1,27.02005,25.39588,21.40631
1785814969,26.78645,79.9939,90,0,226,,1,27.05412,25.39588,21.47404
1785814970,26.85588,80.05493,90,0,226,,1,27.02005,25.39588,21.47404
1785814970,26.85588,79.90845,90,0,226,,1,27.02005,25.32835,21.50771
1785814971,26.77043,79.92676,90,0,226,,1,26.98638,25.36221,21.40631
1785814972,26.82918,80.02594,90,0,226,,1,26.98638,25.36221,21.40631
1785814972,26.84253,79.92676,90,0,226,,1,27.02005,25.36221,21.44018
1785814973,26.94133,79.97101,90,0,226,,1,27.02005,25.36221,21.40631
1785814974,26.7998,80.05951,90,0,226,,1,26.98638,25.42974,21.44018
1785814975,26.81315,80.01221,90,0,226,,1,27.05412,25.39588,21.40631
1785814975,26.78645,80.06714,90,0,226,,1,27.05412,25.29448,21.44018
1785814976,26.7998,79.91608,90,0,226,,1,27.02005,25.36221,21.44018
1785814977,26.8986,79.96185,90,0,226,,1,27.05412,25.36221,21.40631
1785814977,26.75708,79.92523,90,0,226,,1,27.02005,25.39588,21.40631
1785814978,26.74372,79.97253,90,0,226,,1,27.05412,25.36221,21.44018
1785814979,26.75708,80.02747,90,0,226,,1,26.95252,25.36221,21.47404
1785814979,26.74372,80.00458,90,0,226,,1,27.02005,25.36221,21.37264
1785814980,26.81315,79.9588,90,0,226,,1,27.02005,25.36221,21.37264
1785814981,26.82918,79.96338,90,0,226,,1,26.98638,25.42974,21.44018
1785814981,26.84253,79.97711,90,0,226,,1,26.98638,25.36221,21.47404
1785814982,26.77043,79.99084,90,0,226,,1,26.98638,25.39588,21.47404
1785814983,26.73037,80,90,0,226,,1,27.05412,25.32835,21.44018
1785814983,26.74372,80.12817,90,0,226,,1,27.05412,25.39588,21.40631
1785814984,26.78645,79.96338,90,0,226,,1,26.98638,25.36221,21.40631
1785814985,26.81315,79.97101,90,0,226,,1,27.02005,25.39588,21.44018
1785814985,26.78645,79.8291,90,0,226,,1,27.02005,25.39588,21.44018
1785814986,26.81315,79.97101,90,0,226,,1,26.95252,25.36221,21.47404
1785814987,26.78645,79.98474,90,0,226,,1,27.02005,25.36221,21.40631
1785814987,26.75708,80.00763,90,0,226,,1,27.05412,25.46361,21.47404
1785814988,26.85588,79.94965,90,0,226,,1,27.02005,25.39588,21.40631
1785814989,26.85588,79.90845,90,0,226,,1,27.02005,25.36221,21.33878
1785814989,26.82918,79.99542,90,0,226,,1,27.02005,25.42974,21.40631
1785814990,26.81315,79.88861,90,0,226,,1,27.02005,25.39588,21.40631
1785814991,26.86923,79.92218,90,0,226,,1,26.98638,25.39588,21.44018
1785814991,26.71435,79.95422,90,0,226,,1,26.98638,25.42974,21.44018
1785814992,26.86923,79.98474,90,0,226,,1,26.98638,25.39588,21.40631
1785814993,26.78645,79.97253,90,0,226,,1,27.02005,25.39588,21.40631
1785814994,26.82918,79.97253,90,0,226,,1,27.02005,25.39588,21.44018
1785814994,26.86923,79.90234,90,0,226,,1,26.98638,25.36221,21.40631
1785814995,26.81315,79.92981,90,0,226,,1,27.05412,25.42974,21.47404
1785814996,26.85588,80.00305,90,0,226,,1,27.02005,25.29448,21.44018
1785814996,26.84253,80.01831,90,0,226,,1,27.02005,25.36221,21.47404
1785814997,26.71435,79.93439,90,0,226,,1,27.05412,25.36221,21.40631
1785814998,26.84253,79.86267,90,0,226,,1,27.02005,25.39588,21.40631
1785814998,26.75708,79.90387,90,0,226,,1,27.02005,25.39588,21.37264
1785814999,26.77043,80.02136,90,0,226,,1,27.02005,25.39588,21.44018
1785815000,26.82918,80.04883,90,0,226,,1,27.02005,25.39588,21.37264
1785815000,26.81315,79.98016,90,0,226,,1,27.02005,25.26061,21.37264
1785815001,26.78645,79.90234,90,0,226,,1,27.05412,25.42974,21.44018
1785815002,26.81315,79.97101,90,0,226,,1,27.02005,25.36221,21.37264
1785815002,26.84253,79.89471,90,0,227,,1,26.98638,25.32835,21.47404
1785815003,26.81315,79.97101,90,0,226,,1,27.05412,25.36221,21.44018
1785815004,26.7998,80.00916,90,0,226,,1,26.98638,25.36221,21.44018
1785815004,26.7998,79.95728,90,0,226,,1,27.02005,25.49748,21.37264
1785815005,26.82918,80.01678,90,0,226,,1,27.02005,25.39588,21.47404
1785815006,26.77043,79.9588,90,0,226,,1,26.98638,25.36221,21.44018
1785815006,26.82918,79.89319,90,0,226,,1,26.98638,25.42974,21.40631
1785815007,26.71435,79.94507,90,0,226,,1,26.98638,25.39588,21.40631
1785815008,26.78645,79.9527,90,0,226,,1,27.05412,25.36221,21.44018
1785815008,26.86923,80.15106,90,0,226,,1,27.05412,25.39588,21.47404
1785815009,26.8986,79.92065,90,0,226,,1,27.02005,25.39588,21.40631
1785815010,26.7998,79.91608,90,0,226,,1,26.95252,25.36221,21.44018
1785815010,26.84253,79.93591,90,0,226,,1,27.02005,25.39588,21.40631
1785815011,26.85588,80.01221,90,0,226,,1,27.02005,25.32835,21.47404
1785815012,26.7998,79.91608,90,0,226,,1,26.98638,25.32835,21.44018
1785815013,26.85588,79.86725,90,0,226,,1,27.02005,25.42974,21.44018
1785815013,26.77043,79.80316,90,0,226,,1,27.02005,25.32835,21.44018
1785815014,26.82918,79.92218,90,0,226,,1,27.02005,25.42974,21.40631
1785815015,26.77043,80.04425,90,0,226,,1,26.98638,25.36221,21.40631
1785815015,26.75708,79.82147,90,0,226,,1,27.02005,25.32835,21.44018
1785815016,26.86923,79.92218,90,0,226,,1,26.98638,25.39588,21.44018
1785815017,26.82918,80.01678,90,0,226,,1,27.02005,25.39588,21.40631
1785815017,26.78645,79.92218,90,0,226,,1,27.02005,25.39588,21.44018
1785815018,26.8986,79.98169,90,0,226,,1,26.98638,25.39588,21.44018
1785815019,26.78645,79.98474,90,0,226,,1,27.02005,25.42974,21.50771
1785815019,26.82918,79.98474,90,0,226,,1,26.98638,25.39588,21.47404
1785815020,26.8986,79.90845,90,0,226,,1,26.98638,25.39588,21.44018
1785815021,26.78645,79.86115,90,0,226,,1,27.08778,25.32835,21.44018
1785815021,26.84253,79.99847,90,0,226,,1,26.95252,25.39588,21.44018
1785815022,26.81315,80,90,0,226,,1,26.98638,25.32835,21.40631
1785815023,26.78645,79.9939,90,0,226,,1,27.05412,25.42974,21.44018
1785815023,26.86923,79.84894,90,0,226,,1,26.98638,25.42974,21.40631
1785815024,26.73037,79.97101,90,0,226,,1,26.95252,25.36221,21.33878
1785815025,26.75708,79.94507,90,0,226,,1,27.05412,25.39588,21.44018
1785815025,26.78645,79.90234,90,0,226,,1,27.02005,25.39588,21.33878
1785815026,26.86923,79.89014,90,0,226,,1,26.98638,25.36221,21.40631
1785815027,26.91195,79.92218,90,0,226,,1,27.05412,25.39588,21.40631
1785815027,26.81315,79.94965,90,0,226,,1,27.02005,25.36221,21.44018
1785815028,26.86923,79.8703,90,0,226,,1,26.98638,25.36221,21.37264
1785815029,26.85588,79.92065,90,0,226,,1,26.98638,25.39588,21.47404
1785815029,26.74372,79.93134,90,0,226,,1,27.05412,25.42974,21.47404
1785815030,26.81315,79.98016,90,0,226,,1,26.95252,25.36221,21.47404
1785815031,26.78645,79.8703,90,0,226,,1,27.02005,25.36221,21.44018
1785815032,26.78645,79.91302,90,0,226,,1,26.98638,25.42974,21.37264
1785815032,26.86923,79.99542,90,0,227,,1,27.02005,25.32835,21.44018
1785815033,26.86923,79.8291,90,0,226,,1,26.98638,25.39588,21.37264
1785815034,26.81315,79.97101,90,0,226,,1,26.98638,25.42974,21.40631
1785815034,26.85588,80.01221,90,0,226,,1,26.98638,25.39588,21.47404
1785815035,26.77043,79.8764,90,0,226,,1,27.02005,25.39588,21.44018
1785815036,26.7998,79.99847,90,0,226,,1,26.98638,25.39588,21.40631
1785815036,26.81315,79.83521,90,0,226,,1,26.98638,25.32835,21.50771
1785815037,26.85588,80.02289,90,0,226,,1,27.02005,25.39588,21.44018
1785815038,26.7998,79.82147,90,0,226,,1,27.02005,25.46361,21.47404
1785815038,26.77043,80.15564,90,0,226,,1,26.98638,25.32835,21.44018
1785815039,26.81315,79.83521,90,0,226,,1,27.02005,25.39588,21.54157
1785815040,26.77043,79.82452,90,0,226,,1,26.98638,25.39588,21.40631
1785815040,26.73037,79.88861,90,0,226,,1,27.02005,25.42974,21.50771
1785815041,26.81315,79.89777,90,0,226,,1,27.05412,25.39588,21.40631
1785815042,26.77043,79.90845,90,0,226,,1,27.02005,25.36221,21.40631
1785815042,26.84253,79.98932,90,0,227,,1,27.02005,25.39588,21.44018
1785815043,26.81315,79.92065,90,0,226,,1,26.98638,25.32835,21.50771
1785815044,26.82918,79.97253,90,0,226,,1,26.98638,25.36221,21.37264
1785815044,26.85588,79.97101,90,0,226,,1,26.95252,25.32835,21.44018
1785815045,26.7998,79.81079,90,0,226,,1,27.02005,25.39588,21.44018
1785815046,26.85588,79.92065,90,0,226,,1,27.02005,25.39588,21.37264
1785815046,26.75708,79.94507,90,0,226,,1,26.98638,25.39588,21.44018
1785815047,26.77043,79.86572,90,0,226,,1,27.02005,25.42974,21.47404
1785815048,26.78645,79.89014,90,0,226,,1,26.98638,25.36221,21.40631
1785815048,26.81315,79.99084,90,0,226,,1,27.02005,25.46361,21.44018
1785815049,26.77043,80.02136,90,0,226,,1,27.02005,25.42974,21.37264
1785815050,26.7998,79.87488,90,0,226,,1,27.02005,25.42974,21.40631
1785815051,26.77043,79.99084,90,0,226,,1,26.98638,25.39588,21.44018
1785815051,26.74372,79.98474,90,0,226,,1,27.02005,25.36221,21.40631
1785815052,26.81315,80.02289,90,0,226,,1,27.02005,25.32835,21.40631
1785815053,26.77043,79.9588,90,0,226,,1,27.02005,25.32835,21.44018
1785815053,26.73037,79.9176,90,0,226,,1,26.98638,25.39588,21.47404
1785815054,26.75708,79.81079,90,0,226,,1,27.02005,25.39588,21.47404
1785815055,26.7998,79.96643,90,0,226,,1,26.95252,25.36221,21.40631
1785815055,26.77043,79.92676,90,0,226,,1,27.02005,25.42974,21.40631
1785815056,26.75708,79.89471,90,0,226,,1,27.02005,25.32835,21.47404
1785815057,26.77043,80.10376,90,0,226,,1,26.98638,25.36221,21.40631
1785815057,26.84253,79.99847,90,0,226,,1,26.91865,25.39588,21.44018
1785815058,26.77043,79.93896,90,0,226,,1,27.02005,25.32835,21.44018
1785815059,26.78645,79.86115,90,0,226,,1,26.98638,25.39588,21.44018
1785815059,26.84253,79.92676,90,0,226,,1,26.98638,25.39588,21.40631
1785815060,26.84253,79.95728,90,0,226,,1,27.02005,25.42974,21.37264
1785815061,26.74372,80.01373,90,0,226,,1,26.98638,25.32835,21.44018
1785815061,26.85588,79.99084,90,0,226,,1,27.02005,25.42974,21.44018
1785815062,26.84253,79.98932,90,0,226,,1,27.02005,25.36221,21.50771
1785815063,26.77043,79.89777,90,0,226,,1,27.02005,25.36221,21.40631
1785815063,26.77043,79.92676,90,0,226,,1,26.98638,25.36221,21.40631
1785815064,26.82918,79.99542,90,0,226,,1,27.02005,25.46361,21.40631
1785815065,26.78645,79.91302,90,0,226,,1,26.98638,25.36221,21.40631
1785815065,26.77043,80.01221,90,0,226,,1,27.02005,25.39588,21.40631
1785815066,26.81315,79.93896,90,0,226,,1,26.98638,25.36221,21.37264
1785815067,26.81315,79.92065,90,0,226,,1,27.05412,25.39588,21.47404
1785815067,26.81315,79.86725,90,0,226,,1,27.02005,25.32835,21.37264
1785815068,26.73037,79.93896,90,0,226,,1,27.02005,25.39588,21.40631
1785815069,26.78645,79.9939,90,0,226,,1,26.98638,25.36221,21.37264
1785815070,26.78645,79.9527,90,0,226,,1,26.98638,25.42974,21.44018
1785815070,26.81315,80,90,0,226,,1,26.98638,25.39588,21.37264
1785815071,26.701,79.90845,90,0,226,,1,27.02005,25.42974,21.47404
1785815072,26.78645,80.02594,90,0,226,,1,27.02005,25.29448,21.44018
1785815072,26.81315,80.08545,90,0,227,,1,27.02005,25.36221,21.40631
1785815073,26.74372,79.92065,90,0,226,,1,27.02005,25.39588,21.40631
1785815074,26.78645,80.01678,90,0,226,,1,26.98638,25.36221,21.44018
1785815074,26.78645,80.05798,90,0,226,,1,26.98638,25.39588,21.44018
1785815075,26.82918,80.09003,90,0,226,,1,27.02005,25.36221,21.37264
1785815076,26.73037,79.9176,90,0,226,,1,27.02005,25.39588,21.40631
1785815076,26.74372,80.02594,90,0,226,,1,26.98638,25.36221,21.44018
1785815077,26.7998,79.98627,90,0,226,,1,26.95252,25.42974,21.40631
1785815078,26.81315,79.99084,90,0,226,,1,27.02005,25.36221,21.47404
1785815078,26.73037,79.99084,90,0,226,,1,26.98638,25.39588,21.37264
1785815079,26.74372,79.85809,90,0,226,,1,27.02005,25.46361,21.44018
1785815080,26.81315,80.10376,90,0,226,,1,27.02005,25.39588,21.37264
1785815080,26.78645,80.00458,90,0,226,,1,26.98638,25.32835,21.47404
1785815081,26.77043,80.01221,90,0,226,,1,27.02005,25.36221,21.47404
1785815082,26.82918,80.09003,90,0,226,,1,26.98638,25.39588,21.37264
1785815082,26.82918,79.89319,90,0,227,,1,26.98638,25.39588,21.44018
1785815083,26.7998,79.96643,90,0,226,,1,26.98638,25.39588,21.44018
1785815084,26.74372,79.9527,90,0,226,,1,27.05412,25.39588,21.50771
1785815084,26.77043,80.04425,90,0,226,,1,27.05412,25.39588,21.40631
1785815085,26.78645,79.90234,90,0,226,,1,27.02005,25.36221,21.37264
1785815086,26.75708,80.05035,90,0,226,,1,26.98638,25.39588,21.44018
1785815086,26.74372,80.05798,90,0,226,,1,27.02005,25.42974,21.40631
1785815087,26.8986,80.07629,90,0,226,,1,26.98638,25.36221,21.47404
1785815088,26.82918,79.91302,90,0,226,,1,27.02005,25.36221,21.40631
1785815089,26.81315,80.01221,90,0,226,,1,27.05412,25.36221,21.40631
1785815089,26.82918,80.03662,90,0,226,,1,27.02005,25.32835,21.47404
1785815090,26.77043,80.02136,90,0,226,,1,27.02005,25.36221,21.44018
1785815091,26.7998,80.00916,90,0,226,,1,26.98638,25.32835,21.47404
1785815091,26.85588,80.02289,90,0,226,,1,27.02005,25.32835,21.40631
1785815092,26.78645,79.90234,90,0,226,,1,27.02005,25.36221,21.47404
1785815093,26.75708,79.93439,90,0,227,,1,27.02005,25.39588,21.44018
1785815093,26.85588,80.05493,90,0,226,,1,27.05412,25.39588,21.50771
1785815094,26.75708,80.09003,90,0,226,,1,27.05412,25.32835,21.44018
1785815095,26.701,80.19073,90,0,226,,1,27.02005,25.42974,21.37264
1785815095,26.85588,80.04425,90,0,226,,1,26.98638,25.29448,21.44018
1785815096,26.701,79.92065,90,0,226,,1,26.95252,25.32835,21.40631
1785815097,26.77043,79.9176,90,0,226,,1,26.98638,25.39588,21.50771
1785815097,26.77043,79.93896,90,0,226,,1,27.05412,25.36221,21.44018
1785815098,26.701,79.96185,90,0,226,,1,26.98638,25.39588,21.44018
1785815099,26.81315,80.01221,90,0,226,,1,27.05412,25.36221,21.37264
1785815099,26.85588,80.09613,90,0,226,,1,26.95252,25.42974,21.40631
1785815100,26.7998,79.95728,90,0,226,,1,26.98638,25.32835,21.44018
1785815101,26.82918,79.84894,90,0,226,,1,27.02005,25.39588,21.44018
1785815101,26.74372,79.8703,90,0,226,,1,27.02005,25.39588,21.47404
1785815102,26.73037,79.9176,90,0,226,,1,26.98638,25.39588,21.47404
1785815103,26.75708,79.96643,90,0,226,,1,27.02005,25.29448,21.44018
1785815103,26.7998,79.92676,90,0,226,,1,26.98638,25.32835,21.47404
1785815104,26.701,80.07629,90,0,226,,1,26.98638,25.29448,21.44018
1785815105,26.75708,79.76044,90,0,226,,1,26.98638,25.46361,21.37264
1785815105,26.75708,79.94507,90,0,226,,1,27.02005,25.46361,21.47404
1785815106,26.81315,80.03204,90,0,226,,1,27.02005,25.36221,21.40631
1785815107,26.78645,79.86115,90,0,226,,1,26.95252,25.32835,21.44018
1785815108,26.81315,79.86725,90,0,226,,1,26.98638,25.32835,21.40631
1785815108,26.75708,79.95422,90,0,226,,1,26.98638,25.32835,21.33878
1785815109,26.7998,79.94507,90,0,226,,1,26.98638,25.42974,21.44018
1785815110,26.85588,79.83521,90,0,226,,1,27.02005,25.36221,21.40631
1785815110,26.7998,80.0824,90,0,226,,1,27.02005,25.36221,21.44018
1785815111,26.77043,80.06409,90,0,226,,1,26.95252,25.39588,21.44018
1785815112,26.88525,80.0946,90,0,226,,1,26.98638,25.39588,21.37264
1785815112,26.81315,80.10376,90,0,227,,1,26.95252,25.42974,21.44018
1785815113,26.73037,80.177,90,0,226,,1,26.98638,25.32835,21.44018
1785815114,26.7998,80.4654,90,0,226,,1,27.05412,25.39588,21.44018
1785815114,26.85588,80.55238,90,0,226,,1,27.02005,25.32835,21.44018
1785815115,26.75708,80.49439,90,0,226,,1,27.02005,25.32835,21.30491
1785815116,26.81315,80.58137,90,0,226,,1,27.02005,25.29448,21.44018
1785815116,26.74372,80.56306,90,0,226,,1,27.02005,25.39588,21.40631
1785815117,26.78645,80.53407,90,0,226,,1,27.02005,25.36221,21.37264
1785815118,26.7998,80.57679,90,0,226,,1,27.05412,25.42974,21.47404
1785815118,26.75708,80.64088,90,0,226,,1,27.02005,25.36221,21.47404
1785815119,26.77043,80.57069,90,0,226,,1,27.02005,25.39588,21.44018
1785815120,26.77043,80.62257,90,0,226,,1,27.08778,25.39588,21.44018
1785815120,26.84253,80.60883,90,0,226,,1,26.98638,25.36221,21.33878
1785815121,26.84253,80.5066,90,0,226,,1,27.02005,25.29448,21.40631
1785815122,26.78645,80.46082,90,0,226,,1,27.02005,25.29448,21.44018
1785815122,26.82918,80.38911,90,0,227,,1,27.02005,25.42974,21.40631
1785815123,26.84253,80.37385,90,0,226,,1,27.02005,25.36221,21.44018
1785815124,26.77043,80.43488,90,0,226,,1,27.02005,25.42974,21.44018
1785815124,26.85588,80.35554,90,0,226,,1,27.05412,25.39588,21.50771
1785815125,26.81315,80.38453,90,0,227,,1,27.02005,25.36221,21.40631
1785815126,26.84253,80.30976,90,0,226,,1,27.05412,25.36221,21.47404
1785815127,26.77043,80.25941,90,0,226,,1,27.02005,25.46361,21.40631
1785815127,26.75708,80.24567,90,0,226,,1,26.98638,25.39588,21.40631
1785815128,26.78645,80.28382,90,0,226,,1,27.02005,25.42974,21.47404
1785815129,26.7998,80.17395,90,0,226,,1,27.05412,25.36221,21.44018
1785815129,26.82918,80.17242,90,0,226,,1,27.05412,25.32835,21.47404
1785815130,26.81315,80.22888,90,0,226,,1,27.02005,25.29448,21.47404
1785815131,26.86923,80.14038,90,0,226,,1,27.02005,25.32835,21.44018
1785815131,26.75708,80.09003,90,0,226,,1,26.98638,25.42974,21.44018
1785815132,26.81315,80.03204,90,0,226,,1,27.02005,25.36221,21.44018
1785815133,26.84253,80.07172,90,0,227,,1,27.02005,25.36221,21.40631
1785815133,26.85588,80.1358,90,0,226,,1,27.02005,25.36221,21.37264
1785815134,26.7998,80.01831,90,0,226,,1,27.05412,25.36221,21.40631
1785815135,26.81315,80.11444,90,0,226,,1,27.05412,25.32835,21.44018
1785815135,26.7998,80.11292,90,0,226,,1,27.02005,25.36221,21.44018
1785815136,26.73037,80.1358,90,0,226,,1,26.98638,25.46361,21.40631
1785815137,26.85588,80.04425,90,0,226,,1,27.02005,25.42974,21.33878
1785815137,26.78645,80.03662,90,0,226,,1,27.02005,25.39588,21.44018
1785815138,26.7998,80.03967,90,0,226,,1,26.98638,25.39588,21.47404
1785815139,26.75708,80.08087,90,0,226,,1,26.98638,25.39588,21.44018
1785815139,26.78645,80.16022,90,0,226,,1,27.02005,25.36221,21.37264
1785815140,26.82918,79.98474,90,0,226,,1,27.02005,25.46361,21.40631
1785815141,26.7998,80.00916,90,0,226,,1,27.08778,25.32835,21.44018
1785815141,26.6743,79.88403,90,0,226,,1,27.05412,25.39588,21.47404
1785815142,26.75708,79.88403,90,0,226,,1,27.02005,25.36221,21.44018
1785815143,26.8986,79.82605,90,0,226,,1,26.98638,25.39588,21.33878
1785815143,26.7998,79.92676,90,0,226,,1,27.02005,25.39588,21.47404
1785815144,26.85588,79.97101,90,0,226,,1,26.98638,25.46361,21.40631
1785815145,26.77043,79.9588,90,0,226,,1,27.05412,25.32835,21.40631
1785815146,26.77043,79.92676,90,0,226,,1,27.02005,25.39588,21.37264
1785815146,26.73037,80,90,0,226,,1,27.02005,25.39588,21.37264
1785815147,26.82918,80.07782,90,0,226,,1,27.02005,25.32835,21.50771
1785815148,26.73037,80,90,0,226,,1,26.98638,25.42974,21.47404
1785815148,26.84253,79.87488,90,0,226,,1,26.98638,25.39588,21.40631
1785815149,26.88525,79.95728,90,0,226,,1,26.98638,25.32835,21.47404
1785815150,26.75708,79.99847,90,0,226,,1,27.05412,25.36221,21.44018
1785815150,26.85588,80.00305,90,0,226,,1,26.98638,25.36221,21.47404
1785815151,26.78645,79.9527,90,0,226,,1,26.98638,25.39588,21.47404
1785815152,26.7998,79.86267,90,0,226,,1,27.08778,25.36221,21.37264
1785815152,26.82918,79.89319,90,0,227,,1,27.02005,25.39588,21.47404
1785815153,26.78645,79.96338,90,0,226,,1,27.05412,25.36221,21.33878
1785815154,26.77043,80,90,0,226,,1,27.02005,25.32835,21.40631
1785815154,26.78645,79.96338,90,0,226,,1,27.05412,25.36221,21.44018
1785815155,26.82918,79.94354,90,0,226,,1,27.02005,25.36221,21.44018
1785815156,26.88525,79.97711,90,0,226,,1,27.02005,25.36221,21.40631
1785815156,26.78645,79.8703,90,0,226,,1,27.02005,25.36221,21.44018
1785815157,26.75708,79.98627,90,0,226,,1,26.98638,25.36221,21.37264
1785815158,26.81315,80.01221,90,0,226,,1,27.02005,25.39588,21.44018
1785815158,26.75708,79.92523,90,0,226,,1,27.05412,25.36221,21.47404
1785815159,26.77043,79.82452,90,0,226,,1,26.98638,25.36221,21.33878
1785815160,26.81315,80,90,0,226,,1,26.98638,25.36221,21.37264
1785815160,26.68765,79.94812,90,0,226,,1,27.02005,25.42974,21.44018
1785815161,26.85588,80.02289,90,0,226,,1,26.95252,25.42974,21.37264
1785815162,26.81315,79.9588,90,0,226,,1,27.02005,25.39588,21.44018
1785815162,26.7998,79.95728,90,0,227,,1,27.02005,25.39588,21.40631
1785815163,26.78645,79.89014,90,0,226,,1,27.02005,25.39588,21.40631
1785815164,26.82918,79.92218,90,0,226,,1,27.02005,25.39588,21.47404
1785815165,26.71435,80.09003,90,0,227,,1,27.05412,25.32835,21.37264
1785815165,26.82918,79.92218,90,0,226,,1,26.98638,25.32835,21.47404
1785815166,26.73037,79.92676,90,0,226,,1,27.02005,25.42974,21.50771
1785815167,26.84253,79.87488,90,0,226,,1,26.98638,25.36221,21.40631
1785815167,26.7998,79.92676,90,0,226,,1,27.02005,25.39588,21.44018
1785815168,26.7998,79.97711,90,0,226,,1,27.05412,25.39588,21.44018
1785815169,26.77043,80.02136,90,0,226,,1,26.98638,25.42974,21.40631
1785815169,26.82918,79.92218,90,0,226,,1,27.02005,25.32835,21.40631
1785815170,26.74372,79.9527,90,0,226,,1,27.02005,25.29448,21.44018
1785815171,26.7998,79.88403,90,0,226,,1,27.02005,25.36221,21.44018
1785815171,26.82918,79.96338,90,0,226,,1,26.95252,25.26061,21.44018
1785815172,26.77043,80.01221,90,0,226,,1,27.02005,25.32835,21.44018
1785815173,26.82918,80.09003,90,0,226,,1,26.98638,25.32835,21.37264
1785815173,26.75708,79.98627,90,0,226,,1,27.02005,25.39588,21.40631
1785815174,26.73037,79.9176,90,0,226,,1,26.98638,25.42974,21.40631
1785815175,26.701,79.92065,90,0,226,,1,27.05412,25.39588,21.37264
1785815175,26.7998,79.99847,90,0,226,,1,27.02005,25.36221,21.40631
1785815176,26.78645,80.10834,90,0,226,,1,27.02005,25.32835,21.40631
1785815177,26.7998,79.86267,90,0,226,,1,27.05412,25.39588,21.40631
1785815177,26.6743,79.90234,90,0,226,,1,27.02005,25.36221,21.40631
1785815178,26.75708,79.99847,90,0,226,,1,27.02005,25.39588,21.40631
1785815179,26.74372,79.8703,90,0,226,,1,27.02005,25.39588,21.30491
1785815179,26.81315,80.06409,90,0,226,,1,27.02005,25.36221,21.44018
1785815180,26.75708,79.96643,90,0,226,,1,27.02005,25.36221,21.37264
1785815181,26.71435,79.94507,90,0,226,,1,27.02005,25.32835,21.47404
1785815181,26.81315,79.93896,90,0,226,,1,27.02005,25.36221,21.47404
1785815182,26.74372,79.9115,90,0,226,,1,27.02005,25.29448,21.44018
1785815183,26.81315,80.02289,90,0,226,,1,27.02005,25.36221,21.40631
1785815184,26.82918,80.06866,90,0,226,,1,27.02005,25.36221,21.44018
1785815184,26.82918,79.97253,90,0,226,,1,27.02005,25.29448,21.44018
1785815185,26.84253,80.00916,90,0,226,,1,27.02005,25.36221,21.47404
1785815186,26.74372,79.9115,90,0,226,,1,27.02005,25.36221,21.40631
1785815186,26.85588,80.03204,90,0,226,,1,27.02005,25.36221,21.37264
1785815187,26.81315,79.9588,90,0,226,,1,27.05412,25.29448,21.40631
1785815188,26.74372,79.94049,90,0,226,,1,26.95252,25.39588,21.33878
1785815188,26.71435,79.88403,90,0,226,,1,27.05412,25.32835,21.44018
1785815189,26.77043,79.89777,90,0,226,,1,27.05412,25.36221,21.44018
1785815190,26.81315,79.92981,90,0,226,,1,27.05412,25.36221,21.44018
1785815190,26.81315,79.9588,90,0,226,,1,26.98638,25.42974,21.37264
1785815191,26.75708,79.90387,90,0,226,,1,26.98638,25.39588,21.44018
1785815192,26.78645,79.9939,90,0,226,,1,26.98638,25.36221,21.37264
1785815192,26.81315,80.04425,90,0,227,,1,27.02005,25.42974,21.33878
1785815193,26.85588,79.98016,90,0,226,,1,27.05412,25.36221,21.47404
1785815194,26.84253,79.86267,90,0,226,,1,27.05412,25.39588,21.40631
1785815194,26.7998,80.01831,90,0,226,,1,27.02005,25.39588,21.37264
1785815195,26.75708,79.96643,90,0,226,,1,27.02005,25.36221,21.50771
1785815196,26.73037,79.97101,90,0,226,,1,27.02005,25.32835,21.44018
1785815196,26.78645,79.90234,90,0,226,,1,27.02005,25.42974,21.44018
1785815197,26.78645,79.93134,90,0,226,,1,26.98638,25.46361,21.47404
1785815198,26.68765,79.98016,90,0,226,,1,26.98638,25.36221,21.40631
1785815198,26.85588,80.04425,90,0,226,,1,27.02005,25.36221,21.40631
1785815199,26.8986,79.96185,90,0,226,,1,26.98638,25.29448,21.40631
1785815200,26.7998,79.85352,90,0,226,,1,27.02005,25.42974,21.47404
1785815200,26.81315,80.01221,90,0,226,,1,26.98638,25.36221,21.37264
1785815201,26.7998,79.99847,90,0,226,,1,27.02005,25.39588,21.44018
1785815202,26.75708,79.91608,90,0,226,,1,27.02005,25.39588,21.40631
1785815203,26.82918,79.97253,90,0,227,,1,26.98638,25.39588,21.37264
1785815203,26.7998,80.05035,90,0,226,,1,26.98638,25.22675,21.47404
1785815204,26.701,80.01373,90,0,226,,1,27.08778,25.36221,21.40631
1785815205,26.81315,79.94965,90,0,226,,1,27.02005,25.26061,21.40631
1785815205,26.78645,79.97253,90,0,226,,1,26.98638,25.32835,21.40631
1785815206,26.77043,79.88861,90,0,226,,1,27.02005,25.42974,21.40631
1785815207,26.74372,79.96185,90,0,226,,1,27.02005,25.36221,21.47404
1785815207,26.82918,79.96338,90,0,226,,1,26.98638,25.42974,21.54157
1785815208,26.77043,79.98016,90,0,226,,1,27.02005,25.36221,21.37264
1785815209,26.81315,79.85657,90,0,226,,1,27.02005,25.32835,21.47404
1785815209,26.81315,80,90,0,226,,1,27.02005,25.36221,21.40631
1785815210,26.78645,79.9939,90,0,226,,1,27.05412,25.36221,21.33878
1785815211,26.73037,79.97101,90,0,226,,1,27.02005,25.39588,21.44018
1785815211,26.84253,79.99847,90,0,226,,1,27.02005,25.39588,21.47404
1785815212,26.7998,80.07172,90,0,226,,1,27.02005,25.46361,21.44018
1785815213,26.71435,79.99542,90,0,226,,1,27.02005,25.36221,21.44018
1785815213,26.84253,80.00916,90,0,226,,1,26.98638,25.42974,21.44018
1785815214,26.75708,79.94507,90,0,226,,1,27.02005,25.39588,21.40631
1785815215,26.75708,80.03967,90,0,226,,1,27.02005,25.39588,21.37264
1785815215,26.78645,80.09613,90,0,226,,1,26.98638,25.42974,21.40631
1785815216,26.86923,80.02594,90,0,226,,1,27.02005,25.36221,21.44018
1785815217,26.81315,79.98016,90,0,226,,1,27.02005,25.32835,21.47404
1785815217,26.74372,79.98474,90,0,226,,1,27.05412,25.42974,21.47404
1785815218,26.77043,80,90,0,226,,1,27.02005,25.39588,21.47404
1785815219,26.701,80.02594,90,0,226,,1,26.98638,25.32835,21.44018
1785815219,26.74372,80.00458,90,0,226,,1,26.98638,25.42974,21.47404
1785815220,26.88525,80.15411,90,0,226,,1,27.02005,25.36221,21.40631
1785815221,26.78645,80.04578,90,0,226,,1,27.05412,25.42974,21.40631
1785815222,26.7998,80.07172,90,0,226,,1,27.02005,25.36221,21.40631
1785815222,26.77043,79.98016,90,0,227,,1,26.98638,25.39588,21.44018
1785815223,26.75708,80.05951,90,0,226,,1,27.02005,25.39588,21.44018
1785815224,26.7998,79.95728,90,0,226,,1,27.02005,25.29448,21.44018
1785815224,26.77043,80.05341,90,0,226,,1,26.95252,25.36221,21.44018
1785815225,26.78645,80.11902,90,0,226,,1,27.05412,25.39588,21.47404
1785815226,26.7998,79.99847,90,0,226,,1,27.05412,25.36221,21.47404
1785815226,26.81315,79.92065,90,0,226,,1,27.05412,25.36221,21.37264
1785815227,26.81315,80.03204,90,0,226,,1,26.98638,25.39588,21.44018
1785815228,26.78645,80.01678,90,0,226,,1,27.05412,25.36221,21.40631
1785815228,26.8986,80.05493,90,0,226,,1,26.98638,25.29448,21.44018
1785815229,26.74372,79.96185,90,0,226,,1,27.02005,25.36221,21.47404
1785815230,26.75708,79.99847,90,0,226,,1,26.98638,25.29448,21.40631
1785815230,26.71435,79.93439,90,0,226,,1,27.02005,25.42974,21.47404
1785815231,26.77043,80.14648,90,0,226,,1,27.02005,25.32835,21.44018
1785815232,26.7998,80.10071,90,0,226,,1,26.98638,25.32835,21.44018
1785815232,26.74372,80.02594,90,0,227,,1,27.05412,25.42974,21.44018
1785815233,26.7998,80.09003,90,0,226,,1,27.05412,25.42974,21.50771
1785815234,26.77043,80.0946,90,0,226,,1,27.02005,25.32835,21.44018
1785815234,26.77043,80.0946,90,0,226,,1,27.02005,25.36221,21.44018
1785815235,26.71435,80.09003,90,0,226,,1,27.02005,25.36221,21.47404
1785815236,26.75708,80.14191,90,0,226,,1,27.02005,25.36221,21.37264
1785815236,26.84253,80.22736,90,0,226,,1,26.98638,25.39588,21.40631
1785815237,26.84253,80.23804,90,0,226,,1,27.02005,25.32835,21.44018
1785815238,26.8986,80.21973,90,0,226,,1,27.02005,25.39588,21.50771
1785815238,26.81315,80.31129,90,0,226,,1,27.02005,25.39588,21.44018
1785815239,26.7998,80.3708,90,0,226,,1,26.98638,25.29448,21.37264
1785815240,26.78645,80.37843,90,0,226,,1,27.02005,25.36221,21.44018
1785815241,26.78645,80.25178,90,0,226,,1,26.98638,25.36221,21.44018
1785815241,26.78645,80.36927,90,0,226,,1,26.98638,25.36221,21.47404
1785815242,26.84253,80.35096,90,0,226,,1,27.05412,25.46361,21.40631
1785815243,26.82918,80.29603,90,0,226,,1,26.95252,25.32835,21.47404
1785815243,26.77043,80.30061,90,0,226,,1,27.02005,25.32835,21.40631
1785815244,26.86923,80.31586,90,0,226,,1,27.02005,25.46361,21.47404
1785815245,26.85588,80.38758,90,0,226,,1,26.98638,25.42974,21.44018
1785815245,26.77043,80.25941,90,0,226,,1,26.98638,25.32835,21.47404
1785815246,26.74372,80.35706,90,0,226,,1,27.05412,25.32835,21.40631
1785815247,26.81315,80.36469,90,0,226,,1,26.98638,25.39588,21.44018
1785815247,26.78645,80.18158,90,0,226,,1,27.02005,25.36221,21.47404
1785815248,26.74372,80.23193,90,0,226,,1,27.02005,25.42974,21.50771
1785815249,26.77043,80.25941,90,0,226,,1,27.05412,25.39588,21.50771
1785815249,26.81315,80.25024,90,0,226,,1,26.98638,25.42974,21.30491
1785815250,26.7998,80.26551,90,0,226,,1,26.98638,25.36221,21.44018
1785815251,26.73037,80.11444,90,0,226,,1,26.98638,25.49748,21.40631
1785815251,26.701,80.18158,90,0,226,,1,27.02005,25.39588,21.40631
1785815252,26.7998,80.16327,90,0,226,,1,27.02005,25.36221,21.40631
1785815253,26.7998,80.19531,90,0,226,,1,27.02005,25.42974,21.50771
1785815253,26.78645,80.20142,90,0,226,,1,26.98638,25.29448,21.50771
1785815254,26.84253,80.15411,90,0,226,,1,27.02005,25.42974,21.44018
1785815255,26.81315,80.16785,90,0,226,,1,27.05412,25.36221,21.33878
1785815255,26.77043,80.15564,90,0,226,,1,27.02005,25.32835,21.44018
1785815256,26.74372,80.11749,90,0,226,,1,26.98638,25.42974,21.37264
1785815257,26.81315,80,90,0,226,,1,27.05412,25.46361,21.40631
1785815257,26.75708,80.13123,90,0,226,,1,26.98638,25.36221,21.44018
1785815258,26.701,80.08545,90,0,226,,1,27.05412,25.42974,21.44018
1785815259,26.68765,79.96796,90,0,226,,1,27.02005,25.39588,21.47404
1785815260,26.7998,79.99847,90,0,226,,1,27.02005,25.39588,21.40631
1785815260,26.71435,80.04883,90,0,226,,1,27.02005,25.32835,21.44018
1785815261,26.81315,80.11444,90,0,226,,1,27.02005,25.36221,21.47404
1785815262,26.78645,80.16022,90,0,226,,1,27.05412,25.39588,21.44018
1785815262,26.86923,80.05798,90,0,227,,1,26.98638,25.39588,21.40631
1785815263,26.82918,80.00458,90,0,226,,1,27.02005,25.36221,21.44018
1785815264,26.78645,79.98474,90,0,226,,1,26.98638,25.32835,21.37264
1785815264,26.78645,80.06714,90,0,226,,1,27.02005,25.36221,21.40631
1785815265,26.81315,80.03204,90,0,226,,1,27.02005,25.39588,21.47404
1785815266,26.82918,79.99542,90,0,226,,1,27.05412,25.39588,21.40631
1785815266,26.77043,80.0824,90,0,226,,1,26.98638,25.32835,21.44018
1785815267,26.78645,79.98474,90,0,226,,1,27.02005,25.39588,21.40631
1785815268,26.84253,79.96643,90,0,226,,1,26.98638,25.36221,21.37264
1785815268,26.77043,80.04425,90,0,226,,1,27.02005,25.36221,21.40631
1785815269,26.82918,80.25483,90,0,226,,1,26.98638,25.36221,21.44018
1785815270,26.73037,79.98016,90,0,226,,1,27.05412,25.39588,21.44018
1785815270,26.7998,79.98627,90,0,226,,1,26.98638,25.39588,21.47404
1785815271,26.84253,80.10071,90,0,226,,1,27.02005,25.39588,21.37264
1785815272,26.82918,80.02594,90,0,226,,1,27.02005,25.32835,21.44018
1785815272,26.73037,80.06409,90,0,227,,1,26.98638,25.36221,21.44018
1785815273,26.81315,80.07324,90,0,226,,1,26.98638,25.39588,21.37264
1785815274,26.88525,79.99847,90,0,226,,1,26.98638,25.39588,21.40631
1785815274,26.77043,80.01221,90,0,226,,1,26.98638,25.36221,21.44018
1785815275,26.73037,80.05341,90,0,226,,1,27.02005,25.36221,21.47404
1785815276,26.82918,79.96338,90,0,226,,1,27.02005,25.42974,21.44018
1785815276,26.77043,80,90,0,226,,1,27.02005,25.42974,21.44018
1785815277,26.78645,79.97253,90,0,226,,1,26.98638,25.39588,21.40631
1785815278,26.77043,80,90,0,226,,1,27.05412,25.39588,21.40631
1785815279,26.75708,80.07172,90,0,226,,1,27.02005,25.39588,21.40631
1785815279,26.78645,80.18158,90,0,226,,1,27.02005,25.32835,21.44018
1785815280,26.71435,80.05951,90,0,226,,1,27.02005,25.32835,21.47404
1785815281,26.75708,80.10071,90,0,226,,1,27.05412,25.39588,21.44018
1785815281,26.81315,79.93896,90,0,226,,1,26.98638,25.36221,21.47404
1785815282,26.82918,80.00458,90,0,226,,1,27.02005,25.42974,21.44018
1785815283,26.78645,79.94354,90,0,226,,1,26.98638,25.36221,21.50771
1785815283,26.81315,80.05341,90,0,226,,1,26.98638,25.49748,21.47404
1785815284,26.85588,80.11444,90,0,226,,1,27.02005,25.39588,21.40631
1785815285,26.86923,80.09003,90,0,226,,1,27.05412,25.39588,21.44018
1785815285,26.78645,80.20142,90,0,226,,1,27.02005,25.39588,21.37264
1785815286,26.82918,80.15106,90,0,226,,1,26.95252,25.39588,21.44018
1785815287,26.81315,80.02289,90,0,226,,1,27.02005,25.39588,21.44018
1785815287,26.77043,80.03204,90,0,226,,1,27.02005,25.39588,21.50771
1785815288,26.7998,80.12207,90,0,226,,1,26.98638,25.32835,21.44018
1785815289,26.7998,80.11292,90,0,226,,1,26.98638,25.39588,21.44018
1785815289,26.84253,80.17395,90,0,226,,1,27.08778,25.39588,21.40631
1785815290,26.77043,80.06409,90,0,226,,1,27.02005,25.39588,21.37264
1785815291,26.73037,80.07324,90,0,226,,1,27.02005,25.42974,21.44018
1785815291,26.7998,79.97711,90,0,226,,1,27.02005,25.39588,21.40631
1785815292,26.78645,80.01678,90,0,226,,1,27.02005,25.39588,21.40631
1785815293,26.85588,80.02289,90,0,226,,1,26.95252,25.39588,21.40631
1785815293,26.81315,80.05341,90,0,226,,1,26.95252,25.36221,21.44018
1785815294,26.77043,79.98016,90,0,226,,1,27.02005,25.32835,21.44018
1785815295,26.82918,79.88098,90,0,226,,1,27.05412,25.32835,21.50771
1785815295,26.77043,79.94812,90,0,226,,1,27.05412,25.39588,21.50771
1785815296,26.8986,80.04425,90,0,226,,1,27.05412,25.36221,21.47404
1785815297,26.71435,79.98627,90,0,226,,1,27.02005,25.42974,21.47404
1785815298,26.75708,80.03967,90,0,226,,1,27.02005,25.26061,21.50771
1785815298,26.7998,80.03967,90,0,226,,1,26.98638,25.42974,21.47404
1785815299,26.73037,79.9176,90,0,226,,1,27.02005,25.39588,21.33878
1785815300,26.73037,80,90,0,226,,1,27.05412,25.46361,21.37264
1785815300,26.81315,79.92065,90,0,226,,1,26.95252,25.32835,21.44018
1785815301,26.75708,79.97711,90,0,226,,1,26.98638,25.36221,21.44018
1785815302,26.73037,80,90,0,226,,1,26.98638,25.39588,21.40631
1785815302,26.74372,79.92065,90,0,227,,1,27.02005,25.36221,21.47404
1785815303,26.82918,79.96338,90,0,226,,1,26.98638,25.36221,21.40631
1785815304,26.77043,79.8764,90,0,226,,1,26.98638,25.32835,21.40631
1785815304,26.85588,80.02289,90,0,226,,1,27.02005,25.39588,21.47404
1785815305,26.74372,79.9115,90,0,226,,1,27.05412,25.39588,21.37264
1785815306,26.77043,79.94812,90,0,226,,1,26.98638,25.39588,21.44018
1785815306,26.71435,79.84283,90,0,226,,1,27.02005,25.42974,21.47404
1785815307,26.84253,79.93591,90,0,226,,1,26.95252,25.39588,21.44018
1785815308,26.81315,79.79401,90,0,226,,1,26.98638,25.39588,21.40631
1785815308,26.84253,79.82147,90,0,226,,1,26.98638,25.42974,21.37264
1785815309,26.7998,79.88403,90,0,226,,1,27.02005,25.36221,21.44018
1785815310,26.68765,79.85657,90,0,226,,1,26.98638,25.42974,21.47404
1785815310,26.73037,79.85657,90,0,226,,1,26.98638,25.32835,21.44018
1785815311,26.78645,79.84894,90,0,226,,1,26.98638,25.39588,21.40631
1785815312,26.81315,79.76501,90,0,226,,1,27.02005,25.36221,21.44018
1785815312,26.78645,79.96338,90,0,227,,1,27.08778,25.39588,21.27125
1785815313,26.74372,79.96185,90,0,226,,1,26.95252,25.32835,21.40631
1785815314,26.77043,79.90845,90,0,226,,1,26.95252,25.42974,21.37264
1785815314,26.88525,79.95728,90,0,226,,1,27.02005,25.32835,21.44018
1785815315,26.77043,79.9588,90,0,226,,1,27.02005,25.39588,21.47404
1785815316,26.82918,79.96338,90,0,226,,1,26.98638,25.36221,21.47404
1785815316,26.701,79.85809,90,0,226,,1,27.02005,25.39588,21.40631
1785815317,26.81315,79.93896,90,0,226,,1,26.98638,25.36221,21.47404
1785815318,26.74372,79.92065,90,0,226,,1,27.02005,25.39588,21.40631
1785815319,26.77043,79.89777,90,0,226,,1,27.02005,25.46361,21.44018
1785815319,26.85588,79.94049,90,0,226,,1,27.02005,25.36221,21.47404
1785815320,26.85588,79.84741,90,0,226,,1,27.02005,25.36221,21.33878
1785815321,26.81315,79.83521,90,0,226,,1,27.02005,25.32835,21.40631
1785815321,26.85588,79.8764,90,0,226,,1,26.98638,25.39588,21.37264
1785815322,26.81315,79.86725,90,0,226,,1,27.02005,25.42974,21.37264
1785815323,26.86923,79.8703,90,0,227,,1,27.02005,25.42974,21.37264
1785815323,26.78645,79.92218,90,0,226,,1,26.98638,25.32835,21.47404
1785815324,26.77043,79.86572,90,0,226,,1,27.02005,25.42974,21.44018
1785815325,26.77043,79.70092,90,0,226,,1,27.02005,25.42974,21.47404
1785815325,26.71435,79.83063,90,0,226,,1,26.98638,25.46361,21.47404
1785815326,26.7998,79.86267,90,0,226,,1,27.05412,25.39588,21.44018
1785815327,26.8986,79.7757,90,0,226,,1,26.98638,25.36221,21.44018
1785815327,26.77043,79.93896,90,0,226,,1,26.98638,25.29448,21.40631
1785815328,26.7998,79.85352,90,0,226,,1,26.98638,25.36221,21.47404
1785815329,26.74372,79.88098,90,0,226,,1,27.05412,25.39588,21.33878
1785815329,26.78645,79.92218,90,0,226,,1,27.02005,25.39588,21.50771
1785815330,26.75708,79.92523,90,0,226,,1,27.02005,25.39588,21.44018
1785815331,26.81315,79.85657,90,0,226,,1,27.05412,25.42974,21.44018
1785815331,26.77043,80.04425,90,0,226,,1,27.02005,25.39588,21.44018
1785815332,26.75708,79.92523,90,0,226,,1,26.98638,25.29448,21.37264
1785815333,26.701,80.20142,90,0,226,,1,26.98638,25.32835,21.40631
1785815333,26.7998,80.25636,90,0,226,,1,27.02005,25.46361,21.44018
1785815334,26.85588,80.23193,90,0,226,,1,27.02005,25.39588,21.50771
1785815335,26.82918,80.31586,90,0,226,,1,27.02005,25.39588,21.37264
1785815335,26.82918,80.25483,90,0,226,,1,27.05412,25.39588,21.40631
1785815336,26.8986,80.33418,90,0,226,,1,27.02005,25.42974,21.44018
1785815337,26.73037,80.33265,90,0,226,,1,27.02005,25.36221,21.44018
1785815338,26.82918,80.37995,90,0,226,,1,27.02005,25.36221,21.44018
1785815338,26.85588,80.19989,90,0,226,,1,26.98638,25.42974,21.37264
1785815339,26.81315,80.32349,90,0,226,,1,26.98638,25.39588,21.44018
1785815340,26.94133,80.27314,90,0,226,,1,26.98638,25.36221,21.44018
1785815340,26.82918,80.34791,90,0,226,,1,26.98638,25.42974,21.50771
1785815341,26.84253,80.16479,90,0,226,,1,27.02005,25.39588,21.40631
1785815342,26.75708,80.29755,90,0,226,,1,27.02005,25.39588,21.47404
1785815342,26.7998,80.13275,90,0,227,,1,27.02005,25.39588,21.44018
1785815343,26.78645,80.18158,90,0,226,,1,26.98638,25.36221,21.40631
1785815344,26.78645,80.14954,90,0,226,,1,27.02005,25.42974,21.33878
1785815344,26.64225,80.05035,90,0,226,,1,26.98638,25.36221,21.40631
1785815345,26.75708,80.08087,90,0,226,,1,27.02005,25.36221,21.37264
1785815346,26.82918,79.99542,90,0,226,,1,27.02005,25.32835,21.50771
1785815346,26.7998,80.03967,90,0,226,,1,27.08778,25.36221,21.37264
1785815347,26.78645,80.00458,90,0,226,,1,26.98638,25.36221,21.40631
1785815348,26.82918,80.09918,90,0,226,,1,27.02005,25.36221,21.40631
1785815348,26.75708,80.02747,90,0,226,,1,27.05412,25.42974,21.47404
1785815349,26.77043,80.01221,90,0,226,,1,27.02005,25.46361,21.40631
1785815350,26.81315,79.99084,90,0,226,,1,27.02005,25.42974,21.37264
1785815351,26.86923,79.93439,90,0,226,,1,27.02005,25.46361,21.37264
1785815351,26.73037,80.07324,90,0,226,,1,27.05412,25.32835,21.44018
1785815352,26.71435,80.05951,90,0,226,,1,26.98638,25.36221,21.40631
1785815352,26.84253,79.94507,90,0,227,,1,26.98638,25.42974,21.37264
1785815353,26.88525,79.98932,90,0,226,,1,27.05412,25.39588,21.40631
1785815354,26.7998,79.98627,90,0,226,,1,27.02005,25.42974,21.37264
1785815354,26.81315,79.9588,90,0,226,,1,27.05412,25.36221,21.47404
1785815355,26.82918,80.07782,90,0,226,,1,27.02005,25.32835,21.44018
1785815356,26.75708,79.97711,90,0,226,,1,27.02005,25.46361,21.40631
1785815357,26.86923,79.9527,90,0,226,,1,27.05412,25.39588,21.47404
1785815357,26.82918,79.91302,90,0,226,,1,26.98638,25.39588,21.33878
1785815358,26.78645,79.91302,90,0,226,,1,26.98638,25.36221,21.44018
1785815359,26.73037,80,90,0,226,,1,27.02005,25.42974,21.44018
1785815359,26.82918,79.89319,90,0,226,,1,27.05412,25.36221,21.50771
1785815360,26.82918,80.02594,90,0,226,,1,27.05412,25.32835,21.33878
1785815361,26.84253,79.98932,90,0,226,,1,26.98638,25.42974,21.47404
1785815361,26.82918,80.11902,90,0,226,,1,27.02005,25.39588,21.44018
1785815362,26.81315,79.8764,90,0,226,,1,27.05412,25.42974,21.44018
1785815363,26.71435,79.99542,90,0,227,,1,27.05412,25.39588,21.44018
1785815363,26.86923,79.89014,90,0,226,,1,27.02005,25.32835,21.40631
1785815364,26.78645,79.90234,90,0,226,,1,27.02005,25.39588,21.40631
1785815365,26.81315,79.92065,90,0,226,,1,27.02005,25.42974,21.40631
1785815365,26.77043,79.90845,90,0,226,,1,27.05412,25.36221,21.40631
1785815366,26.85588,80.07629,90,0,226,,1,27.05412,25.36221,21.40631
1785815367,26.78645,79.97253,90,0,226,,1,26.98638,25.46361,21.40631
1785815367,26.75708,79.89471,90,0,226,,1,27.05412,25.42974,21.44018
1785815368,26.74372,79.83826,90,0,226,,1,26.98638,25.39588,21.44018
1785815369,26.84253,79.85352,90,0,226,,1,27.08778,25.39588,21.44018
1785815369,26.74372,79.92065,90,0,226,,1,27.02005,25.36221,21.44018
1785815370,26.74372,79.97253,90,0,226,,1,26.98638,25.36221,21.40631
1785815371,26.74372,79.93134,90,0,226,,1,27.02005,25.39588,21.40631
1785815371,26.85588,79.99084,90,0,226,,1,27.02005,25.36221,21.44018
1785815372,26.78645,79.9527,90,0,226,,1,27.05412,25.39588,21.47404
1785815373,26.7998,79.94507,90,0,226,,1,26.98638,25.39588,21.40631
1785815374,26.7998,79.96643,90,0,226,,1,27.02005,25.42974,21.44018
1785815374,26.7998,79.97711,90,0,226,,1,27.02005,25.32835,21.44018
1785815375,26.84253,80.05035,90,0,226,,1,27.02005,25.39588,21.44018
1785815376,26.85588,79.92981,90,0,226,,1,27.02005,25.36221,21.40631
1785815376,26.73037,79.98016,90,0,226,,1,27.02005,25.46361,21.37264
1785815377,26.81315,79.97101,90,0,226,,1,27.05412,25.46361,21.44018
1785815378,26.82918,79.93439,90,0,226,,1,27.02005,25.29448,21.40631
1785815378,26.82918,79.92218,90,0,226,,1,27.05412,25.32835,21.40631
1785815379,26.82918,79.98474,90,0,226,,1,27.05412,25.49748,21.47404
1785815380,26.82918,79.90234,90,0,226,,1,27.05412,25.36221,21.47404
1785815380,26.85588,79.94965,90,0,226,,1,27.02005,25.29448,21.40631
1785815381,26.73037,79.82452,90,0,226,,1,27.08778,25.39588,21.44018
1785815382,26.75708,79.96643,90,0,226,,1,26.98638,25.39588,21.37264
1785815382,26.75708,79.93439,90,0,227,,1,26.98638,25.42974,21.40631
1785815383,26.78645,80.02594,90,0,226,,1,27.02005,25.42974,21.44018
1785815384,26.74372,80.02594,90,0,226,,1,26.98638,25.32835,21.40631
1785815384,26.701,79.87946,90,0,226,,1,27.08778,25.39588,21.47404
1785815385,26.85588,80.03204,90,0,226,,1,26.98638,25.36221,21.40631
1785815386,26.85588,80.02289,90,0,226,,1,27.02005,25.32835,21.50771
1785815386,26.77043,79.94812,90,0,226,,1,27.02005,25.46361,21.44018
1785815387,26.74372,79.94049,90,0,226,,1,27.02005,25.39588,21.47404
1785815388,26.85588,79.97101,90,0,226,,1,27.02005,25.36221,21.40631
1785815388,26.71435,80.09918,90,0,226,,1,27.02005,25.32835,21.44018
1785815389,26.82918,79.90234,90,0,226,,1,27.05412,25.29448,21.40631
1785815390,26.82918,79.89319,90,0,226,,1,26.98638,25.39588,21.44018
1785815390,26.7998,79.92676,90,0,226,,1,27.02005,25.39588,21.40631
1785815391,26.81315,80.08545,90,0,226,,1,27.05412,25.39588,21.50771
1785815392,26.77043,79.92676,90,0,226,,1,27.08778,25.36221,21.44018
1785815393,26.78645,80.05798,90,0,227,,1,27.02005,25.32835,21.40631
1785815393,26.7998,79.99847,90,0,226,,1,27.02005,25.29448,21.44018
1785815394,26.85588,79.99084,90,0,226,,1,27.02005,25.39588,21.47404
1785815395,26.77043,79.89777,90,0,226,,1,27.02005,25.39588,21.40631
1785815395,26.84253,80.03052,90,0,226,,1,27.02005,25.42974,21.40631
1785815396,26.71435,79.87183,90,0,226,,1,27.05412,25.39588,21.44018
1785815397,26.75708,79.90387,90,0,226,,1,27.02005,25.42974,21.44018
1785815397,26.74372,79.96185,90,0,226,,1,27.02005,25.36221,21.37264
1785815398,26.78645,80.02594,90,0,226,,1,27.02005,25.39588,21.44018
1785815399,26.71435,79.97559,90,0,226,,1,27.02005,25.32835,21.44018
1785815399,26.7998,79.93439,90,0,226,,1,27.05412,25.36221,21.44018
1785815400,26.82918,79.92218,90,0,226,,1,27.02005,25.32835,21.40631
1785815401,26.74372,80.02594,90,0,226,,1,27.05412,25.36221,21.44018
1785815401,26.77043,79.9176,90,0,226,,1,27.02005,25.32835,21.40631
1785815402,26.77043,79.92676,90,0,226,,1,27.02005,25.39588,21.47404
1785815403,26.73037,79.9588,90,0,226,,1,27.02005,25.36221,21.44018
1785815403,26.78645,79.9527,90,0,226,,1,27.02005,25.42974,21.40631
1785815404,26.77043,79.96796,90,0,226,,1,27.05412,25.32835,21.50771
1785815405,26.75708,79.98627,90,0,226,,1,26.98638,25.39588,21.40631
1785815405,26.75708,79.98627,90,0,226,,1,26.98638,25.32835,21.47404
1785815406,26.77043,79.93896,90,0,226,,1,27.05412,25.42974,21.44018
1785815407,26.86923,79.98474,90,0,226,,1,27.05412,25.39588,21.37264
1785815407,26.75708,79.83063,90,0,226,,1,27.02005,25.36221,21.40631
1785815408,26.7998,79.96643,90,0,226,,1,26.98638,25.49748,21.37264
1785815409,26.7998,79.87488,90,0,226,,1,27.02005,25.36221,21.44018
1785815409,26.74372,80.01373,90,0,226,,1,27.02005,25.32835,21.40631
1785815410,26.81315,79.92065,90,0,226,,1,26.98638,25.42974,21.44018
1785815411,26.91195,80.00458,90,0,226,,1,27.02005,25.42974,21.47404
1785815411,26.86923,79.99542,90,0,226,,1,27.05412,25.32835,21.50771
1785815412,26.86923,79.90234,90,0,227,,1,27.05412,25.42974,21.47404
1785815413,26.7998,80.03967,90,0,226,,1,26.98638,25.42974,21.40631
1785815414,26.75708,79.94507,90,0,226,,1,26.98638,25.32835,21.47404
1785815414,26.81315,80.04425,90,0,226,,1,27.05412,25.36221,21.37264
1785815415,26.84253,79.98932,90,0,226,,1,27.02005,25.36221,21.47404
1785815416,26.78645,79.98474,90,0,226,,1,27.02005,25.39588,21.40631
1785815416,26.7998,79.92676,90,0,226,,1,26.95252,25.36221,21.40631
1785815417,26.81315,79.86725,90,0,226,,1,26.98638,25.39588,21.37264
1785815418,26.77043,79.9588,90,0,226,,1,27.05412,25.36221,21.44018
1785815418,26.77043,80.05341,90,0,226,,1,26.98638,25.46361,21.50771
1785815419,26.77043,79.92676,90,0,226,,1,27.02005,25.36221,21.44018
1785815420,26.84253,80.03967,90,0,226,,1,27.02005,25.42974,21.44018
1785815420,26.78645,79.90234,90,0,226,,1,27.05412,25.36221,21.40631
1785815421,26.73037,80.01221,90,0,226,,1,27.02005,25.39588,21.33878
1785815422,26.81315,79.98016,90,0,226,,1,27.05412,25.36221,21.54157
1785815422,26.82918,80.04883,90,0,227,,1,27.02005,25.32835,21.47404
1785815423,26.701,80.05493,90,0,226,,1,26.98638,25.42974,21.40631
1785815424,26.75708,79.89471,90,0,226,,1,26.98638,25.36221,21.44018
1785815424,26.74372,79.94049,90,0,226,,1,27.05412,25.42974,21.37264
1785815425,26.7998,79.93439,90,0,226,,1,27.05412,25.46361,21.37264
1785815426,26.84253,79.96643,90,0,226,,1,27.02005,25.36221,21.40631
1785815426,26.7998,80.10071,90,0,226,,1,26.98638,25.39588,21.47404
1785815427,26.81315,80.01221,90,0,226,,1,27.02005,25.39588,21.50771
1785815428,26.71435,79.91302,90,0,226,,1,26.98638,25.42974,21.50771
1785815428,26.7998,80.11292,90,0,226,,1,27.02005,25.39588,21.47404
1785815429,26.86923,80.00458,90,0,226,,1,27.02005,25.36221,21.47404
1785815430,26.78645,79.9527,90,0,226,,1,27.05412,25.46361,21.47404
1785815430,26.82918,79.97253,90,0,226,,1,27.02005,25.42974,21.33878
1785815431,26.74372,80.02594,90,0,226,,1,27.02005,25.39588,21.40631
1785815432,26.7998,79.95728,90,0,226,,1,26.98638,25.36221,21.44018
1785815433,26.75708,80.00763,90,0,226,,1,27.05412,25.36221,21.50771
1785815433,26.82918,80.01678,90,0,226,,1,26.98638,25.42974,21.47404
1785815434,26.75708,79.86267,90,0,226,,1,27.05412,25.29448,21.40631
1785815435,26.75708,79.94507,90,0,226,,1,27.02005,25.32835,21.47404
1785815435,26.74372,79.96185,90,0,226,,1,27.02005,25.39588,21.37264
1785815436,26.77043,80.03204,90,0,226,,1,26.98638,25.36221,21.44018
1785815437,26.81315,79.92065,90,0,226,,1,27.02005,25.32835,21.47404
1785815437,26.74372,79.90234,90,0,226,,1,27.02005,25.36221,21.40631
1785815438,26.74372,79.9939,90,0,226,,1,27.02005,25.39588,21.44018
1785815439,26.75708,80.00763,90,0,226,,1,26.98638,25.39588,21.40631
1785815439,26.7998,79.97711,90,0,226,,1,27.05412,25.39588,21.40631
1785815440,26.81315,80.08545,90,0,226,,1,27.02005,25.32835,21.47404
1785815441,26.74372,79.9939,90,0,226,,1,27.05412,25.42974,21.47404
1785815441,26.78645,80.03662,90,0,226,,1,26.98638,25.36221,21.40631
1785815442,26.82918,80.09003,90,0,226,,1,26.98638,25.39588,21.47404
1785815443,26.86923,80.06866,90,0,226,,1,27.02005,25.42974,21.44018
1785815443,26.84253,79.92676,90,0,226,,1,27.02005,25.46361,21.40631
1785815444,26.81315,79.98016,90,0,226,,1,27.02005,25.42974,21.40631
1785815445,26.82918,80.07782,90,0,226,,1,27.02005,25.36221,21.37264
1785815445,26.78645,80.00458,90,0,226,,1,27.02005,25.36221,21.44018
1785815446,26.75708,79.99847,90,0,226,,1,26.98638,25.39588,21.40631
1785815447,26.86923,79.97253,90,0,226,,1,27.05412,25.39588,21.44018
1785815447,26.75708,80.00763,90,0,226,,1,27.02005,25.32835,21.40631
1785815448,26.78645,80.06714,90,0,226,,1,26.98638,25.36221,21.40631
1785815449,26.84253,80.06256,90,0,226,,1,26.98638,25.39588,21.37264
1785815449,26.75708,80.05035,90,0,226,,1,27.02005,25.36221,21.33878
1785815450,26.75708,79.88403,90,0,226,,1,27.02005,25.39588,21.33878
1785815451,26.77043,79.9588,90,0,226,,1,26.98638,25.46361,21.44018
1785815452,26.7998,80.13275,90,0,226,,1,26.98638,25.36221,21.44018
1785815452,26.701,80.00458,90,0,227,,1,27.02005,25.36221,21.44018
1785815453,26.86923,80.07782,90,0,226,,1,27.08778,25.36221,21.40631
1785815454,26.77043,79.90845,90,0,226,,1,26.98638,25.36221,21.50771
1785815454,26.84253,80.14191,90,0,226,,1,27.02005,25.39588,21.40631
1785815455,26.77043,80.01221,90,0,226,,1,27.02005,25.36221,21.47404
1785815456,26.77043,80.0946,90,0,226,,1,26.95252,25.39588,21.40631
1785815456,26.77043,80.0946,90,0,226,,1,26.98638,25.36221,21.44018
1785815457,26.7998,80.01831,90,0,226,,1,27.08778,25.32835,21.44018
1785815458,26.86923,80.03662,90,0,226,,1,26.98638,25.32835,21.47404
1785815458,26.78645,80.11902,90,0,226,,1,27.02005,25.32835,21.40631
1785815459,26.78645,80.03662,90,0,226,,1,26.95252,25.36221,21.44018
1785815460,26.91195,80.06866,90,0,226,,1,26.98638,25.39588,21.44018
1785815460,26.78645,79.96338,90,0,226,,1,26.95252,25.36221,21.40631
1785815461,26.74372,79.9115,90,0,226,,1,27.05412,25.39588,21.44018
1785815462,26.78645,79.9939,90,0,226,,1,27.02005,25.36221,21.44018
1785815462,26.75708,79.94507,90,0,227,,1,27.02005,25.29448,21.33878
1785815463,26.7998,80.12207,90,0,226,,1,26.98638,25.32835,21.44018
1785815464,26.82918,80.00458,90,0,226,,1,27.02005,25.39588,21.37264
1785815464,26.74372,80.02594,90,0,226,,1,27.02005,25.32835,21.37264
1785815465,26.81315,79.93896,90,0,226,,1,26.95252,25.39588,21.47404
1785815466,26.78645,80.03662,90,0,226,,1,27.02005,25.42974,21.40631
1785815466,26.84253,80.01831,90,0,226,,1,27.02005,25.36221,21.40631
1785815467,26.77043,79.92676,90,0,226,,1,26.98638,25.36221,21.40631
1785815468,26.78645,79.90234,90,0,226,,1,27.05412,25.42974,21.40631
1785815468,26.7998,79.95728,90,0,226,,1,27.02005,25.36221,21.40631
1785815469,26.68765,80.01221,90,0,226,,1,27.02005,25.36221,21.44018
1785815470,26.85588,80.07629,90,0,226,,1,26.98638,25.42974,21.37264
1785815471,26.7998,80.01831,90,0,226,,1,26.98638,25.32835,21.44018
1785815471,26.82918,80.05798,90,0,226,,1,27.05412,25.42974,21.47404
1785815472,26.84253,80.00916,90,0,226,,1,27.02005,25.39588,21.37264
1785815473,26.78645,79.9527,90,0,226,,1,27.05412,25.49748,21.40631
1785815473,26.74372,79.8291,90,0,226,,1,26.98638,25.32835,21.44018
1785815474,26.86923,80.01678,90,0,226,,1,27.02005,25.39588,21.37264
1785815475,26.77043,79.9588,90,0,226,,1,26.98638,25.36221,21.50771
1785815475,26.82918,80.03662,90,0,226,,1,27.05412,25.36221,21.47404
1785815476,26.7998,79.97711,90,0,226,,1,26.95252,25.39588,21.44018
1785815477,26.77043,80,90,0,226,,1,27.02005,25.29448,21.40631
1785815477,26.82918,79.98474,90,0,226,,1,27.02005,25.42974,21.40631
1785815478,26.73037,79.9588,90,0,226,,1,26.98638,25.36221,21.44018
1785815479,26.81315,80.04425,90,0,226,,1,27.02005,25.36221,21.47404
1785815479,26.78645,79.93134,90,0,226,,1,27.05412,25.42974,21.40631
1785815480,26.82918,79.90234,90,0,226,,1,26.98638,25.42974,21.44018
1785815481,26.78645,80.02594,90,0,226,,1,27.02005,25.36221,21.40631
1785815481,26.75708,79.91608,90,0,226,,1,27.02005,25.36221,21.37264
1785815482,26.85588,79.94049,90,0,226,,1,26.98638,25.39588,21.44018
1785815483,26.73037,80,90,0,226,,1,26.98638,25.32835,21.47404
1785815483,26.7998,79.98627,90,0,226,,1,27.05412,25.39588,21.44018
1785815484,26.84253,80.03967,90,0,226,,1,26.98638,25.42974,21.44018
1785815485,26.78645,79.94354,90,0,226,,1,26.95252,25.36221,21.30491
1785815485,26.7998,79.92676,90,0,226,,1,27.02005,25.49748,21.40631
1785815486,26.74372,79.9115,90,0,226,,1,27.05412,25.39588,21.37264
1785815487,26.701,79.89929,90,0,226,,1,26.95252,25.36221,21.47404
1785815487,26.84253,79.87488,90,0,226,,1,27.02005,25.36221,21.37264
1785815488,26.81315,79.86725,90,0,226,,1,26.98638,25.39588,21.40631
1785815489,26.75708,79.99847,90,0,226,,1,27.02005,25.39588,21.40631
1785815490,26.82918,79.92218,90,0,226,,1,27.02005,25.36221,21.47404
1785815490,26.71435,79.85199,90,0,226,,1,26.98638,25.32835,21.40631
1785815491,26.88525,80.00916,90,0,226,,1,26.98638,25.29448,21.44018
1785815492,26.82918,79.90234,90,0,226,,1,27.02005,25.36221,21.44018
1785815492,26.7998,79.95728,90,0,227,,1,26.98638,25.29448,21.54157
1785815493,26.7998,79.96643,90,0,226,,1,26.95252,25.42974,21.44018
1785815494,26.85588,79.9588,90,0,226,,1,27.02005,25.36221,21.40631
1785815494,26.7998,79.99847,90,0,227,,1,27.02005,25.32835,21.44018
1785815495,26.75708,79.89471,90,0,226,,1,26.98638,25.36221,21.44018
1785815496,26.78645,79.93134,90,0,226,,1,27.02005,25.32835,21.33878
1785815496,26.85588,79.84741,90,0,226,,1,27.02005,25.32835,21.47404
1785815497,26.84253,79.84283,90,0,226,,1,27.02005,25.42974,21.44018
1785815498,26.84253,79.86267,90,0,226,,1,27.02005,25.39588,21.44018
1785815498,26.701,79.97253,90,0,226,,1,27.05412,25.42974,21.47404
1785815499,26.73037,79.92676,90,0,226,,1,27.02005,25.32835,21.44018
1785815500,26.77043,79.84436,90,0,226,,1,26.98638,25.42974,21.47404
1785815500,26.7998,79.89471,90,0,226,,1,27.05412,25.36221,21.40631
1785815501,26.82918,79.83978,90,0,226,,1,27.05412,25.36221,21.40631
1785815502,26.7998,79.80164,90,0,226,,1,27.02005,25.36221,21.44018
1785815502,26.82918,79.90234,90,0,227,,1,27.02005,25.36221,21.50771
1785815503,26.84253,79.86267,90,0,226,,1,27.02005,25.32835,21.37264
1785815504,26.7998,79.94507,90,0,227,,1,27.02005,25.42974,21.40631
1785815504,26.74372,79.88098,90,0,226,,1,26.98638,25.36221,21.37264
1785815505,26.75708,79.82147,90,0,226,,1,26.98638,25.39588,21.37264
1785815506,26.82918,79.83978,90,0,226,,1,27.02005,25.32835,21.47404
1785815506,26.73037,79.93896,90,0,226,,1,26.95252,25.32835,21.40631
1785815507,26.6743,79.90234,90,0,226,,1,26.98638,25.46361,21.47404
1785815508,26.85588,79.99084,90,0,226,,1,27.02005,25.42974,21.47404
1785815509,26.82918,79.76654,90,0,226,,1,27.02005,25.42974,21.40631
1785815509,26.81315,79.92065,90,0,226,,1,27.02005,25.39588,21.44018
1785815510,26.84253,79.96643,90,0,226,,1,27.02005,25.39588,21.44018
1785815511,26.81315,79.94965,90,0,226,,1,27.05412,25.39588,21.40631
1785815511,26.78645,79.98474,90,0,226,,1,26.98638,25.39588,21.37264
1785815512,26.82918,80.04883,90,0,226,,1,26.95252,25.42974,21.37264
1785815513,26.75708,79.86267,90,0,227,,1,27.02005,25.42974,21.44018
1785815513,26.75708,79.89471,90,0,226,,1,27.02005,25.39588,21.40631
1785815514,26.7998,79.86267,90,0,226,,1,26.98638,25.42974,21.44018
1785815515,26.7998,79.88403,90,0,226,,1,26.98638,25.36221,21.40631
1785815515,26.78645,79.88098,90,0,226,,1,27.05412,25.42974,21.44018
1785815516,26.75708,79.86267,90,0,226,,1,27.02005,25.39588,21.40631
1785815517,26.75708,79.98627,90,0,226,,1,27.02005,25.36221,21.44018
1785815517,26.77043,79.89777,90,0,226,,1,27.02005,25.42974,21.44018
1785815518,26.82918,79.92218,90,0,226,,1,27.05412,25.29448,21.40631
1785815519,26.73037,79.85657,90,0,226,,1,26.98638,25.32835,21.44018
1785815519,26.85588,79.86725,90,0,226,,1,27.02005,25.39588,21.40631
1785815520,26.75708,79.78943,90,0,226,,1,27.02005,25.36221,21.40631
1785815521,26.75708,79.88403,90,0,226,,1,27.02005,25.42974,21.44018
1785815521,26.81315,79.89777,90,0,226,,1,26.98638,25.32835,21.44018
1785815522,26.82918,79.89319,90,0,226,,1,26.98638,25.36221,21.47404
1785815523,26.77043,79.79248,90,0,226,,1,26.98638,25.42974,21.44018
1785815523,26.85588,79.80316,90,0,226,,1,27.05412,25.39588,21.37264
1785815524,26.81315,79.90845,90,0,226,,1,27.02005,25.32835,21.50771
1785815525,26.71435,79.92218,90,0,226,,1,26.95252,25.32835,21.37264
1785815525,26.7998,79.89471,90,0,226,,1,27.02005,25.32835,21.40631
1785815526,26.81315,79.8764,90,0,226,,1,27.02005,25.36221,21.33878
1785815527,26.77043,79.88861,90,0,226,,1,27.05412,25.42974,21.40631
1785815528,26.71435,79.91302,90,0,226,,1,27.02005,25.42974,21.47404
1785815528,26.77043,79.93896,90,0,226,,1,27.02005,25.39588,21.44018
1785815529,26.86923,79.99542,90,0,226,,1,27.02005,25.36221,21.40631
1785815530,26.77043,79.93896,90,0,226,,1,27.02005,25.36221,21.44018
1785815530,26.81315,79.89777,90,0,226,,1,27.02005,25.39588,21.40631
1785815531,26.94133,79.94049,90,0,226,,1,27.02005,25.46361,21.37264
1785815532,26.74372,79.92065,90,0,226,,1,27.02005,25.32835,21.33878
1785815532,26.81315,79.8764,90,0,227,,1,26.95252,25.42974,21.40631
1785815533,26.86923,79.9527,90,0,226,,1,26.98638,25.49748,21.40631
1785815534,26.74372,79.89014,90,0,226,,1,26.98638,25.46361,21.54157
1785815534,26.75708,79.85199,90,0,226,,1,27.05412,25.46361,21.44018
1785815535,26.7998,79.82147,90,0,226,,1,26.98638,25.36221,21.44018
1785815536,26.77043,79.86572,90,0,226,,1,27.02005,25.36221,21.40631
1785815536,26.81315,79.85657,90,0,226,,1,27.02005,25.36221,21.47404
1785815537,26.82918,79.92218,90,0,226,,1,27.02005,25.32835,21.44018
1785815538,26.81315,79.89777,90,0,226,,1,26.98638,25.32835,21.33878
1785815538,26.78645,79.92218,90,0,226,,1,27.02005,25.36221,21.37264
1785815539,26.81315,79.90845,90,0,226,,1,27.02005,25.32835,21.44018
1785815540,26.7998,79.88403,90,0,226,,1,27.02005,25.32835,21.50771
1785815540,26.78645,79.92218,90,0,226,,1,27.05412,25.39588,21.44018
1785815541,26.68765,79.80316,90,0,226,,1,27.05412,25.39588,21.40631
1785815542,26.78645,80.07782,90,0,226,,1,27.05412,25.32835,21.44018
1785815542,26.7998,79.96643,90,0,227,,1,27.05412,25.32835,21.50771
1785815543,26.78645,79.89014,90,0,226,,1,27.02005,25.36221,21.40631
1785815544,26.82918,79.83978,90,0,226,,1,27.02005,25.36221,21.44018
1785815544,26.75708,79.86267,90,0,226,,1,27.05412,25.39588,21.44018
1785815545,26.7998,79.96643,90,0,226,,1,26.98638,25.32835,21.37264
1785815546,26.78645,80.03662,90,0,226,,1,27.02005,25.36221,21.44018
1785815547,26.75708,79.86267,90,0,226,,1,27.02005,25.39588,21.44018
1785815547,26.75708,79.96643,90,0,226,,1,26.98638,25.39588,21.44018
1785815548,26.7998,79.82147,90,0,226,,1,27.05412,25.32835,21.47404
1785815549,26.78645,79.97253,90,0,226,,1,27.02005,25.36221,21.37264
1785815549,26.82918,79.86115,90,0,226,,1,26.98638,25.39588,21.40631
1785815550,26.84253,79.92676,90,0,226,,1,27.02005,25.36221,21.44018
1785815551,26.82918,79.77875,90,0,226,,1,26.98638,25.39588,21.37264
1785815551,26.74372,79.90234,90,0,226,,1,26.95252,25.39588,21.47404
1785815552,26.78645,79.88098,90,0,226,,1,26.98638,25.36221,21.44018
1785815553,26.77043,79.77112,90,0,227,,1,26.98638,25.36221,21.40631
1785815553,26.84253,79.87488,90,0,226,,1,26.98638,25.29448,21.44018
1785815554,26.75708,79.92523,90,0,226,,1,27.02005,25.39588,21.37264
1785815555,26.74372,79.81689,90,0,226,,1,27.02005,25.39588,21.44018
1785815555,26.75708,79.96643,90,0,226,,1,27.02005,25.36221,21.47404
1785815556,26.73037,79.73296,90,0,226,,1,27.05412,25.42974,21.47404
1785815557,26.75708,79.84283,90,0,226,,1,27.02005,25.36221,21.37264
1785815557,26.81315,79.97101,90,0,226,,1,27.02005,25.39588,21.44018
1785815558,26.81315,80,90,0,226,,1,26.98638,25.39588,21.40631
1785815559,26.75708,79.87183,90,0,226,,1,27.05412,25.46361,21.40631
1785815559,26.77043,79.88861,90,0,226,,1,27.02005,25.39588,21.44018
1785815560,26.81315,79.80316,90,0,226,,1,27.02005,25.36221,21.44018
1785815561,26.82918,79.9527,90,0,226,,1,27.02005,25.42974,21.40631
1785815561,26.77043,79.84436,90,0,226,,1,27.02005,25.39588,21.40631
1785815562,26.77043,79.9176,90,0,226,,1,27.05412,25.46361,21.37264
1785815563,26.75708,79.98627,90,0,226,,1,27.02005,25.42974,21.40631
1785815564,26.74372,79.96185,90,0,226,,1,26.98638,25.42974,21.40631
1785815564,26.78645,80.04578,90,0,226,,1,27.05412,25.42974,21.44018
1785815565,26.81315,79.93896,90,0,226,,1,26.98638,25.36221,21.40631
1785815566,26.81315,79.98016,90,0,226,,1,27.05412,25.39588,21.40631
1785815566,26.71435,79.99542,90,0,226,,1,27.05412,25.39588,21.44018
1785815567,26.7998,79.97711,90,0,226,,1,27.05412,25.36221,21.40631
1785815568,26.82918,80.03662,90,0,226,,1,27.05412,25.39588,21.40631
1785815568,26.81315,80.05341,90,0,226,,1,26.98638,25.39588,21.40631
1785815569,26.82918,80.01678,90,0,226,,1,26.98638,25.36221,21.47404
1785815570,26.81315,80.06409,90,0,226,,1,26.98638,25.39588,21.44018
1785815570,26.74372,80.08698,90,0,226,,1,26.98638,25.32835,21.47404
1785815571,26.94133,80.16937,90,0,226,,1,26.98638,25.36221,21.47404
1785815572,26.81315,80.05341,90,0,226,,1,27.02005,25.42974,21.44018
1785815572,26.78645,80.07782,90,0,227,,1,27.02005,25.36221,21.47404
1785815573,26.78645,80.05798,90,0,226,,1,27.02005,25.32835,21.47404
1785815574,26.77043,80.11444,90,0,226,,1,26.95252,25.39588,21.40631
1785815574,26.74372,80.06714,90,0,226,,1,27.05412,25.39588,21.40631
1785815575,26.75708,80.02747,90,0,226,,1,26.98638,25.36221,21.44018
1785815576,26.701,80.18158,90,0,226,,1,26.98638,25.36221,21.47404
1785815576,26.86923,79.91302,90,0,226,,1,27.02005,25.39588,21.40631
1785815577,26.74372,80.00458,90,0,226,,1,27.05412,25.39588,21.44018
1785815578,26.82918,80.05798,90,0,226,,1,27.02005,25.32835,21.47404
1785815578,26.84253,80.09155,90,0,226,,1,26.95252,25.39588,21.40631
1785815579,26.75708,79.97711,90,0,226,,1,27.08778,25.36221,21.40631
1785815580,26.81315,79.97101,90,0,226,,1,26.98638,25.36221,21.50771
1785815580,26.81315,79.97101,90,0,226,,1,27.02005,25.36221,21.47404
1785815581,26.77043,79.98016,90,0,226,,1,27.02005,25.32835,21.37264
1785815582,26.74372,79.92065,90,0,226,,1,26.98638,25.36221,21.47404
1785815583,26.85588,79.99084,90,0,226,,1,26.98638,25.39588,21.47404
1785815583,26.77043,80,90,0,226,,1,27.02005,25.42974,21.44018
1785815584,26.78645,79.97253,90,0,226,,1,27.02005,25.39588,21.44018
1785815585,26.7998,79.93439,90,0,226,,1,27.05412,25.36221,21.47404
1785815585,26.81315,79.8764,90,0,226,,1,27.05412,25.39588,21.44018
1785815586,26.7998,79.91608,90,0,226,,1,27.02005,25.36221,21.47404
1785815587,26.78645,79.91302,90,0,226,,1,27.02005,25.42974,21.40631
1785815587,26.82918,79.94354,90,0,226,,1,27.02005,25.36221,21.47404
1785815588,26.7998,79.90387,90,0,226,,1,27.02005,25.36221,21.44018
1785815589,26.84253,79.94507,90,0,226,,1,26.95252,25.36221,21.40631
1785815589,26.84253,79.85352,90,0,226,,1,26.98638,25.39588,21.44018
1785815590,26.73037,79.75281,90,0,226,,1,27.02005,25.36221,21.40631
1785815591,26.77043,79.92676,90,0,226,,1,27.02005,25.36221,21.47404
1785815591,26.85588,79.84741,90,0,226,,1,27.02005,25.36221,21.44018
1785815592,26.75708,79.90387,90,0,226,,1,27.02005,25.39588,21.40631
1785815593,26.86923,80.09003,90,0,226,,1,26.98638,25.42974,21.40631
1785815593,26.81315,79.88861,90,0,226,,1,27.02005,25.42974,21.44018
1785815594,26.78645,80.03662,90,0,226,,1,26.98638,25.39588,21.44018
1785815595,26.78645,79.97253,90,0,226,,1,26.98638,25.42974,21.37264
1785815595,26.75708,80.01831,90,0,226,,1,26.98638,25.42974,21.40631
1785815596,26.81315,79.92981,90,0,226,,1,26.95252,25.32835,21.47404
1785815597,26.86923,79.93439,90,0,226,,1,27.02005,25.36221,21.50771
1785815597,26.81315,79.9588,90,0,226,,1,27.02005,25.39588,21.44018
1785815598,26.84253,79.94507,90,0,226,,1,27.02005,25.29448,21.44018
1785815599,26.77043,79.88861,90,0,226,,1,26.98638,25.39588,21.37264
1785815599,26.82918,79.92218,90,0,226,,1,27.05412,25.49748,21.37264
1785815600,26.8986,80.08698,90,0,226,,1,27.02005,25.39588,21.40631
1785815601,26.82918,79.93439,90,0,226,,1,27.02005,25.49748,21.40631
1785815601,26.81315,79.99084,90,0,226,,1,26.98638,25.39588,21.44018
1785815602,26.74372,79.98474,90,0,227,,1,27.05412,25.29448,21.37264
1785815603,26.75708,79.91608,90,0,226,,1,27.05412,25.36221,21.44018
1785815604,26.81315,79.93896,90,0,226,,1,27.02005,25.32835,21.37264
1785815604,26.77043,79.88861,90,0,226,,1,27.05412,25.36221,21.47404
1785815605,26.81315,79.9588,90,0,226,,1,27.02005,25.32835,21.40631
1785815606,26.82918,79.92218,90,0,226,,1,26.98638,25.36221,21.37264
1785815606,26.73037,79.85657,90,0,226,,1,27.02005,25.36221,21.44018
1785815607,26.77043,79.90845,90,0,226,,1,27.02005,25.36221,21.40631
1785815608,26.81315,79.94965,90,0,226,,1,27.02005,25.32835,21.44018
1785815608,26.78645,79.92218,90,0,226,,1,26.98638,25.42974,21.44018
1785815609,26.7998,79.81079,90,0,226,,1,27.02005,25.36221,21.40631
1785815610,26.85588,79.94049,90,0,226,,1,26.98638,25.32835,21.47404
1785815610,26.78645,79.8703,90,0,226,,1,26.98638,25.39588,21.44018
1785815611,26.77043,79.9588,90,0,226,,1,26.98638,25.46361,21.44018
1785815612,26.75708,79.69634,90,0,226,,1,26.98638,25.42974,21.44018
1785815612,26.82918,79.96338,90,0,227,,1,27.05412,25.42974,21.37264
1785815613,26.77043,79.92676,90,0,226,,1,26.98638,25.46361,21.40631
1785815614,26.81315,79.92065,90,0,226,,1,27.02005,25.42974,21.47404
1785815614,26.84253,80.03967,90,0,226,,1,27.05412,25.42974,21.50771
1785815615,26.74372,79.92065,90,0,226,,1,27.05412,25.39588,21.47404
1785815616,26.82918,80.01678,90,0,226,,1,27.02005,25.32835,21.44018
1785815616,26.74372,79.92065,90,0,226,,1,26.95252,25.39588,21.40631
1785815617,26.78645,79.96338,90,0,226,,1,26.98638,25.36221,21.37264
1785815618,26.82918,79.97253,90,0,226,,1,26.98638,25.32835,21.37264
1785815618,26.78645,79.92218,90,0,226,,1,26.98638,25.32835,21.44018
1785815619,26.75708,79.88403,90,0,226,,1,26.98638,25.29448,21.33878
1785815620,26.81315,80.02289,90,0,226,,1,26.98638,25.32835,21.47404
1785815620,26.701,79.97253,90,0,226,,1,27.05412,25.36221,21.44018
1785815621,26.74372,80.0351,90,0,226,,1,26.98638,25.42974,21.40631
1785815622,26.78645,79.86115,90,0,226,,1,26.98638,25.39588,21.44018
1785815623,26.74372,79.92065,90,0,227,,1,27.05412,25.39588,21.40631
1785815623,26.78645,79.94354,90,0,226,,1,26.98638,25.39588,21.44018
1785815624,26.74372,79.92065,90,0,226,,1,27.05412,25.39588,21.37264
1785815625,26.77043,79.89777,90,0,226,,1,26.95252,25.36221,21.50771
1785815625,26.81315,80,90,0,226,,1,27.02005,25.29448,21.40631
1785815626,26.78645,80.01678,90,0,226,,1,27.02005,25.36221,21.47404
1785815627,26.77043,80.06409,90,0,226,,1,27.05412,25.36221,21.40631
1785815627,26.77043,79.99084,90,0,226,,1,27.02005,25.39588,21.40631
1785815628,26.6556,79.89777,90,0,226,,1,27.05412,25.39588,21.47404
1785815629,26.7998,79.98627,90,0,226,,1,27.02005,25.36221,21.37264
1785815629,26.78645,80.00458,90,0,226,,1,27.02005,25.36221,21.44018
1785815630,26.81315,79.98016,90,0,226,,1,27.02005,25.36221,21.44018
1785815631,26.74372,79.96185,90,0,226,,1,27.02005,25.36221,21.47404
1785815631,26.84253,80.05035,90,0,226,,1,26.98638,25.42974,21.33878
1785815632,26.81315,79.99084,90,0,226,,1,27.05412,25.39588,21.54157
1785815633,26.78645,79.9939,90,0,226,,1,27.05412,25.36221,21.44018
1785815633,26.74372,79.9939,90,0,226,,1,27.02005,25.36221,21.47404
1785815634,26.78645,79.9527,90,0,226,,1,27.02005,25.36221,21.47404
1785815635,26.75708,79.93439,90,0,226,,1,27.02005,25.32835,21.44018
1785815635,26.77043,79.99084,90,0,226,,1,26.98638,25.39588,21.44018
1785815636,26.81315,79.9588,90,0,226,,1,26.98638,25.32835,21.44018
1785815637,26.74372,79.92065,90,0,226,,1,27.02005,25.32835,21.47404
1785815637,26.81315,79.98016,90,0,226,,1,27.02005,25.29448,21.40631
1785815638,26.78645,80.10834,90,0,226,,1,27.05412,25.39588,21.44018
1785815639,26.77043,79.8764,90,0,226,,1,27.05412,25.39588,21.44018
1785815639,26.8986,79.87946,90,0,226,,1,27.05412,25.36221,21.50771
1785815640,26.74372,79.81689,90,0,226,,1,27.02005,25.36221,21.40631
1785815641,26.84253,79.96643,90,0,226,,1,27.02005,25.36221,21.50771
1785815642,26.74372,79.94049,90,0,226,,1,27.02005,25.46361,21.37264
1785815642,26.86923,79.93439,90,0,227,,1,27.05412,25.32835,21.44018
1785815643,26.78645,79.93134,90,0,226,,1,27.02005,25.36221,21.40631
1785815644,26.7998,79.93439,90,0,226,,1,27.02005,25.39588,21.50771
1785815644,26.81315,79.85657,90,0,226,,1,27.05412,25.46361,21.44018
1785815645,26.78645,79.97253,90,0,226,,1,27.02005,25.42974,21.47404
1785815646,26.78645,80.03662,90,0,226,,1,27.05412,25.36221,21.37264
1785815646,26.74372,79.8291,90,0,226,,1,27.02005,25.36221,21.47404
1785815647,26.84253,80.11292,90,0,226,,1,26.98638,25.36221,21.50771
1785815648,26.7998,79.95728,90,0,226,,1,26.98638,25.42974,21.44018
1785815648,26.85588,79.98016,90,0,226,,1,27.02005,25.42974,21.40631
1785815649,26.75708,79.92523,90,0,226,,1,27.02005,25.32835,21.47404
1785815650,26.74372,79.97253,90,0,226,,1,26.98638,25.32835,21.47404
1785815650,26.77043,79.96796,90,0,226,,1,27.05412,25.42974,21.44018
1785815651,26.86923,80.01678,90,0,226,,1,26.95252,25.36221,21.40631
1785815652,26.6556,79.89014,90,0,226,,1,26.98638,25.36221,21.37264
1785815652,26.77043,79.84436,90,0,227,,1,26.98638,25.39588,21.47404
1785815653,26.78645,79.91302,90,0,226,,1,27.02005,25.46361,21.40631
1785815654,26.701,79.89014,90,0,226,,1,27.02005,25.32835,21.40631
1785815654,26.75708,79.76044,90,0,226,,1,26.98638,25.32835,21.44018
1785815655,26.78645,80.02594,90,0,226,,1,27.02005,25.36221,21.54157
1785815656,26.81315,79.97101,90,0,226,,1,27.05412,25.42974,21.44018
1785815656,26.78645,79.98474,90,0,226,,1,26.98638,25.42974,21.40631
1785815657,26.81315,79.97101,90,0,226,,1,26.98638,25.36221,21.44018
1785815658,26.75708,79.89471,90,0,226,,1,27.05412,25.32835,21.47404
1785815658,26.7998,80.09003,90,0,226,,1,27.02005,25.39588,21.44018
1785815659,26.78645,79.94354,90,0,226,,1,27.05412,25.42974,21.40631
1785815660,26.73037,80.05341,90,0,226,,1,26.98638,25.39588,21.54157
1785815661,26.81315,79.97101,90,0,226,,1,26.98638,25.36221,21.40631
1785815661,26.85588,80.03204,90,0,226,,1,27.02005,25.39588,21.47404
1785815662,26.8986,80.0351,90,0,226,,1,27.02005,25.39588,21.44018
1785815663,26.7998,79.84283,90,0,227,,1,27.02005,25.36221,21.37264
1785815663,26.75708,79.98627,90,0,226,,1,26.91865,25.29448,21.33878
1785815664,26.81315,79.85657,90,0,226,,1,27.02005,25.39588,21.47404
1785815665,26.73037,79.94812,90,0,226,,1,26.98638,25.42974,21.40631
1785815665,26.77043,80.03204,90,0,226,,1,27.05412,25.36221,21.44018
1785815666,26.85588,79.86725,90,0,226,,1,27.02005,25.36221,21.40631
1785815667,26.75708,79.98627,90,0,226,,1,26.98638,25.36221,21.47404
1785815667,26.78645,79.91302,90,0,226,,1,27.02005,25.42974,21.44018
1785815668,26.86923,80.02594,90,0,226,,1,27.05412,25.39588,21.40631
1785815669,26.81315,79.93896,90,0,226,,1,26.98638,25.39588,21.50771
1785815669,26.84253,79.97711,90,0,226,,1,27.02005,25.42974,21.47404
1785815670,26.71435,79.88403,90,0,226,,1,26.98638,25.36221,21.44018
1785815671,26.7998,79.89471,90,0,226,,1,27.02005,25.36221,21.33878
1785815671,26.81315,80.03204,90,0,226,,1,27.02005,25.42974,21.40631
1785815672,26.88525,79.86572,90,0,226,,1,27.05412,25.39588,21.44018
1785815673,26.75708,79.93439,90,0,226,,1,27.05412,25.32835,21.54157
1785815673,26.74372,79.85809,90,0,226,,1,26.98638,25.42974,21.44018
1785815674,26.78645,79.97253,90,0,226,,1,27.05412,25.32835,21.47404
1785815675,26.88525,79.93896,90,0,226,,1,27.02005,25.42974,21.47404
1785815675,26.85588,80.08545,90,0,226,,1,26.98638,25.42974,21.37264
1785815676,26.82918,79.99542,90,0,226,,1,26.98638,25.29448,21.47404
1785815677,26.81315,79.88861,90,0,226,,1,26.98638,25.39588,21.37264
1785815677,26.82918,79.92218,90,0,226,,1,26.98638,25.42974,21.47404
1785815678,26.7998,79.91608,90,0,226,,1,26.98638,25.36221,21.44018
1785815679,26.8986,80.00305,90,0,226,,1,27.05412,25.36221,21.50771
1785815680,26.92798,79.96796,90,0,226,,1,27.05412,25.39588,21.47404
1785815680,26.85588,79.81537,90,0,226,,1,27.02005,25.36221,21.44018
1785815681,26.81315,79.97101,90,0,226,,1,27.02005,25.32835,21.40631
1785815682,26.78645,79.9527,90,0,226,,1,26.98638,25.39588,21.44018
1785815682,26.84253,79.94507,90,0,227,,1,26.98638,25.46361,21.40631
1785815683,26.74372,79.9115,90,0,226,,1,26.98638,25.36221,21.44018
1785815684,26.81315,79.92981,90,0,227,,1,27.02005,25.32835,21.44018
1785815684,26.7998,79.88403,90,0,226,,1,26.98638,25.36221,21.47404
1785815685,26.85588,79.88861,90,0,226,,1,27.02005,25.29448,21.50771
1785815686,26.81315,79.92065,90,0,226,,1,27.02005,25.39588,21.44018
1785815686,26.78645,79.7757,90,0,226,,1,26.98638,25.36221,21.37264
1785815687,26.7998,79.91608,90,0,226,,1,27.05412,25.39588,21.44018
1785815688,26.85588,79.88861,90,0,226,,1,26.98638,25.39588,21.50771
1785815688,26.82918,80.12817,90,0,226,,1,26.98638,25.36221,21.44018
1785815689,26.7998,79.89471,90,0,226,,1,27.05412,25.39588,21.44018
1785815690,26.701,79.82605,90,0,226,,1,26.95252,25.36221,21.44018
1785815690,26.82918,79.91302,90,0,226,,1,27.02005,25.36221,21.40631
1785815691,26.7998,79.84283,90,0,226,,1,27.02005,25.49748,21.50771
1785815692,26.85588,79.88861,90,0,226,,1,26.98638,25.32835,21.44018
1785815692,26.85588,79.92981,90,0,227,,1,27.05412,25.42974,21.50771
1785815693,26.91195,80.00458,90,0,226,,1,27.02005,25.32835,21.44018
1785815694,26.7998,79.91608,90,0,226,,1,27.02005,25.39588,21.50771
1785815694,26.84253,79.80164,90,0,226,,1,26.98638,25.39588,21.40631
1785815695,26.85588,79.92065,90,0,226,,1,27.02005,25.36221,21.44018
1785815696,26.74372,79.8703,90,0,226,,1,27.02005,25.39588,21.47404
1785815696,26.81315,79.89777,90,0,226,,1,27.02005,25.39588,21.50771
1785815697,26.84253,79.94507,90,0,226,,1,27.02005,25.39588,21.40631
1785815698,26.82918,79.91302,90,0,226,,1,27.02005,25.42974,21.44018
1785815699,26.74372,79.85809,90,0,226,,1,26.98638,25.32835,21.44018
1785815699,26.74372,79.79706,90,0,226,,1,27.02005,25.36221,21.47404
1785815700,26.78645,79.8703,90,0,226,,1,27.02005,25.32835,21.33878
1785815701,26.7998,79.93439,90,0,226,,1,26.98638,25.39588,21.37264
1785815701,26.75708,79.86267,90,0,226,,1,26.98638,25.39588,21.47404
1785815702,26.7998,79.82147,90,0,226,,1,26.98638,25.32835,21.50771
1785815703,26.81315,79.9588,90,0,227,,1,27.05412,25.36221,21.47404
1785815703,26.82918,79.99542,90,0,226,,1,27.02005,25.36221,21.44018
1785815704,26.82918,79.94354,90,0,226,,1,27.02005,25.32835,21.40631
1785815705,26.82918,79.94354,90,0,226,,1,26.98638,25.32835,21.40631
1785815705,26.75708,79.93439,90,0,226,,1,27.05412,25.39588,21.44018
1785815706,26.82918,79.91302,90,0,226,,1,27.05412,25.36221,21.44018
1785815707,26.78645,79.94354,90,0,226,,1,27.02005,25.36221,21.40631
1785815707,26.84253,79.92676,90,0,226,,1,27.02005,25.39588,21.37264
1785815708,26.8986,79.81537,90,0,226,,1,27.02005,25.42974,21.40631
1785815709,26.85588,79.94049,90,0,226,,1,27.02005,25.32835,21.50771
1785815709,26.81315,79.89777,90,0,226,,1,26.98638,25.36221,21.47404
1785815710,26.75708,79.92523,90,0,226,,1,27.02005,25.36221,21.44018
1785815711,26.701,79.8703,90,0,226,,1,27.05412,25.36221,21.44018
1785815711,26.78645,79.90234,90,0,226,,1,27.02005,25.39588,21.47404
1785815712,26.84253,79.90692,90,0,226,,1,27.02005,25.46361,21.47404
1785815713,26.85588,79.78485,90,0,226,,1,27.05412,25.39588,21.47404
1785815713,26.88525,79.88556,90,0,226,,1,27.02005,25.29448,21.47404
1785815714,26.74372,79.7467,90,0,226,,1,27.02005,25.39588,21.47404
1785815715,26.81315,79.99084,90,0,226,,1,27.02005,25.39588,21.54157
1785815715,26.75708,79.86267,90,0,226,,1,26.98638,25.36221,21.47404
1785815716,26.85588,79.84741,90,0,226,,1,27.02005,25.32835,21.50771
1785815717,26.81315,80.02289,90,0,226,,1,26.98638,25.39588,21.47404
1785815718,26.77043,79.8764,90,0,226,,1,27.02005,25.36221,21.40631
1785815718,26.78645,79.8703,90,0,226,,1,27.02005,25.36221,21.40631
1785815719,26.7998,79.95728,90,0,226,,1,27.02005,25.42974,21.44018
1785815720,26.74372,79.92065,90,0,226,,1,27.02005,25.42974,21.40631
1785815720,26.82918,79.89319,90,0,226,,1,27.05412,25.42974,21.44018
1785815721,26.73037,79.89777,90,0,226,,1,26.95252,25.39588,21.47404
1785815722,26.73037,79.8764,90,0,226,,1,26.98638,25.32835,21.40631
1785815722,26.81315,79.90845,90,0,227,,1,26.98638,25.39588,21.50771
1785815723,26.75708,80.05035,90,0,226,,1,26.98638,25.39588,21.37264
1785815724,26.84253,79.78943,90,0,226,,1,26.98638,25.36221,21.50771
1785815724,26.88525,79.89471,90,0,226,,1,27.02005,25.29448,21.47404
1785815725,26.7998,79.90387,90,0,226,,1,27.05412,25.32835,21.47404
1785815726,26.82918,79.93439,90,0,226,,1,27.02005,25.39588,21.44018
1785815726,26.71435,80.02747,90,0,226,,1,27.05412,25.39588,21.44018
1785815727,26.7998,79.92676,90,0,226,,1,27.02005,25.39588,21.44018
1785815728,26.85588,79.84741,90,0,226,,1,26.98638,25.32835,21.44018
1785815728,26.88525,80.06256,90,0,226,,1,27.02005,25.36221,21.50771
1785815729,26.74372,79.85809,90,0,226,,1,26.98638,25.32835,21.50771
1785815730,26.78645,79.97253,90,0,226,,1,27.05412,25.32835,21.47404
1785815730,26.78645,80.08698,90,0,226,,1,27.02005,25.32835,21.44018
1785815731,26.77043,80.01221,90,0,226,,1,27.02005,25.36221,21.44018
1785815732,26.86923,79.98474,90,0,226,,1,27.02005,25.42974,21.47404
1785815733,26.7998,80.03052,90,0,227,,1,27.02005,25.29448,21.50771
1785815733,26.86923,79.92218,90,0,226,,1,26.98638,25.26061,21.37264
1785815734,26.78645,80.01678,90,0,226,,1,27.05412,25.36221,21.44018
1785815734,26.78645,79.96338,90,0,226,,1,27.02005,25.39588,21.40631
1785815735,26.78645,80.04578,90,0,226,,1,27.02005,25.39588,21.50771
1785815736,26.78645,79.9527,90,0,226,,1,27.05412,25.39588,21.44018
1785815737,26.81315,79.9588,90,0,226,,1,27.02005,25.42974,21.37264
1785815737,26.8986,80.02289,90,0,226,,1,27.02005,25.42974,21.40631
1785815738,26.68765,79.93896,90,0,226,,1,26.98638,25.36221,21.40631
1785815739,26.73037,79.9588,90,0,226,,1,26.98638,25.36221,21.47404
1785815739,26.81315,80.03204,90,0,226,,1,27.02005,25.39588,21.37264
1785815740,26.77043,80.03204,90,0,226,,1,27.02005,25.36221,21.40631
1785815741,26.75708,80.02747,90,0,226,,1,27.05412,25.32835,21.44018
1785815741,26.7998,80.07172,90,0,226,,1,26.98638,25.39588,21.44018
1785815742,26.88525,79.96796,90,0,226,,1,27.02005,25.36221,21.44018
1785815743,26.7998,79.87488,90,0,227,,1,27.02005,25.36221,21.50771
1785815743,26.81315,80.03204,90,0,226,,1,26.98638,25.42974,21.44018
1785815744,26.86923,80.06866,90,0,226,,1,27.02005,25.36221,21.44018
1785815745,26.7998,79.97711,90,0,226,,1,27.02005,25.39588,21.44018
1785815745,26.75708,80.01831,90,0,226,,1,27.05412,25.39588,21.47404
1785815746,26.84253,80.03052,90,0,226,,1,26.98638,25.36221,21.40631
1785815747,26.81315,80.05341,90,0,226,,1,27.05412,25.36221,21.50771
1785815747,26.75708,79.88403,90,0,226,,1,27.05412,25.39588,21.50771
1785815748,26.88525,80.06256,90,0,226,,1,26.95252,25.42974,21.50771
1785815749,26.78645,79.97253,90,0,226,,1,26.98638,25.32835,21.50771
1785815749,26.77043,79.98016,90,0,226,,1,27.02005,25.46361,21.50771
1785815750,26.7998,80.13275,90,0,226,,1,27.02005,25.42974,21.40631
1785815751,26.82918,80.09003,90,0,226,,1,27.02005,25.32835,21.47404
1785815751,26.81315,80,90,0,226,,1,27.02005,25.32835,21.44018
1785815752,26.7998,79.97711,90,0,226,,1,26.95252,25.36221,21.44018
1785815753,26.81315,79.85657,90,0,226,,1,27.02005,25.36221,21.47404
1785815754,26.71435,80.00763,90,0,226,,1,27.02005,25.42974,21.47404
1785815754,26.77043,79.86572,90,0,226,,1,27.02005,25.32835,21.44018
1785815755,26.86923,79.97253,90,0,226,,1,27.02005,25.32835,21.50771
1785815756,26.82918,79.96338,90,0,227,,1,27.02005,25.36221,21.40631
1785815756,26.75708,79.95422,90,0,226,,1,27.02005,25.36221,21.40631
1785815757,26.7998,79.99847,90,0,226,,1,27.02005,25.42974,21.44018
1785815758,26.81315,79.94965,90,0,226,,1,27.02005,25.36221,21.47404
1785815758,26.81315,79.85657,90,0,226,,1,27.02005,25.39588,21.44018
1785815759,26.85588,79.92065,90,0,226,,1,27.05412,25.39588,21.37264
1785815760,26.84253,79.86267,90,0,226,,1,27.02005,25.32835,21.47404
1785815760,26.82918,79.92218,90,0,226,,1,27.02005,25.32835,21.40631
1785815761,26.81315,79.89777,90,0,226,,1,27.05412,25.42974,21.44018
1785815762,26.75708,79.91608,90,0,226,,1,26.98638,25.42974,21.44018
1785815762,26.82918,79.94354,90,0,227,,1,27.08778,25.36221,21.44018
1785815763,26.78645,79.91302,90,0,226,,1,27.02005,25.39588,21.47404
1785815764,26.84253,80.00916,90,0,226,,1,27.05412,25.42974,21.44018
1785815764,26.7998,79.92676,90,0,226,,1,27.02005,25.39588,21.50771
1785815765,26.78645,79.80774,90,0,226,,1,26.98638,25.32835,21.40631
1785815766,26.81315,79.8764,90,0,226,,1,27.02005,25.42974,21.44018
1785815766,26.75708,79.97711,90,0,226,,1,26.98638,25.42974,21.50771
1785815767,26.701,79.80621,90,0,226,,1,27.02005,25.32835,21.40631
1785815768,26.85588,79.88861,90,0,226,,1,27.02005,25.36221,21.44018
1785815768,26.73037,79.85657,90,0,226,,1,27.02005,25.46361,21.47404
1785815769,26.73037,79.86572,90,0,226,,1,26.98638,25.39588,21.47404
1785815770,26.86923,79.91302,90,0,226,,1,27.02005,25.32835,21.47404
1785815770,26.82918,79.99542,90,0,226,,1,27.02005,25.39588,21.47404
1785815771,26.701,79.94049,90,0,226,,1,26.98638,25.39588,21.47404
1785815772,26.7998,79.88403,90,0,226,,1,27.05412,25.29448,21.47404
1785815773,26.75708,79.86267,90,0,226,,1,27.02005,25.42974,21.47404
1785815773,26.7998,79.86267,90,0,226,,1,27.02005,25.36221,21.37264
1785815774,26.77043,79.90845,90,0,226,,1,27.02005,25.36221,21.44018
1785815775,26.77043,79.90845,90,0,226,,1,26.98638,25.42974,21.44018
1785815775,26.86923,79.88098,90,0,226,,1,27.02005,25.36221,21.47404
1785815776,26.77043,79.83521,90,0,226,,1,27.05412,25.39588,21.40631
1785815777,26.77043,79.89777,90,0,226,,1,27.05412,25.42974,21.47404
1785815777,26.75708,79.85199,90,0,226,,1,27.02005,25.42974,21.40631
1785815778,26.84253,79.85352,90,0,226,,1,26.98638,25.36221,21.44018
1785815779,26.71435,79.86267,90,0,226,,1,27.02005,25.36221,21.47404
1785815779,26.75708,79.95422,90,0,226,,1,26.98638,25.42974,21.40631
1785815780,26.74372,79.75586,90,0,226,,1,26.98638,25.36221,21.44018
1785815781,26.82918,79.8703,90,0,226,,1,26.98638,25.39588,21.33878
1785815781,26.8986,79.90845,90,0,226,,1,26.95252,25.36221,21.47404
1785815782,26.75708,79.88403,90,0,226,,1,27.02005,25.36221,21.44018
1785815783,26.74372,79.89014,90,0,226,,1,26.95252,25.42974,21.37264
1785815783,26.84253,79.71923,90,0,226,,1,27.02005,25.36221,21.40631
1785815784,26.75708,79.85199,90,0,226,,1,26.98638,25.42974,21.50771
1785815785,26.82918,79.90234,90,0,226,,1,27.02005,25.42974,21.40631
1785815785,26.78645,79.86115,90,0,226,,1,26.98638,25.39588,21.40631
1785815786,26.85588,79.90845,90,0,226,,1,27.02005,25.42974,21.37264
1785815787,26.82918,79.84894,90,0,226,,1,27.05412,25.39588,21.50771
1785815787,26.74372,79.81689,90,0,226,,1,26.95252,25.36221,21.44018
1785815788,26.78645,79.88098,90,0,226,,1,27.05412,25.39588,21.44018
1785815789,26.81315,79.83521,90,0,226,,1,26.98638,25.39588,21.44018
1785815789,26.84253,79.92676,90,0,226,,1,27.02005,25.42974,21.47404
1785815790,26.85588,79.90845,90,0,226,,1,27.02005,25.32835,21.44018
1785815791,26.85588,79.90845,90,0,226,,1,27.02005,25.42974,21.47404
1785815791,26.75708,79.83063,90,0,226,,1,27.02005,25.32835,21.44018
1785815792,26.81315,79.97101,90,0,226,,1,27.02005,25.39588,21.40631
1785815793,26.86923,80.00458,90,0,226,,1,27.02005,25.39588,21.50771
1785815794,26.8986,79.87946,90,0,226,,1,27.02005,25.36221,21.40631
1785815794,26.85588,79.85657,90,0,226,,1,26.98638,25.36221,21.40631
1785815795,26.84253,79.91608,90,0,226,,1,27.02005,25.42974,21.40631
1785815796,26.78645,79.86115,90,0,226,,1,26.95252,25.39588,21.47404
1785815796,26.85588,79.88861,90,0,226,,1,26.98638,25.42974,21.54157
1785815797,26.77043,79.88861,90,0,226,,1,27.02005,25.32835,21.44018
1785815798,26.7998,79.90387,90,0,226,,1,26.98638,25.39588,21.47404
1785815798,26.82918,79.96338,90,0,226,,1,26.98638,25.36221,21.47404
1785815799,26.6743,80.02747,90,0,226,,1,26.98638,25.36221,21.50771
1785815800,26.77043,79.82452,90,0,226,,1,27.02005,25.36221,21.47404
1785815800,26.81315,79.93896,90,0,226,,1,27.05412,25.36221,21.40631
1785815801,26.73037,79.9588,90,0,226,,1,27.05412,25.39588,21.44018
1785815802,26.82918,79.99542,90,0,226,,1,27.02005,25.39588,21.47404
1785815802,26.78645,79.86115,90,0,227,,1,27.08778,25.32835,21.47404
1785815803,26.81315,80.01221,90,0,226,,1,26.98638,25.32835,21.47404
1785815804,26.78645,80.01678,90,0,226,,1,26.95252,25.32835,21.47404
1785815804,26.78645,80.04578,90,0,226,,1,26.98638,25.39588,21.44018
1785815805,26.82918,79.97253,90,0,226,,1,27.08778,25.32835,21.47404
1785815806,26.71435,79.95422,90,0,226,,1,27.05412,25.39588,21.40631
1785815806,26.78645,80.05798,90,0,226,,1,27.02005,25.32835,21.40631
1785815807,26.701,79.92065,90,0,226,,1,27.05412,25.36221,21.44018
1785815808,26.82918,79.98474,90,0,226,,1,27.05412,25.32835,21.37264
1785815808,26.85588,79.99084,90,0,226,,1,27.02005,25.29448,21.40631
1785815809,26.75708,80.09003,90,0,226,,1,27.02005,25.32835,21.44018
1785815810,26.84253,80.00916,90,0,226,,1,27.02005,25.39588,21.47404
1785815810,26.81315,79.98016,90,0,226,,1,27.02005,25.32835,21.44018
1785815811,26.75708,79.99847,90,0,226,,1,27.02005,25.32835,21.37264
1785815812,26.6743,79.88403,90,0,226,,1,26.98638,25.36221,21.44018
1785815813,26.82918,80.00458,90,0,227,,1,27.02005,25.32835,21.33878
1785815813,26.81315,79.89777,90,0,226,,1,27.02005,25.32835,21.40631
1785815814,26.81315,79.88861,90,0,226,,1,27.02005,25.39588,21.44018
1785815815,26.8986,79.97101,90,0,226,,1,26.98638,25.32835,21.47404
1785815815,26.82918,79.94354,90,0,227,,1,27.02005,25.39588,21.40631
1785815816,26.74372,79.96185,90,0,226,,1,26.98638,25.26061,21.47404
1785815817,26.7998,79.88403,90,0,226,,1,27.02005,25.39588,21.47404
1785815817,26.88525,79.98932,90,0,226,,1,26.98638,25.32835,21.44018
1785815818,26.73037,79.85657,90,0,226,,1,27.02005,25.36221,21.40631
1785815819,26.82918,79.93439,90,0,226,,1,26.95252,25.32835,21.44018
1785815819,26.81315,79.98016,90,0,226,,1,27.02005,25.36221,21.44018
1785815820,26.75708,79.96643,90,0,226,,1,27.02005,25.39588,21.40631
1785815821,26.7998,79.95728,90,0,226,,1,26.95252,25.39588,21.44018
1785815821,26.77043,80.02136,90,0,226,,1,27.05412,25.42974,21.40631
1785815822,26.74372,79.8703,90,0,226,,1,27.05412,25.32835,21.40631
1785815823,26.75708,79.82147,90,0,226,,1,27.02005,25.39588,21.44018
1785815823,26.84253,79.90692,90,0,226,,1,27.02005,25.36221,21.40631
1785815824,26.84253,80.0824,90,0,226,,1,27.02005,25.39588,21.47404
1785815825,26.74372,79.88098,90,0,226,,1,27.02005,25.32835,21.40631
1785815825,26.91195,79.92218,90,0,226,,1,27.05412,25.29448,21.40631
1785815826,26.75708,79.84283,90,0,226,,1,27.02005,25.36221,21.40631
1785815827,26.84253,79.87488,90,0,226,,1,26.98638,25.39588,21.44018
1785815827,26.7998,79.91608,90,0,226,,1,26.98638,25.36221,21.40631
1785815828,26.71435,79.92218,90,0,226,,1,26.95252,25.32835,21.37264
1785815829,26.7998,79.81079,90,0,226,,1,27.05412,25.29448,21.40631
1785815829,26.78645,79.91302,90,0,226,,1,27.02005,25.42974,21.40631
1785815830,26.84253,79.93591,90,0,226,,1,26.95252,25.39588,21.50771
1785815831,26.7998,79.87488,90,0,226,,1,27.02005,25.39588,21.44018
1785815832,26.75708,79.78943,90,0,226,,1,27.08778,25.36221,21.37264
1785815832,26.77043,79.85657,90,0,226,,1,27.05412,25.32835,21.37264
1785815833,26.75708,80.05035,90,0,226,,1,26.98638,25.39588,21.44018
1785815834,26.86923,79.89014,90,0,226,,1,26.95252,25.42974,21.50771
1785815834,26.77043,79.82452,90,0,226,,1,26.98638,25.39588,21.47404
1785815835,26.75708,79.93439,90,0,226,,1,26.98638,25.42974,21.47404
1785815836,26.81315,79.93896,90,0,226,,1,27.02005,25.42974,21.44018
1785815836,26.8986,79.86725,90,0,226,,1,27.02005,25.39588,21.44018
1785815837,26.78645,79.8291,90,0,226,,1,26.98638,25.29448,21.44018
1785815838,26.86923,79.86115,90,0,226,,1,27.05412,25.36221,21.44018
1785815838,26.75708,79.72839,90,0,226,,1,27.02005,25.36221,21.44018
1785815839,26.75708,79.90387,90,0,226,,1,27.05412,25.36221,21.50771
1785815840,26.77043,79.98016,90,0,226,,1,27.02005,25.32835,21.44018
1785815840,26.78645,79.93134,90,0,226,,1,26.98638,25.39588,21.44018
1785815841,26.7998,79.95728,90,0,226,,1,26.98638,25.42974,21.40631
1785815842,26.75708,79.97711,90,0,226,,1,27.05412,25.36221,21.44018
1785815842,26.85588,79.9588,90,0,227,,1,27.02005,25.26061,21.47404
1785815843,26.82918,79.97253,90,0,226,,1,27.08778,25.46361,21.44018
1785815844,26.73037,79.83521,90,0,226,,1,27.05412,25.39588,21.40631
1785815844,26.74372,79.9939,90,0,226,,1,26.98638,25.36221,21.54157
1785815845,26.88525,79.94812,90,0,226,,1,26.95252,25.42974,21.44018
1785815846,26.81315,79.92065,90,0,226,,1,26.95252,25.36221,21.47404
1785815846,26.74372,79.9115,90,0,226,,1,27.02005,25.39588,21.44018
1785815847,26.85588,79.90845,90,0,226,,1,26.98638,25.39588,21.44018
1785815848,26.73037,80.01221,90,0,226,,1,27.05412,25.39588,21.47404
1785815848,26.84253,79.92676,90,0,226,,1,27.02005,25.29448,21.40631
1785815849,26.81315,79.90845,90,0,226,,1,27.02005,25.36221,21.44018
1785815850,26.78645,79.90234,90,0,226,,1,26.98638,25.29448,21.44018
1785815851,26.81315,79.92981,90,0,226,,1,27.02005,25.39588,21.47404
1785815851,26.7998,79.96643,90,0,226,,1,27.02005,25.36221,21.47404
1785815852,26.81315,79.9588,90,0,226,,1,27.02005,25.32835,21.40631
1785815853,26.78645,79.93134,90,0,227,,1,27.05412,25.32835,21.47404
1785815853,26.75708,79.88403,90,0,226,,1,27.05412,25.36221,21.47404
1785815854,26.81315,79.89777,90,0,226,,1,27.05412,25.46361,21.47404
1785815855,26.94133,79.97101,90,0,226,,1,26.98638,25.36221,21.44018
1785815855,26.74372,80.05798,90,0,226,,1,26.98638,25.32835,21.50771
1785815856,26.84253,79.96643,90,0,226,,1,27.02005,25.39588,21.40631
1785815857,26.82918,79.90234,90,0,226,,1,26.98638,25.36221,21.44018
1785815857,26.91195,80.00458,90,0,226,,1,27.05412,25.29448,21.44018
1785815858,26.77043,79.9588,90,0,226,,1,27.02005,25.39588,21.44018
1785815859,26.701,79.9527,90,0,226,,1,27.02005,25.36221,21.40631
1785815859,26.84253,79.99847,90,0,226,,1,27.02005,25.39588,21.44018
1785815860,26.7998,80.07172,90,0,226,,1,27.02005,25.36221,21.40631
1785815861,26.86923,79.93439,90,0,226,,1,27.02005,25.36221,21.47404
1785815861,26.84253,79.99847,90,0,226,,1,27.05412,25.32835,21.50771
1785815862,26.86923,80.09003,90,0,226,,1,27.05412,25.39588,21.44018
1785815863,26.75708,79.91608,90,0,226,,1,27.05412,25.39588,21.44018
1785815863,26.75708,79.97711,90,0,226,,1,26.95252,25.39588,21.47404
1785815864,26.84253,79.87488,90,0,226,,1,27.02005,25.42974,21.40631
1785815865,26.68765,79.77112,90,0,226,,1,27.05412,25.32835,21.47404
1785815865,26.75708,79.91608,90,0,226,,1,27.02005,25.42974,21.44018
1785815866,26.77043,79.9588,90,0,226,,1,27.02005,25.39588,21.47404
1785815867,26.91195,79.86115,90,0,226,,1,27.02005,25.39588,21.37264
1785815867,26.77043,79.79248,90,0,226,,1,27.02005,25.42974,21.50771
1785815868,26.85588,79.99084,90,0,226,,1,27.02005,25.32835,21.47404
1785815869,26.82918,79.88098,90,0,226,,1,27.02005,25.29448,21.44018
1785815870,26.75708,79.78943,90,0,226,,1,27.05412,25.32835,21.40631
1785815870,26.78645,79.92218,90,0,226,,1,26.95252,25.32835,21.47404
1785815871,26.7998,79.92676,90,0,226,,1,27.02005,25.36221,21.47404
1785815872,26.78645,79.96338,90,0,226,,1,27.02005,25.32835,21.44018
1785815872,26.77043,79.90845,90,0,226,,1,26.95252,25.42974,21.40631
1785815873,26.75708,79.86267,90,0,226,,1,27.02005,25.42974,21.50771
1785815874,26.74372,79.89014,90,0,226,,1,27.02005,25.42974,21.40631
1785815874,26.75708,79.87183,90,0,226,,1,26.98638,25.36221,21.47404
1785815875,26.82918,79.8703,90,0,226,,1,27.05412,25.36221,21.47404
1785815876,26.77043,79.8764,90,0,226,,1,27.02005,25.36221,21.47404
1785815876,26.7998,79.81079,90,0,226,,1,26.98638,25.39588,21.47404
1785815877,26.75708,79.84283,90,0,226,,1,27.02005,25.36221,21.40631
1785815878,26.81315,79.85657,90,0,226,,1,26.98638,25.39588,21.44018
1785815878,26.78645,79.91302,90,0,226,,1,26.98638,25.39588,21.47404
1785815879,26.73037,79.86572,90,0,226,,1,27.02005,25.32835,21.40631
1785815880,26.74372,79.92065,90,0,226,,1,26.95252,25.36221,21.47404
1785815880,26.6289,79.85199,90,0,226,,1,27.02005,25.36221,21.44018
1785815881,26.77043,79.93896,90,0,226,,1,27.02005,25.36221,21.47404
1785815882,26.81315,79.92065,90,0,226,,1,27.02005,25.39588,21.47404
1785815882,26.701,79.90845,90,0,227,,1,27.02005,25.39588,21.40631
1785815883,26.82918,79.84894,90,0,226,,1,27.05412,25.39588,21.44018
1785815884,26.78645,79.83826,90,0,226,,1,27.02005,25.36221,21.47404
1785815884,26.82918,80.03662,90,0,226,,1,27.02005,25.36221,21.44018
1785815885,26.78645,79.86115,90,0,226,,1,27.05412,25.36221,21.40631
1785815886,26.7998,79.87488,90,0,226,,1,27.02005,25.39588,21.47404
1785815886,26.82918,79.89319,90,0,226,,1,27.05412,25.39588,21.47404
1785815887,26.74372,79.8291,90,0,226,,1,26.95252,25.39588,21.50771
1785815888,26.91195,79.81995,90,0,226,,1,27.02005,25.32835,21.44018
1785815889,26.78645,79.7757,90,0,226,,1,26.98638,25.39588,21.44018
1785815889,26.82918,79.79706,90,0,226,,1,26.98638,25.36221,21.44018
1785815890,26.84253,79.92676,90,0,226,,1,26.98638,25.32835,21.54157
1785815891,26.7998,79.90387,90,0,226,,1,27.02005,25.39588,21.37264
1785815891,26.78645,79.92218,90,0,226,,1,26.98638,25.39588,21.47404
1785815892,26.77043,79.90845,90,0,226,,1,27.02005,25.42974,21.44018
1785815893,26.73037,79.99084,90,0,227,,1,27.05412,25.46361,21.37264
1785815893,26.701,79.80621,90,0,226,,1,27.02005,25.46361,21.47404
1785815894,26.7998,79.87488,90,0,226,,1,27.02005,25.36221,21.37264
1785815895,26.86923,79.96338,90,0,226,,1,26.98638,25.39588,21.40631
1785815895,26.78645,79.97253,90,0,226,,1,27.02005,25.42974,21.40631
1785815896,26.81315,79.92065,90,0,226,,1,26.98638,25.39588,21.50771
1785815897,26.88525,79.91608,90,0,226,,1,27.05412,25.39588,21.47404
1785815897,26.71435,79.90387,90,0,226,,1,27.02005,25.42974,21.37264
1785815898,26.78645,79.94354,90,0,226,,1,26.98638,25.36221,21.47404
1785815899,26.84253,79.92676,90,0,226,,1,26.98638,25.32835,21.44018
1785815899,26.7998,79.98627,90,0,226,,1,26.95252,25.42974,21.40631
1785815900,26.77043,80.02136,90,0,226,,1,27.02005,25.39588,21.40631
1785815901,26.74372,80.04578,90,0,226,,1,27.05412,25.32835,21.44018
1785815901,26.75708,80.13123,90,0,226,,1,26.95252,25.32835,21.44018
1785815902,26.74372,80.12817,90,0,226,,1,27.02005,25.39588,21.47404
1785815903,26.85588,80.08545,90,0,226,,1,27.05412,25.46361,21.47404
1785815903,26.78645,80.12817,90,0,226,,1,26.95252,25.36221,21.44018
1785815904,26.78645,80.24261,90,0,226,,1,26.98638,25.39588,21.37264
1785815905,26.92798,80.3418,90,0,226,,1,27.02005,25.42974,21.50771
1785815905,26.85588,80.17853,90,0,226,,1,26.98638,25.42974,21.47404
1785815906,26.7998,80.35096,90,0,226,,1,26.98638,25.36221,21.47404
1785815907,26.82918,80.32807,90,0,226,,1,27.05412,25.36221,21.44018
1785815908,26.6743,80.18311,90,0,226,,1,26.95252,25.39588,21.40631
1785815908,26.82918,80.40131,90,0,226,,1,26.98638,25.42974,21.44018
1785815909,26.75708,80.23346,90,0,226,,1,27.05412,25.42974,21.44018
1785815910,26.73037,80.25024,90,0,226,,1,27.02005,25.32835,21.40631
1785815910,26.73037,80.36469,90,0,226,,1,27.02005,25.39588,21.40631
1785815911,26.81315,80.36469,90,0,226,,1,27.02005,25.32835,21.47404
1785815912,26.71435,80.26551,90,0,226,,1,27.05412,25.42974,21.44018
1785815912,26.81315,80.27009,90,0,227,,1,27.02005,25.46361,21.30491
1785815913,26.78645,80.22278,90,0,226,,1,26.95252,25.39588,21.40631
1785815914,26.6743,80.25483,90,0,226,,1,26.98638,25.29448,21.33878
1785815914,26.81315,80.30213,90,0,226,,1,27.02005,25.42974,21.47404
1785815915,26.81315,80.29145,90,0,226,,1,27.02005,25.39588,21.44018
1785815916,26.82918,80.25483,90,0,226,,1,26.98638,25.46361,21.50771
1785815916,26.81315,80.19989,90,0,226,,1,27.05412,25.39588,21.47404
1785815917,26.73037,80.10376,90,0,226,,1,27.02005,25.42974,21.44018
1785815918,26.75708,80.28687,90,0,226,,1,26.98638,25.36221,21.40631
1785815918,26.73037,80.1236,90,0,226,,1,27.02005,25.36221,21.37264
1785815919,26.75708,80.14191,90,0,226,,1,26.98638,25.39588,21.44018
1785815920,26.82918,80.09003,90,0,226,,1,26.98638,25.39588,21.40631
1785815920,26.82918,80.10834,90,0,226,,1,27.02005,25.39588,21.47404
1785815921,26.71435,80.09003,90,0,226,,1,27.05412,25.39588,21.50771
1785815922,26.75708,80.08087,90,0,226,,1,27.05412,25.42974,21.44018
1785815922,26.73037,80.05341,90,0,227,,1,27.05412,25.42974,21.44018
1785815923,26.82918,80.00458,90,0,226,,1,26.98638,25.39588,21.47404
1785815924,26.77043,79.9588,90,0,226,,1,27.02005,25.42974,21.50771
1785815924,26.75708,79.98627,90,0,226,,1,27.05412,25.39588,21.33878
1785815925,26.71435,80.05951,90,0,226,,1,27.02005,25.46361,21.37264
1785815926,26.81315,79.97101,90,0,226,,1,26.98638,25.39588,21.40631
1785815927,26.74372,79.90234,90,0,226,,1,27.02005,25.36221,21.44018
1785815927,26.7998,79.97711,90,0,226,,1,27.02005,25.39588,21.47404
1785815928,26.85588,80.00305,90,0,226,,1,26.98638,25.36221,21.44018
1785815929,26.71435,80.03967,90,0,226,,1,27.02005,25.39588,21.44018
1785815929,26.82918,79.99542,90,0,226,,1,27.02005,25.39588,21.44018
1785815930,26.82918,80.03662,90,0,226,,1,27.02005,25.39588,21.40631
1785815931,26.75708,79.98627,90,0,226,,1,26.98638,25.36221,21.44018
1785815931,26.78645,80.02594,90,0,226,,1,26.95252,25.42974,21.47404
1785815932,26.77043,79.94812,90,0,226,,1,26.98638,25.36221,21.50771
1785815933,26.77043,79.96796,90,0,227,,1,27.02005,25.36221,21.40631
1785815933,26.84253,80.18616,90,0,226,,1,26.98638,25.42974,21.57544
1785815934,26.82918,80.01678,90,0,226,,1,26.98638,25.42974,21.44018
1785815935,26.71435,79.94507,90,0,226,,1,26.98638,25.39588,21.40631
1785815935,26.75708,80.05951,90,0,226,,1,27.02005,25.32835,21.37264
1785815936,26.7998,79.93439,90,0,226,,1,27.02005,25.42974,21.37264
1785815937,26.75708,79.96643,90,0,226,,1,27.02005,25.42974,21.54157
1785815937,26.7998,79.92676,90,0,226,,1,27.02005,25.36221,21.44018
1785815938,26.77043,79.93896,90,0,226,,1,26.98638,25.36221,21.40631
1785815939,26.75708,79.99847,90,0,226,,1,26.98638,25.36221,21.47404
1785815939,26.85588,79.92065,90,0,226,,1,27.05412,25.42974,21.37264
1785815940,26.84253,79.97711,90,0,226,,1,26.98638,25.36221,21.40631
1785815941,26.86923,79.9527,90,0,226,,1,27.02005,25.42974,21.37264
1785815941,26.78645,79.97253,90,0,226,,1,27.02005,25.36221,21.40631
1785815942,26.81315,79.93896,90,0,226,,1,27.02005,25.36221,21.44018
1785815943,26.78645,79.9527,90,0,226,,1,27.05412,25.39588,21.33878
1785815944,26.85588,79.9588,90,0,226,,1,27.05412,25.36221,21.47404
1785815944,26.75708,79.93439,90,0,226,,1,27.02005,25.32835,21.44018
1785815945,26.7998,79.98627,90,0,226,,1,27.05412,25.36221,21.40631
1785815946,26.7998,79.96643,90,0,226,,1,27.02005,25.42974,21.40631
1785815946,26.7998,79.84283,90,0,226,,1,27.02005,25.39588,21.44018
1785815947,26.85588,79.89929,90,0,226,,1,27.02005,25.42974,21.40631
1785815948,26.77043,79.84436,90,0,226,,1,26.98638,25.32835,21.40631
1785815948,26.701,79.92981,90,0,226,,1,27.05412,25.36221,21.37264
1785815949,26.85588,79.94965,90,0,226,,1,27.02005,25.39588,21.44018
1785815950,26.7998,79.95728,90,0,226,,1,27.02005,25.32835,21.40631
1785815950,26.84253,79.90692,90,0,226,,1,26.98638,25.46361,21.47404
1785815951,26.85588,80.09613,90,0,226,,1,27.02005,25.39588,21.47404
1785815952,26.77043,79.8764,90,0,226,,1,27.05412,25.39588,21.47404
1785815952,26.75708,79.92523,90,0,227,,1,27.02005,25.32835,21.50771
1785815953,26.78645,80.01678,90,0,226,,1,27.02005,25.36221,21.44018
1785815954,26.81315,79.97101,90,0,226,,1,27.02005,25.46361,21.44018
1785815954,26.73037,79.88861,90,0,226,,1,26.95252,25.39588,21.44018
1785815955,26.78645,79.90234,90,0,226,,1,27.02005,25.39588,21.50771
1785815956,26.71435,79.97559,90,0,226,,1,27.05412,25.32835,21.44018
1785815956,26.75708,79.95422,90,0,226,,1,27.02005,25.42974,21.44018
1785815957,26.86923,79.91302,90,0,226,,1,26.98638,25.46361,21.50771
1785815958,26.86923,79.9527,90,0,226,,1,26.98638,25.39588,21.37264
1785815958,26.701,79.90845,90,0,226,,1,27.02005,25.42974,21.40631
1785815959,26.77043,80.1236,90,0,226,,1,27.02005,25.32835,21.47404
1785815960,26.84253,80.03052,90,0,226,,1,26.98638,25.39588,21.44018
1785815960,26.77043,79.98016,90,0,226,,1,27.02005,25.32835,21.47404
1785815961,26.75708,79.98627,90,0,226,,1,27.05412,25.32835,21.47404
1785815962,26.84253,79.96643,90,0,226,,1,27.02005,25.39588,21.44018
1785815962,26.7998,79.95728,90,0,227,,1,26.95252,25.42974,21.50771
1785815963,26.73037,80.01221,90,0,226,,1,27.02005,25.36221,21.47404
1785815964,26.73037,79.9588,90,0,226,,1,27.05412,25.39588,21.37264
1785815965,26.7998,79.90387,90,0,226,,1,26.98638,25.36221,21.47404
1785815965,26.75708,80.05035,90,0,226,,1,26.98638,25.42974,21.40631
1785815966,26.77043,79.98016,90,0,226,,1,27.02005,25.42974,21.37264
1785815967,26.81315,79.89777,90,0,226,,1,27.02005,25.32835,21.44018
1785815967,26.81315,79.92065,90,0,226,,1,26.98638,25.36221,21.47404
1785815968,26.81315,79.92981,90,0,226,,1,26.98638,25.46361,21.47404
1785815969,26.77043,79.90845,90,0,226,,1,27.02005,25.39588,21.50771
1785815969,26.82918,79.90234,90,0,226,,1,27.05412,25.42974,21.44018
1785815970,26.77043,79.88861,90,0,226,,1,27.05412,25.42974,21.44018
1785815971,26.85588,79.89929,90,0,226,,1,27.02005,25.36221,21.47404
1785815971,26.86923,79.97253,90,0,226,,1,27.05412,25.42974,21.47404
1785815972,26.82918,79.98474,90,0,226,,1,27.02005,25.39588,21.47404
1785815973,26.7998,79.87488,90,0,226,,1,27.02005,25.36221,21.37264
1785815973,26.81315,79.86725,90,0,226,,1,27.02005,25.42974,21.40631
1785815974,26.86923,79.99542,90,0,226,,1,26.98638,25.42974,21.47404
1785815975,26.78645,79.84894,90,0,226,,1,27.05412,25.42974,21.50771
1785815975,26.84253,80.01831,90,0,226,,1,27.05412,25.39588,21.40631
1785815976,26.81315,79.81537,90,0,226,,1,27.02005,25.46361,21.50771
1785815977,26.82918,79.81689,90,0,226,,1,26.98638,25.39588,21.47404
1785815977,26.77043,79.81232,90,0,226,,1,27.05412,25.39588,21.47404
1785815978,26.7998,79.87488,90,0,226,,1,27.02005,25.36221,21.54157
1785815979,26.78645,79.9939,90,0,226,,1,27.02005,25.39588,21.47404
1785815979,26.82918,79.8291,90,0,226,,1,27.05412,25.42974,21.44018
1785815980,26.82918,80.02594,90,0,226,,1,27.05412,25.36221,21.40631
1785815981,26.75708,79.95422,90,0,226,,1,27.08778,25.39588,21.44018
1785815981,26.7998,79.95728,90,0,226,,1,27.05412,25.36221,21.44018
1785815982,26.82918,79.97253,90,0,226,,1,26.98638,25.39588,21.40631
1785815983,26.77043,79.84436,90,0,226,,1,26.98638,25.42974,21.47404
1785815984,26.81315,79.93896,90,0,226,,1,27.02005,25.42974,21.37264
1785815984,26.7998,79.90387,90,0,226,,1,27.05412,25.36221,21.40631
1785815985,26.78645,79.90234,90,0,226,,1,27.05412,25.36221,21.44018
1785815986,26.7998,80.00916,90,0,226,,1,26.98638,25.36221,21.40631
1785815986,26.84253,79.90692,90,0,226,,1,27.02005,25.39588,21.44018
1785815987,26.75708,80.13123,90,0,226,,1,27.02005,25.39588,21.37264
1785815988,26.7998,79.97711,90,0,226,,1,26.98638,25.46361,21.44018
1785815988,26.81315,79.94965,90,0,226,,1,26.98638,25.42974,21.44018
1785815989,26.7998,80.03967,90,0,226,,1,26.98638,25.36221,21.40631
1785815990,26.84253,79.96643,90,0,226,,1,27.05412,25.36221,21.47404
1785815990,26.86923,80.18158,90,0,226,,1,27.02005,25.36221,21.44018
1785815991,26.75708,79.96643,90,0,226,,1,27.02005,25.36221,21.40631
1785815992,26.7998,80.00916,90,0,226,,1,26.98638,25.39588,21.40631
1785815992,26.75708,79.89471,90,0,227,,1,27.02005,25.32835,21.47404
1785815993,26.78645,80.03662,90,0,226,,1,27.02005,25.42974,21.44018
1785815994,26.75708,80.03967,90,0,226,,1,27.02005,25.42974,21.47404
1785815994,26.84253,79.98932,90,0,226,,1,27.05412,25.42974,21.44018
1785815995,26.78645,80.01678,90,0,226,,1,26.95252,25.42974,21.40631
1785815996,26.75708,80.23346,90,0,226,,1,27.02005,25.32835,21.37264
1785815996,26.77043,80.05341,90,0,226,,1,27.05412,25.32835,21.40631
1785815997,26.81315,80.08545,90,0,226,,1,27.02005,25.29448,21.47404
1785815998,26.82918,80.01678,90,0,226,,1,27.05412,25.39588,21.40631
1785815998,26.82918,79.98474,90,0,226,,1,27.05412,25.32835,21.44018
1785815999,26.77043,79.99084,90,0,226,,1,26.98638,25.49748,21.44018
1785816000,26.7998,80.11292,90,0,226,,1,27.02005,25.39588,21.44018
1785816000,26.78645,79.92218,90,0,226,,1,27.02005,25.36221,21.47404
1785816001,26.75708,79.97711,90,0,226,,1,27.02005,25.32835,21.40631
1785816002,26.7998,80.01831,90,0,226,,1,27.02005,25.32835,21.47404
1785816003,26.84253,79.92676,90,0,227,,1,27.02005,25.36221,21.54157
1785816003,26.77043,79.99084,90,0,226,,1,27.05412,25.32835,21.44018
