TS,Tamb,Hamb,DirVento,VelVento,NivelAgua,NivelAguaC,radSolar,Ttanque1,Ttanque2,Ttanque3
1787022000,27.80651,77.59975,90,0,,,,27.93403,28.47589,23.80618
1787022000,27.86259,77.70962,90,0,,,,27.9681,28.54363,23.73865
1787022001,27.73175,77.71572,90,0,,,,28.00177,28.44203,23.70478
1787022002,27.83322,77.72945,90,0,,,,27.9681,28.64523,23.73865
1787022002,27.74777,77.7203,90,0,,,,28.00177,28.3743,23.77251
1787022003,27.80651,77.7142,90,0,,,,27.90037,28.50976,23.53585
1787022003,27.80651,77.85153,90,0,,,,27.93403,28.47589,23.70478
1787022004,27.76379,77.70199,90,0,,,,28.03563,28.50976,23.56952
1787022005,27.77714,77.70657,90,0,,,,28.00177,28.44203,23.73865
1787022005,27.79049,77.76151,90,0,,,,28.03563,28.30656,23.73865
1787022006,27.74777,77.82559,90,0,,,,28.03563,28.47589,23.77251
1787022007,27.79049,77.70962,90,0,,,,27.90037,28.47589,23.63725
1787022007,27.74777,77.88815,90,0,,,,28.0697,28.40816,23.60338
1787022008,27.83322,77.78287,90,0,,,,27.90037,28.44203,23.63725
1787022009,27.80651,77.85153,90,0,,,,28.0697,28.30656,23.84025
1787022009,27.66232,77.83475,90,0,,,,27.9681,28.44203,23.70478
1787022010,27.7184,77.88968,90,0,,,,28.03563,28.3743,23.73865
1787022011,27.79049,77.9202,90,0,,,,27.93403,28.40816,23.84025
1787022011,27.76379,77.97513,90,0,,,,27.93403,28.47589,23.63725
1787022012,27.68902,77.95682,90,0,,,,28.00177,28.50976,23.80618
1787022013,27.77714,77.90341,90,0,,,,27.93403,28.50976,23.77251
1787022013,27.77714,77.93546,90,0,,,,27.9681,28.44203,23.67112
1787022014,27.83322,78.01328,90,0,,,,27.90037,28.40816,23.50199
1787022015,27.84657,77.96292,90,0,,,,27.9681,28.40816,23.80618
1787022015,27.84657,77.98581,90,0,,,,27.93403,28.44203,23.73865
1787022016,27.73175,77.89426,90,0,,,,27.93403,28.34043,23.70478
1787022017,27.74777,77.84695,90,0,,,,27.9681,28.3743,23.84025
1787022017,27.84657,78.06821,90,0,,,,27.9681,28.44203,23.53585
1787022018,27.79049,78.06363,90,0,,,,28.0697,28.44203,23.80618
1787022019,27.77714,78.08194,90,0,,,,28.03563,28.3743,23.60338
1787022019,27.76379,77.95377,90,0,,,,27.9681,28.34043,23.63725
1787022020,27.76379,77.94308,90,0,,,,28.03563,28.44203,23.67112
1787022021,27.77714,78.03006,90,0,,,,27.93403,28.47589,23.73865
1787022021,27.81987,77.95682,90,0,,,,28.00177,28.44203,23.63725
1787022022,27.76379,77.83932,90,0,,,,27.93403,28.50976,23.80618
1787022023,27.70504,77.97208,90,0,,,,27.90037,28.54363,23.56952
1787022023,27.70504,77.85611,90,0,,,,28.03563,28.30656,23.60338
1787022024,27.68902,77.85153,90,0,,,,27.9681,28.44203,23.63725
1787022025,27.79049,77.92935,90,0,,,,27.9681,28.3743,23.70478
1787022025,27.87594,78.02548,90,0,,,,27.93403,28.40816,23.80618
1787022026,27.80651,78.02548,90,0,,,,27.93403,28.47589,23.70478
1787022027,27.81987,77.90341,90,0,,,,27.93403,28.40816,23.60338
1787022027,27.74777,77.85611,90,0,,,,28.00177,28.40816,23.80618
1787022028,27.79049,77.81491,90,0,,,,27.93403,28.3743,23.60338
1787022029,27.67567,77.90189,90,0,,,,27.90037,28.44203,23.63725
1787022029,27.68902,77.89426,90,0,,,,27.93403,28.3743,23.60338
1787022030,27.74777,77.84695,90,0,,,,27.9681,28.50976,23.67112
1787022031,27.77714,77.79202,90,0,,,,28.03563,28.2727,23.53585
1787022031,27.81987,77.81186,90,0,,,,27.8665,28.47589,23.73865
1787022032,27.80651,77.73403,90,0,,,,28.00177,28.44203,23.73865
1787022033,27.76379,77.80728,90,0,,,,28.00177,28.47589,23.70478
1787022033,27.79049,77.87595,90,0,,,,28.03563,28.47589,23.63725
1787022034,27.76379,77.86069,90,0,,,,27.9681,28.40816,23.60338
1787022035,27.73175,77.87442,90,0,,,,27.9681,28.40816,23.84025
1787022035,27.77714,77.82101,90,0,,,,27.9681,28.44203,23.70478
1787022036,27.73175,77.77982,90,0,,,,27.90037,28.34043,23.70478
1787022037,27.80651,77.83932,90,0,,,,27.9681,28.23883,23.73865
1787022037,27.67567,77.78745,90,0,,,,28.03563,28.61136,23.84025
1787022038,27.74777,77.77371,90,0,,,,28.03563,28.34043,23.80618
1787022039,27.70504,77.81644,90,0,,,,27.9681,28.30656,23.67112
1787022039,27.81987,77.90341,90,0,,,,28.00177,28.30656,23.80618
1787022040,27.80651,77.83017,90,0,,,,27.90037,28.44203,23.63725
1787022041,27.70504,77.77371,90,0,,,,27.9681,28.44203,23.63725
1787022041,27.80651,77.88968,90,0,,,,28.03563,28.47589,23.63725
1787022042,27.80651,77.86069,90,0,,,,27.8665,28.47589,23.84025
1787022043,27.77714,77.88358,90,0,,,,28.00177,28.34043,23.70478
1787022043,27.80651,77.88052,90,0,,,,28.03563,28.44203,23.60338
1787022044,27.74777,77.81644,90,0,,,,27.9681,28.44203,23.77251
1787022044,27.81987,77.8439,90,0,,,,28.00177,28.3743,23.73865
1787022045,27.70504,77.79355,90,0,,,,27.9681,28.44203,23.70478
1787022046,27.81987,77.88358,90,0,,,,28.00177,28.47589,23.63725
1787022046,27.80651,77.78745,90,0,,,,27.9681,28.40816,23.67112
1787022047,27.77714,77.87442,90,0,,,,27.93403,28.40816,23.67112
1787022048,27.79049,77.79355,90,0,,,,27.93403,28.44203,23.70478
1787022048,27.74777,77.68215,90,0,,,,27.93403,28.57749,23.73865
1787022049,27.76379,77.80728,90,0,,,,28.00177,28.3743,23.56952
1787022050,27.79049,77.82559,90,0,,,,27.9681,28.40816,23.67112
1787022050,27.77714,77.8439,90,0,,,,28.00177,28.57749,23.67112
1787022051,27.77714,77.86221,90,0,,,,28.03563,28.50976,23.70478
1787022052,27.74777,77.80576,90,0,,,,27.9681,28.57749,23.70478
1787022052,27.81987,77.91562,90,0,,,,27.93403,28.50976,23.80618
1787022053,27.7184,77.79813,90,0,,,,27.9681,28.54363,23.63725
1787022054,27.77714,77.79202,90,0,,,,27.93403,28.30656,23.73865
1787022054,27.67567,77.80728,90,0,,,,27.90037,28.47589,23.70478
1787022055,27.77714,77.89426,90,0,,,,27.90037,28.44203,23.60338
1787022056,27.80651,77.73403,90,0,,,,28.0697,28.44203,23.63725
1787022056,27.61959,77.73251,90,0,,,,27.90037,28.44203,23.63725
1787022057,27.83322,77.89731,90,0,,,,27.9681,28.44203,23.70478
1787022058,27.86259,77.90341,90,0,,,,27.93403,28.57749,23.63725
1787022058,27.83322,77.84695,90,0,,,,28.00177,28.50976,23.70478
1787022059,27.74777,77.62875,90,0,,,,28.00177,28.40816,23.90778
1787022060,27.7184,77.88968,90,0,,,,28.03563,28.34043,23.56952
1787022060,27.77714,77.83322,90,0,,,,28.00177,28.47589,23.77251
1787022061,27.74777,77.8378,90,0,,,,27.93403,28.34043,23.80618
1787022062,27.67567,77.7554,90,0,,,,27.93403,28.44203,23.73865
1787022062,27.80651,77.78745,90,0,,,,27.9681,28.47589,23.77251
1787022063,27.73175,77.71572,90,0,,,,27.93403,28.47589,23.56952
1787022064,27.68902,77.66537,90,0,,,,27.90037,28.47589,23.84025
1787022064,27.74777,77.76456,90,0,,,,28.0697,28.57749,23.56952
1787022065,27.80651,77.85153,90,0,,,,27.93403,28.40816,23.56952
1787022066,27.64897,77.72793,90,0,,,,27.93403,28.47589,23.67112
1787022066,27.70504,77.66994,90,0,,,,28.00177,28.57749,23.70478
1787022067,27.74777,77.77371,90,0,,,,27.93403,28.44203,23.63725
1787022068,27.70504,77.76456,90,0,,,,27.93403,28.30656,23.70478
1787022068,27.73175,77.73861,90,0,,,,27.9681,28.44203,23.80618
1787022069,27.77714,77.83322,90,0,,,,27.90037,28.47589,23.73865
1787022070,27.77714,77.81186,90,0,,,,28.00177,28.50976,23.67112
1787022070,27.80651,77.79813,90,0,,,,28.03563,28.44203,23.70478
1787022071,27.77714,77.72793,90,0,,,,27.9681,28.50976,23.67112
1787022072,27.7184,77.88052,90,0,,,,27.90037,28.54363,23.73865
1787022072,27.68902,77.61349,90,0,,,,27.90037,28.34043,23.84025
1787022073,27.77714,77.76913,90,0,,,,27.93403,28.44203,23.67112
1787022074,27.73175,77.75998,90,0,,,,27.90037,28.3743,23.70478
1787022074,27.73175,77.71572,90,0,,,,28.00177,28.44203,23.70478
1787022075,27.79049,77.74166,90,0,,,,27.9681,28.50976,23.70478
1787022076,27.81987,77.74776,90,0,,,,27.90037,28.50976,23.73865
1787022076,27.68902,77.74776,90,0,,,,28.00177,28.44203,23.70478
1787022077,27.76379,77.73403,90,0,,,,27.90037,28.44203,23.70478
1787022078,27.80651,77.69588,90,0,,,,27.93403,28.44203,23.67112
1787022078,27.79049,77.72945,90,0,,,,27.9681,28.50976,23.77251
1787022079,27.81987,77.76913,90,0,,,,27.93403,28.40816,23.77251
1787022080,27.74777,77.75235,90,0,,,,28.00177,28.50976,23.63725
1787022080,27.77714,77.86221,90,0,,,,27.93403,28.30656,23.53585
1787022081,27.76379,77.80728,90,0,,,,28.0697,28.61136,23.73865
1787022082,27.79049,77.75235,90,0,,,,27.93403,28.34043,23.60338
1787022082,27.77714,77.79202,90,0,,,,28.0697,28.3743,23.73865
1787022083,27.79049,77.90799,90,0,,,,27.93403,28.54363,23.67112
1787022083,27.66232,77.75235,90,0,,,,27.93403,28.3743,23.70478
1787022084,27.77714,77.67757,90,0,,,,28.00177,28.50976,23.56952
1787022085,27.74777,77.77371,90,0,,,,28.00177,28.44203,23.84025
1787022085,27.80651,77.90189,90,0,,,,27.90037,28.47589,23.63725
1787022086,27.76379,77.72488,90,0,,,,27.90037,28.47589,23.84025
1787022087,27.77714,77.75998,90,0,,,,28.00177,28.54363,23.90778
1787022087,27.7184,77.7554,90,0,,,,27.8665,28.47589,23.73865
1787022088,27.66232,77.78439,90,0,,,,27.9681,28.54363,23.67112
1787022089,27.74777,77.78439,90,0,,,,27.9681,28.47589,23.67112
1787022089,27.73175,77.76913,90,0,,,,27.93403,28.47589,23.60338
1787022090,27.68902,77.72793,90,0,,,,27.9681,28.47589,23.63725
1787022091,27.7184,77.7142,90,0,,,,27.93403,28.50976,23.77251
1787022091,27.7184,77.77829,90,0,,,,28.00177,28.47589,23.70478
1787022092,27.80651,77.69588,90,0,,,,28.03563,28.50976,23.67112
1787022093,27.79049,77.78287,90,0,,,,28.00177,28.50976,23.70478
1787022093,27.80651,77.7554,90,0,,,,27.9681,28.40816,23.73865
1787022094,27.73175,77.84238,90,0,,,,28.00177,28.50976,23.77251
1787022095,27.70504,77.82559,90,0,,,,27.9681,28.47589,23.77251
1787022095,27.68902,77.77982,90,0,,,,27.9681,28.54363,23.56952
1787022096,27.79049,77.85611,90,0,,,,27.83244,28.34043,23.70478
1787022097,27.68902,77.83017,90,0,,,,27.9681,28.40816,23.70478
1787022097,27.80651,77.80728,90,0,,,,27.9681,28.54363,23.56952
1787022098,27.76379,77.88052,90,0,,,,28.03563,28.57749,23.60338
1787022099,27.70504,77.77371,90,0,,,,27.9681,28.44203,23.70478
1787022099,27.7184,77.98581,90,0,,,,27.93403,28.44203,23.60338
1787022100,27.76379,77.83932,90,0,,,,27.93403,28.54363,23.46812
1787022101,27.77714,77.85153,90,0,,,,27.90037,28.34043,23.70478
1787022101,27.80651,77.93393,90,0,,,,28.00177,28.34043,23.67112
1787022102,27.77714,77.90341,90,0,,,,27.90037,28.61136,23.80618
1787022103,27.83322,77.81491,90,0,,,,27.90037,28.34043,23.67112
1787022103,27.77714,77.89426,90,0,,,,27.9681,28.54363,23.63725
1787022104,27.74777,77.84695,90,0,,,,27.9681,28.57749,23.84025
1787022105,27.73175,77.81186,90,0,,,,27.9681,28.44203,23.77251
1787022105,27.76379,77.97513,90,0,,,,28.00177,28.3743,23.63725
1787022106,27.70504,77.87595,90,0,,,,27.9681,28.3743,23.73865
1787022107,27.80651,77.95377,90,0,,,,27.8665,28.44203,23.84025
1787022107,27.76379,77.91257,90,0,,,,27.90037,28.44203,23.63725
1787022108,27.81987,77.9675,90,0,,,,27.90037,28.34043,23.73865
1787022109,27.74777,77.87595,90,0,,,,27.9681,28.50976,23.77251
1787022109,27.64897,77.94766,90,0,,,,28.00177,28.47589,23.80618
1787022110,27.76379,77.90189,90,0,,,,27.9681,28.40816,23.53585
1787022111,27.79049,77.94003,90,0,,,,28.00177,28.44203,23.70478
1787022111,27.66232,77.97208,90,0,,,,28.0697,28.40816,23.67112
1787022112,27.80651,77.88968,90,0,,,,28.00177,28.3743,23.63725
1787022113,27.74777,77.88815,90,0,,,,28.0697,28.54363,23.60338
1787022113,27.67567,77.86984,90,0,,,,28.00177,28.50976,23.73865
1787022114,27.80651,78.01633,90,0,,,,28.00177,28.44203,23.77251
1787022115,27.83322,77.98123,90,0,,,,28.00177,28.50976,23.60338
1787022115,27.81987,78.01175,90,0,,,,27.90037,28.47589,23.67112
1787022116,27.70504,77.92935,90,0,,,,28.03563,28.30656,23.56952
1787022117,27.76379,77.95377,90,0,,,,27.9681,28.40816,23.73865
1787022117,27.67567,77.95377,90,0,,,,27.9681,28.44203,23.90778
1787022118,27.74777,77.97208,90,0,,,,28.0697,28.50976,23.70478
1787022119,27.68902,77.97971,90,0,,,,27.9681,28.50976,23.70478
1787022119,27.73175,77.94766,90,0,,,,28.00177,28.47589,23.53585
1787022120,27.66232,77.88815,90,0,,,,27.93403,28.47589,23.53585
1787022121,27.77714,77.89426,90,0,,,,27.9681,28.50976,23.73865
1787022121,27.79049,77.97208,90,0,,,,27.93403,28.47589,23.70478
1787022122,27.76379,77.86069,90,0,,,,27.9681,28.54363,23.77251
1787022122,27.77714,77.97971,90,0,,,,27.90037,28.3743,23.60338
1787022123,27.80651,78.10941,90,0,,,,28.00177,28.54363,23.77251
1787022124,27.74777,78.03464,90,0,,,,28.00177,28.3743,23.73865
1787022124,27.70504,77.88815,90,0,,,,27.93403,28.40816,23.67112
1787022125,27.77714,77.9263,90,0,,,,27.9681,28.44203,23.77251
1787022126,27.70504,77.87595,90,0,,,,27.8665,28.3743,23.73865
1787022126,27.67567,77.86984,90,0,,,,27.93403,28.44203,23.60338
1787022127,27.77714,78.0499,90,0,,,,27.9681,28.47589,23.73865
1787022128,27.74777,77.97208,90,0,,,,28.00177,28.40816,23.77251
1787022128,27.68902,77.89426,90,0,,,,27.9681,28.47589,23.73865
1787022129,27.7184,77.94308,90,0,,,,27.9681,28.54363,23.73865
1787022130,27.80651,77.92172,90,0,,,,28.00177,28.47589,23.80618
1787022130,27.80651,77.92172,90,0,,,,27.90037,28.44203,23.77251
1787022131,27.76379,77.92172,90,0,,,,27.93403,28.47589,23.77251
1787022132,27.74777,77.89883,90,0,,,,28.00177,28.3743,23.63725
1787022132,27.79049,77.9202,90,0,,,,27.93403,28.40816,23.53585
1787022133,27.74777,78.01175,90,0,,,,28.0697,28.44203,23.70478
1787022134,27.67567,77.86984,90,0,,,,28.00177,28.44203,23.67112
1787022134,27.73175,77.94766,90,0,,,,28.03563,28.54363,23.50199
1787022135,27.70504,78.02243,90,0,,,,27.93403,28.3743,23.70478
1787022136,27.76379,77.93393,90,0,,,,27.93403,28.47589,23.56952
1787022136,27.81987,77.97971,90,0,,,,28.00177,28.54363,23.63725
1787022137,27.7184,77.90189,90,0,,,,28.00177,28.40816,23.70478
1787022138,27.67567,77.86984,90,0,,,,27.90037,28.40816,23.67112
1787022138,27.83322,77.92935,90,0,,,,27.93403,28.50976,23.73865
1787022139,27.74777,77.94003,90,0,,,,27.9681,28.50976,23.77251
1787022140,27.68902,77.93546,90,0,,,,28.03563,28.1711,23.77251
1787022140,27.70504,77.82559,90,0,,,,28.03563,28.54363,23.80618
1787022141,27.76379,77.90189,90,0,,,,27.93403,28.34043,23.60338
1787022142,27.74777,77.82559,90,0,,,,27.9681,28.23883,23.70478
1787022142,27.67567,77.86984,90,0,,,,27.93403,28.40816,23.70478
1787022143,27.77714,77.99954,90,0,,,,27.9681,28.40816,23.67112
1787022144,27.83322,77.90799,90,0,,,,28.00177,28.34043,23.73865
1787022144,27.77714,77.98886,90,0,,,,27.93403,28.47589,23.70478
1787022145,27.77714,77.93546,90,0,,,,27.93403,28.44203,23.73865
1787022146,27.74777,77.88815,90,0,,,,27.93403,28.47589,23.70478
1787022146,27.76379,78.00412,90,0,,,,28.00177,28.34043,23.67112
1787022147,27.68902,77.90341,90,0,,,,27.93403,28.40816,23.70478
1787022148,27.79049,77.94003,90,0,,,,27.93403,28.44203,23.84025
1787022148,27.73175,77.84238,90,0,,,,27.9681,28.50976,23.77251
1787022149,27.74777,77.97208,90,0,,,,27.9681,28.54363,23.77251
1787022150,27.68902,77.83017,90,0,,,,27.8665,28.50976,23.77251
1787022150,27.77714,77.9675,90,0,,,,28.00177,28.50976,23.77251
1787022151,27.73175,77.84238,90,0,,,,27.9681,28.40816,23.70478
1787022152,27.77714,77.85153,90,0,,,,27.9681,28.44203,23.73865
1787022152,27.74777,77.9202,90,0,,,,28.00177,28.57749,23.77251
1787022153,27.79049,77.9614,90,0,,,,28.00177,28.40816,23.67112
1787022154,27.77714,78.01785,90,0,,,,27.9681,28.40816,23.70478
1787022154,27.73175,77.89426,90,0,,,,27.93403,28.61136,23.67112
1787022155,27.77714,77.99954,90,0,,,,27.9681,28.50976,23.73865
1787022156,27.79049,78.01175,90,0,,,,27.9681,28.34043,23.73865
1787022156,27.68902,77.95682,90,0,,,,28.10336,28.50976,23.70478
1787022157,27.68902,78.01785,90,0,,,,28.00177,28.44203,23.67112
1787022158,27.77714,77.95834,90,0,,,,28.00177,28.44203,23.63725
1787022158,27.79049,78.01175,90,0,,,,27.9681,28.47589,23.90778
1787022159,27.81987,77.99954,90,0,,,,28.03563,28.47589,23.77251
1787022160,27.67567,77.91257,90,0,,,,28.00177,28.3743,23.77251
1787022160,27.7184,77.93393,90,0,,,,28.03563,28.54363,23.73865
1787022161,27.67567,77.98428,90,0,,,,27.9681,28.2727,23.63725
1787022161,27.70504,77.99039,90,0,,,,27.93403,28.44203,23.73865
1787022162,27.80651,78.08041,90,0,,,,28.03563,28.61136,23.56952
1787022163,27.76379,77.99496,90,0,,,,27.9681,28.50976,23.56952
1787022163,27.77714,77.97971,90,0,,,,27.90037,28.40816,23.73865
1787022164,27.7184,77.99496,90,0,,,,27.93403,28.50976,23.53585
1787022165,27.84657,78.07736,90,0,,,,27.93403,28.57749,23.80618
1787022165,27.77714,78.0621,90,0,,,,27.9681,28.30656,23.67112
1787022166,27.73175,78.0087,90,0,,,,27.90037,28.34043,23.53585
1787022167,27.81987,78.22842,90,0,,,,27.93403,28.44203,23.63725
1787022167,27.74777,78.00259,90,0,,,,28.03563,28.40816,23.56952
1787022168,27.84657,78.18265,90,0,,,,27.93403,28.3743,23.73865
1787022169,27.79049,78.06363,90,0,,,,27.93403,28.50976,23.77251
1787022169,27.73175,78.07126,90,0,,,,27.9681,28.47589,23.73865
1787022170,27.64897,78.0499,90,0,,,,27.9681,28.3743,23.73865
1787022171,27.74777,77.99344,90,0,,,,28.03563,28.40816,23.67112
1787022171,27.70504,78.08652,90,0,,,,28.00177,28.40816,23.63725
1787022172,27.73175,78.01785,90,0,,,,28.03563,28.54363,23.67112
1787022173,27.74777,77.99344,90,0,,,,27.93403,28.50976,23.73865
1787022173,27.68902,78.08194,90,0,,,,27.9681,28.30656,23.60338
1787022174,27.7184,77.91257,90,0,,,,27.9681,28.57749,23.80618
1787022175,27.83322,78.05447,90,0,,,,27.9681,28.47589,23.77251
1787022175,27.7184,77.98581,90,0,,,,28.00177,28.34043,23.70478
1787022176,27.70504,78.08652,90,0,,,,28.00177,28.44203,23.67112
1787022177,27.7184,77.98581,90,0,,,,27.93403,28.44203,23.70478
1787022177,27.86259,78.09415,90,0,,,,27.9681,28.44203,23.77251
1787022178,27.84657,77.97513,90,0,,,,27.93403,28.50976,23.63725
1787022179,27.7184,77.93393,90,0,,,,27.93403,28.44203,23.73865
1787022179,27.68902,77.95682,90,0,,,,27.90037,28.57749,23.73865
1787022180,27.68902,77.91562,90,0,,,,27.93403,28.23883,23.53585
1787022181,27.77714,77.87442,90,0,,,,27.9681,28.44203,23.67112
1787022181,27.79049,78.03159,90,0,,,,27.90037,28.47589,23.70478
1787022182,27.70504,77.89883,90,0,,,,28.03563,28.40816,23.87391
1787022183,27.80651,77.96597,90,0,,,,28.00177,28.50976,23.63725
1787022183,27.70504,77.9614,90,0,,,,27.93403,28.34043,23.77251
1787022184,27.67567,77.91257,90,0,,,,27.93403,28.44203,23.77251
1787022185,27.68902,77.79202,90,0,,,,27.9681,28.50976,23.67112
1787022185,27.76379,77.88052,90,0,,,,27.93403,28.34043,23.70478
1787022186,27.77714,77.8439,90,0,,,,28.00177,28.47589,23.70478
1787022187,27.81987,77.87442,90,0,,,,27.90037,28.54363,23.70478
1787022187,27.7184,77.86069,90,0,,,,28.03563,28.3743,23.80618
1787022188,27.74777,77.86679,90,0,,,,27.93403,28.3743,23.70478
1787022189,27.7184,77.8378,90,0,,,,27.90037,28.61136,23.70478
1787022189,27.70504,77.90799,90,0,,,,28.03563,28.57749,23.73865
1787022190,27.67567,77.79813,90,0,,,,27.93403,28.50976,23.67112
1787022191,27.73175,77.87442,90,0,,,,27.9681,28.54363,23.60338
1787022191,27.7184,77.86984,90,0,,,,27.8665,28.3743,23.73865
1787022192,27.73175,77.85153,90,0,,,,27.9681,28.3743,23.84025
1787022193,27.63294,77.72488,90,0,,,,27.9681,28.40816,23.70478
1787022193,27.74777,77.86679,90,0,,,,28.03563,28.3743,23.56952
1787022194,27.67567,77.80728,90,0,,,,27.93403,28.50976,23.67112
1787022195,27.79049,77.85611,90,0,,,,27.9681,28.44203,23.80618
1787022195,27.77714,77.85153,90,0,,,,27.90037,28.54363,23.60338
1787022196,27.74777,77.79355,90,0,,,,27.9681,28.57749,23.77251
1787022197,27.73175,77.79202,90,0,,,,27.8665,28.30656,23.67112
1787022197,27.7184,77.73403,90,0,,,,28.00177,28.3743,23.80618
1787022198,27.79049,77.81491,90,0,,,,28.03563,28.44203,23.77251
1787022199,27.64897,77.8851,90,0,,,,28.00177,28.54363,23.67112
1787022199,27.73175,77.84238,90,0,,,,28.03563,28.61136,23.73865
1787022200,27.70504,77.78439,90,0,,,,27.9681,28.40816,23.77251
1787022201,27.79049,77.79355,90,0,,,,27.9681,28.34043,23.60338
1787022201,27.70504,77.87595,90,0,,,,27.93403,28.54363,23.87391
1787022202,27.76379,77.86984,90,0,,,,27.9681,28.30656,23.63725
1787022202,27.73175,77.74776,90,0,,,,27.90037,28.47589,23.70478
1787022203,27.74777,77.80576,90,0,,,,27.9681,28.44203,23.70478
1787022204,27.80651,77.673,90,0,,,,28.00177,28.47589,23.84025
1787022204,27.76379,77.69283,90,0,,,,27.90037,28.57749,23.67112
1787022205,27.64897,77.69741,90,0,,,,27.8665,28.50976,23.56952
1787022206,27.67567,77.7142,90,0,,,,27.93403,28.54363,23.56952
1787022206,27.74777,77.79355,90,0,,,,27.90037,28.44203,23.73865
1787022207,27.68902,77.70657,90,0,,,,27.93403,28.47589,23.67112
1787022208,27.76379,77.83017,90,0,,,,28.00177,28.44203,23.63725
1787022208,27.79049,77.82559,90,0,,,,27.83244,28.54363,23.67112
1787022209,27.80651,77.76608,90,0,,,,27.8665,28.57749,23.56952
1787022210,27.77714,77.74776,90,0,,,,27.93403,28.40816,23.77251
1787022210,27.76379,77.78745,90,0,,,,27.9681,28.3743,23.60338
1787022211,27.7184,77.80728,90,0,,,,27.9681,28.61136,23.60338
1787022212,27.77714,77.76913,90,0,,,,27.93403,28.47589,23.60338
1787022212,27.68902,77.77982,90,0,,,,27.93403,28.3743,23.73865
1787022213,27.68902,77.86221,90,0,,,,28.03563,28.40816,23.60338
1787022214,27.81987,77.71572,90,0,,,,27.93403,28.50976,23.77251
1787022214,27.81987,77.81186,90,0,,,,28.00177,28.30656,23.53585
1787022215,27.74777,77.78439,90,0,,,,27.90037,28.34043,23.70478
1787022216,27.66232,77.71114,90,0,,,,27.9681,28.47589,23.56952
1787022216,27.77714,77.74776,90,0,,,,27.9681,28.50976,23.73865
1787022217,27.77714,77.89426,90,0,,,,28.00177,28.44203,23.70478
1787022218,27.76379,77.88968,90,0,,,,28.00177,28.3743,23.56952
1787022218,27.70504,77.77371,90,0,,,,28.03563,28.54363,23.73865
1787022219,27.7184,77.72488,90,0,,,,27.9681,28.54363,23.53585
1787022220,27.79049,77.74166,90,0,,,,28.00177,28.3743,23.80618
1787022220,27.73175,77.73861,90,0,,,,27.9681,28.34043,23.60338
1787022221,27.76379,77.83932,90,0,,,,27.9681,28.44203,23.53585
1787022222,27.74777,77.7203,90,0,,,,28.00177,28.40816,23.63725
1787022222,27.70504,77.77371,90,0,,,,28.00177,28.57749,23.53585
1787022223,27.80651,77.7554,90,0,,,,27.9681,28.50976,23.73865
1787022224,27.74777,77.8378,90,0,,,,27.9681,28.44203,23.70478
1787022224,27.81987,77.88358,90,0,,,,27.83244,28.47589,23.67112
1787022225,27.79049,77.85611,90,0,,,,27.9681,28.30656,23.73865
1787022226,27.76379,77.7142,90,0,,,,27.9681,28.40816,23.67112
1787022226,27.76379,77.81949,90,0,,,,27.9681,28.61136,23.67112
1787022227,27.81987,77.88358,90,0,,,,27.93403,28.64523,23.63725
1787022228,27.81987,77.75998,90,0,,,,27.9681,28.44203,23.80618
1787022228,27.81987,77.81186,90,0,,,,28.00177,28.50976,23.73865
1787022229,27.80651,77.88968,90,0,,,,27.9681,28.34043,23.60338
1787022230,27.81987,77.87442,90,0,,,,27.8665,28.3743,23.70478
1787022230,27.70504,77.80576,90,0,,,,28.03563,28.50976,23.63725
1787022231,27.77714,77.79202,90,0,,,,28.00177,28.40816,23.70478
1787022232,27.74777,77.70046,90,0,,,,27.8665,28.50976,23.80618
1787022232,27.76379,77.79813,90,0,,,,28.00177,28.47589,23.56952
1787022233,27.68902,77.83017,90,0,,,,27.79877,28.47589,23.73865
1787022234,27.76379,77.76608,90,0,,,,27.9681,28.54363,23.77251
1787022234,27.77714,77.80118,90,0,,,,27.9681,28.34043,23.70478
1787022235,27.74777,77.74166,90,0,,,,27.93403,28.57749,23.73865
1787022235,27.7184,77.8378,90,0,,,,27.9681,28.44203,23.80618
1787022236,27.74777,77.77371,90,0,,,,27.90037,28.2727,23.80618
1787022237,27.7184,77.73403,90,0,,,,27.93403,28.50976,23.63725
1787022237,27.80651,77.81949,90,0,,,,27.93403,28.44203,23.73865
1787022238,27.79049,77.76151,90,0,,,,27.9681,28.47589,23.70478
1787022239,27.79049,77.74166,90,0,,,,27.8665,28.47589,23.80618
1787022239,27.79049,77.78287,90,0,,,,27.90037,28.3743,23.84025
1787022240,27.74777,77.66994,90,0,,,,28.03563,28.61136,23.67112
1787022241,27.64897,77.65621,90,0,,,,27.8665,28.54363,23.63725
1787022241,27.73175,77.71572,90,0,,,,27.90037,28.44203,23.60338
1787022242,27.7184,77.65163,90,0,,,,27.93403,28.54363,23.70478
1787022243,27.70504,77.81644,90,0,,,,28.00177,28.30656,23.63725
1787022243,27.73175,77.67757,90,0,,,,27.9681,28.34043,23.60338
1787022244,27.76379,77.86984,90,0,,,,27.93403,28.34043,23.63725
1787022245,27.77714,77.79202,90,0,,,,27.8665,28.44203,23.60338
1787022245,27.76379,77.74624,90,0,,,,27.9681,28.50976,23.67112
1787022246,27.74777,77.71114,90,0,,,,27.93403,28.50976,23.67112
1787022247,27.79049,77.74166,90,0,,,,27.93403,28.47589,23.63725
1787022247,27.7184,77.66384,90,0,,,,27.93403,28.50976,23.70478
1787022248,27.73175,77.76913,90,0,,,,27.9681,28.47589,23.77251
1787022249,27.7184,77.88968,90,0,,,,27.93403,28.34043,23.70478
1787022249,27.74777,77.66994,90,0,,,,28.0697,28.44203,23.60338
1787022250,27.73175,77.71572,90,0,,,,28.00177,28.44203,23.73865
1787022251,27.76379,77.68368,90,0,,,,28.03563,28.30656,23.56952
1787022251,27.76379,77.70199,90,0,,,,27.9681,28.44203,23.63725
1787022252,27.66232,77.73251,90,0,,,,27.9681,28.50976,23.67112
1787022253,27.76379,77.7142,90,0,,,,27.9681,28.47589,23.73865
1787022253,27.80651,77.73403,90,0,,,,27.93403,28.34043,23.77251
1787022254,27.67567,77.66384,90,0,,,,28.00177,28.44203,23.56952
1787022255,27.83322,77.80576,90,0,,,,27.9681,28.44203,23.63725
1787022255,27.74777,77.73251,90,0,,,,27.93403,28.44203,23.60338
1787022256,27.66232,77.65011,90,0,,,,27.93403,28.57749,23.63725
1787022257,27.80651,77.673,90,0,,,,27.93403,28.50976,23.67112
1787022257,27.7184,77.7142,90,0,,,,27.9681,28.44203,23.63725
1787022258,27.7184,77.7554,90,0,,,,28.0697,28.3743,23.84025
1787022259,27.76379,77.6318,90,0,,,,27.9681,28.50976,23.73865
1787022259,27.80651,77.72488,90,0,,,,28.00177,28.3743,23.70478
1787022260,27.76379,77.7554,90,0,,,,28.00177,28.40816,23.70478
1787022261,27.74777,77.74166,90,0,,,,27.90037,28.47589,23.60338
1787022261,27.77714,77.71572,90,0,,,,27.83244,28.44203,23.87391
1787022262,27.70504,77.65926,90,0,,,,27.93403,28.40816,23.77251
1787022263,27.77714,77.85153,90,0,,,,28.03563,28.3743,23.53585
1787022263,27.7184,77.7142,90,0,,,,27.9681,28.44203,23.77251
1787022264,27.76379,77.7142,90,0,,,,27.90037,28.44203,23.63725
1787022265,27.77714,77.85153,90,0,,,,27.9681,28.47589,23.56952
1787022265,27.68902,77.71572,90,0,,,,27.93403,28.64523,23.73865
1787022266,27.77714,77.73861,90,0,,,,28.00177,28.47589,23.73865
1787022267,27.76379,77.69283,90,0,,,,27.93403,28.3743,23.67112
1787022267,27.76379,77.73403,90,0,,,,27.93403,28.44203,23.73865
1787022268,27.73175,77.50973,90,0,,,,27.9681,28.44203,23.63725
1787022269,27.73175,77.65621,90,0,,,,27.83244,28.47589,23.80618
1787022269,27.77714,77.70657,90,0,,,,28.0697,28.44203,23.77251
1787022270,27.79049,77.70962,90,0,,,,27.93403,28.54363,23.63725
1787022271,27.80651,77.64248,90,0,,,,27.93403,28.3743,23.60338
1787022271,27.68902,77.72793,90,0,,,,28.03563,28.44203,23.77251
1787022272,27.77714,77.70657,90,0,,,,27.90037,28.57749,23.80618
1787022272,27.70504,77.74166,90,0,,,,28.0697,28.61136,23.77251
1787022273,27.7184,77.673,90,0,,,,27.9681,28.54363,23.73865
1787022274,27.73175,77.68673,90,0,,,,27.8665,28.47589,23.80618
1787022274,27.67567,77.61959,90,0,,,,27.9681,28.47589,23.73865
1787022275,27.74777,77.7203,90,0,,,,28.00177,28.54363,23.67112
1787022276,27.68902,77.70657,90,0,,,,27.93403,28.44203,23.77251
1787022276,27.80651,77.7142,90,0,,,,27.93403,28.57749,23.60338
1787022277,27.7184,77.70199,90,0,,,,27.93403,28.40816,23.56952
1787022278,27.70504,77.73251,90,0,,,,27.93403,28.64523,23.77251
1787022278,27.67567,77.5906,90,0,,,,27.93403,28.54363,23.73865
1787022279,27.77714,77.75998,90,0,,,,27.93403,28.40816,23.73865
1787022280,27.73175,77.65621,90,0,,,,27.9681,28.44203,23.56952
1787022280,27.86259,77.79202,90,0,,,,27.93403,28.50976,23.67112
1787022281,27.66232,77.73251,90,0,,,,28.03563,28.50976,23.73865
1787022282,27.80651,77.66384,90,0,,,,28.00177,28.44203,23.84025
1787022282,27.76379,77.72488,90,0,,,,27.9681,28.50976,23.63725
1787022283,27.64897,77.65621,90,0,,,,27.90037,28.54363,23.80618
1787022284,27.80651,77.69588,90,0,,,,27.9681,28.40816,23.60338
1787022284,27.7184,77.65163,90,0,,,,28.00177,28.44203,23.70478
1787022285,27.74777,77.62875,90,0,,,,28.03563,28.40816,23.80618
1787022286,27.73175,77.61349,90,0,,,,27.90037,28.44203,23.80618
1787022286,27.74777,77.65926,90,0,,,,27.90037,28.44203,23.70478
1787022287,27.68902,77.64553,90,0,,,,28.00177,28.64523,23.67112
1787022288,27.76379,77.70199,90,0,,,,27.9681,28.50976,23.67112
1787022288,27.67567,77.70199,90,0,,,,27.93403,28.34043,23.60338
1787022289,27.80651,77.74624,90,0,,,,27.93403,28.54363,23.63725
1787022290,27.7184,77.69283,90,0,,,,28.03563,28.54363,23.60338
1787022290,27.64897,77.68673,90,0,,,,27.9681,28.40816,23.56952
1787022291,27.7184,77.673,90,0,,,,28.00177,28.44203,23.77251
1787022292,27.74777,77.76456,90,0,,,,28.00177,28.34043,23.63725
1787022292,27.68902,77.67452,90,0,,,,27.90037,28.44203,23.63725
1787022293,27.79049,77.80576,90,0,,,,27.93403,28.57749,23.70478
1787022294,27.79049,77.61806,90,0,,,,27.93403,28.40816,23.67112
1787022294,27.68902,77.58144,90,0,,,,27.93403,28.44203,23.80618
1787022295,27.77714,77.67757,90,0,,,,27.93403,28.30656,23.63725
1787022296,27.67567,77.70199,90,0,,,,27.9681,28.47589,23.70478
1787022296,27.81987,77.69741,90,0,,,,28.03563,28.47589,23.67112
1787022297,27.79049,77.75235,90,0,,,,27.90037,28.50976,23.77251
1787022298,27.79049,77.66994,90,0,,,,27.9681,28.44203,23.87391
1787022298,27.74777,77.66994,90,0,,,,27.9681,28.47589,23.60338
1787022299,27.79049,77.64706,90,0,,,,28.03563,28.30656,23.87391
1787022300,27.77714,77.56008,90,0,,,,28.00177,28.47589,23.73865
1787022300,27.77714,77.72793,90,0,,,,27.9681,28.50976,23.63725
1787022301,27.74777,77.68215,90,0,,,,28.03563,28.44203,23.67112
1787022302,27.74777,77.65926,90,0,,,,27.90037,28.44203,23.67112
1787022302,27.73175,77.71572,90,0,,,,27.9681,28.50976,23.53585
1787022303,27.77714,77.64553,90,0,,,,27.9681,28.54363,23.67112
1787022304,27.77714,77.72793,90,0,,,,27.93403,28.54363,23.67112
1787022304,27.81987,77.59212,90,0,,,,28.03563,28.40816,23.60338
1787022305,27.7184,77.61044,90,0,,,,27.9681,28.47589,23.63725
1787022306,27.81987,77.72793,90,0,,,,27.93403,28.57749,23.60338
1787022306,27.76379,77.7142,90,0,,,,28.00177,28.47589,23.80618
1787022307,27.70504,77.73251,90,0,,,,27.93403,28.44203,23.77251
1787022307,27.79049,77.75235,90,0,,,,28.03563,28.47589,23.77251
1787022308,27.79049,77.69131,90,0,,,,28.03563,28.44203,23.67112
1787022309,27.70504,77.65011,90,0,,,,27.93403,28.50976,23.56952
1787022309,27.67567,77.72488,90,0,,,,27.93403,28.57749,23.63725
1787022310,27.76379,77.64248,90,0,,,,27.9681,28.54363,23.60338
1787022311,27.74777,77.61806,90,0,,,,28.00177,28.47589,23.46812
1787022311,27.66232,77.84695,90,0,,,,28.00177,28.47589,23.73865
1787022312,27.73175,77.82101,90,0,,,,27.93403,28.67909,23.67112
1787022313,27.76379,77.74624,90,0,,,,27.93403,28.50976,23.67112
1787022313,27.66232,77.76456,90,0,,,,28.00177,28.50976,23.84025
1787022314,27.7184,77.6318,90,0,,,,27.9681,28.40816,23.56952
1787022315,27.7184,77.64248,90,0,,,,28.00177,28.44203,23.63725
1787022315,27.76379,77.78745,90,0,,,,27.93403,28.50976,23.70478
1787022316,27.74777,77.68826,90,0,,,,27.83244,28.40816,23.73865
1787022317,27.67567,77.7142,90,0,,,,27.93403,28.50976,23.67112
1787022317,27.76379,77.77829,90,0,,,,27.90037,28.3743,23.67112
1787022318,27.81987,77.80118,90,0,,,,28.03563,28.44203,23.73865
1787022319,27.73175,77.63332,90,0,,,,28.03563,28.47589,23.77251
1787022319,27.79049,77.70046,90,0,,,,27.9681,28.44203,23.70478
1787022320,27.67567,77.6318,90,0,,,,27.83244,28.50976,23.77251
1787022321,27.68902,77.74776,90,0,,,,27.8665,28.47589,23.67112
1787022321,27.81987,77.71572,90,0,,,,28.00177,28.44203,23.73865
1787022322,27.79049,77.60586,90,0,,,,27.9681,28.61136,23.60338
1787022323,27.84657,77.76608,90,0,,,,28.00177,28.44203,23.70478
1787022323,27.80651,77.673,90,0,,,,27.90037,28.34043,23.70478
1787022324,27.77714,77.67757,90,0,,,,27.93403,28.30656,23.73865
1787022325,27.7184,77.73403,90,0,,,,27.9681,28.40816,23.53585
1787022325,27.7184,77.74624,90,0,,,,28.00177,28.50976,23.73865
1787022326,27.73175,77.71572,90,0,,,,27.9681,28.34043,23.63725
1787022327,27.7184,77.66384,90,0,,,,27.93403,28.57749,23.67112
1787022327,27.74777,77.7203,90,0,,,,27.90037,28.34043,23.80618
1787022328,27.80651,77.69588,90,0,,,,27.93403,28.3743,23.70478
1787022329,27.77714,77.62417,90,0,,,,28.00177,28.44203,23.63725
1787022329,27.80651,77.72488,90,0,,,,28.00177,28.50976,23.80618
1787022330,27.77714,77.77982,90,0,,,,27.93403,28.54363,23.77251
1787022331,27.76379,77.61959,90,0,,,,27.9681,28.3743,23.77251
1787022331,27.68902,77.70657,90,0,,,,27.90037,28.40816,23.77251
1787022332,27.64897,77.64553,90,0,,,,28.00177,28.50976,23.67112
1787022333,27.87594,77.7203,90,0,,,,27.9681,28.40816,23.40059
1787022333,27.81987,77.69741,90,0,,,,27.90037,28.40816,23.67112
1787022334,27.7184,77.74624,90,0,,,,28.03563,28.44203,23.70478
1787022335,27.76379,77.7554,90,0,,,,28.00177,28.40816,23.56952
1787022335,27.73175,77.68673,90,0,,,,27.93403,28.34043,23.73865
1787022336,27.77714,77.74776,90,0,,,,27.9681,28.47589,23.73865
1787022337,27.86259,77.65621,90,0,,,,27.90037,28.50976,23.77251
1787022337,27.80651,77.65163,90,0,,,,27.90037,28.44203,23.67112
1787022338,27.73175,77.65621,90,0,,,,27.9681,28.40816,23.67112
1787022339,27.79049,77.64706,90,0,,,,27.8665,28.3743,23.67112
1787022339,27.67567,77.76608,90,0,,,,27.93403,28.47589,23.70478
1787022340,27.73175,77.47768,90,0,,,,28.03563,28.47589,23.80618
1787022341,27.60624,77.71877,90,0,,,,27.93403,28.44203,23.63725
1787022341,27.70504,77.61806,90,0,,,,27.9681,28.40816,23.77251
1787022342,27.77714,77.70657,90,0,,,,27.9681,28.3743,23.56952
1787022342,27.80651,77.76608,90,0,,,,28.03563,28.3743,23.80618
1787022343,27.66232,77.65011,90,0,,,,27.90037,28.40816,23.56952
1787022344,27.74777,77.74166,90,0,,,,28.0697,28.54363,23.77251
1787022344,27.73175,77.68673,90,0,,,,27.9681,28.61136,23.67112
1787022345,27.70504,77.6379,90,0,,,,27.93403,28.40816,23.63725
1787022346,27.74777,77.76456,90,0,,,,27.90037,28.44203,23.67112
1787022346,27.68902,77.66537,90,0,,,,27.8665,28.44203,23.67112
1787022347,27.67567,77.66384,90,0,,,,28.00177,28.47589,23.77251
1787022348,27.68902,77.70657,90,0,,,,27.90037,28.40816,23.50199
1787022348,27.74777,77.6379,90,0,,,,27.8665,28.30656,23.77251
1787022349,27.70504,77.61806,90,0,,,,27.9681,28.47589,23.67112
1787022350,27.73175,77.64553,90,0,,,,27.9681,28.40816,23.73865
1787022350,27.73175,77.69588,90,0,,,,27.93403,28.30656,23.46812
1787022351,27.74777,77.68215,90,0,,,,27.93403,28.47589,23.70478
1787022352,27.74777,77.71114,90,0,,,,27.9681,28.50976,23.77251
1787022352,27.74777,77.70046,90,0,,,,27.93403,28.57749,23.84025
1787022353,27.70504,77.57687,90,0,,,,27.90037,28.50976,23.70478
1787022354,27.79049,77.56466,90,0,,,,28.00177,28.47589,23.70478
1787022354,27.84657,77.74624,90,0,,,,27.93403,28.57749,23.73865
1787022355,27.7184,77.7554,90,0,,,,28.00177,28.40816,23.70478
1787022356,27.80651,77.70199,90,0,,,,27.9681,28.40816,23.63725
1787022356,27.80651,77.7554,90,0,,,,27.93403,28.34043,23.63725
1787022357,27.70504,77.65011,90,0,,,,27.9681,28.3743,23.80618
1787022358,27.77714,77.75998,90,0,,,,27.9681,28.54363,23.56952
1787022358,27.67567,77.66384,90,0,,,,28.03563,28.50976,23.53585
1787022359,27.7184,77.7142,90,0,,,,28.00177,28.47589,23.63725
1787022360,27.68902,77.71572,90,0,,,,27.93403,28.30656,23.63725
1787022360,27.73175,77.62417,90,0,,,,27.93403,28.44203,23.63725
1787022361,27.74777,77.70046,90,0,,,,28.00177,28.47589,23.73865
1787022362,27.64897,77.53109,90,0,,,,28.00177,28.54363,23.53585
1787022362,27.67567,77.6318,90,0,,,,27.90037,28.40816,23.63725
1787022363,27.77714,77.63332,90,0,,,,27.9681,28.44203,23.63725
1787022364,27.76379,77.7142,90,0,,,,27.9681,28.30656,23.70478
1787022364,27.74777,77.62875,90,0,,,,27.93403,28.50976,23.63725
1787022365,27.81987,77.63332,90,0,,,,27.93403,28.47589,23.53585
1787022366,27.87594,77.64706,90,0,,,,27.9681,28.44203,23.94144
1787022366,27.80651,77.673,90,0,,,,27.8665,28.3743,23.84025
1787022367,27.7184,77.64248,90,0,,,,27.9681,28.44203,23.67112
1787022368,27.80651,77.7142,90,0,,,,27.9681,28.50976,23.73865
1787022368,27.74777,77.53262,90,0,,,,27.9681,28.44203,23.70478
1787022369,27.7184,77.61044,90,0,,,,27.9681,28.40816,23.56952
1787022370,27.77714,77.68673,90,0,,,,28.00177,28.47589,23.77251
1787022370,27.81987,77.63332,90,0,,,,28.00177,28.44203,23.73865
1787022371,27.73175,77.72793,90,0,,,,27.9681,28.47589,23.73865
1787022372,27.77714,77.69588,90,0,,,,27.9681,28.3743,23.67112
1787022372,27.74777,77.7203,90,0,,,,27.9681,28.50976,23.70478
1787022373,27.67567,77.65163,90,0,,,,27.93403,28.2727,23.87391
1787022374,27.7184,77.79813,90,0,,,,27.9681,28.44203,23.63725
1787022374,27.77714,77.72793,90,0,,,,27.9681,28.50976,23.67112
1787022375,27.73175,77.70657,90,0,,,,27.8665,28.54363,23.77251
1787022376,27.76379,77.83017,90,0,,,,28.00177,28.3743,23.77251
1787022376,27.74777,77.65011,90,0,,,,27.9681,28.50976,23.63725
1787022377,27.77714,77.65621,90,0,,,,27.93403,28.40816,23.70478
1787022378,27.70504,77.68826,90,0,,,,27.9681,28.50976,23.73865
1787022378,27.76379,77.7142,90,0,,,,27.9681,28.44203,23.67112
1787022379,27.70504,77.7203,90,0,,,,27.93403,28.47589,23.80618
1787022380,27.68902,77.64553,90,0,,,,27.9681,28.3743,23.67112
1787022380,27.74777,77.68215,90,0,,,,27.9681,28.3743,23.60338
1787022381,27.7184,77.673,90,0,,,,27.93403,28.40816,23.63725
1787022381,27.66232,77.75235,90,0,,,,28.00177,28.40816,23.70478
1787022382,27.79049,77.74166,90,0,,,,27.9681,28.47589,23.70478
1787022383,27.80651,77.7554,90,0,,,,27.90037,28.3743,23.73865
1787022383,27.68902,77.71572,90,0,,,,28.00177,28.44203,23.67112
1787022384,27.76379,77.69283,90,0,,,,27.93403,28.47589,23.50199
1787022385,27.68902,77.64553,90,0,,,,27.90037,28.54363,23.63725
1787022385,27.76379,77.673,90,0,,,,27.9681,28.50976,23.70478
1787022386,27.76379,77.83017,90,0,,,,27.93403,28.50976,23.80618
1787022387,27.80651,77.56771,90,0,,,,27.93403,28.47589,23.63725
1787022387,27.7184,77.73403,90,0,,,,28.03563,28.57749,23.80618
1787022388,27.68902,77.67452,90,0,,,,28.00177,28.47589,23.77251
1787022389,27.80651,77.72488,90,0,,,,27.9681,28.2727,23.56952
1787022389,27.67567,77.6318,90,0,,,,27.9681,28.47589,23.84025
1787022390,27.74777,77.78439,90,0,,,,27.93403,28.3743,23.63725
1787022391,27.64897,77.59212,90,0,,,,28.00177,28.34043,23.67112
1787022391,27.81987,77.67757,90,0,,,,27.9681,28.30656,23.73865
1787022392,27.76379,77.74624,90,0,,,,28.00177,28.3743,23.67112
1787022393,27.81987,77.71572,90,0,,,,27.8665,28.47589,23.67112
1787022393,27.73175,77.68673,90,0,,,,28.03563,28.47589,23.80618
1787022394,27.73175,77.70657,90,0,,,,27.9681,28.3743,23.67112
1787022395,27.77714,77.68673,90,0,,,,27.90037,28.47589,23.77251
1787022395,27.79049,77.64706,90,0,,,,28.00177,28.3743,23.67112
1787022396,27.70504,77.61806,90,0,,,,27.9681,28.47589,23.67112
1787022397,27.70504,77.71114,90,0,,,,27.93403,28.50976,23.70478
1787022397,27.7184,77.69283,90,0,,,,27.9681,28.50976,23.70478
1787022398,27.64897,77.64553,90,0,,,,27.9681,28.54363,23.77251
1787022399,27.7184,77.68215,90,0,,,,27.9681,28.30656,23.70478
1787022399,27.64897,77.63638,90,0,,,,27.90037,28.44203,23.70478
1787022400,27.70504,77.65926,90,0,,,,27.8665,28.3743,23.63725
1787022401,27.70504,77.71114,90,0,,,,28.00177,28.54363,23.73865
1787022401,27.73175,77.63332,90,0,,,,28.00177,28.54363,23.67112
1787022402,27.77714,77.69588,90,0,,,,27.9681,28.61136,23.63725
1787022403,27.73175,77.60433,90,0,,,,27.9681,28.34043,23.70478
1787022403,27.74777,77.68215,90,0,,,,27.9681,28.44203,23.67112
1787022404,27.76379,77.77829,90,0,,,,28.0697,28.50976,23.60338
1787022405,27.73175,77.74776,90,0,,,,27.93403,28.3743,23.80618
1787022405,27.74777,77.66994,90,0,,,,27.8665,28.54363,23.80618
1787022406,27.68902,77.62417,90,0,,,,28.00177,28.47589,23.50199
1787022407,27.68902,77.72793,90,0,,,,28.00177,28.50976,23.70478
1787022407,27.87594,77.81491,90,0,,,,27.9681,28.47589,23.80618
1787022408,27.74777,77.54482,90,0,,,,27.90037,28.3743,23.67112
1787022409,27.77714,77.72793,90,0,,,,28.00177,28.3743,23.80618
1787022409,27.77714,77.77982,90,0,,,,28.00177,28.40816,23.67112
1787022410,27.68902,77.74776,90,0,,,,27.93403,28.40816,23.63725
1787022411,27.80651,77.7142,90,0,,,,28.03563,28.47589,23.70478
1787022411,27.77714,77.79202,90,0,,,,27.93403,28.44203,23.56952
1787022412,27.79049,77.7203,90,0,,,,28.00177,28.47589,23.67112
1787022413,27.68902,77.59212,90,0,,,,28.00177,28.44203,23.63725
1787022413,27.77714,77.72793,90,0,,,,27.93403,28.3743,23.80618
1787022414,27.74777,77.80576,90,0,,,,27.9681,28.44203,23.60338
1787022414,27.70504,77.6791,90,0,,,,28.00177,28.47589,23.60338
1787022415,27.73175,77.71572,90,0,,,,27.9681,28.34043,23.67112
1787022416,27.80651,77.77829,90,0,,,,27.9681,28.40816,23.80618
1787022416,27.74777,77.68215,90,0,,,,27.9681,28.50976,23.50199
1787022417,27.76379,77.7554,90,0,,,,27.93403,28.47589,23.84025
1787022418,27.83322,77.80576,90,0,,,,27.9681,28.47589,23.60338
1787022418,27.7184,77.70199,90,0,,,,27.9681,28.57749,23.70478
1787022419,27.8893,77.81949,90,0,,,,27.9681,28.40816,23.60338
1787022420,27.66232,77.68826,90,0,,,,27.9681,28.40816,23.80618
1787022420,27.67567,77.72488,90,0,,,,27.9681,28.47589,23.70478
1787022421,27.73175,77.73861,90,0,,,,27.90037,28.34043,23.60338
1787022422,27.73175,77.66537,90,0,,,,27.9681,28.50976,23.77251
1787022422,27.81987,77.77982,90,0,,,,28.00177,28.40816,23.80618
1787022423,27.73175,77.86221,90,0,,,,27.93403,28.40816,23.53585
1787022424,27.7184,77.74624,90,0,,,,27.8665,28.50976,23.73865
1787022424,27.70504,77.76456,90,0,,,,28.00177,28.61136,23.77251
1787022425,27.7184,77.77829,90,0,,,,27.8665,28.44203,23.60338
1787022426,27.73175,77.73861,90,0,,,,27.9681,28.40816,23.80618
1787022426,27.77714,77.74776,90,0,,,,27.93403,28.34043,23.60338
1787022427,27.74777,77.85611,90,0,,,,27.90037,28.47589,23.53585
1787022428,27.68902,77.88358,90,0,,,,27.90037,28.3743,23.84025
1787022428,27.64897,77.69741,90,0,,,,28.00177,28.3743,23.56952
1787022429,27.86259,77.75998,90,0,,,,28.00177,28.3743,23.63725
1787022430,27.63294,77.72488,90,0,,,,28.00177,28.50976,23.67112
1787022430,27.74777,77.76456,90,0,,,,27.93403,28.40816,23.77251
1787022431,27.80651,77.70199,90,0,,,,28.00177,28.44203,23.70478
1787022432,27.68902,77.70657,90,0,,,,28.00177,28.34043,23.67112
1787022432,27.74777,77.65011,90,0,,,,27.90037,28.44203,23.63725
1787022433,27.76379,77.66384,90,0,,,,27.93403,28.40816,23.73865
1787022434,27.84657,77.73403,90,0,,,,27.93403,28.44203,23.67112
1787022434,27.73175,77.69588,90,0,,,,28.03563,28.34043,23.73865
1787022435,27.76379,77.76608,90,0,,,,27.93403,28.47589,23.73865
1787022436,27.7184,77.7142,90,0,,,,27.9681,28.47589,23.63725
1787022436,27.74777,77.85611,90,0,,,,27.9681,28.44203,23.63725
1787022437,27.70504,77.62875,90,0,,,,27.9681,28.34043,23.70478
1787022438,27.79049,77.62722,90,0,,,,27.9681,28.44203,23.70478
1787022438,27.81987,77.71572,90,0,,,,27.9681,28.40816,23.63725
1787022439,27.64897,77.75998,90,0,,,,28.00177,28.40816,23.80618
1787022440,27.70504,77.61806,90,0,,,,27.9681,28.54363,23.80618
1787022440,27.74777,77.82559,90,0,,,,27.9681,28.47589,23.84025
1787022441,27.76379,77.70199,90,0,,,,28.00177,28.50976,23.73865
1787022442,27.74777,77.79355,90,0,,,,27.93403,28.34043,23.70478
1787022442,27.70504,77.5967,90,0,,,,28.00177,28.40816,23.63725
1787022443,27.70504,77.65011,90,0,,,,27.9681,28.50976,23.60338
1787022444,27.81987,77.64553,90,0,,,,27.9681,28.3743,23.70478
1787022444,27.74777,77.75235,90,0,,,,27.8665,28.50976,23.70478
1787022445,27.70504,77.71114,90,0,,,,27.9681,28.30656,23.70478
1787022446,27.70504,77.66994,90,0,,,,28.00177,28.34043,23.73865
1787022446,27.68902,77.65621,90,0,,,,27.9681,28.61136,23.60338
1787022447,27.76379,77.64248,90,0,,,,28.00177,28.50976,23.84025
1787022448,27.76379,77.56771,90,0,,,,27.93403,28.54363,23.70478
1787022448,27.73175,77.72793,90,0,,,,27.93403,28.3743,23.80618
1787022449,27.79049,77.77371,90,0,,,,28.00177,28.50976,23.67112
1787022450,27.68902,77.66537,90,0,,,,27.90037,28.54363,23.70478
1787022450,27.80651,77.7142,90,0,,,,28.00177,28.40816,23.56952
1787022451,27.77714,77.67757,90,0,,,,27.93403,28.44203,23.70478
1787022451,27.77714,77.68673,90,0,,,,27.9681,28.3743,23.63725
1787022452,27.70504,77.68826,90,0,,,,27.93403,28.3743,23.67112
1787022453,27.7184,77.83017,90,0,,,,28.00177,28.50976,23.67112
1787022453,27.76379,77.76608,90,0,,,,27.8665,28.44203,23.70478
1787022454,27.67567,77.61044,90,0,,,,27.9681,28.47589,23.67112
1787022455,27.74777,77.65926,90,0,,,,27.90037,28.3743,23.67112
1787022455,27.80651,77.81949,90,0,,,,27.93403,28.30656,23.67112
1787022456,27.74777,77.68826,90,0,,,,27.9681,28.3743,23.63725
1787022457,27.73175,77.73861,90,0,,,,27.9681,28.50976,23.67112
1787022457,27.7184,77.66384,90,0,,,,27.9681,28.47589,23.70478
1787022458,27.80651,77.65163,90,0,,,,27.9681,28.3743,23.67112
1787022459,27.79049,77.77371,90,0,,,,27.9681,28.40816,23.77251
1787022459,27.80651,77.70199,90,0,,,,27.90037,28.54363,23.63725
1787022460,27.74777,77.71114,90,0,,,,27.93403,28.3743,23.80618
1787022461,27.76379,77.66384,90,0,,,,27.93403,28.57749,23.67112
1787022461,27.70504,77.65926,90,0,,,,27.93403,28.44203,23.67112
1787022462,27.79049,77.66994,90,0,,,,27.90037,28.40816,23.63725
1787022463,27.66232,77.7203,90,0,,,,27.9681,28.50976,23.63725
1787022463,27.68902,77.60433,90,0,,,,28.00177,28.50976,23.60338
1787022464,27.73175,77.72793,90,0,,,,27.9681,28.3743,23.73865
1787022465,27.7184,77.61044,90,0,,,,27.9681,28.50976,23.70478
1787022465,27.74777,77.70046,90,0,,,,28.03563,28.40816,23.63725
1787022466,27.77714,77.71572,90,0,,,,27.9681,28.44203,23.67112
1787022467,27.79049,77.72945,90,0,,,,28.00177,28.50976,23.70478
1787022467,27.70504,77.76456,90,0,,,,27.8665,28.54363,23.63725
1787022468,27.73175,77.72793,90,0,,,,27.9681,28.54363,23.70478
1787022469,27.73175,77.67757,90,0,,,,27.93403,28.50976,23.70478
1787022469,27.73175,77.69588,90,0,,,,27.93403,28.2727,23.67112
1787022470,27.76379,77.70199,90,0,,,,27.8665,28.50976,23.56952
1787022471,27.74777,77.65926,90,0,,,,28.0697,28.54363,23.67112
1787022471,27.80651,77.6318,90,0,,,,27.90037,28.50976,23.63725
1787022472,27.57687,77.84695,90,0,,,,27.9681,28.47589,23.63725
1787022473,27.73175,77.75998,90,0,,,,27.9681,28.44203,23.50199
1787022473,27.79049,77.62722,90,0,,,,27.8665,28.44203,23.70478
1787022474,27.80651,77.73403,90,0,,,,28.0697,28.3743,23.70478
1787022475,27.81987,77.68673,90,0,,,,28.00177,28.50976,23.67112
1787022475,27.79049,77.66994,90,0,,,,28.00177,28.47589,23.73865
1787022476,27.70504,77.71114,90,0,,,,28.00177,28.3743,23.67112
1787022477,27.73175,77.61349,90,0,,,,27.93403,28.44203,23.67112
1787022477,27.70504,77.6791,90,0,,,,27.93403,28.44203,23.60338
1787022478,27.86259,77.69741,90,0,,,,27.93403,28.44203,23.70478
1787022479,27.80651,77.7142,90,0,,,,27.90037,28.40816,23.63725
1787022479,27.66232,77.5967,90,0,,,,28.00177,28.47589,23.56952
1787022480,27.76379,77.57839,90,0,,,,27.93403,28.47589,23.63725
1787022481,27.79049,77.6791,90,0,,,,27.90037,28.54363,23.73865
1787022481,27.77714,77.66537,90,0,,,,27.9681,28.40816,23.70478
1787022482,27.81987,77.67757,90,0,,,,28.00177,28.47589,23.56952
1787022483,27.74777,77.70046,90,0,,,,28.00177,28.64523,23.70478
1787022483,27.80651,77.70199,90,0,,,,27.93403,28.44203,23.73865
1787022484,27.73175,77.59212,90,0,,,,27.9681,28.2727,23.70478
1787022485,27.73175,77.58144,90,0,,,,27.90037,28.40816,23.67112
1787022485,27.81987,77.68673,90,0,,,,27.93403,28.47589,23.73865
1787022486,27.84657,77.72335,90,0,,,,27.93403,28.44203,23.63725
1787022486,27.74777,77.5967,90,0,,,,28.00177,28.44203,23.67112
1787022487,27.7184,77.79813,90,0,,,,27.93403,28.3743,23.70478
1787022488,27.74777,77.61806,90,0,,,,28.03563,28.40816,23.70478
1787022488,27.79049,77.70962,90,0,,,,27.9681,28.44203,23.63725
1787022489,27.80651,77.5906,90,0,,,,27.93403,28.54363,23.63725
1787022490,27.7184,77.73403,90,0,,,,27.9681,28.57749,23.84025
1787022490,27.73175,77.63332,90,0,,,,28.00177,28.3743,23.70478
1787022491,27.86259,77.69741,90,0,,,,27.8665,28.3743,23.67112
1787022492,27.68902,77.64553,90,0,,,,28.03563,28.44203,23.73865
1787022492,27.73175,77.68673,90,0,,,,27.9681,28.3743,23.56952
1787022493,27.76379,77.68368,90,0,,,,27.9681,28.44203,23.60338
1787022494,27.70504,77.74166,90,0,,,,28.00177,28.40816,23.73865
1787022494,27.68902,77.61349,90,0,,,,27.9681,28.54363,23.70478
1787022495,27.74777,77.68215,90,0,,,,27.93403,28.44203,23.67112
1787022496,27.7184,77.69283,90,0,,,,27.93403,28.50976,23.60338
1787022496,27.77714,77.70657,90,0,,,,27.90037,28.44203,23.70478
1787022497,27.81987,77.74776,90,0,,,,28.00177,28.40816,23.84025
1787022498,27.7184,77.53719,90,0,,,,28.00177,28.34043,23.63725
1787022498,27.81987,77.59212,90,0,,,,27.93403,28.3743,23.80618
1787022499,27.84657,77.68368,90,0,,,,28.00177,28.47589,23.67112
1787022500,27.79049,77.80576,90,0,,,,27.9681,28.50976,23.63725
1787022500,27.77714,77.64553,90,0,,,,27.90037,28.54363,23.63725
1787022501,27.79049,77.70962,90,0,,,,27.93403,28.44203,23.73865
1787022502,27.74777,77.68826,90,0,,,,27.90037,28.3743,23.77251
1787022502,27.83322,77.65926,90,0,,,,27.9681,28.47589,23.53585
1787022503,27.77714,77.80118,90,0,,,,27.93403,28.44203,23.63725
1787022504,27.80651,77.61959,90,0,,,,27.90037,28.40816,23.50199
1787022504,27.79049,77.6379,90,0,,,,27.93403,28.3743,23.56952
1787022505,27.76379,77.70199,90,0,,,,27.90037,28.54363,23.70478
1787022506,27.83322,77.60586,90,0,,,,27.93403,28.40816,23.53585
1787022506,27.77714,77.71572,90,0,,,,27.90037,28.54363,23.63725
1787022507,27.73175,77.68673,90,0,,,,27.8665,28.50976,23.63725
1787022508,27.76379,77.61959,90,0,,,,27.93403,28.40816,23.73865
1787022508,27.74777,77.71114,90,0,,,,27.9681,28.50976,23.70478
1787022509,27.68902,77.68673,90,0,,,,27.90037,28.44203,23.73865
1787022510,27.77714,77.70657,90,0,,,,28.00177,28.3743,23.60338
1787022510,27.76379,77.6318,90,0,,,,27.93403,28.47589,23.63725
1787022511,27.83322,77.80576,90,0,,,,28.0697,28.50976,23.80618
1787022512,27.76379,77.68368,90,0,,,,27.93403,28.44203,23.84025
1787022512,27.77714,77.39376,90,0,,,,27.9681,28.44203,23.80618
1787022513,27.86259,77.69741,90,0,,,,27.8665,28.44203,23.80618
1787022514,27.76379,77.83932,90,0,,,,28.0697,28.40816,23.67112
1787022514,27.81987,77.69741,90,0,,,,27.90037,28.3743,23.77251
1787022515,27.79049,77.66994,90,0,,,,27.93403,28.2727,23.84025
1787022516,27.80651,77.79813,90,0,,,,27.93403,28.57749,23.63725
1787022516,27.74777,77.66994,90,0,,,,27.93403,28.40816,23.63725
1787022517,27.7184,77.7142,90,0,,,,27.90037,28.40816,23.70478
1787022518,27.76379,77.61959,90,0,,,,28.03563,28.44203,23.70478
1787022518,27.73175,77.57229,90,0,,,,27.90037,28.40816,23.70478
1787022519,27.79049,77.72945,90,0,,,,27.93403,28.44203,23.70478
1787022520,27.81987,77.69741,90,0,,,,27.93403,28.30656,23.60338
1787022520,27.87594,77.77371,90,0,,,,27.9681,28.50976,23.73865
1787022521,27.79049,77.6379,90,0,,,,27.90037,28.44203,23.60338
1787022522,27.77714,77.72793,90,0,,,,27.9681,28.50976,23.70478
1787022522,27.68902,77.54025,90,0,,,,28.03563,28.47589,23.53585
1787022523,27.76379,77.73403,90,0,,,,27.83244,28.44203,23.56952
1787022523,27.67567,77.69283,90,0,,,,27.90037,28.54363,23.60338
1787022524,27.73175,77.75998,90,0,,,,27.90037,28.40816,23.70478
1787022525,27.80651,77.61044,90,0,,,,27.93403,28.50976,23.77251
1787022525,27.77714,77.66537,90,0,,,,27.90037,28.34043,23.63725
1787022526,27.77714,77.66537,90,0,,,,28.00177,28.44203,23.73865
1787022527,27.74777,77.68215,90,0,,,,27.90037,28.44203,23.63725
1787022527,27.79049,77.7203,90,0,,,,28.00177,28.54363,23.63725
1787022528,27.74777,77.6379,90,0,,,,27.90037,28.3743,23.63725
1787022529,27.76379,77.6318,90,0,,,,28.00177,28.54363,23.63725
1787022529,27.77714,77.67757,90,0,,,,27.90037,28.44203,23.63725
1787022530,27.74777,77.7203,90,0,,,,28.03563,28.40816,23.67112
1787022531,27.66232,77.6379,90,0,,,,28.00177,28.40816,23.77251
1787022531,27.73175,77.66537,90,0,,,,27.9681,28.61136,23.67112
1787022532,27.79049,77.74166,90,0,,,,27.93403,28.50976,23.46812
1787022533,27.79049,77.64706,90,0,,,,28.03563,28.54363,23.63725
1787022533,27.68902,77.72793,90,0,,,,27.93403,28.47589,23.63725
1787022534,27.73175,77.74776,90,0,,,,28.00177,28.54363,23.73865
1787022535,27.73175,77.63332,90,0,,,,28.00177,28.3743,23.63725
1787022535,27.81987,77.74776,90,0,,,,27.93403,28.44203,23.53585
1787022536,27.7184,77.69283,90,0,,,,28.00177,28.47589,23.73865
1787022537,27.73175,77.63332,90,0,,,,27.93403,28.44203,23.67112
1787022537,27.80651,77.69588,90,0,,,,27.93403,28.54363,23.77251
1787022538,27.67567,77.59975,90,0,,,,27.9681,28.40816,23.63725
1787022539,27.79049,77.69131,90,0,,,,27.90037,28.47589,23.84025
1787022539,27.77714,77.76913,90,0,,,,27.93403,28.44203,23.73865
1787022540,27.76379,77.6318,90,0,,,,28.00177,28.40816,23.77251
1787022541,27.67567,77.61959,90,0,,,,28.00177,28.50976,23.70478
1787022541,27.77714,77.62417,90,0,,,,27.93403,28.54363,23.43446
1787022542,27.66232,77.74166,90,0,,,,27.8665,28.34043,23.67112
1787022543,27.7184,77.68215,90,0,,,,28.00177,28.64523,23.70478
1787022543,27.73175,77.74776,90,0,,,,27.9681,28.40816,23.60338
1787022544,27.70504,77.66994,90,0,,,,28.03563,28.34043,23.87391
1787022545,27.74777,77.68215,90,0,,,,27.9681,28.47589,23.67112
1787022545,27.80651,77.69588,90,0,,,,27.9681,28.34043,23.63725
1787022546,27.81987,77.69741,90,0,,,,27.90037,28.44203,23.73865
1787022547,27.79049,77.59518,90,0,,,,28.03563,28.34043,23.73865
1787022547,27.83322,77.72945,90,0,,,,27.9681,28.40816,23.63725
1787022548,27.68902,77.70657,90,0,,,,27.90037,28.44203,23.80618
1787022549,27.79049,77.61806,90,0,,,,27.93403,28.34043,23.70478
1787022549,27.73175,77.70657,90,0,,,,27.90037,28.44203,23.63725
1787022550,27.80651,77.66384,90,0,,,,28.00177,28.50976,23.63725
1787022551,27.80651,77.81949,90,0,,,,28.0697,28.47589,23.63725
1787022551,27.77714,77.74776,90,0,,,,27.93403,28.47589,23.77251
1787022552,27.73175,77.68673,90,0,,,,27.93403,28.44203,23.77251
1787022553,27.73175,77.67757,90,0,,,,28.00177,28.61136,23.77251
1787022553,27.67567,77.70199,90,0,,,,28.00177,28.54363,23.63725
1787022554,27.73175,77.69588,90,0,,,,27.93403,28.40816,23.70478
1787022555,27.70504,77.62875,90,0,,,,27.90037,28.3743,23.77251
1787022555,27.70504,77.76456,90,0,,,,27.9681,28.47589,23.70478
1787022556,27.77714,77.69588,90,0,,,,27.90037,28.47589,23.67112
1787022557,27.80651,77.74624,90,0,,,,27.8665,28.50976,23.60338
1787022557,27.70504,77.71114,90,0,,,,27.93403,28.44203,23.77251
1787022558,27.76379,77.69283,90,0,,,,27.93403,28.44203,23.63725
1787022558,27.73175,77.76913,90,0,,,,27.90037,28.3743,23.73865
1787022559,27.77714,77.72793,90,0,,,,28.03563,28.34043,23.73865
1787022560,27.77714,77.87442,90,0,,,,27.9681,28.3743,23.73865
1787022560,27.86259,77.70962,90,0,,,,27.93403,28.54363,23.77251
1787022561,27.7184,77.73403,90,0,,,,27.8665,28.40816,23.70478
1787022562,27.76379,77.74624,90,0,,,,27.90037,28.44203,23.73865
1787022562,27.77714,77.70657,90,0,,,,27.90037,28.40816,23.73865
1787022563,27.74777,77.74166,90,0,,,,28.00177,28.44203,23.67112
1787022564,27.67567,77.64248,90,0,,,,28.0697,28.54363,23.56952
1787022564,27.79049,77.74166,90,0,,,,28.03563,28.57749,23.77251
1787022565,27.76379,77.69283,90,0,,,,28.00177,28.3743,23.70478
1787022566,27.79049,77.77371,90,0,,,,27.9681,28.40816,23.80618
1787022566,27.7184,77.68215,90,0,,,,28.00177,28.54363,23.50199
1787022567,27.77714,77.72793,90,0,,,,27.93403,28.40816,23.77251
1787022568,27.74777,77.65011,90,0,,,,27.93403,28.47589,23.60338
1787022568,27.77714,77.68673,90,0,,,,27.9681,28.34043,23.67112
1787022569,27.74777,77.76456,90,0,,,,27.9681,28.47589,23.56952
1787022570,27.70504,77.61806,90,0,,,,28.00177,28.44203,23.73865
1787022570,27.77714,77.68673,90,0,,,,28.00177,28.44203,23.77251
1787022571,27.81987,77.81186,90,0,,,,27.93403,28.30656,23.63725
1787022572,27.74777,77.71114,90,0,,,,27.8665,28.50976,23.53585
1787022572,27.77714,77.61349,90,0,,,,28.03563,28.50976,23.77251
1787022573,27.74777,77.66994,90,0,,,,27.93403,28.57749,23.67112
1787022574,27.73175,77.74776,90,0,,,,27.93403,28.50976,23.53585
1787022574,27.77714,77.65621,90,0,,,,27.9681,28.44203,23.56952
1787022575,27.77714,77.63332,90,0,,,,28.03563,28.47589,23.67112
1787022576,27.73175,77.65621,90,0,,,,27.9681,28.61136,23.70478
1787022576,27.76379,77.72488,90,0,,,,27.93403,28.44203,23.77251
1787022577,27.81987,77.79202,90,0,,,,28.00177,28.3743,23.63725
1787022578,27.76379,77.66384,90,0,,,,27.93403,28.30656,23.67112
1787022578,27.66232,77.66842,90,0,,,,27.9681,28.34043,23.73865
1787022579,27.83322,77.70962,90,0,,,,28.00177,28.40816,23.70478
1787022580,27.67567,77.72488,90,0,,,,27.90037,28.50976,23.60338
1787022580,27.73175,77.70657,90,0,,,,27.9681,28.40816,23.60338
1787022581,27.84657,77.72335,90,0,,,,27.90037,28.50976,23.56952
1787022582,27.74777,77.65926,90,0,,,,28.00177,28.23883,23.67112
1787022582,27.7184,77.7554,90,0,,,,28.03563,28.30656,23.63725
1787022583,27.81987,77.58144,90,0,,,,27.9681,28.40816,23.63725
1787022584,27.77714,77.59212,90,0,,,,27.9681,28.54363,23.70478
1787022584,27.74777,77.6379,90,0,,,,27.8665,28.50976,23.73865
1787022585,27.70504,77.65926,90,0,,,,27.9681,28.3743,23.56952
1787022586,27.77714,77.68673,90,0,,,,27.9681,28.44203,23.63725
1787022586,27.79049,77.59518,90,0,,,,28.00177,28.40816,23.63725
1787022587,27.73175,77.61349,90,0,,,,27.9681,28.54363,23.67112
1787022588,27.87594,77.72945,90,0,,,,28.00177,28.47589,23.53585
1787022588,27.70504,77.70046,90,0,,,,27.93403,28.44203,23.60338
1787022589,27.86259,77.58144,90,0,,,,27.8665,28.44203,23.60338
1787022590,27.7184,77.64248,90,0,,,,27.93403,28.44203,23.63725
1787022590,27.73175,77.65621,90,0,,,,27.9681,28.61136,23.53585
1787022591,27.77714,77.71572,90,0,,,,27.9681,28.44203,23.56952
1787022592,27.81987,77.90341,90,0,,,,27.90037,28.3743,23.70478
1787022592,27.73175,77.60433,90,0,,,,28.00177,28.50976,23.80618
1787022593,27.76379,77.59975,90,0,,,,27.93403,28.47589,23.63725
1787022593,27.79049,77.70962,90,0,,,,27.9681,28.47589,23.67112
1787022594,27.67567,77.68215,90,0,,,,28.03563,28.50976,23.80618
1787022595,27.77714,77.62417,90,0,,,,27.8665,28.34043,23.70478
1787022595,27.66232,77.53262,90,0,,,,27.83244,28.34043,23.67112
1787022596,27.76379,77.69283,90,0,,,,27.9681,28.40816,23.56952
1787022597,27.73175,77.71572,90,0,,,,28.00177,28.34043,23.77251
1787022597,27.7184,77.61044,90,0,,,,27.8665,28.44203,23.70478
1787022598,27.74777,77.68215,90,0,,,,28.00177,28.40816,23.80618
1787022599,27.66232,77.53262,90,0,,,,27.93403,28.34043,23.53585
1787022599,27.7184,77.70199,90,0,,,,28.03563,28.44203,23.70478
1787022600,27.76379,77.61959,90,0,,,,27.93403,28.44203,23.94144
1787022601,27.80651,77.69588,90,0,,,,27.9681,28.3743,23.73865
1787022601,27.77714,77.86221,90,0,,,,27.93403,28.47589,23.73865
1787022602,27.67567,77.64248,90,0,,,,28.00177,28.3743,23.56952
1787022603,27.80651,77.5906,90,0,,,,27.93403,28.47589,23.67112
1787022603,27.76379,77.64248,90,0,,,,27.9681,28.50976,23.60338
1787022604,27.68902,77.54025,90,0,,,,27.9681,28.47589,23.56952
1787022605,27.64897,77.69741,90,0,,,,27.9681,28.61136,23.73865
1787022605,27.79049,77.72945,90,0,,,,28.03563,28.3743,23.73865
1787022606,27.7184,77.61959,90,0,,,,27.9681,28.3743,23.63725
1787022607,27.76379,77.7142,90,0,,,,27.9681,28.40816,23.53585
1787022607,27.80651,77.66384,90,0,,,,28.00177,28.3743,23.70478
1787022608,27.87594,77.6791,90,0,,,,27.9681,28.34043,23.73865
1787022609,27.70504,77.65926,90,0,,,,28.00177,28.44203,23.70478
1787022609,27.77714,77.65621,90,0,,,,27.9681,28.40816,23.63725
1787022610,27.77714,77.54025,90,0,,,,27.93403,28.40816,23.67112
1787022611,27.70504,77.77371,90,0,,,,27.83244,28.50976,23.84025
1787022611,27.80651,77.7142,90,0,,,,28.00177,28.30656,23.70478
1787022612,27.76379,77.69283,90,0,,,,27.9681,28.47589,23.73865
1787022613,27.70504,77.73251,90,0,,,,28.00177,28.50976,23.77251
1787022613,27.74777,77.68215,90,0,,,,27.90037,28.44203,23.77251
1787022614,27.70504,77.70046,90,0,,,,28.00177,28.40816,23.80618
1787022615,27.76379,77.61959,90,0,,,,27.90037,28.54363,23.70478
1787022615,27.76379,77.61959,90,0,,,,27.93403,28.54363,23.63725
1787022616,27.77714,77.69588,90,0,,,,28.00177,28.54363,23.67112
1787022617,27.79049,77.69131,90,0,,,,27.9681,28.47589,23.67112
1787022617,27.74777,77.6379,90,0,,,,27.90037,28.50976,23.70478
1787022618,27.73175,77.63332,90,0,,,,27.93403,28.3743,23.70478
1787022619,27.76379,77.68368,90,0,,,,27.9681,28.50976,23.53585
1787022619,27.73175,77.76913,90,0,,,,27.90037,28.47589,23.50199
1787022620,27.68902,77.68673,90,0,,,,27.79877,28.50976,23.53585
1787022621,27.79049,77.64706,90,0,,,,27.9681,28.47589,23.63725
1787022621,27.74777,77.70046,90,0,,,,28.0697,28.40816,23.73865
1787022622,27.84657,77.72335,90,0,,,,28.00177,28.54363,23.67112
1787022623,27.73175,77.69588,90,0,,,,27.93403,28.54363,23.73865
1787022623,27.80651,77.70199,90,0,,,,28.00177,28.47589,23.63725
1787022624,27.77714,77.62417,90,0,,,,28.03563,28.61136,23.67112
1787022625,27.79049,77.64706,90,0,,,,27.93403,28.44203,23.50199
1787022625,27.80651,77.72488,90,0,,,,27.93403,28.44203,23.63725
1787022626,27.83322,77.6791,90,0,,,,28.03563,28.40816,23.56952
1787022627,27.74777,77.75235,90,0,,,,27.90037,28.50976,23.67112
1787022627,27.7184,77.673,90,0,,,,27.90037,28.34043,23.73865
1787022628,27.81987,77.63332,90,0,,,,27.9681,28.34043,23.63725
1787022629,27.81987,77.59212,90,0,,,,28.03563,28.44203,23.70478
1787022629,27.77714,77.74776,90,0,,,,28.03563,28.3743,23.67112
1787022630,27.7184,77.61044,90,0,,,,28.00177,28.44203,23.56952
1787022631,27.74777,77.70046,90,0,,,,27.8665,28.54363,23.67112
1787022631,27.7184,77.7142,90,0,,,,27.93403,28.47589,23.70478
1787022632,27.79049,77.65926,90,0,,,,27.93403,28.40816,23.53585
1787022632,27.83322,77.66994,90,0,,,,27.9681,28.47589,23.53585
1787022633,27.68902,77.69588,90,0,,,,27.93403,28.44203,23.80618
1787022634,27.73175,77.64553,90,0,,,,27.9681,28.47589,23.80618
1787022634,27.77714,77.74776,90,0,,,,27.93403,28.50976,23.63725
1787022635,27.76379,77.69283,90,0,,,,27.93403,28.47589,23.77251
1787022636,27.83322,77.7203,90,0,,,,27.9681,28.3743,23.73865
1787022636,27.74777,77.7203,90,0,,,,28.0697,28.44203,23.80618
1787022637,27.70504,77.66994,90,0,,,,27.90037,28.20496,23.70478
1787022638,27.74777,77.75235,90,0,,,,28.00177,28.2727,23.63725
1787022638,27.74777,77.65926,90,0,,,,27.9681,28.54363,23.60338
1787022639,27.81987,77.70657,90,0,,,,28.00177,28.3743,23.53585
1787022640,27.81987,77.71572,90,0,,,,27.93403,28.40816,23.84025
1787022640,27.7184,77.76608,90,0,,,,27.93403,28.54363,23.67112
1787022641,27.67567,77.73403,90,0,,,,28.00177,28.40816,23.73865
1787022642,27.83322,77.66994,90,0,,,,28.00177,28.50976,23.63725
1787022642,27.83322,77.65926,90,0,,,,27.93403,28.3743,23.63725
1787022643,27.74777,77.56466,90,0,,,,28.00177,28.44203,23.90778
1787022644,27.76379,77.61044,90,0,,,,28.00177,28.3743,23.70478
1787022644,27.68902,77.63332,90,0,,,,27.93403,28.61136,23.60338
1787022645,27.77714,77.70657,90,0,,,,28.00177,28.30656,23.73865
1787022646,27.73175,77.68673,90,0,,,,27.8665,28.40816,23.73865
1787022646,27.7184,77.61959,90,0,,,,28.00177,28.61136,23.67112
1787022647,27.76379,77.76608,90,0,,,,28.13723,28.34043,23.67112
1787022648,27.76379,77.61044,90,0,,,,28.03563,28.54363,23.70478
1787022648,27.7184,77.69283,90,0,,,,28.03563,28.47589,23.77251
1787022649,27.74777,77.68826,90,0,,,,28.03563,28.57749,23.56952
1787022650,27.76379,77.59975,90,0,,,,27.9681,28.40816,23.60338
1787022650,27.76379,77.74624,90,0,,,,28.03563,28.34043,23.56952
1787022651,27.67567,77.72488,90,0,,,,28.03563,28.44203,23.67112
1787022652,27.74777,77.68215,90,0,,,,28.00177,28.34043,23.60338
1787022652,27.70504,77.51431,90,0,,,,27.8665,28.54363,23.73865
1787022653,27.73175,77.65621,90,0,,,,27.90037,28.54363,23.63725
1787022654,27.81987,77.67757,90,0,,,,27.9681,28.34043,23.63725
1787022654,27.77714,77.56008,90,0,,,,27.9681,28.57749,23.53585
1787022655,27.68902,77.55093,90,0,,,,27.90037,28.40816,23.56952
1787022656,27.7184,77.59975,90,0,,,,27.8665,28.50976,23.56952
1787022656,27.70504,77.68826,90,0,,,,28.0697,28.54363,23.63725
1787022657,27.74777,77.60586,90,0,,,,28.03563,28.54363,23.80618
1787022658,27.74777,77.56466,90,0,,,,27.9681,28.44203,23.70478
1787022658,27.73175,77.52804,90,0,,,,27.93403,28.47589,23.60338
1787022659,27.76379,77.84848,90,0,,,,28.00177,28.40816,23.77251
1787022660,27.81987,77.67757,90,0,,,,27.9681,28.40816,23.63725
1787022660,27.7184,77.65163,90,0,,,,28.03563,28.3743,23.63725
1787022661,27.73175,77.67757,90,0,,,,27.93403,28.34043,23.77251
1787022662,27.70504,77.58602,90,0,,,,28.00177,28.44203,23.73865
1787022662,27.68902,77.58144,90,0,,,,28.00177,28.47589,23.63725
1787022663,27.70504,77.57687,90,0,,,,27.83244,28.34043,23.87391
1787022664,27.76379,77.5906,90,0,,,,27.93403,28.40816,23.80618
1787022664,27.68902,77.58144,90,0,,,,27.8665,28.40816,23.70478
1787022665,27.73175,77.66537,90,0,,,,27.9681,28.3743,23.53585
1787022665,27.80651,77.68368,90,0,,,,27.93403,28.40816,23.77251
1787022666,27.76379,77.66384,90,0,,,,28.00177,28.64523,23.73865
1787022667,27.76379,77.61044,90,0,,,,28.03563,28.3743,23.73865
1787022667,27.74777,77.6379,90,0,,,,27.9681,28.40816,23.73865
1787022668,27.74777,77.54482,90,0,,,,28.03563,28.47589,23.63725
1787022669,27.74777,77.65011,90,0,,,,27.93403,28.50976,23.84025
1787022669,27.7184,77.64248,90,0,,,,27.9681,28.40816,23.70478
1787022670,27.74777,77.6379,90,0,,,,28.0697,28.34043,23.77251
1787022671,27.83322,77.76151,90,0,,,,28.00177,28.44203,23.60338
1787022671,27.79049,77.64706,90,0,,,,27.9681,28.44203,23.63725
1787022672,27.70504,77.7203,90,0,,,,28.00177,28.40816,23.90778
1787022673,27.80651,77.81949,90,0,,,,27.9681,28.44203,23.56952
1787022673,27.74777,77.75235,90,0,,,,28.00177,28.44203,23.63725
1787022674,27.70504,77.70046,90,0,,,,28.00177,28.40816,23.73865
1787022675,27.61959,77.78439,90,0,,,,28.00177,28.40816,23.73865
1787022675,27.64897,77.66537,90,0,,,,27.9681,28.30656,23.67112
1787022676,27.77714,77.72793,90,0,,,,27.9681,28.3743,23.90778
1787022677,27.80651,77.673,90,0,,,,27.9681,28.40816,23.60338
1787022677,27.80651,77.68368,90,0,,,,27.93403,28.44203,23.67112
1787022678,27.81987,77.74776,90,0,,,,27.90037,28.47589,23.90778
1787022679,27.74777,77.71114,90,0,,,,27.9681,28.3743,23.70478
1787022679,27.74777,77.7203,90,0,,,,27.9681,28.50976,23.87391
1787022680,27.7184,77.66384,90,0,,,,28.00177,28.54363,23.70478
1787022681,27.80651,77.673,90,0,,,,27.93403,28.50976,23.53585
1787022681,27.80651,77.66384,90,0,,,,27.9681,28.50976,23.60338
1787022682,27.70504,77.73251,90,0,,,,28.00177,28.50976,23.77251
1787022683,27.70504,77.61806,90,0,,,,27.90037,28.3743,23.56952
1787022683,27.67567,77.51431,90,0,,,,27.90037,28.47589,23.80618
1787022684,27.73175,77.61349,90,0,,,,27.90037,28.40816,23.77251
1787022685,27.83322,77.65926,90,0,,,,28.03563,28.50976,23.53585
1787022685,27.70504,77.65011,90,0,,,,27.9681,28.50976,23.80618
1787022686,27.7184,77.79813,90,0,,,,27.93403,28.47589,23.70478
1787022687,27.79049,77.70962,90,0,,,,28.03563,28.44203,23.70478
1787022687,27.81987,77.72793,90,0,,,,27.8665,28.54363,23.90778
1787022688,27.61959,77.6791,90,0,,,,27.9681,28.30656,23.63725
1787022689,27.74777,77.66994,90,0,,,,27.9681,28.47589,23.77251
1787022689,27.70504,77.6379,90,0,,,,27.9681,28.50976,23.63725
1787022690,27.74777,77.5967,90,0,,,,27.93403,28.47589,23.60338
1787022691,27.73175,77.58144,90,0,,,,27.9681,28.50976,23.63725
1787022691,27.73175,77.73861,90,0,,,,27.9681,28.50976,23.73865
1787022692,27.74777,77.60586,90,0,,,,27.93403,28.40816,23.56952
1787022693,27.79049,77.74166,90,0,,,,27.90037,28.40816,23.70478
1787022693,27.7184,77.70199,90,0,,,,27.9681,28.50976,23.70478
1787022694,27.7184,77.70199,90,0,,,,28.00177,28.50976,23.77251
1787022695,27.7184,77.90189,90,0,,,,28.00177,28.34043,23.50199
1787022695,27.70504,77.74166,90,0,,,,27.90037,28.30656,23.50199
1787022696,27.74777,77.61806,90,0,,,,28.00177,28.50976,23.77251
1787022697,27.77714,77.58144,90,0,,,,28.03563,28.50976,23.50199
1787022697,27.84657,77.65163,90,0,,,,27.9681,28.34043,23.70478
1787022698,27.74777,77.79355,90,0,,,,28.00177,28.44203,23.67112
1787022699,27.70504,77.77371,90,0,,,,28.00177,28.44203,23.63725
1787022699,27.70504,77.74166,90,0,,,,28.00177,28.44203,23.70478
1787022700,27.68902,77.70657,90,0,,,,28.03563,28.40816,23.73865
1787022701,27.79049,77.70962,90,0,,,,27.90037,28.40816,23.80618
1787022701,27.76379,77.72488,90,0,,,,27.8665,28.54363,23.63725
1787022702,27.7184,77.70199,90,0,,,,27.9681,28.47589,23.63725
1787022702,27.76379,77.91257,90,0,,,,27.93403,28.34043,23.73865
1787022703,27.70504,77.73251,90,0,,,,27.93403,28.47589,23.70478
1787022704,27.74777,77.76456,90,0,,,,27.93403,28.47589,23.63725
1787022704,27.83322,77.72945,90,0,,,,27.9681,28.40816,23.67112
1787022705,27.77714,77.82101,90,0,,,,28.03563,28.50976,23.60338
1787022706,27.66232,77.71114,90,0,,,,27.93403,28.54363,23.63725
1787022706,27.77714,77.77982,90,0,,,,27.93403,28.34043,23.77251
1787022707,27.77714,77.71572,90,0,,,,27.9681,28.50976,23.77251
1787022708,27.70504,77.62875,90,0,,,,27.90037,28.30656,23.67112
1787022708,27.77714,77.85153,90,0,,,,27.9681,28.30656,23.77251
1787022709,27.68902,77.60433,90,0,,,,28.0697,28.47589,23.67112
1787022710,27.7184,77.66384,90,0,,,,27.93403,28.54363,23.67112
1787022710,27.77714,77.67757,90,0,,,,28.00177,28.54363,23.73865
1787022711,27.81987,77.82101,90,0,,,,27.9681,28.3743,23.67112
1787022712,27.73175,77.73861,90,0,,,,27.93403,28.50976,23.53585
1787022712,27.68902,77.61349,90,0,,,,28.03563,28.50976,23.67112
1787022713,27.83322,77.75235,90,0,,,,27.90037,28.44203,23.60338
1787022714,27.81987,77.76913,90,0,,,,27.9681,28.47589,23.77251
1787022714,27.76379,77.70199,90,0,,,,27.90037,28.50976,23.67112
1787022715,27.74777,77.75235,90,0,,,,28.0697,28.54363,23.80618
1787022716,27.80651,77.7142,90,0,,,,27.90037,28.44203,23.73865
1787022716,27.80651,77.76608,90,0,,,,27.9681,28.47589,23.73865
1787022717,27.77714,77.63332,90,0,,,,27.9681,28.50976,23.60338
1787022718,27.77714,77.62417,90,0,,,,27.9681,28.57749,23.73865
1787022718,27.77714,77.72793,90,0,,,,27.9681,28.40816,23.67112
1787022719,27.68902,77.66537,90,0,,,,27.93403,28.50976,23.53585
1787022720,27.74777,77.65926,90,0,,,,28.00177,28.44203,23.73865
1787022721,27.74777,77.74166,90,0,,,,28.03563,28.44203,23.63725
1787022721,27.77714,77.64553,90,0,,,,27.93403,28.54363,23.77251
1787022722,27.79049,77.77371,90,0,,,,27.93403,28.44203,23.63725
1787022722,27.77714,77.70657,90,0,,,,28.00177,28.44203,23.46812
1787022723,27.79049,77.66994,90,0,,,,27.9681,28.40816,23.60338
1787022724,27.86259,77.68673,90,0,,,,28.00177,28.47589,23.67112
1787022724,27.74777,77.7203,90,0,,,,27.9681,28.40816,23.60338
1787022725,27.74777,77.73251,90,0,,,,27.9681,28.44203,23.67112
1787022726,27.80651,77.7142,90,0,,,,27.9681,28.47589,23.70478
1787022726,27.77714,77.73861,90,0,,,,27.9681,28.3743,23.70478
1787022727,27.70504,77.60586,90,0,,,,27.9681,28.61136,23.60338
1787022728,27.77714,77.75998,90,0,,,,27.9681,28.47589,23.63725
1787022728,27.80651,77.78745,90,0,,,,27.90037,28.40816,23.63725
1787022729,27.76379,77.73403,90,0,,,,28.00177,28.54363,23.70478
1787022730,27.70504,77.79355,90,0,,,,27.93403,28.40816,23.73865
1787022730,27.76379,77.77829,90,0,,,,27.93403,28.61136,23.84025
1787022731,27.68902,77.77982,90,0,,,,27.9681,28.3743,23.73865
1787022732,27.67567,77.7142,90,0,,,,28.03563,28.40816,23.56952
1787022732,27.79049,77.74166,90,0,,,,28.00177,28.34043,23.73865
1787022733,27.73175,77.80118,90,0,,,,28.03563,28.44203,23.63725
1787022734,27.73175,77.81186,90,0,,,,28.00177,28.54363,23.56952
1787022734,27.70504,77.75235,90,0,,,,27.9681,28.30656,23.67112
1787022735,27.74777,77.66994,90,0,,,,27.90037,28.47589,23.60338
1787022736,27.77714,77.91562,90,0,,,,28.0697,28.57749,23.77251
1787022736,27.79049,77.79355,90,0,,,,27.9681,28.40816,23.73865
1787022737,27.73175,77.76913,90,0,,,,28.0697,28.50976,23.60338
1787022737,27.70504,77.83475,90,0,,,,27.93403,28.47589,23.70478
1787022738,27.83322,77.74166,90,0,,,,27.93403,28.64523,23.77251
1787022739,27.77714,77.85153,90,0,,,,27.8665,28.50976,23.60338
1787022740,27.76379,77.56771,90,0,,,,28.0697,28.57749,23.53585
1787022740,27.7184,77.80728,90,0,,,,27.9681,28.44203,23.60338
1787022741,27.73175,77.70657,90,0,,,,27.93403,28.3743,23.63725
1787022741,27.73175,77.80118,90,0,,,,27.93403,28.44203,23.70478
1787022742,27.77714,77.79202,90,0,,,,27.90037,28.47589,23.67112
1787022743,27.81987,77.83322,90,0,,,,27.9681,28.57749,23.70478
1787022743,27.68902,77.68673,90,0,,,,27.93403,28.44203,23.84025
1787022744,27.67567,77.76608,90,0,,,,28.03563,28.47589,23.67112
1787022745,27.70504,77.76456,90,0,,,,27.9681,28.34043,23.80618
1787022745,27.67567,77.72488,90,0,,,,27.93403,28.61136,23.73865
1787022746,27.73175,77.62417,90,0,,,,27.9681,28.44203,23.70478
1787022747,27.76379,77.80728,90,0,,,,28.00177,28.30656,23.50199
1787022747,27.68902,77.72793,90,0,,,,27.9681,28.50976,23.56952
1787022748,27.80651,77.78745,90,0,,,,27.90037,28.44203,23.70478
1787022749,27.80651,77.73403,90,0,,,,28.03563,28.34043,23.56952
1787022749,27.73175,77.69588,90,0,,,,27.8665,28.50976,23.60338
1787022750,27.76379,77.73403,90,0,,,,28.03563,28.20496,23.50199
1787022751,27.73175,77.84238,90,0,,,,28.00177,28.44203,23.63725
1787022751,27.7184,77.96597,90,0,,,,27.9681,28.50976,23.63725
1787022752,27.80651,77.79813,90,0,,,,28.00177,28.40816,23.84025
1787022753,27.70504,77.70046,90,0,,,,27.90037,28.47589,23.73865
1787022753,27.80651,77.7554,90,0,,,,28.03563,28.30656,23.67112
1787022754,27.7184,77.79813,90,0,,,,27.93403,28.47589,23.50199
1787022755,27.67567,77.74624,90,0,,,,27.93403,28.40816,23.70478
1787022755,27.76379,77.7554,90,0,,,,28.00177,28.3743,23.73865
1787022756,27.74777,77.82559,90,0,,,,28.00177,28.57749,23.67112
1787022757,27.7184,77.69283,90,0,,,,28.03563,28.54363,23.73865
1787022757,27.7184,77.66384,90,0,,,,27.8665,28.40816,23.60338
1787022758,27.81987,77.79202,90,0,,,,27.93403,28.47589,23.53585
1787022759,27.74777,77.74166,90,0,,,,28.03563,28.40816,23.73865
1787022759,27.74777,77.75235,90,0,,,,27.9681,28.57749,23.70478
1787022760,27.77714,77.85153,90,0,,,,28.00177,28.40816,23.63725
1787022761,27.79049,77.79355,90,0,,,,28.00177,28.23883,23.80618
1787022761,27.73175,77.82101,90,0,,,,27.9681,28.47589,23.63725
1787022762,27.76379,77.74624,90,0,,,,28.00177,28.3743,23.73865
1787022763,27.68902,77.72793,90,0,,,,28.03563,28.3743,23.73865
1787022763,27.7184,77.72488,90,0,,,,27.9681,28.44203,23.56952
1787022764,27.76379,77.78745,90,0,,,,28.03563,28.3743,23.60338
1787022765,27.79049,77.78287,90,0,,,,28.00177,28.40816,23.70478
1787022765,27.7184,77.7554,90,0,,,,28.00177,28.44203,23.46812
1787022766,27.76379,77.80728,90,0,,,,28.03563,28.54363,23.53585
1787022767,27.80651,77.86069,90,0,,,,27.93403,28.47589,23.60338
1787022767,27.64897,77.75082,90,0,,,,27.9681,28.47589,23.73865
1787022768,27.74777,77.8378,90,0,,,,28.03563,28.44203,23.77251
1787022769,27.79049,77.79355,90,0,,,,27.9681,28.44203,23.63725
1787022769,27.70504,77.76456,90,0,,,,27.93403,28.61136,23.67112
1787022770,27.73175,77.74776,90,0,,,,27.9681,28.54363,23.50199
1787022771,27.70504,77.73251,90,0,,,,27.83244,28.50976,23.73865
1787022771,27.7184,77.77829,90,0,,,,28.00177,28.40816,23.70478
1787022772,27.79049,77.75235,90,0,,,,27.93403,28.2727,23.84025
1787022773,27.76379,77.83932,90,0,,,,27.9681,28.50976,23.60338
1787022773,27.81987,77.75998,90,0,,,,27.9681,28.44203,23.77251
1787022774,27.77714,77.86221,90,0,,,,27.93403,28.47589,23.77251
1787022774,27.70504,77.68826,90,0,,,,27.93403,28.57749,23.50199
1787022775,27.79049,77.84695,90,0,,,,27.9681,28.34043,23.60338
1787022776,27.76379,77.79813,90,0,,,,27.9681,28.40816,23.87391
1787022776,27.7184,77.79813,90,0,,,,28.00177,28.30656,23.84025
1787022777,27.70504,77.92935,90,0,,,,27.90037,28.54363,23.73865
1787022778,27.76379,77.80728,90,0,,,,28.03563,28.47589,23.67112
1787022778,27.67567,77.76608,90,0,,,,27.93403,28.47589,23.70478
1787022779,27.68902,77.77982,90,0,,,,28.00177,28.40816,23.67112
1787022780,27.79049,77.80576,90,0,,,,28.03563,28.44203,23.63725
1787022780,27.83322,77.72945,90,0,,,,27.9681,28.57749,23.73865
1787022781,27.66232,77.81644,90,0,,,,28.03563,28.47589,23.70478
1787022782,27.79049,77.72945,90,0,,,,28.03563,28.54363,23.60338
1787022782,27.70504,77.88815,90,0,,,,27.90037,28.40816,23.70478
1787022783,27.67567,77.73403,90,0,,,,27.93403,28.44203,23.77251
1787022784,27.79049,77.80576,90,0,,,,27.9681,28.3743,23.53585
1787022784,27.77714,77.85153,90,0,,,,28.00177,28.40816,23.67112
1787022785,27.68902,77.75998,90,0,,,,27.93403,28.34043,23.60338
1787022786,27.76379,77.78745,90,0,,,,28.03563,28.47589,23.67112
1787022786,27.74777,77.77371,90,0,,,,28.00177,28.54363,23.73865
1787022787,27.70504,77.73251,90,0,,,,28.00177,28.34043,23.67112
1787022788,27.79049,77.76151,90,0,,,,27.90037,28.44203,23.63725
1787022788,27.74777,77.85611,90,0,,,,27.90037,28.54363,23.80618
1787022789,27.7184,77.80728,90,0,,,,27.9681,28.44203,23.73865
1787022790,27.77714,77.8439,90,0,,,,27.9681,28.57749,23.77251
1787022790,27.74777,77.68826,90,0,,,,27.9681,28.54363,23.94144
1787022791,27.73175,77.82101,90,0,,,,27.93403,28.3743,23.77251
1787022792,27.7184,77.74624,90,0,,,,27.90037,28.40816,23.73865
1787022792,27.7184,77.90189,90,0,,,,27.93403,28.54363,23.46812
1787022793,27.80651,77.90189,90,0,,,,27.90037,28.61136,23.70478
1787022794,27.76379,77.86069,90,0,,,,28.00177,28.40816,23.60338
1787022794,27.80651,77.85153,90,0,,,,27.93403,28.47589,23.90778
1787022795,27.73175,77.79202,90,0,,,,27.90037,28.34043,23.84025
1787022796,27.84657,77.81949,90,0,,,,27.9681,28.40816,23.84025
1787022796,27.81987,77.82101,90,0,,,,28.00177,28.3743,23.77251
1787022797,27.77714,77.85153,90,0,,,,27.93403,28.54363,23.87391
1787022798,27.63294,77.74624,90,0,,,,27.9681,28.47589,23.63725
1787022798,27.68902,77.79202,90,0,,,,27.93403,28.34043,23.67112
1787022799,27.70504,77.85611,90,0,,,,27.90037,28.3743,23.70478
1787022800,27.73175,77.84238,90,0,,,,27.9681,28.34043,23.67112
1787022800,27.80651,77.90189,90,0,,,,27.9681,28.30656,23.46812
1787022801,27.74777,77.99344,90,0,,,,27.93403,28.47589,23.67112
1787022802,27.81987,77.89426,90,0,,,,27.93403,28.40816,23.87391
1787022802,27.67567,77.92172,90,0,,,,28.0697,28.40816,23.60338
1787022803,27.70504,77.84695,90,0,,,,28.03563,28.44203,23.67112
1787022804,27.67567,77.92172,90,0,,,,28.03563,28.44203,23.56952
1787022804,27.79049,77.9202,90,0,,,,28.00177,28.40816,23.73865
1787022805,27.81987,77.87442,90,0,,,,27.83244,28.54363,23.73865
1787022806,27.74777,77.84695,90,0,,,,27.93403,28.44203,23.67112
1787022806,27.77714,77.93546,90,0,,,,27.93403,28.3743,23.70478
1787022807,27.76379,77.81949,90,0,,,,27.9681,28.44203,23.60338
1787022808,27.76379,77.96597,90,0,,,,27.90037,28.34043,23.73865
1787022808,27.7184,78.00412,90,0,,,,28.00177,28.3743,23.67112
1787022809,27.73175,77.9675,90,0,,,,27.90037,28.40816,23.50199
1787022810,27.74777,78.05447,90,0,,,,27.9681,28.44203,23.77251
1787022810,27.79049,77.80576,90,0,,,,27.9681,28.47589,23.87391
1787022811,27.7184,77.90189,90,0,,,,28.03563,28.30656,23.80618
1787022811,27.68902,78.04074,90,0,,,,27.90037,28.50976,23.67112
1787022812,27.76379,77.92172,90,0,,,,27.9681,28.47589,23.70478
1787022813,27.77714,77.98886,90,0,,,,27.93403,28.54363,23.77251
1787022813,27.74777,77.95224,90,0,,,,27.9681,28.47589,23.40059
1787022814,27.77714,77.9263,90,0,,,,27.93403,28.44203,23.60338
1787022815,27.80651,77.94308,90,0,,,,27.9681,28.50976,23.70478
1787022815,27.66232,77.9202,90,0,,,,28.03563,28.3743,23.70478
1787022816,27.66232,77.9614,90,0,,,,27.9681,28.3743,23.77251
1787022817,27.83322,78.09567,90,0,,,,27.93403,28.54363,23.63725
1787022817,27.74777,77.89883,90,0,,,,27.93403,28.50976,23.67112
1787022818,27.81987,77.9675,90,0,,,,27.9681,28.23883,23.73865
1787022819,27.74777,77.90799,90,0,,,,27.93403,28.40816,23.67112
1787022819,27.77714,77.95834,90,0,,,,28.0697,28.3743,23.70478
1787022820,27.7184,78.02701,90,0,,,,27.9681,28.40816,23.70478
1787022821,27.73175,77.98886,90,0,,,,27.9681,28.34043,23.67112
1787022821,27.77714,77.81186,90,0,,,,28.00177,28.50976,23.60338
1787022822,27.80651,78.05753,90,0,,,,27.90037,28.54363,23.63725
1787022823,27.77714,77.83322,90,0,,,,27.9681,28.3743,23.73865
1787022823,27.73175,77.87442,90,0,,,,28.03563,28.44203,23.70478
1787022824,27.7184,77.88052,90,0,,,,28.00177,28.50976,23.77251
1787022825,27.7184,77.98581,90,0,,,,27.90037,28.30656,23.67112
1787022825,27.73175,77.93546,90,0,,,,27.9681,28.20496,23.77251
1787022826,27.7184,77.90189,90,0,,,,27.9681,28.44203,23.73865
1787022827,27.74777,77.9614,90,0,,,,27.90037,28.44203,23.73865
1787022827,27.67567,77.8378,90,0,,,,28.03563,28.44203,23.77251
1787022828,27.83322,77.91714,90,0,,,,28.03563,28.47589,23.73865
1787022829,27.73175,77.97971,90,0,,,,27.9681,28.57749,23.67112
1787022829,27.77714,77.91562,90,0,,,,27.93403,28.50976,23.60338
1787022830,27.74777,77.86679,90,0,,,,28.00177,28.47589,23.67112
1787022831,27.73175,77.82101,90,0,,,,28.00177,28.47589,23.67112
1787022831,27.73175,77.88358,90,0,,,,27.9681,28.3743,23.63725
1787022832,27.67567,78.01633,90,0,,,,27.9681,28.44203,23.67112
1787022833,27.73175,77.90341,90,0,,,,27.90037,28.50976,23.60338
1787022833,27.80651,77.93393,90,0,,,,27.93403,28.34043,23.46812
1787022834,27.74777,77.88815,90,0,,,,27.9681,28.47589,23.67112
1787022835,27.60624,77.95834,90,0,,,,27.93403,28.40816,23.73865
1787022835,27.70504,77.88815,90,0,,,,27.90037,28.40816,23.63725
1787022836,27.76379,77.93393,90,0,,,,27.9681,28.50976,23.73865
1787022837,27.76379,78.04837,90,0,,,,28.00177,28.3743,23.60338
1787022837,27.70504,77.9614,90,0,,,,28.0697,28.47589,23.70478
1787022838,27.79049,77.92935,90,0,,,,27.9681,28.57749,23.73865
1787022839,27.73175,77.89426,90,0,,,,27.90037,28.47589,23.80618
1787022839,27.79049,77.90799,90,0,,,,28.00177,28.44203,23.56952
1787022840,27.68902,77.9675,90,0,,,,27.9681,28.64523,23.73865
1787022841,27.70504,77.86679,90,0,,,,27.93403,28.44203,23.67112
1787022841,27.66232,77.86679,90,0,,,,27.93403,28.47589,23.63725
1787022842,27.74777,77.95224,90,0,,,,27.90037,28.54363,23.67112
1787022843,27.70504,77.9614,90,0,,,,27.93403,28.44203,23.56952
1787022843,27.66232,77.86679,90,0,,,,28.00177,28.44203,23.67112
1787022844,27.66232,77.88815,90,0,,,,28.03563,28.47589,23.73865
1787022845,27.76379,77.96597,90,0,,,,27.90037,28.50976,23.67112
1787022845,27.73175,77.80118,90,0,,,,28.00177,28.64523,23.70478
1787022846,27.77714,77.91562,90,0,,,,28.00177,28.40816,23.70478
1787022847,27.81987,77.94766,90,0,,,,27.90037,28.57749,23.73865
1787022847,27.79049,78.01175,90,0,,,,27.9681,28.67909,23.84025
1787022848,27.7184,77.8378,90,0,,,,27.9681,28.54363,23.53585
1787022849,27.74777,77.99344,90,0,,,,27.93403,28.44203,23.70478
1787022849,27.77714,77.95834,90,0,,,,27.93403,28.34043,23.67112
1787022850,27.70504,77.9614,90,0,,,,27.90037,28.34043,23.87391
1787022851,27.7184,77.91257,90,0,,,,28.00177,28.40816,23.67112
1787022851,27.77714,77.76913,90,0,,,,28.00177,28.40816,23.67112
1787022852,27.73175,77.91562,90,0,,,,28.03563,28.47589,23.73865
1787022852,27.73175,77.94766,90,0,,,,27.93403,28.47589,23.63725
1787022853,27.86259,77.99954,90,0,,,,28.00177,28.40816,23.60338
1787022854,27.7184,77.88052,90,0,,,,27.90037,28.34043,23.63725
1787022854,27.77714,77.86221,90,0,,,,28.0697,28.44203,23.60338
1787022855,27.7184,77.94308,90,0,,,,28.00177,28.40816,23.77251
1787022856,27.68902,77.98886,90,0,,,,27.8665,28.3743,23.73865
1787022856,27.77714,77.89426,90,0,,,,27.9681,28.40816,23.77251
1787022857,27.70504,77.89883,90,0,,,,27.83244,28.47589,23.67112
1787022858,27.60624,77.84238,90,0,,,,27.93403,28.44203,23.77251
1787022858,27.77714,77.91562,90,0,,,,27.90037,28.40816,23.56952
1787022859,27.7184,77.96597,90,0,,,,27.8665,28.50976,23.67112
1787022860,27.79049,78.00259,90,0,,,,27.9681,28.44203,23.67112
1787022860,27.70504,77.94003,90,0,,,,27.9681,28.54363,23.73865
1787022861,27.70504,77.82559,90,0,,,,27.93403,28.3743,23.73865
1787022862,27.67567,77.80728,90,0,,,,27.9681,28.47589,23.67112
1787022862,27.76379,77.83017,90,0,,,,28.00177,28.57749,23.60338
1787022863,27.73175,77.9263,90,0,,,,27.93403,28.50976,23.56952
1787022864,27.66232,77.85611,90,0,,,,27.9681,28.50976,23.50199
1787022864,27.77714,77.98886,90,0,,,,27.9681,28.50976,23.70478
1787022865,27.74777,78.04379,90,0,,,,28.03563,28.30656,23.70478
1787022866,27.76379,77.90189,90,0,,,,28.03563,28.47589,23.67112
1787022866,27.74777,77.82559,90,0,,,,27.9681,28.40816,23.67112
1787022867,27.77714,77.88358,90,0,,,,27.93403,28.44203,23.70478
1787022868,27.79049,77.89731,90,0,,,,27.93403,28.50976,23.77251
1787022868,27.68902,77.90341,90,0,,,,27.90037,28.54363,23.67112
1787022869,27.77714,77.91562,90,0,,,,28.00177,28.40816,23.60338
1787022870,27.76379,77.88052,90,0,,,,27.9681,28.54363,23.70478
1787022870,27.76379,77.98581,90,0,,,,27.83244,28.47589,23.67112
1787022871,27.76379,77.88968,90,0,,,,27.9681,28.61136,23.67112
1787022872,27.67567,77.88052,90,0,,,,27.93403,28.23883,23.67112
1787022872,27.83322,77.88815,90,0,,,,27.93403,28.50976,23.60338
1787022873,27.77714,77.86221,90,0,,,,27.9681,28.3743,23.73865
1787022874,27.81987,77.90341,90,0,,,,27.90037,28.40816,23.63725
1787022874,27.76379,77.88052,90,0,,,,27.9681,28.44203,23.70478
1787022875,27.77714,77.89426,90,0,,,,27.9681,28.44203,23.50199
1787022876,27.7184,77.80728,90,0,,,,27.9681,28.50976,23.56952
1787022876,27.81987,78.04074,90,0,,,,27.90037,28.3743,23.60338
1787022877,27.73175,77.86221,90,0,,,,27.9681,28.47589,23.56952
1787022878,27.83322,77.85764,90,0,,,,27.9681,28.34043,23.60338
1787022878,27.77714,77.83322,90,0,,,,27.90037,28.40816,23.63725
1787022879,27.73175,77.80118,90,0,,,,27.9681,28.3743,23.60338
1787022880,27.76379,77.80728,90,0,,,,27.90037,28.44203,23.67112
1787022880,27.74777,77.84695,90,0,,,,28.03563,28.47589,23.77251
1787022881,27.73175,77.79202,90,0,,,,27.93403,28.44203,23.70478
1787022882,27.76379,77.92172,90,0,,,,28.00177,28.50976,23.60338
1787022882,27.70504,77.85611,90,0,,,,27.93403,28.3743,23.53585
1787022883,27.73175,77.91562,90,0,,,,28.00177,28.44203,23.63725
1787022884,27.77714,77.87442,90,0,,,,27.9681,28.3743,23.70478
1787022884,27.80651,77.95377,90,0,,,,28.03563,28.50976,23.60338
1787022885,27.83322,77.88815,90,0,,,,28.00177,28.2727,23.67112
1787022886,27.73175,77.80118,90,0,,,,27.90037,28.40816,23.67112
1787022886,27.76379,77.86069,90,0,,,,27.90037,28.44203,23.70478
1787022887,27.77714,77.85153,90,0,,,,27.93403,28.44203,23.63725
1787022888,27.73175,77.84238,90,0,,,,27.8665,28.50976,23.60338
1787022888,27.77714,77.73861,90,0,,,,27.93403,28.3743,23.73865
1787022889,27.70504,77.83475,90,0,,,,27.90037,28.44203,23.63725
1787022890,27.67567,77.86984,90,0,,,,28.00177,28.47589,23.80618
1787022890,27.73175,77.82101,90,0,,,,27.90037,28.57749,23.43446
1787022891,27.81987,77.82101,90,0,,,,28.00177,28.44203,23.73865
1787022891,27.66232,77.94003,90,0,,,,28.00177,28.3743,23.90778
1787022892,27.76379,77.79813,90,0,,,,28.00177,28.50976,23.50199
1787022893,27.77714,77.8439,90,0,,,,28.00177,28.34043,23.73865
1787022893,27.63294,77.82864,90,0,,,,28.0697,28.44203,23.77251
1787022894,27.67567,77.78745,90,0,,,,27.90037,28.40816,23.77251
1787022895,27.79049,77.79355,90,0,,,,27.90037,28.40816,23.67112
1787022895,27.7184,77.92172,90,0,,,,28.00177,28.40816,23.70478
1787022896,27.74777,77.94003,90,0,,,,28.00177,28.40816,23.67112
1787022897,27.70504,77.9202,90,0,,,,27.90037,28.40816,23.56952
1787022897,27.68902,77.82101,90,0,,,,28.00177,28.2727,23.73865
1787022898,27.7184,77.79813,90,0,,,,27.9681,28.2727,23.67112
1787022899,27.74777,77.82559,90,0,,,,28.00177,28.3743,23.50199
1787022899,27.73175,77.85153,90,0,,,,27.93403,28.3743,23.84025
1787022900,27.76379,77.78745,90,0,,,,28.00177,28.50976,23.77251
1787022901,27.76379,77.72488,90,0,,,,27.90037,28.3743,23.60338
1787022901,27.7184,77.81949,90,0,,,,27.93403,28.57749,23.77251
1787022902,27.70504,77.83475,90,0,,,,27.9681,28.57749,23.56952
1787022903,27.73175,77.77982,90,0,,,,27.8665,28.47589,23.67112
1787022903,27.77714,77.87442,90,0,,,,27.9681,28.47589,23.77251
1787022904,27.73175,77.80118,90,0,,,,27.90037,28.47589,23.56952
1787022905,27.80651,77.73403,90,0,,,,27.83244,28.47589,23.67112
1787022905,27.67567,77.74624,90,0,,,,28.00177,28.54363,23.73865
1787022906,27.80651,77.83017,90,0,,,,27.90037,28.40816,23.73865
1787022907,27.81987,77.8439,90,0,,,,27.8665,28.34043,23.77251
1787022907,27.77714,77.86221,90,0,,,,28.03563,28.47589,23.94144
1787022908,27.74777,77.82559,90,0,,,,27.8665,28.47589,23.73865
1787022909,27.76379,77.77829,90,0,,,,27.9681,28.61136,23.73865
1787022909,27.79049,77.70962,90,0,,,,27.90037,28.47589,23.73865
1787022910,27.80651,77.7554,90,0,,,,28.00177,28.47589,23.87391
1787022911,27.87594,77.87595,90,0,,,,28.03563,28.3743,23.60338
1787022911,27.77714,77.74776,90,0,,,,27.93403,28.3743,23.77251
1787022912,27.76379,77.83017,90,0,,,,28.00177,28.3743,23.84025
1787022913,27.73175,77.75998,90,0,,,,28.00177,28.47589,23.60338
1787022913,27.74777,77.78439,90,0,,,,27.90037,28.44203,23.63725
1787022914,27.66232,77.84695,90,0,,,,27.90037,28.54363,23.73865
1787022915,27.74777,77.73251,90,0,,,,28.00177,28.47589,23.80618
1787022915,27.74777,77.90799,90,0,,,,28.00177,28.34043,23.60338
1787022916,27.67567,77.70199,90,0,,,,28.03563,28.54363,23.60338
1787022917,27.79049,77.80576,90,0,,,,27.8665,28.3743,23.60338
1787022917,27.64897,77.75998,90,0,,,,27.93403,28.34043,23.84025
1787022918,27.7184,77.78745,90,0,,,,27.93403,28.30656,23.70478
1787022919,27.81987,77.81186,90,0,,,,28.03563,28.54363,23.80618
1787022919,27.70504,77.65926,90,0,,,,27.90037,28.30656,23.60338
1787022920,27.70504,77.76456,90,0,,,,27.90037,28.3743,23.77251
1787022921,27.86259,77.77982,90,0,,,,28.03563,28.44203,23.56952
1787022921,27.7184,77.7554,90,0,,,,27.9681,28.57749,23.67112
1787022922,27.79049,77.74166,90,0,,,,27.9681,28.47589,23.94144
1787022923,27.70504,77.62875,90,0,,,,27.9681,28.44203,23.67112
1787022923,27.76379,77.74624,90,0,,,,27.9681,28.47589,23.67112
1787022924,27.70504,77.7203,90,0,,,,27.90037,28.50976,23.70478
1787022925,27.74777,77.80576,90,0,,,,27.93403,28.44203,23.73865
1787022925,27.76379,77.7142,90,0,,,,27.93403,28.3743,23.80618
1787022926,27.74777,77.70046,90,0,,,,27.9681,28.44203,23.73865
1787022927,27.73175,77.81186,90,0,,,,27.93403,28.47589,23.73865
1787022927,27.84657,77.82864,90,0,,,,27.9681,28.50976,23.60338
1787022928,27.74777,77.74166,90,0,,,,27.9681,28.3743,23.70478
1787022928,27.77714,77.72793,90,0,,,,28.03563,28.3743,23.60338
1787022929,27.80651,77.79813,90,0,,,,27.90037,28.44203,23.63725
1787022930,27.76379,77.5906,90,0,,,,28.00177,28.50976,23.73865
1787022930,27.79049,77.81491,90,0,,,,27.9681,28.44203,23.77251
1787022931,27.84657,77.74624,90,0,,,,27.9681,28.44203,23.63725
1787022932,27.74777,77.70046,90,0,,,,27.93403,28.40816,23.70478
1787022932,27.74777,77.76456,90,0,,,,27.90037,28.61136,23.67112
1787022933,27.77714,77.79202,90,0,,,,28.03563,28.3743,23.63725
1787022934,27.7184,77.69283,90,0,,,,27.93403,28.44203,23.70478
1787022934,27.81987,77.72793,90,0,,,,27.9681,28.40816,23.77251
1787022935,27.7184,77.66384,90,0,,,,27.93403,28.40816,23.70478
1787022936,27.7184,77.673,90,0,,,,27.90037,28.40816,23.67112
1787022936,27.79049,77.70962,90,0,,,,28.00177,28.44203,23.80618
1787022937,27.74777,77.71114,90,0,,,,27.90037,28.40816,23.63725
1787022938,27.7184,77.74624,90,0,,,,27.93403,28.47589,23.94144
1787022938,27.74777,77.75235,90,0,,,,27.9681,28.57749,23.60338
1787022939,27.76379,77.79813,90,0,,,,27.8665,28.50976,23.77251
1787022940,27.7184,77.673,90,0,,,,27.93403,28.40816,23.80618
1787022940,27.74777,77.62875,90,0,,,,27.9681,28.50976,23.60338
1787022941,27.74777,77.66994,90,0,,,,27.8665,28.47589,23.70478
1787022942,27.67567,77.73403,90,0,,,,28.00177,28.40816,23.73865
1787022942,27.77714,77.70657,90,0,,,,27.9681,28.44203,23.67112
1787022943,27.70504,77.78439,90,0,,,,27.93403,28.44203,23.67112
1787022944,27.74777,77.58602,90,0,,,,27.93403,28.47589,23.56952
1787022944,27.64897,77.86221,90,0,,,,28.03563,28.3743,23.73865
1787022945,27.74777,77.80576,90,0,,,,27.93403,28.57749,23.67112
1787022946,27.73175,77.57229,90,0,,,,27.93403,28.40816,23.56952
1787022946,27.68902,77.63332,90,0,,,,27.93403,28.34043,23.80618
1787022947,27.76379,77.7554,90,0,,,,28.00177,28.54363,23.53585
1787022948,27.79049,77.7203,90,0,,,,27.90037,28.40816,23.77251
1787022948,27.79049,77.76151,90,0,,,,27.9681,28.61136,23.70478
1787022949,27.79049,77.70962,90,0,,,,27.9681,28.50976,23.60338
1787022950,27.81987,77.73861,90,0,,,,27.93403,28.40816,23.67112
1787022950,27.76379,77.66384,90,0,,,,28.00177,28.54363,23.84025
1787022951,27.80651,77.6318,90,0,,,,27.93403,28.3743,23.60338
1787022952,27.79049,77.72945,90,0,,,,27.9681,28.40816,23.73865
1787022952,27.7184,77.73403,90,0,,,,28.00177,28.57749,23.87391
1787022953,27.77714,77.69588,90,0,,,,27.93403,28.44203,23.70478
1787022954,27.81987,77.80118,90,0,,,,28.00177,28.47589,23.50199
1787022954,27.81987,77.71572,90,0,,,,27.93403,28.50976,23.73865
1787022955,27.76379,77.72488,90,0,,,,27.90037,28.23883,23.56952
1787022956,27.81987,77.72793,90,0,,,,27.90037,28.47589,23.60338
1787022956,27.76379,77.69283,90,0,,,,28.0697,28.44203,23.67112
1787022957,27.77714,77.64553,90,0,,,,27.90037,28.34043,23.73865
1787022958,27.7184,77.77829,90,0,,,,27.93403,28.47589,23.63725
1787022958,27.68902,77.75998,90,0,,,,27.9681,28.47589,23.87391
1787022959,27.79049,77.83475,90,0,,,,27.90037,28.47589,23.56952
1787022960,27.79049,77.79355,90,0,,,,27.93403,28.50976,23.67112
1787022960,27.76379,77.84848,90,0,,,,27.9681,28.47589,23.73865
1787022961,27.66232,77.76456,90,0,,,,27.93403,28.44203,23.63725
1787022962,27.77714,77.9263,90,0,,,,27.90037,28.47589,23.63725
1787022962,27.74777,77.9202,90,0,,,,27.90037,28.3743,23.60338
1787022963,27.7184,77.96597,90,0,,,,27.93403,28.47589,23.67112
1787022964,27.77714,77.9263,90,0,,,,27.9681,28.47589,23.70478
1787022964,27.7184,77.94308,90,0,,,,27.93403,28.61136,23.53585
1787022965,27.67567,77.95377,90,0,,,,28.0697,28.47589,23.84025
1787022966,27.7184,77.98581,90,0,,,,27.93403,28.40816,23.80618
1787022966,27.73175,77.9675,90,0,,,,27.9681,28.34043,23.73865
1787022967,27.67567,77.95377,90,0,,,,27.9681,28.3743,23.63725
1787022967,27.87594,77.98123,90,0,,,,27.93403,28.44203,23.84025
1787022968,27.77714,77.95834,90,0,,,,27.93403,28.23883,23.63725
1787022969,27.74777,77.88815,90,0,,,,28.00177,28.40816,23.56952
1787022969,27.7184,77.95377,90,0,,,,27.9681,28.34043,23.60338
1787022970,27.77714,77.98886,90,0,,,,27.9681,28.47589,23.70478
1787022971,27.7184,77.93393,90,0,,,,27.93403,28.40816,23.84025
1787022971,27.76379,78.00412,90,0,,,,28.00177,28.40816,23.56952
1787022972,27.67567,77.95377,90,0,,,,28.03563,28.40816,23.70478
1787022973,27.77714,77.8439,90,0,,,,27.9681,28.40816,23.73865
1787022973,27.76379,77.97513,90,0,,,,27.8665,28.40816,23.63725
1787022974,27.77714,77.91562,90,0,,,,27.9681,28.44203,23.63725
1787022975,27.70504,77.84695,90,0,,,,27.9681,28.3743,23.70478
1787022975,27.7184,77.94308,90,0,,,,27.8665,28.44203,23.73865
1787022976,27.76379,77.94308,90,0,,,,27.9681,28.23883,23.73865
1787022977,27.79049,77.90799,90,0,,,,28.00177,28.3743,23.53585
1787022977,27.70504,77.89883,90,0,,,,27.9681,28.3743,23.73865
1787022978,27.70504,77.9202,90,0,,,,27.9681,28.44203,23.56952
1787022979,27.77714,77.9263,90,0,,,,27.9681,28.3743,23.56952
1787022979,27.70504,78.00259,90,0,,,,27.90037,28.54363,23.63725
1787022980,27.81987,78.01785,90,0,,,,28.03563,28.47589,23.56952
1787022981,27.68902,78.07126,90,0,,,,27.9681,28.34043,23.60338
1787022981,27.76379,77.83017,90,0,,,,27.90037,28.34043,23.73865
1787022982,27.77714,77.85153,90,0,,,,27.83244,28.47589,23.60338
1787022983,27.7184,77.92172,90,0,,,,27.9681,28.47589,23.56952
1787022983,27.74777,78.03464,90,0,,,,28.03563,28.47589,23.70478
1787022984,27.80651,77.92172,90,0,,,,27.93403,28.50976,23.67112
1787022985,27.70504,77.88815,90,0,,,,27.9681,28.30656,23.70478
1787022985,27.66232,77.95224,90,0,,,,27.9681,28.57749,23.77251
1787022986,27.74777,77.87595,90,0,,,,27.9681,28.47589,23.73865
1787022987,27.77714,77.98886,90,0,,,,28.00177,28.30656,23.67112
1787022987,27.76379,78.00412,90,0,,,,28.03563,28.47589,23.70478
1787022988,27.68902,77.82101,90,0,,,,27.9681,28.40816,23.80618
1787022989,27.84657,77.98581,90,0,,,,28.00177,28.44203,23.77251
1787022989,27.74777,77.95224,90,0,,,,27.8665,28.40816,23.63725
1787022990,27.67567,77.97513,90,0,,,,27.9681,28.30656,23.67112
1787022991,27.74777,77.92935,90,0,,,,27.93403,28.50976,23.60338
1787022991,27.73175,77.95682,90,0,,,,27.93403,28.50976,23.94144
1787022992,27.77714,77.91562,90,0,,,,28.0697,28.47589,23.77251
1787022993,27.74777,77.90799,90,0,,,,27.93403,28.50976,23.63725
1787022993,27.79049,77.89731,90,0,,,,27.93403,28.30656,23.70478
1787022994,27.7184,77.92172,90,0,,,,27.83244,28.44203,23.50199
1787022995,27.74777,77.97208,90,0,,,,27.9681,28.40816,23.63725
1787022995,27.74777,77.90799,90,0,,,,28.00177,28.3743,23.70478
1787022996,27.77714,77.93546,90,0,,,,27.93403,28.34043,23.53585
1787022997,27.7184,77.78745,90,0,,,,28.00177,28.50976,23.60338
1787022997,27.77714,77.95834,90,0,,,,27.90037,28.57749,23.60338
1787022998,27.70504,77.98123,90,0,,,,27.93403,28.40816,23.77251
1787022999,27.70504,77.85611,90,0,,,,27.93403,28.50976,23.63725
1787022999,27.80651,77.92172,90,0,,,,28.03563,28.54363,23.70478
1787023000,27.77714,77.88358,90,0,,,,28.00177,28.57749,23.70478
1787023001,27.74777,78.03464,90,0,,,,28.00177,28.47589,23.53585
1787023001,27.80651,77.80728,90,0,,,,27.9681,28.2727,23.70478
1787023002,27.7184,78.08957,90,0,,,,27.93403,28.3743,23.67112
1787023003,27.74777,77.86679,90,0,,,,27.9681,28.40816,23.73865
1787023003,27.79049,77.74166,90,0,,,,27.9681,28.54363,23.84025
1787023004,27.81987,77.83322,90,0,,,,27.90037,28.44203,23.73865
1787023005,27.73175,77.84238,90,0,,,,27.9681,28.40816,23.67112
1787023005,27.80651,77.86069,90,0,,,,27.93403,28.30656,23.67112
1787023006,27.73175,77.86221,90,0,,,,27.90037,28.50976,23.63725
1787023006,27.77714,77.87442,90,0,,,,28.03563,28.30656,23.63725
1787023007,27.80651,77.77829,90,0,,,,27.9681,28.61136,23.80618
1787023008,27.74777,77.80576,90,0,,,,28.00177,28.40816,23.56952
1787023008,27.68902,77.66537,90,0,,,,28.00177,28.44203,23.70478
1787023009,27.77714,77.90341,90,0,,,,28.00177,28.47589,23.60338
1787023010,27.70504,77.86679,90,0,,,,27.8665,28.3743,23.60338
1787023010,27.74777,77.88815,90,0,,,,28.00177,28.30656,23.60338
1787023011,27.74777,77.90799,90,0,,,,27.9681,28.47589,23.50199
1787023012,27.70504,77.82559,90,0,,,,27.9681,28.50976,23.84025
1787023012,27.79049,77.85611,90,0,,,,28.03563,28.50976,23.73865
1787023013,27.68902,77.85153,90,0,,,,27.8665,28.57749,23.63725
1787023014,27.66232,77.83475,90,0,,,,27.8665,28.23883,23.77251
1787023014,27.68902,77.76913,90,0,,,,27.9681,28.47589,23.67112
1787023015,27.79049,77.82559,90,0,,,,27.93403,28.44203,23.67112
1787023016,27.73175,77.80118,90,0,,,,27.90037,28.47589,23.63725
1787023016,27.67567,77.7142,90,0,,,,27.9681,28.44203,23.67112
1787023017,27.77714,77.77982,90,0,,,,27.93403,28.47589,23.60338
1787023018,27.74777,77.76456,90,0,,,,27.93403,28.50976,23.67112
1787023018,27.80651,77.83017,90,0,,,,27.9681,28.61136,23.60338
1787023019,27.77714,77.77982,90,0,,,,28.00177,28.50976,23.84025
1787023020,27.74777,77.82559,90,0,,,,27.8665,28.50976,23.73865
1787023020,27.73175,77.77982,90,0,,,,27.8665,28.44203,23.67112
1787023021,27.73175,77.82101,90,0,,,,27.93403,28.71296,23.80618
1787023022,27.80651,77.78745,90,0,,,,27.90037,28.54363,23.67112
1787023022,27.83322,77.82559,90,0,,,,28.00177,28.47589,23.67112
1787023023,27.7184,77.7142,90,0,,,,27.93403,28.47589,23.70478
1787023024,27.74777,77.85611,90,0,,,,27.9681,28.40816,23.67112
1787023024,27.76379,77.81949,90,0,,,,28.00177,28.47589,23.63725
1787023025,27.77714,77.74776,90,0,,,,27.8665,28.44203,23.63725
1787023026,27.74777,77.84695,90,0,,,,28.00177,28.44203,23.60338
1787023026,27.70504,77.75235,90,0,,,,27.93403,28.54363,23.73865
1787023027,27.77714,77.73861,90,0,,,,27.93403,28.44203,23.73865
1787023028,27.68902,77.75998,90,0,,,,27.90037,28.44203,23.70478
1787023028,27.76379,77.79813,90,0,,,,28.00177,28.40816,23.70478
1787023029,27.79049,77.77371,90,0,,,,27.90037,28.54363,23.73865
1787023030,27.76379,77.83017,90,0,,,,27.93403,28.57749,23.63725
1787023030,27.77714,77.89426,90,0,,,,27.9681,28.44203,23.80618
1787023031,27.7184,77.73403,90,0,,,,28.00177,28.57749,23.77251
1787023032,27.80651,77.69588,90,0,,,,27.9681,28.40816,23.73865
1787023032,27.77714,77.97971,90,0,,,,27.90037,28.34043,23.67112
1787023033,27.80651,77.93393,90,0,,,,28.00177,28.3743,23.70478
1787023034,27.73175,77.83322,90,0,,,,27.9681,28.40816,23.70478
1787023034,27.80651,77.81949,90,0,,,,27.9681,28.47589,23.67112
1787023035,27.73175,77.77982,90,0,,,,27.93403,28.54363,23.56952
1787023036,27.70504,77.88815,90,0,,,,27.90037,28.44203,23.60338
1787023036,27.80651,77.88968,90,0,,,,28.00177,28.47589,23.70478
1787023037,27.77714,77.69588,90,0,,,,27.9681,28.57749,23.63725
1787023038,27.74777,77.75235,90,0,,,,27.90037,28.40816,23.67112
1787023038,27.79049,77.80576,90,0,,,,27.93403,28.3743,23.60338
1787023039,27.64897,77.75998,90,0,,,,27.9681,28.50976,23.77251
1787023040,27.74777,77.84695,90,0,,,,27.9681,28.61136,23.67112
1787023040,27.73175,77.75998,90,0,,,,28.03563,28.44203,23.56952
1787023041,27.70504,77.87595,90,0,,,,27.90037,28.34043,23.77251
1787023042,27.70504,77.71114,90,0,,,,27.9681,28.44203,23.73865
1787023042,27.76379,77.83932,90,0,,,,27.93403,28.3743,23.53585
1787023043,27.80651,77.90189,90,0,,,,27.9681,28.47589,23.67112
1787023044,27.73175,77.76913,90,0,,,,27.93403,28.44203,23.63725
1787023044,27.76379,77.81949,90,0,,,,27.90037,28.3743,23.80618
1787023045,27.80651,77.85153,90,0,,,,27.93403,28.40816,23.53585
1787023045,27.7184,77.83017,90,0,,,,27.9681,28.47589,23.63725
1787023046,27.7184,77.77829,90,0,,,,27.9681,28.44203,23.60338
1787023047,27.64897,77.79202,90,0,,,,27.79877,28.30656,23.84025
1787023047,27.80651,77.69588,90,0,,,,27.90037,28.23883,23.90778
1787023048,27.73175,77.84238,90,0,,,,27.90037,28.40816,23.56952
1787023049,27.73175,77.73861,90,0,,,,27.93403,28.40816,23.73865
1787023049,27.73175,77.82101,90,0,,,,27.93403,28.47589,23.53585
1787023050,27.74777,77.86679,90,0,,,,27.9681,28.50976,23.70478
1787023051,27.79049,77.76151,90,0,,,,27.90037,28.57749,23.60338
1787023051,27.73175,77.72793,90,0,,,,27.93403,28.40816,23.56952
1787023052,27.77714,77.79202,90,0,,,,28.03563,28.50976,23.77251
1787023053,27.74777,77.8378,90,0,,,,28.00177,28.34043,23.60338
1787023053,27.70504,77.84695,90,0,,,,27.9681,28.50976,23.53585
1787023054,27.77714,77.72793,90,0,,,,27.90037,28.3743,23.67112
1787023055,27.80651,77.86069,90,0,,,,28.00177,28.40816,23.63725
1787023055,27.80651,78.00717,90,0,,,,27.9681,28.50976,23.63725
1787023056,27.7184,77.673,90,0,,,,27.9681,28.40816,23.63725
1787023057,27.74777,77.70046,90,0,,,,28.03563,28.44203,23.60338
1787023057,27.73175,77.87442,90,0,,,,27.90037,28.44203,23.77251
1787023058,27.80651,77.7554,90,0,,,,27.93403,28.50976,23.67112
1787023059,27.7184,77.72488,90,0,,,,27.83244,28.50976,23.70478
1787023059,27.70504,77.76456,90,0,,,,27.93403,28.64523,23.80618
1787023060,27.74777,77.82559,90,0,,,,27.90037,28.50976,23.56952
1787023061,27.67567,77.79813,90,0,,,,27.9681,28.40816,23.67112
1787023061,27.76379,77.83017,90,0,,,,27.9681,28.44203,23.77251
1787023062,27.81987,77.67757,90,0,,,,27.90037,28.47589,23.67112
1787023063,27.77714,77.73861,90,0,,,,27.93403,28.40816,23.67112
1787023063,27.80651,77.76608,90,0,,,,27.8665,28.54363,23.70478
1787023064,27.67567,77.78745,90,0,,,,27.93403,28.34043,23.87391
1787023065,27.73175,77.76913,90,0,,,,27.93403,28.47589,23.73865
1787023065,27.79049,77.79355,90,0,,,,28.03563,28.50976,23.73865
1787023066,27.76379,77.74624,90,0,,,,27.93403,28.2727,23.60338
1787023067,27.7184,77.76608,90,0,,,,27.93403,28.50976,23.87391
1787023067,27.74777,77.81644,90,0,,,,28.03563,28.44203,23.67112
1787023068,27.73175,77.73861,90,0,,,,27.9681,28.61136,23.73865
1787023069,27.76379,77.76608,90,0,,,,27.93403,28.50976,23.73865
1787023069,27.73175,77.70657,90,0,,,,27.9681,28.50976,23.67112
1787023070,27.81987,77.82101,90,0,,,,28.03563,28.44203,23.53585
1787023071,27.74777,77.80576,90,0,,,,28.00177,28.3743,23.70478
1787023071,27.76379,77.79813,90,0,,,,28.00177,28.3743,23.50199
1787023072,27.74777,77.85611,90,0,,,,27.90037,28.47589,23.63725
1787023073,27.66232,77.7203,90,0,,,,27.9681,28.47589,23.63725
1787023073,27.77714,77.72793,90,0,,,,28.03563,28.44203,23.67112
1787023074,27.7184,77.74624,90,0,,,,27.9681,28.44203,23.63725
1787023075,27.76379,77.74624,90,0,,,,27.90037,28.44203,23.67112
1787023075,27.77714,77.76913,90,0,,,,27.93403,28.3743,23.56952
1787023076,27.77714,77.75998,90,0,,,,27.93403,28.44203,23.73865
1787023077,27.86259,77.79202,90,0,,,,28.03563,28.44203,23.60338
1787023077,27.7184,77.79813,90,0,,,,27.90037,28.34043,23.60338
1787023078,27.7184,77.72488,90,0,,,,27.9681,28.34043,23.73865
1787023079,27.80651,77.74624,90,0,,,,28.00177,28.40816,23.67112
1787023079,27.74777,77.75235,90,0,,,,28.00177,28.44203,23.70478
1787023080,27.68902,77.68673,90,0,,,,27.90037,28.47589,23.70478
1787023081,27.79049,77.78287,90,0,,,,27.93403,28.44203,23.63725
1787023081,27.80651,77.77829,90,0,,,,27.9681,28.40816,23.77251
1787023082,27.80651,77.80728,90,0,,,,27.90037,28.3743,23.63725
1787023083,27.74777,77.78439,90,0,,,,27.9681,28.44203,23.77251
1787023083,27.73175,77.71572,90,0,,,,27.93403,28.50976,23.70478
1787023084,27.68902,77.73861,90,0,,,,28.00177,28.44203,23.70478
1787023084,27.74777,77.85611,90,0,,,,27.9681,28.47589,23.84025
1787023085,27.81987,77.76913,90,0,,,,28.00177,28.3743,23.80618
1787023086,27.77714,77.76913,90,0,,,,27.9681,28.34043,23.77251
1787023086,27.81987,77.90341,90,0,,,,27.93403,28.44203,23.73865
1787023087,27.74777,77.70046,90,0,,,,28.00177,28.30656,23.70478
1787023088,27.66232,77.71114,90,0,,,,27.93403,28.40816,23.80618
1787023088,27.81987,77.80118,90,0,,,,28.00177,28.40816,23.67112
1787023089,27.74777,77.76456,90,0,,,,28.0697,28.44203,23.70478
1787023090,27.73175,77.79202,90,0,,,,27.9681,28.54363,23.63725
1787023090,27.76379,77.78745,90,0,,,,27.93403,28.34043,23.73865
1787023091,27.76379,77.68368,90,0,,,,27.90037,28.47589,23.70478
1787023092,27.74777,77.65011,90,0,,,,27.8665,28.40816,23.80618
1787023092,27.74777,77.8378,90,0,,,,27.9681,28.57749,23.67112
1787023093,27.70504,77.68826,90,0,,,,28.03563,28.54363,23.80618
1787023094,27.73175,77.74776,90,0,,,,28.03563,28.34043,23.67112
1787023094,27.79049,77.87595,90,0,,,,27.9681,28.44203,23.73865
1787023095,27.64897,77.81186,90,0,,,,28.00177,28.57749,23.63725
1787023096,27.74777,77.76456,90,0,,,,27.90037,28.47589,23.77251
1787023096,27.73175,77.83322,90,0,,,,27.9681,28.47589,23.60338
1787023097,27.79049,77.76151,90,0,,,,28.00177,28.40816,23.73865
1787023098,27.67567,77.73403,90,0,,,,27.93403,28.47589,23.67112
1787023098,27.66232,77.73251,90,0,,,,27.93403,28.44203,23.60338
1787023099,27.77714,77.80118,90,0,,,,28.00177,28.47589,23.63725
1787023100,27.68902,77.74776,90,0,,,,27.9681,28.44203,23.84025
1787023100,27.79049,77.88815,90,0,,,,27.9681,28.54363,23.77251
1787023101,27.76379,77.88052,90,0,,,,28.03563,28.47589,23.56952
1787023102,27.70504,77.68826,90,0,,,,27.9681,28.44203,23.63725
1787023102,27.83322,77.82559,90,0,,,,27.9681,28.44203,23.60338
1787023103,27.64897,77.77982,90,0,,,,27.9681,28.40816,23.67112
1787023104,27.67567,77.68215,90,0,,,,27.83244,28.40816,23.73865
1787023104,27.80651,77.86984,90,0,,,,27.9681,28.44203,23.53585
1787023105,27.67567,77.79813,90,0,,,,27.9681,28.50976,23.56952
1787023106,27.7184,77.78745,90,0,,,,27.93403,28.40816,23.67112
1787023106,27.76379,77.91257,90,0,,,,27.90037,28.40816,23.63725
1787023107,27.73175,77.84238,90,0,,,,27.93403,28.50976,23.56952
1787023108,27.79049,77.74166,90,0,,,,27.93403,28.47589,23.53585
1787023108,27.7184,77.7554,90,0,,,,28.03563,28.44203,23.70478
1787023109,27.7184,77.84848,90,0,,,,27.9681,28.44203,23.67112
1787023110,27.68902,77.84238,90,0,,,,27.9681,28.40816,23.70478
1787023110,27.67567,77.80728,90,0,,,,27.93403,28.47589,23.70478
1787023111,27.73175,77.65621,90,0,,,,27.93403,28.50976,23.67112
1787023112,27.76379,77.7554,90,0,,,,28.03563,28.47589,23.80618
1787023112,27.79049,77.83475,90,0,,,,28.03563,28.34043,23.80618
1787023113,27.77714,77.83322,90,0,,,,28.00177,28.40816,23.46812
1787023114,27.70504,77.84695,90,0,,,,27.9681,28.40816,23.70478
1787023114,27.7184,77.88052,90,0,,,,28.03563,28.47589,23.60338
1787023115,27.76379,77.72488,90,0,,,,28.00177,28.3743,23.63725
1787023116,27.7184,77.68215,90,0,,,,27.9681,28.40816,23.77251
1787023116,27.73175,77.84238,90,0,,,,28.0697,28.3743,23.70478
1787023117,27.70504,77.9202,90,0,,,,27.93403,28.44203,23.77251
1787023118,27.76379,77.74624,90,0,,,,27.90037,28.44203,23.63725
1787023118,27.73175,77.79202,90,0,,,,28.03563,28.44203,23.70478
1787023119,27.67567,77.76608,90,0,,,,27.9681,28.44203,23.60338
1787023120,27.79049,77.86679,90,0,,,,28.0697,28.44203,23.84025
1787023120,27.7184,77.7142,90,0,,,,28.0697,28.40816,23.70478
1787023121,27.81987,77.82101,90,0,,,,28.03563,28.47589,23.70478
1787023122,27.68902,77.83017,90,0,,,,27.9681,28.44203,23.63725
1787023122,27.76379,77.83017,90,0,,,,27.90037,28.50976,23.84025
1787023123,27.64897,77.71877,90,0,,,,28.03563,28.44203,23.70478
1787023123,27.80651,77.91257,90,0,,,,27.9681,28.50976,23.70478
1787023124,27.74777,77.79355,90,0,,,,28.00177,28.54363,23.63725
1787023125,27.76379,77.88968,90,0,,,,27.90037,28.40816,23.60338
1787023125,27.66232,77.74166,90,0,,,,28.00177,28.47589,23.70478
1787023126,27.63294,77.69283,90,0,,,,28.00177,28.44203,23.87391
1787023127,27.76379,77.72488,90,0,,,,27.9681,28.57749,23.70478
1787023127,27.67567,77.74624,90,0,,,,27.93403,28.3743,23.73865
1787023128,27.73175,77.75998,90,0,,,,27.90037,28.34043,23.60338
1787023129,27.7184,77.7554,90,0,,,,28.00177,28.34043,23.73865
1787023129,27.73175,77.88358,90,0,,,,28.0697,28.40816,23.67112
1787023130,27.7184,77.86984,90,0,,,,27.93403,28.50976,23.53585
1787023131,27.7184,77.76608,90,0,,,,28.00177,28.3743,23.63725
1787023131,27.68902,77.76913,90,0,,,,27.93403,28.50976,23.53585
1787023132,27.66232,77.71114,90,0,,,,28.00177,28.3743,23.67112
1787023133,27.77714,77.81186,90,0,,,,27.9681,28.47589,23.67112
1787023133,27.74777,77.79355,90,0,,,,28.00177,28.50976,23.70478
1787023134,27.74777,77.84695,90,0,,,,27.9681,28.44203,23.60338
1787023135,27.70504,77.74166,90,0,,,,27.9681,28.3743,23.63725
1787023135,27.61959,77.78439,90,0,,,,27.9681,28.61136,23.60338
1787023136,27.7184,77.80728,90,0,,,,27.93403,28.44203,23.67112
1787023137,27.79049,77.76151,90,0,,,,27.9681,28.50976,23.90778
1787023137,27.70504,77.75235,90,0,,,,27.93403,28.57749,23.77251
1787023138,27.73175,77.86221,90,0,,,,27.8665,28.50976,23.56952
1787023139,27.80651,77.76608,90,0,,,,27.9681,28.47589,23.50199
1787023139,27.80651,77.68368,90,0,,,,27.9681,28.3743,23.77251
1787023140,27.76379,77.7554,90,0,,,,28.03563,28.3743,23.73865
1787023141,27.74777,77.84695,90,0,,,,28.00177,28.57749,23.56952
1787023141,27.80651,77.83932,90,0,,,,28.00177,28.50976,23.67112
1787023142,27.83322,77.82559,90,0,,,,27.93403,28.47589,23.67112
1787023143,27.66232,77.80576,90,0,,,,27.93403,28.50976,23.67112
1787023143,27.73175,77.86221,90,0,,,,27.93403,28.40816,23.53585
1787023144,27.7184,77.78745,90,0,,,,27.9681,28.34043,23.77251
1787023145,27.81987,77.73861,90,0,,,,27.93403,28.44203,23.60338
1787023145,27.80651,77.88052,90,0,,,,27.9681,28.44203,23.77251
1787023146,27.76379,77.77829,90,0,,,,27.9681,28.3743,23.67112
1787023147,27.77714,77.89426,90,0,,,,28.03563,28.3743,23.60338
1787023147,27.73175,77.82101,90,0,,,,28.03563,28.3743,23.73865
1787023148,27.7184,77.79813,90,0,,,,28.03563,28.47589,23.53585
1787023149,27.73175,77.79202,90,0,,,,27.9681,28.61136,23.77251
1787023149,27.74777,77.6379,90,0,,,,27.8665,28.20496,23.70478
1787023150,27.73175,77.88358,90,0,,,,28.03563,28.50976,23.60338
1787023151,27.80651,77.7554,90,0,,,,27.90037,28.54363,23.77251
1787023151,27.83322,77.77371,90,0,,,,28.03563,28.44203,23.80618
1787023152,27.76379,77.91257,90,0,,,,28.03563,28.47589,23.70478
1787023153,27.76379,77.79813,90,0,,,,27.9681,28.47589,23.63725
1787023153,27.73175,77.69588,90,0,,,,27.93403,28.50976,23.70478
1787023154,27.7184,77.77829,90,0,,,,27.90037,28.44203,23.73865
1787023155,27.70504,77.78439,90,0,,,,27.9681,28.47589,23.53585
1787023155,27.76379,77.77829,90,0,,,,27.83244,28.40816,23.70478
1787023156,27.74777,77.68826,90,0,,,,27.9681,28.54363,23.63725
1787023157,27.77714,77.77982,90,0,,,,27.9681,28.47589,23.60338
1787023157,27.80651,77.88968,90,0,,,,28.10336,28.34043,23.67112
1787023158,27.68902,77.79202,90,0,,,,28.0697,28.50976,23.73865
1787023159,27.70504,77.75235,90,0,,,,27.79877,28.44203,23.80618
1787023159,27.79049,77.76151,90,0,,,,27.93403,28.50976,23.70478
1787023160,27.73175,77.73861,90,0,,,,27.93403,28.44203,23.56952
1787023161,27.68902,77.77982,90,0,,,,27.90037,28.54363,23.77251
1787023161,27.7184,77.81949,90,0,,,,28.03563,28.2727,23.73865
1787023162,27.77714,77.70657,90,0,,,,27.93403,28.44203,23.73865
1787023162,27.77714,77.71572,90,0,,,,28.00177,28.40816,23.60338
1787023163,27.73175,77.70657,90,0,,,,28.03563,28.30656,23.73865
1787023164,27.76379,77.7554,90,0,,,,28.00177,28.54363,23.67112
1787023164,27.80651,77.80728,90,0,,,,28.00177,28.34043,23.63725
1787023165,27.79049,77.82559,90,0,,,,27.93403,28.57749,23.80618
1787023166,27.73175,77.69588,90,0,,,,27.93403,28.57749,23.73865
1787023166,27.73175,77.83322,90,0,,,,27.9681,28.3743,23.77251
1787023167,27.76379,77.86984,90,0,,,,27.93403,28.50976,23.56952
1787023168,27.74777,77.6379,90,0,,,,27.8665,28.50976,23.70478
1787023168,27.64897,77.75082,90,0,,,,28.00177,28.47589,23.60338
1787023169,27.81987,77.81186,90,0,,,,27.9681,28.61136,23.60338
1787023170,27.68902,77.73861,90,0,,,,27.9681,28.54363,23.63725
1787023170,27.73175,77.84238,90,0,,,,27.9681,28.2727,23.77251
1787023171,27.76379,77.83017,90,0,,,,27.93403,28.44203,23.63725
1787023172,27.70504,77.80576,90,0,,,,27.90037,28.44203,23.50199
1787023172,27.81987,77.86221,90,0,,,,27.93403,28.50976,23.60338
1787023173,27.74777,77.80576,90,0,,,,27.90037,28.40816,23.63725
1787023174,27.77714,77.69588,90,0,,,,27.9681,28.3743,23.70478
1787023174,27.74777,77.8378,90,0,,,,27.9681,28.57749,23.63725
1787023175,27.74777,77.68215,90,0,,,,28.00177,28.44203,23.67112
1787023176,27.73175,77.80118,90,0,,,,27.93403,28.40816,23.63725
1787023176,27.84657,77.76608,90,0,,,,27.9681,28.47589,23.87391
1787023177,27.73175,77.76913,90,0,,,,28.03563,28.50976,23.63725
1787023178,27.7184,77.673,90,0,,,,27.9681,28.40816,23.67112
1787023178,27.76379,77.83017,90,0,,,,28.00177,28.47589,23.80618
1787023179,27.73175,77.76913,90,0,,,,27.9681,28.3743,23.77251
1787023180,27.73175,77.80118,90,0,,,,27.93403,28.44203,23.73865
1787023180,27.73175,77.84238,90,0,,,,27.93403,28.61136,23.63725
1787023181,27.73175,77.74776,90,0,,,,28.00177,28.54363,23.70478
1787023182,27.73175,77.72793,90,0,,,,27.93403,28.40816,23.73865
1787023182,27.64897,77.79202,90,0,,,,27.9681,28.54363,23.87391
1787023183,27.79049,77.86679,90,0,,,,28.00177,28.50976,23.73865
1787023184,27.80651,77.76608,90,0,,,,27.9681,28.40816,23.63725
1787023184,27.80651,77.77829,90,0,,,,28.00177,28.54363,23.67112
1787023185,27.70504,77.77371,90,0,,,,28.00177,28.47589,23.73865
1787023186,27.74777,77.76456,90,0,,,,27.93403,28.44203,23.60338
1787023186,27.68902,77.75998,90,0,,,,27.93403,28.40816,23.70478
1787023187,27.73175,77.66537,90,0,,,,27.8665,28.44203,23.67112
1787023188,27.77714,77.82101,90,0,,,,27.9681,28.54363,23.84025
1787023188,27.80651,77.76608,90,0,,,,27.93403,28.3743,23.77251
1787023189,27.74777,77.78439,90,0,,,,27.90037,28.47589,23.80618
1787023190,27.70504,77.68826,90,0,,,,27.93403,28.44203,23.63725
1787023190,27.74777,77.78439,90,0,,,,28.03563,28.57749,23.63725
1787023191,27.70504,77.71114,90,0,,,,27.90037,28.50976,23.77251
1787023192,27.68902,77.74776,90,0,,,,27.9681,28.54363,23.77251
1787023192,27.73175,77.80118,90,0,,,,27.9681,28.61136,23.60338
1787023193,27.73175,77.79202,90,0,,,,28.00177,28.47589,23.70478
1787023194,27.79049,77.64706,90,0,,,,28.00177,28.54363,23.73865
1787023194,27.81987,77.79202,90,0,,,,27.93403,28.40816,23.56952
1787023195,27.79049,77.6379,90,0,,,,27.93403,28.44203,23.63725
1787023196,27.83322,77.80576,90,0,,,,27.93403,28.40816,23.70478
1787023196,27.73175,77.75998,90,0,,,,28.00177,28.2727,23.63725
1787023197,27.7184,77.70199,90,0,,,,28.00177,28.40816,23.70478
1787023198,27.73175,77.71572,90,0,,,,27.93403,28.40816,23.67112
1787023198,27.77714,77.85153,90,0,,,,28.03563,28.44203,23.73865
1787023199,27.68902,77.77982,90,0,,,,27.93403,28.3743,23.73865
1787023200,27.70504,77.77371,90,0,,,,27.9681,28.61136,23.46812
1787023200,27.77714,77.80118,90,0,,,,27.90037,28.34043,23.63725
1787023201,27.68902,77.71572,90,0,,,,27.90037,28.47589,23.77251
1787023201,27.77714,77.60433,90,0,,,,27.93403,28.34043,23.84025
1787023202,27.77714,77.79202,90,0,,,,27.9681,28.44203,23.67112
1787023203,27.79049,77.79355,90,0,,,,27.90037,28.47589,23.56952
1787023203,27.84657,77.80728,90,0,,,,27.9681,28.50976,23.60338
1787023204,27.67567,77.80728,90,0,,,,27.93403,28.3743,23.56952
1787023205,27.74777,77.78439,90,0,,,,27.93403,28.40816,23.67112
1787023205,27.77714,77.85153,90,0,,,,28.00177,28.57749,23.50199
1787023206,27.79049,77.80576,90,0,,,,27.93403,28.34043,23.63725
1787023207,27.80651,77.74624,90,0,,,,27.9681,28.57749,23.80618
1787023207,27.68902,77.87442,90,0,,,,28.00177,28.50976,23.70478
1787023208,27.7184,77.81949,90,0,,,,28.00177,28.50976,23.80618
1787023209,27.76379,77.80728,90,0,,,,27.83244,28.30656,23.77251
1787023209,27.7184,77.8378,90,0,,,,28.00177,28.57749,23.73865
1787023210,27.80651,77.73403,90,0,,,,27.93403,28.47589,23.70478
1787023211,27.73175,77.86221,90,0,,,,28.00177,28.54363,23.77251
1787023211,27.74777,77.86679,90,0,,,,27.9681,28.44203,23.56952
1787023212,27.73175,77.73861,90,0,,,,27.9681,28.3743,23.77251
1787023213,27.74777,77.84695,90,0,,,,28.0697,28.40816,23.60338
1787023213,27.74777,77.81644,90,0,,,,28.00177,28.47589,23.70478
1787023214,27.86259,77.74776,90,0,,,,27.8665,28.44203,23.70478
1787023215,27.80651,77.88968,90,0,,,,27.9681,28.3743,23.80618
1787023215,27.76379,77.78745,90,0,,,,28.00177,28.47589,23.56952
1787023216,27.73175,77.85153,90,0,,,,27.9681,28.50976,23.63725
1787023217,27.73175,77.82101,90,0,,,,28.00177,28.40816,23.70478
1787023217,27.74777,77.80576,90,0,,,,28.00177,28.47589,23.63725
1787023218,27.7184,77.77829,90,0,,,,28.03563,28.44203,23.60338
1787023219,27.77714,77.80118,90,0,,,,27.9681,28.3743,23.70478
1787023219,27.70504,77.79355,90,0,,,,28.00177,28.47589,23.50199
1787023220,27.81987,77.70657,90,0,,,,28.10336,28.47589,23.67112
1787023221,27.7184,77.8378,90,0,,,,27.9681,28.47589,23.73865
1787023221,27.77714,77.8439,90,0,,,,27.9681,28.44203,23.60338
1787023222,27.73175,77.71572,90,0,,,,27.9681,28.54363,23.67112
1787023223,27.7184,77.68215,90,0,,,,27.9681,28.50976,23.60338
1787023223,27.73175,77.76913,90,0,,,,28.00177,28.57749,23.63725
1787023224,27.81987,77.9263,90,0,,,,27.9681,28.44203,23.63725
1787023225,27.68902,77.80118,90,0,,,,27.93403,28.3743,23.70478
1787023225,27.79049,77.76151,90,0,,,,27.9681,28.30656,23.73865
1787023226,27.76379,77.78745,90,0,,,,27.9681,28.34043,23.63725
1787023227,27.76379,77.7142,90,0,,,,27.93403,28.54363,23.56952
1787023227,27.74777,77.77371,90,0,,,,28.03563,28.50976,23.60338
1787023228,27.74777,77.65926,90,0,,,,27.9681,28.54363,23.70478
1787023229,27.77714,77.79202,90,0,,,,27.9681,28.40816,23.84025
1787023229,27.66232,77.78439,90,0,,,,27.90037,28.44203,23.60338
1787023230,27.66232,77.84695,90,0,,,,27.93403,28.30656,23.73865
1787023231,27.79049,77.83475,90,0,,,,27.9681,28.57749,23.56952
1787023231,27.76379,77.93393,90,0,,,,27.9681,28.40816,23.60338
1787023232,27.77714,77.74776,90,0,,,,27.93403,28.47589,23.67112
1787023233,27.81987,77.79202,90,0,,,,27.93403,28.50976,23.80618
1787023233,27.80651,77.72488,90,0,,,,28.00177,28.50976,23.67112
1787023234,27.7184,77.78745,90,0,,,,27.9681,28.50976,23.73865
1787023235,27.70504,77.79355,90,0,,,,27.93403,28.47589,23.87391
1787023235,27.74777,77.7203,90,0,,,,28.00177,28.30656,23.80618
1787023236,27.68902,77.80118,90,0,,,,27.93403,28.40816,23.77251
1787023237,27.74777,77.79355,90,0,,,,27.8665,28.44203,23.67112
1787023237,27.76379,77.83932,90,0,,,,27.9681,28.57749,23.60338
1787023238,27.77714,77.75998,90,0,,,,27.93403,28.44203,23.77251
1787023239,27.84657,77.78745,90,0,,,,27.93403,28.50976,23.67112
1787023239,27.76379,77.83017,90,0,,,,27.9681,28.40816,23.67112
1787023240,27.74777,77.95224,90,0,,,,27.8665,28.54363,23.73865
1787023241,27.86259,77.94766,90,0,,,,27.9681,28.40816,23.77251
1787023241,27.76379,77.80728,90,0,,,,27.93403,28.3743,23.63725
1787023242,27.7184,77.74624,90,0,,,,27.90037,28.50976,23.56952
1787023242,27.76379,77.72488,90,0,,,,27.90037,28.50976,23.70478
1787023243,27.7184,77.86069,90,0,,,,27.90037,28.40816,23.67112
1787023244,27.77714,77.80118,90,0,,,,28.00177,28.50976,23.60338
1787023244,27.74777,77.87595,90,0,,,,27.9681,28.57749,23.77251
1787023245,27.74777,77.77371,90,0,,,,28.00177,28.30656,23.67112
1787023246,27.81987,77.8439,90,0,,,,27.90037,28.40816,23.70478
1787023246,27.74777,77.79355,90,0,,,,28.03563,28.40816,23.70478
1787023247,27.68902,77.83017,90,0,,,,28.03563,28.2727,23.77251
1787023248,27.79049,77.80576,90,0,,,,27.8665,28.57749,23.67112
1787023248,27.77714,77.91562,90,0,,,,28.00177,28.50976,23.73865
1787023249,27.74777,77.78439,90,0,,,,27.90037,28.50976,23.60338
1787023250,27.80651,77.88968,90,0,,,,28.00177,28.34043,23.67112
1787023250,27.80651,77.85153,90,0,,,,27.93403,28.40816,23.67112
1787023251,27.7184,77.7554,90,0,,,,27.90037,28.3743,23.73865
1787023252,27.76379,77.76608,90,0,,,,27.90037,28.50976,23.80618
1787023252,27.77714,77.88358,90,0,,,,28.00177,28.47589,23.63725
1787023253,27.8893,77.88052,90,0,,,,27.93403,28.2727,23.56952
1787023254,27.77714,77.8439,90,0,,,,27.93403,28.50976,23.63725
1787023254,27.80651,77.77829,90,0,,,,27.9681,28.50976,23.60338
1787023255,27.77714,77.82101,90,0,,,,28.03563,28.61136,23.87391
1787023256,27.80651,77.73403,90,0,,,,28.00177,28.3743,23.67112
1787023256,27.7184,77.74624,90,0,,,,27.90037,28.50976,23.80618
1787023257,27.64897,77.81186,90,0,,,,27.90037,28.40816,23.67112
1787023258,27.68902,77.69588,90,0,,,,27.9681,28.44203,23.56952
1787023258,27.79049,77.72945,90,0,,,,27.90037,28.61136,23.73865
1787023259,27.74777,77.65926,90,0,,,,27.90037,28.3743,23.63725
1787023260,27.74777,77.7203,90,0,,,,27.9681,28.47589,23.60338
1787023260,27.74777,77.78439,90,0,,,,28.00177,28.44203,23.63725
1787023261,27.76379,77.77829,90,0,,,,27.9681,28.54363,23.60338
1787023262,27.64897,77.77066,90,0,,,,27.93403,28.3743,23.63725
1787023262,27.73175,77.76913,90,0,,,,27.93403,28.44203,23.73865
1787023263,27.73175,77.76913,90,0,,,,27.93403,28.3743,23.77251
1787023264,27.80651,77.7554,90,0,,,,28.03563,28.47589,23.60338
1787023264,27.70504,77.82559,90,0,,,,27.83244,28.3743,23.73865
1787023265,27.76379,77.76608,90,0,,,,27.9681,28.61136,23.56952
1787023266,27.74777,77.85611,90,0,,,,28.00177,28.47589,23.70478
1787023266,27.73175,77.72793,90,0,,,,27.9681,28.40816,23.73865
1787023267,27.74777,77.81644,90,0,,,,28.03563,28.47589,23.77251
1787023268,27.74777,77.81644,90,0,,,,27.9681,28.44203,23.80618
1787023268,27.73175,77.84238,90,0,,,,27.9681,28.40816,23.84025
1787023269,27.66232,77.71114,90,0,,,,27.93403,28.34043,23.73865
1787023270,27.7184,77.68215,90,0,,,,27.93403,28.47589,23.63725
1787023270,27.66232,77.70046,90,0,,,,28.0697,28.54363,23.67112
1787023271,27.77714,77.83322,90,0,,,,27.90037,28.40816,23.56952
1787023272,27.76379,77.88968,90,0,,,,27.9681,28.47589,23.70478
1787023272,27.81987,77.71572,90,0,,,,27.90037,28.50976,23.67112
1787023273,27.73175,77.74776,90,0,,,,28.00177,28.40816,23.60338
1787023274,27.7184,77.91257,90,0,,,,27.93403,28.3743,23.73865
1787023274,27.74777,77.81644,90,0,,,,28.03563,28.44203,23.53585
1787023275,27.70504,77.6791,90,0,,,,28.03563,28.3743,23.60338
1787023276,27.74777,77.81644,90,0,,,,27.8665,28.54363,23.56952
1787023276,27.7184,77.7554,90,0,,,,27.9681,28.44203,23.67112
1787023277,27.76379,77.79813,90,0,,,,27.93403,28.57749,23.60338
1787023278,27.66232,77.87595,90,0,,,,27.90037,28.3743,23.63725
1787023278,27.68902,77.93546,90,0,,,,27.9681,28.34043,23.56952
1787023279,27.79049,77.77371,90,0,,,,28.0697,28.3743,23.77251
1787023280,27.70504,77.86679,90,0,,,,27.90037,28.50976,23.60338
1787023281,27.74777,78.01175,90,0,,,,28.00177,28.54363,23.67112
1787023281,27.80651,77.93393,90,0,,,,28.03563,28.54363,23.63725
1787023281,27.80651,77.81949,90,0,,,,27.93403,28.40816,23.70478
1787023282,27.73175,77.89426,90,0,,,,28.00177,28.44203,23.87391
1787023283,27.7184,77.95377,90,0,,,,27.93403,28.50976,23.67112
1787023283,27.70504,78.05447,90,0,,,,27.9681,28.3743,23.70478
1787023284,27.74777,78.14908,90,0,,,,28.00177,28.44203,23.73865
1787023285,27.84657,78.28794,90,0,,,,27.9681,28.44203,23.80618
1787023285,27.76379,78.2681,90,0,,,,27.90037,28.40816,23.56952
1787023286,27.76379,78.3505,90,0,,,,27.93403,28.40816,23.73865
1787023287,27.66232,78.46952,90,0,,,,28.00177,28.40816,23.60338
1787023287,27.68902,78.6862,90,0,,,,28.00177,28.44203,23.53585
1787023288,27.67567,78.48478,90,0,,,,28.00177,28.44203,23.50199
1787023289,27.80651,78.75792,90,0,,,,27.93403,28.44203,23.67112
1787023289,27.79049,78.8037,90,0,,,,27.93403,28.50976,23.50199
1787023290,27.66232,78.8037,90,0,,,,28.00177,28.40816,23.53585
1787023291,27.79049,78.89677,90,0,,,,27.9681,28.44203,23.63725
1787023291,27.80651,79.1516,90,0,,,,27.9681,28.44203,23.94144
1787023292,27.74777,78.98222,90,0,,,,28.03563,28.44203,23.73865
1787023293,27.80651,79.00511,90,0,,,,27.90037,28.47589,23.77251
1787023293,27.67567,79.11955,90,0,,,,27.93403,28.54363,23.67112
1787023294,27.60624,78.97765,90,0,,,,27.93403,28.40816,23.73865
1787023295,27.64897,79.10124,90,0,,,,27.93403,28.40816,23.60338
1787023295,27.63294,78.94102,90,0,,,,28.03563,28.50976,23.53585
1787023296,27.74777,79.04326,90,0,,,,28.0697,28.44203,23.73865
1787023297,27.74777,79.05547,90,0,,,,28.03563,28.34043,23.53585
1787023297,27.76379,79.03716,90,0,,,,27.93403,28.34043,23.77251
1787023298,27.79049,78.97002,90,0,,,,27.90037,28.40816,23.77251
1787023299,27.73175,78.8632,90,0,,,,27.9681,28.47589,23.63725
1787023299,27.7184,78.92271,90,0,,,,28.03563,28.44203,23.67112
1787023300,27.67567,78.80827,90,0,,,,27.93403,28.50976,23.73865
1787023301,27.76379,78.79607,90,0,,,,27.9681,28.44203,23.73865
1787023301,27.74777,78.86778,90,0,,,,28.03563,28.3743,23.73865
1787023302,27.79049,78.69993,90,0,,,,28.00177,28.50976,23.63725
1787023303,27.68902,78.72739,90,0,,,,28.03563,28.40816,23.43446
1787023303,27.76379,78.71366,90,0,,,,27.93403,28.54363,23.84025
1787023304,27.83322,78.75334,90,0,,,,27.93403,28.40816,23.63725
1787023305,27.67567,78.66178,90,0,,,,28.0697,28.50976,23.60338
1787023305,27.7184,78.5153,90,0,,,,28.03563,28.50976,23.70478
1787023306,27.7184,78.67246,90,0,,,,27.93403,28.50976,23.50199
1787023307,27.76379,78.62058,90,0,,,,27.9681,28.44203,23.77251
1787023307,27.73175,78.67551,90,0,,,,27.9681,28.50976,23.73865
1787023308,27.73175,78.6038,90,0,,,,27.90037,28.47589,23.73865
1787023309,27.79049,78.50156,90,0,,,,27.93403,28.44203,23.67112
1787023309,27.76379,78.55802,90,0,,,,28.03563,28.34043,23.56952
1787023310,27.74777,78.53361,90,0,,,,27.93403,28.57749,23.67112
1787023311,27.73175,78.63432,90,0,,,,27.93403,28.47589,23.73865
1787023311,27.73175,78.62211,90,0,,,,27.93403,28.61136,23.73865
1787023312,27.76379,78.55802,90,0,,,,27.93403,28.34043,23.77251
1787023313,27.74777,78.62669,90,0,,,,27.9681,28.3743,23.73865
1787023313,27.79049,78.72129,90,0,,,,27.90037,28.50976,23.70478
1787023314,27.76379,78.62974,90,0,,,,28.03563,28.57749,23.67112
1787023315,27.80651,78.72587,90,0,,,,27.93403,28.30656,23.77251
1787023315,27.74777,78.69993,90,0,,,,27.90037,28.34043,23.73865
1787023316,27.79049,78.79149,90,0,,,,28.00177,28.64523,23.73865
1787023317,27.7184,78.72587,90,0,,,,28.00177,28.57749,23.63725
1787023317,27.68902,78.75792,90,0,,,,27.93403,28.40816,23.60338
1787023318,27.7184,78.79607,90,0,,,,27.9681,28.47589,23.63725
1787023318,27.83322,78.90898,90,0,,,,27.93403,28.54363,23.63725
1787023319,27.77714,78.75945,90,0,,,,28.00177,28.3743,23.53585
1787023320,27.77714,78.93645,90,0,,,,27.9681,28.47589,23.67112
1787023321,27.84657,78.95476,90,0,,,,28.00177,28.44203,23.90778
1787023321,27.7184,78.90135,90,0,,,,27.90037,28.57749,23.56952
1787023322,27.68902,78.87389,90,0,,,,27.9681,28.50976,23.80618
1787023322,27.73175,78.95628,90,0,,,,27.93403,28.3743,23.67112
1787023323,27.73175,78.96544,90,0,,,,27.90037,28.50976,23.56952
1787023324,27.74777,78.91966,90,0,,,,27.90037,28.50976,23.77251
1787023324,27.77714,78.99748,90,0,,,,27.93403,28.34043,23.77251
1787023325,27.79049,78.95934,90,0,,,,28.03563,28.3743,23.60338
1787023326,27.70504,78.82353,90,0,,,,28.03563,28.40816,23.73865
1787023326,27.7184,78.90135,90,0,,,,27.9681,28.44203,23.70478
1787023327,27.79049,78.99138,90,0,,,,27.90037,28.47589,23.77251
1787023328,27.74777,78.84642,90,0,,,,28.03563,28.50976,23.67112
1787023328,27.74777,78.84642,90,0,,,,27.93403,28.40816,23.56952
1787023329,27.81987,78.94713,90,0,,,,27.93403,28.44203,23.90778
1787023330,27.70504,78.78233,90,0,,,,27.9681,28.57749,23.80618
1787023330,27.73175,78.7686,90,0,,,,27.9681,28.47589,23.73865
1787023331,27.73175,78.63432,90,0,,,,27.93403,28.44203,23.77251
1787023332,27.7184,78.67246,90,0,,,,28.00177,28.54363,23.67112
1787023332,27.70504,78.616,90,0,,,,27.9681,28.34043,23.56952
1787023333,27.77714,78.66636,90,0,,,,28.00177,28.47589,23.70478
1787023334,27.70504,78.46037,90,0,,,,28.00177,28.3743,23.67112
1787023334,27.68902,78.55192,90,0,,,,28.0697,28.40816,23.56952
1787023335,27.63294,78.50614,90,0,,,,28.00177,28.54363,23.70478
1787023336,27.79049,78.49241,90,0,,,,27.9681,28.44203,23.67112
1787023336,27.7184,78.50614,90,0,,,,27.9681,28.44203,23.80618
1787023337,27.76379,78.55802,90,0,,,,27.9681,28.50976,23.80618
1787023338,27.73175,78.30167,90,0,,,,27.83244,28.47589,23.56952
1787023338,27.67567,78.41154,90,0,,,,27.93403,28.44203,23.63725
1787023339,27.80651,78.42374,90,0,,,,27.9681,28.44203,23.56952
1787023340,27.70504,78.34592,90,0,,,,27.8665,28.54363,23.67112
1787023340,27.77714,78.38407,90,0,,,,27.90037,28.47589,23.67112
1787023341,27.81987,78.23758,90,0,,,,27.93403,28.50976,23.73865
1787023342,27.74777,78.28336,90,0,,,,27.9681,28.3743,23.70478
1787023342,27.66232,78.25132,90,0,,,,27.9681,28.44203,23.63725
1787023343,27.7184,78.18265,90,0,,,,28.03563,28.40816,23.70478
1787023344,27.76379,78.2681,90,0,,,,27.93403,28.47589,23.70478
1787023344,27.70504,78.21011,90,0,,,,28.03563,28.50976,23.60338
1787023345,27.79049,78.23148,90,0,,,,27.93403,28.47589,23.63725
1787023346,27.68902,78.25895,90,0,,,,28.00177,28.50976,23.50199
1787023346,27.70504,78.23148,90,0,,,,28.00177,28.54363,23.70478
1787023347,27.76379,78.18265,90,0,,,,27.93403,28.44203,23.67112
1787023348,27.68902,78.13535,90,0,,,,27.93403,28.57749,23.67112
1787023348,27.80651,78.1918,90,0,,,,28.00177,28.50976,23.73865
1787023349,27.76379,78.05753,90,0,,,,27.8665,28.44203,23.67112
1787023350,27.80651,78.08041,90,0,,,,28.00177,28.40816,23.60338
1787023350,27.76379,78.14145,90,0,,,,27.9681,28.47589,23.60338
1787023351,27.74777,78.05447,90,0,,,,28.03563,28.57749,23.63725
1787023352,27.73175,78.16434,90,0,,,,28.03563,28.47589,23.63725
1787023352,27.70504,78.14603,90,0,,,,27.93403,28.44203,23.63725
1787023353,27.73175,78.11398,90,0,,,,27.93403,28.44203,23.67112
1787023354,27.77714,78.22842,90,0,,,,28.0697,28.40816,23.63725
1787023354,27.70504,78.02243,90,0,,,,27.9681,28.3743,23.63725
1787023355,27.77714,78.08194,90,0,,,,27.93403,28.47589,23.70478
1787023356,27.76379,78.02548,90,0,,,,28.0697,28.40816,23.56952
1787023356,27.66232,78.07584,90,0,,,,28.0697,28.47589,23.77251
1787023357,27.70504,78.03464,90,0,,,,27.8665,28.34043,23.56952
1787023357,27.80651,77.92172,90,0,,,,28.00177,28.40816,23.73865
1787023358,27.74777,78.04379,90,0,,,,27.90037,28.47589,23.46812
1787023359,27.70504,78.04379,90,0,,,,28.00177,28.40816,23.73865
1787023360,27.76379,78.12161,90,0,,,,27.9681,28.3743,23.63725
1787023360,27.76379,78.14145,90,0,,,,27.9681,28.47589,23.73865
1787023361,27.81987,78.14603,90,0,,,,27.90037,28.3743,23.80618
1787023361,27.73175,78.23758,90,0,,,,27.9681,28.61136,23.67112
1787023362,27.73175,78.12314,90,0,,,,27.93403,28.61136,23.60338
1787023363,27.79049,78.14908,90,0,,,,27.9681,28.40816,23.63725
1787023363,27.68902,78.04074,90,0,,,,27.9681,28.40816,23.73865
1787023364,27.87594,78.11703,90,0,,,,27.90037,28.54363,23.63725
1787023365,27.77714,78.13535,90,0,,,,28.00177,28.3743,23.67112
1787023365,27.74777,78.08652,90,0,,,,27.9681,28.54363,23.70478
1787023366,27.7184,78.10025,90,0,,,,27.93403,28.57749,23.60338
1787023367,27.63294,77.91257,90,0,,,,27.93403,28.50976,23.70478
1787023367,27.79049,78.17807,90,0,,,,27.93403,28.54363,23.73865
1787023368,27.68902,78.08194,90,0,,,,27.9681,28.3743,23.67112
1787023369,27.68902,78.0621,90,0,,,,27.9681,28.40816,23.60338
1787023369,27.73175,78.0621,90,0,,,,28.0697,28.44203,23.70478
1787023370,27.67567,78.03616,90,0,,,,27.90037,28.44203,23.63725
1787023371,27.73175,78.1033,90,0,,,,27.93403,28.47589,23.63725
1787023371,27.79049,78.15976,90,0,,,,28.00177,28.30656,23.70478
1787023372,27.64897,78.13229,90,0,,,,27.93403,28.54363,23.63725
1787023373,27.74777,78.07584,90,0,,,,27.93403,28.44203,23.60338
1787023373,27.7184,78.1918,90,0,,,,27.90037,28.40816,23.67112
1787023374,27.66232,78.22232,90,0,,,,27.9681,28.3743,23.73865
1787023375,27.70504,78.11703,90,0,,,,27.93403,28.34043,23.63725
1787023375,27.68902,78.15366,90,0,,,,27.9681,28.40816,23.87391
1787023376,27.7184,78.17197,90,0,,,,27.93403,28.57749,23.67112
1787023377,27.80651,78.2559,90,0,,,,27.8665,28.30656,23.80618
1787023377,27.77714,78.20554,90,0,,,,27.90037,28.44203,23.46812
1787023378,27.77714,78.28184,90,0,,,,27.93403,28.61136,23.56952
1787023379,27.79049,78.24216,90,0,,,,28.03563,28.40816,23.73865
1787023379,27.73175,78.1857,90,0,,,,27.93403,28.40816,23.70478
1787023380,27.67567,78.22385,90,0,,,,27.90037,28.3743,23.73865
1787023381,27.70504,78.15823,90,0,,,,27.9681,28.34043,23.77251
1787023381,27.74777,78.17807,90,0,,,,27.90037,28.34043,23.73865
1787023382,27.7184,78.22385,90,0,,,,27.90037,28.34043,23.63725
1787023383,27.64897,78.22842,90,0,,,,27.9681,28.50976,23.67112
1787023383,27.79049,78.08499,90,0,,,,27.93403,28.40816,23.73865
1787023384,27.7184,78.10025,90,0,,,,27.9681,28.40816,23.80618
1787023385,27.73175,78.13535,90,0,,,,28.00177,28.54363,23.77251
1787023385,27.73175,78.23758,90,0,,,,27.9681,28.44203,23.77251
1787023386,27.73175,78.19638,90,0,,,,28.03563,28.3743,23.56952
1787023387,27.79049,78.17807,90,0,,,,28.00177,28.3743,23.70478
1787023387,27.74777,78.16891,90,0,,,,28.00177,28.50976,23.63725
1787023388,27.76379,78.15366,90,0,,,,27.9681,28.50976,23.53585
1787023389,27.74777,78.22232,90,0,,,,27.93403,28.54363,23.60338
1787023389,27.70504,78.13992,90,0,,,,27.9681,28.44203,23.84025
1787023390,27.68902,78.2269,90,0,,,,27.93403,28.40816,23.60338
1787023391,27.67567,78.16281,90,0,,,,27.93403,28.30656,23.50199
1787023391,27.60624,78.08194,90,0,,,,27.93403,28.3743,23.63725
1787023392,27.70504,78.23148,90,0,,,,27.93403,28.30656,23.70478
1787023393,27.70504,78.19028,90,0,,,,28.0697,28.40816,23.56952
1787023393,27.66232,78.13687,90,0,,,,27.93403,28.40816,23.77251
1787023394,27.70504,78.09567,90,0,,,,27.9681,28.47589,23.77251
1787023395,27.73175,78.1033,90,0,,,,27.90037,28.30656,23.60338
1787023395,27.77714,78.16434,90,0,,,,27.93403,28.50976,23.77251
1787023396,27.73175,78.0499,90,0,,,,27.93403,28.50976,23.73865
1787023396,27.68902,78.09415,90,0,,,,27.9681,28.47589,23.63725
1787023397,27.77714,78.17654,90,0,,,,28.00177,28.3743,23.77251
1787023398,27.67567,78.12161,90,0,,,,27.90037,28.50976,23.80618
1787023398,27.7184,78.06821,90,0,,,,27.9681,28.61136,23.67112
1787023399,27.83322,78.15976,90,0,,,,28.00177,28.54363,23.73865
1787023400,27.7184,78.03616,90,0,,,,27.93403,28.47589,23.73865
1787023400,27.7184,78.03616,90,0,,,,27.83244,28.47589,23.73865
1787023401,27.77714,78.0621,90,0,,,,28.00177,28.40816,23.63725
1787023402,27.73175,78.0499,90,0,,,,27.93403,28.40816,23.63725
1787023402,27.73175,78.0621,90,0,,,,27.90037,28.40816,23.73865
1787023403,27.74777,78.03464,90,0,,,,27.9681,28.3743,23.77251
1787023404,27.67567,78.03616,90,0,,,,27.93403,28.40816,23.67112
1787023404,27.67567,78.10025,90,0,,,,27.90037,28.44203,23.60338
1787023405,27.73175,78.0087,90,0,,,,27.90037,28.34043,23.80618
1787023406,27.77714,77.89426,90,0,,,,28.00177,28.47589,23.56952
1787023406,27.70504,77.90799,90,0,,,,27.9681,28.47589,23.70478
1787023407,27.74777,78.04379,90,0,,,,27.93403,28.44203,23.56952
1787023408,27.73175,77.94766,90,0,,,,28.03563,28.40816,23.67112
1787023408,27.70504,77.97208,90,0,,,,27.9681,28.50976,23.67112
1787023409,27.74777,78.17807,90,0,,,,27.9681,28.40816,23.70478
1787023410,27.76379,78.03616,90,0,,,,27.93403,28.44203,23.87391
1787023410,27.73175,77.99802,90,0,,,,27.9681,28.44203,23.80618
1787023411,27.64897,77.91562,90,0,,,,27.9681,28.3743,23.84025
1787023412,27.81987,77.99954,90,0,,,,27.93403,28.44203,23.67112
1787023412,27.7184,77.97513,90,0,,,,27.93403,28.30656,23.84025
1787023413,27.77714,78.04074,90,0,,,,28.00177,28.3743,23.70478
1787023414,27.73175,78.01785,90,0,,,,27.9681,28.34043,23.67112
1787023414,27.7184,78.02701,90,0,,,,28.03563,28.47589,23.60338
1787023415,27.74777,77.98123,90,0,,,,28.00177,28.44203,23.70478
1787023416,27.77714,77.99954,90,0,,,,28.00177,28.34043,23.60338
1787023416,27.76379,78.02548,90,0,,,,27.9681,28.2727,23.77251
1787023417,27.68902,77.91562,90,0,,,,27.9681,28.47589,23.67112
1787023418,27.73175,77.9675,90,0,,,,27.90037,28.44203,23.70478
1787023418,27.77714,77.94766,90,0,,,,27.93403,28.40816,23.70478
1787023419,27.68902,77.99802,90,0,,,,28.0697,28.47589,23.94144
1787023420,27.7184,77.94308,90,0,,,,27.9681,28.50976,23.63725
1787023420,27.76379,77.95377,90,0,,,,28.00177,28.44203,23.53585
1787023421,27.64897,77.95834,90,0,,,,28.03563,28.57749,23.63725
1787023422,27.7184,77.94308,90,0,,,,27.9681,28.34043,23.63725
1787023422,27.74777,77.98123,90,0,,,,27.9681,28.47589,23.67112
1787023423,27.76379,77.95377,90,0,,,,28.03563,28.57749,23.70478
1787023424,27.73175,78.01785,90,0,,,,27.9681,28.3743,23.50199
1787023424,27.67567,77.92172,90,0,,,,28.0697,28.30656,23.60338
1787023425,27.60624,77.89426,90,0,,,,27.93403,28.44203,23.73865
1787023426,27.7184,77.94308,90,0,,,,28.00177,28.44203,23.67112
1787023426,27.79049,78.04379,90,0,,,,27.90037,28.54363,23.77251
1787023427,27.73175,77.94766,90,0,,,,27.93403,28.61136,23.84025
1787023428,27.7184,78.04837,90,0,,,,27.9681,28.3743,23.73865
1787023428,27.79049,78.06363,90,0,,,,28.03563,28.61136,23.70478
1787023429,27.79049,77.9614,90,0,,,,27.9681,28.40816,23.70478
1787023430,27.76379,77.95377,90,0,,,,27.9681,28.44203,23.80618
1787023430,27.74777,77.94003,90,0,,,,27.8665,28.54363,23.77251
1787023431,27.8893,77.97513,90,0,,,,27.93403,28.3743,23.77251
1787023432,27.7184,77.90189,90,0,,,,27.93403,28.40816,24.04304
1787023432,27.59022,77.92172,90,0,,,,27.9681,28.34043,23.80618
1787023433,27.68902,77.93546,90,0,,,,27.90037,28.44203,23.67112
1787023434,27.7184,77.92172,90,0,,,,27.93403,28.47589,23.70478
1787023434,27.7184,77.88968,90,0,,,,28.0697,28.3743,23.67112
1787023435,27.7184,78.1506,90,0,,,,27.90037,28.40816,23.67112
1787023435,27.77714,78.04074,90,0,,,,27.9681,28.57749,23.73865
1787023436,27.70504,77.97208,90,0,,,,27.9681,28.40816,23.70478
1787023437,27.77714,77.86221,90,0,,,,27.93403,28.64523,23.70478
1787023437,27.86259,78.04074,90,0,,,,28.00177,28.30656,23.63725
1787023438,27.68902,77.97971,90,0,,,,28.00177,28.57749,23.70478
1787023439,27.74777,77.82559,90,0,,,,28.03563,28.50976,23.56952
1787023439,27.68902,77.94766,90,0,,,,28.00177,28.30656,23.63725
1787023440,27.68902,77.87442,90,0,,,,27.93403,28.54363,23.63725
1787023441,27.76379,77.92172,90,0,,,,27.8665,28.40816,23.73865
1787023441,27.76379,77.91257,90,0,,,,27.8665,28.40816,23.77251
1787023442,27.81987,77.97971,90,0,,,,27.9681,28.57749,23.80618
1787023443,27.70504,77.94003,90,0,,,,27.90037,28.3743,23.77251
1787023443,27.67567,77.91257,90,0,,,,28.00177,28.40816,23.70478
1787023444,27.70504,77.9202,90,0,,,,28.0697,28.44203,23.60338
1787023445,27.68902,77.88358,90,0,,,,27.9681,28.3743,23.73865
1787023445,27.68902,77.99802,90,0,,,,28.00177,28.44203,23.80618
1787023446,27.73175,77.9263,90,0,,,,27.83244,28.44203,23.84025
1787023447,27.70504,77.99039,90,0,,,,27.79877,28.40816,23.67112
1787023447,27.7184,77.95377,90,0,,,,27.93403,28.34043,23.67112
1787023448,27.73175,77.9675,90,0,,,,27.90037,28.47589,23.70478
1787023449,27.67567,77.88968,90,0,,,,27.9681,28.40816,23.60338
1787023449,27.74777,77.99344,90,0,,,,28.00177,28.44203,23.77251
1787023450,27.66232,77.95224,90,0,,,,27.9681,28.47589,23.70478
1787023451,27.7184,77.7554,90,0,,,,27.9681,28.40816,23.73865
1787023451,27.68902,77.9263,90,0,,,,27.9681,28.40816,23.60338
1787023452,27.76379,77.86069,90,0,,,,27.9681,28.47589,23.77251
1787023453,27.76379,77.90189,90,0,,,,28.10336,28.44203,23.46812
1787023453,27.80651,78.00717,90,0,,,,27.93403,28.44203,23.70478
1787023454,27.79049,78.02243,90,0,,,,27.93403,28.44203,23.67112
1787023455,27.7184,77.99496,90,0,,,,27.9681,28.44203,23.63725
1787023455,27.74777,77.97208,90,0,,,,27.9681,28.44203,23.63725
1787023456,27.67567,77.91257,90,0,,,,27.9681,28.34043,23.63725
1787023457,27.74777,78.00259,90,0,,,,27.9681,28.47589,23.73865
1787023457,27.73175,77.77982,90,0,,,,27.9681,28.47589,23.70478
1787023458,27.80651,77.97513,90,0,,,,27.8665,28.3743,23.63725
1787023459,27.63294,77.93393,90,0,,,,28.00177,28.47589,23.80618
1787023459,27.73175,77.94766,90,0,,,,27.8665,28.44203,23.67112
1787023460,27.67567,77.94308,90,0,,,,28.03563,28.2727,23.67112
1787023461,27.74777,77.98123,90,0,,,,27.9681,28.3743,23.60338
1787023461,27.7184,77.91257,90,0,,,,27.9681,28.47589,23.84025
1787023462,27.84657,77.93393,90,0,,,,27.9681,28.47589,23.67112
1787023463,27.67567,77.95377,90,0,,,,28.00177,28.47589,23.87391
1787023463,27.70504,78.02243,90,0,,,,28.00177,28.44203,23.60338
1787023464,27.7184,77.94308,90,0,,,,27.90037,28.47589,23.70478
1787023465,27.81987,78.04074,90,0,,,,27.93403,28.50976,23.56952
1787023465,27.73175,77.98886,90,0,,,,27.93403,28.44203,23.63725
1787023466,27.70504,78.14603,90,0,,,,27.93403,28.54363,23.56952
1787023467,27.76379,78.12161,90,0,,,,27.93403,28.40816,23.60338
1787023467,27.73175,78.08194,90,0,,,,27.90037,28.30656,23.63725
1787023468,27.77714,78.07126,90,0,,,,28.00177,28.3743,23.70478
1787023469,27.67567,77.98428,90,0,,,,27.90037,28.47589,23.56952
1787023469,27.67567,78.00412,90,0,,,,27.9681,28.47589,23.70478
1787023470,27.68902,78.03006,90,0,,,,27.8665,28.44203,23.67112
1787023471,27.79049,77.94919,90,0,,,,27.9681,28.54363,23.70478
1787023471,27.74777,78.03464,90,0,,,,27.9681,28.50976,23.46812
1787023472,27.76379,77.91257,90,0,,,,28.00177,28.34043,23.63725
1787023472,27.73175,77.99802,90,0,,,,27.8665,28.47589,23.50199
1787023473,27.7184,78.08957,90,0,,,,27.93403,28.57749,23.70478
1787023474,27.67567,77.99496,90,0,,,,28.10336,28.50976,23.80618
1787023474,27.70504,78.16891,90,0,,,,27.9681,28.54363,23.70478
1787023475,27.74777,78.09567,90,0,,,,27.9681,28.3743,23.63725
1787023476,27.70504,78.04379,90,0,,,,27.9681,28.3743,23.63725
1787023476,27.7184,78.00412,90,0,,,,27.93403,28.44203,23.73865
1787023477,27.80651,78.02548,90,0,,,,28.00177,28.47589,23.67112
1787023478,27.68902,77.97971,90,0,,,,27.93403,28.3743,23.73865
1787023478,27.68902,78.0621,90,0,,,,27.8665,28.44203,23.73865
1787023479,27.77714,77.88358,90,0,,,,28.00177,28.44203,23.53585
1787023480,27.73175,77.98886,90,0,,,,27.93403,28.40816,23.84025
1787023480,27.68902,78.04074,90,0,,,,27.90037,28.34043,23.80618
1787023481,27.73175,78.0499,90,0,,,,27.9681,28.2727,23.56952
1787023482,27.77714,78.1033,90,0,,,,28.00177,28.47589,23.77251
1787023482,27.70504,78.03464,90,0,,,,28.03563,28.54363,23.77251
1787023483,27.79049,78.00259,90,0,,,,27.93403,28.3743,23.67112
1787023484,27.64897,78.03006,90,0,,,,28.00177,28.34043,23.73865
1787023484,27.73175,78.0087,90,0,,,,28.00177,28.44203,23.67112
1787023485,27.74777,78.04379,90,0,,,,27.93403,28.44203,23.53585
1787023486,27.68902,77.90341,90,0,,,,28.00177,28.30656,23.84025
1787023486,27.70504,78.00259,90,0,,,,27.9681,28.47589,23.73865
1787023487,27.68902,77.9263,90,0,,,,27.9681,28.34043,23.70478
1787023488,27.73175,77.94766,90,0,,,,27.8665,28.40816,23.73865
1787023488,27.70504,78.00259,90,0,,,,28.00177,28.40816,23.73865
1787023489,27.73175,78.03006,90,0,,,,27.93403,28.54363,23.77251
1787023490,27.7184,77.97513,90,0,,,,28.0697,28.64523,23.70478
1787023490,27.81987,78.07126,90,0,,,,27.8665,28.34043,23.56952
1787023491,27.73175,77.85153,90,0,,,,27.93403,28.40816,23.70478
1787023492,27.73175,78.0087,90,0,,,,28.03563,28.40816,23.67112
1787023492,27.73175,78.0621,90,0,,,,27.93403,28.50976,23.63725
1787023493,27.77714,77.99954,90,0,,,,28.00177,28.44203,23.77251
1787023494,27.76379,77.97513,90,0,,,,27.9681,28.44203,23.63725
1787023494,27.67567,77.98428,90,0,,,,28.00177,28.3743,23.67112
1787023495,27.67567,77.86069,90,0,,,,27.9681,28.44203,23.63725
1787023496,27.76379,77.99496,90,0,,,,27.90037,28.40816,23.67112
1787023496,27.70504,78.01175,90,0,,,,28.00177,28.3743,23.84025
1787023497,27.7184,77.95377,90,0,,,,28.03563,28.40816,23.77251
1787023498,27.76379,78.03616,90,0,,,,27.9681,28.57749,23.67112
1787023498,27.70504,77.99039,90,0,,,,27.93403,28.47589,23.60338
1787023499,27.73175,77.95682,90,0,,,,28.03563,28.3743,23.77251
1787023500,27.74777,77.9614,90,0,,,,27.9681,28.44203,23.87391
1787023500,27.68902,77.93546,90,0,,,,27.93403,28.3743,23.63725
1787023501,27.73175,77.9263,90,0,,,,28.03563,28.57749,23.56952
1787023502,27.80651,77.88968,90,0,,,,27.93403,28.44203,23.77251
1787023502,27.73175,77.81186,90,0,,,,27.9681,28.40816,23.80618
1787023503,27.66232,77.9202,90,0,,,,27.9681,28.34043,23.56952
1787023504,27.76379,77.81949,90,0,,,,28.03563,28.30656,23.73865
1787023504,27.77714,77.9263,90,0,,,,27.9681,28.2727,23.80618
1787023505,27.76379,77.86069,90,0,,,,27.9681,28.50976,23.70478
1787023506,27.67567,77.91257,90,0,,,,28.0697,28.44203,23.73865
1787023506,27.70504,77.92935,90,0,,,,28.00177,28.40816,23.84025
1787023507,27.73175,78.03006,90,0,,,,27.93403,28.40816,23.63725
1787023508,27.67567,77.91257,90,0,,,,28.03563,28.3743,23.67112
1787023508,27.68902,77.95682,90,0,,,,27.9681,28.44203,23.70478
1787023509,27.7184,77.86069,90,0,,,,27.9681,28.47589,23.63725
1787023510,27.73175,77.9675,90,0,,,,27.93403,28.44203,23.80618
1787023510,27.68902,77.97971,90,0,,,,27.93403,28.40816,23.90778
1787023511,27.68902,77.97971,90,0,,,,28.00177,28.47589,23.70478
1787023511,27.70504,77.95224,90,0,,,,27.93403,28.40816,23.77251
1787023512,27.68902,78.01785,90,0,,,,27.93403,28.54363,23.73865
1787023513,27.80651,77.98581,90,0,,,,28.00177,28.44203,23.67112
1787023513,27.73175,77.86221,90,0,,,,27.9681,28.47589,23.70478
1787023514,27.79049,77.94919,90,0,,,,27.93403,28.54363,23.70478
1787023515,27.74777,77.94003,90,0,,,,28.03563,28.3743,23.70478
1787023515,27.7184,77.88052,90,0,,,,28.00177,28.40816,23.80618
1787023516,27.77714,77.8439,90,0,,,,27.9681,28.47589,23.50199
1787023517,27.7184,77.95377,90,0,,,,27.9681,28.3743,23.73865
1787023517,27.77714,77.95834,90,0,,,,28.03563,28.3743,23.63725
1787023518,27.68902,77.89426,90,0,,,,27.93403,28.30656,23.56952
1787023519,27.70504,77.9614,90,0,,,,28.00177,28.44203,23.70478
1787023519,27.7184,77.94308,90,0,,,,27.8665,28.3743,23.80618
1787023520,27.68902,77.89426,90,0,,,,28.03563,28.47589,23.80618
1787023521,27.7184,77.91257,90,0,,,,28.00177,28.3743,23.63725
1787023521,27.7184,78.02701,90,0,,,,27.9681,28.50976,23.53585
1787023522,27.81987,77.88358,90,0,,,,27.93403,28.64523,23.73865
1787023523,27.7184,77.93393,90,0,,,,27.93403,28.30656,23.63725
1787023523,27.77714,77.99954,90,0,,,,27.9681,28.40816,23.63725
1787023524,27.76379,77.92172,90,0,,,,27.93403,28.50976,23.67112
1787023525,27.68902,77.83017,90,0,,,,28.00177,28.47589,23.73865
1787023525,27.73175,77.76913,90,0,,,,28.03563,28.34043,23.77251
1787023526,27.77714,77.86221,90,0,,,,28.00177,28.50976,23.40059
1787023527,27.76379,77.96597,90,0,,,,28.00177,28.54363,23.80618
1787023527,27.66232,77.95224,90,0,,,,27.93403,28.44203,23.67112
1787023528,27.73175,77.90341,90,0,,,,27.93403,28.50976,23.67112
1787023529,27.73175,77.86221,90,0,,,,28.00177,28.40816,23.73865
1787023529,27.73175,77.93546,90,0,,,,27.9681,28.40816,23.67112
1787023530,27.76379,77.83017,90,0,,,,28.00177,28.40816,23.70478
1787023531,27.73175,77.80118,90,0,,,,27.9681,28.44203,23.60338
1787023531,27.80651,77.93393,90,0,,,,27.9681,28.47589,23.77251
1787023532,27.76379,77.90189,90,0,,,,28.00177,28.44203,23.63725
1787023533,27.70504,77.9614,90,0,,,,27.90037,28.34043,23.67112
1787023533,27.79049,77.89731,90,0,,,,28.00177,28.40816,23.67112
1787023534,27.7184,77.88968,90,0,,,,27.9681,28.47589,23.67112
1787023535,27.73175,77.86221,90,0,,,,27.90037,28.34043,23.77251
1787023535,27.7184,77.88968,90,0,,,,27.93403,28.44203,23.60338
1787023536,27.74777,77.89883,90,0,,,,27.9681,28.44203,23.60338
1787023537,27.74777,77.90799,90,0,,,,27.9681,28.40816,23.77251
1787023537,27.7184,77.94308,90,0,,,,28.00177,28.57749,23.70478
1787023538,27.80651,77.92172,90,0,,,,27.93403,28.44203,23.77251
1787023539,27.73175,77.94766,90,0,,,,27.9681,28.54363,23.60338
1787023539,27.73175,77.91562,90,0,,,,28.10336,28.40816,23.80618
1787023540,27.70504,77.95224,90,0,,,,27.9681,28.47589,23.73865
1787023541,27.80651,78.02548,90,0,,,,27.90037,28.50976,23.63725
1787023541,27.68902,77.9263,90,0,,,,28.00177,28.40816,23.63725
1787023542,27.76379,77.88968,90,0,,,,27.93403,28.44203,23.56952
1787023543,27.7184,77.96597,90,0,,,,27.93403,28.47589,23.67112
1787023543,27.77714,77.98886,90,0,,,,27.9681,28.34043,23.67112
1787023544,27.77714,77.95834,90,0,,,,27.9681,28.54363,23.67112
1787023545,27.81987,77.94766,90,0,,,,28.03563,28.44203,23.56952
1787023545,27.73175,77.82101,90,0,,,,27.9681,28.3743,23.67112
1787023546,27.7184,77.81949,90,0,,,,27.93403,28.44203,23.63725
1787023547,27.74777,77.87595,90,0,,,,28.00177,28.54363,23.73865
1787023547,27.74777,77.95224,90,0,,,,27.93403,28.44203,23.63725
1787023548,27.77714,77.87442,90,0,,,,27.93403,28.47589,23.60338
1787023548,27.70504,77.88815,90,0,,,,27.8665,28.40816,23.73865
1787023549,27.76379,77.88968,90,0,,,,27.83244,28.47589,23.56952
1787023550,27.70504,77.82559,90,0,,,,27.79877,28.3743,23.70478
1787023551,27.73175,77.9263,90,0,,,,27.9681,28.30656,23.50199
1787023551,27.70504,77.89883,90,0,,,,27.83244,28.34043,23.70478
1787023552,27.70504,77.85611,90,0,,,,27.93403,28.44203,23.67112
1787023552,27.80651,77.88968,90,0,,,,28.00177,28.44203,23.63725
1787023553,27.81987,78.0621,90,0,,,,27.93403,28.40816,23.70478
1787023554,27.74777,77.89883,90,0,,,,27.90037,28.40816,23.73865
1787023554,27.68902,77.99802,90,0,,,,28.03563,28.40816,23.73865
1787023555,27.67567,77.92172,90,0,,,,28.03563,28.44203,23.77251
1787023556,27.79049,77.89731,90,0,,,,27.90037,28.44203,23.60338
1787023556,27.76379,77.91257,90,0,,,,27.93403,28.40816,23.67112
1787023557,27.76379,77.91257,90,0,,,,27.93403,28.34043,23.60338
1787023558,27.73175,77.89426,90,0,,,,28.00177,28.40816,23.73865
1787023558,27.7184,77.94308,90,0,,,,27.9681,28.47589,23.67112
1787023559,27.77714,77.9263,90,0,,,,27.93403,28.30656,23.67112
1787023560,27.64897,78.0087,90,0,,,,28.00177,28.40816,23.60338
1787023560,27.90532,77.95834,90,0,,,,28.00177,28.40816,23.67112
1787023561,27.67567,78.03616,90,0,,,,27.90037,28.40816,23.90778
1787023562,27.83322,78.04379,90,0,,,,27.9681,28.44203,23.63725
1787023562,27.7184,77.92172,90,0,,,,27.93403,28.47589,23.73865
1787023563,27.7184,77.95377,90,0,,,,28.00177,28.44203,23.77251
1787023564,27.73175,77.98886,90,0,,,,27.9681,28.40816,23.67112
1787023564,27.84657,77.93393,90,0,,,,27.9681,28.3743,23.80618
1787023565,27.66232,77.87595,90,0,,,,27.90037,28.50976,23.67112
1787023566,27.73175,78.0087,90,0,,,,27.8665,28.50976,23.63725
1787023566,27.7184,78.08957,90,0,,,,27.90037,28.47589,23.77251
1787023567,27.70504,77.99039,90,0,,,,27.90037,28.61136,23.60338
1787023568,27.70504,77.94003,90,0,,,,28.00177,28.50976,23.63725
1787023568,27.70504,78.02243,90,0,,,,27.93403,28.47589,23.60338
1787023569,27.77714,78.0087,90,0,,,,28.0697,28.44203,23.73865
1787023570,27.74777,77.86679,90,0,,,,27.93403,28.40816,23.60338
1787023570,27.73175,77.99802,90,0,,,,28.10336,28.30656,23.70478
1787023571,27.70504,77.97208,90,0,,,,27.9681,28.34043,23.67112
1787023572,27.80651,77.94308,90,0,,,,27.8665,28.47589,23.60338
1787023572,27.67567,77.95377,90,0,,,,27.9681,28.3743,23.73865
1787023573,27.66232,77.83475,90,0,,,,28.03563,28.44203,23.67112
1787023574,27.73175,77.94766,90,0,,,,27.93403,28.47589,23.73865
1787023574,27.7184,78.00412,90,0,,,,28.00177,28.3743,23.63725
1787023575,27.73175,77.90341,90,0,,,,28.00177,28.34043,23.60338
1787023576,27.70504,77.89883,90,0,,,,28.00177,28.50976,23.67112
1787023576,27.77714,77.89426,90,0,,,,28.00177,28.47589,23.63725
1787023577,27.73175,77.93546,90,0,,,,27.9681,28.44203,23.70478
1787023578,27.70504,77.85611,90,0,,,,28.03563,28.3743,23.67112
1787023578,27.73175,77.87442,90,0,,,,27.9681,28.44203,23.63725
1787023579,27.77714,77.9263,90,0,,,,27.90037,28.50976,23.70478
1787023580,27.77714,77.95834,90,0,,,,27.9681,28.47589,23.70478
1787023580,27.77714,78.01785,90,0,,,,27.9681,28.44203,23.80618
1787023581,27.68902,77.91562,90,0,,,,27.93403,28.50976,23.73865
1787023582,27.76379,77.92172,90,0,,,,27.8665,28.44203,23.70478
1787023582,27.7184,77.86069,90,0,,,,27.90037,28.3743,23.70478
1787023583,27.68902,77.88358,90,0,,,,27.9681,28.3743,23.67112
1787023584,27.73175,77.89426,90,0,,,,27.8665,28.61136,23.67112
1787023584,27.76379,77.94308,90,0,,,,27.93403,28.44203,23.50199
1787023585,27.68902,77.98886,90,0,,,,27.93403,28.40816,23.70478
1787023586,27.7184,77.90189,90,0,,,,27.9681,28.47589,23.53585
1787023586,27.79049,77.94003,90,0,,,,27.83244,28.40816,23.70478
1787023587,27.73175,77.85153,90,0,,,,27.93403,28.40816,23.60338
1787023587,27.77714,78.0087,90,0,,,,27.79877,28.40816,23.70478
1787023588,27.80651,78.03616,90,0,,,,28.03563,28.34043,23.60338
1787023589,27.79049,77.75235,90,0,,,,27.8665,28.40816,23.60338
1787023589,27.73175,77.82101,90,0,,,,27.93403,28.40816,23.63725
1787023590,27.73175,77.84238,90,0,,,,28.00177,28.44203,23.84025
1787023591,27.64897,77.81186,90,0,,,,27.9681,28.47589,23.60338
1787023591,27.67567,77.8378,90,0,,,,27.93403,28.54363,23.84025
1787023592,27.86259,77.87442,90,0,,,,28.0697,28.50976,23.67112
1787023593,27.7184,77.86069,90,0,,,,27.90037,28.54363,23.73865
1787023593,27.77714,77.89426,90,0,,,,27.93403,28.3743,23.53585
1787023594,27.74777,77.85611,90,0,,,,28.03563,28.47589,23.67112
1787023595,27.7184,77.8378,90,0,,,,27.93403,28.61136,23.70478
1787023595,27.79049,77.9614,90,0,,,,27.9681,28.34043,23.60338
1787023596,27.76379,77.7554,90,0,,,,28.03563,28.40816,23.46812
1787023597,27.76379,77.83017,90,0,,,,27.93403,28.40816,23.77251
1787023597,27.73175,77.80118,90,0,,,,27.9681,28.3743,23.77251
1787023598,27.76379,77.93393,90,0,,,,27.93403,28.47589,23.67112
1787023599,27.68902,77.87442,90,0,,,,27.90037,28.3743,23.63725
1787023599,27.68902,77.90341,90,0,,,,27.93403,28.50976,23.67112
1787023600,27.67567,77.86984,90,0,,,,27.8665,28.57749,23.53585
1787023601,27.68902,77.83017,90,0,,,,27.93403,28.54363,23.63725
1787023601,27.73175,77.93546,90,0,,,,27.8665,28.54363,23.80618
1787023602,27.83322,77.98123,90,0,,,,27.9681,28.44203,23.73865
1787023603,27.73175,77.84238,90,0,,,,27.90037,28.44203,23.73865
1787023603,27.73175,77.9263,90,0,,,,27.9681,28.3743,23.70478
1787023604,27.73175,77.95682,90,0,,,,27.9681,28.40816,23.73865
1787023605,27.73175,77.86221,90,0,,,,27.93403,28.40816,23.67112
1787023605,27.81987,77.88358,90,0,,,,28.00177,28.3743,23.60338
1787023606,27.68902,77.91562,90,0,,,,27.9681,28.40816,23.70478
1787023607,27.68902,77.90341,90,0,,,,27.93403,28.3743,23.67112
1787023607,27.83322,77.88815,90,0,,,,27.90037,28.3743,23.53585
1787023608,27.70504,77.83475,90,0,,,,28.0697,28.44203,23.56952
1787023609,27.76379,77.79813,90,0,,,,27.8665,28.3743,23.70478
1787023609,27.68902,77.85153,90,0,,,,27.9681,28.34043,23.73865
1787023610,27.77714,77.91562,90,0,,,,27.93403,28.54363,23.53585
1787023611,27.67567,77.86984,90,0,,,,27.9681,28.44203,23.80618
1787023611,27.76379,77.90189,90,0,,,,27.9681,28.44203,23.67112
1787023612,27.79049,77.85611,90,0,,,,27.93403,28.40816,23.56952
1787023613,27.79049,77.90799,90,0,,,,28.00177,28.47589,23.73865
1787023613,27.7184,77.8378,90,0,,,,27.9681,28.64523,23.63725
1787023614,27.70504,77.77371,90,0,,,,27.90037,28.47589,23.70478
1787023615,27.74777,77.90799,90,0,,,,28.03563,28.50976,23.60338
1787023615,27.7184,77.72488,90,0,,,,27.90037,28.44203,23.63725
1787023616,27.73175,77.74776,90,0,,,,28.00177,28.47589,23.73865
1787023617,27.74777,77.95224,90,0,,,,27.9681,28.3743,23.67112
1787023617,27.68902,78.0499,90,0,,,,27.90037,28.54363,23.67112
1787023618,27.74777,77.92935,90,0,,,,27.93403,28.44203,23.46812
1787023619,27.74777,77.95224,90,0,,,,27.90037,28.40816,23.53585
1787023619,27.63294,77.84848,90,0,,,,27.9681,28.40816,23.56952
1787023620,27.68902,77.93546,90,0,,,,27.83244,28.44203,23.67112
1787023621,27.79049,77.87595,90,0,,,,27.9681,28.50976,23.70478
1787023621,27.73175,77.91562,90,0,,,,27.9681,28.40816,23.63725
1787023622,27.76379,77.83017,90,0,,,,28.00177,28.47589,23.67112
1787023623,27.67567,77.70199,90,0,,,,27.9681,28.47589,23.60338
1787023623,27.70504,77.86679,90,0,,,,27.8665,28.54363,23.60338
1787023624,27.70504,77.87595,90,0,,,,27.93403,28.50976,23.80618
1787023625,27.70504,77.85611,90,0,,,,28.03563,28.30656,23.67112
1787023625,27.7184,77.86984,90,0,,,,27.9681,28.47589,23.80618
1787023626,27.70504,77.87595,90,0,,,,28.0697,28.47589,23.63725
1787023626,27.7184,77.8378,90,0,,,,27.9681,28.44203,23.56952
1787023627,27.73175,77.93546,90,0,,,,28.00177,28.3743,23.77251
1787023628,27.73175,77.83322,90,0,,,,27.9681,28.3743,23.87391
1787023628,27.77714,77.9675,90,0,,,,27.9681,28.54363,23.56952
1787023629,27.76379,77.93393,90,0,,,,28.0697,28.40816,23.73865
1787023630,27.80651,77.90189,90,0,,,,27.9681,28.34043,23.70478
1787023630,27.70504,77.87595,90,0,,,,28.00177,28.54363,23.63725
1787023631,27.66232,77.89883,90,0,,,,27.93403,28.3743,23.50199
1787023632,27.74777,77.9614,90,0,,,,27.90037,28.44203,23.63725
1787023632,27.68902,77.84238,90,0,,,,27.9681,28.50976,23.73865
1787023633,27.70504,77.82559,90,0,,,,27.93403,28.34043,23.73865
1787023634,27.70504,77.85611,90,0,,,,28.00177,28.40816,23.73865
1787023634,27.73175,77.87442,90,0,,,,27.93403,28.47589,23.73865
1787023635,27.76379,77.88052,90,0,,,,27.9681,28.34043,23.77251
1787023636,27.81987,77.9675,90,0,,,,27.9681,28.47589,23.77251
1787023636,27.76379,77.86069,90,0,,,,27.9681,28.47589,23.73865
1787023637,27.76379,77.97513,90,0,,,,27.9681,28.47589,23.63725
1787023638,27.57687,77.86679,90,0,,,,27.9681,28.3743,23.77251
1787023638,27.67567,77.96597,90,0,,,,27.90037,28.50976,23.73865
1787023639,27.7184,77.88052,90,0,,,,28.00177,28.47589,23.70478
1787023640,27.81987,77.86221,90,0,,,,27.9681,28.40816,23.67112
1787023640,27.79049,78.01175,90,0,,,,27.93403,28.40816,23.87391
1787023641,27.68902,77.89426,90,0,,,,27.93403,28.34043,23.67112
1787023642,27.7184,77.92172,90,0,,,,27.9681,28.54363,23.70478
1787023642,27.74777,77.9614,90,0,,,,28.03563,28.44203,23.73865
1787023643,27.76379,77.86984,90,0,,,,27.90037,28.54363,23.80618
1787023644,27.61959,77.87595,90,0,,,,27.93403,28.30656,23.80618
1787023644,27.73175,77.74776,90,0,,,,27.93403,28.3743,23.70478
1787023645,27.73175,77.82101,90,0,,,,28.00177,28.54363,23.53585
1787023646,27.81987,77.9675,90,0,,,,27.9681,28.34043,23.73865
1787023646,27.77714,77.8439,90,0,,,,27.93403,28.50976,23.70478
1787023647,27.7184,77.91257,90,0,,,,28.00177,28.44203,23.67112
1787023648,27.68902,77.87442,90,0,,,,27.9681,28.57749,23.60338
1787023648,27.7184,77.83017,90,0,,,,27.93403,28.47589,23.60338
1787023649,27.81987,77.90341,90,0,,,,28.03563,28.34043,23.80618
1787023650,27.68902,77.86221,90,0,,,,27.8665,28.34043,23.70478
1787023650,27.7184,77.88052,90,0,,,,28.00177,28.40816,23.73865
1787023651,27.70504,78.00259,90,0,,,,27.9681,28.30656,23.60338
1787023652,27.73175,77.87442,90,0,,,,27.9681,28.47589,23.70478
1787023652,27.73175,77.95682,90,0,,,,27.93403,28.54363,23.73865
1787023653,27.80651,77.76608,90,0,,,,27.9681,28.40816,23.67112
1787023654,27.86259,77.9675,90,0,,,,28.00177,28.34043,23.63725
1787023654,27.7184,77.93393,90,0,,,,27.93403,28.47589,23.56952
1787023655,27.73175,77.89426,90,0,,,,27.9681,28.50976,23.63725
1787023656,27.80651,77.88968,90,0,,,,28.00177,28.40816,23.63725
1787023656,27.73175,77.82101,90,0,,,,27.93403,28.47589,23.60338
1787023657,27.74777,77.87595,90,0,,,,28.00177,28.50976,23.70478
1787023658,27.68902,77.77982,90,0,,,,27.9681,28.40816,23.60338
1787023658,27.77714,77.93546,90,0,,,,27.9681,28.44203,23.80618
1787023659,27.76379,77.94308,90,0,,,,27.9681,28.50976,23.67112
1787023660,27.80651,77.86069,90,0,,,,28.00177,28.40816,23.56952
1787023660,27.67567,77.88052,90,0,,,,28.00177,28.61136,23.67112
1787023661,27.68902,77.82101,90,0,,,,27.90037,28.40816,23.70478
1787023662,27.70504,77.89883,90,0,,,,27.9681,28.47589,23.67112
1787023662,27.66232,77.89883,90,0,,,,28.10336,28.47589,23.73865
1787023663,27.67567,77.88968,90,0,,,,27.90037,28.47589,23.63725
1787023663,27.83322,78.02243,90,0,,,,27.9681,28.40816,23.67112
1787023664,27.77714,77.89426,90,0,,,,27.9681,28.47589,23.77251
1787023665,27.68902,77.87442,90,0,,,,27.9681,28.3743,23.67112
1787023665,27.83322,77.91714,90,0,,,,27.90037,28.40816,23.97531
1787023666,27.67567,77.93393,90,0,,,,27.93403,28.3743,23.63725
1787023667,27.80651,77.92172,90,0,,,,28.00177,28.3743,23.70478
1787023667,27.73175,77.86221,90,0,,,,28.00177,28.40816,23.60338
1787023668,27.70504,77.86679,90,0,,,,27.90037,28.34043,23.60338
1787023669,27.80651,77.92172,90,0,,,,27.8665,28.50976,23.53585
1787023669,27.66232,77.89883,90,0,,,,28.03563,28.57749,23.73865
1787023670,27.7184,77.86069,90,0,,,,28.03563,28.50976,23.63725
1787023671,27.66232,77.86679,90,0,,,,27.9681,28.57749,23.60338
1787023671,27.68902,77.86221,90,0,,,,28.03563,28.40816,23.70478
1787023672,27.66232,77.83475,90,0,,,,27.90037,28.3743,23.70478
1787023673,27.70504,77.82559,90,0,,,,27.9681,28.50976,23.67112
1787023673,27.7184,77.93393,90,0,,,,27.9681,28.54363,23.73865
1787023674,27.76379,77.93393,90,0,,,,27.93403,28.50976,23.60338
1787023675,27.7184,77.77829,90,0,,,,28.0697,28.3743,23.60338
1787023675,27.70504,77.85611,90,0,,,,27.8665,28.57749,23.67112
1787023676,27.7184,77.79813,90,0,,,,27.93403,28.50976,23.84025
1787023677,27.74777,77.85611,90,0,,,,27.9681,28.47589,23.70478
1787023677,27.73175,77.91562,90,0,,,,27.90037,28.47589,23.84025
1787023678,27.80651,78.04837,90,0,,,,28.03563,28.44203,23.60338
1787023679,27.73175,77.86221,90,0,,,,27.93403,28.54363,23.70478
1787023679,27.83322,77.92935,90,0,,,,27.93403,28.3743,23.73865
1787023680,27.7184,78.00412,90,0,,,,27.90037,28.50976,23.70478
1787023681,27.83322,77.94003,90,0,,,,27.93403,28.47589,23.84025
1787023681,27.81987,77.98886,90,0,,,,28.00177,28.47589,23.63725
1787023682,27.74777,77.92935,90,0,,,,27.9681,28.40816,23.77251
1787023683,27.68902,77.81186,90,0,,,,28.00177,28.64523,23.50199
1787023683,27.7184,77.79813,90,0,,,,28.00177,28.61136,23.70478
1787023684,27.7184,77.86069,90,0,,,,27.93403,28.54363,23.60338
1787023685,27.79049,77.94919,90,0,,,,27.9681,28.47589,23.46812
1787023685,27.77714,77.95834,90,0,,,,27.9681,28.3743,23.73865
1787023686,27.76379,77.97513,90,0,,,,28.00177,28.47589,23.56952
1787023687,27.67567,77.84848,90,0,,,,27.93403,28.47589,23.67112
1787023687,27.73175,77.91562,90,0,,,,27.9681,28.50976,23.63725
1787023688,27.67567,77.88968,90,0,,,,27.90037,28.3743,23.90778
1787023689,27.73175,77.87442,90,0,,,,28.00177,28.40816,23.67112
1787023689,27.68902,77.83017,90,0,,,,28.00177,28.57749,23.63725
1787023690,27.80651,77.88052,90,0,,,,27.93403,28.64523,23.73865
1787023691,27.73175,78.04074,90,0,,,,27.93403,28.3743,23.56952
1787023691,27.77714,77.85153,90,0,,,,28.00177,28.30656,23.53585
1787023692,27.77714,78.11398,90,0,,,,28.00177,28.50976,23.77251
1787023693,27.77714,77.9675,90,0,,,,27.9681,28.47589,23.63725
1787023693,27.70504,77.78439,90,0,,,,28.00177,28.44203,23.56952
1787023694,27.66232,77.80576,90,0,,,,28.00177,28.50976,23.67112
1787023695,27.67567,77.95377,90,0,,,,27.9681,28.47589,23.63725
1787023695,27.77714,77.94766,90,0,,,,27.9681,28.50976,23.80618
1787023696,27.84657,77.86984,90,0,,,,28.00177,28.30656,23.63725
1787023697,27.73175,77.88358,90,0,,,,28.0697,28.47589,23.67112
1787023697,27.67567,77.76608,90,0,,,,27.9681,28.47589,23.70478
1787023698,27.67567,77.8378,90,0,,,,28.00177,28.40816,23.77251
1787023699,27.77714,77.8439,90,0,,,,28.00177,28.44203,23.60338
1787023699,27.81987,77.98886,90,0,,,,28.00177,28.47589,23.53585
1787023700,27.73175,77.86221,90,0,,,,28.00177,28.40816,23.63725
1787023701,27.67567,77.88052,90,0,,,,28.00177,28.23883,23.80618
1787023701,27.83322,77.94919,90,0,,,,27.93403,28.30656,23.67112
1787023702,27.77714,77.94766,90,0,,,,28.03563,28.40816,23.60338
1787023702,27.74777,77.9614,90,0,,,,27.93403,28.54363,23.70478
1787023703,27.68902,77.80118,90,0,,,,28.00177,28.30656,23.63725
1787023704,27.76379,77.92172,90,0,,,,27.8665,28.44203,23.67112
1787023704,27.74777,77.95224,90,0,,,,27.9681,28.50976,23.63725
1787023705,27.7184,77.96597,90,0,,,,27.9681,28.50976,23.73865
1787023706,27.80651,77.95377,90,0,,,,27.93403,28.50976,23.70478
1787023706,27.7184,77.90189,90,0,,,,27.93403,28.47589,23.67112
1787023707,27.7184,77.84848,90,0,,,,27.90037,28.54363,23.77251
1787023708,27.84657,78.04532,90,0,,,,27.9681,28.47589,23.80618
1787023708,27.63294,77.92172,90,0,,,,28.00177,28.40816,23.70478
1787023709,27.64897,77.91562,90,0,,,,28.00177,28.3743,23.73865
1787023710,27.67567,77.81949,90,0,,,,27.9681,28.30656,23.63725
1787023710,27.74777,77.84695,90,0,,,,28.00177,28.50976,23.80618
1787023711,27.86259,77.91562,90,0,,,,27.93403,28.40816,23.63725
1787023712,27.79049,77.86679,90,0,,,,28.03563,28.44203,23.80618
1787023712,27.73175,77.87442,90,0,,,,27.9681,28.54363,23.56952
1787023713,27.7184,77.94308,90,0,,,,27.9681,28.57749,23.73865
1787023714,27.7184,77.90189,90,0,,,,28.0697,28.54363,23.73865
1787023714,27.67567,77.80728,90,0,,,,28.03563,28.50976,23.73865
1787023715,27.68902,77.87442,90,0,,,,28.03563,28.44203,23.46812
1787023716,27.68902,77.88358,90,0,,,,28.00177,28.50976,23.77251
1787023716,27.74777,77.90799,90,0,,,,27.9681,28.3743,23.77251
1787023717,27.7184,77.81949,90,0,,,,27.8665,28.50976,23.60338
1787023718,27.77714,77.87442,90,0,,,,27.9681,28.44203,23.70478
1787023718,27.67567,77.94308,90,0,,,,28.00177,28.40816,23.63725
1787023719,27.7184,77.7554,90,0,,,,27.9681,28.47589,23.67112
1787023720,27.76379,77.91257,90,0,,,,27.9681,28.50976,23.70478
1787023720,27.77714,77.86221,90,0,,,,27.90037,28.30656,23.63725
1787023721,27.79049,77.90799,90,0,,,,27.9681,28.47589,23.67112
1787023722,27.7184,77.93393,90,0,,,,27.9681,28.44203,23.67112
1787023722,27.70504,77.86679,90,0,,,,27.9681,28.30656,23.73865
1787023723,27.80651,77.94308,90,0,,,,27.93403,28.44203,23.67112
1787023724,27.79049,77.84695,90,0,,,,27.93403,28.47589,23.60338
1787023724,27.76379,77.86984,90,0,,,,27.8665,28.40816,23.73865
1787023725,27.67567,78.05753,90,0,,,,28.00177,28.44203,23.73865
1787023726,27.83322,77.97208,90,0,,,,27.8665,28.47589,23.70478
1787023726,27.67567,77.91257,90,0,,,,27.90037,28.3743,23.87391
1787023727,27.67567,77.84848,90,0,,,,27.93403,28.3743,23.53585
1787023728,27.77714,77.89426,90,0,,,,28.00177,28.3743,23.77251
1787023728,27.79049,77.85611,90,0,,,,28.03563,28.47589,23.70478
1787023729,27.7184,77.92172,90,0,,,,28.10336,28.44203,23.73865
1787023730,27.68902,77.82101,90,0,,,,27.93403,28.54363,23.53585
1787023730,27.7184,77.90189,90,0,,,,27.90037,28.47589,23.67112
1787023731,27.79049,77.84695,90,0,,,,27.93403,28.30656,23.77251
1787023732,27.77714,77.82101,90,0,,,,27.9681,28.44203,23.53585
1787023732,27.64897,77.9263,90,0,,,,27.9681,28.61136,23.67112
1787023733,27.74777,77.88815,90,0,,,,27.83244,28.47589,23.60338
1787023734,27.81987,77.86221,90,0,,,,27.90037,28.47589,23.67112
1787023734,27.83322,77.90799,90,0,,,,28.0697,28.3743,23.70478
1787023735,27.68902,77.86221,90,0,,,,27.93403,28.3743,23.77251
1787023736,27.66232,77.81644,90,0,,,,27.9681,28.44203,23.63725
1787023736,27.7184,77.83017,90,0,,,,27.90037,28.3743,23.67112
1787023737,27.80651,77.95377,90,0,,,,27.9681,28.47589,23.63725
1787023738,27.73175,77.85153,90,0,,,,27.9681,28.64523,23.50199
1787023738,27.70504,77.78439,90,0,,,,27.90037,28.30656,23.70478
1787023739,27.67567,77.86984,90,0,,,,27.9681,28.44203,23.63725
1787023740,27.67567,77.81949,90,0,,,,27.9681,28.47589,23.67112
1787023740,27.67567,77.80728,90,0,,,,27.93403,28.50976,23.63725
1787023741,27.79049,77.97208,90,0,,,,28.00177,28.34043,23.50199
1787023741,27.74777,77.98123,90,0,,,,28.03563,28.44203,23.73865
1787023742,27.76379,77.95377,90,0,,,,27.9681,28.50976,23.63725
1787023743,27.64897,77.90646,90,0,,,,27.9681,28.3743,23.70478
1787023743,27.77714,77.89426,90,0,,,,27.93403,28.40816,23.87391
1787023744,27.77714,77.95834,90,0,,,,27.93403,28.30656,23.60338
1787023745,27.67567,77.91257,90,0,,,,28.00177,28.44203,23.77251
1787023745,27.70504,77.9614,90,0,,,,28.03563,28.54363,23.56952
1787023746,27.70504,77.89883,90,0,,,,27.93403,28.40816,23.60338
1787023747,27.73175,78.0087,90,0,,,,27.93403,28.57749,23.84025
1787023747,27.76379,77.99496,90,0,,,,27.93403,28.44203,23.67112
1787023748,27.70504,77.98123,90,0,,,,27.90037,28.40816,23.60338
1787023749,27.76379,77.92172,90,0,,,,27.90037,28.40816,23.63725
1787023749,27.60624,77.98886,90,0,,,,27.90037,28.50976,23.67112
1787023750,27.80651,77.97513,90,0,,,,27.8665,28.3743,23.73865
1787023751,27.74777,78.05447,90,0,,,,28.03563,28.54363,23.70478
1787023751,27.66232,78.02243,90,0,,,,27.9681,28.54363,23.56952
1787023752,27.67567,78.10941,90,0,,,,28.03563,28.47589,23.63725
1787023753,27.68902,78.1857,90,0,,,,28.00177,28.47589,23.56952
1787023753,27.80651,78.17197,90,0,,,,27.9681,28.50976,23.70478
1787023754,27.74777,78.13992,90,0,,,,28.03563,28.44203,23.67112
1787023755,27.83322,78.21927,90,0,,,,28.03563,28.47589,23.70478
1787023755,27.73175,78.31998,90,0,,,,27.8665,28.47589,23.63725
1787023756,27.70504,78.19943,90,0,,,,27.9681,28.54363,23.73865
1787023757,27.77714,78.30167,90,0,,,,27.93403,28.40816,23.67112
1787023757,27.74777,78.46189,90,0,,,,27.9681,28.40816,23.67112
1787023758,27.73175,78.31998,90,0,,,,27.8665,28.50976,23.67112
1787023759,27.7184,78.33829,90,0,,,,27.8665,28.44203,23.70478
1787023759,27.66232,78.44816,90,0,,,,27.8665,28.47589,23.63725
1787023760,27.74777,78.29557,90,0,,,,27.90037,28.54363,23.73865
1787023761,27.79049,78.34592,90,0,,,,27.9681,28.54363,23.70478
1787023761,27.70504,78.3978,90,0,,,,27.93403,28.44203,23.77251
1787023762,27.74777,78.32456,90,0,,,,27.93403,28.54363,23.77251
1787023763,27.76379,78.4329,90,0,,,,28.00177,28.40816,23.43446
1787023763,27.74777,78.32456,90,0,,,,28.00177,28.47589,23.70478
1787023764,27.66232,78.42985,90,0,,,,28.00177,28.54363,23.90778
1787023765,27.79049,78.42985,90,0,,,,27.9681,28.44203,23.63725
1787023765,27.76379,78.41154,90,0,,,,28.00177,28.50976,23.70478
1787023766,27.7184,78.40238,90,0,,,,27.9681,28.34043,23.77251
1787023767,27.7184,78.44358,90,0,,,,27.9681,28.34043,23.67112
1787023767,27.63294,78.40086,90,0,,,,27.90037,28.44203,23.80618
1787023768,27.73175,78.26963,90,0,,,,28.00177,28.3743,23.60338
1787023769,27.70504,78.28336,90,0,,,,27.90037,28.54363,23.73865
1787023769,27.77714,78.39323,90,0,,,,28.00177,28.34043,23.60338
1787023770,27.70504,78.33372,90,0,,,,27.9681,28.54363,23.67112
1787023771,27.77714,78.37339,90,0,,,,27.9681,28.47589,23.67112
1787023771,27.74777,78.28336,90,0,,,,27.93403,28.40816,23.73865
1787023772,27.76379,78.3505,90,0,,,,27.9681,28.54363,23.70478
1787023773,27.7184,78.31846,90,0,,,,27.9681,28.44203,23.70478
1787023773,27.7184,78.37034,90,0,,,,27.9681,28.40816,23.73865
1787023774,27.7184,78.54734,90,0,,,,28.00177,28.47589,23.73865
1787023775,27.66232,78.34592,90,0,,,,27.93403,28.34043,23.63725
1787023775,27.74777,78.28336,90,0,,,,27.90037,28.57749,23.67112
1787023776,27.7184,78.33829,90,0,,,,27.90037,28.3743,23.70478
1787023777,27.67567,78.34745,90,0,,,,27.9681,28.44203,23.63725
1787023777,27.73175,78.33219,90,0,,,,27.9681,28.40816,23.73865
1787023778,27.64897,78.44663,90,0,,,,27.90037,28.40816,23.73865
1787023778,27.66232,78.37797,90,0,,,,27.90037,28.47589,23.63725
1787023779,27.74777,78.42985,90,0,,,,27.79877,28.40816,23.84025
1787023780,27.74777,78.24216,90,0,,,,27.83244,28.47589,23.60338
1787023781,27.66232,78.23148,90,0,,,,27.9681,28.44203,23.70478
1787023781,27.70504,78.439,90,0,,,,28.03563,28.40816,23.53585
1787023782,27.77714,78.39323,90,0,,,,27.93403,28.34043,23.77251
1787023782,27.81987,78.43748,90,0,,,,28.03563,28.57749,23.60338
1787023783,27.76379,78.3917,90,0,,,,27.93403,28.54363,23.73865
1787023784,27.80651,78.61143,90,0,,,,28.00177,28.34043,23.56952
1787023784,27.7184,78.35966,90,0,,,,27.8665,28.47589,23.67112
1787023785,27.77714,78.47562,90,0,,,,27.8665,28.3743,23.60338
1787023786,27.7184,78.41154,90,0,,,,28.00177,28.40816,23.77251
1787023786,27.83322,78.42985,90,0,,,,28.00177,28.54363,23.77251
1787023787,27.68902,78.46647,90,0,,,,27.9681,28.47589,23.56952
1787023788,27.74777,78.58549,90,0,,,,27.93403,28.44203,23.67112
1787023788,27.68902,78.39323,90,0,,,,28.00177,28.34043,23.67112
1787023789,27.76379,78.55802,90,0,,,,27.93403,28.57749,23.80618
1787023790,27.73175,78.52903,90,0,,,,28.00177,28.2727,23.70478
1787023790,27.68902,78.67551,90,0,,,,28.00177,28.57749,23.77251
1787023791,27.73175,78.59312,90,0,,,,28.00177,28.40816,23.50199
1787023792,27.70504,78.62669,90,0,,,,27.9681,28.3743,23.67112
1787023792,27.7184,78.64957,90,0,,,,27.9681,28.40816,23.77251
1787023793,27.7184,78.68162,90,0,,,,27.93403,28.47589,23.67112
1787023794,27.68902,78.61143,90,0,,,,27.93403,28.3743,23.77251
1787023794,27.74777,78.68009,90,0,,,,27.93403,28.44203,23.77251
1787023795,27.68902,78.66331,90,0,,,,27.93403,28.3743,23.70478
1787023796,27.7184,78.69382,90,0,,,,28.00177,28.54363,23.90778
1787023796,27.73175,78.56107,90,0,,,,27.9681,28.47589,23.70478
1787023797,27.76379,78.7457,90,0,,,,28.03563,28.44203,23.60338
1787023798,27.77714,78.75945,90,0,,,,28.10336,28.40816,23.60338
1787023798,27.80651,78.69382,90,0,,,,27.93403,28.44203,23.56952
1787023799,27.67567,78.72587,90,0,,,,28.03563,28.47589,23.60338
1787023800,27.64897,78.70756,90,0,,,,27.93403,28.40816,23.56952
1787023800,27.73175,78.64347,90,0,,,,27.93403,28.50976,23.73865
1787023801,27.73175,78.70756,90,0,,,,28.03563,28.54363,23.53585
1787023802,27.64897,78.64347,90,0,,,,28.00177,28.44203,23.63725
1787023802,27.83322,78.77318,90,0,,,,27.93403,28.20496,23.56952
1787023803,27.68902,78.70756,90,0,,,,27.93403,28.44203,23.53585
1787023804,27.76379,78.68162,90,0,,,,28.0697,28.40816,23.53585
1787023804,27.79049,78.58549,90,0,,,,27.93403,28.57749,23.53585
1787023805,27.74777,78.57633,90,0,,,,27.93403,28.44203,23.70478
1787023806,27.7184,78.67246,90,0,,,,27.93403,28.40816,23.73865
1787023806,27.73175,78.70756,90,0,,,,28.03563,28.3743,23.63725
1787023807,27.7184,78.62058,90,0,,,,27.9681,28.54363,23.67112
1787023808,27.74777,78.68009,90,0,,,,28.0697,28.54363,23.77251
1787023808,27.64897,78.6862,90,0,,,,27.93403,28.34043,23.63725
1787023809,27.76379,78.72587,90,0,,,,27.9681,28.40816,23.77251
1787023810,27.74777,78.82353,90,0,,,,27.90037,28.47589,23.70478
1787023810,27.7184,78.68162,90,0,,,,28.00177,28.47589,23.73865
1787023811,27.74777,78.81438,90,0,,,,27.9681,28.34043,23.63725
1787023812,27.66232,78.82353,90,0,,,,27.93403,28.3743,23.73865
1787023812,27.83322,78.85558,90,0,,,,28.00177,28.50976,23.73865
1787023813,27.67567,78.68162,90,0,,,,28.03563,28.44203,23.73865
1787023814,27.70504,78.72129,90,0,,,,28.00177,28.54363,23.67112
1787023814,27.7184,78.76402,90,0,,,,28.00177,28.2727,23.80618
1787023815,27.7184,78.76402,90,0,,,,27.93403,28.3743,23.67112
1787023816,27.80651,78.78691,90,0,,,,28.00177,28.40816,23.73865
1787023816,27.79049,78.94102,90,0,,,,27.9681,28.47589,23.67112
1787023817,27.79049,78.77318,90,0,,,,27.9681,28.44203,23.73865
1787023817,27.77714,78.83116,90,0,,,,28.0697,28.40816,23.63725
1787023818,27.67567,78.76402,90,0,,,,27.9681,28.44203,23.67112
1787023819,27.77714,78.88304,90,0,,,,27.9681,28.57749,23.56952
1787023819,27.79049,79.01122,90,0,,,,27.9681,28.44203,23.77251
1787023820,27.76379,78.84947,90,0,,,,28.10336,28.54363,23.67112
1787023821,27.7184,78.83727,90,0,,,,27.9681,28.40816,23.80618
1787023821,27.74777,78.92882,90,0,,,,27.90037,28.47589,23.56952
1787023822,27.73175,78.8098,90,0,,,,27.83244,28.47589,23.56952
1787023823,27.66232,78.82353,90,0,,,,27.9681,28.47589,23.70478
1787023823,27.74777,78.8037,90,0,,,,27.9681,28.54363,23.53585
1787023824,27.73175,78.77776,90,0,,,,27.93403,28.44203,23.87391
1787023825,27.76379,78.79607,90,0,,,,27.93403,28.3743,23.84025
1787023825,27.76379,78.72587,90,0,,,,27.90037,28.44203,23.63725
1787023826,27.68902,78.74876,90,0,,,,28.00177,28.30656,23.73865
1787023827,27.74777,78.68925,90,0,,,,28.00177,28.50976,23.70478
1787023827,27.76379,78.57938,90,0,,,,28.00177,28.3743,23.70478
1787023828,27.73175,78.69535,90,0,,,,28.00177,28.47589,23.70478
1787023829,27.76379,78.55802,90,0,,,,28.00177,28.44203,23.70478
1787023829,27.73175,78.63432,90,0,,,,27.9681,28.44203,23.70478
1787023830,27.61959,78.59464,90,0,,,,27.93403,28.47589,23.63725
1787023831,27.68902,78.51987,90,0,,,,27.9681,28.54363,23.70478
1787023831,27.76379,78.57938,90,0,,,,27.93403,28.47589,23.67112
1787023832,27.76379,78.59922,90,0,,,,27.90037,28.57749,23.63725
1787023833,27.79049,78.50156,90,0,,,,27.93403,28.47589,23.63725
1787023833,27.7184,78.48478,90,0,,,,27.83244,28.50976,23.60338
1787023834,27.70504,78.54429,90,0,,,,27.9681,28.3743,23.67112
1787023835,27.7184,78.46189,90,0,,,,27.93403,28.44203,23.84025
1787023835,27.68902,78.47562,90,0,,,,27.8665,28.40816,23.67112
1787023836,27.70504,78.3978,90,0,,,,27.9681,28.47589,23.77251
1787023837,27.73175,78.40543,90,0,,,,27.93403,28.3743,23.70478
1787023837,27.73175,78.36423,90,0,,,,28.0697,28.54363,23.73865
1787023838,27.81987,78.40543,90,0,,,,28.00177,28.44203,23.70478
1787023839,27.74777,78.38865,90,0,,,,27.8665,28.57749,23.84025
1787023839,27.68902,78.35203,90,0,,,,28.03563,28.50976,23.60338
1787023840,27.74777,78.42985,90,0,,,,27.90037,28.47589,23.73865
1787023841,27.7184,78.35966,90,0,,,,27.93403,28.57749,23.77251
1787023841,27.81987,78.31083,90,0,,,,28.0697,28.40816,23.63725
1787023842,27.66232,78.34592,90,0,,,,27.90037,28.47589,23.67112
1787023843,27.64897,78.22842,90,0,,,,28.03563,28.40816,23.73865
1787023843,27.77714,78.30167,90,0,,,,28.03563,28.3743,23.67112
1787023844,27.70504,78.31388,90,0,,,,28.00177,28.34043,23.67112
1787023845,27.70504,78.19028,90,0,,,,27.93403,28.3743,23.77251
1787023845,27.7184,78.27726,90,0,,,,27.93403,28.40816,23.67112
1787023846,27.74777,78.38865,90,0,,,,27.9681,28.54363,23.70478
1787023847,27.79049,78.31541,90,0,,,,27.93403,28.44203,23.73865
1787023847,27.68902,78.21774,90,0,,,,27.9681,28.3743,23.60338
1787023848,27.70504,78.22232,90,0,,,,27.9681,28.44203,23.80618
1787023849,27.7184,78.17197,90,0,,,,27.9681,28.47589,23.63725
1787023849,27.7184,78.14145,90,0,,,,28.00177,28.34043,23.67112
1787023850,27.70504,78.06363,90,0,,,,28.03563,28.3743,23.56952
1787023851,27.7184,78.1918,90,0,,,,27.90037,28.44203,23.60338
1787023851,27.79049,78.17807,90,0,,,,27.93403,28.40816,23.73865
1787023852,27.73175,78.17654,90,0,,,,27.9681,28.44203,23.73865
1787023853,27.7184,78.23605,90,0,,,,27.90037,28.3743,23.60338
1787023853,27.67567,78.06821,90,0,,,,27.93403,28.44203,23.84025
1787023854,27.73175,78.16434,90,0,,,,27.93403,28.44203,23.73865
1787023855,27.66232,78.13687,90,0,,,,28.00177,28.54363,23.84025
1787023855,27.77714,78.1857,90,0,,,,27.9681,28.40816,23.60338
1787023856,27.7184,78.21469,90,0,,,,27.90037,28.34043,23.77251
1787023856,27.73175,78.15366,90,0,,,,27.9681,28.40816,23.67112
1787023857,27.79049,78.24216,90,0,,,,27.93403,28.3743,23.80618
1787023858,27.7184,78.10941,90,0,,,,28.00177,28.40816,23.63725
1787023858,27.7184,78.17197,90,0,,,,28.00177,28.57749,23.67112
1787023859,27.76379,78.28794,90,0,,,,28.00177,28.50976,23.63725
1787023860,27.81987,78.15518,90,0,,,,27.9681,28.3743,23.77251
1787023860,27.77714,78.17654,90,0,,,,27.90037,28.47589,23.67112
1787023861,27.74777,78.10788,90,0,,,,28.00177,28.44203,23.73865
1787023862,27.74777,78.16891,90,0,,,,27.93403,28.54363,23.70478
1787023862,27.66232,78.17807,90,0,,,,27.8665,28.50976,23.70478
1787023863,27.7184,78.21469,90,0,,,,28.03563,28.47589,23.80618
1787023864,27.76379,78.24521,90,0,,,,27.9681,28.30656,23.77251
1787023864,27.67567,78.20401,90,0,,,,27.8665,28.40816,23.67112
1787023865,27.74777,78.21011,90,0,,,,28.00177,28.50976,23.60338
1787023866,27.76379,78.21469,90,0,,,,27.9681,28.40816,23.73865
1787023866,27.81987,78.30167,90,0,,,,27.90037,28.47589,23.67112
1787023867,27.68902,78.30015,90,0,,,,28.00177,28.50976,23.80618
1787023868,27.67567,78.22385,90,0,,,,27.9681,28.54363,23.60338
1787023868,27.70504,78.34592,90,0,,,,27.9681,28.34043,23.67112
1787023869,27.77714,78.25895,90,0,,,,28.03563,28.44203,23.60338
1787023870,27.68902,78.31083,90,0,,,,28.00177,28.3743,23.67112
1787023870,27.76379,78.32761,90,0,,,,27.93403,28.57749,23.67112
1787023871,27.68902,78.34135,90,0,,,,27.9681,28.44203,23.60338
1787023872,27.7184,78.30625,90,0,,,,27.90037,28.3743,23.77251
1787023872,27.70504,78.27421,90,0,,,,28.00177,28.44203,23.87391
1787023873,27.64897,78.40543,90,0,,,,27.9681,28.61136,23.63725
1787023874,27.7184,78.42374,90,0,,,,27.93403,28.54363,23.77251
1787023874,27.7184,78.4741,90,0,,,,27.9681,28.44203,23.73865
1787023875,27.7184,78.28794,90,0,,,,27.9681,28.3743,23.60338
1787023876,27.79049,78.41917,90,0,,,,27.93403,28.3743,23.60338
1787023876,27.7184,78.41154,90,0,,,,27.93403,28.40816,23.77251
1787023877,27.70504,78.45121,90,0,,,,27.90037,28.44203,23.63725
1787023878,27.68902,78.45579,90,0,,,,27.93403,28.50976,23.60338
1787023878,27.74777,78.53361,90,0,,,,28.00177,28.44203,23.60338
1787023879,27.7184,78.41154,90,0,,,,27.93403,28.44203,23.63725
1787023880,27.66232,78.41001,90,0,,,,27.8665,28.47589,23.67112
1787023880,27.81987,78.53056,90,0,,,,27.93403,28.57749,23.84025
1787023881,27.70504,78.41917,90,0,,,,27.9681,28.40816,23.70478
1787023882,27.7184,78.49393,90,0,,,,28.03563,28.47589,23.63725
1787023882,27.7184,78.52598,90,0,,,,27.9681,28.50976,23.63725
1787023883,27.68902,78.56107,90,0,,,,27.9681,28.44203,23.70478
1787023884,27.73175,78.43748,90,0,,,,27.90037,28.47589,23.56952
1787023884,27.76379,78.53819,90,0,,,,27.90037,28.44203,23.67112
1787023885,27.74777,78.51225,90,0,,,,27.93403,28.54363,23.80618
1787023886,27.74777,78.57633,90,0,,,,28.00177,28.44203,23.80618
1787023886,27.67567,78.4329,90,0,,,,27.93403,28.50976,23.63725
1787023887,27.73175,78.48783,90,0,,,,27.9681,28.54363,23.73865
1787023888,27.70504,78.4802,90,0,,,,27.93403,28.44203,23.60338
1787023888,27.80651,78.53819,90,0,,,,27.93403,28.44203,23.53585
1787023889,27.7184,78.42374,90,0,,,,27.93403,28.50976,23.67112
1787023890,27.73175,78.45731,90,0,,,,27.9681,28.47589,23.60338
1787023890,27.67567,78.5153,90,0,,,,27.9681,28.64523,23.63725
1787023891,27.86259,78.55192,90,0,,,,28.00177,28.47589,23.67112
1787023892,27.80651,78.37949,90,0,,,,28.00177,28.40816,23.70478
1787023892,27.67567,78.37034,90,0,,,,27.9681,28.50976,23.70478
1787023893,27.67567,78.48478,90,0,,,,27.93403,28.44203,23.70478
1787023893,27.68902,78.38407,90,0,,,,27.93403,28.54363,23.67112
1787023894,27.70504,78.439,90,0,,,,27.9681,28.44203,23.67112
1787023895,27.76379,78.44358,90,0,,,,27.93403,28.47589,23.70478
1787023895,27.61959,78.28184,90,0,,,,27.90037,28.3743,23.73865
1787023896,27.74777,78.42985,90,0,,,,28.00177,28.47589,23.70478
1787023897,27.61959,78.36576,90,0,,,,27.90037,28.40816,23.67112
1787023897,27.76379,78.3505,90,0,,,,28.00177,28.3743,23.80618
1787023898,27.68902,78.29099,90,0,,,,27.9681,28.50976,23.73865
1787023899,27.74777,78.30625,90,0,,,,27.9681,28.44203,23.67112
1787023899,27.74777,78.41001,90,0,,,,28.00177,28.40816,23.53585
1787023900,27.67567,78.21317,90,0,,,,27.9681,28.47589,23.67112
1787023901,27.70504,78.22232,90,0,,,,28.00177,28.40816,23.56952
1787023901,27.77714,78.31083,90,0,,,,27.9681,28.61136,23.53585
1787023902,27.63294,78.29557,90,0,,,,27.90037,28.47589,23.70478
1787023903,27.68902,78.30015,90,0,,,,28.00177,28.47589,23.70478
1787023903,27.70504,78.32456,90,0,,,,27.9681,28.50976,23.56952
1787023904,27.73175,78.23758,90,0,,,,28.00177,28.50976,23.60338
1787023905,27.76379,78.3093,90,0,,,,27.8665,28.54363,23.63725
1787023905,27.66232,78.30473,90,0,,,,27.9681,28.34043,23.70478
1787023906,27.7184,78.16281,90,0,,,,27.93403,28.61136,23.63725
1787023907,27.77714,78.19638,90,0,,,,27.93403,28.44203,23.67112
1787023907,27.68902,78.30015,90,0,,,,27.93403,28.44203,23.70478
1787023908,27.74777,78.20096,90,0,,,,28.10336,28.54363,23.50199
1787023909,27.64897,78.13229,90,0,,,,27.90037,28.47589,23.63725
1787023909,27.76379,78.22385,90,0,,,,28.00177,28.47589,23.60338
1787023910,27.7184,78.1918,90,0,,,,27.93403,28.47589,23.63725
1787023911,27.61959,77.99039,90,0,,,,27.93403,28.34043,23.60338
1787023911,27.7184,78.18265,90,0,,,,27.90037,28.30656,23.56952
1787023912,27.77714,78.15518,90,0,,,,28.00177,28.50976,23.84025
1787023913,27.80651,78.35966,90,0,,,,28.03563,28.3743,23.70478
1787023913,27.74777,78.13992,90,0,,,,27.93403,28.40816,23.80618
1787023914,27.77714,78.1857,90,0,,,,28.00177,28.44203,23.67112
1787023915,27.74777,78.17807,90,0,,,,28.0697,28.3743,23.56952
1787023915,27.70504,78.08652,90,0,,,,28.00177,28.50976,23.77251
1787023916,27.67567,78.1918,90,0,,,,27.93403,28.57749,23.70478
1787023917,27.68902,78.16434,90,0,,,,27.90037,28.34043,23.73865
1787023917,27.70504,78.16891,90,0,,,,28.00177,28.47589,23.67112
1787023918,27.66232,78.05447,90,0,,,,27.9681,28.3743,23.63725
1787023919,27.73175,78.21774,90,0,,,,28.00177,28.47589,23.73865
1787023919,27.68902,78.13535,90,0,,,,27.90037,28.40816,23.60338
1787023920,27.74777,78.16891,90,0,,,,27.9681,28.40816,23.80618
1787023921,27.79049,78.25132,90,0,,,,27.9681,28.47589,23.50199
1787023921,27.66232,78.06363,90,0,,,,27.93403,28.40816,23.60338
1787023922,27.68902,78.03006,90,0,,,,28.00177,28.40816,23.73865
1787023923,27.77714,78.20554,90,0,,,,28.00177,28.44203,23.67112
1787023923,27.76379,78.17197,90,0,,,,27.93403,28.44203,23.73865
1787023924,27.73175,78.0621,90,0,,,,27.8665,28.44203,23.67112
1787023925,27.73175,78.12314,90,0,,,,27.9681,28.54363,23.50199
1787023925,27.77714,78.07126,90,0,,,,27.9681,28.40816,23.73865
1787023926,27.70504,78.14603,90,0,,,,27.93403,28.44203,23.63725
1787023927,27.73175,78.08194,90,0,,,,28.00177,28.47589,23.63725
1787023927,27.68902,78.0621,90,0,,,,27.90037,28.40816,23.84025
1787023928,27.67567,78.08957,90,0,,,,27.90037,28.3743,23.70478
1787023929,27.73175,78.17654,90,0,,,,28.03563,28.40816,23.53585
1787023929,27.70504,78.14603,90,0,,,,27.93403,28.34043,23.56952
1787023930,27.66232,78.08652,90,0,,,,27.93403,28.50976,23.77251
1787023931,27.74777,78.14908,90,0,,,,27.9681,28.57749,23.67112
1787023931,27.79049,78.10788,90,0,,,,27.93403,28.40816,23.56952
1787023932,27.74777,78.10788,90,0,,,,28.03563,28.61136,23.60338
1787023932,27.66232,78.16891,90,0,,,,27.9681,28.3743,23.77251
1787023933,27.70504,78.07584,90,0,,,,28.03563,28.61136,23.70478
1787023934,27.64897,77.8851,90,0,,,,27.90037,28.50976,23.60338
1787023934,27.64897,78.09415,90,0,,,,27.9681,28.57749,23.63725
1787023935,27.76379,78.10025,90,0,,,,27.9681,28.3743,23.50199
1787023936,27.64897,78.0209,90,0,,,,28.00177,28.34043,23.67112
1787023936,27.74777,78.16891,90,0,,,,27.83244,28.44203,23.63725
1787023937,27.7184,78.05753,90,0,,,,27.93403,28.50976,23.73865
1787023938,27.74777,78.16891,90,0,,,,28.00177,28.47589,23.70478
1787023938,27.7184,78.12161,90,0,,,,27.90037,28.57749,23.67112
1787023939,27.70504,78.00259,90,0,,,,28.00177,28.50976,23.56952
1787023940,27.7184,78.21469,90,0,,,,27.93403,28.40816,23.67112
1787023940,27.70504,78.04379,90,0,,,,28.00177,28.44203,23.73865
1787023941,27.74777,78.08652,90,0,,,,27.9681,28.47589,23.70478
1787023942,27.76379,78.08041,90,0,,,,27.93403,28.44203,23.53585
1787023942,27.68902,78.09415,90,0,,,,27.93403,28.40816,23.73865
1787023943,27.73175,78.08194,90,0,,,,28.00177,28.54363,23.67112
1787023944,27.68902,78.17654,90,0,,,,27.8665,28.23883,23.67112
1787023944,27.7184,78.18265,90,0,,,,27.93403,28.50976,23.70478
1787023945,27.73175,78.08194,90,0,,,,27.93403,28.44203,23.70478
1787023946,27.76379,78.06821,90,0,,,,28.03563,28.50976,23.70478
1787023946,27.73175,78.0499,90,0,,,,27.90037,28.47589,23.94144
1787023947,27.73175,78.08194,90,0,,,,27.93403,28.3743,23.56952
1787023948,27.67567,78.00412,90,0,,,,27.93403,28.54363,23.63725
1787023948,27.79049,78.05447,90,0,,,,27.93403,28.34043,23.70478
1787023949,27.7184,78.02701,90,0,,,,27.93403,28.30656,23.80618
1787023950,27.70504,77.9614,90,0,,,,27.9681,28.47589,23.70478
1787023950,27.74777,78.01175,90,0,,,,27.9681,28.47589,23.56952
1787023951,27.61959,78.00259,90,0,,,,27.9681,28.50976,23.70478
1787023952,27.7184,78.16281,90,0,,,,27.9681,28.57749,23.73865
1787023952,27.7184,78.10025,90,0,,,,27.90037,28.40816,23.70478
1787023953,27.7184,78.05753,90,0,,,,27.9681,28.3743,23.73865
1787023954,27.79049,78.06363,90,0,,,,27.90037,28.50976,23.63725
1787023954,27.60624,78.04074,90,0,,,,27.93403,28.50976,23.70478
1787023955,27.77714,78.08194,90,0,,,,27.93403,28.50976,23.63725
1787023956,27.70504,77.90799,90,0,,,,27.90037,28.54363,23.73865
1787023956,27.83322,78.06363,90,0,,,,27.9681,28.34043,23.73865
1787023957,27.7184,78.1506,90,0,,,,27.93403,28.40816,23.67112
1787023958,27.73175,78.08194,90,0,,,,27.90037,28.44203,23.67112
1787023958,27.67567,77.98428,90,0,,,,27.93403,28.44203,23.73865
1787023959,27.81987,78.16739,90,0,,,,27.93403,28.57749,23.73865
1787023960,27.77714,78.0621,90,0,,,,27.93403,28.47589,23.80618
1787023960,27.74777,78.08652,90,0,,,,27.93403,28.54363,23.56952
1787023961,27.76379,78.06821,90,0,,,,27.93403,28.44203,23.43446
1787023962,27.76379,78.05753,90,0,,,,27.9681,28.30656,23.84025
1787023962,27.73175,78.0499,90,0,,,,27.93403,28.50976,23.67112
1787023963,27.7184,78.10941,90,0,,,,27.9681,28.30656,23.70478
1787023964,27.76379,78.10025,90,0,,,,27.93403,28.40816,23.60338
1787023964,27.80651,77.96597,90,0,,,,27.90037,28.61136,23.67112
1787023965,27.7184,78.08957,90,0,,,,27.93403,28.30656,23.53585
1787023966,27.70504,78.08652,90,0,,,,27.9681,28.3743,23.84025
1787023966,27.67567,77.86069,90,0,,,,27.9681,28.34043,23.70478
1787023967,27.76379,78.10941,90,0,,,,27.90037,28.50976,23.56952
1787023968,27.77714,78.16434,90,0,,,,28.00177,28.30656,23.73865
1787023968,27.66232,77.98123,90,0,,,,27.93403,28.50976,23.73865
1787023969,27.76379,78.06821,90,0,,,,28.00177,28.44203,23.70478
1787023970,27.73175,78.0621,90,0,,,,27.9681,28.47589,23.63725
1787023970,27.7184,78.08957,90,0,,,,27.9681,28.40816,23.77251
1787023971,27.70504,77.92935,90,0,,,,27.93403,28.61136,23.70478
1787023971,27.81987,78.0499,90,0,,,,27.93403,28.54363,23.73865
1787023972,27.76379,77.97513,90,0,,,,28.00177,28.44203,23.56952
1787023973,27.67567,78.06821,90,0,,,,27.90037,28.50976,23.73865
1787023973,27.7184,78.10941,90,0,,,,28.00177,28.47589,23.63725
1787023974,27.67567,78.06821,90,0,,,,28.00177,28.47589,23.70478
1787023975,27.7184,77.99496,90,0,,,,27.9681,28.61136,23.77251
1787023975,27.70504,78.06363,90,0,,,,28.03563,28.44203,23.70478
1787023976,27.73175,78.13535,90,0,,,,27.83244,28.30656,23.56952
1787023977,27.68902,78.07126,90,0,,,,27.93403,28.54363,23.67112
1787023977,27.74777,78.07584,90,0,,,,27.8665,28.47589,23.60338
1787023978,27.73175,78.07126,90,0,,,,27.9681,28.47589,23.63725
1787023979,27.67567,78.04837,90,0,,,,27.93403,28.44203,23.73865
1787023979,27.60624,77.95834,90,0,,,,28.00177,28.44203,23.77251
1787023980,27.70504,77.89883,90,0,,,,27.9681,28.34043,23.70478
1787023981,27.77714,78.16434,90,0,,,,28.00177,28.50976,23.73865
1787023981,27.76379,77.93393,90,0,,,,27.93403,28.54363,23.60338
1787023982,27.76379,78.08041,90,0,,,,28.00177,28.50976,23.70478
1787023983,27.63294,78.02548,90,0,,,,27.93403,28.40816,23.70478
1787023983,27.81987,77.93546,90,0,,,,27.93403,28.40816,23.63725
1787023984,27.81987,78.24979,90,0,,,,27.9681,28.50976,23.63725
1787023985,27.68902,78.08194,90,0,,,,28.00177,28.34043,23.53585
1787023985,27.67567,78.10025,90,0,,,,28.03563,28.47589,23.80618
1787023986,27.66232,78.15823,90,0,,,,28.00177,28.57749,23.63725
1787023987,27.70504,78.04379,90,0,,,,28.00177,28.3743,23.70478
1787023987,27.70504,78.07584,90,0,,,,27.90037,28.47589,23.73865
1787023988,27.74777,77.97208,90,0,,,,27.9681,28.50976,23.56952
1787023989,27.76379,77.96597,90,0,,,,27.8665,28.40816,23.53585
1787023989,27.67567,77.95377,90,0,,,,27.8665,28.57749,23.84025
1787023990,27.66232,77.97208,90,0,,,,27.93403,28.3743,23.73865
1787023991,27.70504,78.02243,90,0,,,,27.93403,28.40816,23.60338
1787023991,27.66232,78.04379,90,0,,,,27.9681,28.50976,23.70478
1787023992,27.68902,77.9675,90,0,,,,27.90037,28.47589,23.73865
1787023993,27.74777,78.08652,90,0,,,,27.93403,28.50976,23.50199
1787023993,27.66232,78.10788,90,0,,,,27.90037,28.44203,23.70478
1787023994,27.70504,78.03464,90,0,,,,27.9681,28.54363,23.63725
1787023995,27.68902,77.90341,90,0,,,,28.00177,28.50976,23.73865
1787023995,27.67567,77.95377,90,0,,,,28.03563,28.50976,23.73865
1787023996,27.70504,78.00259,90,0,,,,27.8665,28.40816,23.60338
1787023997,27.68902,77.99802,90,0,,,,27.90037,28.47589,23.80618
1787023997,27.68902,78.04074,90,0,,,,27.93403,28.47589,23.70478
1787023998,27.83322,77.91714,90,0,,,,27.9681,28.54363,23.70478
1787023999,27.68902,78.01785,90,0,,,,27.90037,28.40816,23.67112
1787023999,27.73175,77.91562,90,0,,,,28.00177,28.44203,23.70478
1787024000,27.66232,77.99039,90,0,,,,27.9681,28.47589,23.56952
1787024001,27.81987,78.01785,90,0,,,,27.8665,28.44203,23.63725
1787024001,27.73175,78.04074,90,0,,,,27.90037,28.40816,23.56952
1787024002,27.67567,77.94308,90,0,,,,28.00177,28.40816,23.70478
1787024003,27.76379,77.97513,90,0,,,,27.9681,28.40816,23.77251
1787024003,27.66232,77.95224,90,0,,,,27.90037,28.34043,23.67112
1787024004,27.74777,78.01175,90,0,,,,27.9681,28.54363,23.73865
1787024005,27.74777,77.98123,90,0,,,,27.8665,28.50976,23.67112
1787024005,27.68902,78.0087,90,0,,,,27.8665,28.47589,23.77251
1787024006,27.68902,77.95682,90,0,,,,28.0697,28.47589,23.70478
1787024007,27.73175,77.9675,90,0,,,,27.9681,28.50976,23.73865
1787024007,27.64897,77.98886,90,0,,,,28.03563,28.47589,23.84025
1787024008,27.76379,77.99496,90,0,,,,28.00177,28.44203,23.73865
1787024009,27.70504,77.9614,90,0,,,,28.00177,28.44203,23.56952
1787024009,27.74777,77.88815,90,0,,,,27.90037,28.40816,23.67112
1787024010,27.76379,78.02548,90,0,,,,27.8665,28.40816,23.70478
1787024011,27.79049,78.05447,90,0,,,,28.03563,28.50976,23.73865
1787024011,27.68902,77.9263,90,0,,,,28.00177,28.3743,23.70478
1787024012,27.76379,77.97513,90,0,,,,28.00177,28.50976,23.53585
1787024012,27.79049,78.02243,90,0,,,,27.93403,28.50976,23.60338
1787024013,27.76379,77.95377,90,0,,,,28.00177,28.44203,23.67112
1787024014,27.70504,78.03464,90,0,,,,27.90037,28.47589,23.63725
1787024014,27.80651,78.06821,90,0,,,,27.9681,28.40816,23.77251
1787024015,27.70504,78.06363,90,0,,,,27.9681,28.47589,23.67112
1787024016,27.74777,77.99344,90,0,,,,27.93403,28.30656,23.63725
1787024016,27.7184,78.07736,90,0,,,,27.93403,28.54363,23.77251
1787024017,27.7184,78.02701,90,0,,,,27.93403,28.44203,23.77251
1787024018,27.67567,77.97513,90,0,,,,27.90037,28.54363,23.67112
1787024018,27.7184,78.01633,90,0,,,,28.03563,28.3743,23.70478
1787024019,27.67567,77.91257,90,0,,,,27.9681,28.44203,23.53585
1787024020,27.74777,78.03464,90,0,,,,28.00177,28.34043,23.60338
1787024020,27.74777,78.05447,90,0,,,,28.00177,28.40816,23.50199
1787024021,27.68902,78.1033,90,0,,,,27.9681,28.47589,23.63725
1787024022,27.79049,78.00259,90,0,,,,27.90037,28.3743,23.67112
1787024022,27.74777,78.11703,90,0,,,,27.83244,28.40816,23.63725
1787024023,27.79049,77.94003,90,0,,,,27.90037,28.57749,23.73865
1787024024,27.74777,78.00259,90,0,,,,27.90037,28.40816,23.63725
1787024024,27.67567,77.95377,90,0,,,,27.93403,28.50976,23.63725
1787024025,27.70504,78.02243,90,0,,,,27.9681,28.54363,23.63725
1787024026,27.68902,77.90341,90,0,,,,27.93403,28.47589,23.63725
1787024026,27.70504,78.02243,90,0,,,,28.00177,28.40816,23.77251
1787024027,27.68902,77.97971,90,0,,,,27.8665,28.57749,23.63725
1787024028,27.74777,78.04379,90,0,,,,27.93403,28.50976,23.67112
1787024028,27.67567,77.93393,90,0,,,,27.93403,28.54363,23.73865
1787024029,27.68902,78.01785,90,0,,,,28.00177,28.40816,23.60338
1787024030,27.81987,78.03006,90,0,,,,27.90037,28.30656,23.87391
1787024030,27.68902,77.87442,90,0,,,,27.90037,28.50976,23.50199
1787024031,27.67567,77.86984,90,0,,,,27.93403,28.54363,23.70478
1787024032,27.74777,77.9202,90,0,,,,27.93403,28.40816,23.90778
1787024032,27.83322,78.05447,90,0,,,,27.93403,28.47589,23.53585
1787024033,27.7184,78.12161,90,0,,,,27.93403,28.3743,23.77251
1787024034,27.67567,78.03616,90,0,,,,27.9681,28.50976,23.73865
1787024034,27.79049,78.00259,90,0,,,,27.9681,28.44203,23.77251
1787024035,27.73175,77.82101,90,0,,,,27.9681,28.3743,23.73865
1787024036,27.7184,77.98581,90,0,,,,27.90037,28.47589,23.80618
1787024036,27.73175,77.97971,90,0,,,,27.93403,28.50976,23.73865
1787024037,27.73175,77.95682,90,0,,,,28.00177,28.40816,23.70478
1787024038,27.79049,77.92935,90,0,,,,27.90037,28.44203,23.63725
1787024038,27.77714,78.08194,90,0,,,,27.93403,28.50976,23.67112
1787024039,27.74777,78.03464,90,0,,,,27.9681,28.40816,23.63725
1787024040,27.64897,77.87442,90,0,,,,27.93403,28.54363,23.67112
1787024040,27.67567,77.91257,90,0,,,,28.00177,28.44203,23.77251
1787024041,27.7184,78.07736,90,0,,,,27.9681,28.50976,23.87391
1787024042,27.70504,77.98123,90,0,,,,27.93403,28.44203,23.70478
1787024042,27.73175,77.99802,90,0,,,,27.93403,28.47589,23.56952
1787024043,27.70504,78.01175,90,0,,,,27.93403,28.34043,23.53585
1787024044,27.63294,77.97208,90,0,,,,28.03563,28.54363,23.73865
1787024044,27.70504,77.98123,90,0,,,,28.03563,28.50976,23.70478
1787024045,27.63294,77.99496,90,0,,,,27.9681,28.47589,23.70478
1787024046,27.7184,77.81949,90,0,,,,27.93403,28.3743,23.73865
1787024046,27.7184,77.95377,90,0,,,,28.00177,28.40816,23.67112
1787024047,27.76379,78.05753,90,0,,,,27.93403,28.47589,23.70478
1787024048,27.64897,77.86221,90,0,,,,27.93403,28.54363,23.56952
1787024048,27.74777,77.9614,90,0,,,,27.93403,28.34043,23.77251
1787024049,27.70504,77.97208,90,0,,,,27.93403,28.50976,23.70478
1787024050,27.7184,77.99496,90,0,,,,28.03563,28.47589,23.60338
1787024050,27.68902,78.03006,90,0,,,,27.9681,28.3743,23.70478
1787024051,27.74777,78.01175,90,0,,,,27.8665,28.61136,23.87391
1787024051,27.70504,77.87595,90,0,,,,27.83244,28.40816,23.67112
1787024052,27.64897,77.95834,90,0,,,,28.00177,28.50976,23.84025
1787024053,27.7184,78.13229,90,0,,,,28.00177,28.54363,23.84025
1787024053,27.73175,77.93546,90,0,,,,27.93403,28.47589,23.70478
1787024054,27.63294,77.76608,90,0,,,,27.9681,28.44203,23.67112
1787024055,27.80651,77.93393,90,0,,,,27.9681,28.44203,23.56952
1787024055,27.74777,78.13992,90,0,,,,28.03563,28.34043,23.70478
1787024056,27.70504,77.99039,90,0,,,,28.00177,28.3743,23.60338
1787024057,27.70504,77.84695,90,0,,,,28.00177,28.3743,23.70478
1787024057,27.66232,77.9614,90,0,,,,27.79877,28.30656,23.67112
1787024058,27.66232,78.02243,90,0,,,,27.9681,28.44203,23.56952
1787024059,27.7184,77.88052,90,0,,,,27.93403,28.47589,23.77251
1787024059,27.74777,77.95224,90,0,,,,27.9681,28.2727,23.63725
1787024060,27.76379,77.93393,90,0,,,,27.90037,28.40816,23.60338
1787024061,27.80651,77.98581,90,0,,,,27.93403,28.40816,23.70478
1787024061,27.74777,77.9614,90,0,,,,27.9681,28.61136,23.73865
1787024062,27.7184,78.04837,90,0,,,,28.00177,28.44203,23.70478
1787024063,27.74777,78.01175,90,0,,,,27.93403,28.40816,23.50199
1787024063,27.7184,78.06821,90,0,,,,27.93403,28.44203,23.67112
1787024064,27.73175,78.0621,90,0,,,,28.00177,28.3743,23.67112
1787024065,27.73175,78.07126,90,0,,,,27.93403,28.40816,23.80618
1787024065,27.77714,78.1033,90,0,,,,27.9681,28.44203,23.63725
1787024066,27.64897,78.08194,90,0,,,,28.00177,28.47589,23.63725
1787024067,27.66232,78.07584,90,0,,,,28.0697,28.47589,23.67112
1787024067,27.76379,78.10025,90,0,,,,27.9681,28.3743,23.60338
1787024068,27.74777,78.00259,90,0,,,,27.9681,28.50976,23.67112
1787024069,27.7184,78.00412,90,0,,,,27.93403,28.50976,23.53585
1787024069,27.7184,77.96597,90,0,,,,27.9681,28.47589,23.70478
1787024070,27.74777,78.03464,90,0,,,,27.9681,28.30656,23.67112
1787024071,27.7184,78.04837,90,0,,,,27.90037,28.47589,23.77251
1787024071,27.64897,77.97665,90,0,,,,27.9681,28.47589,23.67112
1787024072,27.70504,78.00259,90,0,,,,28.00177,28.50976,23.67112
1787024073,27.70504,78.13992,90,0,,,,27.9681,28.47589,23.67112
1787024073,27.79049,78.15976,90,0,,,,28.03563,28.44203,23.70478
1787024074,27.67567,78.16281,90,0,,,,27.8665,28.40816,23.77251
1787024075,27.7184,78.06821,90,0,,,,27.93403,28.34043,23.60338
1787024075,27.74777,78.14908,90,0,,,,27.90037,28.30656,23.73865
1787024076,27.76379,78.03616,90,0,,,,27.9681,28.54363,23.70478
1787024077,27.70504,78.03464,90,0,,,,27.9681,28.47589,23.60338
1787024077,27.73175,78.08194,90,0,,,,28.03563,28.44203,23.77251
1787024078,27.74777,78.09567,90,0,,,,28.00177,28.3743,23.70478
1787024079,27.80651,78.14145,90,0,,,,27.9681,28.44203,23.80618
1787024079,27.70504,77.99039,90,0,,,,27.9681,28.40816,23.80618
1787024080,27.73175,78.0499,90,0,,,,27.90037,28.57749,23.70478
1787024081,27.7184,78.12161,90,0,,,,27.93403,28.40816,23.70478
1787024081,27.76379,78.12161,90,0,,,,27.93403,28.61136,23.70478
1787024082,27.80651,78.02548,90,0,,,,27.9681,28.47589,23.73865
1787024083,27.74777,78.20096,90,0,,,,27.93403,28.47589,23.63725
1787024083,27.68902,78.04074,90,0,,,,27.8665,28.44203,23.67112
1787024084,27.64897,78.0621,90,0,,,,27.93403,28.3743,23.63725
1787024085,27.70504,78.13992,90,0,,,,28.00177,28.50976,23.70478
1787024085,27.77714,78.0087,90,0,,,,28.0697,28.54363,23.73865
1787024086,27.64897,77.98886,90,0,,,,27.9681,28.20496,23.63725
1787024086,27.79049,78.12772,90,0,,,,27.9681,28.50976,23.84025
1787024087,27.74777,78.17807,90,0,,,,27.9681,28.54363,23.77251
1787024088,27.73175,78.11398,90,0,,,,27.9681,28.54363,23.77251
1787024088,27.79049,78.07584,90,0,,,,27.90037,28.44203,23.60338
1787024089,27.68902,78.07126,90,0,,,,27.93403,28.57749,23.77251
1787024090,27.7184,78.20401,90,0,,,,27.9681,28.34043,23.60338
1787024090,27.74777,78.04379,90,0,,,,27.90037,28.44203,23.60338
1787024091,27.7184,78.00412,90,0,,,,28.00177,28.47589,23.73865
1787024092,27.68902,78.11398,90,0,,,,27.83244,28.30656,23.53585
1787024092,27.73175,78.01785,90,0,,,,27.90037,28.47589,23.70478
1787024093,27.81987,78.1033,90,0,,,,27.9681,28.3743,23.67112
1787024094,27.7184,77.91257,90,0,,,,27.90037,28.44203,23.77251
1787024094,27.74777,78.09567,90,0,,,,27.93403,28.40816,23.73865
1787024095,27.73175,77.98886,90,0,,,,28.00177,28.50976,23.67112
1787024096,27.70504,78.08652,90,0,,,,27.79877,28.47589,23.60338
1787024096,27.73175,78.04074,90,0,,,,28.00177,28.50976,23.73865
1787024097,27.76379,78.01633,90,0,,,,28.00177,28.64523,23.60338
1787024098,27.81987,78.08194,90,0,,,,27.8665,28.44203,23.73865
1787024098,27.61959,78.04379,90,0,,,,27.9681,28.47589,23.67112
1787024099,27.76379,78.10941,90,0,,,,27.93403,28.40816,23.67112
1787024100,27.79049,78.01175,90,0,,,,27.93403,28.3743,23.73865
1787024100,27.7184,78.14145,90,0,,,,27.9681,28.30656,23.60338
1787024101,27.80651,77.93393,90,0,,,,27.90037,28.57749,23.67112
1787024102,27.74777,78.04379,90,0,,,,27.8665,28.44203,23.70478
1787024102,27.67567,77.95377,90,0,,,,27.8665,28.40816,23.70478
1787024103,27.76379,78.06821,90,0,,,,27.93403,28.44203,23.63725
1787024104,27.7184,77.8378,90,0,,,,27.93403,28.50976,23.67112
1787024104,27.7184,77.97513,90,0,,,,27.9681,28.40816,23.67112
1787024105,27.77714,78.01785,90,0,,,,27.9681,28.50976,23.70478
1787024106,27.74777,77.97208,90,0,,,,27.9681,28.50976,23.77251
1787024106,27.74777,77.9614,90,0,,,,27.93403,28.23883,23.77251
1787024107,27.7184,77.95377,90,0,,,,27.93403,28.50976,23.60338
1787024108,27.66232,78.09567,90,0,,,,27.93403,28.40816,23.56952
1787024108,27.7184,78.05753,90,0,,,,27.83244,28.47589,23.70478
1787024109,27.77714,78.13535,90,0,,,,27.9681,28.44203,23.73865
1787024110,27.7184,77.99496,90,0,,,,27.90037,28.47589,23.73865
1787024110,27.76379,77.93393,90,0,,,,27.90037,28.50976,23.73865
1787024111,27.74777,78.03464,90,0,,,,28.00177,28.40816,23.53585
1787024112,27.73175,78.07126,90,0,,,,27.9681,28.47589,23.70478
1787024112,27.57687,77.94003,90,0,,,,27.9681,28.47589,23.67112
1787024113,27.74777,77.95224,90,0,,,,27.93403,28.61136,23.70478
1787024114,27.74777,78.04379,90,0,,,,27.90037,28.40816,23.87391
1787024114,27.73175,78.0621,90,0,,,,27.93403,28.47589,23.73865
1787024115,27.73175,78.14603,90,0,,,,28.03563,28.44203,23.67112
1787024116,27.66232,78.06363,90,0,,,,27.93403,28.2727,23.53585
1787024116,27.73175,78.03006,90,0,,,,27.90037,28.47589,23.80618
1787024117,27.7184,78.10941,90,0,,,,27.90037,28.44203,23.63725
1787024118,27.76379,78.03616,90,0,,,,27.9681,28.40816,23.70478
1787024118,27.76379,78.01633,90,0,,,,27.90037,28.44203,23.67112
1787024119,27.7184,77.96597,90,0,,,,27.90037,28.57749,23.67112
1787024120,27.76379,78.02548,90,0,,,,27.93403,28.40816,23.77251
1787024120,27.74777,77.98123,90,0,,,,27.90037,28.57749,23.70478
1787024121,27.79049,78.02243,90,0,,,,27.9681,28.40816,23.67112
1787024122,27.73175,77.9263,90,0,,,,27.9681,28.50976,23.67112
1787024122,27.76379,78.05753,90,0,,,,27.93403,28.64523,23.60338
1787024123,27.70504,77.95224,90,0,,,,27.9681,28.50976,23.53585
1787024124,27.59022,77.98428,90,0,,,,27.93403,28.3743,23.53585
1787024124,27.74777,77.82559,90,0,,,,27.8665,28.54363,23.73865
1787024125,27.74777,78.08652,90,0,,,,27.9681,28.44203,23.63725
1787024125,27.7184,77.92172,90,0,,,,28.03563,28.47589,23.73865
1787024126,27.74777,78.00259,90,0,,,,27.8665,28.40816,23.70478
1787024127,27.74777,78.03464,90,0,,,,27.9681,28.47589,23.84025
1787024127,27.76379,78.00412,90,0,,,,27.8665,28.40816,23.70478
1787024128,27.63294,78.00412,90,0,,,,27.9681,28.34043,23.67112
1787024129,27.64897,77.83322,90,0,,,,27.9681,28.57749,23.70478
1787024129,27.81987,78.14603,90,0,,,,27.93403,28.44203,23.53585
1787024130,27.76379,78.04837,90,0,,,,27.93403,28.40816,23.67112
1787024131,27.76379,77.96597,90,0,,,,27.90037,28.44203,23.70478
1787024131,27.77714,77.93546,90,0,,,,27.9681,28.44203,23.70478
1787024132,27.77714,78.04074,90,0,,,,27.93403,28.50976,23.53585
1787024133,27.76379,78.01633,90,0,,,,28.00177,28.50976,23.84025
1787024133,27.73175,77.94766,90,0,,,,27.93403,28.40816,23.80618
1787024134,27.66232,77.87595,90,0,,,,27.9681,28.50976,23.70478
1787024135,27.73175,77.91562,90,0,,,,27.93403,28.47589,23.60338
1787024135,27.73175,78.0087,90,0,,,,27.90037,28.3743,23.67112
1787024136,27.73175,77.95682,90,0,,,,27.9681,28.54363,23.77251
1787024137,27.73175,77.98886,90,0,,,,27.93403,28.40816,23.60338
1787024137,27.70504,77.95224,90,0,,,,27.93403,28.50976,23.60338
1787024138,27.61959,77.86679,90,0,,,,27.90037,28.44203,23.70478
1787024139,27.68902,77.87442,90,0,,,,27.93403,28.34043,23.60338
1787024139,27.73175,78.03006,90,0,,,,27.93403,28.3743,23.63725
1787024140,27.73175,77.9263,90,0,,,,27.90037,28.54363,23.67112
1787024141,27.70504,77.9202,90,0,,,,27.9681,28.57749,23.50199
1787024141,27.70504,77.97208,90,0,,,,27.90037,28.30656,23.73865
1787024142,27.74777,77.97208,90,0,,,,27.83244,28.47589,23.77251
1787024143,27.79049,77.94919,90,0,,,,28.00177,28.30656,23.77251
1787024143,27.73175,77.9263,90,0,,,,27.9681,28.54363,23.67112
1787024144,27.80651,78.06821,90,0,,,,27.93403,28.64523,23.73865
1787024145,27.7184,77.88968,90,0,,,,27.93403,28.47589,23.60338
1787024145,27.66232,77.89883,90,0,,,,27.93403,28.44203,23.60338
1787024146,27.77714,77.95834,90,0,,,,28.03563,28.34043,23.67112
1787024147,27.70504,77.90799,90,0,,,,27.93403,28.3743,23.67112
1787024147,27.68902,77.9263,90,0,,,,27.9681,28.34043,23.67112
1787024148,27.80651,77.98581,90,0,,,,27.8665,28.47589,23.80618
1787024149,27.70504,78.00259,90,0,,,,27.9681,28.44203,23.60338
1787024149,27.7184,77.97513,90,0,,,,28.00177,28.3743,23.63725
1787024150,27.68902,78.04074,90,0,,,,27.9681,28.50976,23.77251
1787024151,27.66232,77.9202,90,0,,,,27.9681,28.47589,23.70478
1787024151,27.73175,78.03006,90,0,,,,28.00177,28.50976,23.63725
1787024152,27.68902,77.99802,90,0,,,,27.9681,28.50976,23.77251
1787024153,27.73175,77.89426,90,0,,,,28.00177,28.47589,23.77251
1787024153,27.73175,77.91562,90,0,,,,28.03563,28.40816,23.73865
1787024154,27.70504,77.90799,90,0,,,,27.90037,28.50976,23.84025
1787024155,27.68902,77.9675,90,0,,,,27.9681,28.50976,23.87391
1787024155,27.77714,77.98886,90,0,,,,27.93403,28.34043,23.87391
1787024156,27.74777,78.09567,90,0,,,,28.00177,28.3743,23.70478
1787024157,27.68902,77.95682,90,0,,,,27.9681,28.50976,23.40059
1787024157,27.76379,77.97513,90,0,,,,27.9681,28.61136,23.67112
1787024158,27.7184,77.86069,90,0,,,,27.9681,28.40816,23.87391
1787024159,27.76379,77.95377,90,0,,,,27.93403,28.50976,23.80618
1787024159,27.67567,77.91257,90,0,,,,27.9681,28.54363,23.70478
1787024160,27.73175,77.99802,90,0,,,,27.9681,28.40816,23.56952
1787024161,27.68902,78.01785,90,0,,,,27.93403,28.47589,23.67112
1787024161,27.7184,77.86069,90,0,,,,27.93403,28.44203,23.67112
1787024162,27.63294,78.02548,90,0,,,,27.9681,28.44203,23.67112
1787024163,27.74777,78.01175,90,0,,,,27.90037,28.50976,23.70478
1787024163,27.74777,77.95224,90,0,,,,27.93403,28.40816,23.60338
1787024164,27.7184,77.94308,90,0,,,,27.93403,28.40816,23.43446
1787024164,27.68902,77.87442,90,0,,,,28.00177,28.40816,23.67112
1787024165,27.76379,77.98581,90,0,,,,27.90037,28.44203,23.63725
1787024166,27.61959,77.9614,90,0,,,,28.03563,28.47589,23.56952
1787024166,27.70504,77.9614,90,0,,,,28.03563,28.47589,23.67112
1787024167,27.77714,78.01785,90,0,,,,27.9681,28.44203,23.73865
1787024168,27.73175,77.83322,90,0,,,,27.93403,28.50976,23.70478
1787024168,27.70504,77.9202,90,0,,,,28.03563,28.47589,23.70478
1787024169,27.70504,77.9614,90,0,,,,27.90037,28.34043,23.67112
1787024170,27.7184,77.86984,90,0,,,,28.03563,28.3743,23.63725
1787024170,27.77714,77.83322,90,0,,,,27.93403,28.40816,23.63725
1787024171,27.77714,77.93546,90,0,,,,27.90037,28.40816,23.70478
1787024172,27.77714,77.93546,90,0,,,,27.93403,28.54363,23.63725
1787024172,27.77714,77.79202,90,0,,,,27.9681,28.54363,23.63725
1787024173,27.67567,77.97513,90,0,,,,27.93403,28.47589,23.73865
1787024174,27.73175,78.0087,90,0,,,,28.00177,28.57749,23.67112
1787024174,27.74777,77.88815,90,0,,,,27.9681,28.47589,23.67112
1787024175,27.70504,77.82559,90,0,,,,27.9681,28.50976,23.53585
1787024176,27.67567,77.94308,90,0,,,,27.93403,28.47589,23.56952
1787024176,27.83322,78.02243,90,0,,,,27.9681,28.47589,23.60338
1787024177,27.73175,78.0087,90,0,,,,28.00177,28.30656,23.60338
1787024178,27.67567,77.91257,90,0,,,,28.03563,28.3743,23.53585
1787024178,27.68902,77.89426,90,0,,,,27.90037,28.40816,23.77251
1787024179,27.73175,77.95682,90,0,,,,27.90037,28.47589,23.63725
1787024180,27.67567,77.94308,90,0,,,,27.90037,28.44203,23.56952
1787024180,27.68902,77.93546,90,0,,,,27.93403,28.44203,23.73865
1787024181,27.7184,78.02701,90,0,,,,27.90037,28.40816,23.73865
1787024182,27.64897,77.9263,90,0,,,,27.93403,28.50976,23.60338
1787024182,27.70504,77.98123,90,0,,,,27.8665,28.50976,23.67112
1787024183,27.76379,77.91257,90,0,,,,27.9681,28.50976,23.73865
1787024184,27.79049,78.02243,90,0,,,,28.00177,28.40816,23.60338
1787024184,27.67567,77.93393,90,0,,,,27.93403,28.30656,23.70478
1787024185,27.70504,77.90799,90,0,,,,27.9681,28.3743,23.53585
1787024186,27.70504,78.03464,90,0,,,,27.9681,28.64523,23.67112
1787024186,27.79049,77.94919,90,0,,,,27.79877,28.44203,23.56952
1787024187,27.76379,78.05753,90,0,,,,27.93403,28.50976,23.70478
1787024188,27.73175,78.09415,90,0,,,,27.93403,28.40816,23.67112
1787024188,27.73175,77.9675,90,0,,,,27.93403,28.50976,23.70478
1787024189,27.70504,78.05447,90,0,,,,27.90037,28.40816,23.56952
1787024190,27.68902,77.94766,90,0,,,,27.90037,28.44203,23.70478
1787024190,27.7184,77.96597,90,0,,,,28.03563,28.34043,23.56952
1787024191,27.68902,78.07126,90,0,,,,28.03563,28.47589,23.70478
1787024192,27.68902,77.84238,90,0,,,,27.9681,28.44203,23.60338
1787024192,27.7184,78.02701,90,0,,,,28.00177,28.3743,23.63725
1787024193,27.7184,78.01633,90,0,,,,27.93403,28.54363,23.63725
1787024194,27.76379,78.01633,90,0,,,,27.93403,28.47589,23.56952
1787024194,27.7184,77.95377,90,0,,,,28.0697,28.54363,23.63725
1787024195,27.76379,78.02548,90,0,,,,27.93403,28.34043,23.67112
1787024196,27.70504,78.11703,90,0,,,,27.90037,28.34043,23.67112
1787024196,27.61959,77.89883,90,0,,,,27.93403,28.3743,23.67112
1787024197,27.64897,77.95834,90,0,,,,28.00177,28.40816,23.77251
1787024198,27.76379,78.10025,90,0,,,,28.00177,28.44203,23.90778
1787024198,27.76379,77.97513,90,0,,,,28.00177,28.34043,23.67112
1787024199,27.70504,77.98123,90,0,,,,28.03563,28.44203,23.60338
1787024200,27.66232,77.90799,90,0,,,,27.9681,28.44203,23.73865
1787024200,27.68902,77.95682,90,0,,,,27.9681,28.34043,23.60338
1787024201,27.70504,78.08652,90,0,,,,27.9681,28.34043,23.56952
1787024201,27.74777,77.99344,90,0,,,,27.83244,28.3743,23.70478
1787024202,27.73175,77.94766,90,0,,,,27.90037,28.47589,23.70478
1787024203,27.68902,78.01785,90,0,,,,28.00177,28.57749,23.70478
1787024203,27.68902,78.01785,90,0,,,,27.9681,28.47589,23.63725
1787024204,27.79049,78.10788,90,0,,,,27.90037,28.57749,23.67112
1787024205,27.61959,78.00259,90,0,,,,27.93403,28.47589,23.77251
1787024205,27.73175,77.94766,90,0,,,,27.93403,28.57749,23.77251
1787024206,27.74777,77.9202,90,0,,,,27.9681,28.34043,23.77251
1787024207,27.73175,77.95682,90,0,,,,27.90037,28.30656,23.63725
1787024207,27.73175,77.95682,90,0,,,,27.93403,28.40816,23.60338
1787024208,27.73175,78.04074,90,0,,,,27.93403,28.47589,23.56952
1787024209,27.74777,78.09567,90,0,,,,27.9681,28.3743,23.70478
1787024209,27.73175,77.99802,90,0,,,,27.90037,28.47589,23.60338
1787024210,27.79049,77.9614,90,0,,,,27.90037,28.44203,23.77251
1787024211,27.7184,77.95377,90,0,,,,27.9681,28.30656,23.67112
1787024211,27.67567,77.88968,90,0,,,,27.9681,28.47589,23.67112
1787024212,27.64897,77.95834,90,0,,,,28.00177,28.47589,23.56952
1787024213,27.74777,77.92935,90,0,,,,27.9681,28.44203,23.40059
1787024213,27.67567,77.95377,90,0,,,,27.93403,28.2727,23.56952
1787024214,27.67567,77.88052,90,0,,,,27.90037,28.44203,23.73865
1787024215,27.66232,77.88815,90,0,,,,28.00177,28.3743,23.87391
1787024215,27.70504,78.01175,90,0,,,,27.93403,28.40816,23.67112
1787024216,27.7184,77.84848,90,0,,,,28.00177,28.3743,23.63725
1787024217,27.77714,78.0087,90,0,,,,27.93403,28.34043,23.63725
1787024217,27.74777,78.01175,90,0,,,,28.0697,28.3743,23.67112
1787024218,27.7184,77.96597,90,0,,,,27.90037,28.47589,23.63725
1787024219,27.74777,77.99344,90,0,,,,27.93403,28.50976,23.53585
1787024219,27.7184,78.06821,90,0,,,,27.8665,28.54363,23.70478
1787024220,27.76379,77.97513,90,0,,,,27.8665,28.50976,23.77251
1787024221,27.76379,78.02548,90,0,,,,27.93403,28.44203,23.56952
1787024221,27.68902,77.90341,90,0,,,,28.0697,28.54363,23.70478
1787024222,27.68902,78.01785,90,0,,,,27.93403,28.50976,23.67112
1787024223,27.70504,78.04379,90,0,,,,27.93403,28.44203,23.77251
1787024223,27.81987,77.91562,90,0,,,,27.93403,28.50976,23.73865
1787024224,27.7184,78.00412,90,0,,,,27.90037,28.40816,23.70478
1787024225,27.77714,77.99954,90,0,,,,27.93403,28.34043,23.70478
1787024225,27.7184,78.05753,90,0,,,,27.93403,28.44203,23.67112
1787024226,27.76379,77.93393,90,0,,,,28.00177,28.61136,23.80618
1787024227,27.66232,77.92935,90,0,,,,27.9681,28.50976,23.53585
1787024227,27.66232,77.80576,90,0,,,,27.9681,28.40816,23.70478
1787024228,27.76379,77.96597,90,0,,,,27.90037,28.50976,23.67112
1787024229,27.63294,77.97208,90,0,,,,27.90037,28.40816,23.73865
1787024229,27.7184,77.95377,90,0,,,,28.03563,28.44203,23.67112
1787024230,27.79049,77.89731,90,0,,,,27.9681,28.50976,23.60338
1787024231,27.70504,78.01175,90,0,,,,27.9681,28.44203,23.73865
1787024231,27.7184,78.02701,90,0,,,,27.9681,28.47589,23.50199
1787024232,27.77714,77.93546,90,0,,,,27.90037,28.47589,23.73865
1787024233,27.77714,77.91562,90,0,,,,27.93403,28.44203,23.70478
1787024233,27.70504,77.99039,90,0,,,,27.93403,28.44203,23.60338
1787024234,27.67567,77.93393,90,0,,,,27.8665,28.47589,23.67112
1787024235,27.73175,77.94766,90,0,,,,27.93403,28.47589,23.56952
1787024235,27.67567,77.86984,90,0,,,,27.9681,28.40816,23.73865
1787024236,27.73175,77.94766,90,0,,,,27.9681,28.3743,23.77251
1787024237,27.76379,77.99496,90,0,,,,27.90037,28.3743,23.60338
1787024237,27.77714,78.08194,90,0,,,,27.9681,28.44203,23.77251
1787024238,27.74777,77.97208,90,0,,,,28.00177,28.3743,23.70478
1787024239,27.74777,78.01175,90,0,,,,27.83244,28.54363,23.80618
1787024239,27.74777,77.85611,90,0,,,,27.9681,28.50976,23.63725
1787024240,27.74777,77.9202,90,0,,,,27.9681,28.50976,23.70478
1787024241,27.77714,77.94766,90,0,,,,27.93403,28.40816,23.67112
1787024241,27.70504,77.90799,90,0,,,,27.93403,28.50976,23.84025
1787024242,27.7184,78.02701,90,0,,,,27.93403,28.3743,23.63725
1787024242,27.66232,78.05447,90,0,,,,27.9681,28.40816,23.70478
1787024243,27.79049,77.99344,90,0,,,,28.00177,28.50976,23.77251
1787024244,27.70504,77.95224,90,0,,,,27.8665,28.3743,23.63725
1787024244,27.74777,77.97208,90,0,,,,27.9681,28.47589,23.60338
1787024245,27.73175,78.03006,90,0,,,,27.90037,28.34043,23.53585
1787024246,27.67567,77.81949,90,0,,,,27.8665,28.47589,23.84025
1787024246,27.70504,77.9202,90,0,,,,28.00177,28.3743,23.80618
1787024247,27.84657,78.04532,90,0,,,,27.93403,28.54363,23.60338
1787024248,27.73175,77.90341,90,0,,,,27.93403,28.40816,23.73865
1787024248,27.74777,77.92935,90,0,,,,27.90037,28.44203,23.80618
1787024249,27.74777,78.09567,90,0,,,,28.00177,28.40816,23.56952
1787024250,27.70504,77.9614,90,0,,,,27.9681,28.40816,23.67112
1787024250,27.77714,77.9263,90,0,,,,27.90037,28.44203,23.67112
1787024251,27.67567,77.93393,90,0,,,,28.00177,28.44203,23.70478
1787024252,27.77714,77.88358,90,0,,,,27.93403,28.47589,23.67112
1787024252,27.74777,77.97208,90,0,,,,27.93403,28.40816,23.77251
1787024253,27.64897,77.99802,90,0,,,,27.90037,28.3743,23.70478
1787024254,27.63294,77.88052,90,0,,,,27.9681,28.3743,23.70478
1787024254,27.70504,77.87595,90,0,,,,27.93403,28.47589,23.67112
1787024255,27.74777,77.9614,90,0,,,,28.03563,28.34043,23.53585
1787024256,27.73175,78.01785,90,0,,,,27.90037,28.40816,23.56952
1787024256,27.76379,77.93393,90,0,,,,28.03563,28.34043,23.84025
1787024257,27.74777,77.97208,90,0,,,,28.0697,28.40816,23.70478
1787024258,27.77714,78.0499,90,0,,,,27.83244,28.50976,23.60338
1787024258,27.68902,77.89426,90,0,,,,27.8665,28.54363,23.67112
1787024259,27.66232,77.85611,90,0,,,,28.00177,28.3743,23.63725
1787024260,27.76379,77.91257,90,0,,,,27.83244,28.40816,23.73865
1787024260,27.73175,78.0087,90,0,,,,27.90037,28.64523,23.70478
1787024261,27.67567,77.88968,90,0,,,,28.13723,28.54363,23.50199
1787024262,27.76379,77.83017,90,0,,,,27.90037,28.44203,23.70478
1787024262,27.70504,77.90799,90,0,,,,28.00177,28.44203,23.70478
1787024263,27.76379,78.03616,90,0,,,,28.00177,28.61136,23.80618
1787024264,27.74777,77.92935,90,0,,,,27.93403,28.34043,23.60338
1787024264,27.68902,77.89426,90,0,,,,27.90037,28.54363,23.70478
1787024265,27.66232,77.83475,90,0,,,,27.93403,28.3743,23.56952
1787024266,27.66232,77.97208,90,0,,,,27.83244,28.40816,23.63725
1787024266,27.7184,77.90189,90,0,,,,28.03563,28.50976,23.60338
1787024267,27.74777,77.92935,90,0,,,,27.9681,28.47589,23.67112
1787024268,27.73175,77.86221,90,0,,,,27.9681,28.61136,23.60338
1787024268,27.70504,77.94003,90,0,,,,28.00177,28.47589,23.63725
1787024269,27.77714,77.87442,90,0,,,,27.8665,28.44203,23.63725
1787024270,27.77714,77.94766,90,0,,,,27.8665,28.47589,23.63725
1787024270,27.80651,77.91257,90,0,,,,27.93403,28.44203,23.80618
1787024271,27.77714,77.93546,90,0,,,,27.90037,28.47589,23.56952
1787024272,27.76379,77.90189,90,0,,,,27.8665,28.34043,23.70478
1787024272,27.63294,77.92172,90,0,,,,27.8665,28.47589,23.63725
1787024273,27.81987,78.01175,90,0,,,,27.90037,28.3743,23.56952
1787024274,27.76379,77.96597,90,0,,,,27.93403,28.34043,23.70478
1787024274,27.70504,77.90799,90,0,,,,28.00177,28.3743,23.53585
1787024275,27.76379,77.93393,90,0,,,,27.90037,28.47589,23.67112
1787024276,27.74777,77.9202,90,0,,,,27.9681,28.47589,23.67112
1787024276,27.76379,77.93393,90,0,,,,27.93403,28.47589,23.73865
1787024277,27.80651,77.88968,90,0,,,,27.9681,28.3743,23.60338
1787024278,27.70504,77.88815,90,0,,,,27.93403,28.50976,23.60338
1787024278,27.77714,77.9675,90,0,,,,28.00177,28.23883,23.77251
1787024279,27.73175,77.97971,90,0,,,,27.8665,28.44203,23.67112
1787024280,27.70504,78.02243,90,0,,,,28.00177,28.34043,23.77251
1787024280,27.79049,77.94003,90,0,,,,27.90037,28.50976,23.67112
1787024281,27.80651,77.98581,90,0,,,,27.93403,28.50976,23.70478
1787024281,27.73175,77.88358,90,0,,,,28.00177,28.34043,23.77251
1787024282,27.59022,77.88968,90,0,,,,27.90037,28.50976,23.67112
1787024283,27.68902,77.9675,90,0,,,,28.00177,28.34043,23.80618
1787024283,27.74777,77.97208,90,0,,,,27.9681,28.54363,23.67112
1787024284,27.73175,77.93546,90,0,,,,28.03563,28.50976,23.63725
1787024285,27.80651,77.93393,90,0,,,,27.83244,28.44203,23.70478
1787024285,27.70504,77.89883,90,0,,,,27.90037,28.47589,23.60338
1787024286,27.74777,77.95224,90,0,,,,27.93403,28.2727,23.53585
1787024287,27.67567,77.86984,90,0,,,,28.03563,28.44203,23.67112
1787024287,27.66232,77.85611,90,0,,,,27.9681,28.57749,23.56952
1787024288,27.67567,77.98428,90,0,,,,27.90037,28.44203,23.63725
1787024289,27.74777,77.94003,90,0,,,,27.83244,28.47589,23.63725
1787024289,27.66232,77.88815,90,0,,,,27.90037,28.54363,23.60338
1787024290,27.80651,77.98581,90,0,,,,28.03563,28.57749,23.77251
1787024291,27.7184,77.92172,90,0,,,,27.9681,28.3743,23.53585
1787024291,27.67567,77.90189,90,0,,,,27.93403,28.47589,23.67112
1787024292,27.66232,77.78439,90,0,,,,27.9681,28.61136,23.50199
1787024293,27.7184,77.94308,90,0,,,,27.90037,28.3743,23.50199
1787024293,27.77714,77.87442,90,0,,,,27.9681,28.47589,23.63725
1787024294,27.80651,77.90189,90,0,,,,28.03563,28.47589,23.63725
1787024295,27.66232,77.86679,90,0,,,,27.9681,28.54363,23.53585
1787024295,27.73175,77.85153,90,0,,,,28.00177,28.3743,23.67112
1787024296,27.67567,77.92172,90,0,,,,27.93403,28.44203,23.73865
1787024297,27.74777,77.79355,90,0,,,,27.9681,28.40816,23.67112
1787024297,27.73175,77.94766,90,0,,,,27.93403,28.34043,23.63725
1787024298,27.76379,77.90189,90,0,,,,27.90037,28.44203,23.84025
1787024299,27.67567,77.90189,90,0,,,,28.00177,28.64523,23.73865
1787024299,27.76379,77.93393,90,0,,,,27.93403,28.44203,23.60338
1787024300,27.66232,77.78439,90,0,,,,28.10336,28.61136,23.73865
1787024301,27.70504,77.89883,90,0,,,,27.93403,28.47589,23.60338
1787024301,27.73175,77.9263,90,0,,,,28.0697,28.40816,23.80618
1787024302,27.7184,77.86984,90,0,,,,27.90037,28.50976,23.56952
1787024303,27.68902,77.90341,90,0,,,,27.9681,28.50976,23.60338
1787024303,27.67567,77.76608,90,0,,,,28.0697,28.40816,23.63725
1787024304,27.67567,77.93393,90,0,,,,27.90037,28.40816,23.70478
1787024305,27.73175,77.9263,90,0,,,,28.00177,28.40816,23.67112
1787024305,27.77714,77.94766,90,0,,,,27.93403,28.47589,23.63725
1787024306,27.79049,77.9614,90,0,,,,27.9681,28.54363,23.84025
1787024307,27.68902,77.89426,90,0,,,,27.93403,28.47589,23.73865
1787024307,27.74777,77.8378,90,0,,,,27.90037,28.40816,23.70478
1787024308,27.68902,77.85153,90,0,,,,27.93403,28.54363,23.80618
1787024309,27.79049,77.9202,90,0,,,,28.03563,28.40816,23.73865
1787024309,27.7184,77.90189,90,0,,,,28.00177,28.50976,23.70478
1787024310,27.7184,77.93393,90,0,,,,28.00177,28.50976,23.77251
1787024311,27.76379,77.92172,90,0,,,,27.8665,28.40816,23.84025
1787024311,27.68902,77.95682,90,0,,,,27.9681,28.2727,23.84025
1787024312,27.64897,77.84238,90,0,,,,27.9681,28.30656,23.60338
1787024313,27.67567,77.97513,90,0,,,,28.00177,28.34043,23.77251
1787024313,27.68902,77.82101,90,0,,,,28.00177,28.44203,23.73865
1787024314,27.68902,77.83017,90,0,,,,27.9681,28.34043,23.60338
1787024315,27.81987,77.98886,90,0,,,,27.90037,28.34043,23.70478
1787024315,27.67567,77.95377,90,0,,,,27.9681,28.34043,23.53585
1787024316,27.68902,77.89426,90,0,,,,28.00177,28.50976,23.73865
1787024317,27.76379,77.96597,90,0,,,,27.9681,28.47589,23.73865
1787024317,27.64897,77.86221,90,0,,,,27.93403,28.57749,23.73865
1787024318,27.81987,77.95682,90,0,,,,27.93403,28.23883,23.63725
1787024318,27.84657,77.94308,90,0,,,,27.90037,28.47589,23.80618
1787024319,27.74777,77.92935,90,0,,,,28.00177,28.40816,23.70478
1787024320,27.68902,77.99802,90,0,,,,27.93403,28.47589,23.53585
1787024320,27.76379,77.90189,90,0,,,,27.93403,28.47589,23.80618
1787024321,27.68902,77.91562,90,0,,,,27.90037,28.47589,23.70478
1787024322,27.73175,78.0087,90,0,,,,27.93403,28.34043,23.60338
1787024322,27.83322,77.94003,90,0,,,,28.00177,28.40816,23.60338
1787024323,27.74777,77.92935,90,0,,,,27.90037,28.50976,23.60338
1787024324,27.74777,77.90799,90,0,,,,27.83244,28.30656,23.60338
1787024324,27.61959,77.86679,90,0,,,,27.93403,28.3743,23.67112
1787024325,27.73175,77.91562,90,0,,,,27.9681,28.44203,23.67112
1787024326,27.66232,77.97208,90,0,,,,27.93403,28.54363,23.63725
1787024326,27.79049,77.9202,90,0,,,,27.90037,28.34043,23.67112
1787024327,27.76379,77.80728,90,0,,,,27.9681,28.3743,23.63725
1787024328,27.80651,77.86984,90,0,,,,28.03563,28.44203,23.63725
1787024328,27.68902,77.89426,90,0,,,,27.93403,28.44203,23.56952
1787024329,27.76379,77.94308,90,0,,,,27.90037,28.47589,23.60338
1787024330,27.74777,78.03464,90,0,,,,27.90037,28.44203,23.77251
1787024330,27.77714,77.97971,90,0,,,,27.93403,28.40816,23.60338
1787024331,27.73175,77.97971,90,0,,,,27.9681,28.34043,23.63725
1787024332,27.70504,77.9202,90,0,,,,27.90037,28.61136,23.67112
1787024332,27.77714,77.85153,90,0,,,,27.93403,28.2727,23.70478
1787024333,27.67567,77.91257,90,0,,,,27.93403,28.61136,23.53585
1787024334,27.70504,77.9614,90,0,,,,27.93403,28.34043,23.80618
1787024334,27.68902,77.94766,90,0,,,,27.90037,28.34043,23.63725
1787024335,27.7184,77.94308,90,0,,,,28.00177,28.30656,23.53585
1787024336,27.7184,77.84848,90,0,,,,27.9681,28.40816,23.67112
1787024336,27.7184,77.8378,90,0,,,,27.9681,28.47589,23.67112
1787024337,27.7184,77.92172,90,0,,,,28.03563,28.44203,23.77251
1787024338,27.60624,77.89426,90,0,,,,27.93403,28.57749,23.67112
1787024338,27.7184,77.77829,90,0,,,,27.93403,28.47589,23.73865
1787024339,27.70504,77.9202,90,0,,,,28.00177,28.50976,23.80618
1787024340,27.80651,77.93393,90,0,,,,27.90037,28.44203,23.67112
1787024340,27.68902,77.86221,90,0,,,,28.00177,28.3743,23.63725
1787024341,27.80651,77.94308,90,0,,,,28.00177,28.44203,23.63725
1787024342,27.68902,77.90341,90,0,,,,27.90037,28.44203,23.80618
1787024342,27.70504,77.88815,90,0,,,,27.93403,28.34043,23.67112
1787024343,27.77714,77.86221,90,0,,,,28.03563,28.3743,23.70478
1787024344,27.68902,77.90341,90,0,,,,27.90037,28.54363,23.43446
1787024344,27.79049,77.87595,90,0,,,,27.9681,28.44203,23.63725
1787024345,27.7184,77.96597,90,0,,,,27.90037,28.40816,23.67112
1787024346,27.66232,77.94003,90,0,,,,28.0697,28.47589,23.67112
1787024346,27.73175,77.97971,90,0,,,,28.00177,28.40816,23.73865
1787024347,27.76379,77.81949,90,0,,,,27.93403,28.44203,23.70478
1787024348,27.70504,77.85611,90,0,,,,27.90037,28.40816,23.63725
1787024348,27.70504,77.89883,90,0,,,,27.90037,28.40816,23.56952
1787024349,27.80651,77.96597,90,0,,,,27.93403,28.47589,23.67112
1787024350,27.74777,77.95224,90,0,,,,28.00177,28.44203,23.70478
1787024351,27.77714,77.85153,90,0,,,,28.03563,28.3743,23.60338
1787024351,27.7184,77.91257,90,0,,,,27.93403,28.40816,23.53585
1787024352,27.76379,77.97513,90,0,,,,27.90037,28.3743,23.56952
1787024352,27.76379,77.84848,90,0,,,,27.90037,28.40816,23.70478
1787024353,27.77714,77.9675,90,0,,,,27.9681,28.3743,23.77251
1787024354,27.73175,77.90341,90,0,,,,28.00177,28.47589,23.70478
1787024354,27.73175,77.99802,90,0,,,,28.00177,28.50976,23.80618
1787024355,27.70504,78.01175,90,0,,,,28.00177,28.47589,23.70478
1787024356,27.73175,77.97971,90,0,,,,27.9681,28.44203,23.67112
1787024356,27.64897,77.89426,90,0,,,,28.03563,28.54363,23.77251
1787024357,27.70504,77.9614,90,0,,,,27.9681,28.30656,23.67112
1787024357,27.81987,78.01175,90,0,,,,27.90037,28.50976,23.77251
1787024358,27.66232,77.92935,90,0,,,,27.93403,28.47589,23.73865
1787024359,27.74777,77.87595,90,0,,,,27.9681,28.3743,23.53585
1787024360,27.67567,77.88052,90,0,,,,27.90037,28.40816,23.67112
1787024360,27.68902,77.83017,90,0,,,,27.8665,28.44203,23.63725
1787024361,27.68902,78.04074,90,0,,,,27.93403,28.3743,23.70478
1787024361,27.74777,77.94003,90,0,,,,27.93403,28.44203,23.80618
1787024362,27.70504,77.89883,90,0,,,,27.93403,28.44203,23.77251
1787024363,27.80651,77.83932,90,0,,,,27.93403,28.44203,23.70478
1787024363,27.73175,77.90341,90,0,,,,27.93403,28.50976,23.70478
1787024364,27.74777,77.94003,90,0,,,,27.9681,28.47589,23.67112
1787024365,27.7184,77.90189,90,0,,,,27.93403,28.34043,23.60338
1787024365,27.7184,77.86069,90,0,,,,28.00177,28.54363,23.70478
1787024366,27.79049,77.90799,90,0,,,,27.90037,28.40816,23.73865
1787024367,27.74777,77.9614,90,0,,,,27.93403,28.44203,23.70478
1787024367,27.77714,77.97971,90,0,,,,27.9681,28.47589,23.70478
1787024368,27.7184,77.8378,90,0,,,,27.90037,28.47589,23.80618
1787024369,27.79049,77.87595,90,0,,,,27.9681,28.47589,23.60338
1787024369,27.87594,77.94003,90,0,,,,28.03563,28.50976,23.63725
1787024370,27.80651,77.86069,90,0,,,,27.9681,28.47589,23.70478
1787024371,27.67567,77.78745,90,0,,,,27.93403,28.3743,23.94144
1787024371,27.84657,77.76608,90,0,,,,27.8665,28.3743,23.60338
1787024372,27.81987,77.93546,90,0,,,,27.93403,28.47589,23.70478
1787024373,27.70504,78.02243,90,0,,,,27.9681,28.40816,23.53585
1787024373,27.74777,77.80576,90,0,,,,27.9681,28.50976,23.56952
1787024374,27.68902,77.89426,90,0,,,,27.9681,28.23883,23.73865
1787024375,27.74777,77.87595,90,0,,,,27.93403,28.44203,23.70478
1787024375,27.66232,77.92935,90,0,,,,27.90037,28.3743,23.84025
1787024376,27.74777,77.88815,90,0,,,,27.93403,28.3743,23.63725
1787024377,27.70504,77.9202,90,0,,,,27.93403,28.40816,23.70478
1787024377,27.73175,77.88358,90,0,,,,27.93403,28.44203,23.70478
1787024378,27.70504,77.83475,90,0,,,,27.8665,28.3743,23.77251
1787024379,27.7184,77.86984,90,0,,,,28.00177,28.3743,23.63725
1787024379,27.73175,77.89426,90,0,,,,27.90037,28.57749,23.63725
1787024380,27.74777,77.8378,90,0,,,,27.93403,28.44203,23.60338
1787024381,27.73175,77.89426,90,0,,,,27.8665,28.3743,23.63725
1787024381,27.7184,77.90189,90,0,,,,27.93403,28.3743,23.70478
1787024382,27.68902,77.83017,90,0,,,,27.93403,28.47589,23.73865
1787024383,27.70504,77.89883,90,0,,,,27.93403,28.44203,23.46812
1787024383,27.74777,77.87595,90,0,,,,27.9681,28.40816,23.63725
1787024384,27.81987,77.98886,90,0,,,,27.9681,28.50976,23.77251
1787024385,27.73175,77.90341,90,0,,,,27.93403,28.3743,23.53585
1787024385,27.68902,77.79202,90,0,,,,27.9681,28.47589,23.77251
1787024386,27.74777,77.9202,90,0,,,,27.9681,28.3743,23.84025
1787024387,27.66232,77.97208,90,0,,,,28.00177,28.61136,23.73865
1787024387,27.67567,77.91257,90,0,,,,27.93403,28.57749,23.63725
1787024388,27.70504,77.85611,90,0,,,,28.03563,28.50976,23.67112
1787024389,27.70504,78.05447,90,0,,,,27.9681,28.47589,23.63725
1787024389,27.68902,77.88358,90,0,,,,27.9681,28.47589,23.63725
1787024390,27.76379,77.99496,90,0,,,,27.8665,28.54363,23.73865
1787024391,27.73175,77.97971,90,0,,,,27.93403,28.3743,23.53585
1787024391,27.68902,77.93546,90,0,,,,27.9681,28.44203,23.67112
1787024392,27.68902,77.9675,90,0,,,,27.8665,28.44203,23.87391
1787024393,27.77714,77.91562,90,0,,,,27.90037,28.3743,23.73865
1787024393,27.79049,77.9202,90,0,,,,27.93403,28.50976,23.63725
1787024394,27.73175,77.88358,90,0,,,,27.9681,28.34043,23.94144
1787024394,27.86259,77.9675,90,0,,,,27.90037,28.54363,23.84025
1787024395,27.67567,77.92172,90,0,,,,27.8665,28.34043,23.67112
1787024396,27.74777,77.9202,90,0,,,,28.00177,28.40816,23.73865
1787024396,27.73175,77.94766,90,0,,,,27.90037,28.44203,23.50199
1787024397,27.73175,77.94766,90,0,,,,27.9681,28.40816,23.73865
1787024398,27.70504,77.89883,90,0,,,,27.9681,28.44203,23.70478
1787024398,27.77714,77.93546,90,0,,,,27.93403,28.40816,23.60338
1787024399,27.70504,77.97208,90,0,,,,27.9681,28.40816,23.73865
1787024400,27.67567,78.05753,90,0,,,,27.9681,28.20496,23.73865
1787024400,27.7184,77.88052,90,0,,,,28.03563,28.57749,23.67112
1787024401,27.83322,77.97208,90,0,,,,27.9681,28.54363,23.60338
1787024402,27.74777,77.89883,90,0,,,,27.8665,28.40816,23.77251
1787024402,27.7184,77.92172,90,0,,,,27.9681,28.34043,23.56952
1787024403,27.68902,77.9263,90,0,,,,28.00177,28.40816,23.50199
1787024404,27.70504,77.88815,90,0,,,,27.8665,28.2727,23.67112
1787024404,27.77714,78.0087,90,0,,,,27.9681,28.57749,23.77251
1787024405,27.64897,77.95834,90,0,,,,27.9681,28.50976,23.80618
1787024406,27.73175,78.03006,90,0,,,,27.8665,28.44203,23.84025
1787024406,27.68902,77.90341,90,0,,,,27.8665,28.47589,23.67112
1787024407,27.7184,77.93393,90,0,,,,27.9681,28.47589,23.60338
1787024408,27.76379,78.01633,90,0,,,,28.00177,28.44203,23.70478
1787024408,27.79049,78.06363,90,0,,,,27.93403,28.47589,23.60338
1787024409,27.7184,77.98581,90,0,,,,27.9681,28.44203,23.70478
1787024410,27.61959,77.95224,90,0,,,,27.9681,28.50976,23.63725
1787024410,27.68902,77.98886,90,0,,,,28.00177,28.3743,23.70478
1787024411,27.74777,77.84695,90,0,,,,27.8665,28.44203,23.67112
1787024412,27.81987,78.04074,90,0,,,,27.8665,28.30656,23.97531
1787024412,27.76379,77.92172,90,0,,,,27.83244,28.50976,23.67112
1787024413,27.80651,78.00717,90,0,,,,27.93403,28.40816,23.63725
1787024414,27.81987,77.9675,90,0,,,,27.9681,28.3743,23.84025
1787024414,27.74777,78.02243,90,0,,,,27.93403,28.47589,23.90778
1787024415,27.67567,78.01633,90,0,,,,27.9681,28.44203,23.70478
1787024416,27.77714,77.95834,90,0,,,,27.9681,28.47589,23.70478
1787024416,27.67567,77.95377,90,0,,,,28.00177,28.44203,23.63725
1787024417,27.74777,77.94003,90,0,,,,28.00177,28.50976,23.70478
1787024418,27.7184,77.96597,90,0,,,,27.93403,28.44203,23.67112
1787024418,27.74777,77.9614,90,0,,,,27.9681,28.44203,23.43446
1787024419,27.74777,77.95224,90,0,,,,28.00177,28.47589,23.73865
1787024420,27.70504,77.9614,90,0,,,,27.9681,28.54363,23.77251
1787024420,27.76379,77.90189,90,0,,,,27.90037,28.40816,23.63725
1787024421,27.77714,77.9675,90,0,,,,27.9681,28.40816,23.70478
1787024422,27.66232,77.99039,90,0,,,,27.93403,28.44203,23.60338
1787024422,27.73175,77.93546,90,0,,,,27.90037,28.40816,23.73865
1787024423,27.74777,77.97208,90,0,,,,27.9681,28.34043,23.70478
1787024424,27.74777,77.95224,90,0,,,,27.9681,28.3743,23.73865
1787024424,27.73175,77.99802,90,0,,,,28.03563,28.47589,23.73865
1787024425,27.68902,77.98886,90,0,,,,28.03563,28.2727,23.70478
1787024426,27.7184,77.99496,90,0,,,,27.9681,28.40816,23.63725
1787024426,27.64897,78.0087,90,0,,,,27.90037,28.54363,23.77251
1787024427,27.74777,78.00259,90,0,,,,27.90037,28.44203,23.50199
1787024428,27.7184,77.96597,90,0,,,,27.93403,28.47589,23.80618
1787024428,27.7184,77.99496,90,0,,,,27.9681,28.3743,23.70478
1787024429,27.7184,78.01633,90,0,,,,28.00177,28.57749,23.56952
1787024430,27.70504,77.9202,90,0,,,,27.8665,28.40816,23.80618
1787024430,27.76379,78.04837,90,0,,,,27.93403,28.40816,23.67112
1787024431,27.76379,77.96597,90,0,,,,27.9681,28.54363,23.67112
1787024432,27.73175,77.97971,90,0,,,,27.93403,28.47589,23.73865
1787024432,27.7184,78.00412,90,0,,,,27.93403,28.54363,23.63725
1787024433,27.7184,77.93393,90,0,,,,27.9681,28.57749,23.77251
1787024433,27.7184,77.94308,90,0,,,,28.00177,28.44203,23.63725
1787024434,27.68902,77.94766,90,0,,,,28.00177,28.47589,23.67112
1787024435,27.74777,77.98123,90,0,,,,28.03563,28.40816,23.70478
1787024435,27.76379,77.93393,90,0,,,,27.8665,28.44203,23.67112
1787024436,27.66232,78.05447,90,0,,,,28.00177,28.3743,23.60338
1787024437,27.79049,77.90799,90,0,,,,27.90037,28.44203,23.40059
1787024437,27.74777,78.04379,90,0,,,,27.90037,28.50976,23.70478
1787024438,27.74777,78.04379,90,0,,,,28.03563,28.47589,23.77251
1787024439,27.74777,77.92935,90,0,,,,28.03563,28.3743,23.63725
1787024439,27.68902,78.09415,90,0,,,,27.8665,28.64523,23.63725
1787024440,27.67567,77.91257,90,0,,,,27.93403,28.40816,23.80618
1787024441,27.68902,78.0499,90,0,,,,28.00177,28.47589,23.60338
1787024441,27.73175,77.9263,90,0,,,,28.03563,28.34043,23.67112
1787024442,27.66232,77.99039,90,0,,,,27.9681,28.47589,23.80618
1787024443,27.68902,77.87442,90,0,,,,27.8665,28.47589,23.73865
1787024443,27.83322,77.92935,90,0,,,,27.93403,28.40816,23.77251
1787024444,27.79049,77.94919,90,0,,,,27.90037,28.50976,23.73865
1787024445,27.76379,78.01633,90,0,,,,28.00177,28.47589,23.60338
1787024445,27.64897,77.98886,90,0,,,,27.93403,28.47589,23.77251
1787024446,27.63294,77.88968,90,0,,,,27.9681,28.64523,23.84025
1787024447,27.73175,77.93546,90,0,,,,27.90037,28.34043,23.67112
1787024447,27.73175,78.0621,90,0,,,,28.03563,28.61136,23.70478
1787024448,27.76379,78.02548,90,0,,,,28.00177,28.3743,23.63725
1787024449,27.67567,77.95377,90,0,,,,28.00177,28.34043,23.67112
1787024449,27.79049,77.99344,90,0,,,,28.00177,28.3743,23.50199
1787024450,27.70504,77.89883,90,0,,,,27.90037,28.44203,23.70478
1787024451,27.64897,77.95834,90,0,,,,27.90037,28.61136,23.67112
1787024451,27.64897,77.98886,90,0,,,,27.93403,28.40816,23.84025
1787024452,27.70504,77.98123,90,0,,,,28.00177,28.57749,23.77251
1787024453,27.76379,77.97513,90,0,,,,27.90037,28.50976,23.67112
1787024453,27.76379,77.94308,90,0,,,,27.9681,28.50976,23.70478
1787024454,27.79049,78.03159,90,0,,,,27.9681,28.3743,23.63725
1787024455,27.66232,77.97208,90,0,,,,28.03563,28.50976,23.73865
1787024455,27.68902,77.9675,90,0,,,,27.9681,28.44203,23.63725
1787024456,27.68902,77.91562,90,0,,,,28.00177,28.54363,23.63725
1787024457,27.81987,77.91562,90,0,,,,27.93403,28.3743,23.60338
1787024457,27.70504,77.95224,90,0,,,,27.9681,28.3743,23.60338
1787024458,27.7184,78.08957,90,0,,,,28.00177,28.47589,23.70478
1787024459,27.77714,77.9675,90,0,,,,28.00177,28.50976,23.70478
1787024459,27.74777,77.95224,90,0,,,,28.0697,28.54363,23.56952
1787024460,27.76379,77.95377,90,0,,,,27.93403,28.40816,23.73865
1787024461,27.68902,77.93546,90,0,,,,27.90037,28.40816,23.60338
1787024461,27.64897,77.91562,90,0,,,,27.90037,28.47589,23.70478
1787024462,27.76379,77.96597,90,0,,,,27.93403,28.34043,23.56952
1787024463,27.76379,78.01633,90,0,,,,27.93403,28.3743,23.73865
1787024463,27.79049,77.94919,90,0,,,,27.8665,28.40816,23.60338
1787024464,27.74777,77.9614,90,0,,,,27.90037,28.47589,23.67112
1787024465,27.66232,77.98123,90,0,,,,27.9681,28.3743,23.67112
1787024465,27.7184,77.99496,90,0,,,,27.90037,28.44203,23.56952
1787024466,27.74777,78.04379,90,0,,,,27.93403,28.47589,23.67112
1787024467,27.67567,78.02548,90,0,,,,27.93403,28.47589,23.77251
1787024467,27.68902,77.91562,90,0,,,,28.03563,28.50976,23.67112
1787024468,27.70504,77.92935,90,0,,,,27.93403,28.54363,23.70478
1787024469,27.79049,78.04379,90,0,,,,27.90037,28.61136,23.60338
1787024469,27.79049,78.10788,90,0,,,,28.00177,28.50976,23.53585
1787024470,27.79049,78.07584,90,0,,,,28.03563,28.3743,23.67112
1787024471,27.77714,77.99954,90,0,,,,27.93403,28.50976,23.60338
1787024471,27.83322,77.97208,90,0,,,,27.9681,28.2727,23.63725
1787024472,27.79049,78.01175,90,0,,,,27.9681,28.47589,23.73865
1787024472,27.77714,77.85153,90,0,,,,27.90037,28.44203,23.70478
1787024473,27.68902,78.08194,90,0,,,,27.9681,28.44203,23.63725
1787024474,27.70504,77.92935,90,0,,,,27.93403,28.47589,23.63725
1787024474,27.74777,77.87595,90,0,,,,28.00177,28.50976,23.60338
1787024475,27.67567,77.88052,90,0,,,,27.9681,28.34043,23.63725
1787024476,27.68902,77.90341,90,0,,,,27.90037,28.54363,23.63725
1787024476,27.76379,77.81949,90,0,,,,27.93403,28.40816,23.77251
1787024477,27.68902,77.95682,90,0,,,,27.90037,28.50976,23.80618
1787024478,27.77714,78.01785,90,0,,,,27.90037,28.34043,23.70478
1787024478,27.76379,78.06821,90,0,,,,28.03563,28.47589,23.77251
1787024479,27.76379,78.04837,90,0,,,,27.93403,28.50976,23.70478
1787024480,27.74777,77.98123,90,0,,,,28.03563,28.50976,23.63725
1787024480,27.68902,77.88358,90,0,,,,27.9681,28.34043,23.67112
1787024481,27.7184,77.91257,90,0,,,,27.9681,28.40816,23.67112
1787024482,27.66232,78.03464,90,0,,,,27.9681,28.44203,23.67112
1787024482,27.66232,77.88815,90,0,,,,28.00177,28.47589,23.63725
1787024483,27.70504,78.04379,90,0,,,,28.00177,28.40816,23.60338
1787024484,27.7184,78.00412,90,0,,,,27.93403,28.34043,23.73865
1787024484,27.68902,77.9263,90,0,,,,28.0697,28.50976,23.73865
1787024485,27.80651,78.16281,90,0,,,,27.9681,28.50976,23.63725
1787024486,27.80651,78.01633,90,0,,,,27.9681,28.50976,23.56952
1787024486,27.76379,77.91257,90,0,,,,27.93403,28.40816,23.63725
1787024487,27.79049,78.01175,90,0,,,,27.9681,28.44203,23.73865
1787024488,27.74777,78.00259,90,0,,,,27.9681,28.47589,23.63725
1787024488,27.73175,78.03006,90,0,,,,27.9681,28.54363,23.67112
1787024489,27.68902,78.0087,90,0,,,,28.0697,28.47589,23.67112
1787024490,27.68902,77.89426,90,0,,,,27.90037,28.54363,23.84025
1787024490,27.74777,78.03464,90,0,,,,28.00177,28.54363,23.73865
1787024491,27.68902,77.95682,90,0,,,,28.00177,28.40816,23.77251
1787024492,27.76379,78.05753,90,0,,,,27.8665,28.44203,23.50199
1787024492,27.68902,78.01785,90,0,,,,27.93403,28.57749,23.53585
1787024493,27.73175,78.04074,90,0,,,,27.90037,28.50976,23.63725
1787024494,27.77714,78.12314,90,0,,,,28.00177,28.54363,23.63725
1787024494,27.7184,77.99496,90,0,,,,27.90037,28.40816,23.70478
1787024495,27.7184,78.04837,90,0,,,,27.9681,28.47589,23.77251
1787024496,27.81987,78.1857,90,0,,,,27.8665,28.44203,23.70478
1787024496,27.73175,77.90341,90,0,,,,27.93403,28.40816,23.60338
1787024497,27.74777,78.07584,90,0,,,,27.93403,28.44203,23.63725
1787024498,27.74777,78.04379,90,0,,,,27.83244,28.47589,23.60338
1787024498,27.80651,78.12161,90,0,,,,27.90037,28.50976,23.73865
1787024499,27.67567,78.01633,90,0,,,,27.90037,28.54363,23.67112
1787024500,27.63294,78.13077,90,0,,,,27.8665,28.3743,23.60338
1787024500,27.76379,78.14145,90,0,,,,27.93403,28.47589,23.56952
1787024501,27.80651,78.08041,90,0,,,,27.8665,28.34043,23.63725
1787024502,27.77714,78.09415,90,0,,,,27.93403,28.44203,23.80618
1787024502,27.68902,78.08194,90,0,,,,28.00177,28.47589,23.63725
1787024503,27.68902,78.20554,90,0,,,,27.9681,28.3743,23.50199
1787024504,27.83322,78.17807,90,0,,,,27.90037,28.3743,23.63725
1787024504,27.77714,78.1033,90,0,,,,28.00177,28.47589,23.60338
1787024505,27.77714,78.04074,90,0,,,,27.9681,28.57749,23.60338
1787024506,27.7184,78.13229,90,0,,,,28.00177,28.44203,23.70478
1787024506,27.74777,78.11703,90,0,,,,27.90037,28.61136,23.70478
1787024507,27.70504,78.08652,90,0,,,,27.9681,28.44203,23.67112
1787024508,27.68902,78.11398,90,0,,,,28.00177,28.47589,23.77251
1787024508,27.68902,78.0621,90,0,,,,27.93403,28.30656,23.70478
1787024509,27.70504,78.13992,90,0,,,,27.90037,28.40816,23.73865
1787024510,27.77714,78.17654,90,0,,,,27.90037,28.44203,23.67112
1787024510,27.79049,78.19028,90,0,,,,27.93403,28.50976,23.77251
1787024511,27.68902,78.20554,90,0,,,,27.8665,28.40816,23.73865
1787024511,27.7184,78.14145,90,0,,,,27.9681,28.47589,23.70478
1787024512,27.74777,78.16891,90,0,,,,27.9681,28.47589,23.84025
1787024513,27.7184,78.32761,90,0,,,,27.93403,28.40816,23.77251
1787024513,27.64897,78.34287,90,0,,,,28.00177,28.61136,23.70478
1787024514,27.76379,78.2681,90,0,,,,27.93403,28.50976,23.67112
1787024515,27.80651,78.27726,90,0,,,,27.8665,28.3743,23.56952
1787024515,27.66232,78.28336,90,0,,,,27.90037,28.40816,23.70478
1787024516,27.74777,78.22232,90,0,,,,27.9681,28.57749,23.60338
1787024517,27.68902,78.31083,90,0,,,,28.03563,28.47589,23.70478
1787024517,27.70504,78.41001,90,0,,,,27.9681,28.44203,23.73865
1787024518,27.74777,78.42985,90,0,,,,27.93403,28.3743,23.67112
1787024519,27.79049,78.50156,90,0,,,,27.93403,28.47589,23.63725
1787024519,27.77714,78.42527,90,0,,,,28.03563,28.50976,23.67112
1787024520,27.79049,78.49241,90,0,,,,27.93403,28.50976,23.67112
1787024521,27.74777,78.4802,90,0,,,,27.93403,28.3743,23.67112
1787024521,27.76379,78.45579,90,0,,,,27.9681,28.61136,23.70478
1787024522,27.67567,78.45274,90,0,,,,27.90037,28.47589,23.60338
1787024523,27.73175,78.45731,90,0,,,,27.93403,28.50976,23.87391
1787024523,27.73175,78.49851,90,0,,,,27.93403,28.54363,23.67112
1787024524,27.70504,78.4802,90,0,,,,27.93403,28.54363,23.60338
1787024525,27.7184,78.44358,90,0,,,,28.00177,28.50976,23.67112
1787024525,27.7184,78.62974,90,0,,,,28.00177,28.57749,23.70478
1787024526,27.74777,78.58549,90,0,,,,27.90037,28.30656,23.56952
1787024527,27.64897,78.57175,90,0,,,,27.8665,28.44203,23.84025
1787024527,27.67567,78.57938,90,0,,,,28.03563,28.47589,23.67112
1787024528,27.68902,78.70756,90,0,,,,27.93403,28.40816,23.70478
1787024529,27.7184,78.5153,90,0,,,,27.93403,28.40816,23.70478
1787024529,27.73175,78.63432,90,0,,,,27.93403,28.2727,23.73865
1787024530,27.7184,78.52598,90,0,,,,27.90037,28.54363,23.63725
1787024531,27.66232,78.44816,90,0,,,,27.9681,28.44203,23.60338
1787024531,27.79049,78.46037,90,0,,,,27.8665,28.47589,23.63725
1787024532,27.70504,78.53361,90,0,,,,28.00177,28.40816,23.73865
1787024533,27.74777,78.51225,90,0,,,,28.03563,28.50976,23.67112
1787024533,27.7184,78.46189,90,0,,,,27.8665,28.40816,23.67112
1787024534,27.73175,78.46647,90,0,,,,27.93403,28.50976,23.84025
1787024535,27.76379,78.46494,90,0,,,,27.93403,28.44203,23.63725
1787024535,27.73175,78.47562,90,0,,,,28.00177,28.34043,23.60338
1787024536,27.70504,78.52445,90,0,,,,27.9681,28.3743,23.67112
1787024537,27.70504,78.38865,90,0,,,,27.9681,28.3743,23.56952
1787024537,27.73175,78.31083,90,0,,,,27.8665,28.44203,23.77251
1787024538,27.7184,78.33829,90,0,,,,27.93403,28.44203,23.63725
1787024539,27.70504,78.34592,90,0,,,,27.90037,28.3743,23.70478
1787024539,27.67567,78.32761,90,0,,,,27.9681,28.44203,23.84025
1787024540,27.77714,78.34135,90,0,,,,28.00177,28.47589,23.70478
1787024541,27.64897,78.29099,90,0,,,,27.90037,28.30656,23.67112
1787024541,27.76379,78.3093,90,0,,,,27.9681,28.44203,23.60338
1787024542,27.86259,78.33372,90,0,,,,28.00177,28.44203,23.63725
1787024543,27.80651,78.2971,90,0,,,,28.03563,28.50976,23.67112
1787024543,27.76379,78.33829,90,0,,,,27.90037,28.34043,23.60338
1787024544,27.63294,78.23605,90,0,,,,27.90037,28.50976,23.56952
1787024545,27.63294,78.21317,90,0,,,,28.00177,28.40816,23.53585
1787024545,27.77714,78.17654,90,0,,,,28.00177,28.44203,23.84025
1787024546,27.70504,78.16891,90,0,,,,27.93403,28.3743,23.70478
1787024547,27.80651,78.10941,90,0,,,,27.9681,28.47589,23.60338
1787024547,27.83322,78.21927,90,0,,,,27.93403,28.3743,23.60338
1787024548,27.70504,78.25132,90,0,,,,28.00177,28.50976,23.67112
1787024548,27.67567,78.20401,90,0,,,,28.00177,28.54363,23.50199
1787024549,27.70504,78.10788,90,0,,,,27.8665,28.40816,23.73865
1787024550,27.7184,78.2559,90,0,,,,28.00177,28.54363,23.70478
1787024550,27.68902,78.15366,90,0,,,,28.00177,28.47589,23.63725
1787024551,27.77714,78.08194,90,0,,,,27.90037,28.40816,23.77251
1787024552,27.73175,78.14603,90,0,,,,27.8665,28.54363,23.60338
1787024552,27.68902,78.1445,90,0,,,,27.93403,28.3743,23.73865
1787024553,27.70504,78.17807,90,0,,,,28.03563,28.50976,23.67112
1787024554,27.61959,77.99039,90,0,,,,27.93403,28.40816,23.77251
1787024554,27.68902,78.1033,90,0,,,,28.00177,28.50976,23.73865
1787024555,27.79049,78.08499,90,0,,,,27.8665,28.47589,23.70478
1787024556,27.74777,78.22232,90,0,,,,27.93403,28.40816,23.70478
1787024556,27.81987,78.1857,90,0,,,,28.03563,28.40816,23.67112
1787024557,27.73175,78.0621,90,0,,,,27.93403,28.40816,23.60338
1787024558,27.7184,78.14145,90,0,,,,27.90037,28.2727,23.70478
1787024558,27.66232,78.01175,90,0,,,,27.93403,28.47589,23.56952
1787024559,27.68902,78.09415,90,0,,,,27.9681,28.44203,23.70478
1787024560,27.74777,78.05447,90,0,,,,27.90037,28.40816,23.80618
1787024560,27.73175,78.12314,90,0,,,,27.93403,28.57749,23.84025
1787024561,27.67567,77.99496,90,0,,,,27.9681,28.34043,23.77251
1787024562,27.79049,78.24216,90,0,,,,27.90037,28.54363,23.70478
1787024562,27.81987,78.09415,90,0,,,,27.9681,28.3743,23.63725
1787024563,27.7184,78.06821,90,0,,,,27.93403,28.44203,23.77251
1787024564,27.64897,78.09415,90,0,,,,27.93403,28.44203,23.63725
1787024564,27.74777,78.15823,90,0,,,,27.90037,28.54363,23.67112
1787024565,27.80651,78.08957,90,0,,,,27.9681,28.50976,23.67112
1787024566,27.79049,77.99344,90,0,,,,27.90037,28.44203,23.80618
1787024566,27.80651,77.98581,90,0,,,,27.93403,28.47589,23.63725
1787024567,27.66232,78.05447,90,0,,,,28.00177,28.57749,23.60338
1787024568,27.67567,78.10025,90,0,,,,27.93403,28.2727,23.67112
1787024568,27.68902,78.0621,90,0,,,,28.00177,28.50976,23.60338
1787024569,27.70504,78.13992,90,0,,,,28.00177,28.44203,23.80618
1787024570,27.73175,78.07126,90,0,,,,27.93403,28.57749,23.73865
1787024570,27.74777,78.12772,90,0,,,,27.8665,28.3743,23.60338
1787024571,27.67567,77.96597,90,0,,,,28.03563,28.3743,23.63725
1787024572,27.7184,78.04837,90,0,,,,27.93403,28.47589,23.56952
1787024572,27.64897,78.03006,90,0,,,,27.83244,28.47589,23.63725
1787024573,27.68902,78.16434,90,0,,,,27.9681,28.34043,23.67112
1787024574,27.70504,77.90799,90,0,,,,27.9681,28.47589,23.77251
1787024574,27.74777,78.07584,90,0,,,,27.9681,28.44203,23.67112
1787024575,27.76379,78.08041,90,0,,,,27.93403,28.3743,23.77251
1787024576,27.74777,78.04379,90,0,,,,27.9681,28.34043,23.67112
1787024576,27.59022,77.90189,90,0,,,,28.00177,28.34043,23.87391
1787024577,27.7184,78.10025,90,0,,,,27.9681,28.50976,23.70478
1787024578,27.61959,77.98123,90,0,,,,27.93403,28.47589,23.67112
1787024578,27.77714,78.09415,90,0,,,,27.9681,28.40816,23.70478
1787024579,27.74777,78.05447,90,0,,,,27.8665,28.47589,23.63725
1787024580,27.68902,77.99802,90,0,,,,27.9681,28.50976,23.60338
1787024580,27.73175,78.19638,90,0,,,,27.90037,28.3743,23.70478
1787024581,27.74777,78.11703,90,0,,,,28.00177,28.44203,23.67112
1787024582,27.79049,78.07584,90,0,,,,28.00177,28.50976,23.67112
1787024582,27.70504,78.01175,90,0,,,,28.03563,28.57749,23.70478
1787024583,27.68902,78.1033,90,0,,,,27.90037,28.64523,23.70478
1787024584,27.80651,78.15366,90,0,,,,27.9681,28.47589,23.63725
1787024584,27.68902,78.11398,90,0,,,,27.9681,28.50976,23.73865
1787024585,27.7184,78.02701,90,0,,,,27.9681,28.61136,23.56952
1787024586,27.74777,78.07584,90,0,,,,27.93403,28.30656,23.70478
1787024586,27.67567,78.05753,90,0,,,,27.9681,28.44203,23.67112
1787024587,27.67567,78.07736,90,0,,,,27.9681,28.50976,23.67112
1787024587,27.73175,78.09415,90,0,,,,27.9681,28.47589,23.60338
1787024588,27.77714,78.08194,90,0,,,,27.9681,28.44203,23.73865
1787024589,27.70504,78.21011,90,0,,,,28.00177,28.40816,23.56952
1787024590,27.7184,78.00412,90,0,,,,27.8665,28.61136,23.84025
1787024590,27.77714,78.23758,90,0,,,,27.90037,28.40816,23.56952
1787024591,27.68902,78.03006,90,0,,,,27.93403,28.2727,23.60338
1787024591,27.70504,78.03464,90,0,,,,28.00177,28.44203,23.80618
1787024592,27.68902,78.07126,90,0,,,,27.9681,28.47589,23.53585
1787024593,27.70504,78.00259,90,0,,,,27.93403,28.40816,23.73865
1787024593,27.7184,77.99496,90,0,,,,27.9681,28.50976,23.70478
1787024594,27.79049,78.14908,90,0,,,,27.90037,28.57749,23.53585
1787024595,27.70504,78.02243,90,0,,,,28.00177,28.44203,23.60338
1787024595,27.7184,78.06821,90,0,,,,27.93403,28.47589,23.56952
1787024596,27.81987,78.04074,90,0,,,,27.93403,28.3743,23.70478
1787024597,27.70504,78.05447,90,0,,,,28.00177,28.44203,23.73865
1787024597,27.74777,78.06363,90,0,,,,27.9681,28.44203,23.60338
1787024598,27.77714,78.0621,90,0,,,,27.90037,28.40816,23.73865
1787024599,27.83322,78.09567,90,0,,,,27.93403,28.40816,23.77251
1787024599,27.74777,78.02243,90,0,,,,28.03563,28.44203,23.50199
1787024600,27.68902,78.04074,90,0,,,,27.93403,28.3743,23.84025
1787024601,27.84657,77.97513,90,0,,,,27.9681,28.47589,23.73865
1787024601,27.74777,78.02243,90,0,,,,27.8665,28.34043,23.70478
1787024602,27.77714,78.0499,90,0,,,,27.93403,28.44203,23.40059
1787024603,27.7184,78.00412,90,0,,,,28.03563,28.40816,23.56952
1787024603,27.7184,78.01633,90,0,,,,27.93403,28.47589,23.77251
1787024604,27.67567,77.99496,90,0,,,,28.03563,28.40816,23.80618
1787024605,27.66232,78.01175,90,0,,,,27.93403,28.50976,23.53585
1787024605,27.63294,78.03616,90,0,,,,27.90037,28.47589,23.80618
1787024606,27.67567,78.10941,90,0,,,,28.03563,28.44203,23.80618
1787024607,27.68902,78.12314,90,0,,,,27.90037,28.50976,23.53585
1787024607,27.73175,77.98886,90,0,,,,27.93403,28.50976,23.80618
1787024608,27.74777,78.00259,90,0,,,,27.9681,28.34043,23.77251
1787024609,27.73175,78.04074,90,0,,,,27.9681,28.40816,23.77251
1787024609,27.81987,78.04074,90,0,,,,28.00177,28.40816,23.80618
1787024610,27.73175,77.95682,90,0,,,,27.9681,28.47589,23.77251
1787024611,27.79049,78.00259,90,0,,,,27.90037,28.54363,23.80618
1787024611,27.7184,77.98581,90,0,,,,27.93403,28.47589,23.63725
1787024612,27.7184,78.02701,90,0,,,,28.00177,28.57749,23.87391
1787024613,27.73175,77.91562,90,0,,,,27.93403,28.30656,23.77251
1787024613,27.7184,78.05753,90,0,,,,27.93403,28.47589,23.63725
1787024614,27.68902,78.07126,90,0,,,,27.8665,28.44203,23.60338
1787024615,27.77714,77.9675,90,0,,,,28.00177,28.40816,23.67112
1787024615,27.67567,77.90189,90,0,,,,27.9681,28.3743,23.73865
1787024616,27.77714,78.0621,90,0,,,,27.90037,28.57749,23.70478
1787024617,27.7184,78.02701,90,0,,,,27.93403,28.50976,23.77251
1787024617,27.74777,78.02243,90,0,,,,28.00177,28.2727,23.63725
1787024618,27.70504,78.10788,90,0,,,,27.9681,28.40816,23.70478
1787024619,27.74777,77.92935,90,0,,,,27.9681,28.47589,23.63725
1787024619,27.77714,78.01785,90,0,,,,27.93403,28.3743,23.67112
1787024620,27.68902,77.99802,90,0,,,,27.90037,28.44203,23.60338
1787024621,27.81987,78.08194,90,0,,,,28.00177,28.34043,23.73865
1787024621,27.80651,78.10025,90,0,,,,27.90037,28.44203,23.80618
1787024622,27.66232,77.95224,90,0,,,,27.90037,28.47589,23.77251
1787024623,27.7184,77.95377,90,0,,,,27.93403,28.40816,23.73865
1787024623,27.7184,77.96597,90,0,,,,27.90037,28.54363,23.63725
1787024624,27.67567,77.93393,90,0,,,,27.9681,28.50976,23.63725
1787024624,27.66232,77.94003,90,0,,,,27.8665,28.3743,23.70478
1787024625,27.7184,77.92172,90,0,,,,27.93403,28.34043,23.77251
1787024626,27.7184,78.06821,90,0,,,,28.00177,28.47589,23.56952
1787024626,27.66232,78.12772,90,0,,,,27.9681,28.54363,23.73865
1787024627,27.67567,78.1506,90,0,,,,27.93403,28.57749,23.60338
1787024628,27.64897,77.98886,90,0,,,,27.9681,28.44203,23.46812
1787024628,27.76379,78.05753,90,0,,,,27.9681,28.40816,23.70478
1787024629,27.74777,78.01175,90,0,,,,28.03563,28.44203,23.77251
1787024630,27.7184,78.00412,90,0,,,,27.9681,28.40816,23.56952
1787024630,27.74777,77.98123,90,0,,,,27.90037,28.54363,23.67112
1787024631,27.80651,78.00717,90,0,,,,27.8665,28.47589,23.67112
1787024632,27.79049,78.07584,90,0,,,,27.90037,28.44203,23.63725
1787024632,27.7184,78.00412,90,0,,,,27.9681,28.54363,23.70478
1787024633,27.80651,78.06821,90,0,,,,27.93403,28.64523,23.53585
1787024634,27.67567,78.05753,90,0,,,,28.00177,28.40816,23.67112
1787024634,27.74777,78.07584,90,0,,,,27.9681,28.50976,23.63725
1787024635,27.68902,78.0621,90,0,,,,28.03563,28.40816,23.60338
1787024636,27.7184,77.91257,90,0,,,,27.90037,28.3743,23.56952
1787024636,27.67567,77.94308,90,0,,,,28.00177,28.47589,23.70478
1787024637,27.70504,77.98123,90,0,,,,27.93403,28.3743,23.60338
1787024638,27.61959,77.94003,90,0,,,,27.8665,28.3743,23.53585
1787024638,27.73175,78.09415,90,0,,,,27.93403,28.34043,23.73865
1787024639,27.79049,78.05447,90,0,,,,27.90037,28.50976,23.60338
1787024640,27.73175,77.9675,90,0,,,,27.93403,28.54363,23.63725
1787024640,27.74777,77.97208,90,0,,,,27.9681,28.3743,23.56952
1787024641,27.74777,78.09567,90,0,,,,28.00177,28.34043,23.63725
1787024642,27.7184,78.00412,90,0,,,,27.93403,28.40816,23.70478
1787024642,27.70504,78.14603,90,0,,,,28.03563,28.47589,23.70478
1787024643,27.74777,77.99344,90,0,,,,27.90037,28.54363,23.67112
1787024644,27.67567,77.91257,90,0,,,,27.93403,28.44203,23.60338
1787024644,27.77714,78.1857,90,0,,,,27.9681,28.3743,23.77251
1787024645,27.66232,77.92935,90,0,,,,27.90037,28.3743,23.60338
1787024646,27.63294,77.97208,90,0,,,,28.00177,28.3743,23.77251
1787024646,27.64897,77.91562,90,0,,,,27.9681,28.44203,23.70478
1787024647,27.61959,78.02243,90,0,,,,27.9681,28.2727,23.80618
1787024648,27.76379,78.12161,90,0,,,,27.90037,28.50976,23.67112
1787024648,27.73175,78.03006,90,0,,,,27.83244,28.44203,23.77251
1787024649,27.70504,77.98123,90,0,,,,27.90037,28.3743,23.73865
1787024650,27.74777,77.9614,90,0,,,,27.90037,28.50976,23.73865
1787024650,27.68902,78.0621,90,0,,,,27.90037,28.54363,23.70478
1787024651,27.76379,78.05753,90,0,,,,27.93403,28.3743,23.63725
1787024652,27.74777,78.00259,90,0,,,,27.93403,28.47589,23.73865
1787024652,27.68902,77.99802,90,0,,,,28.00177,28.61136,23.67112
1787024653,27.73175,78.0087,90,0,,,,28.0697,28.54363,23.70478
1787024654,27.76379,77.96597,90,0,,,,27.93403,28.50976,23.84025
1787024654,27.66232,78.05447,90,0,,,,27.90037,28.44203,23.77251
1787024655,27.76379,78.12161,90,0,,,,28.00177,28.34043,23.43446
1787024656,27.66232,78.05447,90,0,,,,28.03563,28.3743,23.60338
1787024656,27.76379,78.14145,90,0,,,,27.8665,28.47589,23.67112
1787024657,27.7184,78.01633,90,0,,,,27.90037,28.50976,23.90778
1787024658,27.7184,78.00412,90,0,,,,27.90037,28.3743,23.60338
1787024658,27.63294,78.08957,90,0,,,,27.9681,28.54363,23.63725
1787024659,27.68902,78.16434,90,0,,,,27.93403,28.44203,23.70478
1787024660,27.7184,77.99496,90,0,,,,27.93403,28.30656,23.56952
1787024660,27.70504,78.11703,90,0,,,,27.93403,28.54363,23.77251
1787024661,27.76379,78.10025,90,0,,,,27.8665,28.54363,23.67112
1787024662,27.66232,78.07584,90,0,,,,27.90037,28.50976,23.56952
1787024662,27.73175,78.09415,90,0,,,,27.93403,28.40816,23.63725
1787024663,27.81987,77.97971,90,0,,,,27.90037,28.3743,23.67112
1787024663,27.64897,77.98886,90,0,,,,27.90037,28.57749,23.67112
1787024664,27.77714,78.12314,90,0,,,,28.00177,28.40816,23.80618
1787024665,27.7184,78.01633,90,0,,,,27.93403,28.34043,23.80618
1787024665,27.79049,78.01175,90,0,,,,27.93403,28.47589,23.77251
1787024666,27.74777,78.01175,90,0,,,,27.9681,28.34043,23.56952
1787024667,27.70504,78.04379,90,0,,,,28.00177,28.47589,23.56952
1787024667,27.61959,77.9202,90,0,,,,27.8665,28.47589,23.60338
1787024668,27.7184,78.04837,90,0,,,,27.93403,28.47589,23.77251
1787024669,27.77714,78.1033,90,0,,,,27.93403,28.40816,23.60338
1787024669,27.74777,78.12772,90,0,,,,27.90037,28.47589,23.84025
1787024670,27.76379,78.05753,90,0,,,,28.00177,28.64523,23.67112
1787024671,27.70504,78.04379,90,0,,,,27.93403,28.47589,23.63725
1787024671,27.70504,78.07584,90,0,,,,27.90037,28.44203,23.70478
1787024672,27.67567,78.01633,90,0,,,,27.9681,28.47589,23.73865
1787024673,27.80651,78.13229,90,0,,,,27.93403,28.3743,23.56952
1787024673,27.70504,78.03464,90,0,,,,28.00177,28.34043,23.60338
1787024674,27.7184,78.08957,90,0,,,,27.8665,28.47589,23.67112
1787024675,27.61959,78.16891,90,0,,,,27.9681,28.44203,23.63725
1787024675,27.79049,78.07584,90,0,,,,27.93403,28.3743,23.73865
1787024676,27.73175,78.34135,90,0,,,,27.8665,28.34043,23.46812
1787024677,27.61959,78.04379,90,0,,,,27.9681,28.47589,23.67112
1787024677,27.77714,78.0087,90,0,,,,27.93403,28.44203,23.77251
1787024678,27.67567,78.12161,90,0,,,,27.8665,28.47589,23.67112
1787024679,27.68902,78.1445,90,0,,,,27.93403,28.3743,23.67112
1787024679,27.73175,78.12314,90,0,,,,27.93403,28.57749,23.90778
1787024680,27.73175,78.13535,90,0,,,,28.00177,28.64523,23.73865
1787024681,27.76379,78.13229,90,0,,,,27.9681,28.40816,23.67112
1787024681,27.76379,78.15366,90,0,,,,27.9681,28.44203,23.63725
1787024682,27.73175,78.03006,90,0,,,,27.93403,28.44203,23.90778
1787024683,27.77714,78.09415,90,0,,,,27.90037,28.44203,23.67112
1787024683,27.79049,78.12772,90,0,,,,28.00177,28.3743,23.56952
1787024684,27.76379,78.10941,90,0,,,,27.83244,28.61136,23.77251
1787024685,27.80651,78.06821,90,0,,,,27.93403,28.40816,23.67112
1787024685,27.70504,78.10788,90,0,,,,27.9681,28.57749,23.63725
1787024686,27.73175,78.07126,90,0,,,,28.00177,28.61136,23.67112
1787024687,27.74777,78.07584,90,0,,,,27.93403,28.61136,23.70478
1787024687,27.74777,77.9614,90,0,,,,28.03563,28.57749,23.73865
1787024688,27.7184,78.05753,90,0,,,,27.90037,28.44203,23.80618
1787024689,27.74777,78.09567,90,0,,,,27.93403,28.30656,23.73865
1787024689,27.74777,78.03464,90,0,,,,28.00177,28.40816,23.60338
1787024690,27.73175,78.0499,90,0,,,,27.8665,28.44203,23.46812
1787024691,27.68902,78.04074,90,0,,,,28.00177,28.44203,23.70478
1787024691,27.77714,78.08194,90,0,,,,27.8665,28.44203,23.73865
1787024692,27.70504,77.98123,90,0,,,,28.00177,28.3743,23.60338
1787024693,27.7184,78.03616,90,0,,,,27.90037,28.50976,23.60338
1787024693,27.68902,78.0087,90,0,,,,27.9681,28.61136,23.53585
1787024694,27.77714,78.08194,90,0,,,,27.93403,28.34043,23.80618
1787024695,27.81987,78.14603,90,0,,,,28.00177,28.47589,23.77251
1787024695,27.68902,77.9675,90,0,,,,27.90037,28.50976,23.67112
1787024696,27.67567,78.04837,90,0,,,,27.8665,28.44203,23.63725
1787024697,27.67567,78.01633,90,0,,,,27.8665,28.44203,23.63725
1787024697,27.76379,77.97513,90,0,,,,28.00177,28.44203,23.87391
1787024698,27.68902,77.98886,90,0,,,,27.93403,28.44203,23.73865
1787024699,27.60624,78.07278,90,0,,,,27.9681,28.40816,23.80618
1787024699,27.77714,77.97971,90,0,,,,27.90037,28.47589,23.73865
1787024700,27.68902,77.99802,90,0,,,,27.9681,28.47589,23.70478
1787024701,27.63294,77.94308,90,0,,,,27.9681,28.50976,23.87391
1787024701,27.74777,78.02243,90,0,,,,27.83244,28.44203,23.70478
1787024702,27.77714,77.97971,90,0,,,,27.9681,28.44203,23.60338
1787024702,27.77714,78.01785,90,0,,,,28.03563,28.47589,23.70478
1787024703,27.74777,77.95224,90,0,,,,27.90037,28.34043,23.73865
1787024704,27.76379,78.15366,90,0,,,,27.9681,28.57749,23.70478
1787024704,27.73175,77.99802,90,0,,,,28.00177,28.40816,23.67112
1787024705,27.66232,77.95224,90,0,,,,28.03563,28.54363,23.63725
1787024706,27.76379,77.88968,90,0,,,,28.00177,28.3743,23.73865
1787024706,27.77714,77.94766,90,0,,,,27.90037,28.54363,23.60338
1787024707,27.80651,78.00717,90,0,,,,27.93403,28.47589,23.77251
1787024708,27.68902,77.99802,90,0,,,,27.9681,28.40816,23.67112
1787024708,27.76379,77.93393,90,0,,,,28.03563,28.2727,23.60338
1787024709,27.67567,78.01633,90,0,,,,27.9681,28.54363,23.60338
1787024710,27.80651,78.02548,90,0,,,,27.9681,28.47589,23.67112
1787024710,27.86259,78.14603,90,0,,,,28.00177,28.50976,23.73865
1787024711,27.74777,78.02243,90,0,,,,27.9681,28.47589,23.70478
1787024712,27.79049,78.01175,90,0,,,,27.90037,28.30656,23.77251
1787024712,27.73175,78.07126,90,0,,,,27.9681,28.3743,23.63725
1787024713,27.66232,77.84695,90,0,,,,27.9681,28.50976,23.73865
1787024714,27.7184,78.13229,90,0,,,,27.9681,28.44203,23.63725
1787024714,27.7184,77.88968,90,0,,,,27.9681,28.40816,23.70478
1787024715,27.74777,77.92935,90,0,,,,27.8665,28.44203,23.70478
1787024716,27.79049,78.02243,90,0,,,,27.9681,28.57749,23.73865
1787024716,27.73175,77.89426,90,0,,,,27.9681,28.3743,23.70478
1787024717,27.77714,77.97971,90,0,,,,27.93403,28.47589,23.77251
1787024718,27.7184,77.98581,90,0,,,,27.93403,28.44203,23.60338
1787024718,27.79049,77.97208,90,0,,,,27.9681,28.54363,23.77251
1787024719,27.68902,78.04074,90,0,,,,28.03563,28.2727,23.84025
1787024720,27.74777,77.95224,90,0,,,,27.9681,28.40816,23.70478
1787024720,27.68902,78.0621,90,0,,,,27.9681,28.44203,23.63725
1787024721,27.66232,77.84695,90,0,,,,28.03563,28.50976,23.77251
1787024722,27.70504,78.05447,90,0,,,,28.0697,28.40816,23.67112
1787024722,27.61959,78.02243,90,0,,,,27.9681,28.44203,23.67112
1787024723,27.59022,77.93393,90,0,,,,27.93403,28.47589,23.80618
1787024724,27.63294,77.98428,90,0,,,,27.93403,28.50976,23.63725
1787024724,27.66232,78.01175,90,0,,,,27.9681,28.34043,23.73865
1787024725,27.76379,77.97513,90,0,,,,27.9681,28.30656,23.70478
1787024726,27.7184,77.92172,90,0,,,,27.90037,28.47589,23.77251
1787024726,27.73175,77.9263,90,0,,,,27.93403,28.34043,23.70478
1787024727,27.7184,77.98581,90,0,,,,27.8665,28.30656,23.70478
1787024728,27.76379,77.97513,90,0,,,,28.00177,28.44203,23.77251
1787024728,27.79049,78.06363,90,0,,,,27.8665,28.54363,23.73865
1787024729,27.66232,77.97208,90,0,,,,27.9681,28.3743,23.80618
1787024730,27.74777,77.9614,90,0,,,,27.9681,28.44203,23.60338
1787024730,27.83322,77.97208,90,0,,,,27.90037,28.44203,23.73865
1787024731,27.73175,78.0087,90,0,,,,27.93403,28.44203,23.70478
1787024732,27.67567,77.96597,90,0,,,,27.93403,28.3743,23.60338
1787024732,27.66232,77.95224,90,0,,,,28.03563,28.54363,23.77251
1787024733,27.70504,77.94003,90,0,,,,28.00177,28.47589,23.67112
1787024734,27.68902,77.91562,90,0,,,,27.8665,28.40816,23.70478
1787024734,27.67567,77.92172,90,0,,,,27.9681,28.50976,23.77251
1787024735,27.68902,77.95682,90,0,,,,28.00177,28.47589,23.73865
1787024736,27.7184,77.93393,90,0,,,,28.00177,28.40816,23.73865
1787024736,27.66232,78.05447,90,0,,,,27.93403,28.47589,23.73865
1787024737,27.73175,77.99802,90,0,,,,27.93403,28.47589,23.60338
1787024738,27.80651,78.01633,90,0,,,,27.8665,28.44203,23.67112
1787024738,27.70504,78.00259,90,0,,,,28.03563,28.44203,23.80618
1787024739,27.73175,78.0621,90,0,,,,28.00177,28.3743,23.50199
1787024740,27.76379,78.01633,90,0,,,,28.00177,28.47589,23.60338
1787024740,27.66232,78.02243,90,0,,,,27.90037,28.54363,23.63725
1787024741,27.7184,77.98581,90,0,,,,27.90037,28.3743,23.56952
1787024741,27.74777,77.90799,90,0,,,,27.9681,28.3743,23.60338
1787024742,27.66232,77.9614,90,0,,,,27.90037,28.47589,23.63725
1787024743,27.74777,78.02243,90,0,,,,27.90037,28.40816,23.90778
1787024743,27.76379,77.90189,90,0,,,,27.8665,28.47589,23.73865
1787024744,27.74777,77.9614,90,0,,,,27.9681,28.44203,23.56952
1787024745,27.77714,77.97971,90,0,,,,27.90037,28.40816,23.80618
1787024745,27.7184,77.86984,90,0,,,,27.90037,28.3743,23.73865
1787024746,27.79049,77.94919,90,0,,,,28.00177,28.47589,23.77251
1787024747,27.74777,77.90799,90,0,,,,28.00177,28.3743,23.70478
1787024747,27.56351,77.73861,90,0,,,,27.9681,28.44203,23.67112
1787024748,27.70504,77.79355,90,0,,,,27.90037,28.47589,23.70478
1787024749,27.73175,77.88358,90,0,,,,27.9681,28.47589,23.56952
1787024749,27.77714,77.93546,90,0,,,,27.9681,28.34043,23.63725
1787024750,27.67567,77.97513,90,0,,,,27.93403,28.50976,23.70478
1787024751,27.70504,77.97208,90,0,,,,27.93403,28.3743,23.70478
1787024751,27.68902,77.9675,90,0,,,,27.8665,28.40816,23.73865
1787024752,27.79049,78.13687,90,0,,,,27.93403,28.40816,23.73865
1787024753,27.73175,77.9263,90,0,,,,28.00177,28.40816,23.60338
1787024753,27.67567,77.97513,90,0,,,,28.00177,28.40816,23.77251
1787024754,27.74777,77.97208,90,0,,,,28.00177,28.44203,23.67112
1787024755,27.73175,77.98886,90,0,,,,27.9681,28.40816,23.73865
1787024755,27.70504,78.02243,90,0,,,,28.00177,28.44203,23.70478
1787024756,27.81987,77.9675,90,0,,,,27.90037,28.44203,23.63725
1787024757,27.67567,77.90189,90,0,,,,27.83244,28.3743,23.50199
1787024757,27.70504,77.82559,90,0,,,,28.00177,28.50976,23.67112
1787024758,27.70504,77.90799,90,0,,,,28.00177,28.40816,23.77251
1787024759,27.7184,77.88968,90,0,,,,27.9681,28.57749,23.60338
1787024759,27.81987,77.9675,90,0,,,,28.03563,28.57749,23.70478
1787024760,27.67567,77.96597,90,0,,,,28.00177,28.3743,23.70478
1787024761,27.74777,77.92935,90,0,,,,27.9681,28.47589,23.73865
1787024761,27.73175,77.95682,90,0,,,,28.00177,28.3743,23.63725
1787024762,27.63294,77.84848,90,0,,,,27.9681,28.2727,23.56952
1787024763,27.7184,77.86069,90,0,,,,27.93403,28.50976,23.63725
1787024763,27.86259,77.98886,90,0,,,,28.00177,28.40816,23.60338
1787024764,27.74777,77.97208,90,0,,,,27.90037,28.3743,23.84025
1787024765,27.66232,77.98123,90,0,,,,27.9681,28.54363,23.67112
1787024765,27.79049,77.92935,90,0,,,,27.93403,28.47589,23.63725
1787024766,27.7184,77.88968,90,0,,,,28.00177,28.40816,23.63725
1787024767,27.74777,77.92935,90,0,,,,28.00177,28.54363,23.73865
1787024767,27.7184,77.88052,90,0,,,,28.00177,28.40816,23.77251
1787024768,27.79049,77.90799,90,0,,,,28.00177,28.3743,23.60338
1787024769,27.67567,77.91257,90,0,,,,27.90037,28.40816,23.67112
1787024769,27.73175,77.88358,90,0,,,,27.93403,28.44203,23.67112
1787024770,27.74777,78.02243,90,0,,,,27.93403,28.30656,23.43446
1787024771,27.67567,77.97513,90,0,,,,27.9681,28.44203,23.73865
1787024771,27.67567,77.93393,90,0,,,,27.93403,28.47589,23.56952
1787024772,27.70504,78.05447,90,0,,,,27.93403,28.47589,23.60338
1787024773,27.79049,77.92935,90,0,,,,28.00177,28.44203,23.60338
1787024773,27.76379,77.94308,90,0,,,,27.93403,28.50976,23.63725
1787024774,27.66232,77.9614,90,0,,,,28.03563,28.50976,23.53585
1787024775,27.74777,77.98123,90,0,,,,28.00177,28.40816,23.84025
1787024775,27.63294,78.02548,90,0,,,,27.9681,28.44203,23.70478
1787024776,27.73175,77.94766,90,0,,,,28.00177,28.54363,23.70478
1787024777,27.68902,77.87442,90,0,,,,28.03563,28.57749,23.60338
1787024777,27.74777,77.8378,90,0,,,,27.90037,28.50976,23.63725
1787024778,27.73175,77.9263,90,0,,,,28.00177,28.40816,23.67112
1787024778,27.70504,77.9614,90,0,,,,27.90037,28.50976,23.67112
1787024779,27.7184,77.88968,90,0,,,,27.9681,28.50976,23.67112
1787024780,27.70504,77.95224,90,0,,,,27.8665,28.50976,23.70478
1787024781,27.73175,77.95682,90,0,,,,28.00177,28.34043,23.60338
1787024781,27.76379,77.99496,90,0,,,,27.90037,28.44203,23.67112
1787024782,27.7184,77.92172,90,0,,,,27.93403,28.54363,23.70478
1787024782,27.77714,77.89426,90,0,,,,27.9681,28.40816,23.46812
1787024783,27.7184,77.97513,90,0,,,,27.93403,28.40816,23.63725
1787024784,27.80651,78.00717,90,0,,,,27.93403,28.44203,23.67112
1787024784,27.80651,78.02548,90,0,,,,28.00177,28.47589,23.77251
1787024785,27.7184,78.01633,90,0,,,,27.93403,28.3743,23.50199
1787024786,27.70504,77.90799,90,0,,,,27.9681,28.64523,23.63725
1787024786,27.66232,78.05447,90,0,,,,28.0697,28.47589,23.73865
1787024787,27.73175,77.91562,90,0,,,,27.9681,28.54363,23.56952
1787024788,27.77714,77.87442,90,0,,,,27.93403,28.40816,23.60338
1787024788,27.73175,78.0087,90,0,,,,27.9681,28.54363,23.67112
1787024789,27.76379,77.96597,90,0,,,,28.00177,28.61136,23.84025
1787024790,27.67567,78.02548,90,0,,,,27.9681,28.3743,23.56952
1787024790,27.73175,77.9675,90,0,,,,27.93403,28.30656,23.73865
1787024791,27.61959,77.90799,90,0,,,,27.90037,28.54363,23.73865
1787024792,27.84657,78.00717,90,0,,,,28.00177,28.44203,23.73865
1787024792,27.7184,77.81949,90,0,,,,28.03563,28.57749,23.73865
1787024793,27.79049,78.13687,90,0,,,,28.00177,28.40816,23.67112
1787024794,27.79049,78.07584,90,0,,,,28.00177,28.50976,23.56952
1787024794,27.76379,78.03616,90,0,,,,27.90037,28.47589,23.80618
1787024795,27.7184,78.04837,90,0,,,,28.00177,28.34043,23.63725
1787024796,27.80651,78.10025,90,0,,,,28.00177,28.44203,23.70478
1787024796,27.70504,77.90799,90,0,,,,28.03563,28.40816,23.87391
1787024797,27.80651,78.03616,90,0,,,,27.9681,28.50976,23.77251
1787024798,27.79049,78.10788,90,0,,,,27.90037,28.2727,23.53585
1787024798,27.80651,78.05753,90,0,,,,27.93403,28.23883,23.70478
1787024799,27.70504,77.94003,90,0,,,,27.90037,28.50976,23.60338
1787024800,27.7184,77.95377,90,0,,,,27.9681,28.47589,23.70478
1787024800,27.84657,77.93393,90,0,,,,27.93403,28.47589,23.73865
1787024801,27.77714,78.03006,90,0,,,,28.00177,28.3743,23.70478
1787024802,27.64897,77.98886,90,0,,,,27.9681,28.47589,23.63725
1787024802,27.76379,77.96597,90,0,,,,27.8665,28.47589,23.67112
1787024803,27.67567,77.97513,90,0,,,,27.93403,28.44203,23.70478
1787024804,27.77714,78.01785,90,0,,,,27.93403,28.44203,23.56952
1787024804,27.80651,78.01633,90,0,,,,28.03563,28.44203,23.53585
1787024805,27.74777,78.03464,90,0,,,,28.00177,28.3743,23.63725
1787024806,27.80651,78.05753,90,0,,,,27.9681,28.34043,23.73865
1787024806,27.70504,77.9614,90,0,,,,27.9681,28.44203,23.67112
1787024807,27.61959,77.87595,90,0,,,,28.00177,28.50976,23.67112
1787024808,27.7184,78.00412,90,0,,,,27.83244,28.44203,23.63725
1787024808,27.67567,77.91257,90,0,,,,28.03563,28.30656,23.84025
1787024809,27.74777,78.07584,90,0,,,,27.93403,28.3743,23.77251
1787024810,27.70504,77.90799,90,0,,,,27.9681,28.40816,23.70478
1787024810,27.68902,77.99802,90,0,,,,27.9681,28.40816,23.77251
1787024811,27.70504,77.9202,90,0,,,,27.9681,28.47589,23.70478
1787024812,27.60624,77.97665,90,0,,,,27.9681,28.50976,23.67112
1787024812,27.80651,77.97513,90,0,,,,27.9681,28.30656,23.60338
1787024813,27.73175,77.98886,90,0,,,,27.93403,28.30656,23.60338
1787024814,27.60624,78.03006,90,0,,,,28.03563,28.44203,23.56952
1787024814,27.77714,77.85153,90,0,,,,27.9681,28.47589,23.63725
1787024815,27.67567,77.98428,90,0,,,,27.8665,28.3743,23.84025
1787024816,27.60624,78.03006,90,0,,,,27.9681,28.3743,23.73865
1787024816,27.7184,78.07736,90,0,,,,27.9681,28.44203,23.73865
1787024817,27.76379,78.01633,90,0,,,,27.9681,28.50976,23.43446
1787024817,27.68902,77.98886,90,0,,,,27.93403,28.3743,23.73865
1787024818,27.76379,78.03616,90,0,,,,27.90037,28.54363,23.73865
1787024819,27.68902,78.07126,90,0,,,,28.03563,28.47589,23.73865
1787024820,27.7184,78.16281,90,0,,,,27.93403,28.44203,23.43446
1787024820,27.76379,78.02548,90,0,,,,27.93403,28.57749,23.84025
1787024821,27.67567,77.97513,90,0,,,,28.03563,28.34043,23.70478
1787024821,27.68902,78.15366,90,0,,,,28.00177,28.47589,23.60338
1787024822,27.79049,78.08499,90,0,,,,28.00177,28.3743,23.70478
1787024823,27.64897,77.97665,90,0,,,,27.93403,28.40816,23.63725
1787024823,27.74777,78.04379,90,0,,,,27.83244,28.44203,23.73865
1787024824,27.74777,78.03464,90,0,,,,27.83244,28.57749,23.73865
1787024825,27.70504,78.12772,90,0,,,,27.9681,28.40816,23.53585
1787024825,27.77714,78.13535,90,0,,,,27.8665,28.47589,23.70478
1787024826,27.64897,77.9675,90,0,,,,28.03563,28.54363,23.70478
1787024827,27.74777,78.10788,90,0,,,,27.90037,28.54363,23.60338
1787024827,27.68902,78.0499,90,0,,,,27.93403,28.50976,23.70478
1787024828,27.76379,78.08041,90,0,,,,28.0697,28.47589,23.63725
1787024829,27.66232,78.05447,90,0,,,,27.9681,28.44203,23.77251
1787024829,27.64897,78.09415,90,0,,,,27.93403,28.40816,23.67112
1787024830,27.70504,78.12772,90,0,,,,28.00177,28.44203,23.60338
1787024831,27.68902,78.2269,90,0,,,,27.93403,28.47589,23.73865
1787024831,27.7184,78.13229,90,0,,,,27.93403,28.47589,23.53585
1787024832,27.68902,78.19638,90,0,,,,28.03563,28.57749,23.63725
1787024833,27.68902,78.03006,90,0,,,,28.00177,28.23883,23.70478
1787024833,27.7184,78.1506,90,0,,,,28.00177,28.54363,23.70478
1787024834,27.74777,78.3978,90,0,,,,27.9681,28.34043,23.80618
1787024835,27.70504,78.23148,90,0,,,,27.9681,28.44203,23.63725
1787024835,27.73175,78.24979,90,0,,,,27.90037,28.50976,23.56952
1787024836,27.79049,78.17807,90,0,,,,27.8665,28.50976,23.70478
1787024837,27.73175,78.29099,90,0,,,,28.00177,28.47589,23.67112
1787024837,27.73175,78.24979,90,0,,,,27.93403,28.61136,23.53585
1787024838,27.70504,78.31388,90,0,,,,27.9681,28.3743,23.77251
1787024839,27.7184,78.28794,90,0,,,,27.93403,28.54363,23.60338
1787024839,27.67567,78.28794,90,0,,,,27.8665,28.40816,23.63725
1787024840,27.7184,78.33829,90,0,,,,27.93403,28.47589,23.70478
1787024841,27.67567,78.20401,90,0,,,,28.0697,28.50976,23.67112
1787024841,27.70504,78.24216,90,0,,,,27.9681,28.40816,23.63725
1787024842,27.66232,78.16891,90,0,,,,28.00177,28.34043,23.80618
1787024843,27.7184,78.32761,90,0,,,,27.90037,28.47589,23.70478
1787024843,27.63294,78.30625,90,0,,,,27.9681,28.44203,23.56952
1787024844,27.7184,78.33829,90,0,,,,28.00177,28.44203,23.73865
1787024845,27.76379,78.37034,90,0,,,,27.9681,28.3743,23.70478
1787024845,27.68902,78.20554,90,0,,,,28.10336,28.47589,23.67112
1787024846,27.67567,78.13992,90,0,,,,27.9681,28.40816,23.60338
1787024847,27.7184,78.14145,90,0,,,,28.0697,28.40816,23.77251
1787024847,27.76379,78.24521,90,0,,,,27.93403,28.3743,23.70478
1787024848,27.79049,78.26353,90,0,,,,27.93403,28.57749,23.80618
1787024849,27.66232,78.27421,90,0,,,,27.93403,28.50976,23.73865
1787024849,27.80651,78.23605,90,0,,,,28.03563,28.47589,23.56952
1787024850,27.70504,78.22232,90,0,,,,28.00177,28.50976,23.50199
1787024851,27.74777,78.38865,90,0,,,,27.9681,28.44203,23.67112
1787024851,27.66232,78.23148,90,0,,,,28.00177,28.40816,23.56952
1787024852,27.7184,78.17197,90,0,,,,27.93403,28.44203,23.73865
1787024853,27.7184,78.16281,90,0,,,,27.9681,28.44203,23.70478
1787024853,27.79049,78.26353,90,0,,,,27.9681,28.44203,23.77251
1787024854,27.70504,78.04379,90,0,,,,27.90037,28.47589,23.70478
1787024855,27.67567,78.20401,90,0,,,,27.90037,28.50976,23.53585
1787024855,27.76379,78.10025,90,0,,,,27.90037,28.3743,23.67112
1787024856,27.74777,78.10788,90,0,,,,27.8665,28.3743,23.60338
1787024856,27.73175,78.17654,90,0,,,,27.90037,28.3743,23.80618
1787024857,27.83322,78.23148,90,0,,,,27.93403,28.44203,23.60338
1787024858,27.7184,78.12161,90,0,,,,27.9681,28.67909,23.77251
1787024858,27.68902,78.1857,90,0,,,,28.00177,28.30656,23.73865
1787024859,27.73175,78.07126,90,0,,,,28.00177,28.44203,23.46812
1787024860,27.66232,78.16891,90,0,,,,27.93403,28.3743,23.63725
1787024861,27.66232,78.15823,90,0,,,,28.00177,28.3743,23.80618
1787024861,27.66232,78.11703,90,0,,,,27.9681,28.47589,23.70478
1787024862,27.74777,78.14908,90,0,,,,28.00177,28.30656,23.63725
1787024862,27.80651,78.18265,90,0,,,,27.93403,28.44203,23.67112
1787024863,27.66232,77.98123,90,0,,,,27.8665,28.3743,23.60338
1787024864,27.81987,78.11398,90,0,,,,28.00177,28.3743,23.60338
1787024864,27.74777,78.11703,90,0,,,,28.0697,28.44203,23.67112
1787024865,27.66232,78.10788,90,0,,,,27.9681,28.44203,23.67112
1787024866,27.7184,77.94308,90,0,,,,28.00177,28.54363,23.73865
1787024866,27.70504,78.17807,90,0,,,,27.9681,28.44203,23.67112
1787024867,27.67567,78.07736,90,0,,,,27.9681,28.44203,23.63725
1787024868,27.74777,78.01175,90,0,,,,27.90037,28.47589,23.80618
1787024868,27.74777,78.04379,90,0,,,,27.9681,28.50976,23.56952
1787024869,27.76379,78.10941,90,0,,,,28.03563,28.44203,23.63725
1787024870,27.70504,78.21011,90,0,,,,28.03563,28.57749,23.70478
1787024870,27.74777,78.12772,90,0,,,,27.93403,28.44203,23.73865
1787024871,27.73175,78.07126,90,0,,,,28.00177,28.34043,23.60338
1787024872,27.76379,78.13229,90,0,,,,28.00177,28.50976,23.67112
1787024872,27.76379,78.03616,90,0,,,,27.8665,28.40816,23.56952
1787024873,27.76379,78.12161,90,0,,,,28.0697,28.54363,23.63725
1787024874,27.73175,78.11398,90,0,,,,27.8665,28.34043,23.67112
1787024874,27.7184,78.16281,90,0,,,,27.93403,28.40816,23.67112
1787024875,27.68902,78.1033,90,0,,,,27.93403,28.54363,23.60338
1787024876,27.67567,77.95377,90,0,,,,27.9681,28.44203,23.73865
1787024876,27.77714,78.04074,90,0,,,,28.0697,28.3743,23.77251
1787024877,27.74777,78.05447,90,0,,,,27.9681,28.40816,23.80618
1787024878,27.73175,78.12314,90,0,,,,27.93403,28.47589,23.46812
1787024878,27.70504,78.04379,90,0,,,,27.93403,28.2727,23.73865
1787024879,27.79049,78.07584,90,0,,,,27.9681,28.44203,23.63725
1787024880,27.70504,78.11703,90,0,,,,28.03563,28.54363,23.80618
1787024880,27.77714,78.07126,90,0,,,,28.00177,28.44203,23.56952
1787024881,27.74777,78.04379,90,0,,,,27.93403,28.3743,23.67112
1787024882,27.7184,78.03616,90,0,,,,27.90037,28.50976,23.67112
1787024882,27.7184,77.97513,90,0,,,,27.9681,28.3743,23.73865
1787024883,27.67567,78.08957,90,0,,,,28.03563,28.44203,23.63725
1787024884,27.76379,78.08957,90,0,,,,28.00177,28.34043,23.53585
1787024884,27.74777,78.10788,90,0,,,,28.00177,28.44203,23.67112
1787024885,27.74777,78.08652,90,0,,,,28.00177,28.50976,23.70478
1787024886,27.74777,78.04379,90,0,,,,27.9681,28.2727,23.63725
1787024886,27.77714,78.04074,90,0,,,,27.9681,28.47589,23.67112
1787024887,27.63294,77.90189,90,0,,,,27.90037,28.47589,23.60338
1787024888,27.7184,78.02701,90,0,,,,27.9681,28.44203,23.70478
1787024888,27.68902,78.04074,90,0,,,,27.93403,28.3743,23.90778
1787024889,27.80651,78.12161,90,0,,,,28.03563,28.47589,23.60338
1787024890,27.70504,78.02243,90,0,,,,27.9681,28.47589,23.70478
1787024890,27.66232,78.10788,90,0,,,,27.9681,28.54363,23.67112
1787024891,27.7184,78.03616,90,0,,,,27.9681,28.47589,23.97531
1787024892,27.77714,78.08194,90,0,,,,28.00177,28.47589,23.73865
1787024892,27.76379,78.08957,90,0,,,,27.9681,28.50976,23.63725
1787024893,27.79049,78.06363,90,0,,,,27.90037,28.50976,23.70478
1787024894,27.68902,78.01785,90,0,,,,28.03563,28.54363,23.67112
1787024894,27.74777,78.03464,90,0,,,,27.90037,28.57749,23.70478
1787024895,27.66232,78.09567,90,0,,,,28.00177,28.50976,23.67112
1787024895,27.80651,78.03616,90,0,,,,28.03563,28.50976,23.87391
1787024896,27.79049,78.07584,90,0,,,,28.00177,28.40816,23.46812
1787024897,27.76379,78.03616,90,0,,,,28.03563,28.3743,23.63725
1787024897,27.61959,77.98123,90,0,,,,27.90037,28.3743,23.77251
1787024898,27.73175,77.95682,90,0,,,,27.90037,28.3743,23.60338
1787024899,27.7184,78.07736,90,0,,,,27.93403,28.47589,23.63725
1787024899,27.67567,78.10025,90,0,,,,28.03563,28.54363,23.67112
1787024900,27.67567,78.12161,90,0,,,,28.00177,28.57749,23.53585
1787024901,27.81987,78.11398,90,0,,,,27.93403,28.34043,23.63725
1787024901,27.7184,78.16281,90,0,,,,27.93403,28.50976,23.56952
1787024902,27.73175,78.14603,90,0,,,,27.9681,28.47589,23.70478
1787024903,27.77714,78.12314,90,0,,,,27.9681,28.54363,23.67112
1787024903,27.70504,78.05447,90,0,,,,28.00177,28.40816,23.70478
1787024904,27.70504,78.08652,90,0,,,,27.93403,28.3743,23.67112
1787024905,27.67567,77.99496,90,0,,,,27.93403,28.50976,23.56952
1787024905,27.67567,77.99496,90,0,,,,27.93403,28.47589,23.84025
1787024906,27.70504,78.01175,90,0,,,,28.00177,28.54363,23.56952
1787024907,27.79049,78.08499,90,0,,,,27.90037,28.47589,23.77251
1787024907,27.74777,78.06363,90,0,,,,27.9681,28.44203,23.77251
1787024908,27.73175,78.17654,90,0,,,,27.90037,28.50976,23.67112
1787024909,27.77714,78.12314,90,0,,,,27.93403,28.40816,23.63725
1787024909,27.73175,78.1033,90,0,,,,27.93403,28.47589,23.60338
1787024910,27.70504,78.13992,90,0,,,,27.93403,28.54363,23.80618
1787024911,27.81987,78.17654,90,0,,,,27.8665,28.47589,23.73865
1787024911,27.7184,78.08957,90,0,,,,27.9681,28.47589,23.77251
1787024912,27.70504,78.10788,90,0,,,,27.93403,28.44203,23.73865
1787024913,27.67567,78.08957,90,0,,,,27.93403,28.44203,23.46812
1787024913,27.77714,78.0621,90,0,,,,27.83244,28.44203,23.73865
1787024914,27.77714,78.11398,90,0,,,,27.9681,28.34043,23.56952
1787024915,27.77714,78.16434,90,0,,,,27.8665,28.47589,23.56952
1787024915,27.7184,78.13229,90,0,,,,27.90037,28.61136,23.60338
1787024916,27.68902,78.1445,90,0,,,,27.93403,28.44203,23.80618
1787024917,27.77714,78.14603,90,0,,,,27.90037,28.3743,23.70478
1787024917,27.76379,78.03616,90,0,,,,27.93403,28.40816,23.70478
1787024918,27.81987,78.1857,90,0,,,,28.03563,28.47589,23.67112
1787024919,27.79049,78.10788,90,0,,,,27.93403,28.30656,23.60338
1787024919,27.66232,78.03464,90,0,,,,27.9681,28.40816,23.67112
1787024920,27.70504,78.16891,90,0,,,,27.90037,28.3743,23.73865
1787024921,27.68902,78.0621,90,0,,,,28.00177,28.47589,23.67112
1787024921,27.70504,78.11703,90,0,,,,27.90037,28.47589,23.67112
1787024922,27.77714,78.13535,90,0,,,,28.03563,28.3743,23.87391
1787024923,27.73175,78.15366,90,0,,,,28.00177,28.50976,23.46812
1787024923,27.74777,78.08652,90,0,,,,27.90037,28.44203,23.60338
1787024924,27.70504,78.07584,90,0,,,,27.8665,28.44203,23.70478
1787024925,27.63294,78.21317,90,0,,,,27.90037,28.34043,23.50199
1787024925,27.67567,78.20401,90,0,,,,27.9681,28.3743,23.53585
1787024926,27.83322,78.09567,90,0,,,,27.90037,28.3743,23.70478
1787024927,27.70504,78.10788,90,0,,,,28.03563,28.57749,23.60338
1787024927,27.76379,78.13229,90,0,,,,27.9681,28.40816,23.77251
1787024928,27.67567,78.05753,90,0,,,,27.93403,28.47589,23.53585
1787024929,27.70504,78.13992,90,0,,,,27.9681,28.3743,23.67112
1787024929,27.70504,78.21011,90,0,,,,27.9681,28.57749,23.60338
1787024930,27.61959,78.09567,90,0,,,,27.9681,28.44203,23.73865
1787024931,27.76379,78.10025,90,0,,,,27.90037,28.44203,23.63725
1787024931,27.67567,78.03616,90,0,,,,28.00177,28.64523,23.70478
1787024932,27.74777,78.20096,90,0,,,,28.03563,28.40816,23.70478
1787024933,27.66232,78.09567,90,0,,,,27.93403,28.57749,23.77251
1787024933,27.66232,78.09567,90,0,,,,27.8665,28.44203,23.73865
1787024934,27.68902,78.12314,90,0,,,,27.93403,28.44203,23.67112
1787024934,27.7184,77.95377,90,0,,,,27.90037,28.30656,23.56952
1787024935,27.68902,78.1857,90,0,,,,27.93403,28.44203,23.63725
1787024936,27.70504,78.00259,90,0,,,,27.9681,28.40816,23.60338
1787024936,27.70504,78.08652,90,0,,,,28.0697,28.40816,23.70478
1787024937,27.63294,78.02548,90,0,,,,27.9681,28.44203,23.63725
1787024938,27.66232,78.03464,90,0,,,,27.93403,28.54363,23.77251
1787024938,27.7184,78.13229,90,0,,,,27.9681,28.44203,23.56952
1787024939,27.77714,78.16434,90,0,,,,27.9681,28.3743,23.60338
1787024940,27.74777,78.01175,90,0,,,,27.9681,28.57749,23.53585
1787024940,27.66232,78.04379,90,0,,,,28.00177,28.47589,23.70478
1787024941,27.68902,78.09415,90,0,,,,27.9681,28.30656,23.70478
1787024942,27.7184,78.17197,90,0,,,,28.0697,28.54363,23.80618
1787024942,27.80651,78.06821,90,0,,,,28.00177,28.23883,23.67112
1787024943,27.70504,78.02243,90,0,,,,27.93403,28.3743,23.73865
1787024944,27.74777,78.11703,90,0,,,,27.9681,28.44203,23.63725
1787024944,27.66232,78.07584,90,0,,,,28.03563,28.50976,23.73865
1787024945,27.74777,78.07584,90,0,,,,27.93403,28.40816,23.70478
1787024946,27.77714,78.0499,90,0,,,,27.93403,28.2727,23.63725
1787024946,27.73175,77.9675,90,0,,,,27.90037,28.54363,23.60338
1787024947,27.68902,78.08194,90,0,,,,28.03563,28.50976,23.73865
1787024948,27.64897,77.98886,90,0,,,,27.9681,28.64523,23.80618
1787024948,27.70504,77.9614,90,0,,,,27.93403,28.44203,23.73865
1787024949,27.73175,78.15366,90,0,,,,27.90037,28.34043,23.67112
1787024950,27.83322,77.87595,90,0,,,,27.8665,28.34043,23.70478
1787024950,27.76379,78.03616,90,0,,,,27.9681,28.40816,23.67112
1787024951,27.74777,78.07584,90,0,,,,28.0697,28.50976,23.77251
1787024952,27.67567,77.97513,90,0,,,,27.9681,28.3743,23.84025
1787024952,27.77714,78.0087,90,0,,,,27.9681,28.2727,23.80618
1787024953,27.70504,78.07584,90,0,,,,28.00177,28.50976,23.67112
1787024954,27.76379,78.02548,90,0,,,,27.90037,28.40816,23.60338
1787024954,27.76379,78.12161,90,0,,,,27.83244,28.50976,23.60338
1787024955,27.73175,78.07126,90,0,,,,27.9681,28.40816,23.77251
1787024956,27.74777,78.02243,90,0,,,,27.93403,28.34043,23.63725
1787024956,27.73175,78.0499,90,0,,,,27.9681,28.64523,23.56952
1787024957,27.68902,78.0621,90,0,,,,27.90037,28.47589,23.67112
1787024958,27.70504,78.06363,90,0,,,,27.79877,28.47589,23.70478
1787024958,27.73175,78.0499,90,0,,,,28.00177,28.44203,23.70478
1787024959,27.79049,78.10788,90,0,,,,28.00177,28.64523,23.63725
1787024960,27.66232,78.05447,90,0,,,,28.03563,28.40816,23.53585
1787024960,27.61959,78.06363,90,0,,,,28.10336,28.47589,23.63725
1787024961,27.7184,78.02701,90,0,,,,27.9681,28.57749,23.63725
1787024962,27.73175,78.08194,90,0,,,,28.00177,28.40816,23.77251
1787024962,27.68902,78.12314,90,0,,,,27.9681,28.47589,23.63725
1787024963,27.61959,78.09567,90,0,,,,28.00177,28.44203,23.87391
1787024964,27.7184,77.99496,90,0,,,,27.93403,28.54363,23.63725
1787024964,27.63294,77.8378,90,0,,,,28.00177,28.3743,23.73865
1787024965,27.67567,78.03616,90,0,,,,27.9681,28.44203,23.67112
1787024966,27.67567,78.03616,90,0,,,,28.03563,28.54363,23.67112
1787024966,27.76379,78.05753,90,0,,,,27.90037,28.47589,23.60338
1787024967,27.73175,78.03006,90,0,,,,27.93403,28.47589,23.56952
1787024968,27.77714,78.03006,90,0,,,,27.93403,28.50976,23.70478
1787024968,27.77714,77.97971,90,0,,,,27.9681,28.40816,23.60338
1787024969,27.70504,78.03464,90,0,,,,27.9681,28.3743,23.67112
1787024970,27.70504,78.03464,90,0,,,,27.93403,28.30656,23.63725
1787024970,27.70504,78.06363,90,0,,,,27.9681,28.50976,23.70478
1787024971,27.79049,78.06363,90,0,,,,27.90037,28.47589,23.53585
1787024971,27.70504,77.98123,90,0,,,,27.93403,28.50976,23.94144
1787024972,27.79049,78.04379,90,0,,,,27.9681,28.44203,23.67112
1787024973,27.66232,78.05447,90,0,,,,27.9681,28.54363,23.67112
1787024973,27.64897,78.0209,90,0,,,,27.9681,28.54363,23.77251
1787024974,27.80651,78.08957,90,0,,,,28.00177,28.40816,23.70478
1787024975,27.64897,78.0499,90,0,,,,27.90037,28.3743,23.63725
1787024975,27.76379,78.12161,90,0,,,,27.90037,28.34043,23.53585
1787024976,27.73175,78.04074,90,0,,,,28.03563,28.47589,23.63725
1787024977,27.67567,78.07736,90,0,,,,27.9681,28.34043,23.67112
1787024977,27.74777,78.06363,90,0,,,,28.00177,28.44203,23.73865
1787024978,27.66232,78.01175,90,0,,,,27.9681,28.47589,23.56952
1787024979,27.70504,78.08652,90,0,,,,27.9681,28.47589,23.70478
1787024979,27.63294,77.97208,90,0,,,,28.00177,28.30656,23.63725
1787024980,27.76379,78.08957,90,0,,,,27.93403,28.47589,23.80618
1787024981,27.77714,78.15518,90,0,,,,27.9681,28.34043,23.80618
1787024981,27.77714,78.0499,90,0,,,,27.90037,28.44203,23.67112
1787024982,27.70504,78.13992,90,0,,,,27.93403,28.54363,23.56952
1787024983,27.7184,78.05753,90,0,,,,27.93403,28.47589,23.56952
1787024983,27.73175,78.12314,90,0,,,,28.03563,28.3743,23.73865
1787024984,27.68902,78.1033,90,0,,,,27.93403,28.44203,23.60338
1787024985,27.76379,78.03616,90,0,,,,27.93403,28.44203,23.67112
1787024985,27.7184,78.01633,90,0,,,,27.90037,28.40816,23.53585
1787024986,27.67567,78.02548,90,0,,,,28.00177,28.44203,23.70478
1787024987,27.76379,78.04837,90,0,,,,27.8665,28.47589,23.77251
1787024987,27.66232,78.05447,90,0,,,,27.93403,28.47589,23.67112
1787024988,27.67567,77.94308,90,0,,,,27.9681,28.44203,23.67112
1787024989,27.73175,78.07126,90,0,,,,27.90037,28.44203,23.73865
1787024989,27.7184,78.13229,90,0,,,,27.8665,28.50976,23.77251
1787024990,27.73175,77.9675,90,0,,,,27.9681,28.40816,23.84025
1787024991,27.76379,78.04837,90,0,,,,27.90037,28.3743,23.67112
1787024991,27.79049,78.07584,90,0,,,,28.03563,28.47589,23.80618
1787024992,27.67567,77.94308,90,0,,,,27.93403,28.34043,23.77251
1787024993,27.67567,77.98428,90,0,,,,27.8665,28.50976,23.63725
1787024993,27.77714,78.04074,90,0,,,,28.00177,28.47589,23.80618
1787024994,27.76379,78.08957,90,0,,,,27.93403,28.3743,23.63725
1787024995,27.66232,78.01175,90,0,,,,28.03563,28.47589,23.60338
1787024995,27.67567,78.05753,90,0,,,,28.0697,28.34043,23.60338
1787024996,27.73175,78.07126,90,0,,,,27.9681,28.40816,23.73865
1787024997,27.7184,78.04837,90,0,,,,27.9681,28.34043,23.70478
1787024997,27.7184,77.95377,90,0,,,,27.8665,28.64523,23.73865
1787024998,27.73175,78.0499,90,0,,,,27.90037,28.44203,23.70478
1787024999,27.67567,77.97513,90,0,,,,27.9681,28.30656,23.63725
1787024999,27.64897,78.0087,90,0,,,,28.03563,28.44203,23.70478
1787025000,27.73175,78.0087,90,0,,,,27.93403,28.54363,23.70478
1787025001,27.74777,77.98123,90,0,,,,27.93403,28.44203,23.77251
1787025001,27.73175,78.1033,90,0,,,,28.00177,28.54363,23.53585
1787025002,27.64897,77.91562,90,0,,,,27.93403,28.50976,23.63725
1787025003,27.66232,77.9614,90,0,,,,27.90037,28.57749,23.73865
1787025003,27.70504,78.04379,90,0,,,,27.93403,28.40816,23.67112
1787025004,27.68902,78.11398,90,0,,,,27.8665,28.47589,23.84025
1787025005,27.70504,78.00259,90,0,,,,27.8665,28.47589,23.73865
1787025005,27.76379,77.92172,90,0,,,,27.9681,28.44203,23.63725
1787025006,27.7184,78.06821,90,0,,,,27.9681,28.47589,23.53585
1787025007,27.83322,78.07584,90,0,,,,27.90037,28.47589,23.80618
1787025007,27.7184,78.02701,90,0,,,,27.90037,28.34043,23.77251
1787025008,27.68902,77.93546,90,0,,,,27.9681,28.40816,23.67112
1787025009,27.66232,78.12772,90,0,,,,27.9681,28.44203,23.70478
1787025009,27.7184,77.97513,90,0,,,,27.93403,28.3743,23.73865
1787025010,27.76379,78.00412,90,0,,,,27.93403,28.44203,23.67112
1787025011,27.66232,78.01175,90,0,,,,27.93403,28.47589,23.70478
1787025011,27.74777,77.9614,90,0,,,,27.90037,28.54363,23.77251
1787025012,27.68902,77.95682,90,0,,,,27.90037,28.40816,23.84025
1787025012,27.7184,78.06821,90,0,,,,27.93403,28.44203,23.63725
1787025013,27.70504,78.01175,90,0,,,,27.90037,28.40816,23.70478
1787025014,27.73175,77.95682,90,0,,,,27.93403,28.3743,23.63725
1787025014,27.77714,78.11398,90,0,,,,28.0697,28.34043,23.73865
1787025015,27.77714,77.97971,90,0,,,,28.03563,28.30656,23.67112
1787025016,27.7184,78.03616,90,0,,,,27.93403,28.44203,23.67112
1787025016,27.79049,78.11703,90,0,,,,27.93403,28.3743,23.60338
1787025017,27.67567,78.05753,90,0,,,,27.93403,28.54363,23.60338
1787025018,27.7184,77.94308,90,0,,,,27.9681,28.40816,23.77251
1787025018,27.68902,78.07126,90,0,,,,27.9681,28.40816,23.77251
1787025019,27.74777,78.02243,90,0,,,,28.03563,28.40816,23.73865
1787025020,27.66232,78.00259,90,0,,,,27.90037,28.47589,23.80618
1787025020,27.73175,77.9263,90,0,,,,27.9681,28.3743,23.67112
1787025021,27.74777,78.11703,90,0,,,,27.9681,28.44203,23.63725
1787025022,27.63294,77.91257,90,0,,,,27.93403,28.50976,23.53585
1787025022,27.70504,78.09567,90,0,,,,27.93403,28.44203,23.67112
1787025023,27.70504,78.03464,90,0,,,,28.0697,28.50976,23.60338
1787025024,27.7184,77.99496,90,0,,,,27.9681,28.54363,23.67112
1787025024,27.81987,78.03006,90,0,,,,27.8665,28.47589,23.56952
1787025025,27.66232,77.92935,90,0,,,,28.00177,28.40816,23.73865
1787025026,27.70504,77.99039,90,0,,,,28.0697,28.40816,23.60338
1787025026,27.76379,78.01633,90,0,,,,27.9681,28.40816,23.63725
1787025027,27.73175,77.98886,90,0,,,,28.00177,28.30656,23.77251
1787025028,27.63294,77.98428,90,0,,,,28.10336,28.50976,23.56952
1787025028,27.73175,77.88358,90,0,,,,27.83244,28.40816,23.67112
1787025029,27.66232,77.89883,90,0,,,,27.8665,28.47589,23.53585
1787025030,27.7184,78.06821,90,0,,,,28.00177,28.44203,23.84025
1787025030,27.76379,78.02548,90,0,,,,27.90037,28.50976,23.63725
1787025031,27.7184,78.02701,90,0,,,,27.93403,28.57749,23.50199
1787025032,27.79049,78.08499,90,0,,,,27.90037,28.57749,23.73865
1787025032,27.7184,78.07736,90,0,,,,28.00177,28.40816,23.77251
1787025033,27.7184,78.00412,90,0,,,,28.00177,28.47589,23.73865
1787025034,27.68902,77.97971,90,0,,,,28.10336,28.3743,23.73865
1787025034,27.68902,77.90341,90,0,,,,27.93403,28.50976,23.67112
1787025035,27.70504,78.02243,90,0,,,,27.93403,28.3743,23.80618
1787025036,27.7184,78.00412,90,0,,,,27.9681,28.40816,23.53585
1787025036,27.68902,78.09415,90,0,,,,27.9681,28.44203,23.63725
1787025037,27.73175,78.04074,90,0,,,,28.03563,28.50976,23.67112
1787025038,27.73175,77.98886,90,0,,,,27.9681,28.50976,23.70478
1787025038,27.74777,77.90799,90,0,,,,27.8665,28.44203,23.60338
1787025039,27.70504,77.98123,90,0,,,,27.90037,28.40816,23.63725
1787025040,27.66232,78.03464,90,0,,,,27.8665,28.47589,23.70478
1787025040,27.7184,78.03616,90,0,,,,27.93403,28.57749,23.63725
1787025041,27.73175,78.0499,90,0,,,,28.00177,28.47589,23.77251
1787025042,27.70504,77.89883,90,0,,,,27.93403,28.44203,23.56952
1787025042,27.68902,78.03006,90,0,,,,27.93403,28.44203,23.67112
1787025043,27.67567,77.99496,90,0,,,,27.90037,28.47589,23.73865
1787025044,27.67567,78.01633,90,0,,,,28.10336,28.47589,23.70478
1787025044,27.7184,77.99496,90,0,,,,27.90037,28.47589,23.63725
1787025045,27.73175,78.0499,90,0,,,,27.93403,28.3743,23.67112
1787025046,27.7184,77.98581,90,0,,,,27.90037,28.23883,23.50199
1787025046,27.63294,77.98428,90,0,,,,28.00177,28.44203,23.70478
1787025047,27.76379,78.01633,90,0,,,,27.90037,28.44203,23.60338
1787025047,27.66232,78.00259,90,0,,,,27.90037,28.40816,23.67112
1787025048,27.76379,78.10025,90,0,,,,28.00177,28.50976,23.67112
1787025049,27.81987,78.01785,90,0,,,,27.8665,28.64523,23.70478
1787025049,27.64897,78.03006,90,0,,,,27.9681,28.64523,23.50199
1787025050,27.7184,77.94308,90,0,,,,27.93403,28.47589,23.80618
1787025051,27.66232,78.01175,90,0,,,,27.9681,28.3743,23.73865
1787025051,27.64897,77.90646,90,0,,,,27.9681,28.44203,23.53585
1787025052,27.7184,78.01633,90,0,,,,28.03563,28.44203,23.70478
1787025053,27.73175,77.9675,90,0,,,,27.90037,28.54363,23.73865
1787025053,27.66232,78.01175,90,0,,,,27.90037,28.44203,23.67112
1787025054,27.76379,78.08041,90,0,,,,27.93403,28.54363,23.63725
1787025055,27.60624,77.86221,90,0,,,,27.83244,28.40816,23.63725
1787025055,27.70504,78.14603,90,0,,,,28.00177,28.44203,23.63725
1787025056,27.73175,77.98886,90,0,,,,27.8665,28.50976,23.63725
1787025057,27.64897,78.07278,90,0,,,,27.93403,28.44203,23.53585
1787025057,27.7184,78.01633,90,0,,,,28.03563,28.34043,23.63725
1787025058,27.80651,78.08041,90,0,,,,27.9681,28.2727,23.63725
1787025059,27.68902,78.03006,90,0,,,,27.9681,28.50976,23.50199
1787025059,27.67567,78.10941,90,0,,,,28.00177,28.40816,23.63725
1787025060,27.76379,78.05753,90,0,,,,27.90037,28.44203,23.70478
1787025061,27.70504,78.09567,90,0,,,,27.83244,28.40816,23.77251
1787025061,27.76379,77.97513,90,0,,,,27.9681,28.40816,23.67112
1787025062,27.76379,78.12161,90,0,,,,27.93403,28.2727,23.84025
1787025063,27.70504,78.13992,90,0,,,,27.90037,28.47589,23.70478
1787025063,27.79049,78.14908,90,0,,,,27.90037,28.40816,23.60338
1787025064,27.7184,78.16281,90,0,,,,27.90037,28.47589,23.70478
1787025065,27.80651,78.13229,90,0,,,,28.00177,28.47589,23.70478
1787025065,27.79049,78.16739,90,0,,,,27.93403,28.03563,23.67112
1787025066,27.76379,78.24521,90,0,,,,27.9681,28.40816,23.80618
1787025067,27.70504,78.13992,90,0,,,,27.9681,28.50976,23.63725
1787025067,27.77714,78.1857,90,0,,,,27.93403,28.40816,23.80618
1787025068,27.68902,78.19638,90,0,,,,27.9681,28.50976,23.67112
1787025069,27.77714,78.1857,90,0,,,,27.93403,28.2727,23.70478
1787025069,27.7184,78.1506,90,0,,,,27.9681,28.3743,23.60338
1787025070,27.77714,78.14603,90,0,,,,27.9681,28.47589,23.60338
1787025071,27.67567,78.18265,90,0,,,,28.0697,28.44203,23.80618
1787025071,27.77714,78.24979,90,0,,,,27.9681,28.3743,23.70478
1787025072,27.67567,78.20401,90,0,,,,27.9681,28.40816,23.60338
1787025073,27.67567,78.22385,90,0,,,,27.9681,28.47589,23.63725
1787025073,27.76379,78.35966,90,0,,,,28.00177,28.3743,23.60338
1787025074,27.73175,78.23758,90,0,,,,27.8665,28.34043,23.73865
1787025075,27.66232,78.23148,90,0,,,,28.00177,28.40816,23.67112
1787025075,27.77714,78.34135,90,0,,,,28.00177,28.3743,23.56952
1787025076,27.73175,78.11398,90,0,,,,28.00177,28.54363,23.84025
1787025077,27.79049,78.21011,90,0,,,,27.9681,28.3743,23.80618
1787025077,27.74777,78.19028,90,0,,,,27.93403,28.61136,23.56952
1787025078,27.77714,78.26963,90,0,,,,27.9681,28.40816,23.77251
1787025079,27.76379,78.28794,90,0,,,,27.90037,28.47589,23.80618
1787025079,27.74777,78.32456,90,0,,,,27.93403,28.40816,23.80618
1787025080,27.73175,78.21774,90,0,,,,28.03563,28.44203,23.67112
1787025081,27.76379,78.28794,90,0,,,,28.00177,28.54363,23.90778
1787025081,27.70504,78.16891,90,0,,,,27.9681,28.47589,23.97531
1787025082,27.76379,78.2559,90,0,,,,28.03563,28.40816,23.73865
1787025083,27.80651,78.04837,90,0,,,,28.03563,28.47589,23.60338
1787025083,27.66232,78.19943,90,0,,,,27.93403,28.50976,23.60338
1787025084,27.63294,78.13992,90,0,,,,28.0697,28.2727,23.67112
1787025085,27.84657,78.12161,90,0,,,,27.93403,28.3743,23.73865
1787025085,27.77714,78.1857,90,0,,,,27.9681,28.30656,23.73865
1787025086,27.74777,78.23148,90,0,,,,28.00177,28.44203,23.73865
1787025086,27.73175,78.21774,90,0,,,,28.00177,28.50976,23.77251
1787025087,27.67567,78.10025,90,0,,,,27.90037,28.54363,23.67112
1787025088,27.70504,78.11703,90,0,,,,27.9681,28.40816,23.63725
1787025088,27.64897,78.17654,90,0,,,,27.93403,28.47589,23.77251
1787025089,27.74777,78.14908,90,0,,,,27.8665,28.40816,23.77251
1787025090,27.77714,78.13535,90,0,,,,27.8665,28.44203,23.70478
1787025090,27.74777,78.12772,90,0,,,,27.90037,28.40816,23.63725
1787025091,27.7184,78.1918,90,0,,,,27.93403,28.57749,23.80618
1787025092,27.81987,78.16739,90,0,,,,27.9681,28.50976,23.63725
1787025092,27.74777,78.16891,90,0,,,,28.03563,28.44203,23.60338
1787025093,27.67567,78.13077,90,0,,,,28.00177,28.3743,23.63725
1787025094,27.63294,78.1506,90,0,,,,28.03563,28.50976,23.77251
1787025094,27.66232,78.07584,90,0,,,,27.9681,28.40816,23.70478
1787025095,27.74777,78.11703,90,0,,,,27.9681,28.3743,23.70478
1787025096,27.73175,78.09415,90,0,,,,27.9681,28.40816,23.73865
1787025096,27.76379,78.10025,90,0,,,,27.79877,28.40816,23.70478
1787025097,27.76379,78.14145,90,0,,,,28.00177,28.40816,23.77251
1787025098,27.76379,78.10941,90,0,,,,28.0697,28.54363,23.60338
1787025098,27.76379,78.08957,90,0,,,,27.93403,28.40816,23.70478
1787025099,27.7184,78.04837,90,0,,,,28.00177,28.40816,23.50199
1787025100,27.73175,78.11398,90,0,,,,27.9681,28.61136,23.60338
1787025100,27.68902,78.0499,90,0,,,,27.9681,28.3743,23.70478
1787025101,27.80651,78.02548,90,0,,,,28.00177,28.47589,23.73865
1787025102,27.74777,78.09567,90,0,,,,27.9681,28.3743,23.70478
1787025102,27.74777,78.11703,90,0,,,,27.93403,28.2727,23.70478
1787025103,27.67567,78.07736,90,0,,,,27.90037,28.3743,23.70478
1787025104,27.79049,78.11703,90,0,,,,27.9681,28.30656,23.77251
1787025104,27.67567,78.10941,90,0,,,,27.9681,28.47589,23.63725
1787025105,27.67567,78.18265,90,0,,,,28.03563,28.44203,23.67112
1787025106,27.74777,78.07584,90,0,,,,27.9681,28.40816,23.73865
1787025106,27.77714,78.13535,90,0,,,,27.9681,28.47589,23.56952
1787025107,27.73175,78.0621,90,0,,,,27.8665,28.50976,23.70478
1787025108,27.67567,78.06821,90,0,,,,27.93403,28.50976,23.70478
1787025108,27.84657,78.14145,90,0,,,,27.9681,28.47589,23.60338
1787025109,27.76379,78.08041,90,0,,,,27.93403,28.40816,23.67112
1787025110,27.77714,77.98886,90,0,,,,28.00177,28.47589,23.73865
1787025110,27.68902,77.98886,90,0,,,,28.00177,28.40816,23.80618
1787025111,27.68902,78.11398,90,0,,,,28.03563,28.44203,23.77251
1787025112,27.83322,78.04379,90,0,,,,27.9681,28.54363,23.77251
1787025112,27.73175,78.11398,90,0,,,,27.93403,28.47589,23.60338
1787025113,27.70504,78.10788,90,0,,,,27.93403,28.47589,23.80618
1787025114,27.7184,78.07736,90,0,,,,28.00177,28.61136,23.84025
1787025114,27.61959,77.87595,90,0,,,,28.03563,28.44203,23.56952
1787025115,27.61959,78.04379,90,0,,,,27.9681,28.44203,23.77251
1787025116,27.76379,78.18265,90,0,,,,27.9681,28.44203,23.70478
1787025116,27.73175,78.14603,90,0,,,,27.9681,28.47589,23.73865
1787025117,27.84657,78.1918,90,0,,,,27.90037,28.34043,23.77251
1787025118,27.7184,78.00412,90,0,,,,28.00177,28.30656,23.73865
1787025118,27.73175,78.01785,90,0,,,,27.9681,28.47589,23.67112
1787025119,27.73175,78.13535,90,0,,,,27.9681,28.30656,23.67112
1787025120,27.67567,78.08957,90,0,,,,27.93403,28.50976,23.80618
1787025120,27.68902,77.95682,90,0,,,,27.9681,28.44203,23.63725
1787025121,27.7184,78.16281,90,0,,,,27.90037,28.44203,23.80618
1787025122,27.77714,78.17654,90,0,,,,27.9681,28.34043,23.70478
1787025122,27.67567,78.24521,90,0,,,,27.93403,28.40816,23.77251
1787025123,27.67567,78.13992,90,0,,,,28.00177,28.50976,23.67112
1787025124,27.66232,78.07584,90,0,,,,27.9681,28.50976,23.63725
1787025124,27.81987,78.0499,90,0,,,,27.90037,28.44203,23.70478
1787025125,27.79049,78.12772,90,0,,,,28.00177,28.47589,23.56952
1787025125,27.68902,78.13535,90,0,,,,27.90037,28.44203,23.73865
1787025126,27.66232,78.01175,90,0,,,,27.93403,28.47589,23.67112
1787025127,27.76379,78.16281,90,0,,,,27.90037,28.30656,23.80618
1787025127,27.81987,78.21774,90,0,,,,27.8665,28.54363,23.67112
1787025128,27.70504,78.04379,90,0,,,,28.03563,28.50976,23.56952
1787025129,27.68902,78.1445,90,0,,,,27.90037,28.50976,23.73865
1787025129,27.7184,78.03616,90,0,,,,28.00177,28.40816,23.67112
1787025130,27.79049,78.21011,90,0,,,,28.03563,28.44203,23.70478
1787025131,27.77714,78.13535,90,0,,,,27.90037,28.44203,23.70478
1787025131,27.73175,78.0087,90,0,,,,27.93403,28.3743,23.50199
1787025132,27.67567,78.08957,90,0,,,,27.9681,28.40816,23.67112
1787025133,27.55016,77.97513,90,0,,,,28.00177,28.54363,23.60338
1787025133,27.64897,78.16434,90,0,,,,27.90037,28.34043,23.73865
1787025134,27.7184,78.16281,90,0,,,,27.93403,28.40816,23.60338
1787025135,27.67567,78.07736,90,0,,,,27.8665,28.47589,23.70478
1787025135,27.76379,78.01633,90,0,,,,27.90037,28.44203,23.56952
1787025136,27.76379,78.05753,90,0,,,,27.93403,28.3743,23.63725
1787025137,27.66232,78.11703,90,0,,,,27.93403,28.40816,23.67112
1787025137,27.76379,78.04837,90,0,,,,28.00177,28.50976,23.70478
1787025138,27.80651,78.14145,90,0,,,,27.9681,28.34043,23.67112
1787025139,27.68902,78.01785,90,0,,,,27.8665,28.44203,23.53585
1787025139,27.67567,78.07736,90,0,,,,27.93403,28.61136,23.73865
1787025140,27.70504,77.99039,90,0,,,,27.8665,28.54363,23.56952
1787025141,27.67567,77.99496,90,0,,,,27.83244,28.44203,23.63725
1787025141,27.7184,78.16281,90,0,,,,27.8665,28.40816,23.73865
1787025142,27.68902,78.17654,90,0,,,,28.00177,28.3743,23.60338
1787025143,27.79049,78.09567,90,0,,,,27.9681,28.40816,23.90778
1787025143,27.67567,78.03616,90,0,,,,27.8665,28.54363,23.73865
1787025144,27.81987,78.0621,90,0,,,,27.93403,28.47589,23.84025
1787025145,27.73175,78.11398,90,0,,,,28.00177,28.47589,23.63725
1787025145,27.7184,78.1506,90,0,,,,28.00177,28.40816,23.73865
1787025146,27.79049,78.06363,90,0,,,,27.93403,28.47589,23.70478
1787025147,27.67567,78.13992,90,0,,,,27.93403,28.34043,23.53585
1787025147,27.74777,78.08652,90,0,,,,27.90037,28.44203,23.67112
1787025148,27.70504,78.06363,90,0,,,,28.00177,28.47589,23.63725
1787025149,27.80651,78.10941,90,0,,,,27.8665,28.44203,23.60338
1787025149,27.70504,78.08652,90,0,,,,28.00177,28.50976,23.70478
1787025150,27.60624,77.97665,90,0,,,,28.03563,28.2727,23.67112
1787025151,27.7184,78.02701,90,0,,,,27.93403,28.40816,23.87391
1787025151,27.74777,78.05447,90,0,,,,27.90037,28.34043,23.53585
1787025152,27.64897,77.90646,90,0,,,,27.9681,28.50976,23.77251
1787025153,27.76379,77.92172,90,0,,,,28.00177,28.44203,23.73865
1787025153,27.68902,78.01785,90,0,,,,28.03563,28.44203,23.87391
1787025154,27.76379,77.99496,90,0,,,,28.00177,28.47589,23.67112
1787025155,27.68902,77.97971,90,0,,,,28.03563,28.3743,23.60338
1787025155,27.74777,77.94003,90,0,,,,28.00177,28.54363,23.70478
1787025156,27.73175,78.12314,90,0,,,,28.03563,28.50976,23.67112
1787025157,27.76379,78.08957,90,0,,,,27.9681,28.3743,23.56952
1787025157,27.81987,78.0499,90,0,,,,28.03563,28.40816,23.73865
1787025158,27.61959,78.12619,90,0,,,,28.03563,28.50976,23.70478
1787025159,27.73175,77.98886,90,0,,,,28.00177,28.54363,23.67112
1787025159,27.67567,78.00412,90,0,,,,27.93403,28.40816,23.53585
1787025160,27.74777,78.07584,90,0,,,,28.00177,28.40816,23.73865
1787025161,27.64897,77.99802,90,0,,,,27.90037,28.50976,23.70478
1787025161,27.77714,78.11398,90,0,,,,27.93403,28.44203,23.73865
1787025162,27.77714,77.88358,90,0,,,,28.00177,28.47589,23.67112
1787025163,27.76379,78.10025,90,0,,,,28.00177,28.3743,23.73865
1787025163,27.70504,78.04379,90,0,,,,27.90037,28.3743,23.67112
1787025164,27.68902,77.90341,90,0,,,,27.9681,28.47589,23.67112
1787025164,27.77714,78.01785,90,0,,,,27.90037,28.3743,23.70478
1787025165,27.79049,78.08499,90,0,,,,27.9681,28.44203,23.56952
1787025166,27.77714,78.0087,90,0,,,,27.8665,28.57749,23.70478
1787025166,27.7184,77.97513,90,0,,,,28.00177,28.40816,23.67112
1787025167,27.68902,78.11398,90,0,,,,27.9681,28.50976,23.80618
1787025168,27.7184,78.00412,90,0,,,,27.93403,28.44203,23.60338
1787025168,27.7184,78.03616,90,0,,,,27.9681,28.47589,23.63725
1787025169,27.67567,78.03616,90,0,,,,27.9681,28.47589,23.70478
1787025170,27.66232,78.07584,90,0,,,,27.9681,28.23883,23.60338
1787025170,27.73175,77.98886,90,0,,,,27.9681,28.47589,23.63725
1787025171,27.81987,78.07126,90,0,,,,27.9681,28.34043,23.43446
1787025172,27.63294,77.98428,90,0,,,,27.9681,28.54363,23.63725
1787025172,27.74777,77.98123,90,0,,,,27.93403,28.47589,23.60338
1787025173,27.64897,77.94766,90,0,,,,27.9681,28.50976,23.67112
1787025174,27.73175,78.03006,90,0,,,,27.93403,28.40816,23.63725
1787025174,27.70504,78.10788,90,0,,,,28.00177,28.54363,23.67112
1787025175,27.67567,77.97513,90,0,,,,28.03563,28.40816,23.67112
1787025176,27.64897,78.13229,90,0,,,,27.90037,28.47589,23.63725
1787025176,27.7184,78.01633,90,0,,,,27.9681,28.44203,23.63725
1787025177,27.7184,78.02701,90,0,,,,27.93403,28.44203,23.60338
1787025178,27.66232,78.01175,90,0,,,,27.9681,28.50976,23.63725
1787025178,27.77714,77.9675,90,0,,,,27.8665,28.40816,23.53585
1787025179,27.70504,78.07584,90,0,,,,28.10336,28.40816,23.70478
1787025180,27.76379,77.99496,90,0,,,,28.00177,28.3743,23.70478
1787025180,27.73175,77.9263,90,0,,,,27.93403,28.44203,23.73865
1787025181,27.7184,78.05753,90,0,,,,27.93403,28.47589,23.60338
1787025182,27.70504,78.09567,90,0,,,,27.93403,28.34043,23.73865
1787025182,27.77714,77.94766,90,0,,,,27.9681,28.3743,23.63725
1787025183,27.59022,77.93393,90,0,,,,27.93403,28.47589,23.53585
1787025184,27.67567,77.94308,90,0,,,,27.9681,28.47589,23.56952
1787025184,27.79049,78.01175,90,0,,,,27.93403,28.40816,23.67112
1787025185,27.67567,78.02548,90,0,,,,28.03563,28.40816,23.84025
1787025186,27.76379,77.84848,90,0,,,,27.93403,28.47589,23.70478
1787025186,27.74777,78.19028,90,0,,,,27.9681,28.67909,23.73865
1787025187,27.74777,78.04379,90,0,,,,27.90037,28.44203,23.63725
1787025188,27.64897,78.0499,90,0,,,,27.93403,28.44203,23.60338
1787025188,27.67567,77.93393,90,0,,,,27.9681,28.40816,23.87391
1787025189,27.79049,78.01175,90,0,,,,27.90037,28.57749,23.70478
1787025190,27.73175,78.09415,90,0,,,,27.9681,28.44203,23.70478
1787025190,27.67567,77.99496,90,0,,,,27.90037,28.3743,23.67112
1787025191,27.68902,78.1033,90,0,,,,27.8665,28.30656,23.70478
1787025192,27.74777,78.04379,90,0,,,,27.93403,28.44203,23.70478
1787025192,27.76379,78.01633,90,0,,,,27.9681,28.47589,23.46812
1787025193,27.66232,78.02243,90,0,,,,27.93403,28.40816,23.60338
1787025194,27.67567,78.05753,90,0,,,,27.90037,28.30656,23.77251
1787025194,27.73175,77.98886,90,0,,,,27.9681,28.44203,23.67112
1787025195,27.70504,78.04379,90,0,,,,27.90037,28.3743,23.63725
1787025196,27.7184,78.04837,90,0,,,,27.9681,28.54363,23.73865
1787025196,27.73175,77.84238,90,0,,,,27.90037,28.40816,23.60338
1787025197,27.7184,78.04837,90,0,,,,28.00177,28.3743,23.46812
1787025198,27.7184,78.03616,90,0,,,,27.93403,28.40816,23.63725
1787025198,27.74777,78.00259,90,0,,,,27.8665,28.44203,23.70478
1787025199,27.68902,78.07126,90,0,,,,27.8665,28.44203,23.73865
1787025200,27.68902,77.94766,90,0,,,,27.9681,28.50976,23.67112
1787025200,27.73175,78.07126,90,0,,,,27.9681,28.47589,23.60338
1787025201,27.70504,78.01175,90,0,,,,28.00177,28.50976,23.67112
1787025201,27.74777,78.26353,90,0,,,,28.00177,28.44203,23.67112
1787025202,27.70504,78.19943,90,0,,,,27.9681,28.47589,23.67112
1787025203,27.74777,78.05447,90,0,,,,27.93403,28.30656,23.70478
1787025203,27.81987,78.04074,90,0,,,,28.03563,28.34043,23.70478
1787025204,27.83322,78.06363,90,0,,,,28.00177,28.30656,23.67112
1787025205,27.7184,78.01633,90,0,,,,28.0697,28.50976,23.73865
1787025205,27.70504,77.98123,90,0,,,,28.00177,28.34043,23.70478
1787025206,27.76379,78.08957,90,0,,,,28.03563,28.54363,23.87391
1787025207,27.80651,78.06821,90,0,,,,28.03563,28.44203,23.73865
1787025207,27.68902,78.01785,90,0,,,,27.9681,28.47589,23.70478
1787025208,27.63294,78.05753,90,0,,,,27.90037,28.2727,23.77251
1787025209,27.67567,77.97513,90,0,,,,27.90037,28.44203,23.67112
1787025209,27.76379,78.08041,90,0,,,,27.9681,28.47589,23.60338
1787025210,27.77714,78.0499,90,0,,,,27.90037,28.40816,23.80618
1787025211,27.74777,77.99344,90,0,,,,27.9681,28.40816,23.80618
1787025211,27.7184,78.10941,90,0,,,,27.9681,28.44203,23.60338
1787025212,27.66232,78.02243,90,0,,,,27.90037,28.40816,23.80618
1787025213,27.7184,77.98581,90,0,,,,27.90037,28.3743,23.67112
1787025213,27.81987,78.11398,90,0,,,,27.93403,28.44203,23.60338
1787025214,27.74777,77.9202,90,0,,,,27.90037,28.3743,23.77251
1787025215,27.60624,77.98886,90,0,,,,27.93403,28.47589,23.53585
1787025215,27.74777,78.01175,90,0,,,,27.93403,28.54363,23.67112
1787025216,27.7184,78.06821,90,0,,,,28.00177,28.2727,23.67112
1787025217,27.77714,77.97971,90,0,,,,27.9681,28.50976,23.63725
1787025217,27.74777,78.00259,90,0,,,,28.00177,28.47589,23.73865
1787025218,27.63294,78.05753,90,0,,,,27.9681,28.54363,23.63725
1787025219,27.57687,78.05447,90,0,,,,27.90037,28.30656,23.70478
1787025219,27.73175,78.08194,90,0,,,,27.9681,28.44203,23.70478
1787025220,27.67567,78.04837,90,0,,,,27.9681,28.44203,23.70478
1787025221,27.74777,78.05447,90,0,,,,27.93403,28.54363,23.53585
1787025221,27.7184,78.1506,90,0,,,,27.9681,28.40816,23.50199
1787025222,27.66232,78.03464,90,0,,,,27.9681,28.47589,23.67112
1787025223,27.73175,78.12314,90,0,,,,27.9681,28.44203,23.77251
1787025223,27.7184,78.07736,90,0,,,,28.03563,28.47589,23.77251
1787025224,27.70504,78.06363,90,0,,,,27.90037,28.44203,23.70478
1787025225,27.76379,77.95377,90,0,,,,27.9681,28.47589,23.80618
1787025225,27.79049,78.06363,90,0,,,,27.9681,28.34043,23.63725
1787025226,27.80651,78.13229,90,0,,,,27.90037,28.54363,23.60338
1787025227,27.68902,78.04074,90,0,,,,27.90037,28.3743,23.63725
1787025227,27.74777,78.07584,90,0,,,,27.9681,28.44203,23.60338
1787025228,27.80651,78.03616,90,0,,,,27.9681,28.44203,23.77251
1787025229,27.7184,78.20401,90,0,,,,27.93403,28.3743,23.60338
1787025229,27.74777,78.05447,90,0,,,,27.93403,28.40816,23.70478
1787025230,27.70504,78.04379,90,0,,,,27.9681,28.44203,23.67112
1787025231,27.76379,78.08041,90,0,,,,28.00177,28.44203,23.73865
1787025231,27.70504,77.99039,90,0,,,,28.00177,28.3743,23.63725
1787025232,27.67567,78.06821,90,0,,,,27.93403,28.50976,23.63725
1787025233,27.70504,78.06363,90,0,,,,27.93403,28.3743,23.53585
1787025233,27.67567,78.06821,90,0,,,,27.9681,28.40816,23.63725
1787025234,27.77714,78.1033,90,0,,,,27.8665,28.3743,23.77251
1787025235,27.64897,78.0209,90,0,,,,27.93403,28.30656,23.70478
1787025235,27.74777,77.9202,90,0,,,,27.9681,28.3743,23.70478
1787025236,27.66232,78.05447,90,0,,,,27.93403,28.40816,23.77251
1787025237,27.7184,78.04837,90,0,,,,27.93403,28.44203,23.80618
1787025237,27.70504,78.03464,90,0,,,,28.00177,28.34043,23.67112
1787025238,27.7184,77.98581,90,0,,,,28.00177,28.34043,23.63725
1787025239,27.74777,78.05447,90,0,,,,27.9681,28.30656,23.73865
1787025239,27.70504,78.08652,90,0,,,,28.0697,28.47589,23.80618
1787025240,27.7184,78.02701,90,0,,,,27.9681,28.47589,23.60338
1787025241,27.68902,78.0621,90,0,,,,27.93403,28.44203,23.80618
1787025241,27.67567,77.99496,90,0,,,,27.90037,28.64523,23.70478
1787025242,27.67567,78.06821,90,0,,,,27.93403,28.57749,23.73865
1787025242,27.83322,78.10788,90,0,,,,27.93403,28.50976,23.70478
1787025243,27.73175,77.93546,90,0,,,,27.9681,28.50976,23.73865
1787025244,27.73175,78.22842,90,0,,,,27.93403,28.47589,23.63725
1787025244,27.80651,78.21469,90,0,,,,28.0697,28.47589,23.73865
1787025245,27.76379,78.15366,90,0,,,,28.00177,28.54363,23.63725
1787025246,27.67567,78.1506,90,0,,,,28.00177,28.57749,23.53585
1787025246,27.70504,78.11703,90,0,,,,28.00177,28.3743,23.70478
1787025247,27.73175,78.09415,90,0,,,,27.93403,28.44203,23.77251
1787025248,27.61959,78.13687,90,0,,,,27.9681,28.50976,23.60338
1787025248,27.79049,78.19943,90,0,,,,27.9681,28.44203,23.56952
1787025249,27.68902,78.13535,90,0,,,,28.0697,28.2727,23.73865
1787025250,27.74777,78.20096,90,0,,,,27.9681,28.44203,23.70478
1787025250,27.7184,78.1506,90,0,,,,28.03563,28.47589,23.70478
1787025251,27.76379,78.16281,90,0,,,,27.90037,28.34043,23.77251
1787025252,27.64897,78.13229,90,0,,,,27.9681,28.47589,23.67112
1787025252,27.77714,78.22842,90,0,,,,27.93403,28.40816,23.73865
1787025253,27.74777,78.24216,90,0,,,,27.9681,28.44203,23.73865
1787025254,27.70504,78.23148,90,0,,,,27.9681,28.50976,23.63725
1787025254,27.70504,78.13992,90,0,,,,27.90037,28.34043,23.56952
1787025255,27.70504,78.21011,90,0,,,,28.00177,28.34043,23.70478
1787025256,27.70504,78.19943,90,0,,,,28.03563,28.47589,23.53585
1787025256,27.70504,78.17807,90,0,,,,28.10336,28.44203,23.67112
1787025257,27.74777,78.24216,90,0,,,,28.00177,28.44203,23.60338
1787025258,27.74777,78.25132,90,0,,,,27.9681,28.30656,23.67112
1787025258,27.74777,78.24216,90,0,,,,28.00177,28.40816,23.77251
1787025259,27.70504,78.10788,90,0,,,,27.9681,28.50976,23.63725
1787025260,27.76379,78.3093,90,0,,,,28.03563,28.44203,23.56952
1787025260,27.61959,78.26353,90,0,,,,27.93403,28.40816,23.70478
1787025261,27.74777,78.27421,90,0,,,,28.0697,28.44203,23.60338
1787025262,27.74777,78.30625,90,0,,,,27.83244,28.50976,23.67112
1787025262,27.7184,78.20401,90,0,,,,27.8665,28.40816,23.70478
1787025263,27.68902,78.25895,90,0,,,,27.8665,28.47589,23.73865
1787025264,27.7184,78.28794,90,0,,,,27.8665,28.57749,23.77251
1787025264,27.77714,78.13535,90,0,,,,27.8665,28.50976,23.60338
1787025265,27.74777,78.17807,90,0,,,,27.93403,28.50976,23.80618
1787025266,27.7184,78.17197,90,0,,,,27.93403,28.57749,23.67112
1787025266,27.66232,78.29252,90,0,,,,27.93403,28.30656,23.77251
1787025267,27.59022,78.20401,90,0,,,,27.9681,28.50976,23.60338
1787025268,27.79049,78.14908,90,0,,,,27.90037,28.44203,23.80618
1787025268,27.73175,78.1857,90,0,,,,27.9681,28.50976,23.77251
1787025269,27.73175,78.24979,90,0,,,,27.9681,28.54363,23.70478
1787025270,27.68902,78.17654,90,0,,,,28.00177,28.57749,23.77251
1787025270,27.74777,78.23148,90,0,,,,28.00177,28.44203,23.77251
1787025271,27.7184,78.12161,90,0,,,,28.00177,28.44203,23.70478
1787025272,27.70504,78.13992,90,0,,,,27.9681,28.44203,23.50199
1787025272,27.74777,78.26353,90,0,,,,27.9681,28.44203,23.63725
1787025273,27.68902,78.13535,90,0,,,,27.90037,28.44203,23.73865
1787025274,27.7184,78.1918,90,0,,,,27.93403,28.50976,23.53585
1787025274,27.74777,78.15823,90,0,,,,27.93403,28.44203,23.46812
1787025275,27.73175,78.19638,90,0,,,,28.03563,28.3743,23.60338
1787025276,27.73175,78.20554,90,0,,,,27.9681,28.40816,23.80618
1787025276,27.68902,78.11398,90,0,,,,27.93403,28.3743,23.70478
1787025277,27.77714,78.1857,90,0,,,,28.00177,28.47589,23.60338
1787025277,27.79049,78.16739,90,0,,,,27.90037,28.44203,23.70478
1787025278,27.7184,78.1506,90,0,,,,28.03563,28.40816,23.87391
1787025279,27.76379,78.17197,90,0,,,,27.93403,28.40816,23.70478
1787025280,27.81987,78.09415,90,0,,,,27.93403,28.44203,23.63725
1787025280,27.73175,78.12314,90,0,,,,27.8665,28.30656,23.70478
1787025281,27.74777,78.16891,90,0,,,,27.9681,28.40816,23.33286
1787025281,27.68902,78.11398,90,0,,,,27.8665,28.54363,23.70478
1787025282,27.80651,78.15366,90,0,,,,28.00177,28.30656,23.53585
1787025283,27.68902,78.15366,90,0,,,,28.03563,28.47589,23.77251
1787025283,27.66232,78.09567,90,0,,,,27.90037,28.44203,23.70478
1787025284,27.76379,78.16281,90,0,,,,28.00177,28.50976,23.56952
1787025285,27.70504,78.09567,90,0,,,,27.9681,28.30656,23.60338
1787025285,27.7184,78.16281,90,0,,,,27.90037,28.50976,23.80618
1787025286,27.76379,78.16281,90,0,,,,27.93403,28.40816,23.56952
1787025287,27.70504,78.02243,90,0,,,,27.9681,28.44203,23.70478
1787025287,27.70504,78.10788,90,0,,,,27.9681,28.47589,23.56952
1787025288,27.76379,78.10025,90,0,,,,27.9681,28.47589,23.56952
1787025289,27.73175,78.12314,90,0,,,,27.90037,28.47589,23.56952
1787025289,27.74777,78.03464,90,0,,,,27.93403,28.34043,23.60338
1787025290,27.79049,78.10788,90,0,,,,28.00177,28.47589,23.67112
1787025291,27.64897,78.11398,90,0,,,,27.93403,28.40816,23.60338
1787025291,27.73175,78.13535,90,0,,,,27.93403,28.47589,23.56952
1787025292,27.70504,78.07584,90,0,,,,27.9681,28.40816,23.77251
1787025293,27.74777,78.08652,90,0,,,,28.03563,28.47589,23.60338
1787025293,27.77714,78.04074,90,0,,,,27.90037,28.47589,23.63725
1787025294,27.77714,78.19638,90,0,,,,27.9681,28.44203,23.77251
1787025295,27.70504,78.05447,90,0,,,,27.79877,28.20496,23.80618
1787025295,27.81987,78.11398,90,0,,,,27.9681,28.44203,23.56952
1787025296,27.73175,78.13535,90,0,,,,28.0697,28.61136,23.46812
1787025297,27.70504,78.07584,90,0,,,,27.9681,28.3743,23.67112
1787025297,27.74777,78.07584,90,0,,,,27.93403,28.44203,23.70478
1787025298,27.79049,78.05447,90,0,,,,27.93403,28.47589,23.84025
1787025299,27.70504,77.92935,90,0,,,,28.00177,28.54363,23.67112
1787025299,27.66232,78.01175,90,0,,,,27.9681,28.44203,23.56952
1787025300,27.80651,78.06821,90,0,,,,27.9681,28.40816,23.70478
1787025301,27.77714,78.01785,90,0,,,,27.93403,28.3743,23.60338
1787025301,27.68902,78.13535,90,0,,,,27.8665,28.47589,23.63725
1787025302,27.83322,78.11703,90,0,,,,27.93403,28.44203,23.67112
1787025303,27.66232,78.11703,90,0,,,,27.93403,28.44203,23.80618
1787025303,27.73175,78.04074,90,0,,,,27.83244,28.34043,23.63725
1787025304,27.74777,78.07584,90,0,,,,27.93403,28.54363,23.70478
1787025305,27.67567,78.10941,90,0,,,,28.00177,28.44203,23.56952
1787025305,27.76379,78.04837,90,0,,,,28.03563,28.50976,23.67112
1787025306,27.67567,78.03616,90,0,,,,27.9681,28.44203,23.80618
1787025307,27.7184,78.05753,90,0,,,,27.9681,28.47589,23.56952
1787025307,27.70504,78.10788,90,0,,,,27.9681,28.47589,23.70478
1787025308,27.68902,78.03006,90,0,,,,28.03563,28.40816,23.63725
1787025309,27.77714,78.1033,90,0,,,,28.03563,28.44203,23.63725
1787025309,27.68902,78.09415,90,0,,,,27.9681,28.57749,23.73865
1787025310,27.67567,77.86984,90,0,,,,27.90037,28.50976,23.73865
1787025311,27.73175,78.0621,90,0,,,,28.03563,28.47589,23.87391
1787025311,27.74777,78.06363,90,0,,,,28.0697,28.40816,23.80618
1787025312,27.70504,78.04379,90,0,,,,27.8665,28.44203,23.60338
1787025313,27.66232,78.01175,90,0,,,,27.8665,28.50976,23.70478
1787025313,27.74777,77.99344,90,0,,,,28.00177,28.40816,23.77251
1787025314,27.74777,78.05447,90,0,,,,28.00177,28.47589,23.67112
1787025315,27.76379,78.10025,90,0,,,,27.90037,28.3743,23.63725
1787025315,27.73175,78.08194,90,0,,,,28.00177,28.54363,23.80618
1787025316,27.7184,78.08957,90,0,,,,27.90037,28.44203,23.60338
1787025316,27.7184,77.94308,90,0,,,,27.90037,28.3743,23.67112
1787025317,27.74777,78.13992,90,0,,,,27.93403,28.50976,23.60338
1787025318,27.73175,78.09415,90,0,,,,27.93403,28.44203,23.70478
1787025318,27.70504,78.04379,90,0,,,,27.9681,28.40816,23.60338
1787025319,27.73175,78.1033,90,0,,,,27.9681,28.50976,23.70478
1787025320,27.83322,78.11703,90,0,,,,27.9681,28.44203,23.70478
1787025320,27.68902,78.15366,90,0,,,,27.9681,28.61136,23.63725
1787025321,27.76379,78.05753,90,0,,,,27.9681,28.50976,23.70478
1787025322,27.76379,78.06821,90,0,,,,27.93403,28.40816,23.73865
1787025322,27.68902,78.13535,90,0,,,,27.90037,28.50976,23.70478
1787025323,27.70504,78.09567,90,0,,,,27.9681,28.3743,23.56952
1787025324,27.77714,78.1033,90,0,,,,28.03563,28.50976,23.77251
1787025324,27.73175,78.13535,90,0,,,,27.93403,28.34043,23.63725
1787025325,27.61959,78.07584,90,0,,,,27.93403,28.47589,23.67112
1787025326,27.80651,78.20401,90,0,,,,27.9681,28.54363,23.70478
1787025326,27.77714,78.17654,90,0,,,,27.9681,28.44203,23.63725
1787025327,27.74777,78.15823,90,0,,,,27.9681,28.44203,23.56952
1787025328,27.76379,78.16281,90,0,,,,27.9681,28.3743,23.50199
1787025328,27.79049,78.12772,90,0,,,,27.93403,28.44203,23.73865
1787025329,27.74777,78.17807,90,0,,,,27.9681,28.40816,23.63725
1787025330,27.73175,78.17654,90,0,,,,27.93403,28.3743,23.63725
1787025330,27.67567,78.24521,90,0,,,,27.83244,28.44203,23.73865
1787025331,27.76379,78.20401,90,0,,,,27.8665,28.44203,23.46812
1787025332,27.64897,78.21774,90,0,,,,28.03563,28.40816,23.56952
1787025332,27.68902,78.29099,90,0,,,,27.90037,28.47589,23.70478
1787025333,27.70504,78.24216,90,0,,,,27.93403,28.34043,23.67112
1787025334,27.68902,78.25895,90,0,,,,27.8665,28.3743,23.53585
1787025334,27.83322,78.14908,90,0,,,,28.03563,28.3743,23.80618
1787025335,27.73175,78.30167,90,0,,,,27.93403,28.3743,23.73865
1787025336,27.7184,78.32761,90,0,,,,27.93403,28.57749,23.53585
1787025336,27.7184,78.12161,90,0,,,,28.03563,28.44203,23.73865
1787025337,27.76379,78.2559,90,0,,,,28.00177,28.57749,23.60338
1787025338,27.67567,78.26505,90,0,,,,27.9681,28.40816,23.56952
1787025338,27.70504,78.26353,90,0,,,,27.93403,28.47589,23.70478
1787025339,27.7184,78.2681,90,0,,,,28.03563,28.47589,23.70478
1787025340,27.7184,78.16281,90,0,,,,28.03563,28.50976,23.77251
1787025340,27.67567,78.26505,90,0,,,,27.90037,28.47589,23.67112
1787025341,27.7184,78.31846,90,0,,,,27.93403,28.47589,23.60338
1787025342,27.67567,78.13992,90,0,,,,27.9681,28.50976,23.73865
1787025342,27.7184,78.22385,90,0,,,,27.93403,28.44203,23.63725
1787025343,27.68902,78.24979,90,0,,,,27.8665,28.47589,23.53585
1787025344,27.74777,78.21011,90,0,,,,28.03563,28.47589,23.80618
1787025344,27.68902,78.1857,90,0,,,,28.00177,28.44203,23.63725
1787025345,27.76379,78.22385,90,0,,,,27.93403,28.30656,23.67112
1787025346,27.68902,78.21774,90,0,,,,27.9681,28.54363,23.63725
1787025346,27.68902,78.21774,90,0,,,,27.93403,28.30656,23.50199
1787025347,27.66232,78.22232,90,0,,,,28.00177,28.47589,23.73865
1787025348,27.76379,78.22385,90,0,,,,28.00177,28.44203,23.67112
1787025348,27.7184,78.14145,90,0,,,,28.00177,28.44203,23.63725
1787025349,27.68902,78.31998,90,0,,,,27.9681,28.50976,23.67112
1787025350,27.74777,78.11703,90,0,,,,27.9681,28.47589,23.63725
1787025350,27.7184,78.03616,90,0,,,,27.8665,28.57749,23.63725
1787025351,27.70504,78.19028,90,0,,,,27.93403,28.44203,23.67112
1787025352,27.68902,78.24979,90,0,,,,27.7649,28.44203,23.67112
1787025352,27.68902,78.1857,90,0,,,,27.9681,28.30656,23.56952
1787025353,27.73175,78.14603,90,0,,,,28.00177,28.40816,23.94144
1787025354,27.70504,78.21011,90,0,,,,27.93403,28.44203,23.73865
1787025354,27.67567,78.26505,90,0,,,,27.93403,28.47589,23.70478
1787025355,27.81987,78.12314,90,0,,,,27.93403,28.34043,23.70478
1787025355,27.80651,78.10025,90,0,,,,27.93403,28.3743,23.70478
1787025356,27.79049,78.11703,90,0,,,,27.93403,28.44203,23.53585
1787025357,27.76379,78.16281,90,0,,,,28.03563,28.34043,23.67112
1787025357,27.61959,78.14603,90,0,,,,27.93403,28.44203,23.70478
1787025358,27.73175,78.16434,90,0,,,,27.8665,28.44203,23.70478
1787025359,27.83322,78.19943,90,0,,,,27.9681,28.34043,23.67112
1787025359,27.79049,78.23148,90,0,,,,27.93403,28.47589,23.77251
1787025360,27.79049,78.24216,90,0,,,,27.93403,28.50976,23.80618
1787025361,27.74777,78.24216,90,0,,,,27.9681,28.3743,23.80618
1787025361,27.67567,78.10025,90,0,,,,28.0697,28.40816,23.67112
1787025362,27.7184,78.10025,90,0,,,,27.8665,28.44203,23.67112
1787025363,27.70504,78.13992,90,0,,,,27.93403,28.64523,23.63725
1787025363,27.64897,78.11398,90,0,,,,27.90037,28.30656,23.70478
1787025364,27.7184,78.06821,90,0,,,,27.8665,28.44203,23.67112
1787025365,27.68902,78.39323,90,0,,,,27.93403,28.47589,23.56952
1787025365,27.7184,77.99496,90,0,,,,27.90037,28.54363,23.60338
1787025366,27.66232,78.13687,90,0,,,,27.90037,28.3743,23.63725
1787025367,27.73175,78.07126,90,0,,,,27.90037,28.47589,23.63725
1787025367,27.77714,78.26963,90,0,,,,27.79877,28.40816,23.77251
1787025368,27.74777,78.20096,90,0,,,,27.9681,28.23883,23.53585
1787025369,27.74777,78.11703,90,0,,,,27.90037,28.3743,23.56952
1787025369,27.61959,78.07584,90,0,,,,28.03563,28.57749,23.67112
1787025370,27.68902,78.16434,90,0,,,,27.9681,28.34043,23.73865
1787025371,27.70504,78.16891,90,0,,,,27.93403,28.3743,23.77251
1787025371,27.67567,78.10941,90,0,,,,27.9681,28.30656,23.63725
1787025372,27.7184,78.10025,90,0,,,,27.9681,28.3743,23.63725
1787025373,27.67567,78.13077,90,0,,,,28.00177,28.57749,23.73865
1787025373,27.81987,78.1857,90,0,,,,27.9681,28.50976,23.73865
1787025374,27.74777,78.09567,90,0,,,,27.8665,28.50976,23.56952
1787025375,27.77714,78.16434,90,0,,,,27.9681,28.47589,23.67112
1787025375,27.73175,77.99802,90,0,,,,27.93403,28.2727,23.70478
1787025376,27.77714,78.16434,90,0,,,,27.9681,28.57749,23.56952
1787025377,27.68902,78.09415,90,0,,,,27.93403,28.23883,23.90778
1787025377,27.70504,78.16891,90,0,,,,27.93403,28.44203,23.60338
1787025378,27.7184,78.06821,90,0,,,,27.93403,28.40816,23.56952
1787025379,27.68902,78.12314,90,0,,,,27.90037,28.34043,23.73865
1787025379,27.70504,78.21011,90,0,,,,27.9681,28.50976,23.67112
1787025380,27.77714,78.13535,90,0,,,,27.93403,28.44203,23.56952
1787025381,27.66232,78.13687,90,0,,,,27.9681,28.50976,23.53585
1787025381,27.73175,78.15366,90,0,,,,27.9681,28.50976,23.60338
1787025382,27.68902,78.17654,90,0,,,,27.90037,28.40816,23.70478
1787025383,27.77714,78.16434,90,0,,,,27.9681,28.34043,23.73865
1787025383,27.79049,78.19943,90,0,,,,27.93403,28.3743,23.67112
1787025384,27.68902,78.1857,90,0,,,,27.90037,28.54363,23.60338
1787025385,27.84657,78.1506,90,0,,,,27.9681,28.2727,23.77251
1787025385,27.77714,78.16434,90,0,,,,28.00177,28.3743,23.80618
1787025386,27.67567,78.10941,90,0,,,,28.00177,28.50976,23.67112
1787025387,27.73175,78.17654,90,0,,,,27.90037,28.3743,23.60338
1787025387,27.68902,78.16434,90,0,,,,27.9681,28.40816,23.63725
1787025388,27.74777,78.23148,90,0,,,,27.93403,28.30656,23.60338
1787025389,27.74777,78.07584,90,0,,,,27.93403,28.50976,23.80618
1787025389,27.7184,78.10025,90,0,,,,27.8665,28.47589,23.73865
1787025390,27.77714,78.19638,90,0,,,,27.93403,28.47589,23.63725
1787025391,27.79049,78.21011,90,0,,,,27.93403,28.44203,23.73865
1787025391,27.77714,78.16434,90,0,,,,28.00177,28.50976,23.63725
1787025392,27.76379,78.2681,90,0,,,,27.9681,28.50976,23.50199
1787025392,27.66232,78.12772,90,0,,,,27.9681,28.54363,23.67112
1787025393,27.68902,78.09415,90,0,,,,28.03563,28.50976,23.60338
1787025394,27.66232,78.15823,90,0,,,,27.9681,28.40816,23.80618
1787025394,27.68902,78.15366,90,0,,,,27.93403,28.44203,23.77251
1787025395,27.73175,78.1857,90,0,,,,27.9681,28.3743,23.67112
1787025396,27.7184,78.10941,90,0,,,,27.90037,28.34043,23.60338
1787025396,27.70504,78.15823,90,0,,,,28.00177,28.30656,23.67112
1787025397,27.68902,78.1033,90,0,,,,27.9681,28.44203,23.70478
1787025398,27.76379,78.08957,90,0,,,,27.93403,28.3743,23.73865
1787025398,27.7184,78.10025,90,0,,,,27.9681,28.44203,23.73865
1787025399,27.66232,78.10788,90,0,,,,28.00177,28.34043,23.60338
1787025400,27.68902,78.16434,90,0,,,,28.03563,28.44203,23.67112
1787025400,27.77714,77.97971,90,0,,,,28.00177,28.47589,23.60338
1787025401,27.66232,78.15823,90,0,,,,27.9681,28.40816,23.67112
1787025402,27.63294,78.1918,90,0,,,,27.93403,28.47589,23.60338
1787025402,27.74777,78.21011,90,0,,,,27.90037,28.44203,23.70478
1787025403,27.66232,78.10788,90,0,,,,27.9681,28.40816,23.80618
1787025404,27.67567,78.05753,90,0,,,,28.00177,28.44203,23.84025
1787025404,27.74777,78.24216,90,0,,,,28.03563,28.3743,23.70478
1787025405,27.80651,78.10941,90,0,,,,27.9681,28.44203,23.84025
1787025406,27.74777,78.24216,90,0,,,,28.00177,28.44203,23.50199
1787025406,27.76379,78.14145,90,0,,,,27.9681,28.2727,23.70478
1787025407,27.76379,78.16281,90,0,,,,27.9681,28.3743,23.60338
1787025408,27.76379,78.14145,90,0,,,,27.93403,28.34043,23.50199
1787025408,27.68902,78.0499,90,0,,,,27.90037,28.54363,23.63725
1787025409,27.67567,78.13992,90,0,,,,27.9681,28.47589,23.60338
1787025410,27.74777,78.21011,90,0,,,,28.0697,28.57749,23.63725
1787025410,27.74777,78.11703,90,0,,,,27.90037,28.57749,23.46812
1787025411,27.63294,78.04837,90,0,,,,27.93403,28.44203,23.56952
1787025412,27.77714,78.12314,90,0,,,,28.03563,28.54363,23.60338
1787025412,27.7184,78.12161,90,0,,,,28.00177,28.40816,23.73865
1787025413,27.7184,78.04837,90,0,,,,27.90037,28.50976,23.63725
1787025414,27.77714,78.14603,90,0,,,,27.90037,28.47589,23.77251
1787025414,27.67567,78.17197,90,0,,,,27.8665,28.47589,23.73865
1787025415,27.70504,78.06363,90,0,,,,27.90037,28.44203,23.46812
1787025416,27.66232,78.06363,90,0,,,,28.03563,28.47589,23.80618
1787025416,27.66232,78.12772,90,0,,,,28.00177,28.3743,23.67112
1787025417,27.67567,78.18265,90,0,,,,27.8665,28.50976,23.60338
1787025418,27.76379,78.16281,90,0,,,,28.00177,28.47589,23.73865
1787025418,27.67567,78.17197,90,0,,,,27.93403,28.3743,23.77251
1787025419,27.76379,78.12161,90,0,,,,27.93403,28.50976,23.80618
1787025420,27.7184,78.23605,90,0,,,,28.03563,28.34043,23.87391
1787025420,27.73175,78.1033,90,0,,,,27.90037,28.40816,23.84025
1787025421,27.66232,78.15823,90,0,,,,27.93403,28.57749,23.77251
1787025422,27.66232,78.12772,90,0,,,,27.90037,28.44203,23.63725
1787025422,27.67567,78.17197,90,0,,,,27.9681,28.40816,23.63725
1787025423,27.7184,78.21469,90,0,,,,28.00177,28.40816,23.70478
1787025424,27.70504,78.14603,90,0,,,,27.90037,28.40816,23.63725
1787025424,27.67567,78.24521,90,0,,,,27.83244,28.40816,23.67112
1787025425,27.73175,78.09415,90,0,,,,27.9681,28.47589,23.63725
1787025426,27.68902,78.1857,90,0,,,,27.9681,28.3743,23.73865
1787025426,27.76379,78.14145,90,0,,,,27.9681,28.40816,23.80618
1787025427,27.70504,78.19943,90,0,,,,27.93403,28.34043,23.67112
1787025428,27.63294,78.08957,90,0,,,,27.8665,28.40816,23.67112
1787025428,27.76379,77.99496,90,0,,,,27.9681,28.50976,23.73865
1787025429,27.66232,78.22232,90,0,,,,27.9681,28.40816,23.84025
1787025430,27.77714,78.20554,90,0,,,,27.9681,28.50976,23.56952
1787025430,27.70504,78.13992,90,0,,,,27.93403,28.40816,23.67112
1787025431,27.66232,78.10788,90,0,,,,27.90037,28.3743,23.84025
1787025431,27.66232,78.26353,90,0,,,,28.03563,28.3743,23.63725
1787025432,27.76379,78.18265,90,0,,,,28.03563,28.40816,23.60338
1787025433,27.67567,78.13077,90,0,,,,27.9681,28.50976,23.63725
1787025433,27.66232,78.11703,90,0,,,,27.9681,28.40816,23.67112
1787025434,27.67567,78.18265,90,0,,,,27.93403,28.3743,23.63725
1787025435,27.70504,78.14603,90,0,,,,27.9681,28.50976,23.70478
1787025435,27.74777,78.24216,90,0,,,,27.90037,28.47589,23.73865
1787025436,27.68902,78.1857,90,0,,,,28.00177,28.34043,23.67112
1787025437,27.7184,78.2559,90,0,,,,28.00177,28.34043,23.63725
1787025437,27.66232,78.22232,90,0,,,,27.93403,28.50976,23.70478
1787025438,27.7184,78.1918,90,0,,,,27.93403,28.44203,23.70478
1787025439,27.73175,78.25895,90,0,,,,27.93403,28.3743,23.67112
1787025439,27.70504,78.26353,90,0,,,,27.9681,28.44203,23.73865
1787025440,27.73175,78.16434,90,0,,,,27.93403,28.50976,23.60338
1787025441,27.7184,78.20401,90,0,,,,27.9681,28.3743,23.70478
1787025441,27.76379,78.2559,90,0,,,,28.00177,28.44203,23.70478
1787025442,27.61959,78.13687,90,0,,,,27.90037,28.50976,23.70478
1787025443,27.76379,78.24521,90,0,,,,28.03563,28.50976,23.63725
1787025443,27.79049,78.13687,90,0,,,,28.00177,28.40816,23.73865
1787025444,27.67567,78.1506,90,0,,,,27.90037,28.34043,23.56952
1787025445,27.7184,78.14145,90,0,,,,27.9681,28.34043,23.77251
1787025445,27.64897,78.1445,90,0,,,,28.03563,28.40816,23.67112
1787025446,27.67567,78.07736,90,0,,,,27.9681,28.34043,23.56952
1787025447,27.68902,78.26963,90,0,,,,27.93403,28.3743,23.73865
1787025447,27.77714,78.23758,90,0,,,,27.93403,28.40816,23.67112
1787025448,27.74777,78.20096,90,0,,,,27.93403,28.44203,23.70478
1787025449,27.73175,78.17654,90,0,,,,27.9681,28.34043,23.77251
1787025449,27.67567,78.13992,90,0,,,,27.93403,28.47589,23.67112
1787025450,27.80651,78.24521,90,0,,,,27.9681,28.3743,23.70478
1787025451,27.63294,78.1918,90,0,,,,28.00177,28.40816,23.77251
1787025451,27.77714,78.28184,90,0,,,,28.00177,28.40816,23.60338
1787025452,27.73175,78.17654,90,0,,,,27.8665,28.47589,23.63725
1787025453,27.76379,78.2681,90,0,,,,27.9681,28.47589,23.63725
1787025453,27.74777,78.20096,90,0,,,,28.0697,28.40816,23.60338
1787025454,27.70504,78.16891,90,0,,,,27.90037,28.3743,23.53585
1787025455,27.76379,78.2559,90,0,,,,27.93403,28.30656,23.70478
1787025455,27.70504,78.23148,90,0,,,,27.83244,28.50976,23.67112
1787025456,27.77714,78.30167,90,0,,,,28.03563,28.47589,23.63725
1787025457,27.74777,78.19028,90,0,,,,27.90037,28.44203,23.60338
1787025457,27.83322,78.30473,90,0,,,,27.90037,28.50976,23.77251
1787025458,27.73175,78.24979,90,0,,,,27.93403,28.34043,23.67112
1787025459,27.68902,78.2269,90,0,,,,27.93403,28.40816,23.63725
1787025459,27.7184,78.1918,90,0,,,,27.9681,28.30656,23.73865
1787025460,27.73175,78.20554,90,0,,,,28.00177,28.57749,23.53585
1787025461,27.77714,78.31083,90,0,,,,28.00177,28.40816,23.56952
1787025461,27.76379,78.20401,90,0,,,,27.9681,28.40816,23.67112
1787025462,27.74777,78.17807,90,0,,,,27.93403,28.34043,23.63725
1787025463,27.73175,78.24979,90,0,,,,27.93403,28.44203,23.67112
1787025463,27.68902,78.26963,90,0,,,,27.90037,28.40816,23.67112
1787025464,27.73175,78.16434,90,0,,,,28.03563,28.3743,23.63725
1787025465,27.77714,78.20554,90,0,,,,27.9681,28.40816,23.70478
1787025465,27.68902,78.23758,90,0,,,,27.9681,28.54363,23.73865
1787025466,27.83322,78.48325,90,0,,,,27.90037,28.34043,23.73865
1787025467,27.68902,78.33219,90,0,,,,27.93403,28.61136,23.63725
1787025467,27.79049,78.29557,90,0,,,,28.03563,28.30656,23.67112
1787025468,27.66232,78.10788,90,0,,,,27.93403,28.40816,23.63725
1787025468,27.76379,78.18265,90,0,,,,28.03563,28.44203,23.60338
1787025469,27.67567,78.27726,90,0,,,,27.93403,28.47589,23.73865
1787025470,27.70504,78.22232,90,0,,,,27.9681,28.47589,23.56952
1787025471,27.76379,78.18265,90,0,,,,27.8665,28.47589,23.56952
1787025471,27.7184,78.31846,90,0,,,,28.00177,28.44203,23.60338
1787025472,27.7184,78.12161,90,0,,,,27.9681,28.34043,23.73865
1787025472,27.64897,78.19638,90,0,,,,27.9681,28.3743,23.63725
1787025473,27.68902,78.2269,90,0,,,,28.00177,28.40816,23.63725
1787025474,27.64897,78.1445,90,0,,,,28.00177,28.47589,23.70478
1787025474,27.76379,78.18265,90,0,,,,27.9681,28.44203,23.67112
1787025475,27.74777,78.32456,90,0,,,,27.90037,28.50976,23.63725
1787025476,27.73175,78.28184,90,0,,,,27.93403,28.54363,23.73865
1787025476,27.7184,78.1918,90,0,,,,27.8665,28.57749,23.73865
1787025477,27.73175,78.16434,90,0,,,,28.03563,28.44203,23.60338
1787025478,27.63294,78.1918,90,0,,,,27.9681,28.54363,23.63725
1787025478,27.68902,78.08194,90,0,,,,27.9681,28.47589,23.43446
1787025479,27.56351,78.19638,90,0,,,,27.93403,28.3743,23.77251
1787025480,27.74777,78.23148,90,0,,,,28.00177,28.47589,23.70478
1787025480,27.68902,78.26963,90,0,,,,27.93403,28.44203,23.63725
1787025481,27.76379,78.37034,90,0,,,,27.93403,28.50976,23.63725
1787025482,27.73175,78.24979,90,0,,,,28.00177,28.44203,23.60338
1787025482,27.68902,78.31998,90,0,,,,27.93403,28.54363,23.63725
1787025483,27.74777,78.12772,90,0,,,,27.83244,28.40816,23.80618
1787025484,27.70504,78.22232,90,0,,,,27.93403,28.47589,23.77251
1787025484,27.59022,78.11856,90,0,,,,27.93403,28.54363,23.70478
1787025485,27.67567,78.24521,90,0,,,,27.9681,28.3743,23.53585
1787025486,27.63294,78.37034,90,0,,,,27.9681,28.47589,23.67112
1787025486,27.7184,78.2559,90,0,,,,27.8665,28.47589,23.67112
1787025487,27.76379,78.3093,90,0,,,,27.8665,28.44203,23.73865
1787025488,27.70504,78.27421,90,0,,,,27.83244,28.40816,23.63725
1787025488,27.73175,78.21774,90,0,,,,27.93403,28.3743,23.70478
1787025489,27.59022,78.23605,90,0,,,,27.90037,28.3743,23.73865
1787025490,27.76379,78.27726,90,0,,,,28.00177,28.50976,23.63725
1787025490,27.7184,78.30625,90,0,,,,27.93403,28.50976,23.67112
1787025491,27.66232,78.24216,90,0,,,,27.93403,28.30656,23.80618
1787025492,27.67567,78.27726,90,0,,,,27.93403,28.50976,23.67112
1787025492,27.74777,78.24216,90,0,,,,27.9681,28.34043,23.80618
1787025493,27.77714,78.21774,90,0,,,,27.93403,28.50976,23.70478
1787025494,27.66232,78.13687,90,0,,,,27.9681,28.47589,23.73865
1787025494,27.64897,78.23758,90,0,,,,27.9681,28.44203,23.63725
1787025495,27.76379,78.1918,90,0,,,,27.93403,28.40816,23.73865
1787025496,27.67567,78.22385,90,0,,,,27.9681,28.34043,23.80618
1787025496,27.70504,78.24216,90,0,,,,27.93403,28.40816,23.73865
1787025497,27.66232,78.35661,90,0,,,,27.90037,28.3743,23.70478
1787025498,27.74777,78.30625,90,0,,,,27.9681,28.40816,23.70478
1787025498,27.79049,78.21011,90,0,,,,27.8665,28.40816,23.73865
1787025499,27.63294,78.17197,90,0,,,,27.90037,28.44203,23.80618
1787025500,27.74777,78.33677,90,0,,,,27.9681,28.54363,23.70478
1787025500,27.73175,78.17654,90,0,,,,27.83244,28.47589,23.56952
1787025501,27.64897,78.29099,90,0,,,,27.9681,28.40816,23.63725
1787025502,27.7184,78.1918,90,0,,,,27.90037,28.40816,23.67112
1787025502,27.66232,78.19028,90,0,,,,27.9681,28.44203,23.53585
1787025503,27.80651,78.2681,90,0,,,,27.9681,28.44203,23.70478
1787025504,27.86259,78.1033,90,0,,,,27.9681,28.30656,23.67112
1787025504,27.74777,78.09567,90,0,,,,27.9681,28.54363,23.63725
1787025505,27.84657,78.2971,90,0,,,,27.9681,28.50976,23.63725
1787025506,27.76379,78.28794,90,0,,,,27.9681,28.3743,23.60338
1787025506,27.68902,78.08194,90,0,,,,27.8665,28.40816,23.87391
1787025507,27.7184,78.1918,90,0,,,,27.93403,28.47589,23.53585
1787025507,27.73175,78.29099,90,0,,,,27.8665,28.44203,23.73865
1787025508,27.68902,78.2269,90,0,,,,28.00177,28.34043,23.80618
1787025509,27.79049,78.19943,90,0,,,,27.83244,28.44203,23.87391
1787025510,27.63294,78.1506,90,0,,,,27.93403,28.30656,23.63725
1787025510,27.73175,78.14603,90,0,,,,28.00177,28.44203,23.80618
1787025511,27.74777,78.28336,90,0,,,,28.00177,28.34043,23.63725
1787025511,27.73175,78.20554,90,0,,,,27.93403,28.44203,23.56952
1787025512,27.7184,78.17197,90,0,,,,27.8665,28.34043,23.73865
1787025513,27.74777,78.13992,90,0,,,,27.9681,28.50976,23.63725
1787025513,27.70504,78.14603,90,0,,,,27.93403,28.47589,23.67112
1787025514,27.76379,78.17197,90,0,,,,27.9681,28.44203,23.77251
1787025515,27.70504,78.12772,90,0,,,,27.90037,28.40816,23.67112
1787025515,27.7184,78.02701,90,0,,,,27.90037,28.47589,23.60338
1787025516,27.70504,78.11703,90,0,,,,27.93403,28.47589,23.80618
1787025517,27.60624,78.04074,90,0,,,,28.00177,28.40816,23.60338
1787025517,27.66232,78.09567,90,0,,,,27.90037,28.44203,23.73865
1787025518,27.73175,78.12314,90,0,,,,27.90037,28.44203,23.67112
1787025519,27.74777,78.08652,90,0,,,,27.90037,28.47589,23.80618
1787025519,27.66232,78.15823,90,0,,,,27.93403,28.44203,23.70478
1787025520,27.68902,78.07126,90,0,,,,27.9681,28.50976,23.60338
1787025521,27.64897,78.17654,90,0,,,,27.93403,28.47589,23.67112
1787025521,27.63294,78.13992,90,0,,,,27.9681,28.50976,23.63725
1787025522,27.70504,78.10788,90,0,,,,27.9681,28.3743,23.56952
1787025523,27.73175,78.19638,90,0,,,,28.00177,28.3743,23.80618
1787025523,27.77714,77.99954,90,0,,,,28.00177,28.3743,23.50199
1787025524,27.68902,78.17654,90,0,,,,28.00177,28.40816,23.63725
1787025525,27.73175,78.14603,90,0,,,,27.90037,28.50976,23.73865
1787025525,27.77714,78.1033,90,0,,,,27.9681,28.44203,23.67112
1787025526,27.66232,78.06363,90,0,,,,27.83244,28.34043,23.67112
1787025527,27.7184,78.20401,90,0,,,,27.90037,28.44203,23.67112
1787025527,27.68902,78.1857,90,0,,,,28.03563,28.54363,23.77251
1787025528,27.67567,78.16281,90,0,,,,27.93403,28.3743,23.56952
1787025529,27.68902,78.0499,90,0,,,,28.00177,28.34043,23.73865
1787025529,27.7184,78.1506,90,0,,,,27.79877,28.50976,23.73865
1787025530,27.64897,78.0621,90,0,,,,27.90037,28.40816,23.73865
1787025531,27.74777,78.14908,90,0,,,,27.90037,28.40816,23.70478
1787025531,27.70504,78.33372,90,0,,,,27.83244,28.44203,23.67112
1787025532,27.66232,78.22232,90,0,,,,27.93403,28.47589,23.53585
1787025533,27.7184,78.14145,90,0,,,,27.8665,28.47589,23.70478
1787025533,27.66232,78.05447,90,0,,,,27.9681,28.44203,23.60338
1787025534,27.7184,78.1506,90,0,,,,27.9681,28.50976,23.84025
1787025535,27.7184,78.05753,90,0,,,,28.00177,28.47589,23.77251
1787025535,27.74777,78.19028,90,0,,,,27.93403,28.50976,23.70478
1787025536,27.74777,78.08652,90,0,,,,27.90037,28.3743,23.77251
1787025537,27.80651,78.14145,90,0,,,,27.93403,28.40816,23.70478
1787025537,27.68902,78.21774,90,0,,,,27.9681,28.50976,23.73865
1787025538,27.79049,78.16739,90,0,,,,27.93403,28.3743,23.60338
1787025539,27.63294,78.03616,90,0,,,,27.90037,28.3743,23.77251
1787025539,27.70504,78.04379,90,0,,,,27.90037,28.47589,23.56952
1787025540,27.76379,78.23605,90,0,,,,27.8665,28.50976,23.67112
1787025541,27.73175,78.23758,90,0,,,,28.03563,28.3743,23.77251
1787025541,27.67567,78.18265,90,0,,,,27.93403,28.47589,23.73865
1787025542,27.7184,78.1506,90,0,,,,27.93403,28.54363,23.60338
1787025543,27.76379,78.12161,90,0,,,,27.90037,28.47589,23.84025
1787025543,27.73175,78.21774,90,0,,,,27.8665,28.40816,23.84025
1787025544,27.80651,78.2559,90,0,,,,27.93403,28.57749,23.70478
1787025545,27.74777,78.15823,90,0,,,,27.90037,28.50976,23.77251
1787025545,27.76379,78.15366,90,0,,,,27.93403,28.44203,23.60338
1787025546,27.67567,78.1918,90,0,,,,27.9681,28.54363,23.73865
1787025546,27.76379,78.22385,90,0,,,,27.9681,28.44203,23.60338
1787025547,27.74777,78.13992,90,0,,,,27.9681,28.34043,23.70478
1787025548,27.74777,78.21011,90,0,,,,28.00177,28.40816,23.73865
1787025548,27.7184,78.17197,90,0,,,,28.00177,28.3743,23.67112
1787025549,27.70504,78.19943,90,0,,,,27.90037,28.40816,23.77251
1787025550,27.73175,78.1857,90,0,,,,27.9681,28.47589,23.56952
1787025550,27.74777,78.21011,90,0,,,,27.90037,28.50976,23.50199
1787025551,27.70504,78.03464,90,0,,,,27.93403,28.54363,23.73865
1787025552,27.70504,78.21011,90,0,,,,28.00177,28.3743,23.56952
1787025552,27.73175,78.24979,90,0,,,,27.93403,28.47589,23.70478
1787025553,27.67567,78.18265,90,0,,,,28.00177,28.47589,23.63725
1787025554,27.64897,77.94766,90,0,,,,27.90037,28.44203,23.77251
1787025554,27.76379,78.03616,90,0,,,,27.93403,28.50976,23.73865
1787025555,27.73175,78.14603,90,0,,,,27.9681,28.57749,23.67112
1787025556,27.70504,78.07584,90,0,,,,27.93403,28.54363,23.67112
1787025556,27.67567,78.06821,90,0,,,,27.90037,28.34043,23.67112
1787025557,27.76379,78.21469,90,0,,,,28.03563,28.47589,23.60338
1787025558,27.7184,78.07736,90,0,,,,27.9681,28.40816,23.53585
1787025558,27.70504,78.06363,90,0,,,,27.9681,28.47589,23.60338
1787025559,27.66232,78.00259,90,0,,,,27.90037,28.47589,23.63725
1787025560,27.66232,78.14603,90,0,,,,28.00177,28.40816,23.60338
1787025560,27.74777,78.13992,90,0,,,,27.9681,28.44203,23.63725
1787025561,27.76379,78.15366,90,0,,,,27.90037,28.47589,23.77251
1787025562,27.64897,78.0499,90,0,,,,27.9681,28.44203,23.60338
1787025562,27.79049,78.07584,90,0,,,,27.9681,28.47589,23.77251
1787025563,27.7184,78.08957,90,0,,,,27.9681,28.50976,23.60338
1787025564,27.70504,78.08652,90,0,,,,28.0697,28.3743,23.63725
1787025564,27.68902,78.1445,90,0,,,,27.9681,28.50976,23.80618
1787025565,27.74777,78.14908,90,0,,,,27.9681,28.40816,23.63725
1787025566,27.7184,78.23605,90,0,,,,27.90037,28.47589,23.80618
1787025566,27.73175,78.0499,90,0,,,,28.00177,28.50976,23.53585
1787025567,27.74777,78.15823,90,0,,,,27.93403,28.40816,23.73865
1787025568,27.68902,78.1445,90,0,,,,27.93403,28.54363,23.63725
1787025568,27.66232,78.11703,90,0,,,,27.9681,28.3743,23.53585
1787025569,27.79049,78.25132,90,0,,,,28.00177,28.44203,23.63725
1787025570,27.70504,78.10788,90,0,,,,27.93403,28.44203,23.67112
1787025570,27.7184,78.08957,90,0,,,,27.93403,28.47589,23.73865
1787025571,27.68902,78.11398,90,0,,,,27.9681,28.61136,23.56952
1787025572,27.73175,78.07126,90,0,,,,27.93403,28.57749,23.60338
1787025572,27.67567,78.07736,90,0,,,,27.8665,28.57749,23.63725
1787025573,27.74777,78.07584,90,0,,,,27.9681,28.34043,23.56952
1787025574,27.76379,78.20401,90,0,,,,27.9681,28.47589,23.73865
1787025574,27.7184,78.1506,90,0,,,,27.93403,28.44203,23.63725
1787025575,27.7184,77.97513,90,0,,,,27.8665,28.44203,23.56952
1787025576,27.67567,78.00412,90,0,,,,27.90037,28.3743,23.70478
1787025576,27.67567,78.07736,90,0,,,,27.90037,28.64523,23.60338
1787025577,27.79049,78.17807,90,0,,,,28.03563,28.3743,23.60338
1787025578,27.67567,78.16281,90,0,,,,27.8665,28.3743,23.67112
1787025578,27.70504,78.06363,90,0,,,,27.93403,28.3743,23.77251
1787025579,27.76379,78.05753,90,0,,,,28.00177,28.57749,23.77251
1787025580,27.73175,78.11398,90,0,,,,28.00177,28.50976,23.70478
1787025580,27.68902,78.0621,90,0,,,,27.9681,28.47589,23.77251
1787025581,27.73175,78.04074,90,0,,,,28.0697,28.44203,23.67112
1787025582,27.64897,78.03006,90,0,,,,27.8665,28.50976,23.53585
1787025582,27.7184,78.17197,90,0,,,,28.0697,28.47589,23.70478
1787025583,27.80651,78.13229,90,0,,,,28.00177,28.61136,23.70478
1787025583,27.68902,77.95682,90,0,,,,28.00177,28.50976,23.46812
1787025584,27.77714,78.1033,90,0,,,,27.90037,28.44203,23.63725
1787025585,27.68902,78.0621,90,0,,,,27.9681,28.44203,23.77251
1787025585,27.68902,78.1857,90,0,,,,27.90037,28.54363,23.67112
1787025586,27.77714,78.04074,90,0,,,,27.90037,28.47589,23.70478
1787025587,27.74777,78.10788,90,0,,,,27.93403,28.40816,23.70478
1787025587,27.79049,78.02243,90,0,,,,28.03563,28.54363,23.77251
1787025588,27.67567,78.12161,90,0,,,,27.90037,28.34043,23.56952
1787025589,27.70504,78.06363,90,0,,,,27.90037,28.47589,23.67112
1787025589,27.70504,78.08652,90,0,,,,27.9681,28.3743,23.80618
1787025590,27.67567,78.10941,90,0,,,,27.93403,28.40816,23.60338
1787025591,27.77714,78.0621,90,0,,,,28.00177,28.2727,23.60338
1787025591,27.67567,78.17197,90,0,,,,27.90037,28.34043,23.73865
1787025592,27.77714,78.03006,90,0,,,,27.9681,28.44203,23.56952
1787025593,27.70504,78.01175,90,0,,,,27.90037,28.40816,23.63725
1787025593,27.68902,78.11398,90,0,,,,28.00177,28.44203,23.67112
1787025594,27.67567,77.99496,90,0,,,,27.93403,28.34043,23.63725
1787025595,27.68902,78.12314,90,0,,,,28.00177,28.44203,23.70478
1787025595,27.66232,77.94003,90,0,,,,28.00177,28.54363,23.80618
1787025596,27.7184,78.02701,90,0,,,,27.9681,28.47589,23.63725
1787025597,27.68902,78.03006,90,0,,,,28.0697,28.44203,23.80618
1787025597,27.74777,78.02243,90,0,,,,27.90037,28.34043,23.60338
1787025598,27.80651,78.08957,90,0,,,,27.93403,28.3743,23.80618
1787025599,27.7184,78.03616,90,0,,,,27.9681,28.40816,23.63725
1787025599,27.74777,78.01175,90,0,,,,27.9681,28.34043,23.67112
1787025600,27.76379,78.15366,90,0,,,,27.8665,28.44203,23.73865
1787025601,27.67567,78.10025,90,0,,,,27.9681,28.54363,23.56952
1787025601,27.77714,78.14603,90,0,,,,27.9681,28.3743,23.73865
1787025602,27.66232,78.08652,90,0,,,,27.93403,28.34043,23.63725
1787025603,27.64897,78.09415,90,0,,,,27.93403,28.3743,23.77251
