TS,Tamb,Hamb,DirVento,VelVento,NivelAgua,NivelAguaC,radSolar,Ttanque1,Ttanque2,Ttanque3
1785380400,33.55306,72.52766,90,2,241,,1,35.79786,34.06766,30.9826
1785380400,33.62516,72.37049,90,2,242,,1,35.8658,33.89813,31.05034
1785380401,33.51301,72.3888,90,1,242,,1,35.764,33.96586,31.15194
1785380402,33.51301,72.4773,90,2,242,,1,35.69606,33.89813,31.11807
1785380402,33.51301,72.32471,90,1,242,,1,35.73013,34.03379,31.1858
1785380403,33.51301,72.39948,90,1,242,,1,35.83173,34.03379,31.15194
1785380404,33.53971,72.52613,90,1,242,,1,35.69606,33.86406,31.11807
1785380404,33.52636,72.5124,90,2,242,,1,35.73013,33.96586,31.0842
1785380405,33.53971,72.49104,90,1,242,,1,35.764,33.72839,31.15194
1785380406,33.41421,72.54139,90,1,242,,1,35.73013,33.89813,31.15194
1785380407,33.47028,72.62836,90,1,242,,1,35.79786,33.96586,31.0842
1785380407,33.49699,72.62684,90,1,242,,1,35.83173,33.79633,31.0842
1785380408,33.51301,72.59632,90,1,242,,1,35.79786,33.932,31.1858
1785380409,33.49699,72.60395,90,1,242,,1,35.73013,33.86406,31.15194
1785380409,33.44091,72.73365,90,1,242,,1,35.73013,33.83019,31.11807
1785380410,33.52636,72.63294,90,1,242,,1,35.8658,33.932,31.05034
1785380411,33.53971,72.56886,90,1,242,,1,35.93353,34.03379,30.94874
1785380411,33.49699,72.62684,90,1,242,,1,35.764,33.79633,31.01647
1785380412,33.55306,72.64668,90,1,242,,1,35.8658,33.79633,31.11807
1785380413,33.51301,72.71534,90,1,242,,1,35.73013,33.72839,31.0842
1785380413,33.52636,72.66346,90,1,242,,1,35.8658,33.86406,31.11807
1785380414,33.59579,72.61463,90,1,242,,1,35.764,34.03379,31.35534
1785380415,33.42756,72.70924,90,1,242,,1,35.73013,33.69453,31.1858
1785380415,33.49699,72.67872,90,1,242,,1,35.89967,33.99973,31.05034
1785380416,33.42756,72.6421,90,1,242,,1,35.8658,33.96586,31.11807
1785380417,33.45426,72.69245,90,1,242,,1,35.764,33.79633,31.11807
1785380417,33.45426,72.72449,90,1,242,,1,35.69606,33.83019,31.11807
1785380418,33.45426,72.69245,90,1,242,,1,35.764,33.86406,31.05034
1785380419,33.45426,72.72449,90,1,242,,1,35.79786,33.79633,31.0842
1785380419,33.45426,72.70161,90,1,242,,1,35.8658,33.86406,31.15194
1785380420,33.52636,72.79622,90,1,242,,1,35.83173,33.89813,31.1858
1785380421,33.45426,72.75655,90,1,242,,1,35.8658,33.96586,31.01647
1785380421,33.52636,72.82826,90,1,242,,1,35.764,33.79633,31.0842
1785380422,33.49699,72.67872,90,2,242,,1,35.73013,33.72839,31.11807
1785380423,33.47028,72.66346,90,1,242,,1,35.83173,33.96586,31.11807
1785380423,33.44091,72.82979,90,2,242,,1,35.73013,33.89813,31.11807
1785380424,33.51301,72.66041,90,1,242,,1,35.83173,33.96586,31.05034
1785380425,33.55306,72.61768,90,1,242,,1,35.764,33.96586,31.1858
1785380426,33.44091,72.62226,90,1,242,,1,35.73013,33.96586,31.01647
1785380426,33.52636,72.68635,90,1,242,,1,35.73013,33.83019,31.0842
1785380427,33.44091,72.59174,90,1,242,,1,35.6622,33.83019,31.05034
1785380428,33.44091,72.66804,90,1,242,,1,35.69606,33.89813,31.15194
1785380428,33.48363,72.54597,90,1,242,,1,35.764,33.99973,31.05034
1785380429,33.42756,72.59937,90,1,242,,1,35.79786,33.96586,30.9826
1785380430,33.56908,72.73823,90,1,241,,1,35.73013,33.83019,31.11807
1785380430,33.45426,72.76875,90,1,242,,1,35.79786,33.79633,31.0842
1785380431,33.42756,72.74128,90,1,242,,1,35.79786,33.89813,31.15194
1785380432,33.41421,72.67262,90,1,242,,1,35.79786,33.932,31.0842
1785380432,33.41421,72.70466,90,1,243,,1,35.79786,33.932,31.11807
1785380433,33.38216,72.81911,90,1,242,,1,35.764,33.932,31.1858
1785380434,33.41421,72.77028,90,1,242,,1,35.83173,33.89813,31.21967
1785380434,33.38216,72.75502,90,1,242,,1,35.764,33.89813,31.11807
1785380435,33.45426,72.8008,90,1,242,,1,35.69606,33.86406,31.01647
1785380436,33.39819,72.85268,90,2,242,,1,35.764,33.89813,31.05034
1785380436,33.47028,72.82521,90,2,242,,1,35.764,34.13559,31.21967
1785380437,33.41421,72.77943,90,2,242,,1,35.79786,33.932,31.15194
1785380438,33.39819,72.83284,90,2,242,,1,35.764,33.89813,31.0842
1785380438,33.45426,72.89845,90,2,242,,1,35.764,33.86406,31.11807
1785380439,33.42756,72.86031,90,1,242,,1,35.8658,34.03379,31.01647
1785380440,33.51301,72.97627,90,2,242,,1,35.79786,33.66066,31.05034
1785380440,33.45426,72.96254,90,2,242,,1,35.73013,33.83019,31.11807
1785380441,33.42756,72.87099,90,2,242,,1,35.8658,33.79633,31.15194
1785380442,33.48363,72.89388,90,2,242,,1,35.79786,33.89813,31.05034
1785380443,33.36881,72.83742,90,2,242,,1,35.79786,33.932,31.0842
1785380443,33.44091,72.90761,90,2,242,,1,35.8658,33.86406,31.25353
1785380444,33.35546,72.8893,90,2,242,,1,35.83173,33.79633,31.05034
1785380445,33.32608,72.87099,90,2,242,,1,35.73013,33.89813,31.01647
1785380445,33.42756,72.94728,90,2,242,,1,35.79786,33.83019,31.15194
1785380446,33.41421,72.84657,90,2,242,,1,35.6622,33.89813,30.9826
1785380447,33.29671,72.86488,90,2,242,,1,35.83173,33.83019,31.01647
1785380447,33.42756,72.82826,90,1,242,,1,35.764,33.86406,31.0842
1785380448,33.36881,72.96712,90,1,241,,1,35.8658,33.86406,31.1858
1785380449,33.25666,72.86641,90,1,241,,1,35.73013,34.10153,31.11807
1785380449,33.41421,73.00832,90,2,242,,1,35.8658,33.96586,31.0842
1785380450,33.36881,72.98848,90,2,242,,1,35.764,33.86406,31.0842
1785380451,33.29671,72.9839,90,2,242,,1,35.69606,33.932,31.3892
1785380451,33.25666,73.06325,90,2,242,,1,35.6622,33.76226,31.01647
1785380452,33.32608,72.88319,90,2,242,,1,35.73013,33.89813,31.05034
1785380453,33.38216,72.86183,90,2,242,,1,35.83173,33.83019,31.11807
1785380453,33.28336,72.87404,90,2,242,,1,35.8658,33.96586,31.25353
1785380454,33.36881,72.91524,90,2,242,,1,35.83173,33.76226,30.9826
1785380455,33.32608,73.05714,90,2,242,,1,35.83173,33.96586,31.1858
1785380455,33.29671,73.01747,90,2,242,,1,35.69606,33.79633,31.05034
1785380456,33.22728,72.99001,90,2,242,,1,35.83173,33.86406,31.0842
1785380457,33.33944,73.04799,90,2,242,,1,35.73013,33.79633,31.05034
1785380457,33.35546,72.97475,90,2,242,,1,35.73013,33.96586,30.9826
1785380458,33.36881,73.1075,90,1,242,,1,35.79786,33.83019,31.15194
1785380459,33.32608,73.18684,90,2,241,,1,35.73013,33.89813,31.0842
1785380459,33.35546,73.18227,90,1,242,,1,35.79786,33.86406,31.21967
1785380460,33.35546,73.05257,90,2,242,,1,35.73013,33.932,31.0842
1785380461,33.28336,73.06783,90,1,242,,1,35.8658,33.89813,31.15194
1785380461,33.33944,72.92592,90,2,242,,1,35.79786,33.79633,31.01647
1785380462,33.36881,73.08919,90,2,243,,1,35.83173,33.79633,31.11807
1785380463,33.36881,73.15327,90,2,242,,1,35.79786,33.86406,30.9826
1785380464,33.35546,73.11665,90,2,242,,1,35.6622,33.83019,31.11807
1785380464,33.38216,73.29671,90,2,242,,1,35.69606,33.76226,31.1858
1785380465,33.35546,73.2372,90,2,242,,1,35.69606,33.96586,31.05034
1785380466,33.33944,73.07088,90,1,242,,1,35.83173,33.83019,31.01647
1785380466,33.31273,73.19447,90,2,242,,1,35.73013,33.932,31.11807
1785380467,33.28336,73.17616,90,2,242,,1,35.69606,33.89813,31.11807
1785380468,33.33944,73.05867,90,2,242,,1,35.62833,34.03379,31.01647
1785380468,33.38216,73.11208,90,2,242,,1,35.79786,33.86406,31.05034
1785380469,33.36881,73.16243,90,2,242,,1,35.83173,33.76226,31.11807
1785380470,33.31273,73.07545,90,2,241,,1,35.79786,33.83019,31.05034
1785380470,33.35546,73.0724,90,2,242,,1,35.69606,33.89813,31.15194
1785380471,33.36881,73.21736,90,2,242,,1,35.83173,33.72839,31.15194
1785380472,33.39819,73.18074,90,2,241,,1,35.79786,33.69453,31.05034
1785380472,33.42756,73.16396,90,2,243,,1,35.8658,33.99973,31.0842
1785380473,33.35546,73.10445,90,2,242,,1,35.79786,33.99973,31.05034
1785380474,33.28336,73.1548,90,2,242,,1,35.83173,33.83019,31.15194
1785380474,33.31273,73.09529,90,2,242,,1,35.69606,33.89813,31.11807
1785380475,33.28336,73.08919,90,2,242,,1,35.764,34.03379,31.15194
1785380476,33.35546,73.1487,90,2,242,,1,35.83173,33.89813,30.94874
1785380476,33.32608,73.24178,90,2,242,,1,35.764,33.89813,31.15194
1785380477,33.24063,73.20058,90,2,242,,1,35.83173,33.69453,31.05034
1785380478,33.25666,72.99763,90,2,242,,1,35.73013,33.83019,31.01647
1785380478,33.35546,73.17159,90,2,242,,1,35.69606,34.06766,31.05034
1785380479,33.31273,73.19447,90,2,241,,1,35.764,34.10153,30.94874
1785380480,33.29671,73.15785,90,2,242,,1,35.79786,34.03379,31.0842
1785380480,33.31273,73.12733,90,2,242,,1,35.69606,33.89813,31.0842
1785380481,33.27001,73.18532,90,2,242,,1,35.93353,33.932,31.05034
1785380482,33.28336,73.13191,90,2,242,,1,35.83173,33.83019,31.01647
1785380483,33.28336,73.30587,90,2,243,,1,35.8658,33.89813,31.11807
1785380483,33.28336,73.3608,90,2,242,,1,35.73013,33.89813,31.21967
1785380484,33.27001,73.21736,90,2,242,,1,35.79786,33.99973,31.15194
1785380485,33.31273,73.20515,90,2,242,,1,35.79786,33.89813,31.15194
1785380485,33.33944,73.1899,90,2,242,,1,35.89967,33.83019,30.94874
1785380486,33.33944,73.26467,90,2,242,,1,35.83173,33.932,31.0842
1785380487,33.29671,73.29977,90,2,242,,1,35.73013,33.89813,31.11807
1785380487,33.25666,73.22652,90,1,242,,1,35.79786,33.83019,31.21967
1785380488,33.36881,73.24025,90,2,242,,1,35.764,33.86406,31.1858
1785380489,33.24063,73.23109,90,2,242,,1,35.764,33.83019,31.0842
1785380489,33.27001,73.44625,90,2,242,,1,35.764,33.79633,31.05034
1785380490,33.36881,73.30434,90,2,241,,1,35.79786,33.89813,31.01647
1785380491,33.32608,73.26009,90,2,242,,1,35.79786,33.69453,31.11807
1785380491,33.31273,73.3135,90,2,241,,1,35.69606,33.86406,30.9826
1785380492,33.22728,73.24025,90,2,242,,1,35.73013,33.83019,31.32147
1785380493,33.22728,73.25093,90,1,242,,1,35.6622,33.76226,31.01647
1785380493,33.27001,73.20821,90,2,242,,1,35.83173,33.932,31.05034
1785380494,33.22728,73.22804,90,1,242,,1,35.8658,33.86406,31.11807
1785380495,33.24063,73.28603,90,1,242,,1,35.73013,33.69453,31.11807
1785380495,33.29671,73.40658,90,1,241,,1,35.8658,33.89813,31.05034
1785380496,33.27001,73.35928,90,1,242,,1,35.73013,33.76226,31.11807
1785380497,33.25666,73.3135,90,1,242,,1,35.8658,33.83019,31.11807
1785380497,33.31273,73.39132,90,1,241,,1,35.8658,33.86406,31.01647
1785380498,33.25666,73.26772,90,1,242,,1,35.83173,33.89813,31.0842
1785380499,33.27001,73.28146,90,1,242,,1,35.764,33.72839,30.91467
1785380499,33.20058,73.28756,90,1,242,,1,35.79786,33.99973,31.15194
1785380500,33.28336,73.37301,90,1,242,,1,35.93353,33.83019,30.9826
1785380501,33.28336,73.27383,90,1,241,,1,35.79786,33.86406,31.05034
1785380502,33.29671,73.29977,90,1,241,,1,35.73013,33.86406,30.94874
1785380502,33.21393,73.19447,90,1,243,,1,35.79786,33.932,31.11807
1785380503,33.25666,73.22652,90,1,242,,1,35.764,33.76226,31.11807
1785380504,33.25666,73.11665,90,1,242,,1,35.69606,34.06766,31.11807
1785380504,33.25666,73.15938,90,1,242,,1,35.764,33.96586,30.94874
1785380505,33.22728,73.29519,90,2,242,,1,35.79786,33.89813,31.01647
1785380506,33.24063,73.30892,90,2,242,,1,35.764,33.79633,30.94874
1785380506,33.25666,73.37759,90,1,241,,1,35.73013,33.89813,31.05034
1785380507,33.33944,73.41573,90,2,241,,1,35.83173,34.10153,31.05034
1785380508,33.27001,73.30434,90,2,242,,1,35.69606,33.86406,31.1858
1785380508,33.29671,73.31045,90,1,241,,1,35.764,33.79633,31.15194
1785380509,33.18456,73.32876,90,1,242,,1,35.764,33.99973,31.05034
1785380510,33.24063,73.43862,90,1,242,,1,35.73013,33.83019,30.94874
1785380510,33.24063,73.45998,90,2,242,,1,35.73013,33.932,31.1858
1785380511,33.27001,73.36996,90,2,242,,1,35.6622,33.76226,30.94874
1785380512,33.22728,73.28298,90,2,242,,1,35.73013,33.96586,31.11807
1785380512,33.21393,73.46609,90,2,243,,1,35.73013,33.83019,31.0842
1785380513,33.24063,73.41573,90,2,242,,1,35.79786,33.69453,31.11807
1785380514,33.31273,73.34707,90,2,242,,1,35.764,33.79633,30.91467
1785380514,33.21393,73.25857,90,2,242,,1,35.764,33.99973,31.11807
1785380515,33.24063,73.42794,90,1,242,,1,35.764,33.99973,31.11807
1785380516,33.18456,73.35165,90,1,242,,1,35.73013,33.89813,31.05034
1785380516,33.28336,73.50271,90,1,242,,1,35.8658,33.86406,31.01647
1785380517,33.20058,73.3959,90,1,241,,1,35.6622,33.76226,31.05034
1785380518,33.22728,73.59884,90,1,242,,1,35.73013,33.83019,31.0842
1785380518,33.22728,73.44625,90,2,242,,1,35.764,33.83019,31.0842
1785380519,33.15786,73.53933,90,2,241,,1,35.73013,33.79633,31.15194
1785380520,33.24063,73.38674,90,2,242,,1,35.83173,34.03379,30.9826
1785380521,33.20058,73.44167,90,1,242,,1,35.83173,33.86406,31.05034
1785380521,33.28336,73.5668,90,1,241,,1,35.73013,33.96586,30.94874
1785380522,33.21393,73.37911,90,1,242,,1,35.79786,33.83019,31.0842
1785380523,33.25666,73.32265,90,1,243,,1,35.73013,33.79633,31.1858
1785380523,33.24063,73.38674,90,1,242,,1,35.6622,33.932,30.9826
1785380524,33.18456,73.4371,90,1,242,,1,35.79786,33.89813,31.0842
1785380525,33.27001,73.40047,90,1,242,,1,35.764,33.79633,31.11807
1785380525,33.24063,73.48287,90,1,242,,1,35.764,33.83019,31.0842
1785380526,33.12848,73.52407,90,1,241,,1,35.83173,33.932,31.15194
1785380527,33.22728,73.402,90,1,242,,1,35.73013,33.86406,30.84694
1785380527,33.15786,73.36843,90,1,242,,1,35.69606,33.83019,31.0842
1785380528,33.21393,73.42031,90,1,241,,1,35.79786,33.89813,30.94874
1785380529,33.27001,73.47829,90,1,242,,1,35.764,33.89813,30.94874
1785380529,33.25666,73.50729,90,1,241,,1,35.79786,33.89813,31.05034
1785380530,33.21393,73.47524,90,1,241,,1,35.83173,33.86406,31.15194
1785380531,33.27001,73.67513,90,1,242,,1,35.79786,33.83019,31.11807
1785380531,33.24063,73.5256,90,1,242,,1,35.83173,33.932,31.05034
1785380532,33.32608,73.54696,90,1,242,,1,35.8658,33.932,31.0842
1785380533,33.25666,73.60647,90,2,242,,1,35.83173,33.76226,31.01647
1785380533,33.24063,73.62478,90,1,242,,1,35.764,33.79633,30.94874
1785380534,33.24063,73.60189,90,2,242,,1,35.73013,33.932,31.01647
1785380535,33.24063,73.51492,90,2,242,,1,35.83173,33.932,31.11807
1785380535,33.15786,73.53933,90,2,242,,1,35.764,33.99973,31.01647
1785380536,33.22728,73.49203,90,2,242,,1,35.79786,33.79633,31.01647
1785380537,33.15786,73.59426,90,2,242,,1,35.73013,33.79633,30.9826
1785380537,33.22728,73.45693,90,2,242,,1,35.764,33.83019,30.94874
1785380538,33.24063,73.40505,90,2,241,,1,35.8658,33.89813,31.11807
1785380539,33.11513,73.36538,90,2,242,,1,35.73013,33.79633,30.9826
1785380540,33.24063,73.58968,90,2,242,,1,35.79786,34.03379,31.01647
1785380540,33.18456,73.47982,90,2,242,,1,35.73013,33.96586,31.0842
1785380541,33.28336,73.47982,90,2,241,,1,35.764,33.79633,31.0842
1785380542,33.22728,73.52407,90,2,241,,1,35.62833,33.76226,31.01647
1785380542,33.21393,73.47524,90,2,243,,1,35.764,33.932,30.9826
1785380543,33.24063,73.45083,90,1,242,,1,35.83173,33.96586,31.0842
1785380544,33.21393,73.49813,90,2,242,,1,35.764,33.89813,31.0842
1785380544,33.17121,73.57595,90,2,242,,1,35.764,33.86406,30.9826
1785380545,33.25666,73.47524,90,2,242,,1,35.83173,33.932,31.15194
1785380546,33.25666,73.46456,90,2,242,,1,35.6622,33.86406,30.9826
1785380546,33.17121,73.51034,90,2,242,,1,35.89967,33.96586,31.05034
1785380547,33.25666,73.38827,90,2,242,,1,35.764,33.79633,31.15194
1785380548,33.22728,73.50118,90,2,242,,1,35.6622,33.79633,31.01647
1785380548,33.22728,73.42489,90,1,241,,1,35.764,33.86406,30.9826
1785380549,33.18456,73.51492,90,1,241,,1,35.6622,33.99973,31.21967
1785380550,33.17121,73.51034,90,1,241,,1,35.69606,33.86406,31.05034
1785380550,33.20058,73.46151,90,1,242,,1,35.79786,33.83019,31.01647
1785380551,33.15786,73.68124,90,1,241,,1,35.73013,33.79633,31.01647
1785380552,33.21393,73.64004,90,1,241,,1,35.69606,33.89813,31.05034
1785380552,33.20058,73.56069,90,1,243,,1,35.62833,33.86406,31.05034
1785380553,33.21393,73.49813,90,1,242,,1,35.69606,33.86406,31.01647
1785380554,33.15786,73.53933,90,1,242,,1,35.764,33.72839,31.05034
1785380554,33.15786,73.59426,90,1,242,,1,35.764,33.932,31.15194
1785380555,33.20058,73.47372,90,1,241,,1,35.73013,33.89813,31.0842
1785380556,33.20058,73.4844,90,2,242,,1,35.764,33.86406,31.11807
1785380556,33.11513,73.48745,90,2,242,,1,35.83173,33.86406,31.15194
1785380557,33.18456,73.5668,90,2,242,,1,35.73013,33.932,31.11807
1785380558,33.17121,73.54238,90,2,241,,1,35.764,33.86406,31.01647
1785380559,33.18456,73.58968,90,1,241,,1,35.83173,33.79633,31.05034
1785380559,33.25666,73.6263,90,2,241,,1,35.8658,33.83019,31.01647
1785380560,33.21393,73.67208,90,1,241,,1,35.83173,33.79633,31.25353
1785380561,33.15786,73.53933,90,1,242,,1,35.69606,33.932,31.15194
1785380561,33.15786,73.55154,90,1,242,,1,35.764,33.932,30.9826
1785380562,33.20058,73.58053,90,1,242,,1,35.764,33.932,30.8808
1785380563,33.21393,73.57442,90,2,242,,1,35.73013,33.99973,30.8808
1785380563,33.17121,73.56527,90,2,242,,1,35.79786,33.86406,31.15194
1785380564,33.27001,73.63088,90,1,242,,1,35.83173,33.83019,30.84694
1785380565,33.18456,73.5256,90,1,242,,1,35.73013,33.76226,31.05034
1785380565,33.27001,73.56527,90,1,241,,1,35.79786,33.932,31.11807
1785380566,33.20058,73.67056,90,1,241,,1,35.6622,33.76226,31.01647
1785380567,33.14183,73.64462,90,1,241,,1,35.764,33.79633,31.05034
1785380567,33.20058,73.6263,90,1,242,,1,35.83173,33.79633,31.05034
1785380568,33.15786,73.53933,90,1,242,,1,35.764,33.89813,30.94874
1785380569,33.28336,73.69955,90,2,241,,1,35.69606,33.79633,31.11807
1785380569,33.08575,73.67666,90,2,242,,1,35.69606,33.72839,30.94874
1785380570,33.11513,73.61715,90,1,242,,1,35.69606,33.76226,31.01647
1785380571,33.08575,73.73006,90,1,242,,1,35.73013,33.86406,31.15194
1785380571,33.18456,73.7087,90,2,241,,1,35.79786,33.89813,31.01647
1785380572,33.22728,73.7087,90,2,242,,1,35.764,33.83019,31.05034
1785380573,33.11513,73.70412,90,2,242,,1,35.764,33.86406,31.15194
1785380573,33.20058,73.69039,90,2,242,,1,35.8658,33.76226,31.25353
1785380574,33.27001,73.75906,90,1,242,,1,35.69606,34.03379,30.91467
1785380575,33.14183,73.61257,90,2,242,,1,35.79786,33.79633,31.05034
1785380575,33.18456,73.76364,90,1,242,,1,35.83173,33.79633,31.0842
1785380576,33.15786,73.81247,90,1,242,,1,35.79786,33.86406,31.0842
1785380577,33.18456,73.63393,90,1,242,,1,35.69606,33.96586,31.11807
1785380578,33.14183,73.7087,90,1,241,,1,35.79786,33.89813,30.9826
1785380578,33.12848,73.785,90,1,242,,1,35.73013,33.86406,31.05034
1785380579,33.15786,73.67056,90,1,241,,1,35.764,33.72839,31.11807
1785380580,33.02968,73.7728,90,1,241,,1,35.79786,33.99973,31.05034
1785380580,33.12848,73.73006,90,1,242,,1,35.73013,33.69453,31.11807
1785380581,33.12848,73.63088,90,1,242,,1,35.83173,33.86406,31.0842
1785380582,33.15786,73.76822,90,1,241,,1,35.79786,33.83019,30.94874
1785380582,33.21393,73.72549,90,1,243,,1,35.73013,34.03379,31.11807
1785380583,33.14183,73.6675,90,1,242,,1,35.79786,33.83019,30.9826
1785380584,33.11513,73.64004,90,1,242,,1,35.73013,33.83019,31.15194
1785380584,33.11513,73.76822,90,1,242,,1,35.73013,33.86406,31.05034
1785380585,33.12848,73.73922,90,1,242,,1,35.59426,33.66066,31.0842
1785380586,33.18456,73.75296,90,1,242,,1,35.764,33.83019,31.11807
1785380586,33.12848,73.785,90,1,241,,1,35.764,33.86406,31.0842
1785380587,33.14183,73.78653,90,1,242,,1,35.79786,33.83019,31.25353
1785380588,33.12848,73.66598,90,1,241,,1,35.8658,33.69453,31.01647
1785380588,33.18456,73.71786,90,1,241,,1,35.83173,33.79633,31.01647
1785380589,33.17121,73.8262,90,1,242,,1,35.8658,33.83019,31.0842
1785380590,33.0724,73.67513,90,1,242,,1,35.79786,33.76226,30.9826
1785380590,33.14183,73.77585,90,1,241,,1,35.73013,33.83019,30.9826
1785380591,33.12848,73.86893,90,1,241,,1,35.764,33.79633,31.05034
1785380592,33.05905,73.69039,90,1,241,,1,35.6622,33.86406,31.15194
1785380592,33.08575,73.83994,90,1,242,,1,35.79786,33.83019,31.1858
1785380593,33.02968,73.88113,90,1,242,,1,35.69606,33.86406,31.1858
1785380594,33.05905,73.88724,90,1,242,,1,35.73013,34.03379,31.01647
1785380594,33.14183,73.84146,90,1,242,,1,35.764,33.79633,30.94874
1785380595,33.11513,73.82315,90,1,241,,1,35.8658,33.86406,31.15194
1785380596,33.08575,73.82773,90,1,241,,1,35.79786,33.83019,31.01647
1785380597,33.18456,73.88266,90,1,242,,1,35.73013,33.79633,31.01647
1785380597,33.20058,73.78958,90,1,241,,1,35.69606,33.932,31.1858
1785380598,33.12848,73.81705,90,1,241,,1,35.73013,33.86406,31.11807
1785380599,33.18456,73.88266,90,2,241,,1,35.69606,33.76226,31.0842
1785380599,33.0724,73.80331,90,2,241,,1,35.83173,33.86406,31.1858
1785380600,33.12848,73.82773,90,1,242,,1,35.764,33.76226,31.1858
1785380601,33.18456,73.80789,90,1,242,,1,35.6622,33.83019,31.11807
1785380601,33.10178,73.80942,90,2,241,,1,35.83173,33.932,31.0842
1785380602,33.04303,73.77585,90,2,241,,1,35.69606,33.72839,30.9826
1785380603,33.05905,73.75754,90,2,242,,1,35.79786,33.55886,31.05034
1785380603,33.17121,73.87808,90,2,242,,1,35.62833,33.76226,31.11807
1785380604,33.21393,73.71328,90,2,242,,1,35.764,33.86406,31.0842
1785380605,33.15786,73.72549,90,1,242,,1,35.69606,33.89813,31.1858
1785380605,33.15786,73.72549,90,1,242,,1,35.764,33.69453,30.94874
1785380606,33.08575,73.65377,90,1,242,,1,35.73013,33.86406,31.0842
1785380607,33.12848,73.70718,90,1,241,,1,35.8658,33.932,31.05034
1785380607,33.10178,73.67056,90,1,242,,1,35.764,33.86406,31.05034
1785380608,33.10178,73.72243,90,1,242,,1,35.79786,33.83019,30.9826
1785380609,33.11513,73.78043,90,1,242,,1,35.79786,33.932,31.1858
1785380609,33.15786,73.78958,90,1,242,,1,35.764,33.96586,30.94874
1785380610,33.11513,73.73617,90,2,242,,1,35.6622,33.79633,31.21967
1785380611,33.14183,73.6675,90,1,241,,1,35.764,33.66066,31.0842
1785380611,33.18456,73.79568,90,1,242,,1,35.69606,33.79633,31.11807
1785380612,33.05905,73.71328,90,2,242,,1,35.73013,33.932,31.11807
1785380613,33.25666,73.73464,90,2,242,,1,35.69606,33.66066,31.0842
1785380613,33.04303,73.77585,90,2,242,,1,35.73013,33.83019,31.05034
1785380614,33.18456,73.76364,90,2,242,,1,35.73013,33.79633,31.1858
1785380615,33.18456,73.65377,90,2,242,,1,35.59426,33.72839,30.9826
1785380616,33.10178,73.67056,90,1,241,,1,35.764,33.83019,31.01647
1785380616,33.0724,73.71633,90,1,241,,1,35.73013,33.79633,31.11807
1785380617,33.08575,73.68581,90,1,241,,1,35.764,33.89813,31.0842
1785380618,33.11513,73.72549,90,1,242,,1,35.59426,33.79633,31.21967
1785380618,33.15786,73.75754,90,1,242,,1,35.79786,33.86406,31.05034
1785380619,33.11513,73.75906,90,1,241,,1,35.6622,33.83019,30.9826
1785380620,33.15786,73.82315,90,1,242,,1,35.79786,33.86406,31.01647
1785380620,33.12848,73.80484,90,1,241,,1,35.6622,33.79633,31.05034
1785380621,33.05905,73.74532,90,1,241,,1,35.69606,33.96586,31.05034
1785380622,33.10178,73.69955,90,1,241,,1,35.73013,33.83019,30.94874
1785380622,33.01633,73.76822,90,1,243,,1,35.73013,33.83019,31.01647
1785380623,33.10178,73.72243,90,1,242,,1,35.764,33.59273,31.01647
1785380624,33.08575,73.93759,90,1,242,,1,35.6622,33.86406,30.9826
1785380624,33.12848,73.84909,90,1,242,,1,35.69606,33.62679,30.9826
1785380625,33.04303,73.83078,90,1,241,,1,35.79786,33.69453,30.94874
1785380626,33.21393,73.89944,90,1,242,,1,35.764,33.79633,30.9826
1785380626,33.11513,73.88724,90,1,242,,1,35.69606,33.96586,31.01647
1785380627,33.05905,73.93149,90,1,241,,1,35.59426,33.89813,30.9826
1785380628,33.0724,73.8262,90,1,242,,1,35.6622,33.83019,31.1858
1785380628,33.0724,73.83688,90,1,242,,1,35.73013,33.83019,31.01647
1785380629,33.08575,73.93759,90,1,241,,1,35.764,33.96586,31.11807
1785380630,33.10178,73.91776,90,1,241,,1,35.79786,33.83019,31.25353
1785380630,33.08575,73.88266,90,1,241,,1,35.73013,33.72839,31.05034
1785380631,33.12848,73.80484,90,1,242,,1,35.73013,33.76226,30.9826
1785380632,33.10178,73.83231,90,1,241,,1,35.6622,33.83019,31.0842
1785380632,33.10178,73.88571,90,1,242,,1,35.764,33.83019,31.11807
1785380633,33.08575,73.9147,90,1,242,,1,35.73013,33.932,31.0842
1785380634,33.15786,73.75754,90,1,242,,1,35.79786,33.86406,31.05034
1785380635,33.0724,73.74837,90,1,242,,1,35.73013,33.83019,30.9826
1785380635,33.10178,73.72243,90,1,241,,1,35.69606,33.69453,31.15194
1785380636,33.11513,73.84604,90,1,241,,1,35.764,33.89813,31.0842
1785380637,33.0724,73.814,90,1,242,,1,35.6622,33.96586,30.94874
1785380637,33.0724,73.75906,90,1,241,,1,35.6622,33.76226,31.11807
1785380638,33.04303,73.79874,90,1,242,,1,35.59426,33.76226,30.91467
1785380639,33.02968,73.79416,90,1,241,,1,35.79786,33.76226,30.94874
1785380639,33.08575,73.87198,90,1,241,,1,35.764,33.83019,30.94874
1785380640,33.05905,73.82315,90,1,241,,1,35.73013,33.932,30.94874
1785380641,33.08575,73.81857,90,1,241,,1,35.764,33.72839,30.9826
1785380641,33.08575,73.9147,90,1,241,,1,35.764,33.76226,31.11807
1785380642,33.0724,73.8262,90,2,242,,1,35.73013,33.76226,31.0842
1785380643,33.08575,73.88266,90,1,242,,1,35.79786,33.932,31.15194
1785380643,33.0724,73.89029,90,1,242,,1,35.764,33.69453,31.11807
1785380644,33.14183,73.83078,90,2,242,,1,35.73013,33.83019,30.94874
1785380645,33.12848,73.83994,90,1,242,,1,35.69606,33.83019,31.15194
1785380645,33.05905,73.86435,90,1,241,,1,35.62833,33.79633,31.0842
1785380646,33.12848,73.88113,90,1,242,,1,35.6622,33.79633,31.01647
1785380647,33.00298,73.88571,90,1,242,,1,35.69606,33.99973,31.0842
1785380647,33.11513,73.88724,90,1,242,,1,35.764,33.932,31.0842
1785380648,33.0724,73.80331,90,1,242,,1,35.69606,33.86406,31.05034
1785380649,33.05905,73.95132,90,1,241,,1,35.83173,33.96586,31.01647
1785380649,33.11513,73.85519,90,1,241,,1,35.6622,33.83019,31.01647
1785380650,33.01633,73.83231,90,1,241,,1,35.79786,33.79633,31.01647
1785380651,33.02968,73.92386,90,2,241,,1,35.69606,33.932,31.05034
1785380651,33.10178,73.80942,90,2,242,,1,35.79786,33.83019,31.05034
1785380652,33.00298,73.91776,90,2,243,,1,35.73013,33.79633,31.25353
1785380653,33.14183,73.92691,90,2,242,,1,35.79786,33.86406,30.84694
1785380654,33.20058,73.88571,90,2,242,,1,35.764,33.79633,30.9826
1785380654,33.05905,73.86435,90,2,242,,1,35.764,33.86406,31.25353
1785380655,33.12848,73.89182,90,2,242,,1,35.83173,33.86406,31.01647
1785380656,33.05905,73.82315,90,2,241,,1,35.73013,33.89813,31.05034
1785380656,33.04303,73.9498,90,2,241,,1,35.73013,33.89813,30.91467
1785380657,33.04303,73.77585,90,2,242,,1,35.62833,33.86406,30.9826
1785380658,33.10178,73.94064,90,1,242,,1,35.69606,33.79633,31.15194
1785380658,33.12848,73.93607,90,2,241,,1,35.73013,33.79633,30.81307
1785380659,32.9736,73.91013,90,2,242,,1,35.764,33.79633,30.94874
1785380660,33.01633,73.8674,90,2,242,,1,35.62833,33.96586,31.0842
1785380660,33.0724,73.94522,90,2,241,,1,35.69606,33.932,31.05034
1785380661,33.10178,73.95132,90,2,242,,1,35.69606,33.72839,31.01647
1785380662,33.01633,73.91013,90,2,242,,1,35.73013,33.72839,31.05034
1785380662,33.04303,73.80789,90,2,242,,1,35.764,33.79633,31.05034
1785380663,33.04303,73.93759,90,2,242,,1,35.764,33.83019,31.0842
1785380664,33.05905,73.78958,90,2,242,,1,35.73013,33.932,31.01647
1785380664,33.04303,73.92691,90,2,242,,1,35.6622,33.89813,30.9826
1785380665,32.98695,73.70718,90,1,242,,1,35.73013,33.86406,31.11807
1785380666,33.10178,73.97269,90,1,241,,1,35.764,33.86406,30.94874
1785380666,33.04303,74.03677,90,1,242,,1,35.73013,33.932,31.21967
1785380667,33.02968,74.06577,90,2,242,,1,35.69606,33.72839,31.11807
1785380668,32.96025,73.89639,90,2,241,,1,35.73013,33.86406,30.91467
1785380668,33.14183,74.03677,90,2,242,,1,35.79786,33.72839,31.0842
1785380669,33.08575,73.89182,90,2,242,,1,35.79786,33.79633,31.01647
1785380670,33.05905,73.82315,90,2,242,,1,35.73013,33.72839,31.11807
1785380670,33.01633,73.92233,90,2,241,,1,35.62833,33.96586,31.05034
1785380671,33.05905,73.88724,90,1,241,,1,35.764,33.89813,31.05034
1785380672,33.11513,73.89944,90,1,242,,1,35.69606,33.83019,31.0842
1785380673,33.10178,73.9086,90,1,243,,1,35.764,33.99973,30.91467
1785380673,33.01633,73.98642,90,2,242,,1,35.764,33.83019,30.9826
1785380674,33.04303,73.91776,90,2,242,,1,35.73013,33.932,30.94874
1785380675,33.02968,74.00015,90,2,242,,1,35.79786,33.83019,31.0842
1785380675,33.0724,73.814,90,2,241,,1,35.62833,33.76226,31.01647
1785380676,33.05905,73.85367,90,2,241,,1,35.79786,33.66066,31.01647
1785380677,33.11513,73.91013,90,2,241,,1,35.6622,33.83019,31.01647
1785380677,33.0724,73.92233,90,1,241,,1,35.62833,34.06766,31.15194
1785380678,33.00298,73.89639,90,1,242,,1,35.79786,33.86406,31.25353
1785380679,33.05905,73.99557,90,1,241,,1,35.764,33.79633,31.0842
1785380679,33.05905,73.96353,90,1,241,,1,35.62833,33.932,30.91467
1785380680,33.10178,73.96353,90,1,241,,1,35.69606,34.06766,30.8808
1785380681,33.01633,73.92233,90,1,241,,1,35.79786,33.72839,31.15194
1785380681,33.0724,73.89029,90,1,241,,1,35.73013,33.83019,30.8808
1785380682,32.98695,73.92691,90,1,242,,1,35.62833,33.89813,31.0842
1785380683,33.00298,73.8735,90,1,242,,1,35.6622,33.69453,31.01647
1785380683,33.01633,73.94217,90,1,242,,1,35.73013,33.83019,31.05034
1785380684,33.00298,73.9086,90,1,242,,1,35.764,33.83019,30.94874
1785380685,33.11513,74.01846,90,2,242,,1,35.6622,33.89813,31.11807
1785380685,33.01633,74.02914,90,2,242,,1,35.69606,33.86406,31.01647
1785380686,33.01633,74.05051,90,2,241,,1,35.764,33.76226,31.11807
1785380687,32.9736,73.97421,90,2,241,,1,35.73013,33.79633,31.11807
1785380687,33.05905,73.94217,90,2,242,,1,35.69606,33.96586,30.8808
1785380688,33.02968,73.94675,90,2,241,,1,35.764,33.79633,31.0842
1785380689,33.0724,73.92233,90,1,242,,1,35.69606,33.83019,31.05034
1785380689,33.0724,74.05203,90,1,241,,1,35.69606,33.79633,31.1858
1785380690,33.11513,73.9971,90,1,241,,1,35.764,33.83019,31.0842
1785380691,32.98695,73.93607,90,2,242,,1,35.69606,33.86406,31.0842
1785380691,33.00298,73.9086,90,2,241,,1,35.73013,33.69453,31.11807
1785380692,32.92821,73.9559,90,2,243,,1,35.764,33.86406,30.94874
1785380693,33.02968,73.92386,90,1,242,,1,35.6622,33.83019,30.94874
1785380694,33.02968,73.91318,90,1,242,,1,35.73013,33.76226,30.94874
1785380694,33.0724,73.85825,90,1,242,,1,35.62833,33.83019,31.21967
1785380695,32.96025,73.94217,90,1,242,,1,35.79786,33.86406,30.94874
1785380696,33.15786,74.06119,90,1,241,,1,35.764,33.66066,30.8808
1785380696,33.01633,74.02914,90,1,241,,1,35.764,33.79633,31.01647
1785380697,33.02968,74.07492,90,1,241,,1,35.73013,33.76226,30.94874
1785380698,32.98695,73.95895,90,1,242,,1,35.8658,33.76226,31.05034
1785380698,33.0724,74.01999,90,1,242,,1,35.6622,33.83019,30.9826
1785380699,32.96025,73.97269,90,1,242,,1,35.69606,33.72839,31.11807
1785380700,32.96025,73.99557,90,1,241,,1,35.6622,33.83019,31.15194
1785380700,32.91486,73.92233,90,1,241,,1,35.62833,33.59273,31.05034
1785380701,33.01633,73.98642,90,1,241,,1,35.69606,33.86406,30.94874
1785380702,33.05905,73.98642,90,2,241,,1,35.73013,33.79633,30.9826
1785380702,33.01633,73.96506,90,1,243,,1,35.69606,33.69453,31.0842
1785380703,33.01633,73.93149,90,1,242,,1,35.764,33.79633,31.01647
1785380704,33.01633,74.06119,90,1,242,,1,35.69606,33.932,31.15194
1785380704,32.9736,74.04135,90,1,242,,1,35.62833,33.66066,31.15194
1785380705,32.9015,73.80789,90,1,242,,1,35.69606,33.83019,31.11807
1785380706,33.05905,74.18936,90,1,241,,1,35.69606,33.86406,30.9826
1785380706,33.00298,74.12527,90,1,241,,1,35.73013,33.72839,31.01647
1785380707,32.92821,74.0322,90,1,241,,1,35.73013,33.76226,31.21967
1785380708,32.96025,74.14664,90,1,241,,1,35.69606,33.79633,31.0842
1785380708,33.05905,74.11612,90,1,241,,1,35.73013,33.86406,31.01647
1785380709,33.00298,74.11459,90,1,241,,1,35.764,33.69453,30.9826
1785380710,32.9736,74.07492,90,1,241,,1,35.6622,33.86406,31.05034
1785380710,32.88548,74.06577,90,1,241,,1,35.73013,33.89813,31.05034
1785380711,32.98695,74.11002,90,2,241,,1,35.764,33.932,31.01647
1785380712,33.05905,74.02762,90,2,242,,1,35.6622,33.932,30.81307
1785380713,33.14183,74.14664,90,2,242,,1,35.79786,33.83019,30.9826
1785380713,32.98695,74.1207,90,2,242,,1,35.69606,33.66066,30.81307
1785380714,33.04303,74.06882,90,2,242,,1,35.69606,33.83019,30.9826
1785380715,33.01633,73.99557,90,2,242,,1,35.73013,33.72839,31.05034
1785380715,33.02968,74.01999,90,1,242,,1,35.73013,33.86406,31.01647
1785380716,33.05905,74.10544,90,1,241,,1,35.73013,33.72839,31.11807
1785380717,33.01633,74.12833,90,2,241,,1,35.73013,33.76226,31.11807
1785380717,33.04303,74.29771,90,2,241,,1,35.764,33.59273,30.91467
1785380718,32.9736,74.14816,90,1,242,,1,35.62833,33.79633,30.9826
1785380719,33.01633,74.11612,90,1,241,,1,35.6622,33.83019,31.01647
1785380719,33.01633,73.99557,90,1,241,,1,35.764,33.96586,31.05034
1785380720,32.96025,74.06119,90,1,241,,1,35.83173,33.96586,30.9826
1785380721,33.0724,74.11917,90,1,242,,1,35.83173,33.79633,31.1858
1785380721,33.00298,74.17868,90,1,241,,1,35.764,33.69453,31.15194
1785380722,32.98695,74.20767,90,1,242,,1,35.6622,33.83019,31.01647
1785380723,32.9736,74.10696,90,1,242,,1,35.69606,33.96586,31.05034
1785380724,32.98695,74.09781,90,1,242,,1,35.73013,33.86406,31.01647
1785380724,33.02968,73.98795,90,1,242,,1,35.73013,33.83019,31.01647
1785380725,32.96025,73.99557,90,1,242,,1,35.5604,33.86406,30.94874
1785380725,33.0724,73.97726,90,1,242,,1,35.6622,33.72839,30.9826
1785380726,33.0724,74.0322,90,1,242,,1,35.73013,33.83019,31.05034
1785380727,32.98695,73.93607,90,1,242,,1,35.6622,33.76226,31.1858
1785380727,32.96025,74.09323,90,2,241,,1,35.73013,33.86406,31.01647
1785380728,33.02968,74.09781,90,1,242,,1,35.69606,33.86406,31.01647
1785380729,33.01633,74.05051,90,1,241,,1,35.69606,33.83019,31.01647
1785380729,32.98695,73.97879,90,1,241,,1,35.79786,33.76226,31.05034
1785380730,33.01633,73.96506,90,1,241,,1,35.6622,33.86406,31.05034
1785380731,33.01633,74.09628,90,1,241,,1,35.6622,33.83019,31.0842
1785380732,33.11513,73.97726,90,1,242,,1,35.6622,33.79633,31.01647
1785380732,32.92821,73.814,90,1,242,,1,35.83173,33.76226,31.0842
1785380733,33.04303,73.991,90,1,242,,1,35.73013,33.83019,31.05034
1785380734,33.05905,73.94217,90,2,242,,1,35.69606,33.89813,31.01647
1785380734,32.98695,73.97879,90,2,242,,1,35.79786,33.89813,30.94874
1785380735,33.08575,73.9147,90,1,242,,1,35.62833,33.79633,30.9826
1785380736,33.08575,74.00015,90,1,242,,1,35.6622,33.83019,30.9826
1785380736,33.01633,73.98642,90,1,241,,1,35.73013,33.69453,31.01647
1785380737,33.00298,73.95132,90,1,241,,1,35.59426,33.72839,30.9826
1785380738,32.96025,73.89639,90,1,241,,1,35.69606,33.79633,30.91467
1785380738,32.98695,73.991,90,2,241,,1,35.73013,33.932,31.11807
1785380739,33.00298,74.01541,90,2,241,,1,35.764,33.89813,31.0842
1785380740,33.00298,73.91776,90,2,241,,1,35.73013,33.76226,31.01647
1785380740,32.92821,73.94522,90,2,242,,1,35.764,33.79633,30.91467
1785380741,33.02968,74.05508,90,2,241,,1,35.6622,33.932,30.94874
1785380742,32.9736,73.98642,90,2,241,,1,35.79786,33.83019,31.05034
1785380742,32.9015,74.04745,90,2,243,,1,35.764,33.83019,31.1858
1785380743,32.96025,74.02762,90,2,242,,1,35.69606,33.83019,31.0842
1785380744,32.98695,73.991,90,2,242,,1,35.764,33.83019,31.01647
1785380744,32.9015,74.11459,90,2,242,,1,35.69606,33.86406,30.94874
1785380745,32.96025,74.02762,90,2,242,,1,35.764,33.76226,30.91467
1785380746,33.00298,74.05966,90,2,241,,1,35.8658,33.83019,31.05034
1785380746,32.9736,74.19394,90,1,241,,1,35.69606,33.83019,31.15194
1785380747,32.98695,74.04593,90,1,242,,1,35.73013,33.96586,30.81307
1785380748,32.88548,74.09781,90,2,242,,1,35.69606,33.96586,31.21967
1785380748,33.05905,74.10544,90,1,242,,1,35.62833,33.79633,31.01647
1785380749,33.01633,74.12833,90,1,241,,1,35.69606,33.76226,31.01647
1785380750,33.00298,74.22141,90,1,241,,1,35.6622,33.96586,31.15194
1785380751,33.01633,74.09628,90,2,241,,1,35.6622,33.89813,30.9826
1785380751,32.92821,74.09781,90,2,241,,1,35.73013,33.89813,30.9826
1785380752,33.01633,74.09628,90,1,241,,1,35.73013,33.932,31.11807
1785380753,33.00298,74.11459,90,2,242,,1,35.62833,33.52499,31.01647
1785380753,32.98695,74.05508,90,1,242,,1,35.764,33.89813,30.91467
1785380754,32.9736,74.02914,90,2,242,,1,35.6622,33.86406,31.05034
1785380755,32.9736,74.07492,90,1,242,,1,35.69606,33.72839,31.15194
1785380755,32.96025,74.0383,90,1,241,,1,35.73013,33.89813,31.15194
1785380756,32.98695,74.15274,90,1,242,,1,35.69606,33.96586,31.11807
1785380757,32.9469,74.02457,90,1,242,,1,35.79786,33.89813,31.11807
1785380757,32.9736,74.06424,90,1,241,,1,35.69606,33.79633,31.0842
1785380758,32.92821,74.09781,90,1,241,,1,35.6622,33.69453,31.05034
1785380759,32.9736,74.13901,90,2,242,,1,35.6622,33.932,31.05034
1785380759,32.96025,74.18021,90,2,241,,1,35.69606,33.89813,30.94874
1785380760,32.91486,74.13748,90,2,241,,1,35.73013,33.76226,31.15194
1785380761,32.9015,74.13443,90,1,241,,1,35.69606,33.76226,31.01647
1785380761,33.01633,74.16953,90,1,241,,1,35.6622,33.86406,31.01647
1785380762,33.04303,74.13443,90,1,242,,1,35.69606,33.86406,31.01647
1785380763,33.01633,74.04135,90,1,242,,1,35.59426,33.83019,31.21967
1785380763,32.92821,74.00931,90,1,242,,1,35.6622,33.89813,30.8808
1785380764,32.96025,74.10544,90,1,242,,1,35.62833,33.66066,31.21967
1785380765,33.08575,74.03372,90,1,242,,1,35.6622,33.83019,31.01647
1785380765,32.9015,73.98184,90,1,241,,1,35.69606,33.86406,31.05034
1785380766,33.11513,74.10696,90,1,241,,1,35.69606,33.66066,30.9826
1785380767,32.9736,74.06424,90,1,242,,1,35.62833,33.89813,30.94874
1785380767,33.0724,73.9971,90,1,241,,1,35.764,33.932,30.91467
1785380768,32.98695,74.05508,90,1,242,,1,35.73013,33.83019,31.05034
1785380769,32.92821,74.11002,90,1,242,,1,35.69606,33.76226,30.9826
1785380770,32.98695,74.02304,90,2,241,,1,35.73013,33.69453,30.91467
1785380770,32.98695,74.11002,90,2,241,,1,35.69606,33.83019,30.84694
1785380771,32.9469,74.10086,90,2,242,,1,35.73013,33.86406,30.9826
1785380772,32.98695,74.02304,90,2,241,,1,35.6622,33.76226,30.91467
1785380772,32.9015,74.01541,90,2,242,,1,35.73013,33.86406,31.15194
1785380773,32.91486,73.93149,90,1,242,,1,35.59426,33.69453,30.94874
1785380774,32.85878,74.21225,90,1,242,,1,35.62833,33.932,30.94874
1785380774,33.02968,74.1207,90,2,242,,1,35.69606,33.79633,31.05034
1785380775,33.02968,74.0322,90,2,242,,1,35.6622,34.06766,30.9826
1785380776,32.9736,73.9971,90,1,241,,1,35.69606,33.79633,30.9826
1785380776,32.98695,74.1329,90,1,241,,1,35.59426,33.69453,30.9826
1785380777,32.98695,74.04593,90,1,242,,1,35.6622,33.932,31.1858
1785380778,32.91486,74.0383,90,1,241,,1,35.6622,33.89813,31.15194
1785380778,32.96025,74.00626,90,1,241,,1,35.73013,34.03379,31.05034
1785380779,32.96025,74.18936,90,2,241,,1,35.73013,33.76226,31.0842
1785380780,33.0724,74.10696,90,2,241,,1,35.79786,33.79633,31.15194
1785380780,32.91486,74.00626,90,2,241,,1,35.6622,33.72839,30.91467
1785380781,32.9736,74.14816,90,2,242,,1,35.73013,33.79633,30.9826
1785380782,33.00298,74.05966,90,2,242,,1,35.59426,33.89813,31.11807
1785380782,33.0724,74.08713,90,2,242,,1,35.73013,33.69453,30.94874
1785380783,32.98695,73.991,90,2,242,,1,35.6622,33.83019,31.11807
1785380784,33.01633,73.99557,90,2,242,,1,35.69606,33.89813,30.9826
1785380784,32.96025,73.98337,90,2,242,,1,35.69606,33.89813,30.94874
1785380785,33.00298,74.00473,90,2,242,,1,35.764,33.66066,31.1858
1785380786,32.9736,74.06424,90,2,241,,1,35.6622,33.79633,30.84694
1785380786,32.96025,74.12527,90,2,241,,1,35.62833,33.932,31.15194
1785380787,32.92821,74.1619,90,1,241,,1,35.73013,33.83019,30.94874
1785380788,33.00298,74.08255,90,1,242,,1,35.73013,33.96586,30.94874
1785380789,33.02968,74.20615,90,1,241,,1,35.69606,33.86406,31.11807
1785380789,32.9469,74.09171,90,2,241,,1,35.69606,33.66066,31.05034
1785380790,32.96025,74.10544,90,2,241,,1,35.69606,33.72839,30.94874
1785380791,32.91486,73.96353,90,2,241,,1,35.764,33.932,30.9826
1785380791,33.01633,74.02914,90,2,241,,1,35.764,33.932,31.1858
1785380792,32.88548,74.06577,90,2,242,,1,35.5604,33.83019,30.94874
1785380793,32.88548,74.01083,90,2,242,,1,35.73013,33.86406,31.05034
1785380793,32.91486,73.96353,90,2,242,,1,35.62833,33.86406,31.0842
1785380794,33.02968,73.93607,90,2,242,,1,35.59426,33.62679,30.9826
1785380795,32.98695,73.94675,90,2,242,,1,35.62833,33.89813,30.9826
1785380795,32.9736,74.11917,90,2,241,,1,35.62833,33.86406,31.11807
1785380796,33.04303,74.14359,90,2,241,,1,35.59426,33.69453,30.9826
1785380797,32.96025,74.00626,90,2,241,,1,35.83173,33.86406,31.0842
1785380797,32.9736,74.10696,90,2,241,,1,35.69606,33.76226,31.01647
1785380798,32.96025,74.18936,90,2,241,,1,35.6622,33.83019,30.9826
1785380799,32.88548,74.18478,90,2,241,,1,35.69606,33.69453,30.9826
1785380799,32.92821,74.30228,90,2,241,,1,35.62833,33.76226,31.11807
1785380800,32.9736,74.24887,90,2,241,,1,35.69606,33.76226,31.05034
1785380801,32.98695,74.25193,90,2,242,,1,35.79786,33.76226,31.0842
1785380801,33.00298,74.24429,90,2,241,,1,35.69606,33.79633,30.94874
1785380802,32.9736,74.13901,90,1,242,,1,35.764,33.79633,30.94874
1785380803,33.01633,74.07339,90,1,242,,1,35.69606,33.79633,31.0842
1785380803,32.9736,74.04135,90,2,242,,1,35.73013,33.89813,30.94874
1785380804,32.98695,74.08865,90,2,242,,1,35.59426,33.86406,30.9826
1785380805,32.96025,74.12527,90,2,242,,1,35.62833,33.86406,31.11807
1785380805,32.9736,74.17105,90,2,241,,1,35.6622,33.86406,31.11807
1785380806,32.96025,74.11612,90,2,241,,1,35.69606,33.76226,30.9826
1785380807,33.01633,74.11612,90,2,241,,1,35.73013,33.79633,31.0842
1785380808,32.92821,74.1619,90,2,241,,1,35.62833,33.83019,31.11807
1785380808,32.9736,74.11917,90,2,241,,1,35.69606,33.932,30.94874
1785380809,33.01633,73.88724,90,2,242,,1,35.73013,33.96586,31.05034
1785380810,33.04303,73.97269,90,2,241,,1,35.6622,33.79633,30.9826
1785380810,32.98695,74.19699,90,2,242,,1,35.59426,33.932,30.9826
1785380811,33.02968,74.07492,90,2,241,,1,35.59426,33.62679,31.01647
1785380812,33.05905,74.13748,90,2,241,,1,35.764,33.86406,31.1858
1785380812,32.98695,74.1329,90,2,242,,1,35.73013,33.83019,31.01647
1785380813,33.01633,74.01846,90,2,242,,1,35.69606,33.89813,30.9826
1785380814,32.9469,74.01389,90,2,242,,1,35.73013,33.76226,31.11807
1785380814,32.92821,74.04288,90,2,242,,1,35.79786,33.79633,30.9826
1785380815,33.01633,74.11612,90,2,242,,1,35.6622,33.86406,30.91467
1785380816,32.92821,74.1619,90,2,242,,1,35.59426,33.83019,30.81307
1785380816,32.9736,74.06424,90,2,242,,1,35.6622,33.76226,31.01647
1785380817,32.9736,74.01999,90,2,241,,1,35.6622,33.86406,31.0842
1785380818,32.9736,73.98642,90,2,241,,1,35.73013,33.89813,30.94874
1785380818,33.01633,74.14816,90,2,242,,1,35.73013,33.72839,30.91467
1785380819,33.00298,74.05966,90,2,242,,1,35.73013,33.72839,31.05034
1785380820,32.9015,74.21072,90,2,241,,1,35.62833,33.89813,30.9826
1785380820,32.84542,74.01389,90,2,241,,1,35.73013,33.76226,30.9826
1785380821,32.9736,74.04135,90,2,241,,1,35.69606,33.99973,30.8808
1785380822,32.9015,74.07034,90,2,241,,1,35.69606,33.86406,30.8808
1785380822,32.98695,74.23972,90,2,242,,1,35.69606,33.69453,30.91467
1785380823,32.9469,74.21072,90,2,242,,1,35.52633,33.62679,30.94874
1785380824,33.04303,74.17563,90,2,242,,1,35.6622,33.86406,30.91467
1785380824,32.98695,74.02304,90,2,242,,1,35.5604,33.89813,30.9826
1785380825,32.96025,73.93149,90,2,241,,1,35.764,33.76226,31.05034
1785380826,32.88548,74.20767,90,2,242,,1,35.69606,33.76226,30.91467
1785380827,32.9015,74.16647,90,2,242,,1,35.69606,33.89813,30.91467
1785380827,32.85878,73.91928,90,2,242,,1,35.6622,33.79633,30.94874
1785380828,32.91486,74.13748,90,2,241,,1,35.59426,33.76226,30.8808
1785380829,32.92821,74.08713,90,2,242,,1,35.69606,33.79633,30.9826
1785380829,32.91486,74.07339,90,2,241,,1,35.73013,33.76226,30.91467
1785380830,32.85878,74.15732,90,2,242,,1,35.69606,33.83019,31.01647
1785380831,32.91486,74.14816,90,2,241,,1,35.73013,33.83019,31.0842
1785380831,32.8294,74.05203,90,1,242,,1,35.764,33.932,30.8808
1785380832,32.9736,74.14816,90,1,241,,1,35.62833,33.72839,31.05034
1785380833,32.87213,74.14816,90,2,242,,1,35.59426,33.76226,31.11807
1785380833,32.9015,74.13443,90,1,242,,1,35.6622,33.83019,30.9826
1785380834,32.87213,74.12833,90,2,242,,1,35.59426,33.79633,31.15194
1785380835,32.9015,74.0795,90,2,242,,1,35.6622,33.86406,31.11807
1785380835,32.98695,74.29465,90,2,241,,1,35.764,33.83019,30.8808
1785380836,32.8294,74.1619,90,2,241,,1,35.69606,33.83019,31.01647
1785380837,32.8294,74.17105,90,2,242,,1,35.69606,33.79633,31.01647
1785380837,32.96025,74.18936,90,2,241,,1,35.5604,33.72839,31.05034
1785380838,32.92821,74.19394,90,2,241,,1,35.59426,33.69453,31.01647
1785380839,33.05905,74.22446,90,2,241,,1,35.73013,33.76226,31.0842
1785380839,32.92821,74.18326,90,2,241,,1,35.764,33.96586,30.84694
1785380840,32.85878,74.13443,90,2,241,,1,35.764,33.79633,31.0842
1785380841,32.91486,74.23514,90,2,241,,1,35.69606,33.79633,30.91467
1785380841,32.92821,74.27177,90,2,241,,1,35.6622,33.76226,30.94874
1785380842,32.88548,74.23972,90,2,242,,1,35.69606,33.76226,31.11807
1785380843,32.92821,74.22903,90,2,242,,1,35.59426,33.79633,31.01647
1785380843,32.91486,74.2794,90,1,242,,1,35.73013,33.69453,30.91467
1785380844,32.87213,74.2153,90,2,242,,1,35.73013,33.76226,30.9826
1785380845,32.96025,74.38621,90,2,242,,1,35.62833,33.69453,31.01647
1785380846,32.9015,74.31754,90,1,242,,1,35.6622,33.69453,31.0842
1785380846,32.9469,74.2855,90,1,241,,1,35.764,33.86406,30.9826
1785380847,32.98695,74.21683,90,1,242,,1,35.69606,33.83019,31.0842
1785380848,33.01633,74.30228,90,1,241,,1,35.62833,33.932,30.91467
1785380848,32.96025,74.32059,90,1,241,,1,35.83173,33.69453,31.0842
1785380849,32.92821,74.28397,90,1,241,,1,35.73013,33.79633,31.01647
1785380850,32.9015,74.31754,90,1,242,,1,35.73013,33.932,31.1858
1785380850,32.92821,74.39994,90,1,242,,1,35.69606,33.76226,31.11807
1785380851,32.9469,74.31754,90,1,241,,1,35.69606,33.932,31.05034
1785380852,32.9469,74.27482,90,1,241,,1,35.6622,33.79633,31.11807
1785380852,32.9015,74.38468,90,1,243,,1,35.6622,33.86406,31.15194
1785380853,32.9469,74.29771,90,1,242,,1,35.73013,33.96586,31.01647
1785380854,32.87213,74.35722,90,2,242,,1,35.73013,33.76226,31.01647
1785380854,32.9469,74.25346,90,2,242,,1,35.79786,33.89813,31.0842
1785380855,32.96025,74.33128,90,1,242,,1,35.73013,33.69453,30.9826
1785380856,32.96025,74.26719,90,2,241,,1,35.62833,33.76226,30.91467
1785380856,32.96025,74.23361,90,2,241,,1,35.6622,33.83019,30.94874
1785380857,32.9736,74.35722,90,1,242,,1,35.73013,33.932,31.01647
1785380858,32.98695,74.23972,90,1,241,,1,35.62833,33.96586,31.01647
1785380858,32.91486,74.31144,90,1,241,,1,35.73013,33.79633,30.91467
1785380859,32.9015,74.26566,90,1,242,,1,35.73013,33.72839,31.15194
1785380860,32.9469,74.36179,90,1,242,,1,35.6622,33.72839,31.05034
1785380860,32.87213,74.35722,90,1,241,,1,35.69606,33.66066,31.21967
1785380861,33.01633,74.4091,90,1,241,,1,35.62833,33.79633,31.1858
1785380862,32.92821,74.28397,90,1,241,,1,35.69606,33.72839,31.0842
1785380863,32.9469,74.21072,90,1,243,,1,35.764,33.76226,31.0842
1785380863,32.9015,74.21072,90,1,242,,1,35.764,33.99973,31.01647
1785380864,32.87213,74.22598,90,1,242,,1,35.6622,33.76226,30.94874
1785380865,32.8294,74.24887,90,1,242,,1,35.6622,33.86406,31.11807
1785380865,32.92821,74.29313,90,1,241,,1,35.69606,33.83019,31.11807
1785380866,32.92821,74.26109,90,1,242,,1,35.69606,33.76226,31.15194
1785380867,32.98695,74.30686,90,2,242,,1,35.69606,33.83019,30.9826
1785380867,32.88548,74.26261,90,2,241,,1,35.73013,33.83019,30.91467
1785380868,32.84542,74.33891,90,2,241,,1,35.73013,33.89813,31.0842
1785380869,32.92821,74.29313,90,2,241,,1,35.79786,33.79633,31.01647
1785380869,32.85878,74.34043,90,2,242,,1,35.5604,33.72839,30.9826
1785380870,32.9469,74.24277,90,2,242,,1,35.73013,33.79633,31.01647
1785380871,32.9736,74.34501,90,2,241,,1,35.69606,33.96586,31.0842
1785380871,32.9736,74.37705,90,2,241,,1,35.6622,33.86406,30.9826
1785380872,32.92821,74.29313,90,2,241,,1,35.62833,33.79633,30.91467
1785380873,32.84542,74.38163,90,2,242,,1,35.62833,33.76226,31.01647
1785380873,32.98695,74.30686,90,2,242,,1,35.6622,33.932,31.01647
1785380874,32.9015,74.35264,90,2,242,,1,35.764,33.86406,31.01647
1785380875,32.9015,74.22141,90,2,242,,1,35.69606,33.79633,31.11807
1785380875,32.88548,74.26261,90,2,241,,1,35.764,33.79633,31.01647
1785380876,32.84542,74.33891,90,2,242,,1,35.69606,33.79633,30.8808
1785380877,32.91486,74.36637,90,2,242,,1,35.69606,33.79633,30.81307
1785380877,32.84542,74.26261,90,2,241,,1,35.764,33.83019,30.9826
1785380878,32.92821,74.29313,90,2,241,,1,35.6622,33.69453,31.0842
1785380879,32.9015,74.36179,90,1,241,,1,35.764,33.89813,31.05034
1785380879,32.92821,74.30228,90,2,241,,1,35.6622,33.83019,31.05034
1785380880,32.9736,74.32212,90,2,242,,1,35.59426,33.89813,31.05034
1785380881,32.88548,74.35874,90,1,242,,1,35.73013,33.62679,31.05034
1785380881,32.88548,74.44572,90,1,242,,1,35.73013,33.76226,30.94874
1785380882,32.96025,74.32059,90,2,243,,1,35.6622,33.99973,30.8808
1785380883,32.87213,74.16037,90,2,242,,1,35.62833,33.79633,31.11807
1785380884,32.9469,74.34959,90,2,242,,1,35.5604,33.72839,31.11807
1785380884,32.91486,74.33128,90,2,242,,1,35.59426,33.83019,30.9826
1785380885,32.9736,74.16037,90,1,242,,1,35.69606,33.83019,31.01647
1785380886,32.92821,74.45487,90,2,242,,1,35.69606,33.79633,30.91467
1785380886,32.88548,74.18478,90,2,241,,1,35.62833,33.86406,31.01647
1785380887,32.92821,74.20615,90,2,241,,1,35.6622,33.76226,31.0842
1785380888,32.85878,74.25651,90,2,242,,1,35.69606,33.76226,31.05034
1785380888,32.92821,74.27177,90,2,242,,1,35.69606,33.83019,30.94874
1785380889,32.91486,74.13748,90,2,241,,1,35.6622,33.86406,30.94874
1785380890,32.96025,74.26719,90,1,241,,1,35.69606,33.932,31.05034
1785380890,32.9015,74.17868,90,2,241,,1,35.73013,33.76226,31.01647
1785380891,32.98695,74.1741,90,1,241,,1,35.6622,33.79633,31.01647
1785380892,32.92821,74.27177,90,1,241,,1,35.62833,33.76226,30.9826
1785380892,32.9469,74.30686,90,2,242,,1,35.69606,33.83019,31.05034
1785380893,32.8294,74.21683,90,1,242,,1,35.73013,33.86406,31.05034
1785380894,32.9015,74.19852,90,2,242,,1,35.73013,33.932,30.91467
1785380894,32.88548,74.30381,90,2,242,,1,35.6622,33.83019,30.91467
1785380895,32.96025,74.28855,90,2,242,,1,35.62833,33.79633,31.01647
1785380896,32.9015,74.31754,90,2,242,,1,35.59426,33.89813,31.05034
1785380896,32.9015,74.23361,90,2,241,,1,35.69606,33.83019,30.91467
1785380897,32.92821,74.27177,90,2,242,,1,35.62833,33.72839,30.9826
1785380898,32.91486,74.26719,90,2,241,,1,35.62833,33.89813,30.8808
1785380898,32.9469,74.27482,90,2,241,,1,35.62833,33.69453,31.01647
1785380899,32.91486,74.25803,90,2,241,,1,35.764,33.86406,30.94874
1785380900,32.9015,74.28855,90,2,241,,1,35.62833,33.62679,31.0842
1785380900,32.91486,74.14816,90,2,242,,1,35.764,33.83019,30.9826
1785380901,32.84542,74.27482,90,2,241,,1,35.73013,33.86406,30.9826
1785380902,32.9015,74.23361,90,2,242,,1,35.62833,33.89813,30.9826
1785380903,32.87213,74.14816,90,2,242,,1,35.73013,33.96586,30.8808
1785380903,32.91486,74.21225,90,2,242,,1,35.6622,33.69453,31.05034
1785380904,32.92821,74.1619,90,2,242,,1,35.62833,33.69453,30.94874
1785380905,32.9015,74.22141,90,2,242,,1,35.59426,33.83019,31.15194
1785380905,32.87213,74.10696,90,2,241,,1,35.59426,33.72839,31.0842
1785380906,32.85878,74.11459,90,2,241,,1,35.6622,33.66066,30.9826
1785380907,32.92821,74.13901,90,2,242,,1,35.73013,33.89813,31.05034
1785380907,32.87213,74.32212,90,2,241,,1,35.59426,33.83019,31.05034
1785380908,32.91486,74.10544,90,2,241,,1,35.73013,33.69453,30.8808
1785380909,32.88548,74.25193,90,2,242,,1,35.6622,33.72839,30.9826
1785380909,32.96025,74.12527,90,2,241,,1,35.69606,33.69453,31.11807
1785380910,32.96025,74.29923,90,2,241,,1,35.6622,33.96586,31.25353
1785380911,32.9015,74.23361,90,2,241,,1,35.69606,34.03379,31.05034
1785380911,32.84542,74.16495,90,2,241,,1,35.79786,33.62679,31.05034
1785380912,32.87213,74.14816,90,2,242,,1,35.6622,33.66066,30.9826
1785380913,32.9736,74.19394,90,2,242,,1,35.73013,33.55886,30.9826
1785380913,32.87213,74.06424,90,2,242,,1,35.73013,33.79633,31.01647
1785380914,32.91486,74.22446,90,2,242,,1,35.62833,33.86406,31.0842
1785380915,32.9469,74.23056,90,2,242,,1,35.62833,33.79633,30.8808
1785380915,32.85878,74.13443,90,2,242,,1,35.73013,33.89813,30.94874
1785380916,32.92821,74.1741,90,2,241,,1,35.6622,33.89813,30.91467
1785380917,32.8294,74.15121,90,2,242,,1,35.59426,33.86406,30.91467
1785380917,32.96025,74.25651,90,2,241,,1,35.73013,33.72839,30.91467
1785380918,32.92821,74.26109,90,2,241,,1,35.69606,33.86406,31.11807
1785380919,32.9015,74.24277,90,2,241,,1,35.73013,33.72839,31.05034
1785380919,32.74662,74.35874,90,2,241,,1,35.79786,33.83019,31.0842
1785380920,32.96025,74.28855,90,2,241,,1,35.73013,33.76226,31.01647
1785380921,32.87213,74.16037,90,2,241,,1,35.69606,33.932,31.11807
1785380922,32.84542,74.23056,90,2,241,,1,35.73013,33.86406,30.91467
1785380922,32.85878,74.32059,90,2,242,,1,35.764,33.86406,31.05034
1785380923,32.87213,74.29008,90,2,242,,1,35.62833,33.96586,31.01647
1785380924,32.92821,74.3679,90,2,242,,1,35.73013,33.79633,30.94874
1785380924,32.87213,74.36637,90,2,242,,1,35.6622,33.76226,30.91467
1785380925,32.81605,74.25651,90,2,242,,1,35.69606,33.66066,30.94874
1785380926,32.9015,74.38468,90,2,241,,1,35.764,33.86406,30.9826
1785380926,32.88548,74.46708,90,2,241,,1,35.62833,33.83019,30.91467
1785380927,32.85878,74.41825,90,2,241,,1,35.79786,33.89813,30.94874
1785380928,32.87213,74.32212,90,2,241,,1,35.62833,33.86406,30.94874
1785380928,32.8294,74.35722,90,2,241,,1,35.73013,33.86406,31.05034
1785380929,32.87213,74.43198,90,2,242,,1,35.5604,33.72839,30.91467
1785380930,32.9015,74.39536,90,2,241,,1,35.62833,33.932,30.94874
1785380930,32.92821,74.34806,90,2,241,,1,35.69606,33.79633,31.0842
1785380931,32.8027,74.41673,90,2,242,,1,35.6622,33.79633,30.9826
1785380932,32.8294,74.3679,90,2,241,,1,35.5604,33.83019,30.9826
1785380932,32.85878,74.23361,90,2,243,,1,35.764,33.96586,30.9826
1785380933,32.92821,74.1619,90,2,242,,1,35.52633,33.932,30.91467
1785380934,32.9469,74.42741,90,2,242,,1,35.69606,33.83019,31.05034
1785380934,32.9469,74.42741,90,1,242,,1,35.69606,33.89813,30.94874
1785380935,32.91486,74.31144,90,1,241,,1,35.73013,33.55886,30.91467
1785380936,32.91486,74.4213,90,2,241,,1,35.73013,33.62679,31.11807
1785380936,32.75998,74.42741,90,2,241,,1,35.6622,33.86406,30.94874
1785380937,32.85878,74.47166,90,2,241,,1,35.73013,33.76226,30.8808
1785380938,32.87213,74.48539,90,1,242,,1,35.62833,33.76226,31.01647
1785380938,32.88548,74.41367,90,1,241,,1,35.69606,33.79633,31.05034
1785380939,32.88548,74.49912,90,1,241,,1,35.73013,33.83019,31.01647
1785380940,32.92821,74.55405,90,1,242,,1,35.79786,33.932,30.94874
1785380941,32.9015,74.54642,90,2,242,,1,35.6622,33.69453,30.94874
1785380941,32.87213,74.51896,90,2,241,,1,35.83173,33.72839,31.05034
1785380942,32.85878,74.47166,90,2,242,,1,35.69606,33.99973,30.94874
1785380943,32.87213,74.39994,90,2,243,,1,35.69606,33.932,31.11807
1785380943,32.81605,74.28855,90,2,242,,1,35.69606,33.83019,30.8808
1785380944,32.84542,74.46861,90,1,242,,1,35.73013,33.79633,30.94874
1785380945,32.8294,74.61814,90,2,242,,1,35.6622,33.83019,31.01647
1785380945,32.84542,74.46861,90,2,241,,1,35.73013,33.83019,30.94874
1785380946,32.88548,74.35874,90,2,241,,1,35.69606,33.83019,30.8808
1785380947,32.9015,74.43961,90,2,241,,1,35.69606,33.72839,30.9826
1785380947,32.84542,74.37247,90,2,242,,1,35.73013,33.86406,30.9826
1785380948,32.87213,74.38926,90,2,241,,1,35.6622,33.86406,30.8808
1785380949,32.87213,74.43198,90,2,241,,1,35.69606,33.99973,30.94874
1785380949,32.84542,74.44572,90,2,241,,1,35.59426,33.96586,31.05034
1785380950,32.96025,74.44114,90,2,241,,1,35.6622,33.79633,30.91467
1785380951,32.8294,74.46403,90,2,241,,1,35.79786,33.83019,30.91467
1785380951,32.84542,74.40452,90,2,241,,1,35.5604,33.86406,30.81307
1785380952,32.84542,74.52354,90,2,242,,1,35.73013,33.66066,30.91467
1785380953,32.84542,74.39384,90,2,242,,1,35.73013,33.89813,30.91467
1785380953,32.84542,74.37247,90,2,242,,1,35.73013,33.86406,30.9826
1785380954,32.9015,74.43961,90,2,242,,1,35.69606,33.932,31.0842
1785380955,32.85878,74.43046,90,2,242,,1,35.62833,33.89813,30.9826
1785380955,32.8027,74.49149,90,2,241,,1,35.62833,33.96586,30.94874
1785380956,32.87213,74.34501,90,2,242,,1,35.73013,33.89813,30.8808
1785380957,32.85878,74.45945,90,2,241,,1,35.6622,33.86406,31.05034
1785380957,32.88548,74.3801,90,2,241,,1,35.6622,33.79633,31.05034
1785380958,32.88548,74.40299,90,2,242,,1,35.59426,33.99973,30.9826
1785380959,32.91486,74.34348,90,2,241,,1,35.62833,33.79633,31.11807
1785380960,32.88548,74.43504,90,2,241,,1,35.69606,33.89813,30.91467
1785380960,32.9015,74.28855,90,2,241,,1,35.69606,33.79633,30.77921
1785380961,32.9015,74.37247,90,2,241,,1,35.62833,33.89813,31.05034
1785380962,32.87213,74.4213,90,1,241,,1,35.764,33.86406,30.94874
1785380962,32.8027,74.34043,90,2,243,,1,35.73013,33.86406,30.8808
1785380963,32.81605,74.37553,90,2,242,,1,35.59426,33.86406,30.94874
1785380964,32.85878,74.37553,90,2,242,,1,35.69606,33.89813,31.01647
1785380964,32.92821,74.48692,90,2,242,,1,35.6622,33.69453,31.05034
1785380965,32.87213,74.41215,90,2,242,,1,35.59426,33.86406,31.01647
1785380966,32.96025,74.36332,90,2,241,,1,35.69606,33.932,30.8808
1785380966,32.84542,74.43656,90,2,241,,1,35.6622,33.86406,31.0842
1785380967,32.81605,74.35416,90,2,241,,1,35.62833,33.86406,30.8808
1785380968,32.84542,74.3267,90,2,241,,1,35.62833,33.83019,31.01647
1785380968,32.85878,74.34043,90,2,241,,1,35.62833,33.86406,30.94874
1785380969,32.85878,74.32059,90,2,241,,1,35.5604,33.72839,30.9826
1785380970,32.91486,74.37705,90,2,241,,1,35.62833,33.83019,30.9826
1785380970,32.74662,74.34959,90,2,241,,1,35.73013,33.76226,30.9826
1785380971,32.92821,74.45487,90,2,241,,1,35.69606,33.83019,30.91467
1785380972,32.88548,74.40299,90,1,241,,1,35.69606,33.69453,31.01647
1785380972,32.85878,74.36332,90,1,243,,1,35.6622,33.66066,30.94874
1785380973,32.81605,74.43961,90,1,242,,1,35.6622,33.89813,30.84694
1785380974,32.84542,74.36179,90,2,242,,1,35.73013,33.79633,30.9826
1785380974,32.87213,74.36637,90,2,242,,1,35.5604,33.72839,30.91467
1785380975,32.8294,74.49912,90,2,242,,1,35.62833,33.932,30.94874
1785380976,32.81605,74.34348,90,2,242,,1,35.6622,33.69453,30.94874
1785380976,32.85878,74.35264,90,2,242,,1,35.6622,33.86406,31.01647
1785380977,32.85878,74.33128,90,2,242,,1,35.69606,33.86406,31.05034
1785380978,32.8027,74.2855,90,2,241,,1,35.62833,33.89813,31.01647
1785380979,32.75998,74.34043,90,2,241,,1,35.73013,33.96586,30.84694
1785380979,32.8294,74.42283,90,2,241,,1,35.62833,33.76226,30.9826
1785380980,32.88548,74.41367,90,2,241,,1,35.62833,33.76226,30.94874
1785380981,32.9015,74.40757,90,2,241,,1,35.59426,33.86406,31.0842
1785380981,32.84542,74.41673,90,2,241,,1,35.73013,33.83019,30.91467
1785380982,32.8294,74.39994,90,2,241,,1,35.6622,33.89813,30.84694
1785380983,32.88548,74.45487,90,2,243,,1,35.73013,33.89813,30.84694
1785380983,32.87213,74.39994,90,1,242,,1,35.59426,33.76226,30.94874
1785380984,32.8027,74.37247,90,1,242,,1,35.62833,33.76226,31.05034
1785380985,32.7306,74.37705,90,1,242,,1,35.69606,33.83019,31.05034
1785380985,32.88548,74.44572,90,1,241,,1,35.6622,33.79633,31.01647
1785380986,32.8294,74.39994,90,1,242,,1,35.69606,33.86406,31.05034
1785380987,32.84542,74.43656,90,1,241,,1,35.69606,33.86406,30.94874
1785380987,32.8294,74.45335,90,1,242,,1,35.764,33.86406,31.01647
1785380988,32.8294,74.61814,90,1,241,,1,35.69606,33.72839,30.91467
1785380989,32.84542,74.42588,90,1,241,,1,35.6622,33.76226,30.94874
1785380989,32.92821,74.43504,90,1,241,,1,35.6622,33.69453,30.8808
1785380990,32.9015,74.54642,90,1,241,,1,35.62833,33.83019,31.0842
1785380991,32.85878,74.47166,90,2,241,,1,35.83173,33.89813,31.01647
1785380991,32.92821,74.47623,90,1,242,,1,35.6622,33.89813,31.05034
1785380992,32.84542,74.41673,90,1,242,,1,35.59426,33.83019,31.05034
1785380993,32.78935,74.33585,90,1,242,,1,35.62833,33.76226,30.8808
1785380993,32.8027,74.40452,90,1,242,,1,35.69606,33.76226,31.1858
1785380994,32.8027,74.49149,90,1,242,,1,35.69606,33.83019,30.94874
1785380995,32.75998,74.47166,90,1,242,,1,35.73013,33.89813,31.11807
1785380995,32.8294,74.46403,90,1,241,,1,35.62833,33.79633,31.0842
1785380996,32.84542,74.40452,90,1,241,,1,35.83173,33.83019,30.9826
1785380997,32.78935,74.45487,90,1,242,,1,35.6622,33.76226,30.9826
1785380998,32.87213,74.52811,90,1,241,,1,35.6622,33.89813,30.91467
1785380998,32.87213,74.51896,90,2,241,,1,35.5604,33.83019,30.9826
1785380999,32.85878,74.40757,90,2,241,,1,35.6622,33.83019,30.8808
1785381000,32.8027,74.52354,90,2,241,,1,35.6622,33.86406,31.01647
1785381000,32.8294,74.3679,90,2,242,,1,35.69606,33.76226,31.21967
1785381001,32.8294,74.44419,90,2,241,,1,35.73013,33.79633,31.0842
1785381002,32.8294,74.45335,90,2,241,,1,35.764,33.89813,30.9826
1785381002,32.88548,74.39079,90,2,242,,1,35.59426,33.79633,30.9826
1785381003,32.85878,74.36332,90,2,242,,1,35.62833,33.79633,30.94874
1785381004,32.85878,74.43046,90,2,242,,1,35.764,33.76226,31.01647
1785381004,32.91486,74.48539,90,2,242,,1,35.62833,33.83019,31.01647
1785381005,32.91486,74.48539,90,2,242,,1,35.5604,33.72839,31.01647
1785381006,32.71725,74.34348,90,2,242,,1,35.62833,33.83019,31.05034
1785381006,32.8027,74.45945,90,2,241,,1,35.62833,33.76226,30.9826
1785381007,32.85878,74.47166,90,2,242,,1,35.59426,33.79633,30.9826
1785381008,32.87213,74.49607,90,2,241,,1,35.69606,33.59273,31.05034
1785381008,32.74662,74.27177,90,2,241,,1,35.73013,33.72839,30.81307
1785381009,32.8294,74.27177,90,2,241,,1,35.6622,33.76226,31.05034
1785381010,32.9015,74.5037,90,2,241,,1,35.73013,33.79633,31.1858
1785381010,32.91486,74.44114,90,2,241,,1,35.764,33.96586,30.91467
1785381011,32.8027,74.5037,90,2,241,,1,35.764,33.79633,30.8808
1785381012,32.84542,74.38163,90,2,241,,1,35.6622,33.76226,31.15194
1785381012,32.9015,74.56931,90,2,242,,1,35.73013,33.86406,31.0842
1785381013,32.77333,74.36637,90,2,242,,1,35.6622,33.86406,30.94874
1785381014,32.84542,74.48997,90,1,242,,1,35.69606,33.79633,30.9826
1785381014,32.78935,74.48997,90,1,242,,1,35.764,33.79633,31.0842
1785381015,32.8294,74.44419,90,2,242,,1,35.6622,33.72839,31.01647
1785381016,32.84542,74.46861,90,2,241,,1,35.59426,33.72839,31.15194
1785381017,32.75998,74.47166,90,1,241,,1,35.6622,33.89813,31.0842
1785381017,32.87213,74.48539,90,1,241,,1,35.5604,33.76226,30.94874
1785381018,32.9015,74.59068,90,1,242,,1,35.6622,33.89813,30.94874
1785381019,32.78935,74.53269,90,1,241,,1,35.6622,33.79633,31.11807
1785381019,32.88548,74.37095,90,2,241,,1,35.69606,33.79633,30.84694
1785381020,32.81605,74.31144,90,1,241,,1,35.764,33.86406,31.01647
1785381021,32.9015,74.37247,90,1,242,,1,35.79786,33.79633,31.0842
1785381021,32.74662,74.44572,90,1,241,,1,35.6622,33.76226,30.8808
1785381022,32.9015,74.45029,90,2,241,,1,35.62833,33.76226,30.9826
1785381023,32.85878,74.45029,90,2,242,,1,35.73013,33.62679,30.9826
1785381023,32.8027,74.46861,90,2,242,,1,35.62833,33.86406,30.94874
1785381024,32.75998,74.41825,90,2,242,,1,35.6622,33.76226,30.8808
1785381025,32.9015,74.5037,90,2,242,,1,35.69606,33.79633,30.91467
1785381025,32.8294,74.53117,90,2,241,,1,35.59426,33.89813,30.84694
1785381026,32.87213,74.63798,90,2,241,,1,35.59426,33.59273,31.01647
1785381027,32.84542,74.66392,90,2,241,,1,35.6622,33.76226,30.8808
1785381027,32.84542,74.59983,90,2,241,,1,35.62833,33.72839,30.8808
1785381028,32.87213,74.67002,90,2,242,,1,35.764,33.72839,31.01647
1785381029,32.9015,74.49149,90,2,241,,1,35.69606,33.89813,30.8808
1785381029,32.8027,74.41673,90,2,241,,1,35.79786,33.79633,30.94874
1785381030,32.85878,74.52659,90,1,241,,1,35.62833,33.89813,31.11807
1785381031,32.8294,74.46403,90,2,241,,1,35.62833,33.76226,31.05034
1785381031,32.78935,74.57694,90,1,241,,1,35.69606,33.69453,31.01647
1785381032,32.84542,74.45792,90,1,242,,1,35.59426,33.86406,30.9826
1785381033,32.8294,74.45335,90,1,242,,1,35.6622,33.72839,30.8808
1785381033,32.7306,74.46403,90,1,242,,1,35.62833,33.83019,31.0842
1785381034,32.78935,74.40299,90,1,242,,1,35.5604,33.86406,31.0842
1785381035,32.88548,74.3801,90,1,242,,1,35.59426,33.76226,31.0842
1785381036,32.91486,74.52811,90,1,241,,1,35.73013,33.69453,31.01647
1785381036,32.9015,74.53574,90,1,241,,1,35.62833,33.76226,31.11807
1785381037,32.85878,74.45029,90,1,241,,1,35.62833,33.83019,30.94874
1785381038,32.81605,74.47318,90,1,241,,1,35.62833,33.76226,31.01647
1785381038,32.81605,74.53727,90,1,242,,1,35.59426,33.79633,31.21967
1785381039,32.92821,74.54185,90,1,241,,1,35.69606,33.66066,30.9826
1785381040,32.91486,74.50523,90,1,241,,1,35.59426,33.72839,30.9826
1785381040,32.87213,74.45335,90,1,241,,1,35.73013,33.89813,31.05034
1785381041,32.81605,74.39841,90,1,242,,1,35.5604,33.69453,30.81307
1785381042,32.81605,74.47318,90,1,241,,1,35.6622,33.86406,30.84694
1785381042,32.91486,74.43198,90,1,243,,1,35.6622,33.66066,30.9826
1785381043,32.78935,74.47776,90,1,242,,1,35.62833,33.76226,30.84694
1785381044,32.84542,74.48081,90,2,242,,1,35.6622,33.79633,30.84694
1785381044,32.77333,74.4091,90,2,242,,1,35.59426,33.72839,31.01647
1785381045,32.8294,74.53117,90,1,242,,1,35.62833,33.932,30.91467
1785381046,32.84542,74.52354,90,1,242,,1,35.5604,33.79633,31.01647
1785381046,32.8294,74.39994,90,1,241,,1,35.73013,33.83019,30.84694
1785381047,32.96025,74.56016,90,1,241,,1,35.73013,33.83019,30.91467
1785381048,32.8294,74.38926,90,1,242,,1,35.69606,33.69453,31.05034
1785381048,32.8294,74.46403,90,1,241,,1,35.5604,33.72839,30.9826
1785381049,32.81605,74.45029,90,1,241,,1,35.69606,33.72839,30.94874
1785381050,32.9015,74.5037,90,1,241,,1,35.69606,33.76226,31.01647
1785381050,32.8027,74.51438,90,1,241,,1,35.73013,33.79633,30.94874
1785381051,32.91486,74.4625,90,1,241,,1,35.73013,33.69453,31.01647
1785381052,32.87213,74.51896,90,1,242,,1,35.6622,33.69453,30.84694
1785381052,32.8027,74.42741,90,1,242,,1,35.62833,33.89813,31.05034
1785381053,32.84542,74.48997,90,1,242,,1,35.6622,33.69453,31.01647
1785381054,32.8027,74.5037,90,1,242,,1,35.69606,33.86406,30.91467
1785381055,32.88548,74.44572,90,1,242,,1,35.69606,33.79633,31.0842
1785381055,32.8027,74.51438,90,1,241,,1,35.73013,33.89813,31.0842
1785381056,32.88548,74.44572,90,1,241,,1,35.69606,33.83019,30.84694
1785381057,32.85878,74.56016,90,1,242,,1,35.62833,33.76226,30.9826
1785381057,32.87213,74.47623,90,2,241,,1,35.5604,33.932,30.9826
1785381058,32.8027,74.41673,90,2,241,,1,35.69606,33.932,30.8808
1785381059,32.84542,74.36179,90,2,241,,1,35.62833,33.83019,30.91467
1785381059,32.84542,74.40452,90,1,241,,1,35.6622,33.86406,31.05034
1785381060,32.78935,74.5098,90,1,241,,1,35.62833,33.83019,31.1858
1785381061,32.81605,74.39841,90,1,241,,1,35.62833,33.72839,31.01647
1785381061,32.78935,74.56474,90,1,241,,1,35.73013,33.96586,30.91467
1785381062,32.74662,74.34959,90,1,242,,1,35.6622,33.79633,31.05034
1785381063,32.7306,74.47623,90,1,242,,1,35.62833,33.83019,31.01647
1785381063,32.78935,74.62882,90,1,242,,1,35.73013,33.86406,31.15194
1785381064,32.84542,74.64256,90,1,242,,1,35.6622,33.72839,31.01647
1785381065,32.71725,74.54948,90,1,242,,1,35.62833,33.66066,30.91467
1785381065,32.84542,74.64256,90,1,241,,1,35.73013,33.72839,31.05034
1785381066,32.81605,74.54948,90,2,242,,1,35.5604,33.83019,31.01647
1785381067,32.8027,74.52354,90,2,241,,1,35.59426,33.66066,30.9826
1785381067,32.78935,74.44419,90,1,241,,1,35.59426,33.83019,30.94874
1785381068,32.88548,74.52201,90,1,241,,1,35.62833,33.76226,30.9826
1785381069,32.7306,74.53117,90,2,241,,1,35.62833,33.76226,30.94874
1785381069,32.85878,74.54948,90,2,241,,1,35.62833,33.79633,31.01647
1785381070,32.8027,74.56931,90,2,241,,1,35.69606,33.86406,31.0842
1785381071,32.81605,74.60136,90,2,241,,1,35.62833,33.83019,31.0842
1785381071,32.87213,74.50828,90,2,242,,1,35.69606,33.83019,31.1858
1785381072,32.75998,74.36332,90,2,243,,1,35.69606,33.83019,30.94874
1785381073,32.84542,74.39384,90,2,242,,1,35.69606,33.83019,31.01647
1785381074,32.87213,74.45335,90,2,242,,1,35.52633,33.72839,30.94874
1785381074,32.78935,74.39079,90,2,242,,1,35.69606,33.76226,31.05034
1785381075,32.8027,74.48081,90,2,242,,1,35.6622,33.76226,30.8808
1785381076,32.81605,74.4091,90,2,241,,1,35.6622,33.83019,30.94874
1785381076,32.74662,74.42283,90,2,241,,1,35.59426,33.83019,30.9826
1785381077,32.77333,74.47318,90,2,241,,1,35.6622,33.72839,30.94874
1785381078,32.87213,74.52811,90,2,241,,1,35.79786,33.76226,30.9826
1785381078,32.8027,74.54642,90,1,241,,1,35.73013,33.86406,30.94874
1785381079,32.8294,74.43504,90,1,242,,1,35.62833,33.79633,30.74534
1785381080,32.8027,74.46861,90,1,242,,1,35.6622,33.79633,30.94874
1785381080,32.77333,74.47318,90,1,241,,1,35.62833,33.932,30.9826
1785381081,32.8294,74.45335,90,2,241,,1,35.6622,33.86406,30.9826
1785381082,32.77333,74.43046,90,2,241,,1,35.6622,33.66066,30.84694
1785381082,32.81605,74.4091,90,2,242,,1,35.73013,33.83019,30.91467
1785381083,32.87213,74.44419,90,2,242,,1,35.62833,33.69453,30.94874
1785381084,32.85878,74.51438,90,1,242,,1,35.69606,33.79633,31.05034
1785381084,32.8294,74.45335,90,1,242,,1,35.69606,33.932,30.8808
1785381085,32.81605,74.57236,90,1,241,,1,35.59426,33.83019,31.01647
1785381086,32.88548,74.53269,90,2,241,,1,35.62833,33.72839,30.9826
1785381086,32.92821,74.47623,90,2,241,,1,35.52633,33.69453,30.94874
1785381087,32.8294,74.60593,90,2,242,,1,35.6622,33.69453,31.21967
1785381088,32.85878,74.50523,90,1,241,,1,35.62833,33.76226,31.01647
1785381088,32.84542,74.46861,90,2,241,,1,35.73013,33.89813,30.9826
1785381089,32.91486,74.32212,90,1,241,,1,35.6622,33.72839,30.94874
1785381090,32.84542,74.53574,90,1,241,,1,35.73013,33.76226,30.91467
1785381090,32.85878,74.50523,90,2,242,,1,35.62833,33.79633,30.74534
1785381091,32.8027,74.57847,90,2,242,,1,35.6622,33.76226,30.9826
1785381092,32.85878,74.64561,90,2,242,,1,35.6622,33.76226,30.9826
1785381093,32.8294,74.49912,90,2,242,,1,35.59426,33.76226,30.9826
1785381093,32.81605,74.49454,90,2,242,,1,35.6622,33.99973,30.8808
1785381094,32.91486,74.54032,90,2,242,,1,35.5604,33.86406,30.91467
1785381095,32.85878,74.50523,90,2,242,,1,35.62833,33.86406,30.84694
1785381095,32.75998,74.44877,90,2,241,,1,35.62833,33.72839,30.9826
1785381096,32.87213,74.49607,90,2,241,,1,35.6622,33.79633,30.91467
1785381097,32.81605,74.48539,90,1,242,,1,35.69606,33.86406,30.77921
1785381097,32.84542,74.38163,90,2,241,,1,35.6622,33.932,30.94874
1785381098,32.8027,74.51438,90,2,241,,1,35.59426,33.66066,30.9826
1785381099,32.78935,74.47776,90,1,241,,1,35.73013,33.79633,30.8808
1785381099,32.84542,74.51286,90,1,241,,1,35.6622,33.72839,31.05034
1785381100,32.8027,74.42741,90,1,241,,1,35.62833,33.69453,30.8808
1785381101,32.9015,74.40757,90,2,241,,1,35.69606,33.86406,31.01647
1785381101,32.81605,74.39841,90,2,241,,1,35.69606,33.89813,31.0842
1785381102,32.7039,74.46861,90,2,242,,1,35.5604,33.72839,31.01647
1785381103,32.75998,74.39536,90,2,242,,1,35.79786,33.932,30.94874
1785381103,32.74662,74.45792,90,2,242,,1,35.62833,33.72839,31.05034
1785381104,32.75998,74.60136,90,2,242,,1,35.73013,33.86406,30.94874
1785381105,32.81605,74.48539,90,2,242,,1,35.764,33.86406,30.91467
1785381105,32.8294,74.53117,90,2,241,,1,35.5604,33.79633,31.0842
1785381106,32.74662,74.52354,90,1,241,,1,35.52633,33.72839,30.84694
1785381107,32.77333,74.551,90,1,241,,1,35.69606,33.76226,31.01647
1785381107,32.78935,74.43504,90,1,241,,1,35.6622,33.86406,30.71147
1785381108,32.77333,74.52811,90,1,241,,1,35.59426,33.66066,30.94874
1785381109,32.84542,74.64256,90,1,241,,1,35.62833,33.86406,30.91467
1785381109,32.84542,74.56779,90,2,242,,1,35.69606,33.79633,31.05034
1785381110,32.81605,74.63645,90,2,241,,1,35.69606,33.69453,30.91467
1785381111,32.78935,74.55405,90,2,241,,1,35.59426,33.86406,30.9826
1785381112,32.78935,74.48997,90,2,241,,1,35.62833,33.59273,30.91467
1785381112,32.8027,74.52354,90,2,243,,1,35.6622,33.932,30.84694
1785381113,32.75998,74.55863,90,2,242,,1,35.62833,33.76226,30.9826
1785381114,32.84542,74.53574,90,1,242,,1,35.6622,33.86406,31.01647
1785381114,32.71725,74.67918,90,1,242,,1,35.69606,33.72839,30.9826
1785381115,32.85878,74.54948,90,1,242,,1,35.6622,33.83019,30.91467
1785381116,32.8027,74.58762,90,1,241,,1,35.69606,33.89813,31.01647
1785381116,32.84542,74.6746,90,1,241,,1,35.62833,33.76226,31.01647
1785381117,32.74662,74.60899,90,1,241,,1,35.62833,33.76226,30.77921
1785381118,32.75998,74.57847,90,1,241,,1,35.79786,33.66066,31.01647
1785381118,32.74662,74.51286,90,1,241,,1,35.5604,33.83019,30.8808
1785381119,32.8027,74.61051,90,2,241,,1,35.73013,33.79633,31.11807
1785381120,32.74662,74.56779,90,2,242,,1,35.6622,33.69453,30.8808
1785381120,32.78935,74.48997,90,2,241,,1,35.69606,33.83019,30.94874
1785381121,32.77333,74.551,90,2,242,,1,35.73013,33.83019,30.94874
1785381122,32.8027,74.56931,90,1,241,,1,35.69606,33.76226,30.91467
1785381122,32.8027,74.54642,90,1,242,,1,35.59426,33.86406,30.84694
1785381123,32.81605,74.38621,90,1,242,,1,35.6622,33.69453,30.8808
1785381124,32.8027,74.51438,90,1,242,,1,35.6622,33.79633,31.0842
1785381124,32.87213,74.56321,90,1,242,,1,35.73013,33.76226,31.0842
1785381125,32.84542,74.65476,90,1,241,,1,35.764,33.96586,30.9826
1785381126,32.81605,74.50523,90,1,241,,1,35.59426,33.79633,30.81307
1785381126,32.84542,74.43656,90,1,241,,1,35.69606,33.79633,30.94874
1785381127,32.84542,74.59068,90,2,242,,1,35.59426,33.79633,30.9826
1785381128,32.85878,74.51438,90,2,242,,1,35.6622,33.72839,30.91467
1785381128,32.8294,74.50828,90,2,242,,1,35.69606,33.83019,31.01647
1785381129,32.87213,74.56321,90,2,241,,1,35.73013,33.72839,31.1858
1785381130,32.81605,74.53727,90,2,241,,1,35.62833,33.59273,30.94874
1785381131,32.7039,74.48081,90,1,241,,1,35.6622,33.86406,30.9826
1785381131,32.78935,74.5449,90,1,241,,1,35.62833,33.76226,31.0842
1785381132,32.8294,74.54185,90,1,242,,1,35.59426,33.86406,31.01647
1785381133,32.84542,74.64256,90,1,242,,1,35.764,33.76226,30.94874
1785381133,32.77333,74.56321,90,2,242,,1,35.73013,33.79633,31.01647
1785381134,32.78935,74.5449,90,1,242,,1,35.6622,33.59273,30.84694
1785381135,32.78935,74.56474,90,2,242,,1,35.6622,33.76226,30.94874
1785381135,32.77333,74.52811,90,1,242,,1,35.69606,33.76226,31.01647
1785381136,32.8294,74.59525,90,1,241,,1,35.6622,33.83019,30.94874
1785381137,32.87213,74.54032,90,1,241,,1,35.62833,33.69453,31.01647
1785381137,32.9015,74.52659,90,2,241,,1,35.59426,33.79633,30.94874
1785381138,32.78935,74.45487,90,2,241,,1,35.69606,33.89813,30.91467
1785381139,32.77333,74.5922,90,2,241,,1,35.69606,33.79633,31.01647
1785381139,32.81605,74.56016,90,1,241,,1,35.62833,33.79633,30.9826
1785381140,32.8294,74.48692,90,2,242,,1,35.6622,33.66066,30.94874
1785381141,32.71725,74.59068,90,2,241,,1,35.69606,33.932,30.94874
1785381141,32.71725,74.49454,90,2,241,,1,35.59426,33.79633,30.84694
1785381142,32.87213,74.51896,90,2,242,,1,35.69606,33.83019,30.9826
1785381143,32.74662,74.51286,90,2,242,,1,35.764,33.79633,30.91467
1785381143,32.7306,74.44114,90,1,242,,1,35.5604,33.66066,30.77921
1785381144,32.8294,74.50828,90,1,242,,1,35.6622,33.83019,30.84694
1785381145,32.84542,74.64256,90,1,242,,1,35.69606,33.62679,30.9826
1785381145,32.8294,74.57389,90,1,241,,1,35.59426,33.79633,30.91467
1785381146,32.87213,74.6273,90,1,241,,1,35.6622,33.932,31.0842
1785381147,32.8027,74.46861,90,1,241,,1,35.62833,33.66066,30.84694
1785381147,32.8027,74.58762,90,1,241,,1,35.69606,33.83019,30.9826
1785381148,32.75998,74.56931,90,1,241,,1,35.6622,33.69453,30.94874
1785381149,32.87213,74.63798,90,1,242,,1,35.69606,33.83019,31.01647
1785381150,32.7039,74.45792,90,1,241,,1,35.73013,33.72839,31.15194
1785381150,32.78935,74.56474,90,1,241,,1,35.69606,33.89813,31.15194
1785381151,32.8294,74.50828,90,1,241,,1,35.6622,33.89813,30.8808
1785381152,32.75998,74.59068,90,1,241,,1,35.6622,33.76226,30.94874
1785381152,32.75998,74.61051,90,1,243,,1,35.62833,33.86406,31.05034
1785381153,32.74662,74.52354,90,1,242,,1,35.59426,33.69453,30.8808
1785381154,32.7306,74.53117,90,1,242,,1,35.73013,33.83019,31.0842
1785381154,32.84542,74.53574,90,2,242,,1,35.73013,33.76226,31.11807
1785381155,32.8294,74.5861,90,2,242,,1,35.69606,33.79633,31.05034
1785381156,32.77333,74.52811,90,1,241,,1,35.62833,33.76226,31.05034
1785381156,32.8027,74.6334,90,1,241,,1,35.62833,33.83019,30.81307
1785381157,32.85878,74.60136,90,1,241,,1,35.69606,33.89813,30.94874
1785381158,32.78935,74.5449,90,1,242,,1,35.62833,33.89813,31.05034
1785381158,32.69055,74.52201,90,1,241,,1,35.69606,33.72839,30.77921
1785381159,32.74662,74.56779,90,1,242,,1,35.69606,33.62679,31.05034
1785381160,32.77333,74.61509,90,2,241,,1,35.69606,33.62679,30.91467
1785381160,32.84542,74.57847,90,2,242,,1,35.52633,33.72839,31.01647
1785381161,32.67453,74.5922,90,2,241,,1,35.59426,33.83019,30.9826
1785381162,32.75998,74.61051,90,2,241,,1,35.6622,33.83019,30.91467
1785381162,32.74662,74.51286,90,2,243,,1,35.5604,33.932,31.0842
1785381163,32.64782,74.51286,90,2,242,,1,35.69606,33.86406,31.0842
1785381164,32.8294,74.7921,90,2,242,,1,35.6622,33.79633,30.9826
1785381164,32.7306,74.51896,90,2,242,,1,35.69606,33.83019,30.9826
1785381165,32.75998,74.48234,90,2,242,,1,35.69606,33.79633,31.05034
1785381166,32.84542,74.5449,90,2,241,,1,35.5604,33.76226,30.8808
1785381166,32.81605,74.57236,90,1,241,,1,35.69606,33.62679,31.05034
1785381167,32.9015,74.76463,90,2,241,,1,35.69606,33.76226,31.0842
1785381168,32.78935,74.5861,90,2,241,,1,35.59426,33.83019,30.9826
1785381169,32.8294,74.5861,90,2,241,,1,35.69606,33.89813,30.9826
1785381169,32.8027,74.5037,90,2,242,,1,35.62833,33.79633,30.9826
1785381170,32.81605,74.53727,90,1,241,,1,35.52633,33.72839,30.8808
1785381171,32.8027,74.46861,90,1,242,,1,35.6622,33.79633,30.8808
1785381171,32.69055,74.54185,90,2,241,,1,35.6622,33.59273,30.9826
1785381172,32.81605,74.50523,90,1,242,,1,35.62833,33.932,30.94874
1785381173,32.74662,74.61967,90,1,242,,1,35.5604,33.86406,30.91467
1785381173,32.7306,74.56321,90,2,242,,1,35.5604,33.62679,30.94874
1785381174,32.75998,74.49454,90,2,242,,1,35.62833,33.79633,30.9826
1785381175,32.7306,74.58305,90,2,242,,1,35.69606,33.83019,31.05034
1785381175,32.8027,74.6334,90,2,241,,1,35.6622,33.69453,30.94874
1785381176,32.69055,74.59678,90,2,241,,1,35.62833,33.69453,30.84694
1785381177,32.81605,74.63645,90,2,241,,1,35.59426,33.72839,30.8808
1785381177,32.7039,74.59983,90,2,241,,1,35.69606,33.89813,30.94874
1785381178,32.75998,74.55863,90,1,241,,1,35.62833,33.83019,30.74534
1785381179,32.75998,74.51438,90,2,241,,1,35.62833,33.79633,30.9826
1785381179,32.75998,74.66544,90,2,241,,1,35.62833,33.79633,31.01647
1785381180,32.8294,74.59525,90,2,242,,1,35.59426,33.89813,30.84694
1785381181,32.75998,74.61051,90,2,241,,1,35.69606,33.86406,30.94874
1785381181,32.7039,74.52354,90,1,241,,1,35.69606,33.72839,31.05034
1785381182,32.75998,74.61051,90,1,242,,1,35.52633,33.72839,30.91467
1785381183,32.81605,74.69138,90,2,242,,1,35.62833,33.66066,30.94874
1785381183,32.75998,74.53727,90,1,242,,1,35.59426,33.83019,31.15194
1785381184,32.77333,74.5922,90,2,242,,1,35.62833,33.89813,30.94874
1785381185,32.7306,74.80125,90,2,242,,1,35.6622,33.89813,30.9826
1785381185,32.77333,74.63645,90,2,241,,1,35.6622,33.76226,31.11807
1785381186,32.8027,74.73258,90,1,241,,1,35.59426,33.76226,30.94874
1785381187,32.7306,74.74632,90,1,241,,1,35.5604,33.86406,30.91467
1785381188,32.77333,74.58152,90,1,241,,1,35.6622,33.86406,31.05034
1785381188,32.66117,74.56779,90,1,241,,1,35.59426,33.83019,30.91467
1785381189,32.84542,74.6746,90,1,241,,1,35.69606,33.86406,30.91467
1785381190,32.78935,74.59678,90,1,241,,1,35.59426,33.62679,31.0842
1785381190,32.8027,74.61051,90,1,241,,1,35.69606,33.89813,31.01647
1785381191,32.7306,74.57236,90,1,241,,1,35.5604,33.89813,30.91467
1785381192,32.78935,74.62882,90,2,241,,1,35.73013,33.83019,30.94874
1785381192,32.77333,74.60441,90,2,243,,1,35.52633,33.89813,31.01647
1785381193,32.7306,74.65018,90,2,242,,1,35.62833,33.86406,30.91467
1785381194,32.75998,74.64561,90,2,242,,1,35.69606,33.62679,30.8808
1785381194,32.78935,74.65171,90,2,242,,1,35.764,33.83019,30.91467
1785381195,32.75998,74.5037,90,2,242,,1,35.764,33.86406,31.0842
1785381196,32.64782,74.47776,90,2,241,,1,35.6622,33.79633,31.05034
1785381196,32.7306,74.58305,90,2,241,,1,35.62833,33.89813,30.94874
1785381197,32.81605,74.69138,90,2,241,,1,35.6622,33.932,30.91467
1785381198,32.77333,74.69138,90,2,241,,1,35.764,33.79633,31.01647
1785381198,32.74662,74.75089,90,2,241,,1,35.73013,33.79633,30.9826
1785381199,32.7039,74.69749,90,2,241,,1,35.73013,33.69453,31.01647
1785381200,32.8294,74.74784,90,2,242,,1,35.6622,33.86406,30.8808
1785381200,32.8294,74.63798,90,2,241,,1,35.62833,33.76226,31.01647
1785381201,32.71725,74.63645,90,2,242,,1,35.6622,33.76226,31.05034
1785381202,32.7306,74.59525,90,2,241,,1,35.59426,33.79633,30.9826
1785381202,32.67453,74.6685,90,2,242,,1,35.6622,33.79633,30.84694
1785381203,32.74662,74.68681,90,2,242,,1,35.6622,33.79633,30.91467
1785381204,32.64782,74.64103,90,2,242,,1,35.62833,33.72839,30.84694
1785381204,32.75998,74.76463,90,1,242,,1,35.62833,33.79633,30.8808
1785381205,32.7306,74.68223,90,1,242,,1,35.62833,33.69453,30.91467
1785381206,32.75998,74.59068,90,1,241,,1,35.49246,33.76226,30.91467
1785381207,32.84542,74.64256,90,1,241,,1,35.59426,33.72839,30.91467
1785381207,32.78935,74.5098,90,1,241,,1,35.5604,33.66066,30.8808
1785381208,32.8027,74.65476,90,2,241,,1,35.5604,33.83019,30.8808
1785381209,32.77333,74.67002,90,2,241,,1,35.6622,33.89813,31.0842
1785381209,32.77333,74.60441,90,2,241,,1,35.73013,33.76226,30.9826
1785381210,32.78935,74.69596,90,2,242,,1,35.62833,33.69453,30.94874
1785381211,32.75998,74.54948,90,2,241,,1,35.59426,33.76226,31.01647
1785381211,32.7039,74.66544,90,1,241,,1,35.6622,33.76226,30.94874
1785381212,32.7306,74.74632,90,1,242,,1,35.52633,33.89813,30.91467
1785381213,32.77333,74.75548,90,1,242,,1,35.764,34.06766,30.9826
1785381213,32.69055,74.69596,90,1,242,,1,35.69606,33.66066,30.84694
1785381214,32.78935,74.68375,90,1,242,,1,35.69606,33.62679,30.74534
1785381215,32.66117,74.61051,90,1,242,,1,35.52633,33.76226,30.91467
1785381215,32.8027,74.61051,90,1,241,,1,35.62833,33.76226,30.94874
1785381216,32.74662,74.6746,90,1,241,,1,35.73013,33.86406,31.0842
1785381217,32.8027,74.56931,90,1,241,,1,35.62833,33.59273,30.84694
1785381217,32.81605,74.70206,90,2,241,,1,35.62833,33.72839,30.94874
1785381218,32.8027,74.5037,90,2,242,,1,35.764,33.86406,30.9826
1785381219,32.74662,74.69596,90,2,241,,1,35.59426,33.79633,30.9826
1785381219,32.78935,74.73869,90,2,242,,1,35.59426,33.86406,31.0842
1785381220,32.75998,74.78447,90,2,242,,1,35.62833,33.83019,31.11807
1785381221,32.78935,74.70664,90,2,241,,1,35.59426,33.83019,30.91467
1785381221,32.71725,74.50523,90,2,241,,1,35.73013,33.79633,30.94874
1785381222,32.81605,74.70206,90,2,242,,1,35.62833,33.89813,31.0842
1785381223,32.75998,74.66544,90,2,242,,1,35.62833,33.79633,31.01647
1785381223,32.74662,74.63187,90,2,242,,1,35.73013,33.76226,30.8808
1785381224,32.69055,74.53269,90,2,242,,1,35.59426,33.62679,30.91467
1785381225,32.77333,74.63645,90,2,242,,1,35.62833,33.66066,30.84694
1785381226,32.78935,74.65171,90,2,241,,1,35.59426,33.83019,30.94874
1785381226,32.61845,74.53727,90,2,241,,1,35.62833,33.83019,30.94874
1785381227,32.7039,74.52354,90,2,241,,1,35.6622,33.83019,30.8808
1785381228,32.85878,74.61356,90,2,241,,1,35.69606,33.69453,30.91467
1785381228,32.7039,74.52354,90,2,241,,1,35.6622,33.79633,30.84694
1785381229,32.8027,74.62272,90,2,241,,1,35.6622,33.86406,30.9826
1785381230,32.77333,74.72495,90,2,241,,1,35.59426,33.79633,31.0842
1785381230,32.85878,74.67765,90,2,242,,1,35.59426,33.76226,30.91467
1785381231,32.7039,74.68681,90,1,241,,1,35.62833,33.69453,30.84694
1785381232,32.69055,74.69596,90,2,241,,1,35.69606,33.76226,30.84694
1785381232,32.69055,74.72495,90,2,243,,1,35.59426,33.66066,30.94874
1785381233,32.74662,74.68681,90,2,242,,1,35.59426,33.69453,30.94874
1785381234,32.8294,74.57389,90,2,242,,1,35.69606,33.86406,30.81307
1785381234,32.8027,74.80583,90,2,242,,1,35.69606,33.69453,30.8808
1785381235,32.75998,74.72038,90,2,242,,1,35.62833,33.66066,31.05034
1785381236,32.67453,74.5922,90,2,242,,1,35.73013,33.66066,30.94874
1785381236,32.75998,74.62272,90,2,242,,1,35.69606,33.89813,30.84694
1785381237,32.78935,74.62882,90,2,242,,1,35.59426,33.69453,30.94874
1785381238,32.77333,74.5922,90,2,241,,1,35.69606,33.79633,30.81307
1785381238,32.75998,74.5037,90,2,241,,1,35.6622,33.69453,30.8808
1785381239,32.77333,74.68223,90,2,241,,1,35.62833,33.62679,30.8808
1785381240,32.75998,74.51438,90,2,241,,1,35.69606,33.83019,30.91467
1785381240,32.66117,74.65476,90,2,241,,1,35.59426,33.83019,30.81307
1785381241,32.66117,74.48234,90,2,242,,1,35.79786,33.76226,30.94874
1785381242,32.87213,74.67002,90,2,241,,1,35.6622,33.76226,31.01647
1785381243,32.78935,74.60899,90,2,242,,1,35.52633,33.79633,30.8808
1785381243,32.74662,74.70664,90,2,242,,1,35.6622,33.76226,30.94874
1785381244,32.81605,74.65629,90,2,242,,1,35.5604,33.932,31.11807
1785381245,32.75998,74.71122,90,2,242,,1,35.6622,33.79633,30.8808
1785381245,32.84542,74.61967,90,2,241,,1,35.6622,33.76226,30.8808
1785381246,32.81605,74.69138,90,2,242,,1,35.5604,33.76226,30.94874
1785381247,32.8027,74.65476,90,2,242,,1,35.5604,33.62679,30.91467
1785381247,32.77333,74.65934,90,2,241,,1,35.6622,33.69453,30.9826
1785381248,32.81605,74.62424,90,2,241,,1,35.59426,33.76226,30.81307
1785381249,32.7306,74.68223,90,2,241,,1,35.5604,33.72839,30.94874
1785381249,32.64782,74.64103,90,2,241,,1,35.69606,33.69453,30.81307
1785381250,32.71725,74.63645,90,2,241,,1,35.52633,33.69453,30.8808
1785381251,32.78935,74.60899,90,2,241,,1,35.59426,33.72839,30.94874
1785381251,32.78935,74.60899,90,2,241,,1,35.73013,33.76226,30.77921
1785381252,32.77333,74.64713,90,2,241,,1,35.62833,33.69453,31.05034
1785381253,32.7039,74.69749,90,2,242,,1,35.6622,33.72839,31.01647
1785381253,32.74662,74.68681,90,2,242,,1,35.62833,33.72839,30.94874
1785381254,32.78935,74.67307,90,1,242,,1,35.62833,33.76226,30.94874
1785381255,32.77333,74.6273,90,1,242,,1,35.59426,33.66066,30.84694
1785381255,32.71725,74.62424,90,1,242,,1,35.6622,33.76226,30.94874
1785381256,32.74662,74.51286,90,1,241,,1,35.69606,33.79633,30.77921
1785381257,32.75998,74.61051,90,1,242,,1,35.5604,33.83019,30.91467
1785381257,32.84542,74.64256,90,1,242,,1,35.62833,33.59273,31.0842
1785381258,32.67453,74.63645,90,1,241,,1,35.62833,33.66066,30.8808
1785381259,32.71725,74.65629,90,1,241,,1,35.5604,33.69453,30.91467
1785381259,32.75998,74.71122,90,1,241,,1,35.62833,33.69453,31.01647
1785381260,32.77333,74.58152,90,1,241,,1,35.5604,33.69453,31.05034
1785381261,32.7039,74.61967,90,1,241,,1,35.59426,33.72839,30.91467
1785381261,32.71725,74.67918,90,1,242,,1,35.62833,33.79633,30.8808
1785381262,32.81605,74.61356,90,1,243,,1,35.59426,33.72839,30.9826
1785381263,32.7306,74.58305,90,1,242,,1,35.5604,33.72839,30.94874
1785381264,32.60509,74.45792,90,1,242,,1,35.5604,33.66066,30.84694
1785381264,32.71725,74.59068,90,1,242,,1,35.6622,33.62679,30.9826
1785381265,32.69055,74.52201,90,1,242,,1,35.62833,33.72839,30.77921
1785381266,32.77333,74.71427,90,1,242,,1,35.6622,33.76226,30.8808
1785381266,32.74662,74.71885,90,1,241,,1,35.62833,33.66066,30.9826
1785381267,32.7306,74.73411,90,1,241,,1,35.69606,33.72839,31.01647
1785381268,32.7039,74.75089,90,1,241,,1,35.5604,33.69453,30.81307
1785381268,32.7306,74.757,90,1,241,,1,35.6622,33.83019,30.8808
1785381269,32.7306,74.78905,90,1,241,,1,35.6622,33.69453,31.01647
1785381270,32.81605,74.7982,90,1,241,,1,35.6622,33.83019,30.84694
1785381270,32.7306,74.72495,90,1,241,,1,35.59426,33.69453,30.94874
1785381271,32.8294,74.76921,90,1,241,,1,35.69606,33.83019,30.91467
1785381272,32.74662,74.65171,90,1,241,,1,35.73013,33.83019,30.74534
1785381272,32.75998,74.66544,90,1,242,,1,35.59426,33.72839,31.01647
1785381273,32.77333,74.57236,90,1,242,,1,35.62833,33.62679,30.81307
1785381274,32.78935,74.67307,90,1,242,,1,35.52633,33.79633,30.94874
1785381274,32.7306,74.72495,90,1,242,,1,35.6622,33.86406,30.91467
1785381275,32.7039,74.63187,90,2,241,,1,35.62833,33.66066,30.77921
1785381276,32.71725,74.61356,90,2,241,,1,35.59426,33.76226,30.8808
1785381276,32.74662,74.68681,90,1,241,,1,35.59426,33.79633,30.84694
1785381277,32.75998,74.76463,90,2,241,,1,35.6622,33.76226,30.67761
1785381278,32.78935,74.73869,90,1,241,,1,35.59426,33.79633,31.05034
1785381278,32.71725,74.70054,90,1,241,,1,35.6622,33.89813,30.94874
1785381279,32.66117,74.62272,90,1,241,,1,35.6622,33.86406,30.84694
1785381280,32.71725,74.69138,90,1,241,,1,35.62833,33.79633,30.9826
1785381280,32.8294,74.69291,90,1,241,,1,35.6622,33.76226,30.81307
1785381281,32.74662,74.77074,90,1,241,,1,35.5604,33.79633,30.77921
1785381282,32.67453,74.75548,90,2,242,,1,35.6622,33.72839,30.9826
1785381283,32.7039,74.73869,90,2,242,,1,35.69606,33.62679,31.01647
1785381283,32.77333,74.77837,90,1,242,,1,35.5604,33.76226,30.84694
1785381284,32.81605,74.78752,90,1,242,,1,35.59426,33.76226,30.8808
1785381285,32.7306,74.60593,90,1,242,,1,35.62833,33.72839,30.84694
1785381285,32.78935,74.71885,90,1,241,,1,35.59426,33.83019,30.9826
1785381286,32.78935,74.73869,90,1,241,,1,35.59426,33.69453,30.81307
1785381287,32.71725,74.64561,90,1,242,,1,35.59426,33.69453,30.84694
1785381287,32.75998,74.64561,90,1,241,,1,35.62833,33.62679,31.01647
1785381288,32.71725,74.64561,90,2,242,,1,35.6622,33.69453,30.84694
1785381289,32.81605,74.76616,90,1,241,,1,35.59426,33.59273,30.81307
1785381289,32.71725,74.69138,90,1,241,,1,35.59426,33.66066,31.01647
1785381290,32.77333,74.52811,90,1,241,,1,35.62833,33.89813,30.77921
1785381291,32.77333,74.73716,90,1,241,,1,35.62833,33.69453,30.94874
1785381291,32.69055,74.72495,90,2,241,,1,35.62833,33.72839,30.94874
1785381292,32.75998,74.75243,90,2,242,,1,35.59426,33.69453,30.81307
1785381293,32.7306,74.71427,90,1,242,,1,35.6622,33.76226,30.91467
1785381293,32.69055,74.57389,90,1,242,,1,35.62833,33.55886,31.0842
1785381294,32.8294,74.73716,90,2,242,,1,35.62833,33.69453,31.01647
1785381295,32.74662,74.64256,90,2,242,,1,35.62833,33.79633,30.91467
1785381295,32.66117,74.62272,90,1,241,,1,35.5604,33.932,30.94874
1785381296,32.81605,74.69138,90,1,241,,1,35.59426,33.89813,30.81307
1785381297,32.67453,74.77837,90,1,242,,1,35.5604,33.83019,30.81307
1785381297,32.7039,74.73869,90,1,241,,1,35.52633,33.83019,30.8808
1785381298,32.67453,74.75548,90,1,241,,1,35.59426,33.72839,31.01647
1785381299,32.75998,74.68833,90,1,241,,1,35.6622,33.72839,30.8808
1785381299,32.67453,74.71427,90,1,241,,1,35.59426,33.83019,30.91467
1785381300,32.7039,74.76158,90,1,241,,1,35.764,33.83019,31.01647
1785381301,32.66117,74.79668,90,1,241,,1,35.62833,33.69453,30.81307
1785381302,32.74662,74.84856,90,1,241,,1,35.59426,33.69453,30.84694
1785381302,32.7039,74.80583,90,1,243,,1,35.62833,33.62679,30.8808
1785381303,32.66117,74.79668,90,1,242,,1,35.59426,33.55886,30.84694
1785381304,32.7306,74.90807,90,1,242,,1,35.6622,33.62679,30.8808
1785381304,32.7039,74.80583,90,1,242,,1,35.5604,33.59273,30.84694
1785381305,32.71725,74.71122,90,1,242,,1,35.6622,33.69453,30.8808
1785381306,32.66117,74.67765,90,1,241,,1,35.52633,33.72839,30.81307
1785381306,32.7039,74.87144,90,2,241,,1,35.5604,33.79633,30.8808
1785381307,32.67453,74.75548,90,1,241,,1,35.59426,33.89813,30.9826
1785381308,32.7306,74.86687,90,2,241,,1,35.59426,33.69453,30.8808
1785381308,32.7306,74.85619,90,2,241,,1,35.59426,33.72839,30.74534
1785381309,32.71725,74.85313,90,1,241,,1,35.6622,33.66066,30.77921
1785381310,32.7306,74.73411,90,2,241,,1,35.62833,33.72839,30.84694
1785381310,32.64782,74.77074,90,2,241,,1,35.62833,33.89813,30.8808
1785381311,32.8294,74.77989,90,1,241,,1,35.73013,33.69453,30.91467
1785381312,32.77333,74.74632,90,1,241,,1,35.62833,33.79633,30.8808
1785381312,32.67453,74.73258,90,2,243,,1,35.62833,33.66066,30.77921
1785381313,32.7306,74.74632,90,2,242,,1,35.5604,33.86406,30.84694
1785381314,32.78935,74.82567,90,2,242,,1,35.5604,33.79633,30.77921
1785381314,32.74662,74.71885,90,2,242,,1,35.59426,33.79633,31.01647
1785381315,32.7039,74.63187,90,2,241,,1,35.62833,33.62679,30.81307
1785381316,32.77333,74.73716,90,1,241,,1,35.59426,33.59273,30.8808
1785381316,32.6318,74.63798,90,1,242,,1,35.62833,33.79633,30.81307
1785381317,32.75998,74.65629,90,1,241,,1,35.62833,33.86406,30.8808
1785381318,32.7306,74.78905,90,1,241,,1,35.59426,33.76226,30.8808
1785381318,32.74662,74.71885,90,1,241,,1,35.6622,33.69453,30.9826
1785381319,32.74662,74.73869,90,2,241,,1,35.52633,33.76226,30.91467
1785381320,32.85878,74.76463,90,1,241,,1,35.59426,33.86406,30.94874
1785381321,32.71725,74.78752,90,1,242,,1,35.6622,33.76226,30.84694
1785381321,32.69055,74.76006,90,1,241,,1,35.59426,33.52499,30.81307
1785381322,32.71725,74.78752,90,2,242,,1,35.59426,33.83019,31.05034
1785381323,32.69055,74.84703,90,1,243,,1,35.59426,33.83019,30.81307
1785381323,32.61845,74.72038,90,1,242,,1,35.62833,33.79633,30.84694
1785381324,32.7306,74.757,90,2,242,,1,35.6622,33.76226,30.84694
1785381325,32.71725,74.75548,90,2,242,,1,35.5604,33.59273,30.91467
1785381325,32.67453,74.63645,90,2,241,,1,35.59426,33.59273,30.8808
1785381326,32.60509,74.7158,90,2,241,,1,35.59426,33.86406,31.0842
1785381327,32.78935,74.728,90,2,241,,1,35.59426,33.72839,30.81307
1785381327,32.7039,74.68681,90,2,241,,1,35.5604,33.86406,30.81307
1785381328,32.71725,74.81956,90,2,241,,1,35.62833,33.66066,30.91467
1785381329,32.75998,74.72038,90,2,241,,1,35.62833,33.83019,31.01647
1785381329,32.7306,74.78905,90,2,241,,1,35.59426,33.76226,30.8808
1785381330,32.7039,74.73869,90,1,241,,1,35.62833,33.66066,30.84694
1785381331,32.71725,74.69138,90,1,241,,1,35.5604,33.66066,31.05034
1785381331,32.7306,74.70512,90,1,241,,1,35.62833,33.72839,30.94874
1785381332,32.69055,74.73716,90,1,242,,1,35.62833,33.66066,30.77921
1785381333,32.78935,74.80278,90,1,242,,1,35.62833,33.52499,30.8808
1785381333,32.74662,74.63187,90,1,242,,1,35.69606,33.62679,31.01647
1785381334,32.78935,74.69596,90,1,242,,1,35.6622,33.72839,30.81307
1785381335,32.78935,74.74784,90,1,242,,1,35.6622,33.72839,30.91467
1785381335,32.64782,74.69596,90,1,241,,1,35.6622,33.62679,30.94874
1785381336,32.64782,74.78294,90,1,241,,1,35.59426,33.72839,30.8808
1785381337,32.67453,74.62424,90,2,241,,1,35.59426,33.86406,30.84694
1785381337,32.69055,74.77989,90,2,241,,1,35.6622,33.69453,30.91467
1785381338,32.64782,74.83788,90,2,241,,1,35.6622,33.79633,30.81307
1785381339,32.77333,74.7982,90,2,241,,1,35.62833,33.79633,30.74534
1785381340,32.67453,74.82109,90,2,241,,1,35.5604,33.62679,30.81307
1785381340,32.67453,74.69138,90,2,241,,1,35.59426,33.89813,30.81307
1785381341,32.7306,74.95232,90,2,241,,1,35.5604,33.66066,31.05034
1785381342,32.71725,74.78752,90,2,241,,1,35.6622,33.59273,31.01647
1785381342,32.71725,74.77531,90,2,242,,1,35.59426,33.76226,30.94874
1785381343,32.66117,74.66544,90,1,242,,1,35.62833,33.86406,30.81307
1785381344,32.71725,74.65629,90,1,242,,1,35.59426,33.72839,30.94874
1785381344,32.69055,74.69596,90,1,242,,1,35.62833,33.76226,30.94874
1785381345,32.67453,74.76616,90,1,242,,1,35.62833,33.72839,30.91467
1785381346,32.71725,74.73258,90,1,241,,1,35.62833,33.83019,30.8808
1785381346,32.75998,74.79668,90,2,241,,1,35.52633,33.76226,30.8808
1785381347,32.67453,74.81041,90,2,241,,1,35.5604,33.76226,30.91467
1785381348,32.67453,74.75548,90,1,241,,1,35.5604,33.79633,30.8808
1785381348,32.66117,74.75243,90,2,242,,1,35.59426,33.66066,30.77921
1785381349,32.71725,74.78752,90,2,241,,1,35.62833,33.59273,31.01647
1785381350,32.6318,74.6273,90,2,242,,1,35.6622,33.76226,30.8808
1785381350,32.69055,74.80278,90,1,241,,1,35.62833,33.72839,30.81307
1785381351,32.60509,74.60899,90,2,242,,1,35.52633,33.83019,30.94874
1785381352,32.66117,74.79668,90,1,241,,1,35.59426,33.69453,30.8808
1785381352,32.74662,74.80583,90,2,242,,1,35.59426,33.62679,30.77921
1785381353,32.74662,74.72953,90,1,242,,1,35.59426,33.89813,31.01647
1785381354,32.71725,74.65629,90,1,242,,1,35.73013,33.55886,30.94874
1785381354,32.6318,74.74632,90,1,242,,1,35.62833,33.66066,30.81307
1785381355,32.77333,74.84398,90,1,241,,1,35.52633,33.62679,30.81307
1785381356,32.7306,74.78905,90,1,241,,1,35.59426,33.72839,30.9826
1785381356,32.61845,74.70969,90,1,241,,1,35.5604,33.72839,30.84694
1785381357,32.7039,74.79362,90,1,241,,1,35.62833,33.79633,30.84694
1785381358,32.66117,74.8394,90,1,242,,1,35.6622,33.86406,30.91467
1785381359,32.67453,74.86534,90,1,242,,1,35.52633,33.76226,30.84694
1785381359,32.75998,74.78447,90,1,241,,1,35.5604,33.76226,30.84694
1785381360,32.59174,74.85619,90,1,241,,1,35.62833,33.72839,30.9826
1785381361,32.7306,74.87907,90,1,241,,1,35.59426,33.72839,30.94874
1785381361,32.69055,74.85771,90,1,241,,1,35.62833,33.62679,30.84694
1785381362,32.66117,75.03319,90,1,241,,1,35.59426,33.66066,30.77921
1785381363,32.69055,74.88823,90,1,242,,1,35.6622,33.79633,30.84694
1785381363,32.7306,74.88823,90,1,242,,1,35.6622,33.69453,30.8808
1785381364,32.69055,74.94316,90,1,242,,1,35.59426,33.72839,30.94874
1785381365,32.7039,74.82872,90,1,242,,1,35.5604,33.89813,31.01647
1785381365,32.7039,74.87144,90,1,242,,1,35.52633,33.72839,30.8808
1785381366,32.69055,74.80278,90,1,241,,1,35.6622,33.76226,30.8808
1785381367,32.7306,74.85619,90,1,241,,1,35.5604,33.59273,30.91467
1785381367,32.69055,74.82414,90,1,242,,1,35.59426,33.932,31.05034
1785381368,32.7039,74.84856,90,1,241,,1,35.59426,33.62679,30.77921
1785381369,32.60509,74.93401,90,1,241,,1,35.6622,33.86406,30.91467
1785381369,32.7039,74.90196,90,1,242,,1,35.62833,33.69453,31.01647
1785381370,32.66117,74.94774,90,1,241,,1,35.62833,33.69453,30.91467
1785381371,32.66117,75.08812,90,1,241,,1,35.59426,33.83019,30.8808
1785381371,32.60509,74.92485,90,1,241,,1,35.5604,33.72839,30.8808
1785381372,32.7039,75.0103,90,1,242,,1,35.5604,33.76226,30.77921
1785381373,32.6318,74.89738,90,1,242,,1,35.62833,33.69453,30.91467
1785381373,32.7039,74.82872,90,1,242,,1,35.62833,33.72839,30.9826
1785381374,32.7306,74.8333,90,1,242,,1,35.59426,33.76226,31.01647
1785381375,32.71725,74.77531,90,1,242,,1,35.62833,33.72839,30.91467
1785381375,32.66117,74.74174,90,1,242,,1,35.5604,33.86406,30.81307
1785381376,32.64782,74.68375,90,1,241,,1,35.59426,33.72839,30.91467
1785381377,32.7306,74.85619,90,1,241,,1,35.52633,33.76226,30.9826
1785381378,32.69055,74.7921,90,1,241,,1,35.5604,33.76226,30.81307
1785381378,32.71725,74.78752,90,1,241,,1,35.62833,33.69453,30.94874
1785381379,32.7306,74.90807,90,1,242,,1,35.6622,33.72839,30.8808
1785381380,32.74662,74.8806,90,1,241,,1,35.6622,33.76226,30.8808
1785381380,32.67453,74.89433,90,1,241,,1,35.52633,33.69453,30.91467
1785381381,32.74662,74.86076,90,1,241,,1,35.5604,33.72839,31.01647
1785381382,32.67453,74.75548,90,1,242,,1,35.62833,33.83019,30.91467
1785381382,32.64782,74.76006,90,1,243,,1,35.59426,33.62679,30.8808
1785381383,32.69055,74.82414,90,1,242,,1,35.59426,33.86406,30.74534
1785381384,32.71725,74.86229,90,1,242,,1,35.5604,33.79633,31.01647
1785381384,32.64782,74.80278,90,1,242,,1,35.59426,33.62679,30.8808
1785381385,32.74662,74.75089,90,1,242,,1,35.59426,33.66066,30.84694
1785381386,32.69055,74.76006,90,2,241,,1,35.59426,33.69453,30.84694
1785381386,32.75998,74.75243,90,1,241,,1,35.5604,33.55886,30.94874
1785381387,32.74662,74.78294,90,1,241,,1,35.59426,33.72839,30.94874
1785381388,32.7306,74.70512,90,2,242,,1,35.59426,33.79633,30.94874
1785381388,32.69055,74.83482,90,1,241,,1,35.5604,33.79633,30.81307
1785381389,32.71725,74.84245,90,1,242,,1,35.5604,33.66066,31.01647
1785381390,32.66117,74.75243,90,1,242,,1,35.5604,33.69453,31.05034
1785381390,32.77333,74.77837,90,1,242,,1,35.62833,33.72839,30.9826
1785381391,32.78935,74.82567,90,1,241,,1,35.62833,33.69453,31.05034
1785381392,32.71725,74.86229,90,1,241,,1,35.62833,33.62679,30.74534
1785381392,32.7306,74.85619,90,1,242,,1,35.5604,33.62679,30.9826
1785381393,32.64782,74.74784,90,1,242,,1,35.59426,33.76226,30.67761
1785381394,32.7306,74.72495,90,1,242,,1,35.62833,33.72839,30.84694
1785381394,32.7306,74.68223,90,1,242,,1,35.59426,33.72839,30.71147
1785381395,32.7306,74.81194,90,1,241,,1,35.62833,33.66066,30.81307
1785381396,32.7039,74.78447,90,1,242,,1,35.6622,33.69453,30.94874
1785381397,32.64782,74.9218,90,1,242,,1,35.6622,33.79633,31.01647
1785381397,32.71725,74.76463,90,1,241,,1,35.62833,33.76226,30.84694
1785381398,32.7039,74.82872,90,1,241,,1,35.6622,33.72839,30.77921
1785381399,32.7306,74.90807,90,1,241,,1,35.52633,33.72839,30.81307
1785381399,32.71725,74.85313,90,1,241,,1,35.5604,33.86406,30.9826
1785381400,32.7039,75.04539,90,1,241,,1,35.6622,33.69453,30.84694
1785381401,32.75998,74.92638,90,1,242,,1,35.62833,33.66066,31.01647
1785381401,32.75998,74.79668,90,1,241,,1,35.49246,33.59273,30.9826
1785381402,32.67453,74.81041,90,1,241,,1,35.5604,33.69453,30.94874
1785381403,32.67453,74.71427,90,1,242,,1,35.52633,33.72839,31.05034
1785381403,32.75998,74.79668,90,1,242,,1,35.52633,33.83019,30.8808
1785381404,32.71725,74.74326,90,1,242,,1,35.62833,33.69453,30.81307
1785381405,32.74662,74.66392,90,1,242,,1,35.6622,33.72839,30.84694
1785381405,32.7039,74.75089,90,2,242,,1,35.59426,33.79633,30.94874
1785381406,32.7039,74.81651,90,1,241,,1,35.62833,33.72839,30.8808
1785381407,32.81605,74.73411,90,1,241,,1,35.59426,33.89813,30.81307
1785381407,32.71725,74.86229,90,1,241,,1,35.59426,33.76226,30.91467
1785381408,32.67453,74.91722,90,1,242,,1,35.5604,33.62679,30.77921
1785381409,32.67453,74.84245,90,1,241,,1,35.62833,33.79633,30.91467
1785381409,32.64782,74.93401,90,1,241,,1,35.4586,33.72839,30.91467
1785381410,32.77333,74.7982,90,1,241,,1,35.6622,33.76226,30.91467
1785381411,32.67453,74.73258,90,1,242,,1,35.62833,33.69453,30.8808
1785381411,32.7039,74.81651,90,1,241,,1,35.764,33.83019,31.01647
1785381412,32.67453,74.77837,90,1,242,,1,35.6622,33.66066,30.91467
1785381413,32.7039,74.82872,90,1,242,,1,35.5604,33.62679,30.84694
1785381413,32.71725,74.78752,90,1,242,,1,35.5604,33.62679,30.91467
1785381414,32.69055,74.80278,90,1,242,,1,35.73013,33.55886,30.91467
1785381415,32.8027,74.78447,90,1,242,,1,35.62833,33.62679,30.77921
1785381416,32.71725,74.72343,90,1,241,,1,35.52633,33.72839,31.01647
1785381416,32.59174,74.74784,90,1,241,,1,35.49246,33.79633,30.8808
1785381417,32.75998,74.75243,90,1,241,,1,35.59426,33.83019,30.91467
1785381418,32.69055,74.76921,90,1,242,,1,35.6622,33.72839,30.8808
1785381418,32.64782,74.77074,90,1,242,,1,35.59426,33.76226,30.8808
1785381419,32.66117,74.61051,90,1,241,,1,35.59426,33.76226,30.8808
1785381420,32.67453,74.64713,90,2,241,,1,35.4586,33.66066,30.84694
1785381420,32.7039,74.72038,90,2,242,,1,35.5604,33.42319,30.94874
1785381421,32.71725,74.76463,90,2,242,,1,35.5604,33.66066,30.60987
1785381422,32.71725,74.75548,90,2,241,,1,35.62833,33.66066,30.94874
1785381422,32.74662,74.80583,90,1,243,,1,35.69606,33.79633,30.84694
1785381423,32.71725,74.7982,90,2,242,,1,35.49246,33.66066,30.81307
1785381424,32.7039,74.82872,90,1,242,,1,35.52633,33.72839,30.8808
1785381424,32.74662,74.91264,90,2,242,,1,35.5604,33.83019,30.8808
1785381425,32.66117,74.67765,90,1,241,,1,35.5604,33.72839,30.8808
1785381426,32.77333,74.90807,90,1,241,,1,35.5604,33.79633,30.81307
1785381426,32.64782,74.93401,90,2,241,,1,35.5604,33.76226,30.84694
1785381427,32.75998,74.73258,90,2,241,,1,35.49246,34.03379,30.8808
1785381428,32.66117,74.75243,90,2,241,,1,35.5604,33.59273,30.84694
1785381428,32.60509,74.70664,90,2,241,,1,35.5604,33.66066,30.81307
1785381429,32.57572,74.8745,90,2,241,,1,35.6622,33.66066,30.81307
1785381430,32.69055,74.84703,90,2,241,,1,35.59426,33.76226,30.84694
1785381430,32.64782,74.6746,90,2,241,,1,35.5604,33.69453,30.71147
1785381431,32.7306,74.89738,90,2,242,,1,35.49246,33.79633,30.8808
1785381432,32.69055,74.7921,90,2,241,,1,35.49246,33.76226,30.81307
1785381433,32.64782,74.74784,90,1,242,,1,35.59426,33.55886,30.81307
1785381433,32.61845,74.85161,90,1,242,,1,35.52633,33.66066,30.77921
1785381434,32.71725,74.90654,90,1,242,,1,35.62833,33.69453,30.9826
1785381435,32.7306,74.8333,90,1,242,,1,35.62833,33.76226,30.77921
1785381435,32.7306,74.77837,90,1,241,,1,35.59426,33.72839,30.84694
1785381436,32.69055,74.87907,90,2,242,,1,35.6622,33.69453,31.01647
1785381437,32.7306,74.81194,90,2,241,,1,35.59426,33.55886,30.8808
1785381437,32.54902,74.76006,90,2,241,,1,35.73013,33.86406,30.9826
1785381438,32.67453,74.76616,90,2,242,,1,35.5604,33.72839,30.9826
1785381439,32.7039,74.89281,90,1,241,,1,35.62833,33.79633,30.8808
1785381439,32.66117,74.75243,90,1,242,,1,35.5604,33.72839,30.74534
1785381440,32.67453,74.72343,90,2,241,,1,35.52633,33.79633,30.94874
1785381441,32.66117,74.80736,90,2,241,,1,35.52633,33.76226,30.9826
1785381441,32.7039,74.78447,90,2,241,,1,35.59426,33.83019,30.94874
1785381442,32.66117,74.74174,90,2,241,,1,35.5604,33.62679,31.01647
1785381443,32.7039,74.6746,90,2,242,,1,35.6622,33.89813,31.05034
1785381443,32.6318,74.757,90,2,242,,1,35.5604,33.83019,30.84694
1785381444,32.77333,74.86534,90,1,242,,1,35.62833,33.76226,30.91467
1785381445,32.64782,74.80278,90,1,242,,1,35.52633,33.76226,30.94874
1785381445,32.69055,74.77989,90,2,241,,1,35.59426,33.66066,30.8808
1785381446,32.74662,74.92485,90,2,241,,1,35.52633,33.76226,30.8808
1785381447,32.6318,74.72343,90,1,241,,1,35.62833,33.66066,30.81307
1785381447,32.66117,74.90349,90,2,241,,1,35.59426,33.89813,30.8808
1785381448,32.7306,74.78905,90,2,241,,1,35.5604,33.76226,30.67761
1785381449,32.7039,74.88365,90,2,242,,1,35.59426,33.76226,30.91467
1785381449,32.7039,74.79362,90,2,241,,1,35.62833,33.69453,30.84694
1785381450,32.7306,74.87907,90,2,241,,1,35.59426,33.69453,30.8808
1785381451,32.8027,74.8394,90,2,242,,1,35.59426,33.62679,30.64374
1785381451,32.59174,74.84703,90,2,241,,1,35.5604,33.86406,30.84694
1785381452,32.60509,74.79362,90,2,243,,1,35.6622,33.79633,30.94874
1785381453,32.7306,74.81194,90,2,242,,1,35.5604,33.76226,30.84694
1785381454,32.77333,74.78905,90,1,242,,1,35.4586,33.66066,30.94874
1785381454,32.69055,74.73716,90,1,242,,1,35.5604,33.72839,30.84694
1785381455,32.74662,74.81499,90,1,242,,1,35.52633,33.69453,31.01647
1785381456,32.6318,74.82109,90,1,241,,1,35.59426,33.62679,30.74534
1785381456,32.67453,74.76616,90,1,241,,1,35.49246,33.72839,30.8808
1785381457,32.67453,74.87602,90,1,241,,1,35.59426,33.66066,30.91467
1785381458,32.7306,74.93095,90,1,241,,1,35.62833,33.72839,30.77921
1785381458,32.69055,74.82414,90,1,241,,1,35.49246,33.79633,30.8808
1785381459,32.56237,74.90349,90,1,241,,1,35.52633,33.69453,30.67761
1785381460,32.60509,74.86076,90,1,241,,1,35.49246,33.72839,30.84694
1785381460,32.74662,74.89281,90,2,241,,1,35.59426,33.79633,30.84694
1785381461,32.69055,74.95384,90,1,241,,1,35.59426,33.72839,30.91467
1785381462,32.7306,74.92027,90,1,242,,1,35.49246,33.66066,30.94874
1785381462,32.67453,74.82109,90,2,242,,1,35.59426,33.79633,30.74534
1785381463,32.6318,74.76616,90,1,242,,1,35.52633,33.83019,30.94874
1785381464,32.6318,74.86534,90,2,242,,1,35.5604,33.72839,31.05034
1785381464,32.67453,74.67918,90,2,242,,1,35.5604,33.86406,30.74534
1785381465,32.61845,74.80736,90,2,242,,1,35.59426,33.72839,30.81307
1785381466,32.64782,74.728,90,2,241,,1,35.4586,33.72839,30.94874
1785381466,32.60509,74.76158,90,2,241,,1,35.52633,33.66066,31.05034
1785381467,32.66117,74.94774,90,2,241,,1,35.62833,33.69453,30.91467
1785381468,32.75998,74.79668,90,1,241,,1,35.59426,33.69453,30.94874
1785381468,32.7039,74.81651,90,2,241,,1,35.62833,33.69453,30.74534
1785381469,32.7306,74.74632,90,2,241,,1,35.6622,33.66066,30.94874
1785381470,32.7039,74.80583,90,1,241,,1,35.6622,33.66066,30.84694
1785381470,32.66117,74.77379,90,2,241,,1,35.59426,33.76226,30.74534
1785381471,32.77333,74.84398,90,2,241,,1,35.5604,33.89813,30.74534
1785381472,32.7306,74.757,90,2,242,,1,35.59426,33.72839,30.81307
1785381473,32.67453,74.77837,90,2,243,,1,35.62833,33.89813,30.94874
1785381473,32.6318,74.88518,90,2,242,,1,35.52633,33.83019,30.8808
1785381474,32.6318,74.65934,90,2,242,,1,35.6622,33.69453,30.91467
1785381475,32.66117,74.8394,90,2,242,,1,35.59426,33.89813,30.94874
1785381475,32.67453,74.73258,90,2,241,,1,35.59426,33.72839,31.01647
1785381476,32.67453,74.76616,90,2,241,,1,35.52633,33.76226,30.94874
1785381477,32.67453,74.77837,90,1,241,,1,35.5604,33.59273,30.8808
1785381477,32.66117,74.77379,90,2,241,,1,35.6622,33.69453,30.91467
1785381478,32.67453,74.82109,90,2,241,,1,35.6622,33.76226,30.74534
1785381479,32.6318,74.65934,90,2,241,,1,35.62833,33.79633,30.74534
1785381479,32.64782,74.81499,90,2,241,,1,35.59426,33.72839,30.84694
1785381480,32.6318,74.76616,90,2,242,,1,35.62833,33.86406,30.91467
1785381481,32.67453,74.84245,90,2,242,,1,35.52633,33.76226,30.84694
1785381481,32.7039,74.77379,90,2,241,,1,35.49246,33.79633,30.91467
1785381482,32.71725,74.77531,90,2,241,,1,35.49246,33.66066,30.94874
1785381483,32.7306,74.85619,90,2,242,,1,35.5604,33.69453,31.01647
1785381483,32.61845,74.85161,90,2,242,,1,35.59426,33.76226,30.74534
1785381484,32.7039,74.94774,90,2,242,,1,35.52633,33.72839,30.91467
1785381485,32.60509,74.98894,90,2,242,,1,35.5604,33.76226,30.84694
1785381485,32.61845,74.9157,90,2,242,,1,35.49246,33.66066,30.74534
1785381486,32.64782,74.82567,90,2,241,,1,35.5604,33.76226,30.8808
1785381487,32.6318,74.86534,90,2,241,,1,35.5604,33.86406,30.84694
1785381487,32.67453,74.91722,90,1,241,,1,35.62833,33.76226,30.8808
1785381488,32.69055,74.97673,90,1,241,,1,35.6622,33.69453,30.94874
1785381489,32.69055,74.95384,90,2,241,,1,35.62833,33.59273,30.77921
1785381489,32.6318,74.92943,90,2,241,,1,35.52633,33.62679,30.81307
1785381490,32.64782,74.82567,90,2,241,,1,35.59426,33.66066,30.77921
1785381491,32.67453,74.90654,90,1,241,,1,35.6622,33.69453,30.77921
1785381492,32.71725,74.93858,90,1,241,,1,35.4586,33.69453,30.81307
1785381492,32.6318,74.89738,90,1,242,,1,35.59426,33.76226,30.81307
1785381493,32.61845,74.89433,90,1,242,,1,35.49246,33.59273,30.9826
1785381494,32.64782,74.96605,90,1,242,,1,35.59426,33.72839,30.77921
1785381494,32.59174,74.70206,90,1,242,,1,35.4586,33.59273,30.71147
1785381495,32.64782,74.81499,90,1,242,,1,35.6622,33.62679,30.91467
1785381496,32.71725,74.74326,90,1,241,,1,35.59426,33.62679,30.77921
1785381496,32.71725,74.78752,90,1,241,,1,35.5604,33.59273,30.81307
1785381497,32.60509,74.70664,90,1,241,,1,35.5604,33.72839,30.8808
1785381498,32.75998,74.72038,90,2,241,,1,35.62833,33.66066,30.9826
1785381498,32.60509,74.76158,90,2,241,,1,35.59426,33.62679,30.94874
1785381499,32.7039,74.78447,90,2,241,,1,35.59426,33.69453,30.81307
1785381500,32.69055,74.7921,90,1,241,,1,35.59426,33.72839,30.81307
1785381500,32.64782,74.728,90,2,242,,1,35.59426,33.66066,30.91467
1785381501,32.69055,74.70512,90,2,241,,1,35.52633,33.59273,31.01647
1785381502,32.7039,74.75089,90,2,241,,1,35.5604,33.66066,30.77921
1785381502,32.61845,74.88365,90,1,242,,1,35.59426,33.69453,30.81307
1785381503,32.77333,74.76616,90,1,242,,1,35.49246,33.72839,30.84694
1785381504,32.59174,74.87602,90,1,242,,1,35.62833,33.79633,30.84694
1785381504,32.69055,74.85771,90,1,242,,1,35.59426,33.79633,30.94874
1785381505,32.78935,74.83482,90,1,241,,1,35.5604,33.66066,30.74534
1785381506,32.69055,74.84703,90,2,241,,1,35.59426,33.59273,30.71147
1785381506,32.71725,74.81956,90,2,241,,1,35.59426,33.72839,30.94874
1785381507,32.67453,74.86534,90,2,241,,1,35.49246,33.55886,30.9826
1785381508,32.64782,74.82567,90,2,241,,1,35.59426,33.76226,30.8808
1785381508,32.69055,74.84703,90,2,241,,1,35.5604,33.83019,30.94874
1785381509,32.71725,74.86229,90,2,241,,1,35.69606,33.69453,30.84694
1785381510,32.64782,74.7158,90,2,241,,1,35.52633,33.69453,30.81307
1785381511,32.64782,74.83788,90,2,241,,1,35.62833,33.62679,31.0842
1785381511,32.64782,74.79362,90,2,241,,1,35.5604,33.72839,30.77921
1785381512,32.7039,75.00114,90,2,242,,1,35.59426,33.79633,30.84694
1785381513,32.66117,74.85161,90,2,242,,1,35.52633,33.76226,30.8808
1785381513,32.7039,74.91264,90,1,242,,1,35.5604,33.69453,30.84694
1785381514,32.71725,74.86229,90,1,242,,1,35.52633,33.72839,30.77921
1785381515,32.71725,74.91722,90,1,242,,1,35.5604,33.83019,30.91467
1785381515,32.67453,74.7982,90,2,241,,1,35.59426,33.83019,30.84694
1785381516,32.69055,74.82414,90,2,241,,1,35.4586,33.83019,30.81307
1785381517,32.64782,74.79362,90,2,241,,1,35.59426,33.69453,30.8808
1785381517,32.7039,74.97978,90,1,242,,1,35.6622,33.72839,30.77921
1785381518,32.66117,74.72953,90,1,242,,1,35.59426,33.62679,30.81307
1785381519,32.74662,74.84856,90,1,241,,1,35.59426,33.66066,30.8808
1785381519,32.66117,74.8806,90,1,241,,1,35.62833,33.83019,30.8808
1785381520,32.6318,74.8745,90,1,241,,1,35.4586,33.79633,30.8808
1785381521,32.67453,74.88518,90,1,241,,1,35.62833,33.89813,30.91467
1785381521,32.71725,74.88518,90,2,242,,1,35.59426,33.89813,30.8808
1785381522,32.61845,74.85161,90,1,242,,1,35.49246,33.66066,30.9826
1785381523,32.59174,74.91112,90,1,242,,1,35.6622,33.62679,30.74534
1785381523,32.6318,74.90807,90,1,242,,1,35.52633,33.89813,31.01647
1785381524,32.7039,74.90196,90,1,242,,1,35.5604,33.89813,30.74534
1785381525,32.60509,74.88976,90,1,242,,1,35.4586,33.83019,30.8808
1785381525,32.64782,74.96605,90,1,241,,1,35.69606,33.79633,30.91467
1785381526,32.66117,74.82872,90,1,241,,1,35.52633,33.62679,30.74534
1785381527,32.64782,74.90196,90,1,241,,1,35.59426,33.76226,30.84694
1785381527,32.67453,74.85313,90,1,241,,1,35.5604,33.76226,30.91467
1785381528,32.67453,74.7982,90,1,241,,1,35.52633,33.72839,30.81307
1785381529,32.6318,74.88518,90,1,241,,1,35.42453,33.72839,30.84694
1785381530,32.54902,74.96605,90,1,241,,1,35.59426,33.69453,30.94874
1785381530,32.61845,74.81956,90,1,242,,1,35.5604,33.79633,30.8808
1785381531,32.7306,74.95232,90,1,241,,1,35.59426,33.83019,30.8808
1785381532,32.74662,74.93401,90,1,241,,1,35.5604,33.59273,30.74534
1785381532,32.77333,74.89891,90,1,242,,1,35.4586,33.66066,31.0842
1785381533,32.6318,74.85619,90,2,242,,1,35.52633,33.83019,30.84694
1785381534,32.61845,74.87144,90,2,242,,1,35.62833,33.72839,31.05034
1785381534,32.74662,74.86076,90,2,242,,1,35.5604,33.66066,30.91467
1785381535,32.66117,74.80736,90,2,242,,1,35.59426,33.89813,30.71147
1785381536,32.7039,74.77379,90,2,241,,1,35.59426,33.76226,30.94874
1785381536,32.69055,74.91112,90,1,241,,1,35.5604,33.55886,30.74534
1785381537,32.8027,75.00114,90,1,241,,1,35.6622,33.79633,30.84694
1785381538,32.7039,74.76158,90,2,241,,1,35.5604,33.86406,30.94874
1785381538,32.74662,74.80583,90,2,241,,1,35.5604,33.69453,30.81307
1785381539,32.7306,74.757,90,2,241,,1,35.59426,33.72839,30.91467
1785381540,32.77333,74.86534,90,2,241,,1,35.5604,33.86406,30.71147
1785381540,32.7039,74.77379,90,1,241,,1,35.5604,33.76226,30.8808
1785381541,32.69055,74.7921,90,1,242,,1,35.52633,33.86406,30.84694
1785381542,32.71725,74.74326,90,2,241,,1,35.5604,33.89813,30.67761
1785381542,32.61845,74.6685,90,2,242,,1,35.59426,33.52499,30.81307
1785381543,32.8027,74.8394,90,2,242,,1,35.52633,33.72839,30.91467
1785381544,32.7039,74.69749,90,2,242,,1,35.5604,33.86406,30.74534
1785381544,32.57572,74.71122,90,2,242,,1,35.59426,33.59273,30.84694
1785381545,32.7039,74.78447,90,2,241,,1,35.5604,33.62679,30.91467
1785381546,32.66117,74.77379,90,2,241,,1,35.5604,33.72839,30.77921
1785381546,32.59174,74.84703,90,2,241,,1,35.5604,33.79633,30.9826
1785381547,32.71725,74.91722,90,2,241,,1,35.49246,33.72839,30.94874
1785381548,32.74662,74.83788,90,2,241,,1,35.52633,33.62679,31.01647
1785381549,32.71725,74.8745,90,2,241,,1,35.59426,33.66066,30.60987
1785381549,32.64782,74.70664,90,1,241,,1,35.62833,33.69453,30.8808
1785381550,32.71725,74.83025,90,1,242,,1,35.59426,33.55886,30.84694
1785381551,32.71725,74.76463,90,1,241,,1,35.5604,33.72839,30.91467
1785381551,32.67453,74.77837,90,1,241,,1,35.5604,33.72839,30.84694
1785381552,32.67453,74.78752,90,1,241,,1,35.5604,33.66066,30.8808
1785381553,32.7039,74.84856,90,1,242,,1,35.49246,33.59273,30.74534
1785381553,32.54902,74.7158,90,1,242,,1,35.5604,33.66066,30.91467
1785381554,32.6318,74.757,90,1,242,,1,35.42453,33.69453,30.8808
1785381555,32.77333,74.77837,90,1,242,,1,35.5604,33.83019,30.81307
1785381555,32.64782,74.85771,90,2,241,,1,35.52633,33.86406,30.91467
1785381556,32.7039,74.80583,90,2,241,,1,35.59426,33.76226,30.81307
1785381557,32.67453,74.77837,90,2,241,,1,35.52633,33.69453,30.77921
1785381557,32.66117,74.79668,90,2,241,,1,35.59426,33.72839,30.77921
1785381558,32.6318,74.81194,90,2,241,,1,35.62833,33.72839,30.8808
1785381559,32.67453,74.86534,90,2,241,,1,35.59426,33.83019,30.91467
1785381559,32.66117,74.8806,90,2,242,,1,35.49246,33.79633,30.91467
1785381560,32.77333,74.91722,90,2,241,,1,35.5604,33.79633,30.94874
1785381561,32.7306,74.8333,90,2,241,,1,35.62833,33.69453,30.91467
1785381561,32.6318,74.85619,90,2,241,,1,35.52633,33.72839,30.84694
1785381562,32.54902,74.84703,90,2,242,,1,35.69606,33.69453,30.9826
1785381563,32.66117,74.9157,90,2,242,,1,35.62833,33.66066,30.77921
1785381563,32.66117,74.77379,90,2,242,,1,35.5604,33.76226,30.84694
1785381564,32.6318,74.84398,90,2,242,,1,35.49246,33.76226,30.94874
1785381565,32.64782,74.82567,90,2,242,,1,35.49246,33.66066,30.71147
1785381565,32.66117,74.82872,90,2,241,,1,35.5604,33.83019,30.77921
1785381566,32.7039,74.86076,90,2,242,,1,35.52633,33.62679,30.91467
1785381567,32.71725,74.7982,90,2,241,,1,35.69606,33.76226,30.9826
1785381568,32.61845,74.77531,90,2,242,,1,35.49246,33.83019,30.94874
1785381568,32.66117,74.77379,90,2,241,,1,35.5604,33.66066,30.81307
1785381569,32.66117,74.86229,90,2,241,,1,35.52633,33.62679,30.8808
1785381570,32.66117,74.94774,90,2,242,,1,35.49246,33.55886,31.01647
1785381570,32.59174,74.82414,90,2,241,,1,35.52633,33.72839,30.74534
1785381571,32.67453,74.8333,90,2,241,,1,35.62833,33.79633,30.77921
1785381572,32.7039,74.90196,90,2,241,,1,35.62833,33.62679,30.91467
1785381572,32.61845,74.78752,90,2,242,,1,35.5604,33.89813,30.94874
1785381573,32.66117,74.9157,90,2,242,,1,35.42453,33.72839,30.8808
1785381574,32.64782,74.93401,90,2,242,,1,35.5604,33.76226,30.91467
1785381574,32.7039,74.88365,90,1,242,,1,35.59426,33.66066,30.91467
1785381575,32.60509,74.82567,90,2,242,,1,35.5604,33.62679,30.84694
1785381576,32.6318,74.8745,90,2,242,,1,35.52633,33.59273,30.9826
1785381576,32.60509,74.86076,90,2,241,,1,35.59426,33.62679,31.01647
1785381577,32.67453,74.90654,90,1,241,,1,35.62833,33.69453,30.84694
1785381578,32.6318,74.90807,90,1,241,,1,35.5604,33.72839,30.91467
1785381578,32.66117,74.87144,90,1,241,,1,35.52633,33.62679,30.8808
1785381579,32.64782,74.85771,90,1,241,,1,35.5604,33.69453,30.94874
1785381580,32.6318,74.92027,90,1,241,,1,35.52633,33.66066,30.94874
1785381580,32.7306,74.8333,90,1,241,,1,35.62833,33.69453,30.84694
1785381581,32.7039,75.02251,90,1,241,,1,35.5604,33.66066,30.64374
1785381582,32.66117,74.8806,90,1,241,,1,35.52633,33.59273,30.81307
1785381582,32.57572,74.86229,90,1,242,,1,35.59426,33.62679,30.81307
1785381583,32.57572,74.8745,90,1,242,,1,35.49246,33.69453,30.84694
1785381584,32.66117,74.90349,90,2,242,,1,35.52633,33.69453,30.94874
1785381584,32.67453,74.74326,90,1,242,,1,35.52633,33.69453,30.9826
1785381585,32.71725,74.88518,90,1,241,,1,35.59426,33.55886,30.8808
1785381586,32.71725,74.90654,90,1,242,,1,35.5604,33.62679,30.81307
1785381586,32.66117,74.8806,90,1,241,,1,35.52633,33.62679,30.77921
1785381587,32.64782,74.9218,90,1,241,,1,35.5604,33.59273,30.64374
1785381588,32.64782,74.84703,90,1,241,,1,35.62833,33.66066,30.9826
1785381589,32.67453,74.86534,90,1,241,,1,35.5604,33.79633,30.77921
1785381589,32.7039,74.87144,90,1,241,,1,35.62833,33.66066,30.81307
1785381590,32.64782,74.84703,90,1,241,,1,35.52633,33.66066,30.81307
1785381591,32.64782,74.82567,90,1,241,,1,35.52633,33.69453,30.81307
1785381591,32.66117,74.8394,90,1,241,,1,35.62833,33.66066,30.84694
1785381592,32.71725,74.86229,90,1,242,,1,35.59426,33.69453,30.77921
1785381593,32.64782,74.84703,90,1,242,,1,35.62833,33.66066,30.84694
1785381593,32.75998,74.81956,90,1,242,,1,35.59426,33.83019,30.67761
1785381594,32.67453,74.8333,90,1,242,,1,35.4586,33.79633,30.91467
1785381595,32.6318,74.88518,90,1,242,,1,35.52633,33.59273,30.9826
1785381595,32.59174,74.7921,90,1,241,,1,35.5604,33.79633,30.74534
1785381596,32.74662,74.96758,90,1,242,,1,35.59426,33.62679,30.91467
1785381597,32.6318,74.85619,90,1,241,,1,35.5604,33.76226,30.84694
1785381597,32.7039,74.80583,90,1,241,,1,35.5604,33.66066,30.94874
1785381598,32.6318,74.77837,90,2,241,,1,35.4586,33.72839,30.94874
1785381599,32.51965,74.79668,90,2,241,,1,35.59426,33.69453,30.77921
1785381599,32.60509,74.81651,90,2,241,,1,35.52633,33.66066,30.94874
1785381600,32.66117,74.77379,90,2,241,,1,35.6622,33.52499,30.77921
1785381601,32.64782,74.82567,90,2,242,,1,35.49246,33.69453,30.8808
1785381601,32.64782,74.90196,90,2,242,,1,35.59426,33.59273,30.77921
1785381602,32.71725,74.89433,90,2,242,,1,35.59426,33.76226,30.77921
1785381603,32.54902,74.83482,90,2,242,,1,35.59426,33.69453,30.84694
1785381603,32.6318,74.8745,90,1,242,,1,35.5604,33.66066,30.94874
1785381604,32.7039,74.89281,90,1,242,,1,35.5604,33.76226,30.74534
1785381605,32.59174,74.84703,90,2,242,,1,35.5604,33.79633,30.84694
1785381605,32.66117,74.92638,90,1,241,,1,35.6622,33.72839,30.71147
1785381606,32.6318,74.92027,90,1,241,,1,35.52633,33.72839,30.8808
1785381607,32.60509,74.90196,90,1,241,,1,35.52633,33.76226,30.84694
1785381608,32.7039,74.96758,90,1,241,,1,35.5604,33.59273,30.8808
1785381608,32.60509,74.79362,90,1,241,,1,35.49246,33.59273,30.94874
1785381609,32.7039,74.92485,90,2,241,,1,35.59426,33.66066,30.8808
1785381610,32.61845,75.0042,90,1,241,,1,35.5604,33.69453,30.84694
1785381610,32.60509,74.77074,90,2,241,,1,35.4586,33.72839,30.81307
1785381611,32.66117,74.85161,90,2,241,,1,35.5604,33.76226,30.77921
1785381612,32.64782,74.88976,90,2,241,,1,35.49246,33.59273,30.81307
1785381612,32.60509,74.80583,90,2,242,,1,35.59426,33.69453,30.74534
1785381613,32.6318,74.8333,90,2,242,,1,35.4586,33.59273,30.81307
1785381614,32.6318,74.8745,90,1,242,,1,35.49246,33.76226,30.8808
1785381614,32.6318,74.82109,90,1,242,,1,35.49246,33.66066,30.84694
1785381615,32.7039,74.95689,90,1,242,,1,35.5604,33.66066,30.8808
1785381616,32.61845,74.9157,90,2,241,,1,35.49246,33.59273,30.81307
1785381616,32.59174,74.83482,90,2,241,,1,35.59426,33.79633,30.81307
1785381617,32.7039,74.82872,90,1,241,,1,35.5604,33.76226,30.9826
1785381618,32.60509,74.86992,90,1,242,,1,35.59426,33.52499,30.84694
1785381618,32.60509,74.86992,90,1,241,,1,35.59426,33.69453,30.8808
1785381619,32.54902,74.89891,90,1,241,,1,35.5604,33.69453,30.81307
1785381620,32.6318,74.90807,90,1,241,,1,35.62833,33.55886,30.8808
1785381620,32.66117,74.85161,90,1,241,,1,35.49246,33.69453,30.8808
1785381621,32.64782,74.97673,90,1,241,,1,35.5604,33.62679,30.67761
1785381622,32.56237,74.99046,90,2,241,,1,35.5604,33.89813,30.84694
1785381622,32.66117,74.97063,90,2,242,,1,35.4586,33.66066,31.01647
1785381623,32.7039,75.07439,90,1,242,,1,35.49246,33.69453,30.91467
1785381624,32.54902,74.9218,90,2,242,,1,35.49246,33.79633,30.8808
1785381624,32.54902,74.9218,90,2,242,,1,35.52633,33.55886,31.05034
1785381625,32.56237,74.93553,90,1,242,,1,35.62833,33.59273,30.94874
1785381626,32.6318,74.89738,90,2,241,,1,35.59426,33.52499,30.94874
1785381627,32.6318,74.95232,90,1,241,,1,35.5604,33.83019,30.71147
1785381627,32.56237,74.90349,90,1,241,,1,35.5604,33.66066,30.9826
1785381628,32.60509,74.86076,90,1,241,,1,35.52633,33.55886,30.8808
1785381629,32.61845,74.90654,90,1,241,,1,35.59426,33.62679,30.8808
1785381629,32.60509,74.88976,90,1,241,,1,35.52633,33.72839,30.77921
1785381630,32.7039,74.82872,90,1,241,,1,35.49246,33.76226,30.8808
1785381631,32.64782,74.90196,90,1,241,,1,35.49246,33.69453,30.9826
1785381631,32.64782,74.79362,90,1,241,,1,35.4586,33.59273,30.8808
1785381632,32.61845,74.89433,90,1,241,,1,35.5604,33.69453,30.84694
1785381633,32.71725,75.06828,90,1,242,,1,35.5604,33.79633,30.91467
1785381633,32.6318,75.00572,90,1,242,,1,35.49246,33.72839,30.91467
1785381634,32.64782,75.03166,90,1,242,,1,35.62833,33.66066,30.74534
1785381635,32.61845,75.11101,90,1,242,,1,35.52633,33.62679,30.81307
1785381635,32.56237,74.99046,90,1,241,,1,35.49246,33.55886,30.84694
1785381636,32.60509,75.02251,90,1,241,,1,35.42453,33.66066,30.81307
1785381637,32.56237,74.94774,90,1,241,,1,35.52633,33.72839,30.81307
1785381637,32.64782,75.00877,90,2,241,,1,35.52633,33.69453,30.77921
1785381638,32.59174,74.98589,90,2,242,,1,35.4586,33.59273,30.81307
1785381639,32.7039,74.96758,90,2,241,,1,35.49246,33.72839,30.94874
1785381639,32.6318,74.9752,90,2,241,,1,35.59426,33.62679,30.84694
1785381640,32.66117,74.92638,90,2,241,,1,35.62833,33.38933,30.77921
1785381641,32.64782,74.99962,90,2,241,,1,35.52633,33.62679,30.84694
1785381641,32.54902,74.99809,90,2,241,,1,35.5604,33.72839,30.91467
1785381642,32.56237,75.03166,90,2,243,,1,35.52633,33.76226,30.77921
1785381643,32.59174,75.00877,90,2,242,,1,35.52633,33.66066,30.94874
1785381643,32.61845,74.94926,90,2,242,,1,35.6622,33.79633,30.81307
1785381644,32.61845,75.03319,90,1,242,,1,35.49246,33.72839,30.74534
1785381645,32.66117,74.94774,90,2,242,,1,35.52633,33.49113,30.74534
1785381646,32.64782,75.0515,90,2,241,,1,35.5604,33.62679,30.91467
1785381646,32.59174,75.02708,90,2,241,,1,35.4586,33.69453,30.84694
1785381647,32.54902,75.07286,90,1,241,,1,35.5604,33.69453,30.81307
1785381648,32.57572,75.05608,90,2,241,,1,35.49246,33.76226,30.94874
1785381648,32.67453,75.10185,90,2,242,,1,35.5604,33.66066,30.94874
1785381649,32.61845,75.01335,90,1,241,,1,35.49246,33.72839,30.77921
1785381650,32.61845,75.01335,90,1,241,,1,35.4586,33.69453,30.84694
1785381650,32.61845,74.98131,90,1,241,,1,35.52633,33.55886,30.91467
1785381651,32.51965,75.02251,90,1,241,,1,35.52633,33.79633,30.8808
1785381652,32.66117,74.99046,90,2,241,,1,35.42453,33.72839,30.91467
1785381652,32.59174,75.06065,90,2,243,,1,35.52633,33.62679,30.84694
1785381653,32.57572,74.96147,90,2,242,,1,35.49246,33.69453,30.64374
1785381654,32.71725,74.96147,90,2,242,,1,35.4586,33.62679,30.71147
1785381654,32.67453,74.92943,90,2,242,,1,35.52633,33.79633,30.77921
1785381655,32.67453,75.01488,90,2,242,,1,35.62833,33.69453,30.8808
1785381656,32.64782,74.97673,90,1,241,,1,35.52633,33.55886,30.81307
1785381656,32.61845,74.90654,90,2,242,,1,35.59426,33.62679,30.77921
1785381657,32.53567,74.8745,90,2,241,,1,35.4586,33.72839,30.77921
1785381658,32.61845,74.89433,90,2,241,,1,35.49246,33.69453,30.77921
1785381658,32.6318,74.8333,90,2,241,,1,35.49246,33.62679,30.91467
1785381659,32.60509,74.84856,90,2,241,,1,35.62833,33.72839,30.84694
1785381660,32.67453,74.99504,90,2,242,,1,35.49246,33.69453,30.8808
1785381660,32.69055,74.98589,90,2,242,,1,35.52633,33.69453,30.94874
1785381661,32.59174,74.88823,90,1,241,,1,35.52633,33.79633,30.71147
1785381662,32.66117,75.00114,90,2,241,,1,35.5604,33.89813,30.77921
1785381663,32.6318,75.00572,90,2,242,,1,35.4586,33.59273,30.84694
1785381663,32.54902,74.95384,90,2,242,,1,35.5604,33.69453,30.8808
1785381664,32.66117,74.97063,90,2,242,,1,35.62833,33.62679,30.84694
1785381665,32.57572,75.02403,90,2,242,,1,35.62833,33.55886,30.84694
1785381665,32.61845,74.85161,90,2,241,,1,35.39066,33.66066,30.91467
1785381666,32.64782,74.93401,90,2,241,,1,35.52633,33.55886,30.8808
1785381667,32.67453,74.97215,90,2,242,,1,35.4586,33.72839,30.74534
1785381667,32.6318,75.06981,90,2,241,,1,35.49246,33.76226,30.9826
1785381668,32.54902,74.96605,90,2,242,,1,35.59426,33.45726,30.81307
1785381669,32.66117,74.95842,90,2,241,,1,35.4586,33.69453,30.81307
1785381669,32.60509,75.03166,90,1,241,,1,35.49246,33.76226,30.9826
1785381670,32.57572,74.94926,90,1,241,,1,35.4586,33.66066,30.91467
1785381671,32.61845,75.12321,90,1,241,,1,35.59426,33.55886,30.81307
1785381671,32.66117,75.14305,90,1,241,,1,35.52633,33.86406,30.8808
1785381672,32.6318,74.963,90,2,241,,1,35.52633,33.69453,30.84694
1785381673,32.59174,74.91112,90,1,242,,1,35.5604,33.76226,30.8808
1785381673,32.54902,74.89891,90,1,242,,1,35.5604,33.55886,30.81307
1785381674,32.56237,74.94774,90,1,242,,1,35.5604,33.59273,30.9826
1785381675,32.60509,75.06371,90,2,242,,1,35.59426,33.59273,30.84694
1785381675,32.6318,75.03624,90,1,241,,1,35.49246,33.62679,31.01647
1785381676,32.7306,75.00572,90,2,241,,1,35.52633,33.69453,30.91467
1785381677,32.60509,74.95689,90,1,241,,1,35.4586,33.69453,30.74534
1785381677,32.66117,74.95842,90,2,241,,1,35.59426,33.86406,31.0842
1785381678,32.60509,75.04234,90,2,241,,1,35.52633,33.83019,30.8808
1785381679,32.60509,74.98894,90,2,241,,1,35.49246,33.59273,30.8808
1785381679,32.54902,74.97673,90,2,241,,1,35.52633,33.59273,30.91467
1785381680,32.61845,74.95842,90,2,242,,1,35.4586,33.69453,31.01647
1785381681,32.66117,74.77379,90,2,241,,1,35.5604,33.69453,31.05034
1785381681,32.64782,74.96605,90,2,241,,1,35.4586,33.76226,30.91467
1785381682,32.69055,74.91112,90,2,242,,1,35.4586,33.55886,30.74534
1785381683,32.59174,74.7921,90,2,242,,1,35.59426,33.76226,30.84694
1785381684,32.57572,74.84245,90,2,242,,1,35.59426,33.72839,30.9826
1785381684,32.61845,74.86229,90,2,242,,1,35.52633,33.72839,30.91467
1785381685,32.6318,74.86534,90,1,242,,1,35.5604,33.72839,30.8808
1785381686,32.6318,74.82109,90,2,242,,1,35.59426,33.62679,30.8808
1785381686,32.57572,74.94926,90,2,242,,1,35.52633,33.69453,31.01647
1785381687,32.61845,74.84245,90,1,242,,1,35.49246,33.76226,30.81307
1785381688,32.60509,74.86992,90,1,241,,1,35.52633,33.69453,31.05034
1785381688,32.64782,74.91112,90,1,241,,1,35.42453,33.69453,30.84694
1785381689,32.64782,74.98894,90,1,241,,1,35.62833,33.69453,31.01647
1785381690,32.69055,74.99809,90,1,241,,1,35.49246,33.62679,30.94874
1785381690,32.66117,74.99046,90,1,241,,1,35.5604,33.59273,30.91467
1785381691,32.7306,75.00572,90,1,242,,1,35.42453,33.66066,30.94874
1785381692,32.69055,74.85771,90,1,241,,1,35.49246,33.69453,31.0842
1785381692,32.64782,74.84703,90,1,243,,1,35.42453,33.72839,30.84694
1785381693,32.67453,74.87602,90,1,242,,1,35.4586,33.59273,31.01647
1785381694,32.6318,74.80125,90,1,242,,1,35.49246,33.83019,31.0842
1785381694,32.71725,74.81956,90,1,242,,1,35.5604,33.59273,30.9826
1785381695,32.74662,74.77074,90,2,241,,1,35.62833,33.59273,31.01647
1785381696,32.69055,74.95384,90,1,242,,1,35.59426,33.59273,30.81307
1785381696,32.66117,74.81651,90,1,241,,1,35.49246,33.69453,31.0842
1785381697,32.7306,74.84398,90,1,241,,1,35.52633,33.62679,30.77921
1785381698,32.64782,74.85771,90,1,241,,1,35.59426,33.59273,30.94874
1785381698,32.67453,74.74326,90,1,241,,1,35.52633,33.72839,30.91467
1785381699,32.60509,74.90196,90,1,241,,1,35.49246,33.59273,30.94874
1785381700,32.7039,74.91264,90,1,241,,1,35.49246,33.66066,30.81307
1785381700,32.67453,74.91722,90,1,241,,1,35.5604,33.72839,31.01647
1785381701,32.71725,74.80736,90,1,241,,1,35.5604,33.55886,30.91467
1785381702,32.64782,74.86992,90,1,242,,1,35.52633,33.66066,30.94874
1785381703,32.71725,74.96147,90,1,243,,1,35.4586,33.62679,30.94874
1785381703,32.7306,74.963,90,1,242,,1,35.59426,33.83019,30.91467
1785381704,32.60509,74.75089,90,1,242,,1,35.49246,33.49113,30.84694
1785381705,32.59174,74.76921,90,2,242,,1,35.4586,33.62679,30.91467
1785381705,32.7306,74.84398,90,2,241,,1,35.52633,33.62679,31.01647
1785381706,32.6318,74.80125,90,2,241,,1,35.5604,33.59273,30.91467
1785381707,32.7039,74.82872,90,1,242,,1,35.52633,33.55886,30.9826
1785381707,32.7039,74.80583,90,1,241,,1,35.49246,33.79633,30.9826
1785381708,32.6318,74.89738,90,2,241,,1,35.4586,33.55886,30.84694
1785381709,32.61845,75.01335,90,2,241,,1,35.49246,33.55886,30.9826
1785381709,32.61845,74.83025,90,2,242,,1,35.49246,33.52499,30.81307
1785381710,32.6318,74.85619,90,2,241,,1,35.52633,33.62679,30.94874
1785381711,32.66117,74.82872,90,1,241,,1,35.52633,33.62679,30.91467
1785381711,32.61845,74.92638,90,2,241,,1,35.4586,33.72839,30.91467
1785381712,32.66117,74.92638,90,2,242,,1,35.5604,33.59273,30.71147
1785381713,32.64782,74.86992,90,2,242,,1,35.52633,33.69453,30.81307
1785381713,32.59174,74.85619,90,2,242,,1,35.4586,33.69453,30.71147
1785381714,32.66117,74.85161,90,2,242,,1,35.52633,33.55886,30.91467
1785381715,32.66117,74.90349,90,2,242,,1,35.49246,33.62679,30.77921
1785381715,32.64782,74.81499,90,2,242,,1,35.49246,33.76226,30.9826
1785381716,32.57572,74.88365,90,2,241,,1,35.52633,33.69453,30.91467
1785381717,32.57572,74.92943,90,2,241,,1,35.59426,33.59273,30.94874
1785381717,32.66117,75.00114,90,1,242,,1,35.4586,33.59273,30.8808
1785381718,32.6318,74.8333,90,1,241,,1,35.52633,33.76226,30.8808
1785381719,32.71725,74.98131,90,1,241,,1,35.42453,33.49113,30.94874
1785381719,32.6318,74.85619,90,1,241,,1,35.49246,33.49113,30.8808
1785381720,32.60509,74.92485,90,1,242,,1,35.4586,33.69453,30.94874
1785381721,32.64782,74.87907,90,2,241,,1,35.59426,33.62679,30.91467
1785381722,32.60509,74.97978,90,2,242,,1,35.49246,33.66066,30.74534
1785381722,32.66117,74.95842,90,2,243,,1,35.49246,33.76226,30.8808
1785381723,32.54902,74.7921,90,2,242,,1,35.59426,33.62679,30.77921
1785381724,32.6318,74.71122,90,2,242,,1,35.52633,33.62679,30.81307
1785381724,32.66117,74.90349,90,2,242,,1,35.4586,33.72839,30.74534
1785381725,32.64782,74.85771,90,2,242,,1,35.49246,33.76226,30.77921
1785381726,32.6318,74.81194,90,2,242,,1,35.52633,33.62679,30.84694
1785381726,32.59174,74.83482,90,2,241,,1,35.5604,33.79633,30.94874
1785381727,32.66117,74.87144,90,2,241,,1,35.52633,33.69453,30.8808
1785381728,32.64782,74.86992,90,2,241,,1,35.52633,33.76226,30.67761
1785381728,32.60509,74.94469,90,2,241,,1,35.59426,33.69453,30.94874
1785381729,32.61845,74.90654,90,2,241,,1,35.4586,33.69453,30.71147
1785381730,32.60509,74.90196,90,2,241,,1,35.52633,33.62679,30.94874
1785381730,32.66117,74.93553,90,2,241,,1,35.59426,33.62679,30.84694
1785381731,32.6318,74.82109,90,1,241,,1,35.39066,33.62679,30.77921
1785381732,32.66117,74.92638,90,1,241,,1,35.42453,33.76226,30.81307
1785381732,32.66117,74.92638,90,1,243,,1,35.4586,33.52499,30.9826
1785381733,32.60509,74.93401,90,1,242,,1,35.5604,33.55886,30.74534
1785381734,32.60509,74.82567,90,2,242,,1,35.49246,33.55886,30.84694
1785381734,32.64782,74.93401,90,2,242,,1,35.49246,33.62679,30.91467
1785381735,32.61845,74.94926,90,2,241,,1,35.59426,33.76226,30.91467
1785381736,32.60509,74.93401,90,2,241,,1,35.4586,33.59273,30.81307
1785381736,32.66117,75.07744,90,2,241,,1,35.49246,33.69453,30.74534
1785381737,32.54902,74.97673,90,2,241,,1,35.52633,33.55886,30.74534
1785381738,32.6318,74.963,90,2,242,,1,35.49246,33.62679,30.77921
1785381738,32.60509,75.03166,90,2,241,,1,35.49246,33.59273,30.77921
1785381739,32.51965,74.97063,90,2,242,,1,35.4586,33.66066,30.84694
1785381740,32.56237,74.99046,90,2,241,,1,35.4586,33.52499,30.81307
1785381741,32.6318,74.963,90,1,241,,1,35.49246,33.52499,30.91467
1785381741,32.60509,74.94469,90,2,241,,1,35.4586,33.55886,30.84694
1785381742,32.56237,75.03166,90,2,241,,1,35.5604,33.66066,30.81307
1785381743,32.60509,75.0103,90,2,242,,1,35.52633,33.79633,30.71147
1785381743,32.57572,74.90654,90,1,242,,1,35.5604,33.69453,30.91467
1785381744,32.7039,74.97978,90,2,242,,1,35.49246,33.79633,30.84694
1785381745,32.64782,74.94469,90,2,242,,1,35.49246,33.55886,30.8808
1785381745,32.59174,74.91112,90,2,241,,1,35.52633,33.69453,30.77921
1785381746,32.6318,74.963,90,2,241,,1,35.5604,33.62679,30.8808
1785381747,32.66117,74.89281,90,2,241,,1,35.5604,33.76226,30.74534
1785381747,32.57572,74.94926,90,2,241,,1,35.52633,33.83019,30.81307
1785381748,32.61845,74.98131,90,2,242,,1,35.49246,33.72839,30.81307
1785381749,32.59174,74.98589,90,2,242,,1,35.49246,33.62679,30.8808
1785381749,32.6318,75.09117,90,2,241,,1,35.42453,33.69453,30.91467
1785381750,32.60509,74.98894,90,2,242,,1,35.49246,33.69453,30.81307
1785381751,32.57572,74.97215,90,2,241,,1,35.42453,33.52499,30.67761
1785381751,32.57572,74.84245,90,2,242,,1,35.5604,33.72839,31.05034
1785381752,32.57572,74.97215,90,1,242,,1,35.49246,33.66066,30.77921
1785381753,32.64782,74.99962,90,2,242,,1,35.52633,33.66066,30.8808
1785381753,32.60509,74.94469,90,2,242,,1,35.52633,33.59273,30.84694
1785381754,32.69055,75.04082,90,2,242,,1,35.42453,33.55886,30.8808
1785381755,32.64782,74.97673,90,2,242,,1,35.52633,33.66066,30.8808
1785381755,32.67453,74.97215,90,2,241,,1,35.5604,33.69453,30.81307
1785381756,32.61845,74.94926,90,2,241,,1,35.62833,33.62679,30.8808
1785381757,32.64782,75.07286,90,1,241,,1,35.62833,33.69453,30.91467
1785381757,32.59174,75.02708,90,2,241,,1,35.52633,33.66066,30.77921
1785381758,32.71725,74.96147,90,2,241,,1,35.59426,33.66066,30.74534
1785381759,32.47692,74.98131,90,2,241,,1,35.5604,33.79633,30.8808
1785381760,32.64782,74.99962,90,1,241,,1,35.49246,33.69453,30.77921
1785381760,32.6318,75.09117,90,1,241,,1,35.59426,33.62679,30.84694
1785381761,32.59174,74.88823,90,2,241,,1,35.5604,33.72839,30.84694
1785381762,32.61845,74.97063,90,2,241,,1,35.4586,33.76226,30.77921
1785381762,32.6318,74.92943,90,2,243,,1,35.49246,33.69453,30.81307
1785381763,32.59174,74.95384,90,2,242,,1,35.42453,33.69453,30.67761
1785381764,32.59174,74.87602,90,2,242,,1,35.62833,33.72839,30.81307
1785381764,32.59174,74.96605,90,2,242,,1,35.5604,33.79633,30.8808
1785381765,32.61845,74.94926,90,2,242,,1,35.49246,33.72839,30.84694
1785381766,32.59174,74.88823,90,2,241,,1,35.59426,33.49113,30.74534
1785381766,32.61845,74.89433,90,2,241,,1,35.52633,33.52499,30.71147
1785381767,32.67453,74.94926,90,2,241,,1,35.52633,33.62679,30.71147
1785381768,32.57572,74.8745,90,2,241,,1,35.52633,33.69453,30.81307
1785381768,32.57572,74.81041,90,2,241,,1,35.52633,33.62679,30.67761
1785381769,32.56237,74.86992,90,2,241,,1,35.42453,33.66066,30.81307
1785381770,32.56237,74.66544,90,2,241,,1,35.4586,33.69453,30.84694
1785381770,32.66117,74.86229,90,1,242,,1,35.49246,33.72839,30.81307
1785381771,32.56237,74.90349,90,2,241,,1,35.52633,33.76226,30.71147
1785381772,32.66117,74.9157,90,1,241,,1,35.5604,33.72839,30.81307
1785381772,32.57572,74.77531,90,1,243,,1,35.52633,33.72839,30.64374
1785381774,32.57572,74.86229,90,1,242,,1,35.5604,33.76226,30.84694
1785381774,32.59174,74.94316,90,1,242,,1,35.52633,33.62679,30.81307
1785381774,32.57572,74.88365,90,1,242,,1,35.52633,33.72839,30.81307
1785381775,32.57572,74.94926,90,1,242,,1,35.49246,33.59273,30.91467
1785381776,32.60509,74.94469,90,2,241,,1,35.49246,33.69453,30.74534
1785381776,32.59174,74.88823,90,1,241,,1,35.49246,33.59273,30.77921
1785381777,32.57572,74.81041,90,1,241,,1,35.49246,33.62679,30.67761
1785381778,32.6318,74.94011,90,2,241,,1,35.59426,33.69453,30.81307
1785381779,32.61845,74.97063,90,1,241,,1,35.49246,33.72839,30.91467
1785381779,32.7039,74.93553,90,1,241,,1,35.49246,33.69453,30.77921
1785381780,32.56237,74.79668,90,1,241,,1,35.62833,33.52499,30.77921
1785381781,32.64782,75.20256,90,1,241,,1,35.52633,33.66066,30.74534
1785381781,32.66117,75.03319,90,1,241,,1,35.52633,33.62679,30.8808
1785381782,32.69055,74.96605,90,1,242,,1,35.49246,33.55886,30.91467
1785381783,32.60509,74.95689,90,1,242,,1,35.52633,33.55886,30.77921
1785381783,32.67453,74.90654,90,1,242,,1,35.42453,33.45726,30.77921
1785381784,32.61845,74.95842,90,2,242,,1,35.59426,33.76226,30.60987
1785381785,32.54902,74.86687,90,2,242,,1,35.59426,33.62679,30.77921
1785381785,32.59174,74.99809,90,2,241,,1,35.52633,33.55886,30.71147
1785381786,32.6318,74.95232,90,2,241,,1,35.49246,33.76226,30.81307
1785381787,32.60509,74.86076,90,2,241,,1,35.5604,33.42319,30.81307
1785381787,32.71725,74.94926,90,2,241,,1,35.5604,33.55886,30.64374
1785381788,32.56237,74.92485,90,2,241,,1,35.49246,33.52499,30.84694
1785381789,32.59174,74.89891,90,1,241,,1,35.49246,33.76226,30.71147
1785381789,32.56237,75.01335,90,2,241,,1,35.49246,33.69453,30.8808
1785381790,32.61845,74.92638,90,2,241,,1,35.5604,33.79633,30.84694
1785381791,32.6318,74.8333,90,2,241,,1,35.4586,33.52499,30.91467
1785381791,32.59174,74.91112,90,2,241,,1,35.52633,33.66066,30.8808
1785381792,32.57572,74.84245,90,2,242,,1,35.49246,33.55886,30.81307
1785381793,32.69055,74.94316,90,2,242,,1,35.52633,33.72839,30.84694
1785381793,32.60509,74.91264,90,1,242,,1,35.4586,33.59273,30.84694
1785381794,32.57572,74.98436,90,1,242,,1,35.42453,33.79633,30.81307
1785381795,32.6318,75.02708,90,1,242,,1,35.5604,33.59273,30.77921
1785381795,32.6318,74.963,90,1,242,,1,35.49246,33.66066,30.84694
1785381796,32.54902,74.96605,90,2,241,,1,35.5604,33.66066,30.94874
1785381797,32.67453,74.94011,90,2,241,,1,35.52633,33.76226,30.8808
1785381798,32.57572,74.98436,90,2,241,,1,35.49246,33.69453,30.81307
1785381798,32.67453,74.97215,90,2,241,,1,35.62833,33.72839,30.74534
1785381799,32.60509,74.93401,90,2,241,,1,35.5604,33.52499,30.8808
1785381800,32.53567,74.89738,90,2,241,,1,35.5604,33.69453,30.81307
1785381800,32.59174,74.86534,90,2,241,,1,35.5604,33.66066,30.8808
1785381801,32.61845,74.83025,90,2,241,,1,35.4586,33.62679,30.71147
1785381802,32.60509,74.91264,90,2,241,,1,35.49246,33.69453,30.91467
1785381802,32.64782,74.88976,90,2,242,,1,35.52633,33.62679,30.81307
1785381803,32.64782,74.86992,90,2,242,,1,35.49246,33.59273,30.84694
1785381804,32.6318,74.90807,90,2,242,,1,35.52633,33.66066,30.81307
1785381804,32.7039,74.97978,90,2,242,,1,35.5604,33.52499,30.84694
1785381805,32.61845,74.87144,90,2,241,,1,35.6622,33.83019,30.77921
1785381806,32.59174,74.80278,90,2,241,,1,35.52633,33.69453,30.71147
1785381806,32.59174,74.88823,90,2,242,,1,35.59426,33.72839,30.67761
1785381807,32.61845,74.84245,90,2,241,,1,35.4586,33.62679,30.84694
1785381808,32.56237,74.8394,90,2,241,,1,35.52633,33.76226,30.74534
1785381808,32.64782,74.94469,90,2,242,,1,35.52633,33.62679,30.91467
1785381809,32.60509,75.0103,90,2,241,,1,35.42453,33.76226,30.71147
1785381810,32.57572,74.89433,90,2,241,,1,35.4586,33.76226,30.64374
1785381810,32.59174,74.96605,90,2,241,,1,35.42453,33.52499,30.91467
1785381811,32.66117,75.00114,90,2,241,,1,35.4586,33.79633,30.77921
1785381812,32.59174,75.01793,90,2,242,,1,35.42453,33.76226,30.77921
1785381812,32.56237,74.93553,90,2,242,,1,35.52633,33.83019,30.84694
1785381813,32.50629,74.90196,90,1,242,,1,35.52633,33.76226,30.64374
1785381814,32.57572,74.90654,90,2,242,,1,35.49246,33.76226,30.77921
1785381814,32.61845,75.01335,90,1,242,,1,35.4586,33.72839,30.84694
1785381815,32.6318,74.95232,90,2,242,,1,35.5604,33.66066,30.77921
1785381816,32.57572,74.77531,90,2,241,,1,35.4586,33.76226,30.74534
1785381817,32.57572,74.97215,90,2,241,,1,35.59426,33.79633,30.77921
1785381817,32.59174,74.9752,90,2,242,,1,35.5604,33.66066,30.84694
1785381818,32.59174,74.98589,90,2,241,,1,35.42453,33.69453,30.71147
1785381819,32.56237,74.97978,90,2,241,,1,35.42453,33.59273,30.77921
1785381819,32.59174,75.00877,90,2,241,,1,35.4586,33.72839,30.77921
1785381820,32.6318,74.98436,90,2,242,,1,35.4586,33.66066,30.60987
1785381821,32.64782,74.94469,90,2,241,,1,35.49246,33.69453,30.81307
1785381821,32.64782,74.9218,90,2,241,,1,35.42453,33.83019,30.81307
1785381822,32.57572,74.86229,90,2,241,,1,35.4586,33.59273,30.77921
1785381823,32.59174,75.00877,90,2,242,,1,35.4586,33.69453,30.94874
1785381823,32.57572,75.01488,90,2,242,,1,35.39066,33.52499,30.84694
1785381824,32.56237,74.90349,90,2,242,,1,35.4586,33.72839,30.60987
1785381825,32.53567,74.85313,90,2,242,,1,35.42453,33.62679,30.77921
1785381825,32.56237,74.91264,90,2,241,,1,35.4586,33.76226,30.81307
1785381826,32.61845,74.97063,90,2,241,,1,35.52633,33.79633,30.77921
1785381827,32.57572,74.94926,90,2,241,,1,35.49246,33.59273,30.67761
1785381827,32.54902,74.85619,90,2,241,,1,35.52633,33.79633,30.77921
1785381828,32.7039,74.97978,90,2,241,,1,35.42453,33.66066,30.77921
1785381829,32.57572,74.92943,90,2,242,,1,35.4586,33.69453,30.60987
1785381829,32.56237,74.92485,90,2,241,,1,35.39066,33.69453,30.77921
1785381830,32.66117,75.03319,90,2,241,,1,35.5604,33.66066,30.91467
1785381831,32.56237,75.03166,90,2,241,,1,35.4586,33.66066,30.81307
1785381831,32.61845,74.93858,90,2,242,,1,35.49246,33.66066,30.77921
1785381832,32.7306,74.77837,90,2,242,,1,35.49246,33.72839,30.8808
1785381833,32.67453,74.97215,90,2,242,,1,35.52633,33.62679,30.84694
1785381833,32.60509,75.06371,90,2,242,,1,35.4586,33.52499,30.81307
1785381834,32.56237,75.08659,90,1,242,,1,35.52633,33.69453,30.74534
1785381835,32.60509,74.99962,90,1,242,,1,35.52633,33.76226,30.74534
1785381836,32.60509,74.88976,90,1,241,,1,35.52633,33.72839,30.77921
1785381836,32.57572,74.96147,90,1,241,,1,35.59426,33.62679,30.84694
1785381837,32.56237,74.96758,90,1,241,,1,35.5604,33.62679,30.74534
1785381838,32.61845,74.98131,90,1,241,,1,35.4586,33.59273,30.74534
1785381838,32.51965,74.90349,90,1,241,,1,35.49246,33.72839,30.81307
1785381839,32.59174,74.95384,90,1,241,,1,35.5604,33.52499,30.77921
1785381840,32.60509,74.97978,90,1,241,,1,35.52633,33.62679,30.71147
1785381840,32.50629,74.99962,90,1,241,,1,35.49246,33.69453,30.74534
1785381841,32.60509,75.04234,90,1,242,,1,35.49246,33.66066,30.81307
1785381842,32.59174,74.84703,90,1,241,,1,35.42453,33.59273,30.67761
1785381842,32.66117,75.04234,90,2,243,,1,35.52633,33.66066,30.81307
1785381843,32.51965,74.95842,90,2,242,,1,35.49246,33.89813,30.8808
1785381844,32.61845,74.95842,90,2,242,,1,35.4586,33.89813,30.67761
1785381844,32.56237,75.01335,90,2,242,,1,35.49246,33.59273,30.67761
1785381845,32.64782,74.9218,90,2,242,,1,35.49246,33.52499,30.84694
1785381846,32.6318,74.98436,90,2,241,,1,35.52633,33.62679,30.67761
1785381846,32.61845,75.07744,90,2,242,,1,35.5604,33.69453,30.64374
1785381847,32.64782,74.97673,90,2,242,,1,35.4586,33.76226,30.91467
1785381848,32.59174,74.9752,90,2,242,,1,35.4586,33.62679,30.81307
1785381848,32.67453,74.92943,90,2,241,,1,35.4586,33.52499,30.91467
1785381849,32.56237,75.02251,90,2,241,,1,35.42453,33.66066,30.94874
1785381850,32.61845,75.01335,90,1,241,,1,35.5604,33.59273,30.77921
1785381850,32.59174,74.83482,90,2,241,,1,35.49246,33.72839,30.74534
1785381851,32.57572,74.92943,90,2,241,,1,35.59426,33.52499,30.84694
1785381852,32.61845,74.93858,90,1,242,,1,35.49246,33.72839,30.84694
1785381853,32.50629,75.00877,90,2,242,,1,35.39066,33.69453,30.81307
1785381853,32.64782,74.88976,90,2,242,,1,35.49246,33.55886,30.91467
1785381854,32.59174,74.94316,90,2,242,,1,35.5604,33.69453,30.84694
1785381855,32.59174,74.98589,90,2,242,,1,35.52633,33.83019,30.67761
1785381855,32.6318,75.01793,90,2,241,,1,35.52633,33.59273,30.71147
1785381856,32.54902,75.0515,90,2,242,,1,35.52633,33.59273,30.81307
1785381857,32.56237,75.00114,90,1,241,,1,35.5604,33.79633,30.94874
1785381857,32.66117,75.08812,90,1,241,,1,35.49246,33.59273,30.74534
1785381858,32.61845,75.01335,90,2,241,,1,35.42453,33.42319,30.8808
1785381859,32.59174,75.0927,90,1,241,,1,35.5604,33.66066,30.91467
1785381859,32.59174,75.06065,90,1,242,,1,35.5604,33.59273,30.81307
1785381860,32.57572,74.90654,90,1,241,,1,35.4586,33.69453,30.81307
1785381861,32.64782,74.94469,90,2,241,,1,35.59426,33.72839,30.84694
1785381861,32.53567,74.84398,90,2,241,,1,35.4586,33.76226,30.67761
1785381862,32.57572,74.85313,90,1,241,,1,35.4586,33.52499,30.84694
1785381863,32.60509,74.95689,90,1,242,,1,35.49246,33.62679,30.74534
1785381863,32.60509,74.86076,90,1,242,,1,35.49246,33.62679,30.84694
1785381864,32.53567,74.88518,90,1,242,,1,35.59426,33.52499,30.81307
1785381865,32.60509,74.86076,90,1,242,,1,35.49246,33.52499,30.8808
1785381865,32.56237,75.04234,90,1,241,,1,35.42453,33.59273,30.71147
1785381866,32.61845,74.92638,90,1,242,,1,35.5604,33.55886,30.81307
1785381867,32.60509,74.93401,90,2,242,,1,35.49246,33.66066,30.77921
1785381867,32.57572,74.93858,90,1,241,,1,35.49246,33.59273,30.77921
1785381868,32.59174,74.88823,90,1,241,,1,35.52633,33.69453,30.91467
1785381869,32.57572,74.90654,90,1,241,,1,35.4586,33.49113,30.91467
1785381869,32.51965,74.88365,90,2,241,,1,35.52633,33.69453,30.74534
1785381870,32.61845,74.94926,90,2,241,,1,35.52633,33.52499,30.74534
1785381871,32.64782,74.9218,90,2,241,,1,35.39066,33.69453,30.71147
1785381871,32.54902,74.88976,90,2,241,,1,35.4586,33.79633,30.8808
1785381872,32.64782,74.81499,90,2,242,,1,35.62833,33.66066,30.8808
1785381873,32.66117,74.90349,90,2,242,,1,35.52633,33.52499,30.71147
1785381874,32.53567,74.757,90,2,242,,1,35.49246,33.69453,30.71147
1785381874,32.61845,74.94926,90,2,242,,1,35.52633,33.66066,30.81307
1785381875,32.66117,74.81651,90,2,242,,1,35.52633,33.62679,30.74534
1785381876,32.66117,74.9157,90,2,241,,1,35.49246,33.76226,30.91467
1785381876,32.56237,74.92485,90,2,241,,1,35.69606,33.55886,30.91467
1785381877,32.6318,74.85619,90,2,241,,1,35.39066,33.35546,30.77921
1785381878,32.61845,75.03319,90,2,241,,1,35.52633,33.62679,30.91467
1785381878,32.69055,75.07286,90,2,242,,1,35.5604,33.79633,30.71147
1785381879,32.6318,75.13695,90,2,241,,1,35.4586,33.76226,30.77921
1785381880,32.64782,75.04082,90,2,241,,1,35.52633,33.42319,30.8808
1785381880,32.61845,75.14305,90,2,241,,1,35.49246,33.55886,30.67761
1785381881,32.50629,74.95689,90,2,241,,1,35.5604,33.72839,30.77921
1785381882,32.6318,75.02708,90,2,241,,1,35.5604,33.62679,30.81307
1785381882,32.56237,75.05455,90,2,243,,1,35.52633,33.72839,30.77921
1785381883,32.59174,74.93095,90,1,242,,1,35.4586,33.45726,30.77921
1785381884,32.67453,75.12321,90,2,242,,1,35.39066,33.62679,30.91467
1785381884,32.60509,75.0103,90,2,242,,1,35.42453,33.62679,30.71147
1785381885,32.64782,75.06371,90,2,242,,1,35.42453,33.76226,30.74534
1785381886,32.71725,74.93858,90,2,241,,1,35.52633,33.72839,30.74534
1785381886,32.56237,75.12016,90,2,241,,1,35.4586,33.76226,30.81307
1785381887,32.57572,74.99352,90,2,241,,1,35.39066,33.55886,30.67761
1785381888,32.57572,74.93858,90,2,241,,1,35.52633,33.45726,30.64374
1785381888,32.53567,74.99504,90,1,241,,1,35.49246,33.66066,30.71147
1785381889,32.54902,74.93401,90,2,241,,1,35.49246,33.59273,30.81307
1785381890,32.6318,74.9752,90,2,241,,1,35.49246,33.49113,30.71147
1785381890,32.50629,74.96758,90,2,242,,1,35.49246,33.79633,30.74534
1785381891,32.50629,74.95689,90,1,241,,1,35.52633,33.62679,30.8808
1785381892,32.66117,74.99046,90,2,242,,1,35.42453,33.72839,30.84694
1785381893,32.4609,74.8806,90,2,242,,1,35.4586,33.62679,30.67761
1785381893,32.60509,74.98894,90,1,242,,1,35.52633,33.69453,30.77921
1785381894,32.56237,74.99046,90,1,242,,1,35.59426,33.76226,30.84694
1785381895,32.56237,74.97978,90,2,242,,1,35.49246,33.55886,30.67761
1785381895,32.59174,74.95384,90,2,241,,1,35.49246,33.66066,30.77921
1785381896,32.66117,75.02403,90,2,241,,1,35.4586,33.62679,30.67761
1785381897,32.57572,75.05608,90,2,241,,1,35.62833,33.66066,30.77921
1785381897,32.56237,75.00114,90,2,241,,1,35.52633,33.55886,30.71147
1785381898,32.64782,74.98894,90,2,241,,1,35.52633,33.66066,30.81307
1785381899,32.57572,74.93858,90,2,241,,1,35.49246,33.69453,30.74534
1785381899,32.6318,74.92027,90,2,241,,1,35.52633,33.79633,30.67761
1785381900,32.57572,74.91722,90,2,241,,1,35.5604,33.62679,30.67761
1785381901,32.59174,74.81194,90,2,241,,1,35.49246,33.55886,30.8808
1785381901,32.57572,74.89433,90,2,241,,1,35.52633,33.62679,30.74534
1785381902,32.61845,74.84245,90,2,242,,1,35.49246,33.49113,30.77921
1785381903,32.49294,74.963,90,2,242,,1,35.49246,33.76226,30.77921
1785381903,32.4609,74.96758,90,2,242,,1,35.3568,33.66066,30.81307
1785381904,32.64782,74.9218,90,2,242,,1,35.5604,33.62679,30.71147
1785381905,32.51965,75.02251,90,2,242,,1,35.42453,33.69453,30.74534
1785381905,32.66117,75.01335,90,1,241,,1,35.52633,33.62679,30.77921
1785381906,32.53567,74.86534,90,1,241,,1,35.42453,33.72839,30.74534
1785381907,32.54902,74.96605,90,1,241,,1,35.42453,33.62679,30.71147
1785381907,32.53567,74.86534,90,2,241,,1,35.52633,33.72839,30.84694
1785381908,32.57572,74.90654,90,2,241,,1,35.4586,33.76226,30.77921
1785381909,32.56237,74.91264,90,2,241,,1,35.4586,33.52499,30.8808
1785381909,32.59174,74.91112,90,2,242,,1,35.4586,33.69453,30.74534
1785381910,32.56237,75.00114,90,2,241,,1,35.52633,33.76226,30.60987
1785381911,32.57572,75.02403,90,1,241,,1,35.42453,33.59273,30.81307
1785381912,32.60509,75.07439,90,1,241,,1,35.52633,33.79633,30.77921
1785381912,32.51965,75.00114,90,1,242,,1,35.5604,33.69453,30.74534
1785381913,32.54902,74.96605,90,1,242,,1,35.4586,33.59273,30.74534
1785381914,32.59174,74.98589,90,1,242,,1,35.5604,33.62679,30.81307
1785381914,32.51965,74.9157,90,1,242,,1,35.4586,33.72839,30.81307
1785381915,32.57572,75.01488,90,1,242,,1,35.39066,33.55886,30.60987
1785381916,32.57572,74.96147,90,1,241,,1,35.42453,33.66066,30.74534
1785381916,32.53567,75.02708,90,1,241,,1,35.49246,33.66066,30.81307
1785381917,32.59174,74.98589,90,1,241,,1,35.49246,33.69453,30.74534
1785381918,32.59174,74.93095,90,2,241,,1,35.52633,33.72839,30.81307
1785381918,32.53567,75.00572,90,2,241,,1,35.42453,33.66066,30.67761
1785381919,32.57572,75.11101,90,2,241,,1,35.49246,33.62679,30.74534
1785381920,32.54902,75.07286,90,2,241,,1,35.4586,33.69453,30.74534
1785381920,32.60509,75.12932,90,1,241,,1,35.52633,33.69453,30.74534
1785381921,32.53567,75.03624,90,1,241,,1,35.49246,33.59273,30.74534
1785381922,32.56237,75.01335,90,1,242,,1,35.42453,33.69453,30.74534
1785381922,32.60509,75.08659,90,1,242,,1,35.59426,33.62679,30.74534
1785381923,32.6318,75.05913,90,1,242,,1,35.59426,33.55886,30.71147
1785381924,32.50629,75.04082,90,1,242,,1,35.49246,33.59273,30.60987
1785381924,32.61845,75.04539,90,1,242,,1,35.4586,33.76226,30.71147
1785381925,32.6318,75.08202,90,1,241,,1,35.42453,33.49113,30.77921
1785381926,32.64782,75.03166,90,1,241,,1,35.42453,33.69453,30.71147
1785381926,32.60509,74.97978,90,1,241,,1,35.4586,33.79633,30.71147
1785381927,32.61845,75.0042,90,1,241,,1,35.49246,33.72839,30.81307
1785381928,32.61845,74.98131,90,1,241,,1,35.4586,33.69453,30.81307
1785381928,32.54902,75.07286,90,2,241,,1,35.5604,33.72839,30.84694
1785381929,32.54902,74.97673,90,1,241,,1,35.49246,33.55886,30.81307
1785381930,32.51965,74.98131,90,1,241,,1,35.49246,33.72839,30.74534
1785381931,32.7306,75.1049,90,1,241,,1,35.52633,33.76226,30.74534
1785381931,32.57572,75.04539,90,1,241,,1,35.5604,33.76226,30.94874
1785381932,32.57572,75.10033,90,1,242,,1,35.4586,33.69453,30.84694
1785381933,32.53567,74.98436,90,1,243,,1,35.4586,33.62679,30.77921
1785381933,32.56237,75.03166,90,1,242,,1,35.52633,33.59273,30.64374
1785381934,32.59174,75.03777,90,2,242,,1,35.42453,33.69453,30.77921
1785381935,32.57572,75.06828,90,2,242,,1,35.52633,33.69453,30.77921
1785381935,32.56237,74.96758,90,2,241,,1,35.4586,33.55886,30.74534
1785381936,32.6318,75.09117,90,1,241,,1,35.42453,33.79633,30.84694
1785381937,32.60509,75.20561,90,1,241,,1,35.62833,33.66066,30.71147
1785381937,32.69055,75.13847,90,1,241,,1,35.49246,33.66066,30.81307
1785381938,32.57572,74.97215,90,1,242,,1,35.4586,33.62679,30.67761
1785381939,32.61845,74.90654,90,2,241,,1,35.49246,33.59273,30.60987
1785381939,32.51965,74.95842,90,2,241,,1,35.3568,33.62679,30.74534
1785381940,32.57572,75.04539,90,2,241,,1,35.5604,33.52499,30.71147
1785381941,32.51965,74.99046,90,2,241,,1,35.4586,33.72839,30.71147
1785381941,32.64782,74.99962,90,2,241,,1,35.5604,33.52499,30.71147
1785381942,32.54902,74.9218,90,2,242,,1,35.52633,33.59273,30.74534
1785381943,32.57572,75.0042,90,2,242,,1,35.42453,33.55886,30.94874
1785381943,32.56237,75.04234,90,2,242,,1,35.4586,33.62679,30.71147
1785381944,32.61845,75.0042,90,2,242,,1,35.49246,33.79633,30.67761
1785381945,32.53567,75.09117,90,1,242,,1,35.52633,33.42319,30.84694
1785381945,32.50629,74.99962,90,2,241,,1,35.5604,33.69453,30.77921
1785381946,32.59174,74.98589,90,2,241,,1,35.42453,33.76226,30.74534
1785381947,32.61845,74.9157,90,2,241,,1,35.4586,33.55886,30.67761
1785381947,32.60509,74.88976,90,2,241,,1,35.49246,33.55886,30.74534
1785381948,32.6318,74.94011,90,2,241,,1,35.5604,33.69453,30.71147
1785381949,32.57572,74.84245,90,2,241,,1,35.52633,33.72839,30.77921
1785381950,32.67453,74.90654,90,2,241,,1,35.4586,33.28753,30.91467
1785381950,32.54902,74.89891,90,2,241,,1,35.42453,33.62679,30.77921
1785381951,32.57572,74.97215,90,2,241,,1,35.62833,33.55886,30.74534
1785381952,32.60509,75.02251,90,2,241,,1,35.52633,33.69453,30.81307
1785381952,32.64782,75.08354,90,2,242,,1,35.52633,33.55886,30.67761
1785381953,32.59174,74.91112,90,2,242,,1,35.5604,33.45726,30.77921
1785381954,32.49294,74.88823,90,2,242,,1,35.52633,33.66066,30.71147
1785381954,32.51965,74.90349,90,2,242,,1,35.49246,33.59273,30.67761
1785381955,32.54902,74.95384,90,2,242,,1,35.52633,33.59273,30.67761
1785381956,32.60509,74.96758,90,2,241,,1,35.5604,33.66066,30.57581
1785381956,32.56237,75.09727,90,1,241,,1,35.52633,33.69453,30.81307
1785381957,32.59174,74.91112,90,1,241,,1,35.52633,33.59273,30.60987
1785381958,32.59174,75.03777,90,1,241,,1,35.3568,33.72839,30.71147
1785381958,32.64782,75.03166,90,1,241,,1,35.49246,33.62679,30.67761
1785381959,32.56237,74.93553,90,1,242,,1,35.39066,33.62679,30.84694
1785381960,32.51965,75.08812,90,1,241,,1,35.4586,33.49113,30.77921
1785381960,32.51965,75.0103,90,1,241,,1,35.42453,33.59273,30.77921
1785381961,32.60509,74.94469,90,1,241,,1,35.4586,33.59273,30.8808
1785381962,32.59174,75.02708,90,1,241,,1,35.49246,33.59273,30.8808
1785381962,32.51965,74.97063,90,2,242,,1,35.52633,33.55886,30.77921
1785381963,32.56237,75.00114,90,1,242,,1,35.49246,33.52499,30.74534
1785381964,32.61845,74.95842,90,2,242,,1,35.42453,33.66066,30.64374
1785381964,32.57572,74.98436,90,1,242,,1,35.5604,33.66066,30.8808
1785381965,32.51965,74.99046,90,1,241,,1,35.5604,33.66066,30.67761
1785381966,32.54902,75.11559,90,1,241,,1,35.42453,33.49113,30.67761
1785381966,32.49294,75.04997,90,1,241,,1,35.49246,33.52499,30.74534
1785381967,32.6318,75.17967,90,1,241,,1,35.4586,33.55886,30.74534
1785381968,32.56237,75.06523,90,1,242,,1,35.52633,33.69453,30.74534
1785381969,32.60509,75.21477,90,1,242,,1,35.49246,33.59273,30.71147
1785381969,32.59174,75.04997,90,1,242,,1,35.39066,33.69453,30.64374
1785381970,32.61845,75.01335,90,1,242,,1,35.4586,33.69453,30.74534
1785381971,32.61845,75.06828,90,1,242,,1,35.4586,33.59273,30.8808
1785381971,32.60509,75.14153,90,1,241,,1,35.49246,33.59273,30.71147
1785381972,32.56237,75.05455,90,2,241,,1,35.5604,33.45726,30.71147
1785381973,32.61845,74.97063,90,2,242,,1,35.5604,33.72839,30.77921
1785381973,32.67453,75.06828,90,2,242,,1,35.5604,33.69453,30.74534
1785381974,32.57572,75.09117,90,2,242,,1,35.52633,33.52499,30.71147
1785381975,32.56237,75.08659,90,1,242,,1,35.49246,33.66066,30.71147
1785381975,32.59174,75.11559,90,2,242,,1,35.5604,33.62679,30.81307
1785381976,32.57572,74.94926,90,1,242,,1,35.42453,33.62679,30.9826
1785381977,32.60509,75.06371,90,1,241,,1,35.52633,33.52499,30.74534
1785381977,32.56237,75.05455,90,2,241,,1,35.52633,33.69453,30.57581
1785381978,32.54902,74.87907,90,2,241,,1,35.39066,33.62679,30.8808
1785381979,32.57572,75.07896,90,1,241,,1,35.49246,33.66066,30.67761
1785381979,32.6318,74.9752,90,2,241,,1,35.42453,33.62679,30.77921
1785381980,32.59174,75.17052,90,2,241,,1,35.49246,33.55886,30.77921
1785381981,32.56237,75.06523,90,2,241,,1,35.49246,33.69453,30.77921
1785381981,32.60509,75.04234,90,2,241,,1,35.49246,33.49113,30.64374
1785381982,32.66117,75.03319,90,2,242,,1,35.52633,33.42319,30.77921
1785381983,32.60509,75.16136,90,2,242,,1,35.4586,33.55886,30.77921
1785381983,32.56237,75.02251,90,2,242,,1,35.4586,33.55886,30.57581
1785381984,32.56237,75.07439,90,1,242,,1,35.42453,33.55886,30.71147
1785381985,32.47692,75.03319,90,1,242,,1,35.42453,33.66066,30.74534
1785381985,32.50629,75.10643,90,1,241,,1,35.4586,33.59273,30.81307
1785381986,32.60509,75.02251,90,1,241,,1,35.4586,33.49113,30.64374
1785381987,32.56237,75.07439,90,1,241,,1,35.52633,33.59273,30.71147
1785381987,32.60509,75.0515,90,1,241,,1,35.49246,33.69453,30.77921
1785381988,32.6318,75.06981,90,1,242,,1,35.49246,33.69453,30.71147
1785381989,32.64782,75.0515,90,1,241,,1,35.59426,33.59273,31.01647
1785381990,32.51965,75.03319,90,1,242,,1,35.4586,33.66066,30.77921
1785381990,32.47692,75.02403,90,1,241,,1,35.4586,33.62679,30.81307
1785381991,32.53567,75.09117,90,1,241,,1,35.49246,33.69453,30.81307
1785381992,32.53567,75.13695,90,2,241,,1,35.42453,33.72839,30.84694
1785381992,32.47692,75.00114,90,1,242,,1,35.52633,33.69453,30.71147
1785381993,32.69055,75.15068,90,1,242,,1,35.4586,33.52499,30.60987
1785381994,32.54902,75.12779,90,1,242,,1,35.4586,33.55886,30.60987
1785381994,32.53567,75.09117,90,1,242,,1,35.39066,33.62679,30.91467
1785381995,32.57572,75.1461,90,2,242,,1,35.39066,33.66066,30.67761
1785381996,32.64782,75.15068,90,2,241,,1,35.52633,33.62679,30.74534
1785381996,32.60509,75.14153,90,2,241,,1,35.39066,33.55886,30.67761
1785381997,32.50629,75.09575,90,2,241,,1,35.49246,33.55886,30.67761
1785381998,32.51965,75.08812,90,1,241,,1,35.49246,33.59273,30.71147
1785381998,32.53567,75.08202,90,1,241,,1,35.49246,33.55886,30.77921
1785381999,32.6318,75.05913,90,1,242,,1,35.52633,33.52499,30.74534
1785382000,32.53567,75.12474,90,2,241,,1,35.42453,33.66066,30.71147
1785382000,32.57572,75.20714,90,2,241,,1,35.4586,33.59273,30.71147
1785382001,32.6318,75.02708,90,2,241,,1,35.39066,33.55886,30.74534
1785382002,32.57572,74.96147,90,1,241,,1,35.39066,33.72839,30.84694
1785382002,32.57572,75.01488,90,2,243,,1,35.42453,33.69453,30.71147
1785382003,32.51965,74.92638,90,2,242,,1,35.39066,33.69453,30.77921
1785382004,32.56237,74.89281,90,2,242,,1,35.49246,33.69453,30.67761
1785382004,32.57572,75.04539,90,2,242,,1,35.4586,33.66066,30.77921
1785382005,32.41817,74.89281,90,2,241,,1,35.42453,33.55886,30.74534
1785382006,32.56237,75.10948,90,2,241,,1,35.3568,33.76226,30.77921
1785382006,32.47692,74.92638,90,2,241,,1,35.3568,33.72839,30.81307
1785382007,32.51965,74.97063,90,2,242,,1,35.42453,33.55886,30.64374
1785382008,32.56237,75.04234,90,2,242,,1,35.4586,33.49113,30.74534
1785382009,32.59174,75.13695,90,1,241,,1,35.39066,33.62679,30.67761
1785382009,32.57572,75.09117,90,2,241,,1,35.49246,33.59273,30.77921
1785382010,32.64782,75.06371,90,1,241,,1,35.4586,33.55886,30.67761
1785382011,32.57572,75.1339,90,2,241,,1,35.3568,33.55886,30.77921
1785382011,32.53567,75.03624,90,2,241,,1,35.49246,33.52499,30.64374
1785382012,32.57572,75.07896,90,2,241,,1,35.4586,33.59273,30.74534
1785382013,32.53567,75.02708,90,2,242,,1,35.52633,33.55886,30.64374
1785382013,32.59174,75.11559,90,2,242,,1,35.42453,33.59273,30.74534
1785382014,32.50629,75.10643,90,2,242,,1,35.42453,33.55886,30.71147
1785382015,32.4609,74.90196,90,2,242,,1,35.49246,33.66066,30.81307
1785382015,32.60509,75.12932,90,1,242,,1,35.42453,33.66066,30.77921
1785382016,32.54902,75.10643,90,1,241,,1,35.49246,33.62679,30.77921
1785382017,32.57572,75.01488,90,1,241,,1,35.39066,33.49113,30.77921
1785382017,32.54902,74.94316,90,1,241,,1,35.4586,33.62679,30.94874
1785382018,32.50629,74.99962,90,1,241,,1,35.42453,33.59273,30.77921
1785382019,32.51965,74.84856,90,1,241,,1,35.3568,33.52499,30.71147
1785382019,32.51965,75.08812,90,1,241,,1,35.49246,33.69453,30.67761
1785382020,32.54902,75.09575,90,1,241,,1,35.42453,33.66066,30.71147
1785382021,32.51965,74.98131,90,1,241,,1,35.4586,33.72839,30.60987
1785382021,32.59174,75.04997,90,1,242,,1,35.42453,33.66066,30.77921
1785382022,32.56237,75.03166,90,1,242,,1,35.42453,33.69453,30.77921
1785382023,32.59174,75.11559,90,1,242,,1,35.42453,33.55886,30.67761
1785382023,32.57572,74.93858,90,1,242,,1,35.4586,33.69453,30.77921
1785382024,32.50629,74.86687,90,1,242,,1,35.42453,33.66066,30.77921
1785382025,32.50629,74.96758,90,1,242,,1,35.42453,33.55886,30.71147
1785382025,32.50629,75.01945,90,1,242,,1,35.59426,33.72839,30.71147
1785382026,32.6318,75.02708,90,1,241,,1,35.4586,33.59273,30.71147
1785382027,32.51965,75.0103,90,1,242,,1,35.49246,33.55886,30.81307
1785382028,32.57572,74.94926,90,1,241,,1,35.39066,33.55886,30.8808
1785382028,32.54902,75.15984,90,1,241,,1,35.4586,33.66066,30.71147
1785382029,32.6318,75.11406,90,1,241,,1,35.42453,33.69453,30.94874
1785382030,32.51965,75.0103,90,1,241,,1,35.42453,33.66066,30.71147
1785382030,32.56237,75.01335,90,1,241,,1,35.42453,33.59273,30.71147
1785382031,32.53567,75.12474,90,2,241,,1,35.4586,33.69453,30.71147
1785382032,32.57572,75.10033,90,2,241,,1,35.42453,33.55886,30.60987
1785382032,32.56237,75.14153,90,2,242,,1,35.42453,33.55886,30.71147
1785382033,32.60509,75.11864,90,2,242,,1,35.42453,33.62679,30.74534
1785382034,32.54902,74.98894,90,2,242,,1,35.4586,33.62679,30.74534
1785382034,32.61845,75.05608,90,1,242,,1,35.39066,33.62679,30.77921
1785382035,32.57572,75.12321,90,1,242,,1,35.39066,33.52499,30.64374
1785382036,32.49294,75.05913,90,1,242,,1,35.42453,33.45726,30.94874
1785382036,32.59174,74.94316,90,1,241,,1,35.52633,33.66066,30.64374
1785382037,32.51965,75.00114,90,1,241,,1,35.49246,33.66066,30.71147
1785382038,32.49294,74.963,90,1,241,,1,35.42453,33.49113,30.54194
1785382038,32.54902,75.01793,90,1,241,,1,35.49246,33.76226,30.77921
1785382039,32.53567,75.12474,90,1,241,,1,35.4586,33.59273,30.71147
1785382040,32.56237,75.06523,90,1,241,,1,35.39066,33.52499,30.74534
1785382040,32.57572,75.10033,90,1,241,,1,35.39066,33.62679,30.71147
1785382041,32.54902,75.08354,90,1,241,,1,35.4586,33.79633,30.81307
1785382042,32.57572,74.99352,90,1,241,,1,35.49246,33.59273,30.81307
1785382042,32.56237,74.96758,90,1,242,,1,35.49246,33.62679,30.8808
1785382043,32.54902,75.02861,90,1,242,,1,35.3568,33.55886,30.64374
1785382044,32.60509,75.0515,90,1,242,,1,35.39066,33.62679,30.71147
1785382044,32.56237,75.09727,90,1,242,,1,35.49246,33.62679,30.64374
1785382045,32.64782,75.10643,90,1,241,,1,35.39066,33.72839,30.71147
1785382046,32.51965,75.12016,90,1,241,,1,35.39066,33.62679,30.71147
1785382047,32.56237,75.07439,90,1,241,,1,35.42453,33.66066,30.81307
1785382047,32.54902,75.0515,90,1,241,,1,35.4586,33.66066,30.81307
1785382048,32.57572,74.94926,90,2,241,,1,35.5604,33.55886,30.77921
1785382049,32.60509,75.08659,90,2,241,,1,35.42453,33.76226,30.74534
1785382049,32.54902,75.13847,90,1,241,,1,35.42453,33.59273,30.64374
1785382050,32.59174,75.14763,90,2,241,,1,35.5604,33.62679,30.71147
1785382051,32.57572,74.99352,90,1,241,,1,35.42453,33.59273,30.71147
1785382051,32.59174,74.92027,90,1,241,,1,35.3568,33.66066,30.81307
1785382052,32.59174,75.06065,90,1,242,,1,35.4586,33.62679,30.77921
1785382053,32.54902,75.02861,90,1,243,,1,35.4586,33.72839,30.74534
1785382053,32.60509,75.08659,90,1,242,,1,35.42453,33.62679,30.71147
1785382054,32.49294,75.1049,90,1,242,,1,35.42453,33.62679,30.77921
1785382055,32.56237,75.05455,90,1,242,,1,35.4586,33.55886,30.64374
1785382055,32.57572,74.96147,90,1,241,,1,35.39066,33.52499,30.64374
1785382056,32.59174,74.99809,90,1,241,,1,35.4586,33.62679,30.67761
1785382057,32.57572,74.81956,90,1,241,,1,35.3568,33.66066,30.60987
1785382057,32.57572,74.99352,90,1,241,,1,35.49246,33.52499,30.74534
1785382058,32.54902,74.94316,90,1,241,,1,35.4586,33.59273,30.74534
1785382059,32.54902,75.07286,90,1,242,,1,35.49246,33.52499,30.64374
1785382059,32.59174,75.02708,90,1,241,,1,35.42453,33.62679,30.77921
1785382060,32.59174,75.04997,90,1,241,,1,35.42453,33.52499,30.8808
1785382061,32.61845,75.23003,90,1,241,,1,35.52633,33.59273,30.60987
1785382061,32.60509,75.08659,90,1,241,,1,35.49246,33.55886,30.77921
1785382062,32.59174,75.1049,90,1,242,,1,35.42453,33.59273,30.60987
1785382063,32.66117,75.08812,90,1,242,,1,35.4586,33.52499,30.81307
1785382063,32.60509,75.08659,90,1,242,,1,35.39066,33.83019,30.77921
1785382064,32.56237,75.20561,90,2,242,,1,35.42453,33.62679,30.77921
1785382065,32.71725,75.11101,90,1,242,,1,35.42453,33.72839,30.60987
1785382066,32.64782,75.00877,90,1,241,,1,35.49246,33.59273,30.74534
1785382066,32.53567,75.08202,90,1,241,,1,35.3568,33.49113,30.81307
1785382067,32.57572,74.86229,90,1,241,,1,35.4586,33.38933,30.71147
1785382068,32.67453,74.89433,90,1,241,,1,35.255,33.69453,30.81307
1785382068,32.56237,74.95842,90,1,241,,1,35.49246,33.55886,30.60987
1785382069,32.60509,75.08659,90,1,241,,1,35.4586,33.52499,30.81307
1785382070,32.60509,74.90196,90,1,241,,1,35.4586,33.42319,30.64374
1785382070,32.53567,74.90807,90,1,241,,1,35.4586,33.72839,30.71147
1785382071,32.7039,74.8394,90,1,241,,1,35.42453,33.52499,30.84694
1785382072,32.53567,75.06981,90,2,241,,1,35.3568,33.49113,30.71147
1785382072,32.54902,74.94316,90,2,242,,1,35.42453,33.52499,30.81307
1785382073,32.51965,74.99046,90,1,242,,1,35.39066,33.52499,30.71147
1785382074,32.4609,75.08659,90,1,242,,1,35.4586,33.62679,30.64374
1785382074,32.60509,75.0103,90,1,242,,1,35.4586,33.69453,30.77921
1785382075,32.60509,75.06371,90,1,242,,1,35.4586,33.55886,30.64374
1785382076,32.56237,74.95842,90,1,241,,1,35.32273,33.49113,30.8808
1785382076,32.56237,74.94774,90,1,241,,1,35.49246,33.42319,30.91467
1785382077,32.60509,74.99962,90,1,242,,1,35.42453,33.66066,30.71147
1785382078,32.53567,75.05913,90,1,241,,1,35.42453,33.55886,30.71147
1785382078,32.51965,74.99046,90,1,241,,1,35.4586,33.52499,30.71147
1785382079,32.60509,75.02251,90,1,242,,1,35.42453,33.59273,30.8808
1785382080,32.61845,75.13237,90,1,241,,1,35.42453,33.59273,30.71147
1785382080,32.61845,75.02403,90,1,241,,1,35.39066,33.52499,30.74534
1785382081,32.57572,74.90654,90,1,241,,1,35.49246,33.66066,30.77921
1785382082,32.57572,75.03624,90,2,241,,1,35.42453,33.72839,30.81307
1785382083,32.6318,75.00572,90,2,242,,1,35.39066,33.59273,30.74534
1785382083,32.59174,75.02708,90,2,242,,1,35.39066,33.52499,30.71147
1785382084,32.56237,75.03166,90,2,242,,1,35.4586,33.62679,30.64374
1785382085,32.51965,74.87144,90,1,242,,1,35.39066,33.59273,30.81307
1785382085,32.57572,75.03624,90,1,241,,1,35.3568,33.59273,30.77921
1785382086,32.56237,75.05455,90,1,241,,1,35.28886,33.66066,30.71147
1785382087,32.60509,74.98894,90,1,241,,1,35.52633,33.55886,30.67761
1785382087,32.54902,75.02861,90,1,241,,1,35.52633,33.62679,30.74534
1785382088,32.6318,75.15678,90,1,241,,1,35.39066,33.52499,30.71147
1785382089,32.54902,75.0515,90,1,241,,1,35.42453,33.52499,30.77921
1785382089,32.60509,75.06371,90,1,241,,1,35.42453,33.62679,30.81307
1785382090,32.50629,75.04082,90,1,242,,1,35.49246,33.62679,30.74534
1785382091,32.59174,75.01793,90,1,242,,1,35.52633,33.52499,30.77921
1785382091,32.60509,74.98894,90,1,242,,1,35.4586,33.52499,30.84694
1785382092,32.56237,75.01335,90,1,241,,1,35.42453,33.62679,30.74534
1785382093,32.56237,75.07439,90,1,242,,1,35.49246,33.76226,30.77921
1785382093,32.61845,75.06828,90,1,242,,1,35.4586,33.66066,30.81307
1785382094,32.54902,74.99809,90,1,242,,1,35.42453,33.32139,30.60987
1785382095,32.59174,75.08202,90,1,242,,1,35.42453,33.55886,30.67761
1785382095,32.61845,74.95842,90,1,241,,1,35.39066,33.49113,30.77921
1785382096,32.53567,75.02708,90,1,241,,1,35.4586,33.72839,30.60987
1785382097,32.4609,74.84703,90,1,241,,1,35.4586,33.62679,30.84694
1785382097,32.56237,74.95842,90,1,241,,1,35.39066,33.55886,30.77921
1785382098,32.51965,75.0103,90,2,241,,1,35.42453,33.66066,30.71147
1785382099,32.50629,74.96758,90,1,241,,1,35.42453,33.62679,30.67761
1785382099,32.56237,74.95842,90,1,241,,1,35.4586,33.66066,30.84694
1785382100,32.53567,75.09117,90,1,242,,1,35.42453,33.69453,30.71147
1785382101,32.56237,75.03166,90,1,241,,1,35.3568,33.59273,30.84694
1785382101,32.60509,75.07439,90,2,241,,1,35.39066,33.42319,30.81307
1785382102,32.49294,75.05913,90,2,242,,1,35.4586,33.49113,30.71147
1785382103,32.56237,75.00114,90,2,242,,1,35.49246,33.49113,30.81307
1785382104,32.56237,75.08659,90,2,242,,1,35.52633,33.66066,30.67761
1785382104,32.60509,75.10643,90,2,242,,1,35.49246,33.59273,30.94874
1785382105,32.60509,75.0515,90,2,242,,1,35.4586,33.59273,30.64374
1785382106,32.56237,74.96758,90,2,241,,1,35.4586,33.52499,30.64374
1785382106,32.54902,75.01793,90,2,241,,1,35.49246,33.52499,30.74534
1785382107,32.50629,74.98894,90,2,241,,1,35.49246,33.62679,30.77921
1785382108,32.60509,75.08659,90,2,241,,1,35.42453,33.42319,30.71147
1785382108,32.50629,75.10643,90,2,242,,1,35.52633,33.49113,30.81307
1785382109,32.57572,75.01488,90,2,241,,1,35.4586,33.76226,30.74534
1785382110,32.50629,74.95689,90,2,242,,1,35.3568,33.45726,30.71147
1785382110,32.50629,75.01945,90,2,241,,1,35.3568,33.45726,30.74534
1785382111,32.57572,74.97215,90,2,241,,1,35.3568,33.66066,30.67761
1785382112,32.49294,75.06981,90,2,241,,1,35.49246,33.62679,30.71147
1785382112,32.49294,75.08202,90,2,242,,1,35.49246,33.59273,30.8808
1785382113,32.4609,75.03166,90,2,242,,1,35.4586,33.52499,30.67761
1785382114,32.59174,75.14763,90,2,242,,1,35.42453,33.55886,30.57581
1785382114,32.57572,74.94926,90,2,242,,1,35.49246,33.59273,30.71147
1785382115,32.54902,75.00877,90,2,241,,1,35.4586,33.59273,30.60987
1785382116,32.4342,75.07896,90,2,241,,1,35.39066,33.52499,30.77921
1785382116,32.53567,75.01488,90,2,241,,1,35.49246,33.62679,30.74534
1785382117,32.51965,75.02251,90,2,241,,1,35.4586,33.59273,30.64374
1785382118,32.54902,75.08354,90,2,241,,1,35.52633,33.55886,30.77921
1785382118,32.49294,75.1049,90,2,241,,1,35.42453,33.62679,30.77921
1785382119,32.61845,74.87144,90,2,242,,1,35.52633,33.55886,30.74534
1785382120,32.56237,75.07439,90,2,241,,1,35.52633,33.62679,30.57581
1785382120,32.54902,75.02861,90,2,241,,1,35.4586,33.55886,30.71147
1785382121,32.56237,75.10948,90,1,241,,1,35.49246,33.45726,30.74534
1785382122,32.47692,75.02403,90,1,242,,1,35.39066,33.62679,30.81307
1785382123,32.54902,74.98894,90,2,243,,1,35.52633,33.49113,30.81307
1785382123,32.56237,75.12016,90,1,242,,1,35.52633,33.62679,30.74534
1785382124,32.56237,75.07439,90,1,242,,1,35.32273,33.62679,30.71147
1785382125,32.53567,75.11406,90,1,242,,1,35.42453,33.69453,30.71147
1785382125,32.60509,75.04234,90,1,241,,1,35.4586,33.55886,30.64374
1785382126,32.59174,75.1049,90,1,241,,1,35.49246,33.59273,30.71147
1785382127,32.53567,75.11406,90,1,241,,1,35.4586,33.59273,30.50807
1785382127,32.56237,75.24834,90,1,241,,1,35.5604,33.66066,30.71147
1785382128,32.59174,75.18272,90,1,241,,1,35.39066,33.72839,30.71147
1785382129,32.54902,75.17967,90,1,241,,1,35.4586,33.66066,30.74534
1785382129,32.53567,75.05913,90,1,241,,1,35.32273,33.66066,30.67761
1785382130,32.49294,75.13695,90,1,241,,1,35.42453,33.42319,30.77921
1785382131,32.6318,75.05913,90,1,241,,1,35.39066,33.59273,30.67761
1785382131,32.60509,75.0515,90,1,241,,1,35.49246,33.69453,30.77921
1785382132,32.57572,74.99352,90,1,242,,1,35.4586,33.69453,30.77921
1785382133,32.59174,75.07286,90,2,242,,1,35.52633,33.62679,30.71147
1785382133,32.60509,75.08659,90,1,242,,1,35.39066,33.66066,30.77921
1785382134,32.56237,75.10948,90,1,242,,1,35.4586,33.66066,30.71147
1785382135,32.59174,75.0927,90,1,242,,1,35.4586,33.55886,30.67761
1785382135,32.54902,75.08354,90,2,242,,1,35.49246,33.62679,30.64374
1785382136,32.56237,75.06523,90,2,241,,1,35.52633,33.49113,30.60987
1785382137,32.53567,75.05913,90,1,241,,1,35.4586,33.55886,30.71147
1785382137,32.61845,75.10033,90,2,241,,1,35.42453,33.66066,30.81307
1785382138,32.59174,74.98589,90,2,241,,1,35.4586,33.59273,30.81307
1785382139,32.50629,74.99962,90,1,242,,1,35.49246,33.59273,30.71147
1785382139,32.57572,75.11101,90,1,241,,1,35.42453,33.62679,30.64374
1785382140,32.60509,75.02251,90,1,241,,1,35.4586,33.35546,30.71147
1785382141,32.6318,75.00572,90,1,241,,1,35.4586,33.55886,30.8808
1785382142,32.56237,75.05455,90,1,241,,1,35.4586,33.52499,30.74534
1785382142,32.61845,75.08812,90,2,242,,1,35.4586,33.55886,30.64374
1785382143,32.6318,75.11406,90,2,242,,1,35.49246,33.55886,30.74534
1785382144,32.57572,74.98436,90,1,242,,1,35.52633,33.69453,30.71147
1785382144,32.59174,74.96605,90,2,242,,1,35.32273,33.66066,30.60987
1785382145,32.53567,74.85313,90,2,242,,1,35.3568,33.69453,30.64374
1785382146,32.57572,74.97215,90,1,241,,1,35.42453,33.52499,30.81307
1785382146,32.53567,74.97215,90,1,241,,1,35.39066,33.49113,30.71147
1785382147,32.54902,75.07286,90,1,241,,1,35.4586,33.59273,30.77921
1785382148,32.54902,74.98894,90,1,241,,1,35.49246,33.52499,30.77921
1785382148,32.59174,75.03777,90,1,241,,1,35.4586,33.62679,30.77921
1785382149,32.56237,75.00114,90,1,241,,1,35.42453,33.66066,30.71147
1785382150,32.53567,75.04692,90,1,241,,1,35.52633,33.66066,30.77921
1785382150,32.6318,74.963,90,1,241,,1,35.42453,33.55886,30.81307
1785382151,32.53567,75.00572,90,1,241,,1,35.5604,33.55886,30.67761
1785382152,32.53567,74.97215,90,1,241,,1,35.4586,33.49113,30.67761
1785382152,32.56237,75.07439,90,1,242,,1,35.3568,33.55886,30.77921
1785382153,32.56237,75.00114,90,1,242,,1,35.4586,33.52499,30.67761
1785382154,32.57572,74.99352,90,1,242,,1,35.4586,33.52499,30.71147
1785382154,32.50629,74.94469,90,1,242,,1,35.42453,33.45726,30.74534
1785382155,32.60509,74.99962,90,1,241,,1,35.4586,33.59273,30.71147
1785382156,32.54902,75.06065,90,1,241,,1,35.4586,33.42319,30.8808
1785382156,32.51965,75.10948,90,1,241,,1,35.49246,33.59273,30.71147
1785382157,32.4609,75.00877,90,1,241,,1,35.42453,33.38933,30.71147
1785382158,32.59174,75.02708,90,1,241,,1,35.4586,33.69453,30.77921
1785382158,32.54902,75.12779,90,1,241,,1,35.42453,33.52499,30.77921
1785382159,32.51965,75.06523,90,1,241,,1,35.42453,33.42319,30.81307
1785382160,32.60509,75.0515,90,1,242,,1,35.4586,33.69453,30.71147
1785382161,32.60509,75.0103,90,2,241,,1,35.4586,33.52499,30.71147
1785382161,32.4342,75.17815,90,1,241,,1,35.3568,33.72839,30.77921
1785382162,32.47692,74.94926,90,2,242,,1,35.4586,33.55886,30.67761
1785382163,32.59174,75.04997,90,2,242,,1,35.49246,33.55886,30.77921
1785382163,32.64782,75.00877,90,2,242,,1,35.42453,33.62679,30.81307
1785382164,32.56237,74.94774,90,2,242,,1,35.4586,33.72839,30.60987
1785382165,32.54902,75.02861,90,2,242,,1,35.4586,33.72839,30.67761
1785382165,32.56237,74.86992,90,2,241,,1,35.4586,33.52499,30.71147
1785382166,32.53567,75.02708,90,2,241,,1,35.4586,33.66066,30.74534
1785382167,32.50629,75.06371,90,2,241,,1,35.3568,33.66066,30.60987
1785382167,32.56237,75.04234,90,1,241,,1,35.4586,33.55886,30.71147
1785382168,32.51965,75.16441,90,1,241,,1,35.39066,33.52499,30.81307
1785382169,32.56237,74.95842,90,1,241,,1,35.39066,33.69453,30.57581
1785382169,32.47692,75.01335,90,1,241,,1,35.49246,33.45726,30.67761
1785382170,32.54902,75.09575,90,1,241,,1,35.3568,33.55886,30.81307
1785382171,32.53567,75.06981,90,1,241,,1,35.39066,33.59273,30.71147
1785382171,32.56237,75.15221,90,1,241,,1,35.4586,33.55886,30.71147
1785382172,32.54902,75.15068,90,1,242,,1,35.42453,33.52499,30.57581
1785382173,32.56237,75.05455,90,1,242,,1,35.49246,33.49113,30.57581
1785382173,32.50629,75.15068,90,1,242,,1,35.42453,33.55886,30.57581
1785382174,32.56237,75.20561,90,2,242,,1,35.49246,33.45726,30.74534
1785382175,32.47692,75.12321,90,2,242,,1,35.42453,33.52499,30.64374
1785382175,32.56237,75.10948,90,2,241,,1,35.42453,33.52499,30.64374
1785382176,32.50629,75.11864,90,1,241,,1,35.42453,33.45726,30.64374
1785382177,32.54902,74.94316,90,1,241,,1,35.32273,33.72839,30.71147
1785382177,32.59174,75.08202,90,2,241,,1,35.52633,33.52499,30.67761
1785382178,32.57572,74.97215,90,1,241,,1,35.49246,33.55886,30.64374
1785382179,32.56237,75.03166,90,2,241,,1,35.49246,33.49113,30.67761
1785382180,32.53567,75.06981,90,1,241,,1,35.4586,33.55886,30.60987
1785382180,32.50629,74.95689,90,1,242,,1,35.3568,33.62679,30.71147
1785382181,32.49294,75.05913,90,1,241,,1,35.4586,33.59273,30.71147
1785382182,32.56237,75.10948,90,1,241,,1,35.42453,33.52499,30.74534
1785382182,32.39147,74.94011,90,1,242,,1,35.49246,33.55886,30.77921
1785382183,32.54902,75.06065,90,1,242,,1,35.39066,33.55886,30.67761
1785382184,32.47692,75.10033,90,2,242,,1,35.49246,33.49113,30.84694
1785382184,32.56237,75.02251,90,1,242,,1,35.39066,33.55886,30.77921
1785382185,32.67453,75.02708,90,1,242,,1,35.39066,33.59273,30.67761
1785382186,32.53567,74.99504,90,1,241,,1,35.4586,33.69453,30.81307
1785382186,32.54902,75.09575,90,1,241,,1,35.3568,33.59273,30.74534
1785382187,32.53567,75.11406,90,1,241,,1,35.42453,33.42319,30.67761
1785382188,32.6318,75.06981,90,1,241,,1,35.4586,33.62679,30.67761
1785382188,32.54902,75.07286,90,2,241,,1,35.49246,33.86406,30.77921
1785382189,32.54902,75.15984,90,2,241,,1,35.4586,33.55886,30.57581
1785382190,32.61845,75.0042,90,2,241,,1,35.42453,33.42319,30.84694
1785382190,32.56237,75.14153,90,2,241,,1,35.3568,33.62679,30.64374
1785382191,32.54902,75.09575,90,2,241,,1,35.5604,33.59273,30.67761
1785382192,32.6318,75.17967,90,2,241,,1,35.32273,33.62679,30.8808
1785382192,32.51965,75.02251,90,2,242,,1,35.5604,33.52499,30.67761
1785382193,32.4609,75.04234,90,2,242,,1,35.39066,33.49113,30.60987
1785382194,32.56237,75.07439,90,2,242,,1,35.39066,33.62679,30.67761
1785382194,32.57572,75.06828,90,2,242,,1,35.49246,33.59273,30.81307
1785382195,32.50629,74.96758,90,2,242,,1,35.42453,33.55886,30.77921
1785382196,32.4609,74.99962,90,2,241,,1,35.5604,33.59273,30.60987
1785382196,32.57572,74.92943,90,1,241,,1,35.4586,33.49113,30.67761
1785382197,32.50629,75.08354,90,1,241,,1,35.4586,33.59273,30.67761
1785382198,32.51965,75.13237,90,2,241,,1,35.39066,33.62679,30.71147
1785382199,32.56237,75.00114,90,1,241,,1,35.49246,33.55886,30.74534
1785382199,32.47692,75.08812,90,1,241,,1,35.49246,33.62679,30.71147
1785382200,32.57572,75.07896,90,1,241,,1,35.49246,33.59273,30.67761
1785382201,32.47692,75.12321,90,1,241,,1,35.4586,33.45726,30.74534
1785382201,32.53567,75.05913,90,1,241,,1,35.42453,33.62679,30.81307
1785382202,32.56237,75.15221,90,1,241,,1,35.49246,33.49113,30.91467
1785382203,32.47692,75.01335,90,1,242,,1,35.39066,33.49113,30.67761
1785382203,32.47692,75.01335,90,1,242,,1,35.49246,33.55886,30.74534
1785382204,32.56237,75.10948,90,1,242,,1,35.52633,33.55886,30.71147
1785382205,32.50629,75.09575,90,1,242,,1,35.4586,33.59273,30.64374
1785382205,32.56237,75.16441,90,1,241,,1,35.5604,33.66066,30.77921
1785382206,32.56237,75.20561,90,1,241,,1,35.42453,33.45726,30.74534
1785382207,32.53567,75.05913,90,1,241,,1,35.4586,33.55886,30.67761
1785382207,32.53567,75.10185,90,1,241,,1,35.39066,33.59273,30.57581
1785382208,32.60509,75.15221,90,1,241,,1,35.52633,33.59273,30.77921
1785382209,32.60509,75.11864,90,1,241,,1,35.4586,33.52499,30.60987
1785382209,32.57572,75.30785,90,1,241,,1,35.42453,33.38933,30.67761
1785382210,32.47692,75.08812,90,1,241,,1,35.39066,33.59273,30.77921
1785382211,32.54902,75.15984,90,1,241,,1,35.39066,33.66066,30.67761
1785382211,32.59174,75.15984,90,1,241,,1,35.4586,33.62679,30.60987
1785382212,32.56237,75.24834,90,1,242,,1,35.49246,33.42319,30.67761
1785382213,32.54902,75.00877,90,1,242,,1,35.42453,33.59273,30.64374
1785382213,32.49294,75.14763,90,1,242,,1,35.32273,33.55886,30.64374
1785382214,32.51965,75.26208,90,1,242,,1,35.39066,33.55886,30.64374
1785382215,32.54902,75.2346,90,1,242,,1,35.32273,33.42319,30.74534
1785382215,32.53567,75.03624,90,1,241,,1,35.4586,33.45726,30.74534
1785382216,32.57572,75.09117,90,2,241,,1,35.4586,33.45726,30.67761
1785382217,32.53567,75.21019,90,1,241,,1,35.4586,33.52499,30.71147
1785382218,32.44755,75.17967,90,1,241,,1,35.3568,33.62679,30.71147
1785382218,32.59174,75.06065,90,1,241,,1,35.49246,33.76226,30.67761
1785382219,32.56237,75.10948,90,1,242,,1,35.4586,33.42319,30.74534
1785382220,32.56237,75.10948,90,1,242,,1,35.39066,33.38933,30.57581
1785382220,32.51965,75.14305,90,1,241,,1,35.42453,33.52499,30.57581
1785382221,32.64782,75.08354,90,1,241,,1,35.49246,33.52499,30.8808
1785382222,32.56237,75.12932,90,1,241,,1,35.42453,33.59273,30.67761
1785382222,32.57572,75.1873,90,1,242,,1,35.49246,33.52499,30.57581
1785382223,32.54902,74.97673,90,1,242,,1,35.49246,33.49113,30.74534
1785382224,32.51965,75.03319,90,1,242,,1,35.3568,33.55886,30.60987
1785382224,32.47692,74.99352,90,1,242,,1,35.39066,33.66066,30.64374
1785382225,32.59174,75.0927,90,1,242,,1,35.42453,33.55886,30.57581
1785382226,32.50629,75.10643,90,1,241,,1,35.42453,33.52499,30.64374
1785382226,32.51965,75.02251,90,1,241,,1,35.39066,33.55886,30.64374
1785382227,32.6318,75.00572,90,1,241,,1,35.3568,33.52499,30.77921
1785382228,32.57572,75.03624,90,1,241,,1,35.39066,33.55886,30.64374
1785382228,32.51965,75.04539,90,1,241,,1,35.4586,33.69453,30.67761
1785382229,32.60509,75.09727,90,1,241,,1,35.5604,33.62679,30.71147
1785382230,32.50629,75.06371,90,1,241,,1,35.5604,33.59273,30.71147
1785382230,32.56237,74.93553,90,1,242,,1,35.4586,33.45726,30.74534
1785382231,32.53567,75.08202,90,1,241,,1,35.4586,33.45726,30.67761
1785382232,32.56237,75.05455,90,1,241,,1,35.5604,33.52499,30.71147
1785382232,32.53567,74.92943,90,1,242,,1,35.42453,33.59273,30.74534
1785382233,32.56237,75.09727,90,1,242,,1,35.42453,33.45726,30.71147
1785382234,32.57572,75.20714,90,1,242,,1,35.3568,33.72839,30.64374
1785382234,32.57572,75.1873,90,1,242,,1,35.39066,33.59273,30.71147
1785382235,32.56237,75.19341,90,1,241,,1,35.4586,33.52499,30.44034
1785382236,32.50629,75.16136,90,1,241,,1,35.39066,33.52499,30.74534
1785382237,32.6318,75.1461,90,1,241,,1,35.3568,33.69453,30.77921
1785382237,32.50629,75.21477,90,1,241,,1,35.42453,33.69453,30.64374
1785382238,32.50629,75.10643,90,1,242,,1,35.32273,33.69453,30.67761
1785382239,32.60509,75.10643,90,1,242,,1,35.3568,33.62679,30.74534
1785382239,32.56237,75.16441,90,1,241,,1,35.32273,33.66066,30.64374
1785382240,32.53567,75.10185,90,2,242,,1,35.39066,33.62679,30.67761
1785382241,32.56237,75.15221,90,1,241,,1,35.42453,33.59273,30.71147
1785382241,32.59174,75.13695,90,2,241,,1,35.49246,33.86406,30.64374
1785382242,32.57572,75.06828,90,2,241,,1,35.39066,33.49113,30.60987
1785382243,32.60509,75.03166,90,2,242,,1,35.39066,33.59273,30.77921
1785382243,32.51965,75.10948,90,2,242,,1,35.4586,33.42319,30.8808
1785382244,32.47692,74.97063,90,1,242,,1,35.49246,33.49113,30.77921
1785382245,32.53567,75.15678,90,1,242,,1,35.42453,33.55886,30.64374
1785382245,32.50629,75.16136,90,1,242,,1,35.49246,33.49113,30.81307
1785382246,32.47692,74.99352,90,2,242,,1,35.42453,33.52499,30.91467
1785382247,32.56237,75.03166,90,2,241,,1,35.4586,33.69453,30.60987
1785382247,32.47692,75.10033,90,2,242,,1,35.42453,33.59273,30.67761
1785382248,32.51965,75.03319,90,2,241,,1,35.39066,33.52499,30.67761
1785382249,32.56237,75.20561,90,2,241,,1,35.39066,33.52499,30.74534
1785382249,32.4609,75.11864,90,2,241,,1,35.49246,33.55886,30.60987
1785382250,32.53567,75.04692,90,2,241,,1,35.3568,33.52499,30.60987
1785382251,32.49294,75.08202,90,2,241,,1,35.42453,33.62679,30.71147
1785382251,32.49294,74.95232,90,2,241,,1,35.49246,33.52499,30.57581
1785382252,32.51965,74.9157,90,1,242,,1,35.32273,33.62679,30.60987
1785382253,32.57572,75.05608,90,2,242,,1,35.42453,33.52499,30.60987
1785382253,32.54902,75.06065,90,2,242,,1,35.42453,33.55886,30.54194
1785382254,32.53567,75.06981,90,1,242,,1,35.3568,33.42319,30.71147
1785382255,32.4609,75.03166,90,1,242,,1,35.49246,33.52499,30.71147
1785382256,32.53567,75.00572,90,1,241,,1,35.52633,33.69453,30.60987
1785382256,32.4609,75.12932,90,1,241,,1,35.42453,33.69453,30.60987
1785382257,32.4342,75.11406,90,1,241,,1,35.42453,33.66066,30.77921
1785382258,32.53567,75.18883,90,1,241,,1,35.4586,33.55886,30.57581
1785382258,32.49294,75.21172,90,1,241,,1,35.42453,33.69453,30.60987
1785382259,32.54902,75.13847,90,1,241,,1,35.4586,33.59273,30.71147
1785382260,32.4609,75.17052,90,1,241,,1,35.4586,33.45726,30.64374
1785382260,32.47692,75.16441,90,1,241,,1,35.4586,33.55886,30.74534
1785382261,32.50629,75.19341,90,1,241,,1,35.39066,33.62679,30.67761
1785382262,32.53567,75.09117,90,1,241,,1,35.32273,33.69453,30.44034
1785382262,32.47692,75.13237,90,1,242,,1,35.5604,33.66066,30.67761
1785382263,32.47692,75.17509,90,1,242,,1,35.42453,33.66066,30.60987
1785382264,32.57572,75.1339,90,1,242,,1,35.42453,33.49113,30.57581
1785382264,32.51965,75.33532,90,1,242,,1,35.42453,33.52499,30.77921
1785382265,32.53567,75.23308,90,1,242,,1,35.3568,33.59273,30.77921
1785382266,32.4609,75.11864,90,1,241,,1,35.49246,33.55886,30.71147
1785382266,32.54902,75.21477,90,1,241,,1,35.39066,33.45726,30.77921
1785382267,32.59174,75.08202,90,1,241,,1,35.4586,33.52499,30.57581
1785382268,32.56237,75.20561,90,2,241,,1,35.39066,33.62679,30.74534
1785382268,32.4609,75.24834,90,2,241,,1,35.4586,33.55886,30.60987
1785382269,32.44755,75.20103,90,2,241,,1,35.42453,33.45726,30.50807
1785382270,32.4342,75.19798,90,2,242,,1,35.42453,33.55886,30.64374
1785382270,32.4342,75.28497,90,1,241,,1,35.4586,33.62679,30.60987
1785382271,32.49294,75.13695,90,1,241,,1,35.42453,33.55886,30.64374
1785382272,32.53567,75.09117,90,1,241,,1,35.49246,33.45726,30.57581
1785382272,32.50629,75.20256,90,1,242,,1,35.39066,33.52499,30.67761
1785382273,32.51965,75.06523,90,1,242,,1,35.42453,33.59273,30.71147
1785382274,32.59174,75.20103,90,1,242,,1,35.42453,33.59273,30.8808
1785382275,32.50629,75.17052,90,1,242,,1,35.4586,33.66066,30.84694
1785382275,32.51965,75.18425,90,1,241,,1,35.4586,33.59273,30.77921
1785382276,32.59174,75.1049,90,1,241,,1,35.4586,33.72839,30.77921
1785382277,32.49294,75.0927,90,1,241,,1,35.4586,33.69453,30.81307
1785382277,32.49294,75.02708,90,1,241,,1,35.42453,33.52499,30.71147
1785382278,32.54902,75.07286,90,1,241,,1,35.49246,33.59273,30.67761
1785382279,32.51965,75.16441,90,1,241,,1,35.49246,33.52499,30.81307
1785382279,32.44755,75.15678,90,1,241,,1,35.49246,33.52499,30.64374
1785382280,32.59174,75.02708,90,1,241,,1,35.39066,33.45726,30.50807
1785382281,32.47692,75.00114,90,1,241,,1,35.49246,33.55886,30.67761
1785382281,32.64782,75.08354,90,1,241,,1,35.42453,33.69453,30.60987
1785382282,32.51965,75.10948,90,1,241,,1,35.39066,33.62679,30.67761
1785382283,32.49294,75.01488,90,2,242,,1,35.39066,33.55886,30.77921
1785382283,32.56237,75.05455,90,1,242,,1,35.39066,33.59273,30.54194
1785382284,32.50629,75.09575,90,1,242,,1,35.255,33.52499,30.71147
1785382285,32.50629,75.23766,90,1,242,,1,35.4586,33.49113,30.60987
1785382285,32.53567,75.18883,90,1,241,,1,35.42453,33.52499,30.57581
1785382286,32.6318,75.13695,90,1,241,,1,35.42453,33.45726,30.71147
1785382287,32.54902,75.2346,90,1,241,,1,35.32273,33.49113,30.81307
1785382287,32.57572,75.03624,90,1,241,,1,35.49246,33.52499,30.67761
1785382288,32.53567,75.15678,90,1,241,,1,35.4586,33.55886,30.74534
1785382289,32.56237,75.10948,90,1,241,,1,35.39066,33.59273,30.64374
1785382289,32.49294,75.14763,90,1,241,,1,35.39066,33.49113,30.71147
1785382290,32.54902,75.10643,90,1,242,,1,35.39066,33.59273,30.74534
1785382291,32.47692,75.15526,90,1,241,,1,35.52633,33.66066,30.67761
1785382291,32.47692,75.06828,90,1,241,,1,35.39066,33.55886,30.57581
1785382292,32.4609,75.14153,90,2,242,,1,35.32273,33.55886,30.81307
1785382293,32.51965,75.08812,90,1,242,,1,35.49246,33.69453,30.57581
1785382294,32.39147,75.16594,90,1,242,,1,35.4586,33.55886,30.60987
1785382294,32.37812,75.17509,90,2,242,,1,35.28886,33.52499,30.71147
1785382295,32.49294,75.25597,90,2,242,,1,35.49246,33.55886,30.67761
1785382296,32.49294,75.20103,90,2,241,,1,35.39066,33.59273,30.64374
1785382296,32.56237,75.12932,90,1,242,,1,35.39066,33.55886,30.77921
1785382297,32.6318,75.04692,90,1,241,,1,35.42453,33.52499,30.57581
1785382298,32.49294,74.98589,90,1,241,,1,35.39066,33.55886,30.54194
1785382298,32.39147,75.03777,90,1,242,,1,35.42453,33.55886,30.74534
1785382299,32.40482,75.08354,90,1,241,,1,35.32273,33.52499,30.74534
1785382300,32.51965,75.08812,90,1,241,,1,35.49246,33.62679,30.64374
1785382300,32.51965,75.08812,90,1,242,,1,35.4586,33.55886,30.71147
1785382301,32.54902,75.09575,90,1,241,,1,35.39066,33.59273,30.67761
1785382302,32.59174,75.19188,90,1,241,,1,35.42453,33.52499,30.54194
1785382302,32.4609,75.08659,90,1,243,,1,35.4586,33.49113,30.81307
1785382303,32.57572,75.04539,90,1,242,,1,35.4586,33.66066,30.77921
1785382304,32.56237,75.06523,90,1,242,,1,35.39066,33.45726,30.74534
1785382304,32.50629,75.00877,90,1,242,,1,35.39066,33.49113,30.54194
1785382305,32.4609,75.11864,90,1,242,,1,35.4586,33.45726,30.81307
1785382306,32.40482,75.12779,90,1,241,,1,35.52633,33.55886,30.8808
1785382306,32.50629,75.15068,90,1,241,,1,35.42453,33.66066,30.54194
1785382307,32.4609,75.22545,90,1,241,,1,35.49246,33.59273,30.71147
1785382308,32.4609,75.15221,90,1,242,,1,35.5604,33.59273,30.74534
1785382308,32.50629,75.12932,90,2,242,,1,35.42453,33.72839,30.71147
1785382309,32.4609,75.19341,90,2,241,,1,35.49246,33.69453,30.74534
1785382310,32.41817,75.07744,90,2,241,,1,35.4586,33.55886,30.64374
1785382310,32.53567,75.02708,90,2,241,,1,35.4586,33.62679,30.74534
1785382311,32.54902,75.15984,90,2,241,,1,35.39066,33.62679,30.64374
1785382312,32.49294,75.1049,90,2,241,,1,35.3568,33.49113,30.71147
1785382313,32.50629,75.08354,90,2,243,,1,35.4586,33.66066,30.8808
1785382313,32.47692,75.19646,90,2,242,,1,35.39066,33.45726,30.71147
1785382314,32.56237,75.17509,90,2,242,,1,35.39066,33.59273,30.64374
1785382315,32.59174,75.14763,90,2,242,,1,35.4586,33.66066,30.67761
1785382315,32.4342,75.02403,90,2,242,,1,35.49246,33.62679,30.77921
1785382316,32.4342,75.15526,90,2,241,,1,35.3568,33.55886,30.74534
1785382317,32.49294,75.11406,90,2,241,,1,35.39066,33.69453,30.67761
1785382317,32.37812,74.97063,90,2,241,,1,35.42453,33.49113,30.71147
1785382318,32.51965,75.03319,90,2,241,,1,35.32273,33.49113,30.74534
1785382319,32.53567,75.15678,90,2,241,,1,35.4586,33.38933,30.67761
1785382319,32.56237,75.12016,90,2,241,,1,35.39066,33.69453,30.77921
1785382320,32.56237,75.18425,90,2,241,,1,35.3568,33.52499,30.67761
1785382321,32.50629,75.16136,90,1,241,,1,35.32273,33.45726,30.74534
1785382321,32.44755,75.12779,90,1,241,,1,35.39066,33.52499,30.67761
1785382322,32.4609,75.09727,90,1,242,,1,35.255,33.59273,30.81307
1785382323,32.44755,75.02861,90,1,242,,1,35.4586,33.59273,30.64374
1785382323,32.49294,75.18883,90,1,242,,1,35.3568,33.55886,30.67761
1785382324,32.56237,75.05455,90,2,242,,1,35.28886,33.62679,30.71147
1785382325,32.50629,75.12932,90,2,242,,1,35.42453,33.59273,30.74534
1785382325,32.47692,75.12321,90,2,241,,1,35.42453,33.62679,30.74534
1785382326,32.47692,75.16441,90,2,241,,1,35.3568,33.55886,30.77921
1785382327,32.50629,75.01945,90,2,241,,1,35.4586,33.62679,30.81307
1785382327,32.54902,75.15984,90,2,241,,1,35.39066,33.55886,30.54194
1785382328,32.50629,75.12932,90,2,241,,1,35.3568,33.52499,30.64374
1785382329,32.61845,75.04539,90,1,241,,1,35.4586,33.49113,30.74534
1785382329,32.53567,75.03624,90,2,241,,1,35.39066,33.55886,30.64374
1785382330,32.54902,75.07286,90,1,241,,1,35.39066,33.62679,30.60987
1785382331,32.54902,74.91112,90,1,241,,1,35.5604,33.52499,30.71147
1785382332,32.50629,75.01945,90,2,241,,1,35.39066,33.49113,30.74534
1785382332,32.53567,74.99504,90,1,242,,1,35.39066,33.52499,30.71147
1785382333,32.53567,75.15678,90,1,242,,1,35.3568,33.49113,30.67761
1785382334,32.49294,75.12474,90,1,242,,1,35.39066,33.49113,30.64374
1785382334,32.53567,75.11406,90,1,242,,1,35.4586,33.42319,30.64374
1785382335,32.51965,75.0103,90,2,242,,1,35.42453,33.69453,30.64374
1785382336,32.50629,75.16136,90,2,242,,1,35.42453,33.52499,30.74534
1785382336,32.51965,75.12016,90,2,242,,1,35.49246,33.59273,30.74534
1785382337,32.44755,75.1049,90,2,241,,1,35.49246,33.55886,30.64374
1785382338,32.51965,75.10033,90,1,241,,1,35.42453,33.72839,30.74534
1785382338,32.49294,75.15984,90,1,242,,1,35.39066,33.59273,30.77921
1785382339,32.47692,75.07744,90,1,241,,1,35.39066,33.62679,30.60987
1785382340,32.54902,75.06065,90,1,241,,1,35.49246,33.52499,30.81307
1785382340,32.56237,75.12016,90,2,241,,1,35.4586,33.52499,30.77921
1785382341,32.49294,75.14763,90,2,241,,1,35.39066,33.55886,30.64374
1785382342,32.47692,75.15526,90,2,241,,1,35.3568,33.62679,30.60987
1785382342,32.56237,75.12932,90,2,243,,1,35.39066,33.62679,30.60987
1785382343,32.56237,75.19341,90,2,242,,1,35.39066,33.49113,30.71147
1785382344,32.53567,75.13695,90,1,242,,1,35.4586,33.59273,30.81307
1785382344,32.47692,75.04539,90,1,242,,1,35.28886,33.72839,30.50807
1785382345,32.50629,75.13847,90,1,241,,1,35.3568,33.35546,30.67761
1785382346,32.50629,75.23766,90,1,241,,1,35.42453,33.52499,30.64374
1785382346,32.40482,75.04082,90,1,241,,1,35.3568,33.55886,30.77921
1785382347,32.4609,75.19341,90,1,242,,1,35.49246,33.59273,30.60987
1785382348,32.53567,75.17815,90,1,241,,1,35.42453,33.66066,30.60987
1785382348,32.51965,75.2514,90,1,241,,1,35.4586,33.49113,30.67761
1785382349,32.56237,75.2285,90,1,241,,1,35.3568,33.59273,30.57581
1785382350,32.57572,75.1873,90,1,241,,1,35.4586,33.76226,30.67761
1785382351,32.37812,75.16441,90,1,241,,1,35.42453,33.32139,30.71147
1785382351,32.44755,75.13847,90,1,241,,1,35.39066,33.66066,30.57581
1785382352,32.51965,75.32616,90,1,242,,1,35.42453,33.45726,30.64374
1785382353,32.47692,75.23003,90,1,242,,1,35.42453,33.52499,30.74534
1785382353,32.50629,75.23766,90,1,242,,1,35.39066,33.52499,30.67761
1785382354,32.4342,75.19798,90,1,242,,1,35.42453,33.62679,30.67761
1785382355,32.54902,75.22392,90,1,242,,1,35.3568,33.42319,30.54194
1785382355,32.60509,75.28039,90,1,241,,1,35.3568,33.62679,30.74534
1785382356,32.51965,75.17357,90,1,241,,1,35.39066,33.59273,30.57581
1785382357,32.53567,75.22087,90,1,241,,1,35.4586,33.55886,30.50807
1785382357,32.57572,75.1461,90,1,241,,1,35.3568,33.59273,30.64374
1785382358,32.50629,75.13847,90,1,241,,1,35.39066,33.49113,30.77921
1785382359,32.53567,75.03624,90,1,241,,1,35.49246,33.49113,30.50807
1785382359,32.50629,75.09575,90,1,241,,1,35.42453,33.62679,30.64374
1785382360,32.54902,75.11559,90,1,241,,1,35.42453,33.55886,30.71147
1785382361,32.61845,75.13237,90,1,241,,1,35.32273,33.59273,30.67761
1785382361,32.53567,75.04692,90,1,241,,1,35.39066,33.55886,30.67761
1785382362,32.57572,75.12321,90,1,242,,1,35.49246,33.52499,30.74534
1785382363,32.61845,75.05608,90,1,242,,1,35.42453,33.42319,30.67761
1785382363,32.54902,75.04082,90,1,242,,1,35.32273,33.52499,30.71147
1785382364,32.49294,75.21172,90,1,242,,1,35.3568,33.45726,30.67761
1785382365,32.44755,75.04997,90,1,242,,1,35.39066,33.52499,30.71147
1785382365,32.49294,75.17815,90,2,241,,1,35.42453,33.52499,30.84694
1785382366,32.59174,75.06065,90,2,241,,1,35.32273,33.52499,30.74534
1785382367,32.50629,75.08354,90,2,241,,1,35.32273,33.42319,30.77921
1785382367,32.56237,75.05455,90,2,241,,1,35.3568,33.59273,30.67761
1785382368,32.57572,75.1461,90,2,241,,1,35.42453,33.66066,30.60987
1785382369,32.56237,75.09727,90,1,241,,1,35.42453,33.55886,30.67761
1785382370,32.49294,75.20103,90,1,241,,1,35.39066,33.55886,30.60987
1785382370,32.51965,75.0103,90,1,241,,1,35.39066,33.59273,30.54194
1785382371,32.49294,75.08202,90,1,241,,1,35.3568,33.49113,30.74534
1785382372,32.49294,75.16899,90,1,241,,1,35.39066,33.52499,30.64374
1785382372,32.49294,75.16899,90,1,243,,1,35.42453,33.49113,30.77921
1785382373,32.53567,75.15678,90,1,242,,1,35.39066,33.55886,30.57581
1785382374,32.47692,75.2514,90,1,242,,1,35.32273,33.52499,30.67761
1785382374,32.4609,75.16136,90,2,242,,1,35.32273,33.45726,30.57581
1785382375,32.47692,75.17509,90,2,242,,1,35.4586,33.55886,30.64374
1785382376,32.60509,75.17357,90,2,241,,1,35.42453,33.52499,30.54194
1785382376,32.50629,75.08354,90,1,241,,1,35.42453,33.69453,30.57581
1785382377,32.53567,75.16899,90,1,241,,1,35.42453,33.55886,30.60987
1785382378,32.56237,75.14153,90,1,241,,1,35.42453,33.49113,30.57581
1785382378,32.50629,75.10643,90,1,241,,1,35.39066,33.55886,30.64374
1785382379,32.53567,75.15678,90,1,242,,1,35.42453,33.52499,30.54194
1785382380,32.44755,75.21172,90,1,241,,1,35.42453,33.49113,30.54194
1785382380,32.51965,75.14305,90,1,242,,1,35.52633,33.49113,30.71147
1785382381,32.49294,75.21172,90,1,241,,1,35.39066,33.55886,30.64374
1785382382,32.50629,75.18272,90,2,241,,1,35.39066,33.35546,30.84694
1785382382,32.49294,75.3521,90,2,242,,1,35.4586,33.45726,30.64374
1785382383,32.4609,75.26971,90,1,242,,1,35.4586,33.52499,30.60987
1785382384,32.49294,75.17815,90,1,242,,1,35.49246,33.52499,30.64374
1785382384,32.49294,75.16899,90,2,242,,1,35.3568,33.59273,30.64374
1785382385,32.50629,75.2575,90,2,241,,1,35.42453,33.45726,30.64374
1785382386,32.50629,75.20256,90,2,241,,1,35.42453,33.66066,30.64374
1785382386,32.4609,75.14153,90,2,241,,1,35.39066,33.55886,30.77921
1785382387,32.54902,75.22392,90,1,241,,1,35.3568,33.45726,30.64374
1785382388,32.49294,75.25597,90,1,241,,1,35.32273,33.45726,30.71147
1785382389,32.53567,75.27581,90,1,241,,1,35.32273,33.45726,30.67761
1785382389,32.4609,75.16136,90,1,241,,1,35.39066,33.59273,30.81307
1785382390,32.56237,75.09727,90,1,241,,1,35.42453,33.59273,30.64374
1785382391,32.49294,75.15984,90,1,241,,1,35.39066,33.52499,30.60987
1785382391,32.53567,75.11406,90,1,241,,1,35.42453,33.59273,30.64374
1785382392,32.50629,75.16136,90,1,241,,1,35.5604,33.45726,30.81307
1785382393,32.61845,75.15526,90,1,242,,1,35.4586,33.52499,30.60987
1785382393,32.49294,75.12474,90,1,242,,1,35.32273,33.49113,30.67761
1785382394,32.53567,75.02708,90,2,242,,1,35.4586,33.59273,30.44034
1785382395,32.50629,75.01945,90,1,242,,1,35.42453,33.62679,30.74534
1785382395,32.40482,74.96605,90,2,241,,1,35.52633,33.52499,30.64374
1785382396,32.4609,75.04234,90,2,241,,1,35.52633,33.59273,30.64374
1785382397,32.4342,75.17815,90,2,241,,1,35.3568,33.38933,30.74534
1785382397,32.54902,75.11559,90,2,241,,1,35.42453,33.45726,30.50807
1785382398,32.4342,75.01488,90,1,241,,1,35.32273,33.62679,30.64374
1785382399,32.54902,75.20256,90,1,241,,1,35.42453,33.52499,30.74534
1785382399,32.54902,75.01793,90,1,241,,1,35.4586,33.38933,30.57581
1785382400,32.56237,75.05455,90,1,241,,1,35.28886,33.72839,30.64374
1785382401,32.49294,75.01488,90,1,241,,1,35.4586,33.55886,30.74534
1785382401,32.53567,75.13695,90,1,241,,1,35.39066,33.62679,30.64374
1785382402,32.4342,75.01488,90,1,242,,1,35.32273,33.52499,30.60987
1785382403,32.49294,75.12474,90,1,242,,1,35.32273,33.35546,30.67761
1785382403,32.61845,75.07744,90,1,242,,1,35.42453,33.52499,30.60987
1785382404,32.53567,75.02708,90,1,242,,1,35.32273,33.59273,30.71147
1785382405,32.49294,75.13695,90,1,242,,1,35.3568,33.49113,30.54194
1785382405,32.57572,75.29717,90,1,241,,1,35.39066,33.42319,30.64374
1785382406,32.50629,75.19341,90,1,242,,1,35.39066,33.55886,30.74534
1785382407,32.53567,75.1461,90,1,241,,1,35.42453,33.52499,30.71147
1785382408,32.50629,75.10643,90,1,241,,1,35.3568,33.42319,30.67761
1785382408,32.54902,75.22392,90,1,241,,1,35.4586,33.55886,30.64374
1785382409,32.54902,75.06065,90,1,241,,1,35.255,33.52499,30.74534
1785382410,32.53567,75.18883,90,1,241,,1,35.42453,33.35546,30.57581
1785382410,32.49294,75.23308,90,1,241,,1,35.42453,33.59273,30.64374
1785382411,32.54902,75.2346,90,1,241,,1,35.49246,33.49113,30.60987
1785382412,32.49294,75.21172,90,1,241,,1,35.3568,33.55886,30.67761
1785382412,32.56237,75.20561,90,1,242,,1,35.32273,33.52499,30.67761
1785382413,32.56237,75.23766,90,1,242,,1,35.42453,33.62679,30.60987
1785382414,32.56237,75.14153,90,1,242,,1,35.3568,33.59273,30.67761
1785382414,32.4609,75.21629,90,1,242,,1,35.39066,33.52499,30.60987
1785382415,32.49294,75.21172,90,1,242,,1,35.49246,33.45726,30.57581
1785382416,32.44755,75.27886,90,1,241,,1,35.4586,33.62679,30.47441
1785382416,32.54902,74.97673,90,1,241,,1,35.3568,33.62679,30.71147
1785382417,32.4609,75.12932,90,1,241,,1,35.39066,33.32139,30.74534
1785382418,32.54902,75.21477,90,1,241,,1,35.3568,33.38933,30.71147
1785382418,32.56237,75.15221,90,1,241,,1,35.4586,33.62679,30.74534
1785382419,32.51965,75.17357,90,1,241,,1,35.42453,33.62679,30.60987
1785382420,32.51965,75.19646,90,1,241,,1,35.49246,33.49113,30.54194
1785382420,32.44755,75.08354,90,1,241,,1,35.59426,33.42319,30.64374
1785382421,32.4609,75.16136,90,1,241,,1,35.4586,33.59273,30.60987
1785382422,32.47692,75.15526,90,1,241,,1,35.42453,33.55886,30.81307
1785382422,32.50629,75.16136,90,1,242,,1,35.39066,33.55886,30.57581
1785382423,32.50629,75.21477,90,1,242,,1,35.42453,33.52499,30.77921
1785382424,32.50629,75.13847,90,1,242,,1,35.28886,33.59273,30.57581
1785382424,32.41817,75.02251,90,1,242,,1,35.32273,33.62679,30.84694
1785382425,32.51965,75.31701,90,1,241,,1,35.49246,33.66066,30.67761
1785382426,32.51965,75.21629,90,1,241,,1,35.3568,33.49113,30.71147
1785382427,32.44755,75.14763,90,1,241,,1,35.32273,33.55886,30.67761
1785382427,32.44755,75.2346,90,1,241,,1,35.42453,33.62679,30.67761
1785382428,32.47692,75.2514,90,1,241,,1,35.3568,33.76226,30.71147
1785382429,32.44755,75.20103,90,1,241,,1,35.3568,33.52499,30.67761
1785382429,32.47692,75.12321,90,1,241,,1,35.52633,33.52499,30.74534
1785382430,32.53567,75.25292,90,1,241,,1,35.4586,33.66066,30.60987
1785382431,32.50629,75.23766,90,1,241,,1,35.39066,33.55886,30.64374
1785382431,32.50629,75.31243,90,1,241,,1,35.3568,33.59273,30.60987
1785382432,32.49294,75.3399,90,1,241,,1,35.3568,33.66066,30.64374
1785382433,32.49294,75.2987,90,1,242,,1,35.39066,33.49113,30.74534
1785382433,32.50629,75.23766,90,1,242,,1,35.4586,33.66066,30.71147
1785382434,32.41817,75.13237,90,1,242,,1,35.32273,33.62679,30.67761
1785382435,32.49294,75.21172,90,1,242,,1,35.42453,33.59273,30.74534
1785382435,32.4342,75.23003,90,1,241,,1,35.39066,33.79633,30.64374
1785382436,32.50629,75.19341,90,1,241,,1,35.39066,33.66066,30.67761
1785382437,32.4342,75.21019,90,1,242,,1,35.32273,33.62679,30.50807
1785382437,32.49294,75.17815,90,1,242,,1,35.42453,33.76226,30.67761
1785382438,32.50629,75.21477,90,2,241,,1,35.32273,33.42319,30.60987
1785382439,32.54902,75.32464,90,1,241,,1,35.3568,33.59273,30.47441
1785382439,32.44755,75.22392,90,1,241,,1,35.32273,33.76226,30.64374
1785382440,32.41817,75.15068,90,2,241,,1,35.4586,33.55886,30.57581
1785382441,32.47692,75.12321,90,1,241,,1,35.39066,33.49113,30.67761
1785382441,32.4342,75.04692,90,1,241,,1,35.42453,33.42319,30.60987
1785382442,32.41817,75.17357,90,1,242,,1,35.42453,33.62679,30.64374
1785382443,32.44755,75.16899,90,1,242,,1,35.3568,33.59273,30.57581
1785382443,32.4609,75.09727,90,1,242,,1,35.32273,33.52499,30.57581
1785382444,32.41817,75.13237,90,1,242,,1,35.3568,33.72839,30.71147
1785382445,32.4609,75.16136,90,2,242,,1,35.4586,33.55886,30.54194
1785382446,32.47692,75.19646,90,2,241,,1,35.3568,33.69453,30.47441
1785382446,32.47692,75.06828,90,2,241,,1,35.49246,33.69453,30.67761
1785382447,32.47692,75.10033,90,1,241,,1,35.39066,33.59273,30.60987
1785382448,32.51965,75.19646,90,1,241,,1,35.4586,33.52499,30.60987
1785382448,32.51965,75.14305,90,2,241,,1,35.3568,33.62679,30.67761
1785382449,32.49294,75.18883,90,2,241,,1,35.39066,33.59273,30.54194
1785382450,32.53567,75.17815,90,2,241,,1,35.4586,33.62679,30.67761
1785382450,32.56237,75.15221,90,1,241,,1,35.39066,33.86406,30.47441
1785382451,32.47692,75.19646,90,1,241,,1,35.49246,33.62679,30.57581
1785382452,32.54902,75.19188,90,1,241,,1,35.32273,33.66066,30.60987
1785382452,32.44755,75.04997,90,1,242,,1,35.39066,33.72839,30.54194
1785382453,32.4609,75.18272,90,1,242,,1,35.42453,33.66066,30.71147
1785382454,32.44755,75.31091,90,1,242,,1,35.52633,33.59273,30.60987
1785382454,32.39147,75.20103,90,1,242,,1,35.42453,33.59273,30.74534
1785382455,32.37812,75.2514,90,1,241,,1,35.4586,33.76226,30.57581
1785382456,32.44755,75.11559,90,1,241,,1,35.4586,33.59273,30.77921
1785382456,32.41817,75.21629,90,1,241,,1,35.39066,33.52499,30.57581
1785382457,32.56237,75.21629,90,1,242,,1,35.39066,33.66066,30.60987
1785382458,32.4342,75.23003,90,1,242,,1,35.39066,33.62679,30.64374
1785382458,32.44755,75.12779,90,2,242,,1,35.42453,33.62679,30.47441
1785382459,32.4609,75.20561,90,1,241,,1,35.28886,33.42319,30.54194
1785382460,32.49294,75.27581,90,1,241,,1,35.39066,33.62679,30.67761
1785382460,32.4342,75.1339,90,1,241,,1,35.4586,33.59273,30.60987
1785382461,32.4342,75.31701,90,1,241,,1,35.28886,33.52499,30.71147
1785382462,32.53567,75.19798,90,1,241,,1,35.49246,33.72839,30.64374
1785382462,32.44755,75.16899,90,1,242,,1,35.255,33.59273,30.57581
1785382463,32.40482,75.11559,90,1,242,,1,35.3568,33.52499,30.54194
1785382464,32.50629,75.16136,90,1,242,,1,35.39066,33.59273,30.67761
1785382465,32.49294,75.20103,90,1,242,,1,35.3568,33.66066,30.54194
1785382465,32.4609,75.26055,90,2,241,,1,35.4586,33.66066,30.60987
1785382466,32.36209,75.11864,90,1,241,,1,35.42453,33.76226,30.71147
1785382467,32.60509,75.12932,90,1,241,,1,35.49246,33.72839,30.64374
1785382467,32.51965,75.23918,90,1,241,,1,35.3568,33.69453,30.57581
1785382468,32.4342,75.28497,90,1,241,,1,35.39066,33.49113,30.54194
1785382469,32.47692,75.15526,90,1,241,,1,35.3568,33.52499,30.67761
1785382469,32.4609,75.22545,90,1,242,,1,35.3568,33.55886,30.64374
1785382470,32.47692,75.23003,90,1,241,,1,35.32273,33.66066,30.71147
1785382471,32.50629,75.37652,90,1,241,,1,35.39066,33.55886,30.71147
1785382471,32.50629,75.06371,90,1,241,,1,35.4586,33.62679,30.60987
1785382472,32.51965,75.20714,90,1,242,,1,35.4586,33.79633,30.71147
1785382473,32.57572,75.1339,90,1,242,,1,35.3568,33.59273,30.67761
1785382473,32.54902,75.15068,90,1,242,,1,35.3568,33.66066,30.71147
1785382474,32.54902,75.35363,90,1,242,,1,35.3568,33.49113,30.74534
1785382475,32.47692,75.16441,90,1,242,,1,35.32273,33.62679,30.64374
1785382475,32.4609,75.21629,90,1,241,,1,35.4586,33.62679,30.77921
1785382476,32.44755,75.15678,90,2,241,,1,35.32273,33.62679,30.81307
1785382477,32.40482,75.17052,90,2,241,,1,35.39066,33.55886,30.71147
1785382477,32.49294,75.13695,90,2,241,,1,35.255,33.62679,31.05034
1785382478,32.51965,75.23918,90,2,241,,1,35.3568,33.52499,30.77921
1785382479,32.53567,75.11406,90,2,241,,1,35.32273,33.45726,30.94874
1785382479,32.4342,74.99352,90,2,241,,1,35.42453,33.59273,30.8808
1785382480,32.50629,75.04082,90,2,241,,1,35.32273,33.62679,30.8808
1785382481,32.47692,75.00114,90,2,241,,1,35.49246,33.45726,30.74534
1785382481,32.49294,75.23308,90,2,241,,1,35.32273,33.49113,30.84694
1785382482,32.56237,75.12016,90,2,242,,1,35.39066,33.55886,30.94874
1785382483,32.41817,75.04234,90,1,242,,1,35.39066,33.42319,30.91467
1785382483,32.41817,75.17357,90,2,242,,1,35.3568,33.59273,31.05034
1785382484,32.4609,75.11864,90,2,242,,1,35.39066,33.62679,30.94874
1785382485,32.4609,75.14153,90,2,242,,1,35.39066,33.52499,30.77921
1785382486,32.4609,75.06371,90,2,241,,1,35.28886,33.72839,30.84694
1785382486,32.4609,75.17052,90,2,241,,1,35.39066,33.59273,30.8808
1785382487,32.50629,75.12932,90,2,241,,1,35.39066,33.66066,30.81307
1785382488,32.4609,75.08659,90,1,241,,1,35.3568,33.42319,31.11807
1785382488,32.49294,75.23308,90,1,241,,1,35.32273,33.59273,30.9826
1785382489,32.54902,75.17967,90,1,241,,1,35.4586,33.72839,30.94874
1785382490,32.50629,75.17052,90,2,241,,1,35.42453,33.66066,31.05034
1785382490,32.47692,75.16441,90,1,241,,1,35.39066,33.55886,30.9826
1785382491,32.54902,75.21477,90,1,241,,1,35.39066,33.49113,30.91467
1785382492,32.41817,75.15068,90,1,241,,1,35.39066,33.49113,31.01647
1785382492,32.54902,75.12779,90,1,242,,1,35.3568,33.55886,30.9826
1785382493,32.4342,75.24223,90,2,242,,1,35.3568,33.59273,31.05034
1785382494,32.44755,75.13847,90,2,242,,1,35.3568,33.55886,31.11807
1785382494,32.53567,75.25292,90,1,242,,1,35.32273,33.62679,30.8808
1785382495,32.53567,75.2987,90,1,241,,1,35.39066,33.59273,30.91467
1785382496,32.50629,75.19341,90,1,241,,1,35.28886,33.59273,30.91467
1785382496,32.41817,75.29412,90,1,241,,1,35.28886,33.59273,31.05034
1785382497,32.49294,75.22392,90,1,241,,1,35.39066,33.49113,30.9826
1785382498,32.47692,75.1873,90,1,241,,1,35.4586,33.66066,30.60987
1785382498,32.49294,75.25597,90,1,241,,1,35.3568,33.69453,30.81307
1785382499,32.4609,75.26971,90,1,242,,1,35.255,33.55886,30.74534
1785382500,32.54902,75.08354,90,1,242,,1,35.3568,33.69453,30.84694
1785382500,32.50629,75.20256,90,1,241,,1,35.4586,33.59273,30.81307
1785382501,32.49294,75.25597,90,1,241,,1,35.39066,33.55886,30.81307
1785382502,32.60509,75.26971,90,1,242,,1,35.32273,33.49113,30.81307
1785382503,32.49294,75.16899,90,1,243,,1,35.39066,33.72839,30.74534
1785382503,32.50629,75.0515,90,1,242,,1,35.28886,33.42319,30.74534
1785382504,32.44755,75.03777,90,1,242,,1,35.3568,33.62679,30.77921
1785382505,32.4609,75.19341,90,1,242,,1,35.39066,33.86406,30.74534
1785382505,32.54902,75.20256,90,2,241,,1,35.39066,33.62679,30.71147
1785382506,32.50629,75.13847,90,1,241,,1,35.42453,33.55886,30.84694
1785382507,32.51965,75.15526,90,1,241,,1,35.255,33.69453,30.81307
1785382507,32.60509,75.18425,90,2,241,,1,35.3568,33.62679,30.74534
1785382508,32.41817,75.08659,90,2,241,,1,35.3568,33.59273,30.71147
1785382509,32.53567,75.15678,90,2,241,,1,35.3568,33.49113,30.71147
1785382509,32.4609,75.15221,90,1,241,,1,35.42453,33.55886,30.71147
1785382510,32.50629,75.16136,90,1,241,,1,35.39066,33.69453,30.64374
1785382511,32.36209,75.26971,90,1,241,,1,35.3568,33.52499,30.71147
1785382511,32.53567,75.16899,90,1,241,,1,35.3568,33.72839,30.94874
1785382512,32.56237,75.2285,90,1,241,,1,35.42453,33.72839,30.64374
1785382513,32.53567,75.3521,90,1,242,,1,35.3568,33.49113,30.84694
1785382513,32.44755,75.16899,90,1,242,,1,35.39066,33.66066,30.71147
1785382514,32.54902,75.15068,90,1,242,,1,35.42453,33.62679,30.67761
1785382515,32.40482,75.10643,90,1,242,,1,35.18706,33.49113,30.64374
1785382515,32.49294,75.16899,90,1,241,,1,35.3568,33.42319,30.81307
1785382516,32.51965,75.12016,90,1,241,,1,35.32273,33.62679,30.67761
1785382517,32.44755,75.1049,90,1,241,,1,35.39066,33.66066,30.57581
1785382517,32.44755,75.17967,90,1,241,,1,35.3568,33.52499,30.77921
1785382518,32.40482,75.10643,90,1,241,,1,35.42453,33.45726,30.74534
1785382519,32.50629,75.15068,90,1,241,,1,35.32273,33.66066,30.77921
1785382519,32.53567,75.24376,90,1,241,,1,35.28886,33.69453,30.81307
1785382520,32.36209,75.07439,90,1,241,,1,35.3568,33.52499,30.71147
1785382521,32.51965,75.34753,90,1,241,,1,35.39066,33.83019,30.91467
1785382521,32.49294,75.15984,90,1,241,,1,35.255,33.55886,30.60987
1785382522,32.61845,75.11101,90,1,242,,1,35.3568,33.69453,30.84694
1785382523,32.44755,75.22392,90,1,242,,1,35.39066,33.62679,30.77921
1785382524,32.40482,75.13847,90,1,242,,1,35.4586,33.69453,30.57581
1785382524,32.49294,75.16899,90,1,242,,1,35.3568,33.62679,30.8808
1785382525,32.47692,75.34905,90,1,242,,1,35.3568,33.66066,30.74534
1785382526,32.56237,75.18425,90,1,241,,1,35.3568,33.69453,30.57581
1785382526,32.50629,75.23766,90,1,241,,1,35.4586,33.59273,30.74534
1785382527,32.44755,75.17967,90,1,241,,1,35.32273,33.52499,30.71147
1785382528,32.54902,75.24681,90,1,241,,1,35.3568,33.62679,30.8808
1785382528,32.50629,75.20256,90,1,242,,1,35.3568,33.52499,30.81307
1785382529,32.49294,75.27581,90,1,241,,1,35.3568,33.62679,30.77921
1785382530,32.47692,75.10033,90,1,241,,1,35.49246,33.55886,30.71147
1785382530,32.56237,75.10948,90,2,241,,1,35.3568,33.59273,30.91467
1785382531,32.51965,75.18425,90,2,241,,1,35.3568,33.52499,30.84694
1785382532,32.50629,75.07439,90,2,242,,1,35.39066,33.52499,30.91467
1785382532,32.59174,75.08202,90,2,242,,1,35.255,33.38933,30.74534
1785382533,32.54902,75.10643,90,2,242,,1,35.32273,33.62679,30.71147
1785382534,32.51965,75.16441,90,2,242,,1,35.28886,33.55886,30.74534
1785382534,32.59174,75.20103,90,2,242,,1,35.4586,33.59273,30.71147
1785382535,32.50629,75.15068,90,2,241,,1,35.32273,33.38933,30.77921
1785382536,32.39147,75.12474,90,1,241,,1,35.4586,33.62679,30.67761
1785382536,32.53567,75.04692,90,2,241,,1,35.28886,33.49113,30.67761
1785382537,32.41817,75.17357,90,2,241,,1,35.3568,33.52499,30.67761
1785382538,32.47692,75.14305,90,2,241,,1,35.39066,33.45726,30.60987
1785382538,32.50629,75.19341,90,2,242,,1,35.3568,33.45726,30.71147
1785382539,32.47692,75.17509,90,1,241,,1,35.49246,33.62679,30.71147
1785382540,32.4609,75.19341,90,1,241,,1,35.39066,33.55886,30.64374
1785382540,32.54902,75.15984,90,1,241,,1,35.42453,33.62679,30.74534
1785382541,32.50629,75.2575,90,1,241,,1,35.4586,33.55886,30.64374
1785382542,32.49294,75.1049,90,1,242,,1,35.3568,33.42319,30.64374
1785382543,32.50629,75.13847,90,1,243,,1,35.4586,33.59273,30.71147
1785382543,32.54902,75.17052,90,1,242,,1,35.39066,33.45726,30.77921
1785382544,32.50629,75.09575,90,1,242,,1,35.32273,33.49113,30.81307
1785382545,32.51965,75.20714,90,1,242,,1,35.4586,33.69453,30.60987
1785382545,32.57572,75.12321,90,1,241,,1,35.3568,33.52499,30.74534
1785382546,32.50629,75.17052,90,1,241,,1,35.3568,33.59273,30.74534
1785382547,32.49294,75.21172,90,1,241,,1,35.3568,33.42319,30.54194
1785382547,32.40482,75.24681,90,1,241,,1,35.39066,33.49113,30.67761
1785382548,32.4609,75.16136,90,1,241,,1,35.28886,33.42319,30.74534
1785382549,32.51965,75.20714,90,1,241,,1,35.22093,33.62679,30.60987
1785382549,32.4609,75.24834,90,1,241,,1,35.3568,33.49113,30.64374
1785382550,32.37812,75.20714,90,1,241,,1,35.39066,33.49113,30.8808
1785382551,32.47692,75.31701,90,2,241,,1,35.32273,33.55886,30.81307
1785382551,32.49294,75.25597,90,2,241,,1,35.28886,33.45726,30.67761
1785382552,32.4342,75.12321,90,2,242,,1,35.39066,33.55886,30.60987
1785382553,32.50629,75.23766,90,2,242,,1,35.42453,33.59273,30.74534
1785382553,32.41817,75.2285,90,1,242,,1,35.32273,33.62679,30.67761
1785382554,32.44755,75.21172,90,2,242,,1,35.42453,33.38933,30.64374
1785382555,32.47692,75.16441,90,2,242,,1,35.3568,33.35546,30.81307
1785382555,32.44755,75.12779,90,2,241,,1,35.3568,33.49113,30.64374
1785382556,32.51965,75.02251,90,2,241,,1,35.39066,33.52499,30.74534
1785382557,32.50629,75.13847,90,2,241,,1,35.42453,33.55886,30.64374
1785382557,32.44755,75.19188,90,1,241,,1,35.3568,33.28753,30.77921
1785382558,32.39147,75.10185,90,2,241,,1,35.39066,33.52499,30.64374
1785382559,32.49294,75.14763,90,2,241,,1,35.42453,33.62679,30.64374
1785382559,32.4609,75.11864,90,2,241,,1,35.32273,33.59273,30.64374
1785382560,32.41817,75.03166,90,1,241,,1,35.39066,33.59273,30.74534
1785382561,32.54902,75.28954,90,1,241,,1,35.3568,33.45726,30.64374
1785382562,32.51965,75.19646,90,1,241,,1,35.18706,33.52499,30.60987
1785382562,32.50629,75.15068,90,2,243,,1,35.39066,33.42319,30.64374
1785382563,32.4609,75.14153,90,1,242,,1,35.32273,33.59273,30.67761
1785382564,32.47692,75.19646,90,1,242,,1,35.39066,33.59273,30.40647
1785382564,32.53567,75.18883,90,2,242,,1,35.42453,33.52499,30.54194
1785382565,32.49294,75.11406,90,1,242,,1,35.3568,33.35546,30.71147
1785382566,32.4609,75.22545,90,1,241,,1,35.32273,33.62679,30.60987
1785382566,32.4609,75.03166,90,1,241,,1,35.3568,33.59273,30.57581
1785382567,32.53567,75.08202,90,1,241,,1,35.42453,33.52499,30.50807
1785382568,32.41817,75.10948,90,2,241,,1,35.39066,33.59273,30.64374
1785382568,32.47692,75.06828,90,1,241,,1,35.3568,33.55886,30.77921
1785382569,32.44755,75.15678,90,1,241,,1,35.4586,33.42319,30.64374
1785382570,32.51965,75.15526,90,1,241,,1,35.39066,33.52499,30.71147
1785382570,32.51965,75.10948,90,1,241,,1,35.3568,33.38933,30.67761
1785382571,32.49294,75.20103,90,2,241,,1,35.39066,33.69453,30.67761
1785382572,32.39147,75.15526,90,1,241,,1,35.32273,33.52499,30.67761
1785382572,32.4342,75.25292,90,1,242,,1,35.32273,33.49113,30.57581
1785382573,32.41817,75.18425,90,1,242,,1,35.42453,33.59273,30.64374
1785382574,32.49294,75.26665,90,1,242,,1,35.42453,33.42319,30.60987
1785382574,32.44755,75.14763,90,1,242,,1,35.4586,33.42319,30.67761
1785382575,32.51965,75.19646,90,1,241,,1,35.4586,33.42319,30.54194
1785382576,32.4342,75.23003,90,1,241,,1,35.32273,33.42319,30.71147
1785382576,32.41817,75.21629,90,1,241,,1,35.42453,33.42319,30.67761
1785382577,32.49294,75.18883,90,1,241,,1,35.42453,33.55886,30.57581
1785382578,32.4342,75.32922,90,1,241,,1,35.3568,33.52499,30.77921
1785382578,32.40482,75.19188,90,1,241,,1,35.32273,33.66066,30.74534
1785382579,32.40482,75.13847,90,1,242,,1,35.32273,33.59273,30.57581
1785382580,32.51965,75.19646,90,2,242,,1,35.3568,33.66066,30.57581
1785382581,32.51965,75.30633,90,2,242,,1,35.32273,33.52499,30.67761
1785382581,32.53567,75.24376,90,1,241,,1,35.42453,33.55886,30.77921
1785382582,32.57572,75.25292,90,1,241,,1,35.32273,33.55886,30.54194
1785382583,32.54902,75.10643,90,1,242,,1,35.28886,33.35546,30.77921
1785382583,32.44755,75.12779,90,1,242,,1,35.28886,33.45726,30.60987
1785382584,32.49294,75.08202,90,1,242,,1,35.42453,33.52499,30.60987
1785382585,32.47692,75.32616,90,1,242,,1,35.52633,33.52499,30.57581
1785382585,32.4342,75.17815,90,1,241,,1,35.42453,33.52499,30.60987
1785382586,32.44755,75.20103,90,1,241,,1,35.32273,33.49113,30.54194
1785382587,32.4609,75.24834,90,1,241,,1,35.32273,33.45726,30.71147
1785382587,32.53567,75.22087,90,1,241,,1,35.3568,33.55886,30.50807
1785382588,32.4342,75.11406,90,2,241,,1,35.32273,33.55886,30.74534
1785382589,32.44755,75.22392,90,2,241,,1,35.3568,33.49113,30.77921
1785382589,32.41817,75.18425,90,2,241,,1,35.42453,33.45726,30.60987
1785382590,32.47692,75.21935,90,2,241,,1,35.3568,33.49113,30.67761
1785382591,32.51965,75.2514,90,1,241,,1,35.39066,33.45726,30.54194
1785382591,32.49294,75.14763,90,2,241,,1,35.39066,33.59273,30.57581
1785382592,32.47692,75.26208,90,2,242,,1,35.39066,33.59273,30.57581
1785382593,32.59174,75.08202,90,1,242,,1,35.39066,33.59273,30.71147
1785382593,32.51965,75.17357,90,2,242,,1,35.3568,33.59273,30.74534
1785382594,32.50629,75.09575,90,1,242,,1,35.28886,33.55886,30.60987
1785382595,32.59174,75.25597,90,2,242,,1,35.3568,33.45726,30.60987
1785382595,32.50629,75.12932,90,1,241,,1,35.42453,33.49113,30.67761
1785382596,32.51965,75.13237,90,1,241,,1,35.32273,33.38933,30.54194
1785382597,32.47692,75.06828,90,1,241,,1,35.42453,33.52499,30.67761
1785382597,32.4609,74.97978,90,1,242,,1,35.42453,33.35546,30.64374
1785382598,32.50629,75.12932,90,1,241,,1,35.32273,33.49113,30.64374
1785382599,32.50629,75.19341,90,1,242,,1,35.32273,33.49113,30.60987
1785382600,32.47692,75.10033,90,1,241,,1,35.3568,33.28753,30.64374
1785382600,32.44755,75.0927,90,1,241,,1,35.32273,33.62679,30.67761
1785382601,32.54902,75.10643,90,1,241,,1,35.3568,33.45726,30.67761
1785382602,32.49294,75.0927,90,1,241,,1,35.42453,33.42319,30.60987
1785382602,32.50629,75.11864,90,1,242,,1,35.255,33.35546,30.60987
1785382603,32.47692,75.1873,90,1,241,,1,35.22093,33.52499,30.64374
1785382604,32.44755,75.00572,90,1,242,,1,35.42453,33.49113,30.54194
1785382604,32.49294,75.15984,90,1,242,,1,35.39066,33.45726,30.50807
1785382605,32.4609,75.11864,90,1,242,,1,35.28886,33.38933,30.54194
1785382606,32.4342,75.09117,90,1,241,,1,35.3568,33.69453,30.64374
1785382606,32.50629,75.09575,90,1,241,,1,35.42453,33.35546,30.67761
1785382607,32.40482,75.10643,90,1,241,,1,35.32273,33.52499,30.60987
1785382608,32.44755,75.12779,90,1,241,,1,35.32273,33.45726,30.57581
1785382608,32.50629,75.16136,90,1,241,,1,35.39066,33.59273,30.67761
1785382609,32.50629,75.2575,90,1,241,,1,35.255,33.45726,30.57581
1785382610,32.49294,75.18883,90,1,241,,1,35.32273,33.49113,30.67761
1785382610,32.50629,75.23766,90,1,241,,1,35.42453,33.66066,30.74534
1785382611,32.54902,75.20256,90,1,241,,1,35.32273,33.49113,30.57581
1785382612,32.50629,75.22545,90,1,241,,1,35.28886,33.35546,30.60987
1785382612,32.4609,75.26055,90,2,243,,1,35.32273,33.55886,30.77921
1785382613,32.50629,75.2575,90,2,242,,1,35.32273,33.55886,30.57581
1785382614,32.50629,75.19341,90,1,242,,1,35.4586,33.52499,30.57581
1785382614,32.47692,75.17509,90,2,242,,1,35.39066,33.55886,30.57581
1785382615,32.41817,75.13237,90,1,241,,1,35.39066,33.55886,30.60987
1785382616,32.47692,75.03319,90,1,241,,1,35.42453,33.62679,30.57581
1785382616,32.53567,75.15678,90,1,241,,1,35.39066,33.49113,30.60987
1785382617,32.47692,75.17509,90,1,241,,1,35.28886,33.62679,30.60987
1785382618,32.4609,75.20561,90,1,241,,1,35.3568,33.49113,30.67761
1785382619,32.56237,75.27123,90,1,241,,1,35.39066,33.49113,30.54194
1785382619,32.50629,75.12932,90,1,241,,1,35.4586,33.55886,30.67761
1785382620,32.4342,75.15526,90,1,241,,1,35.32273,33.45726,30.44034
1785382621,32.51965,75.18425,90,2,241,,1,35.32273,33.49113,30.54194
1785382621,32.54902,75.17052,90,2,241,,1,35.32273,33.35546,30.54194
1785382622,32.47692,75.11101,90,2,241,,1,35.3568,33.49113,30.67761
1785382623,32.56237,75.18425,90,2,242,,1,35.3568,33.66066,30.54194
1785382623,32.39147,75.09117,90,2,242,,1,35.22093,33.45726,30.60987
1785382624,32.53567,75.22087,90,2,242,,1,35.42453,33.42319,30.74534
1785382625,32.50629,75.30175,90,2,242,,1,35.32273,33.45726,30.57581
1785382625,32.4609,75.16136,90,2,241,,1,35.42453,33.49113,30.57581
1785382626,32.39147,75.20103,90,1,241,,1,35.32273,33.42319,30.57581
1785382627,32.41817,75.20561,90,2,241,,1,35.3568,33.52499,30.67761
1785382627,32.47692,75.20714,90,2,241,,1,35.28886,33.49113,30.40647
1785382628,32.51965,75.15526,90,2,241,,1,35.32273,33.35546,30.54194
1785382629,32.56237,75.17509,90,2,241,,1,35.32273,33.52499,30.60987
1785382629,32.50629,75.17052,90,2,241,,1,35.3568,33.49113,30.74534
1785382630,32.53567,75.15678,90,2,241,,1,35.32273,33.55886,30.60987
1785382631,32.47692,75.16441,90,2,241,,1,35.28886,33.38933,30.60987
1785382631,32.4609,74.99046,90,1,241,,1,35.32273,33.52499,30.50807
1785382632,32.47692,75.12321,90,2,242,,1,35.28886,33.69453,30.44034
1785382633,32.44755,75.0927,90,1,242,,1,35.32273,33.45726,30.84694
1785382633,32.4609,75.07439,90,1,242,,1,35.32273,33.49113,30.50807
1785382634,32.49294,75.17815,90,1,242,,1,35.39066,33.55886,30.67761
1785382635,32.47692,75.1873,90,1,242,,1,35.32273,33.45726,30.67761
1785382635,32.50629,75.04082,90,1,241,,1,35.39066,33.66066,30.54194
1785382636,32.50629,75.07439,90,1,241,,1,35.32273,33.49113,30.64374
1785382637,32.40482,75.12779,90,1,241,,1,35.32273,33.55886,30.67761
1785382638,32.50629,75.26971,90,1,241,,1,35.32273,33.59273,30.57581
1785382638,32.50629,75.20256,90,1,241,,1,35.28886,33.38933,30.60987
1785382639,32.36209,75.24834,90,1,241,,1,35.22093,33.52499,30.64374
1785382640,32.4342,75.31701,90,1,241,,1,35.28886,33.55886,30.71147
1785382640,32.57572,75.1873,90,1,241,,1,35.3568,33.38933,30.60987
1785382641,32.4609,75.16136,90,1,241,,1,35.39066,33.59273,30.60987
1785382642,32.54902,75.32464,90,1,241,,1,35.32273,33.52499,30.50807
1785382642,32.49294,75.27581,90,2,242,,1,35.28886,33.45726,30.71147
1785382643,32.50629,75.08354,90,2,242,,1,35.28886,33.42319,30.54194
1785382644,32.49294,75.15984,90,1,242,,1,35.3568,33.45726,30.64374
1785382644,32.49294,75.22392,90,1,242,,1,35.39066,33.45726,30.77921
1785382645,32.56237,75.24834,90,1,242,,1,35.39066,33.38933,30.54194
1785382646,32.47692,75.1873,90,1,241,,1,35.28886,33.55886,30.64374
1785382646,32.49294,75.22392,90,1,241,,1,35.3568,33.69453,30.57581
1785382647,32.50629,75.11864,90,1,241,,1,35.39066,33.55886,30.44034
1785382648,32.4609,75.16136,90,1,241,,1,35.32273,33.52499,30.57581
1785382648,32.56237,75.06523,90,1,241,,1,35.3568,33.55886,30.50807
1785382649,32.44755,75.16899,90,1,241,,1,35.3568,33.42319,30.74534
1785382650,32.40482,75.21477,90,2,242,,1,35.42453,33.45726,30.54194
1785382650,32.40482,75.17052,90,1,242,,1,35.3568,33.55886,30.71147
1785382651,32.50629,75.16136,90,2,241,,1,35.3568,33.52499,30.57581
1785382652,32.44755,75.20103,90,2,241,,1,35.49246,33.69453,30.57581
1785382652,32.49294,75.25597,90,2,242,,1,35.28886,33.55886,30.57581
1785382653,32.4342,75.22087,90,1,242,,1,35.32273,33.52499,30.44034
1785382654,32.4609,75.14153,90,1,242,,1,35.3568,33.49113,30.67761
1785382654,32.40482,75.14763,90,1,242,,1,35.3568,33.62679,30.74534
1785382655,32.50629,75.11864,90,1,242,,1,35.39066,33.42319,30.50807
1785382656,32.4609,75.08659,90,2,241,,1,35.39066,33.59273,30.74534
1785382657,32.4609,75.08659,90,2,241,,1,35.22093,33.55886,30.64374
1785382657,32.51965,75.16441,90,2,241,,1,35.255,33.42319,30.67761
1785382658,32.4609,75.11864,90,2,241,,1,35.39066,33.49113,30.74534
1785382659,32.49294,75.14763,90,2,241,,1,35.3568,33.49113,30.50807
1785382659,32.44755,75.24681,90,2,241,,1,35.32273,33.59273,30.54194
1785382660,32.4342,75.36126,90,2,241,,1,35.32273,33.45726,30.57581
1785382661,32.49294,75.15984,90,2,242,,1,35.3568,33.55886,30.81307
1785382661,32.49294,75.12474,90,2,241,,1,35.4586,33.45726,30.67761
1785382662,32.37812,75.06828,90,2,241,,1,35.32273,33.49113,30.64374
1785382663,32.47692,75.15526,90,2,242,,1,35.28886,33.38933,30.57581
1785382663,32.4342,75.11406,90,2,242,,1,35.3568,33.45726,30.64374
1785382664,32.40482,75.17967,90,1,242,,1,35.255,33.45726,30.74534
1785382665,32.50629,75.09575,90,1,241,,1,35.49246,33.38933,30.64374
1785382665,32.4609,75.08659,90,2,241,,1,35.18706,33.42319,30.64374
1785382666,32.44755,75.1049,90,1,241,,1,35.3568,33.55886,30.67761
1785382667,32.4609,75.03166,90,1,241,,1,35.4586,33.52499,30.71147
1785382667,32.47692,75.16441,90,1,241,,1,35.42453,33.42319,30.74534
1785382668,32.44755,75.0927,90,1,241,,1,35.39066,33.52499,30.60987
1785382669,32.4609,75.19341,90,1,241,,1,35.42453,33.42319,30.60987
1785382669,32.4342,75.12321,90,1,241,,1,35.32273,33.38933,30.47441
1785382670,32.51965,75.12016,90,1,241,,1,35.3568,33.42319,30.67761
1785382671,32.4342,75.11406,90,1,241,,1,35.255,33.55886,30.81307
1785382671,32.4342,75.24223,90,2,241,,1,35.39066,33.55886,30.54194
1785382672,32.41817,75.19341,90,2,242,,1,35.42453,33.72839,30.54194
1785382673,32.4609,75.21629,90,2,242,,1,35.32273,33.49113,30.64374
1785382673,32.4342,75.22087,90,2,242,,1,35.3568,33.42319,30.67761
1785382674,32.44755,75.24681,90,2,242,,1,35.39066,33.52499,30.84694
1785382675,32.47692,75.2514,90,2,242,,1,35.255,33.55886,30.67761
1785382676,32.4342,75.25292,90,2,241,,1,35.28886,33.52499,30.44034
1785382676,32.37812,75.31548,90,2,241,,1,35.28886,33.32139,30.60987
1785382677,32.47692,75.31701,90,1,241,,1,35.39066,33.66066,30.67761
1785382678,32.50629,75.18272,90,1,241,,1,35.32273,33.49113,30.50807
1785382678,32.44755,75.24681,90,1,241,,1,35.42453,33.55886,30.60987
1785382679,32.49294,75.25597,90,1,242,,1,35.4586,33.52499,30.60987
1785382680,32.41817,75.23918,90,1,241,,1,35.3568,33.49113,30.71147
1785382680,32.40482,75.27886,90,1,241,,1,35.255,33.52499,30.60987
1785382681,32.51965,75.2285,90,1,241,,1,35.255,33.49113,30.57581
1785382682,32.4342,75.28497,90,1,241,,1,35.39066,33.52499,30.60987
1785382682,32.4609,75.10643,90,1,243,,1,35.39066,33.18593,30.54194
1785382683,32.44755,75.20103,90,1,242,,1,35.32273,33.42319,30.67761
1785382684,32.4609,75.15221,90,2,242,,1,35.32273,33.52499,30.50807
1785382684,32.50629,75.26971,90,2,242,,1,35.22093,33.38933,30.71147
1785382685,32.39147,75.16594,90,2,241,,1,35.32273,33.49113,30.67761
1785382686,32.41817,75.17357,90,2,241,,1,35.39066,33.38933,30.50807
1785382686,32.49294,75.31091,90,2,241,,1,35.255,33.42319,30.64374
1785382687,32.44755,75.06065,90,2,241,,1,35.39066,33.42319,30.64374
1785382688,32.4609,75.24834,90,2,241,,1,35.28886,33.42319,30.54194
1785382688,32.4342,75.29717,90,2,241,,1,35.255,33.45726,30.67761
1785382689,32.4609,75.19341,90,2,241,,1,35.3568,33.55886,30.47441
1785382690,32.47692,75.1873,90,2,241,,1,35.42453,33.42319,30.67761
1785382690,32.51965,75.12016,90,2,241,,1,35.4586,33.49113,30.60987
1785382691,32.4609,75.18272,90,2,241,,1,35.22093,33.55886,30.54194
1785382692,32.44755,75.15678,90,2,242,,1,35.39066,33.52499,30.64374
1785382693,32.47692,75.19646,90,2,242,,1,35.3568,33.55886,30.54194
1785382693,32.4342,75.01488,90,1,242,,1,35.4586,33.38933,30.57581
1785382694,32.41817,75.26055,90,1,242,,1,35.3568,33.42319,30.67761
1785382695,32.39147,75.17815,90,1,242,,1,35.3568,33.45726,30.64374
1785382695,32.33539,75.27428,90,1,242,,1,35.3568,33.66066,30.67761
1785382696,32.50629,75.15068,90,1,241,,1,35.3568,33.45726,30.60987
1785382697,32.40482,75.14763,90,1,241,,1,35.42453,33.52499,30.64374
1785382697,32.39147,75.05913,90,1,241,,1,35.3568,33.52499,30.81307
1785382698,32.4342,75.1339,90,1,241,,1,35.255,33.35546,30.60987
1785382699,32.4609,75.03166,90,1,241,,1,35.39066,33.49113,30.64374
1785382699,32.50629,75.28039,90,1,241,,1,35.32273,33.55886,30.64374
1785382700,32.51965,75.2514,90,1,242,,1,35.28886,33.38933,30.67761
1785382701,32.49294,75.23308,90,1,241,,1,35.28886,33.42319,30.54194
1785382701,32.4342,75.28497,90,1,242,,1,35.32273,33.45726,30.71147
1785382702,32.51965,75.17357,90,1,242,,1,35.3568,33.49113,30.50807
1785382703,32.4342,75.16594,90,1,243,,1,35.32273,33.38933,30.71147
1785382703,32.50629,75.30175,90,1,242,,1,35.255,33.42319,30.54194
1785382704,32.40482,75.2346,90,1,242,,1,35.22093,33.49113,30.57581
1785382705,32.39147,75.27581,90,1,242,,1,35.28886,33.45726,30.57581
1785382705,32.53567,75.30785,90,2,241,,1,35.3568,33.55886,30.64374
1785382706,32.39147,75.17815,90,2,241,,1,35.32273,33.42319,30.64374
1785382707,32.34874,75.17815,90,2,241,,1,35.255,33.45726,30.67761
1785382707,32.4342,75.15526,90,2,241,,1,35.255,33.62679,30.54194
1785382708,32.39147,75.25292,90,2,241,,1,35.22093,33.52499,30.47441
1785382709,32.4342,75.3399,90,2,241,,1,35.28886,33.42319,30.57581
1785382709,32.4609,75.21629,90,2,241,,1,35.3568,33.49113,30.57581
1785382710,32.39147,75.28802,90,2,241,,1,35.32273,33.55886,30.50807
1785382711,32.4342,75.1461,90,2,241,,1,35.3568,33.52499,30.71147
1785382711,32.41817,75.23918,90,2,242,,1,35.32273,33.55886,30.64374
1785382712,32.36209,75.18272,90,2,242,,1,35.11913,33.52499,30.67761
1785382713,32.49294,75.2987,90,2,242,,1,35.39066,33.62679,30.64374
1785382714,32.34874,75.26665,90,2,242,,1,35.3568,33.49113,30.64374
1785382714,32.4342,75.3399,90,2,242,,1,35.42453,33.45726,30.77921
1785382715,32.37812,75.32616,90,2,242,,1,35.39066,33.59273,30.74534
1785382716,32.4342,75.29717,90,2,241,,1,35.22093,33.45726,30.64374
1785382716,32.47692,75.34905,90,2,241,,1,35.39066,33.42319,30.77921
1785382717,32.47692,75.26208,90,2,241,,1,35.32273,33.49113,30.60987
1785382718,32.36209,75.17052,90,1,241,,1,35.32273,33.25366,30.54194
1785382718,32.4342,75.3399,90,2,241,,1,35.32273,33.55886,30.50807
1785382719,32.4609,75.33379,90,1,241,,1,35.4586,33.52499,30.57581
1785382720,32.4609,75.31548,90,2,241,,1,35.3568,33.72839,30.67761
1785382720,32.44755,75.19188,90,2,241,,1,35.28886,33.45726,30.57581
1785382721,32.4609,75.14153,90,2,241,,1,35.3568,33.42319,30.74534
1785382722,32.41817,75.24834,90,1,241,,1,35.3568,33.38933,30.64374
1785382722,32.36209,75.17052,90,1,242,,1,35.32273,33.49113,30.67761
1785382723,32.49294,75.0927,90,1,242,,1,35.28886,33.62679,30.64374
1785382724,32.44755,75.16899,90,1,242,,1,35.3568,33.52499,30.64374
1785382724,32.47692,75.12321,90,1,242,,1,35.32273,33.62679,30.57581
1785382725,32.44755,75.15678,90,1,242,,1,35.3568,33.45726,30.57581
1785382726,32.40482,75.06065,90,1,241,,1,35.3568,33.52499,30.64374
1785382726,32.47692,75.08812,90,1,241,,1,35.22093,33.42319,30.67761
1785382727,32.44755,75.02861,90,1,241,,1,35.42453,33.49113,30.57581
1785382728,32.40482,75.08354,90,1,241,,1,35.28886,33.49113,30.60987
1785382728,32.44755,75.13847,90,1,241,,1,35.255,33.38933,30.64374
1785382729,32.57572,75.16594,90,1,241,,1,35.3568,33.49113,30.57581
1785382730,32.41817,75.09727,90,1,241,,1,35.255,33.38933,30.71147
1785382730,32.39147,75.28802,90,1,241,,1,35.255,33.52499,30.57581
1785382731,32.47692,75.29412,90,1,241,,1,35.32273,33.35546,30.67761
1785382732,32.50629,75.15068,90,1,242,,1,35.28886,33.42319,30.54194
1785382733,32.4342,75.22087,90,1,243,,1,35.28886,33.42319,30.74534
1785382733,32.4342,75.16594,90,1,242,,1,35.3568,33.59273,30.54194
1785382734,32.4342,75.22087,90,2,242,,1,35.28886,33.55886,30.74534
1785382735,32.44755,75.24681,90,1,242,,1,35.255,33.45726,30.64374
1785382735,32.41817,75.30328,90,1,241,,1,35.3568,33.42319,30.54194
1785382736,32.37812,75.29412,90,2,241,,1,35.32273,33.52499,30.64374
1785382737,32.4609,75.31548,90,1,241,,1,35.32273,33.62679,30.60987
1785382737,32.49294,75.31091,90,1,241,,1,35.32273,33.42319,30.57581
1785382738,32.33539,75.23003,90,1,241,,1,35.28886,33.42319,30.60987
1785382739,32.49294,75.36279,90,1,241,,1,35.39066,33.45726,30.71147
1785382739,32.53567,75.30785,90,1,241,,1,35.28886,33.45726,30.54194
1785382740,32.36209,75.33379,90,1,241,,1,35.28886,33.55886,30.77921
1785382741,32.40482,75.34295,90,1,241,,1,35.3568,33.45726,30.64374
1785382741,32.44755,75.33074,90,1,241,,1,35.3568,33.59273,30.57581
1785382742,32.49294,75.39483,90,1,242,,1,35.255,33.55886,30.47441
1785382743,32.41817,75.35821,90,1,242,,1,35.32273,33.52499,30.74534
1785382743,32.47692,75.27428,90,1,242,,1,35.39066,33.49113,30.67761
1785382744,32.44755,75.28954,90,1,242,,1,35.22093,33.59273,30.71147
1785382745,32.51965,75.27123,90,1,242,,1,35.3568,33.62679,30.71147
1785382745,32.4342,75.22087,90,2,241,,1,35.39066,33.45726,30.57581
1785382746,32.41817,75.24834,90,2,241,,1,35.32273,33.42319,30.57581
1785382747,32.51965,75.28344,90,2,241,,1,35.3568,33.42319,30.47441
1785382747,32.40482,75.28954,90,2,241,,1,35.39066,33.42319,30.57581
1785382748,32.4609,75.09727,90,2,241,,1,35.39066,33.55886,30.60987
1785382749,32.44755,75.15678,90,2,241,,1,35.39066,33.45726,30.64374
1785382749,32.47692,75.29412,90,2,241,,1,35.32273,33.49113,30.54194
1785382750,32.40482,75.2346,90,1,241,,1,35.28886,33.66066,30.64374
1785382751,32.33539,75.21019,90,1,241,,1,35.28886,33.42319,30.71147
1785382752,32.41817,75.19341,90,1,241,,1,35.28886,33.35546,30.50807
1785382752,32.41817,75.15068,90,1,242,,1,35.28886,33.32139,30.50807
1785382753,32.4609,75.21629,90,1,242,,1,35.255,33.52499,30.54194
1785382754,32.41817,75.31243,90,1,242,,1,35.3568,33.32139,30.54194
1785382754,32.4609,75.28039,90,1,242,,1,35.255,33.49113,30.54194
1785382755,32.44755,75.28954,90,1,242,,1,35.28886,33.49113,30.64374
1785382756,32.33539,75.28497,90,1,241,,1,35.22093,33.45726,30.64374
1785382756,32.44755,75.35363,90,2,241,,1,35.28886,33.52499,30.77921
1785382757,32.39147,75.21019,90,1,241,,1,35.39066,33.52499,30.67761
1785382758,32.4609,75.12932,90,1,241,,1,35.255,33.45726,30.60987
1785382758,32.40482,75.22392,90,1,241,,1,35.255,33.55886,30.71147
1785382759,32.49294,75.15984,90,2,241,,1,35.39066,33.55886,30.60987
1785382760,32.27932,75.33532,90,1,241,,1,35.32273,33.49113,30.57581
1785382760,32.4342,75.1461,90,2,241,,1,35.3568,33.52499,30.60987
1785382761,32.4342,75.30785,90,2,241,,1,35.28886,33.38933,30.71147
1785382762,32.49294,75.28802,90,2,241,,1,35.255,33.49113,30.71147
1785382762,32.49294,75.2987,90,2,242,,1,35.39066,33.35546,30.71147
1785382763,32.49294,75.31091,90,2,242,,1,35.28886,33.49113,30.54194
1785382764,32.47692,75.19646,90,2,242,,1,35.255,33.49113,30.54194
1785382764,32.49294,75.32159,90,2,242,,1,35.255,33.42319,30.60987
1785382765,32.4342,75.17815,90,2,241,,1,35.255,33.55886,30.40647
1785382766,32.39147,75.24376,90,2,241,,1,35.32273,33.28753,30.47441
1785382766,32.39147,75.3399,90,2,241,,1,35.32273,33.38933,30.54194
1785382767,32.41817,75.28344,90,2,241,,1,35.28886,33.49113,30.60987
1785382768,32.30602,75.31091,90,2,241,,1,35.32273,33.52499,30.60987
1785382768,32.44755,75.38567,90,2,241,,1,35.28886,33.49113,30.47441
1785382769,32.37812,75.28497,90,2,241,,1,35.42453,33.45726,30.54194
1785382770,32.39147,75.36279,90,1,241,,1,35.255,33.42319,30.64374
1785382771,32.37812,75.44823,90,1,241,,1,35.39066,33.59273,30.71147
1785382771,32.39147,75.37194,90,1,241,,1,35.39066,33.49113,30.60987
1785382772,32.41817,75.30328,90,1,242,,1,35.3568,33.38933,30.47441
1785382773,32.4342,75.28497,90,1,243,,1,35.28886,33.42319,30.67761
1785382773,32.4342,75.43908,90,1,242,,1,35.22093,33.59273,30.60987
1785382774,32.44755,75.22392,90,1,242,,1,35.3568,33.45726,30.57581
1785382775,32.39147,75.32922,90,1,242,,1,35.28886,33.32139,30.57581
1785382775,32.4342,75.37194,90,2,242,,1,35.32273,33.49113,30.64374
1785382776,32.4609,75.34447,90,2,241,,1,35.39066,33.42319,30.50807
1785382777,32.36209,75.24834,90,2,241,,1,35.32273,33.59273,30.64374
1785382777,32.34874,75.3399,90,2,241,,1,35.28886,33.38933,30.60987
1785382778,32.40482,75.21477,90,2,241,,1,35.3568,33.49113,30.64374
1785382779,32.44755,75.31091,90,2,241,,1,35.32273,33.55886,30.54194
1785382779,32.4342,75.31701,90,1,241,,1,35.255,33.66066,30.54194
1785382780,32.40482,75.22392,90,1,242,,1,35.3568,33.45726,30.54194
1785382781,32.4342,75.34905,90,1,241,,1,35.32273,33.28753,30.60987
1785382781,32.4342,75.48028,90,2,241,,1,35.3568,33.49113,30.50807
1785382782,32.37812,75.30328,90,2,242,,1,35.32273,33.35546,30.74534
1785382783,32.39147,75.2987,90,1,242,,1,35.32273,33.52499,30.57581
1785382783,32.41817,75.21629,90,1,242,,1,35.28886,33.49113,30.67761
1785382784,32.40482,75.39788,90,1,242,,1,35.39066,33.49113,30.60987
1785382785,32.51965,75.2285,90,1,242,,1,35.32273,33.52499,30.50807
1785382785,32.4342,75.24223,90,1,241,,1,35.42453,33.45726,30.54194
1785382786,32.41817,75.29412,90,1,241,,1,35.39066,33.42319,30.54194
1785382787,32.33539,75.31701,90,1,241,,1,35.28886,33.38933,30.50807
1785382787,32.40482,75.30175,90,1,241,,1,35.32273,33.49113,30.60987
1785382788,32.44755,75.33074,90,1,241,,1,35.42453,33.32139,30.50807
1785382789,32.4342,75.31701,90,1,241,,1,35.255,33.42319,30.77921
1785382790,32.37812,75.29412,90,1,241,,1,35.28886,33.32139,30.47441
1785382790,32.4342,75.31701,90,1,241,,1,35.255,33.52499,30.57581
1785382791,32.49294,75.24376,90,1,241,,1,35.28886,33.52499,30.50807
1785382792,32.49294,75.12474,90,1,241,,1,35.32273,33.42319,30.44034
1785382792,32.47692,75.23003,90,1,243,,1,35.28886,33.38933,30.50807
1785382793,32.4609,75.30328,90,2,242,,1,35.255,33.52499,30.47441
1785382794,32.44755,75.32006,90,2,242,,1,35.32273,33.28753,30.67761
1785382794,32.49294,75.23308,90,2,242,,1,35.255,33.42319,30.60987
1785382795,32.51965,75.06523,90,2,242,,1,35.3568,33.52499,30.60987
1785382796,32.4342,75.11406,90,2,241,,1,35.32273,33.45726,30.57581
1785382796,32.50629,75.11864,90,2,241,,1,35.39066,33.38933,30.54194
1785382797,32.41817,75.16136,90,2,241,,1,35.39066,33.42319,30.33874
1785382798,32.47692,75.15526,90,2,241,,1,35.3568,33.45726,30.67761
1785382798,32.53567,75.10185,90,2,241,,1,35.32273,33.55886,30.57581
1785382799,32.4342,75.25292,90,2,241,,1,35.32273,33.49113,30.64374
1785382800,32.53567,75.17815,90,1,241,,1,35.3568,33.42319,30.71147
1785382800,32.41817,75.15068,90,1,241,,1,35.32273,33.38933,30.57581
1785382801,32.41817,75.09727,90,2,241,,1,35.28886,33.38933,30.54194
1785382802,32.49294,75.22392,90,2,241,,1,35.42453,33.42319,30.57581
1785382802,32.50629,75.22545,90,1,242,,1,35.32273,33.55886,30.60987
1785382803,32.39147,75.22087,90,1,242,,1,35.39066,33.45726,30.57581
1785382804,32.44755,75.12779,90,1,242,,1,35.3568,33.49113,30.57581
1785382804,32.41817,75.30328,90,2,242,,1,35.28886,33.52499,30.64374
1785382805,32.47692,75.19646,90,2,241,,1,35.39066,33.38933,30.54194
1785382806,32.49294,75.13695,90,1,241,,1,35.28886,33.45726,30.60987
1785382806,32.4609,75.21629,90,1,241,,1,35.3568,33.45726,30.54194
1785382807,32.44755,75.24681,90,2,241,,1,35.39066,33.28753,30.50807
1785382808,32.37812,75.14153,90,2,241,,1,35.28886,33.45726,30.47441
1785382809,32.49294,75.18883,90,2,241,,1,35.15319,33.42319,30.60987
1785382809,32.39147,75.10185,90,1,241,,1,35.22093,33.59273,30.54194
1785382810,32.4609,75.19341,90,2,241,,1,35.32273,33.42319,30.60987
1785382811,32.44755,75.21172,90,2,241,,1,35.32273,33.38933,30.71147
1785382811,32.41817,75.20561,90,2,241,,1,35.28886,33.45726,30.40647
1785382812,32.36209,75.26971,90,2,242,,1,35.32273,33.45726,30.60987
1785382813,32.39147,75.24376,90,2,242,,1,35.4586,33.59273,30.60987
1785382813,32.40482,75.21477,90,2,242,,1,35.255,33.55886,30.47441
1785382814,32.44755,75.16899,90,2,242,,1,35.3568,33.55886,30.74534
1785382815,32.40482,75.26971,90,2,242,,1,35.32273,33.62679,30.57581
1785382815,32.4342,75.24223,90,2,241,,1,35.3568,33.35546,30.50807
1785382816,32.47692,75.21935,90,2,241,,1,35.42453,33.42319,30.64374
1785382817,32.50629,75.20256,90,2,241,,1,35.39066,33.49113,30.60987
1785382817,32.50629,75.21477,90,2,241,,1,35.32273,33.45726,30.50807
1785382818,32.4342,75.10185,90,2,241,,1,35.32273,33.38933,30.50807
1785382819,32.44755,75.13847,90,2,241,,1,35.32273,33.49113,30.57581
1785382819,32.49294,75.21172,90,2,241,,1,35.28886,33.25366,30.74534
1785382820,32.40482,75.08354,90,2,241,,1,35.28886,33.45726,30.40647
1785382821,32.51965,75.17357,90,2,241,,1,35.32273,33.55886,30.57581
1785382821,32.47692,75.29412,90,2,241,,1,35.28886,33.42319,30.60987
1785382822,32.4342,75.19798,90,2,242,,1,35.32273,33.49113,30.60987
1785382823,32.41817,75.12016,90,2,242,,1,35.28886,33.38933,30.54194
1785382823,32.33539,75.17509,90,2,242,,1,35.32273,33.49113,30.47441
1785382824,32.36209,75.12932,90,2,242,,1,35.22093,33.66066,30.57581
1785382825,32.4342,75.06828,90,2,242,,1,35.3568,33.45726,30.71147
1785382825,32.4342,75.15526,90,2,242,,1,35.32273,33.59273,30.57581
1785382826,32.40482,75.0515,90,2,241,,1,35.3568,33.42319,30.47441
1785382827,32.33539,75.03624,90,2,241,,1,35.255,33.42319,30.54194
1785382828,32.50629,75.17052,90,2,241,,1,35.39066,33.52499,30.54194
1785382828,32.44755,75.12779,90,2,241,,1,35.255,33.52499,30.44034
1785382829,32.47692,75.19646,90,2,241,,1,35.255,33.38933,30.74534
1785382830,32.44755,75.20103,90,1,241,,1,35.39066,33.45726,30.40647
1785382830,32.44755,75.2346,90,2,241,,1,35.28886,33.42319,30.67761
1785382831,32.54902,75.21477,90,2,241,,1,35.42453,33.45726,30.54194
1785382832,32.36209,75.2575,90,2,242,,1,35.3568,33.55886,30.67761
1785382832,32.51965,75.32616,90,2,242,,1,35.39066,33.28753,30.57581
1785382833,32.44755,75.27886,90,1,242,,1,35.22093,33.45726,30.54194
1785382834,32.44755,75.37499,90,1,242,,1,35.39066,33.49113,30.44034
1785382834,32.36209,75.24834,90,2,242,,1,35.39066,33.62679,30.37261
1785382835,32.40482,75.26971,90,1,242,,1,35.255,33.45726,30.54194
1785382836,32.47692,75.33837,90,2,241,,1,35.42453,33.59273,30.47441
1785382836,32.44755,75.31091,90,1,241,,1,35.15319,33.32139,30.60987
1785382837,32.40482,75.2346,90,1,241,,1,35.39066,33.38933,30.50807
1785382838,32.4342,75.25292,90,1,241,,1,35.3568,33.49113,30.54194
1785382838,32.37812,75.33837,90,2,242,,1,35.3568,33.42319,30.54194
1785382839,32.47692,75.41314,90,2,242,,1,35.52633,33.52499,30.57581
1785382840,32.31937,75.32464,90,2,241,,1,35.32273,33.38933,30.40647
1785382840,32.4342,75.25292,90,2,241,,1,35.255,33.42319,30.60987
1785382841,32.40482,75.21477,90,2,241,,1,35.32273,33.32139,30.54194
1785382842,32.4609,75.22545,90,2,241,,1,35.32273,33.52499,30.50807
1785382842,32.4342,75.15526,90,2,242,,1,35.39066,33.45726,30.47441
1785382844,32.51965,75.08812,90,2,242,,1,35.22093,33.35546,30.47441
1785382844,32.41817,75.14153,90,2,242,,1,35.39066,33.42319,30.60987
1785382844,32.40482,75.04082,90,2,242,,1,35.32273,33.32139,30.47441
1785382845,32.36209,75.22545,90,2,242,,1,35.32273,33.42319,30.54194
1785382846,32.47692,75.23003,90,2,241,,1,35.32273,33.42319,30.54194
1785382847,32.47692,75.16441,90,1,241,,1,35.4586,33.42319,30.60987
1785382847,32.4342,75.26513,90,2,241,,1,35.22093,33.62679,30.50807
1785382848,32.39147,75.22087,90,2,241,,1,35.32273,33.42319,30.60987
1785382849,32.34874,75.17815,90,2,241,,1,35.255,33.42319,30.60987
1785382849,32.41817,75.29412,90,2,241,,1,35.32273,33.45726,30.44034
1785382850,32.41817,75.16136,90,2,241,,1,35.3568,33.42319,30.50807
1785382851,32.40482,75.24681,90,2,241,,1,35.18706,33.45726,30.60987
1785382851,32.31937,75.23766,90,2,241,,1,35.3568,33.32139,30.37261
1785382852,32.39147,75.2987,90,1,241,,1,35.3568,33.35546,30.60987
1785382853,32.54902,75.24681,90,2,242,,1,35.42453,33.55886,30.71147
1785382853,32.44755,75.20103,90,2,242,,1,35.255,33.35546,30.50807
1785382854,32.49294,75.23308,90,2,242,,1,35.42453,33.69453,30.60987
1785382855,32.41817,75.19341,90,2,242,,1,35.11913,33.42319,30.57581
1785382855,32.44755,75.2346,90,2,241,,1,35.28886,33.52499,30.57581
1785382856,32.50629,75.22545,90,2,241,,1,35.15319,33.32139,30.57581
1785382857,32.41817,75.18425,90,2,241,,1,35.32273,33.32139,30.40647
1785382857,32.49294,75.38567,90,2,242,,1,35.39066,33.59273,30.64374
1785382858,32.50629,75.19341,90,2,241,,1,35.22093,33.62679,30.44034
1785382859,32.44755,75.24681,90,2,241,,1,35.28886,33.52499,30.67761
1785382859,32.44755,75.2346,90,2,241,,1,35.42453,33.35546,30.47441
1785382860,32.36209,75.2575,90,2,241,,1,35.32273,33.45726,30.57581
1785382861,32.39147,75.26513,90,2,241,,1,35.255,33.42319,30.57581
1785382861,32.41817,75.29412,90,2,241,,1,35.18706,33.32139,30.64374
1785382862,32.36209,75.2575,90,2,243,,1,35.3568,33.59273,30.50807
1785382863,32.37812,75.32616,90,2,242,,1,35.32273,33.42319,30.57581
1785382863,32.37812,75.20714,90,2,242,,1,35.255,33.55886,30.54194
1785382864,32.41817,75.17357,90,2,242,,1,35.255,33.42319,30.50807
1785382865,32.41817,75.26055,90,2,242,,1,35.255,33.32139,30.47441
1785382866,32.36209,75.20256,90,2,242,,1,35.18706,33.55886,30.47441
1785382866,32.40482,75.12779,90,2,241,,1,35.32273,33.45726,30.54194
1785382867,32.44755,75.2346,90,2,241,,1,35.42453,33.42319,30.60987
1785382868,32.44755,75.25597,90,2,241,,1,35.3568,33.52499,30.54194
1785382868,32.33539,75.21019,90,2,241,,1,35.28886,33.55886,30.47441
1785382869,32.50629,75.31243,90,2,241,,1,35.18706,33.52499,30.64374
1785382870,32.4609,75.18272,90,2,242,,1,35.32273,33.42319,30.60987
1785382870,32.39147,75.16594,90,2,241,,1,35.32273,33.38933,30.64374
1785382871,32.49294,75.20103,90,2,241,,1,35.255,33.32139,30.44034
1785382872,32.4342,75.25292,90,2,241,,1,35.32273,33.38933,30.74534
1785382872,32.34874,75.18883,90,2,242,,1,35.22093,33.52499,30.57581
1785382873,32.4342,75.15526,90,2,242,,1,35.255,33.42319,30.57581
1785382874,32.39147,75.26513,90,2,242,,1,35.3568,33.49113,30.64374
1785382874,32.37812,75.21935,90,2,242,,1,35.28886,33.35546,30.60987
1785382875,32.40482,75.2346,90,2,241,,1,35.22093,33.38933,30.54194
1785382876,32.4609,75.23766,90,1,241,,1,35.28886,33.55886,30.64374
1785382876,32.47692,75.21935,90,2,241,,1,35.3568,33.45726,30.54194
1785382877,32.4609,75.16136,90,2,241,,1,35.28886,33.28753,30.67761
1785382878,32.40482,75.17052,90,2,241,,1,35.255,33.38933,30.54194
1785382878,32.50629,75.19341,90,1,241,,1,35.28886,33.55886,30.57581
1785382879,32.40482,75.2575,90,2,241,,1,35.32273,33.42319,30.57581
1785382880,32.47692,75.17509,90,2,241,,1,35.28886,33.38933,30.57581
1785382880,32.54902,75.19188,90,2,241,,1,35.39066,33.42319,30.64374
1785382881,32.49294,75.26665,90,2,241,,1,35.32273,33.38933,30.57581
1785382882,32.47692,75.29412,90,1,241,,1,35.28886,33.38933,30.54194
1785382883,32.40482,75.19188,90,2,242,,1,35.3568,33.49113,30.47441
1785382883,32.49294,75.2987,90,1,242,,1,35.255,33.45726,30.50807
1785382884,32.49294,75.33074,90,1,241,,1,35.28886,33.38933,30.64374
1785382885,32.44755,75.26665,90,1,242,,1,35.255,33.42319,30.50807
1785382885,32.40482,75.22392,90,1,241,,1,35.255,33.38933,30.47441
1785382886,32.4609,75.29259,90,1,241,,1,35.32273,33.52499,30.74534
1785382887,32.4609,75.26971,90,1,241,,1,35.28886,33.52499,30.40647
1785382887,32.49294,75.18883,90,1,242,,1,35.49246,33.38933,30.57581
1785382888,32.4609,75.24834,90,1,241,,1,35.255,33.42319,30.57581
1785382889,32.40482,75.10643,90,1,241,,1,35.32273,33.42319,30.47441
1785382889,32.49294,75.18883,90,1,241,,1,35.22093,33.45726,30.64374
1785382890,32.4342,75.10185,90,1,241,,1,35.22093,33.45726,30.50807
1785382891,32.39147,75.03777,90,2,241,,1,35.18706,33.55886,30.37261
1785382891,32.44755,75.14763,90,2,242,,1,35.28886,33.38933,30.64374
1785382892,32.59174,75.17052,90,2,241,,1,35.18706,33.59273,30.50807
1785382893,32.4342,74.90654,90,1,242,,1,35.22093,33.45726,30.50807
1785382893,32.50629,75.13847,90,1,242,,1,35.22093,33.42319,30.64374
1785382894,32.49294,75.05913,90,2,242,,1,35.28886,33.42319,30.40647
1785382895,32.47692,75.05608,90,2,242,,1,35.18706,33.52499,30.57581
1785382895,32.39147,74.9752,90,2,241,,1,35.28886,33.45726,30.47441
1785382896,32.49294,74.89738,90,2,241,,1,35.255,33.52499,30.60987
1785382897,32.49294,75.25597,90,2,241,,1,35.255,33.45726,30.60987
1785382897,32.47692,75.06828,90,1,241,,1,35.255,33.45726,30.54194
1785382898,32.44755,75.01793,90,1,241,,1,35.32273,33.59273,30.64374
1785382899,32.37812,74.99046,90,1,241,,1,35.28886,33.52499,30.64374
1785382899,32.41817,75.06523,90,1,241,,1,35.255,33.49113,30.50807
1785382900,32.40482,75.10643,90,1,241,,1,35.32273,33.35546,30.54194
1785382901,32.4342,75.11406,90,1,241,,1,35.18706,33.45726,30.54194
1785382901,32.54902,75.13847,90,1,241,,1,35.255,33.42319,30.40647
1785382902,32.40482,75.15984,90,1,242,,1,35.255,33.49113,30.54194
1785382903,32.39147,75.09117,90,1,242,,1,35.11913,33.59273,30.57581
1785382904,32.53567,75.13695,90,1,242,,1,35.22093,33.55886,30.50807
1785382904,32.49294,75.1049,90,1,242,,1,35.39066,33.49113,30.54194
1785382905,32.44755,75.08354,90,1,242,,1,35.3568,33.45726,30.60987
1785382906,32.50629,75.10643,90,1,241,,1,35.28886,33.42319,30.57581
1785382906,32.54902,75.11559,90,1,241,,1,35.15319,33.38933,30.40647
1785382907,32.53567,75.19798,90,1,241,,1,35.3568,33.45726,30.60987
1785382908,32.37812,75.02251,90,1,241,,1,35.28886,33.38933,30.50807
1785382908,32.50629,75.24681,90,2,241,,1,35.255,33.45726,30.60987
1785382909,32.37812,75.11101,90,2,241,,1,35.255,33.35546,30.47441
1785382910,32.31937,75.20561,90,2,241,,1,35.28886,33.55886,30.60987
1785382910,32.41817,75.19341,90,2,241,,1,35.255,33.45726,30.74534
1785382911,32.4342,75.09117,90,2,242,,1,35.28886,33.59273,30.54194
1785382912,32.4342,75.24223,90,2,241,,1,35.28886,33.49113,30.57581
1785382912,32.39147,75.21019,90,2,242,,1,35.32273,33.49113,30.47441
1785382913,32.50629,75.18272,90,1,242,,1,35.18706,33.42319,30.60987
1785382914,32.51965,75.2285,90,1,242,,1,35.28886,33.35546,30.60987
1785382914,32.47692,75.3933,90,1,242,,1,35.32273,33.35546,30.57581
1785382915,32.47692,75.16441,90,2,242,,1,35.255,33.45726,30.57581
1785382916,32.4609,75.36736,90,1,241,,1,35.28886,33.45726,30.54194
1785382916,32.4342,75.25292,90,2,241,,1,35.18706,33.49113,30.60987
1785382917,32.29267,75.26513,90,1,241,,1,35.32273,33.49113,30.37261
1785382918,32.41817,75.17357,90,1,241,,1,35.32273,33.38933,30.64374
1785382918,32.47692,75.37041,90,1,241,,1,35.3568,33.42319,30.37261
1785382919,32.47692,75.27428,90,1,241,,1,35.22093,33.49113,30.67761
1785382920,32.34874,75.30785,90,2,241,,1,35.3568,33.45726,30.50807
1785382920,32.37812,75.3811,90,1,241,,1,35.42453,33.38933,30.50807
1785382921,32.4609,75.33379,90,2,241,,1,35.22093,33.38933,30.54194
1785382922,32.4609,75.31548,90,2,242,,1,35.32273,33.49113,30.50807
1785382923,32.41817,75.21629,90,1,242,,1,35.255,33.45726,30.54194
1785382923,32.47692,75.21935,90,1,242,,1,35.32273,33.42319,30.54194
1785382924,32.4342,75.29717,90,1,242,,1,35.15319,33.42319,30.47441
1785382925,32.51965,75.29412,90,1,242,,1,35.49246,33.49113,30.33874
1785382925,32.47692,75.23918,90,1,241,,1,35.255,33.49113,30.60987
1785382926,32.4342,75.38415,90,1,241,,1,35.28886,33.45726,30.50807
1785382927,32.41817,75.24834,90,1,241,,1,35.28886,33.52499,30.64374
1785382927,32.39147,75.23308,90,1,241,,1,35.28886,33.42319,30.37261
1785382928,32.50629,75.45434,90,1,241,,1,35.22093,33.49113,30.57581
1785382929,32.39147,75.37194,90,1,241,,1,35.3568,33.35546,30.54194
1785382929,32.41817,75.26055,90,1,242,,1,35.3568,33.38933,30.47441
1785382930,32.4609,75.22545,90,2,241,,1,35.18706,33.38933,30.40647
1785382931,32.4342,75.26513,90,2,241,,1,35.255,33.42319,30.54194
1785382931,32.47692,75.26208,90,2,241,,1,35.15319,33.45726,30.44034
1785382932,32.53567,75.25292,90,1,241,,1,35.255,33.45726,30.60987
1785382933,32.40482,75.21477,90,1,242,,1,35.22093,33.42319,30.47441
1785382933,32.39147,75.24376,90,1,242,,1,35.22093,33.45726,30.60987
1785382934,32.49294,75.21172,90,1,242,,1,35.28886,33.42319,30.57581
1785382935,32.4342,75.22087,90,2,242,,1,35.32273,33.32139,30.47441
1785382935,32.41817,75.20561,90,2,241,,1,35.18706,33.59273,30.50807
1785382936,32.44755,75.17967,90,2,241,,1,35.28886,33.32139,30.50807
1785382937,32.4342,75.22087,90,2,241,,1,35.32273,33.38933,30.50807
1785382937,32.44755,75.21172,90,2,241,,1,35.32273,33.42319,30.50807
1785382938,32.41817,75.14153,90,2,241,,1,35.32273,33.42319,30.57581
1785382939,32.47692,75.31701,90,2,241,,1,35.22093,33.55886,30.57581
1785382939,32.50629,75.19341,90,2,241,,1,35.28886,33.59273,30.50807
1785382940,32.36209,75.09575,90,1,241,,1,35.32273,33.45726,30.54194
1785382941,32.37812,75.16441,90,1,241,,1,35.22093,33.55886,30.67761
1785382941,32.54902,75.21477,90,1,241,,1,35.28886,33.42319,30.60987
1785382942,32.47692,75.06828,90,1,242,,1,35.255,33.38933,30.50807
1785382943,32.53567,75.1461,90,1,242,,1,35.255,33.59273,30.57581
1785382944,32.4342,75.12321,90,1,242,,1,35.255,33.49113,30.60987
1785382944,32.51965,75.06523,90,1,242,,1,35.28886,33.32139,30.64374
1785382945,32.53567,75.12474,90,1,242,,1,35.3568,33.42319,30.60987
1785382946,32.40482,75.15984,90,1,242,,1,35.28886,33.52499,30.50807
1785382946,32.37812,75.16441,90,1,241,,1,35.3568,33.32139,30.50807
1785382947,32.47692,75.2514,90,1,242,,1,35.11913,33.45726,30.57581
1785382948,32.4609,75.17052,90,1,242,,1,35.3568,33.49113,30.54194
1785382948,32.39147,74.99352,90,1,241,,1,35.255,33.49113,30.57581
1785382949,32.47692,75.12321,90,1,241,,1,35.39066,33.52499,30.60987
1785382950,32.51965,75.18425,90,1,241,,1,35.18706,33.45726,30.44034
1785382950,32.50629,75.18272,90,1,241,,1,35.255,33.35546,30.54194
1785382951,32.50629,75.22545,90,1,241,,1,35.255,33.49113,30.57581
1785382952,32.41817,75.31243,90,2,242,,1,35.3568,33.42319,30.64374
1785382952,32.49294,75.17815,90,2,242,,1,35.28886,33.45726,30.47441
1785382953,32.4609,75.18272,90,2,242,,1,35.28886,33.42319,30.54194
1785382954,32.4609,75.21629,90,2,242,,1,35.32273,33.49113,30.54194
1785382954,32.44755,75.16899,90,2,242,,1,35.3568,33.52499,30.54194
1785382955,32.53567,75.32006,90,2,241,,1,35.22093,33.35546,30.67761
1785382956,32.37812,75.21935,90,1,241,,1,35.32273,33.38933,30.54194
1785382956,32.41817,75.19341,90,1,241,,1,35.28886,33.45726,30.67761
1785382957,32.40482,75.33379,90,1,241,,1,35.28886,33.52499,30.40647
1785382958,32.4609,75.20561,90,1,241,,1,35.32273,33.42319,30.54194
1785382958,32.51965,75.10948,90,1,241,,1,35.22093,33.59273,30.44034
1785382959,32.49294,75.24376,90,1,241,,1,35.39066,33.42319,30.57581
1785382960,32.4342,75.28497,90,1,241,,1,35.255,33.49113,30.33874
1785382960,32.4342,75.26513,90,1,241,,1,35.255,33.38933,30.60987
1785382961,32.41817,75.23918,90,1,241,,1,35.39066,33.42319,30.44034
1785382962,32.4609,75.26055,90,1,242,,1,35.22093,33.28753,30.54194
1785382963,32.49294,75.28802,90,1,242,,1,35.22093,33.45726,30.64374
1785382963,32.36209,75.09575,90,1,242,,1,35.28886,33.52499,30.44034
1785382964,32.39147,75.32922,90,1,242,,1,35.255,33.42319,30.37261
1785382965,32.39147,75.26513,90,1,242,,1,35.255,33.49113,30.67761
1785382965,32.44755,75.24681,90,2,241,,1,35.22093,33.42319,30.64374
1785382966,32.41817,75.23918,90,1,241,,1,35.255,33.49113,30.54194
1785382967,32.37812,75.16441,90,1,241,,1,35.32273,33.49113,30.50807
1785382967,32.41817,75.28344,90,1,241,,1,35.28886,33.59273,30.37261
1785382968,32.40482,75.28954,90,1,241,,1,35.32273,33.35546,30.47441
1785382969,32.40482,75.34295,90,1,241,,1,35.255,33.52499,30.47441
1785382969,32.41817,75.37957,90,1,241,,1,35.3568,33.38933,30.54194
1785382970,32.39147,75.50317,90,1,241,,1,35.22093,33.38933,30.50807
1785382971,32.36209,75.36584,90,1,241,,1,35.28886,33.49113,30.60987
1785382971,32.4609,75.29259,90,1,242,,1,35.22093,33.42319,30.37261
1785382972,32.41817,75.29412,90,1,241,,1,35.28886,33.55886,30.54194
1785382973,32.4342,75.3399,90,1,242,,1,35.22093,33.42319,30.47441
1785382973,32.47692,75.27428,90,1,242,,1,35.3568,33.45726,30.40647
1785382974,32.4609,75.4345,90,1,242,,1,35.39066,33.35546,30.50807
1785382975,32.49294,75.38567,90,1,242,,1,35.255,33.42319,30.50807
1785382975,32.41817,75.2285,90,2,241,,1,35.32273,33.35546,30.44034
1785382976,32.44755,75.40856,90,2,241,,1,35.22093,33.59273,30.64374
1785382977,32.4609,75.34447,90,2,241,,1,35.255,33.38933,30.50807
1785382977,32.40482,75.12779,90,1,241,,1,35.255,33.49113,30.50807
1785382978,32.4342,75.22087,90,1,241,,1,35.32273,33.38933,30.54194
1785382979,32.41817,75.19341,90,1,241,,1,35.3568,33.49113,30.71147
1785382979,32.39147,75.21019,90,1,241,,1,35.28886,33.42319,30.50807
1785382980,32.36209,75.24834,90,1,241,,1,35.28886,33.55886,30.64374
1785382981,32.40482,75.19188,90,1,241,,1,35.39066,33.32139,30.40647
1785382982,32.40482,75.26971,90,1,241,,1,35.32273,33.28753,30.50807
1785382982,32.36209,75.22545,90,1,242,,1,35.32273,33.42319,30.60987
1785382983,32.34874,75.12474,90,1,242,,1,35.22093,33.42319,30.67761
1785382984,32.36209,75.20256,90,1,242,,1,35.28886,33.49113,30.60987
1785382984,32.37812,75.21935,90,1,242,,1,35.28886,33.45726,30.37261
1785382985,32.50629,75.2575,90,1,242,,1,35.255,33.35546,30.54194
1785382986,32.41817,75.13237,90,1,241,,1,35.22093,33.49113,30.54194
1785382986,32.4609,75.33379,90,1,241,,1,35.28886,33.32139,30.47441
1785382987,32.49294,75.26665,90,1,241,,1,35.28886,33.45726,30.50807
1785382988,32.53567,75.32006,90,1,241,,1,35.15319,33.52499,30.54194
1785382988,32.36209,75.32159,90,2,241,,1,35.22093,33.45726,30.37261
1785382989,32.50629,75.34447,90,1,242,,1,35.15319,33.49113,30.44034
1785382990,32.41817,75.28344,90,2,241,,1,35.28886,33.49113,30.54194
1785382990,32.54902,75.28954,90,2,241,,1,35.18706,33.42319,30.47441
1785382991,32.49294,75.21172,90,2,241,,1,35.18706,33.32139,30.60987
1785382992,32.53567,75.28802,90,2,241,,1,35.28886,33.49113,30.54194
1785382992,32.39147,75.1461,90,1,243,,1,35.255,33.42319,30.47441
1785382993,32.44755,75.16899,90,2,242,,1,35.22093,33.25366,30.50807
1785382994,32.41817,75.15068,90,1,242,,1,35.255,33.45726,30.57581
1785382994,32.4342,75.16594,90,1,242,,1,35.18706,33.38933,30.47441
1785382995,32.41817,75.14153,90,2,241,,1,35.28886,33.35546,30.54194
1785382996,32.49294,75.23308,90,2,241,,1,35.32273,33.45726,30.37261
1785382996,32.41817,75.17357,90,1,241,,1,35.28886,33.45726,30.64374
1785382997,32.47692,75.30633,90,2,241,,1,35.39066,33.35546,30.47441
1785382998,32.39147,75.25292,90,2,241,,1,35.32273,33.28753,30.47441
1785382998,32.44755,75.27886,90,1,241,,1,35.255,33.45726,30.47441
1785382999,32.47692,75.07744,90,1,241,,1,35.28886,33.38933,30.57581
1785383000,32.41817,75.21629,90,2,241,,1,35.3568,33.45726,30.47441
1785383001,32.40482,75.21477,90,2,241,,1,35.15319,33.45726,30.50807
1785383001,32.36209,75.23766,90,2,241,,1,35.32273,33.42319,30.54194
1785383002,32.34874,75.16899,90,1,242,,1,35.255,33.49113,30.67761
1785383003,32.4609,75.21629,90,1,242,,1,35.28886,33.55886,30.54194
1785383003,32.33539,75.19798,90,1,242,,1,35.15319,33.42319,30.47441
1785383004,32.49294,75.26665,90,1,242,,1,35.32273,33.42319,30.47441
1785383005,32.4609,75.26055,90,1,242,,1,35.28886,33.49113,30.54194
1785383005,32.39147,75.16594,90,1,241,,1,35.3568,33.49113,30.47441
1785383006,32.49294,75.24376,90,2,241,,1,35.28886,33.32139,30.44034
1785383007,32.44755,75.21172,90,2,241,,1,35.22093,33.42319,30.54194
1785383007,32.40482,75.33379,90,2,241,,1,35.22093,33.32139,30.54194
1785383008,32.44755,75.2346,90,2,241,,1,35.32273,33.45726,30.54194
1785383009,32.4609,75.28039,90,1,242,,1,35.32273,33.52499,30.57581
1785383009,32.37812,75.23003,90,2,241,,1,35.32273,33.52499,30.50807
1785383010,32.41817,75.31243,90,1,241,,1,35.3568,33.25366,30.71147
1785383011,32.4609,75.28039,90,2,241,,1,35.18706,33.55886,30.50807
1785383011,32.51965,75.34753,90,2,241,,1,35.32273,33.42319,30.47441
1785383012,32.50629,75.37652,90,2,242,,1,35.3568,33.38933,30.47441
1785383013,32.41817,75.32464,90,2,242,,1,35.3568,33.42319,30.54194
1785383013,32.41817,75.23918,90,1,242,,1,35.28886,33.49113,30.57581
1785383014,32.39147,75.31701,90,2,242,,1,35.32273,33.32139,30.50807
1785383015,32.4609,75.31548,90,2,242,,1,35.42453,33.38933,30.54194
1785383015,32.41817,75.27123,90,1,241,,1,35.22093,33.49113,30.47441
1785383016,32.39147,75.28802,90,1,241,,1,35.3568,33.52499,30.54194
1785383017,32.49294,75.32159,90,1,241,,1,35.255,33.32139,30.54194
1785383017,32.37812,75.19646,90,1,241,,1,35.22093,33.38933,30.60987
1785383018,32.41817,75.20561,90,1,241,,1,35.255,33.55886,30.47441
1785383019,32.40482,75.26971,90,1,241,,1,35.22093,33.52499,30.47441
1785383020,32.37812,75.20714,90,1,241,,1,35.32273,33.38933,30.54194
1785383020,32.34874,75.30785,90,1,241,,1,35.32273,33.28753,30.30487
1785383021,32.37812,75.46655,90,1,241,,1,35.15319,33.35546,30.47441
1785383022,32.47692,75.30633,90,1,241,,1,35.28886,33.49113,30.60987
1785383022,32.41817,75.24834,90,2,242,,1,35.22093,33.49113,30.50807
1785383023,32.37812,75.40246,90,2,242,,1,35.22093,33.2198,30.54194
1785383024,32.4609,75.39941,90,2,242,,1,35.22093,33.49113,30.57581
1785383024,32.44755,75.25597,90,2,242,,1,35.255,33.35546,30.44034
1785383025,32.31937,75.28954,90,2,242,,1,35.28886,33.45726,30.40647
1785383026,32.31937,75.23766,90,2,241,,1,35.32273,33.45726,30.44034
1785383026,32.4342,75.36126,90,2,241,,1,35.28886,33.42319,30.54194
1785383027,32.47692,75.27428,90,2,242,,1,35.28886,33.45726,30.50807
1785383028,32.40482,75.26971,90,2,241,,1,35.3568,33.49113,30.50807
1785383028,32.40482,75.22392,90,2,241,,1,35.255,33.59273,30.54194
1785383029,32.40482,75.2346,90,2,241,,1,35.18706,33.55886,30.33874
1785383030,32.39147,75.27581,90,2,241,,1,35.255,33.45726,30.54194
1785383030,32.39147,75.3521,90,2,241,,1,35.28886,33.32139,30.44034
1785383031,32.36209,75.06371,90,2,241,,1,35.22093,33.42319,30.44034
1785383032,32.37812,75.20714,90,2,241,,1,35.22093,33.42319,30.47441
1785383032,32.34874,75.15678,90,2,242,,1,35.255,33.42319,30.47441
1785383033,32.31937,75.15068,90,2,242,,1,35.18706,33.45726,30.50807
1785383034,32.40482,75.22392,90,2,242,,1,35.255,33.38933,30.54194
1785383034,32.37812,75.18425,90,2,242,,1,35.3568,33.45726,30.54194
1785383035,32.47692,75.31701,90,2,241,,1,35.28886,33.28753,30.57581
1785383036,32.44755,75.24681,90,2,241,,1,35.28886,33.49113,30.50807
1785383036,32.44755,75.21172,90,2,241,,1,35.3568,33.49113,30.44034
1785383037,32.39147,75.25292,90,2,241,,1,35.18706,33.35546,30.37261
1785383038,32.39147,75.21019,90,2,241,,1,35.255,33.42319,30.44034
1785383039,32.4609,75.35668,90,2,241,,1,35.22093,33.49113,30.47441
1785383039,32.29267,75.25292,90,2,241,,1,35.22093,33.49113,30.47441
1785383040,32.41817,75.29412,90,2,241,,1,35.22093,33.38933,30.37261
1785383041,32.41817,75.28344,90,2,241,,1,35.32273,33.38933,30.57581
1785383041,32.40482,75.14763,90,2,241,,1,35.22093,33.35546,30.50807
1785383042,32.37812,75.19646,90,2,241,,1,35.32273,33.45726,30.54194
1785383043,32.4342,75.28497,90,2,242,,1,35.28886,33.38933,30.50807
1785383043,32.40482,75.28954,90,2,242,,1,35.32273,33.42319,30.60987
1785383044,32.41817,75.15068,90,2,242,,1,35.32273,33.32139,30.67761
1785383045,32.36209,75.45434,90,2,242,,1,35.39066,33.38933,30.54194
1785383045,32.30602,75.2346,90,2,241,,1,35.22093,33.52499,30.44034
1785383046,32.34874,75.21172,90,2,241,,1,35.28886,33.35546,30.54194
1785383047,32.41817,75.32464,90,2,241,,1,35.18706,33.42319,30.37261
1785383047,32.33539,75.25292,90,2,241,,1,35.255,33.28753,30.37261
1785383048,32.31937,75.35668,90,2,242,,1,35.22093,33.28753,30.57581
1785383049,32.34874,75.22392,90,2,241,,1,35.32273,33.42319,30.40647
1785383049,32.31937,75.28954,90,2,241,,1,35.22093,33.42319,30.50807
1785383050,32.40482,75.38873,90,2,241,,1,35.255,33.38933,30.40647
1785383051,32.36209,75.28039,90,2,241,,1,35.255,33.49113,30.44034
1785383051,32.37812,75.23003,90,1,241,,1,35.32273,33.45726,30.47441
1785383052,32.39147,75.22087,90,2,242,,1,35.28886,33.45726,30.44034
1785383053,32.34874,75.28802,90,2,242,,1,35.3568,33.55886,30.50807
1785383053,32.40482,75.20256,90,2,242,,1,35.28886,33.35546,30.37261
1785383054,32.41817,75.28344,90,2,242,,1,35.18706,33.49113,30.50807
1785383055,32.4342,75.24223,90,2,242,,1,35.18706,33.55886,30.44034
1785383055,32.41817,75.21629,90,2,241,,1,35.255,33.25366,30.44034
1785383056,32.40482,75.21477,90,2,241,,1,35.22093,33.38933,30.50807
1785383057,32.37812,75.28497,90,2,242,,1,35.255,33.42319,30.60987
1785383058,32.4609,75.32464,90,2,241,,1,35.18706,33.28753,30.57581
1785383058,32.39147,75.17815,90,2,241,,1,35.255,33.45726,30.50807
1785383059,32.4342,75.26513,90,2,241,,1,35.32273,33.45726,30.64374
1785383060,32.41817,75.21629,90,2,241,,1,35.255,33.52499,30.74534
1785383060,32.40482,75.39788,90,2,241,,1,35.28886,33.49113,30.54194
1785383061,32.44755,75.17967,90,2,241,,1,35.39066,33.25366,30.47441
1785383062,32.40482,75.20256,90,2,241,,1,35.22093,33.45726,30.47441
1785383062,32.4342,75.15526,90,2,242,,1,35.255,33.59273,30.67761
1785383063,32.41817,75.15068,90,2,242,,1,35.22093,33.42319,30.50807
1785383064,32.41817,75.32464,90,2,242,,1,35.3568,33.38933,30.64374
1785383064,32.36209,75.26971,90,2,242,,1,35.22093,33.38933,30.57581
1785383065,32.40482,75.28954,90,2,242,,1,35.3568,33.59273,30.50807
1785383066,32.41817,75.23918,90,2,241,,1,35.255,33.52499,30.60987
1785383066,32.37812,75.2514,90,2,241,,1,35.18706,33.25366,30.57581
1785383067,32.44755,75.24681,90,2,241,,1,35.18706,33.45726,30.47441
1785383068,32.41817,75.15068,90,2,241,,1,35.22093,33.45726,30.50807
1785383068,32.34874,75.27886,90,2,242,,1,35.28886,33.52499,30.54194
1785383069,32.50629,75.21477,90,2,242,,1,35.255,33.49113,30.50807
1785383070,32.39147,75.21019,90,2,242,,1,35.28886,33.35546,30.37261
1785383070,32.44755,75.14763,90,2,241,,1,35.18706,33.25366,30.44034
1785383071,32.44755,75.13847,90,2,242,,1,35.28886,33.52499,30.30487
1785383072,32.34874,75.22392,90,2,241,,1,35.255,33.35546,30.64374
1785383072,32.41817,75.2285,90,1,242,,1,35.255,33.38933,30.50807
1785383073,32.40482,75.20256,90,1,242,,1,35.32273,33.45726,30.50807
1785383074,32.39147,75.32922,90,1,242,,1,35.3568,33.52499,30.50807
1785383074,32.4609,75.24834,90,1,242,,1,35.255,33.32139,30.57581
1785383075,32.34874,75.23308,90,1,241,,1,35.28886,33.55886,30.54194
1785383076,32.40482,75.19188,90,1,241,,1,35.255,33.32139,30.50807
1785383077,32.34874,75.30785,90,1,242,,1,35.22093,33.42319,30.50807
1785383077,32.44755,75.28954,90,1,241,,1,35.28886,33.59273,30.50807
1785383078,32.4609,75.48638,90,1,241,,1,35.15319,33.38933,30.64374
1785383079,32.4342,75.25292,90,1,241,,1,35.22093,33.28753,30.40647
1785383079,32.37812,75.20714,90,1,241,,1,35.28886,33.25366,30.47441
1785383080,32.41817,75.34753,90,1,241,,1,35.3568,33.42319,30.64374
1785383081,32.47692,75.2514,90,1,241,,1,35.22093,33.52499,30.57581
1785383081,32.41817,75.13237,90,1,241,,1,35.22093,33.25366,30.60987
1785383082,32.41817,75.21629,90,1,242,,1,35.3568,33.59273,30.47441
1785383083,32.51965,75.23918,90,2,242,,1,35.255,33.45726,30.57581
1785383083,32.49294,75.2987,90,2,242,,1,35.255,33.49113,30.44034
1785383084,32.44755,75.21172,90,1,242,,1,35.255,33.42319,30.57581
1785383085,32.39147,75.17815,90,1,242,,1,35.255,33.66066,30.47441
1785383085,32.39147,75.31701,90,1,241,,1,35.18706,33.42319,30.57581
1785383086,32.39147,75.30785,90,1,241,,1,35.28886,33.38933,30.47441
1785383087,32.39147,75.31701,90,2,241,,1,35.28886,33.28753,30.47441
1785383087,32.4342,75.38415,90,2,241,,1,35.22093,33.28753,30.54194
1785383088,32.39147,75.24376,90,2,242,,1,35.22093,33.38933,30.60987
1785383089,32.41817,75.23918,90,2,241,,1,35.28886,33.38933,30.44034
1785383089,32.39147,75.15526,90,2,241,,1,35.22093,33.59273,30.54194
1785383090,32.34874,75.18883,90,2,241,,1,35.32273,33.45726,30.64374
1785383091,32.37812,75.27428,90,2,241,,1,35.28886,33.42319,30.50807
1785383091,32.33539,75.12321,90,2,241,,1,35.28886,33.45726,30.60987
1785383092,32.40482,75.20256,90,2,242,,1,35.22093,33.45726,30.60987
1785383093,32.4342,75.23003,90,2,242,,1,35.11913,33.35546,30.37261
1785383093,32.49294,75.27581,90,2,242,,1,35.32273,33.55886,30.37261
1785383094,32.47692,75.1873,90,2,242,,1,35.255,33.38933,30.57581
1785383095,32.4342,75.12321,90,2,242,,1,35.32273,33.35546,30.44034
1785383096,32.37812,75.14153,90,2,241,,1,35.255,33.52499,30.54194
1785383096,32.39147,75.20103,90,2,241,,1,35.255,33.49113,30.67761
1785383097,32.50629,75.19341,90,2,241,,1,35.28886,33.45726,30.60987
1785383098,32.44755,75.21172,90,2,241,,1,35.18706,33.45726,30.67761
1785383098,32.4609,75.22545,90,2,242,,1,35.255,33.42319,30.44034
1785383099,32.36209,75.14763,90,2,241,,1,35.18706,33.32139,30.44034
1785383100,32.40482,75.21477,90,2,241,,1,35.28886,33.32139,30.50807
1785383100,32.34874,75.15678,90,2,241,,1,35.3568,33.38933,30.57581
1785383101,32.34874,75.27886,90,2,241,,1,35.15319,33.35546,30.47441
1785383102,32.37812,75.27428,90,2,241,,1,35.18706,33.35546,30.57581
1785383102,32.49294,75.28802,90,2,242,,1,35.255,33.32139,30.44034
1785383103,32.47692,75.23003,90,2,242,,1,35.28886,33.38933,30.44034
1785383104,32.39147,75.3399,90,2,242,,1,35.28886,33.49113,30.44034
1785383104,32.37812,75.20714,90,2,242,,1,35.255,33.35546,30.60987
1785383105,32.4342,75.24223,90,2,242,,1,35.32273,33.59273,30.60987
1785383106,32.4342,75.23003,90,2,241,,1,35.22093,33.38933,30.47441
1785383106,32.39147,75.24376,90,2,241,,1,35.28886,33.52499,30.50807
1785383107,32.40482,75.2575,90,2,241,,1,35.28886,33.35546,30.54194
1785383108,32.34874,75.28802,90,1,241,,1,35.28886,33.2198,30.40647
1785383108,32.44755,75.39788,90,2,241,,1,35.22093,33.59273,30.40647
1785383109,32.33539,75.33837,90,2,241,,1,35.18706,33.28753,30.54194
1785383110,32.31937,75.21629,90,2,241,,1,35.22093,33.49113,30.47441
1785383110,32.40482,75.2575,90,2,241,,1,35.255,33.45726,30.57581
1785383111,32.4609,75.29259,90,2,241,,1,35.32273,33.38933,30.64374
1785383112,32.33539,75.25292,90,2,241,,1,35.22093,33.49113,30.47441
1785383113,32.50629,75.24681,90,1,242,,1,35.28886,33.45726,30.30487
1785383113,32.4609,75.26971,90,1,242,,1,35.22093,33.42319,30.37261
1785383114,32.4342,75.36126,90,2,242,,1,35.255,33.32139,30.44034
1785383115,32.39147,75.23308,90,2,242,,1,35.39066,33.38933,30.54194
1785383115,32.53567,75.24376,90,2,241,,1,35.255,33.42319,30.33874
1785383116,32.37812,75.3811,90,2,241,,1,35.22093,33.18593,30.50807
1785383117,32.39147,75.3521,90,2,241,,1,35.18706,33.45726,30.50807
1785383117,32.4342,75.37194,90,2,241,,1,35.22093,33.49113,30.50807
1785383118,32.44755,75.33074,90,2,241,,1,35.18706,33.42319,30.47441
1785383119,32.37812,75.30328,90,2,241,,1,35.22093,33.45726,30.67761
1785383119,32.33539,75.34905,90,2,241,,1,35.255,33.45726,30.60987
1785383120,32.4609,75.30328,90,2,241,,1,35.28886,33.55886,30.50807
1785383121,32.36209,75.36584,90,2,241,,1,35.255,33.45726,30.54194
1785383121,32.31937,75.10948,90,2,241,,1,35.22093,33.52499,30.50807
1785383122,32.36209,75.38873,90,2,241,,1,35.22093,33.32139,30.33874
1785383123,32.40482,75.30175,90,2,242,,1,35.28886,33.35546,30.71147
1785383123,32.40482,75.34295,90,2,242,,1,35.22093,33.38933,30.54194
1785383124,32.41817,75.23918,90,2,242,,1,35.255,33.32139,30.60987
1785383125,32.39147,75.38415,90,2,242,,1,35.28886,33.42319,30.64374
1785383125,32.39147,75.2987,90,2,241,,1,35.28886,33.38933,30.47441
1785383126,32.37812,75.31548,90,2,241,,1,35.18706,33.42319,30.57581
1785383127,32.37812,75.40246,90,2,241,,1,35.22093,33.42319,30.50807
1785383127,32.4609,75.28039,90,2,242,,1,35.28886,33.32139,30.50807
1785383128,32.40482,75.19188,90,2,241,,1,35.32273,33.55886,30.50807
1785383129,32.44755,75.21172,90,2,241,,1,35.255,33.38933,30.54194
1785383129,32.33539,75.30633,90,2,241,,1,35.22093,33.25366,30.44034
1785383130,32.4609,75.29259,90,2,242,,1,35.22093,33.2198,30.47441
1785383131,32.44755,75.30175,90,2,241,,1,35.255,33.38933,30.47441
1785383131,32.4342,75.1873,90,2,241,,1,35.18706,33.55886,30.57581
1785383132,32.41817,75.23918,90,2,242,,1,35.255,33.25366,30.64374
1785383133,32.36209,75.26971,90,2,242,,1,35.255,33.28753,30.37261
1785383134,32.4342,75.21019,90,2,242,,1,35.18706,33.45726,30.50807
1785383134,32.33539,75.26208,90,2,242,,1,35.32273,33.42319,30.47441
1785383135,32.34874,75.25597,90,2,242,,1,35.255,33.35546,30.57581
1785383136,32.36209,75.13847,90,2,241,,1,35.255,33.35546,30.57581
1785383136,32.39147,75.18883,90,2,241,,1,35.22093,33.42319,30.40647
1785383137,32.4609,75.24834,90,2,241,,1,35.255,33.52499,30.47441
1785383138,32.37812,75.12321,90,2,241,,1,35.255,33.35546,30.37261
1785383138,32.37812,75.20714,90,2,241,,1,35.32273,33.42319,30.57581
1785383139,32.34874,75.17815,90,2,241,,1,35.3568,33.45726,30.40647
1785383140,32.33539,75.34905,90,2,241,,1,35.22093,33.32139,30.44034
1785383140,32.33539,75.46807,90,2,241,,1,35.255,33.49113,30.47441
1785383141,32.40482,75.34295,90,2,241,,1,35.32273,33.38933,30.54194
1785383142,32.34874,75.37499,90,2,241,,1,35.28886,33.38933,30.64374
1785383142,32.41817,75.26055,90,2,242,,1,35.255,33.38933,30.47441
1785383143,32.37812,75.42535,90,2,242,,1,35.18706,33.32139,30.54194
1785383144,32.33539,75.27428,90,2,242,,1,35.22093,33.42319,30.67761
1785383144,32.37812,75.26208,90,2,241,,1,35.28886,33.28753,30.40647
1785383145,32.33539,75.40398,90,2,242,,1,35.18706,33.42319,30.50807
1785383146,32.36209,75.17052,90,2,242,,1,35.255,33.28753,30.44034
1785383146,32.27932,75.33532,90,1,241,,1,35.18706,33.42319,30.54194
1785383147,32.37812,75.19646,90,1,241,,1,35.22093,33.45726,30.44034
1785383148,32.4342,75.30785,90,1,242,,1,35.28886,33.55886,30.37261
1785383148,32.31937,75.4345,90,2,241,,1,35.22093,33.45726,30.50807
1785383149,32.30602,75.34295,90,2,241,,1,35.22093,33.35546,30.37261
1785383150,32.37812,75.3811,90,2,241,,1,35.18706,33.38933,30.50807
1785383150,32.44755,75.45281,90,2,241,,1,35.18706,33.45726,30.57581
1785383151,32.34874,75.33074,90,1,241,,1,35.255,33.38933,30.44034
1785383152,32.36209,75.33379,90,1,241,,1,35.18706,33.35546,30.50807
1785383153,32.34874,75.25597,90,1,242,,1,35.28886,33.42319,30.50807
1785383153,32.30602,75.26665,90,1,242,,1,35.32273,33.55886,30.54194
1785383154,32.33539,75.31701,90,1,242,,1,35.22093,33.38933,30.54194
1785383155,32.44755,75.25597,90,1,242,,1,35.3568,33.38933,30.50807
1785383155,32.34874,75.28802,90,1,241,,1,35.255,33.38933,30.44034
1785383156,32.39147,75.25292,90,1,241,,1,35.28886,33.45726,30.47441
1785383157,32.31937,75.32464,90,1,241,,1,35.255,33.32139,30.44034
1785383157,32.40482,75.39788,90,1,241,,1,35.32273,33.45726,30.57581
1785383158,32.40482,75.36584,90,1,241,,1,35.255,33.35546,30.44034
1785383159,32.34874,75.26665,90,1,241,,1,35.255,33.42319,30.54194
1785383159,32.4342,75.31701,90,1,241,,1,35.255,33.42319,30.47441
1785383160,32.4609,75.26971,90,1,241,,1,35.22093,33.35546,30.60987
1785383161,32.36209,75.28039,90,1,241,,1,35.255,33.32139,30.47441
1785383161,32.41817,75.28344,90,1,241,,1,35.22093,33.32139,30.44034
1785383162,32.44755,75.40856,90,1,242,,1,35.11913,33.2198,30.44034
1785383163,32.30602,75.34295,90,1,242,,1,35.22093,33.52499,30.57581
1785383163,32.27932,75.32464,90,1,242,,1,35.32273,33.45726,30.50807
1785383164,32.40482,75.40856,90,1,242,,1,35.18706,33.35546,30.50807
1785383165,32.36209,75.22545,90,1,242,,1,35.22093,33.52499,30.33874
1785383165,32.33539,75.21935,90,1,241,,1,35.255,33.25366,30.50807
1785383166,32.37812,75.31548,90,1,241,,1,35.255,33.52499,30.54194
1785383167,32.44755,75.25597,90,2,241,,1,35.255,33.45726,30.47441
1785383167,32.31937,75.11864,90,2,241,,1,35.22093,33.28753,30.44034
1785383168,32.4342,75.23003,90,2,241,,1,35.3568,33.52499,30.50807
1785383169,32.41817,75.33532,90,2,241,,1,35.255,33.32139,30.47441
1785383169,32.36209,75.2575,90,2,241,,1,35.18706,33.45726,30.54194
1785383170,32.40482,75.17052,90,2,241,,1,35.11913,33.35546,30.54194
1785383171,32.49294,75.21172,90,2,241,,1,35.28886,33.42319,30.50807
1785383172,32.34874,75.30785,90,2,241,,1,35.32273,33.45726,30.47441
1785383172,32.33539,75.19798,90,2,243,,1,35.22093,33.35546,30.50807
1785383173,32.47692,75.29412,90,2,242,,1,35.32273,33.45726,30.50807
1785383174,32.41817,75.21629,90,1,242,,1,35.255,33.25366,30.40647
1785383174,32.44755,75.21172,90,1,242,,1,35.32273,33.49113,30.50807
1785383175,32.40482,75.38873,90,1,242,,1,35.22093,33.35546,30.44034
1785383176,32.31937,75.33532,90,1,241,,1,35.18706,33.42319,30.54194
1785383176,32.36209,75.29259,90,1,241,,1,35.22093,33.35546,30.54194
1785383177,32.41817,75.37957,90,1,241,,1,35.255,33.32139,30.54194
1785383178,32.44755,75.41772,90,1,241,,1,35.28886,33.35546,30.57581
1785383178,32.37812,75.33837,90,1,242,,1,35.22093,33.38933,30.47441
1785383179,32.37812,75.27428,90,1,241,,1,35.255,33.42319,30.33874
1785383180,32.36209,75.26971,90,1,241,,1,35.3568,33.35546,30.54194
1785383180,32.4342,75.30785,90,1,241,,1,35.28886,33.52499,30.47441
1785383181,32.40482,75.31091,90,1,242,,1,35.22093,33.55886,30.50807
1785383182,32.37812,75.23003,90,1,241,,1,35.255,33.49113,30.44034
1785383182,32.41817,75.08659,90,1,242,,1,35.22093,33.49113,30.60987
1785383183,32.41817,75.09727,90,1,242,,1,35.39066,33.49113,30.54194
1785383184,32.49294,75.20103,90,1,242,,1,35.28886,33.49113,30.44034
1785383184,32.44755,75.28954,90,1,242,,1,35.18706,33.35546,30.33874
1785383185,32.39147,75.23308,90,1,241,,1,35.22093,33.52499,30.54194
1785383186,32.41817,75.26055,90,1,241,,1,35.32273,33.49113,30.44034
1785383186,32.39147,75.43908,90,1,241,,1,35.32273,33.25366,30.44034
1785383187,32.40482,75.36584,90,1,241,,1,35.22093,33.32139,30.47441
1785383188,32.39147,75.27581,90,1,241,,1,35.22093,33.35546,30.47441
1785383188,32.47692,75.23003,90,1,241,,1,35.18706,33.42319,30.37261
1785383189,32.4342,75.26513,90,1,241,,1,35.18706,33.72839,30.44034
1785383190,32.33539,75.16441,90,1,241,,1,35.15319,33.38933,30.44034
1785383191,32.50629,75.30175,90,1,241,,1,35.32273,33.49113,30.44034
1785383191,32.4342,75.1873,90,1,242,,1,35.3568,33.38933,30.47441
1785383192,32.47692,75.41314,90,2,242,,1,35.32273,33.49113,30.44034
1785383193,32.37812,75.2514,90,2,242,,1,35.18706,33.28753,30.54194
1785383193,32.41817,75.21629,90,2,242,,1,35.18706,33.35546,30.50807
1785383194,32.36209,75.41161,90,2,242,,1,35.22093,33.38933,30.47441
1785383195,32.36209,75.31091,90,2,242,,1,35.255,33.38933,30.54194
1785383195,32.44755,75.25597,90,2,241,,1,35.255,33.38933,30.47441
1785383196,32.34874,75.30785,90,2,241,,1,35.18706,33.59273,30.37261
1785383197,32.4342,75.27581,90,1,241,,1,35.18706,33.42319,30.50807
1785383197,32.39147,75.31701,90,1,241,,1,35.32273,33.52499,30.44034
1785383198,32.41817,75.34753,90,1,241,,1,35.28886,33.35546,30.54194
1785383199,32.34874,75.24376,90,1,241,,1,35.18706,33.35546,30.44034
1785383199,32.34874,75.26665,90,1,241,,1,35.22093,33.45726,30.44034
1785383200,32.39147,75.3521,90,1,241,,1,35.255,33.45726,30.44034
1785383201,32.49294,75.31091,90,1,241,,1,35.18706,33.49113,30.40647
1785383201,32.44755,75.22392,90,2,241,,1,35.255,33.28753,30.54194
1785383202,32.41817,75.40246,90,2,242,,1,35.22093,33.45726,30.47441
1785383203,32.39147,75.26513,90,1,242,,1,35.28886,33.52499,30.50807
1785383203,32.37812,75.33837,90,1,242,,1,35.255,33.45726,30.47441
1785383204,32.50629,75.30175,90,1,242,,1,35.32273,33.35546,30.47441
1785383205,32.34874,75.30785,90,1,242,,1,35.18706,33.59273,30.54194
1785383205,32.39147,75.24376,90,1,241,,1,35.22093,33.32139,30.40647
1785383206,32.40482,75.20256,90,1,241,,1,35.255,33.32139,30.37261
1785383207,32.37812,75.33837,90,1,241,,1,35.28886,33.38933,30.60987
1785383207,32.36209,75.24834,90,1,241,,1,35.255,33.42319,30.37261
1785383208,32.49294,75.25597,90,1,241,,1,35.15319,33.62679,30.50807
1785383209,32.41817,75.21629,90,1,241,,1,35.22093,33.42319,30.67761
1785383210,32.37812,75.3933,90,1,241,,1,35.15319,33.55886,30.30487
1785383210,32.23659,75.29412,90,1,241,,1,35.255,33.38933,30.67761
1785383211,32.4342,75.38415,90,1,241,,1,35.22093,33.45726,30.47441
1785383212,32.40482,75.39788,90,1,241,,1,35.28886,33.45726,30.67761
1785383212,32.37812,75.32616,90,1,242,,1,35.15319,33.38933,30.44034
1785383213,32.40482,75.37652,90,1,242,,1,35.22093,33.35546,30.40647
1785383214,32.40482,75.30175,90,1,242,,1,35.3568,33.32139,30.64374
1785383214,32.39147,75.40704,90,1,242,,1,35.22093,33.38933,30.47441
1785383215,32.37812,75.40246,90,2,242,,1,35.28886,33.38933,30.50807
1785383216,32.4342,75.41619,90,2,241,,1,35.18706,33.45726,30.44034
1785383216,32.36209,75.38873,90,1,241,,1,35.255,33.35546,30.47441
1785383217,32.40482,75.39788,90,1,241,,1,35.32273,33.55886,30.27101
1785383218,32.37812,75.45739,90,1,241,,1,35.28886,33.52499,30.37261
1785383218,32.33539,75.26208,90,1,241,,1,35.255,33.38933,30.37261
1785383219,32.39147,75.3399,90,2,241,,1,35.11913,33.38933,30.50807
1785383220,32.31937,75.31243,90,1,241,,1,35.22093,33.32139,30.44034
1785383220,32.37812,75.3811,90,2,241,,1,35.255,33.45726,30.54194
1785383221,32.37812,75.21935,90,2,241,,1,35.15319,33.45726,30.33874
1785383222,32.39147,75.3521,90,2,241,,1,35.32273,33.28753,30.47441
1785383222,32.36209,75.22545,90,2,242,,1,35.255,33.28753,30.57581
1785383223,32.4342,75.42687,90,1,242,,1,35.18706,33.42319,30.33874
1785383224,32.44755,75.35363,90,1,242,,1,35.11913,33.45726,30.37261
1785383224,32.40482,75.30175,90,1,242,,1,35.15319,33.42319,30.47441
1785383225,32.34874,75.30785,90,2,241,,1,35.22093,33.42319,30.47441
1785383226,32.36209,75.33379,90,2,241,,1,35.28886,33.38933,30.40647
1785383226,32.39147,75.30785,90,2,241,,1,35.255,33.42319,30.40647
1785383227,32.39147,75.31701,90,2,241,,1,35.22093,33.42319,30.44034
1785383228,32.34874,75.36279,90,2,241,,1,35.255,33.35546,30.54194
1785383229,32.40482,75.36584,90,2,241,,1,35.15319,33.42319,30.44034
1785383229,32.4342,75.32922,90,2,241,,1,35.255,33.35546,30.57581
1785383230,32.39147,75.25292,90,2,241,,1,35.255,33.42319,30.33874
1785383231,32.41817,75.32464,90,2,241,,1,35.32273,33.42319,30.40647
1785383231,32.30602,75.2987,90,2,241,,1,35.28886,33.35546,30.50807
1785383232,32.40482,75.30175,90,2,241,,1,35.18706,33.38933,30.50807
1785383233,32.37812,75.32616,90,2,242,,1,35.18706,33.49113,30.47441
1785383233,32.33539,75.48028,90,2,242,,1,35.22093,33.35546,30.57581
1785383234,32.36209,75.37652,90,2,242,,1,35.255,33.38933,30.47441
1785383235,32.4342,75.38415,90,2,242,,1,35.22093,33.25366,30.50807
1785383235,32.39147,75.47112,90,1,241,,1,35.22093,33.35546,30.60987
1785383236,32.30602,75.32006,90,1,241,,1,35.32273,33.35546,30.47441
1785383237,32.34874,75.3399,90,1,242,,1,35.255,33.49113,30.47441
1785383237,32.36209,75.45434,90,2,241,,1,35.255,33.38933,30.57581
1785383238,32.30602,75.35363,90,1,241,,1,35.22093,33.38933,30.47441
1785383239,32.40482,75.36584,90,2,241,,1,35.32273,33.35546,30.57581
1785383239,32.37812,75.35821,90,2,241,,1,35.255,33.49113,30.54194
1785383240,32.39147,75.47112,90,2,241,,1,35.255,33.49113,30.44034
1785383241,32.31937,75.41161,90,2,241,,1,35.22093,33.42319,30.60987
1785383241,32.29267,75.3399,90,1,241,,1,35.22093,33.42319,30.50807
1785383242,32.39147,75.32922,90,1,242,,1,35.22093,33.38933,30.47441
1785383243,32.34874,75.38567,90,1,242,,1,35.28886,33.49113,30.50807
1785383243,32.29267,75.43908,90,1,242,,1,35.18706,33.45726,30.47441
1785383244,32.37812,75.31548,90,1,242,,1,35.22093,33.55886,30.50807
1785383245,32.30602,75.35363,90,1,242,,1,35.18706,33.28753,30.47441
1785383245,32.30602,75.50469,90,1,241,,1,35.255,33.32139,30.47441
1785383246,32.40482,75.43145,90,1,241,,1,35.22093,33.45726,30.57581
1785383247,32.40482,75.47265,90,1,241,,1,35.22093,33.45726,30.47441
1785383248,32.41817,75.32464,90,1,241,,1,35.255,33.2198,30.47441
1785383248,32.41817,75.41161,90,2,241,,1,35.255,33.35546,30.44034
1785383249,32.37812,75.31548,90,2,241,,1,35.28886,33.38933,30.67761
1785383250,32.34874,75.32006,90,2,241,,1,35.18706,33.42319,30.40647
1785383250,32.4342,75.27581,90,1,241,,1,35.18706,33.35546,30.47441
1785383251,32.39147,75.27581,90,2,241,,1,35.255,33.38933,30.50807
1785383252,32.36209,75.34447,90,2,241,,1,35.22093,33.42319,30.54194
1785383252,32.40482,75.30175,90,1,242,,1,35.255,33.28753,30.37261
1785383253,32.37812,75.32616,90,1,242,,1,35.22093,33.32139,30.44034
1785383254,32.33539,75.32616,90,2,242,,1,35.18706,33.45726,30.44034
1785383254,32.4342,75.42687,90,1,242,,1,35.39066,33.38933,30.54194
1785383255,32.39147,75.27581,90,1,242,,1,35.255,33.42319,30.64374
1785383256,32.41817,75.29412,90,1,241,,1,35.15319,33.25366,30.57581
1785383256,32.49294,75.3399,90,2,241,,1,35.15319,33.18593,30.44034
1785383257,32.4342,75.42687,90,2,241,,1,35.22093,33.32139,30.27101
1785383258,32.36209,75.37652,90,2,241,,1,35.15319,33.28753,30.44034
1785383258,32.40482,75.44061,90,2,241,,1,35.15319,33.45726,30.57581
1785383259,32.4609,75.35668,90,2,241,,1,35.22093,33.38933,30.37261
1785383260,32.40482,75.34295,90,2,241,,1,35.28886,33.42319,30.40647
1785383260,32.40482,75.31091,90,2,241,,1,35.255,33.35546,30.54194
1785383261,32.36209,75.29259,90,2,241,,1,35.22093,33.42319,30.50807
1785383262,32.50629,75.34447,90,2,241,,1,35.15319,33.42319,30.44034
1785383262,32.40482,75.19188,90,2,242,,1,35.08526,33.32139,30.37261
1785383263,32.41817,75.26055,90,2,242,,1,35.255,33.52499,30.40647
1785383264,32.37812,75.32616,90,2,242,,1,35.22093,33.45726,30.47441
1785383264,32.31937,75.28039,90,2,242,,1,35.255,33.49113,30.40647
1785383265,32.34874,75.36279,90,2,241,,1,35.18706,33.35546,30.37261
1785383266,32.33539,75.26208,90,2,242,,1,35.255,33.38933,30.57581
1785383266,32.33539,75.40398,90,2,241,,1,35.255,33.35546,30.40647
1785383267,32.41817,75.30328,90,2,242,,1,35.18706,33.38933,30.57581
1785383268,32.36209,75.30175,90,2,241,,1,35.22093,33.38933,30.47441
1785383269,32.44755,75.27886,90,2,241,,1,35.22093,33.42319,30.40647
1785383269,32.40482,75.31091,90,2,241,,1,35.18706,33.49113,30.47441
1785383270,32.33539,75.30633,90,1,241,,1,35.11913,33.28753,30.40647
1785383271,32.39147,75.36279,90,1,241,,1,35.22093,33.35546,30.37261
1785383271,32.29267,75.23308,90,1,241,,1,35.11913,33.38933,30.44034
1785383272,32.36209,75.23766,90,1,241,,1,35.18706,33.38933,30.50807
1785383273,32.37812,75.33837,90,1,242,,1,35.18706,33.25366,30.54194
1785383273,32.39147,75.39483,90,1,242,,1,35.22093,33.38933,30.50807
1785383274,32.29267,75.28497,90,2,242,,1,35.22093,33.25366,30.37261
1785383275,32.39147,75.28802,90,2,242,,1,35.255,33.35546,30.47441
1785383275,32.34874,75.26665,90,2,241,,1,35.18706,33.52499,30.40647
1785383276,32.39147,75.3399,90,2,241,,1,35.28886,33.49113,30.57581
1785383277,32.34874,75.29717,90,2,241,,1,35.255,33.38933,30.47441
1785383277,32.40482,75.2346,90,2,241,,1,35.18706,33.38933,30.57581
1785383278,32.30602,75.35363,90,2,241,,1,35.22093,33.28753,30.40647
1785383279,32.31937,75.26055,90,2,241,,1,35.18706,33.35546,30.33874
1785383279,32.33539,75.24223,90,1,241,,1,35.15319,33.35546,30.57581
1785383280,32.30602,75.36584,90,1,241,,1,35.255,33.38933,30.47441
1785383281,32.40482,75.44061,90,2,241,,1,35.11913,33.32139,30.47441
1785383281,32.33539,75.26208,90,1,241,,1,35.11913,33.2198,30.50807
1785383282,32.40482,75.31091,90,1,242,,1,35.11913,33.35546,30.50807
1785383283,32.36209,75.42077,90,1,242,,1,35.255,33.35546,30.44034
1785383283,32.41817,75.37957,90,1,242,,1,35.255,33.42319,30.27101
1785383284,32.39147,75.41619,90,1,242,,1,35.28886,33.38933,30.40647
1785383285,32.4342,75.44823,90,2,242,,1,35.22093,33.35546,30.40647
1785383285,32.36209,75.23766,90,2,241,,1,35.18706,33.49113,30.60987
1785383286,32.29267,75.38415,90,2,242,,1,35.28886,33.42319,30.44034
1785383287,32.27932,75.33532,90,2,241,,1,35.22093,33.35546,30.50807
1785383288,32.36209,75.38873,90,2,242,,1,35.22093,33.52499,30.64374
1785383288,32.27932,75.31548,90,2,241,,1,35.255,33.38933,30.50807
1785383289,32.39147,75.32922,90,2,241,,1,35.32273,33.38933,30.23714
1785383290,32.27932,75.34753,90,2,241,,1,35.255,33.35546,30.60987
1785383290,32.41817,75.46655,90,2,241,,1,35.22093,33.2198,30.33874
1785383291,32.34874,75.26665,90,2,241,,1,35.28886,33.42319,30.47441
1785383292,32.36209,75.26971,90,2,241,,1,35.255,33.45726,30.57581
1785383292,32.36209,75.31091,90,2,242,,1,35.255,33.28753,30.60987
1785383293,32.39147,75.36279,90,1,242,,1,35.18706,33.32139,30.44034
1785383294,32.34874,75.27886,90,1,242,,1,35.255,33.35546,30.47441
1785383294,32.37812,75.37041,90,1,242,,1,35.18706,33.45726,30.40647
1785383295,32.4342,75.43908,90,2,242,,1,35.15319,33.28753,30.54194
1785383296,32.41817,75.30328,90,1,241,,1,35.28886,33.32139,30.37261
1785383296,32.39147,75.39483,90,1,241,,1,35.18706,33.42319,30.47441
1785383297,32.39147,75.3521,90,2,241,,1,35.22093,33.45726,30.50807
1785383298,32.44755,75.24681,90,2,241,,1,35.255,33.35546,30.44034
1785383298,32.30602,75.22392,90,1,241,,1,35.11913,33.52499,30.50807
1785383299,32.36209,75.29259,90,2,241,,1,35.18706,33.38933,30.44034
1785383300,32.40482,75.32159,90,2,241,,1,35.28886,33.35546,30.54194
1785383300,32.39147,75.24376,90,2,241,,1,35.18706,33.42319,30.50807
1785383301,32.39147,75.25292,90,2,241,,1,35.18706,33.49113,30.54194
1785383302,32.4609,75.33379,90,2,241,,1,35.08526,33.35546,30.44034
1785383302,32.40482,75.2346,90,2,242,,1,35.18706,33.35546,30.47441
1785383303,32.34874,75.42992,90,2,242,,1,35.22093,33.32139,30.37261
1785383304,32.36209,75.35668,90,2,242,,1,35.22093,33.32139,30.40647
1785383304,32.37812,75.21935,90,2,242,,1,35.18706,33.35546,30.44034
1785383305,32.41817,75.42229,90,2,241,,1,35.11913,33.35546,30.33874
1785383306,32.40482,75.38873,90,2,241,,1,35.11913,33.25366,30.37261
1785383307,32.41817,75.28344,90,2,241,,1,35.255,33.35546,30.47441
1785383307,32.40482,75.37652,90,1,241,,1,35.255,33.38933,30.40647
1785383308,32.4342,75.38415,90,1,241,,1,35.18706,33.38933,30.57581
1785383309,32.34874,75.41772,90,1,241,,1,35.28886,33.42319,30.40647
1785383309,32.36209,75.39941,90,1,241,,1,35.255,33.38933,30.44034
1785383310,32.41817,75.34753,90,1,241,,1,35.18706,33.32139,30.57581
1785383311,32.29267,75.3399,90,1,241,,1,35.18706,33.45726,30.44034
1785383311,32.39147,75.31701,90,1,241,,1,35.255,33.52499,30.47441
1785383312,32.44755,75.30175,90,2,242,,1,35.22093,33.35546,30.54194
1785383313,32.30602,75.25597,90,2,242,,1,35.22093,33.28753,30.47441
1785383313,32.27932,75.35821,90,2,242,,1,35.28886,33.42319,30.47441
1785383314,32.30602,75.21172,90,2,242,,1,35.32273,33.52499,30.47441
1785383315,32.37812,75.23003,90,2,242,,1,35.18706,33.38933,30.50807
1785383315,32.39147,75.15526,90,1,242,,1,35.22093,33.45726,30.37261
1785383316,32.34874,75.23308,90,1,241,,1,35.22093,33.49113,30.47441
1785383317,32.30602,75.32006,90,1,241,,1,35.255,33.49113,30.47441
1785383317,32.34874,75.25597,90,1,241,,1,35.255,33.32139,30.57581
1785383318,32.31937,75.24834,90,2,241,,1,35.28886,33.42319,30.50807
1785383319,32.4609,75.19341,90,1,241,,1,35.22093,33.35546,30.44034
1785383319,32.39147,75.28802,90,1,241,,1,35.28886,33.52499,30.54194
1785383320,32.39147,75.31701,90,1,241,,1,35.22093,33.38933,30.44034
1785383321,32.41817,75.17357,90,1,241,,1,35.11913,33.45726,30.50807
1785383321,32.34874,75.26665,90,1,241,,1,35.18706,33.49113,30.37261
1785383322,32.36209,75.30175,90,1,242,,1,35.22093,33.38933,30.50807
1785383323,32.4342,75.30785,90,2,242,,1,35.15319,33.49113,30.44034
1785383323,32.36209,75.18272,90,2,242,,1,35.28886,33.49113,30.27101
1785383324,32.37812,75.37041,90,2,242,,1,35.22093,33.35546,30.37261
1785383325,32.29267,75.14305,90,2,241,,1,35.18706,33.45726,30.60987
1785383326,32.37812,75.41314,90,2,241,,1,35.11913,33.49113,30.47441
1785383326,32.30602,75.2346,90,2,241,,1,35.22093,33.32139,30.44034
1785383327,32.44755,75.35363,90,1,241,,1,35.255,33.42319,30.50807
1785383328,32.31937,75.26055,90,1,241,,1,35.18706,33.28753,30.54194
1785383328,32.31937,75.41161,90,2,241,,1,35.18706,33.35546,30.33874
1785383329,32.36209,75.38873,90,2,241,,1,35.18706,33.25366,30.44034
1785383330,32.36209,75.29259,90,2,241,,1,35.39066,33.38933,30.27101
1785383330,32.37812,75.40246,90,2,241,,1,35.28886,33.2198,30.44034
1785383331,32.27932,75.37957,90,2,241,,1,35.18706,33.35546,30.37261
1785383332,32.33539,75.33837,90,2,241,,1,35.18706,33.32139,30.40647
1785383332,32.26329,75.24681,90,2,242,,1,35.18706,33.35546,30.30487
1785383333,32.33539,75.32616,90,2,242,,1,35.22093,33.25366,30.50807
1785383334,32.33539,75.23003,90,2,242,,1,35.28886,33.38933,30.40647
1785383334,32.31937,75.39941,90,2,241,,1,35.18706,33.32139,30.47441
1785383335,32.37812,75.46655,90,2,242,,1,35.22093,33.49113,30.40647
1785383336,32.30602,75.37499,90,2,241,,1,35.15319,33.35546,30.50807
1785383336,32.34874,75.38567,90,2,241,,1,35.255,33.59273,30.57581
1785383337,32.29267,75.40398,90,2,241,,1,35.22093,33.49113,30.37261
1785383338,32.31937,75.4345,90,2,241,,1,35.18706,33.38933,30.30487
1785383338,32.27932,75.29259,90,2,241,,1,35.15319,33.38933,30.37261
1785383339,32.30602,75.34295,90,2,241,,1,35.22093,33.42319,30.37261
1785383340,32.31937,75.28954,90,2,241,,1,35.255,33.38933,30.40647
1785383340,32.27932,75.21629,90,2,241,,1,35.15319,33.49113,30.40647
1785383341,32.31937,75.28039,90,2,241,,1,35.18706,33.32139,30.37261
1785383342,32.26329,75.33379,90,2,241,,1,35.28886,33.42319,30.44034
1785383343,32.31937,75.33532,90,2,243,,1,35.08526,33.25366,30.44034
1785383343,32.31937,75.44366,90,1,242,,1,35.28886,33.35546,30.37261
1785383344,32.37812,75.46655,90,1,242,,1,35.22093,33.49113,30.57581
1785383345,32.39147,75.49096,90,1,242,,1,35.255,33.25366,30.37261
1785383345,32.31937,75.4345,90,2,241,,1,35.255,33.28753,30.33874
1785383346,32.30602,75.44976,90,2,241,,1,35.32273,33.32139,30.57581
1785383347,32.31937,75.33532,90,2,241,,1,35.255,33.38933,30.44034
1785383347,32.30602,75.39788,90,1,241,,1,35.22093,33.32139,30.47441
1785383348,32.36209,75.45434,90,2,241,,1,35.15319,33.45726,30.27101
1785383349,32.30602,75.38567,90,2,241,,1,35.15319,33.38933,30.37261
1785383349,32.40482,75.39788,90,2,241,,1,35.255,33.32139,30.40647
1785383350,32.36209,75.42077,90,1,241,,1,35.22093,33.42319,30.33874
1785383351,32.34874,75.3521,90,2,241,,1,35.18706,33.38933,30.23714
1785383351,32.34874,75.36279,90,1,241,,1,35.255,33.32139,30.54194
1785383352,32.34874,75.3521,90,2,241,,1,35.32273,33.32139,30.44034
1785383353,32.34874,75.30785,90,2,242,,1,35.32273,33.49113,30.33874
1785383353,32.31937,75.36736,90,2,242,,1,35.255,33.52499,30.47441
1785383354,32.36209,75.32159,90,2,242,,1,35.15319,33.25366,30.47441
1785383355,32.49294,75.39483,90,2,242,,1,35.15319,33.42319,30.37261
1785383355,32.41817,75.4757,90,2,241,,1,35.255,33.18593,30.54194
1785383356,32.33539,75.41619,90,2,241,,1,35.15319,33.42319,30.44034
1785383357,32.39147,75.36279,90,2,242,,1,35.22093,33.32139,30.30487
1785383357,32.34874,75.36279,90,2,241,,1,35.255,33.42319,30.37261
1785383358,32.40482,75.36584,90,2,241,,1,35.22093,33.25366,30.44034
1785383359,32.31937,75.33532,90,2,241,,1,35.28886,33.35546,30.50807
1785383359,32.27932,75.28039,90,2,241,,1,35.18706,33.38933,30.47441
1785383360,32.39147,75.40704,90,2,241,,1,35.18706,33.28753,30.37261
1785383361,32.40482,75.37652,90,2,241,,1,35.22093,33.52499,30.47441
1785383361,32.37812,75.48943,90,2,241,,1,35.15319,33.32139,30.37261
1785383362,32.34874,75.32006,90,2,242,,1,35.28886,33.2198,30.44034
1785383363,32.36209,75.26971,90,2,242,,1,35.28886,33.25366,30.33874
1785383364,32.44755,75.36279,90,2,242,,1,35.18706,33.38933,30.50807
1785383364,32.33539,75.34905,90,2,242,,1,35.22093,33.35546,30.33874
1785383365,32.39147,75.42687,90,2,242,,1,35.3568,33.32139,30.40647
1785383366,32.40482,75.32159,90,2,241,,1,35.15319,33.42319,30.54194
1785383366,32.41817,75.26055,90,2,241,,1,35.32273,33.25366,30.50807
1785383367,32.34874,75.36279,90,2,241,,1,35.18706,33.2198,30.44034
1785383368,32.23659,75.15221,90,2,241,,1,35.15319,33.45726,30.40647
1785383368,32.34874,75.29717,90,2,241,,1,35.11913,33.38933,30.44034
1785383369,32.31937,75.33532,90,2,241,,1,35.28886,33.35546,30.44034
1785383370,32.40482,75.34295,90,2,241,,1,35.28886,33.38933,30.47441
1785383370,32.29267,75.22087,90,2,241,,1,35.28886,33.28753,30.40647
1785383371,32.34874,75.42992,90,2,241,,1,35.08526,33.38933,30.33874
1785383372,32.37812,75.2514,90,2,241,,1,35.18706,33.28753,30.37261
1785383372,32.33539,75.33837,90,2,242,,1,35.15319,33.45726,30.44034
1785383373,32.39147,75.26513,90,2,242,,1,35.11913,33.42319,30.44034
1785383374,32.39147,75.30785,90,2,242,,1,35.22093,33.42319,30.44034
1785383374,32.36209,75.17052,90,2,242,,1,35.255,33.32139,30.37261
1785383375,32.4609,75.26055,90,2,241,,1,35.18706,33.32139,30.47441
1785383376,32.33539,75.13237,90,2,241,,1,35.18706,33.32139,30.33874
1785383376,32.34874,75.37499,90,2,241,,1,35.22093,33.28753,30.37261
1785383377,32.36209,75.35668,90,2,241,,1,35.18706,33.35546,30.40647
1785383378,32.39147,75.42687,90,2,242,,1,35.11913,33.35546,30.47441
1785383378,32.37812,75.29412,90,2,241,,1,35.11913,33.32139,30.47441
1785383379,32.40482,75.31091,90,2,241,,1,35.22093,33.2198,30.50807
1785383380,32.37812,75.2514,90,2,241,,1,35.18706,33.52499,30.47441
1785383380,32.29267,75.37194,90,2,241,,1,35.22093,33.32139,30.33874
1785383381,32.4342,75.32922,90,2,241,,1,35.22093,33.49113,30.57581
1785383382,32.31937,75.38873,90,2,242,,1,35.28886,33.42319,30.54194
1785383383,32.30602,75.33074,90,2,242,,1,35.22093,33.42319,30.44034
1785383383,32.39147,75.30785,90,2,242,,1,35.22093,33.42319,30.44034
1785383384,32.33539,75.27428,90,2,242,,1,35.255,33.45726,30.47441
1785383385,32.40482,75.33379,90,1,242,,1,35.15319,33.32139,30.47441
1785383385,32.41817,75.37957,90,1,242,,1,35.22093,33.49113,30.33874
1785383386,32.37812,75.34753,90,2,241,,1,35.18706,33.25366,30.40647
1785383387,32.40482,75.22392,90,1,241,,1,35.18706,33.38933,30.44034
1785383387,32.34874,75.18883,90,2,241,,1,35.08526,33.42319,30.33874
1785383388,32.44755,75.37499,90,1,241,,1,35.28886,33.35546,30.44034
1785383389,32.37812,75.18425,90,1,241,,1,35.18706,33.35546,30.33874
1785383389,32.31937,75.32464,90,2,241,,1,35.22093,33.35546,30.44034
1785383390,32.39147,75.31701,90,1,242,,1,35.255,33.42319,30.44034
1785383391,32.41817,75.45739,90,1,241,,1,35.18706,33.45726,30.40647
1785383391,32.40482,75.28954,90,2,241,,1,35.18706,33.28753,30.33874
1785383392,32.39147,75.30785,90,2,241,,1,35.28886,33.52499,30.54194
1785383393,32.39147,75.37194,90,2,242,,1,35.11913,33.18593,30.47441
1785383393,32.44755,75.34295,90,2,242,,1,35.22093,33.28753,30.37261
1785383394,32.31937,75.27123,90,2,242,,1,35.15319,33.25366,30.40647
1785383395,32.34874,75.29717,90,2,242,,1,35.15319,33.55886,30.37261
1785383395,32.39147,75.27581,90,2,241,,1,35.18706,33.38933,30.47441
1785383396,32.34874,75.25597,90,2,241,,1,35.28886,33.35546,30.47441
1785383397,32.39147,75.37194,90,2,241,,1,35.18706,33.28753,30.47441
1785383397,32.37812,75.40246,90,2,241,,1,35.11913,33.38933,30.44034
1785383398,32.39147,75.30785,90,2,241,,1,35.22093,33.32139,30.33874
1785383399,32.30602,75.16899,90,1,241,,1,35.08526,33.32139,30.50807
1785383399,32.30602,75.27886,90,1,241,,1,35.08526,33.35546,30.54194
1785383400,32.37812,75.35821,90,1,241,,1,35.255,33.25366,30.40647
1785383401,32.30602,75.31091,90,1,241,,1,35.255,33.35546,30.33874
1785383402,32.36209,75.19341,90,1,241,,1,35.22093,33.32139,30.40647
1785383402,32.37812,75.3811,90,1,242,,1,35.22093,33.32139,30.50807
1785383403,32.39147,75.26513,90,1,242,,1,35.28886,33.35546,30.40647
1785383404,32.39147,75.21019,90,2,242,,1,35.18706,33.49113,30.37261
1785383404,32.44755,75.33074,90,2,242,,1,35.22093,33.42319,30.54194
1785383405,32.39147,75.32922,90,2,242,,1,35.22093,33.35546,30.50807
1785383406,32.39147,75.37194,90,2,242,,1,35.255,33.42319,30.37261
1785383406,32.4342,75.31701,90,2,241,,1,35.255,33.2198,30.47441
1785383407,32.40482,75.37652,90,2,241,,1,35.11913,33.45726,30.54194
1785383408,32.34874,75.32006,90,2,241,,1,35.18706,33.38933,30.40647
1785383408,32.37812,75.34753,90,1,241,,1,35.15319,33.38933,30.37261
1785383409,32.34874,75.23308,90,1,241,,1,35.18706,33.28753,30.47441
1785383410,32.37812,75.41314,90,1,241,,1,35.255,33.35546,30.40647
1785383410,32.39147,75.37194,90,1,241,,1,35.22093,33.28753,30.37261
1785383411,32.34874,75.27886,90,1,241,,1,35.18706,33.32139,30.60987
1785383412,32.37812,75.32616,90,1,241,,1,35.255,33.08413,30.23714
1785383412,32.36209,75.30175,90,1,242,,1,35.15319,33.28753,30.50807
1785383413,32.36209,75.35668,90,2,242,,1,35.15319,33.38933,30.47441
1785383414,32.40482,75.42077,90,2,242,,1,35.18706,33.35546,30.44034
1785383414,32.33539,75.32616,90,2,242,,1,35.255,33.42319,30.37261
1785383415,32.41817,75.4345,90,2,241,,1,35.28886,33.42319,30.44034
1785383416,32.40482,75.2346,90,2,241,,1,35.15319,33.38933,30.54194
1785383416,32.39147,75.38415,90,2,241,,1,35.22093,33.38933,30.44034
1785383417,32.4342,75.1339,90,2,241,,1,35.15319,33.52499,30.57581
1785383418,32.47692,75.2514,90,2,241,,1,35.18706,33.42319,30.47441
1785383418,32.40482,75.26971,90,2,241,,1,35.22093,33.35546,30.33874
1785383419,32.26329,75.21477,90,2,241,,1,35.22093,33.32139,30.47441
1785383420,32.36209,75.18272,90,2,241,,1,35.08526,33.32139,30.37261
1785383421,32.36209,75.2575,90,1,241,,1,35.22093,33.38933,30.37261
1785383421,32.34874,75.30785,90,1,241,,1,35.15319,33.28753,30.30487
1785383422,32.40482,75.27886,90,1,242,,1,35.22093,33.35546,30.50807
1785383423,32.31937,75.17357,90,1,242,,1,35.11913,33.59273,30.57581
1785383423,32.4342,75.38415,90,1,242,,1,35.22093,33.42319,30.47441
1785383424,32.31937,75.27123,90,1,242,,1,35.3568,33.38933,30.40647
1785383425,32.34874,75.36279,90,1,242,,1,35.18706,33.35546,30.37261
1785383425,32.41817,75.32464,90,1,241,,1,35.255,33.2198,30.44034
1785383426,32.4342,75.32922,90,1,241,,1,35.18706,33.28753,30.30487
1785383427,32.40482,75.34295,90,1,241,,1,35.18706,33.42319,30.57581
1785383427,32.40482,75.33379,90,1,242,,1,35.15319,33.25366,30.37261
1785383428,32.36209,75.29259,90,1,241,,1,35.22093,33.32139,30.40647
1785383429,32.30602,75.22392,90,1,241,,1,35.11913,33.35546,30.40647
1785383429,32.33539,75.25292,90,1,241,,1,35.22093,33.2198,30.50807
1785383430,32.33539,75.21935,90,1,241,,1,35.18706,33.32139,30.37261
1785383431,32.44755,75.31091,90,1,241,,1,35.18706,33.35546,30.37261
1785383431,32.34874,75.30785,90,1,241,,1,35.18706,33.49113,30.40647
1785383432,32.36209,75.24834,90,1,242,,1,35.15319,33.49113,30.54194
1785383433,32.34874,75.29717,90,1,242,,1,35.18706,33.42319,30.50807
1785383433,32.39147,75.38415,90,1,242,,1,35.15319,33.35546,30.33874
1785383434,32.33539,75.30633,90,1,242,,1,35.18706,33.32139,30.37261
1785383435,32.31937,75.30175,90,1,242,,1,35.15319,33.49113,30.47441
1785383435,32.34874,75.26665,90,1,241,,1,35.255,33.28753,30.27101
1785383436,32.30602,75.31091,90,2,242,,1,35.18706,33.25366,30.37261
1785383437,32.41817,75.26055,90,2,242,,1,35.08526,33.49113,30.47441
1785383437,32.30602,75.39788,90,1,242,,1,35.11913,33.32139,30.44034
1785383438,32.41817,75.5642,90,1,241,,1,35.15319,33.38933,30.37261
1785383439,32.40482,75.49554,90,1,241,,1,35.15319,33.32139,30.33874
1785383440,32.33539,75.3933,90,1,241,,1,35.18706,33.28753,30.40647
1785383440,32.41817,75.4345,90,1,241,,1,35.22093,33.45726,30.44034
1785383441,32.33539,75.48028,90,1,241,,1,35.18706,33.38933,30.40647
1785383442,32.26329,75.34295,90,1,241,,1,35.255,33.45726,30.27101
1785383442,32.34874,75.3521,90,1,242,,1,35.11913,33.45726,30.33874
1785383443,32.36209,75.33379,90,1,242,,1,35.11913,33.59273,30.37261
1785383444,32.31937,75.38873,90,1,242,,1,35.15319,33.42319,30.37261
1785383444,32.44755,75.30175,90,2,242,,1,35.255,33.42319,30.30487
1785383445,32.26329,75.2575,90,2,242,,1,35.15319,33.38933,30.44034
1785383446,32.39147,75.28802,90,2,241,,1,35.18706,33.52499,30.44034
1785383446,32.39147,75.50317,90,1,241,,1,35.255,33.35546,30.40647
1785383447,32.31937,75.23766,90,1,241,,1,35.18706,33.38933,30.50807
1785383448,32.41817,75.41161,90,1,241,,1,35.11913,33.45726,30.40647
1785383448,32.26329,75.39788,90,1,241,,1,35.15319,33.38933,30.44034
1785383449,32.30602,75.40856,90,1,241,,1,35.22093,33.42319,30.30487
1785383450,32.23659,75.26208,90,1,241,,1,35.18706,33.49113,30.37261
1785383450,32.39147,75.42687,90,1,241,,1,35.255,33.55886,30.44034
1785383451,32.30602,75.40856,90,1,241,,1,35.22093,33.32139,30.33874
1785383452,32.36209,75.39941,90,2,241,,1,35.15319,33.42319,30.37261
1785383452,32.34874,75.33074,90,2,243,,1,35.15319,33.32139,30.40647
1785383453,32.37812,75.30328,90,1,242,,1,35.11913,33.32139,30.40647
1785383454,32.39147,75.30785,90,1,242,,1,35.15319,33.38933,30.47441
1785383454,32.34874,75.32006,90,1,242,,1,35.15319,33.42319,30.40647
1785383455,32.34874,75.36279,90,1,241,,1,35.22093,33.32139,30.47441
1785383456,32.33539,75.32616,90,2,241,,1,35.255,33.28753,30.40647
1785383456,32.34874,75.3399,90,1,241,,1,35.28886,33.25366,30.47441
1785383457,32.4342,75.37194,90,1,241,,1,35.255,33.38933,30.44034
1785383458,32.41817,75.48638,90,2,241,,1,35.18706,33.42319,30.44034
1785383459,32.36209,75.36584,90,2,241,,1,35.18706,33.45726,30.40647
1785383459,32.26329,75.34295,90,1,241,,1,35.08526,33.38933,30.40647
1785383460,32.36209,75.37652,90,1,241,,1,35.08526,33.42319,30.44034
1785383461,32.34874,75.38567,90,1,241,,1,35.15319,33.18593,30.44034
1785383461,32.44755,75.4818,90,1,241,,1,35.18706,33.32139,30.44034
1785383462,32.4342,75.37194,90,1,241,,1,35.18706,33.45726,30.40647
1785383463,32.34874,75.42992,90,1,242,,1,35.28886,33.52499,30.54194
1785383463,32.4342,75.41619,90,1,242,,1,35.15319,33.52499,30.27101
1785383464,32.31937,75.32464,90,1,242,,1,35.08526,33.32139,30.40647
1785383465,32.37812,75.34753,90,1,242,,1,35.0514,33.32139,30.54194
1785383465,32.36209,75.36584,90,1,241,,1,35.22093,33.42319,30.30487
1785383466,32.36209,75.31091,90,1,241,,1,35.22093,33.42319,30.40647
1785383467,32.37812,75.37041,90,1,241,,1,35.15319,33.38933,30.30487
1785383467,32.34874,75.40704,90,1,242,,1,35.255,33.42319,30.40647
1785383468,32.40482,75.39788,90,1,241,,1,35.15319,33.28753,30.44034
1785383469,32.36209,75.42077,90,1,241,,1,35.32273,33.45726,30.44034
1785383469,32.33539,75.36126,90,1,241,,1,35.18706,33.45726,30.27101
1785383470,32.33539,75.46807,90,1,241,,1,35.18706,33.32139,30.44034
1785383471,32.37812,75.42535,90,1,241,,1,35.15319,33.45726,30.40647
1785383471,32.31937,75.37957,90,1,241,,1,35.15319,33.45726,30.44034
1785383472,32.33539,75.36126,90,1,242,,1,35.22093,33.55886,30.33874
1785383473,32.31937,75.38873,90,1,242,,1,35.18706,33.35546,30.54194
1785383473,32.34874,75.37499,90,1,241,,1,35.32273,33.38933,30.33874
1785383474,32.37812,75.3933,90,1,242,,1,35.15319,33.28753,30.40647
1785383475,32.34874,75.44061,90,2,242,,1,35.22093,33.15206,30.33874
1785383475,32.34874,75.44061,90,2,241,,1,35.08526,33.28753,30.30487
1785383476,32.34874,75.44976,90,1,241,,1,35.18706,33.25366,30.37261
1785383477,32.36209,75.44366,90,1,241,,1,35.18706,33.38933,30.23714
1785383478,32.30602,75.39788,90,1,241,,1,35.18706,33.38933,30.37261
1785383478,32.34874,75.3399,90,1,241,,1,35.28886,33.42319,30.33874
1785383479,32.4342,75.26513,90,1,241,,1,35.22093,33.28753,30.37261
1785383480,32.31937,75.28954,90,1,241,,1,35.22093,33.35546,30.47441
1785383480,32.34874,75.37499,90,1,241,,1,35.15319,33.42319,30.40647
1785383481,32.34874,75.26665,90,1,241,,1,35.18706,33.52499,30.13554
1785383482,32.37812,75.32616,90,1,241,,1,35.15319,33.38933,30.54194
1785383482,32.37812,75.23918,90,1,242,,1,35.15319,33.2198,30.37261
1785383483,32.4342,75.32922,90,1,242,,1,35.18706,33.32139,30.44034
1785383484,32.34874,75.28802,90,1,242,,1,35.18706,33.42319,30.44034
1785383484,32.40482,75.32159,90,1,242,,1,35.18706,33.38933,30.30487
1785383485,32.37812,75.46655,90,1,242,,1,35.22093,33.35546,30.50807
1785383486,32.33539,75.43603,90,1,241,,1,35.18706,33.35546,30.33874
1785383486,32.31937,75.41161,90,1,241,,1,35.11913,33.38933,30.44034
1785383487,32.36209,75.32159,90,1,241,,1,35.15319,33.38933,30.50807
1785383488,32.31937,75.35668,90,2,241,,1,35.11913,33.45726,30.47441
1785383488,32.30602,75.32006,90,1,241,,1,35.11913,33.38933,30.23714
1785383489,32.24994,75.3521,90,1,241,,1,35.08526,33.25366,30.54194
1785383490,32.41817,75.28344,90,2,241,,1,35.22093,33.35546,30.54194
1785383490,32.37812,75.37041,90,2,241,,1,35.22093,33.35546,30.37261
1785383491,32.30602,75.32006,90,2,241,,1,35.18706,33.25366,30.54194
1785383492,32.27932,75.29259,90,2,241,,1,35.255,33.32139,30.30487
1785383492,32.36209,75.30175,90,1,243,,1,35.28886,33.35546,30.37261
1785383493,32.36209,75.41161,90,2,242,,1,35.18706,33.38933,30.44034
1785383494,32.31937,75.39941,90,2,241,,1,35.08526,33.32139,30.37261
1785383494,32.31937,75.41161,90,2,242,,1,35.15319,33.35546,30.30487
1785383495,32.33539,75.34905,90,2,242,,1,35.22093,33.42319,30.44034
1785383496,32.40482,75.43145,90,2,241,,1,35.15319,33.35546,30.54194
1785383497,32.40482,75.40856,90,2,241,,1,35.18706,33.42319,30.44034
1785383497,32.31937,75.45281,90,2,241,,1,35.255,33.25366,30.60987
1785383498,32.33539,75.34905,90,2,241,,1,35.15319,33.25366,30.60987
1785383499,32.31937,75.42229,90,2,241,,1,35.11913,33.42319,30.44034
1785383499,32.34874,75.33074,90,2,241,,1,35.08526,33.32139,30.47441
1785383500,32.29267,75.3399,90,2,242,,1,35.18706,33.25366,30.40647
1785383501,32.37812,75.42535,90,2,241,,1,35.28886,33.32139,30.30487
1785383501,32.36209,75.39941,90,2,241,,1,35.28886,33.2198,30.33874
1785383502,32.40482,75.37652,90,2,241,,1,35.11913,33.28753,30.47441
1785383503,32.34874,75.36279,90,2,242,,1,35.18706,33.28753,30.47441
1785383503,32.36209,75.49554,90,2,242,,1,35.22093,33.38933,30.33874
1785383504,32.29267,75.3399,90,2,242,,1,35.15319,33.52499,30.47441
1785383505,32.31937,75.37957,90,2,242,,1,35.18706,33.25366,30.40647
1785383505,32.31937,75.36736,90,2,241,,1,35.0514,33.38933,30.47441
1785383506,32.27932,75.34753,90,2,241,,1,35.22093,33.25366,30.37261
1785383507,32.37812,75.34753,90,2,241,,1,35.15319,33.38933,30.30487
1785383507,32.34874,75.39483,90,2,241,,1,35.11913,33.35546,30.40647
1785383508,32.39147,75.37194,90,1,241,,1,35.22093,33.32139,30.33874
1785383509,32.30602,75.31091,90,1,241,,1,35.18706,33.35546,30.30487
1785383509,32.27932,75.35821,90,2,241,,1,35.11913,33.42319,30.33874
1785383510,32.29267,75.29412,90,2,241,,1,35.255,33.32139,30.27101
1785383511,32.31937,75.38873,90,2,242,,1,35.18706,33.2198,30.57581
1785383511,32.33539,75.40398,90,1,241,,1,35.15319,33.49113,30.47441
1785383512,32.30602,75.38567,90,1,242,,1,35.255,33.42319,30.44034
1785383513,32.40482,75.31091,90,1,242,,1,35.15319,33.28753,30.44034
1785383513,32.23659,75.34905,90,1,242,,1,35.18706,33.32139,30.44034
1785383514,32.33539,75.46807,90,2,242,,1,35.15319,33.45726,30.40647
1785383515,32.31937,75.42229,90,2,242,,1,35.15319,33.28753,30.47441
1785383516,32.37812,75.42535,90,2,241,,1,35.08526,33.18593,30.47441
1785383516,32.37812,75.27428,90,2,241,,1,35.22093,33.28753,30.30487
1785383517,32.29267,75.34905,90,2,241,,1,35.08526,33.25366,30.54194
1785383518,32.26329,75.44061,90,2,241,,1,35.22093,33.38933,30.44034
1785383518,32.30602,75.41772,90,2,241,,1,35.18706,33.32139,30.47441
1785383519,32.41817,75.27123,90,2,241,,1,35.08526,33.38933,30.40647
1785383520,32.36209,75.43145,90,2,241,,1,35.08526,33.45726,30.30487
1785383520,32.30602,75.33074,90,2,241,,1,35.18706,33.38933,30.44034
1785383521,32.29267,75.24223,90,2,241,,1,35.08526,33.28753,30.44034
1785383522,32.26329,75.35363,90,2,241,,1,35.18706,33.28753,30.33874
1785383522,32.34874,75.3521,90,1,242,,1,35.15319,33.45726,30.47441
1785383523,32.33539,75.32616,90,1,242,,1,35.15319,33.32139,30.44034
1785383524,32.39147,75.50317,90,1,242,,1,35.255,33.25366,30.47441
1785383524,32.33539,75.36126,90,1,242,,1,35.0514,33.25366,30.54194
1785383525,32.30602,75.27886,90,1,242,,1,35.18706,33.45726,30.50807
1785383526,32.34874,75.41772,90,1,241,,1,35.255,33.38933,30.50807
1785383526,32.36209,75.32159,90,1,241,,1,35.18706,33.38933,30.30487
1785383527,32.26329,75.32159,90,1,241,,1,35.11913,33.42319,30.44034
1785383528,32.30602,75.49401,90,1,241,,1,35.22093,33.52499,30.64374
1785383528,32.24994,75.44823,90,1,241,,1,35.22093,33.35546,30.40647
1785383529,32.34874,75.44061,90,1,241,,1,35.0514,33.32139,30.44034
1785383530,32.36209,75.46349,90,1,241,,1,35.08526,33.35546,30.54194
1785383530,32.33539,75.54436,90,1,241,,1,35.11913,33.32139,30.37261
1785383531,32.27932,75.35821,90,1,241,,1,35.22093,33.35546,30.57581
1785383532,32.31937,75.37957,90,1,241,,1,35.01733,33.38933,30.40647
1785383532,32.31937,75.49554,90,1,242,,1,35.255,33.32139,30.40647
1785383533,32.31937,75.38873,90,2,242,,1,35.18706,33.49113,30.47441
1785383534,32.27932,75.6405,90,2,242,,1,35.18706,33.32139,30.47441
1785383535,32.36209,75.46349,90,2,242,,1,35.18706,33.2198,30.40647
1785383535,32.40482,75.47265,90,2,241,,1,35.08526,33.42319,30.50807
1785383536,32.31937,75.46349,90,2,241,,1,35.255,33.32139,30.50807
1785383537,32.36209,75.36584,90,2,241,,1,35.08526,33.32139,30.47441
1785383537,32.30602,75.35363,90,2,241,,1,35.18706,33.18593,30.47441
1785383538,32.20722,75.41772,90,2,241,,1,35.18706,33.42319,30.37261
1785383539,32.36209,75.38873,90,2,241,,1,35.22093,33.32139,30.30487
1785383539,32.29267,75.29412,90,2,241,,1,35.22093,33.38933,30.30487
1785383540,32.31937,75.42229,90,2,242,,1,35.18706,33.35546,30.40647
1785383541,32.31937,75.37957,90,1,241,,1,35.08526,33.52499,30.50807
1785383541,32.33539,75.41619,90,2,241,,1,35.22093,33.2198,30.40647
1785383542,32.33539,75.32616,90,2,241,,1,35.28886,33.45726,30.44034
1785383543,32.34874,75.33074,90,2,242,,1,35.22093,33.45726,30.37261
1785383543,32.4342,75.23003,90,2,242,,1,35.18706,33.25366,30.44034
1785383544,32.36209,75.29259,90,2,241,,1,35.255,33.52499,30.50807
1785383545,32.30602,75.27886,90,2,242,,1,35.18706,33.42319,30.37261
1785383545,32.33539,75.37041,90,2,241,,1,35.15319,33.35546,30.37261
1785383546,32.37812,75.44823,90,2,241,,1,35.18706,33.35546,30.27101
1785383547,32.33539,75.3933,90,2,241,,1,35.22093,33.35546,30.37261
1785383547,32.41817,75.4345,90,2,241,,1,35.11913,33.55886,30.40647
1785383548,32.34874,75.32006,90,2,242,,1,35.15319,33.35546,30.47441
1785383549,32.41817,75.35821,90,1,241,,1,35.22093,33.35546,30.27101
1785383549,32.29267,75.3933,90,1,241,,1,35.22093,33.25366,30.47441
1785383550,32.29267,75.27581,90,2,241,,1,35.08526,33.55886,30.40647
1785383551,32.31937,75.34447,90,2,241,,1,35.15319,33.42319,30.37261
1785383551,32.33539,75.34905,90,2,241,,1,35.18706,33.28753,30.33874
1785383552,32.39147,75.40704,90,1,242,,1,35.11913,33.35546,30.30487
1785383553,32.33539,75.25292,90,2,242,,1,35.18706,33.38933,30.40647
1785383554,32.40482,75.33379,90,2,242,,1,35.255,33.2198,30.30487
1785383554,32.36209,75.46349,90,2,242,,1,35.08526,33.32139,30.33874
1785383555,32.33539,75.31701,90,2,242,,1,35.15319,33.35546,30.23714
1785383556,32.40482,75.40856,90,2,241,,1,35.255,33.25366,30.37261
1785383556,32.31937,75.42229,90,2,241,,1,35.11913,33.35546,30.33874
1785383557,32.34874,75.39483,90,2,241,,1,35.11913,33.38933,30.44034
1785383558,32.4609,75.45434,90,2,241,,1,35.28886,33.28753,30.47441
1785383558,32.44755,75.24681,90,2,242,,1,35.255,33.28753,30.40647
1785383559,32.41817,75.36736,90,1,242,,1,35.18706,33.38933,30.44034
1785383560,32.39147,75.42687,90,1,242,,1,35.22093,33.32139,30.30487
1785383560,32.30602,75.41772,90,1,241,,1,35.15319,33.35546,30.37261
1785383561,32.41817,75.39025,90,1,241,,1,35.255,33.35546,30.37261
1785383562,32.30602,75.38567,90,1,241,,1,35.15319,33.32139,30.47441
1785383562,32.34874,75.30785,90,1,243,,1,35.22093,33.35546,30.37261
1785383563,32.33539,75.43603,90,1,242,,1,35.18706,33.25366,30.37261
1785383564,32.36209,75.43145,90,1,242,,1,35.18706,33.42319,30.50807
1785383564,32.34874,75.36279,90,2,242,,1,35.18706,33.49113,30.44034
1785383565,32.39147,75.3399,90,1,242,,1,35.22093,33.28753,30.37261
1785383566,32.36209,75.41161,90,2,241,,1,35.15319,33.32139,30.40647
1785383566,32.36209,75.34447,90,1,241,,1,35.22093,33.38933,30.40647
1785383567,32.30602,75.37499,90,1,242,,1,35.15319,33.32139,30.40647
1785383568,32.36209,75.35668,90,1,241,,1,35.18706,33.25366,30.30487
1785383568,32.39147,75.40704,90,1,241,,1,35.255,33.32139,30.47441
1785383569,32.33539,75.41619,90,1,241,,1,35.18706,33.28753,30.30487
1785383570,32.29267,75.36126,90,1,241,,1,35.08526,33.28753,30.40647
1785383570,32.41817,75.36736,90,1,241,,1,35.18706,33.32139,30.30487
1785383571,32.37812,75.47723,90,1,241,,1,35.18706,33.18593,30.40647
1785383572,32.34874,75.30785,90,1,242,,1,35.08526,33.45726,30.30487
1785383573,32.33539,75.37041,90,1,243,,1,35.15319,33.25366,30.40647
1785383573,32.26329,75.42077,90,2,242,,1,35.255,33.38933,30.40647
1785383574,32.37812,75.28497,90,1,242,,1,35.0514,33.25366,30.37261
1785383575,32.41817,75.37957,90,2,242,,1,35.22093,33.42319,30.44034
1785383575,32.36209,75.39941,90,2,241,,1,35.08526,33.2198,30.13554
1785383576,32.40482,75.40856,90,2,241,,1,35.11913,33.28753,30.27101
1785383577,32.30602,75.42992,90,2,241,,1,35.18706,33.35546,30.40647
1785383577,32.41817,75.39025,90,2,241,,1,35.0514,33.25366,30.33874
1785383578,32.36209,75.44366,90,2,241,,1,35.255,33.42319,30.44034
1785383579,32.33539,75.28497,90,2,241,,1,35.0514,33.2198,30.33874
1785383579,32.37812,75.37041,90,2,241,,1,34.98346,33.38933,30.37261
1785383580,32.36209,75.45434,90,2,241,,1,35.22093,33.35546,30.33874
1785383581,32.41817,75.21629,90,2,241,,1,35.18706,33.32139,30.40647
1785383581,32.31937,75.28039,90,2,241,,1,35.15319,33.38933,30.44034
1785383582,32.4609,75.37957,90,1,241,,1,35.11913,33.42319,30.47441
1785383583,32.31937,75.17357,90,2,242,,1,35.22093,33.35546,30.40647
1785383583,32.36209,75.23766,90,2,242,,1,35.08526,33.15206,30.27101
1785383584,32.36209,75.29259,90,1,242,,1,35.11913,33.35546,30.33874
1785383585,32.34874,75.23308,90,1,242,,1,35.18706,33.28753,30.40647
1785383585,32.24994,75.28497,90,1,241,,1,35.18706,33.38933,30.33874
1785383586,32.4609,75.28039,90,1,241,,1,35.22093,33.38933,30.30487
1785383587,32.33539,75.30633,90,2,241,,1,35.22093,33.52499,30.47441
1785383587,32.39147,75.36279,90,2,241,,1,35.08526,33.38933,30.37261
1785383588,32.31937,75.32464,90,2,241,,1,35.15319,33.35546,30.37261
1785383589,32.41817,75.36736,90,2,241,,1,35.15319,33.32139,30.27101
1785383589,32.39147,75.27581,90,2,241,,1,35.18706,33.38933,30.44034
1785383590,32.34874,75.26665,90,2,241,,1,35.08526,33.38933,30.33874
1785383591,32.31937,75.31243,90,2,241,,1,35.11913,33.38933,30.30487
1785383592,32.40482,75.46349,90,2,241,,1,35.18706,33.25366,30.47441
1785383592,32.37812,75.23003,90,2,242,,1,35.255,33.32139,30.40647
1785383593,32.22324,75.27886,90,2,242,,1,35.22093,33.32139,30.44034
1785383594,32.34874,75.33074,90,2,242,,1,35.22093,33.32139,30.33874
1785383594,32.26329,75.33379,90,2,242,,1,35.15319,33.35546,30.40647
1785383595,32.34874,75.47112,90,2,242,,1,35.15319,33.35546,30.30487
1785383596,32.30602,75.36584,90,1,241,,1,35.22093,33.32139,30.30487
1785383596,32.40482,75.27886,90,2,241,,1,35.15319,33.38933,30.30487
1785383597,32.27932,75.31548,90,1,241,,1,35.18706,33.32139,30.27101
1785383598,32.37812,75.40246,90,2,241,,1,35.15319,33.42319,30.30487
1785383598,32.37812,75.33837,90,2,241,,1,35.28886,33.42319,30.30487
1785383599,32.30602,75.38567,90,2,241,,1,35.255,33.45726,30.40647
1785383600,32.31937,75.27123,90,2,241,,1,35.11913,33.38933,30.44034
1785383600,32.41817,75.32464,90,2,241,,1,35.18706,33.38933,30.40647
1785383601,32.31937,75.35668,90,2,241,,1,35.15319,33.42319,30.40647
1785383602,32.44755,75.24681,90,2,241,,1,35.255,33.45726,30.33874
1785383602,32.41817,75.18425,90,2,242,,1,35.11913,33.38933,30.40647
1785383603,32.4342,75.21019,90,2,242,,1,35.18706,33.35546,30.27101
1785383604,32.39147,75.32922,90,2,241,,1,35.15319,33.52499,30.33874
1785383604,32.37812,75.30328,90,2,242,,1,35.08526,33.32139,30.50807
1785383605,32.40482,75.31091,90,2,241,,1,35.11913,33.38933,30.30487
1785383606,32.37812,75.29412,90,2,241,,1,35.15319,33.18593,30.40647
1785383606,32.33539,75.17509,90,2,241,,1,35.08526,33.35546,30.60987
1785383607,32.41817,75.34753,90,2,241,,1,35.15319,33.32139,30.37261
1785383608,32.36209,75.31091,90,1,241,,1,35.08526,33.52499,30.50807
1785383608,32.47692,75.41314,90,1,241,,1,35.15319,33.32139,30.47441
1785383609,32.34874,75.33074,90,1,241,,1,35.18706,33.42319,30.44034
1785383610,32.39147,75.30785,90,1,241,,1,35.255,33.25366,30.30487
1785383611,32.39147,75.21019,90,2,241,,1,35.18706,33.45726,30.37261
1785383611,32.31937,75.35668,90,2,241,,1,35.11913,33.59273,30.37261
1785383612,32.30602,75.2987,90,2,242,,1,35.08526,33.55886,30.47441
1785383613,32.44755,75.2346,90,2,243,,1,35.11913,33.59273,30.60987
1785383613,32.4609,75.26971,90,1,242,,1,35.18706,33.45726,30.54194
1785383614,32.31937,75.23766,90,2,241,,1,35.11913,33.42319,30.40647
1785383615,32.47692,75.33837,90,2,241,,1,35.15319,33.28753,30.40647
1785383615,32.40482,75.30175,90,1,241,,1,35.08526,33.38933,30.40647
1785383616,32.39147,75.38415,90,2,241,,1,35.32273,33.38933,30.27101
1785383617,32.29267,75.25292,90,1,241,,1,35.15319,33.32139,30.30487
1785383617,32.37812,75.21935,90,1,241,,1,35.15319,33.25366,30.40647
1785383618,32.36209,75.29259,90,2,241,,1,35.11913,33.38933,30.57581
1785383619,32.36209,75.26971,90,2,241,,1,35.08526,33.35546,30.37261
1785383619,32.36209,75.18272,90,1,241,,1,35.11913,33.28753,30.13554
1785383620,32.29267,75.3399,90,2,241,,1,35.0514,33.35546,30.33874
1785383621,32.41817,75.39025,90,2,241,,1,35.22093,33.49113,30.40647
1785383621,32.41817,75.24834,90,2,241,,1,35.15319,33.45726,30.27101
1785383622,32.27932,75.2514,90,2,242,,1,35.18706,33.42319,30.37261
1785383623,32.39147,75.18883,90,2,242,,1,35.01733,33.59273,30.37261
1785383623,32.31937,75.28039,90,2,242,,1,35.18706,33.42319,30.20328
1785383624,32.30602,75.28802,90,2,242,,1,35.08526,33.38933,30.37261
1785383625,32.33539,75.41619,90,2,242,,1,35.18706,33.38933,30.37261
1785383625,32.41817,75.23918,90,1,241,,1,35.18706,33.45726,30.37261
1785383626,32.37812,75.20714,90,1,241,,1,35.22093,33.42319,30.33874
1785383627,32.47692,75.29412,90,1,241,,1,35.22093,33.35546,30.16941
1785383627,32.31937,75.35668,90,1,241,,1,35.22093,33.35546,30.23714
1785383628,32.30602,75.2346,90,1,241,,1,35.08526,33.42319,30.37261
1785383629,32.29267,75.3399,90,1,241,,1,35.0514,33.49113,30.20328
1785383630,32.40482,75.22392,90,1,241,,1,35.11913,33.38933,30.33874
1785383630,32.34874,75.38567,90,1,241,,1,35.11913,33.42319,30.44034
1785383631,32.36209,75.26971,90,1,241,,1,35.11913,33.45726,30.37261
1785383632,32.34874,75.30785,90,1,241,,1,35.08526,33.45726,30.37261
1785383632,32.40482,75.38873,90,1,242,,1,35.08526,33.42319,30.40647
1785383633,32.40482,75.27886,90,1,242,,1,35.18706,33.38933,30.30487
1785383634,32.33539,75.31701,90,1,242,,1,35.08526,33.35546,30.33874
1785383634,32.41817,75.32464,90,2,242,,1,35.11913,33.35546,30.30487
1785383635,32.34874,75.29717,90,2,242,,1,35.11913,33.35546,30.30487
1785383636,32.39147,75.22087,90,2,241,,1,35.15319,33.45726,30.37261
1785383636,32.39147,75.28802,90,2,241,,1,35.08526,33.38933,30.47441
1785383637,32.41817,75.30328,90,2,241,,1,35.28886,33.35546,30.47441
1785383638,32.34874,75.37499,90,2,241,,1,35.15319,33.35546,30.44034
1785383638,32.41817,75.4345,90,2,241,,1,35.0514,33.42319,30.40647
1785383639,32.4609,75.42229,90,2,241,,1,35.15319,33.2198,30.40647
1785383640,32.27932,75.34753,90,2,241,,1,35.15319,33.35546,30.40647
1785383640,32.41817,75.20561,90,2,241,,1,35.255,33.32139,30.37261
1785383641,32.41817,75.27123,90,2,241,,1,35.18706,33.28753,30.33874
1785383642,32.34874,75.26665,90,2,242,,1,35.18706,33.35546,30.30487
1785383642,32.33539,75.26208,90,2,242,,1,35.22093,33.38933,30.37261
1785383643,32.36209,75.15984,90,2,242,,1,35.22093,33.25366,30.23714
1785383644,32.37812,75.26208,90,2,242,,1,35.22093,33.38933,30.33874
1785383644,32.41817,75.32464,90,2,242,,1,35.18706,33.25366,30.40647
1785383645,32.40482,75.30175,90,2,241,,1,35.15319,33.35546,30.40647
1785383646,32.33539,75.3933,90,2,241,,1,35.18706,33.45726,30.33874
1785383646,32.40482,75.27886,90,2,241,,1,35.01733,33.45726,30.33874
1785383647,32.31937,75.36736,90,1,241,,1,35.15319,33.35546,30.30487
1785383648,32.40482,75.40856,90,1,241,,1,35.08526,33.2198,30.40647
1785383648,32.31937,75.27123,90,1,241,,1,35.18706,33.28753,30.23714
1785383649,32.30602,75.4818,90,1,241,,1,35.15319,33.42319,30.47441
1785383650,32.31937,75.39941,90,1,241,,1,35.22093,33.28753,30.30487
1785383651,32.31937,75.56268,90,1,241,,1,35.11913,33.42319,30.30487
1785383651,32.36209,75.47265,90,1,241,,1,35.18706,33.49113,30.47441
1785383652,32.29267,75.31701,90,1,241,,1,35.15319,33.45726,30.37261
1785383653,32.30602,75.37499,90,2,242,,1,35.11913,33.38933,30.44034
1785383653,32.4342,75.44823,90,1,242,,1,35.22093,33.38933,30.47441
1785383654,32.34874,75.41772,90,1,242,,1,35.18706,33.28753,30.23714
1785383655,32.37812,75.42535,90,1,242,,1,35.15319,33.62679,30.33874
1785383655,32.34874,75.44061,90,1,241,,1,35.11913,33.38933,30.44034
1785383656,32.29267,75.24223,90,1,241,,1,35.08526,33.42319,30.44034
1785383657,32.4342,75.43908,90,1,241,,1,35.15319,33.42319,30.44034
1785383657,32.37812,75.40246,90,1,241,,1,35.15319,33.49113,30.40647
1785383658,32.39147,75.26513,90,1,241,,1,35.0514,33.32139,30.30487
1785383659,32.30602,75.26665,90,1,241,,1,35.0514,33.28753,30.27101
1785383659,32.36209,75.42077,90,1,241,,1,35.08526,33.45726,30.37261
1785383660,32.27932,75.29259,90,1,241,,1,35.0514,33.35546,30.37261
1785383661,32.4342,75.38415,90,1,241,,1,35.15319,33.45726,30.44034
1785383661,32.40482,75.40856,90,1,241,,1,35.08526,33.42319,30.50807
1785383662,32.36209,75.44366,90,1,242,,1,35.18706,33.2198,30.47441
1785383663,32.37812,75.33837,90,1,242,,1,35.11913,33.35546,30.27101
1785383663,32.33539,75.34905,90,1,242,,1,35.15319,33.35546,30.47441
1785383664,32.36209,75.31091,90,1,242,,1,35.15319,33.45726,30.54194
1785383665,32.37812,75.23918,90,1,242,,1,35.15319,33.52499,30.27101
1785383665,32.36209,75.13847,90,1,241,,1,35.11913,33.32139,30.40647
1785383666,32.4342,75.27581,90,1,241,,1,35.11913,33.2198,30.54194
1785383667,32.33539,75.21019,90,1,241,,1,35.15319,33.35546,30.23714
1785383667,32.34874,75.26665,90,1,241,,1,35.15319,33.35546,30.33874
1785383668,32.30602,75.2346,90,1,241,,1,35.11913,33.42319,30.37261
1785383669,32.31937,75.26055,90,1,241,,1,35.255,33.28753,30.20328
1785383670,32.33539,75.17509,90,1,242,,1,35.15319,33.49113,30.33874
1785383670,32.47692,75.33837,90,1,241,,1,35.08526,33.25366,30.30487
1785383671,32.34874,75.29717,90,1,241,,1,35.08526,33.42319,30.33874
1785383672,32.39147,75.21019,90,1,241,,1,35.18706,33.35546,30.44034
1785383672,32.37812,75.27428,90,1,242,,1,35.18706,33.28753,30.40647
1785383673,32.37812,75.40246,90,1,242,,1,35.28886,33.38933,30.33874
1785383674,32.30602,75.37499,90,1,242,,1,35.15319,33.28753,30.20328
1785383674,32.41817,75.37957,90,1,242,,1,35.15319,33.38933,30.37261
1785383675,32.39147,75.28802,90,1,242,,1,35.11913,33.35546,30.40647
1785383676,32.31937,75.28039,90,1,241,,1,35.22093,33.35546,30.37261
1785383676,32.41817,75.24834,90,1,241,,1,35.11913,33.35546,30.37261
1785383677,32.27932,75.42535,90,1,241,,1,35.11913,33.42319,30.47441
1785383678,32.36209,75.24834,90,1,241,,1,35.15319,33.52499,30.37261
1785383678,32.40482,75.43145,90,1,241,,1,35.15319,33.35546,30.37261
1785383679,32.33539,75.29412,90,1,241,,1,35.18706,33.42319,30.20328
1785383680,32.41817,75.23918,90,1,241,,1,35.08526,33.35546,30.37261
1785383680,32.36209,75.36584,90,1,242,,1,35.15319,33.42319,30.44034
1785383681,32.34874,75.4818,90,1,242,,1,35.0514,33.45726,30.44034
1785383682,32.37812,75.28497,90,1,242,,1,35.22093,33.35546,30.47441
1785383682,32.40482,75.33379,90,1,242,,1,35.08526,33.28753,30.37261
1785383683,32.29267,75.28497,90,1,242,,1,35.08526,33.45726,30.33874
1785383684,32.30602,75.27886,90,1,242,,1,35.0514,33.2198,30.40647
1785383684,32.39147,75.25292,90,1,242,,1,35.11913,33.45726,30.44034
1785383685,32.40482,75.2346,90,1,241,,1,35.08526,33.32139,30.33874
1785383686,32.23659,75.30328,90,1,242,,1,35.08526,33.35546,30.37261
1785383686,32.29267,75.3399,90,1,241,,1,35.22093,33.42319,30.37261
1785383687,32.36209,75.29259,90,1,241,,1,35.0514,33.28753,30.37261
1785383688,32.26329,75.46197,90,2,241,,1,35.01733,33.49113,30.40647
1785383689,32.33539,75.19798,90,2,241,,1,35.18706,33.32139,30.47441
1785383689,32.26329,75.2346,90,2,241,,1,35.15319,33.32139,30.37261
1785383690,32.4342,75.43908,90,2,241,,1,35.15319,33.42319,30.33874
1785383691,32.36209,75.35668,90,2,241,,1,35.22093,33.38933,30.40647
1785383691,32.40482,75.32159,90,2,241,,1,35.11913,33.35546,30.44034
1785383692,32.33539,75.30633,90,2,241,,1,35.18706,33.35546,30.30487
1785383693,32.36209,75.26971,90,2,242,,1,35.18706,33.28753,30.44034
1785383693,32.39147,75.23308,90,1,242,,1,35.15319,33.32139,30.33874
1785383694,32.36209,75.2575,90,2,242,,1,35.08526,33.32139,30.37261
1785383695,32.39147,75.32922,90,2,241,,1,35.08526,33.35546,30.44034
1785383695,32.37812,75.28497,90,2,241,,1,35.11913,33.28753,30.33874
1785383696,32.36209,75.34447,90,2,241,,1,35.15319,33.35546,30.40647
1785383697,32.36209,75.22545,90,1,241,,1,35.08526,33.38933,30.44034
1785383697,32.36209,75.35668,90,1,241,,1,35.0514,33.35546,30.27101
1785383698,32.33539,75.19798,90,1,241,,1,35.22093,33.35546,30.44034
1785383699,32.34874,75.21172,90,1,241,,1,35.255,33.38933,30.40647
1785383699,32.34874,75.3399,90,1,241,,1,35.11913,33.25366,30.30487
1785383700,32.40482,75.24681,90,1,241,,1,34.98346,33.38933,30.44034
1785383701,32.31937,75.32464,90,1,241,,1,35.15319,33.35546,30.40647
1785383701,32.31937,75.23766,90,1,241,,1,35.08526,33.28753,30.44034
1785383702,32.36209,75.21477,90,1,242,,1,35.11913,33.32139,30.44034
1785383703,32.30602,75.2987,90,1,242,,1,35.11913,33.38933,30.37261
1785383703,32.40482,75.28954,90,1,242,,1,35.01733,33.25366,30.23714
1785383704,32.33539,75.26208,90,2,242,,1,35.18706,33.38933,30.50807
1785383705,32.39147,75.40704,90,2,242,,1,35.22093,33.38933,30.40647
1785383705,32.40482,75.36584,90,2,241,,1,35.15319,33.2198,30.33874
1785383706,32.30602,75.2987,90,1,242,,1,35.18706,33.32139,30.54194
1785383707,32.34874,75.33074,90,1,241,,1,35.18706,33.38933,30.54194
1785383708,32.36209,75.43145,90,1,241,,1,35.15319,33.25366,30.50807
1785383708,32.33539,75.24223,90,1,241,,1,35.08526,33.32139,30.33874
1785383709,32.31937,75.34447,90,1,241,,1,35.18706,33.38933,30.23714
1785383710,32.34874,75.20103,90,1,241,,1,35.18706,33.28753,30.37261
1785383710,32.36209,75.34447,90,1,241,,1,35.15319,33.32139,30.40647
1785383711,32.36209,75.2575,90,1,241,,1,35.18706,33.35546,30.50807
1785383712,32.4342,75.26513,90,1,241,,1,35.0514,33.2198,30.30487
1785383712,32.37812,75.31548,90,2,242,,1,35.11913,33.25366,30.33874
1785383713,32.39147,75.26513,90,2,241,,1,35.0514,33.25366,30.54194
1785383714,32.39147,75.31701,90,2,242,,1,35.22093,33.28753,30.37261
1785383714,32.37812,75.33837,90,2,242,,1,35.0514,33.32139,30.33874
1785383715,32.30602,75.19188,90,2,241,,1,35.11913,33.25366,30.37261
1785383716,32.33539,75.23003,90,2,241,,1,35.0514,33.38933,30.27101
1785383716,32.26329,75.32159,90,2,241,,1,35.0514,33.28753,30.37261
1785383717,32.19387,75.44518,90,1,241,,1,35.11913,33.28753,30.50807
1785383718,32.26329,75.32159,90,1,241,,1,35.18706,33.49113,30.33874
1785383718,32.44755,75.32006,90,1,241,,1,35.15319,33.28753,30.33874
1785383719,32.36209,75.26971,90,1,241,,1,35.22093,33.32139,30.30487
1785383720,32.37812,75.31548,90,1,241,,1,35.15319,33.28753,30.27101
1785383720,32.36209,75.2575,90,2,241,,1,35.15319,33.28753,30.33874
1785383721,32.31937,75.39941,90,1,241,,1,35.18706,33.28753,30.27101
1785383722,32.30602,75.36584,90,1,241,,1,35.08526,33.52499,30.40647
1785383722,32.36209,75.29259,90,1,242,,1,35.255,33.35546,30.37261
1785383723,32.29267,75.43908,90,1,242,,1,35.11913,33.28753,30.33874
1785383724,32.41817,75.34753,90,1,242,,1,35.15319,33.42319,30.33874
1785383724,32.31937,75.32464,90,1,242,,1,35.11913,33.32139,30.37261
1785383725,32.34874,75.41772,90,1,241,,1,35.18706,33.25366,30.44034
1785383726,32.27932,75.37957,90,1,241,,1,35.18706,33.42319,30.37261
1785383727,32.31937,75.28954,90,1,241,,1,35.11913,33.32139,30.37261
1785383727,32.39147,75.3521,90,1,241,,1,35.255,33.35546,30.33874
1785383728,32.26329,75.33379,90,2,241,,1,35.15319,33.42319,30.40647
1785383729,32.39147,75.43908,90,2,242,,1,35.08526,33.28753,30.44034
1785383729,32.44755,75.31091,90,2,241,,1,35.08526,33.28753,30.37261
1785383730,32.31937,75.27123,90,2,241,,1,35.0514,33.38933,30.30487
1785383731,32.37812,75.44823,90,2,241,,1,35.11913,33.2198,30.37261
1785383731,32.37812,75.42535,90,1,241,,1,35.15319,33.28753,30.33874
1785383732,32.31937,75.36736,90,1,241,,1,35.15319,33.2198,30.27101
1785383733,32.24994,75.32006,90,1,242,,1,35.11913,33.25366,30.44034
1785383733,32.39147,75.40704,90,1,242,,1,35.22093,33.35546,30.33874
1785383734,32.40482,75.38873,90,1,242,,1,35.18706,33.38933,30.33874
1785383735,32.31937,75.44366,90,1,242,,1,35.11913,33.32139,30.27101
1785383735,32.34874,75.41772,90,1,241,,1,35.22093,33.15206,30.13554
1785383736,32.30602,75.40856,90,2,241,,1,35.11913,33.28753,30.44034
1785383737,32.37812,75.40246,90,1,241,,1,35.18706,33.38933,30.44034
1785383737,32.31937,75.34447,90,2,241,,1,35.0514,33.28753,30.27101
1785383738,32.33539,75.43603,90,2,241,,1,35.11913,33.42319,30.33874
1785383739,32.31937,75.42229,90,2,241,,1,35.11913,33.25366,30.37261
1785383739,32.27932,75.35821,90,1,241,,1,35.22093,33.32139,30.54194
1785383740,32.30602,75.44061,90,1,241,,1,35.0514,33.18593,30.44034
1785383741,32.34874,75.44976,90,2,241,,1,35.15319,33.42319,30.27101
1785383741,32.37812,75.52148,90,1,241,,1,35.0514,33.35546,30.40647
1785383742,32.33539,75.34905,90,1,242,,1,35.15319,33.25366,30.47441
1785383743,32.30602,75.5169,90,1,242,,1,35.11913,33.35546,30.40647
1785383743,32.27932,75.35821,90,1,242,,1,35.11913,33.35546,30.33874
1785383744,32.37812,75.44823,90,1,242,,1,35.255,33.28753,30.40647
1785383745,32.40482,75.40856,90,1,242,,1,35.01733,33.28753,30.50807
1785383746,32.39147,75.46197,90,1,241,,1,35.18706,33.32139,30.44034
1785383746,32.30602,75.38567,90,2,241,,1,35.08526,33.18593,30.37261
1785383747,32.4609,75.31548,90,2,241,,1,35.08526,33.32139,30.16941
1785383748,32.40482,75.53979,90,1,241,,1,35.18706,33.35546,30.37261
1785383748,32.30602,75.39788,90,1,241,,1,35.08526,33.35546,30.50807
1785383749,32.30602,75.34295,90,1,241,,1,35.255,33.35546,30.37261
1785383750,32.30602,75.25597,90,1,241,,1,35.15319,33.2198,30.54194
1785383750,32.36209,75.31091,90,1,241,,1,35.18706,33.25366,30.20328
1785383751,32.4609,75.32464,90,1,241,,1,35.11913,33.35546,30.40647
1785383752,32.30602,75.34295,90,1,241,,1,35.22093,33.35546,30.37261
1785383752,32.34874,75.38567,90,1,242,,1,35.0514,33.25366,30.44034
1785383753,32.34874,75.18883,90,1,242,,1,35.255,33.25366,30.47441
1785383754,32.23659,75.29412,90,1,242,,1,35.18706,33.32139,30.40647
1785383754,32.30602,75.16899,90,1,242,,1,35.15319,33.38933,30.33874
1785383755,32.37812,75.3811,90,1,241,,1,35.11913,33.2198,30.37261
1785383756,32.30602,75.35363,90,2,241,,1,35.11913,33.25366,30.30487
1785383756,32.27932,75.41314,90,2,241,,1,35.01733,33.32139,30.37261
1785383757,32.36209,75.35668,90,2,241,,1,35.15319,33.28753,30.23714
1785383758,32.34874,75.3521,90,2,241,,1,35.15319,33.15206,30.37261
1785383758,32.37812,75.27428,90,2,241,,1,35.11913,33.32139,30.33874
1785383759,32.24994,75.45892,90,1,241,,1,35.18706,33.28753,30.27101
1785383760,32.37812,75.3811,90,1,241,,1,35.08526,33.32139,30.33874
1785383760,32.19387,75.3811,90,1,241,,1,35.11913,33.45726,30.37261
1785383761,32.37812,75.44823,90,1,241,,1,35.255,33.28753,30.54194
1785383762,32.31937,75.36736,90,1,241,,1,35.11913,33.25366,30.47441
1785383763,32.33539,75.44823,90,1,242,,1,35.18706,33.28753,30.40647
1785383763,32.31937,75.4345,90,1,242,,1,35.11913,33.42319,30.30487
1785383764,32.27932,75.31548,90,1,242,,1,35.11913,33.35546,30.27101
1785383765,32.30602,75.47265,90,1,242,,1,35.15319,33.49113,30.37261
1785383765,32.31937,75.4757,90,1,241,,1,35.08526,33.25366,30.27101
1785383766,32.33539,75.41619,90,1,241,,1,35.0514,33.28753,30.30487
1785383767,32.22324,75.44061,90,1,241,,1,35.11913,33.2198,30.44034
1785383767,32.31937,75.36736,90,1,241,,1,35.08526,33.32139,30.23714
1785383768,32.31937,75.30175,90,1,241,,1,35.15319,33.35546,30.33874
1785383769,32.24994,75.3521,90,1,241,,1,35.15319,33.32139,30.33874
1785383769,32.20722,75.28802,90,1,242,,1,35.15319,33.25366,30.30487
1785383770,32.39147,75.41619,90,1,241,,1,35.11913,33.2198,30.47441
1785383771,32.26329,75.21477,90,1,241,,1,35.0514,33.28753,30.44034
1785383771,32.31937,75.19341,90,1,241,,1,35.0514,33.32139,30.30487
1785383772,32.30602,75.19188,90,1,241,,1,35.11913,33.45726,30.40647
1785383773,32.40482,75.27886,90,1,242,,1,35.01733,33.32139,30.37261
1785383773,32.30602,75.33074,90,1,242,,1,35.15319,33.28753,30.37261
1785383774,32.40482,75.37652,90,1,242,,1,35.15319,33.42319,30.37261
1785383775,32.30602,75.47265,90,1,242,,1,35.15319,33.28753,30.33874
1785383775,32.27932,75.42535,90,1,241,,1,35.11913,33.18593,30.30487
1785383776,32.30602,75.46197,90,1,241,,1,35.18706,33.28753,30.37261
1785383777,32.26329,75.39788,90,1,241,,1,35.15319,33.42319,30.23714
1785383777,32.27932,75.32464,90,1,241,,1,35.15319,33.32139,30.33874
1785383778,32.34874,75.40704,90,2,241,,1,35.11913,33.32139,30.23714
1785383779,32.37812,75.37041,90,2,241,,1,35.15319,33.25366,30.37261
1785383779,32.33539,75.33837,90,2,241,,1,35.255,33.28753,30.44034
1785383780,32.30602,75.39788,90,2,241,,1,35.15319,33.38933,30.30487
1785383781,32.26329,75.44061,90,2,241,,1,35.01733,33.32139,30.30487
1785383781,32.27932,75.37957,90,2,241,,1,35.18706,33.2198,30.37261
1785383782,32.23659,75.37041,90,2,242,,1,35.15319,33.35546,30.47441
1785383783,32.31937,75.32464,90,2,241,,1,35.0514,33.28753,30.44034
1785383784,32.30602,75.33074,90,2,242,,1,35.15319,33.35546,30.47441
1785383784,32.30602,75.42992,90,2,242,,1,35.01733,33.25366,30.23714
1785383785,32.30602,75.33074,90,1,242,,1,35.08526,33.42319,30.44034
1785383786,32.39147,75.40704,90,1,241,,1,35.11913,33.45726,30.27101
1785383786,32.36209,75.37652,90,1,241,,1,34.98346,33.2198,30.30487
1785383787,32.34874,75.28802,90,1,241,,1,35.11913,33.35546,30.40647
1785383788,32.30602,75.27886,90,1,241,,1,35.08526,33.28753,30.23714
1785383788,32.33539,75.43603,90,1,241,,1,35.11913,33.35546,30.23714
1785383789,32.33539,75.57793,90,1,241,,1,35.15319,33.35546,30.27101
1785383790,32.34874,75.39483,90,1,241,,1,35.15319,33.28753,30.37261
1785383790,32.33539,75.41619,90,2,241,,1,35.18706,33.35546,30.30487
1785383791,32.41817,75.58556,90,1,241,,1,35.11913,33.18593,30.30487
1785383792,32.30602,75.55962,90,1,241,,1,35.15319,33.49113,30.44034
1785383792,32.27932,75.34753,90,2,242,,1,35.08526,33.25366,30.33874
1785383793,32.36209,75.32159,90,1,242,,1,35.08526,33.35546,30.40647
1785383794,32.30602,75.36584,90,1,242,,1,35.18706,33.25366,30.30487
1785383794,32.29267,75.3933,90,1,242,,1,35.08526,33.25366,30.23714
1785383795,32.23659,75.30328,90,1,241,,1,35.08526,33.28753,30.40647
1785383796,32.39147,75.49096,90,1,241,,1,35.08526,33.2198,30.27101
1785383796,32.31937,75.4757,90,1,241,,1,35.18706,33.25366,30.33874
1785383797,32.30602,75.44976,90,1,241,,1,35.11913,33.18593,30.27101
1785383798,32.30602,75.42992,90,1,241,,1,35.11913,33.18593,30.40647
1785383798,32.30602,75.46197,90,1,241,,1,35.15319,33.18593,30.30487
1785383799,32.34874,75.44976,90,1,241,,1,35.08526,33.35546,30.30487
1785383800,32.26329,75.47265,90,1,241,,1,35.15319,33.2198,30.27101
1785383800,32.36209,75.39941,90,1,241,,1,35.0514,33.42319,30.40647
1785383801,32.30602,75.39788,90,1,241,,1,35.11913,33.35546,30.50807
1785383802,32.37812,75.31548,90,1,242,,1,35.11913,33.32139,30.33874
1785383803,32.30602,75.21172,90,1,242,,1,35.15319,33.28753,30.44034
1785383803,32.37812,75.37041,90,1,242,,1,35.15319,33.35546,30.40647
1785383804,32.29267,75.19798,90,1,242,,1,35.08526,33.42319,30.40647
1785383805,32.29267,75.3399,90,1,242,,1,35.15319,33.11799,30.37261
1785383805,32.33539,75.33837,90,1,242,,1,35.08526,33.18593,30.37261
1785383806,32.27932,75.2514,90,2,241,,1,35.18706,33.32139,30.23714
1785383807,32.34874,75.29717,90,1,241,,1,35.15319,33.15206,30.23714
1785383807,32.33539,75.3933,90,1,242,,1,35.11913,33.49113,30.27101
1785383808,32.36209,75.31091,90,1,241,,1,35.08526,33.28753,30.37261
1785383809,32.31937,75.36736,90,1,241,,1,35.01733,33.25366,30.37261
1785383809,32.34874,75.33074,90,1,241,,1,35.11913,33.32139,30.37261
1785383810,32.37812,75.35821,90,1,241,,1,35.15319,33.32139,30.37261
1785383811,32.24994,75.40704,90,1,241,,1,35.08526,33.35546,30.37261
1785383811,32.33539,75.29412,90,1,241,,1,35.08526,33.15206,30.27101
1785383812,32.36209,75.42077,90,2,242,,1,35.11913,33.25366,30.47441
1785383813,32.29267,75.46807,90,1,242,,1,35.15319,33.38933,30.30487
1785383813,32.34874,75.40704,90,1,242,,1,35.01733,33.49113,30.30487
1785383814,32.31937,75.4345,90,1,242,,1,35.08526,33.15206,30.16941
1785383815,32.20722,75.41772,90,1,242,,1,35.11913,33.32139,30.44034
1785383815,32.37812,75.35821,90,1,241,,1,35.08526,33.2198,30.27101
1785383816,32.30602,75.46197,90,1,241,,1,35.0514,33.11799,30.33874
1785383817,32.34874,75.36279,90,1,241,,1,34.98346,33.15206,30.30487
1785383817,32.23659,75.45739,90,1,241,,1,35.11913,33.2198,30.47441
1785383818,32.19387,75.3933,90,1,241,,1,35.01733,33.32139,30.37261
1785383819,32.36209,75.36584,90,1,241,,1,35.15319,33.25366,30.27101
1785383819,32.36209,75.29259,90,1,241,,1,35.22093,33.18593,30.27101
1785383820,32.27932,75.39025,90,2,241,,1,35.18706,33.38933,30.27101
1785383821,32.34874,75.45892,90,1,241,,1,35.11913,33.2198,30.47441
1785383822,32.36209,75.45434,90,1,241,,1,35.11913,33.18593,30.33874
1785383822,32.40482,75.45281,90,1,242,,1,35.18706,33.18593,30.23714
1785383823,32.24994,75.52605,90,2,242,,1,35.01733,33.35546,30.44034
1785383824,32.34874,75.41772,90,2,242,,1,35.15319,33.2198,30.33874
1785383824,32.33539,75.48028,90,2,242,,1,35.15319,33.35546,30.13554
1785383825,32.36209,75.52758,90,1,242,,1,35.0514,33.08413,30.27101
1785383826,32.33539,75.41619,90,1,241,,1,35.18706,33.28753,30.23714
1785383826,32.29267,75.45739,90,2,241,,1,35.0514,33.32139,30.30487
1785383827,32.29267,75.37194,90,2,241,,1,35.15319,33.32139,30.44034
1785383828,32.37812,75.45739,90,2,241,,1,35.0514,33.32139,30.30487
1785383828,32.31937,75.36736,90,2,241,,1,35.11913,33.32139,30.33874
1785383829,32.30602,75.33074,90,2,241,,1,35.11913,33.35546,30.50807
1785383830,32.34874,75.44976,90,2,241,,1,35.11913,33.28753,30.23714
1785383830,32.34874,75.39483,90,2,241,,1,35.0514,33.2198,30.37261
1785383831,32.30602,75.35363,90,1,241,,1,35.11913,33.25366,30.37261
1785383832,32.31937,75.30175,90,1,241,,1,35.11913,33.35546,30.37261
1785383832,32.31937,75.51842,90,2,242,,1,35.18706,33.0164,30.37261
1785383833,32.40482,75.47265,90,1,242,,1,35.08526,33.38933,30.27101
1785383834,32.36209,75.24834,90,1,242,,1,35.18706,33.35546,30.47441
1785383834,32.31937,75.46349,90,1,242,,1,35.01733,33.45726,30.37261
1785383835,32.37812,75.27428,90,1,242,,1,35.01733,33.35546,30.40647
1785383836,32.23659,75.40246,90,1,241,,1,35.11913,33.49113,30.40647
1785383836,32.33539,75.40398,90,1,241,,1,35.01733,33.28753,30.23714
1785383837,32.37812,75.44823,90,1,241,,1,35.15319,33.15206,30.33874
1785383838,32.27932,75.53216,90,1,241,,1,35.08526,33.35546,30.33874
1785383838,32.29267,75.57793,90,1,241,,1,35.0514,33.2198,30.33874
1785383839,32.36209,75.45434,90,1,241,,1,35.15319,33.32139,30.44034
1785383840,32.33539,75.43603,90,2,241,,1,35.15319,33.35546,30.40647
1785383841,32.26329,75.36584,90,2,241,,1,35.08526,33.35546,30.33874
1785383841,32.36209,75.41161,90,1,241,,1,35.0514,33.32139,30.40647
1785383842,32.37812,75.48943,90,2,241,,1,35.11913,33.28753,30.37261
1785383843,32.36209,75.33379,90,2,242,,1,35.15319,33.28753,30.30487
1785383843,32.30602,75.36584,90,2,242,,1,35.01733,33.25366,30.40647
1785383844,32.30602,75.40856,90,2,242,,1,35.11913,33.2198,30.47441
1785383845,32.30602,75.40856,90,2,242,,1,35.0514,33.28753,30.33874
1785383845,32.29267,75.3933,90,2,241,,1,35.22093,33.35546,30.33874
1785383846,32.30602,75.34295,90,2,241,,1,35.18706,33.32139,30.40647
1785383847,32.33539,75.34905,90,2,241,,1,35.08526,33.25366,30.37261
1785383847,32.27932,75.27123,90,1,241,,1,35.15319,33.15206,30.40647
1785383848,32.29267,75.42687,90,1,241,,1,35.15319,33.52499,30.33874
1785383849,32.30602,75.35363,90,1,241,,1,35.08526,33.38933,30.47441
1785383849,32.24994,75.43603,90,1,241,,1,35.08526,33.25366,30.30487
1785383850,32.33539,75.50011,90,1,241,,1,35.08526,33.28753,30.47441
1785383851,32.33539,75.36126,90,1,241,,1,35.22093,33.32139,30.37261
1785383851,32.30602,75.39788,90,1,241,,1,35.15319,33.18593,30.23714
1785383852,32.36209,75.52758,90,1,241,,1,35.11913,33.35546,30.30487
1785383853,32.30602,75.44061,90,1,241,,1,35.01733,33.45726,30.33874
1785383853,32.30602,75.49401,90,1,242,,1,35.15319,33.38933,30.30487
1785383854,32.27932,75.35821,90,1,242,,1,35.22093,33.32139,30.30487
1785383855,32.37812,75.37041,90,1,242,,1,35.18706,33.15206,30.40647
1785383855,32.27932,75.42535,90,1,241,,1,35.18706,33.25366,30.33874
1785383856,32.20722,75.44976,90,2,241,,1,35.01733,33.15206,30.30487
1785383857,32.33539,75.29412,90,2,241,,1,35.08526,33.35546,30.40647
1785383857,32.39147,75.44976,90,2,241,,1,35.11913,33.25366,30.13554
1785383858,32.27932,75.33532,90,2,241,,1,35.18706,33.25366,30.23714
1785383859,32.33539,75.37041,90,2,241,,1,35.15319,33.15206,30.40647
1785383860,32.27932,75.55352,90,2,241,,1,35.18706,33.32139,30.23714
1785383860,32.27932,75.39025,90,2,241,,1,35.15319,33.28753,30.20328
1785383861,32.33539,75.37041,90,2,241,,1,35.0514,33.28753,30.30487
1785383862,32.33539,75.43603,90,2,241,,1,35.01733,33.35546,30.30487
1785383862,32.34874,75.41772,90,2,243,,1,35.11913,33.25366,30.30487
1785383863,32.34874,75.41772,90,2,242,,1,35.15319,33.28753,30.40647
1785383864,32.31937,75.44366,90,1,242,,1,35.08526,33.28753,30.37261
1785383864,32.31937,75.41161,90,1,242,,1,35.15319,33.2198,30.23714
1785383865,32.34874,75.28802,90,1,242,,1,35.18706,33.25366,30.23714
1785383866,32.30602,75.19188,90,1,241,,1,35.22093,33.32139,30.33874
1785383866,32.31937,75.37957,90,1,241,,1,35.0514,33.28753,30.30487
1785383867,32.39147,75.31701,90,1,241,,1,35.08526,33.28753,30.23714
1785383868,32.37812,75.28497,90,1,241,,1,35.08526,33.15206,30.33874
1785383868,32.33539,75.25292,90,1,241,,1,35.01733,33.15206,30.27101
1785383869,32.29267,75.37194,90,1,241,,1,35.15319,33.28753,30.23714
1785383870,32.26329,75.39788,90,1,241,,1,35.11913,33.15206,30.37261
1785383870,32.30602,75.32006,90,1,241,,1,35.15319,33.32139,30.37261
1785383871,32.30602,75.2346,90,1,241,,1,35.11913,33.35546,30.27101
1785383872,32.36209,75.43145,90,1,241,,1,35.15319,33.25366,30.37261
1785383872,32.39147,75.32922,90,1,242,,1,35.08526,33.18593,30.23714
1785383873,32.26329,75.33379,90,1,242,,1,35.11913,33.42319,30.13554
1785383874,32.33539,75.41619,90,1,242,,1,35.11913,33.32139,30.37261
1785383874,32.33539,75.24223,90,1,242,,1,35.22093,33.18593,30.33874
1785383875,32.29267,75.32922,90,1,241,,1,35.0514,33.35546,30.33874
1785383876,32.29267,75.34905,90,1,241,,1,35.11913,33.35546,30.33874
1785383876,32.29267,75.37194,90,1,241,,1,35.0514,33.38933,30.40647
1785383877,32.34874,75.26665,90,2,241,,1,35.11913,33.28753,30.30487
1785383878,32.33539,75.27428,90,2,241,,1,35.11913,33.32139,30.23714
1785383879,32.31937,75.21629,90,2,241,,1,35.08526,33.38933,30.27101
1785383879,32.24994,75.27428,90,2,241,,1,35.0514,33.18593,30.37261
1785383880,32.33539,75.26208,90,2,241,,1,35.08526,33.32139,30.27101
1785383881,32.31937,75.23766,90,2,241,,1,35.11913,33.2198,30.33874
1785383881,32.33539,75.27428,90,2,241,,1,35.08526,33.42319,30.33874
1785383882,32.39147,75.2987,90,2,241,,1,35.15319,33.28753,30.40647
1785383883,32.37812,75.29412,90,2,241,,1,35.22093,33.32139,30.33874
1785383883,32.33539,75.30633,90,2,242,,1,35.18706,33.2198,30.23714
1785383884,32.31937,75.41161,90,2,242,,1,35.08526,33.18593,30.33874
1785383885,32.39147,75.21019,90,2,242,,1,35.0514,33.35546,30.37261
1785383885,32.37812,75.33837,90,2,241,,1,35.28886,33.11799,30.27101
1785383886,32.33539,75.3811,90,2,241,,1,35.01733,33.18593,30.33874
1785383887,32.39147,75.31701,90,2,241,,1,35.15319,33.28753,30.37261
1785383887,32.30602,75.28802,90,2,241,,1,34.98346,33.32139,30.20328
1785383888,32.20722,75.27581,90,2,241,,1,35.08526,33.32139,30.23714
1785383889,32.47692,75.48028,90,2,241,,1,35.255,33.32139,30.44034
1785383889,32.31937,75.35668,90,2,241,,1,35.18706,33.2198,30.27101
1785383890,32.36209,75.35668,90,2,241,,1,35.11913,33.25366,30.37261
1785383891,32.31937,75.32464,90,2,241,,1,35.15319,33.2198,30.20328
1785383891,32.33539,75.3933,90,2,242,,1,35.18706,33.18593,30.23714
1785383892,32.26329,75.46197,90,2,242,,1,35.11913,33.28753,30.27101
1785383893,32.29267,75.42687,90,2,242,,1,35.11913,33.08413,30.50807
1785383893,32.31937,75.33532,90,2,242,,1,35.15319,33.25366,30.30487
1785383894,32.39147,75.51385,90,2,242,,1,35.15319,33.28753,30.30487
1785383895,32.30602,75.39788,90,2,242,,1,35.15319,33.18593,30.33874
1785383895,32.34874,75.44061,90,2,241,,1,35.01733,33.38933,30.30487
1785383896,32.31937,75.39941,90,2,241,,1,35.08526,33.18593,30.30487
1785383897,32.36209,75.35668,90,2,241,,1,35.0514,33.35546,30.33874
1785383898,32.36209,75.39941,90,2,241,,1,35.08526,33.25366,30.30487
1785383898,32.34874,75.41772,90,2,241,,1,35.08526,33.25366,30.40647
1785383899,32.4342,75.43908,90,2,241,,1,35.08526,33.32139,30.23714
1785383900,32.33539,75.48028,90,1,241,,1,35.11913,33.32139,30.33874
1785383900,32.26329,75.46197,90,2,241,,1,35.11913,33.25366,30.20328
1785383901,32.33539,75.48943,90,1,241,,1,35.0514,33.28753,30.30487
1785383902,32.34874,75.39483,90,1,241,,1,35.18706,33.55886,30.30487
1785383902,32.40482,75.50469,90,2,242,,1,35.08526,33.25366,30.33874
1785383903,32.40482,75.38873,90,1,242,,1,35.08526,33.35546,30.20328
1785383904,32.34874,75.30785,90,1,242,,1,35.18706,33.25366,30.23714
1785383904,32.40482,75.48486,90,1,242,,1,35.01733,33.25366,30.16941
1785383905,32.36209,75.36584,90,1,242,,1,35.18706,33.28753,30.37261
1785383906,32.30602,75.27886,90,1,241,,1,35.08526,33.28753,30.27101
1785383906,32.40482,75.2346,90,1,241,,1,35.11913,33.18593,30.30487
1785383907,32.34874,75.1461,90,1,242,,1,35.15319,33.42319,30.30487
1785383908,32.31937,75.22545,90,1,241,,1,35.08526,33.25366,30.33874
1785383908,32.36209,75.26971,90,1,241,,1,35.15319,33.2198,30.37261
1785383909,32.44755,75.27886,90,1,241,,1,35.0514,33.18593,30.30487
1785383910,32.31937,75.28954,90,1,241,,1,35.0514,33.18593,30.16941
1785383910,32.34874,75.21172,90,1,241,,1,35.08526,33.25366,30.27101
1785383911,32.36209,75.23766,90,1,241,,1,35.08526,33.15206,30.27101
1785383912,32.26329,75.32159,90,1,241,,1,35.01733,33.2198,30.23714
1785383912,32.31937,75.22545,90,1,242,,1,35.15319,33.18593,30.30487
1785383914,32.36209,75.24834,90,1,242,,1,35.01733,33.28753,30.27101
1785383914,32.30602,75.2346,90,1,242,,1,35.08526,33.18593,30.44034
1785383914,32.41817,75.20561,90,1,242,,1,35.0514,33.32139,30.33874
1785383915,32.31937,75.32464,90,1,242,,1,35.0514,33.28753,30.30487
1785383916,32.30602,75.28802,90,1,241,,1,35.08526,33.32139,30.30487
1785383917,32.34874,75.22392,90,1,241,,1,35.08526,33.28753,30.33874
1785383917,32.34874,75.30785,90,2,241,,1,35.11913,33.32139,30.23714
1785383918,32.36209,75.32159,90,2,241,,1,35.0514,33.18593,30.27101
1785383919,32.34874,75.26665,90,2,241,,1,35.08526,33.35546,30.30487
1785383919,32.30602,75.21172,90,2,241,,1,35.15319,33.11799,30.20328
1785383920,32.26329,75.36584,90,2,241,,1,35.08526,33.18593,30.40647
1785383921,32.27932,75.31548,90,2,241,,1,35.15319,33.42319,30.23714
1785383921,32.18052,75.15068,90,2,241,,1,35.08526,33.28753,30.30487
1785383922,32.26329,75.33379,90,1,241,,1,35.0514,33.28753,30.37261
1785383923,32.27932,75.29259,90,1,242,,1,35.01733,33.18593,30.30487
1785383923,32.30602,75.36584,90,1,242,,1,35.15319,33.25366,30.23714
1785383924,32.22324,75.36736,90,1,242,,1,35.11913,33.15206,30.27101
1785383925,32.36209,75.24834,90,1,242,,1,35.11913,33.25366,30.33874
1785383925,32.26329,75.2575,90,1,242,,1,35.01733,33.32139,30.33874
1785383926,32.33539,75.27428,90,1,242,,1,35.15319,33.28753,30.30487
1785383927,32.29267,75.29412,90,2,242,,1,35.01733,33.32139,30.20328
1785383927,32.24994,75.29717,90,2,241,,1,35.0514,33.49113,30.23714
1785383928,32.33539,75.34905,90,2,241,,1,35.15319,33.05026,30.40647
1785383929,32.29267,75.40398,90,2,241,,1,35.11913,33.18593,30.30487
1785383929,32.31937,75.34447,90,2,241,,1,35.11913,33.28753,30.33874
1785383930,32.33539,75.46807,90,1,241,,1,35.08526,33.18593,30.40647
1785383931,32.24994,75.43603,90,1,241,,1,35.0514,33.25366,30.40647
1785383931,32.34874,75.44061,90,1,241,,1,35.11913,33.25366,30.40647
1785383932,32.29267,75.42687,90,1,242,,1,35.11913,33.2198,30.40647
1785383933,32.27932,75.33532,90,1,242,,1,35.0514,33.32139,30.33874
1785383933,32.33539,75.43603,90,1,242,,1,35.18706,33.18593,30.47441
1785383934,32.30602,75.53674,90,1,242,,1,35.08526,33.32139,30.27101
1785383935,32.30602,75.47265,90,1,242,,1,35.11913,33.25366,30.33874
1785383936,32.26329,75.42077,90,2,241,,1,35.08526,33.42319,30.30487
1785383936,32.33539,75.50011,90,2,241,,1,35.11913,33.25366,30.20328
1785383937,32.29267,75.34905,90,2,241,,1,34.9496,33.18593,30.30487
1785383938,32.30602,75.38567,90,1,241,,1,35.08526,33.28753,30.40647
1785383938,32.29267,75.34905,90,1,241,,1,35.11913,33.35546,30.44034
1785383939,32.30602,75.44976,90,2,241,,1,35.0514,33.32139,30.23714
1785383940,32.30602,75.39788,90,1,241,,1,35.0514,33.11799,30.54194
1785383940,32.23659,75.42535,90,2,241,,1,35.18706,33.25366,30.23714
1785383941,32.26329,75.38873,90,2,241,,1,35.11913,33.28753,30.37261
1785383942,32.29267,75.3933,90,2,241,,1,34.9496,33.15206,30.30487
1785383942,32.24994,75.41772,90,1,242,,1,35.18706,33.38933,30.30487
1785383943,32.34874,75.44061,90,2,242,,1,35.11913,33.35546,30.33874
1785383944,32.27932,75.37041,90,2,242,,1,35.0514,33.2198,30.23714
1785383944,32.16449,75.39788,90,1,241,,1,35.18706,33.28753,30.30487
1785383945,32.26329,75.39788,90,1,242,,1,35.0514,33.32139,30.33874
1785383946,32.24994,75.42687,90,1,241,,1,35.11913,33.11799,30.30487
1785383946,32.31937,75.45281,90,2,241,,1,35.08526,33.11799,30.27101
1785383947,32.33539,75.46807,90,2,241,,1,35.22093,33.18593,30.30487
1785383948,32.24994,75.48028,90,2,241,,1,35.01733,33.32139,30.33874
1785383948,32.29267,75.43908,90,2,241,,1,35.08526,33.18593,30.13554
1785383949,32.23659,75.42535,90,2,241,,1,35.11913,33.28753,30.27101
1785383950,32.20722,75.4818,90,2,241,,1,35.01733,33.25366,30.40647
1785383950,32.33539,75.42535,90,2,241,,1,35.11913,33.25366,30.40647
1785383951,32.30602,75.52605,90,2,241,,1,35.11913,33.18593,30.40647
1785383952,32.26329,75.42077,90,2,241,,1,35.0514,33.25366,30.16941
1785383952,32.34874,75.38567,90,2,242,,1,34.98346,33.35546,30.33874
1785383953,32.31937,75.35668,90,1,242,,1,35.11913,33.25366,30.33874
1785383954,32.30602,75.37499,90,1,242,,1,35.01733,33.2198,30.40647
1785383954,32.30602,75.53674,90,1,241,,1,35.08526,33.2198,30.23714
1785383955,32.33539,75.41619,90,1,241,,1,35.0514,33.38933,30.33874
1785383956,32.27932,75.48638,90,1,241,,1,35.08526,33.38933,30.30487
1785383957,32.30602,75.53674,90,1,241,,1,35.01733,33.45726,30.30487
1785383957,32.29267,75.54589,90,1,241,,1,35.11913,33.35546,30.40647
1785383958,32.27932,75.47723,90,1,241,,1,35.18706,33.32139,30.37261
1785383959,32.15114,75.42535,90,2,241,,1,35.0514,33.42319,30.30487
1785383959,32.23659,75.3811,90,1,241,,1,35.18706,33.25366,30.23714
1785383960,32.29267,75.42687,90,2,241,,1,35.22093,33.35546,30.30487
1785383961,32.26329,75.46197,90,2,241,,1,35.0514,33.25366,30.23714
1785383961,32.24994,75.57793,90,2,241,,1,35.11913,33.25366,30.03395
1785383962,32.27932,75.41314,90,2,242,,1,35.01733,33.15206,30.20328
1785383963,32.20722,75.38567,90,2,241,,1,35.08526,33.28753,30.30487
1785383963,32.33539,75.45739,90,2,242,,1,35.15319,33.35546,30.50807
1785383964,32.31937,75.32464,90,2,242,,1,35.11913,33.32139,30.33874
1785383965,32.31937,75.32464,90,2,242,,1,35.01733,33.25366,30.33874
1785383965,32.31937,75.32464,90,2,241,,1,34.98346,33.28753,30.33874
1785383966,32.30602,75.34295,90,2,241,,1,35.01733,33.35546,30.27101
1785383967,32.29267,75.36126,90,2,241,,1,35.15319,33.25366,30.37261
1785383967,32.27932,75.29259,90,2,241,,1,35.01733,33.35546,30.33874
1785383968,32.29267,75.32922,90,2,241,,1,35.15319,33.2198,30.23714
1785383969,32.33539,75.34905,90,2,241,,1,35.0514,33.2198,30.30487
1785383969,32.33539,75.30633,90,2,241,,1,35.0514,33.35546,30.30487
1785383970,32.31937,75.36736,90,2,242,,1,35.08526,33.25366,30.40647
1785383971,32.31937,75.51842,90,2,241,,1,35.08526,33.25366,30.13554
1785383971,32.27932,75.32464,90,2,241,,1,35.18706,33.2198,30.23714
1785383972,32.29267,75.41619,90,2,243,,1,35.11913,33.11799,30.30487
1785383973,32.23659,75.34905,90,1,242,,1,35.08526,33.38933,30.23714
1785383973,32.31937,75.33532,90,1,242,,1,35.0514,33.15206,30.27101
1785383974,32.29267,75.34905,90,1,242,,1,35.0514,33.18593,30.16941
1785383975,32.33539,75.43603,90,2,242,,1,35.08526,33.2198,30.37261
1785383976,32.34874,75.37499,90,2,241,,1,35.0514,33.18593,30.37261
1785383976,32.31937,75.31243,90,2,241,,1,35.08526,33.15206,30.23714
1785383977,32.29267,75.46807,90,2,241,,1,35.0514,33.18593,30.27101
1785383978,32.31937,75.41161,90,1,241,,1,35.08526,33.32139,30.20328
1785383978,32.26329,75.42077,90,2,241,,1,35.08526,33.28753,30.30487
1785383979,32.29267,75.54589,90,2,241,,1,35.0514,33.15206,30.33874
1785383980,32.23659,75.34905,90,2,241,,1,35.08526,33.25366,30.27101
1785383980,32.26329,75.22545,90,1,241,,1,35.08526,33.05026,30.20328
1785383981,32.31937,75.34447,90,1,241,,1,35.11913,33.32139,30.30487
1785383982,32.31937,75.42229,90,2,241,,1,35.11913,33.25366,30.50807
1785383982,32.30602,75.49401,90,2,242,,1,35.01733,33.42319,30.37261
1785383983,32.34874,75.41772,90,2,242,,1,35.0514,33.18593,30.23714
1785383984,32.30602,75.31091,90,2,241,,1,35.01733,33.32139,30.33874
1785383984,32.29267,75.34905,90,2,242,,1,35.11913,33.18593,30.27101
1785383985,32.30602,75.28802,90,2,241,,1,35.11913,33.25366,30.50807
1785383986,32.33539,75.21935,90,2,241,,1,35.11913,33.28753,30.23714
1785383986,32.27932,75.34753,90,2,241,,1,35.0514,33.25366,30.27101
1785383987,32.34874,75.41772,90,2,241,,1,35.0514,33.2198,30.37261
1785383988,32.31937,75.36736,90,2,241,,1,35.11913,33.32139,30.33874
1785383988,32.26329,75.33379,90,2,241,,1,35.0514,33.38933,30.16941
1785383989,32.33539,75.31701,90,2,241,,1,35.08526,33.2198,30.16941
1785383990,32.24994,75.27428,90,2,241,,1,35.15319,33.32139,30.16941
1785383990,32.29267,75.49096,90,2,241,,1,35.0514,33.18593,30.23714
1785383991,32.30602,75.2987,90,1,241,,1,35.08526,33.2198,30.13554
1785383992,32.31937,75.36736,90,1,241,,1,35.08526,33.28753,30.10148
1785383993,32.37812,75.31548,90,2,242,,1,35.08526,33.35546,30.30487
1785383993,32.33539,75.27428,90,2,242,,1,35.15319,33.32139,30.33874
1785383994,32.37812,75.41314,90,1,241,,1,35.0514,33.18593,30.20328
1785383995,32.23659,75.37041,90,2,242,,1,35.08526,33.32139,30.16941
1785383995,32.26329,75.33379,90,2,242,,1,35.15319,33.18593,30.33874
1785383996,32.31937,75.44366,90,2,241,,1,35.08526,33.32139,30.23714
1785383997,32.29267,75.30633,90,2,242,,1,35.08526,33.25366,30.16941
1785383997,32.31937,75.41161,90,2,241,,1,35.22093,33.28753,30.37261
1785383998,32.31937,75.35668,90,2,241,,1,35.11913,33.11799,30.37261
1785383999,32.31937,75.31243,90,2,241,,1,35.08526,33.25366,30.30487
1785383999,32.26329,75.33379,90,1,241,,1,35.08526,33.25366,30.30487
1785384000,32.29267,75.31701,90,2,241,,1,35.15319,33.28753,30.27101
1785384001,32.41817,75.46655,90,1,241,,1,34.98346,33.18593,30.13554
1785384001,32.24994,75.42687,90,1,242,,1,35.11913,33.2198,30.37261
1785384002,32.34874,75.51385,90,1,242,,1,35.11913,33.38933,30.16941
1785384003,32.33539,75.58709,90,1,243,,1,35.08526,33.35546,30.27101
